gen_time_iso,gen_ms,index,mode,alpha,prior_days,k_used,window_used,target_time_iso,target_ms,horizon_min,q50
2025-11-14T09:53:00,1763094180000,NIFTY,hybrid,0.8928571428571429,22,20,180,2025-11-14T09:54:00,1763094240000,1,259.15
2025-11-14T09:53:00,1763094180000,NIFTY,hybrid,0.8928571428571429,22,20,180,2025-11-14T09:55:00,1763094300000,2,258.46171604825275
2025-11-14T09:53:00,1763094180000,NIFTY,hybrid,0.8928571428571429,22,20,180,2025-11-14T09:56:00,1763094360000,3,258.8804278835704
2025-11-14T09:53:00,1763094180000,NIFTY,hybrid,0.8928571428571429,22,20,180,2025-11-14T09:57:00,1763094420000,4,258.70015126034775
2025-11-14T09:53:00,1763094180000,NIFTY,hybrid,0.8928571428571429,22,20,180,2025-11-14T09:58:00,1763094480000,5,258.8617670724212
2025-11-14T09:53:00,1763094180000,NIFTY,hybrid,0.8928571428571429,22,20,180,2025-11-14T09:59:00,1763094540000,6,258.3730201085446
2025-11-14T09:53:00,1763094180000,NIFTY,hybrid,0.8928571428571429,22,20,180,2025-11-14T10:00:00,1763094600000,7,258.83814882174227
2025-11-14T09:53:00,1763094180000,NIFTY,hybrid,0.8928571428571429,22,20,180,2025-11-14T10:01:00,1763094660000,8,258.385094597918
2025-11-14T09:53:00,1763094180000,NIFTY,hybrid,0.8928571428571429,22,20,180,2025-11-14T10:02:00,1763094720000,9,258.7863715914483
2025-11-14T09:53:00,1763094180000,NIFTY,hybrid,0.8928571428571429,22,20,180,2025-11-14T10:03:00,1763094780000,10,258.23335131591637
2025-11-14T09:53:00,1763094180000,NIFTY,hybrid,0.8928571428571429,22,20,180,2025-11-14T10:04:00,1763094840000,11,258.75810259661534
2025-11-14T09:53:00,1763094180000,NIFTY,hybrid,0.8928571428571429,22,20,180,2025-11-14T10:05:00,1763094900000,12,258.35264917665404
2025-11-14T09:53:00,1763094180000,NIFTY,hybrid,0.8928571428571429,22,20,180,2025-11-14T10:06:00,1763094960000,13,258.8915862896404
2025-11-14T09:53:00,1763094180000,NIFTY,hybrid,0.8928571428571429,22,20,180,2025-11-14T10:07:00,1763095020000,14,258.4967976704703
2025-11-14T09:53:00,1763094180000,NIFTY,hybrid,0.8928571428571429,22,20,180,2025-11-14T10:08:00,1763095080000,15,258.83385982999835
2025-11-14T09:53:00,1763094180000,NIFTY,hybrid,0.8928571428571429,22,20,180,2025-11-14T10:09:00,1763095140000,16,258.29250363135714
2025-11-14T09:53:00,1763094180000,NIFTY,hybrid,0.8928571428571429,22,20,180,2025-11-14T10:10:00,1763095200000,17,258.7528936796152
2025-11-14T09:53:00,1763094180000,NIFTY,hybrid,0.8928571428571429,22,20,180,2025-11-14T10:11:00,1763095260000,18,258.76935079487276
2025-11-14T09:53:00,1763094180000,NIFTY,hybrid,0.8928571428571429,22,20,180,2025-11-14T10:12:00,1763095320000,19,258.92610354682506
2025-11-14T09:53:00,1763094180000,NIFTY,hybrid,0.8928571428571429,22,20,180,2025-11-14T10:13:00,1763095380000,20,258.5879537939346
2025-11-14T09:53:00,1763094180000,NIFTY,hybrid,0.8928571428571429,22,20,180,2025-11-14T10:14:00,1763095440000,21,258.794265705298
2025-11-14T09:53:00,1763094180000,NIFTY,hybrid,0.8928571428571429,22,20,180,2025-11-14T10:15:00,1763095500000,22,258.5819730812574
2025-11-14T09:53:00,1763094180000,NIFTY,hybrid,0.8928571428571429,22,20,180,2025-11-14T10:16:00,1763095560000,23,258.36672662205456
2025-11-14T09:53:00,1763094180000,NIFTY,hybrid,0.8928571428571429,22,20,180,2025-11-14T10:17:00,1763095620000,24,258.31588621919866
2025-11-14T09:53:00,1763094180000,NIFTY,hybrid,0.8928571428571429,22,20,180,2025-11-14T10:18:00,1763095680000,25,258.73355566397913
2025-11-14T09:53:00,1763094180000,NIFTY,hybrid,0.8928571428571429,22,20,180,2025-11-14T10:19:00,1763095740000,26,258.12228335685006
2025-11-14T09:53:00,1763094180000,NIFTY,hybrid,0.8928571428571429,22,20,180,2025-11-14T10:20:00,1763095800000,27,258.6384043394688
2025-11-14T09:53:00,1763094180000,NIFTY,hybrid,0.8928571428571429,22,20,180,2025-11-14T10:21:00,1763095860000,28,257.97410492729057
2025-11-14T09:53:00,1763094180000,NIFTY,hybrid,0.8928571428571429,22,20,180,2025-11-14T10:22:00,1763095920000,29,258.3055301766399
2025-11-14T09:53:00,1763094180000,NIFTY,hybrid,0.8928571428571429,22,20,180,2025-11-14T10:23:00,1763095980000,30,257.7785831149015
2025-11-14T09:53:00,1763094180000,NIFTY,hybrid,0.8928571428571429,22,20,180,2025-11-14T10:24:00,1763096040000,31,258.93385584686206
2025-11-14T09:53:00,1763094180000,NIFTY,hybrid,0.8928571428571429,22,20,180,2025-11-14T10:25:00,1763096100000,32,257.98803335413265
2025-11-14T09:53:00,1763094180000,NIFTY,hybrid,0.8928571428571429,22,20,180,2025-11-14T10:26:00,1763096160000,33,258.51861549342567
2025-11-14T09:53:00,1763094180000,NIFTY,hybrid,0.8928571428571429,22,20,180,2025-11-14T10:27:00,1763096220000,34,257.5015363454857
2025-11-14T09:53:00,1763094180000,NIFTY,hybrid,0.8928571428571429,22,20,180,2025-11-14T10:28:00,1763096280000,35,258.58853978490663
2025-11-14T09:53:00,1763094180000,NIFTY,hybrid,0.8928571428571429,22,20,180,2025-11-14T10:29:00,1763096340000,36,258.0544960067364
2025-11-14T09:53:00,1763094180000,NIFTY,hybrid,0.8928571428571429,22,20,180,2025-11-14T10:30:00,1763096400000,37,258.3299628270271
2025-11-14T09:53:00,1763094180000,NIFTY,hybrid,0.8928571428571429,22,20,180,2025-11-14T10:31:00,1763096460000,38,257.74222868023975
2025-11-14T09:53:00,1763094180000,NIFTY,hybrid,0.8928571428571429,22,20,180,2025-11-14T10:32:00,1763096520000,39,258.2026577323612
2025-11-14T09:53:00,1763094180000,NIFTY,hybrid,0.8928571428571429,22,20,180,2025-11-14T10:33:00,1763096580000,40,257.60007244097636
2025-11-14T09:53:00,1763094180000,NIFTY,hybrid,0.8928571428571429,22,20,180,2025-11-14T10:34:00,1763096640000,41,257.9376116389627
2025-11-14T09:53:00,1763094180000,NIFTY,hybrid,0.8928571428571429,22,20,180,2025-11-14T10:35:00,1763096700000,42,257.6271512954605
2025-11-14T09:53:00,1763094180000,NIFTY,hybrid,0.8928571428571429,22,20,180,2025-11-14T10:36:00,1763096760000,43,258.2265154688076
2025-11-14T09:53:00,1763094180000,NIFTY,hybrid,0.8928571428571429,22,20,180,2025-11-14T10:37:00,1763096820000,44,257.3244755893788
2025-11-14T09:53:00,1763094180000,NIFTY,hybrid,0.8928571428571429,22,20,180,2025-11-14T10:38:00,1763096880000,45,257.4620051338004
2025-11-14T09:53:00,1763094180000,NIFTY,hybrid,0.8928571428571429,22,20,180,2025-11-14T10:39:00,1763096940000,46,257.0061078815153
2025-11-14T09:53:00,1763094180000,NIFTY,hybrid,0.8928571428571429,22,20,180,2025-11-14T10:40:00,1763097000000,47,257.95221256934235
2025-11-14T09:53:00,1763094180000,NIFTY,hybrid,0.8928571428571429,22,20,180,2025-11-14T10:41:00,1763097060000,48,257.0995702870322
2025-11-14T09:53:00,1763094180000,NIFTY,hybrid,0.8928571428571429,22,20,180,2025-11-14T10:42:00,1763097120000,49,258.227351001919
2025-11-14T09:53:00,1763094180000,NIFTY,hybrid,0.8928571428571429,22,20,180,2025-11-14T10:43:00,1763097180000,50,257.513496063994
2025-11-14T09:53:00,1763094180000,NIFTY,hybrid,0.8928571428571429,22,20,180,2025-11-14T10:44:00,1763097240000,51,258.3878094235981
2025-11-14T09:53:00,1763094180000,NIFTY,hybrid,0.8928571428571429,22,20,180,2025-11-14T10:45:00,1763097300000,52,256.916980270351
2025-11-14T09:53:00,1763094180000,NIFTY,hybrid,0.8928571428571429,22,20,180,2025-11-14T10:46:00,1763097360000,53,257.99333975145987
2025-11-14T09:53:00,1763094180000,NIFTY,hybrid,0.8928571428571429,22,20,180,2025-11-14T10:47:00,1763097420000,54,256.90720726074113
2025-11-14T09:53:00,1763094180000,NIFTY,hybrid,0.8928571428571429,22,20,180,2025-11-14T10:48:00,1763097480000,55,258.1300816335256
2025-11-14T09:53:00,1763094180000,NIFTY,hybrid,0.8928571428571429,22,20,180,2025-11-14T10:49:00,1763097540000,56,256.96372206756735
2025-11-14T09:53:00,1763094180000,NIFTY,hybrid,0.8928571428571429,22,20,180,2025-11-14T10:50:00,1763097600000,57,258.3793558236932
2025-11-14T09:53:00,1763094180000,NIFTY,hybrid,0.8928571428571429,22,20,180,2025-11-14T10:51:00,1763097660000,58,257.8854138146544
2025-11-14T09:53:00,1763094180000,NIFTY,hybrid,0.8928571428571429,22,20,180,2025-11-14T10:52:00,1763097720000,59,258.4579307703858
2025-11-14T09:53:00,1763094180000,NIFTY,hybrid,0.8928571428571429,22,20,180,2025-11-14T10:53:00,1763097780000,60,257.184067892986
2025-11-14T09:53:00,1763094180000,NIFTY,hybrid,0.8928571428571429,,20,180,2025-11-14T09:54:00,1763094240000,1,259.15
2025-11-14T09:53:00,1763094180000,NIFTY,hybrid,0.8928571428571429,,20,180,2025-11-14T09:55:00,1763094300000,2,258.46171604825275
2025-11-14T09:53:00,1763094180000,NIFTY,hybrid,0.8928571428571429,,20,180,2025-11-14T09:56:00,1763094360000,3,258.8804278835704
2025-11-14T09:53:00,1763094180000,NIFTY,hybrid,0.8928571428571429,,20,180,2025-11-14T09:57:00,1763094420000,4,258.70015126034775
2025-11-14T09:53:00,1763094180000,NIFTY,hybrid,0.8928571428571429,,20,180,2025-11-14T09:58:00,1763094480000,5,258.8617670724212
2025-11-14T09:53:00,1763094180000,NIFTY,hybrid,0.8928571428571429,,20,180,2025-11-14T09:59:00,1763094540000,6,258.3730201085446
2025-11-14T09:53:00,1763094180000,NIFTY,hybrid,0.8928571428571429,,20,180,2025-11-14T10:00:00,1763094600000,7,258.83814882174227
2025-11-14T09:53:00,1763094180000,NIFTY,hybrid,0.8928571428571429,,20,180,2025-11-14T10:01:00,1763094660000,8,258.385094597918
2025-11-14T09:53:00,1763094180000,NIFTY,hybrid,0.8928571428571429,,20,180,2025-11-14T10:02:00,1763094720000,9,258.7863715914483
2025-11-14T09:53:00,1763094180000,NIFTY,hybrid,0.8928571428571429,,20,180,2025-11-14T10:03:00,1763094780000,10,258.23335131591637
2025-11-14T09:53:00,1763094180000,NIFTY,hybrid,0.8928571428571429,,20,180,2025-11-14T10:04:00,1763094840000,11,258.75810259661534
2025-11-14T09:53:00,1763094180000,NIFTY,hybrid,0.8928571428571429,,20,180,2025-11-14T10:05:00,1763094900000,12,258.35264917665404
2025-11-14T09:53:00,1763094180000,NIFTY,hybrid,0.8928571428571429,,20,180,2025-11-14T10:06:00,1763094960000,13,258.8915862896404
2025-11-14T09:53:00,1763094180000,NIFTY,hybrid,0.8928571428571429,,20,180,2025-11-14T10:07:00,1763095020000,14,258.4967976704703
2025-11-14T09:53:00,1763094180000,NIFTY,hybrid,0.8928571428571429,,20,180,2025-11-14T10:08:00,1763095080000,15,258.83385982999835
2025-11-14T09:53:00,1763094180000,NIFTY,hybrid,0.8928571428571429,,20,180,2025-11-14T10:09:00,1763095140000,16,258.29250363135714
2025-11-14T09:53:00,1763094180000,NIFTY,hybrid,0.8928571428571429,,20,180,2025-11-14T10:10:00,1763095200000,17,258.7528936796152
2025-11-14T09:53:00,1763094180000,NIFTY,hybrid,0.8928571428571429,,20,180,2025-11-14T10:11:00,1763095260000,18,258.76935079487276
2025-11-14T09:53:00,1763094180000,NIFTY,hybrid,0.8928571428571429,,20,180,2025-11-14T10:12:00,1763095320000,19,258.92610354682506
2025-11-14T09:53:00,1763094180000,NIFTY,hybrid,0.8928571428571429,,20,180,2025-11-14T10:13:00,1763095380000,20,258.5879537939346
2025-11-14T09:53:00,1763094180000,NIFTY,hybrid,0.8928571428571429,,20,180,2025-11-14T10:14:00,1763095440000,21,258.794265705298
2025-11-14T09:53:00,1763094180000,NIFTY,hybrid,0.8928571428571429,,20,180,2025-11-14T10:15:00,1763095500000,22,258.5819730812574
2025-11-14T09:53:00,1763094180000,NIFTY,hybrid,0.8928571428571429,,20,180,2025-11-14T10:16:00,1763095560000,23,258.36672662205456
2025-11-14T09:53:00,1763094180000,NIFTY,hybrid,0.8928571428571429,,20,180,2025-11-14T10:17:00,1763095620000,24,258.31588621919866
2025-11-14T09:53:00,1763094180000,NIFTY,hybrid,0.8928571428571429,,20,180,2025-11-14T10:18:00,1763095680000,25,258.73355566397913
2025-11-14T09:53:00,1763094180000,NIFTY,hybrid,0.8928571428571429,,20,180,2025-11-14T10:19:00,1763095740000,26,258.12228335685006
2025-11-14T09:53:00,1763094180000,NIFTY,hybrid,0.8928571428571429,,20,180,2025-11-14T10:20:00,1763095800000,27,258.6384043394688
2025-11-14T09:53:00,1763094180000,NIFTY,hybrid,0.8928571428571429,,20,180,2025-11-14T10:21:00,1763095860000,28,257.97410492729057
2025-11-14T09:53:00,1763094180000,NIFTY,hybrid,0.8928571428571429,,20,180,2025-11-14T10:22:00,1763095920000,29,258.3055301766399
2025-11-14T09:53:00,1763094180000,NIFTY,hybrid,0.8928571428571429,,20,180,2025-11-14T10:23:00,1763095980000,30,257.7785831149015
2025-11-14T09:53:00,1763094180000,NIFTY,hybrid,0.8928571428571429,,20,180,2025-11-14T10:24:00,1763096040000,31,258.93385584686206
2025-11-14T09:53:00,1763094180000,NIFTY,hybrid,0.8928571428571429,,20,180,2025-11-14T10:25:00,1763096100000,32,257.98803335413265
2025-11-14T09:53:00,1763094180000,NIFTY,hybrid,0.8928571428571429,,20,180,2025-11-14T10:26:00,1763096160000,33,258.51861549342567
2025-11-14T09:53:00,1763094180000,NIFTY,hybrid,0.8928571428571429,,20,180,2025-11-14T10:27:00,1763096220000,34,257.5015363454857
2025-11-14T09:53:00,1763094180000,NIFTY,hybrid,0.8928571428571429,,20,180,2025-11-14T10:28:00,1763096280000,35,258.58853978490663
2025-11-14T09:53:00,1763094180000,NIFTY,hybrid,0.8928571428571429,,20,180,2025-11-14T10:29:00,1763096340000,36,258.0544960067364
2025-11-14T09:53:00,1763094180000,NIFTY,hybrid,0.8928571428571429,,20,180,2025-11-14T10:30:00,1763096400000,37,258.3299628270271
2025-11-14T09:53:00,1763094180000,NIFTY,hybrid,0.8928571428571429,,20,180,2025-11-14T10:31:00,1763096460000,38,257.74222868023975
2025-11-14T09:53:00,1763094180000,NIFTY,hybrid,0.8928571428571429,,20,180,2025-11-14T10:32:00,1763096520000,39,258.2026577323612
2025-11-14T09:53:00,1763094180000,NIFTY,hybrid,0.8928571428571429,,20,180,2025-11-14T10:33:00,1763096580000,40,257.60007244097636
2025-11-14T09:53:00,1763094180000,NIFTY,hybrid,0.8928571428571429,,20,180,2025-11-14T10:34:00,1763096640000,41,257.9376116389627
2025-11-14T09:53:00,1763094180000,NIFTY,hybrid,0.8928571428571429,,20,180,2025-11-14T10:35:00,1763096700000,42,257.6271512954605
2025-11-14T09:53:00,1763094180000,NIFTY,hybrid,0.8928571428571429,,20,180,2025-11-14T10:36:00,1763096760000,43,258.2265154688076
2025-11-14T09:53:00,1763094180000,NIFTY,hybrid,0.8928571428571429,,20,180,2025-11-14T10:37:00,1763096820000,44,257.3244755893788
2025-11-14T09:53:00,1763094180000,NIFTY,hybrid,0.8928571428571429,,20,180,2025-11-14T10:38:00,1763096880000,45,257.4620051338004
2025-11-14T09:53:00,1763094180000,NIFTY,hybrid,0.8928571428571429,,20,180,2025-11-14T10:39:00,1763096940000,46,257.0061078815153
2025-11-14T09:53:00,1763094180000,NIFTY,hybrid,0.8928571428571429,,20,180,2025-11-14T10:40:00,1763097000000,47,257.95221256934235
2025-11-14T09:53:00,1763094180000,NIFTY,hybrid,0.8928571428571429,,20,180,2025-11-14T10:41:00,1763097060000,48,257.0995702870322
2025-11-14T09:53:00,1763094180000,NIFTY,hybrid,0.8928571428571429,,20,180,2025-11-14T10:42:00,1763097120000,49,258.227351001919
2025-11-14T09:53:00,1763094180000,NIFTY,hybrid,0.8928571428571429,,20,180,2025-11-14T10:43:00,1763097180000,50,257.513496063994
2025-11-14T09:53:00,1763094180000,NIFTY,hybrid,0.8928571428571429,,20,180,2025-11-14T10:44:00,1763097240000,51,258.3878094235981
2025-11-14T09:53:00,1763094180000,NIFTY,hybrid,0.8928571428571429,,20,180,2025-11-14T10:45:00,1763097300000,52,256.916980270351
2025-11-14T09:53:00,1763094180000,NIFTY,hybrid,0.8928571428571429,,20,180,2025-11-14T10:46:00,1763097360000,53,257.99333975145987
2025-11-14T09:53:00,1763094180000,NIFTY,hybrid,0.8928571428571429,,20,180,2025-11-14T10:47:00,1763097420000,54,256.90720726074113
2025-11-14T09:53:00,1763094180000,NIFTY,hybrid,0.8928571428571429,,20,180,2025-11-14T10:48:00,1763097480000,55,258.1300816335256
2025-11-14T09:53:00,1763094180000,NIFTY,hybrid,0.8928571428571429,,20,180,2025-11-14T10:49:00,1763097540000,56,256.96372206756735
2025-11-14T09:53:00,1763094180000,NIFTY,hybrid,0.8928571428571429,,20,180,2025-11-14T10:50:00,1763097600000,57,258.3793558236932
2025-11-14T09:53:00,1763094180000,NIFTY,hybrid,0.8928571428571429,,20,180,2025-11-14T10:51:00,1763097660000,58,257.8854138146544
2025-11-14T09:53:00,1763094180000,NIFTY,hybrid,0.8928571428571429,,20,180,2025-11-14T10:52:00,1763097720000,59,258.4579307703858
2025-11-14T09:53:00,1763094180000,NIFTY,hybrid,0.8928571428571429,,20,180,2025-11-14T10:53:00,1763097780000,60,257.184067892986
2025-11-14T09:53:00,1763094180000,NIFTY,hybrid,0.8928571428571429,,20,180,2025-11-14T09:54:00,1763094240000,1,259.15
2025-11-14T09:53:00,1763094180000,NIFTY,hybrid,0.8928571428571429,,20,180,2025-11-14T09:55:00,1763094300000,2,258.46171604825275
2025-11-14T09:53:00,1763094180000,NIFTY,hybrid,0.8928571428571429,,20,180,2025-11-14T09:56:00,1763094360000,3,258.8804278835704
2025-11-14T09:53:00,1763094180000,NIFTY,hybrid,0.8928571428571429,,20,180,2025-11-14T09:57:00,1763094420000,4,258.70015126034775
2025-11-14T09:53:00,1763094180000,NIFTY,hybrid,0.8928571428571429,,20,180,2025-11-14T09:58:00,1763094480000,5,258.8617670724212
2025-11-14T09:53:00,1763094180000,NIFTY,hybrid,0.8928571428571429,,20,180,2025-11-14T09:59:00,1763094540000,6,258.3730201085446
2025-11-14T09:53:00,1763094180000,NIFTY,hybrid,0.8928571428571429,,20,180,2025-11-14T10:00:00,1763094600000,7,258.83814882174227
2025-11-14T09:53:00,1763094180000,NIFTY,hybrid,0.8928571428571429,,20,180,2025-11-14T10:01:00,1763094660000,8,258.385094597918
2025-11-14T09:53:00,1763094180000,NIFTY,hybrid,0.8928571428571429,,20,180,2025-11-14T10:02:00,1763094720000,9,258.7863715914483
2025-11-14T09:53:00,1763094180000,NIFTY,hybrid,0.8928571428571429,,20,180,2025-11-14T10:03:00,1763094780000,10,258.23335131591637
2025-11-14T09:53:00,1763094180000,NIFTY,hybrid,0.8928571428571429,,20,180,2025-11-14T10:04:00,1763094840000,11,258.75810259661534
2025-11-14T09:53:00,1763094180000,NIFTY,hybrid,0.8928571428571429,,20,180,2025-11-14T10:05:00,1763094900000,12,258.35264917665404
2025-11-14T09:53:00,1763094180000,NIFTY,hybrid,0.8928571428571429,,20,180,2025-11-14T10:06:00,1763094960000,13,258.8915862896404
2025-11-14T09:53:00,1763094180000,NIFTY,hybrid,0.8928571428571429,,20,180,2025-11-14T10:07:00,1763095020000,14,258.4967976704703
2025-11-14T09:53:00,1763094180000,NIFTY,hybrid,0.8928571428571429,,20,180,2025-11-14T10:08:00,1763095080000,15,258.83385982999835
2025-11-14T09:53:00,1763094180000,NIFTY,hybrid,0.8928571428571429,,20,180,2025-11-14T10:09:00,1763095140000,16,258.29250363135714
2025-11-14T09:53:00,1763094180000,NIFTY,hybrid,0.8928571428571429,,20,180,2025-11-14T10:10:00,1763095200000,17,258.7528936796152
2025-11-14T09:53:00,1763094180000,NIFTY,hybrid,0.8928571428571429,,20,180,2025-11-14T10:11:00,1763095260000,18,258.76935079487276
2025-11-14T09:53:00,1763094180000,NIFTY,hybrid,0.8928571428571429,,20,180,2025-11-14T10:12:00,1763095320000,19,258.92610354682506
2025-11-14T09:53:00,1763094180000,NIFTY,hybrid,0.8928571428571429,,20,180,2025-11-14T10:13:00,1763095380000,20,258.5879537939346
2025-11-14T09:53:00,1763094180000,NIFTY,hybrid,0.8928571428571429,,20,180,2025-11-14T10:14:00,1763095440000,21,258.794265705298
2025-11-14T09:53:00,1763094180000,NIFTY,hybrid,0.8928571428571429,,20,180,2025-11-14T10:15:00,1763095500000,22,258.5819730812574
2025-11-14T09:53:00,1763094180000,NIFTY,hybrid,0.8928571428571429,,20,180,2025-11-14T10:16:00,1763095560000,23,258.36672662205456
2025-11-14T09:53:00,1763094180000,NIFTY,hybrid,0.8928571428571429,,20,180,2025-11-14T10:17:00,1763095620000,24,258.31588621919866
2025-11-14T09:53:00,1763094180000,NIFTY,hybrid,0.8928571428571429,,20,180,2025-11-14T10:18:00,1763095680000,25,258.73355566397913
2025-11-14T09:53:00,1763094180000,NIFTY,hybrid,0.8928571428571429,,20,180,2025-11-14T10:19:00,1763095740000,26,258.12228335685006
2025-11-14T09:53:00,1763094180000,NIFTY,hybrid,0.8928571428571429,,20,180,2025-11-14T10:20:00,1763095800000,27,258.6384043394688
2025-11-14T09:53:00,1763094180000,NIFTY,hybrid,0.8928571428571429,,20,180,2025-11-14T10:21:00,1763095860000,28,257.97410492729057
2025-11-14T09:53:00,1763094180000,NIFTY,hybrid,0.8928571428571429,,20,180,2025-11-14T10:22:00,1763095920000,29,258.3055301766399
2025-11-14T09:53:00,1763094180000,NIFTY,hybrid,0.8928571428571429,,20,180,2025-11-14T10:23:00,1763095980000,30,257.7785831149015
2025-11-14T09:53:00,1763094180000,NIFTY,hybrid,0.8928571428571429,,20,180,2025-11-14T10:24:00,1763096040000,31,258.93385584686206
2025-11-14T09:53:00,1763094180000,NIFTY,hybrid,0.8928571428571429,,20,180,2025-11-14T10:25:00,1763096100000,32,257.98803335413265
2025-11-14T09:53:00,1763094180000,NIFTY,hybrid,0.8928571428571429,,20,180,2025-11-14T10:26:00,1763096160000,33,258.51861549342567
2025-11-14T09:53:00,1763094180000,NIFTY,hybrid,0.8928571428571429,,20,180,2025-11-14T10:27:00,1763096220000,34,257.5015363454857
2025-11-14T09:53:00,1763094180000,NIFTY,hybrid,0.8928571428571429,,20,180,2025-11-14T10:28:00,1763096280000,35,258.58853978490663
2025-11-14T09:53:00,1763094180000,NIFTY,hybrid,0.8928571428571429,,20,180,2025-11-14T10:29:00,1763096340000,36,258.0544960067364
2025-11-14T09:53:00,1763094180000,NIFTY,hybrid,0.8928571428571429,,20,180,2025-11-14T10:30:00,1763096400000,37,258.3299628270271
2025-11-14T09:53:00,1763094180000,NIFTY,hybrid,0.8928571428571429,,20,180,2025-11-14T10:31:00,1763096460000,38,257.74222868023975
2025-11-14T09:53:00,1763094180000,NIFTY,hybrid,0.8928571428571429,,20,180,2025-11-14T10:32:00,1763096520000,39,258.2026577323612
2025-11-14T09:53:00,1763094180000,NIFTY,hybrid,0.8928571428571429,,20,180,2025-11-14T10:33:00,1763096580000,40,257.60007244097636
2025-11-14T09:53:00,1763094180000,NIFTY,hybrid,0.8928571428571429,,20,180,2025-11-14T10:34:00,1763096640000,41,257.9376116389627
2025-11-14T09:53:00,1763094180000,NIFTY,hybrid,0.8928571428571429,,20,180,2025-11-14T10:35:00,1763096700000,42,257.6271512954605
2025-11-14T09:53:00,1763094180000,NIFTY,hybrid,0.8928571428571429,,20,180,2025-11-14T10:36:00,1763096760000,43,258.2265154688076
2025-11-14T09:53:00,1763094180000,NIFTY,hybrid,0.8928571428571429,,20,180,2025-11-14T10:37:00,1763096820000,44,257.3244755893788
2025-11-14T09:53:00,1763094180000,NIFTY,hybrid,0.8928571428571429,,20,180,2025-11-14T10:38:00,1763096880000,45,257.4620051338004
2025-11-14T09:53:00,1763094180000,NIFTY,hybrid,0.8928571428571429,,20,180,2025-11-14T10:39:00,1763096940000,46,257.0061078815153
2025-11-14T09:53:00,1763094180000,NIFTY,hybrid,0.8928571428571429,,20,180,2025-11-14T10:40:00,1763097000000,47,257.95221256934235
2025-11-14T09:53:00,1763094180000,NIFTY,hybrid,0.8928571428571429,,20,180,2025-11-14T10:41:00,1763097060000,48,257.0995702870322
2025-11-14T09:53:00,1763094180000,NIFTY,hybrid,0.8928571428571429,,20,180,2025-11-14T10:42:00,1763097120000,49,258.227351001919
2025-11-14T09:53:00,1763094180000,NIFTY,hybrid,0.8928571428571429,,20,180,2025-11-14T10:43:00,1763097180000,50,257.513496063994
2025-11-14T09:53:00,1763094180000,NIFTY,hybrid,0.8928571428571429,,20,180,2025-11-14T10:44:00,1763097240000,51,258.3878094235981
2025-11-14T09:53:00,1763094180000,NIFTY,hybrid,0.8928571428571429,,20,180,2025-11-14T10:45:00,1763097300000,52,256.916980270351
2025-11-14T09:53:00,1763094180000,NIFTY,hybrid,0.8928571428571429,,20,180,2025-11-14T10:46:00,1763097360000,53,257.99333975145987
2025-11-14T09:53:00,1763094180000,NIFTY,hybrid,0.8928571428571429,,20,180,2025-11-14T10:47:00,1763097420000,54,256.90720726074113
2025-11-14T09:53:00,1763094180000,NIFTY,hybrid,0.8928571428571429,,20,180,2025-11-14T10:48:00,1763097480000,55,258.1300816335256
2025-11-14T09:53:00,1763094180000,NIFTY,hybrid,0.8928571428571429,,20,180,2025-11-14T10:49:00,1763097540000,56,256.96372206756735
2025-11-14T09:53:00,1763094180000,NIFTY,hybrid,0.8928571428571429,,20,180,2025-11-14T10:50:00,1763097600000,57,258.3793558236932
2025-11-14T09:53:00,1763094180000,NIFTY,hybrid,0.8928571428571429,,20,180,2025-11-14T10:51:00,1763097660000,58,257.8854138146544
2025-11-14T09:53:00,1763094180000,NIFTY,hybrid,0.8928571428571429,,20,180,2025-11-14T10:52:00,1763097720000,59,258.4579307703858
2025-11-14T09:53:00,1763094180000,NIFTY,hybrid,0.8928571428571429,,20,180,2025-11-14T10:53:00,1763097780000,60,257.184067892986
2025-11-14T09:53:30,1763094210000,NIFTY,hybrid,0.8928571428571429,22,20,180,2025-11-14T09:54:30,1763094270000,1,257.35
2025-11-14T09:53:30,1763094210000,NIFTY,hybrid,0.8928571428571429,22,20,180,2025-11-14T09:55:30,1763094330000,2,257.3004561168119
2025-11-14T09:53:30,1763094210000,NIFTY,hybrid,0.8928571428571429,22,20,180,2025-11-14T09:56:30,1763094390000,3,257.5179221245067
2025-11-14T09:53:30,1763094210000,NIFTY,hybrid,0.8928571428571429,22,20,180,2025-11-14T09:57:30,1763094450000,4,257.15767363794413
2025-11-14T09:53:30,1763094210000,NIFTY,hybrid,0.8928571428571429,22,20,180,2025-11-14T09:58:30,1763094510000,5,257.49866395779355
2025-11-14T09:53:30,1763094210000,NIFTY,hybrid,0.8928571428571429,22,20,180,2025-11-14T09:59:30,1763094570000,6,256.8469624123461
2025-11-14T09:53:30,1763094210000,NIFTY,hybrid,0.8928571428571429,22,20,180,2025-11-14T10:00:30,1763094630000,7,257.31941956154134
2025-11-14T09:53:30,1763094210000,NIFTY,hybrid,0.8928571428571429,22,20,180,2025-11-14T10:01:30,1763094690000,8,256.7836058435945
2025-11-14T09:53:30,1763094210000,NIFTY,hybrid,0.8928571428571429,22,20,180,2025-11-14T10:02:30,1763094750000,9,257.45274863606187
2025-11-14T09:53:30,1763094210000,NIFTY,hybrid,0.8928571428571429,22,20,180,2025-11-14T10:03:30,1763094810000,10,256.7767531438111
2025-11-14T09:53:30,1763094210000,NIFTY,hybrid,0.8928571428571429,22,20,180,2025-11-14T10:04:30,1763094870000,11,257.49200292447654
2025-11-14T09:53:30,1763094210000,NIFTY,hybrid,0.8928571428571429,22,20,180,2025-11-14T10:05:30,1763094930000,12,257.20588646084707
2025-11-14T09:53:30,1763094210000,NIFTY,hybrid,0.8928571428571429,22,20,180,2025-11-14T10:06:30,1763094990000,13,257.62344016149257
2025-11-14T09:53:30,1763094210000,NIFTY,hybrid,0.8928571428571429,22,20,180,2025-11-14T10:07:30,1763095050000,14,257.05669622618325
2025-11-14T09:53:30,1763094210000,NIFTY,hybrid,0.8928571428571429,22,20,180,2025-11-14T10:08:30,1763095110000,15,257.4630475925755
2025-11-14T09:53:30,1763094210000,NIFTY,hybrid,0.8928571428571429,22,20,180,2025-11-14T10:09:30,1763095170000,16,257.0221612583582
2025-11-14T09:53:30,1763094210000,NIFTY,hybrid,0.8928571428571429,22,20,180,2025-11-14T10:10:30,1763095230000,17,257.2787547039385
2025-11-14T09:53:30,1763094210000,NIFTY,hybrid,0.8928571428571429,22,20,180,2025-11-14T10:11:30,1763095290000,18,257.3460245504249
2025-11-14T09:53:30,1763094210000,NIFTY,hybrid,0.8928571428571429,22,20,180,2025-11-14T10:12:30,1763095350000,19,257.6820432767203
2025-11-14T09:53:30,1763094210000,NIFTY,hybrid,0.8928571428571429,22,20,180,2025-11-14T10:13:30,1763095410000,20,257.29601488327023
2025-11-14T09:53:30,1763094210000,NIFTY,hybrid,0.8928571428571429,22,20,180,2025-11-14T10:14:30,1763095470000,21,257.4630821090028
2025-11-14T09:53:30,1763094210000,NIFTY,hybrid,0.8928571428571429,22,20,180,2025-11-14T10:15:30,1763095530000,22,256.82795292007876
2025-11-14T09:53:30,1763094210000,NIFTY,hybrid,0.8928571428571429,22,20,180,2025-11-14T10:16:30,1763095590000,23,257.08985479597584
2025-11-14T09:53:30,1763094210000,NIFTY,hybrid,0.8928571428571429,22,20,180,2025-11-14T10:17:30,1763095650000,24,256.9480487246681
2025-11-14T09:53:30,1763094210000,NIFTY,hybrid,0.8928571428571429,22,20,180,2025-11-14T10:18:30,1763095710000,25,257.35728109838
2025-11-14T09:53:30,1763094210000,NIFTY,hybrid,0.8928571428571429,22,20,180,2025-11-14T10:19:30,1763095770000,26,256.7420204642099
2025-11-14T09:53:30,1763094210000,NIFTY,hybrid,0.8928571428571429,22,20,180,2025-11-14T10:20:30,1763095830000,27,257.185450211157
2025-11-14T09:53:30,1763094210000,NIFTY,hybrid,0.8928571428571429,22,20,180,2025-11-14T10:21:30,1763095890000,28,256.60357633713113
2025-11-14T09:53:30,1763094210000,NIFTY,hybrid,0.8928571428571429,22,20,180,2025-11-14T10:22:30,1763095950000,29,257.3510714158269
2025-11-14T09:53:30,1763094210000,NIFTY,hybrid,0.8928571428571429,22,20,180,2025-11-14T10:23:30,1763096010000,30,256.48053362651046
2025-11-14T09:53:30,1763094210000,NIFTY,hybrid,0.8928571428571429,22,20,180,2025-11-14T10:24:30,1763096070000,31,256.91276823130545
2025-11-14T09:53:30,1763094210000,NIFTY,hybrid,0.8928571428571429,22,20,180,2025-11-14T10:25:30,1763096130000,32,255.93182749618285
2025-11-14T09:53:30,1763094210000,NIFTY,hybrid,0.8928571428571429,22,20,180,2025-11-14T10:26:30,1763096190000,33,257.3564273934229
2025-11-14T09:53:30,1763094210000,NIFTY,hybrid,0.8928571428571429,22,20,180,2025-11-14T10:27:30,1763096250000,34,256.6361650056841
2025-11-14T09:53:30,1763094210000,NIFTY,hybrid,0.8928571428571429,22,20,180,2025-11-14T10:28:30,1763096310000,35,256.9938062202124
2025-11-14T09:53:30,1763094210000,NIFTY,hybrid,0.8928571428571429,22,20,180,2025-11-14T10:29:30,1763096370000,36,256.6575831924972
2025-11-14T09:53:30,1763094210000,NIFTY,hybrid,0.8928571428571429,22,20,180,2025-11-14T10:30:30,1763096430000,37,256.9437624684598
2025-11-14T09:53:30,1763094210000,NIFTY,hybrid,0.8928571428571429,22,20,180,2025-11-14T10:31:30,1763096490000,38,256.4727644274101
2025-11-14T09:53:30,1763094210000,NIFTY,hybrid,0.8928571428571429,22,20,180,2025-11-14T10:32:30,1763096550000,39,256.71140707219934
2025-11-14T09:53:30,1763094210000,NIFTY,hybrid,0.8928571428571429,22,20,180,2025-11-14T10:33:30,1763096610000,40,256.19990584799814
2025-11-14T09:53:30,1763094210000,NIFTY,hybrid,0.8928571428571429,22,20,180,2025-11-14T10:34:30,1763096670000,41,257.19351042726606
2025-11-14T09:53:30,1763094210000,NIFTY,hybrid,0.8928571428571429,22,20,180,2025-11-14T10:35:30,1763096730000,42,256.4195188302506
2025-11-14T09:53:30,1763094210000,NIFTY,hybrid,0.8928571428571429,22,20,180,2025-11-14T10:36:30,1763096790000,43,256.5099141288345
2025-11-14T09:53:30,1763094210000,NIFTY,hybrid,0.8928571428571429,22,20,180,2025-11-14T10:37:30,1763096850000,44,255.86490807015815
2025-11-14T09:53:30,1763094210000,NIFTY,hybrid,0.8928571428571429,22,20,180,2025-11-14T10:38:30,1763096910000,45,256.2149359173483
2025-11-14T09:53:30,1763094210000,NIFTY,hybrid,0.8928571428571429,22,20,180,2025-11-14T10:39:30,1763096970000,46,255.66279316409432
2025-11-14T09:53:30,1763094210000,NIFTY,hybrid,0.8928571428571429,22,20,180,2025-11-14T10:40:30,1763097030000,47,257.0231875005066
2025-11-14T09:53:30,1763094210000,NIFTY,hybrid,0.8928571428571429,22,20,180,2025-11-14T10:41:30,1763097090000,48,255.8472664834203
2025-11-14T09:53:30,1763094210000,NIFTY,hybrid,0.8928571428571429,22,20,180,2025-11-14T10:42:30,1763097150000,49,256.7108929101405
2025-11-14T09:53:30,1763094210000,NIFTY,hybrid,0.8928571428571429,22,20,180,2025-11-14T10:43:30,1763097210000,50,255.7353410465418
2025-11-14T09:53:30,1763094210000,NIFTY,hybrid,0.8928571428571429,22,20,180,2025-11-14T10:44:30,1763097270000,51,257.1142740891552
2025-11-14T09:53:30,1763094210000,NIFTY,hybrid,0.8928571428571429,22,20,180,2025-11-14T10:45:30,1763097330000,52,255.67362226084396
2025-11-14T09:53:30,1763094210000,NIFTY,hybrid,0.8928571428571429,22,20,180,2025-11-14T10:46:30,1763097390000,53,256.88991490566934
2025-11-14T09:53:30,1763094210000,NIFTY,hybrid,0.8928571428571429,22,20,180,2025-11-14T10:47:30,1763097450000,54,255.6858078176299
2025-11-14T09:53:30,1763094210000,NIFTY,hybrid,0.8928571428571429,22,20,180,2025-11-14T10:48:30,1763097510000,55,256.74789975180846
2025-11-14T09:53:30,1763094210000,NIFTY,hybrid,0.8928571428571429,22,20,180,2025-11-14T10:49:30,1763097570000,56,256.1212769929912
2025-11-14T09:53:30,1763094210000,NIFTY,hybrid,0.8928571428571429,22,20,180,2025-11-14T10:50:30,1763097630000,57,257.1372753830819
2025-11-14T09:53:30,1763094210000,NIFTY,hybrid,0.8928571428571429,22,20,180,2025-11-14T10:51:30,1763097690000,58,256.1918807925669
2025-11-14T09:53:30,1763094210000,NIFTY,hybrid,0.8928571428571429,22,20,180,2025-11-14T10:52:30,1763097750000,59,256.97617034982795
2025-11-14T09:53:30,1763094210000,NIFTY,hybrid,0.8928571428571429,22,20,180,2025-11-14T10:53:30,1763097810000,60,256.0380768517316
2025-11-14T09:53:30,1763094210000,NIFTY,hybrid,0.8928571428571429,,20,180,2025-11-14T09:54:30,1763094270000,1,257.35
2025-11-14T09:53:30,1763094210000,NIFTY,hybrid,0.8928571428571429,,20,180,2025-11-14T09:55:30,1763094330000,2,257.3004561168119
2025-11-14T09:53:30,1763094210000,NIFTY,hybrid,0.8928571428571429,,20,180,2025-11-14T09:56:30,1763094390000,3,257.5179221245067
2025-11-14T09:53:30,1763094210000,NIFTY,hybrid,0.8928571428571429,,20,180,2025-11-14T09:57:30,1763094450000,4,257.15767363794413
2025-11-14T09:53:30,1763094210000,NIFTY,hybrid,0.8928571428571429,,20,180,2025-11-14T09:58:30,1763094510000,5,257.49866395779355
2025-11-14T09:53:30,1763094210000,NIFTY,hybrid,0.8928571428571429,,20,180,2025-11-14T09:59:30,1763094570000,6,256.8469624123461
2025-11-14T09:53:30,1763094210000,NIFTY,hybrid,0.8928571428571429,,20,180,2025-11-14T10:00:30,1763094630000,7,257.31941956154134
2025-11-14T09:53:30,1763094210000,NIFTY,hybrid,0.8928571428571429,,20,180,2025-11-14T10:01:30,1763094690000,8,256.7836058435945
2025-11-14T09:53:30,1763094210000,NIFTY,hybrid,0.8928571428571429,,20,180,2025-11-14T10:02:30,1763094750000,9,257.45274863606187
2025-11-14T09:53:30,1763094210000,NIFTY,hybrid,0.8928571428571429,,20,180,2025-11-14T10:03:30,1763094810000,10,256.7767531438111
2025-11-14T09:53:30,1763094210000,NIFTY,hybrid,0.8928571428571429,,20,180,2025-11-14T10:04:30,1763094870000,11,257.49200292447654
2025-11-14T09:53:30,1763094210000,NIFTY,hybrid,0.8928571428571429,,20,180,2025-11-14T10:05:30,1763094930000,12,257.20588646084707
2025-11-14T09:53:30,1763094210000,NIFTY,hybrid,0.8928571428571429,,20,180,2025-11-14T10:06:30,1763094990000,13,257.62344016149257
2025-11-14T09:53:30,1763094210000,NIFTY,hybrid,0.8928571428571429,,20,180,2025-11-14T10:07:30,1763095050000,14,257.05669622618325
2025-11-14T09:53:30,1763094210000,NIFTY,hybrid,0.8928571428571429,,20,180,2025-11-14T10:08:30,1763095110000,15,257.4630475925755
2025-11-14T09:53:30,1763094210000,NIFTY,hybrid,0.8928571428571429,,20,180,2025-11-14T10:09:30,1763095170000,16,257.0221612583582
2025-11-14T09:53:30,1763094210000,NIFTY,hybrid,0.8928571428571429,,20,180,2025-11-14T10:10:30,1763095230000,17,257.2787547039385
2025-11-14T09:53:30,1763094210000,NIFTY,hybrid,0.8928571428571429,,20,180,2025-11-14T10:11:30,1763095290000,18,257.3460245504249
2025-11-14T09:53:30,1763094210000,NIFTY,hybrid,0.8928571428571429,,20,180,2025-11-14T10:12:30,1763095350000,19,257.6820432767203
2025-11-14T09:53:30,1763094210000,NIFTY,hybrid,0.8928571428571429,,20,180,2025-11-14T10:13:30,1763095410000,20,257.29601488327023
2025-11-14T09:53:30,1763094210000,NIFTY,hybrid,0.8928571428571429,,20,180,2025-11-14T10:14:30,1763095470000,21,257.4630821090028
2025-11-14T09:53:30,1763094210000,NIFTY,hybrid,0.8928571428571429,,20,180,2025-11-14T10:15:30,1763095530000,22,256.82795292007876
2025-11-14T09:53:30,1763094210000,NIFTY,hybrid,0.8928571428571429,,20,180,2025-11-14T10:16:30,1763095590000,23,257.08985479597584
2025-11-14T09:53:30,1763094210000,NIFTY,hybrid,0.8928571428571429,,20,180,2025-11-14T10:17:30,1763095650000,24,256.9480487246681
2025-11-14T09:53:30,1763094210000,NIFTY,hybrid,0.8928571428571429,,20,180,2025-11-14T10:18:30,1763095710000,25,257.35728109838
2025-11-14T09:53:30,1763094210000,NIFTY,hybrid,0.8928571428571429,,20,180,2025-11-14T10:19:30,1763095770000,26,256.7420204642099
2025-11-14T09:53:30,1763094210000,NIFTY,hybrid,0.8928571428571429,,20,180,2025-11-14T10:20:30,1763095830000,27,257.185450211157
2025-11-14T09:53:30,1763094210000,NIFTY,hybrid,0.8928571428571429,,20,180,2025-11-14T10:21:30,1763095890000,28,256.60357633713113
2025-11-14T09:53:30,1763094210000,NIFTY,hybrid,0.8928571428571429,,20,180,2025-11-14T10:22:30,1763095950000,29,257.3510714158269
2025-11-14T09:53:30,1763094210000,NIFTY,hybrid,0.8928571428571429,,20,180,2025-11-14T10:23:30,1763096010000,30,256.48053362651046
2025-11-14T09:53:30,1763094210000,NIFTY,hybrid,0.8928571428571429,,20,180,2025-11-14T10:24:30,1763096070000,31,256.91276823130545
2025-11-14T09:53:30,1763094210000,NIFTY,hybrid,0.8928571428571429,,20,180,2025-11-14T10:25:30,1763096130000,32,255.93182749618285
2025-11-14T09:53:30,1763094210000,NIFTY,hybrid,0.8928571428571429,,20,180,2025-11-14T10:26:30,1763096190000,33,257.3564273934229
2025-11-14T09:53:30,1763094210000,NIFTY,hybrid,0.8928571428571429,,20,180,2025-11-14T10:27:30,1763096250000,34,256.6361650056841
2025-11-14T09:53:30,1763094210000,NIFTY,hybrid,0.8928571428571429,,20,180,2025-11-14T10:28:30,1763096310000,35,256.9938062202124
2025-11-14T09:53:30,1763094210000,NIFTY,hybrid,0.8928571428571429,,20,180,2025-11-14T10:29:30,1763096370000,36,256.6575831924972
2025-11-14T09:53:30,1763094210000,NIFTY,hybrid,0.8928571428571429,,20,180,2025-11-14T10:30:30,1763096430000,37,256.9437624684598
2025-11-14T09:53:30,1763094210000,NIFTY,hybrid,0.8928571428571429,,20,180,2025-11-14T10:31:30,1763096490000,38,256.4727644274101
2025-11-14T09:53:30,1763094210000,NIFTY,hybrid,0.8928571428571429,,20,180,2025-11-14T10:32:30,1763096550000,39,256.71140707219934
2025-11-14T09:53:30,1763094210000,NIFTY,hybrid,0.8928571428571429,,20,180,2025-11-14T10:33:30,1763096610000,40,256.19990584799814
2025-11-14T09:53:30,1763094210000,NIFTY,hybrid,0.8928571428571429,,20,180,2025-11-14T10:34:30,1763096670000,41,257.19351042726606
2025-11-14T09:53:30,1763094210000,NIFTY,hybrid,0.8928571428571429,,20,180,2025-11-14T10:35:30,1763096730000,42,256.4195188302506
2025-11-14T09:53:30,1763094210000,NIFTY,hybrid,0.8928571428571429,,20,180,2025-11-14T10:36:30,1763096790000,43,256.5099141288345
2025-11-14T09:53:30,1763094210000,NIFTY,hybrid,0.8928571428571429,,20,180,2025-11-14T10:37:30,1763096850000,44,255.86490807015815
2025-11-14T09:53:30,1763094210000,NIFTY,hybrid,0.8928571428571429,,20,180,2025-11-14T10:38:30,1763096910000,45,256.2149359173483
2025-11-14T09:53:30,1763094210000,NIFTY,hybrid,0.8928571428571429,,20,180,2025-11-14T10:39:30,1763096970000,46,255.66279316409432
2025-11-14T09:53:30,1763094210000,NIFTY,hybrid,0.8928571428571429,,20,180,2025-11-14T10:40:30,1763097030000,47,257.0231875005066
2025-11-14T09:53:30,1763094210000,NIFTY,hybrid,0.8928571428571429,,20,180,2025-11-14T10:41:30,1763097090000,48,255.8472664834203
2025-11-14T09:53:30,1763094210000,NIFTY,hybrid,0.8928571428571429,,20,180,2025-11-14T10:42:30,1763097150000,49,256.7108929101405
2025-11-14T09:53:30,1763094210000,NIFTY,hybrid,0.8928571428571429,,20,180,2025-11-14T10:43:30,1763097210000,50,255.7353410465418
2025-11-14T09:53:30,1763094210000,NIFTY,hybrid,0.8928571428571429,,20,180,2025-11-14T10:44:30,1763097270000,51,257.1142740891552
2025-11-14T09:53:30,1763094210000,NIFTY,hybrid,0.8928571428571429,,20,180,2025-11-14T10:45:30,1763097330000,52,255.67362226084396
2025-11-14T09:53:30,1763094210000,NIFTY,hybrid,0.8928571428571429,,20,180,2025-11-14T10:46:30,1763097390000,53,256.88991490566934
2025-11-14T09:53:30,1763094210000,NIFTY,hybrid,0.8928571428571429,,20,180,2025-11-14T10:47:30,1763097450000,54,255.6858078176299
2025-11-14T09:53:30,1763094210000,NIFTY,hybrid,0.8928571428571429,,20,180,2025-11-14T10:48:30,1763097510000,55,256.74789975180846
2025-11-14T09:53:30,1763094210000,NIFTY,hybrid,0.8928571428571429,,20,180,2025-11-14T10:49:30,1763097570000,56,256.1212769929912
2025-11-14T09:53:30,1763094210000,NIFTY,hybrid,0.8928571428571429,,20,180,2025-11-14T10:50:30,1763097630000,57,257.1372753830819
2025-11-14T09:53:30,1763094210000,NIFTY,hybrid,0.8928571428571429,,20,180,2025-11-14T10:51:30,1763097690000,58,256.1918807925669
2025-11-14T09:53:30,1763094210000,NIFTY,hybrid,0.8928571428571429,,20,180,2025-11-14T10:52:30,1763097750000,59,256.97617034982795
2025-11-14T09:53:30,1763094210000,NIFTY,hybrid,0.8928571428571429,,20,180,2025-11-14T10:53:30,1763097810000,60,256.0380768517316
2025-11-14T09:53:30,1763094210000,NIFTY,hybrid,0.8928571428571429,,20,180,2025-11-14T09:54:30,1763094270000,1,257.35
2025-11-14T09:53:30,1763094210000,NIFTY,hybrid,0.8928571428571429,,20,180,2025-11-14T09:55:30,1763094330000,2,257.3004561168119
2025-11-14T09:53:30,1763094210000,NIFTY,hybrid,0.8928571428571429,,20,180,2025-11-14T09:56:30,1763094390000,3,257.5179221245067
2025-11-14T09:53:30,1763094210000,NIFTY,hybrid,0.8928571428571429,,20,180,2025-11-14T09:57:30,1763094450000,4,257.15767363794413
2025-11-14T09:53:30,1763094210000,NIFTY,hybrid,0.8928571428571429,,20,180,2025-11-14T09:58:30,1763094510000,5,257.49866395779355
2025-11-14T09:53:30,1763094210000,NIFTY,hybrid,0.8928571428571429,,20,180,2025-11-14T09:59:30,1763094570000,6,256.8469624123461
2025-11-14T09:53:30,1763094210000,NIFTY,hybrid,0.8928571428571429,,20,180,2025-11-14T10:00:30,1763094630000,7,257.31941956154134
2025-11-14T09:53:30,1763094210000,NIFTY,hybrid,0.8928571428571429,,20,180,2025-11-14T10:01:30,1763094690000,8,256.7836058435945
2025-11-14T09:53:30,1763094210000,NIFTY,hybrid,0.8928571428571429,,20,180,2025-11-14T10:02:30,1763094750000,9,257.45274863606187
2025-11-14T09:53:30,1763094210000,NIFTY,hybrid,0.8928571428571429,,20,180,2025-11-14T10:03:30,1763094810000,10,256.7767531438111
2025-11-14T09:53:30,1763094210000,NIFTY,hybrid,0.8928571428571429,,20,180,2025-11-14T10:04:30,1763094870000,11,257.49200292447654
2025-11-14T09:53:30,1763094210000,NIFTY,hybrid,0.8928571428571429,,20,180,2025-11-14T10:05:30,1763094930000,12,257.20588646084707
2025-11-14T09:53:30,1763094210000,NIFTY,hybrid,0.8928571428571429,,20,180,2025-11-14T10:06:30,1763094990000,13,257.62344016149257
2025-11-14T09:53:30,1763094210000,NIFTY,hybrid,0.8928571428571429,,20,180,2025-11-14T10:07:30,1763095050000,14,257.05669622618325
2025-11-14T09:53:30,1763094210000,NIFTY,hybrid,0.8928571428571429,,20,180,2025-11-14T10:08:30,1763095110000,15,257.4630475925755
2025-11-14T09:53:30,1763094210000,NIFTY,hybrid,0.8928571428571429,,20,180,2025-11-14T10:09:30,1763095170000,16,257.0221612583582
2025-11-14T09:53:30,1763094210000,NIFTY,hybrid,0.8928571428571429,,20,180,2025-11-14T10:10:30,1763095230000,17,257.2787547039385
2025-11-14T09:53:30,1763094210000,NIFTY,hybrid,0.8928571428571429,,20,180,2025-11-14T10:11:30,1763095290000,18,257.3460245504249
2025-11-14T09:53:30,1763094210000,NIFTY,hybrid,0.8928571428571429,,20,180,2025-11-14T10:12:30,1763095350000,19,257.6820432767203
2025-11-14T09:53:30,1763094210000,NIFTY,hybrid,0.8928571428571429,,20,180,2025-11-14T10:13:30,1763095410000,20,257.29601488327023
2025-11-14T09:53:30,1763094210000,NIFTY,hybrid,0.8928571428571429,,20,180,2025-11-14T10:14:30,1763095470000,21,257.4630821090028
2025-11-14T09:53:30,1763094210000,NIFTY,hybrid,0.8928571428571429,,20,180,2025-11-14T10:15:30,1763095530000,22,256.82795292007876
2025-11-14T09:53:30,1763094210000,NIFTY,hybrid,0.8928571428571429,,20,180,2025-11-14T10:16:30,1763095590000,23,257.08985479597584
2025-11-14T09:53:30,1763094210000,NIFTY,hybrid,0.8928571428571429,,20,180,2025-11-14T10:17:30,1763095650000,24,256.9480487246681
2025-11-14T09:53:30,1763094210000,NIFTY,hybrid,0.8928571428571429,,20,180,2025-11-14T10:18:30,1763095710000,25,257.35728109838
2025-11-14T09:53:30,1763094210000,NIFTY,hybrid,0.8928571428571429,,20,180,2025-11-14T10:19:30,1763095770000,26,256.7420204642099
2025-11-14T09:53:30,1763094210000,NIFTY,hybrid,0.8928571428571429,,20,180,2025-11-14T10:20:30,1763095830000,27,257.185450211157
2025-11-14T09:53:30,1763094210000,NIFTY,hybrid,0.8928571428571429,,20,180,2025-11-14T10:21:30,1763095890000,28,256.60357633713113
2025-11-14T09:53:30,1763094210000,NIFTY,hybrid,0.8928571428571429,,20,180,2025-11-14T10:22:30,1763095950000,29,257.3510714158269
2025-11-14T09:53:30,1763094210000,NIFTY,hybrid,0.8928571428571429,,20,180,2025-11-14T10:23:30,1763096010000,30,256.48053362651046
2025-11-14T09:53:30,1763094210000,NIFTY,hybrid,0.8928571428571429,,20,180,2025-11-14T10:24:30,1763096070000,31,256.91276823130545
2025-11-14T09:53:30,1763094210000,NIFTY,hybrid,0.8928571428571429,,20,180,2025-11-14T10:25:30,1763096130000,32,255.93182749618285
2025-11-14T09:53:30,1763094210000,NIFTY,hybrid,0.8928571428571429,,20,180,2025-11-14T10:26:30,1763096190000,33,257.3564273934229
2025-11-14T09:53:30,1763094210000,NIFTY,hybrid,0.8928571428571429,,20,180,2025-11-14T10:27:30,1763096250000,34,256.6361650056841
2025-11-14T09:53:30,1763094210000,NIFTY,hybrid,0.8928571428571429,,20,180,2025-11-14T10:28:30,1763096310000,35,256.9938062202124
2025-11-14T09:53:30,1763094210000,NIFTY,hybrid,0.8928571428571429,,20,180,2025-11-14T10:29:30,1763096370000,36,256.6575831924972
2025-11-14T09:53:30,1763094210000,NIFTY,hybrid,0.8928571428571429,,20,180,2025-11-14T10:30:30,1763096430000,37,256.9437624684598
2025-11-14T09:53:30,1763094210000,NIFTY,hybrid,0.8928571428571429,,20,180,2025-11-14T10:31:30,1763096490000,38,256.4727644274101
2025-11-14T09:53:30,1763094210000,NIFTY,hybrid,0.8928571428571429,,20,180,2025-11-14T10:32:30,1763096550000,39,256.71140707219934
2025-11-14T09:53:30,1763094210000,NIFTY,hybrid,0.8928571428571429,,20,180,2025-11-14T10:33:30,1763096610000,40,256.19990584799814
2025-11-14T09:53:30,1763094210000,NIFTY,hybrid,0.8928571428571429,,20,180,2025-11-14T10:34:30,1763096670000,41,257.19351042726606
2025-11-14T09:53:30,1763094210000,NIFTY,hybrid,0.8928571428571429,,20,180,2025-11-14T10:35:30,1763096730000,42,256.4195188302506
2025-11-14T09:53:30,1763094210000,NIFTY,hybrid,0.8928571428571429,,20,180,2025-11-14T10:36:30,1763096790000,43,256.5099141288345
2025-11-14T09:53:30,1763094210000,NIFTY,hybrid,0.8928571428571429,,20,180,2025-11-14T10:37:30,1763096850000,44,255.86490807015815
2025-11-14T09:53:30,1763094210000,NIFTY,hybrid,0.8928571428571429,,20,180,2025-11-14T10:38:30,1763096910000,45,256.2149359173483
2025-11-14T09:53:30,1763094210000,NIFTY,hybrid,0.8928571428571429,,20,180,2025-11-14T10:39:30,1763096970000,46,255.66279316409432
2025-11-14T09:53:30,1763094210000,NIFTY,hybrid,0.8928571428571429,,20,180,2025-11-14T10:40:30,1763097030000,47,257.0231875005066
2025-11-14T09:53:30,1763094210000,NIFTY,hybrid,0.8928571428571429,,20,180,2025-11-14T10:41:30,1763097090000,48,255.8472664834203
2025-11-14T09:53:30,1763094210000,NIFTY,hybrid,0.8928571428571429,,20,180,2025-11-14T10:42:30,1763097150000,49,256.7108929101405
2025-11-14T09:53:30,1763094210000,NIFTY,hybrid,0.8928571428571429,,20,180,2025-11-14T10:43:30,1763097210000,50,255.7353410465418
2025-11-14T09:53:30,1763094210000,NIFTY,hybrid,0.8928571428571429,,20,180,2025-11-14T10:44:30,1763097270000,51,257.1142740891552
2025-11-14T09:53:30,1763094210000,NIFTY,hybrid,0.8928571428571429,,20,180,2025-11-14T10:45:30,1763097330000,52,255.67362226084396
2025-11-14T09:53:30,1763094210000,NIFTY,hybrid,0.8928571428571429,,20,180,2025-11-14T10:46:30,1763097390000,53,256.88991490566934
2025-11-14T09:53:30,1763094210000,NIFTY,hybrid,0.8928571428571429,,20,180,2025-11-14T10:47:30,1763097450000,54,255.6858078176299
2025-11-14T09:53:30,1763094210000,NIFTY,hybrid,0.8928571428571429,,20,180,2025-11-14T10:48:30,1763097510000,55,256.74789975180846
2025-11-14T09:53:30,1763094210000,NIFTY,hybrid,0.8928571428571429,,20,180,2025-11-14T10:49:30,1763097570000,56,256.1212769929912
2025-11-14T09:53:30,1763094210000,NIFTY,hybrid,0.8928571428571429,,20,180,2025-11-14T10:50:30,1763097630000,57,257.1372753830819
2025-11-14T09:53:30,1763094210000,NIFTY,hybrid,0.8928571428571429,,20,180,2025-11-14T10:51:30,1763097690000,58,256.1918807925669
2025-11-14T09:53:30,1763094210000,NIFTY,hybrid,0.8928571428571429,,20,180,2025-11-14T10:52:30,1763097750000,59,256.97617034982795
2025-11-14T09:53:30,1763094210000,NIFTY,hybrid,0.8928571428571429,,20,180,2025-11-14T10:53:30,1763097810000,60,256.0380768517316
2025-11-14T09:53:30,1763094210000,NIFTY,hybrid,0.9,21,15,60,2025-11-14T09:54:30,1763094270000,1,256.6
2025-11-14T09:53:30,1763094210000,NIFTY,hybrid,0.9,21,15,60,2025-11-14T09:55:30,1763094330000,2,257.03703851546265
2025-11-14T09:53:30,1763094210000,NIFTY,hybrid,0.9,21,15,60,2025-11-14T09:56:30,1763094390000,3,256.9230256436366
2025-11-14T09:53:30,1763094210000,NIFTY,hybrid,0.9,21,15,60,2025-11-14T09:57:30,1763094450000,4,257.1108456798348
2025-11-14T09:53:30,1763094210000,NIFTY,hybrid,0.9,21,15,60,2025-11-14T09:58:30,1763094510000,5,256.68633947533135
2025-11-14T09:53:30,1763094210000,NIFTY,hybrid,0.9,21,15,60,2025-11-14T09:59:30,1763094570000,6,256.72262339727274
2025-11-14T09:53:30,1763094210000,NIFTY,hybrid,0.9,21,15,60,2025-11-14T10:00:30,1763094630000,7,255.8282083290905
2025-11-14T09:53:30,1763094210000,NIFTY,hybrid,0.9,21,15,60,2025-11-14T10:01:30,1763094690000,8,256.300091342727
2025-11-14T09:53:30,1763094210000,NIFTY,hybrid,0.9,21,15,60,2025-11-14T10:02:30,1763094750000,9,255.99820832909052
2025-11-14T09:53:30,1763094210000,NIFTY,hybrid,0.9,21,15,60,2025-11-14T10:03:30,1763094810000,10,256.7468744378991
2025-11-14T09:53:30,1763094210000,NIFTY,hybrid,0.9,21,15,60,2025-11-14T10:04:30,1763094870000,11,255.74946407203763
2025-11-14T09:53:30,1763094210000,NIFTY,hybrid,0.9,21,15,60,2025-11-14T10:05:30,1763094930000,12,255.70831658810053
2025-11-14T09:53:30,1763094210000,NIFTY,hybrid,0.9,21,15,60,2025-11-14T10:06:30,1763094990000,13,255.3004726317099
2025-11-14T09:53:30,1763094210000,NIFTY,hybrid,0.9,21,15,60,2025-11-14T10:07:30,1763095050000,14,255.045212097421
2025-11-14T09:53:30,1763094210000,NIFTY,hybrid,0.9,21,15,60,2025-11-14T10:08:30,1763095110000,15,254.81816947295877
2025-11-14T09:53:30,1763094210000,NIFTY,hybrid,0.9,21,15,60,2025-11-14T10:09:30,1763095170000,16,254.24255343363433
2025-11-14T09:53:30,1763094210000,NIFTY,hybrid,0.9,21,15,60,2025-11-14T10:10:30,1763095230000,17,254.15458103586866
2025-11-14T09:53:30,1763094210000,NIFTY,hybrid,0.9,21,15,60,2025-11-14T10:11:30,1763095290000,18,254.54893139328632
2025-11-14T09:53:30,1763094210000,NIFTY,hybrid,0.9,21,15,60,2025-11-14T10:12:30,1763095350000,19,254.94015225855603
2025-11-14T09:53:30,1763094210000,NIFTY,hybrid,0.9,21,15,60,2025-11-14T10:13:30,1763095410000,20,255.0746853412379
2025-11-14T09:53:30,1763094210000,NIFTY,hybrid,0.9,21,15,60,2025-11-14T10:14:30,1763095470000,21,255.09055113062442
2025-11-14T09:53:30,1763094210000,NIFTY,hybrid,0.9,21,15,60,2025-11-14T10:15:30,1763095530000,22,255.14180687288703
2025-11-14T09:53:30,1763094210000,NIFTY,hybrid,0.9,21,15,60,2025-11-14T10:16:30,1763095590000,23,255.07027402818088
2025-11-14T09:53:30,1763094210000,NIFTY,hybrid,0.9,21,15,60,2025-11-14T10:17:30,1763095650000,24,255.15456827275412
2025-11-14T09:53:30,1763094210000,NIFTY,hybrid,0.9,21,15,60,2025-11-14T10:18:30,1763095710000,25,254.9907676172717
2025-11-14T09:53:30,1763094210000,NIFTY,hybrid,0.9,21,15,60,2025-11-14T10:19:30,1763095770000,26,255.3675548903964
2025-11-14T09:53:30,1763094210000,NIFTY,hybrid,0.9,21,15,60,2025-11-14T10:20:30,1763095830000,27,254.85533019308164
2025-11-14T09:53:30,1763094210000,NIFTY,hybrid,0.9,21,15,60,2025-11-14T10:21:30,1763095890000,28,255.861008752836
2025-11-14T09:53:30,1763094210000,NIFTY,hybrid,0.9,21,15,60,2025-11-14T10:22:30,1763095950000,29,253.84468534123792
2025-11-14T09:53:30,1763094210000,NIFTY,hybrid,0.9,21,15,60,2025-11-14T10:23:30,1763096010000,30,254.779630793184
2025-11-14T09:53:30,1763094210000,NIFTY,hybrid,0.9,21,15,60,2025-11-14T10:24:30,1763096070000,31,253.1868123534501
2025-11-14T09:53:30,1763094210000,NIFTY,hybrid,0.9,21,15,60,2025-11-14T10:25:30,1763096130000,32,254.42537187336822
2025-11-14T09:53:30,1763094210000,NIFTY,hybrid,0.9,21,15,60,2025-11-14T10:26:30,1763096190000,33,253.85601804794257
2025-11-14T09:53:30,1763094210000,NIFTY,hybrid,0.9,21,15,60,2025-11-14T10:27:30,1763096250000,34,254.29167625953767
2025-11-14T09:53:30,1763094210000,NIFTY,hybrid,0.9,21,15,60,2025-11-14T10:28:30,1763096310000,35,252.96113379369575
2025-11-14T09:53:30,1763094210000,NIFTY,hybrid,0.9,21,15,60,2025-11-14T10:29:30,1763096370000,36,254.15283968779985
2025-11-14T09:53:30,1763094210000,NIFTY,hybrid,0.9,21,15,60,2025-11-14T10:30:30,1763096430000,37,253.0368331935934
2025-11-14T09:53:30,1763094210000,NIFTY,hybrid,0.9,21,15,60,2025-11-14T10:31:30,1763096490000,38,254.04305536140177
2025-11-14T09:53:30,1763094210000,NIFTY,hybrid,0.9,21,15,60,2025-11-14T10:32:30,1763096550000,39,253.22325283353197
2025-11-14T09:53:30,1763094210000,NIFTY,hybrid,0.9,21,15,60,2025-11-14T10:33:30,1763096610000,40,255.27508148407165
2025-11-14T09:53:30,1763094210000,NIFTY,hybrid,0.9,21,15,60,2025-11-14T10:34:30,1763096670000,41,252.2505177543713
2025-11-14T09:53:30,1763094210000,NIFTY,hybrid,0.9,21,15,60,2025-11-14T10:35:30,1763096730000,42,254.8987874424601
2025-11-14T09:53:30,1763094210000,NIFTY,hybrid,0.9,21,15,60,2025-11-14T10:36:30,1763096790000,43,252.7425951139209
2025-11-14T09:53:30,1763094210000,NIFTY,hybrid,0.9,21,15,60,2025-11-14T10:37:30,1763096850000,44,254.08751175334774
2025-11-14T09:53:30,1763094210000,NIFTY,hybrid,0.9,21,15,60,2025-11-14T10:38:30,1763096910000,45,253.48395223342965
2025-11-14T09:53:30,1763094210000,NIFTY,hybrid,0.9,21,15,60,2025-11-14T10:39:30,1763096970000,46,254.07402882734195
2025-11-14T09:53:30,1763094210000,NIFTY,hybrid,0.9,21,15,60,2025-11-14T10:40:30,1763097030000,47,253.12201992782855
2025-11-14T09:53:30,1763094210000,NIFTY,hybrid,0.9,21,15,60,2025-11-14T10:41:30,1763097090000,48,254.64180687288703
2025-11-14T09:53:30,1763094210000,NIFTY,hybrid,0.9,21,15,60,2025-11-14T10:42:30,1763097150000,49,253.1179537624648
2025-11-14T09:53:30,1763094210000,NIFTY,hybrid,0.9,21,15,60,2025-11-14T10:43:30,1763097210000,50,254.5443545144192
2025-11-14T09:53:30,1763094210000,NIFTY,hybrid,0.9,21,15,60,2025-11-14T10:44:30,1763097270000,51,253.4405511306244
2025-11-14T09:53:30,1763094210000,NIFTY,hybrid,0.9,21,15,60,2025-11-14T10:45:30,1763097330000,52,253.96943446326586
2025-11-14T09:53:30,1763094210000,NIFTY,hybrid,0.9,21,15,60,2025-11-14T10:46:30,1763097390000,53,253.02759511392094
2025-11-14T09:53:30,1763094210000,NIFTY,hybrid,0.9,21,15,60,2025-11-14T10:47:30,1763097450000,54,254.14753259349104
2025-11-14T09:53:30,1763094210000,NIFTY,hybrid,0.9,21,15,60,2025-11-14T10:48:30,1763097510000,55,252.42986581046972
2025-11-14T09:53:30,1763094210000,NIFTY,hybrid,0.9,21,15,60,2025-11-14T10:49:30,1763097570000,56,253.897408340596
2025-11-14T09:53:30,1763094210000,NIFTY,hybrid,0.9,21,15,60,2025-11-14T10:50:30,1763097630000,57,252.6355584751587
2025-11-14T09:53:30,1763094210000,NIFTY,hybrid,0.9,21,15,60,2025-11-14T10:51:30,1763097690000,58,253.887408340596
2025-11-14T09:53:30,1763094210000,NIFTY,hybrid,0.9,21,15,60,2025-11-14T10:52:30,1763097750000,59,252.55929907486288
2025-11-14T09:53:30,1763094210000,NIFTY,hybrid,0.9,21,15,60,2025-11-14T10:53:30,1763097810000,60,253.7503822179261
2025-11-14T09:53:30,1763094210000,NIFTY,hybrid,0.9,,15,60,2025-11-14T09:54:30,1763094270000,1,256.6
2025-11-14T09:53:30,1763094210000,NIFTY,hybrid,0.9,,15,60,2025-11-14T09:55:30,1763094330000,2,257.03703851546265
2025-11-14T09:53:30,1763094210000,NIFTY,hybrid,0.9,,15,60,2025-11-14T09:56:30,1763094390000,3,256.9230256436366
2025-11-14T09:53:30,1763094210000,NIFTY,hybrid,0.9,,15,60,2025-11-14T09:57:30,1763094450000,4,257.1108456798348
2025-11-14T09:53:30,1763094210000,NIFTY,hybrid,0.9,,15,60,2025-11-14T09:58:30,1763094510000,5,256.68633947533135
2025-11-14T09:53:30,1763094210000,NIFTY,hybrid,0.9,,15,60,2025-11-14T09:59:30,1763094570000,6,256.72262339727274
2025-11-14T09:53:30,1763094210000,NIFTY,hybrid,0.9,,15,60,2025-11-14T10:00:30,1763094630000,7,255.8282083290905
2025-11-14T09:53:30,1763094210000,NIFTY,hybrid,0.9,,15,60,2025-11-14T10:01:30,1763094690000,8,256.300091342727
2025-11-14T09:53:30,1763094210000,NIFTY,hybrid,0.9,,15,60,2025-11-14T10:02:30,1763094750000,9,255.99820832909052
2025-11-14T09:53:30,1763094210000,NIFTY,hybrid,0.9,,15,60,2025-11-14T10:03:30,1763094810000,10,256.7468744378991
2025-11-14T09:53:30,1763094210000,NIFTY,hybrid,0.9,,15,60,2025-11-14T10:04:30,1763094870000,11,255.74946407203763
2025-11-14T09:53:30,1763094210000,NIFTY,hybrid,0.9,,15,60,2025-11-14T10:05:30,1763094930000,12,255.70831658810053
2025-11-14T09:53:30,1763094210000,NIFTY,hybrid,0.9,,15,60,2025-11-14T10:06:30,1763094990000,13,255.3004726317099
2025-11-14T09:53:30,1763094210000,NIFTY,hybrid,0.9,,15,60,2025-11-14T10:07:30,1763095050000,14,255.045212097421
2025-11-14T09:53:30,1763094210000,NIFTY,hybrid,0.9,,15,60,2025-11-14T10:08:30,1763095110000,15,254.81816947295877
2025-11-14T09:53:30,1763094210000,NIFTY,hybrid,0.9,,15,60,2025-11-14T10:09:30,1763095170000,16,254.24255343363433
2025-11-14T09:53:30,1763094210000,NIFTY,hybrid,0.9,,15,60,2025-11-14T10:10:30,1763095230000,17,254.15458103586866
2025-11-14T09:53:30,1763094210000,NIFTY,hybrid,0.9,,15,60,2025-11-14T10:11:30,1763095290000,18,254.54893139328632
2025-11-14T09:53:30,1763094210000,NIFTY,hybrid,0.9,,15,60,2025-11-14T10:12:30,1763095350000,19,254.94015225855603
2025-11-14T09:53:30,1763094210000,NIFTY,hybrid,0.9,,15,60,2025-11-14T10:13:30,1763095410000,20,255.0746853412379
2025-11-14T09:53:30,1763094210000,NIFTY,hybrid,0.9,,15,60,2025-11-14T10:14:30,1763095470000,21,255.09055113062442
2025-11-14T09:53:30,1763094210000,NIFTY,hybrid,0.9,,15,60,2025-11-14T10:15:30,1763095530000,22,255.14180687288703
2025-11-14T09:53:30,1763094210000,NIFTY,hybrid,0.9,,15,60,2025-11-14T10:16:30,1763095590000,23,255.07027402818088
2025-11-14T09:53:30,1763094210000,NIFTY,hybrid,0.9,,15,60,2025-11-14T10:17:30,1763095650000,24,255.15456827275412
2025-11-14T09:53:30,1763094210000,NIFTY,hybrid,0.9,,15,60,2025-11-14T10:18:30,1763095710000,25,254.9907676172717
2025-11-14T09:53:30,1763094210000,NIFTY,hybrid,0.9,,15,60,2025-11-14T10:19:30,1763095770000,26,255.3675548903964
2025-11-14T09:53:30,1763094210000,NIFTY,hybrid,0.9,,15,60,2025-11-14T10:20:30,1763095830000,27,254.85533019308164
2025-11-14T09:53:30,1763094210000,NIFTY,hybrid,0.9,,15,60,2025-11-14T10:21:30,1763095890000,28,255.861008752836
2025-11-14T09:53:30,1763094210000,NIFTY,hybrid,0.9,,15,60,2025-11-14T10:22:30,1763095950000,29,253.84468534123792
2025-11-14T09:53:30,1763094210000,NIFTY,hybrid,0.9,,15,60,2025-11-14T10:23:30,1763096010000,30,254.779630793184
2025-11-14T09:53:30,1763094210000,NIFTY,hybrid,0.9,,15,60,2025-11-14T10:24:30,1763096070000,31,253.1868123534501
2025-11-14T09:53:30,1763094210000,NIFTY,hybrid,0.9,,15,60,2025-11-14T10:25:30,1763096130000,32,254.42537187336822
2025-11-14T09:53:30,1763094210000,NIFTY,hybrid,0.9,,15,60,2025-11-14T10:26:30,1763096190000,33,253.85601804794257
2025-11-14T09:53:30,1763094210000,NIFTY,hybrid,0.9,,15,60,2025-11-14T10:27:30,1763096250000,34,254.29167625953767
2025-11-14T09:53:30,1763094210000,NIFTY,hybrid,0.9,,15,60,2025-11-14T10:28:30,1763096310000,35,252.96113379369575
2025-11-14T09:53:30,1763094210000,NIFTY,hybrid,0.9,,15,60,2025-11-14T10:29:30,1763096370000,36,254.15283968779985
2025-11-14T09:53:30,1763094210000,NIFTY,hybrid,0.9,,15,60,2025-11-14T10:30:30,1763096430000,37,253.0368331935934
2025-11-14T09:53:30,1763094210000,NIFTY,hybrid,0.9,,15,60,2025-11-14T10:31:30,1763096490000,38,254.04305536140177
2025-11-14T09:53:30,1763094210000,NIFTY,hybrid,0.9,,15,60,2025-11-14T10:32:30,1763096550000,39,253.22325283353197
2025-11-14T09:53:30,1763094210000,NIFTY,hybrid,0.9,,15,60,2025-11-14T10:33:30,1763096610000,40,255.27508148407165
2025-11-14T09:53:30,1763094210000,NIFTY,hybrid,0.9,,15,60,2025-11-14T10:34:30,1763096670000,41,252.2505177543713
2025-11-14T09:53:30,1763094210000,NIFTY,hybrid,0.9,,15,60,2025-11-14T10:35:30,1763096730000,42,254.8987874424601
2025-11-14T09:53:30,1763094210000,NIFTY,hybrid,0.9,,15,60,2025-11-14T10:36:30,1763096790000,43,252.7425951139209
2025-11-14T09:53:30,1763094210000,NIFTY,hybrid,0.9,,15,60,2025-11-14T10:37:30,1763096850000,44,254.08751175334774
2025-11-14T09:53:30,1763094210000,NIFTY,hybrid,0.9,,15,60,2025-11-14T10:38:30,1763096910000,45,253.48395223342965
2025-11-14T09:53:30,1763094210000,NIFTY,hybrid,0.9,,15,60,2025-11-14T10:39:30,1763096970000,46,254.07402882734195
2025-11-14T09:53:30,1763094210000,NIFTY,hybrid,0.9,,15,60,2025-11-14T10:40:30,1763097030000,47,253.12201992782855
2025-11-14T09:53:30,1763094210000,NIFTY,hybrid,0.9,,15,60,2025-11-14T10:41:30,1763097090000,48,254.64180687288703
2025-11-14T09:53:30,1763094210000,NIFTY,hybrid,0.9,,15,60,2025-11-14T10:42:30,1763097150000,49,253.1179537624648
2025-11-14T09:53:30,1763094210000,NIFTY,hybrid,0.9,,15,60,2025-11-14T10:43:30,1763097210000,50,254.5443545144192
2025-11-14T09:53:30,1763094210000,NIFTY,hybrid,0.9,,15,60,2025-11-14T10:44:30,1763097270000,51,253.4405511306244
2025-11-14T09:53:30,1763094210000,NIFTY,hybrid,0.9,,15,60,2025-11-14T10:45:30,1763097330000,52,253.96943446326586
2025-11-14T09:53:30,1763094210000,NIFTY,hybrid,0.9,,15,60,2025-11-14T10:46:30,1763097390000,53,253.02759511392094
2025-11-14T09:53:30,1763094210000,NIFTY,hybrid,0.9,,15,60,2025-11-14T10:47:30,1763097450000,54,254.14753259349104
2025-11-14T09:53:30,1763094210000,NIFTY,hybrid,0.9,,15,60,2025-11-14T10:48:30,1763097510000,55,252.42986581046972
2025-11-14T09:53:30,1763094210000,NIFTY,hybrid,0.9,,15,60,2025-11-14T10:49:30,1763097570000,56,253.897408340596
2025-11-14T09:53:30,1763094210000,NIFTY,hybrid,0.9,,15,60,2025-11-14T10:50:30,1763097630000,57,252.6355584751587
2025-11-14T09:53:30,1763094210000,NIFTY,hybrid,0.9,,15,60,2025-11-14T10:51:30,1763097690000,58,253.887408340596
2025-11-14T09:53:30,1763094210000,NIFTY,hybrid,0.9,,15,60,2025-11-14T10:52:30,1763097750000,59,252.55929907486288
2025-11-14T09:53:30,1763094210000,NIFTY,hybrid,0.9,,15,60,2025-11-14T10:53:30,1763097810000,60,253.7503822179261
2025-11-14T09:53:30,1763094210000,NIFTY,hybrid,0.9,,15,60,2025-11-14T09:54:30,1763094270000,1,256.6
2025-11-14T09:53:30,1763094210000,NIFTY,hybrid,0.9,,15,60,2025-11-14T09:55:30,1763094330000,2,257.03703851546265
2025-11-14T09:53:30,1763094210000,NIFTY,hybrid,0.9,,15,60,2025-11-14T09:56:30,1763094390000,3,256.9230256436366
2025-11-14T09:53:30,1763094210000,NIFTY,hybrid,0.9,,15,60,2025-11-14T09:57:30,1763094450000,4,257.1108456798348
2025-11-14T09:53:30,1763094210000,NIFTY,hybrid,0.9,,15,60,2025-11-14T09:58:30,1763094510000,5,256.68633947533135
2025-11-14T09:53:30,1763094210000,NIFTY,hybrid,0.9,,15,60,2025-11-14T09:59:30,1763094570000,6,256.72262339727274
2025-11-14T09:53:30,1763094210000,NIFTY,hybrid,0.9,,15,60,2025-11-14T10:00:30,1763094630000,7,255.8282083290905
2025-11-14T09:53:30,1763094210000,NIFTY,hybrid,0.9,,15,60,2025-11-14T10:01:30,1763094690000,8,256.300091342727
2025-11-14T09:53:30,1763094210000,NIFTY,hybrid,0.9,,15,60,2025-11-14T10:02:30,1763094750000,9,255.99820832909052
2025-11-14T09:53:30,1763094210000,NIFTY,hybrid,0.9,,15,60,2025-11-14T10:03:30,1763094810000,10,256.7468744378991
2025-11-14T09:53:30,1763094210000,NIFTY,hybrid,0.9,,15,60,2025-11-14T10:04:30,1763094870000,11,255.74946407203763
2025-11-14T09:53:30,1763094210000,NIFTY,hybrid,0.9,,15,60,2025-11-14T10:05:30,1763094930000,12,255.70831658810053
2025-11-14T09:53:30,1763094210000,NIFTY,hybrid,0.9,,15,60,2025-11-14T10:06:30,1763094990000,13,255.3004726317099
2025-11-14T09:53:30,1763094210000,NIFTY,hybrid,0.9,,15,60,2025-11-14T10:07:30,1763095050000,14,255.045212097421
2025-11-14T09:53:30,1763094210000,NIFTY,hybrid,0.9,,15,60,2025-11-14T10:08:30,1763095110000,15,254.81816947295877
2025-11-14T09:53:30,1763094210000,NIFTY,hybrid,0.9,,15,60,2025-11-14T10:09:30,1763095170000,16,254.24255343363433
2025-11-14T09:53:30,1763094210000,NIFTY,hybrid,0.9,,15,60,2025-11-14T10:10:30,1763095230000,17,254.15458103586866
2025-11-14T09:53:30,1763094210000,NIFTY,hybrid,0.9,,15,60,2025-11-14T10:11:30,1763095290000,18,254.54893139328632
2025-11-14T09:53:30,1763094210000,NIFTY,hybrid,0.9,,15,60,2025-11-14T10:12:30,1763095350000,19,254.94015225855603
2025-11-14T09:53:30,1763094210000,NIFTY,hybrid,0.9,,15,60,2025-11-14T10:13:30,1763095410000,20,255.0746853412379
2025-11-14T09:53:30,1763094210000,NIFTY,hybrid,0.9,,15,60,2025-11-14T10:14:30,1763095470000,21,255.09055113062442
2025-11-14T09:53:30,1763094210000,NIFTY,hybrid,0.9,,15,60,2025-11-14T10:15:30,1763095530000,22,255.14180687288703
2025-11-14T09:53:30,1763094210000,NIFTY,hybrid,0.9,,15,60,2025-11-14T10:16:30,1763095590000,23,255.07027402818088
2025-11-14T09:53:30,1763094210000,NIFTY,hybrid,0.9,,15,60,2025-11-14T10:17:30,1763095650000,24,255.15456827275412
2025-11-14T09:53:30,1763094210000,NIFTY,hybrid,0.9,,15,60,2025-11-14T10:18:30,1763095710000,25,254.9907676172717
2025-11-14T09:53:30,1763094210000,NIFTY,hybrid,0.9,,15,60,2025-11-14T10:19:30,1763095770000,26,255.3675548903964
2025-11-14T09:53:30,1763094210000,NIFTY,hybrid,0.9,,15,60,2025-11-14T10:20:30,1763095830000,27,254.85533019308164
2025-11-14T09:53:30,1763094210000,NIFTY,hybrid,0.9,,15,60,2025-11-14T10:21:30,1763095890000,28,255.861008752836
2025-11-14T09:53:30,1763094210000,NIFTY,hybrid,0.9,,15,60,2025-11-14T10:22:30,1763095950000,29,253.84468534123792
2025-11-14T09:53:30,1763094210000,NIFTY,hybrid,0.9,,15,60,2025-11-14T10:23:30,1763096010000,30,254.779630793184
2025-11-14T09:53:30,1763094210000,NIFTY,hybrid,0.9,,15,60,2025-11-14T10:24:30,1763096070000,31,253.1868123534501
2025-11-14T09:53:30,1763094210000,NIFTY,hybrid,0.9,,15,60,2025-11-14T10:25:30,1763096130000,32,254.42537187336822
2025-11-14T09:53:30,1763094210000,NIFTY,hybrid,0.9,,15,60,2025-11-14T10:26:30,1763096190000,33,253.85601804794257
2025-11-14T09:53:30,1763094210000,NIFTY,hybrid,0.9,,15,60,2025-11-14T10:27:30,1763096250000,34,254.29167625953767
2025-11-14T09:53:30,1763094210000,NIFTY,hybrid,0.9,,15,60,2025-11-14T10:28:30,1763096310000,35,252.96113379369575
2025-11-14T09:53:30,1763094210000,NIFTY,hybrid,0.9,,15,60,2025-11-14T10:29:30,1763096370000,36,254.15283968779985
2025-11-14T09:53:30,1763094210000,NIFTY,hybrid,0.9,,15,60,2025-11-14T10:30:30,1763096430000,37,253.0368331935934
2025-11-14T09:53:30,1763094210000,NIFTY,hybrid,0.9,,15,60,2025-11-14T10:31:30,1763096490000,38,254.04305536140177
2025-11-14T09:53:30,1763094210000,NIFTY,hybrid,0.9,,15,60,2025-11-14T10:32:30,1763096550000,39,253.22325283353197
2025-11-14T09:53:30,1763094210000,NIFTY,hybrid,0.9,,15,60,2025-11-14T10:33:30,1763096610000,40,255.27508148407165
2025-11-14T09:53:30,1763094210000,NIFTY,hybrid,0.9,,15,60,2025-11-14T10:34:30,1763096670000,41,252.2505177543713
2025-11-14T09:53:30,1763094210000,NIFTY,hybrid,0.9,,15,60,2025-11-14T10:35:30,1763096730000,42,254.8987874424601
2025-11-14T09:53:30,1763094210000,NIFTY,hybrid,0.9,,15,60,2025-11-14T10:36:30,1763096790000,43,252.7425951139209
2025-11-14T09:53:30,1763094210000,NIFTY,hybrid,0.9,,15,60,2025-11-14T10:37:30,1763096850000,44,254.08751175334774
2025-11-14T09:53:30,1763094210000,NIFTY,hybrid,0.9,,15,60,2025-11-14T10:38:30,1763096910000,45,253.48395223342965
2025-11-14T09:53:30,1763094210000,NIFTY,hybrid,0.9,,15,60,2025-11-14T10:39:30,1763096970000,46,254.07402882734195
2025-11-14T09:53:30,1763094210000,NIFTY,hybrid,0.9,,15,60,2025-11-14T10:40:30,1763097030000,47,253.12201992782855
2025-11-14T09:53:30,1763094210000,NIFTY,hybrid,0.9,,15,60,2025-11-14T10:41:30,1763097090000,48,254.64180687288703
2025-11-14T09:53:30,1763094210000,NIFTY,hybrid,0.9,,15,60,2025-11-14T10:42:30,1763097150000,49,253.1179537624648
2025-11-14T09:53:30,1763094210000,NIFTY,hybrid,0.9,,15,60,2025-11-14T10:43:30,1763097210000,50,254.5443545144192
2025-11-14T09:53:30,1763094210000,NIFTY,hybrid,0.9,,15,60,2025-11-14T10:44:30,1763097270000,51,253.4405511306244
2025-11-14T09:53:30,1763094210000,NIFTY,hybrid,0.9,,15,60,2025-11-14T10:45:30,1763097330000,52,253.96943446326586
2025-11-14T09:53:30,1763094210000,NIFTY,hybrid,0.9,,15,60,2025-11-14T10:46:30,1763097390000,53,253.02759511392094
2025-11-14T09:53:30,1763094210000,NIFTY,hybrid,0.9,,15,60,2025-11-14T10:47:30,1763097450000,54,254.14753259349104
2025-11-14T09:53:30,1763094210000,NIFTY,hybrid,0.9,,15,60,2025-11-14T10:48:30,1763097510000,55,252.42986581046972
2025-11-14T09:53:30,1763094210000,NIFTY,hybrid,0.9,,15,60,2025-11-14T10:49:30,1763097570000,56,253.897408340596
2025-11-14T09:53:30,1763094210000,NIFTY,hybrid,0.9,,15,60,2025-11-14T10:50:30,1763097630000,57,252.6355584751587
2025-11-14T09:53:30,1763094210000,NIFTY,hybrid,0.9,,15,60,2025-11-14T10:51:30,1763097690000,58,253.887408340596
2025-11-14T09:53:30,1763094210000,NIFTY,hybrid,0.9,,15,60,2025-11-14T10:52:30,1763097750000,59,252.55929907486288
2025-11-14T09:53:30,1763094210000,NIFTY,hybrid,0.9,,15,60,2025-11-14T10:53:30,1763097810000,60,253.7503822179261
2025-11-14T09:53:30,1763094210000,NIFTY,hybrid,0.9,,15,60,2025-11-14T09:54:30,1763094270000,1,256.6
2025-11-14T09:53:30,1763094210000,NIFTY,hybrid,0.9,,15,60,2025-11-14T09:55:30,1763094330000,2,257.03703851546265
2025-11-14T09:53:30,1763094210000,NIFTY,hybrid,0.9,,15,60,2025-11-14T09:56:30,1763094390000,3,256.9230256436366
2025-11-14T09:53:30,1763094210000,NIFTY,hybrid,0.9,,15,60,2025-11-14T09:57:30,1763094450000,4,257.1108456798348
2025-11-14T09:53:30,1763094210000,NIFTY,hybrid,0.9,,15,60,2025-11-14T09:58:30,1763094510000,5,256.68633947533135
2025-11-14T09:53:30,1763094210000,NIFTY,hybrid,0.9,,15,60,2025-11-14T09:59:30,1763094570000,6,256.72262339727274
2025-11-14T09:53:30,1763094210000,NIFTY,hybrid,0.9,,15,60,2025-11-14T10:00:30,1763094630000,7,255.8282083290905
2025-11-14T09:53:30,1763094210000,NIFTY,hybrid,0.9,,15,60,2025-11-14T10:01:30,1763094690000,8,256.300091342727
2025-11-14T09:53:30,1763094210000,NIFTY,hybrid,0.9,,15,60,2025-11-14T10:02:30,1763094750000,9,255.99820832909052
2025-11-14T09:53:30,1763094210000,NIFTY,hybrid,0.9,,15,60,2025-11-14T10:03:30,1763094810000,10,256.7468744378991
2025-11-14T09:53:30,1763094210000,NIFTY,hybrid,0.9,,15,60,2025-11-14T10:04:30,1763094870000,11,255.74946407203763
2025-11-14T09:53:30,1763094210000,NIFTY,hybrid,0.9,,15,60,2025-11-14T10:05:30,1763094930000,12,255.70831658810053
2025-11-14T09:53:30,1763094210000,NIFTY,hybrid,0.9,,15,60,2025-11-14T10:06:30,1763094990000,13,255.3004726317099
2025-11-14T09:53:30,1763094210000,NIFTY,hybrid,0.9,,15,60,2025-11-14T10:07:30,1763095050000,14,255.045212097421
2025-11-14T09:53:30,1763094210000,NIFTY,hybrid,0.9,,15,60,2025-11-14T10:08:30,1763095110000,15,254.81816947295877
2025-11-14T09:53:30,1763094210000,NIFTY,hybrid,0.9,,15,60,2025-11-14T10:09:30,1763095170000,16,254.24255343363433
2025-11-14T09:53:30,1763094210000,NIFTY,hybrid,0.9,,15,60,2025-11-14T10:10:30,1763095230000,17,254.15458103586866
2025-11-14T09:53:30,1763094210000,NIFTY,hybrid,0.9,,15,60,2025-11-14T10:11:30,1763095290000,18,254.54893139328632
2025-11-14T09:53:30,1763094210000,NIFTY,hybrid,0.9,,15,60,2025-11-14T10:12:30,1763095350000,19,254.94015225855603
2025-11-14T09:53:30,1763094210000,NIFTY,hybrid,0.9,,15,60,2025-11-14T10:13:30,1763095410000,20,255.0746853412379
2025-11-14T09:53:30,1763094210000,NIFTY,hybrid,0.9,,15,60,2025-11-14T10:14:30,1763095470000,21,255.09055113062442
2025-11-14T09:53:30,1763094210000,NIFTY,hybrid,0.9,,15,60,2025-11-14T10:15:30,1763095530000,22,255.14180687288703
2025-11-14T09:53:30,1763094210000,NIFTY,hybrid,0.9,,15,60,2025-11-14T10:16:30,1763095590000,23,255.07027402818088
2025-11-14T09:53:30,1763094210000,NIFTY,hybrid,0.9,,15,60,2025-11-14T10:17:30,1763095650000,24,255.15456827275412
2025-11-14T09:53:30,1763094210000,NIFTY,hybrid,0.9,,15,60,2025-11-14T10:18:30,1763095710000,25,254.9907676172717
2025-11-14T09:53:30,1763094210000,NIFTY,hybrid,0.9,,15,60,2025-11-14T10:19:30,1763095770000,26,255.3675548903964
2025-11-14T09:53:30,1763094210000,NIFTY,hybrid,0.9,,15,60,2025-11-14T10:20:30,1763095830000,27,254.85533019308164
2025-11-14T09:53:30,1763094210000,NIFTY,hybrid,0.9,,15,60,2025-11-14T10:21:30,1763095890000,28,255.861008752836
2025-11-14T09:53:30,1763094210000,NIFTY,hybrid,0.9,,15,60,2025-11-14T10:22:30,1763095950000,29,253.84468534123792
2025-11-14T09:53:30,1763094210000,NIFTY,hybrid,0.9,,15,60,2025-11-14T10:23:30,1763096010000,30,254.779630793184
2025-11-14T09:53:30,1763094210000,NIFTY,hybrid,0.9,,15,60,2025-11-14T10:24:30,1763096070000,31,253.1868123534501
2025-11-14T09:53:30,1763094210000,NIFTY,hybrid,0.9,,15,60,2025-11-14T10:25:30,1763096130000,32,254.42537187336822
2025-11-14T09:53:30,1763094210000,NIFTY,hybrid,0.9,,15,60,2025-11-14T10:26:30,1763096190000,33,253.85601804794257
2025-11-14T09:53:30,1763094210000,NIFTY,hybrid,0.9,,15,60,2025-11-14T10:27:30,1763096250000,34,254.29167625953767
2025-11-14T09:53:30,1763094210000,NIFTY,hybrid,0.9,,15,60,2025-11-14T10:28:30,1763096310000,35,252.96113379369575
2025-11-14T09:53:30,1763094210000,NIFTY,hybrid,0.9,,15,60,2025-11-14T10:29:30,1763096370000,36,254.15283968779985
2025-11-14T09:53:30,1763094210000,NIFTY,hybrid,0.9,,15,60,2025-11-14T10:30:30,1763096430000,37,253.0368331935934
2025-11-14T09:53:30,1763094210000,NIFTY,hybrid,0.9,,15,60,2025-11-14T10:31:30,1763096490000,38,254.04305536140177
2025-11-14T09:53:30,1763094210000,NIFTY,hybrid,0.9,,15,60,2025-11-14T10:32:30,1763096550000,39,253.22325283353197
2025-11-14T09:53:30,1763094210000,NIFTY,hybrid,0.9,,15,60,2025-11-14T10:33:30,1763096610000,40,255.27508148407165
2025-11-14T09:53:30,1763094210000,NIFTY,hybrid,0.9,,15,60,2025-11-14T10:34:30,1763096670000,41,252.2505177543713
2025-11-14T09:53:30,1763094210000,NIFTY,hybrid,0.9,,15,60,2025-11-14T10:35:30,1763096730000,42,254.8987874424601
2025-11-14T09:53:30,1763094210000,NIFTY,hybrid,0.9,,15,60,2025-11-14T10:36:30,1763096790000,43,252.7425951139209
2025-11-14T09:53:30,1763094210000,NIFTY,hybrid,0.9,,15,60,2025-11-14T10:37:30,1763096850000,44,254.08751175334774
2025-11-14T09:53:30,1763094210000,NIFTY,hybrid,0.9,,15,60,2025-11-14T10:38:30,1763096910000,45,253.48395223342965
2025-11-14T09:53:30,1763094210000,NIFTY,hybrid,0.9,,15,60,2025-11-14T10:39:30,1763096970000,46,254.07402882734195
2025-11-14T09:53:30,1763094210000,NIFTY,hybrid,0.9,,15,60,2025-11-14T10:40:30,1763097030000,47,253.12201992782855
2025-11-14T09:53:30,1763094210000,NIFTY,hybrid,0.9,,15,60,2025-11-14T10:41:30,1763097090000,48,254.64180687288703
2025-11-14T09:53:30,1763094210000,NIFTY,hybrid,0.9,,15,60,2025-11-14T10:42:30,1763097150000,49,253.1179537624648
2025-11-14T09:53:30,1763094210000,NIFTY,hybrid,0.9,,15,60,2025-11-14T10:43:30,1763097210000,50,254.5443545144192
2025-11-14T09:53:30,1763094210000,NIFTY,hybrid,0.9,,15,60,2025-11-14T10:44:30,1763097270000,51,253.4405511306244
2025-11-14T09:53:30,1763094210000,NIFTY,hybrid,0.9,,15,60,2025-11-14T10:45:30,1763097330000,52,253.96943446326586
2025-11-14T09:53:30,1763094210000,NIFTY,hybrid,0.9,,15,60,2025-11-14T10:46:30,1763097390000,53,253.02759511392094
2025-11-14T09:53:30,1763094210000,NIFTY,hybrid,0.9,,15,60,2025-11-14T10:47:30,1763097450000,54,254.14753259349104
2025-11-14T09:53:30,1763094210000,NIFTY,hybrid,0.9,,15,60,2025-11-14T10:48:30,1763097510000,55,252.42986581046972
2025-11-14T09:53:30,1763094210000,NIFTY,hybrid,0.9,,15,60,2025-11-14T10:49:30,1763097570000,56,253.897408340596
2025-11-14T09:53:30,1763094210000,NIFTY,hybrid,0.9,,15,60,2025-11-14T10:50:30,1763097630000,57,252.6355584751587
2025-11-14T09:53:30,1763094210000,NIFTY,hybrid,0.9,,15,60,2025-11-14T10:51:30,1763097690000,58,253.887408340596
2025-11-14T09:53:30,1763094210000,NIFTY,hybrid,0.9,,15,60,2025-11-14T10:52:30,1763097750000,59,252.55929907486288
2025-11-14T09:53:30,1763094210000,NIFTY,hybrid,0.9,,15,60,2025-11-14T10:53:30,1763097810000,60,253.7503822179261
2025-11-14T09:53:30,1763094210000,NIFTY,hybrid,0.9,,15,60,2025-11-14T09:54:30,1763094270000,1,256.6
2025-11-14T09:53:30,1763094210000,NIFTY,hybrid,0.9,,15,60,2025-11-14T09:55:30,1763094330000,2,257.03703851546265
2025-11-14T09:53:30,1763094210000,NIFTY,hybrid,0.9,,15,60,2025-11-14T09:56:30,1763094390000,3,256.9230256436366
2025-11-14T09:53:30,1763094210000,NIFTY,hybrid,0.9,,15,60,2025-11-14T09:57:30,1763094450000,4,257.1108456798348
2025-11-14T09:53:30,1763094210000,NIFTY,hybrid,0.9,,15,60,2025-11-14T09:58:30,1763094510000,5,256.68633947533135
2025-11-14T09:53:30,1763094210000,NIFTY,hybrid,0.9,,15,60,2025-11-14T09:59:30,1763094570000,6,256.72262339727274
2025-11-14T09:53:30,1763094210000,NIFTY,hybrid,0.9,,15,60,2025-11-14T10:00:30,1763094630000,7,255.8282083290905
2025-11-14T09:53:30,1763094210000,NIFTY,hybrid,0.9,,15,60,2025-11-14T10:01:30,1763094690000,8,256.300091342727
2025-11-14T09:53:30,1763094210000,NIFTY,hybrid,0.9,,15,60,2025-11-14T10:02:30,1763094750000,9,255.99820832909052
2025-11-14T09:53:30,1763094210000,NIFTY,hybrid,0.9,,15,60,2025-11-14T10:03:30,1763094810000,10,256.7468744378991
2025-11-14T09:53:30,1763094210000,NIFTY,hybrid,0.9,,15,60,2025-11-14T10:04:30,1763094870000,11,255.74946407203763
2025-11-14T09:53:30,1763094210000,NIFTY,hybrid,0.9,,15,60,2025-11-14T10:05:30,1763094930000,12,255.70831658810053
2025-11-14T09:53:30,1763094210000,NIFTY,hybrid,0.9,,15,60,2025-11-14T10:06:30,1763094990000,13,255.3004726317099
2025-11-14T09:53:30,1763094210000,NIFTY,hybrid,0.9,,15,60,2025-11-14T10:07:30,1763095050000,14,255.045212097421
2025-11-14T09:53:30,1763094210000,NIFTY,hybrid,0.9,,15,60,2025-11-14T10:08:30,1763095110000,15,254.81816947295877
2025-11-14T09:53:30,1763094210000,NIFTY,hybrid,0.9,,15,60,2025-11-14T10:09:30,1763095170000,16,254.24255343363433
2025-11-14T09:53:30,1763094210000,NIFTY,hybrid,0.9,,15,60,2025-11-14T10:10:30,1763095230000,17,254.15458103586866
2025-11-14T09:53:30,1763094210000,NIFTY,hybrid,0.9,,15,60,2025-11-14T10:11:30,1763095290000,18,254.54893139328632
2025-11-14T09:53:30,1763094210000,NIFTY,hybrid,0.9,,15,60,2025-11-14T10:12:30,1763095350000,19,254.94015225855603
2025-11-14T09:53:30,1763094210000,NIFTY,hybrid,0.9,,15,60,2025-11-14T10:13:30,1763095410000,20,255.0746853412379
2025-11-14T09:53:30,1763094210000,NIFTY,hybrid,0.9,,15,60,2025-11-14T10:14:30,1763095470000,21,255.09055113062442
2025-11-14T09:53:30,1763094210000,NIFTY,hybrid,0.9,,15,60,2025-11-14T10:15:30,1763095530000,22,255.14180687288703
2025-11-14T09:53:30,1763094210000,NIFTY,hybrid,0.9,,15,60,2025-11-14T10:16:30,1763095590000,23,255.07027402818088
2025-11-14T09:53:30,1763094210000,NIFTY,hybrid,0.9,,15,60,2025-11-14T10:17:30,1763095650000,24,255.15456827275412
2025-11-14T09:53:30,1763094210000,NIFTY,hybrid,0.9,,15,60,2025-11-14T10:18:30,1763095710000,25,254.9907676172717
2025-11-14T09:53:30,1763094210000,NIFTY,hybrid,0.9,,15,60,2025-11-14T10:19:30,1763095770000,26,255.3675548903964
2025-11-14T09:53:30,1763094210000,NIFTY,hybrid,0.9,,15,60,2025-11-14T10:20:30,1763095830000,27,254.85533019308164
2025-11-14T09:53:30,1763094210000,NIFTY,hybrid,0.9,,15,60,2025-11-14T10:21:30,1763095890000,28,255.861008752836
2025-11-14T09:53:30,1763094210000,NIFTY,hybrid,0.9,,15,60,2025-11-14T10:22:30,1763095950000,29,253.84468534123792
2025-11-14T09:53:30,1763094210000,NIFTY,hybrid,0.9,,15,60,2025-11-14T10:23:30,1763096010000,30,254.779630793184
2025-11-14T09:53:30,1763094210000,NIFTY,hybrid,0.9,,15,60,2025-11-14T10:24:30,1763096070000,31,253.1868123534501
2025-11-14T09:53:30,1763094210000,NIFTY,hybrid,0.9,,15,60,2025-11-14T10:25:30,1763096130000,32,254.42537187336822
2025-11-14T09:53:30,1763094210000,NIFTY,hybrid,0.9,,15,60,2025-11-14T10:26:30,1763096190000,33,253.85601804794257
2025-11-14T09:53:30,1763094210000,NIFTY,hybrid,0.9,,15,60,2025-11-14T10:27:30,1763096250000,34,254.29167625953767
2025-11-14T09:53:30,1763094210000,NIFTY,hybrid,0.9,,15,60,2025-11-14T10:28:30,1763096310000,35,252.96113379369575
2025-11-14T09:53:30,1763094210000,NIFTY,hybrid,0.9,,15,60,2025-11-14T10:29:30,1763096370000,36,254.15283968779985
2025-11-14T09:53:30,1763094210000,NIFTY,hybrid,0.9,,15,60,2025-11-14T10:30:30,1763096430000,37,253.0368331935934
2025-11-14T09:53:30,1763094210000,NIFTY,hybrid,0.9,,15,60,2025-11-14T10:31:30,1763096490000,38,254.04305536140177
2025-11-14T09:53:30,1763094210000,NIFTY,hybrid,0.9,,15,60,2025-11-14T10:32:30,1763096550000,39,253.22325283353197
2025-11-14T09:53:30,1763094210000,NIFTY,hybrid,0.9,,15,60,2025-11-14T10:33:30,1763096610000,40,255.27508148407165
2025-11-14T09:53:30,1763094210000,NIFTY,hybrid,0.9,,15,60,2025-11-14T10:34:30,1763096670000,41,252.2505177543713
2025-11-14T09:53:30,1763094210000,NIFTY,hybrid,0.9,,15,60,2025-11-14T10:35:30,1763096730000,42,254.8987874424601
2025-11-14T09:53:30,1763094210000,NIFTY,hybrid,0.9,,15,60,2025-11-14T10:36:30,1763096790000,43,252.7425951139209
2025-11-14T09:53:30,1763094210000,NIFTY,hybrid,0.9,,15,60,2025-11-14T10:37:30,1763096850000,44,254.08751175334774
2025-11-14T09:53:30,1763094210000,NIFTY,hybrid,0.9,,15,60,2025-11-14T10:38:30,1763096910000,45,253.48395223342965
2025-11-14T09:53:30,1763094210000,NIFTY,hybrid,0.9,,15,60,2025-11-14T10:39:30,1763096970000,46,254.07402882734195
2025-11-14T09:53:30,1763094210000,NIFTY,hybrid,0.9,,15,60,2025-11-14T10:40:30,1763097030000,47,253.12201992782855
2025-11-14T09:53:30,1763094210000,NIFTY,hybrid,0.9,,15,60,2025-11-14T10:41:30,1763097090000,48,254.64180687288703
2025-11-14T09:53:30,1763094210000,NIFTY,hybrid,0.9,,15,60,2025-11-14T10:42:30,1763097150000,49,253.1179537624648
2025-11-14T09:53:30,1763094210000,NIFTY,hybrid,0.9,,15,60,2025-11-14T10:43:30,1763097210000,50,254.5443545144192
2025-11-14T09:53:30,1763094210000,NIFTY,hybrid,0.9,,15,60,2025-11-14T10:44:30,1763097270000,51,253.4405511306244
2025-11-14T09:53:30,1763094210000,NIFTY,hybrid,0.9,,15,60,2025-11-14T10:45:30,1763097330000,52,253.96943446326586
2025-11-14T09:53:30,1763094210000,NIFTY,hybrid,0.9,,15,60,2025-11-14T10:46:30,1763097390000,53,253.02759511392094
2025-11-14T09:53:30,1763094210000,NIFTY,hybrid,0.9,,15,60,2025-11-14T10:47:30,1763097450000,54,254.14753259349104
2025-11-14T09:53:30,1763094210000,NIFTY,hybrid,0.9,,15,60,2025-11-14T10:48:30,1763097510000,55,252.42986581046972
2025-11-14T09:53:30,1763094210000,NIFTY,hybrid,0.9,,15,60,2025-11-14T10:49:30,1763097570000,56,253.897408340596
2025-11-14T09:53:30,1763094210000,NIFTY,hybrid,0.9,,15,60,2025-11-14T10:50:30,1763097630000,57,252.6355584751587
2025-11-14T09:53:30,1763094210000,NIFTY,hybrid,0.9,,15,60,2025-11-14T10:51:30,1763097690000,58,253.887408340596
2025-11-14T09:53:30,1763094210000,NIFTY,hybrid,0.9,,15,60,2025-11-14T10:52:30,1763097750000,59,252.55929907486288
2025-11-14T09:53:30,1763094210000,NIFTY,hybrid,0.9,,15,60,2025-11-14T10:53:30,1763097810000,60,253.7503822179261
2025-11-14T09:53:30,1763094210000,NIFTY,hybrid,0.9,,15,60,2025-11-14T09:54:30,1763094270000,1,256.6
2025-11-14T09:53:30,1763094210000,NIFTY,hybrid,0.9,,15,60,2025-11-14T09:55:30,1763094330000,2,257.03703851546265
2025-11-14T09:53:30,1763094210000,NIFTY,hybrid,0.9,,15,60,2025-11-14T09:56:30,1763094390000,3,256.9230256436366
2025-11-14T09:53:30,1763094210000,NIFTY,hybrid,0.9,,15,60,2025-11-14T09:57:30,1763094450000,4,257.1108456798348
2025-11-14T09:53:30,1763094210000,NIFTY,hybrid,0.9,,15,60,2025-11-14T09:58:30,1763094510000,5,256.68633947533135
2025-11-14T09:53:30,1763094210000,NIFTY,hybrid,0.9,,15,60,2025-11-14T09:59:30,1763094570000,6,256.72262339727274
2025-11-14T09:53:30,1763094210000,NIFTY,hybrid,0.9,,15,60,2025-11-14T10:00:30,1763094630000,7,255.8282083290905
2025-11-14T09:53:30,1763094210000,NIFTY,hybrid,0.9,,15,60,2025-11-14T10:01:30,1763094690000,8,256.300091342727
2025-11-14T09:53:30,1763094210000,NIFTY,hybrid,0.9,,15,60,2025-11-14T10:02:30,1763094750000,9,255.99820832909052
2025-11-14T09:53:30,1763094210000,NIFTY,hybrid,0.9,,15,60,2025-11-14T10:03:30,1763094810000,10,256.7468744378991
2025-11-14T09:53:30,1763094210000,NIFTY,hybrid,0.9,,15,60,2025-11-14T10:04:30,1763094870000,11,255.74946407203763
2025-11-14T09:53:30,1763094210000,NIFTY,hybrid,0.9,,15,60,2025-11-14T10:05:30,1763094930000,12,255.70831658810053
2025-11-14T09:53:30,1763094210000,NIFTY,hybrid,0.9,,15,60,2025-11-14T10:06:30,1763094990000,13,255.3004726317099
2025-11-14T09:53:30,1763094210000,NIFTY,hybrid,0.9,,15,60,2025-11-14T10:07:30,1763095050000,14,255.045212097421
2025-11-14T09:53:30,1763094210000,NIFTY,hybrid,0.9,,15,60,2025-11-14T10:08:30,1763095110000,15,254.81816947295877
2025-11-14T09:53:30,1763094210000,NIFTY,hybrid,0.9,,15,60,2025-11-14T10:09:30,1763095170000,16,254.24255343363433
2025-11-14T09:53:30,1763094210000,NIFTY,hybrid,0.9,,15,60,2025-11-14T10:10:30,1763095230000,17,254.15458103586866
2025-11-14T09:53:30,1763094210000,NIFTY,hybrid,0.9,,15,60,2025-11-14T10:11:30,1763095290000,18,254.54893139328632
2025-11-14T09:53:30,1763094210000,NIFTY,hybrid,0.9,,15,60,2025-11-14T10:12:30,1763095350000,19,254.94015225855603
2025-11-14T09:53:30,1763094210000,NIFTY,hybrid,0.9,,15,60,2025-11-14T10:13:30,1763095410000,20,255.0746853412379
2025-11-14T09:53:30,1763094210000,NIFTY,hybrid,0.9,,15,60,2025-11-14T10:14:30,1763095470000,21,255.09055113062442
2025-11-14T09:53:30,1763094210000,NIFTY,hybrid,0.9,,15,60,2025-11-14T10:15:30,1763095530000,22,255.14180687288703
2025-11-14T09:53:30,1763094210000,NIFTY,hybrid,0.9,,15,60,2025-11-14T10:16:30,1763095590000,23,255.07027402818088
2025-11-14T09:53:30,1763094210000,NIFTY,hybrid,0.9,,15,60,2025-11-14T10:17:30,1763095650000,24,255.15456827275412
2025-11-14T09:53:30,1763094210000,NIFTY,hybrid,0.9,,15,60,2025-11-14T10:18:30,1763095710000,25,254.9907676172717
2025-11-14T09:53:30,1763094210000,NIFTY,hybrid,0.9,,15,60,2025-11-14T10:19:30,1763095770000,26,255.3675548903964
2025-11-14T09:53:30,1763094210000,NIFTY,hybrid,0.9,,15,60,2025-11-14T10:20:30,1763095830000,27,254.85533019308164
2025-11-14T09:53:30,1763094210000,NIFTY,hybrid,0.9,,15,60,2025-11-14T10:21:30,1763095890000,28,255.861008752836
2025-11-14T09:53:30,1763094210000,NIFTY,hybrid,0.9,,15,60,2025-11-14T10:22:30,1763095950000,29,253.84468534123792
2025-11-14T09:53:30,1763094210000,NIFTY,hybrid,0.9,,15,60,2025-11-14T10:23:30,1763096010000,30,254.779630793184
2025-11-14T09:53:30,1763094210000,NIFTY,hybrid,0.9,,15,60,2025-11-14T10:24:30,1763096070000,31,253.1868123534501
2025-11-14T09:53:30,1763094210000,NIFTY,hybrid,0.9,,15,60,2025-11-14T10:25:30,1763096130000,32,254.42537187336822
2025-11-14T09:53:30,1763094210000,NIFTY,hybrid,0.9,,15,60,2025-11-14T10:26:30,1763096190000,33,253.85601804794257
2025-11-14T09:53:30,1763094210000,NIFTY,hybrid,0.9,,15,60,2025-11-14T10:27:30,1763096250000,34,254.29167625953767
2025-11-14T09:53:30,1763094210000,NIFTY,hybrid,0.9,,15,60,2025-11-14T10:28:30,1763096310000,35,252.96113379369575
2025-11-14T09:53:30,1763094210000,NIFTY,hybrid,0.9,,15,60,2025-11-14T10:29:30,1763096370000,36,254.15283968779985
2025-11-14T09:53:30,1763094210000,NIFTY,hybrid,0.9,,15,60,2025-11-14T10:30:30,1763096430000,37,253.0368331935934
2025-11-14T09:53:30,1763094210000,NIFTY,hybrid,0.9,,15,60,2025-11-14T10:31:30,1763096490000,38,254.04305536140177
2025-11-14T09:53:30,1763094210000,NIFTY,hybrid,0.9,,15,60,2025-11-14T10:32:30,1763096550000,39,253.22325283353197
2025-11-14T09:53:30,1763094210000,NIFTY,hybrid,0.9,,15,60,2025-11-14T10:33:30,1763096610000,40,255.27508148407165
2025-11-14T09:53:30,1763094210000,NIFTY,hybrid,0.9,,15,60,2025-11-14T10:34:30,1763096670000,41,252.2505177543713
2025-11-14T09:53:30,1763094210000,NIFTY,hybrid,0.9,,15,60,2025-11-14T10:35:30,1763096730000,42,254.8987874424601
2025-11-14T09:53:30,1763094210000,NIFTY,hybrid,0.9,,15,60,2025-11-14T10:36:30,1763096790000,43,252.7425951139209
2025-11-14T09:53:30,1763094210000,NIFTY,hybrid,0.9,,15,60,2025-11-14T10:37:30,1763096850000,44,254.08751175334774
2025-11-14T09:53:30,1763094210000,NIFTY,hybrid,0.9,,15,60,2025-11-14T10:38:30,1763096910000,45,253.48395223342965
2025-11-14T09:53:30,1763094210000,NIFTY,hybrid,0.9,,15,60,2025-11-14T10:39:30,1763096970000,46,254.07402882734195
2025-11-14T09:53:30,1763094210000,NIFTY,hybrid,0.9,,15,60,2025-11-14T10:40:30,1763097030000,47,253.12201992782855
2025-11-14T09:53:30,1763094210000,NIFTY,hybrid,0.9,,15,60,2025-11-14T10:41:30,1763097090000,48,254.64180687288703
2025-11-14T09:53:30,1763094210000,NIFTY,hybrid,0.9,,15,60,2025-11-14T10:42:30,1763097150000,49,253.1179537624648
2025-11-14T09:53:30,1763094210000,NIFTY,hybrid,0.9,,15,60,2025-11-14T10:43:30,1763097210000,50,254.5443545144192
2025-11-14T09:53:30,1763094210000,NIFTY,hybrid,0.9,,15,60,2025-11-14T10:44:30,1763097270000,51,253.4405511306244
2025-11-14T09:53:30,1763094210000,NIFTY,hybrid,0.9,,15,60,2025-11-14T10:45:30,1763097330000,52,253.96943446326586
2025-11-14T09:53:30,1763094210000,NIFTY,hybrid,0.9,,15,60,2025-11-14T10:46:30,1763097390000,53,253.02759511392094
2025-11-14T09:53:30,1763094210000,NIFTY,hybrid,0.9,,15,60,2025-11-14T10:47:30,1763097450000,54,254.14753259349104
2025-11-14T09:53:30,1763094210000,NIFTY,hybrid,0.9,,15,60,2025-11-14T10:48:30,1763097510000,55,252.42986581046972
2025-11-14T09:53:30,1763094210000,NIFTY,hybrid,0.9,,15,60,2025-11-14T10:49:30,1763097570000,56,253.897408340596
2025-11-14T09:53:30,1763094210000,NIFTY,hybrid,0.9,,15,60,2025-11-14T10:50:30,1763097630000,57,252.6355584751587
2025-11-14T09:53:30,1763094210000,NIFTY,hybrid,0.9,,15,60,2025-11-14T10:51:30,1763097690000,58,253.887408340596
2025-11-14T09:53:30,1763094210000,NIFTY,hybrid,0.9,,15,60,2025-11-14T10:52:30,1763097750000,59,252.55929907486288
2025-11-14T09:53:30,1763094210000,NIFTY,hybrid,0.9,,15,60,2025-11-14T10:53:30,1763097810000,60,253.7503822179261
2025-11-14T09:53:30,1763094210000,NIFTY,hybrid,0.9,,15,60,2025-11-14T09:54:30,1763094270000,1,256.6
2025-11-14T09:53:30,1763094210000,NIFTY,hybrid,0.9,,15,60,2025-11-14T09:55:30,1763094330000,2,257.03703851546265
2025-11-14T09:53:30,1763094210000,NIFTY,hybrid,0.9,,15,60,2025-11-14T09:56:30,1763094390000,3,256.9230256436366
2025-11-14T09:53:30,1763094210000,NIFTY,hybrid,0.9,,15,60,2025-11-14T09:57:30,1763094450000,4,257.1108456798348
2025-11-14T09:53:30,1763094210000,NIFTY,hybrid,0.9,,15,60,2025-11-14T09:58:30,1763094510000,5,256.68633947533135
2025-11-14T09:53:30,1763094210000,NIFTY,hybrid,0.9,,15,60,2025-11-14T09:59:30,1763094570000,6,256.72262339727274
2025-11-14T09:53:30,1763094210000,NIFTY,hybrid,0.9,,15,60,2025-11-14T10:00:30,1763094630000,7,255.8282083290905
2025-11-14T09:53:30,1763094210000,NIFTY,hybrid,0.9,,15,60,2025-11-14T10:01:30,1763094690000,8,256.300091342727
2025-11-14T09:53:30,1763094210000,NIFTY,hybrid,0.9,,15,60,2025-11-14T10:02:30,1763094750000,9,255.99820832909052
2025-11-14T09:53:30,1763094210000,NIFTY,hybrid,0.9,,15,60,2025-11-14T10:03:30,1763094810000,10,256.7468744378991
2025-11-14T09:53:30,1763094210000,NIFTY,hybrid,0.9,,15,60,2025-11-14T10:04:30,1763094870000,11,255.74946407203763
2025-11-14T09:53:30,1763094210000,NIFTY,hybrid,0.9,,15,60,2025-11-14T10:05:30,1763094930000,12,255.70831658810053
2025-11-14T09:53:30,1763094210000,NIFTY,hybrid,0.9,,15,60,2025-11-14T10:06:30,1763094990000,13,255.3004726317099
2025-11-14T09:53:30,1763094210000,NIFTY,hybrid,0.9,,15,60,2025-11-14T10:07:30,1763095050000,14,255.045212097421
2025-11-14T09:53:30,1763094210000,NIFTY,hybrid,0.9,,15,60,2025-11-14T10:08:30,1763095110000,15,254.81816947295877
2025-11-14T09:53:30,1763094210000,NIFTY,hybrid,0.9,,15,60,2025-11-14T10:09:30,1763095170000,16,254.24255343363433
2025-11-14T09:53:30,1763094210000,NIFTY,hybrid,0.9,,15,60,2025-11-14T10:10:30,1763095230000,17,254.15458103586866
2025-11-14T09:53:30,1763094210000,NIFTY,hybrid,0.9,,15,60,2025-11-14T10:11:30,1763095290000,18,254.54893139328632
2025-11-14T09:53:30,1763094210000,NIFTY,hybrid,0.9,,15,60,2025-11-14T10:12:30,1763095350000,19,254.94015225855603
2025-11-14T09:53:30,1763094210000,NIFTY,hybrid,0.9,,15,60,2025-11-14T10:13:30,1763095410000,20,255.0746853412379
2025-11-14T09:53:30,1763094210000,NIFTY,hybrid,0.9,,15,60,2025-11-14T10:14:30,1763095470000,21,255.09055113062442
2025-11-14T09:53:30,1763094210000,NIFTY,hybrid,0.9,,15,60,2025-11-14T10:15:30,1763095530000,22,255.14180687288703
2025-11-14T09:53:30,1763094210000,NIFTY,hybrid,0.9,,15,60,2025-11-14T10:16:30,1763095590000,23,255.07027402818088
2025-11-14T09:53:30,1763094210000,NIFTY,hybrid,0.9,,15,60,2025-11-14T10:17:30,1763095650000,24,255.15456827275412
2025-11-14T09:53:30,1763094210000,NIFTY,hybrid,0.9,,15,60,2025-11-14T10:18:30,1763095710000,25,254.9907676172717
2025-11-14T09:53:30,1763094210000,NIFTY,hybrid,0.9,,15,60,2025-11-14T10:19:30,1763095770000,26,255.3675548903964
2025-11-14T09:53:30,1763094210000,NIFTY,hybrid,0.9,,15,60,2025-11-14T10:20:30,1763095830000,27,254.85533019308164
2025-11-14T09:53:30,1763094210000,NIFTY,hybrid,0.9,,15,60,2025-11-14T10:21:30,1763095890000,28,255.861008752836
2025-11-14T09:53:30,1763094210000,NIFTY,hybrid,0.9,,15,60,2025-11-14T10:22:30,1763095950000,29,253.84468534123792
2025-11-14T09:53:30,1763094210000,NIFTY,hybrid,0.9,,15,60,2025-11-14T10:23:30,1763096010000,30,254.779630793184
2025-11-14T09:53:30,1763094210000,NIFTY,hybrid,0.9,,15,60,2025-11-14T10:24:30,1763096070000,31,253.1868123534501
2025-11-14T09:53:30,1763094210000,NIFTY,hybrid,0.9,,15,60,2025-11-14T10:25:30,1763096130000,32,254.42537187336822
2025-11-14T09:53:30,1763094210000,NIFTY,hybrid,0.9,,15,60,2025-11-14T10:26:30,1763096190000,33,253.85601804794257
2025-11-14T09:53:30,1763094210000,NIFTY,hybrid,0.9,,15,60,2025-11-14T10:27:30,1763096250000,34,254.29167625953767
2025-11-14T09:53:30,1763094210000,NIFTY,hybrid,0.9,,15,60,2025-11-14T10:28:30,1763096310000,35,252.96113379369575
2025-11-14T09:53:30,1763094210000,NIFTY,hybrid,0.9,,15,60,2025-11-14T10:29:30,1763096370000,36,254.15283968779985
2025-11-14T09:53:30,1763094210000,NIFTY,hybrid,0.9,,15,60,2025-11-14T10:30:30,1763096430000,37,253.0368331935934
2025-11-14T09:53:30,1763094210000,NIFTY,hybrid,0.9,,15,60,2025-11-14T10:31:30,1763096490000,38,254.04305536140177
2025-11-14T09:53:30,1763094210000,NIFTY,hybrid,0.9,,15,60,2025-11-14T10:32:30,1763096550000,39,253.22325283353197
2025-11-14T09:53:30,1763094210000,NIFTY,hybrid,0.9,,15,60,2025-11-14T10:33:30,1763096610000,40,255.27508148407165
2025-11-14T09:53:30,1763094210000,NIFTY,hybrid,0.9,,15,60,2025-11-14T10:34:30,1763096670000,41,252.2505177543713
2025-11-14T09:53:30,1763094210000,NIFTY,hybrid,0.9,,15,60,2025-11-14T10:35:30,1763096730000,42,254.8987874424601
2025-11-14T09:53:30,1763094210000,NIFTY,hybrid,0.9,,15,60,2025-11-14T10:36:30,1763096790000,43,252.7425951139209
2025-11-14T09:53:30,1763094210000,NIFTY,hybrid,0.9,,15,60,2025-11-14T10:37:30,1763096850000,44,254.08751175334774
2025-11-14T09:53:30,1763094210000,NIFTY,hybrid,0.9,,15,60,2025-11-14T10:38:30,1763096910000,45,253.48395223342965
2025-11-14T09:53:30,1763094210000,NIFTY,hybrid,0.9,,15,60,2025-11-14T10:39:30,1763096970000,46,254.07402882734195
2025-11-14T09:53:30,1763094210000,NIFTY,hybrid,0.9,,15,60,2025-11-14T10:40:30,1763097030000,47,253.12201992782855
2025-11-14T09:53:30,1763094210000,NIFTY,hybrid,0.9,,15,60,2025-11-14T10:41:30,1763097090000,48,254.64180687288703
2025-11-14T09:53:30,1763094210000,NIFTY,hybrid,0.9,,15,60,2025-11-14T10:42:30,1763097150000,49,253.1179537624648
2025-11-14T09:53:30,1763094210000,NIFTY,hybrid,0.9,,15,60,2025-11-14T10:43:30,1763097210000,50,254.5443545144192
2025-11-14T09:53:30,1763094210000,NIFTY,hybrid,0.9,,15,60,2025-11-14T10:44:30,1763097270000,51,253.4405511306244
2025-11-14T09:53:30,1763094210000,NIFTY,hybrid,0.9,,15,60,2025-11-14T10:45:30,1763097330000,52,253.96943446326586
2025-11-14T09:53:30,1763094210000,NIFTY,hybrid,0.9,,15,60,2025-11-14T10:46:30,1763097390000,53,253.02759511392094
2025-11-14T09:53:30,1763094210000,NIFTY,hybrid,0.9,,15,60,2025-11-14T10:47:30,1763097450000,54,254.14753259349104
2025-11-14T09:53:30,1763094210000,NIFTY,hybrid,0.9,,15,60,2025-11-14T10:48:30,1763097510000,55,252.42986581046972
2025-11-14T09:53:30,1763094210000,NIFTY,hybrid,0.9,,15,60,2025-11-14T10:49:30,1763097570000,56,253.897408340596
2025-11-14T09:53:30,1763094210000,NIFTY,hybrid,0.9,,15,60,2025-11-14T10:50:30,1763097630000,57,252.6355584751587
2025-11-14T09:53:30,1763094210000,NIFTY,hybrid,0.9,,15,60,2025-11-14T10:51:30,1763097690000,58,253.887408340596
2025-11-14T09:53:30,1763094210000,NIFTY,hybrid,0.9,,15,60,2025-11-14T10:52:30,1763097750000,59,252.55929907486288
2025-11-14T09:53:30,1763094210000,NIFTY,hybrid,0.9,,15,60,2025-11-14T10:53:30,1763097810000,60,253.7503822179261
2025-11-14T09:53:30,1763094210000,NIFTY,hybrid,0.9,,15,60,2025-11-14T09:54:30,1763094270000,1,256.6
2025-11-14T09:53:30,1763094210000,NIFTY,hybrid,0.9,,15,60,2025-11-14T09:55:30,1763094330000,2,257.03703851546265
2025-11-14T09:53:30,1763094210000,NIFTY,hybrid,0.9,,15,60,2025-11-14T09:56:30,1763094390000,3,256.9230256436366
2025-11-14T09:53:30,1763094210000,NIFTY,hybrid,0.9,,15,60,2025-11-14T09:57:30,1763094450000,4,257.1108456798348
2025-11-14T09:53:30,1763094210000,NIFTY,hybrid,0.9,,15,60,2025-11-14T09:58:30,1763094510000,5,256.68633947533135
2025-11-14T09:53:30,1763094210000,NIFTY,hybrid,0.9,,15,60,2025-11-14T09:59:30,1763094570000,6,256.72262339727274
2025-11-14T09:53:30,1763094210000,NIFTY,hybrid,0.9,,15,60,2025-11-14T10:00:30,1763094630000,7,255.8282083290905
2025-11-14T09:53:30,1763094210000,NIFTY,hybrid,0.9,,15,60,2025-11-14T10:01:30,1763094690000,8,256.300091342727
2025-11-14T09:53:30,1763094210000,NIFTY,hybrid,0.9,,15,60,2025-11-14T10:02:30,1763094750000,9,255.99820832909052
2025-11-14T09:53:30,1763094210000,NIFTY,hybrid,0.9,,15,60,2025-11-14T10:03:30,1763094810000,10,256.7468744378991
2025-11-14T09:53:30,1763094210000,NIFTY,hybrid,0.9,,15,60,2025-11-14T10:04:30,1763094870000,11,255.74946407203763
2025-11-14T09:53:30,1763094210000,NIFTY,hybrid,0.9,,15,60,2025-11-14T10:05:30,1763094930000,12,255.70831658810053
2025-11-14T09:53:30,1763094210000,NIFTY,hybrid,0.9,,15,60,2025-11-14T10:06:30,1763094990000,13,255.3004726317099
2025-11-14T09:53:30,1763094210000,NIFTY,hybrid,0.9,,15,60,2025-11-14T10:07:30,1763095050000,14,255.045212097421
2025-11-14T09:53:30,1763094210000,NIFTY,hybrid,0.9,,15,60,2025-11-14T10:08:30,1763095110000,15,254.81816947295877
2025-11-14T09:53:30,1763094210000,NIFTY,hybrid,0.9,,15,60,2025-11-14T10:09:30,1763095170000,16,254.24255343363433
2025-11-14T09:53:30,1763094210000,NIFTY,hybrid,0.9,,15,60,2025-11-14T10:10:30,1763095230000,17,254.15458103586866
2025-11-14T09:53:30,1763094210000,NIFTY,hybrid,0.9,,15,60,2025-11-14T10:11:30,1763095290000,18,254.54893139328632
2025-11-14T09:53:30,1763094210000,NIFTY,hybrid,0.9,,15,60,2025-11-14T10:12:30,1763095350000,19,254.94015225855603
2025-11-14T09:53:30,1763094210000,NIFTY,hybrid,0.9,,15,60,2025-11-14T10:13:30,1763095410000,20,255.0746853412379
2025-11-14T09:53:30,1763094210000,NIFTY,hybrid,0.9,,15,60,2025-11-14T10:14:30,1763095470000,21,255.09055113062442
2025-11-14T09:53:30,1763094210000,NIFTY,hybrid,0.9,,15,60,2025-11-14T10:15:30,1763095530000,22,255.14180687288703
2025-11-14T09:53:30,1763094210000,NIFTY,hybrid,0.9,,15,60,2025-11-14T10:16:30,1763095590000,23,255.07027402818088
2025-11-14T09:53:30,1763094210000,NIFTY,hybrid,0.9,,15,60,2025-11-14T10:17:30,1763095650000,24,255.15456827275412
2025-11-14T09:53:30,1763094210000,NIFTY,hybrid,0.9,,15,60,2025-11-14T10:18:30,1763095710000,25,254.9907676172717
2025-11-14T09:53:30,1763094210000,NIFTY,hybrid,0.9,,15,60,2025-11-14T10:19:30,1763095770000,26,255.3675548903964
2025-11-14T09:53:30,1763094210000,NIFTY,hybrid,0.9,,15,60,2025-11-14T10:20:30,1763095830000,27,254.85533019308164
2025-11-14T09:53:30,1763094210000,NIFTY,hybrid,0.9,,15,60,2025-11-14T10:21:30,1763095890000,28,255.861008752836
2025-11-14T09:53:30,1763094210000,NIFTY,hybrid,0.9,,15,60,2025-11-14T10:22:30,1763095950000,29,253.84468534123792
2025-11-14T09:53:30,1763094210000,NIFTY,hybrid,0.9,,15,60,2025-11-14T10:23:30,1763096010000,30,254.779630793184
2025-11-14T09:53:30,1763094210000,NIFTY,hybrid,0.9,,15,60,2025-11-14T10:24:30,1763096070000,31,253.1868123534501
2025-11-14T09:53:30,1763094210000,NIFTY,hybrid,0.9,,15,60,2025-11-14T10:25:30,1763096130000,32,254.42537187336822
2025-11-14T09:53:30,1763094210000,NIFTY,hybrid,0.9,,15,60,2025-11-14T10:26:30,1763096190000,33,253.85601804794257
2025-11-14T09:53:30,1763094210000,NIFTY,hybrid,0.9,,15,60,2025-11-14T10:27:30,1763096250000,34,254.29167625953767
2025-11-14T09:53:30,1763094210000,NIFTY,hybrid,0.9,,15,60,2025-11-14T10:28:30,1763096310000,35,252.96113379369575
2025-11-14T09:53:30,1763094210000,NIFTY,hybrid,0.9,,15,60,2025-11-14T10:29:30,1763096370000,36,254.15283968779985
2025-11-14T09:53:30,1763094210000,NIFTY,hybrid,0.9,,15,60,2025-11-14T10:30:30,1763096430000,37,253.0368331935934
2025-11-14T09:53:30,1763094210000,NIFTY,hybrid,0.9,,15,60,2025-11-14T10:31:30,1763096490000,38,254.04305536140177
2025-11-14T09:53:30,1763094210000,NIFTY,hybrid,0.9,,15,60,2025-11-14T10:32:30,1763096550000,39,253.22325283353197
2025-11-14T09:53:30,1763094210000,NIFTY,hybrid,0.9,,15,60,2025-11-14T10:33:30,1763096610000,40,255.27508148407165
2025-11-14T09:53:30,1763094210000,NIFTY,hybrid,0.9,,15,60,2025-11-14T10:34:30,1763096670000,41,252.2505177543713
2025-11-14T09:53:30,1763094210000,NIFTY,hybrid,0.9,,15,60,2025-11-14T10:35:30,1763096730000,42,254.8987874424601
2025-11-14T09:53:30,1763094210000,NIFTY,hybrid,0.9,,15,60,2025-11-14T10:36:30,1763096790000,43,252.7425951139209
2025-11-14T09:53:30,1763094210000,NIFTY,hybrid,0.9,,15,60,2025-11-14T10:37:30,1763096850000,44,254.08751175334774
2025-11-14T09:53:30,1763094210000,NIFTY,hybrid,0.9,,15,60,2025-11-14T10:38:30,1763096910000,45,253.48395223342965
2025-11-14T09:53:30,1763094210000,NIFTY,hybrid,0.9,,15,60,2025-11-14T10:39:30,1763096970000,46,254.07402882734195
2025-11-14T09:53:30,1763094210000,NIFTY,hybrid,0.9,,15,60,2025-11-14T10:40:30,1763097030000,47,253.12201992782855
2025-11-14T09:53:30,1763094210000,NIFTY,hybrid,0.9,,15,60,2025-11-14T10:41:30,1763097090000,48,254.64180687288703
2025-11-14T09:53:30,1763094210000,NIFTY,hybrid,0.9,,15,60,2025-11-14T10:42:30,1763097150000,49,253.1179537624648
2025-11-14T09:53:30,1763094210000,NIFTY,hybrid,0.9,,15,60,2025-11-14T10:43:30,1763097210000,50,254.5443545144192
2025-11-14T09:53:30,1763094210000,NIFTY,hybrid,0.9,,15,60,2025-11-14T10:44:30,1763097270000,51,253.4405511306244
2025-11-14T09:53:30,1763094210000,NIFTY,hybrid,0.9,,15,60,2025-11-14T10:45:30,1763097330000,52,253.96943446326586
2025-11-14T09:53:30,1763094210000,NIFTY,hybrid,0.9,,15,60,2025-11-14T10:46:30,1763097390000,53,253.02759511392094
2025-11-14T09:53:30,1763094210000,NIFTY,hybrid,0.9,,15,60,2025-11-14T10:47:30,1763097450000,54,254.14753259349104
2025-11-14T09:53:30,1763094210000,NIFTY,hybrid,0.9,,15,60,2025-11-14T10:48:30,1763097510000,55,252.42986581046972
2025-11-14T09:53:30,1763094210000,NIFTY,hybrid,0.9,,15,60,2025-11-14T10:49:30,1763097570000,56,253.897408340596
2025-11-14T09:53:30,1763094210000,NIFTY,hybrid,0.9,,15,60,2025-11-14T10:50:30,1763097630000,57,252.6355584751587
2025-11-14T09:53:30,1763094210000,NIFTY,hybrid,0.9,,15,60,2025-11-14T10:51:30,1763097690000,58,253.887408340596
2025-11-14T09:53:30,1763094210000,NIFTY,hybrid,0.9,,15,60,2025-11-14T10:52:30,1763097750000,59,252.55929907486288
2025-11-14T09:53:30,1763094210000,NIFTY,hybrid,0.9,,15,60,2025-11-14T10:53:30,1763097810000,60,253.7503822179261
2025-11-14T09:53:30,1763094210000,NIFTY,hybrid,0.8928571428571429,,20,180,2025-11-14T09:54:30,1763094270000,1,256.6
2025-11-14T09:53:30,1763094210000,NIFTY,hybrid,0.8928571428571429,,20,180,2025-11-14T09:55:30,1763094330000,2,256.9913249850981
2025-11-14T09:53:30,1763094210000,NIFTY,hybrid,0.8928571428571429,,20,180,2025-11-14T09:56:30,1763094390000,3,256.9582360069557
2025-11-14T09:53:30,1763094210000,NIFTY,hybrid,0.8928571428571429,,20,180,2025-11-14T09:57:30,1763094450000,4,256.98182989025395
2025-11-14T09:53:30,1763094210000,NIFTY,hybrid,0.8928571428571429,,20,180,2025-11-14T09:58:30,1763094510000,5,256.85318682034324
2025-11-14T09:53:30,1763094210000,NIFTY,hybrid,0.8928571428571429,,20,180,2025-11-14T09:59:30,1763094570000,6,257.15266373497275
2025-11-14T09:53:30,1763094210000,NIFTY,hybrid,0.8928571428571429,,20,180,2025-11-14T10:00:30,1763094630000,7,256.820285027895
2025-11-14T09:53:30,1763094210000,NIFTY,hybrid,0.8928571428571429,,20,180,2025-11-14T10:01:30,1763094690000,8,257.19798554968395
2025-11-14T09:53:30,1763094210000,NIFTY,hybrid,0.8928571428571429,,20,180,2025-11-14T10:02:30,1763094750000,9,256.92295680055906
2025-11-14T09:53:30,1763094210000,NIFTY,hybrid,0.8928571428571429,,20,180,2025-11-14T10:03:30,1763094810000,10,257.2683460077178
2025-11-14T09:53:30,1763094210000,NIFTY,hybrid,0.8928571428571429,,20,180,2025-11-14T10:04:30,1763094870000,11,256.7553406080083
2025-11-14T09:53:30,1763094210000,NIFTY,hybrid,0.8928571428571429,,20,180,2025-11-14T10:05:30,1763094930000,12,257.428177011347
2025-11-14T09:53:30,1763094210000,NIFTY,hybrid,0.8928571428571429,,20,180,2025-11-14T10:06:30,1763094990000,13,256.96695133777234
2025-11-14T09:53:30,1763094210000,NIFTY,hybrid,0.8928571428571429,,20,180,2025-11-14T10:07:30,1763095050000,14,257.16419684784864
2025-11-14T09:53:30,1763094210000,NIFTY,hybrid,0.8928571428571429,,20,180,2025-11-14T10:08:30,1763095110000,15,256.8710778204657
2025-11-14T09:53:30,1763094210000,NIFTY,hybrid,0.8928571428571429,,20,180,2025-11-14T10:09:30,1763095170000,16,257.19631835568845
2025-11-14T09:53:30,1763094210000,NIFTY,hybrid,0.8928571428571429,,20,180,2025-11-14T10:10:30,1763095230000,17,256.8261593508447
2025-11-14T09:53:30,1763094210000,NIFTY,hybrid,0.8928571428571429,,20,180,2025-11-14T10:11:30,1763095290000,18,257.4740725355697
2025-11-14T09:53:30,1763094210000,NIFTY,hybrid,0.8928571428571429,,20,180,2025-11-14T10:12:30,1763095350000,19,256.7601090472475
2025-11-14T09:53:30,1763094210000,NIFTY,hybrid,0.8928571428571429,,20,180,2025-11-14T10:13:30,1763095410000,20,257.32378491087854
2025-11-14T09:53:30,1763094210000,NIFTY,hybrid,0.8928571428571429,,20,180,2025-11-14T10:14:30,1763095470000,21,256.852864522975
2025-11-14T09:53:30,1763094210000,NIFTY,hybrid,0.8928571428571429,,20,180,2025-11-14T10:15:30,1763095530000,22,257.2735718480316
2025-11-14T09:53:30,1763094210000,NIFTY,hybrid,0.8928571428571429,,20,180,2025-11-14T10:16:30,1763095590000,23,256.46894735508386
2025-11-14T09:53:30,1763094210000,NIFTY,hybrid,0.8928571428571429,,20,180,2025-11-14T10:17:30,1763095650000,24,257.22939028481653
2025-11-14T09:53:30,1763094210000,NIFTY,hybrid,0.8928571428571429,,20,180,2025-11-14T10:18:30,1763095710000,25,256.8690486169638
2025-11-14T09:53:30,1763094210000,NIFTY,hybrid,0.8928571428571429,,20,180,2025-11-14T10:19:30,1763095770000,26,257.8131359335039
2025-11-14T09:53:30,1763094210000,NIFTY,hybrid,0.8928571428571429,,20,180,2025-11-14T10:20:30,1763095830000,27,256.9203870324909
2025-11-14T09:53:30,1763094210000,NIFTY,hybrid,0.8928571428571429,,20,180,2025-11-14T10:21:30,1763095890000,28,257.80935758586224
2025-11-14T09:53:30,1763094210000,NIFTY,hybrid,0.8928571428571429,,20,180,2025-11-14T10:22:30,1763095950000,29,255.29509110558988
2025-11-14T09:53:30,1763094210000,NIFTY,hybrid,0.8928571428571429,,20,180,2025-11-14T10:23:30,1763096010000,30,256.8365957675642
2025-11-14T09:53:30,1763094210000,NIFTY,hybrid,0.8928571428571429,,20,180,2025-11-14T10:24:30,1763096070000,31,255.4780665565398
2025-11-14T09:53:30,1763094210000,NIFTY,hybrid,0.8928571428571429,,20,180,2025-11-14T10:25:30,1763096130000,32,256.7535751684857
2025-11-14T09:53:30,1763094210000,NIFTY,hybrid,0.8928571428571429,,20,180,2025-11-14T10:26:30,1763096190000,33,255.57013328108488
2025-11-14T09:53:30,1763094210000,NIFTY,hybrid,0.8928571428571429,,20,180,2025-11-14T10:27:30,1763096250000,34,256.81846986945015
2025-11-14T09:53:30,1763094210000,NIFTY,hybrid,0.8928571428571429,,20,180,2025-11-14T10:28:30,1763096310000,35,255.57960903150246
2025-11-14T09:53:30,1763094210000,NIFTY,hybrid,0.8928571428571429,,20,180,2025-11-14T10:29:30,1763096370000,36,256.95436158800635
2025-11-14T09:53:30,1763094210000,NIFTY,hybrid,0.8928571428571429,,20,180,2025-11-14T10:30:30,1763096430000,37,255.5141986511463
2025-11-14T09:53:30,1763094210000,NIFTY,hybrid,0.8928571428571429,,20,180,2025-11-14T10:31:30,1763096490000,38,256.510222161673
2025-11-14T09:53:30,1763094210000,NIFTY,hybrid,0.8928571428571429,,20,180,2025-11-14T10:32:30,1763096550000,39,255.49419625006675
2025-11-14T09:53:30,1763094210000,NIFTY,hybrid,0.8928571428571429,,20,180,2025-11-14T10:33:30,1763096610000,40,257.4908165566708
2025-11-14T09:53:30,1763094210000,NIFTY,hybrid,0.8928571428571429,,20,180,2025-11-14T10:34:30,1763096670000,41,255.24037139019327
2025-11-14T09:53:30,1763094210000,NIFTY,hybrid,0.8928571428571429,,20,180,2025-11-14T10:35:30,1763096730000,42,257.6116563948295
2025-11-14T09:53:30,1763094210000,NIFTY,hybrid,0.8928571428571429,,20,180,2025-11-14T10:36:30,1763096790000,43,254.99811158974674
2025-11-14T09:53:30,1763094210000,NIFTY,hybrid,0.8928571428571429,,20,180,2025-11-14T10:37:30,1763096850000,44,255.91440872642076
2025-11-14T09:53:30,1763094210000,NIFTY,hybrid,0.8928571428571429,,20,180,2025-11-14T10:38:30,1763096910000,45,254.7271182983777
2025-11-14T09:53:30,1763094210000,NIFTY,hybrid,0.8928571428571429,,20,180,2025-11-14T10:39:30,1763096970000,46,255.63389964714187
2025-11-14T09:53:30,1763094210000,NIFTY,hybrid,0.8928571428571429,,20,180,2025-11-14T10:40:30,1763097030000,47,254.4327449326735
2025-11-14T09:53:30,1763094210000,NIFTY,hybrid,0.8928571428571429,,20,180,2025-11-14T10:41:30,1763097090000,48,255.79241795729428
2025-11-14T09:53:30,1763094210000,NIFTY,hybrid,0.8928571428571429,,20,180,2025-11-14T10:42:30,1763097150000,49,254.40235858186801
2025-11-14T09:53:30,1763094210000,NIFTY,hybrid,0.8928571428571429,,20,180,2025-11-14T10:43:30,1763097210000,50,256.2638685296816
2025-11-14T09:53:30,1763094210000,NIFTY,hybrid,0.8928571428571429,,20,180,2025-11-14T10:44:30,1763097270000,51,254.67281002216677
2025-11-14T09:53:30,1763094210000,NIFTY,hybrid,0.8928571428571429,,20,180,2025-11-14T10:45:30,1763097330000,52,256.01308167365846
2025-11-14T09:53:30,1763094210000,NIFTY,hybrid,0.8928571428571429,,20,180,2025-11-14T10:46:30,1763097390000,53,255.06568764716292
2025-11-14T09:53:30,1763094210000,NIFTY,hybrid,0.8928571428571429,,20,180,2025-11-14T10:47:30,1763097450000,54,255.71780008708475
2025-11-14T09:53:30,1763094210000,NIFTY,hybrid,0.8928571428571429,,20,180,2025-11-14T10:48:30,1763097510000,55,253.8319292324976
2025-11-14T09:53:30,1763094210000,NIFTY,hybrid,0.8928571428571429,,20,180,2025-11-14T10:49:30,1763097570000,56,256.0106315653221
2025-11-14T09:53:30,1763094210000,NIFTY,hybrid,0.8928571428571429,,20,180,2025-11-14T10:50:30,1763097630000,57,254.50359847613316
2025-11-14T09:53:30,1763094210000,NIFTY,hybrid,0.8928571428571429,,20,180,2025-11-14T10:51:30,1763097690000,58,256.35830623927137
2025-11-14T09:53:30,1763094210000,NIFTY,hybrid,0.8928571428571429,,20,180,2025-11-14T10:52:30,1763097750000,59,254.1334088222493
2025-11-14T09:53:30,1763094210000,NIFTY,hybrid,0.8928571428571429,,20,180,2025-11-14T10:53:30,1763097810000,60,255.8688728546713
2025-11-14T09:54:00,1763094240000,NIFTY,hybrid,0.9,21,15,60,2025-11-14T09:55:00,1763094300000,1,256.3
2025-11-14T09:54:00,1763094240000,NIFTY,hybrid,0.9,21,15,60,2025-11-14T09:56:00,1763094360000,2,255.94709749358395
2025-11-14T09:54:00,1763094240000,NIFTY,hybrid,0.9,21,15,60,2025-11-14T09:57:00,1763094420000,3,256.38170236108044
2025-11-14T09:54:00,1763094240000,NIFTY,hybrid,0.9,21,15,60,2025-11-14T09:58:00,1763094480000,4,255.55944643605704
2025-11-14T09:54:00,1763094240000,NIFTY,hybrid,0.9,21,15,60,2025-11-14T09:59:00,1763094540000,5,256.4621339755266
2025-11-14T09:54:00,1763094240000,NIFTY,hybrid,0.9,21,15,60,2025-11-14T10:00:00,1763094600000,6,256.6664930816547
2025-11-14T09:54:00,1763094240000,NIFTY,hybrid,0.9,21,15,60,2025-11-14T10:01:00,1763094660000,7,256.6602886665623
2025-11-14T09:54:00,1763094240000,NIFTY,hybrid,0.9,21,15,60,2025-11-14T10:02:00,1763094720000,8,255.94062770508933
2025-11-14T09:54:00,1763094240000,NIFTY,hybrid,0.9,21,15,60,2025-11-14T10:03:00,1763094780000,9,256.7060907412723
2025-11-14T09:54:00,1763094240000,NIFTY,hybrid,0.9,21,15,60,2025-11-14T10:04:00,1763094840000,10,256.0306277050893
2025-11-14T09:54:00,1763094240000,NIFTY,hybrid,0.9,21,15,60,2025-11-14T10:05:00,1763094900000,11,256.5240021557389
2025-11-14T09:54:00,1763094240000,NIFTY,hybrid,0.9,21,15,60,2025-11-14T10:06:00,1763094960000,12,256.09033465376314
2025-11-14T09:54:00,1763094240000,NIFTY,hybrid,0.9,21,15,60,2025-11-14T10:07:00,1763095020000,13,255.54650232720402
2025-11-14T09:54:00,1763094240000,NIFTY,hybrid,0.9,21,15,60,2025-11-14T10:08:00,1763095080000,14,255.2000775034689
2025-11-14T09:54:00,1763094240000,NIFTY,hybrid,0.9,21,15,60,2025-11-14T10:09:00,1763095140000,15,256.7301450132577
2025-11-14T09:54:00,1763094240000,NIFTY,hybrid,0.9,21,15,60,2025-11-14T10:10:00,1763095200000,16,256.6770952892009
2025-11-14T09:54:00,1763094240000,NIFTY,hybrid,0.9,21,15,60,2025-11-14T10:11:00,1763095260000,17,256.5075303029755
2025-11-14T09:54:00,1763094240000,NIFTY,hybrid,0.9,21,15,60,2025-11-14T10:12:00,1763095320000,18,254.665316526308
2025-11-14T09:54:00,1763094240000,NIFTY,hybrid,0.9,21,15,60,2025-11-14T10:13:00,1763095380000,19,254.61857485713128
2025-11-14T09:54:00,1763094240000,NIFTY,hybrid,0.9,21,15,60,2025-11-14T10:14:00,1763095440000,20,256.10671097012005
2025-11-14T09:54:00,1763094240000,NIFTY,hybrid,0.9,21,15,60,2025-11-14T10:15:00,1763095500000,21,256.3344012836488
2025-11-14T09:54:00,1763094240000,NIFTY,hybrid,0.9,21,15,60,2025-11-14T10:16:00,1763095560000,22,256.1839625778508
2025-11-14T09:54:00,1763094240000,NIFTY,hybrid,0.9,21,15,60,2025-11-14T10:17:00,1763095620000,23,255.18395746778563
2025-11-14T09:54:00,1763094240000,NIFTY,hybrid,0.9,21,15,60,2025-11-14T10:18:00,1763095680000,24,254.77106717548605
2025-11-14T09:54:00,1763094240000,NIFTY,hybrid,0.9,21,15,60,2025-11-14T10:19:00,1763095740000,25,255.16913661555787
2025-11-14T09:54:00,1763094240000,NIFTY,hybrid,0.9,21,15,60,2025-11-14T10:20:00,1763095800000,26,253.32343441752465
2025-11-14T09:54:00,1763094240000,NIFTY,hybrid,0.9,21,15,60,2025-11-14T10:21:00,1763095860000,27,254.41060504577035
2025-11-14T09:54:00,1763094240000,NIFTY,hybrid,0.9,21,15,60,2025-11-14T10:22:00,1763095920000,28,252.95736788559114
2025-11-14T09:54:00,1763094240000,NIFTY,hybrid,0.9,21,15,60,2025-11-14T10:23:00,1763095980000,29,254.08281743918536
2025-11-14T09:54:00,1763094240000,NIFTY,hybrid,0.9,21,15,60,2025-11-14T10:24:00,1763096040000,30,253.03927705516452
2025-11-14T09:54:00,1763094240000,NIFTY,hybrid,0.9,21,15,60,2025-11-14T10:25:00,1763096100000,31,254.33614507693466
2025-11-14T09:54:00,1763094240000,NIFTY,hybrid,0.9,21,15,60,2025-11-14T10:26:00,1763096160000,32,252.99248272341714
2025-11-14T09:54:00,1763094240000,NIFTY,hybrid,0.9,21,15,60,2025-11-14T10:27:00,1763096220000,33,254.20427705516454
2025-11-14T09:54:00,1763094240000,NIFTY,hybrid,0.9,21,15,60,2025-11-14T10:28:00,1763096280000,34,253.1934661341983
2025-11-14T09:54:00,1763094240000,NIFTY,hybrid,0.9,21,15,60,2025-11-14T10:29:00,1763096340000,35,253.8721480076489
2025-11-14T09:54:00,1763094240000,NIFTY,hybrid,0.9,21,15,60,2025-11-14T10:30:00,1763096400000,36,253.27295852010727
2025-11-14T09:54:00,1763094240000,NIFTY,hybrid,0.9,21,15,60,2025-11-14T10:31:00,1763096460000,37,255.07825157143344
2025-11-14T09:54:00,1763094240000,NIFTY,hybrid,0.9,21,15,60,2025-11-14T10:32:00,1763096520000,38,254.5032449873209
2025-11-14T09:54:00,1763094240000,NIFTY,hybrid,0.9,21,15,60,2025-11-14T10:33:00,1763096580000,39,256.4554711097642
2025-11-14T09:54:00,1763094240000,NIFTY,hybrid,0.9,21,15,60,2025-11-14T10:34:00,1763096640000,40,253.60054131374358
2025-11-14T09:54:00,1763094240000,NIFTY,hybrid,0.9,21,15,60,2025-11-14T10:35:00,1763096700000,41,254.70773233419717
2025-11-14T09:54:00,1763094240000,NIFTY,hybrid,0.9,21,15,60,2025-11-14T10:36:00,1763096760000,42,254.86156661999098
2025-11-14T09:54:00,1763094240000,NIFTY,hybrid,0.9,21,15,60,2025-11-14T10:37:00,1763096820000,43,255.6982098853312
2025-11-14T09:54:00,1763094240000,NIFTY,hybrid,0.9,21,15,60,2025-11-14T10:38:00,1763096880000,44,254.42489806818742
2025-11-14T09:54:00,1763094240000,NIFTY,hybrid,0.9,21,15,60,2025-11-14T10:39:00,1763096940000,45,255.70402065659135
2025-11-14T09:54:00,1763094240000,NIFTY,hybrid,0.9,21,15,60,2025-11-14T10:40:00,1763097000000,46,254.22089163726463
2025-11-14T09:54:00,1763094240000,NIFTY,hybrid,0.9,21,15,60,2025-11-14T10:41:00,1763097060000,47,256.19773618307283
2025-11-14T09:54:00,1763094240000,NIFTY,hybrid,0.9,21,15,60,2025-11-14T10:42:00,1763097120000,48,255.22805542851944
2025-11-14T09:54:00,1763094240000,NIFTY,hybrid,0.9,21,15,60,2025-11-14T10:43:00,1763097180000,49,255.68633034306265
2025-11-14T09:54:00,1763094240000,NIFTY,hybrid,0.9,21,15,60,2025-11-14T10:44:00,1763097240000,50,255.0154529314666
2025-11-14T09:54:00,1763094240000,NIFTY,hybrid,0.9,21,15,60,2025-11-14T10:45:00,1763097300000,51,256.1244012836488
2025-11-14T09:54:00,1763094240000,NIFTY,hybrid,0.9,21,15,60,2025-11-14T10:46:00,1763097360000,52,253.15882937416606
2025-11-14T09:54:00,1763094240000,NIFTY,hybrid,0.9,21,15,60,2025-11-14T10:47:00,1763097420000,53,254.72708389799254
2025-11-14T09:54:00,1763094240000,NIFTY,hybrid,0.9,21,15,60,2025-11-14T10:48:00,1763097480000,54,253.67297211569863
2025-11-14T09:54:00,1763094240000,NIFTY,hybrid,0.9,21,15,60,2025-11-14T10:49:00,1763097540000,55,254.82296758383487
2025-11-14T09:54:00,1763094240000,NIFTY,hybrid,0.9,21,15,60,2025-11-14T10:50:00,1763097600000,56,253.23385126967713
2025-11-14T09:54:00,1763094240000,NIFTY,hybrid,0.9,21,15,60,2025-11-14T10:51:00,1763097660000,57,255.2900325387094
2025-11-14T09:54:00,1763094240000,NIFTY,hybrid,0.9,21,15,60,2025-11-14T10:52:00,1763097720000,58,253.23973495551942
2025-11-14T09:54:00,1763094240000,NIFTY,hybrid,0.9,21,15,60,2025-11-14T10:53:00,1763097780000,59,255.4159162245517
2025-11-14T09:54:00,1763094240000,NIFTY,hybrid,0.9,21,15,60,2025-11-14T10:54:00,1763097840000,60,253.1103210581718
2025-11-14T09:54:00,1763094240000,NIFTY,hybrid,0.9,,15,60,2025-11-14T09:55:00,1763094300000,1,256.3
2025-11-14T09:54:00,1763094240000,NIFTY,hybrid,0.9,,15,60,2025-11-14T09:56:00,1763094360000,2,255.94709749358395
2025-11-14T09:54:00,1763094240000,NIFTY,hybrid,0.9,,15,60,2025-11-14T09:57:00,1763094420000,3,256.38170236108044
2025-11-14T09:54:00,1763094240000,NIFTY,hybrid,0.9,,15,60,2025-11-14T09:58:00,1763094480000,4,255.55944643605704
2025-11-14T09:54:00,1763094240000,NIFTY,hybrid,0.9,,15,60,2025-11-14T09:59:00,1763094540000,5,256.4621339755266
2025-11-14T09:54:00,1763094240000,NIFTY,hybrid,0.9,,15,60,2025-11-14T10:00:00,1763094600000,6,256.6664930816547
2025-11-14T09:54:00,1763094240000,NIFTY,hybrid,0.9,,15,60,2025-11-14T10:01:00,1763094660000,7,256.6602886665623
2025-11-14T09:54:00,1763094240000,NIFTY,hybrid,0.9,,15,60,2025-11-14T10:02:00,1763094720000,8,255.94062770508933
2025-11-14T09:54:00,1763094240000,NIFTY,hybrid,0.9,,15,60,2025-11-14T10:03:00,1763094780000,9,256.7060907412723
2025-11-14T09:54:00,1763094240000,NIFTY,hybrid,0.9,,15,60,2025-11-14T10:04:00,1763094840000,10,256.0306277050893
2025-11-14T09:54:00,1763094240000,NIFTY,hybrid,0.9,,15,60,2025-11-14T10:05:00,1763094900000,11,256.5240021557389
2025-11-14T09:54:00,1763094240000,NIFTY,hybrid,0.9,,15,60,2025-11-14T10:06:00,1763094960000,12,256.09033465376314
2025-11-14T09:54:00,1763094240000,NIFTY,hybrid,0.9,,15,60,2025-11-14T10:07:00,1763095020000,13,255.54650232720402
2025-11-14T09:54:00,1763094240000,NIFTY,hybrid,0.9,,15,60,2025-11-14T10:08:00,1763095080000,14,255.2000775034689
2025-11-14T09:54:00,1763094240000,NIFTY,hybrid,0.9,,15,60,2025-11-14T10:09:00,1763095140000,15,256.7301450132577
2025-11-14T09:54:00,1763094240000,NIFTY,hybrid,0.9,,15,60,2025-11-14T10:10:00,1763095200000,16,256.6770952892009
2025-11-14T09:54:00,1763094240000,NIFTY,hybrid,0.9,,15,60,2025-11-14T10:11:00,1763095260000,17,256.5075303029755
2025-11-14T09:54:00,1763094240000,NIFTY,hybrid,0.9,,15,60,2025-11-14T10:12:00,1763095320000,18,254.665316526308
2025-11-14T09:54:00,1763094240000,NIFTY,hybrid,0.9,,15,60,2025-11-14T10:13:00,1763095380000,19,254.61857485713128
2025-11-14T09:54:00,1763094240000,NIFTY,hybrid,0.9,,15,60,2025-11-14T10:14:00,1763095440000,20,256.10671097012005
2025-11-14T09:54:00,1763094240000,NIFTY,hybrid,0.9,,15,60,2025-11-14T10:15:00,1763095500000,21,256.3344012836488
2025-11-14T09:54:00,1763094240000,NIFTY,hybrid,0.9,,15,60,2025-11-14T10:16:00,1763095560000,22,256.1839625778508
2025-11-14T09:54:00,1763094240000,NIFTY,hybrid,0.9,,15,60,2025-11-14T10:17:00,1763095620000,23,255.18395746778563
2025-11-14T09:54:00,1763094240000,NIFTY,hybrid,0.9,,15,60,2025-11-14T10:18:00,1763095680000,24,254.77106717548605
2025-11-14T09:54:00,1763094240000,NIFTY,hybrid,0.9,,15,60,2025-11-14T10:19:00,1763095740000,25,255.16913661555787
2025-11-14T09:54:00,1763094240000,NIFTY,hybrid,0.9,,15,60,2025-11-14T10:20:00,1763095800000,26,253.32343441752465
2025-11-14T09:54:00,1763094240000,NIFTY,hybrid,0.9,,15,60,2025-11-14T10:21:00,1763095860000,27,254.41060504577035
2025-11-14T09:54:00,1763094240000,NIFTY,hybrid,0.9,,15,60,2025-11-14T10:22:00,1763095920000,28,252.95736788559114
2025-11-14T09:54:00,1763094240000,NIFTY,hybrid,0.9,,15,60,2025-11-14T10:23:00,1763095980000,29,254.08281743918536
2025-11-14T09:54:00,1763094240000,NIFTY,hybrid,0.9,,15,60,2025-11-14T10:24:00,1763096040000,30,253.03927705516452
2025-11-14T09:54:00,1763094240000,NIFTY,hybrid,0.9,,15,60,2025-11-14T10:25:00,1763096100000,31,254.33614507693466
2025-11-14T09:54:00,1763094240000,NIFTY,hybrid,0.9,,15,60,2025-11-14T10:26:00,1763096160000,32,252.99248272341714
2025-11-14T09:54:00,1763094240000,NIFTY,hybrid,0.9,,15,60,2025-11-14T10:27:00,1763096220000,33,254.20427705516454
2025-11-14T09:54:00,1763094240000,NIFTY,hybrid,0.9,,15,60,2025-11-14T10:28:00,1763096280000,34,253.1934661341983
2025-11-14T09:54:00,1763094240000,NIFTY,hybrid,0.9,,15,60,2025-11-14T10:29:00,1763096340000,35,253.8721480076489
2025-11-14T09:54:00,1763094240000,NIFTY,hybrid,0.9,,15,60,2025-11-14T10:30:00,1763096400000,36,253.27295852010727
2025-11-14T09:54:00,1763094240000,NIFTY,hybrid,0.9,,15,60,2025-11-14T10:31:00,1763096460000,37,255.07825157143344
2025-11-14T09:54:00,1763094240000,NIFTY,hybrid,0.9,,15,60,2025-11-14T10:32:00,1763096520000,38,254.5032449873209
2025-11-14T09:54:00,1763094240000,NIFTY,hybrid,0.9,,15,60,2025-11-14T10:33:00,1763096580000,39,256.4554711097642
2025-11-14T09:54:00,1763094240000,NIFTY,hybrid,0.9,,15,60,2025-11-14T10:34:00,1763096640000,40,253.60054131374358
2025-11-14T09:54:00,1763094240000,NIFTY,hybrid,0.9,,15,60,2025-11-14T10:35:00,1763096700000,41,254.70773233419717
2025-11-14T09:54:00,1763094240000,NIFTY,hybrid,0.9,,15,60,2025-11-14T10:36:00,1763096760000,42,254.86156661999098
2025-11-14T09:54:00,1763094240000,NIFTY,hybrid,0.9,,15,60,2025-11-14T10:37:00,1763096820000,43,255.6982098853312
2025-11-14T09:54:00,1763094240000,NIFTY,hybrid,0.9,,15,60,2025-11-14T10:38:00,1763096880000,44,254.42489806818742
2025-11-14T09:54:00,1763094240000,NIFTY,hybrid,0.9,,15,60,2025-11-14T10:39:00,1763096940000,45,255.70402065659135
2025-11-14T09:54:00,1763094240000,NIFTY,hybrid,0.9,,15,60,2025-11-14T10:40:00,1763097000000,46,254.22089163726463
2025-11-14T09:54:00,1763094240000,NIFTY,hybrid,0.9,,15,60,2025-11-14T10:41:00,1763097060000,47,256.19773618307283
2025-11-14T09:54:00,1763094240000,NIFTY,hybrid,0.9,,15,60,2025-11-14T10:42:00,1763097120000,48,255.22805542851944
2025-11-14T09:54:00,1763094240000,NIFTY,hybrid,0.9,,15,60,2025-11-14T10:43:00,1763097180000,49,255.68633034306265
2025-11-14T09:54:00,1763094240000,NIFTY,hybrid,0.9,,15,60,2025-11-14T10:44:00,1763097240000,50,255.0154529314666
2025-11-14T09:54:00,1763094240000,NIFTY,hybrid,0.9,,15,60,2025-11-14T10:45:00,1763097300000,51,256.1244012836488
2025-11-14T09:54:00,1763094240000,NIFTY,hybrid,0.9,,15,60,2025-11-14T10:46:00,1763097360000,52,253.15882937416606
2025-11-14T09:54:00,1763094240000,NIFTY,hybrid,0.9,,15,60,2025-11-14T10:47:00,1763097420000,53,254.72708389799254
2025-11-14T09:54:00,1763094240000,NIFTY,hybrid,0.9,,15,60,2025-11-14T10:48:00,1763097480000,54,253.67297211569863
2025-11-14T09:54:00,1763094240000,NIFTY,hybrid,0.9,,15,60,2025-11-14T10:49:00,1763097540000,55,254.82296758383487
2025-11-14T09:54:00,1763094240000,NIFTY,hybrid,0.9,,15,60,2025-11-14T10:50:00,1763097600000,56,253.23385126967713
2025-11-14T09:54:00,1763094240000,NIFTY,hybrid,0.9,,15,60,2025-11-14T10:51:00,1763097660000,57,255.2900325387094
2025-11-14T09:54:00,1763094240000,NIFTY,hybrid,0.9,,15,60,2025-11-14T10:52:00,1763097720000,58,253.23973495551942
2025-11-14T09:54:00,1763094240000,NIFTY,hybrid,0.9,,15,60,2025-11-14T10:53:00,1763097780000,59,255.4159162245517
2025-11-14T09:54:00,1763094240000,NIFTY,hybrid,0.9,,15,60,2025-11-14T10:54:00,1763097840000,60,253.1103210581718
2025-11-14T10:11:00,1763095260000,NIFTY,hybrid,0.9,18,15,60,2025-11-14T10:12:00,1763095320000,1,260.5
2025-11-14T10:11:00,1763095260000,NIFTY,hybrid,0.9,18,15,60,2025-11-14T10:13:00,1763095380000,2,261.72347698853554
2025-11-14T10:11:00,1763095260000,NIFTY,hybrid,0.9,18,15,60,2025-11-14T10:14:00,1763095440000,3,260.9494340313221
2025-11-14T10:11:00,1763095260000,NIFTY,hybrid,0.9,18,15,60,2025-11-14T10:15:00,1763095500000,4,262.0107601560818
2025-11-14T10:11:00,1763095260000,NIFTY,hybrid,0.9,18,15,60,2025-11-14T10:16:00,1763095560000,5,261.4607208819947
2025-11-14T10:11:00,1763095260000,NIFTY,hybrid,0.9,18,15,60,2025-11-14T10:17:00,1763095620000,6,262.6022182536732
2025-11-14T10:11:00,1763095260000,NIFTY,hybrid,0.9,18,15,60,2025-11-14T10:18:00,1763095680000,7,260.17439419082837
2025-11-14T10:11:00,1763095260000,NIFTY,hybrid,0.9,18,15,60,2025-11-14T10:19:00,1763095740000,8,261.70312407156814
2025-11-14T10:11:00,1763095260000,NIFTY,hybrid,0.9,18,15,60,2025-11-14T10:20:00,1763095800000,9,260.6335741045126
2025-11-14T10:11:00,1763095260000,NIFTY,hybrid,0.9,18,15,60,2025-11-14T10:21:00,1763095860000,10,261.708124071568
2025-11-14T10:11:00,1763095260000,NIFTY,hybrid,0.9,18,15,60,2025-11-14T10:22:00,1763095920000,11,260.40590610240577
2025-11-14T10:11:00,1763095260000,NIFTY,hybrid,0.9,18,15,60,2025-11-14T10:23:00,1763095980000,12,261.8695150869869
2025-11-14T10:11:00,1763095260000,NIFTY,hybrid,0.9,18,15,60,2025-11-14T10:24:00,1763096040000,13,259.77787998353995
2025-11-14T10:11:00,1763095260000,NIFTY,hybrid,0.9,18,15,60,2025-11-14T10:25:00,1763096100000,14,261.53664997799217
2025-11-14T10:11:00,1763095260000,NIFTY,hybrid,0.9,18,15,60,2025-11-14T10:26:00,1763096160000,15,260.5458335886975
2025-11-14T10:11:00,1763095260000,NIFTY,hybrid,0.9,18,15,60,2025-11-14T10:27:00,1763096220000,16,261.67064718064944
2025-11-14T10:11:00,1763095260000,NIFTY,hybrid,0.9,18,15,60,2025-11-14T10:28:00,1763096280000,17,259.75197330540925
2025-11-14T10:11:00,1763095260000,NIFTY,hybrid,0.9,18,15,60,2025-11-14T10:29:00,1763096340000,18,261.1866014200036
2025-11-14T10:11:00,1763095260000,NIFTY,hybrid,0.9,18,15,60,2025-11-14T10:30:00,1763096400000,19,259.90226410320605
2025-11-14T10:11:00,1763095260000,NIFTY,hybrid,0.9,18,15,60,2025-11-14T10:31:00,1763096460000,20,261.16476410320604
2025-11-14T10:11:00,1763095260000,NIFTY,hybrid,0.9,18,15,60,2025-11-14T10:32:00,1763096520000,21,259.4028988409283
2025-11-14T10:11:00,1763095260000,NIFTY,hybrid,0.9,18,15,60,2025-11-14T10:33:00,1763096580000,22,261.0008271770612
2025-11-14T10:11:00,1763095260000,NIFTY,hybrid,0.9,18,15,60,2025-11-14T10:34:00,1763096640000,23,258.2703773849787
2025-11-14T10:11:00,1763095260000,NIFTY,hybrid,0.9,18,15,60,2025-11-14T10:35:00,1763096700000,24,259.6877900411241
2025-11-14T10:11:00,1763095260000,NIFTY,hybrid,0.9,18,15,60,2025-11-14T10:36:00,1763096760000,25,258.546319300497
2025-11-14T10:11:00,1763095260000,NIFTY,hybrid,0.9,18,15,60,2025-11-14T10:37:00,1763096820000,26,259.5720077954469
2025-11-14T10:11:00,1763095260000,NIFTY,hybrid,0.9,18,15,60,2025-11-14T10:38:00,1763096880000,27,258.1004936827777
2025-11-14T10:11:00,1763095260000,NIFTY,hybrid,0.9,18,15,60,2025-11-14T10:39:00,1763096940000,28,258.87791382758746
2025-11-14T10:11:00,1763095260000,NIFTY,hybrid,0.9,18,15,60,2025-11-14T10:40:00,1763097000000,29,257.5634172524305
2025-11-14T10:11:00,1763095260000,NIFTY,hybrid,0.9,18,15,60,2025-11-14T10:41:00,1763097060000,30,259.3765368376877
2025-11-14T10:11:00,1763095260000,NIFTY,hybrid,0.9,18,15,60,2025-11-14T10:42:00,1763097120000,31,258.2587813017384
2025-11-14T10:11:00,1763095260000,NIFTY,hybrid,0.9,18,15,60,2025-11-14T10:43:00,1763097180000,32,259.31019629039673
2025-11-14T10:11:00,1763095260000,NIFTY,hybrid,0.9,18,15,60,2025-11-14T10:44:00,1763097240000,33,257.30175437487844
2025-11-14T10:11:00,1763095260000,NIFTY,hybrid,0.9,18,15,60,2025-11-14T10:45:00,1763097300000,34,259.5323107617734
2025-11-14T10:11:00,1763095260000,NIFTY,hybrid,0.9,18,15,60,2025-11-14T10:46:00,1763097360000,35,257.98308579402897
2025-11-14T10:11:00,1763095260000,NIFTY,hybrid,0.9,18,15,60,2025-11-14T10:47:00,1763097420000,36,260.16284097390155
2025-11-14T10:11:00,1763095260000,NIFTY,hybrid,0.9,18,15,60,2025-11-14T10:48:00,1763097480000,37,257.8274686080405
2025-11-14T10:11:00,1763095260000,NIFTY,hybrid,0.9,18,15,60,2025-11-14T10:49:00,1763097540000,38,260.4606392854876
2025-11-14T10:11:00,1763095260000,NIFTY,hybrid,0.9,18,15,60,2025-11-14T10:50:00,1763097600000,39,258.45876191078
2025-11-14T10:11:00,1763095260000,NIFTY,hybrid,0.9,18,15,60,2025-11-14T10:51:00,1763097660000,40,259.95870094500015
2025-11-14T10:11:00,1763095260000,NIFTY,hybrid,0.9,18,15,60,2025-11-14T10:52:00,1763097720000,41,258.30610600157695
2025-11-14T10:11:00,1763095260000,NIFTY,hybrid,0.9,18,15,60,2025-11-14T10:53:00,1763097780000,42,259.7202050362538
2025-11-14T10:11:00,1763095260000,NIFTY,hybrid,0.9,18,15,60,2025-11-14T10:54:00,1763097840000,43,259.10328331879
2025-11-14T10:11:00,1763095260000,NIFTY,hybrid,0.9,18,15,60,2025-11-14T10:55:00,1763097900000,44,260.7965995846529
2025-11-14T10:11:00,1763095260000,NIFTY,hybrid,0.9,18,15,60,2025-11-14T10:56:00,1763097960000,45,258.9284472256546
2025-11-14T10:11:00,1763095260000,NIFTY,hybrid,0.9,18,15,60,2025-11-14T10:57:00,1763098020000,46,261.17914380764205
2025-11-14T10:11:00,1763095260000,NIFTY,hybrid,0.9,18,15,60,2025-11-14T10:58:00,1763098080000,47,260.30033810239877
2025-11-14T10:11:00,1763095260000,NIFTY,hybrid,0.9,18,15,60,2025-11-14T10:59:00,1763098140000,48,261.11456621249334
2025-11-14T10:11:00,1763095260000,NIFTY,hybrid,0.9,18,15,60,2025-11-14T11:00:00,1763098200000,49,258.82182717377094
2025-11-14T10:11:00,1763095260000,NIFTY,hybrid,0.9,18,15,60,2025-11-14T11:01:00,1763098260000,50,260.21758388635146
2025-11-14T10:11:00,1763095260000,NIFTY,hybrid,0.9,18,15,60,2025-11-14T11:02:00,1763098320000,51,258.7453486707943
2025-11-14T10:11:00,1763095260000,NIFTY,hybrid,0.9,18,15,60,2025-11-14T11:03:00,1763098380000,52,260.4324763049332
2025-11-14T10:11:00,1763095260000,NIFTY,hybrid,0.9,18,15,60,2025-11-14T11:04:00,1763098440000,53,258.5524763049332
2025-11-14T10:11:00,1763095260000,NIFTY,hybrid,0.9,18,15,60,2025-11-14T11:05:00,1763098500000,54,261.19449594821737
2025-11-14T10:11:00,1763095260000,NIFTY,hybrid,0.9,18,15,60,2025-11-14T11:06:00,1763098560000,55,258.80108413268727
2025-11-14T10:11:00,1763095260000,NIFTY,hybrid,0.9,18,15,60,2025-11-14T11:07:00,1763098620000,56,260.5379167777319
2025-11-14T10:11:00,1763095260000,NIFTY,hybrid,0.9,18,15,60,2025-11-14T11:08:00,1763098680000,57,258.1728948485963
2025-11-14T10:11:00,1763095260000,NIFTY,hybrid,0.9,18,15,60,2025-11-14T11:09:00,1763098740000,58,259.56447849595105
2025-11-14T10:11:00,1763095260000,NIFTY,hybrid,0.9,18,15,60,2025-11-14T11:10:00,1763098800000,59,258.243789272106
2025-11-14T10:11:00,1763095260000,NIFTY,hybrid,0.9,18,15,60,2025-11-14T11:11:00,1763098860000,60,260.4679167777319
2025-11-14T10:11:00,1763095260000,NIFTY,hybrid,0.9,,15,60,2025-11-14T10:12:00,1763095320000,1,260.5
2025-11-14T10:11:00,1763095260000,NIFTY,hybrid,0.9,,15,60,2025-11-14T10:13:00,1763095380000,2,261.72347698853554
2025-11-14T10:11:00,1763095260000,NIFTY,hybrid,0.9,,15,60,2025-11-14T10:14:00,1763095440000,3,260.9494340313221
2025-11-14T10:11:00,1763095260000,NIFTY,hybrid,0.9,,15,60,2025-11-14T10:15:00,1763095500000,4,262.0107601560818
2025-11-14T10:11:00,1763095260000,NIFTY,hybrid,0.9,,15,60,2025-11-14T10:16:00,1763095560000,5,261.4607208819947
2025-11-14T10:11:00,1763095260000,NIFTY,hybrid,0.9,,15,60,2025-11-14T10:17:00,1763095620000,6,262.6022182536732
2025-11-14T10:11:00,1763095260000,NIFTY,hybrid,0.9,,15,60,2025-11-14T10:18:00,1763095680000,7,260.17439419082837
2025-11-14T10:11:00,1763095260000,NIFTY,hybrid,0.9,,15,60,2025-11-14T10:19:00,1763095740000,8,261.70312407156814
2025-11-14T10:11:00,1763095260000,NIFTY,hybrid,0.9,,15,60,2025-11-14T10:20:00,1763095800000,9,260.6335741045126
2025-11-14T10:11:00,1763095260000,NIFTY,hybrid,0.9,,15,60,2025-11-14T10:21:00,1763095860000,10,261.708124071568
2025-11-14T10:11:00,1763095260000,NIFTY,hybrid,0.9,,15,60,2025-11-14T10:22:00,1763095920000,11,260.40590610240577
2025-11-14T10:11:00,1763095260000,NIFTY,hybrid,0.9,,15,60,2025-11-14T10:23:00,1763095980000,12,261.8695150869869
2025-11-14T10:11:00,1763095260000,NIFTY,hybrid,0.9,,15,60,2025-11-14T10:24:00,1763096040000,13,259.77787998353995
2025-11-14T10:11:00,1763095260000,NIFTY,hybrid,0.9,,15,60,2025-11-14T10:25:00,1763096100000,14,261.53664997799217
2025-11-14T10:11:00,1763095260000,NIFTY,hybrid,0.9,,15,60,2025-11-14T10:26:00,1763096160000,15,260.5458335886975
2025-11-14T10:11:00,1763095260000,NIFTY,hybrid,0.9,,15,60,2025-11-14T10:27:00,1763096220000,16,261.67064718064944
2025-11-14T10:11:00,1763095260000,NIFTY,hybrid,0.9,,15,60,2025-11-14T10:28:00,1763096280000,17,259.75197330540925
2025-11-14T10:11:00,1763095260000,NIFTY,hybrid,0.9,,15,60,2025-11-14T10:29:00,1763096340000,18,261.1866014200036
2025-11-14T10:11:00,1763095260000,NIFTY,hybrid,0.9,,15,60,2025-11-14T10:30:00,1763096400000,19,259.90226410320605
2025-11-14T10:11:00,1763095260000,NIFTY,hybrid,0.9,,15,60,2025-11-14T10:31:00,1763096460000,20,261.16476410320604
2025-11-14T10:11:00,1763095260000,NIFTY,hybrid,0.9,,15,60,2025-11-14T10:32:00,1763096520000,21,259.4028988409283
2025-11-14T10:11:00,1763095260000,NIFTY,hybrid,0.9,,15,60,2025-11-14T10:33:00,1763096580000,22,261.0008271770612
2025-11-14T10:11:00,1763095260000,NIFTY,hybrid,0.9,,15,60,2025-11-14T10:34:00,1763096640000,23,258.2703773849787
2025-11-14T10:11:00,1763095260000,NIFTY,hybrid,0.9,,15,60,2025-11-14T10:35:00,1763096700000,24,259.6877900411241
2025-11-14T10:11:00,1763095260000,NIFTY,hybrid,0.9,,15,60,2025-11-14T10:36:00,1763096760000,25,258.546319300497
2025-11-14T10:11:00,1763095260000,NIFTY,hybrid,0.9,,15,60,2025-11-14T10:37:00,1763096820000,26,259.5720077954469
2025-11-14T10:11:00,1763095260000,NIFTY,hybrid,0.9,,15,60,2025-11-14T10:38:00,1763096880000,27,258.1004936827777
2025-11-14T10:11:00,1763095260000,NIFTY,hybrid,0.9,,15,60,2025-11-14T10:39:00,1763096940000,28,258.87791382758746
2025-11-14T10:11:00,1763095260000,NIFTY,hybrid,0.9,,15,60,2025-11-14T10:40:00,1763097000000,29,257.5634172524305
2025-11-14T10:11:00,1763095260000,NIFTY,hybrid,0.9,,15,60,2025-11-14T10:41:00,1763097060000,30,259.3765368376877
2025-11-14T10:11:00,1763095260000,NIFTY,hybrid,0.9,,15,60,2025-11-14T10:42:00,1763097120000,31,258.2587813017384
2025-11-14T10:11:00,1763095260000,NIFTY,hybrid,0.9,,15,60,2025-11-14T10:43:00,1763097180000,32,259.31019629039673
2025-11-14T10:11:00,1763095260000,NIFTY,hybrid,0.9,,15,60,2025-11-14T10:44:00,1763097240000,33,257.30175437487844
2025-11-14T10:11:00,1763095260000,NIFTY,hybrid,0.9,,15,60,2025-11-14T10:45:00,1763097300000,34,259.5323107617734
2025-11-14T10:11:00,1763095260000,NIFTY,hybrid,0.9,,15,60,2025-11-14T10:46:00,1763097360000,35,257.98308579402897
2025-11-14T10:11:00,1763095260000,NIFTY,hybrid,0.9,,15,60,2025-11-14T10:47:00,1763097420000,36,260.16284097390155
2025-11-14T10:11:00,1763095260000,NIFTY,hybrid,0.9,,15,60,2025-11-14T10:48:00,1763097480000,37,257.8274686080405
2025-11-14T10:11:00,1763095260000,NIFTY,hybrid,0.9,,15,60,2025-11-14T10:49:00,1763097540000,38,260.4606392854876
2025-11-14T10:11:00,1763095260000,NIFTY,hybrid,0.9,,15,60,2025-11-14T10:50:00,1763097600000,39,258.45876191078
2025-11-14T10:11:00,1763095260000,NIFTY,hybrid,0.9,,15,60,2025-11-14T10:51:00,1763097660000,40,259.95870094500015
2025-11-14T10:11:00,1763095260000,NIFTY,hybrid,0.9,,15,60,2025-11-14T10:52:00,1763097720000,41,258.30610600157695
2025-11-14T10:11:00,1763095260000,NIFTY,hybrid,0.9,,15,60,2025-11-14T10:53:00,1763097780000,42,259.7202050362538
2025-11-14T10:11:00,1763095260000,NIFTY,hybrid,0.9,,15,60,2025-11-14T10:54:00,1763097840000,43,259.10328331879
2025-11-14T10:11:00,1763095260000,NIFTY,hybrid,0.9,,15,60,2025-11-14T10:55:00,1763097900000,44,260.7965995846529
2025-11-14T10:11:00,1763095260000,NIFTY,hybrid,0.9,,15,60,2025-11-14T10:56:00,1763097960000,45,258.9284472256546
2025-11-14T10:11:00,1763095260000,NIFTY,hybrid,0.9,,15,60,2025-11-14T10:57:00,1763098020000,46,261.17914380764205
2025-11-14T10:11:00,1763095260000,NIFTY,hybrid,0.9,,15,60,2025-11-14T10:58:00,1763098080000,47,260.30033810239877
2025-11-14T10:11:00,1763095260000,NIFTY,hybrid,0.9,,15,60,2025-11-14T10:59:00,1763098140000,48,261.11456621249334
2025-11-14T10:11:00,1763095260000,NIFTY,hybrid,0.9,,15,60,2025-11-14T11:00:00,1763098200000,49,258.82182717377094
2025-11-14T10:11:00,1763095260000,NIFTY,hybrid,0.9,,15,60,2025-11-14T11:01:00,1763098260000,50,260.21758388635146
2025-11-14T10:11:00,1763095260000,NIFTY,hybrid,0.9,,15,60,2025-11-14T11:02:00,1763098320000,51,258.7453486707943
2025-11-14T10:11:00,1763095260000,NIFTY,hybrid,0.9,,15,60,2025-11-14T11:03:00,1763098380000,52,260.4324763049332
2025-11-14T10:11:00,1763095260000,NIFTY,hybrid,0.9,,15,60,2025-11-14T11:04:00,1763098440000,53,258.5524763049332
2025-11-14T10:11:00,1763095260000,NIFTY,hybrid,0.9,,15,60,2025-11-14T11:05:00,1763098500000,54,261.19449594821737
2025-11-14T10:11:00,1763095260000,NIFTY,hybrid,0.9,,15,60,2025-11-14T11:06:00,1763098560000,55,258.80108413268727
2025-11-14T10:11:00,1763095260000,NIFTY,hybrid,0.9,,15,60,2025-11-14T11:07:00,1763098620000,56,260.5379167777319
2025-11-14T10:11:00,1763095260000,NIFTY,hybrid,0.9,,15,60,2025-11-14T11:08:00,1763098680000,57,258.1728948485963
2025-11-14T10:11:00,1763095260000,NIFTY,hybrid,0.9,,15,60,2025-11-14T11:09:00,1763098740000,58,259.56447849595105
2025-11-14T10:11:00,1763095260000,NIFTY,hybrid,0.9,,15,60,2025-11-14T11:10:00,1763098800000,59,258.243789272106
2025-11-14T10:11:00,1763095260000,NIFTY,hybrid,0.9,,15,60,2025-11-14T11:11:00,1763098860000,60,260.4679167777319
2025-11-14T10:11:00,1763095260000,NIFTY,hybrid,0.9,,15,60,2025-11-14T10:12:00,1763095320000,1,260.5
2025-11-14T10:11:00,1763095260000,NIFTY,hybrid,0.9,,15,60,2025-11-14T10:13:00,1763095380000,2,261.72347698853554
2025-11-14T10:11:00,1763095260000,NIFTY,hybrid,0.9,,15,60,2025-11-14T10:14:00,1763095440000,3,260.9494340313221
2025-11-14T10:11:00,1763095260000,NIFTY,hybrid,0.9,,15,60,2025-11-14T10:15:00,1763095500000,4,262.0107601560818
2025-11-14T10:11:00,1763095260000,NIFTY,hybrid,0.9,,15,60,2025-11-14T10:16:00,1763095560000,5,261.4607208819947
2025-11-14T10:11:00,1763095260000,NIFTY,hybrid,0.9,,15,60,2025-11-14T10:17:00,1763095620000,6,262.6022182536732
2025-11-14T10:11:00,1763095260000,NIFTY,hybrid,0.9,,15,60,2025-11-14T10:18:00,1763095680000,7,260.17439419082837
2025-11-14T10:11:00,1763095260000,NIFTY,hybrid,0.9,,15,60,2025-11-14T10:19:00,1763095740000,8,261.70312407156814
2025-11-14T10:11:00,1763095260000,NIFTY,hybrid,0.9,,15,60,2025-11-14T10:20:00,1763095800000,9,260.6335741045126
2025-11-14T10:11:00,1763095260000,NIFTY,hybrid,0.9,,15,60,2025-11-14T10:21:00,1763095860000,10,261.708124071568
2025-11-14T10:11:00,1763095260000,NIFTY,hybrid,0.9,,15,60,2025-11-14T10:22:00,1763095920000,11,260.40590610240577
2025-11-14T10:11:00,1763095260000,NIFTY,hybrid,0.9,,15,60,2025-11-14T10:23:00,1763095980000,12,261.8695150869869
2025-11-14T10:11:00,1763095260000,NIFTY,hybrid,0.9,,15,60,2025-11-14T10:24:00,1763096040000,13,259.77787998353995
2025-11-14T10:11:00,1763095260000,NIFTY,hybrid,0.9,,15,60,2025-11-14T10:25:00,1763096100000,14,261.53664997799217
2025-11-14T10:11:00,1763095260000,NIFTY,hybrid,0.9,,15,60,2025-11-14T10:26:00,1763096160000,15,260.5458335886975
2025-11-14T10:11:00,1763095260000,NIFTY,hybrid,0.9,,15,60,2025-11-14T10:27:00,1763096220000,16,261.67064718064944
2025-11-14T10:11:00,1763095260000,NIFTY,hybrid,0.9,,15,60,2025-11-14T10:28:00,1763096280000,17,259.75197330540925
2025-11-14T10:11:00,1763095260000,NIFTY,hybrid,0.9,,15,60,2025-11-14T10:29:00,1763096340000,18,261.1866014200036
2025-11-14T10:11:00,1763095260000,NIFTY,hybrid,0.9,,15,60,2025-11-14T10:30:00,1763096400000,19,259.90226410320605
2025-11-14T10:11:00,1763095260000,NIFTY,hybrid,0.9,,15,60,2025-11-14T10:31:00,1763096460000,20,261.16476410320604
2025-11-14T10:11:00,1763095260000,NIFTY,hybrid,0.9,,15,60,2025-11-14T10:32:00,1763096520000,21,259.4028988409283
2025-11-14T10:11:00,1763095260000,NIFTY,hybrid,0.9,,15,60,2025-11-14T10:33:00,1763096580000,22,261.0008271770612
2025-11-14T10:11:00,1763095260000,NIFTY,hybrid,0.9,,15,60,2025-11-14T10:34:00,1763096640000,23,258.2703773849787
2025-11-14T10:11:00,1763095260000,NIFTY,hybrid,0.9,,15,60,2025-11-14T10:35:00,1763096700000,24,259.6877900411241
2025-11-14T10:11:00,1763095260000,NIFTY,hybrid,0.9,,15,60,2025-11-14T10:36:00,1763096760000,25,258.546319300497
2025-11-14T10:11:00,1763095260000,NIFTY,hybrid,0.9,,15,60,2025-11-14T10:37:00,1763096820000,26,259.5720077954469
2025-11-14T10:11:00,1763095260000,NIFTY,hybrid,0.9,,15,60,2025-11-14T10:38:00,1763096880000,27,258.1004936827777
2025-11-14T10:11:00,1763095260000,NIFTY,hybrid,0.9,,15,60,2025-11-14T10:39:00,1763096940000,28,258.87791382758746
2025-11-14T10:11:00,1763095260000,NIFTY,hybrid,0.9,,15,60,2025-11-14T10:40:00,1763097000000,29,257.5634172524305
2025-11-14T10:11:00,1763095260000,NIFTY,hybrid,0.9,,15,60,2025-11-14T10:41:00,1763097060000,30,259.3765368376877
2025-11-14T10:11:00,1763095260000,NIFTY,hybrid,0.9,,15,60,2025-11-14T10:42:00,1763097120000,31,258.2587813017384
2025-11-14T10:11:00,1763095260000,NIFTY,hybrid,0.9,,15,60,2025-11-14T10:43:00,1763097180000,32,259.31019629039673
2025-11-14T10:11:00,1763095260000,NIFTY,hybrid,0.9,,15,60,2025-11-14T10:44:00,1763097240000,33,257.30175437487844
2025-11-14T10:11:00,1763095260000,NIFTY,hybrid,0.9,,15,60,2025-11-14T10:45:00,1763097300000,34,259.5323107617734
2025-11-14T10:11:00,1763095260000,NIFTY,hybrid,0.9,,15,60,2025-11-14T10:46:00,1763097360000,35,257.98308579402897
2025-11-14T10:11:00,1763095260000,NIFTY,hybrid,0.9,,15,60,2025-11-14T10:47:00,1763097420000,36,260.16284097390155
2025-11-14T10:11:00,1763095260000,NIFTY,hybrid,0.9,,15,60,2025-11-14T10:48:00,1763097480000,37,257.8274686080405
2025-11-14T10:11:00,1763095260000,NIFTY,hybrid,0.9,,15,60,2025-11-14T10:49:00,1763097540000,38,260.4606392854876
2025-11-14T10:11:00,1763095260000,NIFTY,hybrid,0.9,,15,60,2025-11-14T10:50:00,1763097600000,39,258.45876191078
2025-11-14T10:11:00,1763095260000,NIFTY,hybrid,0.9,,15,60,2025-11-14T10:51:00,1763097660000,40,259.95870094500015
2025-11-14T10:11:00,1763095260000,NIFTY,hybrid,0.9,,15,60,2025-11-14T10:52:00,1763097720000,41,258.30610600157695
2025-11-14T10:11:00,1763095260000,NIFTY,hybrid,0.9,,15,60,2025-11-14T10:53:00,1763097780000,42,259.7202050362538
2025-11-14T10:11:00,1763095260000,NIFTY,hybrid,0.9,,15,60,2025-11-14T10:54:00,1763097840000,43,259.10328331879
2025-11-14T10:11:00,1763095260000,NIFTY,hybrid,0.9,,15,60,2025-11-14T10:55:00,1763097900000,44,260.7965995846529
2025-11-14T10:11:00,1763095260000,NIFTY,hybrid,0.9,,15,60,2025-11-14T10:56:00,1763097960000,45,258.9284472256546
2025-11-14T10:11:00,1763095260000,NIFTY,hybrid,0.9,,15,60,2025-11-14T10:57:00,1763098020000,46,261.17914380764205
2025-11-14T10:11:00,1763095260000,NIFTY,hybrid,0.9,,15,60,2025-11-14T10:58:00,1763098080000,47,260.30033810239877
2025-11-14T10:11:00,1763095260000,NIFTY,hybrid,0.9,,15,60,2025-11-14T10:59:00,1763098140000,48,261.11456621249334
2025-11-14T10:11:00,1763095260000,NIFTY,hybrid,0.9,,15,60,2025-11-14T11:00:00,1763098200000,49,258.82182717377094
2025-11-14T10:11:00,1763095260000,NIFTY,hybrid,0.9,,15,60,2025-11-14T11:01:00,1763098260000,50,260.21758388635146
2025-11-14T10:11:00,1763095260000,NIFTY,hybrid,0.9,,15,60,2025-11-14T11:02:00,1763098320000,51,258.7453486707943
2025-11-14T10:11:00,1763095260000,NIFTY,hybrid,0.9,,15,60,2025-11-14T11:03:00,1763098380000,52,260.4324763049332
2025-11-14T10:11:00,1763095260000,NIFTY,hybrid,0.9,,15,60,2025-11-14T11:04:00,1763098440000,53,258.5524763049332
2025-11-14T10:11:00,1763095260000,NIFTY,hybrid,0.9,,15,60,2025-11-14T11:05:00,1763098500000,54,261.19449594821737
2025-11-14T10:11:00,1763095260000,NIFTY,hybrid,0.9,,15,60,2025-11-14T11:06:00,1763098560000,55,258.80108413268727
2025-11-14T10:11:00,1763095260000,NIFTY,hybrid,0.9,,15,60,2025-11-14T11:07:00,1763098620000,56,260.5379167777319
2025-11-14T10:11:00,1763095260000,NIFTY,hybrid,0.9,,15,60,2025-11-14T11:08:00,1763098680000,57,258.1728948485963
2025-11-14T10:11:00,1763095260000,NIFTY,hybrid,0.9,,15,60,2025-11-14T11:09:00,1763098740000,58,259.56447849595105
2025-11-14T10:11:00,1763095260000,NIFTY,hybrid,0.9,,15,60,2025-11-14T11:10:00,1763098800000,59,258.243789272106
2025-11-14T10:11:00,1763095260000,NIFTY,hybrid,0.9,,15,60,2025-11-14T11:11:00,1763098860000,60,260.4679167777319
2025-11-14T10:11:00,1763095260000,NIFTY,hybrid,0.8928571428571429,,20,180,2025-11-14T10:12:00,1763095320000,1,260.5
2025-11-14T10:11:00,1763095260000,NIFTY,hybrid,0.8928571428571429,,20,180,2025-11-14T10:13:00,1763095380000,2,262.3301566466659
2025-11-14T10:11:00,1763095260000,NIFTY,hybrid,0.8928571428571429,,20,180,2025-11-14T10:14:00,1763095440000,3,261.0033130627079
2025-11-14T10:11:00,1763095260000,NIFTY,hybrid,0.8928571428571429,,20,180,2025-11-14T10:15:00,1763095500000,4,262.4080992291272
2025-11-14T10:11:00,1763095260000,NIFTY,hybrid,0.8928571428571429,,20,180,2025-11-14T10:16:00,1763095560000,5,261.0145129243085
2025-11-14T10:11:00,1763095260000,NIFTY,hybrid,0.8928571428571429,,20,180,2025-11-14T10:17:00,1763095620000,6,262.30878048609964
2025-11-14T10:11:00,1763095260000,NIFTY,hybrid,0.8928571428571429,,20,180,2025-11-14T10:18:00,1763095680000,7,260.54910147201434
2025-11-14T10:11:00,1763095260000,NIFTY,hybrid,0.8928571428571429,,20,180,2025-11-14T10:19:00,1763095740000,8,262.2746155459685
2025-11-14T10:11:00,1763095260000,NIFTY,hybrid,0.8928571428571429,,20,180,2025-11-14T10:20:00,1763095800000,9,260.49072877884583
2025-11-14T10:11:00,1763095260000,NIFTY,hybrid,0.8928571428571429,,20,180,2025-11-14T10:21:00,1763095860000,10,262.1742157807622
2025-11-14T10:11:00,1763095260000,NIFTY,hybrid,0.8928571428571429,,20,180,2025-11-14T10:22:00,1763095920000,11,260.442797662381
2025-11-14T10:11:00,1763095260000,NIFTY,hybrid,0.8928571428571429,,20,180,2025-11-14T10:23:00,1763095980000,12,262.303390721336
2025-11-14T10:11:00,1763095260000,NIFTY,hybrid,0.8928571428571429,,20,180,2025-11-14T10:24:00,1763096040000,13,260.9526078857052
2025-11-14T10:11:00,1763095260000,NIFTY,hybrid,0.8928571428571429,,20,180,2025-11-14T10:25:00,1763096100000,14,262.4662216675756
2025-11-14T10:11:00,1763095260000,NIFTY,hybrid,0.8928571428571429,,20,180,2025-11-14T10:26:00,1763096160000,15,260.48881631346796
2025-11-14T10:11:00,1763095260000,NIFTY,hybrid,0.8928571428571429,,20,180,2025-11-14T10:27:00,1763096220000,16,262.4486379272785
2025-11-14T10:11:00,1763095260000,NIFTY,hybrid,0.8928571428571429,,20,180,2025-11-14T10:28:00,1763096280000,17,260.112134074845
2025-11-14T10:11:00,1763095260000,NIFTY,hybrid,0.8928571428571429,,20,180,2025-11-14T10:29:00,1763096340000,18,262.7087962484275
2025-11-14T10:11:00,1763095260000,NIFTY,hybrid,0.8928571428571429,,20,180,2025-11-14T10:30:00,1763096400000,19,260.784943944414
2025-11-14T10:11:00,1763095260000,NIFTY,hybrid,0.8928571428571429,,20,180,2025-11-14T10:31:00,1763096460000,20,262.3340540956565
2025-11-14T10:11:00,1763095260000,NIFTY,hybrid,0.8928571428571429,,20,180,2025-11-14T10:32:00,1763096520000,21,260.7698187377311
2025-11-14T10:11:00,1763095260000,NIFTY,hybrid,0.8928571428571429,,20,180,2025-11-14T10:33:00,1763096580000,22,262.18603543967856
2025-11-14T10:11:00,1763095260000,NIFTY,hybrid,0.8928571428571429,,20,180,2025-11-14T10:34:00,1763096640000,23,260.3771251700418
2025-11-14T10:11:00,1763095260000,NIFTY,hybrid,0.8928571428571429,,20,180,2025-11-14T10:35:00,1763096700000,24,261.9464405670896
2025-11-14T10:11:00,1763095260000,NIFTY,hybrid,0.8928571428571429,,20,180,2025-11-14T10:36:00,1763096760000,25,260.6491056382289
2025-11-14T10:11:00,1763095260000,NIFTY,hybrid,0.8928571428571429,,20,180,2025-11-14T10:37:00,1763096820000,26,261.9511800657116
2025-11-14T10:11:00,1763095260000,NIFTY,hybrid,0.8928571428571429,,20,180,2025-11-14T10:38:00,1763096880000,27,260.0248881432482
2025-11-14T10:11:00,1763095260000,NIFTY,hybrid,0.8928571428571429,,20,180,2025-11-14T10:39:00,1763096940000,28,262.120892964929
2025-11-14T10:11:00,1763095260000,NIFTY,hybrid,0.8928571428571429,,20,180,2025-11-14T10:40:00,1763097000000,29,259.95253061480776
2025-11-14T10:11:00,1763095260000,NIFTY,hybrid,0.8928571428571429,,20,180,2025-11-14T10:41:00,1763097060000,30,261.80435309700067
2025-11-14T10:11:00,1763095260000,NIFTY,hybrid,0.8928571428571429,,20,180,2025-11-14T10:42:00,1763097120000,31,260.47215829346055
2025-11-14T10:11:00,1763095260000,NIFTY,hybrid,0.8928571428571429,,20,180,2025-11-14T10:43:00,1763097180000,32,262.00910231426707
2025-11-14T10:11:00,1763095260000,NIFTY,hybrid,0.8928571428571429,,20,180,2025-11-14T10:44:00,1763097240000,33,260.24714541913386
2025-11-14T10:11:00,1763095260000,NIFTY,hybrid,0.8928571428571429,,20,180,2025-11-14T10:45:00,1763097300000,34,262.3923303360631
2025-11-14T10:11:00,1763095260000,NIFTY,hybrid,0.8928571428571429,,20,180,2025-11-14T10:46:00,1763097360000,35,260.29408266919506
2025-11-14T10:11:00,1763095260000,NIFTY,hybrid,0.8928571428571429,,20,180,2025-11-14T10:47:00,1763097420000,36,262.959942092164
2025-11-14T10:11:00,1763095260000,NIFTY,hybrid,0.8928571428571429,,20,180,2025-11-14T10:48:00,1763097480000,37,260.39082565925037
2025-11-14T10:11:00,1763095260000,NIFTY,hybrid,0.8928571428571429,,20,180,2025-11-14T10:49:00,1763097540000,38,262.37498498724074
2025-11-14T10:11:00,1763095260000,NIFTY,hybrid,0.8928571428571429,,20,180,2025-11-14T10:50:00,1763097600000,39,260.43952065921394
2025-11-14T10:11:00,1763095260000,NIFTY,hybrid,0.8928571428571429,,20,180,2025-11-14T10:51:00,1763097660000,40,262.09514774993204
2025-11-14T10:11:00,1763095260000,NIFTY,hybrid,0.8928571428571429,,20,180,2025-11-14T10:52:00,1763097720000,41,260.32261981922386
2025-11-14T10:11:00,1763095260000,NIFTY,hybrid,0.8928571428571429,,20,180,2025-11-14T10:53:00,1763097780000,42,262.2006019778522
2025-11-14T10:11:00,1763095260000,NIFTY,hybrid,0.8928571428571429,,20,180,2025-11-14T10:54:00,1763097840000,43,259.7533959940339
2025-11-14T10:11:00,1763095260000,NIFTY,hybrid,0.8928571428571429,,20,180,2025-11-14T10:55:00,1763097900000,44,261.88592812158345
2025-11-14T10:11:00,1763095260000,NIFTY,hybrid,0.8928571428571429,,20,180,2025-11-14T10:56:00,1763097960000,45,259.69349938709
2025-11-14T10:11:00,1763095260000,NIFTY,hybrid,0.8928571428571429,,20,180,2025-11-14T10:57:00,1763098020000,46,261.64747607445895
2025-11-14T10:11:00,1763095260000,NIFTY,hybrid,0.8928571428571429,,20,180,2025-11-14T10:58:00,1763098080000,47,260.23960807566675
2025-11-14T10:11:00,1763095260000,NIFTY,hybrid,0.8928571428571429,,20,180,2025-11-14T10:59:00,1763098140000,48,261.58222630771024
2025-11-14T10:11:00,1763095260000,NIFTY,hybrid,0.8928571428571429,,20,180,2025-11-14T11:00:00,1763098200000,49,259.57679715250106
2025-11-14T10:11:00,1763095260000,NIFTY,hybrid,0.8928571428571429,,20,180,2025-11-14T11:01:00,1763098260000,50,261.7690050654742
2025-11-14T10:11:00,1763095260000,NIFTY,hybrid,0.8928571428571429,,20,180,2025-11-14T11:02:00,1763098320000,51,259.7922535571931
2025-11-14T10:11:00,1763095260000,NIFTY,hybrid,0.8928571428571429,,20,180,2025-11-14T11:03:00,1763098380000,52,261.8446486852161
2025-11-14T10:11:00,1763095260000,NIFTY,hybrid,0.8928571428571429,,20,180,2025-11-14T11:04:00,1763098440000,53,259.5051907666082
2025-11-14T10:11:00,1763095260000,NIFTY,hybrid,0.8928571428571429,,20,180,2025-11-14T11:05:00,1763098500000,54,261.543539618454
2025-11-14T10:11:00,1763095260000,NIFTY,hybrid,0.8928571428571429,,20,180,2025-11-14T11:06:00,1763098560000,55,259.53149340603693
2025-11-14T10:11:00,1763095260000,NIFTY,hybrid,0.8928571428571429,,20,180,2025-11-14T11:07:00,1763098620000,56,261.72753896285144
2025-11-14T10:11:00,1763095260000,NIFTY,hybrid,0.8928571428571429,,20,180,2025-11-14T11:08:00,1763098680000,57,259.90059672076086
2025-11-14T10:11:00,1763095260000,NIFTY,hybrid,0.8928571428571429,,20,180,2025-11-14T11:09:00,1763098740000,58,261.7858725479922
2025-11-14T10:11:00,1763095260000,NIFTY,hybrid,0.8928571428571429,,20,180,2025-11-14T11:10:00,1763098800000,59,259.78077036415914
2025-11-14T10:11:00,1763095260000,NIFTY,hybrid,0.8928571428571429,,20,180,2025-11-14T11:11:00,1763098860000,60,261.68995457868914
2025-11-14T10:11:00,1763095260000,NIFTY,hybrid,0.8928571428571429,18,20,180,2025-11-14T10:12:00,1763095320000,1,260.65
2025-11-14T10:11:00,1763095260000,NIFTY,hybrid,0.8928571428571429,18,20,180,2025-11-14T10:13:00,1763095380000,2,259.1887924116813
2025-11-14T10:11:00,1763095260000,NIFTY,hybrid,0.8928571428571429,18,20,180,2025-11-14T10:14:00,1763095440000,3,260.5536913280903
2025-11-14T10:11:00,1763095260000,NIFTY,hybrid,0.8928571428571429,18,20,180,2025-11-14T10:15:00,1763095500000,4,259.39151332450956
2025-11-14T10:11:00,1763095260000,NIFTY,hybrid,0.8928571428571429,18,20,180,2025-11-14T10:16:00,1763095560000,5,260.52649098085965
2025-11-14T10:11:00,1763095260000,NIFTY,hybrid,0.8928571428571429,18,20,180,2025-11-14T10:17:00,1763095620000,6,258.7429600398926
2025-11-14T10:11:00,1763095260000,NIFTY,hybrid,0.8928571428571429,18,20,180,2025-11-14T10:18:00,1763095680000,7,260.46510847132913
2025-11-14T10:11:00,1763095260000,NIFTY,hybrid,0.8928571428571429,18,20,180,2025-11-14T10:19:00,1763095740000,8,258.81078263265414
2025-11-14T10:11:00,1763095260000,NIFTY,hybrid,0.8928571428571429,18,20,180,2025-11-14T10:20:00,1763095800000,9,260.4536130026286
2025-11-14T10:11:00,1763095260000,NIFTY,hybrid,0.8928571428571429,18,20,180,2025-11-14T10:21:00,1763095860000,10,258.8110190865474
2025-11-14T10:11:00,1763095260000,NIFTY,hybrid,0.8928571428571429,18,20,180,2025-11-14T10:22:00,1763095920000,11,260.4095984580401
2025-11-14T10:11:00,1763095260000,NIFTY,hybrid,0.8928571428571429,18,20,180,2025-11-14T10:23:00,1763095980000,12,259.29560949643405
2025-11-14T10:11:00,1763095260000,NIFTY,hybrid,0.8928571428571429,18,20,180,2025-11-14T10:24:00,1763096040000,13,260.55612022924174
2025-11-14T10:11:00,1763095260000,NIFTY,hybrid,0.8928571428571429,18,20,180,2025-11-14T10:25:00,1763096100000,14,258.93280455334923
2025-11-14T10:11:00,1763095260000,NIFTY,hybrid,0.8928571428571429,18,20,180,2025-11-14T10:26:00,1763096160000,15,260.52375377184575
2025-11-14T10:11:00,1763095260000,NIFTY,hybrid,0.8928571428571429,18,20,180,2025-11-14T10:27:00,1763096220000,16,258.8162698132687
2025-11-14T10:11:00,1763095260000,NIFTY,hybrid,0.8928571428571429,18,20,180,2025-11-14T10:28:00,1763096280000,17,260.1877399631044
2025-11-14T10:11:00,1763095260000,NIFTY,hybrid,0.8928571428571429,18,20,180,2025-11-14T10:29:00,1763096340000,18,259.62295601986375
2025-11-14T10:11:00,1763095260000,NIFTY,hybrid,0.8928571428571429,18,20,180,2025-11-14T10:30:00,1763096400000,19,260.4071496043148
2025-11-14T10:11:00,1763095260000,NIFTY,hybrid,0.8928571428571429,18,20,180,2025-11-14T10:31:00,1763096460000,20,259.24048951639264
2025-11-14T10:11:00,1763095260000,NIFTY,hybrid,0.8928571428571429,18,20,180,2025-11-14T10:32:00,1763096520000,21,260.3337697329108
2025-11-14T10:11:00,1763095260000,NIFTY,hybrid,0.8928571428571429,18,20,180,2025-11-14T10:33:00,1763096580000,22,259.29050103008217
2025-11-14T10:11:00,1763095260000,NIFTY,hybrid,0.8928571428571429,18,20,180,2025-11-14T10:34:00,1763096640000,23,259.92457647573167
2025-11-14T10:11:00,1763095260000,NIFTY,hybrid,0.8928571428571429,18,20,180,2025-11-14T10:35:00,1763096700000,24,258.94467705977803
2025-11-14T10:11:00,1763095260000,NIFTY,hybrid,0.8928571428571429,18,20,180,2025-11-14T10:36:00,1763096760000,25,260.28224891881814
2025-11-14T10:11:00,1763095260000,NIFTY,hybrid,0.8928571428571429,18,20,180,2025-11-14T10:37:00,1763096820000,26,258.45706814260234
2025-11-14T10:11:00,1763095260000,NIFTY,hybrid,0.8928571428571429,18,20,180,2025-11-14T10:38:00,1763096880000,27,260.04551429732953
2025-11-14T10:11:00,1763095260000,NIFTY,hybrid,0.8928571428571429,18,20,180,2025-11-14T10:39:00,1763096940000,28,258.56769896186773
2025-11-14T10:11:00,1763095260000,NIFTY,hybrid,0.8928571428571429,18,20,180,2025-11-14T10:40:00,1763097000000,29,259.96713060241416
2025-11-14T10:11:00,1763095260000,NIFTY,hybrid,0.8928571428571429,18,20,180,2025-11-14T10:41:00,1763097060000,30,258.6681720826974
2025-11-14T10:11:00,1763095260000,NIFTY,hybrid,0.8928571428571429,18,20,180,2025-11-14T10:42:00,1763097120000,31,260.12099619565333
2025-11-14T10:11:00,1763095260000,NIFTY,hybrid,0.8928571428571429,18,20,180,2025-11-14T10:43:00,1763097180000,32,258.41830305312783
2025-11-14T10:11:00,1763095260000,NIFTY,hybrid,0.8928571428571429,18,20,180,2025-11-14T10:44:00,1763097240000,33,260.62977356275553
2025-11-14T10:11:00,1763095260000,NIFTY,hybrid,0.8928571428571429,18,20,180,2025-11-14T10:45:00,1763097300000,34,258.69820848827396
2025-11-14T10:11:00,1763095260000,NIFTY,hybrid,0.8928571428571429,18,20,180,2025-11-14T10:46:00,1763097360000,35,260.9011331414579
2025-11-14T10:11:00,1763095260000,NIFTY,hybrid,0.8928571428571429,18,20,180,2025-11-14T10:47:00,1763097420000,36,258.9104928540816
2025-11-14T10:11:00,1763095260000,NIFTY,hybrid,0.8928571428571429,18,20,180,2025-11-14T10:48:00,1763097480000,37,260.6500863484401
2025-11-14T10:11:00,1763095260000,NIFTY,hybrid,0.8928571428571429,18,20,180,2025-11-14T10:49:00,1763097540000,38,258.7990672669415
2025-11-14T10:11:00,1763095260000,NIFTY,hybrid,0.8928571428571429,18,20,180,2025-11-14T10:50:00,1763097600000,39,260.3752196652745
2025-11-14T10:11:00,1763095260000,NIFTY,hybrid,0.8928571428571429,18,20,180,2025-11-14T10:51:00,1763097660000,40,258.7176165698445
2025-11-14T10:11:00,1763095260000,NIFTY,hybrid,0.8928571428571429,18,20,180,2025-11-14T10:52:00,1763097720000,41,260.19554151323234
2025-11-14T10:11:00,1763095260000,NIFTY,hybrid,0.8928571428571429,18,20,180,2025-11-14T10:53:00,1763097780000,42,258.93329089215206
2025-11-14T10:11:00,1763095260000,NIFTY,hybrid,0.8928571428571429,18,20,180,2025-11-14T10:54:00,1763097840000,43,259.5350014025375
2025-11-14T10:11:00,1763095260000,NIFTY,hybrid,0.8928571428571429,18,20,180,2025-11-14T10:55:00,1763097900000,44,258.6205289714608
2025-11-14T10:11:00,1763095260000,NIFTY,hybrid,0.8928571428571429,18,20,180,2025-11-14T10:56:00,1763097960000,45,259.4849284844829
2025-11-14T10:11:00,1763095260000,NIFTY,hybrid,0.8928571428571429,18,20,180,2025-11-14T10:57:00,1763098020000,46,258.27059567448725
2025-11-14T10:11:00,1763095260000,NIFTY,hybrid,0.8928571428571429,18,20,180,2025-11-14T10:58:00,1763098080000,47,259.96363100136534
2025-11-14T10:11:00,1763095260000,NIFTY,hybrid,0.8928571428571429,18,20,180,2025-11-14T10:59:00,1763098140000,48,257.82032264027805
2025-11-14T10:11:00,1763095260000,NIFTY,hybrid,0.8928571428571429,18,20,180,2025-11-14T11:00:00,1763098200000,49,259.8274415390037
2025-11-14T10:11:00,1763095260000,NIFTY,hybrid,0.8928571428571429,18,20,180,2025-11-14T11:01:00,1763098260000,50,258.16734741883886
2025-11-14T10:11:00,1763095260000,NIFTY,hybrid,0.8928571428571429,18,20,180,2025-11-14T11:02:00,1763098320000,51,260.0485058682197
2025-11-14T10:11:00,1763095260000,NIFTY,hybrid,0.8928571428571429,18,20,180,2025-11-14T11:03:00,1763098380000,52,258.0639783958096
2025-11-14T10:11:00,1763095260000,NIFTY,hybrid,0.8928571428571429,18,20,180,2025-11-14T11:04:00,1763098440000,53,259.8111765864612
2025-11-14T10:11:00,1763095260000,NIFTY,hybrid,0.8928571428571429,18,20,180,2025-11-14T11:05:00,1763098500000,54,257.75671245075364
2025-11-14T10:11:00,1763095260000,NIFTY,hybrid,0.8928571428571429,18,20,180,2025-11-14T11:06:00,1763098560000,55,259.8374710886161
2025-11-14T10:11:00,1763095260000,NIFTY,hybrid,0.8928571428571429,18,20,180,2025-11-14T11:07:00,1763098620000,56,257.9079283668134
2025-11-14T10:11:00,1763095260000,NIFTY,hybrid,0.8928571428571429,18,20,180,2025-11-14T11:08:00,1763098680000,57,260.11429855374786
2025-11-14T10:11:00,1763095260000,NIFTY,hybrid,0.8928571428571429,18,20,180,2025-11-14T11:09:00,1763098740000,58,258.0909890512439
2025-11-14T10:11:00,1763095260000,NIFTY,hybrid,0.8928571428571429,18,20,180,2025-11-14T11:10:00,1763098800000,59,260.00284232263994
2025-11-14T10:11:00,1763095260000,NIFTY,hybrid,0.8928571428571429,18,20,180,2025-11-14T11:11:00,1763098860000,60,257.94916080002395
2025-11-14T10:42:00,1763097120000,NIFTY,hybrid,0.9,8,15,60,2025-11-14T10:43:00,1763097180000,1,264.6
2025-11-14T10:42:00,1763097120000,NIFTY,hybrid,0.9,8,15,60,2025-11-14T10:44:00,1763097240000,2,265.384058150953
2025-11-14T10:42:00,1763097120000,NIFTY,hybrid,0.9,8,15,60,2025-11-14T10:45:00,1763097300000,3,265.1034629309745
2025-11-14T10:42:00,1763097120000,NIFTY,hybrid,0.9,8,15,60,2025-11-14T10:46:00,1763097360000,4,266.0392094673173
2025-11-14T10:42:00,1763097120000,NIFTY,hybrid,0.9,8,15,60,2025-11-14T10:47:00,1763097420000,5,264.95058969746236
2025-11-14T10:42:00,1763097120000,NIFTY,hybrid,0.9,8,15,60,2025-11-14T10:48:00,1763097480000,6,266.4110382183261
2025-11-14T10:42:00,1763097120000,NIFTY,hybrid,0.9,8,15,60,2025-11-14T10:49:00,1763097540000,7,265.193686488067
2025-11-14T10:42:00,1763097120000,NIFTY,hybrid,0.9,8,15,60,2025-11-14T10:50:00,1763097600000,8,266.04090178864334
2025-11-14T10:42:00,1763097120000,NIFTY,hybrid,0.9,8,15,60,2025-11-14T10:51:00,1763097660000,9,265.01647118749054
2025-11-14T10:42:00,1763097120000,NIFTY,hybrid,0.9,8,15,60,2025-11-14T10:52:00,1763097720000,10,265.6584363918697
2025-11-14T10:42:00,1763097120000,NIFTY,hybrid,0.9,8,15,60,2025-11-14T10:53:00,1763097780000,11,265.35904302367453
2025-11-14T10:42:00,1763097120000,NIFTY,hybrid,0.9,8,15,60,2025-11-14T10:54:00,1763097840000,12,265.98786953954436
2025-11-14T10:42:00,1763097120000,NIFTY,hybrid,0.9,8,15,60,2025-11-14T10:55:00,1763097900000,13,264.78080958458827
2025-11-14T10:42:00,1763097120000,NIFTY,hybrid,0.9,8,15,60,2025-11-14T10:56:00,1763097960000,14,265.9334718281282
2025-11-14T10:42:00,1763097120000,NIFTY,hybrid,0.9,8,15,60,2025-11-14T10:57:00,1763098020000,15,265.2151590422145
2025-11-14T10:42:00,1763097120000,NIFTY,hybrid,0.9,8,15,60,2025-11-14T10:58:00,1763098080000,16,266.4330117687683
2025-11-14T10:42:00,1763097120000,NIFTY,hybrid,0.9,8,15,60,2025-11-14T10:59:00,1763098140000,17,263.5608725746964
2025-11-14T10:42:00,1763097120000,NIFTY,hybrid,0.9,8,15,60,2025-11-14T11:00:00,1763098200000,18,264.15755692832187
2025-11-14T10:42:00,1763097120000,NIFTY,hybrid,0.9,8,15,60,2025-11-14T11:01:00,1763098260000,19,265.1635483029345
2025-11-14T10:42:00,1763097120000,NIFTY,hybrid,0.9,8,15,60,2025-11-14T11:02:00,1763098320000,20,266.8464756812351
2025-11-14T10:42:00,1763097120000,NIFTY,hybrid,0.9,8,15,60,2025-11-14T11:03:00,1763098380000,21,265.39053201707554
2025-11-14T10:42:00,1763097120000,NIFTY,hybrid,0.9,8,15,60,2025-11-14T11:04:00,1763098440000,22,266.4659640834558
2025-11-14T10:42:00,1763097120000,NIFTY,hybrid,0.9,8,15,60,2025-11-14T11:05:00,1763098500000,23,265.0500518354803
2025-11-14T10:42:00,1763097120000,NIFTY,hybrid,0.9,8,15,60,2025-11-14T11:06:00,1763098560000,24,265.95639838108355
2025-11-14T10:42:00,1763097120000,NIFTY,hybrid,0.9,8,15,60,2025-11-14T11:07:00,1763098620000,25,264.8599595384886
2025-11-14T10:42:00,1763097120000,NIFTY,hybrid,0.9,8,15,60,2025-11-14T11:08:00,1763098680000,26,264.9131168532368
2025-11-14T10:42:00,1763097120000,NIFTY,hybrid,0.9,8,15,60,2025-11-14T11:09:00,1763098740000,27,262.86890347392506
2025-11-14T10:42:00,1763097120000,NIFTY,hybrid,0.9,8,15,60,2025-11-14T11:10:00,1763098800000,28,263.88520526610637
2025-11-14T10:42:00,1763097120000,NIFTY,hybrid,0.9,8,15,60,2025-11-14T11:11:00,1763098860000,29,262.2946271725287
2025-11-14T10:42:00,1763097120000,NIFTY,hybrid,0.9,8,15,60,2025-11-14T11:12:00,1763098920000,30,263.65226566578997
2025-11-14T10:42:00,1763097120000,NIFTY,hybrid,0.9,8,15,60,2025-11-14T11:13:00,1763098980000,31,262.69603442968514
2025-11-14T10:42:00,1763097120000,NIFTY,hybrid,0.9,8,15,60,2025-11-14T11:14:00,1763099040000,32,263.35672457201184
2025-11-14T10:42:00,1763097120000,NIFTY,hybrid,0.9,8,15,60,2025-11-14T11:15:00,1763099100000,33,262.51226566579
2025-11-14T10:42:00,1763097120000,NIFTY,hybrid,0.9,8,15,60,2025-11-14T11:16:00,1763099160000,34,264.9627702861125
2025-11-14T10:42:00,1763097120000,NIFTY,hybrid,0.9,8,15,60,2025-11-14T11:17:00,1763099220000,35,263.4759529277768
2025-11-14T10:42:00,1763097120000,NIFTY,hybrid,0.9,8,15,60,2025-11-14T11:18:00,1763099280000,36,265.02079013679884
2025-11-14T10:42:00,1763097120000,NIFTY,hybrid,0.9,8,15,60,2025-11-14T11:19:00,1763099340000,37,263.48710638217364
2025-11-14T10:42:00,1763097120000,NIFTY,hybrid,0.9,8,15,60,2025-11-14T11:20:00,1763099400000,38,265.2093577097589
2025-11-14T10:42:00,1763097120000,NIFTY,hybrid,0.9,8,15,60,2025-11-14T11:21:00,1763099460000,39,263.7456753706283
2025-11-14T10:42:00,1763097120000,NIFTY,hybrid,0.9,8,15,60,2025-11-14T11:22:00,1763099520000,40,264.2707817290317
2025-11-14T10:42:00,1763097120000,NIFTY,hybrid,0.9,8,15,60,2025-11-14T11:23:00,1763099580000,41,263.68493749977165
2025-11-14T10:42:00,1763097120000,NIFTY,hybrid,0.9,8,15,60,2025-11-14T11:24:00,1763099640000,42,265.1139223328189
2025-11-14T10:42:00,1763097120000,NIFTY,hybrid,0.9,8,15,60,2025-11-14T11:25:00,1763099700000,43,264.25999876193373
2025-11-14T10:42:00,1763097120000,NIFTY,hybrid,0.9,8,15,60,2025-11-14T11:26:00,1763099760000,44,265.16475884319334
2025-11-14T10:42:00,1763097120000,NIFTY,hybrid,0.9,8,15,60,2025-11-14T11:27:00,1763099820000,45,263.7653611317772
2025-11-14T10:42:00,1763097120000,NIFTY,hybrid,0.9,8,15,60,2025-11-14T11:28:00,1763099880000,46,265.0121283532367
2025-11-14T10:42:00,1763097120000,NIFTY,hybrid,0.9,8,15,60,2025-11-14T11:29:00,1763099940000,47,264.1751340836727
2025-11-14T10:42:00,1763097120000,NIFTY,hybrid,0.9,8,15,60,2025-11-14T11:30:00,1763100000000,48,265.75591819948835
2025-11-14T10:42:00,1763097120000,NIFTY,hybrid,0.9,8,15,60,2025-11-14T11:31:00,1763100060000,49,263.5190657089448
2025-11-14T10:42:00,1763097120000,NIFTY,hybrid,0.9,8,15,60,2025-11-14T11:32:00,1763100120000,50,264.76484128109075
2025-11-14T10:42:00,1763097120000,NIFTY,hybrid,0.9,8,15,60,2025-11-14T11:33:00,1763100180000,51,263.36639242538274
2025-11-14T10:42:00,1763097120000,NIFTY,hybrid,0.9,8,15,60,2025-11-14T11:34:00,1763100240000,52,264.8433242003059
2025-11-14T10:42:00,1763097120000,NIFTY,hybrid,0.9,8,15,60,2025-11-14T11:35:00,1763100300000,53,262.9764748632802
2025-11-14T10:42:00,1763097120000,NIFTY,hybrid,0.9,8,15,60,2025-11-14T11:36:00,1763100360000,54,264.97268784821506
2025-11-14T10:42:00,1763097120000,NIFTY,hybrid,0.9,8,15,60,2025-11-14T11:37:00,1763100420000,55,263.5994776547027
2025-11-14T10:42:00,1763097120000,NIFTY,hybrid,0.9,8,15,60,2025-11-14T11:38:00,1763100480000,56,264.7427796549752
2025-11-14T10:42:00,1763097120000,NIFTY,hybrid,0.9,8,15,60,2025-11-14T11:39:00,1763100540000,57,263.01479947338004
2025-11-14T10:42:00,1763097120000,NIFTY,hybrid,0.9,8,15,60,2025-11-14T11:40:00,1763100600000,58,264.0142340475951
2025-11-14T10:42:00,1763097120000,NIFTY,hybrid,0.9,8,15,60,2025-11-14T11:41:00,1763100660000,59,262.46621073405345
2025-11-14T10:42:00,1763097120000,NIFTY,hybrid,0.9,8,15,60,2025-11-14T11:42:00,1763100720000,60,264.228628296156
2025-11-14T10:42:00,1763097120000,NIFTY,hybrid,0.9,,15,60,2025-11-14T10:43:00,1763097180000,1,264.6
2025-11-14T10:42:00,1763097120000,NIFTY,hybrid,0.9,,15,60,2025-11-14T10:44:00,1763097240000,2,265.384058150953
2025-11-14T10:42:00,1763097120000,NIFTY,hybrid,0.9,,15,60,2025-11-14T10:45:00,1763097300000,3,265.1034629309745
2025-11-14T10:42:00,1763097120000,NIFTY,hybrid,0.9,,15,60,2025-11-14T10:46:00,1763097360000,4,266.0392094673173
2025-11-14T10:42:00,1763097120000,NIFTY,hybrid,0.9,,15,60,2025-11-14T10:47:00,1763097420000,5,264.95058969746236
2025-11-14T10:42:00,1763097120000,NIFTY,hybrid,0.9,,15,60,2025-11-14T10:48:00,1763097480000,6,266.4110382183261
2025-11-14T10:42:00,1763097120000,NIFTY,hybrid,0.9,,15,60,2025-11-14T10:49:00,1763097540000,7,265.193686488067
2025-11-14T10:42:00,1763097120000,NIFTY,hybrid,0.9,,15,60,2025-11-14T10:50:00,1763097600000,8,266.04090178864334
2025-11-14T10:42:00,1763097120000,NIFTY,hybrid,0.9,,15,60,2025-11-14T10:51:00,1763097660000,9,265.01647118749054
2025-11-14T10:42:00,1763097120000,NIFTY,hybrid,0.9,,15,60,2025-11-14T10:52:00,1763097720000,10,265.6584363918697
2025-11-14T10:42:00,1763097120000,NIFTY,hybrid,0.9,,15,60,2025-11-14T10:53:00,1763097780000,11,265.35904302367453
2025-11-14T10:42:00,1763097120000,NIFTY,hybrid,0.9,,15,60,2025-11-14T10:54:00,1763097840000,12,265.98786953954436
2025-11-14T10:42:00,1763097120000,NIFTY,hybrid,0.9,,15,60,2025-11-14T10:55:00,1763097900000,13,264.78080958458827
2025-11-14T10:42:00,1763097120000,NIFTY,hybrid,0.9,,15,60,2025-11-14T10:56:00,1763097960000,14,265.9334718281282
2025-11-14T10:42:00,1763097120000,NIFTY,hybrid,0.9,,15,60,2025-11-14T10:57:00,1763098020000,15,265.2151590422145
2025-11-14T10:42:00,1763097120000,NIFTY,hybrid,0.9,,15,60,2025-11-14T10:58:00,1763098080000,16,266.4330117687683
2025-11-14T10:42:00,1763097120000,NIFTY,hybrid,0.9,,15,60,2025-11-14T10:59:00,1763098140000,17,263.5608725746964
2025-11-14T10:42:00,1763097120000,NIFTY,hybrid,0.9,,15,60,2025-11-14T11:00:00,1763098200000,18,264.15755692832187
2025-11-14T10:42:00,1763097120000,NIFTY,hybrid,0.9,,15,60,2025-11-14T11:01:00,1763098260000,19,265.1635483029345
2025-11-14T10:42:00,1763097120000,NIFTY,hybrid,0.9,,15,60,2025-11-14T11:02:00,1763098320000,20,266.8464756812351
2025-11-14T10:42:00,1763097120000,NIFTY,hybrid,0.9,,15,60,2025-11-14T11:03:00,1763098380000,21,265.39053201707554
2025-11-14T10:42:00,1763097120000,NIFTY,hybrid,0.9,,15,60,2025-11-14T11:04:00,1763098440000,22,266.4659640834558
2025-11-14T10:42:00,1763097120000,NIFTY,hybrid,0.9,,15,60,2025-11-14T11:05:00,1763098500000,23,265.0500518354803
2025-11-14T10:42:00,1763097120000,NIFTY,hybrid,0.9,,15,60,2025-11-14T11:06:00,1763098560000,24,265.95639838108355
2025-11-14T10:42:00,1763097120000,NIFTY,hybrid,0.9,,15,60,2025-11-14T11:07:00,1763098620000,25,264.8599595384886
2025-11-14T10:42:00,1763097120000,NIFTY,hybrid,0.9,,15,60,2025-11-14T11:08:00,1763098680000,26,264.9131168532368
2025-11-14T10:42:00,1763097120000,NIFTY,hybrid,0.9,,15,60,2025-11-14T11:09:00,1763098740000,27,262.86890347392506
2025-11-14T10:42:00,1763097120000,NIFTY,hybrid,0.9,,15,60,2025-11-14T11:10:00,1763098800000,28,263.88520526610637
2025-11-14T10:42:00,1763097120000,NIFTY,hybrid,0.9,,15,60,2025-11-14T11:11:00,1763098860000,29,262.2946271725287
2025-11-14T10:42:00,1763097120000,NIFTY,hybrid,0.9,,15,60,2025-11-14T11:12:00,1763098920000,30,263.65226566578997
2025-11-14T10:42:00,1763097120000,NIFTY,hybrid,0.9,,15,60,2025-11-14T11:13:00,1763098980000,31,262.69603442968514
2025-11-14T10:42:00,1763097120000,NIFTY,hybrid,0.9,,15,60,2025-11-14T11:14:00,1763099040000,32,263.35672457201184
2025-11-14T10:42:00,1763097120000,NIFTY,hybrid,0.9,,15,60,2025-11-14T11:15:00,1763099100000,33,262.51226566579
2025-11-14T10:42:00,1763097120000,NIFTY,hybrid,0.9,,15,60,2025-11-14T11:16:00,1763099160000,34,264.9627702861125
2025-11-14T10:42:00,1763097120000,NIFTY,hybrid,0.9,,15,60,2025-11-14T11:17:00,1763099220000,35,263.4759529277768
2025-11-14T10:42:00,1763097120000,NIFTY,hybrid,0.9,,15,60,2025-11-14T11:18:00,1763099280000,36,265.02079013679884
2025-11-14T10:42:00,1763097120000,NIFTY,hybrid,0.9,,15,60,2025-11-14T11:19:00,1763099340000,37,263.48710638217364
2025-11-14T10:42:00,1763097120000,NIFTY,hybrid,0.9,,15,60,2025-11-14T11:20:00,1763099400000,38,265.2093577097589
2025-11-14T10:42:00,1763097120000,NIFTY,hybrid,0.9,,15,60,2025-11-14T11:21:00,1763099460000,39,263.7456753706283
2025-11-14T10:42:00,1763097120000,NIFTY,hybrid,0.9,,15,60,2025-11-14T11:22:00,1763099520000,40,264.2707817290317
2025-11-14T10:42:00,1763097120000,NIFTY,hybrid,0.9,,15,60,2025-11-14T11:23:00,1763099580000,41,263.68493749977165
2025-11-14T10:42:00,1763097120000,NIFTY,hybrid,0.9,,15,60,2025-11-14T11:24:00,1763099640000,42,265.1139223328189
2025-11-14T10:42:00,1763097120000,NIFTY,hybrid,0.9,,15,60,2025-11-14T11:25:00,1763099700000,43,264.25999876193373
2025-11-14T10:42:00,1763097120000,NIFTY,hybrid,0.9,,15,60,2025-11-14T11:26:00,1763099760000,44,265.16475884319334
2025-11-14T10:42:00,1763097120000,NIFTY,hybrid,0.9,,15,60,2025-11-14T11:27:00,1763099820000,45,263.7653611317772
2025-11-14T10:42:00,1763097120000,NIFTY,hybrid,0.9,,15,60,2025-11-14T11:28:00,1763099880000,46,265.0121283532367
2025-11-14T10:42:00,1763097120000,NIFTY,hybrid,0.9,,15,60,2025-11-14T11:29:00,1763099940000,47,264.1751340836727
2025-11-14T10:42:00,1763097120000,NIFTY,hybrid,0.9,,15,60,2025-11-14T11:30:00,1763100000000,48,265.75591819948835
2025-11-14T10:42:00,1763097120000,NIFTY,hybrid,0.9,,15,60,2025-11-14T11:31:00,1763100060000,49,263.5190657089448
2025-11-14T10:42:00,1763097120000,NIFTY,hybrid,0.9,,15,60,2025-11-14T11:32:00,1763100120000,50,264.76484128109075
2025-11-14T10:42:00,1763097120000,NIFTY,hybrid,0.9,,15,60,2025-11-14T11:33:00,1763100180000,51,263.36639242538274
2025-11-14T10:42:00,1763097120000,NIFTY,hybrid,0.9,,15,60,2025-11-14T11:34:00,1763100240000,52,264.8433242003059
2025-11-14T10:42:00,1763097120000,NIFTY,hybrid,0.9,,15,60,2025-11-14T11:35:00,1763100300000,53,262.9764748632802
2025-11-14T10:42:00,1763097120000,NIFTY,hybrid,0.9,,15,60,2025-11-14T11:36:00,1763100360000,54,264.97268784821506
2025-11-14T10:42:00,1763097120000,NIFTY,hybrid,0.9,,15,60,2025-11-14T11:37:00,1763100420000,55,263.5994776547027
2025-11-14T10:42:00,1763097120000,NIFTY,hybrid,0.9,,15,60,2025-11-14T11:38:00,1763100480000,56,264.7427796549752
2025-11-14T10:42:00,1763097120000,NIFTY,hybrid,0.9,,15,60,2025-11-14T11:39:00,1763100540000,57,263.01479947338004
2025-11-14T10:42:00,1763097120000,NIFTY,hybrid,0.9,,15,60,2025-11-14T11:40:00,1763100600000,58,264.0142340475951
2025-11-14T10:42:00,1763097120000,NIFTY,hybrid,0.9,,15,60,2025-11-14T11:41:00,1763100660000,59,262.46621073405345
2025-11-14T10:42:00,1763097120000,NIFTY,hybrid,0.9,,15,60,2025-11-14T11:42:00,1763100720000,60,264.228628296156
2025-11-14T10:42:00,1763097120000,NIFTY,hybrid,0.9,,15,60,2025-11-14T10:43:00,1763097180000,1,264.6
2025-11-14T10:42:00,1763097120000,NIFTY,hybrid,0.9,,15,60,2025-11-14T10:44:00,1763097240000,2,265.384058150953
2025-11-14T10:42:00,1763097120000,NIFTY,hybrid,0.9,,15,60,2025-11-14T10:45:00,1763097300000,3,265.1034629309745
2025-11-14T10:42:00,1763097120000,NIFTY,hybrid,0.9,,15,60,2025-11-14T10:46:00,1763097360000,4,266.0392094673173
2025-11-14T10:42:00,1763097120000,NIFTY,hybrid,0.9,,15,60,2025-11-14T10:47:00,1763097420000,5,264.95058969746236
2025-11-14T10:42:00,1763097120000,NIFTY,hybrid,0.9,,15,60,2025-11-14T10:48:00,1763097480000,6,266.4110382183261
2025-11-14T10:42:00,1763097120000,NIFTY,hybrid,0.9,,15,60,2025-11-14T10:49:00,1763097540000,7,265.193686488067
2025-11-14T10:42:00,1763097120000,NIFTY,hybrid,0.9,,15,60,2025-11-14T10:50:00,1763097600000,8,266.04090178864334
2025-11-14T10:42:00,1763097120000,NIFTY,hybrid,0.9,,15,60,2025-11-14T10:51:00,1763097660000,9,265.01647118749054
2025-11-14T10:42:00,1763097120000,NIFTY,hybrid,0.9,,15,60,2025-11-14T10:52:00,1763097720000,10,265.6584363918697
2025-11-14T10:42:00,1763097120000,NIFTY,hybrid,0.9,,15,60,2025-11-14T10:53:00,1763097780000,11,265.35904302367453
2025-11-14T10:42:00,1763097120000,NIFTY,hybrid,0.9,,15,60,2025-11-14T10:54:00,1763097840000,12,265.98786953954436
2025-11-14T10:42:00,1763097120000,NIFTY,hybrid,0.9,,15,60,2025-11-14T10:55:00,1763097900000,13,264.78080958458827
2025-11-14T10:42:00,1763097120000,NIFTY,hybrid,0.9,,15,60,2025-11-14T10:56:00,1763097960000,14,265.9334718281282
2025-11-14T10:42:00,1763097120000,NIFTY,hybrid,0.9,,15,60,2025-11-14T10:57:00,1763098020000,15,265.2151590422145
2025-11-14T10:42:00,1763097120000,NIFTY,hybrid,0.9,,15,60,2025-11-14T10:58:00,1763098080000,16,266.4330117687683
2025-11-14T10:42:00,1763097120000,NIFTY,hybrid,0.9,,15,60,2025-11-14T10:59:00,1763098140000,17,263.5608725746964
2025-11-14T10:42:00,1763097120000,NIFTY,hybrid,0.9,,15,60,2025-11-14T11:00:00,1763098200000,18,264.15755692832187
2025-11-14T10:42:00,1763097120000,NIFTY,hybrid,0.9,,15,60,2025-11-14T11:01:00,1763098260000,19,265.1635483029345
2025-11-14T10:42:00,1763097120000,NIFTY,hybrid,0.9,,15,60,2025-11-14T11:02:00,1763098320000,20,266.8464756812351
2025-11-14T10:42:00,1763097120000,NIFTY,hybrid,0.9,,15,60,2025-11-14T11:03:00,1763098380000,21,265.39053201707554
2025-11-14T10:42:00,1763097120000,NIFTY,hybrid,0.9,,15,60,2025-11-14T11:04:00,1763098440000,22,266.4659640834558
2025-11-14T10:42:00,1763097120000,NIFTY,hybrid,0.9,,15,60,2025-11-14T11:05:00,1763098500000,23,265.0500518354803
2025-11-14T10:42:00,1763097120000,NIFTY,hybrid,0.9,,15,60,2025-11-14T11:06:00,1763098560000,24,265.95639838108355
2025-11-14T10:42:00,1763097120000,NIFTY,hybrid,0.9,,15,60,2025-11-14T11:07:00,1763098620000,25,264.8599595384886
2025-11-14T10:42:00,1763097120000,NIFTY,hybrid,0.9,,15,60,2025-11-14T11:08:00,1763098680000,26,264.9131168532368
2025-11-14T10:42:00,1763097120000,NIFTY,hybrid,0.9,,15,60,2025-11-14T11:09:00,1763098740000,27,262.86890347392506
2025-11-14T10:42:00,1763097120000,NIFTY,hybrid,0.9,,15,60,2025-11-14T11:10:00,1763098800000,28,263.88520526610637
2025-11-14T10:42:00,1763097120000,NIFTY,hybrid,0.9,,15,60,2025-11-14T11:11:00,1763098860000,29,262.2946271725287
2025-11-14T10:42:00,1763097120000,NIFTY,hybrid,0.9,,15,60,2025-11-14T11:12:00,1763098920000,30,263.65226566578997
2025-11-14T10:42:00,1763097120000,NIFTY,hybrid,0.9,,15,60,2025-11-14T11:13:00,1763098980000,31,262.69603442968514
2025-11-14T10:42:00,1763097120000,NIFTY,hybrid,0.9,,15,60,2025-11-14T11:14:00,1763099040000,32,263.35672457201184
2025-11-14T10:42:00,1763097120000,NIFTY,hybrid,0.9,,15,60,2025-11-14T11:15:00,1763099100000,33,262.51226566579
2025-11-14T10:42:00,1763097120000,NIFTY,hybrid,0.9,,15,60,2025-11-14T11:16:00,1763099160000,34,264.9627702861125
2025-11-14T10:42:00,1763097120000,NIFTY,hybrid,0.9,,15,60,2025-11-14T11:17:00,1763099220000,35,263.4759529277768
2025-11-14T10:42:00,1763097120000,NIFTY,hybrid,0.9,,15,60,2025-11-14T11:18:00,1763099280000,36,265.02079013679884
2025-11-14T10:42:00,1763097120000,NIFTY,hybrid,0.9,,15,60,2025-11-14T11:19:00,1763099340000,37,263.48710638217364
2025-11-14T10:42:00,1763097120000,NIFTY,hybrid,0.9,,15,60,2025-11-14T11:20:00,1763099400000,38,265.2093577097589
2025-11-14T10:42:00,1763097120000,NIFTY,hybrid,0.9,,15,60,2025-11-14T11:21:00,1763099460000,39,263.7456753706283
2025-11-14T10:42:00,1763097120000,NIFTY,hybrid,0.9,,15,60,2025-11-14T11:22:00,1763099520000,40,264.2707817290317
2025-11-14T10:42:00,1763097120000,NIFTY,hybrid,0.9,,15,60,2025-11-14T11:23:00,1763099580000,41,263.68493749977165
2025-11-14T10:42:00,1763097120000,NIFTY,hybrid,0.9,,15,60,2025-11-14T11:24:00,1763099640000,42,265.1139223328189
2025-11-14T10:42:00,1763097120000,NIFTY,hybrid,0.9,,15,60,2025-11-14T11:25:00,1763099700000,43,264.25999876193373
2025-11-14T10:42:00,1763097120000,NIFTY,hybrid,0.9,,15,60,2025-11-14T11:26:00,1763099760000,44,265.16475884319334
2025-11-14T10:42:00,1763097120000,NIFTY,hybrid,0.9,,15,60,2025-11-14T11:27:00,1763099820000,45,263.7653611317772
2025-11-14T10:42:00,1763097120000,NIFTY,hybrid,0.9,,15,60,2025-11-14T11:28:00,1763099880000,46,265.0121283532367
2025-11-14T10:42:00,1763097120000,NIFTY,hybrid,0.9,,15,60,2025-11-14T11:29:00,1763099940000,47,264.1751340836727
2025-11-14T10:42:00,1763097120000,NIFTY,hybrid,0.9,,15,60,2025-11-14T11:30:00,1763100000000,48,265.75591819948835
2025-11-14T10:42:00,1763097120000,NIFTY,hybrid,0.9,,15,60,2025-11-14T11:31:00,1763100060000,49,263.5190657089448
2025-11-14T10:42:00,1763097120000,NIFTY,hybrid,0.9,,15,60,2025-11-14T11:32:00,1763100120000,50,264.76484128109075
2025-11-14T10:42:00,1763097120000,NIFTY,hybrid,0.9,,15,60,2025-11-14T11:33:00,1763100180000,51,263.36639242538274
2025-11-14T10:42:00,1763097120000,NIFTY,hybrid,0.9,,15,60,2025-11-14T11:34:00,1763100240000,52,264.8433242003059
2025-11-14T10:42:00,1763097120000,NIFTY,hybrid,0.9,,15,60,2025-11-14T11:35:00,1763100300000,53,262.9764748632802
2025-11-14T10:42:00,1763097120000,NIFTY,hybrid,0.9,,15,60,2025-11-14T11:36:00,1763100360000,54,264.97268784821506
2025-11-14T10:42:00,1763097120000,NIFTY,hybrid,0.9,,15,60,2025-11-14T11:37:00,1763100420000,55,263.5994776547027
2025-11-14T10:42:00,1763097120000,NIFTY,hybrid,0.9,,15,60,2025-11-14T11:38:00,1763100480000,56,264.7427796549752
2025-11-14T10:42:00,1763097120000,NIFTY,hybrid,0.9,,15,60,2025-11-14T11:39:00,1763100540000,57,263.01479947338004
2025-11-14T10:42:00,1763097120000,NIFTY,hybrid,0.9,,15,60,2025-11-14T11:40:00,1763100600000,58,264.0142340475951
2025-11-14T10:42:00,1763097120000,NIFTY,hybrid,0.9,,15,60,2025-11-14T11:41:00,1763100660000,59,262.46621073405345
2025-11-14T10:42:00,1763097120000,NIFTY,hybrid,0.9,,15,60,2025-11-14T11:42:00,1763100720000,60,264.228628296156
2025-11-14T10:42:30,1763097150000,NIFTY,hybrid,0.8928571428571429,8,20,180,2025-11-14T10:43:30,1763097210000,1,264.15
2025-11-14T10:42:30,1763097150000,NIFTY,hybrid,0.8928571428571429,8,20,180,2025-11-14T10:44:30,1763097270000,2,263.69030696004097
2025-11-14T10:42:30,1763097150000,NIFTY,hybrid,0.8928571428571429,8,20,180,2025-11-14T10:45:30,1763097330000,3,264.09255421558817
2025-11-14T10:42:30,1763097150000,NIFTY,hybrid,0.8928571428571429,8,20,180,2025-11-14T10:46:30,1763097390000,4,263.8032827501777
2025-11-14T10:42:30,1763097150000,NIFTY,hybrid,0.8928571428571429,8,20,180,2025-11-14T10:47:30,1763097450000,5,264.8782163744636
2025-11-14T10:42:30,1763097150000,NIFTY,hybrid,0.8928571428571429,8,20,180,2025-11-14T10:48:30,1763097510000,6,263.59216496979343
2025-11-14T10:42:30,1763097150000,NIFTY,hybrid,0.8928571428571429,8,20,180,2025-11-14T10:49:30,1763097570000,7,263.9614965265789
2025-11-14T10:42:30,1763097150000,NIFTY,hybrid,0.8928571428571429,8,20,180,2025-11-14T10:50:30,1763097630000,8,263.0736397143148
2025-11-14T10:42:30,1763097150000,NIFTY,hybrid,0.8928571428571429,8,20,180,2025-11-14T10:51:30,1763097690000,9,264.18317340340525
2025-11-14T10:42:30,1763097150000,NIFTY,hybrid,0.8928571428571429,8,20,180,2025-11-14T10:52:30,1763097750000,10,263.9624481327625
2025-11-14T10:42:30,1763097150000,NIFTY,hybrid,0.8928571428571429,8,20,180,2025-11-14T10:53:30,1763097810000,11,264.4828915921599
2025-11-14T10:42:30,1763097150000,NIFTY,hybrid,0.8928571428571429,8,20,180,2025-11-14T10:54:30,1763097870000,12,264.01559358648535
2025-11-14T10:42:30,1763097150000,NIFTY,hybrid,0.8928571428571429,8,20,180,2025-11-14T10:55:30,1763097930000,13,264.6350876288127
2025-11-14T10:42:30,1763097150000,NIFTY,hybrid,0.8928571428571429,8,20,180,2025-11-14T10:56:30,1763097990000,14,263.83663627057626
2025-11-14T10:42:30,1763097150000,NIFTY,hybrid,0.8928571428571429,8,20,180,2025-11-14T10:57:30,1763098050000,15,264.22167907492667
2025-11-14T10:42:30,1763097150000,NIFTY,hybrid,0.8928571428571429,8,20,180,2025-11-14T10:58:30,1763098110000,16,264.0469791671992
2025-11-14T10:42:30,1763097150000,NIFTY,hybrid,0.8928571428571429,8,20,180,2025-11-14T10:59:30,1763098170000,17,264.0149430208967
2025-11-14T10:42:30,1763097150000,NIFTY,hybrid,0.8928571428571429,8,20,180,2025-11-14T11:00:30,1763098230000,18,263.98417338644117
2025-11-14T10:42:30,1763097150000,NIFTY,hybrid,0.8928571428571429,8,20,180,2025-11-14T11:01:30,1763098290000,19,264.58954633416715
2025-11-14T10:42:30,1763097150000,NIFTY,hybrid,0.8928571428571429,8,20,180,2025-11-14T11:02:30,1763098350000,20,264.0724460677898
2025-11-14T10:42:30,1763097150000,NIFTY,hybrid,0.8928571428571429,8,20,180,2025-11-14T11:03:30,1763098410000,21,264.33872745579845
2025-11-14T10:42:30,1763097150000,NIFTY,hybrid,0.8928571428571429,8,20,180,2025-11-14T11:04:30,1763098470000,22,263.5445092140084
2025-11-14T10:42:30,1763097150000,NIFTY,hybrid,0.8928571428571429,8,20,180,2025-11-14T11:05:30,1763098530000,23,263.8843141445616
2025-11-14T10:42:30,1763097150000,NIFTY,hybrid,0.8928571428571429,8,20,180,2025-11-14T11:06:30,1763098590000,24,263.49069482133496
2025-11-14T10:42:30,1763097150000,NIFTY,hybrid,0.8928571428571429,8,20,180,2025-11-14T11:07:30,1763098650000,25,264.09379154790577
2025-11-14T10:42:30,1763097150000,NIFTY,hybrid,0.8928571428571429,8,20,180,2025-11-14T11:08:30,1763098710000,26,263.04154832770627
2025-11-14T10:42:30,1763097150000,NIFTY,hybrid,0.8928571428571429,8,20,180,2025-11-14T11:09:30,1763098770000,27,263.9088258080668
2025-11-14T10:42:30,1763097150000,NIFTY,hybrid,0.8928571428571429,8,20,180,2025-11-14T11:10:30,1763098830000,28,262.80545618228444
2025-11-14T10:42:30,1763097150000,NIFTY,hybrid,0.8928571428571429,8,20,180,2025-11-14T11:11:30,1763098890000,29,263.64601495052875
2025-11-14T10:42:30,1763097150000,NIFTY,hybrid,0.8928571428571429,8,20,180,2025-11-14T11:12:30,1763098950000,30,262.3531321116435
2025-11-14T10:42:30,1763097150000,NIFTY,hybrid,0.8928571428571429,8,20,180,2025-11-14T11:13:30,1763099010000,31,263.53149798486425
2025-11-14T10:42:30,1763097150000,NIFTY,hybrid,0.8928571428571429,8,20,180,2025-11-14T11:14:30,1763099070000,32,262.4813476844862
2025-11-14T10:42:30,1763097150000,NIFTY,hybrid,0.8928571428571429,8,20,180,2025-11-14T11:15:30,1763099130000,33,264.4696915688377
2025-11-14T10:42:30,1763097150000,NIFTY,hybrid,0.8928571428571429,8,20,180,2025-11-14T11:16:30,1763099190000,34,262.8239292634615
2025-11-14T10:42:30,1763097150000,NIFTY,hybrid,0.8928571428571429,8,20,180,2025-11-14T11:17:30,1763099250000,35,264.13369871684955
2025-11-14T10:42:30,1763097150000,NIFTY,hybrid,0.8928571428571429,8,20,180,2025-11-14T11:18:30,1763099310000,36,262.8041092229006
2025-11-14T10:42:30,1763097150000,NIFTY,hybrid,0.8928571428571429,8,20,180,2025-11-14T11:19:30,1763099370000,37,263.81665619410546
2025-11-14T10:42:30,1763097150000,NIFTY,hybrid,0.8928571428571429,8,20,180,2025-11-14T11:20:30,1763099430000,38,262.7788025980078
2025-11-14T10:42:30,1763097150000,NIFTY,hybrid,0.8928571428571429,8,20,180,2025-11-14T11:21:30,1763099490000,39,263.75476551393524
2025-11-14T10:42:30,1763097150000,NIFTY,hybrid,0.8928571428571429,8,20,180,2025-11-14T11:22:30,1763099550000,40,262.9498445053156
2025-11-14T10:42:30,1763097150000,NIFTY,hybrid,0.8928571428571429,8,20,180,2025-11-14T11:23:30,1763099610000,41,263.67777133097496
2025-11-14T10:42:30,1763097150000,NIFTY,hybrid,0.8928571428571429,8,20,180,2025-11-14T11:24:30,1763099670000,42,262.5284437525486
2025-11-14T10:42:30,1763097150000,NIFTY,hybrid,0.8928571428571429,8,20,180,2025-11-14T11:25:30,1763099730000,43,263.24773694726565
2025-11-14T10:42:30,1763097150000,NIFTY,hybrid,0.8928571428571429,8,20,180,2025-11-14T11:26:30,1763099790000,44,262.0249833376237
2025-11-14T10:42:30,1763097150000,NIFTY,hybrid,0.8928571428571429,8,20,180,2025-11-14T11:27:30,1763099850000,45,263.25081878482257
2025-11-14T10:42:30,1763097150000,NIFTY,hybrid,0.8928571428571429,8,20,180,2025-11-14T11:28:30,1763099910000,46,261.60799034522233
2025-11-14T10:42:30,1763097150000,NIFTY,hybrid,0.8928571428571429,8,20,180,2025-11-14T11:29:30,1763099970000,47,263.34381025222365
2025-11-14T10:42:30,1763097150000,NIFTY,hybrid,0.8928571428571429,8,20,180,2025-11-14T11:30:30,1763100030000,48,262.0121514592364
2025-11-14T10:42:30,1763097150000,NIFTY,hybrid,0.8928571428571429,8,20,180,2025-11-14T11:31:30,1763100090000,49,263.49827530205255
2025-11-14T10:42:30,1763097150000,NIFTY,hybrid,0.8928571428571429,8,20,180,2025-11-14T11:32:30,1763100150000,50,264.1599419302971
2025-11-14T10:42:30,1763097150000,NIFTY,hybrid,0.8928571428571429,8,20,180,2025-11-14T11:33:30,1763100210000,51,263.6374362549673
2025-11-14T10:42:30,1763097150000,NIFTY,hybrid,0.8928571428571429,8,20,180,2025-11-14T11:34:30,1763100270000,52,262.7501221473832
2025-11-14T10:42:30,1763097150000,NIFTY,hybrid,0.8928571428571429,8,20,180,2025-11-14T11:35:30,1763100330000,53,263.34471832308077
2025-11-14T10:42:30,1763097150000,NIFTY,hybrid,0.8928571428571429,8,20,180,2025-11-14T11:36:30,1763100390000,54,263.21276703480544
2025-11-14T10:42:30,1763097150000,NIFTY,hybrid,0.8928571428571429,8,20,180,2025-11-14T11:37:30,1763100450000,55,263.59621349554163
2025-11-14T10:42:30,1763097150000,NIFTY,hybrid,0.8928571428571429,8,20,180,2025-11-14T11:38:30,1763100510000,56,263.9383904896908
2025-11-14T10:42:30,1763097150000,NIFTY,hybrid,0.8928571428571429,8,20,180,2025-11-14T11:39:30,1763100570000,57,263.6507384706503
2025-11-14T10:42:30,1763097150000,NIFTY,hybrid,0.8928571428571429,8,20,180,2025-11-14T11:40:30,1763100630000,58,263.38058222187306
2025-11-14T10:42:30,1763097150000,NIFTY,hybrid,0.8928571428571429,8,20,180,2025-11-14T11:41:30,1763100690000,59,263.5726920775314
2025-11-14T10:42:30,1763097150000,NIFTY,hybrid,0.8928571428571429,8,20,180,2025-11-14T11:42:30,1763100750000,60,262.24134283309434
2025-11-14T10:42:30,1763097150000,NIFTY,hybrid,0.8928571428571429,,20,180,2025-11-14T10:43:30,1763097210000,1,264.15
2025-11-14T10:42:30,1763097150000,NIFTY,hybrid,0.8928571428571429,,20,180,2025-11-14T10:44:30,1763097270000,2,263.69030696004097
2025-11-14T10:42:30,1763097150000,NIFTY,hybrid,0.8928571428571429,,20,180,2025-11-14T10:45:30,1763097330000,3,264.09255421558817
2025-11-14T10:42:30,1763097150000,NIFTY,hybrid,0.8928571428571429,,20,180,2025-11-14T10:46:30,1763097390000,4,263.8032827501777
2025-11-14T10:42:30,1763097150000,NIFTY,hybrid,0.8928571428571429,,20,180,2025-11-14T10:47:30,1763097450000,5,264.8782163744636
2025-11-14T10:42:30,1763097150000,NIFTY,hybrid,0.8928571428571429,,20,180,2025-11-14T10:48:30,1763097510000,6,263.59216496979343
2025-11-14T10:42:30,1763097150000,NIFTY,hybrid,0.8928571428571429,,20,180,2025-11-14T10:49:30,1763097570000,7,263.9614965265789
2025-11-14T10:42:30,1763097150000,NIFTY,hybrid,0.8928571428571429,,20,180,2025-11-14T10:50:30,1763097630000,8,263.0736397143148
2025-11-14T10:42:30,1763097150000,NIFTY,hybrid,0.8928571428571429,,20,180,2025-11-14T10:51:30,1763097690000,9,264.18317340340525
2025-11-14T10:42:30,1763097150000,NIFTY,hybrid,0.8928571428571429,,20,180,2025-11-14T10:52:30,1763097750000,10,263.9624481327625
2025-11-14T10:42:30,1763097150000,NIFTY,hybrid,0.8928571428571429,,20,180,2025-11-14T10:53:30,1763097810000,11,264.4828915921599
2025-11-14T10:42:30,1763097150000,NIFTY,hybrid,0.8928571428571429,,20,180,2025-11-14T10:54:30,1763097870000,12,264.01559358648535
2025-11-14T10:42:30,1763097150000,NIFTY,hybrid,0.8928571428571429,,20,180,2025-11-14T10:55:30,1763097930000,13,264.6350876288127
2025-11-14T10:42:30,1763097150000,NIFTY,hybrid,0.8928571428571429,,20,180,2025-11-14T10:56:30,1763097990000,14,263.83663627057626
2025-11-14T10:42:30,1763097150000,NIFTY,hybrid,0.8928571428571429,,20,180,2025-11-14T10:57:30,1763098050000,15,264.22167907492667
2025-11-14T10:42:30,1763097150000,NIFTY,hybrid,0.8928571428571429,,20,180,2025-11-14T10:58:30,1763098110000,16,264.0469791671992
2025-11-14T10:42:30,1763097150000,NIFTY,hybrid,0.8928571428571429,,20,180,2025-11-14T10:59:30,1763098170000,17,264.0149430208967
2025-11-14T10:42:30,1763097150000,NIFTY,hybrid,0.8928571428571429,,20,180,2025-11-14T11:00:30,1763098230000,18,263.98417338644117
2025-11-14T10:42:30,1763097150000,NIFTY,hybrid,0.8928571428571429,,20,180,2025-11-14T11:01:30,1763098290000,19,264.58954633416715
2025-11-14T10:42:30,1763097150000,NIFTY,hybrid,0.8928571428571429,,20,180,2025-11-14T11:02:30,1763098350000,20,264.0724460677898
2025-11-14T10:42:30,1763097150000,NIFTY,hybrid,0.8928571428571429,,20,180,2025-11-14T11:03:30,1763098410000,21,264.33872745579845
2025-11-14T10:42:30,1763097150000,NIFTY,hybrid,0.8928571428571429,,20,180,2025-11-14T11:04:30,1763098470000,22,263.5445092140084
2025-11-14T10:42:30,1763097150000,NIFTY,hybrid,0.8928571428571429,,20,180,2025-11-14T11:05:30,1763098530000,23,263.8843141445616
2025-11-14T10:42:30,1763097150000,NIFTY,hybrid,0.8928571428571429,,20,180,2025-11-14T11:06:30,1763098590000,24,263.49069482133496
2025-11-14T10:42:30,1763097150000,NIFTY,hybrid,0.8928571428571429,,20,180,2025-11-14T11:07:30,1763098650000,25,264.09379154790577
2025-11-14T10:42:30,1763097150000,NIFTY,hybrid,0.8928571428571429,,20,180,2025-11-14T11:08:30,1763098710000,26,263.04154832770627
2025-11-14T10:42:30,1763097150000,NIFTY,hybrid,0.8928571428571429,,20,180,2025-11-14T11:09:30,1763098770000,27,263.9088258080668
2025-11-14T10:42:30,1763097150000,NIFTY,hybrid,0.8928571428571429,,20,180,2025-11-14T11:10:30,1763098830000,28,262.80545618228444
2025-11-14T10:42:30,1763097150000,NIFTY,hybrid,0.8928571428571429,,20,180,2025-11-14T11:11:30,1763098890000,29,263.64601495052875
2025-11-14T10:42:30,1763097150000,NIFTY,hybrid,0.8928571428571429,,20,180,2025-11-14T11:12:30,1763098950000,30,262.3531321116435
2025-11-14T10:42:30,1763097150000,NIFTY,hybrid,0.8928571428571429,,20,180,2025-11-14T11:13:30,1763099010000,31,263.53149798486425
2025-11-14T10:42:30,1763097150000,NIFTY,hybrid,0.8928571428571429,,20,180,2025-11-14T11:14:30,1763099070000,32,262.4813476844862
2025-11-14T10:42:30,1763097150000,NIFTY,hybrid,0.8928571428571429,,20,180,2025-11-14T11:15:30,1763099130000,33,264.4696915688377
2025-11-14T10:42:30,1763097150000,NIFTY,hybrid,0.8928571428571429,,20,180,2025-11-14T11:16:30,1763099190000,34,262.8239292634615
2025-11-14T10:42:30,1763097150000,NIFTY,hybrid,0.8928571428571429,,20,180,2025-11-14T11:17:30,1763099250000,35,264.13369871684955
2025-11-14T10:42:30,1763097150000,NIFTY,hybrid,0.8928571428571429,,20,180,2025-11-14T11:18:30,1763099310000,36,262.8041092229006
2025-11-14T10:42:30,1763097150000,NIFTY,hybrid,0.8928571428571429,,20,180,2025-11-14T11:19:30,1763099370000,37,263.81665619410546
2025-11-14T10:42:30,1763097150000,NIFTY,hybrid,0.8928571428571429,,20,180,2025-11-14T11:20:30,1763099430000,38,262.7788025980078
2025-11-14T10:42:30,1763097150000,NIFTY,hybrid,0.8928571428571429,,20,180,2025-11-14T11:21:30,1763099490000,39,263.75476551393524
2025-11-14T10:42:30,1763097150000,NIFTY,hybrid,0.8928571428571429,,20,180,2025-11-14T11:22:30,1763099550000,40,262.9498445053156
2025-11-14T10:42:30,1763097150000,NIFTY,hybrid,0.8928571428571429,,20,180,2025-11-14T11:23:30,1763099610000,41,263.67777133097496
2025-11-14T10:42:30,1763097150000,NIFTY,hybrid,0.8928571428571429,,20,180,2025-11-14T11:24:30,1763099670000,42,262.5284437525486
2025-11-14T10:42:30,1763097150000,NIFTY,hybrid,0.8928571428571429,,20,180,2025-11-14T11:25:30,1763099730000,43,263.24773694726565
2025-11-14T10:42:30,1763097150000,NIFTY,hybrid,0.8928571428571429,,20,180,2025-11-14T11:26:30,1763099790000,44,262.0249833376237
2025-11-14T10:42:30,1763097150000,NIFTY,hybrid,0.8928571428571429,,20,180,2025-11-14T11:27:30,1763099850000,45,263.25081878482257
2025-11-14T10:42:30,1763097150000,NIFTY,hybrid,0.8928571428571429,,20,180,2025-11-14T11:28:30,1763099910000,46,261.60799034522233
2025-11-14T10:42:30,1763097150000,NIFTY,hybrid,0.8928571428571429,,20,180,2025-11-14T11:29:30,1763099970000,47,263.34381025222365
2025-11-14T10:42:30,1763097150000,NIFTY,hybrid,0.8928571428571429,,20,180,2025-11-14T11:30:30,1763100030000,48,262.0121514592364
2025-11-14T10:42:30,1763097150000,NIFTY,hybrid,0.8928571428571429,,20,180,2025-11-14T11:31:30,1763100090000,49,263.49827530205255
2025-11-14T10:42:30,1763097150000,NIFTY,hybrid,0.8928571428571429,,20,180,2025-11-14T11:32:30,1763100150000,50,264.1599419302971
2025-11-14T10:42:30,1763097150000,NIFTY,hybrid,0.8928571428571429,,20,180,2025-11-14T11:33:30,1763100210000,51,263.6374362549673
2025-11-14T10:42:30,1763097150000,NIFTY,hybrid,0.8928571428571429,,20,180,2025-11-14T11:34:30,1763100270000,52,262.7501221473832
2025-11-14T10:42:30,1763097150000,NIFTY,hybrid,0.8928571428571429,,20,180,2025-11-14T11:35:30,1763100330000,53,263.34471832308077
2025-11-14T10:42:30,1763097150000,NIFTY,hybrid,0.8928571428571429,,20,180,2025-11-14T11:36:30,1763100390000,54,263.21276703480544
2025-11-14T10:42:30,1763097150000,NIFTY,hybrid,0.8928571428571429,,20,180,2025-11-14T11:37:30,1763100450000,55,263.59621349554163
2025-11-14T10:42:30,1763097150000,NIFTY,hybrid,0.8928571428571429,,20,180,2025-11-14T11:38:30,1763100510000,56,263.9383904896908
2025-11-14T10:42:30,1763097150000,NIFTY,hybrid,0.8928571428571429,,20,180,2025-11-14T11:39:30,1763100570000,57,263.6507384706503
2025-11-14T10:42:30,1763097150000,NIFTY,hybrid,0.8928571428571429,,20,180,2025-11-14T11:40:30,1763100630000,58,263.38058222187306
2025-11-14T10:42:30,1763097150000,NIFTY,hybrid,0.8928571428571429,,20,180,2025-11-14T11:41:30,1763100690000,59,263.5726920775314
2025-11-14T10:42:30,1763097150000,NIFTY,hybrid,0.8928571428571429,,20,180,2025-11-14T11:42:30,1763100750000,60,262.24134283309434
2025-11-14T10:42:30,1763097150000,NIFTY,hybrid,0.8928571428571429,8,20,180,2025-11-14T10:43:30,1763097210000,1,263.3
2025-11-14T10:42:30,1763097150000,NIFTY,hybrid,0.8928571428571429,8,20,180,2025-11-14T10:44:30,1763097270000,2,262.9954412689168
2025-11-14T10:42:30,1763097150000,NIFTY,hybrid,0.8928571428571429,8,20,180,2025-11-14T10:45:30,1763097330000,3,263.5148310406368
2025-11-14T10:42:30,1763097150000,NIFTY,hybrid,0.8928571428571429,8,20,180,2025-11-14T10:46:30,1763097390000,4,263.53211660258756
2025-11-14T10:42:30,1763097150000,NIFTY,hybrid,0.8928571428571429,8,20,180,2025-11-14T10:47:30,1763097450000,5,264.30804816052586
2025-11-14T10:42:30,1763097150000,NIFTY,hybrid,0.8928571428571429,8,20,180,2025-11-14T10:48:30,1763097510000,6,262.86364239637464
2025-11-14T10:42:30,1763097150000,NIFTY,hybrid,0.8928571428571429,8,20,180,2025-11-14T10:49:30,1763097570000,7,263.37553804466927
2025-11-14T10:42:30,1763097150000,NIFTY,hybrid,0.8928571428571429,8,20,180,2025-11-14T10:50:30,1763097630000,8,262.76573084851225
2025-11-14T10:42:30,1763097150000,NIFTY,hybrid,0.8928571428571429,8,20,180,2025-11-14T10:51:30,1763097690000,9,263.68475164304846
2025-11-14T10:42:30,1763097150000,NIFTY,hybrid,0.8928571428571429,8,20,180,2025-11-14T10:52:30,1763097750000,10,263.3110093799256
2025-11-14T10:42:30,1763097150000,NIFTY,hybrid,0.8928571428571429,8,20,180,2025-11-14T10:53:30,1763097810000,11,263.8538183290789
2025-11-14T10:42:30,1763097150000,NIFTY,hybrid,0.8928571428571429,8,20,180,2025-11-14T10:54:30,1763097870000,12,263.4252729053147
2025-11-14T10:42:30,1763097150000,NIFTY,hybrid,0.8928571428571429,8,20,180,2025-11-14T10:55:30,1763097930000,13,263.7589017975744
2025-11-14T10:42:30,1763097150000,NIFTY,hybrid,0.8928571428571429,8,20,180,2025-11-14T10:56:30,1763097990000,14,263.27628737576606
2025-11-14T10:42:30,1763097150000,NIFTY,hybrid,0.8928571428571429,8,20,180,2025-11-14T10:57:30,1763098050000,15,263.4829750820446
2025-11-14T10:42:30,1763097150000,NIFTY,hybrid,0.8928571428571429,8,20,180,2025-11-14T10:58:30,1763098110000,16,263.37858384274784
2025-11-14T10:42:30,1763097150000,NIFTY,hybrid,0.8928571428571429,8,20,180,2025-11-14T10:59:30,1763098170000,17,263.307913989245
2025-11-14T10:42:30,1763097150000,NIFTY,hybrid,0.8928571428571429,8,20,180,2025-11-14T11:00:30,1763098230000,18,263.550709319351
2025-11-14T10:42:30,1763097150000,NIFTY,hybrid,0.8928571428571429,8,20,180,2025-11-14T11:01:30,1763098290000,19,263.97647230535665
2025-11-14T10:42:30,1763097150000,NIFTY,hybrid,0.8928571428571429,8,20,180,2025-11-14T11:02:30,1763098350000,20,263.46000105375566
2025-11-14T10:42:30,1763097150000,NIFTY,hybrid,0.8928571428571429,8,20,180,2025-11-14T11:03:30,1763098410000,21,263.53847752911355
2025-11-14T10:42:30,1763097150000,NIFTY,hybrid,0.8928571428571429,8,20,180,2025-11-14T11:04:30,1763098470000,22,262.9720884521157
2025-11-14T10:42:30,1763097150000,NIFTY,hybrid,0.8928571428571429,8,20,180,2025-11-14T11:05:30,1763098530000,23,263.3099933666904
2025-11-14T10:42:30,1763097150000,NIFTY,hybrid,0.8928571428571429,8,20,180,2025-11-14T11:06:30,1763098590000,24,262.64203119539786
2025-11-14T10:42:30,1763097150000,NIFTY,hybrid,0.8928571428571429,8,20,180,2025-11-14T11:07:30,1763098650000,25,263.3219441536387
2025-11-14T10:42:30,1763097150000,NIFTY,hybrid,0.8928571428571429,8,20,180,2025-11-14T11:08:30,1763098710000,26,262.28271727741094
2025-11-14T10:42:30,1763097150000,NIFTY,hybrid,0.8928571428571429,8,20,180,2025-11-14T11:09:30,1763098770000,27,263.19885492228536
2025-11-14T10:42:30,1763097150000,NIFTY,hybrid,0.8928571428571429,8,20,180,2025-11-14T11:10:30,1763098830000,28,262.0783842813312
2025-11-14T10:42:30,1763097150000,NIFTY,hybrid,0.8928571428571429,8,20,180,2025-11-14T11:11:30,1763098890000,29,262.8500287844889
2025-11-14T10:42:30,1763097150000,NIFTY,hybrid,0.8928571428571429,8,20,180,2025-11-14T11:12:30,1763098950000,30,261.59997622919144
2025-11-14T10:42:30,1763097150000,NIFTY,hybrid,0.8928571428571429,8,20,180,2025-11-14T11:13:30,1763099010000,31,263.21490835379666
2025-11-14T10:42:30,1763097150000,NIFTY,hybrid,0.8928571428571429,8,20,180,2025-11-14T11:14:30,1763099070000,32,261.6730526971738
2025-11-14T10:42:30,1763097150000,NIFTY,hybrid,0.8928571428571429,8,20,180,2025-11-14T11:15:30,1763099130000,33,263.5906174837811
2025-11-14T10:42:30,1763097150000,NIFTY,hybrid,0.8928571428571429,8,20,180,2025-11-14T11:16:30,1763099190000,34,262.054891639548
2025-11-14T10:42:30,1763097150000,NIFTY,hybrid,0.8928571428571429,8,20,180,2025-11-14T11:17:30,1763099250000,35,263.40543244327995
2025-11-14T10:42:30,1763097150000,NIFTY,hybrid,0.8928571428571429,8,20,180,2025-11-14T11:18:30,1763099310000,36,262.1205940626037
2025-11-14T10:42:30,1763097150000,NIFTY,hybrid,0.8928571428571429,8,20,180,2025-11-14T11:19:30,1763099370000,37,263.1443106359987
2025-11-14T10:42:30,1763097150000,NIFTY,hybrid,0.8928571428571429,8,20,180,2025-11-14T11:20:30,1763099430000,38,262.6840175949444
2025-11-14T10:42:30,1763097150000,NIFTY,hybrid,0.8928571428571429,8,20,180,2025-11-14T11:21:30,1763099490000,39,262.9237208759014
2025-11-14T10:42:30,1763097150000,NIFTY,hybrid,0.8928571428571429,8,20,180,2025-11-14T11:22:30,1763099550000,40,261.6963473443508
2025-11-14T10:42:30,1763097150000,NIFTY,hybrid,0.8928571428571429,8,20,180,2025-11-14T11:23:30,1763099610000,41,263.00670872889464
2025-11-14T10:42:30,1763097150000,NIFTY,hybrid,0.8928571428571429,8,20,180,2025-11-14T11:24:30,1763099670000,42,261.87167421050503
2025-11-14T10:42:30,1763097150000,NIFTY,hybrid,0.8928571428571429,8,20,180,2025-11-14T11:25:30,1763099730000,43,262.62479034974683
2025-11-14T10:42:30,1763097150000,NIFTY,hybrid,0.8928571428571429,8,20,180,2025-11-14T11:26:30,1763099790000,44,261.3764335577274
2025-11-14T10:42:30,1763097150000,NIFTY,hybrid,0.8928571428571429,8,20,180,2025-11-14T11:27:30,1763099850000,45,262.5114207955119
2025-11-14T10:42:30,1763097150000,NIFTY,hybrid,0.8928571428571429,8,20,180,2025-11-14T11:28:30,1763099910000,46,260.97536669371254
2025-11-14T10:42:30,1763097150000,NIFTY,hybrid,0.8928571428571429,8,20,180,2025-11-14T11:29:30,1763099970000,47,262.5772596183274
2025-11-14T10:42:30,1763097150000,NIFTY,hybrid,0.8928571428571429,8,20,180,2025-11-14T11:30:30,1763100030000,48,261.1946220641205
2025-11-14T10:42:30,1763097150000,NIFTY,hybrid,0.8928571428571429,8,20,180,2025-11-14T11:31:30,1763100090000,49,262.83540439011426
2025-11-14T10:42:30,1763097150000,NIFTY,hybrid,0.8928571428571429,8,20,180,2025-11-14T11:32:30,1763100150000,50,263.74032647994
2025-11-14T10:42:30,1763097150000,NIFTY,hybrid,0.8928571428571429,8,20,180,2025-11-14T11:33:30,1763100210000,51,262.98336908226804
2025-11-14T10:42:30,1763097150000,NIFTY,hybrid,0.8928571428571429,8,20,180,2025-11-14T11:34:30,1763100270000,52,262.22880901591606
2025-11-14T10:42:30,1763097150000,NIFTY,hybrid,0.8928571428571429,8,20,180,2025-11-14T11:35:30,1763100330000,53,262.73848529408696
2025-11-14T10:42:30,1763097150000,NIFTY,hybrid,0.8928571428571429,8,20,180,2025-11-14T11:36:30,1763100390000,54,263.0673262754922
2025-11-14T10:42:30,1763097150000,NIFTY,hybrid,0.8928571428571429,8,20,180,2025-11-14T11:37:30,1763100450000,55,262.7763932958812
2025-11-14T10:42:30,1763097150000,NIFTY,hybrid,0.8928571428571429,8,20,180,2025-11-14T11:38:30,1763100510000,56,263.3733103223333
2025-11-14T10:42:30,1763097150000,NIFTY,hybrid,0.8928571428571429,8,20,180,2025-11-14T11:39:30,1763100570000,57,263.14617911258273
2025-11-14T10:42:30,1763097150000,NIFTY,hybrid,0.8928571428571429,8,20,180,2025-11-14T11:40:30,1763100630000,58,262.9018451887496
2025-11-14T10:42:30,1763097150000,NIFTY,hybrid,0.8928571428571429,8,20,180,2025-11-14T11:41:30,1763100690000,59,262.9210069136866
2025-11-14T10:42:30,1763097150000,NIFTY,hybrid,0.8928571428571429,8,20,180,2025-11-14T11:42:30,1763100750000,60,261.5436539701468
2025-11-14T10:42:30,1763097150000,NIFTY,hybrid,0.8928571428571429,,20,180,2025-11-14T10:43:30,1763097210000,1,263.3
2025-11-14T10:42:30,1763097150000,NIFTY,hybrid,0.8928571428571429,,20,180,2025-11-14T10:44:30,1763097270000,2,262.9954412689168
2025-11-14T10:42:30,1763097150000,NIFTY,hybrid,0.8928571428571429,,20,180,2025-11-14T10:45:30,1763097330000,3,263.5148310406368
2025-11-14T10:42:30,1763097150000,NIFTY,hybrid,0.8928571428571429,,20,180,2025-11-14T10:46:30,1763097390000,4,263.53211660258756
2025-11-14T10:42:30,1763097150000,NIFTY,hybrid,0.8928571428571429,,20,180,2025-11-14T10:47:30,1763097450000,5,264.30804816052586
2025-11-14T10:42:30,1763097150000,NIFTY,hybrid,0.8928571428571429,,20,180,2025-11-14T10:48:30,1763097510000,6,262.86364239637464
2025-11-14T10:42:30,1763097150000,NIFTY,hybrid,0.8928571428571429,,20,180,2025-11-14T10:49:30,1763097570000,7,263.37553804466927
2025-11-14T10:42:30,1763097150000,NIFTY,hybrid,0.8928571428571429,,20,180,2025-11-14T10:50:30,1763097630000,8,262.76573084851225
2025-11-14T10:42:30,1763097150000,NIFTY,hybrid,0.8928571428571429,,20,180,2025-11-14T10:51:30,1763097690000,9,263.68475164304846
2025-11-14T10:42:30,1763097150000,NIFTY,hybrid,0.8928571428571429,,20,180,2025-11-14T10:52:30,1763097750000,10,263.3110093799256
2025-11-14T10:42:30,1763097150000,NIFTY,hybrid,0.8928571428571429,,20,180,2025-11-14T10:53:30,1763097810000,11,263.8538183290789
2025-11-14T10:42:30,1763097150000,NIFTY,hybrid,0.8928571428571429,,20,180,2025-11-14T10:54:30,1763097870000,12,263.4252729053147
2025-11-14T10:42:30,1763097150000,NIFTY,hybrid,0.8928571428571429,,20,180,2025-11-14T10:55:30,1763097930000,13,263.7589017975744
2025-11-14T10:42:30,1763097150000,NIFTY,hybrid,0.8928571428571429,,20,180,2025-11-14T10:56:30,1763097990000,14,263.27628737576606
2025-11-14T10:42:30,1763097150000,NIFTY,hybrid,0.8928571428571429,,20,180,2025-11-14T10:57:30,1763098050000,15,263.4829750820446
2025-11-14T10:42:30,1763097150000,NIFTY,hybrid,0.8928571428571429,,20,180,2025-11-14T10:58:30,1763098110000,16,263.37858384274784
2025-11-14T10:42:30,1763097150000,NIFTY,hybrid,0.8928571428571429,,20,180,2025-11-14T10:59:30,1763098170000,17,263.307913989245
2025-11-14T10:42:30,1763097150000,NIFTY,hybrid,0.8928571428571429,,20,180,2025-11-14T11:00:30,1763098230000,18,263.550709319351
2025-11-14T10:42:30,1763097150000,NIFTY,hybrid,0.8928571428571429,,20,180,2025-11-14T11:01:30,1763098290000,19,263.97647230535665
2025-11-14T10:42:30,1763097150000,NIFTY,hybrid,0.8928571428571429,,20,180,2025-11-14T11:02:30,1763098350000,20,263.46000105375566
2025-11-14T10:42:30,1763097150000,NIFTY,hybrid,0.8928571428571429,,20,180,2025-11-14T11:03:30,1763098410000,21,263.53847752911355
2025-11-14T10:42:30,1763097150000,NIFTY,hybrid,0.8928571428571429,,20,180,2025-11-14T11:04:30,1763098470000,22,262.9720884521157
2025-11-14T10:42:30,1763097150000,NIFTY,hybrid,0.8928571428571429,,20,180,2025-11-14T11:05:30,1763098530000,23,263.3099933666904
2025-11-14T10:42:30,1763097150000,NIFTY,hybrid,0.8928571428571429,,20,180,2025-11-14T11:06:30,1763098590000,24,262.64203119539786
2025-11-14T10:42:30,1763097150000,NIFTY,hybrid,0.8928571428571429,,20,180,2025-11-14T11:07:30,1763098650000,25,263.3219441536387
2025-11-14T10:42:30,1763097150000,NIFTY,hybrid,0.8928571428571429,,20,180,2025-11-14T11:08:30,1763098710000,26,262.28271727741094
2025-11-14T10:42:30,1763097150000,NIFTY,hybrid,0.8928571428571429,,20,180,2025-11-14T11:09:30,1763098770000,27,263.19885492228536
2025-11-14T10:42:30,1763097150000,NIFTY,hybrid,0.8928571428571429,,20,180,2025-11-14T11:10:30,1763098830000,28,262.0783842813312
2025-11-14T10:42:30,1763097150000,NIFTY,hybrid,0.8928571428571429,,20,180,2025-11-14T11:11:30,1763098890000,29,262.8500287844889
2025-11-14T10:42:30,1763097150000,NIFTY,hybrid,0.8928571428571429,,20,180,2025-11-14T11:12:30,1763098950000,30,261.59997622919144
2025-11-14T10:42:30,1763097150000,NIFTY,hybrid,0.8928571428571429,,20,180,2025-11-14T11:13:30,1763099010000,31,263.21490835379666
2025-11-14T10:42:30,1763097150000,NIFTY,hybrid,0.8928571428571429,,20,180,2025-11-14T11:14:30,1763099070000,32,261.6730526971738
2025-11-14T10:42:30,1763097150000,NIFTY,hybrid,0.8928571428571429,,20,180,2025-11-14T11:15:30,1763099130000,33,263.5906174837811
2025-11-14T10:42:30,1763097150000,NIFTY,hybrid,0.8928571428571429,,20,180,2025-11-14T11:16:30,1763099190000,34,262.054891639548
2025-11-14T10:42:30,1763097150000,NIFTY,hybrid,0.8928571428571429,,20,180,2025-11-14T11:17:30,1763099250000,35,263.40543244327995
2025-11-14T10:42:30,1763097150000,NIFTY,hybrid,0.8928571428571429,,20,180,2025-11-14T11:18:30,1763099310000,36,262.1205940626037
2025-11-14T10:42:30,1763097150000,NIFTY,hybrid,0.8928571428571429,,20,180,2025-11-14T11:19:30,1763099370000,37,263.1443106359987
2025-11-14T10:42:30,1763097150000,NIFTY,hybrid,0.8928571428571429,,20,180,2025-11-14T11:20:30,1763099430000,38,262.6840175949444
2025-11-14T10:42:30,1763097150000,NIFTY,hybrid,0.8928571428571429,,20,180,2025-11-14T11:21:30,1763099490000,39,262.9237208759014
2025-11-14T10:42:30,1763097150000,NIFTY,hybrid,0.8928571428571429,,20,180,2025-11-14T11:22:30,1763099550000,40,261.6963473443508
2025-11-14T10:42:30,1763097150000,NIFTY,hybrid,0.8928571428571429,,20,180,2025-11-14T11:23:30,1763099610000,41,263.00670872889464
2025-11-14T10:42:30,1763097150000,NIFTY,hybrid,0.8928571428571429,,20,180,2025-11-14T11:24:30,1763099670000,42,261.87167421050503
2025-11-14T10:42:30,1763097150000,NIFTY,hybrid,0.8928571428571429,,20,180,2025-11-14T11:25:30,1763099730000,43,262.62479034974683
2025-11-14T10:42:30,1763097150000,NIFTY,hybrid,0.8928571428571429,,20,180,2025-11-14T11:26:30,1763099790000,44,261.3764335577274
2025-11-14T10:42:30,1763097150000,NIFTY,hybrid,0.8928571428571429,,20,180,2025-11-14T11:27:30,1763099850000,45,262.5114207955119
2025-11-14T10:42:30,1763097150000,NIFTY,hybrid,0.8928571428571429,,20,180,2025-11-14T11:28:30,1763099910000,46,260.97536669371254
2025-11-14T10:42:30,1763097150000,NIFTY,hybrid,0.8928571428571429,,20,180,2025-11-14T11:29:30,1763099970000,47,262.5772596183274
2025-11-14T10:42:30,1763097150000,NIFTY,hybrid,0.8928571428571429,,20,180,2025-11-14T11:30:30,1763100030000,48,261.1946220641205
2025-11-14T10:42:30,1763097150000,NIFTY,hybrid,0.8928571428571429,,20,180,2025-11-14T11:31:30,1763100090000,49,262.83540439011426
2025-11-14T10:42:30,1763097150000,NIFTY,hybrid,0.8928571428571429,,20,180,2025-11-14T11:32:30,1763100150000,50,263.74032647994
2025-11-14T10:42:30,1763097150000,NIFTY,hybrid,0.8928571428571429,,20,180,2025-11-14T11:33:30,1763100210000,51,262.98336908226804
2025-11-14T10:42:30,1763097150000,NIFTY,hybrid,0.8928571428571429,,20,180,2025-11-14T11:34:30,1763100270000,52,262.22880901591606
2025-11-14T10:42:30,1763097150000,NIFTY,hybrid,0.8928571428571429,,20,180,2025-11-14T11:35:30,1763100330000,53,262.73848529408696
2025-11-14T10:42:30,1763097150000,NIFTY,hybrid,0.8928571428571429,,20,180,2025-11-14T11:36:30,1763100390000,54,263.0673262754922
2025-11-14T10:42:30,1763097150000,NIFTY,hybrid,0.8928571428571429,,20,180,2025-11-14T11:37:30,1763100450000,55,262.7763932958812
2025-11-14T10:42:30,1763097150000,NIFTY,hybrid,0.8928571428571429,,20,180,2025-11-14T11:38:30,1763100510000,56,263.3733103223333
2025-11-14T10:42:30,1763097150000,NIFTY,hybrid,0.8928571428571429,,20,180,2025-11-14T11:39:30,1763100570000,57,263.14617911258273
2025-11-14T10:42:30,1763097150000,NIFTY,hybrid,0.8928571428571429,,20,180,2025-11-14T11:40:30,1763100630000,58,262.9018451887496
2025-11-14T10:42:30,1763097150000,NIFTY,hybrid,0.8928571428571429,,20,180,2025-11-14T11:41:30,1763100690000,59,262.9210069136866
2025-11-14T10:42:30,1763097150000,NIFTY,hybrid,0.8928571428571429,,20,180,2025-11-14T11:42:30,1763100750000,60,261.5436539701468
2025-11-14T11:56:00,1763101560000,NIFTY,hybrid,0.8928571428571429,0,20,180,2025-11-14T11:57:00,1763101620000,1,239.7
2025-11-14T11:56:00,1763101560000,NIFTY,hybrid,0.8928571428571429,0,20,180,2025-11-14T11:58:00,1763101680000,2,239.9345809740244
2025-11-14T11:56:00,1763101560000,NIFTY,hybrid,0.8928571428571429,0,20,180,2025-11-14T11:59:00,1763101740000,3,239.84396992064904
2025-11-14T11:56:00,1763101560000,NIFTY,hybrid,0.8928571428571429,0,20,180,2025-11-14T12:00:00,1763101800000,4,239.84041222264813
2025-11-14T11:56:00,1763101560000,NIFTY,hybrid,0.8928571428571429,0,20,180,2025-11-14T12:01:00,1763101860000,5,239.5847573882625
2025-11-14T11:56:00,1763101560000,NIFTY,hybrid,0.8928571428571429,0,20,180,2025-11-14T12:02:00,1763101920000,6,239.78057475776205
2025-11-14T11:56:00,1763101560000,NIFTY,hybrid,0.8928571428571429,0,20,180,2025-11-14T12:03:00,1763101980000,7,239.75681984398864
2025-11-14T11:56:00,1763101560000,NIFTY,hybrid,0.8928571428571429,0,20,180,2025-11-14T12:04:00,1763102040000,8,239.63176353150044
2025-11-14T11:56:00,1763101560000,NIFTY,hybrid,0.8928571428571429,0,20,180,2025-11-14T12:05:00,1763102100000,9,239.64981475087615
2025-11-14T11:56:00,1763101560000,NIFTY,hybrid,0.8928571428571429,0,20,180,2025-11-14T12:06:00,1763102160000,10,239.7148201254887
2025-11-14T11:56:00,1763101560000,NIFTY,hybrid,0.8928571428571429,0,20,180,2025-11-14T12:07:00,1763102220000,11,239.32426084075462
2025-11-14T11:56:00,1763101560000,NIFTY,hybrid,0.8928571428571429,0,20,180,2025-11-14T12:08:00,1763102280000,12,239.26826524644574
2025-11-14T11:56:00,1763101560000,NIFTY,hybrid,0.8928571428571429,0,20,180,2025-11-14T12:09:00,1763102340000,13,239.14371427314111
2025-11-14T11:56:00,1763101560000,NIFTY,hybrid,0.8928571428571429,0,20,180,2025-11-14T12:10:00,1763102400000,14,239.22405851793982
2025-11-14T11:56:00,1763101560000,NIFTY,hybrid,0.8928571428571429,0,20,180,2025-11-14T12:11:00,1763102460000,15,239.33224624040423
2025-11-14T11:56:00,1763101560000,NIFTY,hybrid,0.8928571428571429,0,20,180,2025-11-14T12:12:00,1763102520000,16,239.07028409782203
2025-11-14T11:56:00,1763101560000,NIFTY,hybrid,0.8928571428571429,0,20,180,2025-11-14T12:13:00,1763102580000,17,238.94713952495061
2025-11-14T11:56:00,1763101560000,NIFTY,hybrid,0.8928571428571429,0,20,180,2025-11-14T12:14:00,1763102640000,18,239.25770023920182
2025-11-14T11:56:00,1763101560000,NIFTY,hybrid,0.8928571428571429,0,20,180,2025-11-14T12:15:00,1763102700000,19,239.45368504001624
2025-11-14T11:56:00,1763101560000,NIFTY,hybrid,0.8928571428571429,0,20,180,2025-11-14T12:16:00,1763102760000,20,239.4645735652698
2025-11-14T11:56:00,1763101560000,NIFTY,hybrid,0.8928571428571429,0,20,180,2025-11-14T12:17:00,1763102820000,21,239.40062160403045
2025-11-14T11:56:00,1763101560000,NIFTY,hybrid,0.8928571428571429,0,20,180,2025-11-14T12:18:00,1763102880000,22,239.4883865934221
2025-11-14T11:56:00,1763101560000,NIFTY,hybrid,0.8928571428571429,0,20,180,2025-11-14T12:19:00,1763102940000,23,239.62484670258655
2025-11-14T11:56:00,1763101560000,NIFTY,hybrid,0.8928571428571429,0,20,180,2025-11-14T12:20:00,1763103000000,24,239.5115716862515
2025-11-14T11:56:00,1763101560000,NIFTY,hybrid,0.8928571428571429,0,20,180,2025-11-14T12:21:00,1763103060000,25,239.37599960336877
2025-11-14T11:56:00,1763101560000,NIFTY,hybrid,0.8928571428571429,0,20,180,2025-11-14T12:22:00,1763103120000,26,239.03720731346584
2025-11-14T11:56:00,1763101560000,NIFTY,hybrid,0.8928571428571429,0,20,180,2025-11-14T12:23:00,1763103180000,27,239.1897056184054
2025-11-14T11:56:00,1763101560000,NIFTY,hybrid,0.8928571428571429,0,20,180,2025-11-14T12:24:00,1763103240000,28,239.48184039077717
2025-11-14T11:56:00,1763101560000,NIFTY,hybrid,0.8928571428571429,0,20,180,2025-11-14T12:25:00,1763103300000,29,239.16135071277733
2025-11-14T11:56:00,1763101560000,NIFTY,hybrid,0.8928571428571429,0,20,180,2025-11-14T12:26:00,1763103360000,30,238.90124513532012
2025-11-14T11:56:00,1763101560000,NIFTY,hybrid,0.8928571428571429,0,20,180,2025-11-14T12:27:00,1763103420000,31,238.79712977741593
2025-11-14T11:56:00,1763101560000,NIFTY,hybrid,0.8928571428571429,0,20,180,2025-11-14T12:28:00,1763103480000,32,238.97919440203992
2025-11-14T11:56:00,1763101560000,NIFTY,hybrid,0.8928571428571429,0,20,180,2025-11-14T12:29:00,1763103540000,33,239.87881832081166
2025-11-14T11:56:00,1763101560000,NIFTY,hybrid,0.8928571428571429,0,20,180,2025-11-14T12:30:00,1763103600000,34,239.51778079288266
2025-11-14T11:56:00,1763101560000,NIFTY,hybrid,0.8928571428571429,0,20,180,2025-11-14T12:31:00,1763103660000,35,239.26365671122196
2025-11-14T11:56:00,1763101560000,NIFTY,hybrid,0.8928571428571429,0,20,180,2025-11-14T12:32:00,1763103720000,36,239.12861479254678
2025-11-14T11:56:00,1763101560000,NIFTY,hybrid,0.8928571428571429,0,20,180,2025-11-14T12:33:00,1763103780000,37,239.61870582606917
2025-11-14T11:56:00,1763101560000,NIFTY,hybrid,0.8928571428571429,0,20,180,2025-11-14T12:34:00,1763103840000,38,239.63778465170267
2025-11-14T11:56:00,1763101560000,NIFTY,hybrid,0.8928571428571429,0,20,180,2025-11-14T12:35:00,1763103900000,39,239.6742234422216
2025-11-14T11:56:00,1763101560000,NIFTY,hybrid,0.8928571428571429,0,20,180,2025-11-14T12:36:00,1763103960000,40,239.1007955745319
2025-11-14T11:56:00,1763101560000,NIFTY,hybrid,0.8928571428571429,0,20,180,2025-11-14T12:37:00,1763104020000,41,238.78959038141664
2025-11-14T11:56:00,1763101560000,NIFTY,hybrid,0.8928571428571429,0,20,180,2025-11-14T12:38:00,1763104080000,42,239.15209788260083
2025-11-14T11:56:00,1763101560000,NIFTY,hybrid,0.8928571428571429,0,20,180,2025-11-14T12:39:00,1763104140000,43,238.6288844840092
2025-11-14T11:56:00,1763101560000,NIFTY,hybrid,0.8928571428571429,0,20,180,2025-11-14T12:40:00,1763104200000,44,238.73012974804445
2025-11-14T11:56:00,1763101560000,NIFTY,hybrid,0.8928571428571429,0,20,180,2025-11-14T12:41:00,1763104260000,45,238.56906498577553
2025-11-14T11:56:00,1763101560000,NIFTY,hybrid,0.8928571428571429,0,20,180,2025-11-14T12:42:00,1763104320000,46,238.64795985918965
2025-11-14T11:56:00,1763101560000,NIFTY,hybrid,0.8928571428571429,0,20,180,2025-11-14T12:43:00,1763104380000,47,239.3032036522368
2025-11-14T11:56:00,1763101560000,NIFTY,hybrid,0.8928571428571429,0,20,180,2025-11-14T12:44:00,1763104440000,48,239.43732081951492
2025-11-14T11:56:00,1763101560000,NIFTY,hybrid,0.8928571428571429,0,20,180,2025-11-14T12:45:00,1763104500000,49,239.49841492933535
2025-11-14T11:56:00,1763101560000,NIFTY,hybrid,0.8928571428571429,0,20,180,2025-11-14T12:46:00,1763104560000,50,239.35323000621932
2025-11-14T11:56:00,1763101560000,NIFTY,hybrid,0.8928571428571429,0,20,180,2025-11-14T12:47:00,1763104620000,51,239.33243501745886
2025-11-14T11:56:00,1763101560000,NIFTY,hybrid,0.8928571428571429,0,20,180,2025-11-14T12:48:00,1763104680000,52,239.18844735409857
2025-11-14T11:56:00,1763101560000,NIFTY,hybrid,0.8928571428571429,0,20,180,2025-11-14T12:49:00,1763104740000,53,239.0980652521329
2025-11-14T11:56:00,1763101560000,NIFTY,hybrid,0.8928571428571429,0,20,180,2025-11-14T12:50:00,1763104800000,54,239.28305594197175
2025-11-14T11:56:00,1763101560000,NIFTY,hybrid,0.8928571428571429,0,20,180,2025-11-14T12:51:00,1763104860000,55,239.35742741224928
2025-11-14T11:56:00,1763101560000,NIFTY,hybrid,0.8928571428571429,0,20,180,2025-11-14T12:52:00,1763104920000,56,239.4402717775444
2025-11-14T11:56:00,1763101560000,NIFTY,hybrid,0.8928571428571429,0,20,180,2025-11-14T12:53:00,1763104980000,57,239.6540790414883
2025-11-14T11:56:00,1763101560000,NIFTY,hybrid,0.8928571428571429,0,20,180,2025-11-14T12:54:00,1763105040000,58,239.47858349936627
2025-11-14T11:56:00,1763101560000,NIFTY,hybrid,0.8928571428571429,0,20,180,2025-11-14T12:55:00,1763105100000,59,239.3574627003574
2025-11-14T11:56:00,1763101560000,NIFTY,hybrid,0.8928571428571429,0,20,180,2025-11-14T12:56:00,1763105160000,60,239.01472484431747
2025-11-14T11:56:00,1763101560000,NIFTY,hybrid,0.8928571428571429,0,20,180,2025-11-14T11:57:00,1763101620000,1,239.7
2025-11-14T11:56:00,1763101560000,NIFTY,hybrid,0.8928571428571429,0,20,180,2025-11-14T11:58:00,1763101680000,2,239.8996836554655
2025-11-14T11:56:00,1763101560000,NIFTY,hybrid,0.8928571428571429,0,20,180,2025-11-14T11:59:00,1763101740000,3,239.8289916699928
2025-11-14T11:56:00,1763101560000,NIFTY,hybrid,0.8928571428571429,0,20,180,2025-11-14T12:00:00,1763101800000,4,239.82127270042068
2025-11-14T11:56:00,1763101560000,NIFTY,hybrid,0.8928571428571429,0,20,180,2025-11-14T12:01:00,1763101860000,5,239.78004841222528
2025-11-14T11:56:00,1763101560000,NIFTY,hybrid,0.8928571428571429,0,20,180,2025-11-14T12:02:00,1763101920000,6,239.66686869831562
2025-11-14T11:56:00,1763101560000,NIFTY,hybrid,0.8928571428571429,0,20,180,2025-11-14T12:03:00,1763101980000,7,239.6794432864736
2025-11-14T11:56:00,1763101560000,NIFTY,hybrid,0.8928571428571429,0,20,180,2025-11-14T12:04:00,1763102040000,8,239.4866207150686
2025-11-14T11:56:00,1763101560000,NIFTY,hybrid,0.8928571428571429,0,20,180,2025-11-14T12:05:00,1763102100000,9,239.45485906979073
2025-11-14T11:56:00,1763101560000,NIFTY,hybrid,0.8928571428571429,0,20,180,2025-11-14T12:06:00,1763102160000,10,239.57489275894056
2025-11-14T11:56:00,1763101560000,NIFTY,hybrid,0.8928571428571429,0,20,180,2025-11-14T12:07:00,1763102220000,11,239.15776623627912
2025-11-14T11:56:00,1763101560000,NIFTY,hybrid,0.8928571428571429,0,20,180,2025-11-14T12:08:00,1763102280000,12,239.2039727524974
2025-11-14T11:56:00,1763101560000,NIFTY,hybrid,0.8928571428571429,0,20,180,2025-11-14T12:09:00,1763102340000,13,239.2667742661042
2025-11-14T11:56:00,1763101560000,NIFTY,hybrid,0.8928571428571429,0,20,180,2025-11-14T12:10:00,1763102400000,14,239.45701545380857
2025-11-14T11:56:00,1763101560000,NIFTY,hybrid,0.8928571428571429,0,20,180,2025-11-14T12:11:00,1763102460000,15,239.44848747036914
2025-11-14T11:56:00,1763101560000,NIFTY,hybrid,0.8928571428571429,0,20,180,2025-11-14T12:12:00,1763102520000,16,239.48347729634585
2025-11-14T11:56:00,1763101560000,NIFTY,hybrid,0.8928571428571429,0,20,180,2025-11-14T12:13:00,1763102580000,17,239.05970082449838
2025-11-14T11:56:00,1763101560000,NIFTY,hybrid,0.8928571428571429,0,20,180,2025-11-14T12:14:00,1763102640000,18,239.88122708669098
2025-11-14T11:56:00,1763101560000,NIFTY,hybrid,0.8928571428571429,0,20,180,2025-11-14T12:15:00,1763102700000,19,239.77796402887444
2025-11-14T11:56:00,1763101560000,NIFTY,hybrid,0.8928571428571429,0,20,180,2025-11-14T12:16:00,1763102760000,20,239.81287276016272
2025-11-14T11:56:00,1763101560000,NIFTY,hybrid,0.8928571428571429,0,20,180,2025-11-14T12:17:00,1763102820000,21,239.53896492536117
2025-11-14T11:56:00,1763101560000,NIFTY,hybrid,0.8928571428571429,0,20,180,2025-11-14T12:18:00,1763102880000,22,239.53910461361417
2025-11-14T11:56:00,1763101560000,NIFTY,hybrid,0.8928571428571429,0,20,180,2025-11-14T12:19:00,1763102940000,23,239.5076825185198
2025-11-14T11:56:00,1763101560000,NIFTY,hybrid,0.8928571428571429,0,20,180,2025-11-14T12:20:00,1763103000000,24,239.4759594660321
2025-11-14T11:56:00,1763101560000,NIFTY,hybrid,0.8928571428571429,0,20,180,2025-11-14T12:21:00,1763103060000,25,239.45167011858763
2025-11-14T11:56:00,1763101560000,NIFTY,hybrid,0.8928571428571429,0,20,180,2025-11-14T12:22:00,1763103120000,26,239.0343109287294
2025-11-14T11:56:00,1763101560000,NIFTY,hybrid,0.8928571428571429,0,20,180,2025-11-14T12:23:00,1763103180000,27,239.0501702475034
2025-11-14T11:56:00,1763101560000,NIFTY,hybrid,0.8928571428571429,0,20,180,2025-11-14T12:24:00,1763103240000,28,239.57684663353734
2025-11-14T11:56:00,1763101560000,NIFTY,hybrid,0.8928571428571429,0,20,180,2025-11-14T12:25:00,1763103300000,29,239.3106213839771
2025-11-14T11:56:00,1763101560000,NIFTY,hybrid,0.8928571428571429,0,20,180,2025-11-14T12:26:00,1763103360000,30,238.81791822167077
2025-11-14T11:56:00,1763101560000,NIFTY,hybrid,0.8928571428571429,0,20,180,2025-11-14T12:27:00,1763103420000,31,239.13582252141254
2025-11-14T11:56:00,1763101560000,NIFTY,hybrid,0.8928571428571429,0,20,180,2025-11-14T12:28:00,1763103480000,32,239.5886010212203
2025-11-14T11:56:00,1763101560000,NIFTY,hybrid,0.8928571428571429,0,20,180,2025-11-14T12:29:00,1763103540000,33,239.9605449514411
2025-11-14T11:56:00,1763101560000,NIFTY,hybrid,0.8928571428571429,0,20,180,2025-11-14T12:30:00,1763103600000,34,240.03787691692702
2025-11-14T11:56:00,1763101560000,NIFTY,hybrid,0.8928571428571429,0,20,180,2025-11-14T12:31:00,1763103660000,35,239.81811710983368
2025-11-14T11:56:00,1763101560000,NIFTY,hybrid,0.8928571428571429,0,20,180,2025-11-14T12:32:00,1763103720000,36,239.96107569420332
2025-11-14T11:56:00,1763101560000,NIFTY,hybrid,0.8928571428571429,0,20,180,2025-11-14T12:33:00,1763103780000,37,239.77121545274514
2025-11-14T11:56:00,1763101560000,NIFTY,hybrid,0.8928571428571429,0,20,180,2025-11-14T12:34:00,1763103840000,38,239.91070954650135
2025-11-14T11:56:00,1763101560000,NIFTY,hybrid,0.8928571428571429,0,20,180,2025-11-14T12:35:00,1763103900000,39,239.70603137309894
2025-11-14T11:56:00,1763101560000,NIFTY,hybrid,0.8928571428571429,0,20,180,2025-11-14T12:36:00,1763103960000,40,239.21136972112282
2025-11-14T11:56:00,1763101560000,NIFTY,hybrid,0.8928571428571429,0,20,180,2025-11-14T12:37:00,1763104020000,41,239.08341924119821
2025-11-14T11:56:00,1763101560000,NIFTY,hybrid,0.8928571428571429,0,20,180,2025-11-14T12:38:00,1763104080000,42,239.30515162562799
2025-11-14T11:56:00,1763101560000,NIFTY,hybrid,0.8928571428571429,0,20,180,2025-11-14T12:39:00,1763104140000,43,238.6444843582011
2025-11-14T11:56:00,1763101560000,NIFTY,hybrid,0.8928571428571429,0,20,180,2025-11-14T12:40:00,1763104200000,44,238.6500413677463
2025-11-14T11:56:00,1763101560000,NIFTY,hybrid,0.8928571428571429,0,20,180,2025-11-14T12:41:00,1763104260000,45,238.6122325792572
2025-11-14T11:56:00,1763101560000,NIFTY,hybrid,0.8928571428571429,0,20,180,2025-11-14T12:42:00,1763104320000,46,239.05476826302458
2025-11-14T11:56:00,1763101560000,NIFTY,hybrid,0.8928571428571429,0,20,180,2025-11-14T12:43:00,1763104380000,47,239.3708849855065
2025-11-14T11:56:00,1763101560000,NIFTY,hybrid,0.8928571428571429,0,20,180,2025-11-14T12:44:00,1763104440000,48,239.2305466755468
2025-11-14T11:56:00,1763101560000,NIFTY,hybrid,0.8928571428571429,0,20,180,2025-11-14T12:45:00,1763104500000,49,239.3371672525728
2025-11-14T11:56:00,1763101560000,NIFTY,hybrid,0.8928571428571429,0,20,180,2025-11-14T12:46:00,1763104560000,50,239.18927776775436
2025-11-14T11:56:00,1763101560000,NIFTY,hybrid,0.8928571428571429,0,20,180,2025-11-14T12:47:00,1763104620000,51,239.16890124650124
2025-11-14T11:56:00,1763101560000,NIFTY,hybrid,0.8928571428571429,0,20,180,2025-11-14T12:48:00,1763104680000,52,239.1619411166673
2025-11-14T11:56:00,1763101560000,NIFTY,hybrid,0.8928571428571429,0,20,180,2025-11-14T12:49:00,1763104740000,53,238.9651661350636
2025-11-14T11:56:00,1763101560000,NIFTY,hybrid,0.8928571428571429,0,20,180,2025-11-14T12:50:00,1763104800000,54,239.06849973309588
2025-11-14T11:56:00,1763101560000,NIFTY,hybrid,0.8928571428571429,0,20,180,2025-11-14T12:51:00,1763104860000,55,239.14471165483747
2025-11-14T11:56:00,1763101560000,NIFTY,hybrid,0.8928571428571429,0,20,180,2025-11-14T12:52:00,1763104920000,56,239.24757813714723
2025-11-14T11:56:00,1763101560000,NIFTY,hybrid,0.8928571428571429,0,20,180,2025-11-14T12:53:00,1763104980000,57,239.44540766852074
2025-11-14T11:56:00,1763101560000,NIFTY,hybrid,0.8928571428571429,0,20,180,2025-11-14T12:54:00,1763105040000,58,239.31113494697738
2025-11-14T11:56:00,1763101560000,NIFTY,hybrid,0.8928571428571429,0,20,180,2025-11-14T12:55:00,1763105100000,59,239.23960771284683
2025-11-14T11:56:00,1763101560000,NIFTY,hybrid,0.8928571428571429,0,20,180,2025-11-14T12:56:00,1763105160000,60,238.94700457093236
2025-11-14T11:56:00,1763101560000,NIFTY,hybrid,0.8928571428571429,,20,180,2025-11-14T11:57:00,1763101620000,1,239.7
2025-11-14T11:56:00,1763101560000,NIFTY,hybrid,0.8928571428571429,,20,180,2025-11-14T11:58:00,1763101680000,2,239.8996836554655
2025-11-14T11:56:00,1763101560000,NIFTY,hybrid,0.8928571428571429,,20,180,2025-11-14T11:59:00,1763101740000,3,239.8289916699928
2025-11-14T11:56:00,1763101560000,NIFTY,hybrid,0.8928571428571429,,20,180,2025-11-14T12:00:00,1763101800000,4,239.82127270042068
2025-11-14T11:56:00,1763101560000,NIFTY,hybrid,0.8928571428571429,,20,180,2025-11-14T12:01:00,1763101860000,5,239.78004841222528
2025-11-14T11:56:00,1763101560000,NIFTY,hybrid,0.8928571428571429,,20,180,2025-11-14T12:02:00,1763101920000,6,239.66686869831562
2025-11-14T11:56:00,1763101560000,NIFTY,hybrid,0.8928571428571429,,20,180,2025-11-14T12:03:00,1763101980000,7,239.6794432864736
2025-11-14T11:56:00,1763101560000,NIFTY,hybrid,0.8928571428571429,,20,180,2025-11-14T12:04:00,1763102040000,8,239.4866207150686
2025-11-14T11:56:00,1763101560000,NIFTY,hybrid,0.8928571428571429,,20,180,2025-11-14T12:05:00,1763102100000,9,239.45485906979073
2025-11-14T11:56:00,1763101560000,NIFTY,hybrid,0.8928571428571429,,20,180,2025-11-14T12:06:00,1763102160000,10,239.57489275894056
2025-11-14T11:56:00,1763101560000,NIFTY,hybrid,0.8928571428571429,,20,180,2025-11-14T12:07:00,1763102220000,11,239.15776623627912
2025-11-14T11:56:00,1763101560000,NIFTY,hybrid,0.8928571428571429,,20,180,2025-11-14T12:08:00,1763102280000,12,239.2039727524974
2025-11-14T11:56:00,1763101560000,NIFTY,hybrid,0.8928571428571429,,20,180,2025-11-14T12:09:00,1763102340000,13,239.2667742661042
2025-11-14T11:56:00,1763101560000,NIFTY,hybrid,0.8928571428571429,,20,180,2025-11-14T12:10:00,1763102400000,14,239.45701545380857
2025-11-14T11:56:00,1763101560000,NIFTY,hybrid,0.8928571428571429,,20,180,2025-11-14T12:11:00,1763102460000,15,239.44848747036914
2025-11-14T11:56:00,1763101560000,NIFTY,hybrid,0.8928571428571429,,20,180,2025-11-14T12:12:00,1763102520000,16,239.48347729634585
2025-11-14T11:56:00,1763101560000,NIFTY,hybrid,0.8928571428571429,,20,180,2025-11-14T12:13:00,1763102580000,17,239.05970082449838
2025-11-14T11:56:00,1763101560000,NIFTY,hybrid,0.8928571428571429,,20,180,2025-11-14T12:14:00,1763102640000,18,239.88122708669098
2025-11-14T11:56:00,1763101560000,NIFTY,hybrid,0.8928571428571429,,20,180,2025-11-14T12:15:00,1763102700000,19,239.77796402887444
2025-11-14T11:56:00,1763101560000,NIFTY,hybrid,0.8928571428571429,,20,180,2025-11-14T12:16:00,1763102760000,20,239.81287276016272
2025-11-14T11:56:00,1763101560000,NIFTY,hybrid,0.8928571428571429,,20,180,2025-11-14T12:17:00,1763102820000,21,239.53896492536117
2025-11-14T11:56:00,1763101560000,NIFTY,hybrid,0.8928571428571429,,20,180,2025-11-14T12:18:00,1763102880000,22,239.53910461361417
2025-11-14T11:56:00,1763101560000,NIFTY,hybrid,0.8928571428571429,,20,180,2025-11-14T12:19:00,1763102940000,23,239.5076825185198
2025-11-14T11:56:00,1763101560000,NIFTY,hybrid,0.8928571428571429,,20,180,2025-11-14T12:20:00,1763103000000,24,239.4759594660321
2025-11-14T11:56:00,1763101560000,NIFTY,hybrid,0.8928571428571429,,20,180,2025-11-14T12:21:00,1763103060000,25,239.45167011858763
2025-11-14T11:56:00,1763101560000,NIFTY,hybrid,0.8928571428571429,,20,180,2025-11-14T12:22:00,1763103120000,26,239.0343109287294
2025-11-14T11:56:00,1763101560000,NIFTY,hybrid,0.8928571428571429,,20,180,2025-11-14T12:23:00,1763103180000,27,239.0501702475034
2025-11-14T11:56:00,1763101560000,NIFTY,hybrid,0.8928571428571429,,20,180,2025-11-14T12:24:00,1763103240000,28,239.57684663353734
2025-11-14T11:56:00,1763101560000,NIFTY,hybrid,0.8928571428571429,,20,180,2025-11-14T12:25:00,1763103300000,29,239.3106213839771
2025-11-14T11:56:00,1763101560000,NIFTY,hybrid,0.8928571428571429,,20,180,2025-11-14T12:26:00,1763103360000,30,238.81791822167077
2025-11-14T11:56:00,1763101560000,NIFTY,hybrid,0.8928571428571429,,20,180,2025-11-14T12:27:00,1763103420000,31,239.13582252141254
2025-11-14T11:56:00,1763101560000,NIFTY,hybrid,0.8928571428571429,,20,180,2025-11-14T12:28:00,1763103480000,32,239.5886010212203
2025-11-14T11:56:00,1763101560000,NIFTY,hybrid,0.8928571428571429,,20,180,2025-11-14T12:29:00,1763103540000,33,239.9605449514411
2025-11-14T11:56:00,1763101560000,NIFTY,hybrid,0.8928571428571429,,20,180,2025-11-14T12:30:00,1763103600000,34,240.03787691692702
2025-11-14T11:56:00,1763101560000,NIFTY,hybrid,0.8928571428571429,,20,180,2025-11-14T12:31:00,1763103660000,35,239.81811710983368
2025-11-14T11:56:00,1763101560000,NIFTY,hybrid,0.8928571428571429,,20,180,2025-11-14T12:32:00,1763103720000,36,239.96107569420332
2025-11-14T11:56:00,1763101560000,NIFTY,hybrid,0.8928571428571429,,20,180,2025-11-14T12:33:00,1763103780000,37,239.77121545274514
2025-11-14T11:56:00,1763101560000,NIFTY,hybrid,0.8928571428571429,,20,180,2025-11-14T12:34:00,1763103840000,38,239.91070954650135
2025-11-14T11:56:00,1763101560000,NIFTY,hybrid,0.8928571428571429,,20,180,2025-11-14T12:35:00,1763103900000,39,239.70603137309894
2025-11-14T11:56:00,1763101560000,NIFTY,hybrid,0.8928571428571429,,20,180,2025-11-14T12:36:00,1763103960000,40,239.21136972112282
2025-11-14T11:56:00,1763101560000,NIFTY,hybrid,0.8928571428571429,,20,180,2025-11-14T12:37:00,1763104020000,41,239.08341924119821
2025-11-14T11:56:00,1763101560000,NIFTY,hybrid,0.8928571428571429,,20,180,2025-11-14T12:38:00,1763104080000,42,239.30515162562799
2025-11-14T11:56:00,1763101560000,NIFTY,hybrid,0.8928571428571429,,20,180,2025-11-14T12:39:00,1763104140000,43,238.6444843582011
2025-11-14T11:56:00,1763101560000,NIFTY,hybrid,0.8928571428571429,,20,180,2025-11-14T12:40:00,1763104200000,44,238.6500413677463
2025-11-14T11:56:00,1763101560000,NIFTY,hybrid,0.8928571428571429,,20,180,2025-11-14T12:41:00,1763104260000,45,238.6122325792572
2025-11-14T11:56:00,1763101560000,NIFTY,hybrid,0.8928571428571429,,20,180,2025-11-14T12:42:00,1763104320000,46,239.05476826302458
2025-11-14T11:56:00,1763101560000,NIFTY,hybrid,0.8928571428571429,,20,180,2025-11-14T12:43:00,1763104380000,47,239.3708849855065
2025-11-14T11:56:00,1763101560000,NIFTY,hybrid,0.8928571428571429,,20,180,2025-11-14T12:44:00,1763104440000,48,239.2305466755468
2025-11-14T11:56:00,1763101560000,NIFTY,hybrid,0.8928571428571429,,20,180,2025-11-14T12:45:00,1763104500000,49,239.3371672525728
2025-11-14T11:56:00,1763101560000,NIFTY,hybrid,0.8928571428571429,,20,180,2025-11-14T12:46:00,1763104560000,50,239.18927776775436
2025-11-14T11:56:00,1763101560000,NIFTY,hybrid,0.8928571428571429,,20,180,2025-11-14T12:47:00,1763104620000,51,239.16890124650124
2025-11-14T11:56:00,1763101560000,NIFTY,hybrid,0.8928571428571429,,20,180,2025-11-14T12:48:00,1763104680000,52,239.1619411166673
2025-11-14T11:56:00,1763101560000,NIFTY,hybrid,0.8928571428571429,,20,180,2025-11-14T12:49:00,1763104740000,53,238.9651661350636
2025-11-14T11:56:00,1763101560000,NIFTY,hybrid,0.8928571428571429,,20,180,2025-11-14T12:50:00,1763104800000,54,239.06849973309588
2025-11-14T11:56:00,1763101560000,NIFTY,hybrid,0.8928571428571429,,20,180,2025-11-14T12:51:00,1763104860000,55,239.14471165483747
2025-11-14T11:56:00,1763101560000,NIFTY,hybrid,0.8928571428571429,,20,180,2025-11-14T12:52:00,1763104920000,56,239.24757813714723
2025-11-14T11:56:00,1763101560000,NIFTY,hybrid,0.8928571428571429,,20,180,2025-11-14T12:53:00,1763104980000,57,239.44540766852074
2025-11-14T11:56:00,1763101560000,NIFTY,hybrid,0.8928571428571429,,20,180,2025-11-14T12:54:00,1763105040000,58,239.31113494697738
2025-11-14T11:56:00,1763101560000,NIFTY,hybrid,0.8928571428571429,,20,180,2025-11-14T12:55:00,1763105100000,59,239.23960771284683
2025-11-14T11:56:00,1763101560000,NIFTY,hybrid,0.8928571428571429,,20,180,2025-11-14T12:56:00,1763105160000,60,238.94700457093236
2025-11-14T12:16:00,1763102760000,NIFTY,hybrid,0.8928571428571429,,20,180,2025-11-14T12:17:00,1763102820000,1,238.79999999999998
2025-11-14T12:16:00,1763102760000,NIFTY,hybrid,0.8928571428571429,,20,180,2025-11-14T12:18:00,1763102880000,2,238.9996836554655
2025-11-14T12:16:00,1763102760000,NIFTY,hybrid,0.8928571428571429,,20,180,2025-11-14T12:19:00,1763102940000,3,238.9289916699928
2025-11-14T12:16:00,1763102760000,NIFTY,hybrid,0.8928571428571429,,20,180,2025-11-14T12:20:00,1763103000000,4,238.92127270042067
2025-11-14T12:16:00,1763102760000,NIFTY,hybrid,0.8928571428571429,,20,180,2025-11-14T12:21:00,1763103060000,5,238.88004841222528
2025-11-14T12:16:00,1763102760000,NIFTY,hybrid,0.8928571428571429,,20,180,2025-11-14T12:22:00,1763103120000,6,238.76686869831562
2025-11-14T12:16:00,1763102760000,NIFTY,hybrid,0.8928571428571429,,20,180,2025-11-14T12:23:00,1763103180000,7,238.7794432864736
2025-11-14T12:16:00,1763102760000,NIFTY,hybrid,0.8928571428571429,,20,180,2025-11-14T12:24:00,1763103240000,8,238.5866207150686
2025-11-14T12:16:00,1763102760000,NIFTY,hybrid,0.8928571428571429,,20,180,2025-11-14T12:25:00,1763103300000,9,238.55485906979072
2025-11-14T12:16:00,1763102760000,NIFTY,hybrid,0.8928571428571429,,20,180,2025-11-14T12:26:00,1763103360000,10,238.67489275894056
2025-11-14T12:16:00,1763102760000,NIFTY,hybrid,0.8928571428571429,,20,180,2025-11-14T12:27:00,1763103420000,11,238.2577662362791
2025-11-14T12:16:00,1763102760000,NIFTY,hybrid,0.8928571428571429,,20,180,2025-11-14T12:28:00,1763103480000,12,238.3039727524974
2025-11-14T12:16:00,1763102760000,NIFTY,hybrid,0.8928571428571429,,20,180,2025-11-14T12:29:00,1763103540000,13,238.3667742661042
2025-11-14T12:16:00,1763102760000,NIFTY,hybrid,0.8928571428571429,,20,180,2025-11-14T12:30:00,1763103600000,14,238.55701545380856
2025-11-14T12:16:00,1763102760000,NIFTY,hybrid,0.8928571428571429,,20,180,2025-11-14T12:31:00,1763103660000,15,238.54848747036914
2025-11-14T12:16:00,1763102760000,NIFTY,hybrid,0.8928571428571429,,20,180,2025-11-14T12:32:00,1763103720000,16,238.58347729634585
2025-11-14T12:16:00,1763102760000,NIFTY,hybrid,0.8928571428571429,,20,180,2025-11-14T12:33:00,1763103780000,17,238.15970082449837
2025-11-14T12:16:00,1763102760000,NIFTY,hybrid,0.8928571428571429,,20,180,2025-11-14T12:34:00,1763103840000,18,238.98122708669098
2025-11-14T12:16:00,1763102760000,NIFTY,hybrid,0.8928571428571429,,20,180,2025-11-14T12:35:00,1763103900000,19,238.87796402887443
2025-11-14T12:16:00,1763102760000,NIFTY,hybrid,0.8928571428571429,,20,180,2025-11-14T12:36:00,1763103960000,20,238.9128727601627
2025-11-14T12:16:00,1763102760000,NIFTY,hybrid,0.8928571428571429,,20,180,2025-11-14T12:37:00,1763104020000,21,238.63896492536117
2025-11-14T12:16:00,1763102760000,NIFTY,hybrid,0.8928571428571429,,20,180,2025-11-14T12:38:00,1763104080000,22,238.63910461361417
2025-11-14T12:16:00,1763102760000,NIFTY,hybrid,0.8928571428571429,,20,180,2025-11-14T12:39:00,1763104140000,23,238.6076825185198
2025-11-14T12:16:00,1763102760000,NIFTY,hybrid,0.8928571428571429,,20,180,2025-11-14T12:40:00,1763104200000,24,238.5759594660321
2025-11-14T12:16:00,1763102760000,NIFTY,hybrid,0.8928571428571429,,20,180,2025-11-14T12:41:00,1763104260000,25,238.55167011858762
2025-11-14T12:16:00,1763102760000,NIFTY,hybrid,0.8928571428571429,,20,180,2025-11-14T12:42:00,1763104320000,26,238.1343109287294
2025-11-14T12:16:00,1763102760000,NIFTY,hybrid,0.8928571428571429,,20,180,2025-11-14T12:43:00,1763104380000,27,238.15017024750338
2025-11-14T12:16:00,1763102760000,NIFTY,hybrid,0.8928571428571429,,20,180,2025-11-14T12:44:00,1763104440000,28,238.67684663353734
2025-11-14T12:16:00,1763102760000,NIFTY,hybrid,0.8928571428571429,,20,180,2025-11-14T12:45:00,1763104500000,29,238.4106213839771
2025-11-14T12:16:00,1763102760000,NIFTY,hybrid,0.8928571428571429,,20,180,2025-11-14T12:46:00,1763104560000,30,237.91791822167076
2025-11-14T12:16:00,1763102760000,NIFTY,hybrid,0.8928571428571429,,20,180,2025-11-14T12:47:00,1763104620000,31,238.23582252141253
2025-11-14T12:16:00,1763102760000,NIFTY,hybrid,0.8928571428571429,,20,180,2025-11-14T12:48:00,1763104680000,32,238.6886010212203
2025-11-14T12:16:00,1763102760000,NIFTY,hybrid,0.8928571428571429,,20,180,2025-11-14T12:49:00,1763104740000,33,239.0605449514411
2025-11-14T12:16:00,1763102760000,NIFTY,hybrid,0.8928571428571429,,20,180,2025-11-14T12:50:00,1763104800000,34,239.137876916927
2025-11-14T12:16:00,1763102760000,NIFTY,hybrid,0.8928571428571429,,20,180,2025-11-14T12:51:00,1763104860000,35,238.91811710983367
2025-11-14T12:16:00,1763102760000,NIFTY,hybrid,0.8928571428571429,,20,180,2025-11-14T12:52:00,1763104920000,36,239.0610756942033
2025-11-14T12:16:00,1763102760000,NIFTY,hybrid,0.8928571428571429,,20,180,2025-11-14T12:53:00,1763104980000,37,238.87121545274513
2025-11-14T12:16:00,1763102760000,NIFTY,hybrid,0.8928571428571429,,20,180,2025-11-14T12:54:00,1763105040000,38,239.01070954650135
2025-11-14T12:16:00,1763102760000,NIFTY,hybrid,0.8928571428571429,,20,180,2025-11-14T12:55:00,1763105100000,39,238.80603137309893
2025-11-14T12:16:00,1763102760000,NIFTY,hybrid,0.8928571428571429,,20,180,2025-11-14T12:56:00,1763105160000,40,238.31136972112282
2025-11-14T12:16:00,1763102760000,NIFTY,hybrid,0.8928571428571429,,20,180,2025-11-14T12:57:00,1763105220000,41,238.1834192411982
2025-11-14T12:16:00,1763102760000,NIFTY,hybrid,0.8928571428571429,,20,180,2025-11-14T12:58:00,1763105280000,42,238.40515162562798
2025-11-14T12:16:00,1763102760000,NIFTY,hybrid,0.8928571428571429,,20,180,2025-11-14T12:59:00,1763105340000,43,237.7444843582011
2025-11-14T12:16:00,1763102760000,NIFTY,hybrid,0.8928571428571429,,20,180,2025-11-14T13:00:00,1763105400000,44,237.7500413677463
2025-11-14T12:16:00,1763102760000,NIFTY,hybrid,0.8928571428571429,,20,180,2025-11-14T13:01:00,1763105460000,45,237.7122325792572
2025-11-14T12:16:00,1763102760000,NIFTY,hybrid,0.8928571428571429,,20,180,2025-11-14T13:02:00,1763105520000,46,238.15476826302458
2025-11-14T12:16:00,1763102760000,NIFTY,hybrid,0.8928571428571429,,20,180,2025-11-14T13:03:00,1763105580000,47,238.4708849855065
2025-11-14T12:16:00,1763102760000,NIFTY,hybrid,0.8928571428571429,,20,180,2025-11-14T13:04:00,1763105640000,48,238.3305466755468
2025-11-14T12:16:00,1763102760000,NIFTY,hybrid,0.8928571428571429,,20,180,2025-11-14T13:05:00,1763105700000,49,238.4371672525728
2025-11-14T12:16:00,1763102760000,NIFTY,hybrid,0.8928571428571429,,20,180,2025-11-14T13:06:00,1763105760000,50,238.28927776775436
2025-11-14T12:16:00,1763102760000,NIFTY,hybrid,0.8928571428571429,,20,180,2025-11-14T13:07:00,1763105820000,51,238.26890124650123
2025-11-14T12:16:00,1763102760000,NIFTY,hybrid,0.8928571428571429,,20,180,2025-11-14T13:08:00,1763105880000,52,238.2619411166673
2025-11-14T12:16:00,1763102760000,NIFTY,hybrid,0.8928571428571429,,20,180,2025-11-14T13:09:00,1763105940000,53,238.0651661350636
2025-11-14T12:16:00,1763102760000,NIFTY,hybrid,0.8928571428571429,,20,180,2025-11-14T13:10:00,1763106000000,54,238.16849973309587
2025-11-14T12:16:00,1763102760000,NIFTY,hybrid,0.8928571428571429,,20,180,2025-11-14T13:11:00,1763106060000,55,238.24471165483746
2025-11-14T12:16:00,1763102760000,NIFTY,hybrid,0.8928571428571429,,20,180,2025-11-14T13:12:00,1763106120000,56,238.34757813714722
2025-11-14T12:16:00,1763102760000,NIFTY,hybrid,0.8928571428571429,,20,180,2025-11-14T13:13:00,1763106180000,57,238.54540766852074
2025-11-14T12:16:00,1763102760000,NIFTY,hybrid,0.8928571428571429,,20,180,2025-11-14T13:14:00,1763106240000,58,238.41113494697737
2025-11-14T12:16:00,1763102760000,NIFTY,hybrid,0.8928571428571429,,20,180,2025-11-14T13:15:00,1763106300000,59,238.33960771284683
2025-11-14T12:16:00,1763102760000,NIFTY,hybrid,0.8928571428571429,,20,180,2025-11-14T13:16:00,1763106360000,60,238.04700457093236
2025-11-14T12:16:00,1763102760000,NIFTY,hybrid,0.8928571428571429,,20,180,2025-11-14T12:17:00,1763102820000,1,238.79999999999998
2025-11-14T12:16:00,1763102760000,NIFTY,hybrid,0.8928571428571429,,20,180,2025-11-14T12:18:00,1763102880000,2,238.9996836554655
2025-11-14T12:16:00,1763102760000,NIFTY,hybrid,0.8928571428571429,,20,180,2025-11-14T12:19:00,1763102940000,3,238.9289916699928
2025-11-14T12:16:00,1763102760000,NIFTY,hybrid,0.8928571428571429,,20,180,2025-11-14T12:20:00,1763103000000,4,238.92127270042067
2025-11-14T12:16:00,1763102760000,NIFTY,hybrid,0.8928571428571429,,20,180,2025-11-14T12:21:00,1763103060000,5,238.88004841222528
2025-11-14T12:16:00,1763102760000,NIFTY,hybrid,0.8928571428571429,,20,180,2025-11-14T12:22:00,1763103120000,6,238.76686869831562
2025-11-14T12:16:00,1763102760000,NIFTY,hybrid,0.8928571428571429,,20,180,2025-11-14T12:23:00,1763103180000,7,238.7794432864736
2025-11-14T12:16:00,1763102760000,NIFTY,hybrid,0.8928571428571429,,20,180,2025-11-14T12:24:00,1763103240000,8,238.5866207150686
2025-11-14T12:16:00,1763102760000,NIFTY,hybrid,0.8928571428571429,,20,180,2025-11-14T12:25:00,1763103300000,9,238.55485906979072
2025-11-14T12:16:00,1763102760000,NIFTY,hybrid,0.8928571428571429,,20,180,2025-11-14T12:26:00,1763103360000,10,238.67489275894056
2025-11-14T12:16:00,1763102760000,NIFTY,hybrid,0.8928571428571429,,20,180,2025-11-14T12:27:00,1763103420000,11,238.2577662362791
2025-11-14T12:16:00,1763102760000,NIFTY,hybrid,0.8928571428571429,,20,180,2025-11-14T12:28:00,1763103480000,12,238.3039727524974
2025-11-14T12:16:00,1763102760000,NIFTY,hybrid,0.8928571428571429,,20,180,2025-11-14T12:29:00,1763103540000,13,238.3667742661042
2025-11-14T12:16:00,1763102760000,NIFTY,hybrid,0.8928571428571429,,20,180,2025-11-14T12:30:00,1763103600000,14,238.55701545380856
2025-11-14T12:16:00,1763102760000,NIFTY,hybrid,0.8928571428571429,,20,180,2025-11-14T12:31:00,1763103660000,15,238.54848747036914
2025-11-14T12:16:00,1763102760000,NIFTY,hybrid,0.8928571428571429,,20,180,2025-11-14T12:32:00,1763103720000,16,238.58347729634585
2025-11-14T12:16:00,1763102760000,NIFTY,hybrid,0.8928571428571429,,20,180,2025-11-14T12:33:00,1763103780000,17,238.15970082449837
2025-11-14T12:16:00,1763102760000,NIFTY,hybrid,0.8928571428571429,,20,180,2025-11-14T12:34:00,1763103840000,18,238.98122708669098
2025-11-14T12:16:00,1763102760000,NIFTY,hybrid,0.8928571428571429,,20,180,2025-11-14T12:35:00,1763103900000,19,238.87796402887443
2025-11-14T12:16:00,1763102760000,NIFTY,hybrid,0.8928571428571429,,20,180,2025-11-14T12:36:00,1763103960000,20,238.9128727601627
2025-11-14T12:16:00,1763102760000,NIFTY,hybrid,0.8928571428571429,,20,180,2025-11-14T12:37:00,1763104020000,21,238.63896492536117
2025-11-14T12:16:00,1763102760000,NIFTY,hybrid,0.8928571428571429,,20,180,2025-11-14T12:38:00,1763104080000,22,238.63910461361417
2025-11-14T12:16:00,1763102760000,NIFTY,hybrid,0.8928571428571429,,20,180,2025-11-14T12:39:00,1763104140000,23,238.6076825185198
2025-11-14T12:16:00,1763102760000,NIFTY,hybrid,0.8928571428571429,,20,180,2025-11-14T12:40:00,1763104200000,24,238.5759594660321
2025-11-14T12:16:00,1763102760000,NIFTY,hybrid,0.8928571428571429,,20,180,2025-11-14T12:41:00,1763104260000,25,238.55167011858762
2025-11-14T12:16:00,1763102760000,NIFTY,hybrid,0.8928571428571429,,20,180,2025-11-14T12:42:00,1763104320000,26,238.1343109287294
2025-11-14T12:16:00,1763102760000,NIFTY,hybrid,0.8928571428571429,,20,180,2025-11-14T12:43:00,1763104380000,27,238.15017024750338
2025-11-14T12:16:00,1763102760000,NIFTY,hybrid,0.8928571428571429,,20,180,2025-11-14T12:44:00,1763104440000,28,238.67684663353734
2025-11-14T12:16:00,1763102760000,NIFTY,hybrid,0.8928571428571429,,20,180,2025-11-14T12:45:00,1763104500000,29,238.4106213839771
2025-11-14T12:16:00,1763102760000,NIFTY,hybrid,0.8928571428571429,,20,180,2025-11-14T12:46:00,1763104560000,30,237.91791822167076
2025-11-14T12:16:00,1763102760000,NIFTY,hybrid,0.8928571428571429,,20,180,2025-11-14T12:47:00,1763104620000,31,238.23582252141253
2025-11-14T12:16:00,1763102760000,NIFTY,hybrid,0.8928571428571429,,20,180,2025-11-14T12:48:00,1763104680000,32,238.6886010212203
2025-11-14T12:16:00,1763102760000,NIFTY,hybrid,0.8928571428571429,,20,180,2025-11-14T12:49:00,1763104740000,33,239.0605449514411
2025-11-14T12:16:00,1763102760000,NIFTY,hybrid,0.8928571428571429,,20,180,2025-11-14T12:50:00,1763104800000,34,239.137876916927
2025-11-14T12:16:00,1763102760000,NIFTY,hybrid,0.8928571428571429,,20,180,2025-11-14T12:51:00,1763104860000,35,238.91811710983367
2025-11-14T12:16:00,1763102760000,NIFTY,hybrid,0.8928571428571429,,20,180,2025-11-14T12:52:00,1763104920000,36,239.0610756942033
2025-11-14T12:16:00,1763102760000,NIFTY,hybrid,0.8928571428571429,,20,180,2025-11-14T12:53:00,1763104980000,37,238.87121545274513
2025-11-14T12:16:00,1763102760000,NIFTY,hybrid,0.8928571428571429,,20,180,2025-11-14T12:54:00,1763105040000,38,239.01070954650135
2025-11-14T12:16:00,1763102760000,NIFTY,hybrid,0.8928571428571429,,20,180,2025-11-14T12:55:00,1763105100000,39,238.80603137309893
2025-11-14T12:16:00,1763102760000,NIFTY,hybrid,0.8928571428571429,,20,180,2025-11-14T12:56:00,1763105160000,40,238.31136972112282
2025-11-14T12:16:00,1763102760000,NIFTY,hybrid,0.8928571428571429,,20,180,2025-11-14T12:57:00,1763105220000,41,238.1834192411982
2025-11-14T12:16:00,1763102760000,NIFTY,hybrid,0.8928571428571429,,20,180,2025-11-14T12:58:00,1763105280000,42,238.40515162562798
2025-11-14T12:16:00,1763102760000,NIFTY,hybrid,0.8928571428571429,,20,180,2025-11-14T12:59:00,1763105340000,43,237.7444843582011
2025-11-14T12:16:00,1763102760000,NIFTY,hybrid,0.8928571428571429,,20,180,2025-11-14T13:00:00,1763105400000,44,237.7500413677463
2025-11-14T12:16:00,1763102760000,NIFTY,hybrid,0.8928571428571429,,20,180,2025-11-14T13:01:00,1763105460000,45,237.7122325792572
2025-11-14T12:16:00,1763102760000,NIFTY,hybrid,0.8928571428571429,,20,180,2025-11-14T13:02:00,1763105520000,46,238.15476826302458
2025-11-14T12:16:00,1763102760000,NIFTY,hybrid,0.8928571428571429,,20,180,2025-11-14T13:03:00,1763105580000,47,238.4708849855065
2025-11-14T12:16:00,1763102760000,NIFTY,hybrid,0.8928571428571429,,20,180,2025-11-14T13:04:00,1763105640000,48,238.3305466755468
2025-11-14T12:16:00,1763102760000,NIFTY,hybrid,0.8928571428571429,,20,180,2025-11-14T13:05:00,1763105700000,49,238.4371672525728
2025-11-14T12:16:00,1763102760000,NIFTY,hybrid,0.8928571428571429,,20,180,2025-11-14T13:06:00,1763105760000,50,238.28927776775436
2025-11-14T12:16:00,1763102760000,NIFTY,hybrid,0.8928571428571429,,20,180,2025-11-14T13:07:00,1763105820000,51,238.26890124650123
2025-11-14T12:16:00,1763102760000,NIFTY,hybrid,0.8928571428571429,,20,180,2025-11-14T13:08:00,1763105880000,52,238.2619411166673
2025-11-14T12:16:00,1763102760000,NIFTY,hybrid,0.8928571428571429,,20,180,2025-11-14T13:09:00,1763105940000,53,238.0651661350636
2025-11-14T12:16:00,1763102760000,NIFTY,hybrid,0.8928571428571429,,20,180,2025-11-14T13:10:00,1763106000000,54,238.16849973309587
2025-11-14T12:16:00,1763102760000,NIFTY,hybrid,0.8928571428571429,,20,180,2025-11-14T13:11:00,1763106060000,55,238.24471165483746
2025-11-14T12:16:00,1763102760000,NIFTY,hybrid,0.8928571428571429,,20,180,2025-11-14T13:12:00,1763106120000,56,238.34757813714722
2025-11-14T12:16:00,1763102760000,NIFTY,hybrid,0.8928571428571429,,20,180,2025-11-14T13:13:00,1763106180000,57,238.54540766852074
2025-11-14T12:16:00,1763102760000,NIFTY,hybrid,0.8928571428571429,,20,180,2025-11-14T13:14:00,1763106240000,58,238.41113494697737
2025-11-14T12:16:00,1763102760000,NIFTY,hybrid,0.8928571428571429,,20,180,2025-11-14T13:15:00,1763106300000,59,238.33960771284683
2025-11-14T12:16:00,1763102760000,NIFTY,hybrid,0.8928571428571429,,20,180,2025-11-14T13:16:00,1763106360000,60,238.04700457093236
2025-11-14T12:16:00,1763102760000,NIFTY,hybrid,0.8928571428571429,0,20,180,2025-11-14T12:17:00,1763102820000,1,237.45
2025-11-14T12:16:00,1763102760000,NIFTY,hybrid,0.8928571428571429,0,20,180,2025-11-14T12:18:00,1763102880000,2,237.67266548585573
2025-11-14T12:16:00,1763102760000,NIFTY,hybrid,0.8928571428571429,0,20,180,2025-11-14T12:19:00,1763102940000,3,237.58861050858553
2025-11-14T12:16:00,1763102760000,NIFTY,hybrid,0.8928571428571429,0,20,180,2025-11-14T12:20:00,1763103000000,4,237.6071084175128
2025-11-14T12:16:00,1763102760000,NIFTY,hybrid,0.8928571428571429,0,20,180,2025-11-14T12:21:00,1763103060000,5,237.60179142392298
2025-11-14T12:16:00,1763102760000,NIFTY,hybrid,0.8928571428571429,0,20,180,2025-11-14T12:22:00,1763103120000,6,237.46147485208346
2025-11-14T12:16:00,1763102760000,NIFTY,hybrid,0.8928571428571429,0,20,180,2025-11-14T12:23:00,1763103180000,7,237.4929665535478
2025-11-14T12:16:00,1763102760000,NIFTY,hybrid,0.8928571428571429,0,20,180,2025-11-14T12:24:00,1763103240000,8,237.26275003725695
2025-11-14T12:16:00,1763102760000,NIFTY,hybrid,0.8928571428571429,0,20,180,2025-11-14T12:25:00,1763103300000,9,237.21449666837054
2025-11-14T12:16:00,1763102760000,NIFTY,hybrid,0.8928571428571429,0,20,180,2025-11-14T12:26:00,1763103360000,10,237.32488351779978
2025-11-14T12:16:00,1763102760000,NIFTY,hybrid,0.8928571428571429,0,20,180,2025-11-14T12:27:00,1763103420000,11,236.91964594968684
2025-11-14T12:16:00,1763102760000,NIFTY,hybrid,0.8928571428571429,0,20,180,2025-11-14T12:28:00,1763103480000,12,237.03600684795262
2025-11-14T12:16:00,1763102760000,NIFTY,hybrid,0.8928571428571429,0,20,180,2025-11-14T12:29:00,1763103540000,13,237.0635410390894
2025-11-14T12:16:00,1763102760000,NIFTY,hybrid,0.8928571428571429,0,20,180,2025-11-14T12:30:00,1763103600000,14,237.2195987449742
2025-11-14T12:16:00,1763102760000,NIFTY,hybrid,0.8928571428571429,0,20,180,2025-11-14T12:31:00,1763103660000,15,237.2403059579048
2025-11-14T12:16:00,1763102760000,NIFTY,hybrid,0.8928571428571429,0,20,180,2025-11-14T12:32:00,1763103720000,16,237.24406416081786
2025-11-14T12:16:00,1763102760000,NIFTY,hybrid,0.8928571428571429,0,20,180,2025-11-14T12:33:00,1763103780000,17,236.96155031633725
2025-11-14T12:16:00,1763102760000,NIFTY,hybrid,0.8928571428571429,0,20,180,2025-11-14T12:34:00,1763103840000,18,237.77456053215974
2025-11-14T12:16:00,1763102760000,NIFTY,hybrid,0.8928571428571429,0,20,180,2025-11-14T12:35:00,1763103900000,19,237.55415651747427
2025-11-14T12:16:00,1763102760000,NIFTY,hybrid,0.8928571428571429,0,20,180,2025-11-14T12:36:00,1763103960000,20,237.57579617825894
2025-11-14T12:16:00,1763102760000,NIFTY,hybrid,0.8928571428571429,0,20,180,2025-11-14T12:37:00,1763104020000,21,237.3219637716066
2025-11-14T12:16:00,1763102760000,NIFTY,hybrid,0.8928571428571429,0,20,180,2025-11-14T12:38:00,1763104080000,22,237.32992948877325
2025-11-14T12:16:00,1763102760000,NIFTY,hybrid,0.8928571428571429,0,20,180,2025-11-14T12:39:00,1763104140000,23,237.2587373617499
2025-11-14T12:16:00,1763102760000,NIFTY,hybrid,0.8928571428571429,0,20,180,2025-11-14T12:40:00,1763104200000,24,237.23241299952682
2025-11-14T12:16:00,1763102760000,NIFTY,hybrid,0.8928571428571429,0,20,180,2025-11-14T12:41:00,1763104260000,25,237.1653862545091
2025-11-14T12:16:00,1763102760000,NIFTY,hybrid,0.8928571428571429,0,20,180,2025-11-14T12:42:00,1763104320000,26,236.78828460210278
2025-11-14T12:16:00,1763102760000,NIFTY,hybrid,0.8928571428571429,0,20,180,2025-11-14T12:43:00,1763104380000,27,236.79109860004687
2025-11-14T12:16:00,1763102760000,NIFTY,hybrid,0.8928571428571429,0,20,180,2025-11-14T12:44:00,1763104440000,28,237.28325785127208
2025-11-14T12:16:00,1763102760000,NIFTY,hybrid,0.8928571428571429,0,20,180,2025-11-14T12:45:00,1763104500000,29,237.06388956939182
2025-11-14T12:16:00,1763102760000,NIFTY,hybrid,0.8928571428571429,0,20,180,2025-11-14T12:46:00,1763104560000,30,236.56556434476062
2025-11-14T12:16:00,1763102760000,NIFTY,hybrid,0.8928571428571429,0,20,180,2025-11-14T12:47:00,1763104620000,31,236.87681878380505
2025-11-14T12:16:00,1763102760000,NIFTY,hybrid,0.8928571428571429,0,20,180,2025-11-14T12:48:00,1763104680000,32,237.35276131482132
2025-11-14T12:16:00,1763102760000,NIFTY,hybrid,0.8928571428571429,0,20,180,2025-11-14T12:49:00,1763104740000,33,237.70169584452145
2025-11-14T12:16:00,1763102760000,NIFTY,hybrid,0.8928571428571429,0,20,180,2025-11-14T12:50:00,1763104800000,34,237.79228233576225
2025-11-14T12:16:00,1763102760000,NIFTY,hybrid,0.8928571428571429,0,20,180,2025-11-14T12:51:00,1763104860000,35,237.5609881069444
2025-11-14T12:16:00,1763102760000,NIFTY,hybrid,0.8928571428571429,0,20,180,2025-11-14T12:52:00,1763104920000,36,237.71945166339393
2025-11-14T12:16:00,1763102760000,NIFTY,hybrid,0.8928571428571429,0,20,180,2025-11-14T12:53:00,1763104980000,37,237.5139418465415
2025-11-14T12:16:00,1763102760000,NIFTY,hybrid,0.8928571428571429,0,20,180,2025-11-14T12:54:00,1763105040000,38,237.65804620681467
2025-11-14T12:16:00,1763102760000,NIFTY,hybrid,0.8928571428571429,0,20,180,2025-11-14T12:55:00,1763105100000,39,237.45222413853557
2025-11-14T12:16:00,1763102760000,NIFTY,hybrid,0.8928571428571429,0,20,180,2025-11-14T12:56:00,1763105160000,40,236.98360546984358
2025-11-14T12:16:00,1763102760000,NIFTY,hybrid,0.8928571428571429,0,20,180,2025-11-14T12:57:00,1763105220000,41,236.85396148186635
2025-11-14T12:16:00,1763102760000,NIFTY,hybrid,0.8928571428571429,0,20,180,2025-11-14T12:58:00,1763105280000,42,237.08766390420396
2025-11-14T12:16:00,1763102760000,NIFTY,hybrid,0.8928571428571429,0,20,180,2025-11-14T12:59:00,1763105340000,43,236.39129571475496
2025-11-14T12:16:00,1763102760000,NIFTY,hybrid,0.8928571428571429,0,20,180,2025-11-14T13:00:00,1763105400000,44,236.40308835678536
2025-11-14T12:16:00,1763102760000,NIFTY,hybrid,0.8928571428571429,0,20,180,2025-11-14T13:01:00,1763105460000,45,236.36059307876835
2025-11-14T12:16:00,1763102760000,NIFTY,hybrid,0.8928571428571429,0,20,180,2025-11-14T13:02:00,1763105520000,46,236.8261857566209
2025-11-14T12:16:00,1763102760000,NIFTY,hybrid,0.8928571428571429,0,20,180,2025-11-14T13:03:00,1763105580000,47,237.12356728839796
2025-11-14T12:16:00,1763102760000,NIFTY,hybrid,0.8928571428571429,0,20,180,2025-11-14T13:04:00,1763105640000,48,236.96223657568157
2025-11-14T12:16:00,1763102760000,NIFTY,hybrid,0.8928571428571429,0,20,180,2025-11-14T13:05:00,1763105700000,49,237.08093428879866
2025-11-14T12:16:00,1763102760000,NIFTY,hybrid,0.8928571428571429,0,20,180,2025-11-14T13:06:00,1763105760000,50,236.9366994199123
2025-11-14T12:16:00,1763102760000,NIFTY,hybrid,0.8928571428571429,0,20,180,2025-11-14T13:07:00,1763105820000,51,236.89630270998612
2025-11-14T12:16:00,1763102760000,NIFTY,hybrid,0.8928571428571429,0,20,180,2025-11-14T13:08:00,1763105880000,52,236.86861261257783
2025-11-14T12:16:00,1763102760000,NIFTY,hybrid,0.8928571428571429,0,20,180,2025-11-14T13:09:00,1763105940000,53,236.69198561023876
2025-11-14T12:16:00,1763102760000,NIFTY,hybrid,0.8928571428571429,0,20,180,2025-11-14T13:10:00,1763106000000,54,236.81625442943508
2025-11-14T12:16:00,1763102760000,NIFTY,hybrid,0.8928571428571429,0,20,180,2025-11-14T13:11:00,1763106060000,55,236.87137033630262
2025-11-14T12:16:00,1763102760000,NIFTY,hybrid,0.8928571428571429,0,20,180,2025-11-14T13:12:00,1763106120000,56,236.9593928910533
2025-11-14T12:16:00,1763102760000,NIFTY,hybrid,0.8928571428571429,0,20,180,2025-11-14T13:13:00,1763106180000,57,237.19032331470675
2025-11-14T12:16:00,1763102760000,NIFTY,hybrid,0.8928571428571429,0,20,180,2025-11-14T13:14:00,1763106240000,58,237.0229898807464
2025-11-14T12:16:00,1763102760000,NIFTY,hybrid,0.8928571428571429,0,20,180,2025-11-14T13:15:00,1763106300000,59,236.9152631421258
2025-11-14T12:16:00,1763102760000,NIFTY,hybrid,0.8928571428571429,0,20,180,2025-11-14T13:16:00,1763106360000,60,236.68885871984452
2025-11-14T12:49:30,1763104770000,NIFTY,hybrid,0.9,0,15,60,2025-11-14T12:50:30,1763104830000,1,233.95000000000002
2025-11-14T12:49:30,1763104770000,NIFTY,hybrid,0.9,0,15,60,2025-11-14T12:51:30,1763104890000,2,234.17214611072342
2025-11-14T12:49:30,1763104770000,NIFTY,hybrid,0.9,0,15,60,2025-11-14T12:52:30,1763104950000,3,234.18751445346993
2025-11-14T12:49:30,1763104770000,NIFTY,hybrid,0.9,0,15,60,2025-11-14T12:53:30,1763105010000,4,234.23667191284645
2025-11-14T12:49:30,1763104770000,NIFTY,hybrid,0.9,0,15,60,2025-11-14T12:54:30,1763105070000,5,234.0564278951325
2025-11-14T12:49:30,1763104770000,NIFTY,hybrid,0.9,0,15,60,2025-11-14T12:55:30,1763105130000,6,233.90895551700285
2025-11-14T12:49:30,1763104770000,NIFTY,hybrid,0.9,0,15,60,2025-11-14T12:56:30,1763105190000,7,233.53550058405787
2025-11-14T12:49:30,1763104770000,NIFTY,hybrid,0.9,0,15,60,2025-11-14T12:57:30,1763105250000,8,233.58123912115926
2025-11-14T12:49:30,1763104770000,NIFTY,hybrid,0.9,0,15,60,2025-11-14T12:58:30,1763105310000,9,233.8834121859
2025-11-14T12:49:30,1763104770000,NIFTY,hybrid,0.9,0,15,60,2025-11-14T12:59:30,1763105370000,10,233.91206844645345
2025-11-14T12:49:30,1763104770000,NIFTY,hybrid,0.9,0,15,60,2025-11-14T13:00:30,1763105430000,11,233.69593985970454
2025-11-14T12:49:30,1763104770000,NIFTY,hybrid,0.9,0,15,60,2025-11-14T13:01:30,1763105490000,12,233.74509731908105
2025-11-14T12:49:30,1763104770000,NIFTY,hybrid,0.9,0,15,60,2025-11-14T13:02:30,1763105550000,13,233.04695780681354
2025-11-14T12:49:30,1763104770000,NIFTY,hybrid,0.9,0,15,60,2025-11-14T13:03:30,1763105610000,14,233.78562993463157
2025-11-14T12:49:30,1763104770000,NIFTY,hybrid,0.9,0,15,60,2025-11-14T13:04:30,1763105670000,15,233.05517379585177
2025-11-14T12:49:30,1763104770000,NIFTY,hybrid,0.9,0,15,60,2025-11-14T13:05:30,1763105730000,16,233.38102669680157
2025-11-14T12:49:30,1763104770000,NIFTY,hybrid,0.9,0,15,60,2025-11-14T13:06:30,1763105790000,17,233.0269988637003
2025-11-14T12:49:30,1763104770000,NIFTY,hybrid,0.9,0,15,60,2025-11-14T13:07:30,1763105850000,18,233.25088686500297
2025-11-14T12:49:30,1763104770000,NIFTY,hybrid,0.9,0,15,60,2025-11-14T13:08:30,1763105910000,19,233.57484742908153
2025-11-14T12:49:30,1763104770000,NIFTY,hybrid,0.9,0,15,60,2025-11-14T13:09:30,1763105970000,20,233.7123256794967
2025-11-14T12:49:30,1763104770000,NIFTY,hybrid,0.9,0,15,60,2025-11-14T13:10:30,1763106030000,21,233.28423109383854
2025-11-14T12:49:30,1763104770000,NIFTY,hybrid,0.9,0,15,60,2025-11-14T13:11:30,1763106090000,22,233.5378233646154
2025-11-14T12:49:30,1763104770000,NIFTY,hybrid,0.9,0,15,60,2025-11-14T13:12:30,1763106150000,23,233.08131557915533
2025-11-14T12:49:30,1763104770000,NIFTY,hybrid,0.9,0,15,60,2025-11-14T13:13:30,1763106210000,24,233.49154328403276
2025-11-14T12:49:30,1763104770000,NIFTY,hybrid,0.9,0,15,60,2025-11-14T13:14:30,1763106270000,25,233.09849446532624
2025-11-14T12:49:30,1763104770000,NIFTY,hybrid,0.9,0,15,60,2025-11-14T13:15:30,1763106330000,26,233.08966452739386
2025-11-14T12:49:30,1763104770000,NIFTY,hybrid,0.9,0,15,60,2025-11-14T13:16:30,1763106390000,27,233.11044499483643
2025-11-14T12:49:30,1763104770000,NIFTY,hybrid,0.9,0,15,60,2025-11-14T13:17:30,1763106450000,28,233.26990854510785
2025-11-14T12:49:30,1763104770000,NIFTY,hybrid,0.9,0,15,60,2025-11-14T13:18:30,1763106510000,29,233.15600638859405
2025-11-14T12:49:30,1763104770000,NIFTY,hybrid,0.9,0,15,60,2025-11-14T13:19:30,1763106570000,30,233.5648533013671
2025-11-14T12:49:30,1763104770000,NIFTY,hybrid,0.9,0,15,60,2025-11-14T13:20:30,1763106630000,31,233.19858014997413
2025-11-14T12:49:30,1763104770000,NIFTY,hybrid,0.9,0,15,60,2025-11-14T13:21:30,1763106690000,32,232.88791650069626
2025-11-14T12:49:30,1763104770000,NIFTY,hybrid,0.9,0,15,60,2025-11-14T13:22:30,1763106750000,33,232.87527264951405
2025-11-14T12:49:30,1763104770000,NIFTY,hybrid,0.9,0,15,60,2025-11-14T13:23:30,1763106810000,34,233.5320816617827
2025-11-14T12:49:30,1763104770000,NIFTY,hybrid,0.9,0,15,60,2025-11-14T13:24:30,1763106870000,35,232.95564791432096
2025-11-14T12:49:30,1763104770000,NIFTY,hybrid,0.9,0,15,60,2025-11-14T13:25:30,1763106930000,36,232.96377960778938
2025-11-14T12:49:30,1763104770000,NIFTY,hybrid,0.9,0,15,60,2025-11-14T13:26:30,1763106990000,37,232.91320420306062
2025-11-14T12:49:30,1763104770000,NIFTY,hybrid,0.9,0,15,60,2025-11-14T13:27:30,1763107050000,38,233.57145129883068
2025-11-14T12:49:30,1763104770000,NIFTY,hybrid,0.9,0,15,60,2025-11-14T13:28:30,1763107110000,39,233.10279060713847
2025-11-14T12:49:30,1763104770000,NIFTY,hybrid,0.9,0,15,60,2025-11-14T13:29:30,1763107170000,40,233.1953507683038
2025-11-14T12:49:30,1763104770000,NIFTY,hybrid,0.9,0,15,60,2025-11-14T13:30:30,1763107230000,41,232.8246972447853
2025-11-14T12:49:30,1763104770000,NIFTY,hybrid,0.9,0,15,60,2025-11-14T13:31:30,1763107290000,42,232.4456134628648
2025-11-14T12:49:30,1763104770000,NIFTY,hybrid,0.9,0,15,60,2025-11-14T13:32:30,1763107350000,43,232.51040557568052
2025-11-14T12:49:30,1763104770000,NIFTY,hybrid,0.9,0,15,60,2025-11-14T13:33:30,1763107410000,44,232.78104526243905
2025-11-14T12:49:30,1763104770000,NIFTY,hybrid,0.9,0,15,60,2025-11-14T13:34:30,1763107470000,45,232.71453170933253
2025-11-14T12:49:30,1763104770000,NIFTY,hybrid,0.9,0,15,60,2025-11-14T13:35:30,1763107530000,46,232.59710792350594
2025-11-14T12:49:30,1763104770000,NIFTY,hybrid,0.9,0,15,60,2025-11-14T13:36:30,1763107590000,47,233.23667246278788
2025-11-14T12:49:30,1763104770000,NIFTY,hybrid,0.9,0,15,60,2025-11-14T13:37:30,1763107650000,48,232.68561488178125
2025-11-14T12:49:30,1763104770000,NIFTY,hybrid,0.9,0,15,60,2025-11-14T13:38:30,1763107710000,49,232.6350394770525
2025-11-14T12:49:30,1763104770000,NIFTY,hybrid,0.9,0,15,60,2025-11-14T13:39:30,1763107770000,50,232.66775784966154
2025-11-14T12:49:30,1763104770000,NIFTY,hybrid,0.9,0,15,60,2025-11-14T13:40:30,1763107830000,51,232.90056035187843
2025-11-14T12:49:30,1763104770000,NIFTY,hybrid,0.9,0,15,60,2025-11-14T13:41:30,1763107890000,52,232.53042262318058
2025-11-14T12:49:30,1763104770000,NIFTY,hybrid,0.9,0,15,60,2025-11-14T13:42:30,1763107950000,53,232.64924581742846
2025-11-14T12:49:30,1763104770000,NIFTY,hybrid,0.9,0,15,60,2025-11-14T13:43:30,1763108010000,54,232.70437842410166
2025-11-14T12:49:30,1763104770000,NIFTY,hybrid,0.9,0,15,60,2025-11-14T13:44:30,1763108070000,55,232.71279067217372
2025-11-14T12:49:30,1763104770000,NIFTY,hybrid,0.9,0,15,60,2025-11-14T13:45:30,1763108130000,56,232.8171574361842
2025-11-14T12:49:30,1763104770000,NIFTY,hybrid,0.9,0,15,60,2025-11-14T13:46:30,1763108190000,57,232.79471977113462
2025-11-14T12:49:30,1763104770000,NIFTY,hybrid,0.9,0,15,60,2025-11-14T13:47:30,1763108250000,58,232.71090258414563
2025-11-14T12:49:30,1763104770000,NIFTY,hybrid,0.9,0,15,60,2025-11-14T13:48:30,1763108310000,59,232.67297103059906
2025-11-14T12:49:30,1763104770000,NIFTY,hybrid,0.9,0,15,60,2025-11-14T13:49:30,1763108370000,60,232.81205339360312
2025-11-14T12:49:30,1763104770000,NIFTY,hybrid,0.9,,15,60,2025-11-14T12:50:30,1763104830000,1,233.95000000000002
2025-11-14T12:49:30,1763104770000,NIFTY,hybrid,0.9,,15,60,2025-11-14T12:51:30,1763104890000,2,234.17214611072342
2025-11-14T12:49:30,1763104770000,NIFTY,hybrid,0.9,,15,60,2025-11-14T12:52:30,1763104950000,3,234.18751445346993
2025-11-14T12:49:30,1763104770000,NIFTY,hybrid,0.9,,15,60,2025-11-14T12:53:30,1763105010000,4,234.23667191284645
2025-11-14T12:49:30,1763104770000,NIFTY,hybrid,0.9,,15,60,2025-11-14T12:54:30,1763105070000,5,234.0564278951325
2025-11-14T12:49:30,1763104770000,NIFTY,hybrid,0.9,,15,60,2025-11-14T12:55:30,1763105130000,6,233.90895551700285
2025-11-14T12:49:30,1763104770000,NIFTY,hybrid,0.9,,15,60,2025-11-14T12:56:30,1763105190000,7,233.53550058405787
2025-11-14T12:49:30,1763104770000,NIFTY,hybrid,0.9,,15,60,2025-11-14T12:57:30,1763105250000,8,233.58123912115926
2025-11-14T12:49:30,1763104770000,NIFTY,hybrid,0.9,,15,60,2025-11-14T12:58:30,1763105310000,9,233.8834121859
2025-11-14T12:49:30,1763104770000,NIFTY,hybrid,0.9,,15,60,2025-11-14T12:59:30,1763105370000,10,233.91206844645345
2025-11-14T12:49:30,1763104770000,NIFTY,hybrid,0.9,,15,60,2025-11-14T13:00:30,1763105430000,11,233.69593985970454
2025-11-14T12:49:30,1763104770000,NIFTY,hybrid,0.9,,15,60,2025-11-14T13:01:30,1763105490000,12,233.74509731908105
2025-11-14T12:49:30,1763104770000,NIFTY,hybrid,0.9,,15,60,2025-11-14T13:02:30,1763105550000,13,233.04695780681354
2025-11-14T12:49:30,1763104770000,NIFTY,hybrid,0.9,,15,60,2025-11-14T13:03:30,1763105610000,14,233.78562993463157
2025-11-14T12:49:30,1763104770000,NIFTY,hybrid,0.9,,15,60,2025-11-14T13:04:30,1763105670000,15,233.05517379585177
2025-11-14T12:49:30,1763104770000,NIFTY,hybrid,0.9,,15,60,2025-11-14T13:05:30,1763105730000,16,233.38102669680157
2025-11-14T12:49:30,1763104770000,NIFTY,hybrid,0.9,,15,60,2025-11-14T13:06:30,1763105790000,17,233.0269988637003
2025-11-14T12:49:30,1763104770000,NIFTY,hybrid,0.9,,15,60,2025-11-14T13:07:30,1763105850000,18,233.25088686500297
2025-11-14T12:49:30,1763104770000,NIFTY,hybrid,0.9,,15,60,2025-11-14T13:08:30,1763105910000,19,233.57484742908153
2025-11-14T12:49:30,1763104770000,NIFTY,hybrid,0.9,,15,60,2025-11-14T13:09:30,1763105970000,20,233.7123256794967
2025-11-14T12:49:30,1763104770000,NIFTY,hybrid,0.9,,15,60,2025-11-14T13:10:30,1763106030000,21,233.28423109383854
2025-11-14T12:49:30,1763104770000,NIFTY,hybrid,0.9,,15,60,2025-11-14T13:11:30,1763106090000,22,233.5378233646154
2025-11-14T12:49:30,1763104770000,NIFTY,hybrid,0.9,,15,60,2025-11-14T13:12:30,1763106150000,23,233.08131557915533
2025-11-14T12:49:30,1763104770000,NIFTY,hybrid,0.9,,15,60,2025-11-14T13:13:30,1763106210000,24,233.49154328403276
2025-11-14T12:49:30,1763104770000,NIFTY,hybrid,0.9,,15,60,2025-11-14T13:14:30,1763106270000,25,233.09849446532624
2025-11-14T12:49:30,1763104770000,NIFTY,hybrid,0.9,,15,60,2025-11-14T13:15:30,1763106330000,26,233.08966452739386
2025-11-14T12:49:30,1763104770000,NIFTY,hybrid,0.9,,15,60,2025-11-14T13:16:30,1763106390000,27,233.11044499483643
2025-11-14T12:49:30,1763104770000,NIFTY,hybrid,0.9,,15,60,2025-11-14T13:17:30,1763106450000,28,233.26990854510785
2025-11-14T12:49:30,1763104770000,NIFTY,hybrid,0.9,,15,60,2025-11-14T13:18:30,1763106510000,29,233.15600638859405
2025-11-14T12:49:30,1763104770000,NIFTY,hybrid,0.9,,15,60,2025-11-14T13:19:30,1763106570000,30,233.5648533013671
2025-11-14T12:49:30,1763104770000,NIFTY,hybrid,0.9,,15,60,2025-11-14T13:20:30,1763106630000,31,233.19858014997413
2025-11-14T12:49:30,1763104770000,NIFTY,hybrid,0.9,,15,60,2025-11-14T13:21:30,1763106690000,32,232.88791650069626
2025-11-14T12:49:30,1763104770000,NIFTY,hybrid,0.9,,15,60,2025-11-14T13:22:30,1763106750000,33,232.87527264951405
2025-11-14T12:49:30,1763104770000,NIFTY,hybrid,0.9,,15,60,2025-11-14T13:23:30,1763106810000,34,233.5320816617827
2025-11-14T12:49:30,1763104770000,NIFTY,hybrid,0.9,,15,60,2025-11-14T13:24:30,1763106870000,35,232.95564791432096
2025-11-14T12:49:30,1763104770000,NIFTY,hybrid,0.9,,15,60,2025-11-14T13:25:30,1763106930000,36,232.96377960778938
2025-11-14T12:49:30,1763104770000,NIFTY,hybrid,0.9,,15,60,2025-11-14T13:26:30,1763106990000,37,232.91320420306062
2025-11-14T12:49:30,1763104770000,NIFTY,hybrid,0.9,,15,60,2025-11-14T13:27:30,1763107050000,38,233.57145129883068
2025-11-14T12:49:30,1763104770000,NIFTY,hybrid,0.9,,15,60,2025-11-14T13:28:30,1763107110000,39,233.10279060713847
2025-11-14T12:49:30,1763104770000,NIFTY,hybrid,0.9,,15,60,2025-11-14T13:29:30,1763107170000,40,233.1953507683038
2025-11-14T12:49:30,1763104770000,NIFTY,hybrid,0.9,,15,60,2025-11-14T13:30:30,1763107230000,41,232.8246972447853
2025-11-14T12:49:30,1763104770000,NIFTY,hybrid,0.9,,15,60,2025-11-14T13:31:30,1763107290000,42,232.4456134628648
2025-11-14T12:49:30,1763104770000,NIFTY,hybrid,0.9,,15,60,2025-11-14T13:32:30,1763107350000,43,232.51040557568052
2025-11-14T12:49:30,1763104770000,NIFTY,hybrid,0.9,,15,60,2025-11-14T13:33:30,1763107410000,44,232.78104526243905
2025-11-14T12:49:30,1763104770000,NIFTY,hybrid,0.9,,15,60,2025-11-14T13:34:30,1763107470000,45,232.71453170933253
2025-11-14T12:49:30,1763104770000,NIFTY,hybrid,0.9,,15,60,2025-11-14T13:35:30,1763107530000,46,232.59710792350594
2025-11-14T12:49:30,1763104770000,NIFTY,hybrid,0.9,,15,60,2025-11-14T13:36:30,1763107590000,47,233.23667246278788
2025-11-14T12:49:30,1763104770000,NIFTY,hybrid,0.9,,15,60,2025-11-14T13:37:30,1763107650000,48,232.68561488178125
2025-11-14T12:49:30,1763104770000,NIFTY,hybrid,0.9,,15,60,2025-11-14T13:38:30,1763107710000,49,232.6350394770525
2025-11-14T12:49:30,1763104770000,NIFTY,hybrid,0.9,,15,60,2025-11-14T13:39:30,1763107770000,50,232.66775784966154
2025-11-14T12:49:30,1763104770000,NIFTY,hybrid,0.9,,15,60,2025-11-14T13:40:30,1763107830000,51,232.90056035187843
2025-11-14T12:49:30,1763104770000,NIFTY,hybrid,0.9,,15,60,2025-11-14T13:41:30,1763107890000,52,232.53042262318058
2025-11-14T12:49:30,1763104770000,NIFTY,hybrid,0.9,,15,60,2025-11-14T13:42:30,1763107950000,53,232.64924581742846
2025-11-14T12:49:30,1763104770000,NIFTY,hybrid,0.9,,15,60,2025-11-14T13:43:30,1763108010000,54,232.70437842410166
2025-11-14T12:49:30,1763104770000,NIFTY,hybrid,0.9,,15,60,2025-11-14T13:44:30,1763108070000,55,232.71279067217372
2025-11-14T12:49:30,1763104770000,NIFTY,hybrid,0.9,,15,60,2025-11-14T13:45:30,1763108130000,56,232.8171574361842
2025-11-14T12:49:30,1763104770000,NIFTY,hybrid,0.9,,15,60,2025-11-14T13:46:30,1763108190000,57,232.79471977113462
2025-11-14T12:49:30,1763104770000,NIFTY,hybrid,0.9,,15,60,2025-11-14T13:47:30,1763108250000,58,232.71090258414563
2025-11-14T12:49:30,1763104770000,NIFTY,hybrid,0.9,,15,60,2025-11-14T13:48:30,1763108310000,59,232.67297103059906
2025-11-14T12:49:30,1763104770000,NIFTY,hybrid,0.9,,15,60,2025-11-14T13:49:30,1763108370000,60,232.81205339360312
2025-11-14T12:50:00,1763104800000,NIFTY,hybrid,0.9,0,15,60,2025-11-14T12:51:00,1763104860000,1,234.45
2025-11-14T12:50:00,1763104800000,NIFTY,hybrid,0.9,0,15,60,2025-11-14T12:52:00,1763104920000,2,234.67407706800498
2025-11-14T12:50:00,1763104800000,NIFTY,hybrid,0.9,0,15,60,2025-11-14T12:53:00,1763104980000,3,234.6895789967649
2025-11-14T12:50:00,1763104800000,NIFTY,hybrid,0.9,0,15,60,2025-11-14T12:54:00,1763105040000,4,234.73916374678282
2025-11-14T12:50:00,1763104800000,NIFTY,hybrid,0.9,0,15,60,2025-11-14T12:55:00,1763105100000,5,234.55735299671719
2025-11-14T12:50:00,1763104800000,NIFTY,hybrid,0.9,0,15,60,2025-11-14T12:56:00,1763105160000,6,234.40859874666347
2025-11-14T12:50:00,1763104800000,NIFTY,hybrid,0.9,0,15,60,2025-11-14T12:57:00,1763105220000,7,234.0318976370478
2025-11-14T12:50:00,1763104800000,NIFTY,hybrid,0.9,0,15,60,2025-11-14T12:58:00,1763105280000,8,234.07803374654412
2025-11-14T12:50:00,1763104800000,NIFTY,hybrid,0.9,0,15,60,2025-11-14T12:59:00,1763105340000,9,234.3828333856496
2025-11-14T12:50:00,1763104800000,NIFTY,hybrid,0.9,0,15,60,2025-11-14T13:00:00,1763105400000,10,234.41173873458368
2025-11-14T12:50:00,1763104800000,NIFTY,hybrid,0.9,0,15,60,2025-11-14T13:01:00,1763105460000,11,234.19373149658588
2025-11-14T12:50:00,1763104800000,NIFTY,hybrid,0.9,0,15,60,2025-11-14T13:02:00,1763105520000,12,234.2433162466038
2025-11-14T12:50:00,1763104800000,NIFTY,hybrid,0.9,0,15,60,2025-11-14T13:03:00,1763105580000,13,233.53910830680275
2025-11-14T12:50:00,1763104800000,NIFTY,hybrid,0.9,0,15,60,2025-11-14T13:04:00,1763105640000,14,234.284201183196
2025-11-14T12:50:00,1763104800000,NIFTY,hybrid,0.9,0,15,60,2025-11-14T13:05:00,1763105700000,15,233.54739571155838
2025-11-14T12:50:00,1763104800000,NIFTY,hybrid,0.9,0,15,60,2025-11-14T13:06:00,1763105760000,16,233.8760810187554
2025-11-14T12:50:00,1763104800000,NIFTY,hybrid,0.9,0,15,60,2025-11-14T13:07:00,1763105820000,17,233.5189758748699
2025-11-14T12:50:00,1763104800000,NIFTY,hybrid,0.9,0,15,60,2025-11-14T13:08:00,1763105880000,18,233.7448099744633
2025-11-14T12:50:00,1763104800000,NIFTY,hybrid,0.9,0,15,60,2025-11-14T13:09:00,1763105940000,19,234.07158649605793
2025-11-14T12:50:00,1763104800000,NIFTY,hybrid,0.9,0,15,60,2025-11-14T13:10:00,1763106000000,20,234.21025974659184
2025-11-14T12:50:00,1763104800000,NIFTY,hybrid,0.9,0,15,60,2025-11-14T13:11:00,1763106060000,21,233.77844404083535
2025-11-14T12:50:00,1763104800000,NIFTY,hybrid,0.9,0,15,60,2025-11-14T13:12:00,1763106120000,22,234.0342406078757
2025-11-14T12:50:00,1763104800000,NIFTY,hybrid,0.9,0,15,60,2025-11-14T13:13:00,1763106180000,23,233.57376472668994
2025-11-14T12:50:00,1763104800000,NIFTY,hybrid,0.9,0,15,60,2025-11-14T13:14:00,1763106240000,24,233.98755824764788
2025-11-14T12:50:00,1763104800000,NIFTY,hybrid,0.9,0,15,60,2025-11-14T13:15:00,1763106300000,25,233.59109293663354
2025-11-14T12:50:00,1763104800000,NIFTY,hybrid,0.9,0,15,60,2025-11-14T13:16:00,1763106360000,26,233.5821862463651
2025-11-14T12:50:00,1763104800000,NIFTY,hybrid,0.9,0,15,60,2025-11-14T13:17:00,1763106420000,27,233.60314734355083
2025-11-14T12:50:00,1763104800000,NIFTY,hybrid,0.9,0,15,60,2025-11-14T13:18:00,1763106480000,28,233.76399699643073
2025-11-14T12:50:00,1763104800000,NIFTY,hybrid,0.9,0,15,60,2025-11-14T13:19:00,1763106540000,29,233.64910476992296
2025-11-14T12:50:00,1763104800000,NIFTY,hybrid,0.9,0,15,60,2025-11-14T13:20:00,1763106600000,30,234.06150549653816
2025-11-14T12:50:00,1763104800000,NIFTY,hybrid,0.9,0,15,60,2025-11-14T13:21:00,1763106660000,31,233.6920485945658
2025-11-14T12:50:00,1763104800000,NIFTY,hybrid,0.9,0,15,60,2025-11-14T13:22:00,1763106720000,32,233.37868456834346
2025-11-14T12:50:00,1763104800000,NIFTY,hybrid,0.9,0,15,60,2025-11-14T13:23:00,1763106780000,33,233.3659308132047
2025-11-14T12:50:00,1763104800000,NIFTY,hybrid,0.9,0,15,60,2025-11-14T13:24:00,1763106840000,34,234.0284489965262
2025-11-14T12:50:00,1763104800000,NIFTY,hybrid,0.9,0,15,60,2025-11-14T13:25:00,1763106900000,35,233.4470047227114
2025-11-14T12:50:00,1763104800000,NIFTY,hybrid,0.9,0,15,60,2025-11-14T13:26:00,1763106960000,36,233.45520709917605
2025-11-14T12:50:00,1763104800000,NIFTY,hybrid,0.9,0,15,60,2025-11-14T13:27:00,1763107020000,37,233.40419207862098
2025-11-14T12:50:00,1763104800000,NIFTY,hybrid,0.9,0,15,60,2025-11-14T13:28:00,1763107080000,38,234.0681608456754
2025-11-14T12:50:00,1763104800000,NIFTY,hybrid,0.9,0,15,60,2025-11-14T13:29:00,1763107140000,39,233.59542642173435
2025-11-14T12:50:00,1763104800000,NIFTY,hybrid,0.9,0,15,60,2025-11-14T13:30:00,1763107200000,40,233.68879114218993
2025-11-14T12:50:00,1763104800000,NIFTY,hybrid,0.9,0,15,60,2025-11-14T13:31:00,1763107260000,41,233.31491579264963
2025-11-14T12:50:00,1763104800000,NIFTY,hybrid,0.9,0,15,60,2025-11-14T13:32:00,1763107320000,42,232.93253690649954
2025-11-14T12:50:00,1763104800000,NIFTY,hybrid,0.9,0,15,60,2025-11-14T13:33:00,1763107380000,43,232.99789221081846
2025-11-14T12:50:00,1763104800000,NIFTY,hybrid,0.9,0,15,60,2025-11-14T13:34:00,1763107440000,44,233.27088437483678
2025-11-14T12:50:00,1763104800000,NIFTY,hybrid,0.9,0,15,60,2025-11-14T13:35:00,1763107500000,45,233.20379266697762
2025-11-14T12:50:00,1763104800000,NIFTY,hybrid,0.9,0,15,60,2025-11-14T13:36:00,1763107560000,46,233.0853482001518
2025-11-14T12:50:00,1763104800000,NIFTY,hybrid,0.9,0,15,60,2025-11-14T13:37:00,1763107620000,47,233.73047201661464
2025-11-14T12:50:00,1763104800000,NIFTY,hybrid,0.9,0,15,60,2025-11-14T13:38:00,1763107680000,48,233.17462448612315
2025-11-14T12:50:00,1763104800000,NIFTY,hybrid,0.9,0,15,60,2025-11-14T13:39:00,1763107740000,49,233.12360946556808
2025-11-14T12:50:00,1763104800000,NIFTY,hybrid,0.9,0,15,60,2025-11-14T13:40:00,1763107800000,50,233.15661223559297
2025-11-14T12:50:00,1763104800000,NIFTY,hybrid,0.9,0,15,60,2025-11-14T13:41:00,1763107860000,51,233.39143832348222
2025-11-14T12:50:00,1763104800000,NIFTY,hybrid,0.9,0,15,60,2025-11-14T13:42:00,1763107920000,52,233.01808325219807
2025-11-14T12:50:00,1763104800000,NIFTY,hybrid,0.9,0,15,60,2025-11-14T13:43:00,1763107980000,53,233.13793929150185
2025-11-14T12:50:00,1763104800000,NIFTY,hybrid,0.9,0,15,60,2025-11-14T13:44:00,1763108040000,54,233.19355112649896
2025-11-14T12:50:00,1763104800000,NIFTY,hybrid,0.9,0,15,60,2025-11-14T13:45:00,1763108100000,55,233.20203649622783
2025-11-14T12:50:00,1763104800000,NIFTY,hybrid,0.9,0,15,60,2025-11-14T13:46:00,1763108160000,56,233.30731044588413
2025-11-14T12:50:00,1763104800000,NIFTY,hybrid,0.9,0,15,60,2025-11-14T13:47:00,1763108220000,57,233.28467774625767
2025-11-14T12:50:00,1763104800000,NIFTY,hybrid,0.9,0,15,60,2025-11-14T13:48:00,1763108280000,58,233.2001319964007
2025-11-14T12:50:00,1763104800000,NIFTY,hybrid,0.9,0,15,60,2025-11-14T13:49:00,1763108340000,59,233.1618707309844
2025-11-14T12:50:00,1763104800000,NIFTY,hybrid,0.9,0,15,60,2025-11-14T13:50:00,1763108400000,60,233.30216203751084
2025-11-14T12:50:00,1763104800000,NIFTY,hybrid,0.9,,15,60,2025-11-14T12:51:00,1763104860000,1,234.45
2025-11-14T12:50:00,1763104800000,NIFTY,hybrid,0.9,,15,60,2025-11-14T12:52:00,1763104920000,2,234.67407706800498
2025-11-14T12:50:00,1763104800000,NIFTY,hybrid,0.9,,15,60,2025-11-14T12:53:00,1763104980000,3,234.6895789967649
2025-11-14T12:50:00,1763104800000,NIFTY,hybrid,0.9,,15,60,2025-11-14T12:54:00,1763105040000,4,234.73916374678282
2025-11-14T12:50:00,1763104800000,NIFTY,hybrid,0.9,,15,60,2025-11-14T12:55:00,1763105100000,5,234.55735299671719
2025-11-14T12:50:00,1763104800000,NIFTY,hybrid,0.9,,15,60,2025-11-14T12:56:00,1763105160000,6,234.40859874666347
2025-11-14T12:50:00,1763104800000,NIFTY,hybrid,0.9,,15,60,2025-11-14T12:57:00,1763105220000,7,234.0318976370478
2025-11-14T12:50:00,1763104800000,NIFTY,hybrid,0.9,,15,60,2025-11-14T12:58:00,1763105280000,8,234.07803374654412
2025-11-14T12:50:00,1763104800000,NIFTY,hybrid,0.9,,15,60,2025-11-14T12:59:00,1763105340000,9,234.3828333856496
2025-11-14T12:50:00,1763104800000,NIFTY,hybrid,0.9,,15,60,2025-11-14T13:00:00,1763105400000,10,234.41173873458368
2025-11-14T12:50:00,1763104800000,NIFTY,hybrid,0.9,,15,60,2025-11-14T13:01:00,1763105460000,11,234.19373149658588
2025-11-14T12:50:00,1763104800000,NIFTY,hybrid,0.9,,15,60,2025-11-14T13:02:00,1763105520000,12,234.2433162466038
2025-11-14T12:50:00,1763104800000,NIFTY,hybrid,0.9,,15,60,2025-11-14T13:03:00,1763105580000,13,233.53910830680275
2025-11-14T12:50:00,1763104800000,NIFTY,hybrid,0.9,,15,60,2025-11-14T13:04:00,1763105640000,14,234.284201183196
2025-11-14T12:50:00,1763104800000,NIFTY,hybrid,0.9,,15,60,2025-11-14T13:05:00,1763105700000,15,233.54739571155838
2025-11-14T12:50:00,1763104800000,NIFTY,hybrid,0.9,,15,60,2025-11-14T13:06:00,1763105760000,16,233.8760810187554
2025-11-14T12:50:00,1763104800000,NIFTY,hybrid,0.9,,15,60,2025-11-14T13:07:00,1763105820000,17,233.5189758748699
2025-11-14T12:50:00,1763104800000,NIFTY,hybrid,0.9,,15,60,2025-11-14T13:08:00,1763105880000,18,233.7448099744633
2025-11-14T12:50:00,1763104800000,NIFTY,hybrid,0.9,,15,60,2025-11-14T13:09:00,1763105940000,19,234.07158649605793
2025-11-14T12:50:00,1763104800000,NIFTY,hybrid,0.9,,15,60,2025-11-14T13:10:00,1763106000000,20,234.21025974659184
2025-11-14T12:50:00,1763104800000,NIFTY,hybrid,0.9,,15,60,2025-11-14T13:11:00,1763106060000,21,233.77844404083535
2025-11-14T12:50:00,1763104800000,NIFTY,hybrid,0.9,,15,60,2025-11-14T13:12:00,1763106120000,22,234.0342406078757
2025-11-14T12:50:00,1763104800000,NIFTY,hybrid,0.9,,15,60,2025-11-14T13:13:00,1763106180000,23,233.57376472668994
2025-11-14T12:50:00,1763104800000,NIFTY,hybrid,0.9,,15,60,2025-11-14T13:14:00,1763106240000,24,233.98755824764788
2025-11-14T12:50:00,1763104800000,NIFTY,hybrid,0.9,,15,60,2025-11-14T13:15:00,1763106300000,25,233.59109293663354
2025-11-14T12:50:00,1763104800000,NIFTY,hybrid,0.9,,15,60,2025-11-14T13:16:00,1763106360000,26,233.5821862463651
2025-11-14T12:50:00,1763104800000,NIFTY,hybrid,0.9,,15,60,2025-11-14T13:17:00,1763106420000,27,233.60314734355083
2025-11-14T12:50:00,1763104800000,NIFTY,hybrid,0.9,,15,60,2025-11-14T13:18:00,1763106480000,28,233.76399699643073
2025-11-14T12:50:00,1763104800000,NIFTY,hybrid,0.9,,15,60,2025-11-14T13:19:00,1763106540000,29,233.64910476992296
2025-11-14T12:50:00,1763104800000,NIFTY,hybrid,0.9,,15,60,2025-11-14T13:20:00,1763106600000,30,234.06150549653816
2025-11-14T12:50:00,1763104800000,NIFTY,hybrid,0.9,,15,60,2025-11-14T13:21:00,1763106660000,31,233.6920485945658
2025-11-14T12:50:00,1763104800000,NIFTY,hybrid,0.9,,15,60,2025-11-14T13:22:00,1763106720000,32,233.37868456834346
2025-11-14T12:50:00,1763104800000,NIFTY,hybrid,0.9,,15,60,2025-11-14T13:23:00,1763106780000,33,233.3659308132047
2025-11-14T12:50:00,1763104800000,NIFTY,hybrid,0.9,,15,60,2025-11-14T13:24:00,1763106840000,34,234.0284489965262
2025-11-14T12:50:00,1763104800000,NIFTY,hybrid,0.9,,15,60,2025-11-14T13:25:00,1763106900000,35,233.4470047227114
2025-11-14T12:50:00,1763104800000,NIFTY,hybrid,0.9,,15,60,2025-11-14T13:26:00,1763106960000,36,233.45520709917605
2025-11-14T12:50:00,1763104800000,NIFTY,hybrid,0.9,,15,60,2025-11-14T13:27:00,1763107020000,37,233.40419207862098
2025-11-14T12:50:00,1763104800000,NIFTY,hybrid,0.9,,15,60,2025-11-14T13:28:00,1763107080000,38,234.0681608456754
2025-11-14T12:50:00,1763104800000,NIFTY,hybrid,0.9,,15,60,2025-11-14T13:29:00,1763107140000,39,233.59542642173435
2025-11-14T12:50:00,1763104800000,NIFTY,hybrid,0.9,,15,60,2025-11-14T13:30:00,1763107200000,40,233.68879114218993
2025-11-14T12:50:00,1763104800000,NIFTY,hybrid,0.9,,15,60,2025-11-14T13:31:00,1763107260000,41,233.31491579264963
2025-11-14T12:50:00,1763104800000,NIFTY,hybrid,0.9,,15,60,2025-11-14T13:32:00,1763107320000,42,232.93253690649954
2025-11-14T12:50:00,1763104800000,NIFTY,hybrid,0.9,,15,60,2025-11-14T13:33:00,1763107380000,43,232.99789221081846
2025-11-14T12:50:00,1763104800000,NIFTY,hybrid,0.9,,15,60,2025-11-14T13:34:00,1763107440000,44,233.27088437483678
2025-11-14T12:50:00,1763104800000,NIFTY,hybrid,0.9,,15,60,2025-11-14T13:35:00,1763107500000,45,233.20379266697762
2025-11-14T12:50:00,1763104800000,NIFTY,hybrid,0.9,,15,60,2025-11-14T13:36:00,1763107560000,46,233.0853482001518
2025-11-14T12:50:00,1763104800000,NIFTY,hybrid,0.9,,15,60,2025-11-14T13:37:00,1763107620000,47,233.73047201661464
2025-11-14T12:50:00,1763104800000,NIFTY,hybrid,0.9,,15,60,2025-11-14T13:38:00,1763107680000,48,233.17462448612315
2025-11-14T12:50:00,1763104800000,NIFTY,hybrid,0.9,,15,60,2025-11-14T13:39:00,1763107740000,49,233.12360946556808
2025-11-14T12:50:00,1763104800000,NIFTY,hybrid,0.9,,15,60,2025-11-14T13:40:00,1763107800000,50,233.15661223559297
2025-11-14T12:50:00,1763104800000,NIFTY,hybrid,0.9,,15,60,2025-11-14T13:41:00,1763107860000,51,233.39143832348222
2025-11-14T12:50:00,1763104800000,NIFTY,hybrid,0.9,,15,60,2025-11-14T13:42:00,1763107920000,52,233.01808325219807
2025-11-14T12:50:00,1763104800000,NIFTY,hybrid,0.9,,15,60,2025-11-14T13:43:00,1763107980000,53,233.13793929150185
2025-11-14T12:50:00,1763104800000,NIFTY,hybrid,0.9,,15,60,2025-11-14T13:44:00,1763108040000,54,233.19355112649896
2025-11-14T12:50:00,1763104800000,NIFTY,hybrid,0.9,,15,60,2025-11-14T13:45:00,1763108100000,55,233.20203649622783
2025-11-14T12:50:00,1763104800000,NIFTY,hybrid,0.9,,15,60,2025-11-14T13:46:00,1763108160000,56,233.30731044588413
2025-11-14T12:50:00,1763104800000,NIFTY,hybrid,0.9,,15,60,2025-11-14T13:47:00,1763108220000,57,233.28467774625767
2025-11-14T12:50:00,1763104800000,NIFTY,hybrid,0.9,,15,60,2025-11-14T13:48:00,1763108280000,58,233.2001319964007
2025-11-14T12:50:00,1763104800000,NIFTY,hybrid,0.9,,15,60,2025-11-14T13:49:00,1763108340000,59,233.1618707309844
2025-11-14T12:50:00,1763104800000,NIFTY,hybrid,0.9,,15,60,2025-11-14T13:50:00,1763108400000,60,233.30216203751084
2025-11-14T12:50:00,1763104800000,NIFTY,hybrid,0.9,0,15,60,2025-11-14T12:51:00,1763104860000,1,234.9
2025-11-14T12:50:00,1763104800000,NIFTY,hybrid,0.9,0,15,60,2025-11-14T12:52:00,1763104920000,2,235.13003674044305
2025-11-14T12:50:00,1763104800000,NIFTY,hybrid,0.9,0,15,60,2025-11-14T12:53:00,1763104980000,3,235.14595096671468
2025-11-14T12:50:00,1763104800000,NIFTY,hybrid,0.9,0,15,60,2025-11-14T12:54:00,1763105040000,4,235.1968544990188
2025-11-14T12:50:00,1763104800000,NIFTY,hybrid,0.9,0,15,60,2025-11-14T12:55:00,1763105100000,5,235.01020821390372
2025-11-14T12:50:00,1763104800000,NIFTY,hybrid,0.9,0,15,60,2025-11-14T12:56:00,1763105160000,6,234.85749761699142
2025-11-14T12:50:00,1763104800000,NIFTY,hybrid,0.9,0,15,60,2025-11-14T12:57:00,1763105220000,7,234.47077756505226
2025-11-14T12:50:00,1763104800000,NIFTY,hybrid,0.9,0,15,60,2025-11-14T12:58:00,1763105280000,8,234.51814073496405
2025-11-14T12:50:00,1763104800000,NIFTY,hybrid,0.9,0,15,60,2025-11-14T12:59:00,1763105340000,9,234.8310469867831
2025-11-14T12:50:00,1763104800000,NIFTY,hybrid,0.9,0,15,60,2025-11-14T13:00:00,1763105400000,10,234.86072111769423
2025-11-14T12:50:00,1763104800000,NIFTY,hybrid,0.9,0,15,60,2025-11-14T13:01:00,1763105460000,11,234.63691564367363
2025-11-14T12:50:00,1763104800000,NIFTY,hybrid,0.9,0,15,60,2025-11-14T13:02:00,1763105520000,12,234.68781917597775
2025-11-14T12:50:00,1763104800000,NIFTY,hybrid,0.9,0,15,60,2025-11-14T13:03:00,1763105580000,13,233.96488174865328
2025-11-14T12:50:00,1763104800000,NIFTY,hybrid,0.9,0,15,60,2025-11-14T13:04:00,1763105640000,14,234.72979151000828
2025-11-14T12:50:00,1763104800000,NIFTY,hybrid,0.9,0,15,60,2025-11-14T13:05:00,1763105700000,15,233.97338956961724
2025-11-14T12:50:00,1763104800000,NIFTY,hybrid,0.9,0,15,60,2025-11-14T13:06:00,1763105760000,16,234.31081676541328
2025-11-14T12:50:00,1763104800000,NIFTY,hybrid,0.9,0,15,60,2025-11-14T13:07:00,1763105820000,17,233.94421386389266
2025-11-14T12:50:00,1763104800000,NIFTY,hybrid,0.9,0,15,60,2025-11-14T13:08:00,1763105880000,18,234.17605436686728
2025-11-14T12:50:00,1763104800000,NIFTY,hybrid,0.9,0,15,60,2025-11-14T13:09:00,1763105940000,19,234.51152200998757
2025-11-14T12:50:00,1763104800000,NIFTY,hybrid,0.9,0,15,60,2025-11-14T13:10:00,1763106000000,20,234.653883487775
2025-11-14T12:50:00,1763104800000,NIFTY,hybrid,0.9,0,15,60,2025-11-14T13:11:00,1763106060000,21,234.21058298269108
2025-11-14T12:50:00,1763104800000,NIFTY,hybrid,0.9,0,15,60,2025-11-14T13:12:00,1763106120000,22,234.4731828507738
2025-11-14T12:50:00,1763104800000,NIFTY,hybrid,0.9,0,15,60,2025-11-14T13:13:00,1763106180000,23,234.00045990904806
2025-11-14T12:50:00,1763104800000,NIFTY,hybrid,0.9,0,15,60,2025-11-14T13:14:00,1763106240000,24,234.42525890175662
2025-11-14T12:50:00,1763104800000,NIFTY,hybrid,0.9,0,15,60,2025-11-14T13:15:00,1763106300000,25,234.01824898924545
2025-11-14T12:50:00,1763104800000,NIFTY,hybrid,0.9,0,15,60,2025-11-14T13:16:00,1763106360000,26,234.009105411923
2025-11-14T12:50:00,1763104800000,NIFTY,hybrid,0.9,0,15,60,2025-11-14T13:17:00,1763106420000,27,234.03062400155667
2025-11-14T12:50:00,1763104800000,NIFTY,hybrid,0.9,0,15,60,2025-11-14T13:18:00,1763106480000,28,234.19575169703808
2025-11-14T12:50:00,1763104800000,NIFTY,hybrid,0.9,0,15,60,2025-11-14T13:19:00,1763106540000,29,234.07780373599323
2025-11-14T12:50:00,1763104800000,NIFTY,hybrid,0.9,0,15,60,2025-11-14T13:20:00,1763106600000,30,234.50117289086268
2025-11-14T12:50:00,1763104800000,NIFTY,hybrid,0.9,0,15,60,2025-11-14T13:21:00,1763106660000,31,234.121889717352
2025-11-14T12:50:00,1763104800000,NIFTY,hybrid,0.9,0,15,60,2025-11-14T13:22:00,1763106720000,32,233.8001912954381
2025-11-14T12:50:00,1763104800000,NIFTY,hybrid,0.9,0,15,60,2025-11-14T13:23:00,1763106780000,33,233.78709833466954
2025-11-14T12:50:00,1763104800000,NIFTY,hybrid,0.9,0,15,60,2025-11-14T13:24:00,1763106840000,34,234.46723720265996
2025-11-14T12:50:00,1763104800000,NIFTY,hybrid,0.9,0,15,60,2025-11-14T13:25:00,1763106900000,35,233.87032852883416
2025-11-14T12:50:00,1763104800000,NIFTY,hybrid,0.9,0,15,60,2025-11-14T13:26:00,1763106960000,36,233.87874906004967
2025-11-14T12:50:00,1763104800000,NIFTY,hybrid,0.9,0,15,60,2025-11-14T13:27:00,1763107020000,37,233.82637721697532
2025-11-14T12:50:00,1763104800000,NIFTY,hybrid,0.9,0,15,60,2025-11-14T13:28:00,1763107080000,38,234.50800524919225
2025-11-14T12:50:00,1763104800000,NIFTY,hybrid,0.9,0,15,60,2025-11-14T13:29:00,1763107140000,39,234.02269773001228
2025-11-14T12:50:00,1763104800000,NIFTY,hybrid,0.9,0,15,60,2025-11-14T13:30:00,1763107200000,40,234.11854562804666
2025-11-14T12:50:00,1763104800000,NIFTY,hybrid,0.9,0,15,60,2025-11-14T13:31:00,1763107260000,41,233.73472649159515
2025-11-14T12:50:00,1763104800000,NIFTY,hybrid,0.9,0,15,60,2025-11-14T13:32:00,1763107320000,42,233.34217765396824
2025-11-14T12:50:00,1763104800000,NIFTY,hybrid,0.9,0,15,60,2025-11-14T13:33:00,1763107380000,43,233.4092711825923
2025-11-14T12:50:00,1763104800000,NIFTY,hybrid,0.9,0,15,60,2025-11-14T13:34:00,1763107440000,44,233.68952399086214
2025-11-14T12:50:00,1763104800000,NIFTY,hybrid,0.9,0,15,60,2025-11-14T13:35:00,1763107500000,45,233.62064787638917
2025-11-14T12:50:00,1763104800000,NIFTY,hybrid,0.9,0,15,60,2025-11-14T13:36:00,1763107560000,46,233.49905319776047
2025-11-14T12:50:00,1763104800000,NIFTY,hybrid,0.9,0,15,60,2025-11-14T13:37:00,1763107620000,47,234.16133506909404
2025-11-14T12:50:00,1763104800000,NIFTY,hybrid,0.9,0,15,60,2025-11-14T13:38:00,1763107680000,48,233.5907039231406
2025-11-14T12:50:00,1763104800000,NIFTY,hybrid,0.9,0,15,60,2025-11-14T13:39:00,1763107740000,49,233.53833208006625
2025-11-14T12:50:00,1763104800000,NIFTY,hybrid,0.9,0,15,60,2025-11-14T13:40:00,1763107800000,50,233.57221260925073
2025-11-14T12:50:00,1763104800000,NIFTY,hybrid,0.9,0,15,60,2025-11-14T13:41:00,1763107860000,51,233.8132842562067
2025-11-14T12:50:00,1763104800000,NIFTY,hybrid,0.9,0,15,60,2025-11-14T13:42:00,1763107920000,52,233.42999923560757
2025-11-14T12:50:00,1763104800000,NIFTY,hybrid,0.9,0,15,60,2025-11-14T13:43:00,1763107980000,53,233.55304302964385
2025-11-14T12:50:00,1763104800000,NIFTY,hybrid,0.9,0,15,60,2025-11-14T13:44:00,1763108040000,54,233.61013394647298
2025-11-14T12:50:00,1763104800000,NIFTY,hybrid,0.9,0,15,60,2025-11-14T13:45:00,1763108100000,55,233.61884499759154
2025-11-14T12:50:00,1763104800000,NIFTY,hybrid,0.9,0,15,60,2025-11-14T13:46:00,1763108160000,56,233.72691886899705
2025-11-14T12:50:00,1763104800000,NIFTY,hybrid,0.9,0,15,60,2025-11-14T13:47:00,1763108220000,57,233.70368421809837
2025-11-14T12:50:00,1763104800000,NIFTY,hybrid,0.9,0,15,60,2025-11-14T13:48:00,1763108280000,58,233.61688984467781
2025-11-14T12:50:00,1763104800000,NIFTY,hybrid,0.9,0,15,60,2025-11-14T13:49:00,1763108340000,59,233.57761096237203
2025-11-14T12:50:00,1763104800000,NIFTY,hybrid,0.9,0,15,60,2025-11-14T13:50:00,1763108400000,60,233.72163353082655
2025-11-14T12:50:00,1763104800000,NIFTY,hybrid,0.9,,15,60,2025-11-14T12:51:00,1763104860000,1,234.9
2025-11-14T12:50:00,1763104800000,NIFTY,hybrid,0.9,,15,60,2025-11-14T12:52:00,1763104920000,2,235.13003674044305
2025-11-14T12:50:00,1763104800000,NIFTY,hybrid,0.9,,15,60,2025-11-14T12:53:00,1763104980000,3,235.14595096671468
2025-11-14T12:50:00,1763104800000,NIFTY,hybrid,0.9,,15,60,2025-11-14T12:54:00,1763105040000,4,235.1968544990188
2025-11-14T12:50:00,1763104800000,NIFTY,hybrid,0.9,,15,60,2025-11-14T12:55:00,1763105100000,5,235.01020821390372
2025-11-14T12:50:00,1763104800000,NIFTY,hybrid,0.9,,15,60,2025-11-14T12:56:00,1763105160000,6,234.85749761699142
2025-11-14T12:50:00,1763104800000,NIFTY,hybrid,0.9,,15,60,2025-11-14T12:57:00,1763105220000,7,234.47077756505226
2025-11-14T12:50:00,1763104800000,NIFTY,hybrid,0.9,,15,60,2025-11-14T12:58:00,1763105280000,8,234.51814073496405
2025-11-14T12:50:00,1763104800000,NIFTY,hybrid,0.9,,15,60,2025-11-14T12:59:00,1763105340000,9,234.8310469867831
2025-11-14T12:50:00,1763104800000,NIFTY,hybrid,0.9,,15,60,2025-11-14T13:00:00,1763105400000,10,234.86072111769423
2025-11-14T12:50:00,1763104800000,NIFTY,hybrid,0.9,,15,60,2025-11-14T13:01:00,1763105460000,11,234.63691564367363
2025-11-14T12:50:00,1763104800000,NIFTY,hybrid,0.9,,15,60,2025-11-14T13:02:00,1763105520000,12,234.68781917597775
2025-11-14T12:50:00,1763104800000,NIFTY,hybrid,0.9,,15,60,2025-11-14T13:03:00,1763105580000,13,233.96488174865328
2025-11-14T12:50:00,1763104800000,NIFTY,hybrid,0.9,,15,60,2025-11-14T13:04:00,1763105640000,14,234.72979151000828
2025-11-14T12:50:00,1763104800000,NIFTY,hybrid,0.9,,15,60,2025-11-14T13:05:00,1763105700000,15,233.97338956961724
2025-11-14T12:50:00,1763104800000,NIFTY,hybrid,0.9,,15,60,2025-11-14T13:06:00,1763105760000,16,234.31081676541328
2025-11-14T12:50:00,1763104800000,NIFTY,hybrid,0.9,,15,60,2025-11-14T13:07:00,1763105820000,17,233.94421386389266
2025-11-14T12:50:00,1763104800000,NIFTY,hybrid,0.9,,15,60,2025-11-14T13:08:00,1763105880000,18,234.17605436686728
2025-11-14T12:50:00,1763104800000,NIFTY,hybrid,0.9,,15,60,2025-11-14T13:09:00,1763105940000,19,234.51152200998757
2025-11-14T12:50:00,1763104800000,NIFTY,hybrid,0.9,,15,60,2025-11-14T13:10:00,1763106000000,20,234.653883487775
2025-11-14T12:50:00,1763104800000,NIFTY,hybrid,0.9,,15,60,2025-11-14T13:11:00,1763106060000,21,234.21058298269108
2025-11-14T12:50:00,1763104800000,NIFTY,hybrid,0.9,,15,60,2025-11-14T13:12:00,1763106120000,22,234.4731828507738
2025-11-14T12:50:00,1763104800000,NIFTY,hybrid,0.9,,15,60,2025-11-14T13:13:00,1763106180000,23,234.00045990904806
2025-11-14T12:50:00,1763104800000,NIFTY,hybrid,0.9,,15,60,2025-11-14T13:14:00,1763106240000,24,234.42525890175662
2025-11-14T12:50:00,1763104800000,NIFTY,hybrid,0.9,,15,60,2025-11-14T13:15:00,1763106300000,25,234.01824898924545
2025-11-14T12:50:00,1763104800000,NIFTY,hybrid,0.9,,15,60,2025-11-14T13:16:00,1763106360000,26,234.009105411923
2025-11-14T12:50:00,1763104800000,NIFTY,hybrid,0.9,,15,60,2025-11-14T13:17:00,1763106420000,27,234.03062400155667
2025-11-14T12:50:00,1763104800000,NIFTY,hybrid,0.9,,15,60,2025-11-14T13:18:00,1763106480000,28,234.19575169703808
2025-11-14T12:50:00,1763104800000,NIFTY,hybrid,0.9,,15,60,2025-11-14T13:19:00,1763106540000,29,234.07780373599323
2025-11-14T12:50:00,1763104800000,NIFTY,hybrid,0.9,,15,60,2025-11-14T13:20:00,1763106600000,30,234.50117289086268
2025-11-14T12:50:00,1763104800000,NIFTY,hybrid,0.9,,15,60,2025-11-14T13:21:00,1763106660000,31,234.121889717352
2025-11-14T12:50:00,1763104800000,NIFTY,hybrid,0.9,,15,60,2025-11-14T13:22:00,1763106720000,32,233.8001912954381
2025-11-14T12:50:00,1763104800000,NIFTY,hybrid,0.9,,15,60,2025-11-14T13:23:00,1763106780000,33,233.78709833466954
2025-11-14T12:50:00,1763104800000,NIFTY,hybrid,0.9,,15,60,2025-11-14T13:24:00,1763106840000,34,234.46723720265996
2025-11-14T12:50:00,1763104800000,NIFTY,hybrid,0.9,,15,60,2025-11-14T13:25:00,1763106900000,35,233.87032852883416
2025-11-14T12:50:00,1763104800000,NIFTY,hybrid,0.9,,15,60,2025-11-14T13:26:00,1763106960000,36,233.87874906004967
2025-11-14T12:50:00,1763104800000,NIFTY,hybrid,0.9,,15,60,2025-11-14T13:27:00,1763107020000,37,233.82637721697532
2025-11-14T12:50:00,1763104800000,NIFTY,hybrid,0.9,,15,60,2025-11-14T13:28:00,1763107080000,38,234.50800524919225
2025-11-14T12:50:00,1763104800000,NIFTY,hybrid,0.9,,15,60,2025-11-14T13:29:00,1763107140000,39,234.02269773001228
2025-11-14T12:50:00,1763104800000,NIFTY,hybrid,0.9,,15,60,2025-11-14T13:30:00,1763107200000,40,234.11854562804666
2025-11-14T12:50:00,1763104800000,NIFTY,hybrid,0.9,,15,60,2025-11-14T13:31:00,1763107260000,41,233.73472649159515
2025-11-14T12:50:00,1763104800000,NIFTY,hybrid,0.9,,15,60,2025-11-14T13:32:00,1763107320000,42,233.34217765396824
2025-11-14T12:50:00,1763104800000,NIFTY,hybrid,0.9,,15,60,2025-11-14T13:33:00,1763107380000,43,233.4092711825923
2025-11-14T12:50:00,1763104800000,NIFTY,hybrid,0.9,,15,60,2025-11-14T13:34:00,1763107440000,44,233.68952399086214
2025-11-14T12:50:00,1763104800000,NIFTY,hybrid,0.9,,15,60,2025-11-14T13:35:00,1763107500000,45,233.62064787638917
2025-11-14T12:50:00,1763104800000,NIFTY,hybrid,0.9,,15,60,2025-11-14T13:36:00,1763107560000,46,233.49905319776047
2025-11-14T12:50:00,1763104800000,NIFTY,hybrid,0.9,,15,60,2025-11-14T13:37:00,1763107620000,47,234.16133506909404
2025-11-14T12:50:00,1763104800000,NIFTY,hybrid,0.9,,15,60,2025-11-14T13:38:00,1763107680000,48,233.5907039231406
2025-11-14T12:50:00,1763104800000,NIFTY,hybrid,0.9,,15,60,2025-11-14T13:39:00,1763107740000,49,233.53833208006625
2025-11-14T12:50:00,1763104800000,NIFTY,hybrid,0.9,,15,60,2025-11-14T13:40:00,1763107800000,50,233.57221260925073
2025-11-14T12:50:00,1763104800000,NIFTY,hybrid,0.9,,15,60,2025-11-14T13:41:00,1763107860000,51,233.8132842562067
2025-11-14T12:50:00,1763104800000,NIFTY,hybrid,0.9,,15,60,2025-11-14T13:42:00,1763107920000,52,233.42999923560757
2025-11-14T12:50:00,1763104800000,NIFTY,hybrid,0.9,,15,60,2025-11-14T13:43:00,1763107980000,53,233.55304302964385
2025-11-14T12:50:00,1763104800000,NIFTY,hybrid,0.9,,15,60,2025-11-14T13:44:00,1763108040000,54,233.61013394647298
2025-11-14T12:50:00,1763104800000,NIFTY,hybrid,0.9,,15,60,2025-11-14T13:45:00,1763108100000,55,233.61884499759154
2025-11-14T12:50:00,1763104800000,NIFTY,hybrid,0.9,,15,60,2025-11-14T13:46:00,1763108160000,56,233.72691886899705
2025-11-14T12:50:00,1763104800000,NIFTY,hybrid,0.9,,15,60,2025-11-14T13:47:00,1763108220000,57,233.70368421809837
2025-11-14T12:50:00,1763104800000,NIFTY,hybrid,0.9,,15,60,2025-11-14T13:48:00,1763108280000,58,233.61688984467781
2025-11-14T12:50:00,1763104800000,NIFTY,hybrid,0.9,,15,60,2025-11-14T13:49:00,1763108340000,59,233.57761096237203
2025-11-14T12:50:00,1763104800000,NIFTY,hybrid,0.9,,15,60,2025-11-14T13:50:00,1763108400000,60,233.72163353082655
2025-11-14T12:50:00,1763104800000,NIFTY,hybrid,0.9,0,15,60,2025-11-14T12:51:00,1763104860000,1,234.65
2025-11-14T12:50:00,1763104800000,NIFTY,hybrid,0.9,0,15,60,2025-11-14T12:52:00,1763104920000,2,234.881749063982
2025-11-14T12:50:00,1763104800000,NIFTY,hybrid,0.9,0,15,60,2025-11-14T12:53:00,1763104980000,3,234.89778175091428
2025-11-14T12:50:00,1763104800000,NIFTY,hybrid,0.9,0,15,60,2025-11-14T12:54:00,1763105040000,4,234.94906419363247
2025-11-14T12:50:00,1763104800000,NIFTY,hybrid,0.9,0,15,60,2025-11-14T12:55:00,1763105100000,5,234.7610285703324
2025-11-14T12:50:00,1763104800000,NIFTY,hybrid,0.9,0,15,60,2025-11-14T12:56:00,1763105160000,6,234.51809579213173
2025-11-14T12:50:00,1763104800000,NIFTY,hybrid,0.9,0,15,60,2025-11-14T12:57:00,1763105220000,7,234.17982755285945
2025-11-14T12:50:00,1763104800000,NIFTY,hybrid,0.9,0,15,60,2025-11-14T12:58:00,1763105280000,8,234.1570907041542
2025-11-14T12:50:00,1763104800000,NIFTY,hybrid,0.9,0,15,60,2025-11-14T12:59:00,1763105340000,9,234.17982755285945
2025-11-14T12:50:00,1763104800000,NIFTY,hybrid,0.9,0,15,60,2025-11-14T13:00:00,1763105400000,10,234.37889418944218
2025-11-14T12:50:00,1763104800000,NIFTY,hybrid,0.9,0,15,60,2025-11-14T13:01:00,1763105460000,11,233.89495931245025
2025-11-14T12:50:00,1763104800000,NIFTY,hybrid,0.9,0,15,60,2025-11-14T13:02:00,1763105520000,12,233.81322408139437
2025-11-14T12:50:00,1763104800000,NIFTY,hybrid,0.9,0,15,60,2025-11-14T13:03:00,1763105580000,13,233.70792101277095
2025-11-14T12:50:00,1763104800000,NIFTY,hybrid,0.9,0,15,60,2025-11-14T13:04:00,1763105640000,14,233.52592318563958
2025-11-14T12:50:00,1763104800000,NIFTY,hybrid,0.9,0,15,60,2025-11-14T13:05:00,1763105700000,15,233.4825551810627
2025-11-14T12:50:00,1763104800000,NIFTY,hybrid,0.9,0,15,60,2025-11-14T13:06:00,1763105760000,16,233.85463140603426
2025-11-14T12:50:00,1763104800000,NIFTY,hybrid,0.9,0,15,60,2025-11-14T13:07:00,1763105820000,17,233.49122878197807
2025-11-14T12:50:00,1763104800000,NIFTY,hybrid,0.9,0,15,60,2025-11-14T13:08:00,1763105880000,18,233.4391871764858
2025-11-14T12:50:00,1763104800000,NIFTY,hybrid,0.9,0,15,60,2025-11-14T13:09:00,1763105940000,19,234.25863029797074
2025-11-14T12:50:00,1763104800000,NIFTY,hybrid,0.9,0,15,60,2025-11-14T13:10:00,1763106000000,20,234.40205147130501
2025-11-14T12:50:00,1763104800000,NIFTY,hybrid,0.9,0,15,60,2025-11-14T13:11:00,1763106060000,21,233.8668639078282
2025-11-14T12:50:00,1763104800000,NIFTY,hybrid,0.9,0,15,60,2025-11-14T13:12:00,1763106120000,22,233.93528721886625
2025-11-14T12:50:00,1763104800000,NIFTY,hybrid,0.9,0,15,60,2025-11-14T13:13:00,1763106180000,23,233.70594442852675
2025-11-14T12:50:00,1763104800000,NIFTY,hybrid,0.9,0,15,60,2025-11-14T13:14:00,1763106240000,24,233.61572068295925
2025-11-14T12:50:00,1763104800000,NIFTY,hybrid,0.9,0,15,60,2025-11-14T13:15:00,1763106300000,25,233.76168550287247
2025-11-14T12:50:00,1763104800000,NIFTY,hybrid,0.9,0,15,60,2025-11-14T13:16:00,1763106360000,26,233.75247386354113
2025-11-14T12:50:00,1763104800000,NIFTY,hybrid,0.9,0,15,60,2025-11-14T13:17:00,1763106420000,27,233.27819623816984
2025-11-14T12:50:00,1763104800000,NIFTY,hybrid,0.9,0,15,60,2025-11-14T13:18:00,1763106480000,28,233.48924297075908
2025-11-14T12:50:00,1763104800000,NIFTY,hybrid,0.9,0,15,60,2025-11-14T13:19:00,1763106540000,29,233.82168355704374
2025-11-14T12:50:00,1763104800000,NIFTY,hybrid,0.9,0,15,60,2025-11-14T13:20:00,1763106600000,30,233.34414834210398
2025-11-14T12:50:00,1763104800000,NIFTY,hybrid,0.9,0,15,60,2025-11-14T13:21:00,1763106660000,31,233.64752802020104
2025-11-14T12:50:00,1763104800000,NIFTY,hybrid,0.9,0,15,60,2025-11-14T13:22:00,1763106720000,32,233.54200465390642
2025-11-14T12:50:00,1763104800000,NIFTY,hybrid,0.9,0,15,60,2025-11-14T13:23:00,1763106780000,33,233.88324000223244
2025-11-14T12:50:00,1763104800000,NIFTY,hybrid,0.9,0,15,60,2025-11-14T13:24:00,1763106840000,34,234.21401584800492
2025-11-14T12:50:00,1763104800000,NIFTY,hybrid,0.9,0,15,60,2025-11-14T13:25:00,1763106900000,35,233.61266396753828
2025-11-14T12:50:00,1763104800000,NIFTY,hybrid,0.9,0,15,60,2025-11-14T13:26:00,1763106960000,36,233.62114717862738
2025-11-14T12:50:00,1763104800000,NIFTY,hybrid,0.9,0,15,60,2025-11-14T13:27:00,1763107020000,37,233.56838549548007
2025-11-14T12:50:00,1763104800000,NIFTY,hybrid,0.9,0,15,60,2025-11-14T13:28:00,1763107080000,38,233.75381163999427
2025-11-14T12:50:00,1763104800000,NIFTY,hybrid,0.9,0,15,60,2025-11-14T13:29:00,1763107140000,39,233.41010044603811
2025-11-14T12:50:00,1763104800000,NIFTY,hybrid,0.9,0,15,60,2025-11-14T13:30:00,1763107200000,40,233.42329086682494
2025-11-14T12:50:00,1763104800000,NIFTY,hybrid,0.9,0,15,60,2025-11-14T13:31:00,1763107260000,41,233.47605254997228
2025-11-14T12:50:00,1763104800000,NIFTY,hybrid,0.9,0,15,60,2025-11-14T13:32:00,1763107320000,42,233.08058169817687
2025-11-14T12:50:00,1763104800000,NIFTY,hybrid,0.9,0,15,60,2025-11-14T13:33:00,1763107380000,43,233.14817465062407
2025-11-14T12:50:00,1763104800000,NIFTY,hybrid,0.9,0,15,60,2025-11-14T13:34:00,1763107440000,44,233.43051357557042
2025-11-14T12:50:00,1763104800000,NIFTY,hybrid,0.9,0,15,60,2025-11-14T13:35:00,1763107500000,45,233.36112476824738
2025-11-14T12:50:00,1763104800000,NIFTY,hybrid,0.9,0,15,60,2025-11-14T13:36:00,1763107560000,46,233.23862497580936
2025-11-14T12:50:00,1763104800000,NIFTY,hybrid,0.9,0,15,60,2025-11-14T13:37:00,1763107620000,47,233.33095792131715
2025-11-14T12:50:00,1763104800000,NIFTY,hybrid,0.9,0,15,60,2025-11-14T13:38:00,1763107680000,48,233.43774529635766
2025-11-14T12:50:00,1763104800000,NIFTY,hybrid,0.9,0,15,60,2025-11-14T13:39:00,1763107740000,49,233.27819623816984
2025-11-14T12:50:00,1763104800000,NIFTY,hybrid,0.9,0,15,60,2025-11-14T13:40:00,1763107800000,50,233.3123289637101
2025-11-14T12:50:00,1763104800000,NIFTY,hybrid,0.9,0,15,60,2025-11-14T13:41:00,1763107860000,51,233.55519507469324
2025-11-14T12:50:00,1763104800000,NIFTY,hybrid,0.9,0,15,60,2025-11-14T13:42:00,1763107920000,52,233.16905699696233
2025-11-14T12:50:00,1763104800000,NIFTY,hybrid,0.9,0,15,60,2025-11-14T13:43:00,1763107980000,53,233.29301669158232
2025-11-14T12:50:00,1763104800000,NIFTY,hybrid,0.9,0,15,60,2025-11-14T13:44:00,1763108040000,54,233.28336055551844
2025-11-14T12:50:00,1763104800000,NIFTY,hybrid,0.9,0,15,60,2025-11-14T13:45:00,1763108100000,55,233.3102046694183
2025-11-14T12:50:00,1763104800000,NIFTY,hybrid,0.9,0,15,60,2025-11-14T13:46:00,1763108160000,56,233.03152793346294
2025-11-14T12:50:00,1763104800000,NIFTY,hybrid,0.9,0,15,60,2025-11-14T13:47:00,1763108220000,57,233.09023783424075
2025-11-14T12:50:00,1763104800000,NIFTY,hybrid,0.9,0,15,60,2025-11-14T13:48:00,1763108280000,58,233.15295834627827
2025-11-14T12:50:00,1763104800000,NIFTY,hybrid,0.9,0,15,60,2025-11-14T13:49:00,1763108340000,59,233.20499995177053
2025-11-14T12:50:00,1763104800000,NIFTY,hybrid,0.9,0,15,60,2025-11-14T13:50:00,1763108400000,60,232.93611832339374
2025-11-14T12:50:00,1763104800000,NIFTY,hybrid,0.9,,15,60,2025-11-14T12:51:00,1763104860000,1,234.65
2025-11-14T12:50:00,1763104800000,NIFTY,hybrid,0.9,,15,60,2025-11-14T12:52:00,1763104920000,2,234.881749063982
2025-11-14T12:50:00,1763104800000,NIFTY,hybrid,0.9,,15,60,2025-11-14T12:53:00,1763104980000,3,234.89778175091428
2025-11-14T12:50:00,1763104800000,NIFTY,hybrid,0.9,,15,60,2025-11-14T12:54:00,1763105040000,4,234.94906419363247
2025-11-14T12:50:00,1763104800000,NIFTY,hybrid,0.9,,15,60,2025-11-14T12:55:00,1763105100000,5,234.7610285703324
2025-11-14T12:50:00,1763104800000,NIFTY,hybrid,0.9,,15,60,2025-11-14T12:56:00,1763105160000,6,234.51809579213173
2025-11-14T12:50:00,1763104800000,NIFTY,hybrid,0.9,,15,60,2025-11-14T12:57:00,1763105220000,7,234.17982755285945
2025-11-14T12:50:00,1763104800000,NIFTY,hybrid,0.9,,15,60,2025-11-14T12:58:00,1763105280000,8,234.1570907041542
2025-11-14T12:50:00,1763104800000,NIFTY,hybrid,0.9,,15,60,2025-11-14T12:59:00,1763105340000,9,234.17982755285945
2025-11-14T12:50:00,1763104800000,NIFTY,hybrid,0.9,,15,60,2025-11-14T13:00:00,1763105400000,10,234.37889418944218
2025-11-14T12:50:00,1763104800000,NIFTY,hybrid,0.9,,15,60,2025-11-14T13:01:00,1763105460000,11,233.89495931245025
2025-11-14T12:50:00,1763104800000,NIFTY,hybrid,0.9,,15,60,2025-11-14T13:02:00,1763105520000,12,233.81322408139437
2025-11-14T12:50:00,1763104800000,NIFTY,hybrid,0.9,,15,60,2025-11-14T13:03:00,1763105580000,13,233.70792101277095
2025-11-14T12:50:00,1763104800000,NIFTY,hybrid,0.9,,15,60,2025-11-14T13:04:00,1763105640000,14,233.52592318563958
2025-11-14T12:50:00,1763104800000,NIFTY,hybrid,0.9,,15,60,2025-11-14T13:05:00,1763105700000,15,233.4825551810627
2025-11-14T12:50:00,1763104800000,NIFTY,hybrid,0.9,,15,60,2025-11-14T13:06:00,1763105760000,16,233.85463140603426
2025-11-14T12:50:00,1763104800000,NIFTY,hybrid,0.9,,15,60,2025-11-14T13:07:00,1763105820000,17,233.49122878197807
2025-11-14T12:50:00,1763104800000,NIFTY,hybrid,0.9,,15,60,2025-11-14T13:08:00,1763105880000,18,233.4391871764858
2025-11-14T12:50:00,1763104800000,NIFTY,hybrid,0.9,,15,60,2025-11-14T13:09:00,1763105940000,19,234.25863029797074
2025-11-14T12:50:00,1763104800000,NIFTY,hybrid,0.9,,15,60,2025-11-14T13:10:00,1763106000000,20,234.40205147130501
2025-11-14T12:50:00,1763104800000,NIFTY,hybrid,0.9,,15,60,2025-11-14T13:11:00,1763106060000,21,233.8668639078282
2025-11-14T12:50:00,1763104800000,NIFTY,hybrid,0.9,,15,60,2025-11-14T13:12:00,1763106120000,22,233.93528721886625
2025-11-14T12:50:00,1763104800000,NIFTY,hybrid,0.9,,15,60,2025-11-14T13:13:00,1763106180000,23,233.70594442852675
2025-11-14T12:50:00,1763104800000,NIFTY,hybrid,0.9,,15,60,2025-11-14T13:14:00,1763106240000,24,233.61572068295925
2025-11-14T12:50:00,1763104800000,NIFTY,hybrid,0.9,,15,60,2025-11-14T13:15:00,1763106300000,25,233.76168550287247
2025-11-14T12:50:00,1763104800000,NIFTY,hybrid,0.9,,15,60,2025-11-14T13:16:00,1763106360000,26,233.75247386354113
2025-11-14T12:50:00,1763104800000,NIFTY,hybrid,0.9,,15,60,2025-11-14T13:17:00,1763106420000,27,233.27819623816984
2025-11-14T12:50:00,1763104800000,NIFTY,hybrid,0.9,,15,60,2025-11-14T13:18:00,1763106480000,28,233.48924297075908
2025-11-14T12:50:00,1763104800000,NIFTY,hybrid,0.9,,15,60,2025-11-14T13:19:00,1763106540000,29,233.82168355704374
2025-11-14T12:50:00,1763104800000,NIFTY,hybrid,0.9,,15,60,2025-11-14T13:20:00,1763106600000,30,233.34414834210398
2025-11-14T12:50:00,1763104800000,NIFTY,hybrid,0.9,,15,60,2025-11-14T13:21:00,1763106660000,31,233.64752802020104
2025-11-14T12:50:00,1763104800000,NIFTY,hybrid,0.9,,15,60,2025-11-14T13:22:00,1763106720000,32,233.54200465390642
2025-11-14T12:50:00,1763104800000,NIFTY,hybrid,0.9,,15,60,2025-11-14T13:23:00,1763106780000,33,233.88324000223244
2025-11-14T12:50:00,1763104800000,NIFTY,hybrid,0.9,,15,60,2025-11-14T13:24:00,1763106840000,34,234.21401584800492
2025-11-14T12:50:00,1763104800000,NIFTY,hybrid,0.9,,15,60,2025-11-14T13:25:00,1763106900000,35,233.61266396753828
2025-11-14T12:50:00,1763104800000,NIFTY,hybrid,0.9,,15,60,2025-11-14T13:26:00,1763106960000,36,233.62114717862738
2025-11-14T12:50:00,1763104800000,NIFTY,hybrid,0.9,,15,60,2025-11-14T13:27:00,1763107020000,37,233.56838549548007
2025-11-14T12:50:00,1763104800000,NIFTY,hybrid,0.9,,15,60,2025-11-14T13:28:00,1763107080000,38,233.75381163999427
2025-11-14T12:50:00,1763104800000,NIFTY,hybrid,0.9,,15,60,2025-11-14T13:29:00,1763107140000,39,233.41010044603811
2025-11-14T12:50:00,1763104800000,NIFTY,hybrid,0.9,,15,60,2025-11-14T13:30:00,1763107200000,40,233.42329086682494
2025-11-14T12:50:00,1763104800000,NIFTY,hybrid,0.9,,15,60,2025-11-14T13:31:00,1763107260000,41,233.47605254997228
2025-11-14T12:50:00,1763104800000,NIFTY,hybrid,0.9,,15,60,2025-11-14T13:32:00,1763107320000,42,233.08058169817687
2025-11-14T12:50:00,1763104800000,NIFTY,hybrid,0.9,,15,60,2025-11-14T13:33:00,1763107380000,43,233.14817465062407
2025-11-14T12:50:00,1763104800000,NIFTY,hybrid,0.9,,15,60,2025-11-14T13:34:00,1763107440000,44,233.43051357557042
2025-11-14T12:50:00,1763104800000,NIFTY,hybrid,0.9,,15,60,2025-11-14T13:35:00,1763107500000,45,233.36112476824738
2025-11-14T12:50:00,1763104800000,NIFTY,hybrid,0.9,,15,60,2025-11-14T13:36:00,1763107560000,46,233.23862497580936
2025-11-14T12:50:00,1763104800000,NIFTY,hybrid,0.9,,15,60,2025-11-14T13:37:00,1763107620000,47,233.33095792131715
2025-11-14T12:50:00,1763104800000,NIFTY,hybrid,0.9,,15,60,2025-11-14T13:38:00,1763107680000,48,233.43774529635766
2025-11-14T12:50:00,1763104800000,NIFTY,hybrid,0.9,,15,60,2025-11-14T13:39:00,1763107740000,49,233.27819623816984
2025-11-14T12:50:00,1763104800000,NIFTY,hybrid,0.9,,15,60,2025-11-14T13:40:00,1763107800000,50,233.3123289637101
2025-11-14T12:50:00,1763104800000,NIFTY,hybrid,0.9,,15,60,2025-11-14T13:41:00,1763107860000,51,233.55519507469324
2025-11-14T12:50:00,1763104800000,NIFTY,hybrid,0.9,,15,60,2025-11-14T13:42:00,1763107920000,52,233.16905699696233
2025-11-14T12:50:00,1763104800000,NIFTY,hybrid,0.9,,15,60,2025-11-14T13:43:00,1763107980000,53,233.29301669158232
2025-11-14T12:50:00,1763104800000,NIFTY,hybrid,0.9,,15,60,2025-11-14T13:44:00,1763108040000,54,233.28336055551844
2025-11-14T12:50:00,1763104800000,NIFTY,hybrid,0.9,,15,60,2025-11-14T13:45:00,1763108100000,55,233.3102046694183
2025-11-14T12:50:00,1763104800000,NIFTY,hybrid,0.9,,15,60,2025-11-14T13:46:00,1763108160000,56,233.03152793346294
2025-11-14T12:50:00,1763104800000,NIFTY,hybrid,0.9,,15,60,2025-11-14T13:47:00,1763108220000,57,233.09023783424075
2025-11-14T12:50:00,1763104800000,NIFTY,hybrid,0.9,,15,60,2025-11-14T13:48:00,1763108280000,58,233.15295834627827
2025-11-14T12:50:00,1763104800000,NIFTY,hybrid,0.9,,15,60,2025-11-14T13:49:00,1763108340000,59,233.20499995177053
2025-11-14T12:50:00,1763104800000,NIFTY,hybrid,0.9,,15,60,2025-11-14T13:50:00,1763108400000,60,232.93611832339374
2025-11-14T12:50:00,1763104800000,NIFTY,hybrid,0.9,,15,60,2025-11-14T12:51:00,1763104860000,1,234.65
2025-11-14T12:50:00,1763104800000,NIFTY,hybrid,0.9,,15,60,2025-11-14T12:52:00,1763104920000,2,234.881749063982
2025-11-14T12:50:00,1763104800000,NIFTY,hybrid,0.9,,15,60,2025-11-14T12:53:00,1763104980000,3,234.89778175091428
2025-11-14T12:50:00,1763104800000,NIFTY,hybrid,0.9,,15,60,2025-11-14T12:54:00,1763105040000,4,234.94906419363247
2025-11-14T12:50:00,1763104800000,NIFTY,hybrid,0.9,,15,60,2025-11-14T12:55:00,1763105100000,5,234.7610285703324
2025-11-14T12:50:00,1763104800000,NIFTY,hybrid,0.9,,15,60,2025-11-14T12:56:00,1763105160000,6,234.51809579213173
2025-11-14T12:50:00,1763104800000,NIFTY,hybrid,0.9,,15,60,2025-11-14T12:57:00,1763105220000,7,234.17982755285945
2025-11-14T12:50:00,1763104800000,NIFTY,hybrid,0.9,,15,60,2025-11-14T12:58:00,1763105280000,8,234.1570907041542
2025-11-14T12:50:00,1763104800000,NIFTY,hybrid,0.9,,15,60,2025-11-14T12:59:00,1763105340000,9,234.17982755285945
2025-11-14T12:50:00,1763104800000,NIFTY,hybrid,0.9,,15,60,2025-11-14T13:00:00,1763105400000,10,234.37889418944218
2025-11-14T12:50:00,1763104800000,NIFTY,hybrid,0.9,,15,60,2025-11-14T13:01:00,1763105460000,11,233.89495931245025
2025-11-14T12:50:00,1763104800000,NIFTY,hybrid,0.9,,15,60,2025-11-14T13:02:00,1763105520000,12,233.81322408139437
2025-11-14T12:50:00,1763104800000,NIFTY,hybrid,0.9,,15,60,2025-11-14T13:03:00,1763105580000,13,233.70792101277095
2025-11-14T12:50:00,1763104800000,NIFTY,hybrid,0.9,,15,60,2025-11-14T13:04:00,1763105640000,14,233.52592318563958
2025-11-14T12:50:00,1763104800000,NIFTY,hybrid,0.9,,15,60,2025-11-14T13:05:00,1763105700000,15,233.4825551810627
2025-11-14T12:50:00,1763104800000,NIFTY,hybrid,0.9,,15,60,2025-11-14T13:06:00,1763105760000,16,233.85463140603426
2025-11-14T12:50:00,1763104800000,NIFTY,hybrid,0.9,,15,60,2025-11-14T13:07:00,1763105820000,17,233.49122878197807
2025-11-14T12:50:00,1763104800000,NIFTY,hybrid,0.9,,15,60,2025-11-14T13:08:00,1763105880000,18,233.4391871764858
2025-11-14T12:50:00,1763104800000,NIFTY,hybrid,0.9,,15,60,2025-11-14T13:09:00,1763105940000,19,234.25863029797074
2025-11-14T12:50:00,1763104800000,NIFTY,hybrid,0.9,,15,60,2025-11-14T13:10:00,1763106000000,20,234.40205147130501
2025-11-14T12:50:00,1763104800000,NIFTY,hybrid,0.9,,15,60,2025-11-14T13:11:00,1763106060000,21,233.8668639078282
2025-11-14T12:50:00,1763104800000,NIFTY,hybrid,0.9,,15,60,2025-11-14T13:12:00,1763106120000,22,233.93528721886625
2025-11-14T12:50:00,1763104800000,NIFTY,hybrid,0.9,,15,60,2025-11-14T13:13:00,1763106180000,23,233.70594442852675
2025-11-14T12:50:00,1763104800000,NIFTY,hybrid,0.9,,15,60,2025-11-14T13:14:00,1763106240000,24,233.61572068295925
2025-11-14T12:50:00,1763104800000,NIFTY,hybrid,0.9,,15,60,2025-11-14T13:15:00,1763106300000,25,233.76168550287247
2025-11-14T12:50:00,1763104800000,NIFTY,hybrid,0.9,,15,60,2025-11-14T13:16:00,1763106360000,26,233.75247386354113
2025-11-14T12:50:00,1763104800000,NIFTY,hybrid,0.9,,15,60,2025-11-14T13:17:00,1763106420000,27,233.27819623816984
2025-11-14T12:50:00,1763104800000,NIFTY,hybrid,0.9,,15,60,2025-11-14T13:18:00,1763106480000,28,233.48924297075908
2025-11-14T12:50:00,1763104800000,NIFTY,hybrid,0.9,,15,60,2025-11-14T13:19:00,1763106540000,29,233.82168355704374
2025-11-14T12:50:00,1763104800000,NIFTY,hybrid,0.9,,15,60,2025-11-14T13:20:00,1763106600000,30,233.34414834210398
2025-11-14T12:50:00,1763104800000,NIFTY,hybrid,0.9,,15,60,2025-11-14T13:21:00,1763106660000,31,233.64752802020104
2025-11-14T12:50:00,1763104800000,NIFTY,hybrid,0.9,,15,60,2025-11-14T13:22:00,1763106720000,32,233.54200465390642
2025-11-14T12:50:00,1763104800000,NIFTY,hybrid,0.9,,15,60,2025-11-14T13:23:00,1763106780000,33,233.88324000223244
2025-11-14T12:50:00,1763104800000,NIFTY,hybrid,0.9,,15,60,2025-11-14T13:24:00,1763106840000,34,234.21401584800492
2025-11-14T12:50:00,1763104800000,NIFTY,hybrid,0.9,,15,60,2025-11-14T13:25:00,1763106900000,35,233.61266396753828
2025-11-14T12:50:00,1763104800000,NIFTY,hybrid,0.9,,15,60,2025-11-14T13:26:00,1763106960000,36,233.62114717862738
2025-11-14T12:50:00,1763104800000,NIFTY,hybrid,0.9,,15,60,2025-11-14T13:27:00,1763107020000,37,233.56838549548007
2025-11-14T12:50:00,1763104800000,NIFTY,hybrid,0.9,,15,60,2025-11-14T13:28:00,1763107080000,38,233.75381163999427
2025-11-14T12:50:00,1763104800000,NIFTY,hybrid,0.9,,15,60,2025-11-14T13:29:00,1763107140000,39,233.41010044603811
2025-11-14T12:50:00,1763104800000,NIFTY,hybrid,0.9,,15,60,2025-11-14T13:30:00,1763107200000,40,233.42329086682494
2025-11-14T12:50:00,1763104800000,NIFTY,hybrid,0.9,,15,60,2025-11-14T13:31:00,1763107260000,41,233.47605254997228
2025-11-14T12:50:00,1763104800000,NIFTY,hybrid,0.9,,15,60,2025-11-14T13:32:00,1763107320000,42,233.08058169817687
2025-11-14T12:50:00,1763104800000,NIFTY,hybrid,0.9,,15,60,2025-11-14T13:33:00,1763107380000,43,233.14817465062407
2025-11-14T12:50:00,1763104800000,NIFTY,hybrid,0.9,,15,60,2025-11-14T13:34:00,1763107440000,44,233.43051357557042
2025-11-14T12:50:00,1763104800000,NIFTY,hybrid,0.9,,15,60,2025-11-14T13:35:00,1763107500000,45,233.36112476824738
2025-11-14T12:50:00,1763104800000,NIFTY,hybrid,0.9,,15,60,2025-11-14T13:36:00,1763107560000,46,233.23862497580936
2025-11-14T12:50:00,1763104800000,NIFTY,hybrid,0.9,,15,60,2025-11-14T13:37:00,1763107620000,47,233.33095792131715
2025-11-14T12:50:00,1763104800000,NIFTY,hybrid,0.9,,15,60,2025-11-14T13:38:00,1763107680000,48,233.43774529635766
2025-11-14T12:50:00,1763104800000,NIFTY,hybrid,0.9,,15,60,2025-11-14T13:39:00,1763107740000,49,233.27819623816984
2025-11-14T12:50:00,1763104800000,NIFTY,hybrid,0.9,,15,60,2025-11-14T13:40:00,1763107800000,50,233.3123289637101
2025-11-14T12:50:00,1763104800000,NIFTY,hybrid,0.9,,15,60,2025-11-14T13:41:00,1763107860000,51,233.55519507469324
2025-11-14T12:50:00,1763104800000,NIFTY,hybrid,0.9,,15,60,2025-11-14T13:42:00,1763107920000,52,233.16905699696233
2025-11-14T12:50:00,1763104800000,NIFTY,hybrid,0.9,,15,60,2025-11-14T13:43:00,1763107980000,53,233.29301669158232
2025-11-14T12:50:00,1763104800000,NIFTY,hybrid,0.9,,15,60,2025-11-14T13:44:00,1763108040000,54,233.28336055551844
2025-11-14T12:50:00,1763104800000,NIFTY,hybrid,0.9,,15,60,2025-11-14T13:45:00,1763108100000,55,233.3102046694183
2025-11-14T12:50:00,1763104800000,NIFTY,hybrid,0.9,,15,60,2025-11-14T13:46:00,1763108160000,56,233.03152793346294
2025-11-14T12:50:00,1763104800000,NIFTY,hybrid,0.9,,15,60,2025-11-14T13:47:00,1763108220000,57,233.09023783424075
2025-11-14T12:50:00,1763104800000,NIFTY,hybrid,0.9,,15,60,2025-11-14T13:48:00,1763108280000,58,233.15295834627827
2025-11-14T12:50:00,1763104800000,NIFTY,hybrid,0.9,,15,60,2025-11-14T13:49:00,1763108340000,59,233.20499995177053
2025-11-14T12:50:00,1763104800000,NIFTY,hybrid,0.9,,15,60,2025-11-14T13:50:00,1763108400000,60,232.93611832339374
2025-11-14T12:50:00,1763104800000,NIFTY,hybrid,0.9,,15,60,2025-11-14T12:51:00,1763104860000,1,234.65
2025-11-14T12:50:00,1763104800000,NIFTY,hybrid,0.9,,15,60,2025-11-14T12:52:00,1763104920000,2,234.881749063982
2025-11-14T12:50:00,1763104800000,NIFTY,hybrid,0.9,,15,60,2025-11-14T12:53:00,1763104980000,3,234.89778175091428
2025-11-14T12:50:00,1763104800000,NIFTY,hybrid,0.9,,15,60,2025-11-14T12:54:00,1763105040000,4,234.94906419363247
2025-11-14T12:50:00,1763104800000,NIFTY,hybrid,0.9,,15,60,2025-11-14T12:55:00,1763105100000,5,234.7610285703324
2025-11-14T12:50:00,1763104800000,NIFTY,hybrid,0.9,,15,60,2025-11-14T12:56:00,1763105160000,6,234.51809579213173
2025-11-14T12:50:00,1763104800000,NIFTY,hybrid,0.9,,15,60,2025-11-14T12:57:00,1763105220000,7,234.17982755285945
2025-11-14T12:50:00,1763104800000,NIFTY,hybrid,0.9,,15,60,2025-11-14T12:58:00,1763105280000,8,234.1570907041542
2025-11-14T12:50:00,1763104800000,NIFTY,hybrid,0.9,,15,60,2025-11-14T12:59:00,1763105340000,9,234.17982755285945
2025-11-14T12:50:00,1763104800000,NIFTY,hybrid,0.9,,15,60,2025-11-14T13:00:00,1763105400000,10,234.37889418944218
2025-11-14T12:50:00,1763104800000,NIFTY,hybrid,0.9,,15,60,2025-11-14T13:01:00,1763105460000,11,233.89495931245025
2025-11-14T12:50:00,1763104800000,NIFTY,hybrid,0.9,,15,60,2025-11-14T13:02:00,1763105520000,12,233.81322408139437
2025-11-14T12:50:00,1763104800000,NIFTY,hybrid,0.9,,15,60,2025-11-14T13:03:00,1763105580000,13,233.70792101277095
2025-11-14T12:50:00,1763104800000,NIFTY,hybrid,0.9,,15,60,2025-11-14T13:04:00,1763105640000,14,233.52592318563958
2025-11-14T12:50:00,1763104800000,NIFTY,hybrid,0.9,,15,60,2025-11-14T13:05:00,1763105700000,15,233.4825551810627
2025-11-14T12:50:00,1763104800000,NIFTY,hybrid,0.9,,15,60,2025-11-14T13:06:00,1763105760000,16,233.85463140603426
2025-11-14T12:50:00,1763104800000,NIFTY,hybrid,0.9,,15,60,2025-11-14T13:07:00,1763105820000,17,233.49122878197807
2025-11-14T12:50:00,1763104800000,NIFTY,hybrid,0.9,,15,60,2025-11-14T13:08:00,1763105880000,18,233.4391871764858
2025-11-14T12:50:00,1763104800000,NIFTY,hybrid,0.9,,15,60,2025-11-14T13:09:00,1763105940000,19,234.25863029797074
2025-11-14T12:50:00,1763104800000,NIFTY,hybrid,0.9,,15,60,2025-11-14T13:10:00,1763106000000,20,234.40205147130501
2025-11-14T12:50:00,1763104800000,NIFTY,hybrid,0.9,,15,60,2025-11-14T13:11:00,1763106060000,21,233.8668639078282
2025-11-14T12:50:00,1763104800000,NIFTY,hybrid,0.9,,15,60,2025-11-14T13:12:00,1763106120000,22,233.93528721886625
2025-11-14T12:50:00,1763104800000,NIFTY,hybrid,0.9,,15,60,2025-11-14T13:13:00,1763106180000,23,233.70594442852675
2025-11-14T12:50:00,1763104800000,NIFTY,hybrid,0.9,,15,60,2025-11-14T13:14:00,1763106240000,24,233.61572068295925
2025-11-14T12:50:00,1763104800000,NIFTY,hybrid,0.9,,15,60,2025-11-14T13:15:00,1763106300000,25,233.76168550287247
2025-11-14T12:50:00,1763104800000,NIFTY,hybrid,0.9,,15,60,2025-11-14T13:16:00,1763106360000,26,233.75247386354113
2025-11-14T12:50:00,1763104800000,NIFTY,hybrid,0.9,,15,60,2025-11-14T13:17:00,1763106420000,27,233.27819623816984
2025-11-14T12:50:00,1763104800000,NIFTY,hybrid,0.9,,15,60,2025-11-14T13:18:00,1763106480000,28,233.48924297075908
2025-11-14T12:50:00,1763104800000,NIFTY,hybrid,0.9,,15,60,2025-11-14T13:19:00,1763106540000,29,233.82168355704374
2025-11-14T12:50:00,1763104800000,NIFTY,hybrid,0.9,,15,60,2025-11-14T13:20:00,1763106600000,30,233.34414834210398
2025-11-14T12:50:00,1763104800000,NIFTY,hybrid,0.9,,15,60,2025-11-14T13:21:00,1763106660000,31,233.64752802020104
2025-11-14T12:50:00,1763104800000,NIFTY,hybrid,0.9,,15,60,2025-11-14T13:22:00,1763106720000,32,233.54200465390642
2025-11-14T12:50:00,1763104800000,NIFTY,hybrid,0.9,,15,60,2025-11-14T13:23:00,1763106780000,33,233.88324000223244
2025-11-14T12:50:00,1763104800000,NIFTY,hybrid,0.9,,15,60,2025-11-14T13:24:00,1763106840000,34,234.21401584800492
2025-11-14T12:50:00,1763104800000,NIFTY,hybrid,0.9,,15,60,2025-11-14T13:25:00,1763106900000,35,233.61266396753828
2025-11-14T12:50:00,1763104800000,NIFTY,hybrid,0.9,,15,60,2025-11-14T13:26:00,1763106960000,36,233.62114717862738
2025-11-14T12:50:00,1763104800000,NIFTY,hybrid,0.9,,15,60,2025-11-14T13:27:00,1763107020000,37,233.56838549548007
2025-11-14T12:50:00,1763104800000,NIFTY,hybrid,0.9,,15,60,2025-11-14T13:28:00,1763107080000,38,233.75381163999427
2025-11-14T12:50:00,1763104800000,NIFTY,hybrid,0.9,,15,60,2025-11-14T13:29:00,1763107140000,39,233.41010044603811
2025-11-14T12:50:00,1763104800000,NIFTY,hybrid,0.9,,15,60,2025-11-14T13:30:00,1763107200000,40,233.42329086682494
2025-11-14T12:50:00,1763104800000,NIFTY,hybrid,0.9,,15,60,2025-11-14T13:31:00,1763107260000,41,233.47605254997228
2025-11-14T12:50:00,1763104800000,NIFTY,hybrid,0.9,,15,60,2025-11-14T13:32:00,1763107320000,42,233.08058169817687
2025-11-14T12:50:00,1763104800000,NIFTY,hybrid,0.9,,15,60,2025-11-14T13:33:00,1763107380000,43,233.14817465062407
2025-11-14T12:50:00,1763104800000,NIFTY,hybrid,0.9,,15,60,2025-11-14T13:34:00,1763107440000,44,233.43051357557042
2025-11-14T12:50:00,1763104800000,NIFTY,hybrid,0.9,,15,60,2025-11-14T13:35:00,1763107500000,45,233.36112476824738
2025-11-14T12:50:00,1763104800000,NIFTY,hybrid,0.9,,15,60,2025-11-14T13:36:00,1763107560000,46,233.23862497580936
2025-11-14T12:50:00,1763104800000,NIFTY,hybrid,0.9,,15,60,2025-11-14T13:37:00,1763107620000,47,233.33095792131715
2025-11-14T12:50:00,1763104800000,NIFTY,hybrid,0.9,,15,60,2025-11-14T13:38:00,1763107680000,48,233.43774529635766
2025-11-14T12:50:00,1763104800000,NIFTY,hybrid,0.9,,15,60,2025-11-14T13:39:00,1763107740000,49,233.27819623816984
2025-11-14T12:50:00,1763104800000,NIFTY,hybrid,0.9,,15,60,2025-11-14T13:40:00,1763107800000,50,233.3123289637101
2025-11-14T12:50:00,1763104800000,NIFTY,hybrid,0.9,,15,60,2025-11-14T13:41:00,1763107860000,51,233.55519507469324
2025-11-14T12:50:00,1763104800000,NIFTY,hybrid,0.9,,15,60,2025-11-14T13:42:00,1763107920000,52,233.16905699696233
2025-11-14T12:50:00,1763104800000,NIFTY,hybrid,0.9,,15,60,2025-11-14T13:43:00,1763107980000,53,233.29301669158232
2025-11-14T12:50:00,1763104800000,NIFTY,hybrid,0.9,,15,60,2025-11-14T13:44:00,1763108040000,54,233.28336055551844
2025-11-14T12:50:00,1763104800000,NIFTY,hybrid,0.9,,15,60,2025-11-14T13:45:00,1763108100000,55,233.3102046694183
2025-11-14T12:50:00,1763104800000,NIFTY,hybrid,0.9,,15,60,2025-11-14T13:46:00,1763108160000,56,233.03152793346294
2025-11-14T12:50:00,1763104800000,NIFTY,hybrid,0.9,,15,60,2025-11-14T13:47:00,1763108220000,57,233.09023783424075
2025-11-14T12:50:00,1763104800000,NIFTY,hybrid,0.9,,15,60,2025-11-14T13:48:00,1763108280000,58,233.15295834627827
2025-11-14T12:50:00,1763104800000,NIFTY,hybrid,0.9,,15,60,2025-11-14T13:49:00,1763108340000,59,233.20499995177053
2025-11-14T12:50:00,1763104800000,NIFTY,hybrid,0.9,,15,60,2025-11-14T13:50:00,1763108400000,60,232.93611832339374
2025-11-14T12:50:30,1763104830000,NIFTY,hybrid,0.9,0,15,60,2025-11-14T12:51:30,1763104890000,1,233.85000000000002
2025-11-14T12:50:30,1763104830000,NIFTY,hybrid,0.9,0,15,60,2025-11-14T12:52:30,1763104950000,2,233.78375094425257
2025-11-14T12:50:30,1763104830000,NIFTY,hybrid,0.9,0,15,60,2025-11-14T12:53:30,1763105010000,3,233.71815458017514
2025-11-14T12:50:30,1763104830000,NIFTY,hybrid,0.9,0,15,60,2025-11-14T12:54:30,1763105070000,4,233.88009328600657
2025-11-14T12:50:30,1763104830000,NIFTY,hybrid,0.9,0,15,60,2025-11-14T12:55:30,1763105130000,5,233.83207302743682
2025-11-14T12:50:30,1763104830000,NIFTY,hybrid,0.9,0,15,60,2025-11-14T12:56:30,1763105190000,6,233.7443931258061
2025-11-14T12:50:30,1763104830000,NIFTY,hybrid,0.9,0,15,60,2025-11-14T12:57:30,1763105250000,7,233.40794947570984
2025-11-14T12:50:30,1763104830000,NIFTY,hybrid,0.9,0,15,60,2025-11-14T12:58:30,1763105310000,8,233.38533526756976
2025-11-14T12:50:30,1763104830000,NIFTY,hybrid,0.9,0,15,60,2025-11-14T12:59:30,1763105370000,9,233.40794947570984
2025-11-14T12:50:30,1763104830000,NIFTY,hybrid,0.9,0,15,60,2025-11-14T13:00:30,1763105430000,10,233.60594236433684
2025-11-14T12:50:30,1763104830000,NIFTY,hybrid,0.9,0,15,60,2025-11-14T13:01:30,1763105490000,11,233.12461778957237
2025-11-14T12:50:30,1763104830000,NIFTY,hybrid,0.9,0,15,60,2025-11-14T13:02:30,1763105550000,12,232.71443812985228
2025-11-14T12:50:30,1763104830000,NIFTY,hybrid,0.9,0,15,60,2025-11-14T13:03:30,1763105610000,13,232.14066850811187
2025-11-14T12:50:30,1763104830000,NIFTY,hybrid,0.9,0,15,60,2025-11-14T13:04:30,1763105670000,14,232.75757221122106
2025-11-14T12:50:30,1763104830000,NIFTY,hybrid,0.9,0,15,60,2025-11-14T13:05:30,1763105730000,15,232.71443812985228
2025-11-14T12:50:30,1763104830000,NIFTY,hybrid,0.9,0,15,60,2025-11-14T13:06:30,1763105790000,16,233.08450740834198
2025-11-14T12:50:30,1763104830000,NIFTY,hybrid,0.9,0,15,60,2025-11-14T13:07:30,1763105850000,17,232.72306494612604
2025-11-14T12:50:30,1763104830000,NIFTY,hybrid,0.9,0,15,60,2025-11-14T13:08:30,1763105910000,18,232.6713040484835
2025-11-14T12:50:30,1763104830000,NIFTY,hybrid,0.9,0,15,60,2025-11-14T13:09:30,1763105970000,19,232.9998127731851
2025-11-14T12:50:30,1763104830000,NIFTY,hybrid,0.9,0,15,60,2025-11-14T13:10:30,1763106030000,20,233.42544564880015
2025-11-14T12:50:30,1763104830000,NIFTY,hybrid,0.9,0,15,60,2025-11-14T13:11:30,1763106090000,21,232.98741289163993
2025-11-14T12:50:30,1763104830000,NIFTY,hybrid,0.9,0,15,60,2025-11-14T13:12:30,1763106150000,22,233.16472817080273
2025-11-14T12:50:30,1763104830000,NIFTY,hybrid,0.9,0,15,60,2025-11-14T13:13:30,1763106210000,23,232.77887757575846
2025-11-14T12:50:30,1763104830000,NIFTY,hybrid,0.9,0,15,60,2025-11-14T13:14:30,1763106270000,24,232.84688534872618
2025-11-14T12:50:30,1763104830000,NIFTY,hybrid,0.9,0,15,60,2025-11-14T13:15:30,1763106330000,25,232.71086980279074
2025-11-14T12:50:30,1763104830000,NIFTY,hybrid,0.9,0,15,60,2025-11-14T13:16:30,1763106390000,26,232.3931080258113
2025-11-14T12:50:30,1763104830000,NIFTY,hybrid,0.9,0,15,60,2025-11-14T13:17:30,1763106450000,27,232.51118148115066
2025-11-14T12:50:30,1763104830000,NIFTY,hybrid,0.9,0,15,60,2025-11-14T13:18:30,1763106510000,28,232.7210898461984
2025-11-14T12:50:30,1763104830000,NIFTY,hybrid,0.9,0,15,60,2025-11-14T13:19:30,1763106570000,29,232.69485130056742
2025-11-14T12:50:30,1763104830000,NIFTY,hybrid,0.9,0,15,60,2025-11-14T13:20:30,1763106630000,30,232.57677784522807
2025-11-14T12:50:30,1763104830000,NIFTY,hybrid,0.9,0,15,60,2025-11-14T13:21:30,1763106690000,31,232.87852111998419
2025-11-14T12:50:30,1763104830000,NIFTY,hybrid,0.9,0,15,60,2025-11-14T13:22:30,1763106750000,32,232.77356693746032
2025-11-14T12:50:30,1763104830000,NIFTY,hybrid,0.9,0,15,60,2025-11-14T13:23:30,1763106810000,33,232.76044766464483
2025-11-14T12:50:30,1763104830000,NIFTY,hybrid,0.9,0,15,60,2025-11-14T13:24:30,1763106870000,34,233.44195336219371
2025-11-14T12:50:30,1763104830000,NIFTY,hybrid,0.9,0,15,60,2025-11-14T13:25:30,1763106930000,35,232.84384512095974
2025-11-14T12:50:30,1763104830000,NIFTY,hybrid,0.9,0,15,60,2025-11-14T13:26:30,1763106990000,36,232.85228257435324
2025-11-14T12:50:30,1763104830000,NIFTY,hybrid,0.9,0,15,60,2025-11-14T13:27:30,1763107050000,37,232.7998054830913
2025-11-14T12:50:30,1763104830000,NIFTY,hybrid,0.9,0,15,60,2025-11-14T13:28:30,1763107110000,38,232.98423145526604
2025-11-14T12:50:30,1763104830000,NIFTY,hybrid,0.9,0,15,60,2025-11-14T13:29:30,1763107170000,39,232.6423742093055
2025-11-14T12:50:30,1763104830000,NIFTY,hybrid,0.9,0,15,60,2025-11-14T13:30:30,1763107230000,40,232.65549348212096
2025-11-14T12:50:30,1763104830000,NIFTY,hybrid,0.9,0,15,60,2025-11-14T13:31:30,1763107290000,41,232.7079705733829
2025-11-14T12:50:30,1763104830000,NIFTY,hybrid,0.9,0,15,60,2025-11-14T13:32:30,1763107350000,42,232.31463285663196
2025-11-14T12:50:30,1763104830000,NIFTY,hybrid,0.9,0,15,60,2025-11-14T13:33:30,1763107410000,43,232.38186121862967
2025-11-14T12:50:30,1763104830000,NIFTY,hybrid,0.9,0,15,60,2025-11-14T13:34:30,1763107470000,44,232.66267723220975
2025-11-14T12:50:30,1763104830000,NIFTY,hybrid,0.9,0,15,60,2025-11-14T13:35:30,1763107530000,45,232.5936627020197
2025-11-14T12:50:30,1763104830000,NIFTY,hybrid,0.9,0,15,60,2025-11-14T13:36:30,1763107590000,46,232.4718236627042
2025-11-14T12:50:30,1763104830000,NIFTY,hybrid,0.9,0,15,60,2025-11-14T13:37:30,1763107650000,47,232.56365857241258
2025-11-14T12:50:30,1763104830000,NIFTY,hybrid,0.9,0,15,60,2025-11-14T13:38:30,1763107710000,48,232.56365857241258
2025-11-14T12:50:30,1763104830000,NIFTY,hybrid,0.9,0,15,60,2025-11-14T13:39:30,1763107770000,49,232.51118148115066
2025-11-14T12:50:30,1763104830000,NIFTY,hybrid,0.9,0,15,60,2025-11-14T13:40:30,1763107830000,50,232.54513009776687
2025-11-14T12:50:30,1763104830000,NIFTY,hybrid,0.9,0,15,60,2025-11-14T13:41:30,1763107890000,51,232.7866862102758
2025-11-14T12:50:30,1763104830000,NIFTY,hybrid,0.9,0,15,60,2025-11-14T13:42:30,1763107950000,52,232.40263092742566
2025-11-14T12:50:30,1763104830000,NIFTY,hybrid,0.9,0,15,60,2025-11-14T13:43:30,1763108010000,53,232.52592199433897
2025-11-14T12:50:30,1763104830000,NIFTY,hybrid,0.9,0,15,60,2025-11-14T13:44:30,1763108070000,54,232.51631794262502
2025-11-14T12:50:30,1763104830000,NIFTY,hybrid,0.9,0,15,60,2025-11-14T13:45:30,1763108130000,55,232.54301726173196
2025-11-14T12:50:30,1763104830000,NIFTY,hybrid,0.9,0,15,60,2025-11-14T13:46:30,1763108190000,56,232.265843683617
2025-11-14T12:50:30,1763104830000,NIFTY,hybrid,0.9,0,15,60,2025-11-14T13:47:30,1763108250000,57,232.32423690834594
2025-11-14T12:50:30,1763104830000,NIFTY,hybrid,0.9,0,15,60,2025-11-14T13:48:30,1763108310000,58,232.3866191114496
2025-11-14T12:50:30,1763104830000,NIFTY,hybrid,0.9,0,15,60,2025-11-14T13:49:30,1763108370000,59,232.4383800090921
2025-11-14T12:50:30,1763104830000,NIFTY,hybrid,0.9,0,15,60,2025-11-14T13:50:30,1763108430000,60,232.17094870460568
2025-11-14T12:50:30,1763104830000,NIFTY,hybrid,0.9,,15,60,2025-11-14T12:51:30,1763104890000,1,233.85000000000002
2025-11-14T12:50:30,1763104830000,NIFTY,hybrid,0.9,,15,60,2025-11-14T12:52:30,1763104950000,2,233.78375094425257
2025-11-14T12:50:30,1763104830000,NIFTY,hybrid,0.9,,15,60,2025-11-14T12:53:30,1763105010000,3,233.71815458017514
2025-11-14T12:50:30,1763104830000,NIFTY,hybrid,0.9,,15,60,2025-11-14T12:54:30,1763105070000,4,233.88009328600657
2025-11-14T12:50:30,1763104830000,NIFTY,hybrid,0.9,,15,60,2025-11-14T12:55:30,1763105130000,5,233.83207302743682
2025-11-14T12:50:30,1763104830000,NIFTY,hybrid,0.9,,15,60,2025-11-14T12:56:30,1763105190000,6,233.7443931258061
2025-11-14T12:50:30,1763104830000,NIFTY,hybrid,0.9,,15,60,2025-11-14T12:57:30,1763105250000,7,233.40794947570984
2025-11-14T12:50:30,1763104830000,NIFTY,hybrid,0.9,,15,60,2025-11-14T12:58:30,1763105310000,8,233.38533526756976
2025-11-14T12:50:30,1763104830000,NIFTY,hybrid,0.9,,15,60,2025-11-14T12:59:30,1763105370000,9,233.40794947570984
2025-11-14T12:50:30,1763104830000,NIFTY,hybrid,0.9,,15,60,2025-11-14T13:00:30,1763105430000,10,233.60594236433684
2025-11-14T12:50:30,1763104830000,NIFTY,hybrid,0.9,,15,60,2025-11-14T13:01:30,1763105490000,11,233.12461778957237
2025-11-14T12:50:30,1763104830000,NIFTY,hybrid,0.9,,15,60,2025-11-14T13:02:30,1763105550000,12,232.71443812985228
2025-11-14T12:50:30,1763104830000,NIFTY,hybrid,0.9,,15,60,2025-11-14T13:03:30,1763105610000,13,232.14066850811187
2025-11-14T12:50:30,1763104830000,NIFTY,hybrid,0.9,,15,60,2025-11-14T13:04:30,1763105670000,14,232.75757221122106
2025-11-14T12:50:30,1763104830000,NIFTY,hybrid,0.9,,15,60,2025-11-14T13:05:30,1763105730000,15,232.71443812985228
2025-11-14T12:50:30,1763104830000,NIFTY,hybrid,0.9,,15,60,2025-11-14T13:06:30,1763105790000,16,233.08450740834198
2025-11-14T12:50:30,1763104830000,NIFTY,hybrid,0.9,,15,60,2025-11-14T13:07:30,1763105850000,17,232.72306494612604
2025-11-14T12:50:30,1763104830000,NIFTY,hybrid,0.9,,15,60,2025-11-14T13:08:30,1763105910000,18,232.6713040484835
2025-11-14T12:50:30,1763104830000,NIFTY,hybrid,0.9,,15,60,2025-11-14T13:09:30,1763105970000,19,232.9998127731851
2025-11-14T12:50:30,1763104830000,NIFTY,hybrid,0.9,,15,60,2025-11-14T13:10:30,1763106030000,20,233.42544564880015
2025-11-14T12:50:30,1763104830000,NIFTY,hybrid,0.9,,15,60,2025-11-14T13:11:30,1763106090000,21,232.98741289163993
2025-11-14T12:50:30,1763104830000,NIFTY,hybrid,0.9,,15,60,2025-11-14T13:12:30,1763106150000,22,233.16472817080273
2025-11-14T12:50:30,1763104830000,NIFTY,hybrid,0.9,,15,60,2025-11-14T13:13:30,1763106210000,23,232.77887757575846
2025-11-14T12:50:30,1763104830000,NIFTY,hybrid,0.9,,15,60,2025-11-14T13:14:30,1763106270000,24,232.84688534872618
2025-11-14T12:50:30,1763104830000,NIFTY,hybrid,0.9,,15,60,2025-11-14T13:15:30,1763106330000,25,232.71086980279074
2025-11-14T12:50:30,1763104830000,NIFTY,hybrid,0.9,,15,60,2025-11-14T13:16:30,1763106390000,26,232.3931080258113
2025-11-14T12:50:30,1763104830000,NIFTY,hybrid,0.9,,15,60,2025-11-14T13:17:30,1763106450000,27,232.51118148115066
2025-11-14T12:50:30,1763104830000,NIFTY,hybrid,0.9,,15,60,2025-11-14T13:18:30,1763106510000,28,232.7210898461984
2025-11-14T12:50:30,1763104830000,NIFTY,hybrid,0.9,,15,60,2025-11-14T13:19:30,1763106570000,29,232.69485130056742
2025-11-14T12:50:30,1763104830000,NIFTY,hybrid,0.9,,15,60,2025-11-14T13:20:30,1763106630000,30,232.57677784522807
2025-11-14T12:50:30,1763104830000,NIFTY,hybrid,0.9,,15,60,2025-11-14T13:21:30,1763106690000,31,232.87852111998419
2025-11-14T12:50:30,1763104830000,NIFTY,hybrid,0.9,,15,60,2025-11-14T13:22:30,1763106750000,32,232.77356693746032
2025-11-14T12:50:30,1763104830000,NIFTY,hybrid,0.9,,15,60,2025-11-14T13:23:30,1763106810000,33,232.76044766464483
2025-11-14T12:50:30,1763104830000,NIFTY,hybrid,0.9,,15,60,2025-11-14T13:24:30,1763106870000,34,233.44195336219371
2025-11-14T12:50:30,1763104830000,NIFTY,hybrid,0.9,,15,60,2025-11-14T13:25:30,1763106930000,35,232.84384512095974
2025-11-14T12:50:30,1763104830000,NIFTY,hybrid,0.9,,15,60,2025-11-14T13:26:30,1763106990000,36,232.85228257435324
2025-11-14T12:50:30,1763104830000,NIFTY,hybrid,0.9,,15,60,2025-11-14T13:27:30,1763107050000,37,232.7998054830913
2025-11-14T12:50:30,1763104830000,NIFTY,hybrid,0.9,,15,60,2025-11-14T13:28:30,1763107110000,38,232.98423145526604
2025-11-14T12:50:30,1763104830000,NIFTY,hybrid,0.9,,15,60,2025-11-14T13:29:30,1763107170000,39,232.6423742093055
2025-11-14T12:50:30,1763104830000,NIFTY,hybrid,0.9,,15,60,2025-11-14T13:30:30,1763107230000,40,232.65549348212096
2025-11-14T12:50:30,1763104830000,NIFTY,hybrid,0.9,,15,60,2025-11-14T13:31:30,1763107290000,41,232.7079705733829
2025-11-14T12:50:30,1763104830000,NIFTY,hybrid,0.9,,15,60,2025-11-14T13:32:30,1763107350000,42,232.31463285663196
2025-11-14T12:50:30,1763104830000,NIFTY,hybrid,0.9,,15,60,2025-11-14T13:33:30,1763107410000,43,232.38186121862967
2025-11-14T12:50:30,1763104830000,NIFTY,hybrid,0.9,,15,60,2025-11-14T13:34:30,1763107470000,44,232.66267723220975
2025-11-14T12:50:30,1763104830000,NIFTY,hybrid,0.9,,15,60,2025-11-14T13:35:30,1763107530000,45,232.5936627020197
2025-11-14T12:50:30,1763104830000,NIFTY,hybrid,0.9,,15,60,2025-11-14T13:36:30,1763107590000,46,232.4718236627042
2025-11-14T12:50:30,1763104830000,NIFTY,hybrid,0.9,,15,60,2025-11-14T13:37:30,1763107650000,47,232.56365857241258
2025-11-14T12:50:30,1763104830000,NIFTY,hybrid,0.9,,15,60,2025-11-14T13:38:30,1763107710000,48,232.56365857241258
2025-11-14T12:50:30,1763104830000,NIFTY,hybrid,0.9,,15,60,2025-11-14T13:39:30,1763107770000,49,232.51118148115066
2025-11-14T12:50:30,1763104830000,NIFTY,hybrid,0.9,,15,60,2025-11-14T13:40:30,1763107830000,50,232.54513009776687
2025-11-14T12:50:30,1763104830000,NIFTY,hybrid,0.9,,15,60,2025-11-14T13:41:30,1763107890000,51,232.7866862102758
2025-11-14T12:50:30,1763104830000,NIFTY,hybrid,0.9,,15,60,2025-11-14T13:42:30,1763107950000,52,232.40263092742566
2025-11-14T12:50:30,1763104830000,NIFTY,hybrid,0.9,,15,60,2025-11-14T13:43:30,1763108010000,53,232.52592199433897
2025-11-14T12:50:30,1763104830000,NIFTY,hybrid,0.9,,15,60,2025-11-14T13:44:30,1763108070000,54,232.51631794262502
2025-11-14T12:50:30,1763104830000,NIFTY,hybrid,0.9,,15,60,2025-11-14T13:45:30,1763108130000,55,232.54301726173196
2025-11-14T12:50:30,1763104830000,NIFTY,hybrid,0.9,,15,60,2025-11-14T13:46:30,1763108190000,56,232.265843683617
2025-11-14T12:50:30,1763104830000,NIFTY,hybrid,0.9,,15,60,2025-11-14T13:47:30,1763108250000,57,232.32423690834594
2025-11-14T12:50:30,1763104830000,NIFTY,hybrid,0.9,,15,60,2025-11-14T13:48:30,1763108310000,58,232.3866191114496
2025-11-14T12:50:30,1763104830000,NIFTY,hybrid,0.9,,15,60,2025-11-14T13:49:30,1763108370000,59,232.4383800090921
2025-11-14T12:50:30,1763104830000,NIFTY,hybrid,0.9,,15,60,2025-11-14T13:50:30,1763108430000,60,232.17094870460568
2025-11-14T12:50:30,1763104830000,NIFTY,hybrid,0.9,0,15,60,2025-11-14T12:51:30,1763104890000,1,233.95
2025-11-14T12:50:30,1763104830000,NIFTY,hybrid,0.9,0,15,60,2025-11-14T12:52:30,1763104950000,2,234.2058260362782
2025-11-14T12:50:30,1763104830000,NIFTY,hybrid,0.9,0,15,60,2025-11-14T12:53:30,1763105010000,3,234.22175612606708
2025-11-14T12:50:30,1763104830000,NIFTY,hybrid,0.9,0,15,60,2025-11-14T12:54:30,1763105070000,4,234.27271039970466
2025-11-14T12:50:30,1763104830000,NIFTY,hybrid,0.9,0,15,60,2025-11-14T12:55:30,1763105130000,5,234.08587806303353
2025-11-14T12:50:30,1763104830000,NIFTY,hybrid,0.9,0,15,60,2025-11-14T12:56:30,1763105190000,6,233.84449987198295
2025-11-14T12:50:30,1763104830000,NIFTY,hybrid,0.9,0,15,60,2025-11-14T12:57:30,1763105250000,7,233.50839629514095
2025-11-14T12:50:30,1763104830000,NIFTY,hybrid,0.9,0,15,60,2025-11-14T12:58:30,1763105310000,8,233.48580494517444
2025-11-14T12:50:30,1763104830000,NIFTY,hybrid,0.9,0,15,60,2025-11-14T12:59:30,1763105370000,9,233.50839629514095
2025-11-14T12:50:30,1763104830000,NIFTY,hybrid,0.9,0,15,60,2025-11-14T13:00:30,1763105430000,10,233.70618905490255
2025-11-14T12:50:30,1763104830000,NIFTY,hybrid,0.9,0,15,60,2025-11-14T13:01:30,1763105490000,11,233.225350997314
2025-11-14T12:50:30,1763104830000,NIFTY,hybrid,0.9,0,15,60,2025-11-14T13:02:30,1763105550000,12,233.14413881029049
2025-11-14T12:50:30,1763104830000,NIFTY,hybrid,0.9,0,15,60,2025-11-14T13:03:30,1763105610000,13,233.03950960214223
2025-11-14T12:50:30,1763104830000,NIFTY,hybrid,0.9,0,15,60,2025-11-14T13:04:30,1763105670000,14,233.80518183595294
2025-11-14T12:50:30,1763104830000,NIFTY,hybrid,0.9,0,15,60,2025-11-14T13:05:30,1763105730000,15,233.04802590381786
2025-11-14T12:50:30,1763104830000,NIFTY,hybrid,0.9,0,15,60,2025-11-14T13:06:30,1763105790000,16,233.38578945163292
2025-11-14T12:50:30,1763104830000,NIFTY,hybrid,0.9,0,15,60,2025-11-14T13:07:30,1763105850000,17,233.01882111535292
2025-11-14T12:50:30,1763104830000,NIFTY,hybrid,0.9,0,15,60,2025-11-14T13:08:30,1763105910000,18,231.6646263004354
2025-11-14T12:50:30,1763104830000,NIFTY,hybrid,0.9,0,15,60,2025-11-14T13:09:30,1763105970000,19,233.10067213235823
2025-11-14T12:50:30,1763104830000,NIFTY,hybrid,0.9,0,15,60,2025-11-14T13:10:30,1763106030000,20,233.72919814757046
2025-11-14T12:50:30,1763104830000,NIFTY,hybrid,0.9,0,15,60,2025-11-14T13:11:30,1763106090000,21,233.19743538216014
2025-11-14T12:50:30,1763104830000,NIFTY,hybrid,0.9,0,15,60,2025-11-14T13:12:30,1763106150000,22,233.26542083544638
2025-11-14T12:50:30,1763104830000,NIFTY,hybrid,0.9,0,15,60,2025-11-14T13:13:30,1763106210000,23,232.8799602536108
2025-11-14T12:50:30,1763104830000,NIFTY,hybrid,0.9,0,15,60,2025-11-14T13:14:30,1763106270000,24,232.93095252281196
2025-11-14T12:50:30,1763104830000,NIFTY,hybrid,0.9,0,15,60,2025-11-14T13:15:30,1763106330000,25,232.81202122209402
2025-11-14T12:50:30,1763104830000,NIFTY,hybrid,0.9,0,15,60,2025-11-14T13:16:30,1763106390000,26,232.4945806349529
2025-11-14T12:50:30,1763104830000,NIFTY,hybrid,0.9,0,15,60,2025-11-14T13:17:30,1763106450000,27,231.5452416542015
2025-11-14T12:50:30,1763104830000,NIFTY,hybrid,0.9,0,15,60,2025-11-14T13:18:30,1763106510000,28,231.72289689376694
2025-11-14T12:50:30,1763104830000,NIFTY,hybrid,0.9,0,15,60,2025-11-14T13:19:30,1763106570000,29,232.7960189111829
2025-11-14T12:50:30,1763104830000,NIFTY,hybrid,0.9,0,15,60,2025-11-14T13:20:30,1763106630000,30,231.79395898959314
2025-11-14T12:50:30,1763104830000,NIFTY,hybrid,0.9,0,15,60,2025-11-14T13:21:30,1763106690000,31,231.8650210854193
2025-11-14T12:50:30,1763104830000,NIFTY,hybrid,0.9,0,15,60,2025-11-14T13:22:30,1763106750000,32,232.1137384208109
2025-11-14T12:50:30,1763104830000,NIFTY,hybrid,0.9,0,15,60,2025-11-14T13:23:30,1763106810000,33,232.8615489712329
2025-11-14T12:50:30,1763104830000,NIFTY,hybrid,0.9,0,15,60,2025-11-14T13:24:30,1763106870000,34,232.7829128991729
2025-11-14T12:50:30,1763104830000,NIFTY,hybrid,0.9,0,15,60,2025-11-14T13:25:30,1763106930000,35,232.7960189111829
2025-11-14T12:50:30,1763104830000,NIFTY,hybrid,0.9,0,15,60,2025-11-14T13:26:30,1763106990000,36,232.6042685062621
2025-11-14T12:50:30,1763104830000,NIFTY,hybrid,0.9,0,15,60,2025-11-14T13:27:30,1763107050000,37,232.74451293972544
2025-11-14T12:50:30,1763104830000,NIFTY,hybrid,0.9,0,15,60,2025-11-14T13:28:30,1763107110000,38,232.73048885113292
2025-11-14T12:50:30,1763104830000,NIFTY,hybrid,0.9,0,15,60,2025-11-14T13:29:30,1763107170000,39,232.64433834439447
2025-11-14T12:50:30,1763104830000,NIFTY,hybrid,0.9,0,15,60,2025-11-14T13:30:30,1763107230000,40,232.344690232246
2025-11-14T12:50:30,1763104830000,NIFTY,hybrid,0.9,0,15,60,2025-11-14T13:31:30,1763107290000,41,231.94311617707783
2025-11-14T12:50:30,1763104830000,NIFTY,hybrid,0.9,0,15,60,2025-11-14T13:32:30,1763107350000,42,232.36384947746782
2025-11-14T12:50:30,1763104830000,NIFTY,hybrid,0.9,0,15,60,2025-11-14T13:33:30,1763107410000,43,232.5994287310329
2025-11-14T12:50:30,1763104830000,NIFTY,hybrid,0.9,0,15,60,2025-11-14T13:34:30,1763107470000,44,232.7829128991729
2025-11-14T12:50:30,1763104830000,NIFTY,hybrid,0.9,0,15,60,2025-11-14T13:35:30,1763107530000,45,232.70427682711292
2025-11-14T12:50:30,1763104830000,NIFTY,hybrid,0.9,0,15,60,2025-11-14T13:36:30,1763107590000,46,232.5732167070129
2025-11-14T12:50:30,1763104830000,NIFTY,hybrid,0.9,0,15,60,2025-11-14T13:37:30,1763107650000,47,233.2361587499253
2025-11-14T12:50:30,1763104830000,NIFTY,hybrid,0.9,0,15,60,2025-11-14T13:38:30,1763107710000,48,233.3895029899866
2025-11-14T12:50:30,1763104830000,NIFTY,hybrid,0.9,0,15,60,2025-11-14T13:39:30,1763107770000,49,232.61253474304291
2025-11-14T12:50:30,1763104830000,NIFTY,hybrid,0.9,0,15,60,2025-11-14T13:40:30,1763107830000,50,232.5338986709829
2025-11-14T12:50:30,1763104830000,NIFTY,hybrid,0.9,0,15,60,2025-11-14T13:41:30,1763107890000,51,232.8877609952529
2025-11-14T12:50:30,1763104830000,NIFTY,hybrid,0.9,0,15,60,2025-11-14T13:42:30,1763107950000,52,232.50409391093115
2025-11-14T12:50:30,1763104830000,NIFTY,hybrid,0.9,0,15,60,2025-11-14T13:43:30,1763108010000,53,232.30374472026924
2025-11-14T12:50:30,1763104830000,NIFTY,hybrid,0.9,0,15,60,2025-11-14T13:44:30,1763108070000,54,232.5934075676376
2025-11-14T12:50:30,1763104830000,NIFTY,hybrid,0.9,0,15,60,2025-11-14T13:45:30,1763108130000,55,232.64433834439447
2025-11-14T12:50:30,1763104830000,NIFTY,hybrid,0.9,0,15,60,2025-11-14T13:46:30,1763108190000,56,232.36384947746782
2025-11-14T12:50:30,1763104830000,NIFTY,hybrid,0.9,0,15,60,2025-11-14T13:47:30,1763108250000,57,232.29191942124262
2025-11-14T12:50:30,1763104830000,NIFTY,hybrid,0.9,0,15,60,2025-11-14T13:48:30,1763108310000,58,232.09597289685436
2025-11-14T12:50:30,1763104830000,NIFTY,hybrid,0.9,0,15,60,2025-11-14T13:49:30,1763108370000,59,232.3744579897699
2025-11-14T12:50:30,1763104830000,NIFTY,hybrid,0.9,0,15,60,2025-11-14T13:50:30,1763108430000,60,232.00714527707166
2025-11-14T12:50:30,1763104830000,NIFTY,hybrid,0.9,,15,60,2025-11-14T12:51:30,1763104890000,1,233.95
2025-11-14T12:50:30,1763104830000,NIFTY,hybrid,0.9,,15,60,2025-11-14T12:52:30,1763104950000,2,234.2058260362782
2025-11-14T12:50:30,1763104830000,NIFTY,hybrid,0.9,,15,60,2025-11-14T12:53:30,1763105010000,3,234.22175612606708
2025-11-14T12:50:30,1763104830000,NIFTY,hybrid,0.9,,15,60,2025-11-14T12:54:30,1763105070000,4,234.27271039970466
2025-11-14T12:50:30,1763104830000,NIFTY,hybrid,0.9,,15,60,2025-11-14T12:55:30,1763105130000,5,234.08587806303353
2025-11-14T12:50:30,1763104830000,NIFTY,hybrid,0.9,,15,60,2025-11-14T12:56:30,1763105190000,6,233.84449987198295
2025-11-14T12:50:30,1763104830000,NIFTY,hybrid,0.9,,15,60,2025-11-14T12:57:30,1763105250000,7,233.50839629514095
2025-11-14T12:50:30,1763104830000,NIFTY,hybrid,0.9,,15,60,2025-11-14T12:58:30,1763105310000,8,233.48580494517444
2025-11-14T12:50:30,1763104830000,NIFTY,hybrid,0.9,,15,60,2025-11-14T12:59:30,1763105370000,9,233.50839629514095
2025-11-14T12:50:30,1763104830000,NIFTY,hybrid,0.9,,15,60,2025-11-14T13:00:30,1763105430000,10,233.70618905490255
2025-11-14T12:50:30,1763104830000,NIFTY,hybrid,0.9,,15,60,2025-11-14T13:01:30,1763105490000,11,233.225350997314
2025-11-14T12:50:30,1763104830000,NIFTY,hybrid,0.9,,15,60,2025-11-14T13:02:30,1763105550000,12,233.14413881029049
2025-11-14T12:50:30,1763104830000,NIFTY,hybrid,0.9,,15,60,2025-11-14T13:03:30,1763105610000,13,233.03950960214223
2025-11-14T12:50:30,1763104830000,NIFTY,hybrid,0.9,,15,60,2025-11-14T13:04:30,1763105670000,14,233.80518183595294
2025-11-14T12:50:30,1763104830000,NIFTY,hybrid,0.9,,15,60,2025-11-14T13:05:30,1763105730000,15,233.04802590381786
2025-11-14T12:50:30,1763104830000,NIFTY,hybrid,0.9,,15,60,2025-11-14T13:06:30,1763105790000,16,233.38578945163292
2025-11-14T12:50:30,1763104830000,NIFTY,hybrid,0.9,,15,60,2025-11-14T13:07:30,1763105850000,17,233.01882111535292
2025-11-14T12:50:30,1763104830000,NIFTY,hybrid,0.9,,15,60,2025-11-14T13:08:30,1763105910000,18,231.6646263004354
2025-11-14T12:50:30,1763104830000,NIFTY,hybrid,0.9,,15,60,2025-11-14T13:09:30,1763105970000,19,233.10067213235823
2025-11-14T12:50:30,1763104830000,NIFTY,hybrid,0.9,,15,60,2025-11-14T13:10:30,1763106030000,20,233.72919814757046
2025-11-14T12:50:30,1763104830000,NIFTY,hybrid,0.9,,15,60,2025-11-14T13:11:30,1763106090000,21,233.19743538216014
2025-11-14T12:50:30,1763104830000,NIFTY,hybrid,0.9,,15,60,2025-11-14T13:12:30,1763106150000,22,233.26542083544638
2025-11-14T12:50:30,1763104830000,NIFTY,hybrid,0.9,,15,60,2025-11-14T13:13:30,1763106210000,23,232.8799602536108
2025-11-14T12:50:30,1763104830000,NIFTY,hybrid,0.9,,15,60,2025-11-14T13:14:30,1763106270000,24,232.93095252281196
2025-11-14T12:50:30,1763104830000,NIFTY,hybrid,0.9,,15,60,2025-11-14T13:15:30,1763106330000,25,232.81202122209402
2025-11-14T12:50:30,1763104830000,NIFTY,hybrid,0.9,,15,60,2025-11-14T13:16:30,1763106390000,26,232.4945806349529
2025-11-14T12:50:30,1763104830000,NIFTY,hybrid,0.9,,15,60,2025-11-14T13:17:30,1763106450000,27,231.5452416542015
2025-11-14T12:50:30,1763104830000,NIFTY,hybrid,0.9,,15,60,2025-11-14T13:18:30,1763106510000,28,231.72289689376694
2025-11-14T12:50:30,1763104830000,NIFTY,hybrid,0.9,,15,60,2025-11-14T13:19:30,1763106570000,29,232.7960189111829
2025-11-14T12:50:30,1763104830000,NIFTY,hybrid,0.9,,15,60,2025-11-14T13:20:30,1763106630000,30,231.79395898959314
2025-11-14T12:50:30,1763104830000,NIFTY,hybrid,0.9,,15,60,2025-11-14T13:21:30,1763106690000,31,231.8650210854193
2025-11-14T12:50:30,1763104830000,NIFTY,hybrid,0.9,,15,60,2025-11-14T13:22:30,1763106750000,32,232.1137384208109
2025-11-14T12:50:30,1763104830000,NIFTY,hybrid,0.9,,15,60,2025-11-14T13:23:30,1763106810000,33,232.8615489712329
2025-11-14T12:50:30,1763104830000,NIFTY,hybrid,0.9,,15,60,2025-11-14T13:24:30,1763106870000,34,232.7829128991729
2025-11-14T12:50:30,1763104830000,NIFTY,hybrid,0.9,,15,60,2025-11-14T13:25:30,1763106930000,35,232.7960189111829
2025-11-14T12:50:30,1763104830000,NIFTY,hybrid,0.9,,15,60,2025-11-14T13:26:30,1763106990000,36,232.6042685062621
2025-11-14T12:50:30,1763104830000,NIFTY,hybrid,0.9,,15,60,2025-11-14T13:27:30,1763107050000,37,232.74451293972544
2025-11-14T12:50:30,1763104830000,NIFTY,hybrid,0.9,,15,60,2025-11-14T13:28:30,1763107110000,38,232.73048885113292
2025-11-14T12:50:30,1763104830000,NIFTY,hybrid,0.9,,15,60,2025-11-14T13:29:30,1763107170000,39,232.64433834439447
2025-11-14T12:50:30,1763104830000,NIFTY,hybrid,0.9,,15,60,2025-11-14T13:30:30,1763107230000,40,232.344690232246
2025-11-14T12:50:30,1763104830000,NIFTY,hybrid,0.9,,15,60,2025-11-14T13:31:30,1763107290000,41,231.94311617707783
2025-11-14T12:50:30,1763104830000,NIFTY,hybrid,0.9,,15,60,2025-11-14T13:32:30,1763107350000,42,232.36384947746782
2025-11-14T12:50:30,1763104830000,NIFTY,hybrid,0.9,,15,60,2025-11-14T13:33:30,1763107410000,43,232.5994287310329
2025-11-14T12:50:30,1763104830000,NIFTY,hybrid,0.9,,15,60,2025-11-14T13:34:30,1763107470000,44,232.7829128991729
2025-11-14T12:50:30,1763104830000,NIFTY,hybrid,0.9,,15,60,2025-11-14T13:35:30,1763107530000,45,232.70427682711292
2025-11-14T12:50:30,1763104830000,NIFTY,hybrid,0.9,,15,60,2025-11-14T13:36:30,1763107590000,46,232.5732167070129
2025-11-14T12:50:30,1763104830000,NIFTY,hybrid,0.9,,15,60,2025-11-14T13:37:30,1763107650000,47,233.2361587499253
2025-11-14T12:50:30,1763104830000,NIFTY,hybrid,0.9,,15,60,2025-11-14T13:38:30,1763107710000,48,233.3895029899866
2025-11-14T12:50:30,1763104830000,NIFTY,hybrid,0.9,,15,60,2025-11-14T13:39:30,1763107770000,49,232.61253474304291
2025-11-14T12:50:30,1763104830000,NIFTY,hybrid,0.9,,15,60,2025-11-14T13:40:30,1763107830000,50,232.5338986709829
2025-11-14T12:50:30,1763104830000,NIFTY,hybrid,0.9,,15,60,2025-11-14T13:41:30,1763107890000,51,232.8877609952529
2025-11-14T12:50:30,1763104830000,NIFTY,hybrid,0.9,,15,60,2025-11-14T13:42:30,1763107950000,52,232.50409391093115
2025-11-14T12:50:30,1763104830000,NIFTY,hybrid,0.9,,15,60,2025-11-14T13:43:30,1763108010000,53,232.30374472026924
2025-11-14T12:50:30,1763104830000,NIFTY,hybrid,0.9,,15,60,2025-11-14T13:44:30,1763108070000,54,232.5934075676376
2025-11-14T12:50:30,1763104830000,NIFTY,hybrid,0.9,,15,60,2025-11-14T13:45:30,1763108130000,55,232.64433834439447
2025-11-14T12:50:30,1763104830000,NIFTY,hybrid,0.9,,15,60,2025-11-14T13:46:30,1763108190000,56,232.36384947746782
2025-11-14T12:50:30,1763104830000,NIFTY,hybrid,0.9,,15,60,2025-11-14T13:47:30,1763108250000,57,232.29191942124262
2025-11-14T12:50:30,1763104830000,NIFTY,hybrid,0.9,,15,60,2025-11-14T13:48:30,1763108310000,58,232.09597289685436
2025-11-14T12:50:30,1763104830000,NIFTY,hybrid,0.9,,15,60,2025-11-14T13:49:30,1763108370000,59,232.3744579897699
2025-11-14T12:50:30,1763104830000,NIFTY,hybrid,0.9,,15,60,2025-11-14T13:50:30,1763108430000,60,232.00714527707166
2025-11-14T13:23:30,1763106810000,NIFTY,hybrid,0.9,0,15,60,2025-11-14T13:24:30,1763106870000,1,226.45
2025-11-14T13:23:30,1763106810000,NIFTY,hybrid,0.9,0,15,60,2025-11-14T13:25:30,1763106930000,2,226.4113434015679
2025-11-14T13:23:30,1763106810000,NIFTY,hybrid,0.9,0,15,60,2025-11-14T13:26:30,1763106990000,3,226.35583552734542
2025-11-14T13:23:30,1763106810000,NIFTY,hybrid,0.9,0,15,60,2025-11-14T13:27:30,1763107050000,4,226.20485395097816
2025-11-14T13:23:30,1763106810000,NIFTY,hybrid,0.9,0,15,60,2025-11-14T13:28:30,1763107110000,5,226.6347587067496
2025-11-14T13:23:30,1763106810000,NIFTY,hybrid,0.9,0,15,60,2025-11-14T13:29:30,1763107170000,6,226.61068589606188
2025-11-14T13:23:30,1763106810000,NIFTY,hybrid,0.9,0,15,60,2025-11-14T13:30:30,1763107230000,7,226.43980120978668
2025-11-14T13:23:30,1763106810000,NIFTY,hybrid,0.9,0,15,60,2025-11-14T13:31:30,1763107290000,8,226.50681710371268
2025-11-14T13:23:30,1763106810000,NIFTY,hybrid,0.9,0,15,60,2025-11-14T13:32:30,1763107350000,9,226.57628346192902
2025-11-14T13:23:30,1763106810000,NIFTY,hybrid,0.9,0,15,60,2025-11-14T13:33:30,1763107410000,10,226.46107864607734
2025-11-14T13:23:30,1763106810000,NIFTY,hybrid,0.9,0,15,60,2025-11-14T13:34:30,1763107470000,11,226.14208794471617
2025-11-14T13:23:30,1763106810000,NIFTY,hybrid,0.9,0,15,60,2025-11-14T13:35:30,1763107530000,12,226.57392002654257
2025-11-14T13:23:30,1763106810000,NIFTY,hybrid,0.9,0,15,60,2025-11-14T13:36:30,1763107590000,13,226.11006017747405
2025-11-14T13:23:30,1763106810000,NIFTY,hybrid,0.9,0,15,60,2025-11-14T13:37:30,1763107650000,14,226.38853580390412
2025-11-14T13:23:30,1763106810000,NIFTY,hybrid,0.9,0,15,60,2025-11-14T13:38:30,1763107710000,15,226.74739364508204
2025-11-14T13:23:30,1763106810000,NIFTY,hybrid,0.9,0,15,60,2025-11-14T13:39:30,1763107770000,16,226.4418778434354
2025-11-14T13:23:30,1763106810000,NIFTY,hybrid,0.9,0,15,60,2025-11-14T13:40:30,1763107830000,17,226.34500651174466
2025-11-14T13:23:30,1763106810000,NIFTY,hybrid,0.9,0,15,60,2025-11-14T13:41:30,1763107890000,18,225.99258701033875
2025-11-14T13:23:30,1763106810000,NIFTY,hybrid,0.9,0,15,60,2025-11-14T13:42:30,1763107950000,19,226.17306660644815
2025-11-14T13:23:30,1763106810000,NIFTY,hybrid,0.9,0,15,60,2025-11-14T13:43:30,1763108010000,20,225.98105858002867
2025-11-14T13:23:30,1763106810000,NIFTY,hybrid,0.9,0,15,60,2025-11-14T13:44:30,1763108070000,21,225.86042969731153
2025-11-14T13:23:30,1763106810000,NIFTY,hybrid,0.9,0,15,60,2025-11-14T13:45:30,1763108130000,22,225.86042969731153
2025-11-14T13:23:30,1763106810000,NIFTY,hybrid,0.9,0,15,60,2025-11-14T13:46:30,1763108190000,23,225.1983101085297
2025-11-14T13:23:30,1763106810000,NIFTY,hybrid,0.9,0,15,60,2025-11-14T13:47:30,1763108250000,24,225.3327573162437
2025-11-14T13:23:30,1763106810000,NIFTY,hybrid,0.9,0,15,60,2025-11-14T13:48:30,1763108310000,25,225.44867002939057
2025-11-14T13:23:30,1763106810000,NIFTY,hybrid,0.9,0,15,60,2025-11-14T13:49:30,1763108370000,26,225.2613612526779
2025-11-14T13:23:30,1763106810000,NIFTY,hybrid,0.9,0,15,60,2025-11-14T13:50:30,1763108430000,27,225.21302647435078
2025-11-14T13:23:30,1763106810000,NIFTY,hybrid,0.9,0,15,60,2025-11-14T13:51:30,1763108490000,28,224.964435552368
2025-11-14T13:23:30,1763106810000,NIFTY,hybrid,0.9,0,15,60,2025-11-14T13:52:30,1763108550000,29,225.02582251301394
2025-11-14T13:23:30,1763106810000,NIFTY,hybrid,0.9,0,15,60,2025-11-14T13:53:30,1763108610000,30,225.23186156994467
2025-11-14T13:23:30,1763106810000,NIFTY,hybrid,0.9,0,15,60,2025-11-14T13:54:30,1763108670000,31,225.21993882345134
2025-11-14T13:23:30,1763106810000,NIFTY,hybrid,0.9,0,15,60,2025-11-14T13:55:30,1763108730000,32,224.9595799639899
2025-11-14T13:23:30,1763106810000,NIFTY,hybrid,0.9,0,15,60,2025-11-14T13:56:30,1763108790000,33,225.01354512088477
2025-11-14T13:23:30,1763106810000,NIFTY,hybrid,0.9,0,15,60,2025-11-14T13:57:30,1763108850000,34,224.99361798481343
2025-11-14T13:23:30,1763106810000,NIFTY,hybrid,0.9,0,15,60,2025-11-14T13:58:30,1763108910000,35,224.97515835597417
2025-11-14T13:23:30,1763106810000,NIFTY,hybrid,0.9,0,15,60,2025-11-14T13:59:30,1763108970000,36,225.11443145499234
2025-11-14T13:23:30,1763106810000,NIFTY,hybrid,0.9,0,15,60,2025-11-14T14:00:30,1763109030000,37,225.00516654978654
2025-11-14T13:23:30,1763106810000,NIFTY,hybrid,0.9,0,15,60,2025-11-14T14:01:30,1763109090000,38,225.4555163638917
2025-11-14T13:23:30,1763106810000,NIFTY,hybrid,0.9,0,15,60,2025-11-14T14:02:30,1763109150000,39,225.24369556985118
2025-11-14T13:23:30,1763106810000,NIFTY,hybrid,0.9,0,15,60,2025-11-14T14:03:30,1763109210000,40,225.33180044520267
2025-11-14T13:23:30,1763106810000,NIFTY,hybrid,0.9,0,15,60,2025-11-14T14:04:30,1763109270000,41,224.92064436022912
2025-11-14T13:23:30,1763106810000,NIFTY,hybrid,0.9,0,15,60,2025-11-14T14:05:30,1763109330000,42,225.21432727806737
2025-11-14T13:23:30,1763106810000,NIFTY,hybrid,0.9,0,15,60,2025-11-14T14:06:30,1763109390000,43,225.65235847646395
2025-11-14T13:23:30,1763106810000,NIFTY,hybrid,0.9,0,15,60,2025-11-14T14:07:30,1763109450000,44,225.54988773331831
2025-11-14T13:23:30,1763106810000,NIFTY,hybrid,0.9,0,15,60,2025-11-14T14:08:30,1763109510000,45,225.45931113213706
2025-11-14T13:23:30,1763106810000,NIFTY,hybrid,0.9,0,15,60,2025-11-14T14:09:30,1763109570000,46,225.53737848768944
2025-11-14T13:23:30,1763106810000,NIFTY,hybrid,0.9,0,15,60,2025-11-14T14:10:30,1763109630000,47,225.7603559096195
2025-11-14T13:23:30,1763106810000,NIFTY,hybrid,0.9,0,15,60,2025-11-14T14:11:30,1763109690000,48,225.43277831258044
2025-11-14T13:23:30,1763106810000,NIFTY,hybrid,0.9,0,15,60,2025-11-14T14:12:30,1763109750000,49,225.37422360221152
2025-11-14T13:23:30,1763106810000,NIFTY,hybrid,0.9,0,15,60,2025-11-14T14:13:30,1763109810000,50,225.44741699017268
2025-11-14T13:23:30,1763106810000,NIFTY,hybrid,0.9,0,15,60,2025-11-14T14:14:30,1763109870000,51,225.18153437782226
2025-11-14T13:23:30,1763106810000,NIFTY,hybrid,0.9,0,15,60,2025-11-14T14:15:30,1763109930000,52,224.95001265201293
2025-11-14T13:23:30,1763106810000,NIFTY,hybrid,0.9,0,15,60,2025-11-14T14:16:30,1763109990000,53,225.18495898628356
2025-11-14T13:23:30,1763106810000,NIFTY,hybrid,0.9,0,15,60,2025-11-14T14:17:30,1763110050000,54,225.39053702877032
2025-11-14T13:23:30,1763106810000,NIFTY,hybrid,0.9,0,15,60,2025-11-14T14:18:30,1763110110000,55,225.3758528828784
2025-11-14T13:23:30,1763106810000,NIFTY,hybrid,0.9,0,15,60,2025-11-14T14:19:30,1763110170000,56,225.09685411093207
2025-11-14T13:23:30,1763106810000,NIFTY,hybrid,0.9,0,15,60,2025-11-14T14:20:30,1763110230000,57,225.2290114239593
2025-11-14T13:23:30,1763106810000,NIFTY,hybrid,0.9,0,15,60,2025-11-14T14:21:30,1763110290000,58,224.8912760684453
2025-11-14T13:23:30,1763106810000,NIFTY,hybrid,0.9,0,15,60,2025-11-14T14:22:30,1763110350000,59,224.84722363076955
2025-11-14T13:23:30,1763106810000,NIFTY,hybrid,0.9,0,15,60,2025-11-14T14:23:30,1763110410000,60,224.86190777666147
2025-11-14T13:23:30,1763106810000,NIFTY,hybrid,0.9,,15,60,2025-11-14T13:24:30,1763106870000,1,226.45
2025-11-14T13:23:30,1763106810000,NIFTY,hybrid,0.9,,15,60,2025-11-14T13:25:30,1763106930000,2,226.4113434015679
2025-11-14T13:23:30,1763106810000,NIFTY,hybrid,0.9,,15,60,2025-11-14T13:26:30,1763106990000,3,226.35583552734542
2025-11-14T13:23:30,1763106810000,NIFTY,hybrid,0.9,,15,60,2025-11-14T13:27:30,1763107050000,4,226.20485395097816
2025-11-14T13:23:30,1763106810000,NIFTY,hybrid,0.9,,15,60,2025-11-14T13:28:30,1763107110000,5,226.6347587067496
2025-11-14T13:23:30,1763106810000,NIFTY,hybrid,0.9,,15,60,2025-11-14T13:29:30,1763107170000,6,226.61068589606188
2025-11-14T13:23:30,1763106810000,NIFTY,hybrid,0.9,,15,60,2025-11-14T13:30:30,1763107230000,7,226.43980120978668
2025-11-14T13:23:30,1763106810000,NIFTY,hybrid,0.9,,15,60,2025-11-14T13:31:30,1763107290000,8,226.50681710371268
2025-11-14T13:23:30,1763106810000,NIFTY,hybrid,0.9,,15,60,2025-11-14T13:32:30,1763107350000,9,226.57628346192902
2025-11-14T13:23:30,1763106810000,NIFTY,hybrid,0.9,,15,60,2025-11-14T13:33:30,1763107410000,10,226.46107864607734
2025-11-14T13:23:30,1763106810000,NIFTY,hybrid,0.9,,15,60,2025-11-14T13:34:30,1763107470000,11,226.14208794471617
2025-11-14T13:23:30,1763106810000,NIFTY,hybrid,0.9,,15,60,2025-11-14T13:35:30,1763107530000,12,226.57392002654257
2025-11-14T13:23:30,1763106810000,NIFTY,hybrid,0.9,,15,60,2025-11-14T13:36:30,1763107590000,13,226.11006017747405
2025-11-14T13:23:30,1763106810000,NIFTY,hybrid,0.9,,15,60,2025-11-14T13:37:30,1763107650000,14,226.38853580390412
2025-11-14T13:23:30,1763106810000,NIFTY,hybrid,0.9,,15,60,2025-11-14T13:38:30,1763107710000,15,226.74739364508204
2025-11-14T13:23:30,1763106810000,NIFTY,hybrid,0.9,,15,60,2025-11-14T13:39:30,1763107770000,16,226.4418778434354
2025-11-14T13:23:30,1763106810000,NIFTY,hybrid,0.9,,15,60,2025-11-14T13:40:30,1763107830000,17,226.34500651174466
2025-11-14T13:23:30,1763106810000,NIFTY,hybrid,0.9,,15,60,2025-11-14T13:41:30,1763107890000,18,225.99258701033875
2025-11-14T13:23:30,1763106810000,NIFTY,hybrid,0.9,,15,60,2025-11-14T13:42:30,1763107950000,19,226.17306660644815
2025-11-14T13:23:30,1763106810000,NIFTY,hybrid,0.9,,15,60,2025-11-14T13:43:30,1763108010000,20,225.98105858002867
2025-11-14T13:23:30,1763106810000,NIFTY,hybrid,0.9,,15,60,2025-11-14T13:44:30,1763108070000,21,225.86042969731153
2025-11-14T13:23:30,1763106810000,NIFTY,hybrid,0.9,,15,60,2025-11-14T13:45:30,1763108130000,22,225.86042969731153
2025-11-14T13:23:30,1763106810000,NIFTY,hybrid,0.9,,15,60,2025-11-14T13:46:30,1763108190000,23,225.1983101085297
2025-11-14T13:23:30,1763106810000,NIFTY,hybrid,0.9,,15,60,2025-11-14T13:47:30,1763108250000,24,225.3327573162437
2025-11-14T13:23:30,1763106810000,NIFTY,hybrid,0.9,,15,60,2025-11-14T13:48:30,1763108310000,25,225.44867002939057
2025-11-14T13:23:30,1763106810000,NIFTY,hybrid,0.9,,15,60,2025-11-14T13:49:30,1763108370000,26,225.2613612526779
2025-11-14T13:23:30,1763106810000,NIFTY,hybrid,0.9,,15,60,2025-11-14T13:50:30,1763108430000,27,225.21302647435078
2025-11-14T13:23:30,1763106810000,NIFTY,hybrid,0.9,,15,60,2025-11-14T13:51:30,1763108490000,28,224.964435552368
2025-11-14T13:23:30,1763106810000,NIFTY,hybrid,0.9,,15,60,2025-11-14T13:52:30,1763108550000,29,225.02582251301394
2025-11-14T13:23:30,1763106810000,NIFTY,hybrid,0.9,,15,60,2025-11-14T13:53:30,1763108610000,30,225.23186156994467
2025-11-14T13:23:30,1763106810000,NIFTY,hybrid,0.9,,15,60,2025-11-14T13:54:30,1763108670000,31,225.21993882345134
2025-11-14T13:23:30,1763106810000,NIFTY,hybrid,0.9,,15,60,2025-11-14T13:55:30,1763108730000,32,224.9595799639899
2025-11-14T13:23:30,1763106810000,NIFTY,hybrid,0.9,,15,60,2025-11-14T13:56:30,1763108790000,33,225.01354512088477
2025-11-14T13:23:30,1763106810000,NIFTY,hybrid,0.9,,15,60,2025-11-14T13:57:30,1763108850000,34,224.99361798481343
2025-11-14T13:23:30,1763106810000,NIFTY,hybrid,0.9,,15,60,2025-11-14T13:58:30,1763108910000,35,224.97515835597417
2025-11-14T13:23:30,1763106810000,NIFTY,hybrid,0.9,,15,60,2025-11-14T13:59:30,1763108970000,36,225.11443145499234
2025-11-14T13:23:30,1763106810000,NIFTY,hybrid,0.9,,15,60,2025-11-14T14:00:30,1763109030000,37,225.00516654978654
2025-11-14T13:23:30,1763106810000,NIFTY,hybrid,0.9,,15,60,2025-11-14T14:01:30,1763109090000,38,225.4555163638917
2025-11-14T13:23:30,1763106810000,NIFTY,hybrid,0.9,,15,60,2025-11-14T14:02:30,1763109150000,39,225.24369556985118
2025-11-14T13:23:30,1763106810000,NIFTY,hybrid,0.9,,15,60,2025-11-14T14:03:30,1763109210000,40,225.33180044520267
2025-11-14T13:23:30,1763106810000,NIFTY,hybrid,0.9,,15,60,2025-11-14T14:04:30,1763109270000,41,224.92064436022912
2025-11-14T13:23:30,1763106810000,NIFTY,hybrid,0.9,,15,60,2025-11-14T14:05:30,1763109330000,42,225.21432727806737
2025-11-14T13:23:30,1763106810000,NIFTY,hybrid,0.9,,15,60,2025-11-14T14:06:30,1763109390000,43,225.65235847646395
2025-11-14T13:23:30,1763106810000,NIFTY,hybrid,0.9,,15,60,2025-11-14T14:07:30,1763109450000,44,225.54988773331831
2025-11-14T13:23:30,1763106810000,NIFTY,hybrid,0.9,,15,60,2025-11-14T14:08:30,1763109510000,45,225.45931113213706
2025-11-14T13:23:30,1763106810000,NIFTY,hybrid,0.9,,15,60,2025-11-14T14:09:30,1763109570000,46,225.53737848768944
2025-11-14T13:23:30,1763106810000,NIFTY,hybrid,0.9,,15,60,2025-11-14T14:10:30,1763109630000,47,225.7603559096195
2025-11-14T13:23:30,1763106810000,NIFTY,hybrid,0.9,,15,60,2025-11-14T14:11:30,1763109690000,48,225.43277831258044
2025-11-14T13:23:30,1763106810000,NIFTY,hybrid,0.9,,15,60,2025-11-14T14:12:30,1763109750000,49,225.37422360221152
2025-11-14T13:23:30,1763106810000,NIFTY,hybrid,0.9,,15,60,2025-11-14T14:13:30,1763109810000,50,225.44741699017268
2025-11-14T13:23:30,1763106810000,NIFTY,hybrid,0.9,,15,60,2025-11-14T14:14:30,1763109870000,51,225.18153437782226
2025-11-14T13:23:30,1763106810000,NIFTY,hybrid,0.9,,15,60,2025-11-14T14:15:30,1763109930000,52,224.95001265201293
2025-11-14T13:23:30,1763106810000,NIFTY,hybrid,0.9,,15,60,2025-11-14T14:16:30,1763109990000,53,225.18495898628356
2025-11-14T13:23:30,1763106810000,NIFTY,hybrid,0.9,,15,60,2025-11-14T14:17:30,1763110050000,54,225.39053702877032
2025-11-14T13:23:30,1763106810000,NIFTY,hybrid,0.9,,15,60,2025-11-14T14:18:30,1763110110000,55,225.3758528828784
2025-11-14T13:23:30,1763106810000,NIFTY,hybrid,0.9,,15,60,2025-11-14T14:19:30,1763110170000,56,225.09685411093207
2025-11-14T13:23:30,1763106810000,NIFTY,hybrid,0.9,,15,60,2025-11-14T14:20:30,1763110230000,57,225.2290114239593
2025-11-14T13:23:30,1763106810000,NIFTY,hybrid,0.9,,15,60,2025-11-14T14:21:30,1763110290000,58,224.8912760684453
2025-11-14T13:23:30,1763106810000,NIFTY,hybrid,0.9,,15,60,2025-11-14T14:22:30,1763110350000,59,224.84722363076955
2025-11-14T13:23:30,1763106810000,NIFTY,hybrid,0.9,,15,60,2025-11-14T14:23:30,1763110410000,60,224.86190777666147
2025-11-14T13:23:30,1763106810000,NIFTY,hybrid,0.9,,15,60,2025-11-14T13:24:30,1763106870000,1,226.45
2025-11-14T13:23:30,1763106810000,NIFTY,hybrid,0.9,,15,60,2025-11-14T13:25:30,1763106930000,2,226.4113434015679
2025-11-14T13:23:30,1763106810000,NIFTY,hybrid,0.9,,15,60,2025-11-14T13:26:30,1763106990000,3,226.35583552734542
2025-11-14T13:23:30,1763106810000,NIFTY,hybrid,0.9,,15,60,2025-11-14T13:27:30,1763107050000,4,226.20485395097816
2025-11-14T13:23:30,1763106810000,NIFTY,hybrid,0.9,,15,60,2025-11-14T13:28:30,1763107110000,5,226.6347587067496
2025-11-14T13:23:30,1763106810000,NIFTY,hybrid,0.9,,15,60,2025-11-14T13:29:30,1763107170000,6,226.61068589606188
2025-11-14T13:23:30,1763106810000,NIFTY,hybrid,0.9,,15,60,2025-11-14T13:30:30,1763107230000,7,226.43980120978668
2025-11-14T13:23:30,1763106810000,NIFTY,hybrid,0.9,,15,60,2025-11-14T13:31:30,1763107290000,8,226.50681710371268
2025-11-14T13:23:30,1763106810000,NIFTY,hybrid,0.9,,15,60,2025-11-14T13:32:30,1763107350000,9,226.57628346192902
2025-11-14T13:23:30,1763106810000,NIFTY,hybrid,0.9,,15,60,2025-11-14T13:33:30,1763107410000,10,226.46107864607734
2025-11-14T13:23:30,1763106810000,NIFTY,hybrid,0.9,,15,60,2025-11-14T13:34:30,1763107470000,11,226.14208794471617
2025-11-14T13:23:30,1763106810000,NIFTY,hybrid,0.9,,15,60,2025-11-14T13:35:30,1763107530000,12,226.57392002654257
2025-11-14T13:23:30,1763106810000,NIFTY,hybrid,0.9,,15,60,2025-11-14T13:36:30,1763107590000,13,226.11006017747405
2025-11-14T13:23:30,1763106810000,NIFTY,hybrid,0.9,,15,60,2025-11-14T13:37:30,1763107650000,14,226.38853580390412
2025-11-14T13:23:30,1763106810000,NIFTY,hybrid,0.9,,15,60,2025-11-14T13:38:30,1763107710000,15,226.74739364508204
2025-11-14T13:23:30,1763106810000,NIFTY,hybrid,0.9,,15,60,2025-11-14T13:39:30,1763107770000,16,226.4418778434354
2025-11-14T13:23:30,1763106810000,NIFTY,hybrid,0.9,,15,60,2025-11-14T13:40:30,1763107830000,17,226.34500651174466
2025-11-14T13:23:30,1763106810000,NIFTY,hybrid,0.9,,15,60,2025-11-14T13:41:30,1763107890000,18,225.99258701033875
2025-11-14T13:23:30,1763106810000,NIFTY,hybrid,0.9,,15,60,2025-11-14T13:42:30,1763107950000,19,226.17306660644815
2025-11-14T13:23:30,1763106810000,NIFTY,hybrid,0.9,,15,60,2025-11-14T13:43:30,1763108010000,20,225.98105858002867
2025-11-14T13:23:30,1763106810000,NIFTY,hybrid,0.9,,15,60,2025-11-14T13:44:30,1763108070000,21,225.86042969731153
2025-11-14T13:23:30,1763106810000,NIFTY,hybrid,0.9,,15,60,2025-11-14T13:45:30,1763108130000,22,225.86042969731153
2025-11-14T13:23:30,1763106810000,NIFTY,hybrid,0.9,,15,60,2025-11-14T13:46:30,1763108190000,23,225.1983101085297
2025-11-14T13:23:30,1763106810000,NIFTY,hybrid,0.9,,15,60,2025-11-14T13:47:30,1763108250000,24,225.3327573162437
2025-11-14T13:23:30,1763106810000,NIFTY,hybrid,0.9,,15,60,2025-11-14T13:48:30,1763108310000,25,225.44867002939057
2025-11-14T13:23:30,1763106810000,NIFTY,hybrid,0.9,,15,60,2025-11-14T13:49:30,1763108370000,26,225.2613612526779
2025-11-14T13:23:30,1763106810000,NIFTY,hybrid,0.9,,15,60,2025-11-14T13:50:30,1763108430000,27,225.21302647435078
2025-11-14T13:23:30,1763106810000,NIFTY,hybrid,0.9,,15,60,2025-11-14T13:51:30,1763108490000,28,224.964435552368
2025-11-14T13:23:30,1763106810000,NIFTY,hybrid,0.9,,15,60,2025-11-14T13:52:30,1763108550000,29,225.02582251301394
2025-11-14T13:23:30,1763106810000,NIFTY,hybrid,0.9,,15,60,2025-11-14T13:53:30,1763108610000,30,225.23186156994467
2025-11-14T13:23:30,1763106810000,NIFTY,hybrid,0.9,,15,60,2025-11-14T13:54:30,1763108670000,31,225.21993882345134
2025-11-14T13:23:30,1763106810000,NIFTY,hybrid,0.9,,15,60,2025-11-14T13:55:30,1763108730000,32,224.9595799639899
2025-11-14T13:23:30,1763106810000,NIFTY,hybrid,0.9,,15,60,2025-11-14T13:56:30,1763108790000,33,225.01354512088477
2025-11-14T13:23:30,1763106810000,NIFTY,hybrid,0.9,,15,60,2025-11-14T13:57:30,1763108850000,34,224.99361798481343
2025-11-14T13:23:30,1763106810000,NIFTY,hybrid,0.9,,15,60,2025-11-14T13:58:30,1763108910000,35,224.97515835597417
2025-11-14T13:23:30,1763106810000,NIFTY,hybrid,0.9,,15,60,2025-11-14T13:59:30,1763108970000,36,225.11443145499234
2025-11-14T13:23:30,1763106810000,NIFTY,hybrid,0.9,,15,60,2025-11-14T14:00:30,1763109030000,37,225.00516654978654
2025-11-14T13:23:30,1763106810000,NIFTY,hybrid,0.9,,15,60,2025-11-14T14:01:30,1763109090000,38,225.4555163638917
2025-11-14T13:23:30,1763106810000,NIFTY,hybrid,0.9,,15,60,2025-11-14T14:02:30,1763109150000,39,225.24369556985118
2025-11-14T13:23:30,1763106810000,NIFTY,hybrid,0.9,,15,60,2025-11-14T14:03:30,1763109210000,40,225.33180044520267
2025-11-14T13:23:30,1763106810000,NIFTY,hybrid,0.9,,15,60,2025-11-14T14:04:30,1763109270000,41,224.92064436022912
2025-11-14T13:23:30,1763106810000,NIFTY,hybrid,0.9,,15,60,2025-11-14T14:05:30,1763109330000,42,225.21432727806737
2025-11-14T13:23:30,1763106810000,NIFTY,hybrid,0.9,,15,60,2025-11-14T14:06:30,1763109390000,43,225.65235847646395
2025-11-14T13:23:30,1763106810000,NIFTY,hybrid,0.9,,15,60,2025-11-14T14:07:30,1763109450000,44,225.54988773331831
2025-11-14T13:23:30,1763106810000,NIFTY,hybrid,0.9,,15,60,2025-11-14T14:08:30,1763109510000,45,225.45931113213706
2025-11-14T13:23:30,1763106810000,NIFTY,hybrid,0.9,,15,60,2025-11-14T14:09:30,1763109570000,46,225.53737848768944
2025-11-14T13:23:30,1763106810000,NIFTY,hybrid,0.9,,15,60,2025-11-14T14:10:30,1763109630000,47,225.7603559096195
2025-11-14T13:23:30,1763106810000,NIFTY,hybrid,0.9,,15,60,2025-11-14T14:11:30,1763109690000,48,225.43277831258044
2025-11-14T13:23:30,1763106810000,NIFTY,hybrid,0.9,,15,60,2025-11-14T14:12:30,1763109750000,49,225.37422360221152
2025-11-14T13:23:30,1763106810000,NIFTY,hybrid,0.9,,15,60,2025-11-14T14:13:30,1763109810000,50,225.44741699017268
2025-11-14T13:23:30,1763106810000,NIFTY,hybrid,0.9,,15,60,2025-11-14T14:14:30,1763109870000,51,225.18153437782226
2025-11-14T13:23:30,1763106810000,NIFTY,hybrid,0.9,,15,60,2025-11-14T14:15:30,1763109930000,52,224.95001265201293
2025-11-14T13:23:30,1763106810000,NIFTY,hybrid,0.9,,15,60,2025-11-14T14:16:30,1763109990000,53,225.18495898628356
2025-11-14T13:23:30,1763106810000,NIFTY,hybrid,0.9,,15,60,2025-11-14T14:17:30,1763110050000,54,225.39053702877032
2025-11-14T13:23:30,1763106810000,NIFTY,hybrid,0.9,,15,60,2025-11-14T14:18:30,1763110110000,55,225.3758528828784
2025-11-14T13:23:30,1763106810000,NIFTY,hybrid,0.9,,15,60,2025-11-14T14:19:30,1763110170000,56,225.09685411093207
2025-11-14T13:23:30,1763106810000,NIFTY,hybrid,0.9,,15,60,2025-11-14T14:20:30,1763110230000,57,225.2290114239593
2025-11-14T13:23:30,1763106810000,NIFTY,hybrid,0.9,,15,60,2025-11-14T14:21:30,1763110290000,58,224.8912760684453
2025-11-14T13:23:30,1763106810000,NIFTY,hybrid,0.9,,15,60,2025-11-14T14:22:30,1763110350000,59,224.84722363076955
2025-11-14T13:23:30,1763106810000,NIFTY,hybrid,0.9,,15,60,2025-11-14T14:23:30,1763110410000,60,224.86190777666147
2025-11-14T13:23:30,1763106810000,NIFTY,hybrid,0.9,,15,60,2025-11-14T13:24:30,1763106870000,1,226.45
2025-11-14T13:23:30,1763106810000,NIFTY,hybrid,0.9,,15,60,2025-11-14T13:25:30,1763106930000,2,226.4113434015679
2025-11-14T13:23:30,1763106810000,NIFTY,hybrid,0.9,,15,60,2025-11-14T13:26:30,1763106990000,3,226.35583552734542
2025-11-14T13:23:30,1763106810000,NIFTY,hybrid,0.9,,15,60,2025-11-14T13:27:30,1763107050000,4,226.20485395097816
2025-11-14T13:23:30,1763106810000,NIFTY,hybrid,0.9,,15,60,2025-11-14T13:28:30,1763107110000,5,226.6347587067496
2025-11-14T13:23:30,1763106810000,NIFTY,hybrid,0.9,,15,60,2025-11-14T13:29:30,1763107170000,6,226.61068589606188
2025-11-14T13:23:30,1763106810000,NIFTY,hybrid,0.9,,15,60,2025-11-14T13:30:30,1763107230000,7,226.43980120978668
2025-11-14T13:23:30,1763106810000,NIFTY,hybrid,0.9,,15,60,2025-11-14T13:31:30,1763107290000,8,226.50681710371268
2025-11-14T13:23:30,1763106810000,NIFTY,hybrid,0.9,,15,60,2025-11-14T13:32:30,1763107350000,9,226.57628346192902
2025-11-14T13:23:30,1763106810000,NIFTY,hybrid,0.9,,15,60,2025-11-14T13:33:30,1763107410000,10,226.46107864607734
2025-11-14T13:23:30,1763106810000,NIFTY,hybrid,0.9,,15,60,2025-11-14T13:34:30,1763107470000,11,226.14208794471617
2025-11-14T13:23:30,1763106810000,NIFTY,hybrid,0.9,,15,60,2025-11-14T13:35:30,1763107530000,12,226.57392002654257
2025-11-14T13:23:30,1763106810000,NIFTY,hybrid,0.9,,15,60,2025-11-14T13:36:30,1763107590000,13,226.11006017747405
2025-11-14T13:23:30,1763106810000,NIFTY,hybrid,0.9,,15,60,2025-11-14T13:37:30,1763107650000,14,226.38853580390412
2025-11-14T13:23:30,1763106810000,NIFTY,hybrid,0.9,,15,60,2025-11-14T13:38:30,1763107710000,15,226.74739364508204
2025-11-14T13:23:30,1763106810000,NIFTY,hybrid,0.9,,15,60,2025-11-14T13:39:30,1763107770000,16,226.4418778434354
2025-11-14T13:23:30,1763106810000,NIFTY,hybrid,0.9,,15,60,2025-11-14T13:40:30,1763107830000,17,226.34500651174466
2025-11-14T13:23:30,1763106810000,NIFTY,hybrid,0.9,,15,60,2025-11-14T13:41:30,1763107890000,18,225.99258701033875
2025-11-14T13:23:30,1763106810000,NIFTY,hybrid,0.9,,15,60,2025-11-14T13:42:30,1763107950000,19,226.17306660644815
2025-11-14T13:23:30,1763106810000,NIFTY,hybrid,0.9,,15,60,2025-11-14T13:43:30,1763108010000,20,225.98105858002867
2025-11-14T13:23:30,1763106810000,NIFTY,hybrid,0.9,,15,60,2025-11-14T13:44:30,1763108070000,21,225.86042969731153
2025-11-14T13:23:30,1763106810000,NIFTY,hybrid,0.9,,15,60,2025-11-14T13:45:30,1763108130000,22,225.86042969731153
2025-11-14T13:23:30,1763106810000,NIFTY,hybrid,0.9,,15,60,2025-11-14T13:46:30,1763108190000,23,225.1983101085297
2025-11-14T13:23:30,1763106810000,NIFTY,hybrid,0.9,,15,60,2025-11-14T13:47:30,1763108250000,24,225.3327573162437
2025-11-14T13:23:30,1763106810000,NIFTY,hybrid,0.9,,15,60,2025-11-14T13:48:30,1763108310000,25,225.44867002939057
2025-11-14T13:23:30,1763106810000,NIFTY,hybrid,0.9,,15,60,2025-11-14T13:49:30,1763108370000,26,225.2613612526779
2025-11-14T13:23:30,1763106810000,NIFTY,hybrid,0.9,,15,60,2025-11-14T13:50:30,1763108430000,27,225.21302647435078
2025-11-14T13:23:30,1763106810000,NIFTY,hybrid,0.9,,15,60,2025-11-14T13:51:30,1763108490000,28,224.964435552368
2025-11-14T13:23:30,1763106810000,NIFTY,hybrid,0.9,,15,60,2025-11-14T13:52:30,1763108550000,29,225.02582251301394
2025-11-14T13:23:30,1763106810000,NIFTY,hybrid,0.9,,15,60,2025-11-14T13:53:30,1763108610000,30,225.23186156994467
2025-11-14T13:23:30,1763106810000,NIFTY,hybrid,0.9,,15,60,2025-11-14T13:54:30,1763108670000,31,225.21993882345134
2025-11-14T13:23:30,1763106810000,NIFTY,hybrid,0.9,,15,60,2025-11-14T13:55:30,1763108730000,32,224.9595799639899
2025-11-14T13:23:30,1763106810000,NIFTY,hybrid,0.9,,15,60,2025-11-14T13:56:30,1763108790000,33,225.01354512088477
2025-11-14T13:23:30,1763106810000,NIFTY,hybrid,0.9,,15,60,2025-11-14T13:57:30,1763108850000,34,224.99361798481343
2025-11-14T13:23:30,1763106810000,NIFTY,hybrid,0.9,,15,60,2025-11-14T13:58:30,1763108910000,35,224.97515835597417
2025-11-14T13:23:30,1763106810000,NIFTY,hybrid,0.9,,15,60,2025-11-14T13:59:30,1763108970000,36,225.11443145499234
2025-11-14T13:23:30,1763106810000,NIFTY,hybrid,0.9,,15,60,2025-11-14T14:00:30,1763109030000,37,225.00516654978654
2025-11-14T13:23:30,1763106810000,NIFTY,hybrid,0.9,,15,60,2025-11-14T14:01:30,1763109090000,38,225.4555163638917
2025-11-14T13:23:30,1763106810000,NIFTY,hybrid,0.9,,15,60,2025-11-14T14:02:30,1763109150000,39,225.24369556985118
2025-11-14T13:23:30,1763106810000,NIFTY,hybrid,0.9,,15,60,2025-11-14T14:03:30,1763109210000,40,225.33180044520267
2025-11-14T13:23:30,1763106810000,NIFTY,hybrid,0.9,,15,60,2025-11-14T14:04:30,1763109270000,41,224.92064436022912
2025-11-14T13:23:30,1763106810000,NIFTY,hybrid,0.9,,15,60,2025-11-14T14:05:30,1763109330000,42,225.21432727806737
2025-11-14T13:23:30,1763106810000,NIFTY,hybrid,0.9,,15,60,2025-11-14T14:06:30,1763109390000,43,225.65235847646395
2025-11-14T13:23:30,1763106810000,NIFTY,hybrid,0.9,,15,60,2025-11-14T14:07:30,1763109450000,44,225.54988773331831
2025-11-14T13:23:30,1763106810000,NIFTY,hybrid,0.9,,15,60,2025-11-14T14:08:30,1763109510000,45,225.45931113213706
2025-11-14T13:23:30,1763106810000,NIFTY,hybrid,0.9,,15,60,2025-11-14T14:09:30,1763109570000,46,225.53737848768944
2025-11-14T13:23:30,1763106810000,NIFTY,hybrid,0.9,,15,60,2025-11-14T14:10:30,1763109630000,47,225.7603559096195
2025-11-14T13:23:30,1763106810000,NIFTY,hybrid,0.9,,15,60,2025-11-14T14:11:30,1763109690000,48,225.43277831258044
2025-11-14T13:23:30,1763106810000,NIFTY,hybrid,0.9,,15,60,2025-11-14T14:12:30,1763109750000,49,225.37422360221152
2025-11-14T13:23:30,1763106810000,NIFTY,hybrid,0.9,,15,60,2025-11-14T14:13:30,1763109810000,50,225.44741699017268
2025-11-14T13:23:30,1763106810000,NIFTY,hybrid,0.9,,15,60,2025-11-14T14:14:30,1763109870000,51,225.18153437782226
2025-11-14T13:23:30,1763106810000,NIFTY,hybrid,0.9,,15,60,2025-11-14T14:15:30,1763109930000,52,224.95001265201293
2025-11-14T13:23:30,1763106810000,NIFTY,hybrid,0.9,,15,60,2025-11-14T14:16:30,1763109990000,53,225.18495898628356
2025-11-14T13:23:30,1763106810000,NIFTY,hybrid,0.9,,15,60,2025-11-14T14:17:30,1763110050000,54,225.39053702877032
2025-11-14T13:23:30,1763106810000,NIFTY,hybrid,0.9,,15,60,2025-11-14T14:18:30,1763110110000,55,225.3758528828784
2025-11-14T13:23:30,1763106810000,NIFTY,hybrid,0.9,,15,60,2025-11-14T14:19:30,1763110170000,56,225.09685411093207
2025-11-14T13:23:30,1763106810000,NIFTY,hybrid,0.9,,15,60,2025-11-14T14:20:30,1763110230000,57,225.2290114239593
2025-11-14T13:23:30,1763106810000,NIFTY,hybrid,0.9,,15,60,2025-11-14T14:21:30,1763110290000,58,224.8912760684453
2025-11-14T13:23:30,1763106810000,NIFTY,hybrid,0.9,,15,60,2025-11-14T14:22:30,1763110350000,59,224.84722363076955
2025-11-14T13:23:30,1763106810000,NIFTY,hybrid,0.9,,15,60,2025-11-14T14:23:30,1763110410000,60,224.86190777666147
2025-11-14T13:23:30,1763106810000,NIFTY,hybrid,0.9,,15,60,2025-11-14T13:24:30,1763106870000,1,226.45
2025-11-14T13:23:30,1763106810000,NIFTY,hybrid,0.9,,15,60,2025-11-14T13:25:30,1763106930000,2,226.4113434015679
2025-11-14T13:23:30,1763106810000,NIFTY,hybrid,0.9,,15,60,2025-11-14T13:26:30,1763106990000,3,226.35583552734542
2025-11-14T13:23:30,1763106810000,NIFTY,hybrid,0.9,,15,60,2025-11-14T13:27:30,1763107050000,4,226.20485395097816
2025-11-14T13:23:30,1763106810000,NIFTY,hybrid,0.9,,15,60,2025-11-14T13:28:30,1763107110000,5,226.6347587067496
2025-11-14T13:23:30,1763106810000,NIFTY,hybrid,0.9,,15,60,2025-11-14T13:29:30,1763107170000,6,226.61068589606188
2025-11-14T13:23:30,1763106810000,NIFTY,hybrid,0.9,,15,60,2025-11-14T13:30:30,1763107230000,7,226.43980120978668
2025-11-14T13:23:30,1763106810000,NIFTY,hybrid,0.9,,15,60,2025-11-14T13:31:30,1763107290000,8,226.50681710371268
2025-11-14T13:23:30,1763106810000,NIFTY,hybrid,0.9,,15,60,2025-11-14T13:32:30,1763107350000,9,226.57628346192902
2025-11-14T13:23:30,1763106810000,NIFTY,hybrid,0.9,,15,60,2025-11-14T13:33:30,1763107410000,10,226.46107864607734
2025-11-14T13:23:30,1763106810000,NIFTY,hybrid,0.9,,15,60,2025-11-14T13:34:30,1763107470000,11,226.14208794471617
2025-11-14T13:23:30,1763106810000,NIFTY,hybrid,0.9,,15,60,2025-11-14T13:35:30,1763107530000,12,226.57392002654257
2025-11-14T13:23:30,1763106810000,NIFTY,hybrid,0.9,,15,60,2025-11-14T13:36:30,1763107590000,13,226.11006017747405
2025-11-14T13:23:30,1763106810000,NIFTY,hybrid,0.9,,15,60,2025-11-14T13:37:30,1763107650000,14,226.38853580390412
2025-11-14T13:23:30,1763106810000,NIFTY,hybrid,0.9,,15,60,2025-11-14T13:38:30,1763107710000,15,226.74739364508204
2025-11-14T13:23:30,1763106810000,NIFTY,hybrid,0.9,,15,60,2025-11-14T13:39:30,1763107770000,16,226.4418778434354
2025-11-14T13:23:30,1763106810000,NIFTY,hybrid,0.9,,15,60,2025-11-14T13:40:30,1763107830000,17,226.34500651174466
2025-11-14T13:23:30,1763106810000,NIFTY,hybrid,0.9,,15,60,2025-11-14T13:41:30,1763107890000,18,225.99258701033875
2025-11-14T13:23:30,1763106810000,NIFTY,hybrid,0.9,,15,60,2025-11-14T13:42:30,1763107950000,19,226.17306660644815
2025-11-14T13:23:30,1763106810000,NIFTY,hybrid,0.9,,15,60,2025-11-14T13:43:30,1763108010000,20,225.98105858002867
2025-11-14T13:23:30,1763106810000,NIFTY,hybrid,0.9,,15,60,2025-11-14T13:44:30,1763108070000,21,225.86042969731153
2025-11-14T13:23:30,1763106810000,NIFTY,hybrid,0.9,,15,60,2025-11-14T13:45:30,1763108130000,22,225.86042969731153
2025-11-14T13:23:30,1763106810000,NIFTY,hybrid,0.9,,15,60,2025-11-14T13:46:30,1763108190000,23,225.1983101085297
2025-11-14T13:23:30,1763106810000,NIFTY,hybrid,0.9,,15,60,2025-11-14T13:47:30,1763108250000,24,225.3327573162437
2025-11-14T13:23:30,1763106810000,NIFTY,hybrid,0.9,,15,60,2025-11-14T13:48:30,1763108310000,25,225.44867002939057
2025-11-14T13:23:30,1763106810000,NIFTY,hybrid,0.9,,15,60,2025-11-14T13:49:30,1763108370000,26,225.2613612526779
2025-11-14T13:23:30,1763106810000,NIFTY,hybrid,0.9,,15,60,2025-11-14T13:50:30,1763108430000,27,225.21302647435078
2025-11-14T13:23:30,1763106810000,NIFTY,hybrid,0.9,,15,60,2025-11-14T13:51:30,1763108490000,28,224.964435552368
2025-11-14T13:23:30,1763106810000,NIFTY,hybrid,0.9,,15,60,2025-11-14T13:52:30,1763108550000,29,225.02582251301394
2025-11-14T13:23:30,1763106810000,NIFTY,hybrid,0.9,,15,60,2025-11-14T13:53:30,1763108610000,30,225.23186156994467
2025-11-14T13:23:30,1763106810000,NIFTY,hybrid,0.9,,15,60,2025-11-14T13:54:30,1763108670000,31,225.21993882345134
2025-11-14T13:23:30,1763106810000,NIFTY,hybrid,0.9,,15,60,2025-11-14T13:55:30,1763108730000,32,224.9595799639899
2025-11-14T13:23:30,1763106810000,NIFTY,hybrid,0.9,,15,60,2025-11-14T13:56:30,1763108790000,33,225.01354512088477
2025-11-14T13:23:30,1763106810000,NIFTY,hybrid,0.9,,15,60,2025-11-14T13:57:30,1763108850000,34,224.99361798481343
2025-11-14T13:23:30,1763106810000,NIFTY,hybrid,0.9,,15,60,2025-11-14T13:58:30,1763108910000,35,224.97515835597417
2025-11-14T13:23:30,1763106810000,NIFTY,hybrid,0.9,,15,60,2025-11-14T13:59:30,1763108970000,36,225.11443145499234
2025-11-14T13:23:30,1763106810000,NIFTY,hybrid,0.9,,15,60,2025-11-14T14:00:30,1763109030000,37,225.00516654978654
2025-11-14T13:23:30,1763106810000,NIFTY,hybrid,0.9,,15,60,2025-11-14T14:01:30,1763109090000,38,225.4555163638917
2025-11-14T13:23:30,1763106810000,NIFTY,hybrid,0.9,,15,60,2025-11-14T14:02:30,1763109150000,39,225.24369556985118
2025-11-14T13:23:30,1763106810000,NIFTY,hybrid,0.9,,15,60,2025-11-14T14:03:30,1763109210000,40,225.33180044520267
2025-11-14T13:23:30,1763106810000,NIFTY,hybrid,0.9,,15,60,2025-11-14T14:04:30,1763109270000,41,224.92064436022912
2025-11-14T13:23:30,1763106810000,NIFTY,hybrid,0.9,,15,60,2025-11-14T14:05:30,1763109330000,42,225.21432727806737
2025-11-14T13:23:30,1763106810000,NIFTY,hybrid,0.9,,15,60,2025-11-14T14:06:30,1763109390000,43,225.65235847646395
2025-11-14T13:23:30,1763106810000,NIFTY,hybrid,0.9,,15,60,2025-11-14T14:07:30,1763109450000,44,225.54988773331831
2025-11-14T13:23:30,1763106810000,NIFTY,hybrid,0.9,,15,60,2025-11-14T14:08:30,1763109510000,45,225.45931113213706
2025-11-14T13:23:30,1763106810000,NIFTY,hybrid,0.9,,15,60,2025-11-14T14:09:30,1763109570000,46,225.53737848768944
2025-11-14T13:23:30,1763106810000,NIFTY,hybrid,0.9,,15,60,2025-11-14T14:10:30,1763109630000,47,225.7603559096195
2025-11-14T13:23:30,1763106810000,NIFTY,hybrid,0.9,,15,60,2025-11-14T14:11:30,1763109690000,48,225.43277831258044
2025-11-14T13:23:30,1763106810000,NIFTY,hybrid,0.9,,15,60,2025-11-14T14:12:30,1763109750000,49,225.37422360221152
2025-11-14T13:23:30,1763106810000,NIFTY,hybrid,0.9,,15,60,2025-11-14T14:13:30,1763109810000,50,225.44741699017268
2025-11-14T13:23:30,1763106810000,NIFTY,hybrid,0.9,,15,60,2025-11-14T14:14:30,1763109870000,51,225.18153437782226
2025-11-14T13:23:30,1763106810000,NIFTY,hybrid,0.9,,15,60,2025-11-14T14:15:30,1763109930000,52,224.95001265201293
2025-11-14T13:23:30,1763106810000,NIFTY,hybrid,0.9,,15,60,2025-11-14T14:16:30,1763109990000,53,225.18495898628356
2025-11-14T13:23:30,1763106810000,NIFTY,hybrid,0.9,,15,60,2025-11-14T14:17:30,1763110050000,54,225.39053702877032
2025-11-14T13:23:30,1763106810000,NIFTY,hybrid,0.9,,15,60,2025-11-14T14:18:30,1763110110000,55,225.3758528828784
2025-11-14T13:23:30,1763106810000,NIFTY,hybrid,0.9,,15,60,2025-11-14T14:19:30,1763110170000,56,225.09685411093207
2025-11-14T13:23:30,1763106810000,NIFTY,hybrid,0.9,,15,60,2025-11-14T14:20:30,1763110230000,57,225.2290114239593
2025-11-14T13:23:30,1763106810000,NIFTY,hybrid,0.9,,15,60,2025-11-14T14:21:30,1763110290000,58,224.8912760684453
2025-11-14T13:23:30,1763106810000,NIFTY,hybrid,0.9,,15,60,2025-11-14T14:22:30,1763110350000,59,224.84722363076955
2025-11-14T13:23:30,1763106810000,NIFTY,hybrid,0.9,,15,60,2025-11-14T14:23:30,1763110410000,60,224.86190777666147
2025-11-14T13:23:30,1763106810000,NIFTY,hybrid,0.9,,15,60,2025-11-14T13:24:30,1763106870000,1,226.45
2025-11-14T13:23:30,1763106810000,NIFTY,hybrid,0.9,,15,60,2025-11-14T13:25:30,1763106930000,2,226.4113434015679
2025-11-14T13:23:30,1763106810000,NIFTY,hybrid,0.9,,15,60,2025-11-14T13:26:30,1763106990000,3,226.35583552734542
2025-11-14T13:23:30,1763106810000,NIFTY,hybrid,0.9,,15,60,2025-11-14T13:27:30,1763107050000,4,226.20485395097816
2025-11-14T13:23:30,1763106810000,NIFTY,hybrid,0.9,,15,60,2025-11-14T13:28:30,1763107110000,5,226.6347587067496
2025-11-14T13:23:30,1763106810000,NIFTY,hybrid,0.9,,15,60,2025-11-14T13:29:30,1763107170000,6,226.61068589606188
2025-11-14T13:23:30,1763106810000,NIFTY,hybrid,0.9,,15,60,2025-11-14T13:30:30,1763107230000,7,226.43980120978668
2025-11-14T13:23:30,1763106810000,NIFTY,hybrid,0.9,,15,60,2025-11-14T13:31:30,1763107290000,8,226.50681710371268
2025-11-14T13:23:30,1763106810000,NIFTY,hybrid,0.9,,15,60,2025-11-14T13:32:30,1763107350000,9,226.57628346192902
2025-11-14T13:23:30,1763106810000,NIFTY,hybrid,0.9,,15,60,2025-11-14T13:33:30,1763107410000,10,226.46107864607734
2025-11-14T13:23:30,1763106810000,NIFTY,hybrid,0.9,,15,60,2025-11-14T13:34:30,1763107470000,11,226.14208794471617
2025-11-14T13:23:30,1763106810000,NIFTY,hybrid,0.9,,15,60,2025-11-14T13:35:30,1763107530000,12,226.57392002654257
2025-11-14T13:23:30,1763106810000,NIFTY,hybrid,0.9,,15,60,2025-11-14T13:36:30,1763107590000,13,226.11006017747405
2025-11-14T13:23:30,1763106810000,NIFTY,hybrid,0.9,,15,60,2025-11-14T13:37:30,1763107650000,14,226.38853580390412
2025-11-14T13:23:30,1763106810000,NIFTY,hybrid,0.9,,15,60,2025-11-14T13:38:30,1763107710000,15,226.74739364508204
2025-11-14T13:23:30,1763106810000,NIFTY,hybrid,0.9,,15,60,2025-11-14T13:39:30,1763107770000,16,226.4418778434354
2025-11-14T13:23:30,1763106810000,NIFTY,hybrid,0.9,,15,60,2025-11-14T13:40:30,1763107830000,17,226.34500651174466
2025-11-14T13:23:30,1763106810000,NIFTY,hybrid,0.9,,15,60,2025-11-14T13:41:30,1763107890000,18,225.99258701033875
2025-11-14T13:23:30,1763106810000,NIFTY,hybrid,0.9,,15,60,2025-11-14T13:42:30,1763107950000,19,226.17306660644815
2025-11-14T13:23:30,1763106810000,NIFTY,hybrid,0.9,,15,60,2025-11-14T13:43:30,1763108010000,20,225.98105858002867
2025-11-14T13:23:30,1763106810000,NIFTY,hybrid,0.9,,15,60,2025-11-14T13:44:30,1763108070000,21,225.86042969731153
2025-11-14T13:23:30,1763106810000,NIFTY,hybrid,0.9,,15,60,2025-11-14T13:45:30,1763108130000,22,225.86042969731153
2025-11-14T13:23:30,1763106810000,NIFTY,hybrid,0.9,,15,60,2025-11-14T13:46:30,1763108190000,23,225.1983101085297
2025-11-14T13:23:30,1763106810000,NIFTY,hybrid,0.9,,15,60,2025-11-14T13:47:30,1763108250000,24,225.3327573162437
2025-11-14T13:23:30,1763106810000,NIFTY,hybrid,0.9,,15,60,2025-11-14T13:48:30,1763108310000,25,225.44867002939057
2025-11-14T13:23:30,1763106810000,NIFTY,hybrid,0.9,,15,60,2025-11-14T13:49:30,1763108370000,26,225.2613612526779
2025-11-14T13:23:30,1763106810000,NIFTY,hybrid,0.9,,15,60,2025-11-14T13:50:30,1763108430000,27,225.21302647435078
2025-11-14T13:23:30,1763106810000,NIFTY,hybrid,0.9,,15,60,2025-11-14T13:51:30,1763108490000,28,224.964435552368
2025-11-14T13:23:30,1763106810000,NIFTY,hybrid,0.9,,15,60,2025-11-14T13:52:30,1763108550000,29,225.02582251301394
2025-11-14T13:23:30,1763106810000,NIFTY,hybrid,0.9,,15,60,2025-11-14T13:53:30,1763108610000,30,225.23186156994467
2025-11-14T13:23:30,1763106810000,NIFTY,hybrid,0.9,,15,60,2025-11-14T13:54:30,1763108670000,31,225.21993882345134
2025-11-14T13:23:30,1763106810000,NIFTY,hybrid,0.9,,15,60,2025-11-14T13:55:30,1763108730000,32,224.9595799639899
2025-11-14T13:23:30,1763106810000,NIFTY,hybrid,0.9,,15,60,2025-11-14T13:56:30,1763108790000,33,225.01354512088477
2025-11-14T13:23:30,1763106810000,NIFTY,hybrid,0.9,,15,60,2025-11-14T13:57:30,1763108850000,34,224.99361798481343
2025-11-14T13:23:30,1763106810000,NIFTY,hybrid,0.9,,15,60,2025-11-14T13:58:30,1763108910000,35,224.97515835597417
2025-11-14T13:23:30,1763106810000,NIFTY,hybrid,0.9,,15,60,2025-11-14T13:59:30,1763108970000,36,225.11443145499234
2025-11-14T13:23:30,1763106810000,NIFTY,hybrid,0.9,,15,60,2025-11-14T14:00:30,1763109030000,37,225.00516654978654
2025-11-14T13:23:30,1763106810000,NIFTY,hybrid,0.9,,15,60,2025-11-14T14:01:30,1763109090000,38,225.4555163638917
2025-11-14T13:23:30,1763106810000,NIFTY,hybrid,0.9,,15,60,2025-11-14T14:02:30,1763109150000,39,225.24369556985118
2025-11-14T13:23:30,1763106810000,NIFTY,hybrid,0.9,,15,60,2025-11-14T14:03:30,1763109210000,40,225.33180044520267
2025-11-14T13:23:30,1763106810000,NIFTY,hybrid,0.9,,15,60,2025-11-14T14:04:30,1763109270000,41,224.92064436022912
2025-11-14T13:23:30,1763106810000,NIFTY,hybrid,0.9,,15,60,2025-11-14T14:05:30,1763109330000,42,225.21432727806737
2025-11-14T13:23:30,1763106810000,NIFTY,hybrid,0.9,,15,60,2025-11-14T14:06:30,1763109390000,43,225.65235847646395
2025-11-14T13:23:30,1763106810000,NIFTY,hybrid,0.9,,15,60,2025-11-14T14:07:30,1763109450000,44,225.54988773331831
2025-11-14T13:23:30,1763106810000,NIFTY,hybrid,0.9,,15,60,2025-11-14T14:08:30,1763109510000,45,225.45931113213706
2025-11-14T13:23:30,1763106810000,NIFTY,hybrid,0.9,,15,60,2025-11-14T14:09:30,1763109570000,46,225.53737848768944
2025-11-14T13:23:30,1763106810000,NIFTY,hybrid,0.9,,15,60,2025-11-14T14:10:30,1763109630000,47,225.7603559096195
2025-11-14T13:23:30,1763106810000,NIFTY,hybrid,0.9,,15,60,2025-11-14T14:11:30,1763109690000,48,225.43277831258044
2025-11-14T13:23:30,1763106810000,NIFTY,hybrid,0.9,,15,60,2025-11-14T14:12:30,1763109750000,49,225.37422360221152
2025-11-14T13:23:30,1763106810000,NIFTY,hybrid,0.9,,15,60,2025-11-14T14:13:30,1763109810000,50,225.44741699017268
2025-11-14T13:23:30,1763106810000,NIFTY,hybrid,0.9,,15,60,2025-11-14T14:14:30,1763109870000,51,225.18153437782226
2025-11-14T13:23:30,1763106810000,NIFTY,hybrid,0.9,,15,60,2025-11-14T14:15:30,1763109930000,52,224.95001265201293
2025-11-14T13:23:30,1763106810000,NIFTY,hybrid,0.9,,15,60,2025-11-14T14:16:30,1763109990000,53,225.18495898628356
2025-11-14T13:23:30,1763106810000,NIFTY,hybrid,0.9,,15,60,2025-11-14T14:17:30,1763110050000,54,225.39053702877032
2025-11-14T13:23:30,1763106810000,NIFTY,hybrid,0.9,,15,60,2025-11-14T14:18:30,1763110110000,55,225.3758528828784
2025-11-14T13:23:30,1763106810000,NIFTY,hybrid,0.9,,15,60,2025-11-14T14:19:30,1763110170000,56,225.09685411093207
2025-11-14T13:23:30,1763106810000,NIFTY,hybrid,0.9,,15,60,2025-11-14T14:20:30,1763110230000,57,225.2290114239593
2025-11-14T13:23:30,1763106810000,NIFTY,hybrid,0.9,,15,60,2025-11-14T14:21:30,1763110290000,58,224.8912760684453
2025-11-14T13:23:30,1763106810000,NIFTY,hybrid,0.9,,15,60,2025-11-14T14:22:30,1763110350000,59,224.84722363076955
2025-11-14T13:23:30,1763106810000,NIFTY,hybrid,0.9,,15,60,2025-11-14T14:23:30,1763110410000,60,224.86190777666147
2025-11-14T13:23:30,1763106810000,NIFTY,hybrid,0.9,,15,60,2025-11-14T13:24:30,1763106870000,1,226.45
2025-11-14T13:23:30,1763106810000,NIFTY,hybrid,0.9,,15,60,2025-11-14T13:25:30,1763106930000,2,226.4113434015679
2025-11-14T13:23:30,1763106810000,NIFTY,hybrid,0.9,,15,60,2025-11-14T13:26:30,1763106990000,3,226.35583552734542
2025-11-14T13:23:30,1763106810000,NIFTY,hybrid,0.9,,15,60,2025-11-14T13:27:30,1763107050000,4,226.20485395097816
2025-11-14T13:23:30,1763106810000,NIFTY,hybrid,0.9,,15,60,2025-11-14T13:28:30,1763107110000,5,226.6347587067496
2025-11-14T13:23:30,1763106810000,NIFTY,hybrid,0.9,,15,60,2025-11-14T13:29:30,1763107170000,6,226.61068589606188
2025-11-14T13:23:30,1763106810000,NIFTY,hybrid,0.9,,15,60,2025-11-14T13:30:30,1763107230000,7,226.43980120978668
2025-11-14T13:23:30,1763106810000,NIFTY,hybrid,0.9,,15,60,2025-11-14T13:31:30,1763107290000,8,226.50681710371268
2025-11-14T13:23:30,1763106810000,NIFTY,hybrid,0.9,,15,60,2025-11-14T13:32:30,1763107350000,9,226.57628346192902
2025-11-14T13:23:30,1763106810000,NIFTY,hybrid,0.9,,15,60,2025-11-14T13:33:30,1763107410000,10,226.46107864607734
2025-11-14T13:23:30,1763106810000,NIFTY,hybrid,0.9,,15,60,2025-11-14T13:34:30,1763107470000,11,226.14208794471617
2025-11-14T13:23:30,1763106810000,NIFTY,hybrid,0.9,,15,60,2025-11-14T13:35:30,1763107530000,12,226.57392002654257
2025-11-14T13:23:30,1763106810000,NIFTY,hybrid,0.9,,15,60,2025-11-14T13:36:30,1763107590000,13,226.11006017747405
2025-11-14T13:23:30,1763106810000,NIFTY,hybrid,0.9,,15,60,2025-11-14T13:37:30,1763107650000,14,226.38853580390412
2025-11-14T13:23:30,1763106810000,NIFTY,hybrid,0.9,,15,60,2025-11-14T13:38:30,1763107710000,15,226.74739364508204
2025-11-14T13:23:30,1763106810000,NIFTY,hybrid,0.9,,15,60,2025-11-14T13:39:30,1763107770000,16,226.4418778434354
2025-11-14T13:23:30,1763106810000,NIFTY,hybrid,0.9,,15,60,2025-11-14T13:40:30,1763107830000,17,226.34500651174466
2025-11-14T13:23:30,1763106810000,NIFTY,hybrid,0.9,,15,60,2025-11-14T13:41:30,1763107890000,18,225.99258701033875
2025-11-14T13:23:30,1763106810000,NIFTY,hybrid,0.9,,15,60,2025-11-14T13:42:30,1763107950000,19,226.17306660644815
2025-11-14T13:23:30,1763106810000,NIFTY,hybrid,0.9,,15,60,2025-11-14T13:43:30,1763108010000,20,225.98105858002867
2025-11-14T13:23:30,1763106810000,NIFTY,hybrid,0.9,,15,60,2025-11-14T13:44:30,1763108070000,21,225.86042969731153
2025-11-14T13:23:30,1763106810000,NIFTY,hybrid,0.9,,15,60,2025-11-14T13:45:30,1763108130000,22,225.86042969731153
2025-11-14T13:23:30,1763106810000,NIFTY,hybrid,0.9,,15,60,2025-11-14T13:46:30,1763108190000,23,225.1983101085297
2025-11-14T13:23:30,1763106810000,NIFTY,hybrid,0.9,,15,60,2025-11-14T13:47:30,1763108250000,24,225.3327573162437
2025-11-14T13:23:30,1763106810000,NIFTY,hybrid,0.9,,15,60,2025-11-14T13:48:30,1763108310000,25,225.44867002939057
2025-11-14T13:23:30,1763106810000,NIFTY,hybrid,0.9,,15,60,2025-11-14T13:49:30,1763108370000,26,225.2613612526779
2025-11-14T13:23:30,1763106810000,NIFTY,hybrid,0.9,,15,60,2025-11-14T13:50:30,1763108430000,27,225.21302647435078
2025-11-14T13:23:30,1763106810000,NIFTY,hybrid,0.9,,15,60,2025-11-14T13:51:30,1763108490000,28,224.964435552368
2025-11-14T13:23:30,1763106810000,NIFTY,hybrid,0.9,,15,60,2025-11-14T13:52:30,1763108550000,29,225.02582251301394
2025-11-14T13:23:30,1763106810000,NIFTY,hybrid,0.9,,15,60,2025-11-14T13:53:30,1763108610000,30,225.23186156994467
2025-11-14T13:23:30,1763106810000,NIFTY,hybrid,0.9,,15,60,2025-11-14T13:54:30,1763108670000,31,225.21993882345134
2025-11-14T13:23:30,1763106810000,NIFTY,hybrid,0.9,,15,60,2025-11-14T13:55:30,1763108730000,32,224.9595799639899
2025-11-14T13:23:30,1763106810000,NIFTY,hybrid,0.9,,15,60,2025-11-14T13:56:30,1763108790000,33,225.01354512088477
2025-11-14T13:23:30,1763106810000,NIFTY,hybrid,0.9,,15,60,2025-11-14T13:57:30,1763108850000,34,224.99361798481343
2025-11-14T13:23:30,1763106810000,NIFTY,hybrid,0.9,,15,60,2025-11-14T13:58:30,1763108910000,35,224.97515835597417
2025-11-14T13:23:30,1763106810000,NIFTY,hybrid,0.9,,15,60,2025-11-14T13:59:30,1763108970000,36,225.11443145499234
2025-11-14T13:23:30,1763106810000,NIFTY,hybrid,0.9,,15,60,2025-11-14T14:00:30,1763109030000,37,225.00516654978654
2025-11-14T13:23:30,1763106810000,NIFTY,hybrid,0.9,,15,60,2025-11-14T14:01:30,1763109090000,38,225.4555163638917
2025-11-14T13:23:30,1763106810000,NIFTY,hybrid,0.9,,15,60,2025-11-14T14:02:30,1763109150000,39,225.24369556985118
2025-11-14T13:23:30,1763106810000,NIFTY,hybrid,0.9,,15,60,2025-11-14T14:03:30,1763109210000,40,225.33180044520267
2025-11-14T13:23:30,1763106810000,NIFTY,hybrid,0.9,,15,60,2025-11-14T14:04:30,1763109270000,41,224.92064436022912
2025-11-14T13:23:30,1763106810000,NIFTY,hybrid,0.9,,15,60,2025-11-14T14:05:30,1763109330000,42,225.21432727806737
2025-11-14T13:23:30,1763106810000,NIFTY,hybrid,0.9,,15,60,2025-11-14T14:06:30,1763109390000,43,225.65235847646395
2025-11-14T13:23:30,1763106810000,NIFTY,hybrid,0.9,,15,60,2025-11-14T14:07:30,1763109450000,44,225.54988773331831
2025-11-14T13:23:30,1763106810000,NIFTY,hybrid,0.9,,15,60,2025-11-14T14:08:30,1763109510000,45,225.45931113213706
2025-11-14T13:23:30,1763106810000,NIFTY,hybrid,0.9,,15,60,2025-11-14T14:09:30,1763109570000,46,225.53737848768944
2025-11-14T13:23:30,1763106810000,NIFTY,hybrid,0.9,,15,60,2025-11-14T14:10:30,1763109630000,47,225.7603559096195
2025-11-14T13:23:30,1763106810000,NIFTY,hybrid,0.9,,15,60,2025-11-14T14:11:30,1763109690000,48,225.43277831258044
2025-11-14T13:23:30,1763106810000,NIFTY,hybrid,0.9,,15,60,2025-11-14T14:12:30,1763109750000,49,225.37422360221152
2025-11-14T13:23:30,1763106810000,NIFTY,hybrid,0.9,,15,60,2025-11-14T14:13:30,1763109810000,50,225.44741699017268
2025-11-14T13:23:30,1763106810000,NIFTY,hybrid,0.9,,15,60,2025-11-14T14:14:30,1763109870000,51,225.18153437782226
2025-11-14T13:23:30,1763106810000,NIFTY,hybrid,0.9,,15,60,2025-11-14T14:15:30,1763109930000,52,224.95001265201293
2025-11-14T13:23:30,1763106810000,NIFTY,hybrid,0.9,,15,60,2025-11-14T14:16:30,1763109990000,53,225.18495898628356
2025-11-14T13:23:30,1763106810000,NIFTY,hybrid,0.9,,15,60,2025-11-14T14:17:30,1763110050000,54,225.39053702877032
2025-11-14T13:23:30,1763106810000,NIFTY,hybrid,0.9,,15,60,2025-11-14T14:18:30,1763110110000,55,225.3758528828784
2025-11-14T13:23:30,1763106810000,NIFTY,hybrid,0.9,,15,60,2025-11-14T14:19:30,1763110170000,56,225.09685411093207
2025-11-14T13:23:30,1763106810000,NIFTY,hybrid,0.9,,15,60,2025-11-14T14:20:30,1763110230000,57,225.2290114239593
2025-11-14T13:23:30,1763106810000,NIFTY,hybrid,0.9,,15,60,2025-11-14T14:21:30,1763110290000,58,224.8912760684453
2025-11-14T13:23:30,1763106810000,NIFTY,hybrid,0.9,,15,60,2025-11-14T14:22:30,1763110350000,59,224.84722363076955
2025-11-14T13:23:30,1763106810000,NIFTY,hybrid,0.9,,15,60,2025-11-14T14:23:30,1763110410000,60,224.86190777666147
