gen_time_iso,gen_ms,index,target_time_iso,target_ms,horizon_min,profile,mode,q10,q50,q90
2025-11-14T09:53:00,1763094180000,NIFTY,2025-11-14T09:54:00,1763094240000,1,optimized,hybrid,257.07358882762753,259.15,266.3301328420047
2025-11-14T09:53:00,1763094180000,NIFTY,2025-11-14T09:55:00,1763094300000,2,optimized,hybrid,256.83173572347005,258.46171604825275,267.45140410846136
2025-11-14T09:53:00,1763094180000,NIFTY,2025-11-14T09:56:00,1763094360000,3,optimized,hybrid,256.9823407171578,258.8804278835704,266.84419738718236
2025-11-14T09:53:00,1763094180000,NIFTY,2025-11-14T09:57:00,1763094420000,4,optimized,hybrid,256.5007811530716,258.70015126034775,267.4259114255855
2025-11-14T09:53:00,1763094180000,NIFTY,2025-11-14T09:58:00,1763094480000,5,optimized,hybrid,256.5904787592614,258.8617670724212,265.960824883398
2025-11-14T09:53:00,1763094180000,NIFTY,2025-11-14T09:59:00,1763094540000,6,optimized,hybrid,255.81809810968824,258.3730201085446,267.5517904486286
2025-11-14T09:53:00,1763094180000,NIFTY,2025-11-14T10:00:00,1763094600000,7,optimized,hybrid,256.74940651196414,258.83814882174227,266.7789819267766
2025-11-14T09:53:00,1763094180000,NIFTY,2025-11-14T10:01:00,1763094660000,8,optimized,hybrid,256.0342215297124,258.385094597918,267.3842405058534
2025-11-14T09:53:00,1763094180000,NIFTY,2025-11-14T10:02:00,1763094720000,9,optimized,hybrid,255.8153088378787,258.7863715914483,269.1996383394763
2025-11-14T09:53:00,1763094180000,NIFTY,2025-11-14T10:03:00,1763094780000,10,optimized,hybrid,254.6129451724571,258.23335131591637,267.94592235864167
2025-11-14T09:53:00,1763094180000,NIFTY,2025-11-14T10:04:00,1763094840000,11,optimized,hybrid,254.95991153107596,258.75810259661534,268.4703969697622
2025-11-14T09:53:00,1763094180000,NIFTY,2025-11-14T10:05:00,1763094900000,12,optimized,hybrid,253.52888501216287,258.35264917665404,267.4481268073729
2025-11-14T09:53:00,1763094180000,NIFTY,2025-11-14T10:06:00,1763094960000,13,optimized,hybrid,254.76362852219862,258.8915862896404,267.67907342456004
2025-11-14T09:53:00,1763094180000,NIFTY,2025-11-14T10:07:00,1763095020000,14,optimized,hybrid,254.32225381441336,258.4967976704703,267.2661780402739
2025-11-14T09:53:00,1763094180000,NIFTY,2025-11-14T10:08:00,1763095080000,15,optimized,hybrid,255.22038141296483,258.83385982999835,267.93329450555467
2025-11-14T09:53:00,1763094180000,NIFTY,2025-11-14T10:09:00,1763095140000,16,optimized,hybrid,254.55150070468198,258.29250363135714,267.41453052670806
2025-11-14T09:53:00,1763094180000,NIFTY,2025-11-14T10:10:00,1763095200000,17,optimized,hybrid,254.92072048550506,258.7528936796152,267.3168188465882
2025-11-14T09:53:00,1763094180000,NIFTY,2025-11-14T10:11:00,1763095260000,18,optimized,hybrid,252.9257866506626,258.76935079487276,266.99435091919537
2025-11-14T09:53:00,1763094180000,NIFTY,2025-11-14T10:12:00,1763095320000,19,optimized,hybrid,254.14807789245683,258.92610354682506,267.6277994594831
2025-11-14T09:53:00,1763094180000,NIFTY,2025-11-14T10:13:00,1763095380000,20,optimized,hybrid,253.3671158709104,258.5879537939346,267.10040113766615
2025-11-14T09:53:00,1763094180000,NIFTY,2025-11-14T10:14:00,1763095440000,21,optimized,hybrid,254.28463016718263,258.794265705298,267.7163616246119
2025-11-14T09:53:00,1763094180000,NIFTY,2025-11-14T10:15:00,1763095500000,22,optimized,hybrid,252.9624858360395,258.5819730812574,267.2484611487356
2025-11-14T09:53:00,1763094180000,NIFTY,2025-11-14T10:16:00,1763095560000,23,optimized,hybrid,254.46870810377007,258.36672662205456,268.98418823985776
2025-11-14T09:53:00,1763094180000,NIFTY,2025-11-14T10:17:00,1763095620000,24,optimized,hybrid,252.32133769544666,258.31588621919866,267.5703453396674
2025-11-14T09:53:00,1763094180000,NIFTY,2025-11-14T10:18:00,1763095680000,25,optimized,hybrid,253.70173834623955,258.73355566397913,268.74550650956377
2025-11-14T09:53:00,1763094180000,NIFTY,2025-11-14T10:19:00,1763095740000,26,optimized,hybrid,252.6549220685621,258.12228335685006,267.4561397375256
2025-11-14T09:53:00,1763094180000,NIFTY,2025-11-14T10:20:00,1763095800000,27,optimized,hybrid,253.78334730862946,258.6384043394688,267.56319380717053
2025-11-14T09:53:00,1763094180000,NIFTY,2025-11-14T10:21:00,1763095860000,28,optimized,hybrid,252.90303490394484,257.97410492729057,267.34059168748774
2025-11-14T09:53:00,1763094180000,NIFTY,2025-11-14T10:22:00,1763095920000,29,optimized,hybrid,254.61516426562008,258.3055301766399,263.55382869000636
2025-11-14T09:53:00,1763094180000,NIFTY,2025-11-14T10:23:00,1763095980000,30,optimized,hybrid,253.74876421836464,257.7785831149015,267.4656581105435
2025-11-14T09:53:00,1763094180000,NIFTY,2025-11-14T10:24:00,1763096040000,31,optimized,hybrid,255.4767193233614,258.93385584686206,264.18039260156024
2025-11-14T09:53:00,1763094180000,NIFTY,2025-11-14T10:25:00,1763096100000,32,optimized,hybrid,253.9902098839503,257.98803335413265,263.6418543740375
2025-11-14T09:53:00,1763094180000,NIFTY,2025-11-14T10:26:00,1763096160000,33,optimized,hybrid,253.85869285276667,258.51861549342567,262.96435172653315
2025-11-14T09:53:00,1763094180000,NIFTY,2025-11-14T10:27:00,1763096220000,34,optimized,hybrid,252.37596131548068,257.5015363454857,263.60160456830624
2025-11-14T09:53:00,1763094180000,NIFTY,2025-11-14T10:28:00,1763096280000,35,optimized,hybrid,253.797356512785,258.58853978490663,263.42405150327414
2025-11-14T09:53:00,1763094180000,NIFTY,2025-11-14T10:29:00,1763096340000,36,optimized,hybrid,253.20446078458409,258.0544960067364,283.7041099998373
2025-11-14T09:53:00,1763094180000,NIFTY,2025-11-14T10:30:00,1763096400000,37,optimized,hybrid,253.84296758108658,258.3299628270271,263.20920269361153
2025-11-14T09:53:00,1763094180000,NIFTY,2025-11-14T10:31:00,1763096460000,38,optimized,hybrid,253.21793563839844,257.74222868023975,263.75084705757314
2025-11-14T09:53:00,1763094180000,NIFTY,2025-11-14T10:32:00,1763096520000,39,optimized,hybrid,254.37051387126039,258.2026577323612,263.1322157840569
2025-11-14T09:53:00,1763094180000,NIFTY,2025-11-14T10:33:00,1763096580000,40,optimized,hybrid,253.7770383691481,257.60007244097636,264.35036217690174
2025-11-14T09:53:00,1763094180000,NIFTY,2025-11-14T10:34:00,1763096640000,41,optimized,hybrid,254.1659856282161,257.9376116389627,263.6040081100308
2025-11-14T09:53:00,1763094180000,NIFTY,2025-11-14T10:35:00,1763096700000,42,optimized,hybrid,253.35117027231286,257.6271512954605,263.5301760396296
2025-11-14T09:53:00,1763094180000,NIFTY,2025-11-14T10:36:00,1763096760000,43,optimized,hybrid,254.7148421737864,258.2265154688076,264.99539773500777
2025-11-14T09:53:00,1763094180000,NIFTY,2025-11-14T10:37:00,1763096820000,44,optimized,hybrid,252.85511436124173,257.3244755893788,265.4597981134257
2025-11-14T09:53:00,1763094180000,NIFTY,2025-11-14T10:38:00,1763096880000,45,optimized,hybrid,254.51184737366117,257.4620051338004,264.91498068188514
2025-11-14T09:53:00,1763094180000,NIFTY,2025-11-14T10:39:00,1763096940000,46,optimized,hybrid,253.61049465649114,257.0061078815153,265.3712159228236
2025-11-14T09:53:00,1763094180000,NIFTY,2025-11-14T10:40:00,1763097000000,47,optimized,hybrid,253.64397128482997,257.95221256934235,264.74215381539005
2025-11-14T09:53:00,1763094180000,NIFTY,2025-11-14T10:41:00,1763097060000,48,optimized,hybrid,252.31236561865833,257.0995702870322,267.7280248440505
2025-11-14T09:53:00,1763094180000,NIFTY,2025-11-14T10:42:00,1763097120000,49,optimized,hybrid,253.66980388660497,258.227351001919,266.862389645511
2025-11-14T09:53:00,1763094180000,NIFTY,2025-11-14T10:43:00,1763097180000,50,optimized,hybrid,252.24869161719934,257.513496063994,267.590612585826
2025-11-14T09:53:00,1763094180000,NIFTY,2025-11-14T10:44:00,1763097240000,51,optimized,hybrid,253.22715288190528,258.3878094235981,267.5702944768426
2025-11-14T09:53:00,1763094180000,NIFTY,2025-11-14T10:45:00,1763097300000,52,optimized,hybrid,252.17873452998322,256.916980270351,267.33649891832243
2025-11-14T09:53:00,1763094180000,NIFTY,2025-11-14T10:46:00,1763097360000,53,optimized,hybrid,253.58742663982866,257.99333975145987,268.3687761222193
2025-11-14T09:53:00,1763094180000,NIFTY,2025-11-14T10:47:00,1763097420000,54,optimized,hybrid,252.58589884431711,256.90720726074113,267.7223610898948
2025-11-14T09:53:00,1763094180000,NIFTY,2025-11-14T10:48:00,1763097480000,55,optimized,hybrid,253.92966649037373,258.1300816335256,293.0368065246313
2025-11-14T09:53:00,1763094180000,NIFTY,2025-11-14T10:49:00,1763097540000,56,optimized,hybrid,253.2712863420453,256.96372206756735,267.8190996089943
2025-11-14T09:53:00,1763094180000,NIFTY,2025-11-14T10:50:00,1763097600000,57,optimized,hybrid,253.90938046549147,258.3793558236932,269.2710938120417
2025-11-14T09:53:00,1763094180000,NIFTY,2025-11-14T10:51:00,1763097660000,58,optimized,hybrid,252.37865951934492,257.8854138146544,267.8769649037074
2025-11-14T09:53:00,1763094180000,NIFTY,2025-11-14T10:52:00,1763097720000,59,optimized,hybrid,252.72200327087074,258.4579307703858,268.47456984707225
2025-11-14T09:53:00,1763094180000,NIFTY,2025-11-14T10:53:00,1763097780000,60,optimized,hybrid,251.19864634146742,257.184067892986,267.39524618863703
2025-11-14T09:53:00,1763094180000,NIFTY,2025-11-14T09:54:00,1763094240000,1,optimized,hybrid,257.07358882762753,259.15,266.3301328420047
2025-11-14T09:53:00,1763094180000,NIFTY,2025-11-14T09:55:00,1763094300000,2,optimized,hybrid,256.83173572347005,258.46171604825275,267.45140410846136
2025-11-14T09:53:00,1763094180000,NIFTY,2025-11-14T09:56:00,1763094360000,3,optimized,hybrid,256.9823407171578,258.8804278835704,266.84419738718236
2025-11-14T09:53:00,1763094180000,NIFTY,2025-11-14T09:57:00,1763094420000,4,optimized,hybrid,256.5007811530716,258.70015126034775,267.4259114255855
2025-11-14T09:53:00,1763094180000,NIFTY,2025-11-14T09:58:00,1763094480000,5,optimized,hybrid,256.5904787592614,258.8617670724212,265.960824883398
2025-11-14T09:53:00,1763094180000,NIFTY,2025-11-14T09:59:00,1763094540000,6,optimized,hybrid,255.81809810968824,258.3730201085446,267.5517904486286
2025-11-14T09:53:00,1763094180000,NIFTY,2025-11-14T10:00:00,1763094600000,7,optimized,hybrid,256.74940651196414,258.83814882174227,266.7789819267766
2025-11-14T09:53:00,1763094180000,NIFTY,2025-11-14T10:01:00,1763094660000,8,optimized,hybrid,256.0342215297124,258.385094597918,267.3842405058534
2025-11-14T09:53:00,1763094180000,NIFTY,2025-11-14T10:02:00,1763094720000,9,optimized,hybrid,255.8153088378787,258.7863715914483,269.1996383394763
2025-11-14T09:53:00,1763094180000,NIFTY,2025-11-14T10:03:00,1763094780000,10,optimized,hybrid,254.6129451724571,258.23335131591637,267.94592235864167
2025-11-14T09:53:00,1763094180000,NIFTY,2025-11-14T10:04:00,1763094840000,11,optimized,hybrid,254.95991153107596,258.75810259661534,268.4703969697622
2025-11-14T09:53:00,1763094180000,NIFTY,2025-11-14T10:05:00,1763094900000,12,optimized,hybrid,253.52888501216287,258.35264917665404,267.4481268073729
2025-11-14T09:53:00,1763094180000,NIFTY,2025-11-14T10:06:00,1763094960000,13,optimized,hybrid,254.76362852219862,258.8915862896404,267.67907342456004
2025-11-14T09:53:00,1763094180000,NIFTY,2025-11-14T10:07:00,1763095020000,14,optimized,hybrid,254.32225381441336,258.4967976704703,267.2661780402739
2025-11-14T09:53:00,1763094180000,NIFTY,2025-11-14T10:08:00,1763095080000,15,optimized,hybrid,255.22038141296483,258.83385982999835,267.93329450555467
2025-11-14T09:53:00,1763094180000,NIFTY,2025-11-14T10:09:00,1763095140000,16,optimized,hybrid,254.55150070468198,258.29250363135714,267.41453052670806
2025-11-14T09:53:00,1763094180000,NIFTY,2025-11-14T10:10:00,1763095200000,17,optimized,hybrid,254.92072048550506,258.7528936796152,267.3168188465882
2025-11-14T09:53:00,1763094180000,NIFTY,2025-11-14T10:11:00,1763095260000,18,optimized,hybrid,252.9257866506626,258.76935079487276,266.99435091919537
2025-11-14T09:53:00,1763094180000,NIFTY,2025-11-14T10:12:00,1763095320000,19,optimized,hybrid,254.14807789245683,258.92610354682506,267.6277994594831
2025-11-14T09:53:00,1763094180000,NIFTY,2025-11-14T10:13:00,1763095380000,20,optimized,hybrid,253.3671158709104,258.5879537939346,267.10040113766615
2025-11-14T09:53:00,1763094180000,NIFTY,2025-11-14T10:14:00,1763095440000,21,optimized,hybrid,254.28463016718263,258.794265705298,267.7163616246119
2025-11-14T09:53:00,1763094180000,NIFTY,2025-11-14T10:15:00,1763095500000,22,optimized,hybrid,252.9624858360395,258.5819730812574,267.2484611487356
2025-11-14T09:53:00,1763094180000,NIFTY,2025-11-14T10:16:00,1763095560000,23,optimized,hybrid,254.46870810377007,258.36672662205456,268.98418823985776
2025-11-14T09:53:00,1763094180000,NIFTY,2025-11-14T10:17:00,1763095620000,24,optimized,hybrid,252.32133769544666,258.31588621919866,267.5703453396674
2025-11-14T09:53:00,1763094180000,NIFTY,2025-11-14T10:18:00,1763095680000,25,optimized,hybrid,253.70173834623955,258.73355566397913,268.74550650956377
2025-11-14T09:53:00,1763094180000,NIFTY,2025-11-14T10:19:00,1763095740000,26,optimized,hybrid,252.6549220685621,258.12228335685006,267.4561397375256
2025-11-14T09:53:00,1763094180000,NIFTY,2025-11-14T10:20:00,1763095800000,27,optimized,hybrid,253.78334730862946,258.6384043394688,267.56319380717053
2025-11-14T09:53:00,1763094180000,NIFTY,2025-11-14T10:21:00,1763095860000,28,optimized,hybrid,252.90303490394484,257.97410492729057,267.34059168748774
2025-11-14T09:53:00,1763094180000,NIFTY,2025-11-14T10:22:00,1763095920000,29,optimized,hybrid,254.61516426562008,258.3055301766399,263.55382869000636
2025-11-14T09:53:00,1763094180000,NIFTY,2025-11-14T10:23:00,1763095980000,30,optimized,hybrid,253.74876421836464,257.7785831149015,267.4656581105435
2025-11-14T09:53:00,1763094180000,NIFTY,2025-11-14T10:24:00,1763096040000,31,optimized,hybrid,255.4767193233614,258.93385584686206,264.18039260156024
2025-11-14T09:53:00,1763094180000,NIFTY,2025-11-14T10:25:00,1763096100000,32,optimized,hybrid,253.9902098839503,257.98803335413265,263.6418543740375
2025-11-14T09:53:00,1763094180000,NIFTY,2025-11-14T10:26:00,1763096160000,33,optimized,hybrid,253.85869285276667,258.51861549342567,262.96435172653315
2025-11-14T09:53:00,1763094180000,NIFTY,2025-11-14T10:27:00,1763096220000,34,optimized,hybrid,252.37596131548068,257.5015363454857,263.60160456830624
2025-11-14T09:53:00,1763094180000,NIFTY,2025-11-14T10:28:00,1763096280000,35,optimized,hybrid,253.797356512785,258.58853978490663,263.42405150327414
2025-11-14T09:53:00,1763094180000,NIFTY,2025-11-14T10:29:00,1763096340000,36,optimized,hybrid,253.20446078458409,258.0544960067364,283.7041099998373
2025-11-14T09:53:00,1763094180000,NIFTY,2025-11-14T10:30:00,1763096400000,37,optimized,hybrid,253.84296758108658,258.3299628270271,263.20920269361153
2025-11-14T09:53:00,1763094180000,NIFTY,2025-11-14T10:31:00,1763096460000,38,optimized,hybrid,253.21793563839844,257.74222868023975,263.75084705757314
2025-11-14T09:53:00,1763094180000,NIFTY,2025-11-14T10:32:00,1763096520000,39,optimized,hybrid,254.37051387126039,258.2026577323612,263.1322157840569
2025-11-14T09:53:00,1763094180000,NIFTY,2025-11-14T10:33:00,1763096580000,40,optimized,hybrid,253.7770383691481,257.60007244097636,264.35036217690174
2025-11-14T09:53:00,1763094180000,NIFTY,2025-11-14T10:34:00,1763096640000,41,optimized,hybrid,254.1659856282161,257.9376116389627,263.6040081100308
2025-11-14T09:53:00,1763094180000,NIFTY,2025-11-14T10:35:00,1763096700000,42,optimized,hybrid,253.35117027231286,257.6271512954605,263.5301760396296
2025-11-14T09:53:00,1763094180000,NIFTY,2025-11-14T10:36:00,1763096760000,43,optimized,hybrid,254.7148421737864,258.2265154688076,264.99539773500777
2025-11-14T09:53:00,1763094180000,NIFTY,2025-11-14T10:37:00,1763096820000,44,optimized,hybrid,252.85511436124173,257.3244755893788,265.4597981134257
2025-11-14T09:53:00,1763094180000,NIFTY,2025-11-14T10:38:00,1763096880000,45,optimized,hybrid,254.51184737366117,257.4620051338004,264.91498068188514
2025-11-14T09:53:00,1763094180000,NIFTY,2025-11-14T10:39:00,1763096940000,46,optimized,hybrid,253.61049465649114,257.0061078815153,265.3712159228236
2025-11-14T09:53:00,1763094180000,NIFTY,2025-11-14T10:40:00,1763097000000,47,optimized,hybrid,253.64397128482997,257.95221256934235,264.74215381539005
2025-11-14T09:53:00,1763094180000,NIFTY,2025-11-14T10:41:00,1763097060000,48,optimized,hybrid,252.31236561865833,257.0995702870322,267.7280248440505
2025-11-14T09:53:00,1763094180000,NIFTY,2025-11-14T10:42:00,1763097120000,49,optimized,hybrid,253.66980388660497,258.227351001919,266.862389645511
2025-11-14T09:53:00,1763094180000,NIFTY,2025-11-14T10:43:00,1763097180000,50,optimized,hybrid,252.24869161719934,257.513496063994,267.590612585826
2025-11-14T09:53:00,1763094180000,NIFTY,2025-11-14T10:44:00,1763097240000,51,optimized,hybrid,253.22715288190528,258.3878094235981,267.5702944768426
2025-11-14T09:53:00,1763094180000,NIFTY,2025-11-14T10:45:00,1763097300000,52,optimized,hybrid,252.17873452998322,256.916980270351,267.33649891832243
2025-11-14T09:53:00,1763094180000,NIFTY,2025-11-14T10:46:00,1763097360000,53,optimized,hybrid,253.58742663982866,257.99333975145987,268.3687761222193
2025-11-14T09:53:00,1763094180000,NIFTY,2025-11-14T10:47:00,1763097420000,54,optimized,hybrid,252.58589884431711,256.90720726074113,267.7223610898948
2025-11-14T09:53:00,1763094180000,NIFTY,2025-11-14T10:48:00,1763097480000,55,optimized,hybrid,253.92966649037373,258.1300816335256,293.0368065246313
2025-11-14T09:53:00,1763094180000,NIFTY,2025-11-14T10:49:00,1763097540000,56,optimized,hybrid,253.2712863420453,256.96372206756735,267.8190996089943
2025-11-14T09:53:00,1763094180000,NIFTY,2025-11-14T10:50:00,1763097600000,57,optimized,hybrid,253.90938046549147,258.3793558236932,269.2710938120417
2025-11-14T09:53:00,1763094180000,NIFTY,2025-11-14T10:51:00,1763097660000,58,optimized,hybrid,252.37865951934492,257.8854138146544,267.8769649037074
2025-11-14T09:53:00,1763094180000,NIFTY,2025-11-14T10:52:00,1763097720000,59,optimized,hybrid,252.72200327087074,258.4579307703858,268.47456984707225
2025-11-14T09:53:00,1763094180000,NIFTY,2025-11-14T10:53:00,1763097780000,60,optimized,hybrid,251.19864634146742,257.184067892986,267.39524618863703
2025-11-14T09:53:00,1763094180000,NIFTY,2025-11-14T09:54:00,1763094240000,1,optimized,hybrid,257.07358882762753,259.15,266.3301328420047
2025-11-14T09:53:00,1763094180000,NIFTY,2025-11-14T09:55:00,1763094300000,2,optimized,hybrid,256.83173572347005,258.46171604825275,267.45140410846136
2025-11-14T09:53:00,1763094180000,NIFTY,2025-11-14T09:56:00,1763094360000,3,optimized,hybrid,256.9823407171578,258.8804278835704,266.84419738718236
2025-11-14T09:53:00,1763094180000,NIFTY,2025-11-14T09:57:00,1763094420000,4,optimized,hybrid,256.5007811530716,258.70015126034775,267.4259114255855
2025-11-14T09:53:00,1763094180000,NIFTY,2025-11-14T09:58:00,1763094480000,5,optimized,hybrid,256.5904787592614,258.8617670724212,265.960824883398
2025-11-14T09:53:00,1763094180000,NIFTY,2025-11-14T09:59:00,1763094540000,6,optimized,hybrid,255.81809810968824,258.3730201085446,267.5517904486286
2025-11-14T09:53:00,1763094180000,NIFTY,2025-11-14T10:00:00,1763094600000,7,optimized,hybrid,256.74940651196414,258.83814882174227,266.7789819267766
2025-11-14T09:53:00,1763094180000,NIFTY,2025-11-14T10:01:00,1763094660000,8,optimized,hybrid,256.0342215297124,258.385094597918,267.3842405058534
2025-11-14T09:53:00,1763094180000,NIFTY,2025-11-14T10:02:00,1763094720000,9,optimized,hybrid,255.8153088378787,258.7863715914483,269.1996383394763
2025-11-14T09:53:00,1763094180000,NIFTY,2025-11-14T10:03:00,1763094780000,10,optimized,hybrid,254.6129451724571,258.23335131591637,267.94592235864167
2025-11-14T09:53:00,1763094180000,NIFTY,2025-11-14T10:04:00,1763094840000,11,optimized,hybrid,254.95991153107596,258.75810259661534,268.4703969697622
2025-11-14T09:53:00,1763094180000,NIFTY,2025-11-14T10:05:00,1763094900000,12,optimized,hybrid,253.52888501216287,258.35264917665404,267.4481268073729
2025-11-14T09:53:00,1763094180000,NIFTY,2025-11-14T10:06:00,1763094960000,13,optimized,hybrid,254.76362852219862,258.8915862896404,267.67907342456004
2025-11-14T09:53:00,1763094180000,NIFTY,2025-11-14T10:07:00,1763095020000,14,optimized,hybrid,254.32225381441336,258.4967976704703,267.2661780402739
2025-11-14T09:53:00,1763094180000,NIFTY,2025-11-14T10:08:00,1763095080000,15,optimized,hybrid,255.22038141296483,258.83385982999835,267.93329450555467
2025-11-14T09:53:00,1763094180000,NIFTY,2025-11-14T10:09:00,1763095140000,16,optimized,hybrid,254.55150070468198,258.29250363135714,267.41453052670806
2025-11-14T09:53:00,1763094180000,NIFTY,2025-11-14T10:10:00,1763095200000,17,optimized,hybrid,254.92072048550506,258.7528936796152,267.3168188465882
2025-11-14T09:53:00,1763094180000,NIFTY,2025-11-14T10:11:00,1763095260000,18,optimized,hybrid,252.9257866506626,258.76935079487276,266.99435091919537
2025-11-14T09:53:00,1763094180000,NIFTY,2025-11-14T10:12:00,1763095320000,19,optimized,hybrid,254.14807789245683,258.92610354682506,267.6277994594831
2025-11-14T09:53:00,1763094180000,NIFTY,2025-11-14T10:13:00,1763095380000,20,optimized,hybrid,253.3671158709104,258.5879537939346,267.10040113766615
2025-11-14T09:53:00,1763094180000,NIFTY,2025-11-14T10:14:00,1763095440000,21,optimized,hybrid,254.28463016718263,258.794265705298,267.7163616246119
2025-11-14T09:53:00,1763094180000,NIFTY,2025-11-14T10:15:00,1763095500000,22,optimized,hybrid,252.9624858360395,258.5819730812574,267.2484611487356
2025-11-14T09:53:00,1763094180000,NIFTY,2025-11-14T10:16:00,1763095560000,23,optimized,hybrid,254.46870810377007,258.36672662205456,268.98418823985776
2025-11-14T09:53:00,1763094180000,NIFTY,2025-11-14T10:17:00,1763095620000,24,optimized,hybrid,252.32133769544666,258.31588621919866,267.5703453396674
2025-11-14T09:53:00,1763094180000,NIFTY,2025-11-14T10:18:00,1763095680000,25,optimized,hybrid,253.70173834623955,258.73355566397913,268.74550650956377
2025-11-14T09:53:00,1763094180000,NIFTY,2025-11-14T10:19:00,1763095740000,26,optimized,hybrid,252.6549220685621,258.12228335685006,267.4561397375256
2025-11-14T09:53:00,1763094180000,NIFTY,2025-11-14T10:20:00,1763095800000,27,optimized,hybrid,253.78334730862946,258.6384043394688,267.56319380717053
2025-11-14T09:53:00,1763094180000,NIFTY,2025-11-14T10:21:00,1763095860000,28,optimized,hybrid,252.90303490394484,257.97410492729057,267.34059168748774
2025-11-14T09:53:00,1763094180000,NIFTY,2025-11-14T10:22:00,1763095920000,29,optimized,hybrid,254.61516426562008,258.3055301766399,263.55382869000636
2025-11-14T09:53:00,1763094180000,NIFTY,2025-11-14T10:23:00,1763095980000,30,optimized,hybrid,253.74876421836464,257.7785831149015,267.4656581105435
2025-11-14T09:53:00,1763094180000,NIFTY,2025-11-14T10:24:00,1763096040000,31,optimized,hybrid,255.4767193233614,258.93385584686206,264.18039260156024
2025-11-14T09:53:00,1763094180000,NIFTY,2025-11-14T10:25:00,1763096100000,32,optimized,hybrid,253.9902098839503,257.98803335413265,263.6418543740375
2025-11-14T09:53:00,1763094180000,NIFTY,2025-11-14T10:26:00,1763096160000,33,optimized,hybrid,253.85869285276667,258.51861549342567,262.96435172653315
2025-11-14T09:53:00,1763094180000,NIFTY,2025-11-14T10:27:00,1763096220000,34,optimized,hybrid,252.37596131548068,257.5015363454857,263.60160456830624
2025-11-14T09:53:00,1763094180000,NIFTY,2025-11-14T10:28:00,1763096280000,35,optimized,hybrid,253.797356512785,258.58853978490663,263.42405150327414
2025-11-14T09:53:00,1763094180000,NIFTY,2025-11-14T10:29:00,1763096340000,36,optimized,hybrid,253.20446078458409,258.0544960067364,283.7041099998373
2025-11-14T09:53:00,1763094180000,NIFTY,2025-11-14T10:30:00,1763096400000,37,optimized,hybrid,253.84296758108658,258.3299628270271,263.20920269361153
2025-11-14T09:53:00,1763094180000,NIFTY,2025-11-14T10:31:00,1763096460000,38,optimized,hybrid,253.21793563839844,257.74222868023975,263.75084705757314
2025-11-14T09:53:00,1763094180000,NIFTY,2025-11-14T10:32:00,1763096520000,39,optimized,hybrid,254.37051387126039,258.2026577323612,263.1322157840569
2025-11-14T09:53:00,1763094180000,NIFTY,2025-11-14T10:33:00,1763096580000,40,optimized,hybrid,253.7770383691481,257.60007244097636,264.35036217690174
2025-11-14T09:53:00,1763094180000,NIFTY,2025-11-14T10:34:00,1763096640000,41,optimized,hybrid,254.1659856282161,257.9376116389627,263.6040081100308
2025-11-14T09:53:00,1763094180000,NIFTY,2025-11-14T10:35:00,1763096700000,42,optimized,hybrid,253.35117027231286,257.6271512954605,263.5301760396296
2025-11-14T09:53:00,1763094180000,NIFTY,2025-11-14T10:36:00,1763096760000,43,optimized,hybrid,254.7148421737864,258.2265154688076,264.99539773500777
2025-11-14T09:53:00,1763094180000,NIFTY,2025-11-14T10:37:00,1763096820000,44,optimized,hybrid,252.85511436124173,257.3244755893788,265.4597981134257
2025-11-14T09:53:00,1763094180000,NIFTY,2025-11-14T10:38:00,1763096880000,45,optimized,hybrid,254.51184737366117,257.4620051338004,264.91498068188514
2025-11-14T09:53:00,1763094180000,NIFTY,2025-11-14T10:39:00,1763096940000,46,optimized,hybrid,253.61049465649114,257.0061078815153,265.3712159228236
2025-11-14T09:53:00,1763094180000,NIFTY,2025-11-14T10:40:00,1763097000000,47,optimized,hybrid,253.64397128482997,257.95221256934235,264.74215381539005
2025-11-14T09:53:00,1763094180000,NIFTY,2025-11-14T10:41:00,1763097060000,48,optimized,hybrid,252.31236561865833,257.0995702870322,267.7280248440505
2025-11-14T09:53:00,1763094180000,NIFTY,2025-11-14T10:42:00,1763097120000,49,optimized,hybrid,253.66980388660497,258.227351001919,266.862389645511
2025-11-14T09:53:00,1763094180000,NIFTY,2025-11-14T10:43:00,1763097180000,50,optimized,hybrid,252.24869161719934,257.513496063994,267.590612585826
2025-11-14T09:53:00,1763094180000,NIFTY,2025-11-14T10:44:00,1763097240000,51,optimized,hybrid,253.22715288190528,258.3878094235981,267.5702944768426
2025-11-14T09:53:00,1763094180000,NIFTY,2025-11-14T10:45:00,1763097300000,52,optimized,hybrid,252.17873452998322,256.916980270351,267.33649891832243
2025-11-14T09:53:00,1763094180000,NIFTY,2025-11-14T10:46:00,1763097360000,53,optimized,hybrid,253.58742663982866,257.99333975145987,268.3687761222193
2025-11-14T09:53:00,1763094180000,NIFTY,2025-11-14T10:47:00,1763097420000,54,optimized,hybrid,252.58589884431711,256.90720726074113,267.7223610898948
2025-11-14T09:53:00,1763094180000,NIFTY,2025-11-14T10:48:00,1763097480000,55,optimized,hybrid,253.92966649037373,258.1300816335256,293.0368065246313
2025-11-14T09:53:00,1763094180000,NIFTY,2025-11-14T10:49:00,1763097540000,56,optimized,hybrid,253.2712863420453,256.96372206756735,267.8190996089943
2025-11-14T09:53:00,1763094180000,NIFTY,2025-11-14T10:50:00,1763097600000,57,optimized,hybrid,253.90938046549147,258.3793558236932,269.2710938120417
2025-11-14T09:53:00,1763094180000,NIFTY,2025-11-14T10:51:00,1763097660000,58,optimized,hybrid,252.37865951934492,257.8854138146544,267.8769649037074
2025-11-14T09:53:00,1763094180000,NIFTY,2025-11-14T10:52:00,1763097720000,59,optimized,hybrid,252.72200327087074,258.4579307703858,268.47456984707225
2025-11-14T09:53:00,1763094180000,NIFTY,2025-11-14T10:53:00,1763097780000,60,optimized,hybrid,251.19864634146742,257.184067892986,267.39524618863703
2025-11-14T09:53:30,1763094210000,NIFTY,2025-11-14T09:54:30,1763094270000,1,optimized,hybrid,255.61031514305765,257.35,264.6098889753419
2025-11-14T09:53:30,1763094210000,NIFTY,2025-11-14T09:55:30,1763094330000,2,optimized,hybrid,255.27972159612895,257.3004561168119,265.4959945861961
2025-11-14T09:53:30,1763094210000,NIFTY,2025-11-14T09:56:30,1763094390000,3,optimized,hybrid,255.50036695733945,257.5179221245067,264.8534398879278
2025-11-14T09:53:30,1763094210000,NIFTY,2025-11-14T09:57:30,1763094450000,4,optimized,hybrid,254.8642053356335,257.15767363794413,265.605888554877
2025-11-14T09:53:30,1763094210000,NIFTY,2025-11-14T09:58:30,1763094510000,5,optimized,hybrid,254.9498921359079,257.49866395779355,263.91493151650974
2025-11-14T09:53:30,1763094210000,NIFTY,2025-11-14T09:59:30,1763094570000,6,optimized,hybrid,254.22356085767294,256.8469624123461,265.69418611752303
2025-11-14T09:53:30,1763094210000,NIFTY,2025-11-14T10:00:30,1763094630000,7,optimized,hybrid,255.25472706139584,257.31941956154134,264.7796023151821
2025-11-14T09:53:30,1763094210000,NIFTY,2025-11-14T10:01:30,1763094690000,8,optimized,hybrid,254.53069072365722,256.7836058435945,265.7911909629147
2025-11-14T09:53:30,1763094210000,NIFTY,2025-11-14T10:02:30,1763094750000,9,optimized,hybrid,254.46521335300923,257.45274863606187,267.4278271065171
2025-11-14T09:53:30,1763094210000,NIFTY,2025-11-14T10:03:30,1763094810000,10,optimized,hybrid,254.01294180300812,256.7767531438111,266.2537864589978
2025-11-14T09:53:30,1763094210000,NIFTY,2025-11-14T10:04:30,1763094870000,11,optimized,hybrid,253.7388398810122,257.49200292447654,266.89969164788977
2025-11-14T09:53:30,1763094210000,NIFTY,2025-11-14T10:05:30,1763094930000,12,optimized,hybrid,252.50688087086846,257.20588646084707,266.0314803366498
2025-11-14T09:53:30,1763094210000,NIFTY,2025-11-14T10:06:30,1763094990000,13,optimized,hybrid,253.91992443921862,257.62344016149257,266.07080581878245
2025-11-14T09:53:30,1763094210000,NIFTY,2025-11-14T10:07:30,1763095050000,14,optimized,hybrid,252.72373506166073,257.05669622618325,265.55080151986994
2025-11-14T09:53:30,1763094210000,NIFTY,2025-11-14T10:08:30,1763095110000,15,optimized,hybrid,253.84683325044747,257.4630475925755,266.2072637099832
2025-11-14T09:53:30,1763094210000,NIFTY,2025-11-14T10:09:30,1763095170000,16,optimized,hybrid,253.20682603590245,257.0221612583582,265.93629542679946
2025-11-14T09:53:30,1763094210000,NIFTY,2025-11-14T10:10:30,1763095230000,17,optimized,hybrid,253.6510449676003,257.2787547039385,265.5645333806131
2025-11-14T09:53:30,1763094210000,NIFTY,2025-11-14T10:11:30,1763095290000,18,optimized,hybrid,251.78767187313358,257.3460245504249,265.37283063638694
2025-11-14T09:53:30,1763094210000,NIFTY,2025-11-14T10:12:30,1763095350000,19,optimized,hybrid,253.01289487620758,257.6820432767203,265.93714921543585
2025-11-14T09:53:30,1763094210000,NIFTY,2025-11-14T10:13:30,1763095410000,20,optimized,hybrid,252.34522408080198,257.29601488327023,265.6109565591917
2025-11-14T09:53:30,1763094210000,NIFTY,2025-11-14T10:14:30,1763095470000,21,optimized,hybrid,253.1559997248724,257.4630821090028,265.91750730632833
2025-11-14T09:53:30,1763094210000,NIFTY,2025-11-14T10:15:30,1763095530000,22,optimized,hybrid,251.78103089848335,256.82795292007876,265.72322305331505
2025-11-14T09:53:30,1763094210000,NIFTY,2025-11-14T10:16:30,1763095590000,23,optimized,hybrid,253.23338227678352,257.08985479597584,266.7922611307419
2025-11-14T09:53:30,1763094210000,NIFTY,2025-11-14T10:17:30,1763095650000,24,optimized,hybrid,251.92003234812617,256.9480487246681,265.91318443637994
2025-11-14T09:53:30,1763094210000,NIFTY,2025-11-14T10:18:30,1763095710000,25,optimized,hybrid,252.76522888374242,257.35728109838,266.9521640776924
2025-11-14T09:53:30,1763094210000,NIFTY,2025-11-14T10:19:30,1763095770000,26,optimized,hybrid,251.3807136542994,256.7420204642099,265.8727862893584
2025-11-14T09:53:30,1763094210000,NIFTY,2025-11-14T10:20:30,1763095830000,27,optimized,hybrid,252.36264110258165,257.185450211157,265.30687403324936
2025-11-14T09:53:30,1763094210000,NIFTY,2025-11-14T10:21:30,1763095890000,28,optimized,hybrid,251.58784130983057,256.60357633713113,265.75589641715885
2025-11-14T09:53:30,1763094210000,NIFTY,2025-11-14T10:22:30,1763095950000,29,optimized,hybrid,253.57578582487866,257.3510714158269,262.5341866937799
2025-11-14T09:53:30,1763094210000,NIFTY,2025-11-14T10:23:30,1763096010000,30,optimized,hybrid,252.36007545664177,256.48053362651046,265.9243945257741
2025-11-14T09:53:30,1763094210000,NIFTY,2025-11-14T10:24:30,1763096070000,31,optimized,hybrid,253.43052164773604,256.91276823130545,262.1099002031724
2025-11-14T09:53:30,1763094210000,NIFTY,2025-11-14T10:25:30,1763096130000,32,optimized,hybrid,251.78108293833907,255.93182749618285,261.46040790266153
2025-11-14T09:53:30,1763094210000,NIFTY,2025-11-14T10:26:30,1763096190000,33,optimized,hybrid,253.01788184273596,257.3564273934229,261.67737644281607
2025-11-14T09:53:30,1763094210000,NIFTY,2025-11-14T10:27:30,1763096250000,34,optimized,hybrid,251.2277800893274,256.6361650056841,262.4176029919196
2025-11-14T09:53:30,1763094210000,NIFTY,2025-11-14T10:28:30,1763096310000,35,optimized,hybrid,252.06953157735865,256.9938062202124,261.64862348685017
2025-11-14T09:53:30,1763094210000,NIFTY,2025-11-14T10:29:30,1763096370000,36,optimized,hybrid,251.58987435886075,256.6575831924972,276.55873365449935
2025-11-14T09:53:30,1763094210000,NIFTY,2025-11-14T10:30:30,1763096430000,37,optimized,hybrid,252.40294673173955,256.9437624684598,262.2067935756448
2025-11-14T09:53:30,1763094210000,NIFTY,2025-11-14T10:31:30,1763096490000,38,optimized,hybrid,251.77823389197354,256.4727644274101,263.7943109353655
2025-11-14T09:53:30,1763094210000,NIFTY,2025-11-14T10:32:30,1763096550000,39,optimized,hybrid,252.84369364369775,256.71140707219934,262.60184704861166
2025-11-14T09:53:30,1763094210000,NIFTY,2025-11-14T10:33:30,1763096610000,40,optimized,hybrid,252.0740743604698,256.19990584799814,263.72501531549693
2025-11-14T09:53:30,1763094210000,NIFTY,2025-11-14T10:34:30,1763096670000,41,optimized,hybrid,253.0998132766415,257.19351042726606,262.75064733738014
2025-11-14T09:53:30,1763094210000,NIFTY,2025-11-14T10:35:30,1763096730000,42,optimized,hybrid,251.7721891296918,256.4195188302506,263.0032733317247
2025-11-14T09:53:30,1763094210000,NIFTY,2025-11-14T10:36:30,1763096790000,43,optimized,hybrid,252.77609876618956,256.5099141288345,263.5540523536527
2025-11-14T09:53:30,1763094210000,NIFTY,2025-11-14T10:37:30,1763096850000,44,optimized,hybrid,251.28086100095624,255.86490807015815,263.94367361762863
2025-11-14T09:53:30,1763094210000,NIFTY,2025-11-14T10:38:30,1763096910000,45,optimized,hybrid,252.82836377418428,256.2149359173483,263.54502449521493
2025-11-14T09:53:30,1763094210000,NIFTY,2025-11-14T10:39:30,1763096970000,46,optimized,hybrid,251.89286910541244,255.66279316409432,263.8315950934119
2025-11-14T09:53:30,1763094210000,NIFTY,2025-11-14T10:40:30,1763097030000,47,optimized,hybrid,252.57351829378507,257.0231875005066,263.69521955551426
2025-11-14T09:53:30,1763094210000,NIFTY,2025-11-14T10:41:30,1763097090000,48,optimized,hybrid,250.77992317189643,255.8472664834203,266.17157266729834
2025-11-14T09:53:30,1763094210000,NIFTY,2025-11-14T10:42:30,1763097150000,49,optimized,hybrid,251.63147176070714,256.7108929101405,265.1933187992002
2025-11-14T09:53:30,1763094210000,NIFTY,2025-11-14T10:43:30,1763097210000,50,optimized,hybrid,250.24768415344977,255.7353410465418,265.6026187039399
2025-11-14T09:53:30,1763094210000,NIFTY,2025-11-14T10:44:30,1763097270000,51,optimized,hybrid,252.3686229927552,257.1142740891552,265.91020469173134
2025-11-14T09:53:30,1763094210000,NIFTY,2025-11-14T10:45:30,1763097330000,52,optimized,hybrid,250.81527787388944,255.67362226084396,265.900466188514
2025-11-14T09:53:30,1763094210000,NIFTY,2025-11-14T10:46:30,1763097390000,53,optimized,hybrid,252.61554820336437,256.88991490566934,266.8060881234431
2025-11-14T09:53:30,1763094210000,NIFTY,2025-11-14T10:47:30,1763097450000,54,optimized,hybrid,250.9005974321451,255.6858078176299,266.009090233538
2025-11-14T09:53:30,1763094210000,NIFTY,2025-11-14T10:48:30,1763097510000,55,optimized,hybrid,252.29021241614544,256.74789975180846,286.03667572012694
2025-11-14T09:53:30,1763094210000,NIFTY,2025-11-14T10:49:30,1763097570000,56,optimized,hybrid,252.2753117688737,256.1212769929912,266.47444173843763
2025-11-14T09:53:30,1763094210000,NIFTY,2025-11-14T10:50:30,1763097630000,57,optimized,hybrid,252.35332550009792,257.1372753830819,267.213630177685
2025-11-14T09:53:30,1763094210000,NIFTY,2025-11-14T10:51:30,1763097690000,58,optimized,hybrid,249.91216452946364,256.1918807925669,265.38423081264006
2025-11-14T09:53:30,1763094210000,NIFTY,2025-11-14T10:52:30,1763097750000,59,optimized,hybrid,251.1297035422411,256.97617034982795,266.3963687768504
2025-11-14T09:53:30,1763094210000,NIFTY,2025-11-14T10:53:30,1763097810000,60,optimized,hybrid,249.6260375737349,256.0380768517316,265.726364522814
2025-11-14T09:53:30,1763094210000,NIFTY,2025-11-14T09:54:30,1763094270000,1,optimized,hybrid,255.61031514305765,257.35,264.6098889753419
2025-11-14T09:53:30,1763094210000,NIFTY,2025-11-14T09:55:30,1763094330000,2,optimized,hybrid,255.27972159612895,257.3004561168119,265.4959945861961
2025-11-14T09:53:30,1763094210000,NIFTY,2025-11-14T09:56:30,1763094390000,3,optimized,hybrid,255.50036695733945,257.5179221245067,264.8534398879278
2025-11-14T09:53:30,1763094210000,NIFTY,2025-11-14T09:57:30,1763094450000,4,optimized,hybrid,254.8642053356335,257.15767363794413,265.605888554877
2025-11-14T09:53:30,1763094210000,NIFTY,2025-11-14T09:58:30,1763094510000,5,optimized,hybrid,254.9498921359079,257.49866395779355,263.91493151650974
2025-11-14T09:53:30,1763094210000,NIFTY,2025-11-14T09:59:30,1763094570000,6,optimized,hybrid,254.22356085767294,256.8469624123461,265.69418611752303
2025-11-14T09:53:30,1763094210000,NIFTY,2025-11-14T10:00:30,1763094630000,7,optimized,hybrid,255.25472706139584,257.31941956154134,264.7796023151821
2025-11-14T09:53:30,1763094210000,NIFTY,2025-11-14T10:01:30,1763094690000,8,optimized,hybrid,254.53069072365722,256.7836058435945,265.7911909629147
2025-11-14T09:53:30,1763094210000,NIFTY,2025-11-14T10:02:30,1763094750000,9,optimized,hybrid,254.46521335300923,257.45274863606187,267.4278271065171
2025-11-14T09:53:30,1763094210000,NIFTY,2025-11-14T10:03:30,1763094810000,10,optimized,hybrid,254.01294180300812,256.7767531438111,266.2537864589978
2025-11-14T09:53:30,1763094210000,NIFTY,2025-11-14T10:04:30,1763094870000,11,optimized,hybrid,253.7388398810122,257.49200292447654,266.89969164788977
2025-11-14T09:53:30,1763094210000,NIFTY,2025-11-14T10:05:30,1763094930000,12,optimized,hybrid,252.50688087086846,257.20588646084707,266.0314803366498
2025-11-14T09:53:30,1763094210000,NIFTY,2025-11-14T10:06:30,1763094990000,13,optimized,hybrid,253.91992443921862,257.62344016149257,266.07080581878245
2025-11-14T09:53:30,1763094210000,NIFTY,2025-11-14T10:07:30,1763095050000,14,optimized,hybrid,252.72373506166073,257.05669622618325,265.55080151986994
2025-11-14T09:53:30,1763094210000,NIFTY,2025-11-14T10:08:30,1763095110000,15,optimized,hybrid,253.84683325044747,257.4630475925755,266.2072637099832
2025-11-14T09:53:30,1763094210000,NIFTY,2025-11-14T10:09:30,1763095170000,16,optimized,hybrid,253.20682603590245,257.0221612583582,265.93629542679946
2025-11-14T09:53:30,1763094210000,NIFTY,2025-11-14T10:10:30,1763095230000,17,optimized,hybrid,253.6510449676003,257.2787547039385,265.5645333806131
2025-11-14T09:53:30,1763094210000,NIFTY,2025-11-14T10:11:30,1763095290000,18,optimized,hybrid,251.78767187313358,257.3460245504249,265.37283063638694
2025-11-14T09:53:30,1763094210000,NIFTY,2025-11-14T10:12:30,1763095350000,19,optimized,hybrid,253.01289487620758,257.6820432767203,265.93714921543585
2025-11-14T09:53:30,1763094210000,NIFTY,2025-11-14T10:13:30,1763095410000,20,optimized,hybrid,252.34522408080198,257.29601488327023,265.6109565591917
2025-11-14T09:53:30,1763094210000,NIFTY,2025-11-14T10:14:30,1763095470000,21,optimized,hybrid,253.1559997248724,257.4630821090028,265.91750730632833
2025-11-14T09:53:30,1763094210000,NIFTY,2025-11-14T10:15:30,1763095530000,22,optimized,hybrid,251.78103089848335,256.82795292007876,265.72322305331505
2025-11-14T09:53:30,1763094210000,NIFTY,2025-11-14T10:16:30,1763095590000,23,optimized,hybrid,253.23338227678352,257.08985479597584,266.7922611307419
2025-11-14T09:53:30,1763094210000,NIFTY,2025-11-14T10:17:30,1763095650000,24,optimized,hybrid,251.92003234812617,256.9480487246681,265.91318443637994
2025-11-14T09:53:30,1763094210000,NIFTY,2025-11-14T10:18:30,1763095710000,25,optimized,hybrid,252.76522888374242,257.35728109838,266.9521640776924
2025-11-14T09:53:30,1763094210000,NIFTY,2025-11-14T10:19:30,1763095770000,26,optimized,hybrid,251.3807136542994,256.7420204642099,265.8727862893584
2025-11-14T09:53:30,1763094210000,NIFTY,2025-11-14T10:20:30,1763095830000,27,optimized,hybrid,252.36264110258165,257.185450211157,265.30687403324936
2025-11-14T09:53:30,1763094210000,NIFTY,2025-11-14T10:21:30,1763095890000,28,optimized,hybrid,251.58784130983057,256.60357633713113,265.75589641715885
2025-11-14T09:53:30,1763094210000,NIFTY,2025-11-14T10:22:30,1763095950000,29,optimized,hybrid,253.57578582487866,257.3510714158269,262.5341866937799
2025-11-14T09:53:30,1763094210000,NIFTY,2025-11-14T10:23:30,1763096010000,30,optimized,hybrid,252.36007545664177,256.48053362651046,265.9243945257741
2025-11-14T09:53:30,1763094210000,NIFTY,2025-11-14T10:24:30,1763096070000,31,optimized,hybrid,253.43052164773604,256.91276823130545,262.1099002031724
2025-11-14T09:53:30,1763094210000,NIFTY,2025-11-14T10:25:30,1763096130000,32,optimized,hybrid,251.78108293833907,255.93182749618285,261.46040790266153
2025-11-14T09:53:30,1763094210000,NIFTY,2025-11-14T10:26:30,1763096190000,33,optimized,hybrid,253.01788184273596,257.3564273934229,261.67737644281607
2025-11-14T09:53:30,1763094210000,NIFTY,2025-11-14T10:27:30,1763096250000,34,optimized,hybrid,251.2277800893274,256.6361650056841,262.4176029919196
2025-11-14T09:53:30,1763094210000,NIFTY,2025-11-14T10:28:30,1763096310000,35,optimized,hybrid,252.06953157735865,256.9938062202124,261.64862348685017
2025-11-14T09:53:30,1763094210000,NIFTY,2025-11-14T10:29:30,1763096370000,36,optimized,hybrid,251.58987435886075,256.6575831924972,276.55873365449935
2025-11-14T09:53:30,1763094210000,NIFTY,2025-11-14T10:30:30,1763096430000,37,optimized,hybrid,252.40294673173955,256.9437624684598,262.2067935756448
2025-11-14T09:53:30,1763094210000,NIFTY,2025-11-14T10:31:30,1763096490000,38,optimized,hybrid,251.77823389197354,256.4727644274101,263.7943109353655
2025-11-14T09:53:30,1763094210000,NIFTY,2025-11-14T10:32:30,1763096550000,39,optimized,hybrid,252.84369364369775,256.71140707219934,262.60184704861166
2025-11-14T09:53:30,1763094210000,NIFTY,2025-11-14T10:33:30,1763096610000,40,optimized,hybrid,252.0740743604698,256.19990584799814,263.72501531549693
2025-11-14T09:53:30,1763094210000,NIFTY,2025-11-14T10:34:30,1763096670000,41,optimized,hybrid,253.0998132766415,257.19351042726606,262.75064733738014
2025-11-14T09:53:30,1763094210000,NIFTY,2025-11-14T10:35:30,1763096730000,42,optimized,hybrid,251.7721891296918,256.4195188302506,263.0032733317247
2025-11-14T09:53:30,1763094210000,NIFTY,2025-11-14T10:36:30,1763096790000,43,optimized,hybrid,252.77609876618956,256.5099141288345,263.5540523536527
2025-11-14T09:53:30,1763094210000,NIFTY,2025-11-14T10:37:30,1763096850000,44,optimized,hybrid,251.28086100095624,255.86490807015815,263.94367361762863
2025-11-14T09:53:30,1763094210000,NIFTY,2025-11-14T10:38:30,1763096910000,45,optimized,hybrid,252.82836377418428,256.2149359173483,263.54502449521493
2025-11-14T09:53:30,1763094210000,NIFTY,2025-11-14T10:39:30,1763096970000,46,optimized,hybrid,251.89286910541244,255.66279316409432,263.8315950934119
2025-11-14T09:53:30,1763094210000,NIFTY,2025-11-14T10:40:30,1763097030000,47,optimized,hybrid,252.57351829378507,257.0231875005066,263.69521955551426
2025-11-14T09:53:30,1763094210000,NIFTY,2025-11-14T10:41:30,1763097090000,48,optimized,hybrid,250.77992317189643,255.8472664834203,266.17157266729834
2025-11-14T09:53:30,1763094210000,NIFTY,2025-11-14T10:42:30,1763097150000,49,optimized,hybrid,251.63147176070714,256.7108929101405,265.1933187992002
2025-11-14T09:53:30,1763094210000,NIFTY,2025-11-14T10:43:30,1763097210000,50,optimized,hybrid,250.24768415344977,255.7353410465418,265.6026187039399
2025-11-14T09:53:30,1763094210000,NIFTY,2025-11-14T10:44:30,1763097270000,51,optimized,hybrid,252.3686229927552,257.1142740891552,265.91020469173134
2025-11-14T09:53:30,1763094210000,NIFTY,2025-11-14T10:45:30,1763097330000,52,optimized,hybrid,250.81527787388944,255.67362226084396,265.900466188514
2025-11-14T09:53:30,1763094210000,NIFTY,2025-11-14T10:46:30,1763097390000,53,optimized,hybrid,252.61554820336437,256.88991490566934,266.8060881234431
2025-11-14T09:53:30,1763094210000,NIFTY,2025-11-14T10:47:30,1763097450000,54,optimized,hybrid,250.9005974321451,255.6858078176299,266.009090233538
2025-11-14T09:53:30,1763094210000,NIFTY,2025-11-14T10:48:30,1763097510000,55,optimized,hybrid,252.29021241614544,256.74789975180846,286.03667572012694
2025-11-14T09:53:30,1763094210000,NIFTY,2025-11-14T10:49:30,1763097570000,56,optimized,hybrid,252.2753117688737,256.1212769929912,266.47444173843763
2025-11-14T09:53:30,1763094210000,NIFTY,2025-11-14T10:50:30,1763097630000,57,optimized,hybrid,252.35332550009792,257.1372753830819,267.213630177685
2025-11-14T09:53:30,1763094210000,NIFTY,2025-11-14T10:51:30,1763097690000,58,optimized,hybrid,249.91216452946364,256.1918807925669,265.38423081264006
2025-11-14T09:53:30,1763094210000,NIFTY,2025-11-14T10:52:30,1763097750000,59,optimized,hybrid,251.1297035422411,256.97617034982795,266.3963687768504
2025-11-14T09:53:30,1763094210000,NIFTY,2025-11-14T10:53:30,1763097810000,60,optimized,hybrid,249.6260375737349,256.0380768517316,265.726364522814
2025-11-14T09:53:30,1763094210000,NIFTY,2025-11-14T09:54:30,1763094270000,1,optimized,hybrid,255.61031514305765,257.35,264.6098889753419
2025-11-14T09:53:30,1763094210000,NIFTY,2025-11-14T09:55:30,1763094330000,2,optimized,hybrid,255.27972159612895,257.3004561168119,265.4959945861961
2025-11-14T09:53:30,1763094210000,NIFTY,2025-11-14T09:56:30,1763094390000,3,optimized,hybrid,255.50036695733945,257.5179221245067,264.8534398879278
2025-11-14T09:53:30,1763094210000,NIFTY,2025-11-14T09:57:30,1763094450000,4,optimized,hybrid,254.8642053356335,257.15767363794413,265.605888554877
2025-11-14T09:53:30,1763094210000,NIFTY,2025-11-14T09:58:30,1763094510000,5,optimized,hybrid,254.9498921359079,257.49866395779355,263.91493151650974
2025-11-14T09:53:30,1763094210000,NIFTY,2025-11-14T09:59:30,1763094570000,6,optimized,hybrid,254.22356085767294,256.8469624123461,265.69418611752303
2025-11-14T09:53:30,1763094210000,NIFTY,2025-11-14T10:00:30,1763094630000,7,optimized,hybrid,255.25472706139584,257.31941956154134,264.7796023151821
2025-11-14T09:53:30,1763094210000,NIFTY,2025-11-14T10:01:30,1763094690000,8,optimized,hybrid,254.53069072365722,256.7836058435945,265.7911909629147
2025-11-14T09:53:30,1763094210000,NIFTY,2025-11-14T10:02:30,1763094750000,9,optimized,hybrid,254.46521335300923,257.45274863606187,267.4278271065171
2025-11-14T09:53:30,1763094210000,NIFTY,2025-11-14T10:03:30,1763094810000,10,optimized,hybrid,254.01294180300812,256.7767531438111,266.2537864589978
2025-11-14T09:53:30,1763094210000,NIFTY,2025-11-14T10:04:30,1763094870000,11,optimized,hybrid,253.7388398810122,257.49200292447654,266.89969164788977
2025-11-14T09:53:30,1763094210000,NIFTY,2025-11-14T10:05:30,1763094930000,12,optimized,hybrid,252.50688087086846,257.20588646084707,266.0314803366498
2025-11-14T09:53:30,1763094210000,NIFTY,2025-11-14T10:06:30,1763094990000,13,optimized,hybrid,253.91992443921862,257.62344016149257,266.07080581878245
2025-11-14T09:53:30,1763094210000,NIFTY,2025-11-14T10:07:30,1763095050000,14,optimized,hybrid,252.72373506166073,257.05669622618325,265.55080151986994
2025-11-14T09:53:30,1763094210000,NIFTY,2025-11-14T10:08:30,1763095110000,15,optimized,hybrid,253.84683325044747,257.4630475925755,266.2072637099832
2025-11-14T09:53:30,1763094210000,NIFTY,2025-11-14T10:09:30,1763095170000,16,optimized,hybrid,253.20682603590245,257.0221612583582,265.93629542679946
2025-11-14T09:53:30,1763094210000,NIFTY,2025-11-14T10:10:30,1763095230000,17,optimized,hybrid,253.6510449676003,257.2787547039385,265.5645333806131
2025-11-14T09:53:30,1763094210000,NIFTY,2025-11-14T10:11:30,1763095290000,18,optimized,hybrid,251.78767187313358,257.3460245504249,265.37283063638694
2025-11-14T09:53:30,1763094210000,NIFTY,2025-11-14T10:12:30,1763095350000,19,optimized,hybrid,253.01289487620758,257.6820432767203,265.93714921543585
2025-11-14T09:53:30,1763094210000,NIFTY,2025-11-14T10:13:30,1763095410000,20,optimized,hybrid,252.34522408080198,257.29601488327023,265.6109565591917
2025-11-14T09:53:30,1763094210000,NIFTY,2025-11-14T10:14:30,1763095470000,21,optimized,hybrid,253.1559997248724,257.4630821090028,265.91750730632833
2025-11-14T09:53:30,1763094210000,NIFTY,2025-11-14T10:15:30,1763095530000,22,optimized,hybrid,251.78103089848335,256.82795292007876,265.72322305331505
2025-11-14T09:53:30,1763094210000,NIFTY,2025-11-14T10:16:30,1763095590000,23,optimized,hybrid,253.23338227678352,257.08985479597584,266.7922611307419
2025-11-14T09:53:30,1763094210000,NIFTY,2025-11-14T10:17:30,1763095650000,24,optimized,hybrid,251.92003234812617,256.9480487246681,265.91318443637994
2025-11-14T09:53:30,1763094210000,NIFTY,2025-11-14T10:18:30,1763095710000,25,optimized,hybrid,252.76522888374242,257.35728109838,266.9521640776924
2025-11-14T09:53:30,1763094210000,NIFTY,2025-11-14T10:19:30,1763095770000,26,optimized,hybrid,251.3807136542994,256.7420204642099,265.8727862893584
2025-11-14T09:53:30,1763094210000,NIFTY,2025-11-14T10:20:30,1763095830000,27,optimized,hybrid,252.36264110258165,257.185450211157,265.30687403324936
2025-11-14T09:53:30,1763094210000,NIFTY,2025-11-14T10:21:30,1763095890000,28,optimized,hybrid,251.58784130983057,256.60357633713113,265.75589641715885
2025-11-14T09:53:30,1763094210000,NIFTY,2025-11-14T10:22:30,1763095950000,29,optimized,hybrid,253.57578582487866,257.3510714158269,262.5341866937799
2025-11-14T09:53:30,1763094210000,NIFTY,2025-11-14T10:23:30,1763096010000,30,optimized,hybrid,252.36007545664177,256.48053362651046,265.9243945257741
2025-11-14T09:53:30,1763094210000,NIFTY,2025-11-14T10:24:30,1763096070000,31,optimized,hybrid,253.43052164773604,256.91276823130545,262.1099002031724
2025-11-14T09:53:30,1763094210000,NIFTY,2025-11-14T10:25:30,1763096130000,32,optimized,hybrid,251.78108293833907,255.93182749618285,261.46040790266153
2025-11-14T09:53:30,1763094210000,NIFTY,2025-11-14T10:26:30,1763096190000,33,optimized,hybrid,253.01788184273596,257.3564273934229,261.67737644281607
2025-11-14T09:53:30,1763094210000,NIFTY,2025-11-14T10:27:30,1763096250000,34,optimized,hybrid,251.2277800893274,256.6361650056841,262.4176029919196
2025-11-14T09:53:30,1763094210000,NIFTY,2025-11-14T10:28:30,1763096310000,35,optimized,hybrid,252.06953157735865,256.9938062202124,261.64862348685017
2025-11-14T09:53:30,1763094210000,NIFTY,2025-11-14T10:29:30,1763096370000,36,optimized,hybrid,251.58987435886075,256.6575831924972,276.55873365449935
2025-11-14T09:53:30,1763094210000,NIFTY,2025-11-14T10:30:30,1763096430000,37,optimized,hybrid,252.40294673173955,256.9437624684598,262.2067935756448
2025-11-14T09:53:30,1763094210000,NIFTY,2025-11-14T10:31:30,1763096490000,38,optimized,hybrid,251.77823389197354,256.4727644274101,263.7943109353655
2025-11-14T09:53:30,1763094210000,NIFTY,2025-11-14T10:32:30,1763096550000,39,optimized,hybrid,252.84369364369775,256.71140707219934,262.60184704861166
2025-11-14T09:53:30,1763094210000,NIFTY,2025-11-14T10:33:30,1763096610000,40,optimized,hybrid,252.0740743604698,256.19990584799814,263.72501531549693
2025-11-14T09:53:30,1763094210000,NIFTY,2025-11-14T10:34:30,1763096670000,41,optimized,hybrid,253.0998132766415,257.19351042726606,262.75064733738014
2025-11-14T09:53:30,1763094210000,NIFTY,2025-11-14T10:35:30,1763096730000,42,optimized,hybrid,251.7721891296918,256.4195188302506,263.0032733317247
2025-11-14T09:53:30,1763094210000,NIFTY,2025-11-14T10:36:30,1763096790000,43,optimized,hybrid,252.77609876618956,256.5099141288345,263.5540523536527
2025-11-14T09:53:30,1763094210000,NIFTY,2025-11-14T10:37:30,1763096850000,44,optimized,hybrid,251.28086100095624,255.86490807015815,263.94367361762863
2025-11-14T09:53:30,1763094210000,NIFTY,2025-11-14T10:38:30,1763096910000,45,optimized,hybrid,252.82836377418428,256.2149359173483,263.54502449521493
2025-11-14T09:53:30,1763094210000,NIFTY,2025-11-14T10:39:30,1763096970000,46,optimized,hybrid,251.89286910541244,255.66279316409432,263.8315950934119
2025-11-14T09:53:30,1763094210000,NIFTY,2025-11-14T10:40:30,1763097030000,47,optimized,hybrid,252.57351829378507,257.0231875005066,263.69521955551426
2025-11-14T09:53:30,1763094210000,NIFTY,2025-11-14T10:41:30,1763097090000,48,optimized,hybrid,250.77992317189643,255.8472664834203,266.17157266729834
2025-11-14T09:53:30,1763094210000,NIFTY,2025-11-14T10:42:30,1763097150000,49,optimized,hybrid,251.63147176070714,256.7108929101405,265.1933187992002
2025-11-14T09:53:30,1763094210000,NIFTY,2025-11-14T10:43:30,1763097210000,50,optimized,hybrid,250.24768415344977,255.7353410465418,265.6026187039399
2025-11-14T09:53:30,1763094210000,NIFTY,2025-11-14T10:44:30,1763097270000,51,optimized,hybrid,252.3686229927552,257.1142740891552,265.91020469173134
2025-11-14T09:53:30,1763094210000,NIFTY,2025-11-14T10:45:30,1763097330000,52,optimized,hybrid,250.81527787388944,255.67362226084396,265.900466188514
2025-11-14T09:53:30,1763094210000,NIFTY,2025-11-14T10:46:30,1763097390000,53,optimized,hybrid,252.61554820336437,256.88991490566934,266.8060881234431
2025-11-14T09:53:30,1763094210000,NIFTY,2025-11-14T10:47:30,1763097450000,54,optimized,hybrid,250.9005974321451,255.6858078176299,266.009090233538
2025-11-14T09:53:30,1763094210000,NIFTY,2025-11-14T10:48:30,1763097510000,55,optimized,hybrid,252.29021241614544,256.74789975180846,286.03667572012694
2025-11-14T09:53:30,1763094210000,NIFTY,2025-11-14T10:49:30,1763097570000,56,optimized,hybrid,252.2753117688737,256.1212769929912,266.47444173843763
2025-11-14T09:53:30,1763094210000,NIFTY,2025-11-14T10:50:30,1763097630000,57,optimized,hybrid,252.35332550009792,257.1372753830819,267.213630177685
2025-11-14T09:53:30,1763094210000,NIFTY,2025-11-14T10:51:30,1763097690000,58,optimized,hybrid,249.91216452946364,256.1918807925669,265.38423081264006
2025-11-14T09:53:30,1763094210000,NIFTY,2025-11-14T10:52:30,1763097750000,59,optimized,hybrid,251.1297035422411,256.97617034982795,266.3963687768504
2025-11-14T09:53:30,1763094210000,NIFTY,2025-11-14T10:53:30,1763097810000,60,optimized,hybrid,249.6260375737349,256.0380768517316,265.726364522814
2025-11-14T09:53:30,1763094210000,NIFTY,2025-11-14T09:54:30,1763094270000,1,,hybrid,248.25585903770354,256.6,260.6366135198163
2025-11-14T09:53:30,1763094210000,NIFTY,2025-11-14T09:55:30,1763094330000,2,,hybrid,248.39111460838203,257.03703851546265,262.2502447946656
2025-11-14T09:53:30,1763094210000,NIFTY,2025-11-14T09:56:30,1763094390000,3,,hybrid,247.63795702106682,256.9230256436366,263.3155924546646
2025-11-14T09:53:30,1763094210000,NIFTY,2025-11-14T09:57:30,1763094450000,4,,hybrid,247.7711077016194,257.1108456798348,263.35234992880754
2025-11-14T09:53:30,1763094210000,NIFTY,2025-11-14T09:58:30,1763094510000,5,,hybrid,247.44779866980062,256.68633947533135,261.81826159965203
2025-11-14T09:53:30,1763094210000,NIFTY,2025-11-14T09:59:30,1763094570000,6,,hybrid,245.87406254059974,256.72262339727274,261.25561418244627
2025-11-14T09:53:30,1763094210000,NIFTY,2025-11-14T10:00:30,1763094630000,7,,hybrid,248.65138876881315,255.8282083290905,260.2416107564155
2025-11-14T09:53:30,1763094210000,NIFTY,2025-11-14T10:01:30,1763094690000,8,,hybrid,248.7081506202691,256.300091342727,260.09904846504855
2025-11-14T09:53:30,1763094210000,NIFTY,2025-11-14T10:02:30,1763094750000,9,,hybrid,245.25929627635654,255.99820832909052,260.80996025631856
2025-11-14T09:53:30,1763094210000,NIFTY,2025-11-14T10:03:30,1763094810000,10,,hybrid,245.28617575451256,256.7468744378991,261.4722083259768
2025-11-14T09:53:30,1763094210000,NIFTY,2025-11-14T10:04:30,1763094870000,11,,hybrid,246.0650122152621,255.74946407203763,260.57469512521885
2025-11-14T09:53:30,1763094210000,NIFTY,2025-11-14T10:05:30,1763094930000,12,,hybrid,247.55008245754132,255.70831658810053,263.9490389134452
2025-11-14T09:53:30,1763094210000,NIFTY,2025-11-14T10:06:30,1763094990000,13,,hybrid,246.78635645979324,255.3004726317099,262.6790905701106
2025-11-14T09:53:30,1763094210000,NIFTY,2025-11-14T10:07:30,1763095050000,14,,hybrid,246.5897740358801,255.045212097421,264.23839208125315
2025-11-14T09:53:30,1763094210000,NIFTY,2025-11-14T10:08:30,1763095110000,15,,hybrid,245.94226833143298,254.81816947295877,263.1971628254158
2025-11-14T09:53:30,1763094210000,NIFTY,2025-11-14T10:09:30,1763095170000,16,,hybrid,246.38639396858565,254.24255343363433,263.17915392083427
2025-11-14T09:53:30,1763094210000,NIFTY,2025-11-14T10:10:30,1763095230000,17,,hybrid,247.3611272761803,254.15458103586866,261.1855606969109
2025-11-14T09:53:30,1763094210000,NIFTY,2025-11-14T10:11:30,1763095290000,18,,hybrid,246.50139121058928,254.54893139328632,263.0502410159632
2025-11-14T09:53:30,1763094210000,NIFTY,2025-11-14T10:12:30,1763095350000,19,,hybrid,246.14173339151313,254.94015225855603,260.4115017489095
2025-11-14T09:53:30,1763094210000,NIFTY,2025-11-14T10:13:30,1763095410000,20,,hybrid,246.28194197817928,255.0746853412379,262.3577543458432
2025-11-14T09:53:30,1763094210000,NIFTY,2025-11-14T10:14:30,1763095470000,21,,hybrid,245.32378614934763,255.09055113062442,260.1025112762148
2025-11-14T09:53:30,1763094210000,NIFTY,2025-11-14T10:15:30,1763095530000,22,,hybrid,246.51749917113898,255.14180687288703,262.27115179415375
2025-11-14T09:53:30,1763094210000,NIFTY,2025-11-14T10:16:30,1763095590000,23,,hybrid,246.38838029596332,255.07027402818088,260.88618014744185
2025-11-14T09:53:30,1763094210000,NIFTY,2025-11-14T10:17:30,1763095650000,24,,hybrid,246.62788528761183,255.15456827275412,261.5085043098601
2025-11-14T09:53:30,1763094210000,NIFTY,2025-11-14T10:18:30,1763095710000,25,,hybrid,247.6497567959329,254.9907676172717,259.2604105755761
2025-11-14T09:53:30,1763094210000,NIFTY,2025-11-14T10:19:30,1763095770000,26,,hybrid,247.9600321188613,255.3675548903964,263.03371397125466
2025-11-14T09:53:30,1763094210000,NIFTY,2025-11-14T10:20:30,1763095830000,27,,hybrid,247.4249576641788,254.85533019308164,260.1643367931898
2025-11-14T09:53:30,1763094210000,NIFTY,2025-11-14T10:21:30,1763095890000,28,,hybrid,247.26827527957823,255.861008752836,262.92561119847954
2025-11-14T09:53:30,1763094210000,NIFTY,2025-11-14T10:22:30,1763095950000,29,,hybrid,246.14658166424925,253.84468534123792,258.7952735986724
2025-11-14T09:53:30,1763094210000,NIFTY,2025-11-14T10:23:30,1763096010000,30,,hybrid,247.58829246789387,254.779630793184,263.70928487243043
2025-11-14T09:53:30,1763094210000,NIFTY,2025-11-14T10:24:30,1763096070000,31,,hybrid,246.8544314431843,253.1868123534501,260.7078607050304
2025-11-14T09:53:30,1763094210000,NIFTY,2025-11-14T10:25:30,1763096130000,32,,hybrid,247.1705938213834,254.42537187336822,264.58776123321604
2025-11-14T09:53:30,1763094210000,NIFTY,2025-11-14T10:26:30,1763096190000,33,,hybrid,245.9155167961744,253.85601804794257,259.54610366287653
2025-11-14T09:53:30,1763094210000,NIFTY,2025-11-14T10:27:30,1763096250000,34,,hybrid,246.5430956147043,254.29167625953767,262.8336975392754
2025-11-14T09:53:30,1763094210000,NIFTY,2025-11-14T10:28:30,1763096310000,35,,hybrid,246.23048897556762,252.96113379369575,262.26792333756254
2025-11-14T09:53:30,1763094210000,NIFTY,2025-11-14T10:29:30,1763096370000,36,,hybrid,246.33435562530934,254.15283968779985,264.27379642067416
2025-11-14T09:53:30,1763094210000,NIFTY,2025-11-14T10:30:30,1763096430000,37,,hybrid,245.8307718564933,253.0368331935934,262.91975002043046
2025-11-14T09:53:30,1763094210000,NIFTY,2025-11-14T10:31:30,1763096490000,38,,hybrid,246.06054543229084,254.04305536140177,262.6299318463086
2025-11-14T09:53:30,1763094210000,NIFTY,2025-11-14T10:32:30,1763096550000,39,,hybrid,246.2107837492939,253.22325283353197,259.1383048955314
2025-11-14T09:53:30,1763094210000,NIFTY,2025-11-14T10:33:30,1763096610000,40,,hybrid,247.4881190679447,255.27508148407165,263.53209846044854
2025-11-14T09:53:30,1763094210000,NIFTY,2025-11-14T10:34:30,1763096670000,41,,hybrid,246.74579301628802,252.2505177543713,259.86243058111097
2025-11-14T09:53:30,1763094210000,NIFTY,2025-11-14T10:35:30,1763096730000,42,,hybrid,248.42005854650168,254.8987874424601,264.24881786603225
2025-11-14T09:53:30,1763094210000,NIFTY,2025-11-14T10:36:30,1763096790000,43,,hybrid,245.72643391881002,252.7425951139209,261.3273112170686
2025-11-14T09:53:30,1763094210000,NIFTY,2025-11-14T10:37:30,1763096850000,44,,hybrid,246.32754921008484,254.08751175334774,262.77277454511113
2025-11-14T09:53:30,1763094210000,NIFTY,2025-11-14T10:38:30,1763096910000,45,,hybrid,245.33798603957334,253.48395223342965,261.5580992610287
2025-11-14T09:53:30,1763094210000,NIFTY,2025-11-14T10:39:30,1763096970000,46,,hybrid,246.12730704510352,254.07402882734195,262.7931914263196
2025-11-14T09:53:30,1763094210000,NIFTY,2025-11-14T10:40:30,1763097030000,47,,hybrid,244.76414417071732,253.12201992782855,259.1658626278039
2025-11-14T09:53:30,1763094210000,NIFTY,2025-11-14T10:41:30,1763097090000,48,,hybrid,245.86937610646572,254.64180687288703,262.34022111473126
2025-11-14T09:53:30,1763094210000,NIFTY,2025-11-14T10:42:30,1763097150000,49,,hybrid,245.61203256701322,253.1179537624648,260.29905952549416
2025-11-14T09:53:30,1763094210000,NIFTY,2025-11-14T10:43:30,1763097210000,50,,hybrid,247.61392694983167,254.5443545144192,265.0163659920769
2025-11-14T09:53:30,1763094210000,NIFTY,2025-11-14T10:44:30,1763097270000,51,,hybrid,246.2306434564947,253.4405511306244,261.011407019902
2025-11-14T09:53:30,1763094210000,NIFTY,2025-11-14T10:45:30,1763097330000,52,,hybrid,245.47602841392452,253.96943446326586,264.2152642312867
2025-11-14T09:53:30,1763094210000,NIFTY,2025-11-14T10:46:30,1763097390000,53,,hybrid,245.35383226427916,253.02759511392094,262.22470733885905
2025-11-14T09:53:30,1763094210000,NIFTY,2025-11-14T10:47:30,1763097450000,54,,hybrid,245.50601379046478,254.14753259349104,263.11644323709857
2025-11-14T09:53:30,1763094210000,NIFTY,2025-11-14T10:48:30,1763097510000,55,,hybrid,243.40274338240164,252.42986581046972,260.5477696208322
2025-11-14T09:53:30,1763094210000,NIFTY,2025-11-14T10:49:30,1763097570000,56,,hybrid,244.79181132990064,253.897408340596,265.832954065977
2025-11-14T09:53:30,1763094210000,NIFTY,2025-11-14T10:50:30,1763097630000,57,,hybrid,242.68828604366252,252.6355584751587,258.7920967417556
2025-11-14T09:53:30,1763094210000,NIFTY,2025-11-14T10:51:30,1763097690000,58,,hybrid,245.25235909807972,253.887408340596,262.2227978568336
2025-11-14T09:53:30,1763094210000,NIFTY,2025-11-14T10:52:30,1763097750000,59,,hybrid,243.24952866333342,252.55929907486288,257.128802011726
2025-11-14T09:53:30,1763094210000,NIFTY,2025-11-14T10:53:30,1763097810000,60,,hybrid,245.64494457514425,253.7503822179261,262.3217076787892
2025-11-14T09:53:30,1763094210000,NIFTY,2025-11-14T09:54:30,1763094270000,1,,hybrid,248.25585903770354,256.6,260.6366135198163
2025-11-14T09:53:30,1763094210000,NIFTY,2025-11-14T09:55:30,1763094330000,2,,hybrid,248.39111460838203,257.03703851546265,262.2502447946656
2025-11-14T09:53:30,1763094210000,NIFTY,2025-11-14T09:56:30,1763094390000,3,,hybrid,247.63795702106682,256.9230256436366,263.3155924546646
2025-11-14T09:53:30,1763094210000,NIFTY,2025-11-14T09:57:30,1763094450000,4,,hybrid,247.7711077016194,257.1108456798348,263.35234992880754
2025-11-14T09:53:30,1763094210000,NIFTY,2025-11-14T09:58:30,1763094510000,5,,hybrid,247.44779866980062,256.68633947533135,261.81826159965203
2025-11-14T09:53:30,1763094210000,NIFTY,2025-11-14T09:59:30,1763094570000,6,,hybrid,245.87406254059974,256.72262339727274,261.25561418244627
2025-11-14T09:53:30,1763094210000,NIFTY,2025-11-14T10:00:30,1763094630000,7,,hybrid,248.65138876881315,255.8282083290905,260.2416107564155
2025-11-14T09:53:30,1763094210000,NIFTY,2025-11-14T10:01:30,1763094690000,8,,hybrid,248.7081506202691,256.300091342727,260.09904846504855
2025-11-14T09:53:30,1763094210000,NIFTY,2025-11-14T10:02:30,1763094750000,9,,hybrid,245.25929627635654,255.99820832909052,260.80996025631856
2025-11-14T09:53:30,1763094210000,NIFTY,2025-11-14T10:03:30,1763094810000,10,,hybrid,245.28617575451256,256.7468744378991,261.4722083259768
2025-11-14T09:53:30,1763094210000,NIFTY,2025-11-14T10:04:30,1763094870000,11,,hybrid,246.0650122152621,255.74946407203763,260.57469512521885
2025-11-14T09:53:30,1763094210000,NIFTY,2025-11-14T10:05:30,1763094930000,12,,hybrid,247.55008245754132,255.70831658810053,263.9490389134452
2025-11-14T09:53:30,1763094210000,NIFTY,2025-11-14T10:06:30,1763094990000,13,,hybrid,246.78635645979324,255.3004726317099,262.6790905701106
2025-11-14T09:53:30,1763094210000,NIFTY,2025-11-14T10:07:30,1763095050000,14,,hybrid,246.5897740358801,255.045212097421,264.23839208125315
2025-11-14T09:53:30,1763094210000,NIFTY,2025-11-14T10:08:30,1763095110000,15,,hybrid,245.94226833143298,254.81816947295877,263.1971628254158
2025-11-14T09:53:30,1763094210000,NIFTY,2025-11-14T10:09:30,1763095170000,16,,hybrid,246.38639396858565,254.24255343363433,263.17915392083427
2025-11-14T09:53:30,1763094210000,NIFTY,2025-11-14T10:10:30,1763095230000,17,,hybrid,247.3611272761803,254.15458103586866,261.1855606969109
2025-11-14T09:53:30,1763094210000,NIFTY,2025-11-14T10:11:30,1763095290000,18,,hybrid,246.50139121058928,254.54893139328632,263.0502410159632
2025-11-14T09:53:30,1763094210000,NIFTY,2025-11-14T10:12:30,1763095350000,19,,hybrid,246.14173339151313,254.94015225855603,260.4115017489095
2025-11-14T09:53:30,1763094210000,NIFTY,2025-11-14T10:13:30,1763095410000,20,,hybrid,246.28194197817928,255.0746853412379,262.3577543458432
2025-11-14T09:53:30,1763094210000,NIFTY,2025-11-14T10:14:30,1763095470000,21,,hybrid,245.32378614934763,255.09055113062442,260.1025112762148
2025-11-14T09:53:30,1763094210000,NIFTY,2025-11-14T10:15:30,1763095530000,22,,hybrid,246.51749917113898,255.14180687288703,262.27115179415375
2025-11-14T09:53:30,1763094210000,NIFTY,2025-11-14T10:16:30,1763095590000,23,,hybrid,246.38838029596332,255.07027402818088,260.88618014744185
2025-11-14T09:53:30,1763094210000,NIFTY,2025-11-14T10:17:30,1763095650000,24,,hybrid,246.62788528761183,255.15456827275412,261.5085043098601
2025-11-14T09:53:30,1763094210000,NIFTY,2025-11-14T10:18:30,1763095710000,25,,hybrid,247.6497567959329,254.9907676172717,259.2604105755761
2025-11-14T09:53:30,1763094210000,NIFTY,2025-11-14T10:19:30,1763095770000,26,,hybrid,247.9600321188613,255.3675548903964,263.03371397125466
2025-11-14T09:53:30,1763094210000,NIFTY,2025-11-14T10:20:30,1763095830000,27,,hybrid,247.4249576641788,254.85533019308164,260.1643367931898
2025-11-14T09:53:30,1763094210000,NIFTY,2025-11-14T10:21:30,1763095890000,28,,hybrid,247.26827527957823,255.861008752836,262.92561119847954
2025-11-14T09:53:30,1763094210000,NIFTY,2025-11-14T10:22:30,1763095950000,29,,hybrid,246.14658166424925,253.84468534123792,258.7952735986724
2025-11-14T09:53:30,1763094210000,NIFTY,2025-11-14T10:23:30,1763096010000,30,,hybrid,247.58829246789387,254.779630793184,263.70928487243043
2025-11-14T09:53:30,1763094210000,NIFTY,2025-11-14T10:24:30,1763096070000,31,,hybrid,246.8544314431843,253.1868123534501,260.7078607050304
2025-11-14T09:53:30,1763094210000,NIFTY,2025-11-14T10:25:30,1763096130000,32,,hybrid,247.1705938213834,254.42537187336822,264.58776123321604
2025-11-14T09:53:30,1763094210000,NIFTY,2025-11-14T10:26:30,1763096190000,33,,hybrid,245.9155167961744,253.85601804794257,259.54610366287653
2025-11-14T09:53:30,1763094210000,NIFTY,2025-11-14T10:27:30,1763096250000,34,,hybrid,246.5430956147043,254.29167625953767,262.8336975392754
2025-11-14T09:53:30,1763094210000,NIFTY,2025-11-14T10:28:30,1763096310000,35,,hybrid,246.23048897556762,252.96113379369575,262.26792333756254
2025-11-14T09:53:30,1763094210000,NIFTY,2025-11-14T10:29:30,1763096370000,36,,hybrid,246.33435562530934,254.15283968779985,264.27379642067416
2025-11-14T09:53:30,1763094210000,NIFTY,2025-11-14T10:30:30,1763096430000,37,,hybrid,245.8307718564933,253.0368331935934,262.91975002043046
2025-11-14T09:53:30,1763094210000,NIFTY,2025-11-14T10:31:30,1763096490000,38,,hybrid,246.06054543229084,254.04305536140177,262.6299318463086
2025-11-14T09:53:30,1763094210000,NIFTY,2025-11-14T10:32:30,1763096550000,39,,hybrid,246.2107837492939,253.22325283353197,259.1383048955314
2025-11-14T09:53:30,1763094210000,NIFTY,2025-11-14T10:33:30,1763096610000,40,,hybrid,247.4881190679447,255.27508148407165,263.53209846044854
2025-11-14T09:53:30,1763094210000,NIFTY,2025-11-14T10:34:30,1763096670000,41,,hybrid,246.74579301628802,252.2505177543713,259.86243058111097
2025-11-14T09:53:30,1763094210000,NIFTY,2025-11-14T10:35:30,1763096730000,42,,hybrid,248.42005854650168,254.8987874424601,264.24881786603225
2025-11-14T09:53:30,1763094210000,NIFTY,2025-11-14T10:36:30,1763096790000,43,,hybrid,245.72643391881002,252.7425951139209,261.3273112170686
2025-11-14T09:53:30,1763094210000,NIFTY,2025-11-14T10:37:30,1763096850000,44,,hybrid,246.32754921008484,254.08751175334774,262.77277454511113
2025-11-14T09:53:30,1763094210000,NIFTY,2025-11-14T10:38:30,1763096910000,45,,hybrid,245.33798603957334,253.48395223342965,261.5580992610287
2025-11-14T09:53:30,1763094210000,NIFTY,2025-11-14T10:39:30,1763096970000,46,,hybrid,246.12730704510352,254.07402882734195,262.7931914263196
2025-11-14T09:53:30,1763094210000,NIFTY,2025-11-14T10:40:30,1763097030000,47,,hybrid,244.76414417071732,253.12201992782855,259.1658626278039
2025-11-14T09:53:30,1763094210000,NIFTY,2025-11-14T10:41:30,1763097090000,48,,hybrid,245.86937610646572,254.64180687288703,262.34022111473126
2025-11-14T09:53:30,1763094210000,NIFTY,2025-11-14T10:42:30,1763097150000,49,,hybrid,245.61203256701322,253.1179537624648,260.29905952549416
2025-11-14T09:53:30,1763094210000,NIFTY,2025-11-14T10:43:30,1763097210000,50,,hybrid,247.61392694983167,254.5443545144192,265.0163659920769
2025-11-14T09:53:30,1763094210000,NIFTY,2025-11-14T10:44:30,1763097270000,51,,hybrid,246.2306434564947,253.4405511306244,261.011407019902
2025-11-14T09:53:30,1763094210000,NIFTY,2025-11-14T10:45:30,1763097330000,52,,hybrid,245.47602841392452,253.96943446326586,264.2152642312867
2025-11-14T09:53:30,1763094210000,NIFTY,2025-11-14T10:46:30,1763097390000,53,,hybrid,245.35383226427916,253.02759511392094,262.22470733885905
2025-11-14T09:53:30,1763094210000,NIFTY,2025-11-14T10:47:30,1763097450000,54,,hybrid,245.50601379046478,254.14753259349104,263.11644323709857
2025-11-14T09:53:30,1763094210000,NIFTY,2025-11-14T10:48:30,1763097510000,55,,hybrid,243.40274338240164,252.42986581046972,260.5477696208322
2025-11-14T09:53:30,1763094210000,NIFTY,2025-11-14T10:49:30,1763097570000,56,,hybrid,244.79181132990064,253.897408340596,265.832954065977
2025-11-14T09:53:30,1763094210000,NIFTY,2025-11-14T10:50:30,1763097630000,57,,hybrid,242.68828604366252,252.6355584751587,258.7920967417556
2025-11-14T09:53:30,1763094210000,NIFTY,2025-11-14T10:51:30,1763097690000,58,,hybrid,245.25235909807972,253.887408340596,262.2227978568336
2025-11-14T09:53:30,1763094210000,NIFTY,2025-11-14T10:52:30,1763097750000,59,,hybrid,243.24952866333342,252.55929907486288,257.128802011726
2025-11-14T09:53:30,1763094210000,NIFTY,2025-11-14T10:53:30,1763097810000,60,,hybrid,245.64494457514425,253.7503822179261,262.3217076787892
2025-11-14T09:53:30,1763094210000,NIFTY,2025-11-14T09:54:30,1763094270000,1,,hybrid,248.25585903770354,256.6,260.6366135198163
2025-11-14T09:53:30,1763094210000,NIFTY,2025-11-14T09:55:30,1763094330000,2,,hybrid,248.39111460838203,257.03703851546265,262.2502447946656
2025-11-14T09:53:30,1763094210000,NIFTY,2025-11-14T09:56:30,1763094390000,3,,hybrid,247.63795702106682,256.9230256436366,263.3155924546646
2025-11-14T09:53:30,1763094210000,NIFTY,2025-11-14T09:57:30,1763094450000,4,,hybrid,247.7711077016194,257.1108456798348,263.35234992880754
2025-11-14T09:53:30,1763094210000,NIFTY,2025-11-14T09:58:30,1763094510000,5,,hybrid,247.44779866980062,256.68633947533135,261.81826159965203
2025-11-14T09:53:30,1763094210000,NIFTY,2025-11-14T09:59:30,1763094570000,6,,hybrid,245.87406254059974,256.72262339727274,261.25561418244627
2025-11-14T09:53:30,1763094210000,NIFTY,2025-11-14T10:00:30,1763094630000,7,,hybrid,248.65138876881315,255.8282083290905,260.2416107564155
2025-11-14T09:53:30,1763094210000,NIFTY,2025-11-14T10:01:30,1763094690000,8,,hybrid,248.7081506202691,256.300091342727,260.09904846504855
2025-11-14T09:53:30,1763094210000,NIFTY,2025-11-14T10:02:30,1763094750000,9,,hybrid,245.25929627635654,255.99820832909052,260.80996025631856
2025-11-14T09:53:30,1763094210000,NIFTY,2025-11-14T10:03:30,1763094810000,10,,hybrid,245.28617575451256,256.7468744378991,261.4722083259768
2025-11-14T09:53:30,1763094210000,NIFTY,2025-11-14T10:04:30,1763094870000,11,,hybrid,246.0650122152621,255.74946407203763,260.57469512521885
2025-11-14T09:53:30,1763094210000,NIFTY,2025-11-14T10:05:30,1763094930000,12,,hybrid,247.55008245754132,255.70831658810053,263.9490389134452
2025-11-14T09:53:30,1763094210000,NIFTY,2025-11-14T10:06:30,1763094990000,13,,hybrid,246.78635645979324,255.3004726317099,262.6790905701106
2025-11-14T09:53:30,1763094210000,NIFTY,2025-11-14T10:07:30,1763095050000,14,,hybrid,246.5897740358801,255.045212097421,264.23839208125315
2025-11-14T09:53:30,1763094210000,NIFTY,2025-11-14T10:08:30,1763095110000,15,,hybrid,245.94226833143298,254.81816947295877,263.1971628254158
2025-11-14T09:53:30,1763094210000,NIFTY,2025-11-14T10:09:30,1763095170000,16,,hybrid,246.38639396858565,254.24255343363433,263.17915392083427
2025-11-14T09:53:30,1763094210000,NIFTY,2025-11-14T10:10:30,1763095230000,17,,hybrid,247.3611272761803,254.15458103586866,261.1855606969109
2025-11-14T09:53:30,1763094210000,NIFTY,2025-11-14T10:11:30,1763095290000,18,,hybrid,246.50139121058928,254.54893139328632,263.0502410159632
2025-11-14T09:53:30,1763094210000,NIFTY,2025-11-14T10:12:30,1763095350000,19,,hybrid,246.14173339151313,254.94015225855603,260.4115017489095
2025-11-14T09:53:30,1763094210000,NIFTY,2025-11-14T10:13:30,1763095410000,20,,hybrid,246.28194197817928,255.0746853412379,262.3577543458432
2025-11-14T09:53:30,1763094210000,NIFTY,2025-11-14T10:14:30,1763095470000,21,,hybrid,245.32378614934763,255.09055113062442,260.1025112762148
2025-11-14T09:53:30,1763094210000,NIFTY,2025-11-14T10:15:30,1763095530000,22,,hybrid,246.51749917113898,255.14180687288703,262.27115179415375
2025-11-14T09:53:30,1763094210000,NIFTY,2025-11-14T10:16:30,1763095590000,23,,hybrid,246.38838029596332,255.07027402818088,260.88618014744185
2025-11-14T09:53:30,1763094210000,NIFTY,2025-11-14T10:17:30,1763095650000,24,,hybrid,246.62788528761183,255.15456827275412,261.5085043098601
2025-11-14T09:53:30,1763094210000,NIFTY,2025-11-14T10:18:30,1763095710000,25,,hybrid,247.6497567959329,254.9907676172717,259.2604105755761
2025-11-14T09:53:30,1763094210000,NIFTY,2025-11-14T10:19:30,1763095770000,26,,hybrid,247.9600321188613,255.3675548903964,263.03371397125466
2025-11-14T09:53:30,1763094210000,NIFTY,2025-11-14T10:20:30,1763095830000,27,,hybrid,247.4249576641788,254.85533019308164,260.1643367931898
2025-11-14T09:53:30,1763094210000,NIFTY,2025-11-14T10:21:30,1763095890000,28,,hybrid,247.26827527957823,255.861008752836,262.92561119847954
2025-11-14T09:53:30,1763094210000,NIFTY,2025-11-14T10:22:30,1763095950000,29,,hybrid,246.14658166424925,253.84468534123792,258.7952735986724
2025-11-14T09:53:30,1763094210000,NIFTY,2025-11-14T10:23:30,1763096010000,30,,hybrid,247.58829246789387,254.779630793184,263.70928487243043
2025-11-14T09:53:30,1763094210000,NIFTY,2025-11-14T10:24:30,1763096070000,31,,hybrid,246.8544314431843,253.1868123534501,260.7078607050304
2025-11-14T09:53:30,1763094210000,NIFTY,2025-11-14T10:25:30,1763096130000,32,,hybrid,247.1705938213834,254.42537187336822,264.58776123321604
2025-11-14T09:53:30,1763094210000,NIFTY,2025-11-14T10:26:30,1763096190000,33,,hybrid,245.9155167961744,253.85601804794257,259.54610366287653
2025-11-14T09:53:30,1763094210000,NIFTY,2025-11-14T10:27:30,1763096250000,34,,hybrid,246.5430956147043,254.29167625953767,262.8336975392754
2025-11-14T09:53:30,1763094210000,NIFTY,2025-11-14T10:28:30,1763096310000,35,,hybrid,246.23048897556762,252.96113379369575,262.26792333756254
2025-11-14T09:53:30,1763094210000,NIFTY,2025-11-14T10:29:30,1763096370000,36,,hybrid,246.33435562530934,254.15283968779985,264.27379642067416
2025-11-14T09:53:30,1763094210000,NIFTY,2025-11-14T10:30:30,1763096430000,37,,hybrid,245.8307718564933,253.0368331935934,262.91975002043046
2025-11-14T09:53:30,1763094210000,NIFTY,2025-11-14T10:31:30,1763096490000,38,,hybrid,246.06054543229084,254.04305536140177,262.6299318463086
2025-11-14T09:53:30,1763094210000,NIFTY,2025-11-14T10:32:30,1763096550000,39,,hybrid,246.2107837492939,253.22325283353197,259.1383048955314
2025-11-14T09:53:30,1763094210000,NIFTY,2025-11-14T10:33:30,1763096610000,40,,hybrid,247.4881190679447,255.27508148407165,263.53209846044854
2025-11-14T09:53:30,1763094210000,NIFTY,2025-11-14T10:34:30,1763096670000,41,,hybrid,246.74579301628802,252.2505177543713,259.86243058111097
2025-11-14T09:53:30,1763094210000,NIFTY,2025-11-14T10:35:30,1763096730000,42,,hybrid,248.42005854650168,254.8987874424601,264.24881786603225
2025-11-14T09:53:30,1763094210000,NIFTY,2025-11-14T10:36:30,1763096790000,43,,hybrid,245.72643391881002,252.7425951139209,261.3273112170686
2025-11-14T09:53:30,1763094210000,NIFTY,2025-11-14T10:37:30,1763096850000,44,,hybrid,246.32754921008484,254.08751175334774,262.77277454511113
2025-11-14T09:53:30,1763094210000,NIFTY,2025-11-14T10:38:30,1763096910000,45,,hybrid,245.33798603957334,253.48395223342965,261.5580992610287
2025-11-14T09:53:30,1763094210000,NIFTY,2025-11-14T10:39:30,1763096970000,46,,hybrid,246.12730704510352,254.07402882734195,262.7931914263196
2025-11-14T09:53:30,1763094210000,NIFTY,2025-11-14T10:40:30,1763097030000,47,,hybrid,244.76414417071732,253.12201992782855,259.1658626278039
2025-11-14T09:53:30,1763094210000,NIFTY,2025-11-14T10:41:30,1763097090000,48,,hybrid,245.86937610646572,254.64180687288703,262.34022111473126
2025-11-14T09:53:30,1763094210000,NIFTY,2025-11-14T10:42:30,1763097150000,49,,hybrid,245.61203256701322,253.1179537624648,260.29905952549416
2025-11-14T09:53:30,1763094210000,NIFTY,2025-11-14T10:43:30,1763097210000,50,,hybrid,247.61392694983167,254.5443545144192,265.0163659920769
2025-11-14T09:53:30,1763094210000,NIFTY,2025-11-14T10:44:30,1763097270000,51,,hybrid,246.2306434564947,253.4405511306244,261.011407019902
2025-11-14T09:53:30,1763094210000,NIFTY,2025-11-14T10:45:30,1763097330000,52,,hybrid,245.47602841392452,253.96943446326586,264.2152642312867
2025-11-14T09:53:30,1763094210000,NIFTY,2025-11-14T10:46:30,1763097390000,53,,hybrid,245.35383226427916,253.02759511392094,262.22470733885905
2025-11-14T09:53:30,1763094210000,NIFTY,2025-11-14T10:47:30,1763097450000,54,,hybrid,245.50601379046478,254.14753259349104,263.11644323709857
2025-11-14T09:53:30,1763094210000,NIFTY,2025-11-14T10:48:30,1763097510000,55,,hybrid,243.40274338240164,252.42986581046972,260.5477696208322
2025-11-14T09:53:30,1763094210000,NIFTY,2025-11-14T10:49:30,1763097570000,56,,hybrid,244.79181132990064,253.897408340596,265.832954065977
2025-11-14T09:53:30,1763094210000,NIFTY,2025-11-14T10:50:30,1763097630000,57,,hybrid,242.68828604366252,252.6355584751587,258.7920967417556
2025-11-14T09:53:30,1763094210000,NIFTY,2025-11-14T10:51:30,1763097690000,58,,hybrid,245.25235909807972,253.887408340596,262.2227978568336
2025-11-14T09:53:30,1763094210000,NIFTY,2025-11-14T10:52:30,1763097750000,59,,hybrid,243.24952866333342,252.55929907486288,257.128802011726
2025-11-14T09:53:30,1763094210000,NIFTY,2025-11-14T10:53:30,1763097810000,60,,hybrid,245.64494457514425,253.7503822179261,262.3217076787892
2025-11-14T09:53:30,1763094210000,NIFTY,2025-11-14T09:54:30,1763094270000,1,,hybrid,248.25585903770354,256.6,260.6366135198163
2025-11-14T09:53:30,1763094210000,NIFTY,2025-11-14T09:55:30,1763094330000,2,,hybrid,248.39111460838203,257.03703851546265,262.2502447946656
2025-11-14T09:53:30,1763094210000,NIFTY,2025-11-14T09:56:30,1763094390000,3,,hybrid,247.63795702106682,256.9230256436366,263.3155924546646
2025-11-14T09:53:30,1763094210000,NIFTY,2025-11-14T09:57:30,1763094450000,4,,hybrid,247.7711077016194,257.1108456798348,263.35234992880754
2025-11-14T09:53:30,1763094210000,NIFTY,2025-11-14T09:58:30,1763094510000,5,,hybrid,247.44779866980062,256.68633947533135,261.81826159965203
2025-11-14T09:53:30,1763094210000,NIFTY,2025-11-14T09:59:30,1763094570000,6,,hybrid,245.87406254059974,256.72262339727274,261.25561418244627
2025-11-14T09:53:30,1763094210000,NIFTY,2025-11-14T10:00:30,1763094630000,7,,hybrid,248.65138876881315,255.8282083290905,260.2416107564155
2025-11-14T09:53:30,1763094210000,NIFTY,2025-11-14T10:01:30,1763094690000,8,,hybrid,248.7081506202691,256.300091342727,260.09904846504855
2025-11-14T09:53:30,1763094210000,NIFTY,2025-11-14T10:02:30,1763094750000,9,,hybrid,245.25929627635654,255.99820832909052,260.80996025631856
2025-11-14T09:53:30,1763094210000,NIFTY,2025-11-14T10:03:30,1763094810000,10,,hybrid,245.28617575451256,256.7468744378991,261.4722083259768
2025-11-14T09:53:30,1763094210000,NIFTY,2025-11-14T10:04:30,1763094870000,11,,hybrid,246.0650122152621,255.74946407203763,260.57469512521885
2025-11-14T09:53:30,1763094210000,NIFTY,2025-11-14T10:05:30,1763094930000,12,,hybrid,247.55008245754132,255.70831658810053,263.9490389134452
2025-11-14T09:53:30,1763094210000,NIFTY,2025-11-14T10:06:30,1763094990000,13,,hybrid,246.78635645979324,255.3004726317099,262.6790905701106
2025-11-14T09:53:30,1763094210000,NIFTY,2025-11-14T10:07:30,1763095050000,14,,hybrid,246.5897740358801,255.045212097421,264.23839208125315
2025-11-14T09:53:30,1763094210000,NIFTY,2025-11-14T10:08:30,1763095110000,15,,hybrid,245.94226833143298,254.81816947295877,263.1971628254158
2025-11-14T09:53:30,1763094210000,NIFTY,2025-11-14T10:09:30,1763095170000,16,,hybrid,246.38639396858565,254.24255343363433,263.17915392083427
2025-11-14T09:53:30,1763094210000,NIFTY,2025-11-14T10:10:30,1763095230000,17,,hybrid,247.3611272761803,254.15458103586866,261.1855606969109
2025-11-14T09:53:30,1763094210000,NIFTY,2025-11-14T10:11:30,1763095290000,18,,hybrid,246.50139121058928,254.54893139328632,263.0502410159632
2025-11-14T09:53:30,1763094210000,NIFTY,2025-11-14T10:12:30,1763095350000,19,,hybrid,246.14173339151313,254.94015225855603,260.4115017489095
2025-11-14T09:53:30,1763094210000,NIFTY,2025-11-14T10:13:30,1763095410000,20,,hybrid,246.28194197817928,255.0746853412379,262.3577543458432
2025-11-14T09:53:30,1763094210000,NIFTY,2025-11-14T10:14:30,1763095470000,21,,hybrid,245.32378614934763,255.09055113062442,260.1025112762148
2025-11-14T09:53:30,1763094210000,NIFTY,2025-11-14T10:15:30,1763095530000,22,,hybrid,246.51749917113898,255.14180687288703,262.27115179415375
2025-11-14T09:53:30,1763094210000,NIFTY,2025-11-14T10:16:30,1763095590000,23,,hybrid,246.38838029596332,255.07027402818088,260.88618014744185
2025-11-14T09:53:30,1763094210000,NIFTY,2025-11-14T10:17:30,1763095650000,24,,hybrid,246.62788528761183,255.15456827275412,261.5085043098601
2025-11-14T09:53:30,1763094210000,NIFTY,2025-11-14T10:18:30,1763095710000,25,,hybrid,247.6497567959329,254.9907676172717,259.2604105755761
2025-11-14T09:53:30,1763094210000,NIFTY,2025-11-14T10:19:30,1763095770000,26,,hybrid,247.9600321188613,255.3675548903964,263.03371397125466
2025-11-14T09:53:30,1763094210000,NIFTY,2025-11-14T10:20:30,1763095830000,27,,hybrid,247.4249576641788,254.85533019308164,260.1643367931898
2025-11-14T09:53:30,1763094210000,NIFTY,2025-11-14T10:21:30,1763095890000,28,,hybrid,247.26827527957823,255.861008752836,262.92561119847954
2025-11-14T09:53:30,1763094210000,NIFTY,2025-11-14T10:22:30,1763095950000,29,,hybrid,246.14658166424925,253.84468534123792,258.7952735986724
2025-11-14T09:53:30,1763094210000,NIFTY,2025-11-14T10:23:30,1763096010000,30,,hybrid,247.58829246789387,254.779630793184,263.70928487243043
2025-11-14T09:53:30,1763094210000,NIFTY,2025-11-14T10:24:30,1763096070000,31,,hybrid,246.8544314431843,253.1868123534501,260.7078607050304
2025-11-14T09:53:30,1763094210000,NIFTY,2025-11-14T10:25:30,1763096130000,32,,hybrid,247.1705938213834,254.42537187336822,264.58776123321604
2025-11-14T09:53:30,1763094210000,NIFTY,2025-11-14T10:26:30,1763096190000,33,,hybrid,245.9155167961744,253.85601804794257,259.54610366287653
2025-11-14T09:53:30,1763094210000,NIFTY,2025-11-14T10:27:30,1763096250000,34,,hybrid,246.5430956147043,254.29167625953767,262.8336975392754
2025-11-14T09:53:30,1763094210000,NIFTY,2025-11-14T10:28:30,1763096310000,35,,hybrid,246.23048897556762,252.96113379369575,262.26792333756254
2025-11-14T09:53:30,1763094210000,NIFTY,2025-11-14T10:29:30,1763096370000,36,,hybrid,246.33435562530934,254.15283968779985,264.27379642067416
2025-11-14T09:53:30,1763094210000,NIFTY,2025-11-14T10:30:30,1763096430000,37,,hybrid,245.8307718564933,253.0368331935934,262.91975002043046
2025-11-14T09:53:30,1763094210000,NIFTY,2025-11-14T10:31:30,1763096490000,38,,hybrid,246.06054543229084,254.04305536140177,262.6299318463086
2025-11-14T09:53:30,1763094210000,NIFTY,2025-11-14T10:32:30,1763096550000,39,,hybrid,246.2107837492939,253.22325283353197,259.1383048955314
2025-11-14T09:53:30,1763094210000,NIFTY,2025-11-14T10:33:30,1763096610000,40,,hybrid,247.4881190679447,255.27508148407165,263.53209846044854
2025-11-14T09:53:30,1763094210000,NIFTY,2025-11-14T10:34:30,1763096670000,41,,hybrid,246.74579301628802,252.2505177543713,259.86243058111097
2025-11-14T09:53:30,1763094210000,NIFTY,2025-11-14T10:35:30,1763096730000,42,,hybrid,248.42005854650168,254.8987874424601,264.24881786603225
2025-11-14T09:53:30,1763094210000,NIFTY,2025-11-14T10:36:30,1763096790000,43,,hybrid,245.72643391881002,252.7425951139209,261.3273112170686
2025-11-14T09:53:30,1763094210000,NIFTY,2025-11-14T10:37:30,1763096850000,44,,hybrid,246.32754921008484,254.08751175334774,262.77277454511113
2025-11-14T09:53:30,1763094210000,NIFTY,2025-11-14T10:38:30,1763096910000,45,,hybrid,245.33798603957334,253.48395223342965,261.5580992610287
2025-11-14T09:53:30,1763094210000,NIFTY,2025-11-14T10:39:30,1763096970000,46,,hybrid,246.12730704510352,254.07402882734195,262.7931914263196
2025-11-14T09:53:30,1763094210000,NIFTY,2025-11-14T10:40:30,1763097030000,47,,hybrid,244.76414417071732,253.12201992782855,259.1658626278039
2025-11-14T09:53:30,1763094210000,NIFTY,2025-11-14T10:41:30,1763097090000,48,,hybrid,245.86937610646572,254.64180687288703,262.34022111473126
2025-11-14T09:53:30,1763094210000,NIFTY,2025-11-14T10:42:30,1763097150000,49,,hybrid,245.61203256701322,253.1179537624648,260.29905952549416
2025-11-14T09:53:30,1763094210000,NIFTY,2025-11-14T10:43:30,1763097210000,50,,hybrid,247.61392694983167,254.5443545144192,265.0163659920769
2025-11-14T09:53:30,1763094210000,NIFTY,2025-11-14T10:44:30,1763097270000,51,,hybrid,246.2306434564947,253.4405511306244,261.011407019902
2025-11-14T09:53:30,1763094210000,NIFTY,2025-11-14T10:45:30,1763097330000,52,,hybrid,245.47602841392452,253.96943446326586,264.2152642312867
2025-11-14T09:53:30,1763094210000,NIFTY,2025-11-14T10:46:30,1763097390000,53,,hybrid,245.35383226427916,253.02759511392094,262.22470733885905
2025-11-14T09:53:30,1763094210000,NIFTY,2025-11-14T10:47:30,1763097450000,54,,hybrid,245.50601379046478,254.14753259349104,263.11644323709857
2025-11-14T09:53:30,1763094210000,NIFTY,2025-11-14T10:48:30,1763097510000,55,,hybrid,243.40274338240164,252.42986581046972,260.5477696208322
2025-11-14T09:53:30,1763094210000,NIFTY,2025-11-14T10:49:30,1763097570000,56,,hybrid,244.79181132990064,253.897408340596,265.832954065977
2025-11-14T09:53:30,1763094210000,NIFTY,2025-11-14T10:50:30,1763097630000,57,,hybrid,242.68828604366252,252.6355584751587,258.7920967417556
2025-11-14T09:53:30,1763094210000,NIFTY,2025-11-14T10:51:30,1763097690000,58,,hybrid,245.25235909807972,253.887408340596,262.2227978568336
2025-11-14T09:53:30,1763094210000,NIFTY,2025-11-14T10:52:30,1763097750000,59,,hybrid,243.24952866333342,252.55929907486288,257.128802011726
2025-11-14T09:53:30,1763094210000,NIFTY,2025-11-14T10:53:30,1763097810000,60,,hybrid,245.64494457514425,253.7503822179261,262.3217076787892
2025-11-14T09:53:30,1763094210000,NIFTY,2025-11-14T09:54:30,1763094270000,1,,hybrid,248.25585903770354,256.6,260.6366135198163
2025-11-14T09:53:30,1763094210000,NIFTY,2025-11-14T09:55:30,1763094330000,2,,hybrid,248.39111460838203,257.03703851546265,262.2502447946656
2025-11-14T09:53:30,1763094210000,NIFTY,2025-11-14T09:56:30,1763094390000,3,,hybrid,247.63795702106682,256.9230256436366,263.3155924546646
2025-11-14T09:53:30,1763094210000,NIFTY,2025-11-14T09:57:30,1763094450000,4,,hybrid,247.7711077016194,257.1108456798348,263.35234992880754
2025-11-14T09:53:30,1763094210000,NIFTY,2025-11-14T09:58:30,1763094510000,5,,hybrid,247.44779866980062,256.68633947533135,261.81826159965203
2025-11-14T09:53:30,1763094210000,NIFTY,2025-11-14T09:59:30,1763094570000,6,,hybrid,245.87406254059974,256.72262339727274,261.25561418244627
2025-11-14T09:53:30,1763094210000,NIFTY,2025-11-14T10:00:30,1763094630000,7,,hybrid,248.65138876881315,255.8282083290905,260.2416107564155
2025-11-14T09:53:30,1763094210000,NIFTY,2025-11-14T10:01:30,1763094690000,8,,hybrid,248.7081506202691,256.300091342727,260.09904846504855
2025-11-14T09:53:30,1763094210000,NIFTY,2025-11-14T10:02:30,1763094750000,9,,hybrid,245.25929627635654,255.99820832909052,260.80996025631856
2025-11-14T09:53:30,1763094210000,NIFTY,2025-11-14T10:03:30,1763094810000,10,,hybrid,245.28617575451256,256.7468744378991,261.4722083259768
2025-11-14T09:53:30,1763094210000,NIFTY,2025-11-14T10:04:30,1763094870000,11,,hybrid,246.0650122152621,255.74946407203763,260.57469512521885
2025-11-14T09:53:30,1763094210000,NIFTY,2025-11-14T10:05:30,1763094930000,12,,hybrid,247.55008245754132,255.70831658810053,263.9490389134452
2025-11-14T09:53:30,1763094210000,NIFTY,2025-11-14T10:06:30,1763094990000,13,,hybrid,246.78635645979324,255.3004726317099,262.6790905701106
2025-11-14T09:53:30,1763094210000,NIFTY,2025-11-14T10:07:30,1763095050000,14,,hybrid,246.5897740358801,255.045212097421,264.23839208125315
2025-11-14T09:53:30,1763094210000,NIFTY,2025-11-14T10:08:30,1763095110000,15,,hybrid,245.94226833143298,254.81816947295877,263.1971628254158
2025-11-14T09:53:30,1763094210000,NIFTY,2025-11-14T10:09:30,1763095170000,16,,hybrid,246.38639396858565,254.24255343363433,263.17915392083427
2025-11-14T09:53:30,1763094210000,NIFTY,2025-11-14T10:10:30,1763095230000,17,,hybrid,247.3611272761803,254.15458103586866,261.1855606969109
2025-11-14T09:53:30,1763094210000,NIFTY,2025-11-14T10:11:30,1763095290000,18,,hybrid,246.50139121058928,254.54893139328632,263.0502410159632
2025-11-14T09:53:30,1763094210000,NIFTY,2025-11-14T10:12:30,1763095350000,19,,hybrid,246.14173339151313,254.94015225855603,260.4115017489095
2025-11-14T09:53:30,1763094210000,NIFTY,2025-11-14T10:13:30,1763095410000,20,,hybrid,246.28194197817928,255.0746853412379,262.3577543458432
2025-11-14T09:53:30,1763094210000,NIFTY,2025-11-14T10:14:30,1763095470000,21,,hybrid,245.32378614934763,255.09055113062442,260.1025112762148
2025-11-14T09:53:30,1763094210000,NIFTY,2025-11-14T10:15:30,1763095530000,22,,hybrid,246.51749917113898,255.14180687288703,262.27115179415375
2025-11-14T09:53:30,1763094210000,NIFTY,2025-11-14T10:16:30,1763095590000,23,,hybrid,246.38838029596332,255.07027402818088,260.88618014744185
2025-11-14T09:53:30,1763094210000,NIFTY,2025-11-14T10:17:30,1763095650000,24,,hybrid,246.62788528761183,255.15456827275412,261.5085043098601
2025-11-14T09:53:30,1763094210000,NIFTY,2025-11-14T10:18:30,1763095710000,25,,hybrid,247.6497567959329,254.9907676172717,259.2604105755761
2025-11-14T09:53:30,1763094210000,NIFTY,2025-11-14T10:19:30,1763095770000,26,,hybrid,247.9600321188613,255.3675548903964,263.03371397125466
2025-11-14T09:53:30,1763094210000,NIFTY,2025-11-14T10:20:30,1763095830000,27,,hybrid,247.4249576641788,254.85533019308164,260.1643367931898
2025-11-14T09:53:30,1763094210000,NIFTY,2025-11-14T10:21:30,1763095890000,28,,hybrid,247.26827527957823,255.861008752836,262.92561119847954
2025-11-14T09:53:30,1763094210000,NIFTY,2025-11-14T10:22:30,1763095950000,29,,hybrid,246.14658166424925,253.84468534123792,258.7952735986724
2025-11-14T09:53:30,1763094210000,NIFTY,2025-11-14T10:23:30,1763096010000,30,,hybrid,247.58829246789387,254.779630793184,263.70928487243043
2025-11-14T09:53:30,1763094210000,NIFTY,2025-11-14T10:24:30,1763096070000,31,,hybrid,246.8544314431843,253.1868123534501,260.7078607050304
2025-11-14T09:53:30,1763094210000,NIFTY,2025-11-14T10:25:30,1763096130000,32,,hybrid,247.1705938213834,254.42537187336822,264.58776123321604
2025-11-14T09:53:30,1763094210000,NIFTY,2025-11-14T10:26:30,1763096190000,33,,hybrid,245.9155167961744,253.85601804794257,259.54610366287653
2025-11-14T09:53:30,1763094210000,NIFTY,2025-11-14T10:27:30,1763096250000,34,,hybrid,246.5430956147043,254.29167625953767,262.8336975392754
2025-11-14T09:53:30,1763094210000,NIFTY,2025-11-14T10:28:30,1763096310000,35,,hybrid,246.23048897556762,252.96113379369575,262.26792333756254
2025-11-14T09:53:30,1763094210000,NIFTY,2025-11-14T10:29:30,1763096370000,36,,hybrid,246.33435562530934,254.15283968779985,264.27379642067416
2025-11-14T09:53:30,1763094210000,NIFTY,2025-11-14T10:30:30,1763096430000,37,,hybrid,245.8307718564933,253.0368331935934,262.91975002043046
2025-11-14T09:53:30,1763094210000,NIFTY,2025-11-14T10:31:30,1763096490000,38,,hybrid,246.06054543229084,254.04305536140177,262.6299318463086
2025-11-14T09:53:30,1763094210000,NIFTY,2025-11-14T10:32:30,1763096550000,39,,hybrid,246.2107837492939,253.22325283353197,259.1383048955314
2025-11-14T09:53:30,1763094210000,NIFTY,2025-11-14T10:33:30,1763096610000,40,,hybrid,247.4881190679447,255.27508148407165,263.53209846044854
2025-11-14T09:53:30,1763094210000,NIFTY,2025-11-14T10:34:30,1763096670000,41,,hybrid,246.74579301628802,252.2505177543713,259.86243058111097
2025-11-14T09:53:30,1763094210000,NIFTY,2025-11-14T10:35:30,1763096730000,42,,hybrid,248.42005854650168,254.8987874424601,264.24881786603225
2025-11-14T09:53:30,1763094210000,NIFTY,2025-11-14T10:36:30,1763096790000,43,,hybrid,245.72643391881002,252.7425951139209,261.3273112170686
2025-11-14T09:53:30,1763094210000,NIFTY,2025-11-14T10:37:30,1763096850000,44,,hybrid,246.32754921008484,254.08751175334774,262.77277454511113
2025-11-14T09:53:30,1763094210000,NIFTY,2025-11-14T10:38:30,1763096910000,45,,hybrid,245.33798603957334,253.48395223342965,261.5580992610287
2025-11-14T09:53:30,1763094210000,NIFTY,2025-11-14T10:39:30,1763096970000,46,,hybrid,246.12730704510352,254.07402882734195,262.7931914263196
2025-11-14T09:53:30,1763094210000,NIFTY,2025-11-14T10:40:30,1763097030000,47,,hybrid,244.76414417071732,253.12201992782855,259.1658626278039
2025-11-14T09:53:30,1763094210000,NIFTY,2025-11-14T10:41:30,1763097090000,48,,hybrid,245.86937610646572,254.64180687288703,262.34022111473126
2025-11-14T09:53:30,1763094210000,NIFTY,2025-11-14T10:42:30,1763097150000,49,,hybrid,245.61203256701322,253.1179537624648,260.29905952549416
2025-11-14T09:53:30,1763094210000,NIFTY,2025-11-14T10:43:30,1763097210000,50,,hybrid,247.61392694983167,254.5443545144192,265.0163659920769
2025-11-14T09:53:30,1763094210000,NIFTY,2025-11-14T10:44:30,1763097270000,51,,hybrid,246.2306434564947,253.4405511306244,261.011407019902
2025-11-14T09:53:30,1763094210000,NIFTY,2025-11-14T10:45:30,1763097330000,52,,hybrid,245.47602841392452,253.96943446326586,264.2152642312867
2025-11-14T09:53:30,1763094210000,NIFTY,2025-11-14T10:46:30,1763097390000,53,,hybrid,245.35383226427916,253.02759511392094,262.22470733885905
2025-11-14T09:53:30,1763094210000,NIFTY,2025-11-14T10:47:30,1763097450000,54,,hybrid,245.50601379046478,254.14753259349104,263.11644323709857
2025-11-14T09:53:30,1763094210000,NIFTY,2025-11-14T10:48:30,1763097510000,55,,hybrid,243.40274338240164,252.42986581046972,260.5477696208322
2025-11-14T09:53:30,1763094210000,NIFTY,2025-11-14T10:49:30,1763097570000,56,,hybrid,244.79181132990064,253.897408340596,265.832954065977
2025-11-14T09:53:30,1763094210000,NIFTY,2025-11-14T10:50:30,1763097630000,57,,hybrid,242.68828604366252,252.6355584751587,258.7920967417556
2025-11-14T09:53:30,1763094210000,NIFTY,2025-11-14T10:51:30,1763097690000,58,,hybrid,245.25235909807972,253.887408340596,262.2227978568336
2025-11-14T09:53:30,1763094210000,NIFTY,2025-11-14T10:52:30,1763097750000,59,,hybrid,243.24952866333342,252.55929907486288,257.128802011726
2025-11-14T09:53:30,1763094210000,NIFTY,2025-11-14T10:53:30,1763097810000,60,,hybrid,245.64494457514425,253.7503822179261,262.3217076787892
2025-11-14T09:53:30,1763094210000,NIFTY,2025-11-14T09:54:30,1763094270000,1,,hybrid,248.25585903770354,256.6,260.6366135198163
2025-11-14T09:53:30,1763094210000,NIFTY,2025-11-14T09:55:30,1763094330000,2,,hybrid,248.39111460838203,257.03703851546265,262.2502447946656
2025-11-14T09:53:30,1763094210000,NIFTY,2025-11-14T09:56:30,1763094390000,3,,hybrid,247.63795702106682,256.9230256436366,263.3155924546646
2025-11-14T09:53:30,1763094210000,NIFTY,2025-11-14T09:57:30,1763094450000,4,,hybrid,247.7711077016194,257.1108456798348,263.35234992880754
2025-11-14T09:53:30,1763094210000,NIFTY,2025-11-14T09:58:30,1763094510000,5,,hybrid,247.44779866980062,256.68633947533135,261.81826159965203
2025-11-14T09:53:30,1763094210000,NIFTY,2025-11-14T09:59:30,1763094570000,6,,hybrid,245.87406254059974,256.72262339727274,261.25561418244627
2025-11-14T09:53:30,1763094210000,NIFTY,2025-11-14T10:00:30,1763094630000,7,,hybrid,248.65138876881315,255.8282083290905,260.2416107564155
2025-11-14T09:53:30,1763094210000,NIFTY,2025-11-14T10:01:30,1763094690000,8,,hybrid,248.7081506202691,256.300091342727,260.09904846504855
2025-11-14T09:53:30,1763094210000,NIFTY,2025-11-14T10:02:30,1763094750000,9,,hybrid,245.25929627635654,255.99820832909052,260.80996025631856
2025-11-14T09:53:30,1763094210000,NIFTY,2025-11-14T10:03:30,1763094810000,10,,hybrid,245.28617575451256,256.7468744378991,261.4722083259768
2025-11-14T09:53:30,1763094210000,NIFTY,2025-11-14T10:04:30,1763094870000,11,,hybrid,246.0650122152621,255.74946407203763,260.57469512521885
2025-11-14T09:53:30,1763094210000,NIFTY,2025-11-14T10:05:30,1763094930000,12,,hybrid,247.55008245754132,255.70831658810053,263.9490389134452
2025-11-14T09:53:30,1763094210000,NIFTY,2025-11-14T10:06:30,1763094990000,13,,hybrid,246.78635645979324,255.3004726317099,262.6790905701106
2025-11-14T09:53:30,1763094210000,NIFTY,2025-11-14T10:07:30,1763095050000,14,,hybrid,246.5897740358801,255.045212097421,264.23839208125315
2025-11-14T09:53:30,1763094210000,NIFTY,2025-11-14T10:08:30,1763095110000,15,,hybrid,245.94226833143298,254.81816947295877,263.1971628254158
2025-11-14T09:53:30,1763094210000,NIFTY,2025-11-14T10:09:30,1763095170000,16,,hybrid,246.38639396858565,254.24255343363433,263.17915392083427
2025-11-14T09:53:30,1763094210000,NIFTY,2025-11-14T10:10:30,1763095230000,17,,hybrid,247.3611272761803,254.15458103586866,261.1855606969109
2025-11-14T09:53:30,1763094210000,NIFTY,2025-11-14T10:11:30,1763095290000,18,,hybrid,246.50139121058928,254.54893139328632,263.0502410159632
2025-11-14T09:53:30,1763094210000,NIFTY,2025-11-14T10:12:30,1763095350000,19,,hybrid,246.14173339151313,254.94015225855603,260.4115017489095
2025-11-14T09:53:30,1763094210000,NIFTY,2025-11-14T10:13:30,1763095410000,20,,hybrid,246.28194197817928,255.0746853412379,262.3577543458432
2025-11-14T09:53:30,1763094210000,NIFTY,2025-11-14T10:14:30,1763095470000,21,,hybrid,245.32378614934763,255.09055113062442,260.1025112762148
2025-11-14T09:53:30,1763094210000,NIFTY,2025-11-14T10:15:30,1763095530000,22,,hybrid,246.51749917113898,255.14180687288703,262.27115179415375
2025-11-14T09:53:30,1763094210000,NIFTY,2025-11-14T10:16:30,1763095590000,23,,hybrid,246.38838029596332,255.07027402818088,260.88618014744185
2025-11-14T09:53:30,1763094210000,NIFTY,2025-11-14T10:17:30,1763095650000,24,,hybrid,246.62788528761183,255.15456827275412,261.5085043098601
2025-11-14T09:53:30,1763094210000,NIFTY,2025-11-14T10:18:30,1763095710000,25,,hybrid,247.6497567959329,254.9907676172717,259.2604105755761
2025-11-14T09:53:30,1763094210000,NIFTY,2025-11-14T10:19:30,1763095770000,26,,hybrid,247.9600321188613,255.3675548903964,263.03371397125466
2025-11-14T09:53:30,1763094210000,NIFTY,2025-11-14T10:20:30,1763095830000,27,,hybrid,247.4249576641788,254.85533019308164,260.1643367931898
2025-11-14T09:53:30,1763094210000,NIFTY,2025-11-14T10:21:30,1763095890000,28,,hybrid,247.26827527957823,255.861008752836,262.92561119847954
2025-11-14T09:53:30,1763094210000,NIFTY,2025-11-14T10:22:30,1763095950000,29,,hybrid,246.14658166424925,253.84468534123792,258.7952735986724
2025-11-14T09:53:30,1763094210000,NIFTY,2025-11-14T10:23:30,1763096010000,30,,hybrid,247.58829246789387,254.779630793184,263.70928487243043
2025-11-14T09:53:30,1763094210000,NIFTY,2025-11-14T10:24:30,1763096070000,31,,hybrid,246.8544314431843,253.1868123534501,260.7078607050304
2025-11-14T09:53:30,1763094210000,NIFTY,2025-11-14T10:25:30,1763096130000,32,,hybrid,247.1705938213834,254.42537187336822,264.58776123321604
2025-11-14T09:53:30,1763094210000,NIFTY,2025-11-14T10:26:30,1763096190000,33,,hybrid,245.9155167961744,253.85601804794257,259.54610366287653
2025-11-14T09:53:30,1763094210000,NIFTY,2025-11-14T10:27:30,1763096250000,34,,hybrid,246.5430956147043,254.29167625953767,262.8336975392754
2025-11-14T09:53:30,1763094210000,NIFTY,2025-11-14T10:28:30,1763096310000,35,,hybrid,246.23048897556762,252.96113379369575,262.26792333756254
2025-11-14T09:53:30,1763094210000,NIFTY,2025-11-14T10:29:30,1763096370000,36,,hybrid,246.33435562530934,254.15283968779985,264.27379642067416
2025-11-14T09:53:30,1763094210000,NIFTY,2025-11-14T10:30:30,1763096430000,37,,hybrid,245.8307718564933,253.0368331935934,262.91975002043046
2025-11-14T09:53:30,1763094210000,NIFTY,2025-11-14T10:31:30,1763096490000,38,,hybrid,246.06054543229084,254.04305536140177,262.6299318463086
2025-11-14T09:53:30,1763094210000,NIFTY,2025-11-14T10:32:30,1763096550000,39,,hybrid,246.2107837492939,253.22325283353197,259.1383048955314
2025-11-14T09:53:30,1763094210000,NIFTY,2025-11-14T10:33:30,1763096610000,40,,hybrid,247.4881190679447,255.27508148407165,263.53209846044854
2025-11-14T09:53:30,1763094210000,NIFTY,2025-11-14T10:34:30,1763096670000,41,,hybrid,246.74579301628802,252.2505177543713,259.86243058111097
2025-11-14T09:53:30,1763094210000,NIFTY,2025-11-14T10:35:30,1763096730000,42,,hybrid,248.42005854650168,254.8987874424601,264.24881786603225
2025-11-14T09:53:30,1763094210000,NIFTY,2025-11-14T10:36:30,1763096790000,43,,hybrid,245.72643391881002,252.7425951139209,261.3273112170686
2025-11-14T09:53:30,1763094210000,NIFTY,2025-11-14T10:37:30,1763096850000,44,,hybrid,246.32754921008484,254.08751175334774,262.77277454511113
2025-11-14T09:53:30,1763094210000,NIFTY,2025-11-14T10:38:30,1763096910000,45,,hybrid,245.33798603957334,253.48395223342965,261.5580992610287
2025-11-14T09:53:30,1763094210000,NIFTY,2025-11-14T10:39:30,1763096970000,46,,hybrid,246.12730704510352,254.07402882734195,262.7931914263196
2025-11-14T09:53:30,1763094210000,NIFTY,2025-11-14T10:40:30,1763097030000,47,,hybrid,244.76414417071732,253.12201992782855,259.1658626278039
2025-11-14T09:53:30,1763094210000,NIFTY,2025-11-14T10:41:30,1763097090000,48,,hybrid,245.86937610646572,254.64180687288703,262.34022111473126
2025-11-14T09:53:30,1763094210000,NIFTY,2025-11-14T10:42:30,1763097150000,49,,hybrid,245.61203256701322,253.1179537624648,260.29905952549416
2025-11-14T09:53:30,1763094210000,NIFTY,2025-11-14T10:43:30,1763097210000,50,,hybrid,247.61392694983167,254.5443545144192,265.0163659920769
2025-11-14T09:53:30,1763094210000,NIFTY,2025-11-14T10:44:30,1763097270000,51,,hybrid,246.2306434564947,253.4405511306244,261.011407019902
2025-11-14T09:53:30,1763094210000,NIFTY,2025-11-14T10:45:30,1763097330000,52,,hybrid,245.47602841392452,253.96943446326586,264.2152642312867
2025-11-14T09:53:30,1763094210000,NIFTY,2025-11-14T10:46:30,1763097390000,53,,hybrid,245.35383226427916,253.02759511392094,262.22470733885905
2025-11-14T09:53:30,1763094210000,NIFTY,2025-11-14T10:47:30,1763097450000,54,,hybrid,245.50601379046478,254.14753259349104,263.11644323709857
2025-11-14T09:53:30,1763094210000,NIFTY,2025-11-14T10:48:30,1763097510000,55,,hybrid,243.40274338240164,252.42986581046972,260.5477696208322
2025-11-14T09:53:30,1763094210000,NIFTY,2025-11-14T10:49:30,1763097570000,56,,hybrid,244.79181132990064,253.897408340596,265.832954065977
2025-11-14T09:53:30,1763094210000,NIFTY,2025-11-14T10:50:30,1763097630000,57,,hybrid,242.68828604366252,252.6355584751587,258.7920967417556
2025-11-14T09:53:30,1763094210000,NIFTY,2025-11-14T10:51:30,1763097690000,58,,hybrid,245.25235909807972,253.887408340596,262.2227978568336
2025-11-14T09:53:30,1763094210000,NIFTY,2025-11-14T10:52:30,1763097750000,59,,hybrid,243.24952866333342,252.55929907486288,257.128802011726
2025-11-14T09:53:30,1763094210000,NIFTY,2025-11-14T10:53:30,1763097810000,60,,hybrid,245.64494457514425,253.7503822179261,262.3217076787892
2025-11-14T09:53:30,1763094210000,NIFTY,2025-11-14T09:54:30,1763094270000,1,,hybrid,248.25585903770354,256.6,260.6366135198163
2025-11-14T09:53:30,1763094210000,NIFTY,2025-11-14T09:55:30,1763094330000,2,,hybrid,248.39111460838203,257.03703851546265,262.2502447946656
2025-11-14T09:53:30,1763094210000,NIFTY,2025-11-14T09:56:30,1763094390000,3,,hybrid,247.63795702106682,256.9230256436366,263.3155924546646
2025-11-14T09:53:30,1763094210000,NIFTY,2025-11-14T09:57:30,1763094450000,4,,hybrid,247.7711077016194,257.1108456798348,263.35234992880754
2025-11-14T09:53:30,1763094210000,NIFTY,2025-11-14T09:58:30,1763094510000,5,,hybrid,247.44779866980062,256.68633947533135,261.81826159965203
2025-11-14T09:53:30,1763094210000,NIFTY,2025-11-14T09:59:30,1763094570000,6,,hybrid,245.87406254059974,256.72262339727274,261.25561418244627
2025-11-14T09:53:30,1763094210000,NIFTY,2025-11-14T10:00:30,1763094630000,7,,hybrid,248.65138876881315,255.8282083290905,260.2416107564155
2025-11-14T09:53:30,1763094210000,NIFTY,2025-11-14T10:01:30,1763094690000,8,,hybrid,248.7081506202691,256.300091342727,260.09904846504855
2025-11-14T09:53:30,1763094210000,NIFTY,2025-11-14T10:02:30,1763094750000,9,,hybrid,245.25929627635654,255.99820832909052,260.80996025631856
2025-11-14T09:53:30,1763094210000,NIFTY,2025-11-14T10:03:30,1763094810000,10,,hybrid,245.28617575451256,256.7468744378991,261.4722083259768
2025-11-14T09:53:30,1763094210000,NIFTY,2025-11-14T10:04:30,1763094870000,11,,hybrid,246.0650122152621,255.74946407203763,260.57469512521885
2025-11-14T09:53:30,1763094210000,NIFTY,2025-11-14T10:05:30,1763094930000,12,,hybrid,247.55008245754132,255.70831658810053,263.9490389134452
2025-11-14T09:53:30,1763094210000,NIFTY,2025-11-14T10:06:30,1763094990000,13,,hybrid,246.78635645979324,255.3004726317099,262.6790905701106
2025-11-14T09:53:30,1763094210000,NIFTY,2025-11-14T10:07:30,1763095050000,14,,hybrid,246.5897740358801,255.045212097421,264.23839208125315
2025-11-14T09:53:30,1763094210000,NIFTY,2025-11-14T10:08:30,1763095110000,15,,hybrid,245.94226833143298,254.81816947295877,263.1971628254158
2025-11-14T09:53:30,1763094210000,NIFTY,2025-11-14T10:09:30,1763095170000,16,,hybrid,246.38639396858565,254.24255343363433,263.17915392083427
2025-11-14T09:53:30,1763094210000,NIFTY,2025-11-14T10:10:30,1763095230000,17,,hybrid,247.3611272761803,254.15458103586866,261.1855606969109
2025-11-14T09:53:30,1763094210000,NIFTY,2025-11-14T10:11:30,1763095290000,18,,hybrid,246.50139121058928,254.54893139328632,263.0502410159632
2025-11-14T09:53:30,1763094210000,NIFTY,2025-11-14T10:12:30,1763095350000,19,,hybrid,246.14173339151313,254.94015225855603,260.4115017489095
2025-11-14T09:53:30,1763094210000,NIFTY,2025-11-14T10:13:30,1763095410000,20,,hybrid,246.28194197817928,255.0746853412379,262.3577543458432
2025-11-14T09:53:30,1763094210000,NIFTY,2025-11-14T10:14:30,1763095470000,21,,hybrid,245.32378614934763,255.09055113062442,260.1025112762148
2025-11-14T09:53:30,1763094210000,NIFTY,2025-11-14T10:15:30,1763095530000,22,,hybrid,246.51749917113898,255.14180687288703,262.27115179415375
2025-11-14T09:53:30,1763094210000,NIFTY,2025-11-14T10:16:30,1763095590000,23,,hybrid,246.38838029596332,255.07027402818088,260.88618014744185
2025-11-14T09:53:30,1763094210000,NIFTY,2025-11-14T10:17:30,1763095650000,24,,hybrid,246.62788528761183,255.15456827275412,261.5085043098601
2025-11-14T09:53:30,1763094210000,NIFTY,2025-11-14T10:18:30,1763095710000,25,,hybrid,247.6497567959329,254.9907676172717,259.2604105755761
2025-11-14T09:53:30,1763094210000,NIFTY,2025-11-14T10:19:30,1763095770000,26,,hybrid,247.9600321188613,255.3675548903964,263.03371397125466
2025-11-14T09:53:30,1763094210000,NIFTY,2025-11-14T10:20:30,1763095830000,27,,hybrid,247.4249576641788,254.85533019308164,260.1643367931898
2025-11-14T09:53:30,1763094210000,NIFTY,2025-11-14T10:21:30,1763095890000,28,,hybrid,247.26827527957823,255.861008752836,262.92561119847954
2025-11-14T09:53:30,1763094210000,NIFTY,2025-11-14T10:22:30,1763095950000,29,,hybrid,246.14658166424925,253.84468534123792,258.7952735986724
2025-11-14T09:53:30,1763094210000,NIFTY,2025-11-14T10:23:30,1763096010000,30,,hybrid,247.58829246789387,254.779630793184,263.70928487243043
2025-11-14T09:53:30,1763094210000,NIFTY,2025-11-14T10:24:30,1763096070000,31,,hybrid,246.8544314431843,253.1868123534501,260.7078607050304
2025-11-14T09:53:30,1763094210000,NIFTY,2025-11-14T10:25:30,1763096130000,32,,hybrid,247.1705938213834,254.42537187336822,264.58776123321604
2025-11-14T09:53:30,1763094210000,NIFTY,2025-11-14T10:26:30,1763096190000,33,,hybrid,245.9155167961744,253.85601804794257,259.54610366287653
2025-11-14T09:53:30,1763094210000,NIFTY,2025-11-14T10:27:30,1763096250000,34,,hybrid,246.5430956147043,254.29167625953767,262.8336975392754
2025-11-14T09:53:30,1763094210000,NIFTY,2025-11-14T10:28:30,1763096310000,35,,hybrid,246.23048897556762,252.96113379369575,262.26792333756254
2025-11-14T09:53:30,1763094210000,NIFTY,2025-11-14T10:29:30,1763096370000,36,,hybrid,246.33435562530934,254.15283968779985,264.27379642067416
2025-11-14T09:53:30,1763094210000,NIFTY,2025-11-14T10:30:30,1763096430000,37,,hybrid,245.8307718564933,253.0368331935934,262.91975002043046
2025-11-14T09:53:30,1763094210000,NIFTY,2025-11-14T10:31:30,1763096490000,38,,hybrid,246.06054543229084,254.04305536140177,262.6299318463086
2025-11-14T09:53:30,1763094210000,NIFTY,2025-11-14T10:32:30,1763096550000,39,,hybrid,246.2107837492939,253.22325283353197,259.1383048955314
2025-11-14T09:53:30,1763094210000,NIFTY,2025-11-14T10:33:30,1763096610000,40,,hybrid,247.4881190679447,255.27508148407165,263.53209846044854
2025-11-14T09:53:30,1763094210000,NIFTY,2025-11-14T10:34:30,1763096670000,41,,hybrid,246.74579301628802,252.2505177543713,259.86243058111097
2025-11-14T09:53:30,1763094210000,NIFTY,2025-11-14T10:35:30,1763096730000,42,,hybrid,248.42005854650168,254.8987874424601,264.24881786603225
2025-11-14T09:53:30,1763094210000,NIFTY,2025-11-14T10:36:30,1763096790000,43,,hybrid,245.72643391881002,252.7425951139209,261.3273112170686
2025-11-14T09:53:30,1763094210000,NIFTY,2025-11-14T10:37:30,1763096850000,44,,hybrid,246.32754921008484,254.08751175334774,262.77277454511113
2025-11-14T09:53:30,1763094210000,NIFTY,2025-11-14T10:38:30,1763096910000,45,,hybrid,245.33798603957334,253.48395223342965,261.5580992610287
2025-11-14T09:53:30,1763094210000,NIFTY,2025-11-14T10:39:30,1763096970000,46,,hybrid,246.12730704510352,254.07402882734195,262.7931914263196
2025-11-14T09:53:30,1763094210000,NIFTY,2025-11-14T10:40:30,1763097030000,47,,hybrid,244.76414417071732,253.12201992782855,259.1658626278039
2025-11-14T09:53:30,1763094210000,NIFTY,2025-11-14T10:41:30,1763097090000,48,,hybrid,245.86937610646572,254.64180687288703,262.34022111473126
2025-11-14T09:53:30,1763094210000,NIFTY,2025-11-14T10:42:30,1763097150000,49,,hybrid,245.61203256701322,253.1179537624648,260.29905952549416
2025-11-14T09:53:30,1763094210000,NIFTY,2025-11-14T10:43:30,1763097210000,50,,hybrid,247.61392694983167,254.5443545144192,265.0163659920769
2025-11-14T09:53:30,1763094210000,NIFTY,2025-11-14T10:44:30,1763097270000,51,,hybrid,246.2306434564947,253.4405511306244,261.011407019902
2025-11-14T09:53:30,1763094210000,NIFTY,2025-11-14T10:45:30,1763097330000,52,,hybrid,245.47602841392452,253.96943446326586,264.2152642312867
2025-11-14T09:53:30,1763094210000,NIFTY,2025-11-14T10:46:30,1763097390000,53,,hybrid,245.35383226427916,253.02759511392094,262.22470733885905
2025-11-14T09:53:30,1763094210000,NIFTY,2025-11-14T10:47:30,1763097450000,54,,hybrid,245.50601379046478,254.14753259349104,263.11644323709857
2025-11-14T09:53:30,1763094210000,NIFTY,2025-11-14T10:48:30,1763097510000,55,,hybrid,243.40274338240164,252.42986581046972,260.5477696208322
2025-11-14T09:53:30,1763094210000,NIFTY,2025-11-14T10:49:30,1763097570000,56,,hybrid,244.79181132990064,253.897408340596,265.832954065977
2025-11-14T09:53:30,1763094210000,NIFTY,2025-11-14T10:50:30,1763097630000,57,,hybrid,242.68828604366252,252.6355584751587,258.7920967417556
2025-11-14T09:53:30,1763094210000,NIFTY,2025-11-14T10:51:30,1763097690000,58,,hybrid,245.25235909807972,253.887408340596,262.2227978568336
2025-11-14T09:53:30,1763094210000,NIFTY,2025-11-14T10:52:30,1763097750000,59,,hybrid,243.24952866333342,252.55929907486288,257.128802011726
2025-11-14T09:53:30,1763094210000,NIFTY,2025-11-14T10:53:30,1763097810000,60,,hybrid,245.64494457514425,253.7503822179261,262.3217076787892
2025-11-14T09:53:30,1763094210000,NIFTY,2025-11-14T09:54:30,1763094270000,1,,hybrid,248.25585903770354,256.6,260.6366135198163
2025-11-14T09:53:30,1763094210000,NIFTY,2025-11-14T09:55:30,1763094330000,2,,hybrid,248.39111460838203,257.03703851546265,262.2502447946656
2025-11-14T09:53:30,1763094210000,NIFTY,2025-11-14T09:56:30,1763094390000,3,,hybrid,247.63795702106682,256.9230256436366,263.3155924546646
2025-11-14T09:53:30,1763094210000,NIFTY,2025-11-14T09:57:30,1763094450000,4,,hybrid,247.7711077016194,257.1108456798348,263.35234992880754
2025-11-14T09:53:30,1763094210000,NIFTY,2025-11-14T09:58:30,1763094510000,5,,hybrid,247.44779866980062,256.68633947533135,261.81826159965203
2025-11-14T09:53:30,1763094210000,NIFTY,2025-11-14T09:59:30,1763094570000,6,,hybrid,245.87406254059974,256.72262339727274,261.25561418244627
2025-11-14T09:53:30,1763094210000,NIFTY,2025-11-14T10:00:30,1763094630000,7,,hybrid,248.65138876881315,255.8282083290905,260.2416107564155
2025-11-14T09:53:30,1763094210000,NIFTY,2025-11-14T10:01:30,1763094690000,8,,hybrid,248.7081506202691,256.300091342727,260.09904846504855
2025-11-14T09:53:30,1763094210000,NIFTY,2025-11-14T10:02:30,1763094750000,9,,hybrid,245.25929627635654,255.99820832909052,260.80996025631856
2025-11-14T09:53:30,1763094210000,NIFTY,2025-11-14T10:03:30,1763094810000,10,,hybrid,245.28617575451256,256.7468744378991,261.4722083259768
2025-11-14T09:53:30,1763094210000,NIFTY,2025-11-14T10:04:30,1763094870000,11,,hybrid,246.0650122152621,255.74946407203763,260.57469512521885
2025-11-14T09:53:30,1763094210000,NIFTY,2025-11-14T10:05:30,1763094930000,12,,hybrid,247.55008245754132,255.70831658810053,263.9490389134452
2025-11-14T09:53:30,1763094210000,NIFTY,2025-11-14T10:06:30,1763094990000,13,,hybrid,246.78635645979324,255.3004726317099,262.6790905701106
2025-11-14T09:53:30,1763094210000,NIFTY,2025-11-14T10:07:30,1763095050000,14,,hybrid,246.5897740358801,255.045212097421,264.23839208125315
2025-11-14T09:53:30,1763094210000,NIFTY,2025-11-14T10:08:30,1763095110000,15,,hybrid,245.94226833143298,254.81816947295877,263.1971628254158
2025-11-14T09:53:30,1763094210000,NIFTY,2025-11-14T10:09:30,1763095170000,16,,hybrid,246.38639396858565,254.24255343363433,263.17915392083427
2025-11-14T09:53:30,1763094210000,NIFTY,2025-11-14T10:10:30,1763095230000,17,,hybrid,247.3611272761803,254.15458103586866,261.1855606969109
2025-11-14T09:53:30,1763094210000,NIFTY,2025-11-14T10:11:30,1763095290000,18,,hybrid,246.50139121058928,254.54893139328632,263.0502410159632
2025-11-14T09:53:30,1763094210000,NIFTY,2025-11-14T10:12:30,1763095350000,19,,hybrid,246.14173339151313,254.94015225855603,260.4115017489095
2025-11-14T09:53:30,1763094210000,NIFTY,2025-11-14T10:13:30,1763095410000,20,,hybrid,246.28194197817928,255.0746853412379,262.3577543458432
2025-11-14T09:53:30,1763094210000,NIFTY,2025-11-14T10:14:30,1763095470000,21,,hybrid,245.32378614934763,255.09055113062442,260.1025112762148
2025-11-14T09:53:30,1763094210000,NIFTY,2025-11-14T10:15:30,1763095530000,22,,hybrid,246.51749917113898,255.14180687288703,262.27115179415375
2025-11-14T09:53:30,1763094210000,NIFTY,2025-11-14T10:16:30,1763095590000,23,,hybrid,246.38838029596332,255.07027402818088,260.88618014744185
2025-11-14T09:53:30,1763094210000,NIFTY,2025-11-14T10:17:30,1763095650000,24,,hybrid,246.62788528761183,255.15456827275412,261.5085043098601
2025-11-14T09:53:30,1763094210000,NIFTY,2025-11-14T10:18:30,1763095710000,25,,hybrid,247.6497567959329,254.9907676172717,259.2604105755761
2025-11-14T09:53:30,1763094210000,NIFTY,2025-11-14T10:19:30,1763095770000,26,,hybrid,247.9600321188613,255.3675548903964,263.03371397125466
2025-11-14T09:53:30,1763094210000,NIFTY,2025-11-14T10:20:30,1763095830000,27,,hybrid,247.4249576641788,254.85533019308164,260.1643367931898
2025-11-14T09:53:30,1763094210000,NIFTY,2025-11-14T10:21:30,1763095890000,28,,hybrid,247.26827527957823,255.861008752836,262.92561119847954
2025-11-14T09:53:30,1763094210000,NIFTY,2025-11-14T10:22:30,1763095950000,29,,hybrid,246.14658166424925,253.84468534123792,258.7952735986724
2025-11-14T09:53:30,1763094210000,NIFTY,2025-11-14T10:23:30,1763096010000,30,,hybrid,247.58829246789387,254.779630793184,263.70928487243043
2025-11-14T09:53:30,1763094210000,NIFTY,2025-11-14T10:24:30,1763096070000,31,,hybrid,246.8544314431843,253.1868123534501,260.7078607050304
2025-11-14T09:53:30,1763094210000,NIFTY,2025-11-14T10:25:30,1763096130000,32,,hybrid,247.1705938213834,254.42537187336822,264.58776123321604
2025-11-14T09:53:30,1763094210000,NIFTY,2025-11-14T10:26:30,1763096190000,33,,hybrid,245.9155167961744,253.85601804794257,259.54610366287653
2025-11-14T09:53:30,1763094210000,NIFTY,2025-11-14T10:27:30,1763096250000,34,,hybrid,246.5430956147043,254.29167625953767,262.8336975392754
2025-11-14T09:53:30,1763094210000,NIFTY,2025-11-14T10:28:30,1763096310000,35,,hybrid,246.23048897556762,252.96113379369575,262.26792333756254
2025-11-14T09:53:30,1763094210000,NIFTY,2025-11-14T10:29:30,1763096370000,36,,hybrid,246.33435562530934,254.15283968779985,264.27379642067416
2025-11-14T09:53:30,1763094210000,NIFTY,2025-11-14T10:30:30,1763096430000,37,,hybrid,245.8307718564933,253.0368331935934,262.91975002043046
2025-11-14T09:53:30,1763094210000,NIFTY,2025-11-14T10:31:30,1763096490000,38,,hybrid,246.06054543229084,254.04305536140177,262.6299318463086
2025-11-14T09:53:30,1763094210000,NIFTY,2025-11-14T10:32:30,1763096550000,39,,hybrid,246.2107837492939,253.22325283353197,259.1383048955314
2025-11-14T09:53:30,1763094210000,NIFTY,2025-11-14T10:33:30,1763096610000,40,,hybrid,247.4881190679447,255.27508148407165,263.53209846044854
2025-11-14T09:53:30,1763094210000,NIFTY,2025-11-14T10:34:30,1763096670000,41,,hybrid,246.74579301628802,252.2505177543713,259.86243058111097
2025-11-14T09:53:30,1763094210000,NIFTY,2025-11-14T10:35:30,1763096730000,42,,hybrid,248.42005854650168,254.8987874424601,264.24881786603225
2025-11-14T09:53:30,1763094210000,NIFTY,2025-11-14T10:36:30,1763096790000,43,,hybrid,245.72643391881002,252.7425951139209,261.3273112170686
2025-11-14T09:53:30,1763094210000,NIFTY,2025-11-14T10:37:30,1763096850000,44,,hybrid,246.32754921008484,254.08751175334774,262.77277454511113
2025-11-14T09:53:30,1763094210000,NIFTY,2025-11-14T10:38:30,1763096910000,45,,hybrid,245.33798603957334,253.48395223342965,261.5580992610287
2025-11-14T09:53:30,1763094210000,NIFTY,2025-11-14T10:39:30,1763096970000,46,,hybrid,246.12730704510352,254.07402882734195,262.7931914263196
2025-11-14T09:53:30,1763094210000,NIFTY,2025-11-14T10:40:30,1763097030000,47,,hybrid,244.76414417071732,253.12201992782855,259.1658626278039
2025-11-14T09:53:30,1763094210000,NIFTY,2025-11-14T10:41:30,1763097090000,48,,hybrid,245.86937610646572,254.64180687288703,262.34022111473126
2025-11-14T09:53:30,1763094210000,NIFTY,2025-11-14T10:42:30,1763097150000,49,,hybrid,245.61203256701322,253.1179537624648,260.29905952549416
2025-11-14T09:53:30,1763094210000,NIFTY,2025-11-14T10:43:30,1763097210000,50,,hybrid,247.61392694983167,254.5443545144192,265.0163659920769
2025-11-14T09:53:30,1763094210000,NIFTY,2025-11-14T10:44:30,1763097270000,51,,hybrid,246.2306434564947,253.4405511306244,261.011407019902
2025-11-14T09:53:30,1763094210000,NIFTY,2025-11-14T10:45:30,1763097330000,52,,hybrid,245.47602841392452,253.96943446326586,264.2152642312867
2025-11-14T09:53:30,1763094210000,NIFTY,2025-11-14T10:46:30,1763097390000,53,,hybrid,245.35383226427916,253.02759511392094,262.22470733885905
2025-11-14T09:53:30,1763094210000,NIFTY,2025-11-14T10:47:30,1763097450000,54,,hybrid,245.50601379046478,254.14753259349104,263.11644323709857
2025-11-14T09:53:30,1763094210000,NIFTY,2025-11-14T10:48:30,1763097510000,55,,hybrid,243.40274338240164,252.42986581046972,260.5477696208322
2025-11-14T09:53:30,1763094210000,NIFTY,2025-11-14T10:49:30,1763097570000,56,,hybrid,244.79181132990064,253.897408340596,265.832954065977
2025-11-14T09:53:30,1763094210000,NIFTY,2025-11-14T10:50:30,1763097630000,57,,hybrid,242.68828604366252,252.6355584751587,258.7920967417556
2025-11-14T09:53:30,1763094210000,NIFTY,2025-11-14T10:51:30,1763097690000,58,,hybrid,245.25235909807972,253.887408340596,262.2227978568336
2025-11-14T09:53:30,1763094210000,NIFTY,2025-11-14T10:52:30,1763097750000,59,,hybrid,243.24952866333342,252.55929907486288,257.128802011726
2025-11-14T09:53:30,1763094210000,NIFTY,2025-11-14T10:53:30,1763097810000,60,,hybrid,245.64494457514425,253.7503822179261,262.3217076787892
2025-11-14T09:53:30,1763094210000,NIFTY,2025-11-14T09:54:30,1763094270000,1,optimized,hybrid,255.42708277500745,256.6,264.0458838818693
2025-11-14T09:53:30,1763094210000,NIFTY,2025-11-14T09:55:30,1763094330000,2,optimized,hybrid,255.72065693471302,256.9913249850981,265.5584015898709
2025-11-14T09:53:30,1763094210000,NIFTY,2025-11-14T09:56:30,1763094390000,3,optimized,hybrid,255.1029201717853,256.9582360069557,263.91352248254725
2025-11-14T09:53:30,1763094210000,NIFTY,2025-11-14T09:57:30,1763094450000,4,optimized,hybrid,255.0368609587047,256.98182989025395,265.6062158680358
2025-11-14T09:53:30,1763094210000,NIFTY,2025-11-14T09:58:30,1763094510000,5,optimized,hybrid,254.6046765692599,256.85318682034324,263.1635886121394
2025-11-14T09:53:30,1763094210000,NIFTY,2025-11-14T09:59:30,1763094570000,6,optimized,hybrid,254.64545455374332,257.15266373497275,265.8936959566962
2025-11-14T09:53:30,1763094210000,NIFTY,2025-11-14T10:00:30,1763094630000,7,optimized,hybrid,254.77956384355795,256.820285027895,263.77148443140726
2025-11-14T09:53:30,1763094210000,NIFTY,2025-11-14T10:01:30,1763094690000,8,optimized,hybrid,255.09369392239813,257.19798554968395,266.31039947327764
2025-11-14T09:53:30,1763094210000,NIFTY,2025-11-14T10:02:30,1763094750000,9,optimized,hybrid,254.0752237279157,256.92295680055906,266.9595421111411
2025-11-14T09:53:30,1763094210000,NIFTY,2025-11-14T10:03:30,1763094810000,10,optimized,hybrid,253.7369841580017,257.2683460077178,266.8249150038429
2025-11-14T09:53:30,1763094210000,NIFTY,2025-11-14T10:04:30,1763094870000,11,optimized,hybrid,252.94574647159791,256.7553406080083,266.4162122647628
2025-11-14T09:53:30,1763094210000,NIFTY,2025-11-14T10:05:30,1763094930000,12,optimized,hybrid,252.78103730198544,257.428177011347,266.52360130925445
2025-11-14T09:53:30,1763094210000,NIFTY,2025-11-14T10:06:30,1763094990000,13,optimized,hybrid,252.8216544536795,256.96695133777234,265.67337048395916
2025-11-14T09:53:30,1763094210000,NIFTY,2025-11-14T10:07:30,1763095050000,14,optimized,hybrid,253.18778657072505,257.16419684784864,266.0223374823532
2025-11-14T09:53:30,1763094210000,NIFTY,2025-11-14T10:08:30,1763095110000,15,optimized,hybrid,253.2879249804711,256.8710778204657,265.5010120530564
2025-11-14T09:53:30,1763094210000,NIFTY,2025-11-14T10:09:30,1763095170000,16,optimized,hybrid,253.45681746031116,257.19631835568845,266.2283362779461
2025-11-14T09:53:30,1763094210000,NIFTY,2025-11-14T10:10:30,1763095230000,17,optimized,hybrid,253.19719872152697,256.8261593508447,265.2897095902657
2025-11-14T09:53:30,1763094210000,NIFTY,2025-11-14T10:11:30,1763095290000,18,optimized,hybrid,251.46653420807726,257.4740725355697,265.6577885751559
2025-11-14T09:53:30,1763094210000,NIFTY,2025-11-14T10:12:30,1763095350000,19,optimized,hybrid,252.64687005287163,256.7601090472475,265.8489655717029
2025-11-14T09:53:30,1763094210000,NIFTY,2025-11-14T10:13:30,1763095410000,20,optimized,hybrid,252.2838218903115,257.32378491087854,265.9598412199986
2025-11-14T09:53:30,1763094210000,NIFTY,2025-11-14T10:14:30,1763095470000,21,optimized,hybrid,252.49219670107948,256.852864522975,265.5113946871646
2025-11-14T09:53:30,1763094210000,NIFTY,2025-11-14T10:15:30,1763095530000,22,optimized,hybrid,252.0335395511321,257.2735718480316,266.1978587598484
2025-11-14T09:53:30,1763094210000,NIFTY,2025-11-14T10:16:30,1763095590000,23,optimized,hybrid,252.66667578071298,256.46894735508386,265.9069577229769
2025-11-14T09:53:30,1763094210000,NIFTY,2025-11-14T10:17:30,1763095650000,24,optimized,hybrid,251.18503366074677,257.22939028481653,266.2889999441443
2025-11-14T09:53:30,1763094210000,NIFTY,2025-11-14T10:18:30,1763095710000,25,optimized,hybrid,251.6523665097285,256.8690486169638,266.2493385725148
2025-11-14T09:53:30,1763094210000,NIFTY,2025-11-14T10:19:30,1763095770000,26,optimized,hybrid,252.083881721495,257.8131359335039,267.0690238221423
2025-11-14T09:53:30,1763094210000,NIFTY,2025-11-14T10:20:30,1763095830000,27,optimized,hybrid,251.74025712389525,256.9203870324909,264.08463086689636
2025-11-14T09:53:30,1763094210000,NIFTY,2025-11-14T10:21:30,1763095890000,28,optimized,hybrid,252.48227299695952,257.80935758586224,266.9086873799651
2025-11-14T09:53:30,1763094210000,NIFTY,2025-11-14T10:22:30,1763095950000,29,optimized,hybrid,251.44524592387685,255.29509110558988,260.3364509216235
2025-11-14T09:53:30,1763094210000,NIFTY,2025-11-14T10:23:30,1763096010000,30,optimized,hybrid,252.63044601396052,256.8365957675642,266.153130396199
2025-11-14T09:53:30,1763094210000,NIFTY,2025-11-14T10:24:30,1763096070000,31,optimized,hybrid,252.00826078569162,255.4780665565398,260.6818838382799
2025-11-14T09:53:30,1763094210000,NIFTY,2025-11-14T10:25:30,1763096130000,32,optimized,hybrid,252.4534777926598,256.7535751684857,262.1752346200864
2025-11-14T09:53:30,1763094210000,NIFTY,2025-11-14T10:26:30,1763096190000,33,optimized,hybrid,250.92096249678147,255.57013328108488,259.95499627901614
2025-11-14T09:53:30,1763094210000,NIFTY,2025-11-14T10:27:30,1763096250000,34,optimized,hybrid,251.52414076319948,256.81846986945015,262.53378426342687
2025-11-14T09:53:30,1763094210000,NIFTY,2025-11-14T10:28:30,1763096310000,35,optimized,hybrid,250.77278094829092,255.57960903150246,260.30529273631333
2025-11-14T09:53:30,1763094210000,NIFTY,2025-11-14T10:29:30,1763096370000,36,optimized,hybrid,251.94944415831367,256.95436158800635,266.4984542996775
2025-11-14T09:53:30,1763094210000,NIFTY,2025-11-14T10:30:30,1763096430000,37,optimized,hybrid,250.95839318764743,255.5141986511463,260.7611519656368
2025-11-14T09:53:30,1763094210000,NIFTY,2025-11-14T10:31:30,1763096490000,38,optimized,hybrid,252.00413188430616,256.510222161673,263.87296271746885
2025-11-14T09:53:30,1763094210000,NIFTY,2025-11-14T10:32:30,1763096550000,39,optimized,hybrid,251.62549215255254,255.49419625006675,261.314672488309
2025-11-14T09:53:30,1763094210000,NIFTY,2025-11-14T10:33:30,1763096610000,40,optimized,hybrid,253.3495652890509,257.4908165566708,265.15054982693937
2025-11-14T09:53:30,1763094210000,NIFTY,2025-11-14T10:34:30,1763096670000,41,optimized,hybrid,251.3572350753102,255.24037139019327,260.9861430152204
2025-11-14T09:53:30,1763094210000,NIFTY,2025-11-14T10:35:30,1763096730000,42,optimized,hybrid,253.2048948953198,257.6116563948295,264.2101728782748
2025-11-14T09:53:30,1763094210000,NIFTY,2025-11-14T10:36:30,1763096790000,43,optimized,hybrid,251.4660697127771,254.99811158974674,261.88798159942945
2025-11-14T09:53:30,1763094210000,NIFTY,2025-11-14T10:37:30,1763096850000,44,optimized,hybrid,251.44873748112755,255.91440872642076,264.01335890393005
2025-11-14T09:53:30,1763094210000,NIFTY,2025-11-14T10:38:30,1763096910000,45,optimized,hybrid,251.85957959751846,254.7271182983777,262.402886565819
2025-11-14T09:53:30,1763094210000,NIFTY,2025-11-14T10:39:30,1763096970000,46,optimized,hybrid,251.72781331409035,255.63389964714187,263.8744429307699
2025-11-14T09:53:30,1763094210000,NIFTY,2025-11-14T10:40:30,1763097030000,47,optimized,hybrid,250.18652449970762,254.4327449326735,261.07733236526565
2025-11-14T09:53:30,1763094210000,NIFTY,2025-11-14T10:41:30,1763097090000,48,optimized,hybrid,250.46021577452504,255.79241795729428,265.97899186956937
2025-11-14T09:53:30,1763094210000,NIFTY,2025-11-14T10:42:30,1763097150000,49,optimized,hybrid,248.8633852164359,254.40235858186801,262.6455429634379
2025-11-14T09:53:30,1763094210000,NIFTY,2025-11-14T10:43:30,1763097210000,50,optimized,hybrid,250.42862139366562,256.2638685296816,266.291150405242
2025-11-14T09:53:30,1763094210000,NIFTY,2025-11-14T10:44:30,1763097270000,51,optimized,hybrid,249.36380379225136,254.67281002216677,263.64893553157117
2025-11-14T09:53:30,1763094210000,NIFTY,2025-11-14T10:45:30,1763097330000,52,optimized,hybrid,251.28643255920068,256.01308167365846,266.30526454412563
2025-11-14T09:53:30,1763094210000,NIFTY,2025-11-14T10:46:30,1763097390000,53,optimized,hybrid,250.936491966576,255.06568764716292,265.21694389947027
2025-11-14T09:53:30,1763094210000,NIFTY,2025-11-14T10:47:30,1763097450000,54,optimized,hybrid,251.81063680071694,255.71780008708475,266.93757702381674
2025-11-14T09:53:30,1763094210000,NIFTY,2025-11-14T10:48:30,1763097510000,55,optimized,hybrid,249.76248563267598,253.8319292324976,273.40270648509113
2025-11-14T09:53:30,1763094210000,NIFTY,2025-11-14T10:49:30,1763097570000,56,optimized,hybrid,252.24884091229123,256.0106315653221,266.17322071300873
2025-11-14T09:53:30,1763094210000,NIFTY,2025-11-14T10:50:30,1763097630000,57,optimized,hybrid,249.81161583938248,254.50359847613316,264.4794791522311
2025-11-14T09:53:30,1763094210000,NIFTY,2025-11-14T10:51:30,1763097690000,58,optimized,hybrid,250.7835004504095,256.35830623927137,266.3303631876471
2025-11-14T09:53:30,1763094210000,NIFTY,2025-11-14T10:52:30,1763097750000,59,optimized,hybrid,248.61935942050997,254.1334088222493,263.3249866795219
2025-11-14T09:53:30,1763094210000,NIFTY,2025-11-14T10:53:30,1763097810000,60,optimized,hybrid,250.809190221721,255.8688728546713,266.84419762307493
2025-11-14T09:54:00,1763094240000,NIFTY,2025-11-14T09:55:00,1763094300000,1,,hybrid,250.8062168436086,256.3,260.25180812750085
2025-11-14T09:54:00,1763094240000,NIFTY,2025-11-14T09:56:00,1763094360000,2,,hybrid,251.34424378344897,255.94709749358395,261.2223862683421
2025-11-14T09:54:00,1763094240000,NIFTY,2025-11-14T09:57:00,1763094420000,3,,hybrid,249.86143029900038,256.38170236108044,260.38036727827745
2025-11-14T09:54:00,1763094240000,NIFTY,2025-11-14T09:58:00,1763094480000,4,,hybrid,250.11982478582632,255.55944643605704,261.0191514228172
2025-11-14T09:54:00,1763094240000,NIFTY,2025-11-14T09:59:00,1763094540000,5,,hybrid,249.5114416375995,256.4621339755266,261.459263161758
2025-11-14T09:54:00,1763094240000,NIFTY,2025-11-14T10:00:00,1763094600000,6,,hybrid,246.87300221969468,256.6664930816547,262.5556694340162
2025-11-14T09:54:00,1763094240000,NIFTY,2025-11-14T10:01:00,1763094660000,7,,hybrid,248.59434190082067,256.6602886665623,260.7706930210903
2025-11-14T09:54:00,1763094240000,NIFTY,2025-11-14T10:02:00,1763094720000,8,,hybrid,248.9671582753023,255.94062770508933,262.4600069876605
2025-11-14T09:54:00,1763094240000,NIFTY,2025-11-14T10:03:00,1763094780000,9,,hybrid,246.0363959271977,256.7060907412723,262.13354250165014
2025-11-14T09:54:00,1763094240000,NIFTY,2025-11-14T10:04:00,1763094840000,10,,hybrid,246.44562890094974,256.0306277050893,262.53225532462676
2025-11-14T09:54:00,1763094240000,NIFTY,2025-11-14T10:05:00,1763094900000,11,,hybrid,247.43516269118857,256.5240021557389,262.2207553729167
2025-11-14T09:54:00,1763094240000,NIFTY,2025-11-14T10:06:00,1763094960000,12,,hybrid,246.9792843777769,256.09033465376314,261.5110973739856
2025-11-14T09:54:00,1763094240000,NIFTY,2025-11-14T10:07:00,1763095020000,13,,hybrid,248.1185995173913,255.54650232720402,260.2996479496321
2025-11-14T09:54:00,1763094240000,NIFTY,2025-11-14T10:08:00,1763095080000,14,,hybrid,247.3342903967238,255.2000775034689,264.496027173064
2025-11-14T09:54:00,1763094240000,NIFTY,2025-11-14T10:09:00,1763095140000,15,,hybrid,246.1466999603009,256.7301450132577,262.10821911922676
2025-11-14T09:54:00,1763094240000,NIFTY,2025-11-14T10:10:00,1763095200000,16,,hybrid,245.37091562973987,256.6770952892009,262.81856930220505
2025-11-14T09:54:00,1763094240000,NIFTY,2025-11-14T10:11:00,1763095260000,17,,hybrid,247.0416146135421,256.5075303029755,262.05737232990646
2025-11-14T09:54:00,1763094240000,NIFTY,2025-11-14T10:12:00,1763095320000,18,,hybrid,248.44033939596753,254.665316526308,263.78796224461206
2025-11-14T09:54:00,1763094240000,NIFTY,2025-11-14T10:13:00,1763095380000,19,,hybrid,249.28818850706742,254.61857485713128,262.9886442715972
2025-11-14T09:54:00,1763094240000,NIFTY,2025-11-14T10:14:00,1763095440000,20,,hybrid,247.17085580537386,256.10671097012005,263.26096416592685
2025-11-14T09:54:00,1763094240000,NIFTY,2025-11-14T10:15:00,1763095500000,21,,hybrid,245.69850421715032,256.3344012836488,262.75174868119933
2025-11-14T09:54:00,1763094240000,NIFTY,2025-11-14T10:16:00,1763095560000,22,,hybrid,245.95851430902852,256.1839625778508,264.0024699329832
2025-11-14T09:54:00,1763094240000,NIFTY,2025-11-14T10:17:00,1763095620000,23,,hybrid,248.23983686047092,255.18395746778563,262.65025995191473
2025-11-14T09:54:00,1763094240000,NIFTY,2025-11-14T10:18:00,1763095680000,24,,hybrid,247.91466822817588,254.77106717548605,261.5242503413862
2025-11-14T09:54:00,1763094240000,NIFTY,2025-11-14T10:19:00,1763095740000,25,,hybrid,250.19575713130135,255.16913661555787,261.3997454942038
2025-11-14T09:54:00,1763094240000,NIFTY,2025-11-14T10:20:00,1763095800000,26,,hybrid,247.99436406425056,253.32343441752465,261.1454103846303
2025-11-14T09:54:00,1763094240000,NIFTY,2025-11-14T10:21:00,1763095860000,27,,hybrid,249.6520676018733,254.41060504577035,260.91176886739646
2025-11-14T09:54:00,1763094240000,NIFTY,2025-11-14T10:22:00,1763095920000,28,,hybrid,246.30973748536624,252.95736788559114,261.74871210321874
2025-11-14T09:54:00,1763094240000,NIFTY,2025-11-14T10:23:00,1763095980000,29,,hybrid,247.50921014499463,254.08281743918536,261.1523157547735
2025-11-14T09:54:00,1763094240000,NIFTY,2025-11-14T10:24:00,1763096040000,30,,hybrid,246.31871757722993,253.03927705516452,260.8179105258872
2025-11-14T09:54:00,1763094240000,NIFTY,2025-11-14T10:25:00,1763096100000,31,,hybrid,246.4585140973275,254.33614507693466,260.7443353660349
2025-11-14T09:54:00,1763094240000,NIFTY,2025-11-14T10:26:00,1763096160000,32,,hybrid,245.1480575552071,252.99248272341714,261.08779806304295
2025-11-14T09:54:00,1763094240000,NIFTY,2025-11-14T10:27:00,1763096220000,33,,hybrid,245.76925759812764,254.20427705516454,261.162609742132
2025-11-14T09:54:00,1763094240000,NIFTY,2025-11-14T10:28:00,1763096280000,34,,hybrid,244.3035789934009,253.1934661341983,260.3103092159728
2025-11-14T09:54:00,1763094240000,NIFTY,2025-11-14T10:29:00,1763096340000,35,,hybrid,245.6133463366495,253.8721480076489,260.0441911685282
2025-11-14T09:54:00,1763094240000,NIFTY,2025-11-14T10:30:00,1763096400000,36,,hybrid,246.21425994362124,253.27295852010727,260.06635407248507
2025-11-14T09:54:00,1763094240000,NIFTY,2025-11-14T10:31:00,1763096460000,37,,hybrid,246.37319848264036,255.07825157143344,261.3974445106961
2025-11-14T09:54:00,1763094240000,NIFTY,2025-11-14T10:32:00,1763096520000,38,,hybrid,242.71750619203254,254.5032449873209,260.4406121483389
2025-11-14T09:54:00,1763094240000,NIFTY,2025-11-14T10:33:00,1763096580000,39,,hybrid,245.85521376194907,256.4554711097642,261.2594622951776
2025-11-14T09:54:00,1763094240000,NIFTY,2025-11-14T10:34:00,1763096640000,40,,hybrid,244.98075564641707,253.60054131374358,260.8661202390802
2025-11-14T09:54:00,1763094240000,NIFTY,2025-11-14T10:35:00,1763096700000,41,,hybrid,245.07271555240357,254.70773233419717,260.0435171396243
2025-11-14T09:54:00,1763094240000,NIFTY,2025-11-14T10:36:00,1763096760000,42,,hybrid,244.37433372786418,254.86156661999098,259.26522014039347
2025-11-14T09:54:00,1763094240000,NIFTY,2025-11-14T10:37:00,1763096820000,43,,hybrid,244.41887377348135,255.6982098853312,260.03208456854753
2025-11-14T09:54:00,1763094240000,NIFTY,2025-11-14T10:38:00,1763096880000,44,,hybrid,242.93363767571532,254.42489806818742,258.2646615599553
2025-11-14T09:54:00,1763094240000,NIFTY,2025-11-14T10:39:00,1763096940000,45,,hybrid,244.57466190289497,255.70402065659135,259.70920348003864
2025-11-14T09:54:00,1763094240000,NIFTY,2025-11-14T10:40:00,1763097000000,46,,hybrid,243.50583742525453,254.22089163726463,259.17820826358445
2025-11-14T09:54:00,1763094240000,NIFTY,2025-11-14T10:41:00,1763097060000,47,,hybrid,244.81851676396576,256.19773618307283,260.1496057186626
2025-11-14T09:54:00,1763094240000,NIFTY,2025-11-14T10:42:00,1763097120000,48,,hybrid,242.87194135465626,255.22805542851944,258.5812237550983
2025-11-14T09:54:00,1763094240000,NIFTY,2025-11-14T10:43:00,1763097180000,49,,hybrid,245.45918675076325,255.68633034306265,259.2443538421119
2025-11-14T09:54:00,1763094240000,NIFTY,2025-11-14T10:44:00,1763097240000,50,,hybrid,245.19577826472553,255.0154529314666,260.1788291324994
2025-11-14T09:54:00,1763094240000,NIFTY,2025-11-14T10:45:00,1763097300000,51,,hybrid,244.3004164664768,256.1244012836488,259.04826867750756
2025-11-14T09:54:00,1763094240000,NIFTY,2025-11-14T10:46:00,1763097360000,52,,hybrid,242.4960608826733,253.15882937416606,259.757808164797
2025-11-14T09:54:00,1763094240000,NIFTY,2025-11-14T10:47:00,1763097420000,53,,hybrid,244.45368483079866,254.72708389799254,259.8945216843839
2025-11-14T09:54:00,1763094240000,NIFTY,2025-11-14T10:48:00,1763097480000,54,,hybrid,242.2112499821444,253.67297211569863,259.8242551686393
2025-11-14T09:54:00,1763094240000,NIFTY,2025-11-14T10:49:00,1763097540000,55,,hybrid,244.18941870171338,254.82296758383487,259.8740467610512
2025-11-14T09:54:00,1763094240000,NIFTY,2025-11-14T10:50:00,1763097600000,56,,hybrid,242.0921312548021,253.23385126967713,259.2750868689855
2025-11-14T09:54:00,1763094240000,NIFTY,2025-11-14T10:51:00,1763097660000,57,,hybrid,242.32062790227792,255.2900325387094,259.3940694487009
2025-11-14T09:54:00,1763094240000,NIFTY,2025-11-14T10:52:00,1763097720000,58,,hybrid,241.97135517276348,253.23973495551942,259.1590913376704
2025-11-14T09:54:00,1763094240000,NIFTY,2025-11-14T10:53:00,1763097780000,59,,hybrid,243.0639731089015,255.4159162245517,259.5241108325072
2025-11-14T09:54:00,1763094240000,NIFTY,2025-11-14T10:54:00,1763097840000,60,,hybrid,241.6088945387116,253.1103210581718,258.12757844738314
2025-11-14T09:54:00,1763094240000,NIFTY,2025-11-14T09:55:00,1763094300000,1,,hybrid,250.8062168436086,256.3,260.25180812750085
2025-11-14T09:54:00,1763094240000,NIFTY,2025-11-14T09:56:00,1763094360000,2,,hybrid,251.34424378344897,255.94709749358395,261.2223862683421
2025-11-14T09:54:00,1763094240000,NIFTY,2025-11-14T09:57:00,1763094420000,3,,hybrid,249.86143029900038,256.38170236108044,260.38036727827745
2025-11-14T09:54:00,1763094240000,NIFTY,2025-11-14T09:58:00,1763094480000,4,,hybrid,250.11982478582632,255.55944643605704,261.0191514228172
2025-11-14T09:54:00,1763094240000,NIFTY,2025-11-14T09:59:00,1763094540000,5,,hybrid,249.5114416375995,256.4621339755266,261.459263161758
2025-11-14T09:54:00,1763094240000,NIFTY,2025-11-14T10:00:00,1763094600000,6,,hybrid,246.87300221969468,256.6664930816547,262.5556694340162
2025-11-14T09:54:00,1763094240000,NIFTY,2025-11-14T10:01:00,1763094660000,7,,hybrid,248.59434190082067,256.6602886665623,260.7706930210903
2025-11-14T09:54:00,1763094240000,NIFTY,2025-11-14T10:02:00,1763094720000,8,,hybrid,248.9671582753023,255.94062770508933,262.4600069876605
2025-11-14T09:54:00,1763094240000,NIFTY,2025-11-14T10:03:00,1763094780000,9,,hybrid,246.0363959271977,256.7060907412723,262.13354250165014
2025-11-14T09:54:00,1763094240000,NIFTY,2025-11-14T10:04:00,1763094840000,10,,hybrid,246.44562890094974,256.0306277050893,262.53225532462676
2025-11-14T09:54:00,1763094240000,NIFTY,2025-11-14T10:05:00,1763094900000,11,,hybrid,247.43516269118857,256.5240021557389,262.2207553729167
2025-11-14T09:54:00,1763094240000,NIFTY,2025-11-14T10:06:00,1763094960000,12,,hybrid,246.9792843777769,256.09033465376314,261.5110973739856
2025-11-14T09:54:00,1763094240000,NIFTY,2025-11-14T10:07:00,1763095020000,13,,hybrid,248.1185995173913,255.54650232720402,260.2996479496321
2025-11-14T09:54:00,1763094240000,NIFTY,2025-11-14T10:08:00,1763095080000,14,,hybrid,247.3342903967238,255.2000775034689,264.496027173064
2025-11-14T09:54:00,1763094240000,NIFTY,2025-11-14T10:09:00,1763095140000,15,,hybrid,246.1466999603009,256.7301450132577,262.10821911922676
2025-11-14T09:54:00,1763094240000,NIFTY,2025-11-14T10:10:00,1763095200000,16,,hybrid,245.37091562973987,256.6770952892009,262.81856930220505
2025-11-14T09:54:00,1763094240000,NIFTY,2025-11-14T10:11:00,1763095260000,17,,hybrid,247.0416146135421,256.5075303029755,262.05737232990646
2025-11-14T09:54:00,1763094240000,NIFTY,2025-11-14T10:12:00,1763095320000,18,,hybrid,248.44033939596753,254.665316526308,263.78796224461206
2025-11-14T09:54:00,1763094240000,NIFTY,2025-11-14T10:13:00,1763095380000,19,,hybrid,249.28818850706742,254.61857485713128,262.9886442715972
2025-11-14T09:54:00,1763094240000,NIFTY,2025-11-14T10:14:00,1763095440000,20,,hybrid,247.17085580537386,256.10671097012005,263.26096416592685
2025-11-14T09:54:00,1763094240000,NIFTY,2025-11-14T10:15:00,1763095500000,21,,hybrid,245.69850421715032,256.3344012836488,262.75174868119933
2025-11-14T09:54:00,1763094240000,NIFTY,2025-11-14T10:16:00,1763095560000,22,,hybrid,245.95851430902852,256.1839625778508,264.0024699329832
2025-11-14T09:54:00,1763094240000,NIFTY,2025-11-14T10:17:00,1763095620000,23,,hybrid,248.23983686047092,255.18395746778563,262.65025995191473
2025-11-14T09:54:00,1763094240000,NIFTY,2025-11-14T10:18:00,1763095680000,24,,hybrid,247.91466822817588,254.77106717548605,261.5242503413862
2025-11-14T09:54:00,1763094240000,NIFTY,2025-11-14T10:19:00,1763095740000,25,,hybrid,250.19575713130135,255.16913661555787,261.3997454942038
2025-11-14T09:54:00,1763094240000,NIFTY,2025-11-14T10:20:00,1763095800000,26,,hybrid,247.99436406425056,253.32343441752465,261.1454103846303
2025-11-14T09:54:00,1763094240000,NIFTY,2025-11-14T10:21:00,1763095860000,27,,hybrid,249.6520676018733,254.41060504577035,260.91176886739646
2025-11-14T09:54:00,1763094240000,NIFTY,2025-11-14T10:22:00,1763095920000,28,,hybrid,246.30973748536624,252.95736788559114,261.74871210321874
2025-11-14T09:54:00,1763094240000,NIFTY,2025-11-14T10:23:00,1763095980000,29,,hybrid,247.50921014499463,254.08281743918536,261.1523157547735
2025-11-14T09:54:00,1763094240000,NIFTY,2025-11-14T10:24:00,1763096040000,30,,hybrid,246.31871757722993,253.03927705516452,260.8179105258872
2025-11-14T09:54:00,1763094240000,NIFTY,2025-11-14T10:25:00,1763096100000,31,,hybrid,246.4585140973275,254.33614507693466,260.7443353660349
2025-11-14T09:54:00,1763094240000,NIFTY,2025-11-14T10:26:00,1763096160000,32,,hybrid,245.1480575552071,252.99248272341714,261.08779806304295
2025-11-14T09:54:00,1763094240000,NIFTY,2025-11-14T10:27:00,1763096220000,33,,hybrid,245.76925759812764,254.20427705516454,261.162609742132
2025-11-14T09:54:00,1763094240000,NIFTY,2025-11-14T10:28:00,1763096280000,34,,hybrid,244.3035789934009,253.1934661341983,260.3103092159728
2025-11-14T09:54:00,1763094240000,NIFTY,2025-11-14T10:29:00,1763096340000,35,,hybrid,245.6133463366495,253.8721480076489,260.0441911685282
2025-11-14T09:54:00,1763094240000,NIFTY,2025-11-14T10:30:00,1763096400000,36,,hybrid,246.21425994362124,253.27295852010727,260.06635407248507
2025-11-14T09:54:00,1763094240000,NIFTY,2025-11-14T10:31:00,1763096460000,37,,hybrid,246.37319848264036,255.07825157143344,261.3974445106961
2025-11-14T09:54:00,1763094240000,NIFTY,2025-11-14T10:32:00,1763096520000,38,,hybrid,242.71750619203254,254.5032449873209,260.4406121483389
2025-11-14T09:54:00,1763094240000,NIFTY,2025-11-14T10:33:00,1763096580000,39,,hybrid,245.85521376194907,256.4554711097642,261.2594622951776
2025-11-14T09:54:00,1763094240000,NIFTY,2025-11-14T10:34:00,1763096640000,40,,hybrid,244.98075564641707,253.60054131374358,260.8661202390802
2025-11-14T09:54:00,1763094240000,NIFTY,2025-11-14T10:35:00,1763096700000,41,,hybrid,245.07271555240357,254.70773233419717,260.0435171396243
2025-11-14T09:54:00,1763094240000,NIFTY,2025-11-14T10:36:00,1763096760000,42,,hybrid,244.37433372786418,254.86156661999098,259.26522014039347
2025-11-14T09:54:00,1763094240000,NIFTY,2025-11-14T10:37:00,1763096820000,43,,hybrid,244.41887377348135,255.6982098853312,260.03208456854753
2025-11-14T09:54:00,1763094240000,NIFTY,2025-11-14T10:38:00,1763096880000,44,,hybrid,242.93363767571532,254.42489806818742,258.2646615599553
2025-11-14T09:54:00,1763094240000,NIFTY,2025-11-14T10:39:00,1763096940000,45,,hybrid,244.57466190289497,255.70402065659135,259.70920348003864
2025-11-14T09:54:00,1763094240000,NIFTY,2025-11-14T10:40:00,1763097000000,46,,hybrid,243.50583742525453,254.22089163726463,259.17820826358445
2025-11-14T09:54:00,1763094240000,NIFTY,2025-11-14T10:41:00,1763097060000,47,,hybrid,244.81851676396576,256.19773618307283,260.1496057186626
2025-11-14T09:54:00,1763094240000,NIFTY,2025-11-14T10:42:00,1763097120000,48,,hybrid,242.87194135465626,255.22805542851944,258.5812237550983
2025-11-14T09:54:00,1763094240000,NIFTY,2025-11-14T10:43:00,1763097180000,49,,hybrid,245.45918675076325,255.68633034306265,259.2443538421119
2025-11-14T09:54:00,1763094240000,NIFTY,2025-11-14T10:44:00,1763097240000,50,,hybrid,245.19577826472553,255.0154529314666,260.1788291324994
2025-11-14T09:54:00,1763094240000,NIFTY,2025-11-14T10:45:00,1763097300000,51,,hybrid,244.3004164664768,256.1244012836488,259.04826867750756
2025-11-14T09:54:00,1763094240000,NIFTY,2025-11-14T10:46:00,1763097360000,52,,hybrid,242.4960608826733,253.15882937416606,259.757808164797
2025-11-14T09:54:00,1763094240000,NIFTY,2025-11-14T10:47:00,1763097420000,53,,hybrid,244.45368483079866,254.72708389799254,259.8945216843839
2025-11-14T09:54:00,1763094240000,NIFTY,2025-11-14T10:48:00,1763097480000,54,,hybrid,242.2112499821444,253.67297211569863,259.8242551686393
2025-11-14T09:54:00,1763094240000,NIFTY,2025-11-14T10:49:00,1763097540000,55,,hybrid,244.18941870171338,254.82296758383487,259.8740467610512
2025-11-14T09:54:00,1763094240000,NIFTY,2025-11-14T10:50:00,1763097600000,56,,hybrid,242.0921312548021,253.23385126967713,259.2750868689855
2025-11-14T09:54:00,1763094240000,NIFTY,2025-11-14T10:51:00,1763097660000,57,,hybrid,242.32062790227792,255.2900325387094,259.3940694487009
2025-11-14T09:54:00,1763094240000,NIFTY,2025-11-14T10:52:00,1763097720000,58,,hybrid,241.97135517276348,253.23973495551942,259.1590913376704
2025-11-14T09:54:00,1763094240000,NIFTY,2025-11-14T10:53:00,1763097780000,59,,hybrid,243.0639731089015,255.4159162245517,259.5241108325072
2025-11-14T09:54:00,1763094240000,NIFTY,2025-11-14T10:54:00,1763097840000,60,,hybrid,241.6088945387116,253.1103210581718,258.12757844738314
2025-11-14T10:11:00,1763095260000,NIFTY,2025-11-14T10:12:00,1763095320000,1,,hybrid,257.44979984062866,260.5,265.7502729582077
2025-11-14T10:11:00,1763095260000,NIFTY,2025-11-14T10:13:00,1763095380000,2,,hybrid,259.2795797490709,261.72347698853554,267.5926943883526
2025-11-14T10:11:00,1763095260000,NIFTY,2025-11-14T10:14:00,1763095440000,3,,hybrid,256.91437690467944,260.9494340313221,267.34427539854846
2025-11-14T10:11:00,1763095260000,NIFTY,2025-11-14T10:15:00,1763095500000,4,,hybrid,259.5149876501192,262.0107601560818,268.08989118516945
2025-11-14T10:11:00,1763095260000,NIFTY,2025-11-14T10:16:00,1763095560000,5,,hybrid,258.0637190431695,261.4607208819947,268.402823288809
2025-11-14T10:11:00,1763095260000,NIFTY,2025-11-14T10:17:00,1763095620000,6,,hybrid,257.987655718426,262.6022182536732,270.05791814845577
2025-11-14T10:11:00,1763095260000,NIFTY,2025-11-14T10:18:00,1763095680000,7,,hybrid,257.51324863261027,260.17439419082837,268.1055059047997
2025-11-14T10:11:00,1763095260000,NIFTY,2025-11-14T10:19:00,1763095740000,8,,hybrid,258.66246375178156,261.70312407156814,268.0309792744522
2025-11-14T10:11:00,1763095260000,NIFTY,2025-11-14T10:20:00,1763095800000,9,,hybrid,257.0366128603307,260.6335741045126,268.665948040093
2025-11-14T10:11:00,1763095260000,NIFTY,2025-11-14T10:21:00,1763095860000,10,,hybrid,259.1797557091475,261.708124071568,267.6935442030316
2025-11-14T10:11:00,1763095260000,NIFTY,2025-11-14T10:22:00,1763095920000,11,,hybrid,257.58694411459044,260.40590610240577,267.9832807901542
2025-11-14T10:11:00,1763095260000,NIFTY,2025-11-14T10:23:00,1763095980000,12,,hybrid,256.926611399042,261.8695150869869,264.1503194197639
2025-11-14T10:11:00,1763095260000,NIFTY,2025-11-14T10:24:00,1763096040000,13,,hybrid,254.90017275169916,259.77787998353995,263.37869028504673
2025-11-14T10:11:00,1763095260000,NIFTY,2025-11-14T10:25:00,1763096100000,14,,hybrid,255.80742139244697,261.53664997799217,265.9177586087124
2025-11-14T10:11:00,1763095260000,NIFTY,2025-11-14T10:26:00,1763096160000,15,,hybrid,256.393773726993,260.5458335886975,268.42834511400065
2025-11-14T10:11:00,1763095260000,NIFTY,2025-11-14T10:27:00,1763096220000,16,,hybrid,253.97282634510492,261.67064718064944,270.06969196967196
2025-11-14T10:11:00,1763095260000,NIFTY,2025-11-14T10:28:00,1763096280000,17,,hybrid,252.45386774311035,259.75197330540925,268.689157863567
2025-11-14T10:11:00,1763095260000,NIFTY,2025-11-14T10:29:00,1763096340000,18,,hybrid,255.17081658799955,261.1866014200036,267.42886853210945
2025-11-14T10:11:00,1763095260000,NIFTY,2025-11-14T10:30:00,1763096400000,19,,hybrid,252.51084805071696,259.90226410320605,266.8591999172818
2025-11-14T10:11:00,1763095260000,NIFTY,2025-11-14T10:31:00,1763096460000,20,,hybrid,255.1784452944626,261.16476410320604,270.4770187931585
2025-11-14T10:11:00,1763095260000,NIFTY,2025-11-14T10:32:00,1763096520000,21,,hybrid,255.12177405155154,259.4028988409283,270.87463753752473
2025-11-14T10:11:00,1763095260000,NIFTY,2025-11-14T10:33:00,1763096580000,22,,hybrid,255.8740323112778,261.0008271770612,271.793924485651
2025-11-14T10:11:00,1763095260000,NIFTY,2025-11-14T10:34:00,1763096640000,23,,hybrid,256.8038731494214,258.2703773849787,268.2055445508495
2025-11-14T10:11:00,1763095260000,NIFTY,2025-11-14T10:35:00,1763096700000,24,,hybrid,257.7015178075216,259.6877900411241,265.9143739296228
2025-11-14T10:11:00,1763095260000,NIFTY,2025-11-14T10:36:00,1763096760000,25,,hybrid,256.4660015521376,258.546319300497,264.0881007483422
2025-11-14T10:11:00,1763095260000,NIFTY,2025-11-14T10:37:00,1763096820000,26,,hybrid,257.46645698333083,259.5720077954469,265.54573986434815
2025-11-14T10:11:00,1763095260000,NIFTY,2025-11-14T10:38:00,1763096880000,27,,hybrid,255.59972816516165,258.1004936827777,264.4095068863664
2025-11-14T10:11:00,1763095260000,NIFTY,2025-11-14T10:39:00,1763096940000,28,,hybrid,255.94301341535154,258.87791382758746,266.906262466287
2025-11-14T10:11:00,1763095260000,NIFTY,2025-11-14T10:40:00,1763097000000,29,,hybrid,254.69680184034056,257.5634172524305,265.9876606972938
2025-11-14T10:11:00,1763095260000,NIFTY,2025-11-14T10:41:00,1763097060000,30,,hybrid,255.85596749961337,259.3765368376877,268.7629103939873
2025-11-14T10:11:00,1763095260000,NIFTY,2025-11-14T10:42:00,1763097120000,31,,hybrid,255.8279061051575,258.2587813017384,266.7668400904812
2025-11-14T10:11:00,1763095260000,NIFTY,2025-11-14T10:43:00,1763097180000,32,,hybrid,255.6526225372281,259.31019629039673,266.833597623826
2025-11-14T10:11:00,1763095260000,NIFTY,2025-11-14T10:44:00,1763097240000,33,,hybrid,254.1957989043397,257.30175437487844,265.51289180154333
2025-11-14T10:11:00,1763095260000,NIFTY,2025-11-14T10:45:00,1763097300000,34,,hybrid,255.42939945072766,259.5323107617734,266.9110905295826
2025-11-14T10:11:00,1763095260000,NIFTY,2025-11-14T10:46:00,1763097360000,35,,hybrid,252.47033260459818,257.98308579402897,264.6747874667154
2025-11-14T10:11:00,1763095260000,NIFTY,2025-11-14T10:47:00,1763097420000,36,,hybrid,255.3962727757047,260.16284097390155,266.1635331653557
2025-11-14T10:11:00,1763095260000,NIFTY,2025-11-14T10:48:00,1763097480000,37,,hybrid,254.65482101426775,257.8274686080405,263.6251706645595
2025-11-14T10:11:00,1763095260000,NIFTY,2025-11-14T10:49:00,1763097540000,38,,hybrid,256.5700667783278,260.4606392854876,269.6648053632397
2025-11-14T10:11:00,1763095260000,NIFTY,2025-11-14T10:50:00,1763097600000,39,,hybrid,254.31293206941479,258.45876191078,267.53776743357986
2025-11-14T10:11:00,1763095260000,NIFTY,2025-11-14T10:51:00,1763097660000,40,,hybrid,254.5638088100595,259.95870094500015,269.1112199803628
2025-11-14T10:11:00,1763095260000,NIFTY,2025-11-14T10:52:00,1763097720000,41,,hybrid,255.0429978003131,258.30610600157695,264.9581957994153
2025-11-14T10:11:00,1763095260000,NIFTY,2025-11-14T10:53:00,1763097780000,42,,hybrid,255.13666444472312,259.7202050362538,265.49760529260635
2025-11-14T10:11:00,1763095260000,NIFTY,2025-11-14T10:54:00,1763097840000,43,,hybrid,254.61053400204028,259.10328331879,266.66107114723053
2025-11-14T10:11:00,1763095260000,NIFTY,2025-11-14T10:55:00,1763097900000,44,,hybrid,256.12931610610906,260.7965995846529,267.12539949724396
2025-11-14T10:11:00,1763095260000,NIFTY,2025-11-14T10:56:00,1763097960000,45,,hybrid,253.35637984933453,258.9284472256546,265.4701337484141
2025-11-14T10:11:00,1763095260000,NIFTY,2025-11-14T10:57:00,1763098020000,46,,hybrid,254.76498691122148,261.17914380764205,266.3629914012515
2025-11-14T10:11:00,1763095260000,NIFTY,2025-11-14T10:58:00,1763098080000,47,,hybrid,252.08885925872534,260.30033810239877,267.14609794772326
2025-11-14T10:11:00,1763095260000,NIFTY,2025-11-14T10:59:00,1763098140000,48,,hybrid,254.26260997799497,261.11456621249334,268.33278965994566
2025-11-14T10:11:00,1763095260000,NIFTY,2025-11-14T11:00:00,1763098200000,49,,hybrid,252.2703128969298,258.82182717377094,263.9504891653555
2025-11-14T10:11:00,1763095260000,NIFTY,2025-11-14T11:01:00,1763098260000,50,,hybrid,253.47342066021452,260.21758388635146,266.11609035982036
2025-11-14T10:11:00,1763095260000,NIFTY,2025-11-14T11:02:00,1763098320000,51,,hybrid,251.41482986882235,258.7453486707943,263.97495294169875
2025-11-14T10:11:00,1763095260000,NIFTY,2025-11-14T11:03:00,1763098380000,52,,hybrid,254.08159419151468,260.4324763049332,263.9060851682933
2025-11-14T10:11:00,1763095260000,NIFTY,2025-11-14T11:04:00,1763098440000,53,,hybrid,250.59161390514225,258.5524763049332,262.67032431043106
2025-11-14T10:11:00,1763095260000,NIFTY,2025-11-14T11:05:00,1763098500000,54,,hybrid,251.8210970693686,261.19449594821737,267.73522437999577
2025-11-14T10:11:00,1763095260000,NIFTY,2025-11-14T11:06:00,1763098560000,55,,hybrid,249.85678479267244,258.80108413268727,265.796513672311
2025-11-14T10:11:00,1763095260000,NIFTY,2025-11-14T11:07:00,1763098620000,56,,hybrid,250.90325647872666,260.5379167777319,267.43935017138006
2025-11-14T10:11:00,1763095260000,NIFTY,2025-11-14T11:08:00,1763098680000,57,,hybrid,249.8790162213288,258.1728948485963,265.0184956641819
2025-11-14T10:11:00,1763095260000,NIFTY,2025-11-14T11:09:00,1763098740000,58,,hybrid,251.64902338003742,259.56447849595105,267.3612201755494
2025-11-14T10:11:00,1763095260000,NIFTY,2025-11-14T11:10:00,1763098800000,59,,hybrid,248.1042922410163,258.243789272106,264.35543720322227
2025-11-14T10:11:00,1763095260000,NIFTY,2025-11-14T11:11:00,1763098860000,60,,hybrid,249.1719861839846,260.4679167777319,264.6408997230214
2025-11-14T10:11:00,1763095260000,NIFTY,2025-11-14T10:12:00,1763095320000,1,,hybrid,257.44979984062866,260.5,265.7502729582077
2025-11-14T10:11:00,1763095260000,NIFTY,2025-11-14T10:13:00,1763095380000,2,,hybrid,259.2795797490709,261.72347698853554,267.5926943883526
2025-11-14T10:11:00,1763095260000,NIFTY,2025-11-14T10:14:00,1763095440000,3,,hybrid,256.91437690467944,260.9494340313221,267.34427539854846
2025-11-14T10:11:00,1763095260000,NIFTY,2025-11-14T10:15:00,1763095500000,4,,hybrid,259.5149876501192,262.0107601560818,268.08989118516945
2025-11-14T10:11:00,1763095260000,NIFTY,2025-11-14T10:16:00,1763095560000,5,,hybrid,258.0637190431695,261.4607208819947,268.402823288809
2025-11-14T10:11:00,1763095260000,NIFTY,2025-11-14T10:17:00,1763095620000,6,,hybrid,257.987655718426,262.6022182536732,270.05791814845577
2025-11-14T10:11:00,1763095260000,NIFTY,2025-11-14T10:18:00,1763095680000,7,,hybrid,257.51324863261027,260.17439419082837,268.1055059047997
2025-11-14T10:11:00,1763095260000,NIFTY,2025-11-14T10:19:00,1763095740000,8,,hybrid,258.66246375178156,261.70312407156814,268.0309792744522
2025-11-14T10:11:00,1763095260000,NIFTY,2025-11-14T10:20:00,1763095800000,9,,hybrid,257.0366128603307,260.6335741045126,268.665948040093
2025-11-14T10:11:00,1763095260000,NIFTY,2025-11-14T10:21:00,1763095860000,10,,hybrid,259.1797557091475,261.708124071568,267.6935442030316
2025-11-14T10:11:00,1763095260000,NIFTY,2025-11-14T10:22:00,1763095920000,11,,hybrid,257.58694411459044,260.40590610240577,267.9832807901542
2025-11-14T10:11:00,1763095260000,NIFTY,2025-11-14T10:23:00,1763095980000,12,,hybrid,256.926611399042,261.8695150869869,264.1503194197639
2025-11-14T10:11:00,1763095260000,NIFTY,2025-11-14T10:24:00,1763096040000,13,,hybrid,254.90017275169916,259.77787998353995,263.37869028504673
2025-11-14T10:11:00,1763095260000,NIFTY,2025-11-14T10:25:00,1763096100000,14,,hybrid,255.80742139244697,261.53664997799217,265.9177586087124
2025-11-14T10:11:00,1763095260000,NIFTY,2025-11-14T10:26:00,1763096160000,15,,hybrid,256.393773726993,260.5458335886975,268.42834511400065
2025-11-14T10:11:00,1763095260000,NIFTY,2025-11-14T10:27:00,1763096220000,16,,hybrid,253.97282634510492,261.67064718064944,270.06969196967196
2025-11-14T10:11:00,1763095260000,NIFTY,2025-11-14T10:28:00,1763096280000,17,,hybrid,252.45386774311035,259.75197330540925,268.689157863567
2025-11-14T10:11:00,1763095260000,NIFTY,2025-11-14T10:29:00,1763096340000,18,,hybrid,255.17081658799955,261.1866014200036,267.42886853210945
2025-11-14T10:11:00,1763095260000,NIFTY,2025-11-14T10:30:00,1763096400000,19,,hybrid,252.51084805071696,259.90226410320605,266.8591999172818
2025-11-14T10:11:00,1763095260000,NIFTY,2025-11-14T10:31:00,1763096460000,20,,hybrid,255.1784452944626,261.16476410320604,270.4770187931585
2025-11-14T10:11:00,1763095260000,NIFTY,2025-11-14T10:32:00,1763096520000,21,,hybrid,255.12177405155154,259.4028988409283,270.87463753752473
2025-11-14T10:11:00,1763095260000,NIFTY,2025-11-14T10:33:00,1763096580000,22,,hybrid,255.8740323112778,261.0008271770612,271.793924485651
2025-11-14T10:11:00,1763095260000,NIFTY,2025-11-14T10:34:00,1763096640000,23,,hybrid,256.8038731494214,258.2703773849787,268.2055445508495
2025-11-14T10:11:00,1763095260000,NIFTY,2025-11-14T10:35:00,1763096700000,24,,hybrid,257.7015178075216,259.6877900411241,265.9143739296228
2025-11-14T10:11:00,1763095260000,NIFTY,2025-11-14T10:36:00,1763096760000,25,,hybrid,256.4660015521376,258.546319300497,264.0881007483422
2025-11-14T10:11:00,1763095260000,NIFTY,2025-11-14T10:37:00,1763096820000,26,,hybrid,257.46645698333083,259.5720077954469,265.54573986434815
2025-11-14T10:11:00,1763095260000,NIFTY,2025-11-14T10:38:00,1763096880000,27,,hybrid,255.59972816516165,258.1004936827777,264.4095068863664
2025-11-14T10:11:00,1763095260000,NIFTY,2025-11-14T10:39:00,1763096940000,28,,hybrid,255.94301341535154,258.87791382758746,266.906262466287
2025-11-14T10:11:00,1763095260000,NIFTY,2025-11-14T10:40:00,1763097000000,29,,hybrid,254.69680184034056,257.5634172524305,265.9876606972938
2025-11-14T10:11:00,1763095260000,NIFTY,2025-11-14T10:41:00,1763097060000,30,,hybrid,255.85596749961337,259.3765368376877,268.7629103939873
2025-11-14T10:11:00,1763095260000,NIFTY,2025-11-14T10:42:00,1763097120000,31,,hybrid,255.8279061051575,258.2587813017384,266.7668400904812
2025-11-14T10:11:00,1763095260000,NIFTY,2025-11-14T10:43:00,1763097180000,32,,hybrid,255.6526225372281,259.31019629039673,266.833597623826
2025-11-14T10:11:00,1763095260000,NIFTY,2025-11-14T10:44:00,1763097240000,33,,hybrid,254.1957989043397,257.30175437487844,265.51289180154333
2025-11-14T10:11:00,1763095260000,NIFTY,2025-11-14T10:45:00,1763097300000,34,,hybrid,255.42939945072766,259.5323107617734,266.9110905295826
2025-11-14T10:11:00,1763095260000,NIFTY,2025-11-14T10:46:00,1763097360000,35,,hybrid,252.47033260459818,257.98308579402897,264.6747874667154
2025-11-14T10:11:00,1763095260000,NIFTY,2025-11-14T10:47:00,1763097420000,36,,hybrid,255.3962727757047,260.16284097390155,266.1635331653557
2025-11-14T10:11:00,1763095260000,NIFTY,2025-11-14T10:48:00,1763097480000,37,,hybrid,254.65482101426775,257.8274686080405,263.6251706645595
2025-11-14T10:11:00,1763095260000,NIFTY,2025-11-14T10:49:00,1763097540000,38,,hybrid,256.5700667783278,260.4606392854876,269.6648053632397
2025-11-14T10:11:00,1763095260000,NIFTY,2025-11-14T10:50:00,1763097600000,39,,hybrid,254.31293206941479,258.45876191078,267.53776743357986
2025-11-14T10:11:00,1763095260000,NIFTY,2025-11-14T10:51:00,1763097660000,40,,hybrid,254.5638088100595,259.95870094500015,269.1112199803628
2025-11-14T10:11:00,1763095260000,NIFTY,2025-11-14T10:52:00,1763097720000,41,,hybrid,255.0429978003131,258.30610600157695,264.9581957994153
2025-11-14T10:11:00,1763095260000,NIFTY,2025-11-14T10:53:00,1763097780000,42,,hybrid,255.13666444472312,259.7202050362538,265.49760529260635
2025-11-14T10:11:00,1763095260000,NIFTY,2025-11-14T10:54:00,1763097840000,43,,hybrid,254.61053400204028,259.10328331879,266.66107114723053
2025-11-14T10:11:00,1763095260000,NIFTY,2025-11-14T10:55:00,1763097900000,44,,hybrid,256.12931610610906,260.7965995846529,267.12539949724396
2025-11-14T10:11:00,1763095260000,NIFTY,2025-11-14T10:56:00,1763097960000,45,,hybrid,253.35637984933453,258.9284472256546,265.4701337484141
2025-11-14T10:11:00,1763095260000,NIFTY,2025-11-14T10:57:00,1763098020000,46,,hybrid,254.76498691122148,261.17914380764205,266.3629914012515
2025-11-14T10:11:00,1763095260000,NIFTY,2025-11-14T10:58:00,1763098080000,47,,hybrid,252.08885925872534,260.30033810239877,267.14609794772326
2025-11-14T10:11:00,1763095260000,NIFTY,2025-11-14T10:59:00,1763098140000,48,,hybrid,254.26260997799497,261.11456621249334,268.33278965994566
2025-11-14T10:11:00,1763095260000,NIFTY,2025-11-14T11:00:00,1763098200000,49,,hybrid,252.2703128969298,258.82182717377094,263.9504891653555
2025-11-14T10:11:00,1763095260000,NIFTY,2025-11-14T11:01:00,1763098260000,50,,hybrid,253.47342066021452,260.21758388635146,266.11609035982036
2025-11-14T10:11:00,1763095260000,NIFTY,2025-11-14T11:02:00,1763098320000,51,,hybrid,251.41482986882235,258.7453486707943,263.97495294169875
2025-11-14T10:11:00,1763095260000,NIFTY,2025-11-14T11:03:00,1763098380000,52,,hybrid,254.08159419151468,260.4324763049332,263.9060851682933
2025-11-14T10:11:00,1763095260000,NIFTY,2025-11-14T11:04:00,1763098440000,53,,hybrid,250.59161390514225,258.5524763049332,262.67032431043106
2025-11-14T10:11:00,1763095260000,NIFTY,2025-11-14T11:05:00,1763098500000,54,,hybrid,251.8210970693686,261.19449594821737,267.73522437999577
2025-11-14T10:11:00,1763095260000,NIFTY,2025-11-14T11:06:00,1763098560000,55,,hybrid,249.85678479267244,258.80108413268727,265.796513672311
2025-11-14T10:11:00,1763095260000,NIFTY,2025-11-14T11:07:00,1763098620000,56,,hybrid,250.90325647872666,260.5379167777319,267.43935017138006
2025-11-14T10:11:00,1763095260000,NIFTY,2025-11-14T11:08:00,1763098680000,57,,hybrid,249.8790162213288,258.1728948485963,265.0184956641819
2025-11-14T10:11:00,1763095260000,NIFTY,2025-11-14T11:09:00,1763098740000,58,,hybrid,251.64902338003742,259.56447849595105,267.3612201755494
2025-11-14T10:11:00,1763095260000,NIFTY,2025-11-14T11:10:00,1763098800000,59,,hybrid,248.1042922410163,258.243789272106,264.35543720322227
2025-11-14T10:11:00,1763095260000,NIFTY,2025-11-14T11:11:00,1763098860000,60,,hybrid,249.1719861839846,260.4679167777319,264.6408997230214
2025-11-14T10:11:00,1763095260000,NIFTY,2025-11-14T10:12:00,1763095320000,1,,hybrid,257.44979984062866,260.5,265.7502729582077
2025-11-14T10:11:00,1763095260000,NIFTY,2025-11-14T10:13:00,1763095380000,2,,hybrid,259.2795797490709,261.72347698853554,267.5926943883526
2025-11-14T10:11:00,1763095260000,NIFTY,2025-11-14T10:14:00,1763095440000,3,,hybrid,256.91437690467944,260.9494340313221,267.34427539854846
2025-11-14T10:11:00,1763095260000,NIFTY,2025-11-14T10:15:00,1763095500000,4,,hybrid,259.5149876501192,262.0107601560818,268.08989118516945
2025-11-14T10:11:00,1763095260000,NIFTY,2025-11-14T10:16:00,1763095560000,5,,hybrid,258.0637190431695,261.4607208819947,268.402823288809
2025-11-14T10:11:00,1763095260000,NIFTY,2025-11-14T10:17:00,1763095620000,6,,hybrid,257.987655718426,262.6022182536732,270.05791814845577
2025-11-14T10:11:00,1763095260000,NIFTY,2025-11-14T10:18:00,1763095680000,7,,hybrid,257.51324863261027,260.17439419082837,268.1055059047997
2025-11-14T10:11:00,1763095260000,NIFTY,2025-11-14T10:19:00,1763095740000,8,,hybrid,258.66246375178156,261.70312407156814,268.0309792744522
2025-11-14T10:11:00,1763095260000,NIFTY,2025-11-14T10:20:00,1763095800000,9,,hybrid,257.0366128603307,260.6335741045126,268.665948040093
2025-11-14T10:11:00,1763095260000,NIFTY,2025-11-14T10:21:00,1763095860000,10,,hybrid,259.1797557091475,261.708124071568,267.6935442030316
2025-11-14T10:11:00,1763095260000,NIFTY,2025-11-14T10:22:00,1763095920000,11,,hybrid,257.58694411459044,260.40590610240577,267.9832807901542
2025-11-14T10:11:00,1763095260000,NIFTY,2025-11-14T10:23:00,1763095980000,12,,hybrid,256.926611399042,261.8695150869869,264.1503194197639
2025-11-14T10:11:00,1763095260000,NIFTY,2025-11-14T10:24:00,1763096040000,13,,hybrid,254.90017275169916,259.77787998353995,263.37869028504673
2025-11-14T10:11:00,1763095260000,NIFTY,2025-11-14T10:25:00,1763096100000,14,,hybrid,255.80742139244697,261.53664997799217,265.9177586087124
2025-11-14T10:11:00,1763095260000,NIFTY,2025-11-14T10:26:00,1763096160000,15,,hybrid,256.393773726993,260.5458335886975,268.42834511400065
2025-11-14T10:11:00,1763095260000,NIFTY,2025-11-14T10:27:00,1763096220000,16,,hybrid,253.97282634510492,261.67064718064944,270.06969196967196
2025-11-14T10:11:00,1763095260000,NIFTY,2025-11-14T10:28:00,1763096280000,17,,hybrid,252.45386774311035,259.75197330540925,268.689157863567
2025-11-14T10:11:00,1763095260000,NIFTY,2025-11-14T10:29:00,1763096340000,18,,hybrid,255.17081658799955,261.1866014200036,267.42886853210945
2025-11-14T10:11:00,1763095260000,NIFTY,2025-11-14T10:30:00,1763096400000,19,,hybrid,252.51084805071696,259.90226410320605,266.8591999172818
2025-11-14T10:11:00,1763095260000,NIFTY,2025-11-14T10:31:00,1763096460000,20,,hybrid,255.1784452944626,261.16476410320604,270.4770187931585
2025-11-14T10:11:00,1763095260000,NIFTY,2025-11-14T10:32:00,1763096520000,21,,hybrid,255.12177405155154,259.4028988409283,270.87463753752473
2025-11-14T10:11:00,1763095260000,NIFTY,2025-11-14T10:33:00,1763096580000,22,,hybrid,255.8740323112778,261.0008271770612,271.793924485651
2025-11-14T10:11:00,1763095260000,NIFTY,2025-11-14T10:34:00,1763096640000,23,,hybrid,256.8038731494214,258.2703773849787,268.2055445508495
2025-11-14T10:11:00,1763095260000,NIFTY,2025-11-14T10:35:00,1763096700000,24,,hybrid,257.7015178075216,259.6877900411241,265.9143739296228
2025-11-14T10:11:00,1763095260000,NIFTY,2025-11-14T10:36:00,1763096760000,25,,hybrid,256.4660015521376,258.546319300497,264.0881007483422
2025-11-14T10:11:00,1763095260000,NIFTY,2025-11-14T10:37:00,1763096820000,26,,hybrid,257.46645698333083,259.5720077954469,265.54573986434815
2025-11-14T10:11:00,1763095260000,NIFTY,2025-11-14T10:38:00,1763096880000,27,,hybrid,255.59972816516165,258.1004936827777,264.4095068863664
2025-11-14T10:11:00,1763095260000,NIFTY,2025-11-14T10:39:00,1763096940000,28,,hybrid,255.94301341535154,258.87791382758746,266.906262466287
2025-11-14T10:11:00,1763095260000,NIFTY,2025-11-14T10:40:00,1763097000000,29,,hybrid,254.69680184034056,257.5634172524305,265.9876606972938
2025-11-14T10:11:00,1763095260000,NIFTY,2025-11-14T10:41:00,1763097060000,30,,hybrid,255.85596749961337,259.3765368376877,268.7629103939873
2025-11-14T10:11:00,1763095260000,NIFTY,2025-11-14T10:42:00,1763097120000,31,,hybrid,255.8279061051575,258.2587813017384,266.7668400904812
2025-11-14T10:11:00,1763095260000,NIFTY,2025-11-14T10:43:00,1763097180000,32,,hybrid,255.6526225372281,259.31019629039673,266.833597623826
2025-11-14T10:11:00,1763095260000,NIFTY,2025-11-14T10:44:00,1763097240000,33,,hybrid,254.1957989043397,257.30175437487844,265.51289180154333
2025-11-14T10:11:00,1763095260000,NIFTY,2025-11-14T10:45:00,1763097300000,34,,hybrid,255.42939945072766,259.5323107617734,266.9110905295826
2025-11-14T10:11:00,1763095260000,NIFTY,2025-11-14T10:46:00,1763097360000,35,,hybrid,252.47033260459818,257.98308579402897,264.6747874667154
2025-11-14T10:11:00,1763095260000,NIFTY,2025-11-14T10:47:00,1763097420000,36,,hybrid,255.3962727757047,260.16284097390155,266.1635331653557
2025-11-14T10:11:00,1763095260000,NIFTY,2025-11-14T10:48:00,1763097480000,37,,hybrid,254.65482101426775,257.8274686080405,263.6251706645595
2025-11-14T10:11:00,1763095260000,NIFTY,2025-11-14T10:49:00,1763097540000,38,,hybrid,256.5700667783278,260.4606392854876,269.6648053632397
2025-11-14T10:11:00,1763095260000,NIFTY,2025-11-14T10:50:00,1763097600000,39,,hybrid,254.31293206941479,258.45876191078,267.53776743357986
2025-11-14T10:11:00,1763095260000,NIFTY,2025-11-14T10:51:00,1763097660000,40,,hybrid,254.5638088100595,259.95870094500015,269.1112199803628
2025-11-14T10:11:00,1763095260000,NIFTY,2025-11-14T10:52:00,1763097720000,41,,hybrid,255.0429978003131,258.30610600157695,264.9581957994153
2025-11-14T10:11:00,1763095260000,NIFTY,2025-11-14T10:53:00,1763097780000,42,,hybrid,255.13666444472312,259.7202050362538,265.49760529260635
2025-11-14T10:11:00,1763095260000,NIFTY,2025-11-14T10:54:00,1763097840000,43,,hybrid,254.61053400204028,259.10328331879,266.66107114723053
2025-11-14T10:11:00,1763095260000,NIFTY,2025-11-14T10:55:00,1763097900000,44,,hybrid,256.12931610610906,260.7965995846529,267.12539949724396
2025-11-14T10:11:00,1763095260000,NIFTY,2025-11-14T10:56:00,1763097960000,45,,hybrid,253.35637984933453,258.9284472256546,265.4701337484141
2025-11-14T10:11:00,1763095260000,NIFTY,2025-11-14T10:57:00,1763098020000,46,,hybrid,254.76498691122148,261.17914380764205,266.3629914012515
2025-11-14T10:11:00,1763095260000,NIFTY,2025-11-14T10:58:00,1763098080000,47,,hybrid,252.08885925872534,260.30033810239877,267.14609794772326
2025-11-14T10:11:00,1763095260000,NIFTY,2025-11-14T10:59:00,1763098140000,48,,hybrid,254.26260997799497,261.11456621249334,268.33278965994566
2025-11-14T10:11:00,1763095260000,NIFTY,2025-11-14T11:00:00,1763098200000,49,,hybrid,252.2703128969298,258.82182717377094,263.9504891653555
2025-11-14T10:11:00,1763095260000,NIFTY,2025-11-14T11:01:00,1763098260000,50,,hybrid,253.47342066021452,260.21758388635146,266.11609035982036
2025-11-14T10:11:00,1763095260000,NIFTY,2025-11-14T11:02:00,1763098320000,51,,hybrid,251.41482986882235,258.7453486707943,263.97495294169875
2025-11-14T10:11:00,1763095260000,NIFTY,2025-11-14T11:03:00,1763098380000,52,,hybrid,254.08159419151468,260.4324763049332,263.9060851682933
2025-11-14T10:11:00,1763095260000,NIFTY,2025-11-14T11:04:00,1763098440000,53,,hybrid,250.59161390514225,258.5524763049332,262.67032431043106
2025-11-14T10:11:00,1763095260000,NIFTY,2025-11-14T11:05:00,1763098500000,54,,hybrid,251.8210970693686,261.19449594821737,267.73522437999577
2025-11-14T10:11:00,1763095260000,NIFTY,2025-11-14T11:06:00,1763098560000,55,,hybrid,249.85678479267244,258.80108413268727,265.796513672311
2025-11-14T10:11:00,1763095260000,NIFTY,2025-11-14T11:07:00,1763098620000,56,,hybrid,250.90325647872666,260.5379167777319,267.43935017138006
2025-11-14T10:11:00,1763095260000,NIFTY,2025-11-14T11:08:00,1763098680000,57,,hybrid,249.8790162213288,258.1728948485963,265.0184956641819
2025-11-14T10:11:00,1763095260000,NIFTY,2025-11-14T11:09:00,1763098740000,58,,hybrid,251.64902338003742,259.56447849595105,267.3612201755494
2025-11-14T10:11:00,1763095260000,NIFTY,2025-11-14T11:10:00,1763098800000,59,,hybrid,248.1042922410163,258.243789272106,264.35543720322227
2025-11-14T10:11:00,1763095260000,NIFTY,2025-11-14T11:11:00,1763098860000,60,,hybrid,249.1719861839846,260.4679167777319,264.6408997230214
2025-11-14T10:11:00,1763095260000,NIFTY,2025-11-14T10:12:00,1763095320000,1,optimized,hybrid,258.6186180564301,260.5,266.4470959630153
2025-11-14T10:11:00,1763095260000,NIFTY,2025-11-14T10:13:00,1763095380000,2,optimized,hybrid,260.8328170235023,262.3301566466659,270.71916572791645
2025-11-14T10:11:00,1763095260000,NIFTY,2025-11-14T10:14:00,1763095440000,3,optimized,hybrid,258.9588257474672,261.0033130627079,266.56001591119804
2025-11-14T10:11:00,1763095260000,NIFTY,2025-11-14T10:15:00,1763095500000,4,optimized,hybrid,260.33465339813944,262.4080992291272,270.42073939145064
2025-11-14T10:11:00,1763095260000,NIFTY,2025-11-14T10:16:00,1763095560000,5,optimized,hybrid,258.5435200190352,261.0145129243085,266.95954346070937
2025-11-14T10:11:00,1763095260000,NIFTY,2025-11-14T10:17:00,1763095620000,6,optimized,hybrid,259.5845090307084,262.30878048609964,270.54557244746707
2025-11-14T10:11:00,1763095260000,NIFTY,2025-11-14T10:18:00,1763095680000,7,optimized,hybrid,258.29741223782446,260.54910147201434,265.8160420415293
2025-11-14T10:11:00,1763095260000,NIFTY,2025-11-14T10:19:00,1763095740000,8,optimized,hybrid,259.8566471035331,262.2746155459685,270.3767626304497
2025-11-14T10:11:00,1763095260000,NIFTY,2025-11-14T10:20:00,1763095800000,9,optimized,hybrid,257.23904516587027,260.49072877884583,269.57542261243793
2025-11-14T10:11:00,1763095260000,NIFTY,2025-11-14T10:21:00,1763095860000,10,optimized,hybrid,258.55102968693797,262.1742157807622,272.7420239334377
2025-11-14T10:11:00,1763095260000,NIFTY,2025-11-14T10:22:00,1763095920000,11,optimized,hybrid,256.43742209973226,260.442797662381,269.0442510455777
2025-11-14T10:11:00,1763095260000,NIFTY,2025-11-14T10:23:00,1763095980000,12,optimized,hybrid,257.6155513101508,262.303390721336,272.5494033656171
2025-11-14T10:11:00,1763095260000,NIFTY,2025-11-14T10:24:00,1763096040000,13,optimized,hybrid,256.46342308975505,260.9526078857052,268.87533407778074
2025-11-14T10:11:00,1763095260000,NIFTY,2025-11-14T10:25:00,1763096100000,14,optimized,hybrid,258.08792764050816,262.4662216675756,271.4374067111299
2025-11-14T10:11:00,1763095260000,NIFTY,2025-11-14T10:26:00,1763096160000,15,optimized,hybrid,256.5748303384467,260.48881631346796,267.4057116412564
2025-11-14T10:11:00,1763095260000,NIFTY,2025-11-14T10:27:00,1763096220000,16,optimized,hybrid,258.4216805088775,262.4486379272785,270.78561314812833
2025-11-14T10:11:00,1763095260000,NIFTY,2025-11-14T10:28:00,1763096280000,17,optimized,hybrid,256.3528044961222,260.112134074845,267.29283172664236
2025-11-14T10:11:00,1763095260000,NIFTY,2025-11-14T10:29:00,1763096340000,18,optimized,hybrid,256.64669711006115,262.7087962484275,271.0514314321756
2025-11-14T10:11:00,1763095260000,NIFTY,2025-11-14T10:30:00,1763096400000,19,optimized,hybrid,256.15107747696385,260.784943944414,268.09396663241466
2025-11-14T10:11:00,1763095260000,NIFTY,2025-11-14T10:31:00,1763096460000,20,optimized,hybrid,257.2718529476901,262.3340540956565,272.32853267313396
2025-11-14T10:11:00,1763095260000,NIFTY,2025-11-14T10:32:00,1763096520000,21,optimized,hybrid,256.02039984197256,260.7698187377311,268.56738914531724
2025-11-14T10:11:00,1763095260000,NIFTY,2025-11-14T10:33:00,1763096580000,22,optimized,hybrid,256.7126110011608,262.18603543967856,271.9212515869528
2025-11-14T10:11:00,1763095260000,NIFTY,2025-11-14T10:34:00,1763096640000,23,optimized,hybrid,256.3761997551589,260.3771251700418,268.1574807115216
2025-11-14T10:11:00,1763095260000,NIFTY,2025-11-14T10:35:00,1763096700000,24,optimized,hybrid,256.4733576706495,261.9464405670896,272.0539865537592
2025-11-14T10:11:00,1763095260000,NIFTY,2025-11-14T10:36:00,1763096760000,25,optimized,hybrid,255.53056255358013,260.6491056382289,269.62364688751
2025-11-14T10:11:00,1763095260000,NIFTY,2025-11-14T10:37:00,1763096820000,26,optimized,hybrid,256.69998925351103,261.9511800657116,270.988808355373
2025-11-14T10:11:00,1763095260000,NIFTY,2025-11-14T10:38:00,1763096880000,27,optimized,hybrid,255.25670647045254,260.0248881432482,266.2120893550221
2025-11-14T10:11:00,1763095260000,NIFTY,2025-11-14T10:39:00,1763096940000,28,optimized,hybrid,256.59640591241356,262.120892964929,271.99825068868057
2025-11-14T10:11:00,1763095260000,NIFTY,2025-11-14T10:40:00,1763097000000,29,optimized,hybrid,255.91592587242778,259.95253061480776,265.8840237420494
2025-11-14T10:11:00,1763095260000,NIFTY,2025-11-14T10:41:00,1763097060000,30,optimized,hybrid,257.5437781605065,261.80435309700067,272.0094281083955
2025-11-14T10:11:00,1763095260000,NIFTY,2025-11-14T10:42:00,1763097120000,31,optimized,hybrid,256.83503435078245,260.47215829346055,266.3872890133873
2025-11-14T10:11:00,1763095260000,NIFTY,2025-11-14T10:43:00,1763097180000,32,optimized,hybrid,257.60877515784125,262.00910231426707,268.10332005328826
2025-11-14T10:11:00,1763095260000,NIFTY,2025-11-14T10:44:00,1763097240000,33,optimized,hybrid,255.36949213188808,260.24714541913386,265.3135959315124
2025-11-14T10:11:00,1763095260000,NIFTY,2025-11-14T10:45:00,1763097300000,34,optimized,hybrid,256.98622797725346,262.3923303360631,268.6579571065263
2025-11-14T10:11:00,1763095260000,NIFTY,2025-11-14T10:46:00,1763097360000,35,optimized,hybrid,255.20230581190378,260.29408266919506,265.7205672813892
2025-11-14T10:11:00,1763095260000,NIFTY,2025-11-14T10:47:00,1763097420000,36,optimized,hybrid,257.6362834216028,262.959942092164,281.8994084817199
2025-11-14T10:11:00,1763095260000,NIFTY,2025-11-14T10:48:00,1763097480000,37,optimized,hybrid,255.44485474430758,260.39082565925037,266.18021602819897
2025-11-14T10:11:00,1763095260000,NIFTY,2025-11-14T10:49:00,1763097540000,38,optimized,hybrid,257.61994080523954,262.37498498724074,270.25348957878475
2025-11-14T10:11:00,1763095260000,NIFTY,2025-11-14T10:50:00,1763097600000,39,optimized,hybrid,256.22189447050516,260.43952065921394,266.7722834937953
2025-11-14T10:11:00,1763095260000,NIFTY,2025-11-14T10:51:00,1763097660000,40,optimized,hybrid,257.91195500025424,262.09514774993204,270.4766461402501
2025-11-14T10:11:00,1763095260000,NIFTY,2025-11-14T10:52:00,1763097720000,41,optimized,hybrid,256.201045129548,260.32261981922386,266.3955594056259
2025-11-14T10:11:00,1763095260000,NIFTY,2025-11-14T10:53:00,1763097780000,42,optimized,hybrid,257.58158941064676,262.2006019778522,268.48605372252723
2025-11-14T10:11:00,1763095260000,NIFTY,2025-11-14T10:54:00,1763097840000,43,optimized,hybrid,256.77008388500684,259.7533959940339,267.0672843410665
2025-11-14T10:11:00,1763095260000,NIFTY,2025-11-14T10:55:00,1763097900000,44,optimized,hybrid,256.99687412137297,261.88592812158345,269.2731917360889
2025-11-14T10:11:00,1763095260000,NIFTY,2025-11-14T10:56:00,1763097960000,45,optimized,hybrid,256.5576142628688,259.69349938709,267.2022496122999
2025-11-14T10:11:00,1763095260000,NIFTY,2025-11-14T10:57:00,1763098020000,46,optimized,hybrid,258.04811817919756,261.64747607445895,269.5402791201234
2025-11-14T10:11:00,1763095260000,NIFTY,2025-11-14T10:58:00,1763098080000,47,optimized,hybrid,255.71019098986088,260.23960807566675,267.0783933392674
2025-11-14T10:11:00,1763095260000,NIFTY,2025-11-14T10:59:00,1763098140000,48,optimized,hybrid,256.4177996119127,261.58222630771024,271.90920237038586
2025-11-14T10:11:00,1763095260000,NIFTY,2025-11-14T11:00:00,1763098200000,49,optimized,hybrid,254.66112911553105,259.57679715250106,267.13411134058464
2025-11-14T10:11:00,1763095260000,NIFTY,2025-11-14T11:01:00,1763098260000,50,optimized,hybrid,256.3305915208403,261.7690050654742,272.9916815366897
2025-11-14T10:11:00,1763095260000,NIFTY,2025-11-14T11:02:00,1763098320000,51,optimized,hybrid,254.8689309052325,259.7922535571931,269.56393949153374
2025-11-14T10:11:00,1763095260000,NIFTY,2025-11-14T11:03:00,1763098380000,52,optimized,hybrid,256.7968773579853,261.8446486852161,273.2081993779949
2025-11-14T10:11:00,1763095260000,NIFTY,2025-11-14T11:04:00,1763098440000,53,optimized,hybrid,255.090275177454,259.5051907666082,269.3060057492752
2025-11-14T10:11:00,1763095260000,NIFTY,2025-11-14T11:05:00,1763098500000,54,optimized,hybrid,257.38803908176305,261.543539618454,273.8527673916836
2025-11-14T10:11:00,1763095260000,NIFTY,2025-11-14T11:06:00,1763098560000,55,optimized,hybrid,255.27922806660695,259.53149340603693,281.15397411132545
2025-11-14T10:11:00,1763095260000,NIFTY,2025-11-14T11:07:00,1763098620000,56,optimized,hybrid,258.17969928877017,261.72753896285144,272.27590393200774
2025-11-14T10:11:00,1763095260000,NIFTY,2025-11-14T11:08:00,1763098680000,57,optimized,hybrid,255.2624788618575,259.90059672076086,268.3130444389528
2025-11-14T10:11:00,1763095260000,NIFTY,2025-11-14T11:09:00,1763098740000,58,optimized,hybrid,256.8668183162801,261.7858725479922,271.5245306855457
2025-11-14T10:11:00,1763095260000,NIFTY,2025-11-14T11:10:00,1763098800000,59,optimized,hybrid,254.11931174566394,259.78077036415914,268.98156503842114
2025-11-14T10:11:00,1763095260000,NIFTY,2025-11-14T11:11:00,1763098860000,60,optimized,hybrid,256.30532027134876,261.68995457868914,273.9081165659474
2025-11-14T10:11:00,1763095260000,NIFTY,2025-11-14T10:12:00,1763095320000,1,optimized,hybrid,258.547422012033,260.65,266.40219287145163
2025-11-14T10:11:00,1763095260000,NIFTY,2025-11-14T10:13:00,1763095380000,2,optimized,hybrid,257.65300416512287,259.1887924116813,267.7030428380214
2025-11-14T10:11:00,1763095260000,NIFTY,2025-11-14T10:14:00,1763095440000,3,optimized,hybrid,258.5025714196438,260.5536913280903,266.2208720095391
2025-11-14T10:11:00,1763095260000,NIFTY,2025-11-14T10:15:00,1763095500000,4,optimized,hybrid,257.2337700111693,259.39151332450956,267.46355576350624
2025-11-14T10:11:00,1763095260000,NIFTY,2025-11-14T10:16:00,1763095560000,5,optimized,hybrid,258.0522103156513,260.52649098085965,266.47250840908686
2025-11-14T10:11:00,1763095260000,NIFTY,2025-11-14T10:17:00,1763095620000,6,optimized,hybrid,256.01689093611185,258.7429600398926,267.1387052705456
2025-11-14T10:11:00,1763095260000,NIFTY,2025-11-14T10:18:00,1763095680000,7,optimized,hybrid,258.2010262591835,260.46510847132913,266.0584478701096
2025-11-14T10:11:00,1763095260000,NIFTY,2025-11-14T10:19:00,1763095740000,8,optimized,hybrid,256.3649134775328,258.81078263265414,267.0288316850283
2025-11-14T10:11:00,1763095260000,NIFTY,2025-11-14T10:20:00,1763095800000,9,optimized,hybrid,257.1864637755686,260.4536130026286,269.7632593991124
2025-11-14T10:11:00,1763095260000,NIFTY,2025-11-14T10:21:00,1763095860000,10,optimized,hybrid,255.05772200594905,258.8110190865474,269.2460633498921
2025-11-14T10:11:00,1763095260000,NIFTY,2025-11-14T10:22:00,1763095920000,11,optimized,hybrid,256.34087893593534,260.4095984580401,269.11611501007
2025-11-14T10:11:00,1763095260000,NIFTY,2025-11-14T10:23:00,1763095980000,12,optimized,hybrid,254.3945546189957,259.29560949643405,269.3261151071508
2025-11-14T10:11:00,1763095260000,NIFTY,2025-11-14T10:24:00,1763096040000,13,optimized,hybrid,256.01183391898746,260.55612022924174,268.5621779480642
2025-11-14T10:11:00,1763095260000,NIFTY,2025-11-14T10:25:00,1763096100000,14,optimized,hybrid,254.5543364873656,258.93280455334923,267.90481614206294
2025-11-14T10:11:00,1763095260000,NIFTY,2025-11-14T10:26:00,1763096160000,15,optimized,hybrid,256.5826533028157,260.52375377184575,267.4795157184822
2025-11-14T10:11:00,1763095260000,NIFTY,2025-11-14T10:27:00,1763096220000,16,optimized,hybrid,254.77546388977382,258.8162698132687,267.1289140410057
2025-11-14T10:11:00,1763095260000,NIFTY,2025-11-14T10:28:00,1763096280000,17,optimized,hybrid,256.36618960077726,260.1877399631044,267.36907027611625
2025-11-14T10:11:00,1763095260000,NIFTY,2025-11-14T10:29:00,1763096340000,18,optimized,hybrid,253.48333420151351,259.62295601986375,267.845960643122
2025-11-14T10:11:00,1763095260000,NIFTY,2025-11-14T10:30:00,1763096400000,19,optimized,hybrid,255.68602388215953,260.4071496043148,267.70029947488786
2025-11-14T10:11:00,1763095260000,NIFTY,2025-11-14T10:31:00,1763096460000,20,optimized,hybrid,254.04102178766703,259.24048951639264,269.081729793114
2025-11-14T10:11:00,1763095260000,NIFTY,2025-11-14T10:32:00,1763096520000,21,optimized,hybrid,255.52366440631425,260.3337697329108,268.0761747188479
2025-11-14T10:11:00,1763095260000,NIFTY,2025-11-14T10:33:00,1763096580000,22,optimized,hybrid,253.5880495502425,259.29050103008217,268.7864471595026
2025-11-14T10:11:00,1763095260000,NIFTY,2025-11-14T10:34:00,1763096640000,23,optimized,hybrid,255.89013453596408,259.92457647573167,267.7283193104459
2025-11-14T10:11:00,1763095260000,NIFTY,2025-11-14T10:35:00,1763096700000,24,optimized,hybrid,253.26420618589276,258.94467705977803,268.8252377472243
2025-11-14T10:11:00,1763095260000,NIFTY,2025-11-14T10:36:00,1763096760000,25,optimized,hybrid,255.10366524271873,260.28224891881814,269.15529013275386
2025-11-14T10:11:00,1763095260000,NIFTY,2025-11-14T10:37:00,1763096820000,26,optimized,hybrid,253.1060989842522,258.45706814260234,267.3397762443894
2025-11-14T10:11:00,1763095260000,NIFTY,2025-11-14T10:38:00,1763096880000,27,optimized,hybrid,255.2159333068996,260.04551429732953,266.13160198354416
2025-11-14T10:11:00,1763095260000,NIFTY,2025-11-14T10:39:00,1763096940000,28,optimized,hybrid,253.07979016164194,258.56769896186773,268.4422746116193
2025-11-14T10:11:00,1763095260000,NIFTY,2025-11-14T10:40:00,1763097000000,29,optimized,hybrid,255.95996840145406,259.96713060241416,265.92643511716284
2025-11-14T10:11:00,1763095260000,NIFTY,2025-11-14T10:41:00,1763097060000,30,optimized,hybrid,254.3872665449695,258.6681720826974,268.82017897410293
2025-11-14T10:11:00,1763095260000,NIFTY,2025-11-14T10:42:00,1763097120000,31,optimized,hybrid,256.4648399073803,260.12099619565333,266.0120996119957
2025-11-14T10:11:00,1763095260000,NIFTY,2025-11-14T10:43:00,1763097180000,32,optimized,hybrid,254.07020187778903,258.41830305312783,264.5460217328636
2025-11-14T10:11:00,1763095260000,NIFTY,2025-11-14T10:44:00,1763097240000,33,optimized,hybrid,255.70483427545116,260.62977356275553,265.66604812540294
2025-11-14T10:11:00,1763095260000,NIFTY,2025-11-14T10:45:00,1763097300000,34,optimized,hybrid,253.2562237692324,258.69820848827396,264.98833724268525
2025-11-14T10:11:00,1763095260000,NIFTY,2025-11-14T10:46:00,1763097360000,35,optimized,hybrid,255.76633691475817,260.9011331414579,266.3086081371333
2025-11-14T10:11:00,1763095260000,NIFTY,2025-11-14T10:47:00,1763097420000,36,optimized,hybrid,253.56439404296998,258.9104928540816,285.09485045013446
2025-11-14T10:11:00,1763095260000,NIFTY,2025-11-14T10:48:00,1763097480000,37,optimized,hybrid,255.69800261443532,260.6500863484401,266.46504705685714
2025-11-14T10:11:00,1763095260000,NIFTY,2025-11-14T10:49:00,1763097540000,38,optimized,hybrid,254.00030627637267,258.7990672669415,266.60290104452486
2025-11-14T10:11:00,1763095260000,NIFTY,2025-11-14T10:50:00,1763097600000,39,optimized,hybrid,256.16392038109706,260.3752196652745,266.8176366607318
2025-11-14T10:11:00,1763095260000,NIFTY,2025-11-14T10:51:00,1763097660000,40,optimized,hybrid,254.56265911280278,258.7176165698445,267.0335758455932
2025-11-14T10:11:00,1763095260000,NIFTY,2025-11-14T10:52:00,1763097720000,41,optimized,hybrid,256.0742959629569,260.19554151323234,266.25245596538207
2025-11-14T10:11:00,1763095260000,NIFTY,2025-11-14T10:53:00,1763097780000,42,optimized,hybrid,254.31395588545595,258.93329089215206,265.16910902941913
2025-11-14T10:11:00,1763095260000,NIFTY,2025-11-14T10:54:00,1763097840000,43,optimized,hybrid,256.525613329607,259.5350014025375,266.92046245961006
2025-11-14T10:11:00,1763095260000,NIFTY,2025-11-14T10:55:00,1763097900000,44,optimized,hybrid,253.73532301646443,258.6205289714608,266.0991979012004
2025-11-14T10:11:00,1763095260000,NIFTY,2025-11-14T10:56:00,1763097960000,45,optimized,hybrid,256.3704023769373,259.4849284844829,267.099922254901
2025-11-14T10:11:00,1763095260000,NIFTY,2025-11-14T10:57:00,1763098020000,46,optimized,hybrid,254.72928878777932,258.27059567448725,266.15494469046916
2025-11-14T10:11:00,1763095260000,NIFTY,2025-11-14T10:58:00,1763098080000,47,optimized,hybrid,255.39265384154996,259.96363100136534,266.78256404808525
2025-11-14T10:11:00,1763095260000,NIFTY,2025-11-14T10:59:00,1763098140000,48,optimized,hybrid,252.72635780469417,257.82032264027805,268.1111771412977
2025-11-14T10:11:00,1763095260000,NIFTY,2025-11-14T11:00:00,1763098200000,49,optimized,hybrid,255.0592344920775,259.8274415390037,267.4230129864357
2025-11-14T10:11:00,1763095260000,NIFTY,2025-11-14T11:01:00,1763098260000,50,optimized,hybrid,252.70993297135212,258.16734741883886,269.3160798714363
2025-11-14T10:11:00,1763095260000,NIFTY,2025-11-14T11:02:00,1763098320000,51,optimized,hybrid,255.10090464244297,260.0485058682197,269.76672913418844
2025-11-14T10:11:00,1763095260000,NIFTY,2025-11-14T11:03:00,1763098380000,52,optimized,hybrid,252.9977678122988,258.0639783958096,269.4047824140254
2025-11-14T10:11:00,1763095260000,NIFTY,2025-11-14T11:04:00,1763098440000,53,optimized,hybrid,255.396584530096,259.8111765864612,269.59011761337524
2025-11-14T10:11:00,1763095260000,NIFTY,2025-11-14T11:05:00,1763098500000,54,optimized,hybrid,253.61937393708783,257.75671245075364,270.0617276538113
2025-11-14T10:11:00,1763095260000,NIFTY,2025-11-14T11:06:00,1763098560000,55,optimized,hybrid,255.59816261067647,259.8374710886161,288.56335020501035
2025-11-14T10:11:00,1763095260000,NIFTY,2025-11-14T11:07:00,1763098620000,56,optimized,hybrid,254.32329992800948,257.9079283668134,268.4022388145275
2025-11-14T10:11:00,1763095260000,NIFTY,2025-11-14T11:08:00,1763098680000,57,optimized,hybrid,255.51557993437237,260.11429855374786,268.5208516670522
2025-11-14T10:11:00,1763095260000,NIFTY,2025-11-14T11:09:00,1763098740000,58,optimized,hybrid,253.16194862316127,258.0909890512439,267.7769759929117
2025-11-14T10:11:00,1763095260000,NIFTY,2025-11-14T11:10:00,1763098800000,59,optimized,hybrid,254.2780607398523,260.00284232263994,269.11324755569905
2025-11-14T10:11:00,1763095260000,NIFTY,2025-11-14T11:11:00,1763098860000,60,optimized,hybrid,252.4602412972247,257.94916080002395,270.06436751286265
2025-11-14T10:42:00,1763097120000,NIFTY,2025-11-14T10:43:00,1763097180000,1,,hybrid,259.37277512412703,264.6,272.10465022138237
2025-11-14T10:42:00,1763097120000,NIFTY,2025-11-14T10:44:00,1763097240000,2,,hybrid,260.8681951757615,265.384058150953,276.03221140474704
2025-11-14T10:42:00,1763097120000,NIFTY,2025-11-14T10:45:00,1763097300000,3,,hybrid,257.1072347580885,265.1034629309745,275.3912286861767
2025-11-14T10:42:00,1763097120000,NIFTY,2025-11-14T10:46:00,1763097360000,4,,hybrid,258.3590977111727,266.0392094673173,276.7552964565582
2025-11-14T10:42:00,1763097120000,NIFTY,2025-11-14T10:47:00,1763097420000,5,,hybrid,256.6988306550065,264.95058969746236,277.18801338142777
2025-11-14T10:42:00,1763097120000,NIFTY,2025-11-14T10:48:00,1763097480000,6,,hybrid,255.4063317843624,266.4110382183261,275.7478476215071
2025-11-14T10:42:00,1763097120000,NIFTY,2025-11-14T10:49:00,1763097540000,7,,hybrid,256.13017915241994,265.193686488067,273.5380306282126
2025-11-14T10:42:00,1763097120000,NIFTY,2025-11-14T10:50:00,1763097600000,8,,hybrid,257.4886385955989,266.04090178864334,273.5859618522703
2025-11-14T10:42:00,1763097120000,NIFTY,2025-11-14T10:51:00,1763097660000,9,,hybrid,253.03798256691783,265.01647118749054,271.7964973176467
2025-11-14T10:42:00,1763097120000,NIFTY,2025-11-14T10:52:00,1763097720000,10,,hybrid,255.06829692023928,265.6584363918697,273.72814304187
2025-11-14T10:42:00,1763097120000,NIFTY,2025-11-14T10:53:00,1763097780000,11,,hybrid,255.14613615087598,265.35904302367453,272.2062274580553
2025-11-14T10:42:00,1763097120000,NIFTY,2025-11-14T10:54:00,1763097840000,12,,hybrid,255.7330198487736,265.98786953954436,275.9852076023741
2025-11-14T10:42:00,1763097120000,NIFTY,2025-11-14T10:55:00,1763097900000,13,,hybrid,255.11205873908548,264.78080958458827,272.3050662073162
2025-11-14T10:42:00,1763097120000,NIFTY,2025-11-14T10:56:00,1763097960000,14,,hybrid,255.05392098144364,265.9334718281282,278.8686265168115
2025-11-14T10:42:00,1763097120000,NIFTY,2025-11-14T10:57:00,1763098020000,15,,hybrid,253.80241858683797,265.2151590422145,276.45632501022294
2025-11-14T10:42:00,1763097120000,NIFTY,2025-11-14T10:58:00,1763098080000,16,,hybrid,253.85058686512804,266.4330117687683,276.241961001975
2025-11-14T10:42:00,1763097120000,NIFTY,2025-11-14T10:59:00,1763098140000,17,,hybrid,255.85610905108672,263.5608725746964,275.85019373331016
2025-11-14T10:42:00,1763097120000,NIFTY,2025-11-14T11:00:00,1763098200000,18,,hybrid,257.198451807383,264.15755692832187,275.36840981290766
2025-11-14T10:42:00,1763097120000,NIFTY,2025-11-14T11:01:00,1763098260000,19,,hybrid,254.74721762266248,265.1635483029345,269.9134310799965
2025-11-14T10:42:00,1763097120000,NIFTY,2025-11-14T11:02:00,1763098320000,20,,hybrid,254.76567703098897,266.8464756812351,274.3117009321104
2025-11-14T10:42:00,1763097120000,NIFTY,2025-11-14T11:03:00,1763098380000,21,,hybrid,252.57375832535183,265.39053201707554,274.0689497455222
2025-11-14T10:42:00,1763097120000,NIFTY,2025-11-14T11:04:00,1763098440000,22,,hybrid,253.91243145046903,266.4659640834558,275.8723184639744
2025-11-14T10:42:00,1763097120000,NIFTY,2025-11-14T11:05:00,1763098500000,23,,hybrid,252.8080109250892,265.0500518354803,272.7010260466665
2025-11-14T10:42:00,1763097120000,NIFTY,2025-11-14T11:06:00,1763098560000,24,,hybrid,254.6056153330753,265.95639838108355,272.7115358326557
2025-11-14T10:42:00,1763097120000,NIFTY,2025-11-14T11:07:00,1763098620000,25,,hybrid,255.21253777492012,264.8599595384886,268.93280773384663
2025-11-14T10:42:00,1763097120000,NIFTY,2025-11-14T11:08:00,1763098680000,26,,hybrid,257.129963750668,264.9131168532368,273.7957404112216
2025-11-14T10:42:00,1763097120000,NIFTY,2025-11-14T11:09:00,1763098740000,27,,hybrid,256.88665794303927,262.86890347392506,269.34875096181867
2025-11-14T10:42:00,1763097120000,NIFTY,2025-11-14T11:10:00,1763098800000,28,,hybrid,255.63409914277827,263.88520526610637,274.2378096805526
2025-11-14T10:42:00,1763097120000,NIFTY,2025-11-14T11:11:00,1763098860000,29,,hybrid,254.90802524433184,262.2946271725287,270.6239747791342
2025-11-14T10:42:00,1763097120000,NIFTY,2025-11-14T11:12:00,1763098920000,30,,hybrid,256.1005371586515,263.65226566578997,276.70662327152036
2025-11-14T10:42:00,1763097120000,NIFTY,2025-11-14T11:13:00,1763098980000,31,,hybrid,253.84413294250436,262.69603442968514,272.379968712105
2025-11-14T10:42:00,1763097120000,NIFTY,2025-11-14T11:14:00,1763099040000,32,,hybrid,254.54213564390503,263.35672457201184,277.7114546149303
2025-11-14T10:42:00,1763097120000,NIFTY,2025-11-14T11:15:00,1763099100000,33,,hybrid,253.03404036310292,262.51226566579,272.87220757720854
2025-11-14T10:42:00,1763097120000,NIFTY,2025-11-14T11:16:00,1763099160000,34,,hybrid,253.14438666339925,264.9627702861125,275.1193332239627
2025-11-14T10:42:00,1763097120000,NIFTY,2025-11-14T11:17:00,1763099220000,35,,hybrid,251.87956919262902,263.4759529277768,272.92688924274506
2025-11-14T10:42:00,1763097120000,NIFTY,2025-11-14T11:18:00,1763099280000,36,,hybrid,254.74911800182693,265.02079013679884,276.1346936156394
2025-11-14T10:42:00,1763097120000,NIFTY,2025-11-14T11:19:00,1763099340000,37,,hybrid,251.28985327567884,263.48710638217364,273.8595014692356
2025-11-14T10:42:00,1763097120000,NIFTY,2025-11-14T11:20:00,1763099400000,38,,hybrid,251.9660109422336,265.2093577097589,274.3117679054461
2025-11-14T10:42:00,1763097120000,NIFTY,2025-11-14T11:21:00,1763099460000,39,,hybrid,251.834425145208,263.7456753706283,270.3659804210019
2025-11-14T10:42:00,1763097120000,NIFTY,2025-11-14T11:22:00,1763099520000,40,,hybrid,254.45137707027413,264.2707817290317,275.1044915195252
2025-11-14T10:42:00,1763097120000,NIFTY,2025-11-14T11:23:00,1763099580000,41,,hybrid,252.88043509809341,263.68493749977165,271.3600613040929
2025-11-14T10:42:00,1763097120000,NIFTY,2025-11-14T11:24:00,1763099640000,42,,hybrid,253.63306555484948,265.1139223328189,274.397027501841
2025-11-14T10:42:00,1763097120000,NIFTY,2025-11-14T11:25:00,1763099700000,43,,hybrid,251.58568431875136,264.25999876193373,271.6425142113423
2025-11-14T10:42:00,1763097120000,NIFTY,2025-11-14T11:26:00,1763099760000,44,,hybrid,253.39764897446182,265.16475884319334,274.6677697938842
2025-11-14T10:42:00,1763097120000,NIFTY,2025-11-14T11:27:00,1763099820000,45,,hybrid,252.3730065741313,263.7653611317772,272.7768034784108
2025-11-14T10:42:00,1763097120000,NIFTY,2025-11-14T11:28:00,1763099880000,46,,hybrid,253.98219264003873,265.0121283532367,274.90040882516837
2025-11-14T10:42:00,1763097120000,NIFTY,2025-11-14T11:29:00,1763099940000,47,,hybrid,252.22750576724354,264.1751340836727,270.9768158817142
2025-11-14T10:42:00,1763097120000,NIFTY,2025-11-14T11:30:00,1763100000000,48,,hybrid,253.60006731103886,265.75591819948835,274.1791653247889
2025-11-14T10:42:00,1763097120000,NIFTY,2025-11-14T11:31:00,1763100060000,49,,hybrid,253.25984183929577,263.5190657089448,273.2363944322139
2025-11-14T10:42:00,1763097120000,NIFTY,2025-11-14T11:32:00,1763100120000,50,,hybrid,254.79067541770195,264.76484128109075,277.28279228770026
2025-11-14T10:42:00,1763097120000,NIFTY,2025-11-14T11:33:00,1763100180000,51,,hybrid,252.2229377925319,263.36639242538274,273.8642578225876
2025-11-14T10:42:00,1763097120000,NIFTY,2025-11-14T11:34:00,1763100240000,52,,hybrid,252.21089448359095,264.8433242003059,276.05383501832677
2025-11-14T10:42:00,1763097120000,NIFTY,2025-11-14T11:35:00,1763100300000,53,,hybrid,251.22889042427178,262.9764748632802,273.6571999334758
2025-11-14T10:42:00,1763097120000,NIFTY,2025-11-14T11:36:00,1763100360000,54,,hybrid,251.91849709304952,264.97268784821506,274.786053097543
2025-11-14T10:42:00,1763097120000,NIFTY,2025-11-14T11:37:00,1763100420000,55,,hybrid,250.5911679401194,263.5994776547027,272.9869832169409
2025-11-14T10:42:00,1763097120000,NIFTY,2025-11-14T11:38:00,1763100480000,56,,hybrid,251.94028940646274,264.7427796549752,277.802099154016
2025-11-14T10:42:00,1763097120000,NIFTY,2025-11-14T11:39:00,1763100540000,57,,hybrid,249.43588515145717,263.01479947338004,270.94340485739895
2025-11-14T10:42:00,1763097120000,NIFTY,2025-11-14T11:40:00,1763100600000,58,,hybrid,252.5672024945673,264.0142340475951,274.6395946053988
2025-11-14T10:42:00,1763097120000,NIFTY,2025-11-14T11:41:00,1763100660000,59,,hybrid,250.79786127268184,262.46621073405345,270.3520090436151
2025-11-14T10:42:00,1763097120000,NIFTY,2025-11-14T11:42:00,1763100720000,60,,hybrid,251.70588927718254,264.228628296156,273.3606567377509
2025-11-14T10:42:00,1763097120000,NIFTY,2025-11-14T10:43:00,1763097180000,1,,hybrid,259.37277512412703,264.6,272.10465022138237
2025-11-14T10:42:00,1763097120000,NIFTY,2025-11-14T10:44:00,1763097240000,2,,hybrid,260.8681951757615,265.384058150953,276.03221140474704
2025-11-14T10:42:00,1763097120000,NIFTY,2025-11-14T10:45:00,1763097300000,3,,hybrid,257.1072347580885,265.1034629309745,275.3912286861767
2025-11-14T10:42:00,1763097120000,NIFTY,2025-11-14T10:46:00,1763097360000,4,,hybrid,258.3590977111727,266.0392094673173,276.7552964565582
2025-11-14T10:42:00,1763097120000,NIFTY,2025-11-14T10:47:00,1763097420000,5,,hybrid,256.6988306550065,264.95058969746236,277.18801338142777
2025-11-14T10:42:00,1763097120000,NIFTY,2025-11-14T10:48:00,1763097480000,6,,hybrid,255.4063317843624,266.4110382183261,275.7478476215071
2025-11-14T10:42:00,1763097120000,NIFTY,2025-11-14T10:49:00,1763097540000,7,,hybrid,256.13017915241994,265.193686488067,273.5380306282126
2025-11-14T10:42:00,1763097120000,NIFTY,2025-11-14T10:50:00,1763097600000,8,,hybrid,257.4886385955989,266.04090178864334,273.5859618522703
2025-11-14T10:42:00,1763097120000,NIFTY,2025-11-14T10:51:00,1763097660000,9,,hybrid,253.03798256691783,265.01647118749054,271.7964973176467
2025-11-14T10:42:00,1763097120000,NIFTY,2025-11-14T10:52:00,1763097720000,10,,hybrid,255.06829692023928,265.6584363918697,273.72814304187
2025-11-14T10:42:00,1763097120000,NIFTY,2025-11-14T10:53:00,1763097780000,11,,hybrid,255.14613615087598,265.35904302367453,272.2062274580553
2025-11-14T10:42:00,1763097120000,NIFTY,2025-11-14T10:54:00,1763097840000,12,,hybrid,255.7330198487736,265.98786953954436,275.9852076023741
2025-11-14T10:42:00,1763097120000,NIFTY,2025-11-14T10:55:00,1763097900000,13,,hybrid,255.11205873908548,264.78080958458827,272.3050662073162
2025-11-14T10:42:00,1763097120000,NIFTY,2025-11-14T10:56:00,1763097960000,14,,hybrid,255.05392098144364,265.9334718281282,278.8686265168115
2025-11-14T10:42:00,1763097120000,NIFTY,2025-11-14T10:57:00,1763098020000,15,,hybrid,253.80241858683797,265.2151590422145,276.45632501022294
2025-11-14T10:42:00,1763097120000,NIFTY,2025-11-14T10:58:00,1763098080000,16,,hybrid,253.85058686512804,266.4330117687683,276.241961001975
2025-11-14T10:42:00,1763097120000,NIFTY,2025-11-14T10:59:00,1763098140000,17,,hybrid,255.85610905108672,263.5608725746964,275.85019373331016
2025-11-14T10:42:00,1763097120000,NIFTY,2025-11-14T11:00:00,1763098200000,18,,hybrid,257.198451807383,264.15755692832187,275.36840981290766
2025-11-14T10:42:00,1763097120000,NIFTY,2025-11-14T11:01:00,1763098260000,19,,hybrid,254.74721762266248,265.1635483029345,269.9134310799965
2025-11-14T10:42:00,1763097120000,NIFTY,2025-11-14T11:02:00,1763098320000,20,,hybrid,254.76567703098897,266.8464756812351,274.3117009321104
2025-11-14T10:42:00,1763097120000,NIFTY,2025-11-14T11:03:00,1763098380000,21,,hybrid,252.57375832535183,265.39053201707554,274.0689497455222
2025-11-14T10:42:00,1763097120000,NIFTY,2025-11-14T11:04:00,1763098440000,22,,hybrid,253.91243145046903,266.4659640834558,275.8723184639744
2025-11-14T10:42:00,1763097120000,NIFTY,2025-11-14T11:05:00,1763098500000,23,,hybrid,252.8080109250892,265.0500518354803,272.7010260466665
2025-11-14T10:42:00,1763097120000,NIFTY,2025-11-14T11:06:00,1763098560000,24,,hybrid,254.6056153330753,265.95639838108355,272.7115358326557
2025-11-14T10:42:00,1763097120000,NIFTY,2025-11-14T11:07:00,1763098620000,25,,hybrid,255.21253777492012,264.8599595384886,268.93280773384663
2025-11-14T10:42:00,1763097120000,NIFTY,2025-11-14T11:08:00,1763098680000,26,,hybrid,257.129963750668,264.9131168532368,273.7957404112216
2025-11-14T10:42:00,1763097120000,NIFTY,2025-11-14T11:09:00,1763098740000,27,,hybrid,256.88665794303927,262.86890347392506,269.34875096181867
2025-11-14T10:42:00,1763097120000,NIFTY,2025-11-14T11:10:00,1763098800000,28,,hybrid,255.63409914277827,263.88520526610637,274.2378096805526
2025-11-14T10:42:00,1763097120000,NIFTY,2025-11-14T11:11:00,1763098860000,29,,hybrid,254.90802524433184,262.2946271725287,270.6239747791342
2025-11-14T10:42:00,1763097120000,NIFTY,2025-11-14T11:12:00,1763098920000,30,,hybrid,256.1005371586515,263.65226566578997,276.70662327152036
2025-11-14T10:42:00,1763097120000,NIFTY,2025-11-14T11:13:00,1763098980000,31,,hybrid,253.84413294250436,262.69603442968514,272.379968712105
2025-11-14T10:42:00,1763097120000,NIFTY,2025-11-14T11:14:00,1763099040000,32,,hybrid,254.54213564390503,263.35672457201184,277.7114546149303
2025-11-14T10:42:00,1763097120000,NIFTY,2025-11-14T11:15:00,1763099100000,33,,hybrid,253.03404036310292,262.51226566579,272.87220757720854
2025-11-14T10:42:00,1763097120000,NIFTY,2025-11-14T11:16:00,1763099160000,34,,hybrid,253.14438666339925,264.9627702861125,275.1193332239627
2025-11-14T10:42:00,1763097120000,NIFTY,2025-11-14T11:17:00,1763099220000,35,,hybrid,251.87956919262902,263.4759529277768,272.92688924274506
2025-11-14T10:42:00,1763097120000,NIFTY,2025-11-14T11:18:00,1763099280000,36,,hybrid,254.74911800182693,265.02079013679884,276.1346936156394
2025-11-14T10:42:00,1763097120000,NIFTY,2025-11-14T11:19:00,1763099340000,37,,hybrid,251.28985327567884,263.48710638217364,273.8595014692356
2025-11-14T10:42:00,1763097120000,NIFTY,2025-11-14T11:20:00,1763099400000,38,,hybrid,251.9660109422336,265.2093577097589,274.3117679054461
2025-11-14T10:42:00,1763097120000,NIFTY,2025-11-14T11:21:00,1763099460000,39,,hybrid,251.834425145208,263.7456753706283,270.3659804210019
2025-11-14T10:42:00,1763097120000,NIFTY,2025-11-14T11:22:00,1763099520000,40,,hybrid,254.45137707027413,264.2707817290317,275.1044915195252
2025-11-14T10:42:00,1763097120000,NIFTY,2025-11-14T11:23:00,1763099580000,41,,hybrid,252.88043509809341,263.68493749977165,271.3600613040929
2025-11-14T10:42:00,1763097120000,NIFTY,2025-11-14T11:24:00,1763099640000,42,,hybrid,253.63306555484948,265.1139223328189,274.397027501841
2025-11-14T10:42:00,1763097120000,NIFTY,2025-11-14T11:25:00,1763099700000,43,,hybrid,251.58568431875136,264.25999876193373,271.6425142113423
2025-11-14T10:42:00,1763097120000,NIFTY,2025-11-14T11:26:00,1763099760000,44,,hybrid,253.39764897446182,265.16475884319334,274.6677697938842
2025-11-14T10:42:00,1763097120000,NIFTY,2025-11-14T11:27:00,1763099820000,45,,hybrid,252.3730065741313,263.7653611317772,272.7768034784108
2025-11-14T10:42:00,1763097120000,NIFTY,2025-11-14T11:28:00,1763099880000,46,,hybrid,253.98219264003873,265.0121283532367,274.90040882516837
2025-11-14T10:42:00,1763097120000,NIFTY,2025-11-14T11:29:00,1763099940000,47,,hybrid,252.22750576724354,264.1751340836727,270.9768158817142
2025-11-14T10:42:00,1763097120000,NIFTY,2025-11-14T11:30:00,1763100000000,48,,hybrid,253.60006731103886,265.75591819948835,274.1791653247889
2025-11-14T10:42:00,1763097120000,NIFTY,2025-11-14T11:31:00,1763100060000,49,,hybrid,253.25984183929577,263.5190657089448,273.2363944322139
2025-11-14T10:42:00,1763097120000,NIFTY,2025-11-14T11:32:00,1763100120000,50,,hybrid,254.79067541770195,264.76484128109075,277.28279228770026
2025-11-14T10:42:00,1763097120000,NIFTY,2025-11-14T11:33:00,1763100180000,51,,hybrid,252.2229377925319,263.36639242538274,273.8642578225876
2025-11-14T10:42:00,1763097120000,NIFTY,2025-11-14T11:34:00,1763100240000,52,,hybrid,252.21089448359095,264.8433242003059,276.05383501832677
2025-11-14T10:42:00,1763097120000,NIFTY,2025-11-14T11:35:00,1763100300000,53,,hybrid,251.22889042427178,262.9764748632802,273.6571999334758
2025-11-14T10:42:00,1763097120000,NIFTY,2025-11-14T11:36:00,1763100360000,54,,hybrid,251.91849709304952,264.97268784821506,274.786053097543
2025-11-14T10:42:00,1763097120000,NIFTY,2025-11-14T11:37:00,1763100420000,55,,hybrid,250.5911679401194,263.5994776547027,272.9869832169409
2025-11-14T10:42:00,1763097120000,NIFTY,2025-11-14T11:38:00,1763100480000,56,,hybrid,251.94028940646274,264.7427796549752,277.802099154016
2025-11-14T10:42:00,1763097120000,NIFTY,2025-11-14T11:39:00,1763100540000,57,,hybrid,249.43588515145717,263.01479947338004,270.94340485739895
2025-11-14T10:42:00,1763097120000,NIFTY,2025-11-14T11:40:00,1763100600000,58,,hybrid,252.5672024945673,264.0142340475951,274.6395946053988
2025-11-14T10:42:00,1763097120000,NIFTY,2025-11-14T11:41:00,1763100660000,59,,hybrid,250.79786127268184,262.46621073405345,270.3520090436151
2025-11-14T10:42:00,1763097120000,NIFTY,2025-11-14T11:42:00,1763100720000,60,,hybrid,251.70588927718254,264.228628296156,273.3606567377509
2025-11-14T10:42:00,1763097120000,NIFTY,2025-11-14T10:43:00,1763097180000,1,,hybrid,259.37277512412703,264.6,272.10465022138237
2025-11-14T10:42:00,1763097120000,NIFTY,2025-11-14T10:44:00,1763097240000,2,,hybrid,260.8681951757615,265.384058150953,276.03221140474704
2025-11-14T10:42:00,1763097120000,NIFTY,2025-11-14T10:45:00,1763097300000,3,,hybrid,257.1072347580885,265.1034629309745,275.3912286861767
2025-11-14T10:42:00,1763097120000,NIFTY,2025-11-14T10:46:00,1763097360000,4,,hybrid,258.3590977111727,266.0392094673173,276.7552964565582
2025-11-14T10:42:00,1763097120000,NIFTY,2025-11-14T10:47:00,1763097420000,5,,hybrid,256.6988306550065,264.95058969746236,277.18801338142777
2025-11-14T10:42:00,1763097120000,NIFTY,2025-11-14T10:48:00,1763097480000,6,,hybrid,255.4063317843624,266.4110382183261,275.7478476215071
2025-11-14T10:42:00,1763097120000,NIFTY,2025-11-14T10:49:00,1763097540000,7,,hybrid,256.13017915241994,265.193686488067,273.5380306282126
2025-11-14T10:42:00,1763097120000,NIFTY,2025-11-14T10:50:00,1763097600000,8,,hybrid,257.4886385955989,266.04090178864334,273.5859618522703
2025-11-14T10:42:00,1763097120000,NIFTY,2025-11-14T10:51:00,1763097660000,9,,hybrid,253.03798256691783,265.01647118749054,271.7964973176467
2025-11-14T10:42:00,1763097120000,NIFTY,2025-11-14T10:52:00,1763097720000,10,,hybrid,255.06829692023928,265.6584363918697,273.72814304187
2025-11-14T10:42:00,1763097120000,NIFTY,2025-11-14T10:53:00,1763097780000,11,,hybrid,255.14613615087598,265.35904302367453,272.2062274580553
2025-11-14T10:42:00,1763097120000,NIFTY,2025-11-14T10:54:00,1763097840000,12,,hybrid,255.7330198487736,265.98786953954436,275.9852076023741
2025-11-14T10:42:00,1763097120000,NIFTY,2025-11-14T10:55:00,1763097900000,13,,hybrid,255.11205873908548,264.78080958458827,272.3050662073162
2025-11-14T10:42:00,1763097120000,NIFTY,2025-11-14T10:56:00,1763097960000,14,,hybrid,255.05392098144364,265.9334718281282,278.8686265168115
2025-11-14T10:42:00,1763097120000,NIFTY,2025-11-14T10:57:00,1763098020000,15,,hybrid,253.80241858683797,265.2151590422145,276.45632501022294
2025-11-14T10:42:00,1763097120000,NIFTY,2025-11-14T10:58:00,1763098080000,16,,hybrid,253.85058686512804,266.4330117687683,276.241961001975
2025-11-14T10:42:00,1763097120000,NIFTY,2025-11-14T10:59:00,1763098140000,17,,hybrid,255.85610905108672,263.5608725746964,275.85019373331016
2025-11-14T10:42:00,1763097120000,NIFTY,2025-11-14T11:00:00,1763098200000,18,,hybrid,257.198451807383,264.15755692832187,275.36840981290766
2025-11-14T10:42:00,1763097120000,NIFTY,2025-11-14T11:01:00,1763098260000,19,,hybrid,254.74721762266248,265.1635483029345,269.9134310799965
2025-11-14T10:42:00,1763097120000,NIFTY,2025-11-14T11:02:00,1763098320000,20,,hybrid,254.76567703098897,266.8464756812351,274.3117009321104
2025-11-14T10:42:00,1763097120000,NIFTY,2025-11-14T11:03:00,1763098380000,21,,hybrid,252.57375832535183,265.39053201707554,274.0689497455222
2025-11-14T10:42:00,1763097120000,NIFTY,2025-11-14T11:04:00,1763098440000,22,,hybrid,253.91243145046903,266.4659640834558,275.8723184639744
2025-11-14T10:42:00,1763097120000,NIFTY,2025-11-14T11:05:00,1763098500000,23,,hybrid,252.8080109250892,265.0500518354803,272.7010260466665
2025-11-14T10:42:00,1763097120000,NIFTY,2025-11-14T11:06:00,1763098560000,24,,hybrid,254.6056153330753,265.95639838108355,272.7115358326557
2025-11-14T10:42:00,1763097120000,NIFTY,2025-11-14T11:07:00,1763098620000,25,,hybrid,255.21253777492012,264.8599595384886,268.93280773384663
2025-11-14T10:42:00,1763097120000,NIFTY,2025-11-14T11:08:00,1763098680000,26,,hybrid,257.129963750668,264.9131168532368,273.7957404112216
2025-11-14T10:42:00,1763097120000,NIFTY,2025-11-14T11:09:00,1763098740000,27,,hybrid,256.88665794303927,262.86890347392506,269.34875096181867
2025-11-14T10:42:00,1763097120000,NIFTY,2025-11-14T11:10:00,1763098800000,28,,hybrid,255.63409914277827,263.88520526610637,274.2378096805526
2025-11-14T10:42:00,1763097120000,NIFTY,2025-11-14T11:11:00,1763098860000,29,,hybrid,254.90802524433184,262.2946271725287,270.6239747791342
2025-11-14T10:42:00,1763097120000,NIFTY,2025-11-14T11:12:00,1763098920000,30,,hybrid,256.1005371586515,263.65226566578997,276.70662327152036
2025-11-14T10:42:00,1763097120000,NIFTY,2025-11-14T11:13:00,1763098980000,31,,hybrid,253.84413294250436,262.69603442968514,272.379968712105
2025-11-14T10:42:00,1763097120000,NIFTY,2025-11-14T11:14:00,1763099040000,32,,hybrid,254.54213564390503,263.35672457201184,277.7114546149303
2025-11-14T10:42:00,1763097120000,NIFTY,2025-11-14T11:15:00,1763099100000,33,,hybrid,253.03404036310292,262.51226566579,272.87220757720854
2025-11-14T10:42:00,1763097120000,NIFTY,2025-11-14T11:16:00,1763099160000,34,,hybrid,253.14438666339925,264.9627702861125,275.1193332239627
2025-11-14T10:42:00,1763097120000,NIFTY,2025-11-14T11:17:00,1763099220000,35,,hybrid,251.87956919262902,263.4759529277768,272.92688924274506
2025-11-14T10:42:00,1763097120000,NIFTY,2025-11-14T11:18:00,1763099280000,36,,hybrid,254.74911800182693,265.02079013679884,276.1346936156394
2025-11-14T10:42:00,1763097120000,NIFTY,2025-11-14T11:19:00,1763099340000,37,,hybrid,251.28985327567884,263.48710638217364,273.8595014692356
2025-11-14T10:42:00,1763097120000,NIFTY,2025-11-14T11:20:00,1763099400000,38,,hybrid,251.9660109422336,265.2093577097589,274.3117679054461
2025-11-14T10:42:00,1763097120000,NIFTY,2025-11-14T11:21:00,1763099460000,39,,hybrid,251.834425145208,263.7456753706283,270.3659804210019
2025-11-14T10:42:00,1763097120000,NIFTY,2025-11-14T11:22:00,1763099520000,40,,hybrid,254.45137707027413,264.2707817290317,275.1044915195252
2025-11-14T10:42:00,1763097120000,NIFTY,2025-11-14T11:23:00,1763099580000,41,,hybrid,252.88043509809341,263.68493749977165,271.3600613040929
2025-11-14T10:42:00,1763097120000,NIFTY,2025-11-14T11:24:00,1763099640000,42,,hybrid,253.63306555484948,265.1139223328189,274.397027501841
2025-11-14T10:42:00,1763097120000,NIFTY,2025-11-14T11:25:00,1763099700000,43,,hybrid,251.58568431875136,264.25999876193373,271.6425142113423
2025-11-14T10:42:00,1763097120000,NIFTY,2025-11-14T11:26:00,1763099760000,44,,hybrid,253.39764897446182,265.16475884319334,274.6677697938842
2025-11-14T10:42:00,1763097120000,NIFTY,2025-11-14T11:27:00,1763099820000,45,,hybrid,252.3730065741313,263.7653611317772,272.7768034784108
2025-11-14T10:42:00,1763097120000,NIFTY,2025-11-14T11:28:00,1763099880000,46,,hybrid,253.98219264003873,265.0121283532367,274.90040882516837
2025-11-14T10:42:00,1763097120000,NIFTY,2025-11-14T11:29:00,1763099940000,47,,hybrid,252.22750576724354,264.1751340836727,270.9768158817142
2025-11-14T10:42:00,1763097120000,NIFTY,2025-11-14T11:30:00,1763100000000,48,,hybrid,253.60006731103886,265.75591819948835,274.1791653247889
2025-11-14T10:42:00,1763097120000,NIFTY,2025-11-14T11:31:00,1763100060000,49,,hybrid,253.25984183929577,263.5190657089448,273.2363944322139
2025-11-14T10:42:00,1763097120000,NIFTY,2025-11-14T11:32:00,1763100120000,50,,hybrid,254.79067541770195,264.76484128109075,277.28279228770026
2025-11-14T10:42:00,1763097120000,NIFTY,2025-11-14T11:33:00,1763100180000,51,,hybrid,252.2229377925319,263.36639242538274,273.8642578225876
2025-11-14T10:42:00,1763097120000,NIFTY,2025-11-14T11:34:00,1763100240000,52,,hybrid,252.21089448359095,264.8433242003059,276.05383501832677
2025-11-14T10:42:00,1763097120000,NIFTY,2025-11-14T11:35:00,1763100300000,53,,hybrid,251.22889042427178,262.9764748632802,273.6571999334758
2025-11-14T10:42:00,1763097120000,NIFTY,2025-11-14T11:36:00,1763100360000,54,,hybrid,251.91849709304952,264.97268784821506,274.786053097543
2025-11-14T10:42:00,1763097120000,NIFTY,2025-11-14T11:37:00,1763100420000,55,,hybrid,250.5911679401194,263.5994776547027,272.9869832169409
2025-11-14T10:42:00,1763097120000,NIFTY,2025-11-14T11:38:00,1763100480000,56,,hybrid,251.94028940646274,264.7427796549752,277.802099154016
2025-11-14T10:42:00,1763097120000,NIFTY,2025-11-14T11:39:00,1763100540000,57,,hybrid,249.43588515145717,263.01479947338004,270.94340485739895
2025-11-14T10:42:00,1763097120000,NIFTY,2025-11-14T11:40:00,1763100600000,58,,hybrid,252.5672024945673,264.0142340475951,274.6395946053988
2025-11-14T10:42:00,1763097120000,NIFTY,2025-11-14T11:41:00,1763100660000,59,,hybrid,250.79786127268184,262.46621073405345,270.3520090436151
2025-11-14T10:42:00,1763097120000,NIFTY,2025-11-14T11:42:00,1763100720000,60,,hybrid,251.70588927718254,264.228628296156,273.3606567377509
2025-11-14T10:42:30,1763097150000,NIFTY,2025-11-14T10:43:30,1763097210000,1,optimized,hybrid,261.6995659026314,264.15,276.4029746100186
2025-11-14T10:42:30,1763097150000,NIFTY,2025-11-14T10:44:30,1763097270000,2,optimized,hybrid,260.18348407342603,263.69030696004097,272.58695802577404
2025-11-14T10:42:30,1763097150000,NIFTY,2025-11-14T10:45:30,1763097330000,3,optimized,hybrid,261.49981305936365,264.09255421558817,275.04444362647604
2025-11-14T10:42:30,1763097150000,NIFTY,2025-11-14T10:46:30,1763097390000,4,optimized,hybrid,259.6134310271923,263.8032827501777,272.2145428219037
2025-11-14T10:42:30,1763097150000,NIFTY,2025-11-14T10:47:30,1763097450000,5,optimized,hybrid,260.53153059080813,264.8782163744636,274.46270820513746
2025-11-14T10:42:30,1763097150000,NIFTY,2025-11-14T10:48:30,1763097510000,6,optimized,hybrid,259.4638076869086,263.59216496979343,272.9745507309592
2025-11-14T10:42:30,1763097150000,NIFTY,2025-11-14T10:49:30,1763097570000,7,optimized,hybrid,261.49990427783985,263.9614965265789,275.2452197422424
2025-11-14T10:42:30,1763097150000,NIFTY,2025-11-14T10:50:30,1763097630000,8,optimized,hybrid,260.0713913904855,263.0736397143148,272.9924625760616
2025-11-14T10:42:30,1763097150000,NIFTY,2025-11-14T10:51:30,1763097690000,9,optimized,hybrid,260.6648820017566,264.18317340340525,276.17203701408994
2025-11-14T10:42:30,1763097150000,NIFTY,2025-11-14T10:52:30,1763097750000,10,optimized,hybrid,259.760119510707,263.9624481327625,273.5640149246483
2025-11-14T10:42:30,1763097150000,NIFTY,2025-11-14T10:53:30,1763097810000,11,optimized,hybrid,259.743162645317,264.4828915921599,274.8388536577471
2025-11-14T10:42:30,1763097150000,NIFTY,2025-11-14T10:54:30,1763097870000,12,optimized,hybrid,257.5651721419067,264.01559358648535,273.02332751079854
2025-11-14T10:42:30,1763097150000,NIFTY,2025-11-14T10:55:30,1763097930000,13,optimized,hybrid,260.1266316870689,264.6350876288127,273.89124581242623
2025-11-14T10:42:30,1763097150000,NIFTY,2025-11-14T10:56:30,1763097990000,14,optimized,hybrid,257.9244405937975,263.83663627057626,273.86790830461075
2025-11-14T10:42:30,1763097150000,NIFTY,2025-11-14T10:57:30,1763098050000,15,optimized,hybrid,259.8003566023038,264.22167907492667,275.51972010604624
2025-11-14T10:42:30,1763097150000,NIFTY,2025-11-14T10:58:30,1763098110000,16,optimized,hybrid,257.817855499501,264.0469791671992,273.7258286504667
2025-11-14T10:42:30,1763097150000,NIFTY,2025-11-14T10:59:30,1763098170000,17,optimized,hybrid,259.75042194515225,264.0149430208967,274.87294091305887
2025-11-14T10:42:30,1763097150000,NIFTY,2025-11-14T11:00:30,1763098230000,18,optimized,hybrid,256.7187654022119,263.98417338644117,272.2199659680679
2025-11-14T10:42:30,1763097150000,NIFTY,2025-11-14T11:01:30,1763098290000,19,optimized,hybrid,258.869891946683,264.58954633416715,275.24240775199763
2025-11-14T10:42:30,1763097150000,NIFTY,2025-11-14T11:02:30,1763098350000,20,optimized,hybrid,257.30821181590306,264.0724460677898,272.32763660321194
2025-11-14T10:42:30,1763097150000,NIFTY,2025-11-14T11:03:30,1763098410000,21,optimized,hybrid,259.1494662285466,264.33872745579845,275.2170067025601
2025-11-14T10:42:30,1763097150000,NIFTY,2025-11-14T11:04:30,1763098470000,22,optimized,hybrid,256.6967955382097,263.5445092140084,272.6168373807038
2025-11-14T10:42:30,1763097150000,NIFTY,2025-11-14T11:05:30,1763098530000,23,optimized,hybrid,258.99096315221004,263.8843141445616,276.1706797177705
2025-11-14T10:42:30,1763097150000,NIFTY,2025-11-14T11:06:30,1763098590000,24,optimized,hybrid,257.75730670145856,263.49069482133496,274.0063026441537
2025-11-14T10:42:30,1763097150000,NIFTY,2025-11-14T11:07:30,1763098650000,25,optimized,hybrid,258.83081875817453,264.09379154790577,276.18016196460917
2025-11-14T10:42:30,1763097150000,NIFTY,2025-11-14T11:08:30,1763098710000,26,optimized,hybrid,256.61540523477566,263.04154832770627,274.5178246129829
2025-11-14T10:42:30,1763097150000,NIFTY,2025-11-14T11:09:30,1763098770000,27,optimized,hybrid,258.12012420563906,263.9088258080668,274.60769552607445
2025-11-14T10:42:30,1763097150000,NIFTY,2025-11-14T11:10:30,1763098830000,28,optimized,hybrid,256.6920638062816,262.80545618228444,273.1229148376538
2025-11-14T10:42:30,1763097150000,NIFTY,2025-11-14T11:11:30,1763098890000,29,optimized,hybrid,259.0554353130585,263.64601495052875,268.4856569940997
2025-11-14T10:42:30,1763097150000,NIFTY,2025-11-14T11:12:30,1763098950000,30,optimized,hybrid,257.8159565740031,262.3531321116435,273.48288051599127
2025-11-14T10:42:30,1763097150000,NIFTY,2025-11-14T11:13:30,1763099010000,31,optimized,hybrid,259.54392553888573,263.53149798486425,269.37763096670136
2025-11-14T10:42:30,1763097150000,NIFTY,2025-11-14T11:14:30,1763099070000,32,optimized,hybrid,258.00239773499123,262.4813476844862,268.84965192540227
2025-11-14T10:42:30,1763097150000,NIFTY,2025-11-14T11:15:30,1763099130000,33,optimized,hybrid,259.17955444270746,264.4696915688377,268.79665871118885
2025-11-14T10:42:30,1763097150000,NIFTY,2025-11-14T11:16:30,1763099190000,34,optimized,hybrid,256.4855579827975,262.8239292634615,269.23037710521794
2025-11-14T10:42:30,1763097150000,NIFTY,2025-11-14T11:17:30,1763099250000,35,optimized,hybrid,258.06713895023086,264.13369871684955,268.87123330649325
2025-11-14T10:42:30,1763097150000,NIFTY,2025-11-14T11:18:30,1763099310000,36,optimized,hybrid,256.83869341140536,262.8041092229006,274.6702118907453
2025-11-14T10:42:30,1763097150000,NIFTY,2025-11-14T11:19:30,1763099370000,37,optimized,hybrid,258.5720015431741,263.81665619410546,269.45675716350576
2025-11-14T10:42:30,1763097150000,NIFTY,2025-11-14T11:20:30,1763099430000,38,optimized,hybrid,256.6575715481818,262.7788025980078,270.5163010614765
2025-11-14T10:42:30,1763097150000,NIFTY,2025-11-14T11:21:30,1763099490000,39,optimized,hybrid,259.04419041366816,263.75476551393524,269.6451049495367
2025-11-14T10:42:30,1763097150000,NIFTY,2025-11-14T11:22:30,1763099550000,40,optimized,hybrid,257.81734090119295,262.9498445053156,271.00501495302063
2025-11-14T10:42:30,1763097150000,NIFTY,2025-11-14T11:23:30,1763099610000,41,optimized,hybrid,258.53979704694746,263.67777133097496,270.0215521982388
2025-11-14T10:42:30,1763097150000,NIFTY,2025-11-14T11:24:30,1763099670000,42,optimized,hybrid,256.84141393303315,262.5284437525486,270.3161732271954
2025-11-14T10:42:30,1763097150000,NIFTY,2025-11-14T11:25:30,1763099730000,43,optimized,hybrid,258.7374438706902,263.24773694726565,272.19009482080094
2025-11-14T10:42:30,1763097150000,NIFTY,2025-11-14T11:26:30,1763099790000,44,optimized,hybrid,256.4939471377835,262.0249833376237,271.8041321548959
2025-11-14T10:42:30,1763097150000,NIFTY,2025-11-14T11:27:30,1763099850000,45,optimized,hybrid,258.93759330899053,263.25081878482257,272.15724698015094
2025-11-14T10:42:30,1763097150000,NIFTY,2025-11-14T11:28:30,1763099910000,46,optimized,hybrid,257.52192788949765,261.60799034522233,271.92117399601153
2025-11-14T10:42:30,1763097150000,NIFTY,2025-11-14T11:29:30,1763099970000,47,optimized,hybrid,258.08080768191104,263.34381025222365,272.40378122244255
2025-11-14T10:42:30,1763097150000,NIFTY,2025-11-14T11:30:30,1763100030000,48,optimized,hybrid,255.6608384888343,262.0121514592364,273.2871072128792
2025-11-14T10:42:30,1763097150000,NIFTY,2025-11-14T11:31:30,1763100090000,49,optimized,hybrid,257.2468135376292,263.49827530205255,273.96545689831197
2025-11-14T10:42:30,1763097150000,NIFTY,2025-11-14T11:32:30,1763100150000,50,optimized,hybrid,253.79290380905525,264.1599419302971,270.93594026487773
2025-11-14T10:42:30,1763097150000,NIFTY,2025-11-14T11:33:30,1763100210000,51,optimized,hybrid,258.49083031610905,263.6374362549673,273.57231524682055
2025-11-14T10:42:30,1763097150000,NIFTY,2025-11-14T11:34:30,1763100270000,52,optimized,hybrid,254.86195355869847,262.7501221473832,272.14899281848864
2025-11-14T10:42:30,1763097150000,NIFTY,2025-11-14T11:35:30,1763100330000,53,optimized,hybrid,257.93897918386193,263.34471832308077,274.7469165952847
2025-11-14T10:42:30,1763097150000,NIFTY,2025-11-14T11:36:30,1763100390000,54,optimized,hybrid,254.81139682908687,263.21276703480544,272.004984505992
2025-11-14T10:42:30,1763097150000,NIFTY,2025-11-14T11:37:30,1763100450000,55,optimized,hybrid,257.33174760855064,263.59621349554163,302.5804732165129
2025-11-14T10:42:30,1763097150000,NIFTY,2025-11-14T11:38:30,1763100510000,56,optimized,hybrid,254.909063939934,263.9383904896908,278.40997276677166
2025-11-14T10:42:30,1763097150000,NIFTY,2025-11-14T11:39:30,1763100570000,57,optimized,hybrid,257.5351592790671,263.6507384706503,281.6040175146843
2025-11-14T10:42:30,1763097150000,NIFTY,2025-11-14T11:40:30,1763100630000,58,optimized,hybrid,254.21525537272845,263.38058222187306,278.9845580471351
2025-11-14T10:42:30,1763097150000,NIFTY,2025-11-14T11:41:30,1763100690000,59,optimized,hybrid,256.11572434899017,263.5726920775314,274.19398643214333
2025-11-14T10:42:30,1763097150000,NIFTY,2025-11-14T11:42:30,1763100750000,60,optimized,hybrid,254.27036679488253,262.24134283309434,274.44211844898894
2025-11-14T10:42:30,1763097150000,NIFTY,2025-11-14T10:43:30,1763097210000,1,optimized,hybrid,261.6995659026314,264.15,276.4029746100186
2025-11-14T10:42:30,1763097150000,NIFTY,2025-11-14T10:44:30,1763097270000,2,optimized,hybrid,260.18348407342603,263.69030696004097,272.58695802577404
2025-11-14T10:42:30,1763097150000,NIFTY,2025-11-14T10:45:30,1763097330000,3,optimized,hybrid,261.49981305936365,264.09255421558817,275.04444362647604
2025-11-14T10:42:30,1763097150000,NIFTY,2025-11-14T10:46:30,1763097390000,4,optimized,hybrid,259.6134310271923,263.8032827501777,272.2145428219037
2025-11-14T10:42:30,1763097150000,NIFTY,2025-11-14T10:47:30,1763097450000,5,optimized,hybrid,260.53153059080813,264.8782163744636,274.46270820513746
2025-11-14T10:42:30,1763097150000,NIFTY,2025-11-14T10:48:30,1763097510000,6,optimized,hybrid,259.4638076869086,263.59216496979343,272.9745507309592
2025-11-14T10:42:30,1763097150000,NIFTY,2025-11-14T10:49:30,1763097570000,7,optimized,hybrid,261.49990427783985,263.9614965265789,275.2452197422424
2025-11-14T10:42:30,1763097150000,NIFTY,2025-11-14T10:50:30,1763097630000,8,optimized,hybrid,260.0713913904855,263.0736397143148,272.9924625760616
2025-11-14T10:42:30,1763097150000,NIFTY,2025-11-14T10:51:30,1763097690000,9,optimized,hybrid,260.6648820017566,264.18317340340525,276.17203701408994
2025-11-14T10:42:30,1763097150000,NIFTY,2025-11-14T10:52:30,1763097750000,10,optimized,hybrid,259.760119510707,263.9624481327625,273.5640149246483
2025-11-14T10:42:30,1763097150000,NIFTY,2025-11-14T10:53:30,1763097810000,11,optimized,hybrid,259.743162645317,264.4828915921599,274.8388536577471
2025-11-14T10:42:30,1763097150000,NIFTY,2025-11-14T10:54:30,1763097870000,12,optimized,hybrid,257.5651721419067,264.01559358648535,273.02332751079854
2025-11-14T10:42:30,1763097150000,NIFTY,2025-11-14T10:55:30,1763097930000,13,optimized,hybrid,260.1266316870689,264.6350876288127,273.89124581242623
2025-11-14T10:42:30,1763097150000,NIFTY,2025-11-14T10:56:30,1763097990000,14,optimized,hybrid,257.9244405937975,263.83663627057626,273.86790830461075
2025-11-14T10:42:30,1763097150000,NIFTY,2025-11-14T10:57:30,1763098050000,15,optimized,hybrid,259.8003566023038,264.22167907492667,275.51972010604624
2025-11-14T10:42:30,1763097150000,NIFTY,2025-11-14T10:58:30,1763098110000,16,optimized,hybrid,257.817855499501,264.0469791671992,273.7258286504667
2025-11-14T10:42:30,1763097150000,NIFTY,2025-11-14T10:59:30,1763098170000,17,optimized,hybrid,259.75042194515225,264.0149430208967,274.87294091305887
2025-11-14T10:42:30,1763097150000,NIFTY,2025-11-14T11:00:30,1763098230000,18,optimized,hybrid,256.7187654022119,263.98417338644117,272.2199659680679
2025-11-14T10:42:30,1763097150000,NIFTY,2025-11-14T11:01:30,1763098290000,19,optimized,hybrid,258.869891946683,264.58954633416715,275.24240775199763
2025-11-14T10:42:30,1763097150000,NIFTY,2025-11-14T11:02:30,1763098350000,20,optimized,hybrid,257.30821181590306,264.0724460677898,272.32763660321194
2025-11-14T10:42:30,1763097150000,NIFTY,2025-11-14T11:03:30,1763098410000,21,optimized,hybrid,259.1494662285466,264.33872745579845,275.2170067025601
2025-11-14T10:42:30,1763097150000,NIFTY,2025-11-14T11:04:30,1763098470000,22,optimized,hybrid,256.6967955382097,263.5445092140084,272.6168373807038
2025-11-14T10:42:30,1763097150000,NIFTY,2025-11-14T11:05:30,1763098530000,23,optimized,hybrid,258.99096315221004,263.8843141445616,276.1706797177705
2025-11-14T10:42:30,1763097150000,NIFTY,2025-11-14T11:06:30,1763098590000,24,optimized,hybrid,257.75730670145856,263.49069482133496,274.0063026441537
2025-11-14T10:42:30,1763097150000,NIFTY,2025-11-14T11:07:30,1763098650000,25,optimized,hybrid,258.83081875817453,264.09379154790577,276.18016196460917
2025-11-14T10:42:30,1763097150000,NIFTY,2025-11-14T11:08:30,1763098710000,26,optimized,hybrid,256.61540523477566,263.04154832770627,274.5178246129829
2025-11-14T10:42:30,1763097150000,NIFTY,2025-11-14T11:09:30,1763098770000,27,optimized,hybrid,258.12012420563906,263.9088258080668,274.60769552607445
2025-11-14T10:42:30,1763097150000,NIFTY,2025-11-14T11:10:30,1763098830000,28,optimized,hybrid,256.6920638062816,262.80545618228444,273.1229148376538
2025-11-14T10:42:30,1763097150000,NIFTY,2025-11-14T11:11:30,1763098890000,29,optimized,hybrid,259.0554353130585,263.64601495052875,268.4856569940997
2025-11-14T10:42:30,1763097150000,NIFTY,2025-11-14T11:12:30,1763098950000,30,optimized,hybrid,257.8159565740031,262.3531321116435,273.48288051599127
2025-11-14T10:42:30,1763097150000,NIFTY,2025-11-14T11:13:30,1763099010000,31,optimized,hybrid,259.54392553888573,263.53149798486425,269.37763096670136
2025-11-14T10:42:30,1763097150000,NIFTY,2025-11-14T11:14:30,1763099070000,32,optimized,hybrid,258.00239773499123,262.4813476844862,268.84965192540227
2025-11-14T10:42:30,1763097150000,NIFTY,2025-11-14T11:15:30,1763099130000,33,optimized,hybrid,259.17955444270746,264.4696915688377,268.79665871118885
2025-11-14T10:42:30,1763097150000,NIFTY,2025-11-14T11:16:30,1763099190000,34,optimized,hybrid,256.4855579827975,262.8239292634615,269.23037710521794
2025-11-14T10:42:30,1763097150000,NIFTY,2025-11-14T11:17:30,1763099250000,35,optimized,hybrid,258.06713895023086,264.13369871684955,268.87123330649325
2025-11-14T10:42:30,1763097150000,NIFTY,2025-11-14T11:18:30,1763099310000,36,optimized,hybrid,256.83869341140536,262.8041092229006,274.6702118907453
2025-11-14T10:42:30,1763097150000,NIFTY,2025-11-14T11:19:30,1763099370000,37,optimized,hybrid,258.5720015431741,263.81665619410546,269.45675716350576
2025-11-14T10:42:30,1763097150000,NIFTY,2025-11-14T11:20:30,1763099430000,38,optimized,hybrid,256.6575715481818,262.7788025980078,270.5163010614765
2025-11-14T10:42:30,1763097150000,NIFTY,2025-11-14T11:21:30,1763099490000,39,optimized,hybrid,259.04419041366816,263.75476551393524,269.6451049495367
2025-11-14T10:42:30,1763097150000,NIFTY,2025-11-14T11:22:30,1763099550000,40,optimized,hybrid,257.81734090119295,262.9498445053156,271.00501495302063
2025-11-14T10:42:30,1763097150000,NIFTY,2025-11-14T11:23:30,1763099610000,41,optimized,hybrid,258.53979704694746,263.67777133097496,270.0215521982388
2025-11-14T10:42:30,1763097150000,NIFTY,2025-11-14T11:24:30,1763099670000,42,optimized,hybrid,256.84141393303315,262.5284437525486,270.3161732271954
2025-11-14T10:42:30,1763097150000,NIFTY,2025-11-14T11:25:30,1763099730000,43,optimized,hybrid,258.7374438706902,263.24773694726565,272.19009482080094
2025-11-14T10:42:30,1763097150000,NIFTY,2025-11-14T11:26:30,1763099790000,44,optimized,hybrid,256.4939471377835,262.0249833376237,271.8041321548959
2025-11-14T10:42:30,1763097150000,NIFTY,2025-11-14T11:27:30,1763099850000,45,optimized,hybrid,258.93759330899053,263.25081878482257,272.15724698015094
2025-11-14T10:42:30,1763097150000,NIFTY,2025-11-14T11:28:30,1763099910000,46,optimized,hybrid,257.52192788949765,261.60799034522233,271.92117399601153
2025-11-14T10:42:30,1763097150000,NIFTY,2025-11-14T11:29:30,1763099970000,47,optimized,hybrid,258.08080768191104,263.34381025222365,272.40378122244255
2025-11-14T10:42:30,1763097150000,NIFTY,2025-11-14T11:30:30,1763100030000,48,optimized,hybrid,255.6608384888343,262.0121514592364,273.2871072128792
2025-11-14T10:42:30,1763097150000,NIFTY,2025-11-14T11:31:30,1763100090000,49,optimized,hybrid,257.2468135376292,263.49827530205255,273.96545689831197
2025-11-14T10:42:30,1763097150000,NIFTY,2025-11-14T11:32:30,1763100150000,50,optimized,hybrid,253.79290380905525,264.1599419302971,270.93594026487773
2025-11-14T10:42:30,1763097150000,NIFTY,2025-11-14T11:33:30,1763100210000,51,optimized,hybrid,258.49083031610905,263.6374362549673,273.57231524682055
2025-11-14T10:42:30,1763097150000,NIFTY,2025-11-14T11:34:30,1763100270000,52,optimized,hybrid,254.86195355869847,262.7501221473832,272.14899281848864
2025-11-14T10:42:30,1763097150000,NIFTY,2025-11-14T11:35:30,1763100330000,53,optimized,hybrid,257.93897918386193,263.34471832308077,274.7469165952847
2025-11-14T10:42:30,1763097150000,NIFTY,2025-11-14T11:36:30,1763100390000,54,optimized,hybrid,254.81139682908687,263.21276703480544,272.004984505992
2025-11-14T10:42:30,1763097150000,NIFTY,2025-11-14T11:37:30,1763100450000,55,optimized,hybrid,257.33174760855064,263.59621349554163,302.5804732165129
2025-11-14T10:42:30,1763097150000,NIFTY,2025-11-14T11:38:30,1763100510000,56,optimized,hybrid,254.909063939934,263.9383904896908,278.40997276677166
2025-11-14T10:42:30,1763097150000,NIFTY,2025-11-14T11:39:30,1763100570000,57,optimized,hybrid,257.5351592790671,263.6507384706503,281.6040175146843
2025-11-14T10:42:30,1763097150000,NIFTY,2025-11-14T11:40:30,1763100630000,58,optimized,hybrid,254.21525537272845,263.38058222187306,278.9845580471351
2025-11-14T10:42:30,1763097150000,NIFTY,2025-11-14T11:41:30,1763100690000,59,optimized,hybrid,256.11572434899017,263.5726920775314,274.19398643214333
2025-11-14T10:42:30,1763097150000,NIFTY,2025-11-14T11:42:30,1763100750000,60,optimized,hybrid,254.27036679488253,262.24134283309434,274.44211844898894
2025-11-14T10:42:30,1763097150000,NIFTY,2025-11-14T10:43:30,1763097210000,1,optimized,hybrid,260.77344670945394,263.3,276.21363987643605
2025-11-14T10:42:30,1763097150000,NIFTY,2025-11-14T10:44:30,1763097270000,2,optimized,hybrid,259.1779065903898,262.9954412689168,271.7005864389795
2025-11-14T10:42:30,1763097150000,NIFTY,2025-11-14T10:45:30,1763097330000,3,optimized,hybrid,260.8727463402864,263.5148310406368,274.86073984947535
2025-11-14T10:42:30,1763097150000,NIFTY,2025-11-14T10:46:30,1763097390000,4,optimized,hybrid,258.944560825197,263.53211660258756,271.6275987732539
2025-11-14T10:42:30,1763097150000,NIFTY,2025-11-14T10:47:30,1763097450000,5,optimized,hybrid,259.374844577069,264.30804816052586,273.9149891301676
2025-11-14T10:42:30,1763097150000,NIFTY,2025-11-14T10:48:30,1763097510000,6,optimized,hybrid,258.2394087464895,262.86364239637464,271.8613246040295
2025-11-14T10:42:30,1763097150000,NIFTY,2025-11-14T10:49:30,1763097570000,7,optimized,hybrid,260.75629335825397,263.37553804466927,274.9709294497129
2025-11-14T10:42:30,1763097150000,NIFTY,2025-11-14T10:50:30,1763097630000,8,optimized,hybrid,259.57463340182426,262.76573084851225,272.60031862751094
2025-11-14T10:42:30,1763097150000,NIFTY,2025-11-14T10:51:30,1763097690000,9,optimized,hybrid,259.9948018231792,263.68475164304846,275.61708253798366
2025-11-14T10:42:30,1763097150000,NIFTY,2025-11-14T10:52:30,1763097750000,10,optimized,hybrid,258.74370725534334,263.3110093799256,272.6157364964204
2025-11-14T10:42:30,1763097150000,NIFTY,2025-11-14T10:53:30,1763097810000,11,optimized,hybrid,258.95662117093786,263.8538183290789,274.1724702573519
2025-11-14T10:42:30,1763097150000,NIFTY,2025-11-14T10:54:30,1763097870000,12,optimized,hybrid,256.6167385210866,263.4252729053147,272.1384440778044
2025-11-14T10:42:30,1763097150000,NIFTY,2025-11-14T10:55:30,1763097930000,13,optimized,hybrid,259.1561375001722,263.7589017975744,273.02198028423186
2025-11-14T10:42:30,1763097150000,NIFTY,2025-11-14T10:56:30,1763097990000,14,optimized,hybrid,256.81784677531795,263.27628737576606,273.04841070504807
2025-11-14T10:42:30,1763097150000,NIFTY,2025-11-14T10:57:30,1763098050000,15,optimized,hybrid,258.9448755073962,263.4829750820446,274.953329351817
2025-11-14T10:42:30,1763097150000,NIFTY,2025-11-14T10:58:30,1763098110000,16,optimized,hybrid,256.9762733322172,263.37858384274784,273.1697481522477
2025-11-14T10:42:30,1763097150000,NIFTY,2025-11-14T10:59:30,1763098170000,17,optimized,hybrid,258.94151559068433,263.307913989245,274.3987361428371
2025-11-14T10:42:30,1763097150000,NIFTY,2025-11-14T11:00:30,1763098230000,18,optimized,hybrid,255.9213275556638,263.550709319351,271.4544118155012
2025-11-14T10:42:30,1763097150000,NIFTY,2025-11-14T11:01:30,1763098290000,19,optimized,hybrid,258.1017055367351,263.97647230535665,274.8385306080761
2025-11-14T10:42:30,1763097150000,NIFTY,2025-11-14T11:02:30,1763098350000,20,optimized,hybrid,256.2049379195748,263.46000105375566,271.31799181050377
2025-11-14T10:42:30,1763097150000,NIFTY,2025-11-14T11:03:30,1763098410000,21,optimized,hybrid,258.26168708287685,263.53847752911355,274.67831351450513
2025-11-14T10:42:30,1763097150000,NIFTY,2025-11-14T11:04:30,1763098470000,22,optimized,hybrid,256.07412979907957,262.9720884521157,272.0827083301067
2025-11-14T10:42:30,1763097150000,NIFTY,2025-11-14T11:05:30,1763098530000,23,optimized,hybrid,258.3113864043468,263.3099933666904,275.72637998851036
2025-11-14T10:42:30,1763097150000,NIFTY,2025-11-14T11:06:30,1763098590000,24,optimized,hybrid,256.8631212552067,262.64203119539786,273.2115596103517
2025-11-14T10:42:30,1763097150000,NIFTY,2025-11-14T11:07:30,1763098650000,25,optimized,hybrid,257.9938580489036,263.3219441536387,275.5422264925035
2025-11-14T10:42:30,1763097150000,NIFTY,2025-11-14T11:08:30,1763098710000,26,optimized,hybrid,255.7770653155499,262.28271727741094,273.99570131873395
2025-11-14T10:42:30,1763097150000,NIFTY,2025-11-14T11:09:30,1763098770000,27,optimized,hybrid,257.33599861447635,263.19885492228536,273.9026298071114
2025-11-14T10:42:30,1763097150000,NIFTY,2025-11-14T11:10:30,1763098830000,28,optimized,hybrid,255.97808733784657,262.0783842813312,272.47851330930325
2025-11-14T10:42:30,1763097150000,NIFTY,2025-11-14T11:11:30,1763098890000,29,optimized,hybrid,258.1977401536723,262.8500287844889,267.58810376792167
2025-11-14T10:42:30,1763097150000,NIFTY,2025-11-14T11:12:30,1763098950000,30,optimized,hybrid,257.1064563175994,261.59997622919144,272.8285176095033
2025-11-14T10:42:30,1763097150000,NIFTY,2025-11-14T11:13:30,1763099010000,31,optimized,hybrid,259.2227320499976,263.21490835379666,269.0969140342537
2025-11-14T10:42:30,1763097150000,NIFTY,2025-11-14T11:14:30,1763099070000,32,optimized,hybrid,257.23752807794887,261.6730526971738,268.0638764055292
2025-11-14T10:42:30,1763097150000,NIFTY,2025-11-14T11:15:30,1763099130000,33,optimized,hybrid,258.28531529543795,263.5906174837811,267.88162898910366
2025-11-14T10:42:30,1763097150000,NIFTY,2025-11-14T11:16:30,1763099190000,34,optimized,hybrid,255.45930742010202,262.054891639548,268.15416169279
2025-11-14T10:42:30,1763097150000,NIFTY,2025-11-14T11:17:30,1763099250000,35,optimized,hybrid,257.17180545963294,263.40543244327995,268.01964584604514
2025-11-14T10:42:30,1763097150000,NIFTY,2025-11-14T11:18:30,1763099310000,36,optimized,hybrid,256.0620474826432,262.1205940626037,273.8352129132289
2025-11-14T10:42:30,1763097150000,NIFTY,2025-11-14T11:19:30,1763099370000,37,optimized,hybrid,257.77850848450635,263.1443106359987,268.66677461689716
2025-11-14T10:42:30,1763097150000,NIFTY,2025-11-14T11:20:30,1763099430000,38,optimized,hybrid,256.347774890997,262.6840175949444,270.12707582749744
2025-11-14T10:42:30,1763097150000,NIFTY,2025-11-14T11:21:30,1763099490000,39,optimized,hybrid,258.1292070869191,262.9237208759014,268.6842787959243
2025-11-14T10:42:30,1763097150000,NIFTY,2025-11-14T11:22:30,1763099550000,40,optimized,hybrid,256.4612683878448,261.6963473443508,269.7120274578518
2025-11-14T10:42:30,1763097150000,NIFTY,2025-11-14T11:23:30,1763099610000,41,optimized,hybrid,257.8014995797123,263.00670872889464,269.5235200777008
2025-11-14T10:42:30,1763097150000,NIFTY,2025-11-14T11:24:30,1763099670000,42,optimized,hybrid,256.14575221085585,261.87167421050503,269.6990070421024
2025-11-14T10:42:30,1763097150000,NIFTY,2025-11-14T11:25:30,1763099730000,43,optimized,hybrid,258.0030508856124,262.62479034974683,271.6608604248533
2025-11-14T10:42:30,1763097150000,NIFTY,2025-11-14T11:26:30,1763099790000,44,optimized,hybrid,255.65102806284582,261.3764335577274,271.0570049682619
2025-11-14T10:42:30,1763097150000,NIFTY,2025-11-14T11:27:30,1763099850000,45,optimized,hybrid,258.0151405827324,262.5114207955119,271.4804197435821
2025-11-14T10:42:30,1763097150000,NIFTY,2025-11-14T11:28:30,1763099910000,46,optimized,hybrid,256.651449681316,260.97536669371254,271.2471244921024
2025-11-14T10:42:30,1763097150000,NIFTY,2025-11-14T11:29:30,1763099970000,47,optimized,hybrid,257.1658113323575,262.5772596183274,271.7405959840504
2025-11-14T10:42:30,1763097150000,NIFTY,2025-11-14T11:30:30,1763100030000,48,optimized,hybrid,254.96523056200047,261.1946220641205,272.54281463558607
2025-11-14T10:42:30,1763097150000,NIFTY,2025-11-14T11:31:30,1763100090000,49,optimized,hybrid,256.66565784302185,262.83540439011426,273.64970967859927
2025-11-14T10:42:30,1763097150000,NIFTY,2025-11-14T11:32:30,1763100150000,50,optimized,hybrid,252.66182160382314,263.74032647994,269.7950346860251
2025-11-14T10:42:30,1763097150000,NIFTY,2025-11-14T11:33:30,1763100210000,51,optimized,hybrid,257.87675009407764,262.98336908226804,272.89141860105997
2025-11-14T10:42:30,1763097150000,NIFTY,2025-11-14T11:34:30,1763100270000,52,optimized,hybrid,254.06545270495542,262.22880901591606,271.3915291903748
2025-11-14T10:42:30,1763097150000,NIFTY,2025-11-14T11:35:30,1763100330000,53,optimized,hybrid,257.07433977908335,262.73848529408696,273.9956063512554
2025-11-14T10:42:30,1763097150000,NIFTY,2025-11-14T11:36:30,1763100390000,54,optimized,hybrid,253.35380178023422,263.0673262754922,270.615529609585
2025-11-14T10:42:30,1763097150000,NIFTY,2025-11-14T11:37:30,1763100450000,55,optimized,hybrid,256.5071908313123,262.7763932958812,304.261659605101
2025-11-14T10:42:30,1763097150000,NIFTY,2025-11-14T11:38:30,1763100510000,56,optimized,hybrid,253.9022846616046,263.3733103223333,278.50774260048354
2025-11-14T10:42:30,1763097150000,NIFTY,2025-11-14T11:39:30,1763100570000,57,optimized,hybrid,256.5543771007381,263.14617911258273,281.68073727095066
2025-11-14T10:42:30,1763097150000,NIFTY,2025-11-14T11:40:30,1763100630000,58,optimized,hybrid,253.03865613416517,262.9018451887496,278.9074915006035
2025-11-14T10:42:30,1763097150000,NIFTY,2025-11-14T11:41:30,1763100690000,59,optimized,hybrid,255.1825209536652,262.9210069136866,273.3368517430557
2025-11-14T10:42:30,1763097150000,NIFTY,2025-11-14T11:42:30,1763100750000,60,optimized,hybrid,253.32843906542786,261.5436539701468,274.33419555645554
2025-11-14T10:42:30,1763097150000,NIFTY,2025-11-14T10:43:30,1763097210000,1,optimized,hybrid,260.77344670945394,263.3,276.21363987643605
2025-11-14T10:42:30,1763097150000,NIFTY,2025-11-14T10:44:30,1763097270000,2,optimized,hybrid,259.1779065903898,262.9954412689168,271.7005864389795
2025-11-14T10:42:30,1763097150000,NIFTY,2025-11-14T10:45:30,1763097330000,3,optimized,hybrid,260.8727463402864,263.5148310406368,274.86073984947535
2025-11-14T10:42:30,1763097150000,NIFTY,2025-11-14T10:46:30,1763097390000,4,optimized,hybrid,258.944560825197,263.53211660258756,271.6275987732539
2025-11-14T10:42:30,1763097150000,NIFTY,2025-11-14T10:47:30,1763097450000,5,optimized,hybrid,259.374844577069,264.30804816052586,273.9149891301676
2025-11-14T10:42:30,1763097150000,NIFTY,2025-11-14T10:48:30,1763097510000,6,optimized,hybrid,258.2394087464895,262.86364239637464,271.8613246040295
2025-11-14T10:42:30,1763097150000,NIFTY,2025-11-14T10:49:30,1763097570000,7,optimized,hybrid,260.75629335825397,263.37553804466927,274.9709294497129
2025-11-14T10:42:30,1763097150000,NIFTY,2025-11-14T10:50:30,1763097630000,8,optimized,hybrid,259.57463340182426,262.76573084851225,272.60031862751094
2025-11-14T10:42:30,1763097150000,NIFTY,2025-11-14T10:51:30,1763097690000,9,optimized,hybrid,259.9948018231792,263.68475164304846,275.61708253798366
2025-11-14T10:42:30,1763097150000,NIFTY,2025-11-14T10:52:30,1763097750000,10,optimized,hybrid,258.74370725534334,263.3110093799256,272.6157364964204
2025-11-14T10:42:30,1763097150000,NIFTY,2025-11-14T10:53:30,1763097810000,11,optimized,hybrid,258.95662117093786,263.8538183290789,274.1724702573519
2025-11-14T10:42:30,1763097150000,NIFTY,2025-11-14T10:54:30,1763097870000,12,optimized,hybrid,256.6167385210866,263.4252729053147,272.1384440778044
2025-11-14T10:42:30,1763097150000,NIFTY,2025-11-14T10:55:30,1763097930000,13,optimized,hybrid,259.1561375001722,263.7589017975744,273.02198028423186
2025-11-14T10:42:30,1763097150000,NIFTY,2025-11-14T10:56:30,1763097990000,14,optimized,hybrid,256.81784677531795,263.27628737576606,273.04841070504807
2025-11-14T10:42:30,1763097150000,NIFTY,2025-11-14T10:57:30,1763098050000,15,optimized,hybrid,258.9448755073962,263.4829750820446,274.953329351817
2025-11-14T10:42:30,1763097150000,NIFTY,2025-11-14T10:58:30,1763098110000,16,optimized,hybrid,256.9762733322172,263.37858384274784,273.1697481522477
2025-11-14T10:42:30,1763097150000,NIFTY,2025-11-14T10:59:30,1763098170000,17,optimized,hybrid,258.94151559068433,263.307913989245,274.3987361428371
2025-11-14T10:42:30,1763097150000,NIFTY,2025-11-14T11:00:30,1763098230000,18,optimized,hybrid,255.9213275556638,263.550709319351,271.4544118155012
2025-11-14T10:42:30,1763097150000,NIFTY,2025-11-14T11:01:30,1763098290000,19,optimized,hybrid,258.1017055367351,263.97647230535665,274.8385306080761
2025-11-14T10:42:30,1763097150000,NIFTY,2025-11-14T11:02:30,1763098350000,20,optimized,hybrid,256.2049379195748,263.46000105375566,271.31799181050377
2025-11-14T10:42:30,1763097150000,NIFTY,2025-11-14T11:03:30,1763098410000,21,optimized,hybrid,258.26168708287685,263.53847752911355,274.67831351450513
2025-11-14T10:42:30,1763097150000,NIFTY,2025-11-14T11:04:30,1763098470000,22,optimized,hybrid,256.07412979907957,262.9720884521157,272.0827083301067
2025-11-14T10:42:30,1763097150000,NIFTY,2025-11-14T11:05:30,1763098530000,23,optimized,hybrid,258.3113864043468,263.3099933666904,275.72637998851036
2025-11-14T10:42:30,1763097150000,NIFTY,2025-11-14T11:06:30,1763098590000,24,optimized,hybrid,256.8631212552067,262.64203119539786,273.2115596103517
2025-11-14T10:42:30,1763097150000,NIFTY,2025-11-14T11:07:30,1763098650000,25,optimized,hybrid,257.9938580489036,263.3219441536387,275.5422264925035
2025-11-14T10:42:30,1763097150000,NIFTY,2025-11-14T11:08:30,1763098710000,26,optimized,hybrid,255.7770653155499,262.28271727741094,273.99570131873395
2025-11-14T10:42:30,1763097150000,NIFTY,2025-11-14T11:09:30,1763098770000,27,optimized,hybrid,257.33599861447635,263.19885492228536,273.9026298071114
2025-11-14T10:42:30,1763097150000,NIFTY,2025-11-14T11:10:30,1763098830000,28,optimized,hybrid,255.97808733784657,262.0783842813312,272.47851330930325
2025-11-14T10:42:30,1763097150000,NIFTY,2025-11-14T11:11:30,1763098890000,29,optimized,hybrid,258.1977401536723,262.8500287844889,267.58810376792167
2025-11-14T10:42:30,1763097150000,NIFTY,2025-11-14T11:12:30,1763098950000,30,optimized,hybrid,257.1064563175994,261.59997622919144,272.8285176095033
2025-11-14T10:42:30,1763097150000,NIFTY,2025-11-14T11:13:30,1763099010000,31,optimized,hybrid,259.2227320499976,263.21490835379666,269.0969140342537
2025-11-14T10:42:30,1763097150000,NIFTY,2025-11-14T11:14:30,1763099070000,32,optimized,hybrid,257.23752807794887,261.6730526971738,268.0638764055292
2025-11-14T10:42:30,1763097150000,NIFTY,2025-11-14T11:15:30,1763099130000,33,optimized,hybrid,258.28531529543795,263.5906174837811,267.88162898910366
2025-11-14T10:42:30,1763097150000,NIFTY,2025-11-14T11:16:30,1763099190000,34,optimized,hybrid,255.45930742010202,262.054891639548,268.15416169279
2025-11-14T10:42:30,1763097150000,NIFTY,2025-11-14T11:17:30,1763099250000,35,optimized,hybrid,257.17180545963294,263.40543244327995,268.01964584604514
2025-11-14T10:42:30,1763097150000,NIFTY,2025-11-14T11:18:30,1763099310000,36,optimized,hybrid,256.0620474826432,262.1205940626037,273.8352129132289
2025-11-14T10:42:30,1763097150000,NIFTY,2025-11-14T11:19:30,1763099370000,37,optimized,hybrid,257.77850848450635,263.1443106359987,268.66677461689716
2025-11-14T10:42:30,1763097150000,NIFTY,2025-11-14T11:20:30,1763099430000,38,optimized,hybrid,256.347774890997,262.6840175949444,270.12707582749744
2025-11-14T10:42:30,1763097150000,NIFTY,2025-11-14T11:21:30,1763099490000,39,optimized,hybrid,258.1292070869191,262.9237208759014,268.6842787959243
2025-11-14T10:42:30,1763097150000,NIFTY,2025-11-14T11:22:30,1763099550000,40,optimized,hybrid,256.4612683878448,261.6963473443508,269.7120274578518
2025-11-14T10:42:30,1763097150000,NIFTY,2025-11-14T11:23:30,1763099610000,41,optimized,hybrid,257.8014995797123,263.00670872889464,269.5235200777008
2025-11-14T10:42:30,1763097150000,NIFTY,2025-11-14T11:24:30,1763099670000,42,optimized,hybrid,256.14575221085585,261.87167421050503,269.6990070421024
2025-11-14T10:42:30,1763097150000,NIFTY,2025-11-14T11:25:30,1763099730000,43,optimized,hybrid,258.0030508856124,262.62479034974683,271.6608604248533
2025-11-14T10:42:30,1763097150000,NIFTY,2025-11-14T11:26:30,1763099790000,44,optimized,hybrid,255.65102806284582,261.3764335577274,271.0570049682619
2025-11-14T10:42:30,1763097150000,NIFTY,2025-11-14T11:27:30,1763099850000,45,optimized,hybrid,258.0151405827324,262.5114207955119,271.4804197435821
2025-11-14T10:42:30,1763097150000,NIFTY,2025-11-14T11:28:30,1763099910000,46,optimized,hybrid,256.651449681316,260.97536669371254,271.2471244921024
2025-11-14T10:42:30,1763097150000,NIFTY,2025-11-14T11:29:30,1763099970000,47,optimized,hybrid,257.1658113323575,262.5772596183274,271.7405959840504
2025-11-14T10:42:30,1763097150000,NIFTY,2025-11-14T11:30:30,1763100030000,48,optimized,hybrid,254.96523056200047,261.1946220641205,272.54281463558607
2025-11-14T10:42:30,1763097150000,NIFTY,2025-11-14T11:31:30,1763100090000,49,optimized,hybrid,256.66565784302185,262.83540439011426,273.64970967859927
2025-11-14T10:42:30,1763097150000,NIFTY,2025-11-14T11:32:30,1763100150000,50,optimized,hybrid,252.66182160382314,263.74032647994,269.7950346860251
2025-11-14T10:42:30,1763097150000,NIFTY,2025-11-14T11:33:30,1763100210000,51,optimized,hybrid,257.87675009407764,262.98336908226804,272.89141860105997
2025-11-14T10:42:30,1763097150000,NIFTY,2025-11-14T11:34:30,1763100270000,52,optimized,hybrid,254.06545270495542,262.22880901591606,271.3915291903748
2025-11-14T10:42:30,1763097150000,NIFTY,2025-11-14T11:35:30,1763100330000,53,optimized,hybrid,257.07433977908335,262.73848529408696,273.9956063512554
2025-11-14T10:42:30,1763097150000,NIFTY,2025-11-14T11:36:30,1763100390000,54,optimized,hybrid,253.35380178023422,263.0673262754922,270.615529609585
2025-11-14T10:42:30,1763097150000,NIFTY,2025-11-14T11:37:30,1763100450000,55,optimized,hybrid,256.5071908313123,262.7763932958812,304.261659605101
2025-11-14T10:42:30,1763097150000,NIFTY,2025-11-14T11:38:30,1763100510000,56,optimized,hybrid,253.9022846616046,263.3733103223333,278.50774260048354
2025-11-14T10:42:30,1763097150000,NIFTY,2025-11-14T11:39:30,1763100570000,57,optimized,hybrid,256.5543771007381,263.14617911258273,281.68073727095066
2025-11-14T10:42:30,1763097150000,NIFTY,2025-11-14T11:40:30,1763100630000,58,optimized,hybrid,253.03865613416517,262.9018451887496,278.9074915006035
2025-11-14T10:42:30,1763097150000,NIFTY,2025-11-14T11:41:30,1763100690000,59,optimized,hybrid,255.1825209536652,262.9210069136866,273.3368517430557
2025-11-14T10:42:30,1763097150000,NIFTY,2025-11-14T11:42:30,1763100750000,60,optimized,hybrid,253.32843906542786,261.5436539701468,274.33419555645554
2025-11-14T11:56:00,1763101560000,NIFTY,2025-11-14T11:57:00,1763101620000,1,optimized,hybrid,235.06148913127245,239.7,242.41431240587747
2025-11-14T11:56:00,1763101560000,NIFTY,2025-11-14T11:58:00,1763101680000,2,optimized,hybrid,234.65879548844214,239.9345809740244,242.72921741269548
2025-11-14T11:56:00,1763101560000,NIFTY,2025-11-14T11:59:00,1763101740000,3,optimized,hybrid,234.73974569125056,239.84396992064904,243.12341979379843
2025-11-14T11:56:00,1763101560000,NIFTY,2025-11-14T12:00:00,1763101800000,4,optimized,hybrid,235.13196962385825,239.84041222264813,243.45426982413747
2025-11-14T11:56:00,1763101560000,NIFTY,2025-11-14T12:01:00,1763101860000,5,optimized,hybrid,235.12916199571697,239.5847573882625,243.4367048554994
2025-11-14T11:56:00,1763101560000,NIFTY,2025-11-14T12:02:00,1763101920000,6,optimized,hybrid,235.04476108115432,239.78057475776205,243.41057516891468
2025-11-14T11:56:00,1763101560000,NIFTY,2025-11-14T12:03:00,1763101980000,7,optimized,hybrid,235.75019917276794,239.75681984398864,242.49820167415555
2025-11-14T11:56:00,1763101560000,NIFTY,2025-11-14T12:04:00,1763102040000,8,optimized,hybrid,235.67754678908307,239.63176353150044,243.14122867610416
2025-11-14T11:56:00,1763101560000,NIFTY,2025-11-14T12:05:00,1763102100000,9,optimized,hybrid,235.6643000540678,239.64981475087615,243.2894728912862
2025-11-14T11:56:00,1763101560000,NIFTY,2025-11-14T12:06:00,1763102160000,10,optimized,hybrid,234.96164255536894,239.7148201254887,242.91299513077504
2025-11-14T11:56:00,1763101560000,NIFTY,2025-11-14T12:07:00,1763102220000,11,optimized,hybrid,235.3127045710256,239.32426084075462,242.79915538161953
2025-11-14T11:56:00,1763101560000,NIFTY,2025-11-14T12:08:00,1763102280000,12,optimized,hybrid,235.85060770391672,239.26826524644574,243.51233287046628
2025-11-14T11:56:00,1763101560000,NIFTY,2025-11-14T12:09:00,1763102340000,13,optimized,hybrid,236.38063078910255,239.14371427314111,243.67000154234955
2025-11-14T11:56:00,1763101560000,NIFTY,2025-11-14T12:10:00,1763102400000,14,optimized,hybrid,235.7813980174998,239.22405851793982,243.49517935125485
2025-11-14T11:56:00,1763101560000,NIFTY,2025-11-14T12:11:00,1763102460000,15,optimized,hybrid,235.53572423207606,239.33224624040423,243.77826890263313
2025-11-14T11:56:00,1763101560000,NIFTY,2025-11-14T12:12:00,1763102520000,16,optimized,hybrid,236.17287743753158,239.07028409782203,243.78443423282258
2025-11-14T11:56:00,1763101560000,NIFTY,2025-11-14T12:13:00,1763102580000,17,optimized,hybrid,236.2808871665966,238.94713952495061,243.3540975958694
2025-11-14T11:56:00,1763101560000,NIFTY,2025-11-14T12:14:00,1763102640000,18,optimized,hybrid,235.84432889834522,239.25770023920182,243.8990207398772
2025-11-14T11:56:00,1763101560000,NIFTY,2025-11-14T12:15:00,1763102700000,19,optimized,hybrid,236.10172459543963,239.45368504001624,244.3741375065113
2025-11-14T11:56:00,1763101560000,NIFTY,2025-11-14T12:16:00,1763102760000,20,optimized,hybrid,236.10297934949196,239.4645735652698,244.63753954513734
2025-11-14T11:56:00,1763101560000,NIFTY,2025-11-14T12:17:00,1763102820000,21,optimized,hybrid,236.39414566665045,239.40062160403045,242.56929573715857
2025-11-14T11:56:00,1763101560000,NIFTY,2025-11-14T12:18:00,1763102880000,22,optimized,hybrid,235.94891870348422,239.4883865934221,242.57845301757408
2025-11-14T11:56:00,1763101560000,NIFTY,2025-11-14T12:19:00,1763102940000,23,optimized,hybrid,236.45091330178388,239.62484670258655,242.41861615613297
2025-11-14T11:56:00,1763101560000,NIFTY,2025-11-14T12:20:00,1763103000000,24,optimized,hybrid,235.43947129526114,239.5115716862515,244.28670707898203
2025-11-14T11:56:00,1763101560000,NIFTY,2025-11-14T12:21:00,1763103060000,25,optimized,hybrid,235.4352138410464,239.37599960336877,244.60747199664647
2025-11-14T11:56:00,1763101560000,NIFTY,2025-11-14T12:22:00,1763103120000,26,optimized,hybrid,235.46609378746234,239.03720731346584,242.53871812673864
2025-11-14T11:56:00,1763101560000,NIFTY,2025-11-14T12:23:00,1763103180000,27,optimized,hybrid,235.4567946576556,239.1897056184054,242.6615825311674
2025-11-14T11:56:00,1763101560000,NIFTY,2025-11-14T12:24:00,1763103240000,28,optimized,hybrid,235.4071611690673,239.48184039077717,244.17688887429864
2025-11-14T11:56:00,1763101560000,NIFTY,2025-11-14T12:25:00,1763103300000,29,optimized,hybrid,236.70905633411923,239.16135071277733,243.13801749828792
2025-11-14T11:56:00,1763101560000,NIFTY,2025-11-14T12:26:00,1763103360000,30,optimized,hybrid,236.8121529447327,238.90124513532012,244.72215137171267
2025-11-14T11:56:00,1763101560000,NIFTY,2025-11-14T12:27:00,1763103420000,31,optimized,hybrid,237.56676279786276,238.79712977741593,244.59421664279083
2025-11-14T11:56:00,1763101560000,NIFTY,2025-11-14T12:28:00,1763103480000,32,optimized,hybrid,236.61684425867242,238.97919440203992,242.8363105191587
2025-11-14T11:56:00,1763101560000,NIFTY,2025-11-14T12:29:00,1763103540000,33,optimized,hybrid,235.68698527275697,239.87881832081166,244.7293970369332
2025-11-14T11:56:00,1763101560000,NIFTY,2025-11-14T12:30:00,1763103600000,34,optimized,hybrid,234.47532289570518,239.51778079288266,243.40866000129847
2025-11-14T11:56:00,1763101560000,NIFTY,2025-11-14T12:31:00,1763103660000,35,optimized,hybrid,235.62177331297843,239.26365671122196,243.48734328054064
2025-11-14T11:56:00,1763101560000,NIFTY,2025-11-14T12:32:00,1763103720000,36,optimized,hybrid,235.72643868282645,239.12861479254678,245.8289027871131
2025-11-14T11:56:00,1763101560000,NIFTY,2025-11-14T12:33:00,1763103780000,37,optimized,hybrid,235.2986728752213,239.61870582606917,245.49051201339356
2025-11-14T11:56:00,1763101560000,NIFTY,2025-11-14T12:34:00,1763103840000,38,optimized,hybrid,235.2592862964153,239.63778465170267,246.2377923014451
2025-11-14T11:56:00,1763101560000,NIFTY,2025-11-14T12:35:00,1763103900000,39,optimized,hybrid,235.51144745106797,239.6742234422216,245.66561249537898
2025-11-14T11:56:00,1763101560000,NIFTY,2025-11-14T12:36:00,1763103960000,40,optimized,hybrid,235.88046149099011,239.1007955745319,246.63226604991843
2025-11-14T11:56:00,1763101560000,NIFTY,2025-11-14T12:37:00,1763104020000,41,optimized,hybrid,234.90306405779967,238.78959038141664,246.37272671762707
2025-11-14T11:56:00,1763101560000,NIFTY,2025-11-14T12:38:00,1763104080000,42,optimized,hybrid,235.3775499666679,239.15209788260083,247.39990410290906
2025-11-14T11:56:00,1763101560000,NIFTY,2025-11-14T12:39:00,1763104140000,43,optimized,hybrid,235.52535192765873,238.6288844840092,247.03140444872483
2025-11-14T11:56:00,1763101560000,NIFTY,2025-11-14T12:40:00,1763104200000,44,optimized,hybrid,236.130315390208,238.73012974804445,247.48332781483532
2025-11-14T11:56:00,1763101560000,NIFTY,2025-11-14T12:41:00,1763104260000,45,optimized,hybrid,235.91483125791697,238.56906498577553,246.78929489616982
2025-11-14T11:56:00,1763101560000,NIFTY,2025-11-14T12:42:00,1763104320000,46,optimized,hybrid,235.45941153341022,238.64795985918965,247.0514783337829
2025-11-14T11:56:00,1763101560000,NIFTY,2025-11-14T12:43:00,1763104380000,47,optimized,hybrid,235.39064030244757,239.3032036522368,246.10368661971708
2025-11-14T11:56:00,1763101560000,NIFTY,2025-11-14T12:44:00,1763104440000,48,optimized,hybrid,233.7352763812485,239.43732081951492,247.0549057233285
2025-11-14T11:56:00,1763101560000,NIFTY,2025-11-14T12:45:00,1763104500000,49,optimized,hybrid,233.09252156255687,239.49841492933535,249.89474860369165
2025-11-14T11:56:00,1763101560000,NIFTY,2025-11-14T12:46:00,1763104560000,50,optimized,hybrid,233.5620090216787,239.35323000621932,251.22558305155476
2025-11-14T11:56:00,1763101560000,NIFTY,2025-11-14T12:47:00,1763104620000,51,optimized,hybrid,235.00481473201415,239.33243501745886,250.06207551030576
2025-11-14T11:56:00,1763101560000,NIFTY,2025-11-14T12:48:00,1763104680000,52,optimized,hybrid,235.4227778197267,239.18844735409857,250.5272769479575
2025-11-14T11:56:00,1763101560000,NIFTY,2025-11-14T12:49:00,1763104740000,53,optimized,hybrid,235.2389210912621,239.0980652521329,250.27245763315383
2025-11-14T11:56:00,1763101560000,NIFTY,2025-11-14T12:50:00,1763104800000,54,optimized,hybrid,235.23301154559854,239.28305594197175,248.749043731853
2025-11-14T11:56:00,1763101560000,NIFTY,2025-11-14T12:51:00,1763104860000,55,optimized,hybrid,235.00329441756085,239.35742741224928,247.93154922151825
2025-11-14T11:56:00,1763101560000,NIFTY,2025-11-14T12:52:00,1763104920000,56,optimized,hybrid,236.1255147227194,239.4402717775444,247.75696025612697
2025-11-14T11:56:00,1763101560000,NIFTY,2025-11-14T12:53:00,1763104980000,57,optimized,hybrid,235.120096953014,239.6540790414883,247.9683810640137
2025-11-14T11:56:00,1763101560000,NIFTY,2025-11-14T12:54:00,1763105040000,58,optimized,hybrid,234.86576618261043,239.47858349936627,247.3208595665358
2025-11-14T11:56:00,1763101560000,NIFTY,2025-11-14T12:55:00,1763105100000,59,optimized,hybrid,234.25746614370095,239.3574627003574,246.74510591148103
2025-11-14T11:56:00,1763101560000,NIFTY,2025-11-14T12:56:00,1763105160000,60,optimized,hybrid,235.0946153482515,239.01472484431747,246.74619886573072
2025-11-14T11:56:00,1763101560000,NIFTY,2025-11-14T11:57:00,1763101620000,1,optimized,hybrid,236.9022578830785,239.7,242.84305766477803
2025-11-14T11:56:00,1763101560000,NIFTY,2025-11-14T11:58:00,1763101680000,2,optimized,hybrid,235.93883843699828,239.8996836554655,244.65799409175543
2025-11-14T11:56:00,1763101560000,NIFTY,2025-11-14T11:59:00,1763101740000,3,optimized,hybrid,236.6194169782908,239.8289916699928,243.68738215802287
2025-11-14T11:56:00,1763101560000,NIFTY,2025-11-14T12:00:00,1763101800000,4,optimized,hybrid,235.92589382822862,239.82127270042068,243.68825443269205
2025-11-14T11:56:00,1763101560000,NIFTY,2025-11-14T12:01:00,1763101860000,5,optimized,hybrid,235.75402676146027,239.78004841222528,243.75565318057394
2025-11-14T11:56:00,1763101560000,NIFTY,2025-11-14T12:02:00,1763101920000,6,optimized,hybrid,236.34094863873855,239.66686869831562,243.1938762336807
2025-11-14T11:56:00,1763101560000,NIFTY,2025-11-14T12:03:00,1763101980000,7,optimized,hybrid,236.60115911232464,239.6794432864736,242.28974070733528
2025-11-14T11:56:00,1763101560000,NIFTY,2025-11-14T12:04:00,1763102040000,8,optimized,hybrid,235.91162069295777,239.4866207150686,242.88693588155286
2025-11-14T11:56:00,1763101560000,NIFTY,2025-11-14T12:05:00,1763102100000,9,optimized,hybrid,235.46177561058258,239.45485906979073,243.63262204753497
2025-11-14T11:56:00,1763101560000,NIFTY,2025-11-14T12:06:00,1763102160000,10,optimized,hybrid,235.49268702133722,239.57489275894056,245.78147363750642
2025-11-14T11:56:00,1763101560000,NIFTY,2025-11-14T12:07:00,1763102220000,11,optimized,hybrid,236.2180953990431,239.15776623627912,245.22095422813007
2025-11-14T11:56:00,1763101560000,NIFTY,2025-11-14T12:08:00,1763102280000,12,optimized,hybrid,235.95339911796097,239.2039727524974,244.5269402597194
2025-11-14T11:56:00,1763101560000,NIFTY,2025-11-14T12:09:00,1763102340000,13,optimized,hybrid,236.28125733145825,239.2667742661042,244.57052912167813
2025-11-14T11:56:00,1763101560000,NIFTY,2025-11-14T12:10:00,1763102400000,14,optimized,hybrid,235.92635481731696,239.45701545380857,244.4895462222325
2025-11-14T11:56:00,1763101560000,NIFTY,2025-11-14T12:11:00,1763102460000,15,optimized,hybrid,235.63789747004077,239.44848747036914,244.59175825873504
2025-11-14T11:56:00,1763101560000,NIFTY,2025-11-14T12:12:00,1763102520000,16,optimized,hybrid,235.96942852919625,239.48347729634585,244.44717354546512
2025-11-14T11:56:00,1763101560000,NIFTY,2025-11-14T12:13:00,1763102580000,17,optimized,hybrid,236.23125078541543,239.05970082449838,244.90286411606124
2025-11-14T11:56:00,1763101560000,NIFTY,2025-11-14T12:14:00,1763102640000,18,optimized,hybrid,235.56379274507916,239.88122708669098,244.17512896919686
2025-11-14T11:56:00,1763101560000,NIFTY,2025-11-14T12:15:00,1763102700000,19,optimized,hybrid,235.84294184092244,239.77796402887444,245.29277914820716
2025-11-14T11:56:00,1763101560000,NIFTY,2025-11-14T12:16:00,1763102760000,20,optimized,hybrid,235.80639587362163,239.81287276016272,246.0788156393009
2025-11-14T11:56:00,1763101560000,NIFTY,2025-11-14T12:17:00,1763102820000,21,optimized,hybrid,236.25158455778404,239.53896492536117,244.8262793707267
2025-11-14T11:56:00,1763101560000,NIFTY,2025-11-14T12:18:00,1763102880000,22,optimized,hybrid,235.82683402817068,239.53910461361417,245.29087782163774
2025-11-14T11:56:00,1763101560000,NIFTY,2025-11-14T12:19:00,1763102940000,23,optimized,hybrid,236.48790429575092,239.5076825185198,242.8667422693217
2025-11-14T11:56:00,1763101560000,NIFTY,2025-11-14T12:20:00,1763103000000,24,optimized,hybrid,235.71415227837406,239.4759594660321,245.67108418219584
2025-11-14T11:56:00,1763101560000,NIFTY,2025-11-14T12:21:00,1763103060000,25,optimized,hybrid,235.52083656463736,239.45167011858763,245.78250217857604
2025-11-14T11:56:00,1763101560000,NIFTY,2025-11-14T12:22:00,1763103120000,26,optimized,hybrid,235.84973809825897,239.0343109287294,243.43777670023644
2025-11-14T11:56:00,1763101560000,NIFTY,2025-11-14T12:23:00,1763103180000,27,optimized,hybrid,236.3332153585243,239.0501702475034,245.6469969901452
2025-11-14T11:56:00,1763101560000,NIFTY,2025-11-14T12:24:00,1763103240000,28,optimized,hybrid,235.879688471608,239.57684663353734,245.5176504757513
2025-11-14T11:56:00,1763101560000,NIFTY,2025-11-14T12:25:00,1763103300000,29,optimized,hybrid,236.8137744272544,239.3106213839771,244.27011490741526
2025-11-14T11:56:00,1763101560000,NIFTY,2025-11-14T12:26:00,1763103360000,30,optimized,hybrid,237.20786022021903,238.81791822167077,245.90614776596703
2025-11-14T11:56:00,1763101560000,NIFTY,2025-11-14T12:27:00,1763103420000,31,optimized,hybrid,237.31134874822683,239.13582252141254,245.62172819980705
2025-11-14T11:56:00,1763101560000,NIFTY,2025-11-14T12:28:00,1763103480000,32,optimized,hybrid,236.85639521449244,239.5886010212203,244.46588164799573
2025-11-14T11:56:00,1763101560000,NIFTY,2025-11-14T12:29:00,1763103540000,33,optimized,hybrid,235.88769108452547,239.9605449514411,244.43029299510476
2025-11-14T11:56:00,1763101560000,NIFTY,2025-11-14T12:30:00,1763103600000,34,optimized,hybrid,235.07465518952205,240.03787691692702,244.3762535811502
2025-11-14T11:56:00,1763101560000,NIFTY,2025-11-14T12:31:00,1763103660000,35,optimized,hybrid,235.60589960581254,239.81811710983368,244.61683947371924
2025-11-14T11:56:00,1763101560000,NIFTY,2025-11-14T12:32:00,1763103720000,36,optimized,hybrid,235.1245332632372,239.96107569420332,246.84288732124577
2025-11-14T11:56:00,1763101560000,NIFTY,2025-11-14T12:33:00,1763103780000,37,optimized,hybrid,235.29688558906713,239.77121545274514,245.26064327787404
2025-11-14T11:56:00,1763101560000,NIFTY,2025-11-14T12:34:00,1763103840000,38,optimized,hybrid,235.43783018770247,239.91070954650135,245.68116347270941
2025-11-14T11:56:00,1763101560000,NIFTY,2025-11-14T12:35:00,1763103900000,39,optimized,hybrid,235.80937267058016,239.70603137309894,245.55471748364593
2025-11-14T11:56:00,1763101560000,NIFTY,2025-11-14T12:36:00,1763103960000,40,optimized,hybrid,235.6815963742143,239.21136972112282,245.9806033248412
2025-11-14T11:56:00,1763101560000,NIFTY,2025-11-14T12:37:00,1763104020000,41,optimized,hybrid,235.2152015948305,239.08341924119821,245.6891225539332
2025-11-14T11:56:00,1763101560000,NIFTY,2025-11-14T12:38:00,1763104080000,42,optimized,hybrid,235.25506311110328,239.30515162562799,246.38341789988874
2025-11-14T11:56:00,1763101560000,NIFTY,2025-11-14T12:39:00,1763104140000,43,optimized,hybrid,235.96335130572794,238.6444843582011,246.3252469061148
2025-11-14T11:56:00,1763101560000,NIFTY,2025-11-14T12:40:00,1763104200000,44,optimized,hybrid,235.95227279573606,238.6500413677463,246.44609360163662
2025-11-14T11:56:00,1763101560000,NIFTY,2025-11-14T12:41:00,1763104260000,45,optimized,hybrid,235.74274511982094,238.6122325792572,246.24471423206896
2025-11-14T11:56:00,1763101560000,NIFTY,2025-11-14T12:42:00,1763104320000,46,optimized,hybrid,236.11390030715972,239.05476826302458,246.15304592627035
2025-11-14T11:56:00,1763101560000,NIFTY,2025-11-14T12:43:00,1763104380000,47,optimized,hybrid,235.65186239254237,239.3708849855065,245.849855372637
2025-11-14T11:56:00,1763101560000,NIFTY,2025-11-14T12:44:00,1763104440000,48,optimized,hybrid,235.41743675202125,239.2305466755468,246.22238168298168
2025-11-14T11:56:00,1763101560000,NIFTY,2025-11-14T12:45:00,1763104500000,49,optimized,hybrid,235.3459236865211,239.3371672525728,248.3226077570878
2025-11-14T11:56:00,1763101560000,NIFTY,2025-11-14T12:46:00,1763104560000,50,optimized,hybrid,235.17741305076777,239.18927776775436,248.967768649404
2025-11-14T11:56:00,1763101560000,NIFTY,2025-11-14T12:47:00,1763104620000,51,optimized,hybrid,235.74552934106626,239.16890124650124,248.75416826872313
2025-11-14T11:56:00,1763101560000,NIFTY,2025-11-14T12:48:00,1763104680000,52,optimized,hybrid,235.26261589120725,239.1619411166673,249.03525272406614
2025-11-14T11:56:00,1763101560000,NIFTY,2025-11-14T12:49:00,1763104740000,53,optimized,hybrid,235.52600243092095,238.9651661350636,248.7595152547468
2025-11-14T11:56:00,1763101560000,NIFTY,2025-11-14T12:50:00,1763104800000,54,optimized,hybrid,235.61988448422866,239.06849973309588,247.43906766687726
2025-11-14T11:56:00,1763101560000,NIFTY,2025-11-14T12:51:00,1763104860000,55,optimized,hybrid,235.38869513804946,239.14471165483747,248.6748151333389
2025-11-14T11:56:00,1763101560000,NIFTY,2025-11-14T12:52:00,1763104920000,56,optimized,hybrid,236.18513388955066,239.24757813714723,247.02863912986464
2025-11-14T11:56:00,1763101560000,NIFTY,2025-11-14T12:53:00,1763104980000,57,optimized,hybrid,235.58401341697126,239.44540766852074,247.02444050307878
2025-11-14T11:56:00,1763101560000,NIFTY,2025-11-14T12:54:00,1763105040000,58,optimized,hybrid,235.25054864889313,239.31113494697738,246.86773702604725
2025-11-14T11:56:00,1763101560000,NIFTY,2025-11-14T12:55:00,1763105100000,59,optimized,hybrid,234.7632486616796,239.23960771284683,246.27242802951739
2025-11-14T11:56:00,1763101560000,NIFTY,2025-11-14T12:56:00,1763105160000,60,optimized,hybrid,235.05237657732457,238.94700457093236,246.14326561883266
2025-11-14T11:56:00,1763101560000,NIFTY,2025-11-14T11:57:00,1763101620000,1,optimized,hybrid,236.9022578830785,239.7,242.84305766477803
2025-11-14T11:56:00,1763101560000,NIFTY,2025-11-14T11:58:00,1763101680000,2,optimized,hybrid,235.93883843699828,239.8996836554655,244.65799409175543
2025-11-14T11:56:00,1763101560000,NIFTY,2025-11-14T11:59:00,1763101740000,3,optimized,hybrid,236.6194169782908,239.8289916699928,243.68738215802287
2025-11-14T11:56:00,1763101560000,NIFTY,2025-11-14T12:00:00,1763101800000,4,optimized,hybrid,235.92589382822862,239.82127270042068,243.68825443269205
2025-11-14T11:56:00,1763101560000,NIFTY,2025-11-14T12:01:00,1763101860000,5,optimized,hybrid,235.75402676146027,239.78004841222528,243.75565318057394
2025-11-14T11:56:00,1763101560000,NIFTY,2025-11-14T12:02:00,1763101920000,6,optimized,hybrid,236.34094863873855,239.66686869831562,243.1938762336807
2025-11-14T11:56:00,1763101560000,NIFTY,2025-11-14T12:03:00,1763101980000,7,optimized,hybrid,236.60115911232464,239.6794432864736,242.28974070733528
2025-11-14T11:56:00,1763101560000,NIFTY,2025-11-14T12:04:00,1763102040000,8,optimized,hybrid,235.91162069295777,239.4866207150686,242.88693588155286
2025-11-14T11:56:00,1763101560000,NIFTY,2025-11-14T12:05:00,1763102100000,9,optimized,hybrid,235.46177561058258,239.45485906979073,243.63262204753497
2025-11-14T11:56:00,1763101560000,NIFTY,2025-11-14T12:06:00,1763102160000,10,optimized,hybrid,235.49268702133722,239.57489275894056,245.78147363750642
2025-11-14T11:56:00,1763101560000,NIFTY,2025-11-14T12:07:00,1763102220000,11,optimized,hybrid,236.2180953990431,239.15776623627912,245.22095422813007
2025-11-14T11:56:00,1763101560000,NIFTY,2025-11-14T12:08:00,1763102280000,12,optimized,hybrid,235.95339911796097,239.2039727524974,244.5269402597194
2025-11-14T11:56:00,1763101560000,NIFTY,2025-11-14T12:09:00,1763102340000,13,optimized,hybrid,236.28125733145825,239.2667742661042,244.57052912167813
2025-11-14T11:56:00,1763101560000,NIFTY,2025-11-14T12:10:00,1763102400000,14,optimized,hybrid,235.92635481731696,239.45701545380857,244.4895462222325
2025-11-14T11:56:00,1763101560000,NIFTY,2025-11-14T12:11:00,1763102460000,15,optimized,hybrid,235.63789747004077,239.44848747036914,244.59175825873504
2025-11-14T11:56:00,1763101560000,NIFTY,2025-11-14T12:12:00,1763102520000,16,optimized,hybrid,235.96942852919625,239.48347729634585,244.44717354546512
2025-11-14T11:56:00,1763101560000,NIFTY,2025-11-14T12:13:00,1763102580000,17,optimized,hybrid,236.23125078541543,239.05970082449838,244.90286411606124
2025-11-14T11:56:00,1763101560000,NIFTY,2025-11-14T12:14:00,1763102640000,18,optimized,hybrid,235.56379274507916,239.88122708669098,244.17512896919686
2025-11-14T11:56:00,1763101560000,NIFTY,2025-11-14T12:15:00,1763102700000,19,optimized,hybrid,235.84294184092244,239.77796402887444,245.29277914820716
2025-11-14T11:56:00,1763101560000,NIFTY,2025-11-14T12:16:00,1763102760000,20,optimized,hybrid,235.80639587362163,239.81287276016272,246.0788156393009
2025-11-14T11:56:00,1763101560000,NIFTY,2025-11-14T12:17:00,1763102820000,21,optimized,hybrid,236.25158455778404,239.53896492536117,244.8262793707267
2025-11-14T11:56:00,1763101560000,NIFTY,2025-11-14T12:18:00,1763102880000,22,optimized,hybrid,235.82683402817068,239.53910461361417,245.29087782163774
2025-11-14T11:56:00,1763101560000,NIFTY,2025-11-14T12:19:00,1763102940000,23,optimized,hybrid,236.48790429575092,239.5076825185198,242.8667422693217
2025-11-14T11:56:00,1763101560000,NIFTY,2025-11-14T12:20:00,1763103000000,24,optimized,hybrid,235.71415227837406,239.4759594660321,245.67108418219584
2025-11-14T11:56:00,1763101560000,NIFTY,2025-11-14T12:21:00,1763103060000,25,optimized,hybrid,235.52083656463736,239.45167011858763,245.78250217857604
2025-11-14T11:56:00,1763101560000,NIFTY,2025-11-14T12:22:00,1763103120000,26,optimized,hybrid,235.84973809825897,239.0343109287294,243.43777670023644
2025-11-14T11:56:00,1763101560000,NIFTY,2025-11-14T12:23:00,1763103180000,27,optimized,hybrid,236.3332153585243,239.0501702475034,245.6469969901452
2025-11-14T11:56:00,1763101560000,NIFTY,2025-11-14T12:24:00,1763103240000,28,optimized,hybrid,235.879688471608,239.57684663353734,245.5176504757513
2025-11-14T11:56:00,1763101560000,NIFTY,2025-11-14T12:25:00,1763103300000,29,optimized,hybrid,236.8137744272544,239.3106213839771,244.27011490741526
2025-11-14T11:56:00,1763101560000,NIFTY,2025-11-14T12:26:00,1763103360000,30,optimized,hybrid,237.20786022021903,238.81791822167077,245.90614776596703
2025-11-14T11:56:00,1763101560000,NIFTY,2025-11-14T12:27:00,1763103420000,31,optimized,hybrid,237.31134874822683,239.13582252141254,245.62172819980705
2025-11-14T11:56:00,1763101560000,NIFTY,2025-11-14T12:28:00,1763103480000,32,optimized,hybrid,236.85639521449244,239.5886010212203,244.46588164799573
2025-11-14T11:56:00,1763101560000,NIFTY,2025-11-14T12:29:00,1763103540000,33,optimized,hybrid,235.88769108452547,239.9605449514411,244.43029299510476
2025-11-14T11:56:00,1763101560000,NIFTY,2025-11-14T12:30:00,1763103600000,34,optimized,hybrid,235.07465518952205,240.03787691692702,244.3762535811502
2025-11-14T11:56:00,1763101560000,NIFTY,2025-11-14T12:31:00,1763103660000,35,optimized,hybrid,235.60589960581254,239.81811710983368,244.61683947371924
2025-11-14T11:56:00,1763101560000,NIFTY,2025-11-14T12:32:00,1763103720000,36,optimized,hybrid,235.1245332632372,239.96107569420332,246.84288732124577
2025-11-14T11:56:00,1763101560000,NIFTY,2025-11-14T12:33:00,1763103780000,37,optimized,hybrid,235.29688558906713,239.77121545274514,245.26064327787404
2025-11-14T11:56:00,1763101560000,NIFTY,2025-11-14T12:34:00,1763103840000,38,optimized,hybrid,235.43783018770247,239.91070954650135,245.68116347270941
2025-11-14T11:56:00,1763101560000,NIFTY,2025-11-14T12:35:00,1763103900000,39,optimized,hybrid,235.80937267058016,239.70603137309894,245.55471748364593
2025-11-14T11:56:00,1763101560000,NIFTY,2025-11-14T12:36:00,1763103960000,40,optimized,hybrid,235.6815963742143,239.21136972112282,245.9806033248412
2025-11-14T11:56:00,1763101560000,NIFTY,2025-11-14T12:37:00,1763104020000,41,optimized,hybrid,235.2152015948305,239.08341924119821,245.6891225539332
2025-11-14T11:56:00,1763101560000,NIFTY,2025-11-14T12:38:00,1763104080000,42,optimized,hybrid,235.25506311110328,239.30515162562799,246.38341789988874
2025-11-14T11:56:00,1763101560000,NIFTY,2025-11-14T12:39:00,1763104140000,43,optimized,hybrid,235.96335130572794,238.6444843582011,246.3252469061148
2025-11-14T11:56:00,1763101560000,NIFTY,2025-11-14T12:40:00,1763104200000,44,optimized,hybrid,235.95227279573606,238.6500413677463,246.44609360163662
2025-11-14T11:56:00,1763101560000,NIFTY,2025-11-14T12:41:00,1763104260000,45,optimized,hybrid,235.74274511982094,238.6122325792572,246.24471423206896
2025-11-14T11:56:00,1763101560000,NIFTY,2025-11-14T12:42:00,1763104320000,46,optimized,hybrid,236.11390030715972,239.05476826302458,246.15304592627035
2025-11-14T11:56:00,1763101560000,NIFTY,2025-11-14T12:43:00,1763104380000,47,optimized,hybrid,235.65186239254237,239.3708849855065,245.849855372637
2025-11-14T11:56:00,1763101560000,NIFTY,2025-11-14T12:44:00,1763104440000,48,optimized,hybrid,235.41743675202125,239.2305466755468,246.22238168298168
2025-11-14T11:56:00,1763101560000,NIFTY,2025-11-14T12:45:00,1763104500000,49,optimized,hybrid,235.3459236865211,239.3371672525728,248.3226077570878
2025-11-14T11:56:00,1763101560000,NIFTY,2025-11-14T12:46:00,1763104560000,50,optimized,hybrid,235.17741305076777,239.18927776775436,248.967768649404
2025-11-14T11:56:00,1763101560000,NIFTY,2025-11-14T12:47:00,1763104620000,51,optimized,hybrid,235.74552934106626,239.16890124650124,248.75416826872313
2025-11-14T11:56:00,1763101560000,NIFTY,2025-11-14T12:48:00,1763104680000,52,optimized,hybrid,235.26261589120725,239.1619411166673,249.03525272406614
2025-11-14T11:56:00,1763101560000,NIFTY,2025-11-14T12:49:00,1763104740000,53,optimized,hybrid,235.52600243092095,238.9651661350636,248.7595152547468
2025-11-14T11:56:00,1763101560000,NIFTY,2025-11-14T12:50:00,1763104800000,54,optimized,hybrid,235.61988448422866,239.06849973309588,247.43906766687726
2025-11-14T11:56:00,1763101560000,NIFTY,2025-11-14T12:51:00,1763104860000,55,optimized,hybrid,235.38869513804946,239.14471165483747,248.6748151333389
2025-11-14T11:56:00,1763101560000,NIFTY,2025-11-14T12:52:00,1763104920000,56,optimized,hybrid,236.18513388955066,239.24757813714723,247.02863912986464
2025-11-14T11:56:00,1763101560000,NIFTY,2025-11-14T12:53:00,1763104980000,57,optimized,hybrid,235.58401341697126,239.44540766852074,247.02444050307878
2025-11-14T11:56:00,1763101560000,NIFTY,2025-11-14T12:54:00,1763105040000,58,optimized,hybrid,235.25054864889313,239.31113494697738,246.86773702604725
2025-11-14T11:56:00,1763101560000,NIFTY,2025-11-14T12:55:00,1763105100000,59,optimized,hybrid,234.7632486616796,239.23960771284683,246.27242802951739
2025-11-14T11:56:00,1763101560000,NIFTY,2025-11-14T12:56:00,1763105160000,60,optimized,hybrid,235.05237657732457,238.94700457093236,246.14326561883266
2025-11-14T12:16:00,1763102760000,NIFTY,2025-11-14T12:17:00,1763102820000,1,optimized,hybrid,236.0022578830785,238.79999999999998,241.94305766477802
2025-11-14T12:16:00,1763102760000,NIFTY,2025-11-14T12:18:00,1763102880000,2,optimized,hybrid,235.03883843699828,238.9996836554655,243.75799409175542
2025-11-14T12:16:00,1763102760000,NIFTY,2025-11-14T12:19:00,1763102940000,3,optimized,hybrid,235.71941697829078,238.9289916699928,242.78738215802287
2025-11-14T12:16:00,1763102760000,NIFTY,2025-11-14T12:20:00,1763103000000,4,optimized,hybrid,235.02589382822862,238.92127270042067,242.78825443269204
2025-11-14T12:16:00,1763102760000,NIFTY,2025-11-14T12:21:00,1763103060000,5,optimized,hybrid,234.85402676146026,238.88004841222528,242.85565318057394
2025-11-14T12:16:00,1763102760000,NIFTY,2025-11-14T12:22:00,1763103120000,6,optimized,hybrid,235.44094863873858,238.76686869831562,242.2938762336807
2025-11-14T12:16:00,1763102760000,NIFTY,2025-11-14T12:23:00,1763103180000,7,optimized,hybrid,235.70115911232463,238.7794432864736,241.38974070733528
2025-11-14T12:16:00,1763102760000,NIFTY,2025-11-14T12:24:00,1763103240000,8,optimized,hybrid,235.01162069295776,238.5866207150686,241.98693588155285
2025-11-14T12:16:00,1763102760000,NIFTY,2025-11-14T12:25:00,1763103300000,9,optimized,hybrid,234.56177561058257,238.55485906979072,242.73262204753496
2025-11-14T12:16:00,1763102760000,NIFTY,2025-11-14T12:26:00,1763103360000,10,optimized,hybrid,234.5926870213372,238.67489275894056,244.88147363750642
2025-11-14T12:16:00,1763102760000,NIFTY,2025-11-14T12:27:00,1763103420000,11,optimized,hybrid,235.3180953990431,238.2577662362791,244.32095422813006
2025-11-14T12:16:00,1763102760000,NIFTY,2025-11-14T12:28:00,1763103480000,12,optimized,hybrid,235.05339911796096,238.3039727524974,243.6269402597194
2025-11-14T12:16:00,1763102760000,NIFTY,2025-11-14T12:29:00,1763103540000,13,optimized,hybrid,235.38125733145824,238.3667742661042,243.67052912167813
2025-11-14T12:16:00,1763102760000,NIFTY,2025-11-14T12:30:00,1763103600000,14,optimized,hybrid,235.02635481731696,238.55701545380856,243.58954622223249
2025-11-14T12:16:00,1763102760000,NIFTY,2025-11-14T12:31:00,1763103660000,15,optimized,hybrid,234.73789747004076,238.54848747036914,243.69175825873504
2025-11-14T12:16:00,1763102760000,NIFTY,2025-11-14T12:32:00,1763103720000,16,optimized,hybrid,235.06942852919624,238.58347729634585,243.5471735454651
2025-11-14T12:16:00,1763102760000,NIFTY,2025-11-14T12:33:00,1763103780000,17,optimized,hybrid,235.33125078541542,238.15970082449837,244.00286411606123
2025-11-14T12:16:00,1763102760000,NIFTY,2025-11-14T12:34:00,1763103840000,18,optimized,hybrid,234.66379274507915,238.98122708669098,243.27512896919686
2025-11-14T12:16:00,1763102760000,NIFTY,2025-11-14T12:35:00,1763103900000,19,optimized,hybrid,234.94294184092243,238.87796402887443,244.39277914820715
2025-11-14T12:16:00,1763102760000,NIFTY,2025-11-14T12:36:00,1763103960000,20,optimized,hybrid,234.90639587362162,238.9128727601627,245.1788156393009
2025-11-14T12:16:00,1763102760000,NIFTY,2025-11-14T12:37:00,1763104020000,21,optimized,hybrid,235.35158455778404,238.63896492536117,243.9262793707267
2025-11-14T12:16:00,1763102760000,NIFTY,2025-11-14T12:38:00,1763104080000,22,optimized,hybrid,234.92683402817067,238.63910461361417,244.39087782163773
2025-11-14T12:16:00,1763102760000,NIFTY,2025-11-14T12:39:00,1763104140000,23,optimized,hybrid,235.58790429575092,238.6076825185198,241.96674226932168
2025-11-14T12:16:00,1763102760000,NIFTY,2025-11-14T12:40:00,1763104200000,24,optimized,hybrid,234.81415227837405,238.5759594660321,244.7710841821958
2025-11-14T12:16:00,1763102760000,NIFTY,2025-11-14T12:41:00,1763104260000,25,optimized,hybrid,234.6208365646374,238.55167011858762,244.88250217857603
2025-11-14T12:16:00,1763102760000,NIFTY,2025-11-14T12:42:00,1763104320000,26,optimized,hybrid,234.94973809825896,238.1343109287294,242.53777670023644
2025-11-14T12:16:00,1763102760000,NIFTY,2025-11-14T12:43:00,1763104380000,27,optimized,hybrid,235.4332153585243,238.15017024750338,244.7469969901452
2025-11-14T12:16:00,1763102760000,NIFTY,2025-11-14T12:44:00,1763104440000,28,optimized,hybrid,234.979688471608,238.67684663353734,244.6176504757513
2025-11-14T12:16:00,1763102760000,NIFTY,2025-11-14T12:45:00,1763104500000,29,optimized,hybrid,235.9137744272544,238.4106213839771,243.37011490741526
2025-11-14T12:16:00,1763102760000,NIFTY,2025-11-14T12:46:00,1763104560000,30,optimized,hybrid,236.30786022021903,237.91791822167076,245.00614776596703
2025-11-14T12:16:00,1763102760000,NIFTY,2025-11-14T12:47:00,1763104620000,31,optimized,hybrid,236.41134874822683,238.23582252141253,244.72172819980705
2025-11-14T12:16:00,1763102760000,NIFTY,2025-11-14T12:48:00,1763104680000,32,optimized,hybrid,235.95639521449243,238.6886010212203,243.56588164799572
2025-11-14T12:16:00,1763102760000,NIFTY,2025-11-14T12:49:00,1763104740000,33,optimized,hybrid,234.98769108452547,239.0605449514411,243.53029299510476
2025-11-14T12:16:00,1763102760000,NIFTY,2025-11-14T12:50:00,1763104800000,34,optimized,hybrid,234.17465518952204,239.137876916927,243.4762535811502
2025-11-14T12:16:00,1763102760000,NIFTY,2025-11-14T12:51:00,1763104860000,35,optimized,hybrid,234.70589960581253,238.91811710983367,243.71683947371923
2025-11-14T12:16:00,1763102760000,NIFTY,2025-11-14T12:52:00,1763104920000,36,optimized,hybrid,234.2245332632372,239.0610756942033,245.94288732124576
2025-11-14T12:16:00,1763102760000,NIFTY,2025-11-14T12:53:00,1763104980000,37,optimized,hybrid,234.39688558906713,238.87121545274513,244.36064327787403
2025-11-14T12:16:00,1763102760000,NIFTY,2025-11-14T12:54:00,1763105040000,38,optimized,hybrid,234.53783018770247,239.01070954650135,244.7811634727094
2025-11-14T12:16:00,1763102760000,NIFTY,2025-11-14T12:55:00,1763105100000,39,optimized,hybrid,234.90937267058015,238.80603137309893,244.65471748364592
2025-11-14T12:16:00,1763102760000,NIFTY,2025-11-14T12:56:00,1763105160000,40,optimized,hybrid,234.7815963742143,238.31136972112282,245.0806033248412
2025-11-14T12:16:00,1763102760000,NIFTY,2025-11-14T12:57:00,1763105220000,41,optimized,hybrid,234.31520159483048,238.1834192411982,244.7891225539332
2025-11-14T12:16:00,1763102760000,NIFTY,2025-11-14T12:58:00,1763105280000,42,optimized,hybrid,234.35506311110328,238.40515162562798,245.48341789988874
2025-11-14T12:16:00,1763102760000,NIFTY,2025-11-14T12:59:00,1763105340000,43,optimized,hybrid,235.06335130572793,237.7444843582011,245.4252469061148
2025-11-14T12:16:00,1763102760000,NIFTY,2025-11-14T13:00:00,1763105400000,44,optimized,hybrid,235.05227279573606,237.7500413677463,245.5460936016366
2025-11-14T12:16:00,1763102760000,NIFTY,2025-11-14T13:01:00,1763105460000,45,optimized,hybrid,234.84274511982093,237.7122325792572,245.34471423206895
2025-11-14T12:16:00,1763102760000,NIFTY,2025-11-14T13:02:00,1763105520000,46,optimized,hybrid,235.21390030715972,238.15476826302458,245.25304592627035
2025-11-14T12:16:00,1763102760000,NIFTY,2025-11-14T13:03:00,1763105580000,47,optimized,hybrid,234.75186239254236,238.4708849855065,244.949855372637
2025-11-14T12:16:00,1763102760000,NIFTY,2025-11-14T13:04:00,1763105640000,48,optimized,hybrid,234.51743675202124,238.3305466755468,245.32238168298167
2025-11-14T12:16:00,1763102760000,NIFTY,2025-11-14T13:05:00,1763105700000,49,optimized,hybrid,234.4459236865211,238.4371672525728,247.4226077570878
2025-11-14T12:16:00,1763102760000,NIFTY,2025-11-14T13:06:00,1763105760000,50,optimized,hybrid,234.27741305076776,238.28927776775436,248.067768649404
2025-11-14T12:16:00,1763102760000,NIFTY,2025-11-14T13:07:00,1763105820000,51,optimized,hybrid,234.84552934106625,238.26890124650123,247.85416826872313
2025-11-14T12:16:00,1763102760000,NIFTY,2025-11-14T13:08:00,1763105880000,52,optimized,hybrid,234.36261589120724,238.2619411166673,248.13525272406613
2025-11-14T12:16:00,1763102760000,NIFTY,2025-11-14T13:09:00,1763105940000,53,optimized,hybrid,234.62600243092095,238.0651661350636,247.85951525474678
2025-11-14T12:16:00,1763102760000,NIFTY,2025-11-14T13:10:00,1763106000000,54,optimized,hybrid,234.71988448422866,238.16849973309587,246.53906766687726
2025-11-14T12:16:00,1763102760000,NIFTY,2025-11-14T13:11:00,1763106060000,55,optimized,hybrid,234.48869513804945,238.24471165483746,247.7748151333389
2025-11-14T12:16:00,1763102760000,NIFTY,2025-11-14T13:12:00,1763106120000,56,optimized,hybrid,235.28513388955065,238.34757813714722,246.12863912986464
2025-11-14T12:16:00,1763102760000,NIFTY,2025-11-14T13:13:00,1763106180000,57,optimized,hybrid,234.68401341697125,238.54540766852074,246.12444050307877
2025-11-14T12:16:00,1763102760000,NIFTY,2025-11-14T13:14:00,1763106240000,58,optimized,hybrid,234.35054864889315,238.41113494697737,245.96773702604725
2025-11-14T12:16:00,1763102760000,NIFTY,2025-11-14T13:15:00,1763106300000,59,optimized,hybrid,233.8632486616796,238.33960771284683,245.37242802951738
2025-11-14T12:16:00,1763102760000,NIFTY,2025-11-14T13:16:00,1763106360000,60,optimized,hybrid,234.15237657732456,238.04700457093236,245.24326561883265
2025-11-14T12:16:00,1763102760000,NIFTY,2025-11-14T12:17:00,1763102820000,1,optimized,hybrid,236.0022578830785,238.79999999999998,241.94305766477802
2025-11-14T12:16:00,1763102760000,NIFTY,2025-11-14T12:18:00,1763102880000,2,optimized,hybrid,235.03883843699828,238.9996836554655,243.75799409175542
2025-11-14T12:16:00,1763102760000,NIFTY,2025-11-14T12:19:00,1763102940000,3,optimized,hybrid,235.71941697829078,238.9289916699928,242.78738215802287
2025-11-14T12:16:00,1763102760000,NIFTY,2025-11-14T12:20:00,1763103000000,4,optimized,hybrid,235.02589382822862,238.92127270042067,242.78825443269204
2025-11-14T12:16:00,1763102760000,NIFTY,2025-11-14T12:21:00,1763103060000,5,optimized,hybrid,234.85402676146026,238.88004841222528,242.85565318057394
2025-11-14T12:16:00,1763102760000,NIFTY,2025-11-14T12:22:00,1763103120000,6,optimized,hybrid,235.44094863873858,238.76686869831562,242.2938762336807
2025-11-14T12:16:00,1763102760000,NIFTY,2025-11-14T12:23:00,1763103180000,7,optimized,hybrid,235.70115911232463,238.7794432864736,241.38974070733528
2025-11-14T12:16:00,1763102760000,NIFTY,2025-11-14T12:24:00,1763103240000,8,optimized,hybrid,235.01162069295776,238.5866207150686,241.98693588155285
2025-11-14T12:16:00,1763102760000,NIFTY,2025-11-14T12:25:00,1763103300000,9,optimized,hybrid,234.56177561058257,238.55485906979072,242.73262204753496
2025-11-14T12:16:00,1763102760000,NIFTY,2025-11-14T12:26:00,1763103360000,10,optimized,hybrid,234.5926870213372,238.67489275894056,244.88147363750642
2025-11-14T12:16:00,1763102760000,NIFTY,2025-11-14T12:27:00,1763103420000,11,optimized,hybrid,235.3180953990431,238.2577662362791,244.32095422813006
2025-11-14T12:16:00,1763102760000,NIFTY,2025-11-14T12:28:00,1763103480000,12,optimized,hybrid,235.05339911796096,238.3039727524974,243.6269402597194
2025-11-14T12:16:00,1763102760000,NIFTY,2025-11-14T12:29:00,1763103540000,13,optimized,hybrid,235.38125733145824,238.3667742661042,243.67052912167813
2025-11-14T12:16:00,1763102760000,NIFTY,2025-11-14T12:30:00,1763103600000,14,optimized,hybrid,235.02635481731696,238.55701545380856,243.58954622223249
2025-11-14T12:16:00,1763102760000,NIFTY,2025-11-14T12:31:00,1763103660000,15,optimized,hybrid,234.73789747004076,238.54848747036914,243.69175825873504
2025-11-14T12:16:00,1763102760000,NIFTY,2025-11-14T12:32:00,1763103720000,16,optimized,hybrid,235.06942852919624,238.58347729634585,243.5471735454651
2025-11-14T12:16:00,1763102760000,NIFTY,2025-11-14T12:33:00,1763103780000,17,optimized,hybrid,235.33125078541542,238.15970082449837,244.00286411606123
2025-11-14T12:16:00,1763102760000,NIFTY,2025-11-14T12:34:00,1763103840000,18,optimized,hybrid,234.66379274507915,238.98122708669098,243.27512896919686
2025-11-14T12:16:00,1763102760000,NIFTY,2025-11-14T12:35:00,1763103900000,19,optimized,hybrid,234.94294184092243,238.87796402887443,244.39277914820715
2025-11-14T12:16:00,1763102760000,NIFTY,2025-11-14T12:36:00,1763103960000,20,optimized,hybrid,234.90639587362162,238.9128727601627,245.1788156393009
2025-11-14T12:16:00,1763102760000,NIFTY,2025-11-14T12:37:00,1763104020000,21,optimized,hybrid,235.35158455778404,238.63896492536117,243.9262793707267
2025-11-14T12:16:00,1763102760000,NIFTY,2025-11-14T12:38:00,1763104080000,22,optimized,hybrid,234.92683402817067,238.63910461361417,244.39087782163773
2025-11-14T12:16:00,1763102760000,NIFTY,2025-11-14T12:39:00,1763104140000,23,optimized,hybrid,235.58790429575092,238.6076825185198,241.96674226932168
2025-11-14T12:16:00,1763102760000,NIFTY,2025-11-14T12:40:00,1763104200000,24,optimized,hybrid,234.81415227837405,238.5759594660321,244.7710841821958
2025-11-14T12:16:00,1763102760000,NIFTY,2025-11-14T12:41:00,1763104260000,25,optimized,hybrid,234.6208365646374,238.55167011858762,244.88250217857603
2025-11-14T12:16:00,1763102760000,NIFTY,2025-11-14T12:42:00,1763104320000,26,optimized,hybrid,234.94973809825896,238.1343109287294,242.53777670023644
2025-11-14T12:16:00,1763102760000,NIFTY,2025-11-14T12:43:00,1763104380000,27,optimized,hybrid,235.4332153585243,238.15017024750338,244.7469969901452
2025-11-14T12:16:00,1763102760000,NIFTY,2025-11-14T12:44:00,1763104440000,28,optimized,hybrid,234.979688471608,238.67684663353734,244.6176504757513
2025-11-14T12:16:00,1763102760000,NIFTY,2025-11-14T12:45:00,1763104500000,29,optimized,hybrid,235.9137744272544,238.4106213839771,243.37011490741526
2025-11-14T12:16:00,1763102760000,NIFTY,2025-11-14T12:46:00,1763104560000,30,optimized,hybrid,236.30786022021903,237.91791822167076,245.00614776596703
2025-11-14T12:16:00,1763102760000,NIFTY,2025-11-14T12:47:00,1763104620000,31,optimized,hybrid,236.41134874822683,238.23582252141253,244.72172819980705
2025-11-14T12:16:00,1763102760000,NIFTY,2025-11-14T12:48:00,1763104680000,32,optimized,hybrid,235.95639521449243,238.6886010212203,243.56588164799572
2025-11-14T12:16:00,1763102760000,NIFTY,2025-11-14T12:49:00,1763104740000,33,optimized,hybrid,234.98769108452547,239.0605449514411,243.53029299510476
2025-11-14T12:16:00,1763102760000,NIFTY,2025-11-14T12:50:00,1763104800000,34,optimized,hybrid,234.17465518952204,239.137876916927,243.4762535811502
2025-11-14T12:16:00,1763102760000,NIFTY,2025-11-14T12:51:00,1763104860000,35,optimized,hybrid,234.70589960581253,238.91811710983367,243.71683947371923
2025-11-14T12:16:00,1763102760000,NIFTY,2025-11-14T12:52:00,1763104920000,36,optimized,hybrid,234.2245332632372,239.0610756942033,245.94288732124576
2025-11-14T12:16:00,1763102760000,NIFTY,2025-11-14T12:53:00,1763104980000,37,optimized,hybrid,234.39688558906713,238.87121545274513,244.36064327787403
2025-11-14T12:16:00,1763102760000,NIFTY,2025-11-14T12:54:00,1763105040000,38,optimized,hybrid,234.53783018770247,239.01070954650135,244.7811634727094
2025-11-14T12:16:00,1763102760000,NIFTY,2025-11-14T12:55:00,1763105100000,39,optimized,hybrid,234.90937267058015,238.80603137309893,244.65471748364592
2025-11-14T12:16:00,1763102760000,NIFTY,2025-11-14T12:56:00,1763105160000,40,optimized,hybrid,234.7815963742143,238.31136972112282,245.0806033248412
2025-11-14T12:16:00,1763102760000,NIFTY,2025-11-14T12:57:00,1763105220000,41,optimized,hybrid,234.31520159483048,238.1834192411982,244.7891225539332
2025-11-14T12:16:00,1763102760000,NIFTY,2025-11-14T12:58:00,1763105280000,42,optimized,hybrid,234.35506311110328,238.40515162562798,245.48341789988874
2025-11-14T12:16:00,1763102760000,NIFTY,2025-11-14T12:59:00,1763105340000,43,optimized,hybrid,235.06335130572793,237.7444843582011,245.4252469061148
2025-11-14T12:16:00,1763102760000,NIFTY,2025-11-14T13:00:00,1763105400000,44,optimized,hybrid,235.05227279573606,237.7500413677463,245.5460936016366
2025-11-14T12:16:00,1763102760000,NIFTY,2025-11-14T13:01:00,1763105460000,45,optimized,hybrid,234.84274511982093,237.7122325792572,245.34471423206895
2025-11-14T12:16:00,1763102760000,NIFTY,2025-11-14T13:02:00,1763105520000,46,optimized,hybrid,235.21390030715972,238.15476826302458,245.25304592627035
2025-11-14T12:16:00,1763102760000,NIFTY,2025-11-14T13:03:00,1763105580000,47,optimized,hybrid,234.75186239254236,238.4708849855065,244.949855372637
2025-11-14T12:16:00,1763102760000,NIFTY,2025-11-14T13:04:00,1763105640000,48,optimized,hybrid,234.51743675202124,238.3305466755468,245.32238168298167
2025-11-14T12:16:00,1763102760000,NIFTY,2025-11-14T13:05:00,1763105700000,49,optimized,hybrid,234.4459236865211,238.4371672525728,247.4226077570878
2025-11-14T12:16:00,1763102760000,NIFTY,2025-11-14T13:06:00,1763105760000,50,optimized,hybrid,234.27741305076776,238.28927776775436,248.067768649404
2025-11-14T12:16:00,1763102760000,NIFTY,2025-11-14T13:07:00,1763105820000,51,optimized,hybrid,234.84552934106625,238.26890124650123,247.85416826872313
2025-11-14T12:16:00,1763102760000,NIFTY,2025-11-14T13:08:00,1763105880000,52,optimized,hybrid,234.36261589120724,238.2619411166673,248.13525272406613
2025-11-14T12:16:00,1763102760000,NIFTY,2025-11-14T13:09:00,1763105940000,53,optimized,hybrid,234.62600243092095,238.0651661350636,247.85951525474678
2025-11-14T12:16:00,1763102760000,NIFTY,2025-11-14T13:10:00,1763106000000,54,optimized,hybrid,234.71988448422866,238.16849973309587,246.53906766687726
2025-11-14T12:16:00,1763102760000,NIFTY,2025-11-14T13:11:00,1763106060000,55,optimized,hybrid,234.48869513804945,238.24471165483746,247.7748151333389
2025-11-14T12:16:00,1763102760000,NIFTY,2025-11-14T13:12:00,1763106120000,56,optimized,hybrid,235.28513388955065,238.34757813714722,246.12863912986464
2025-11-14T12:16:00,1763102760000,NIFTY,2025-11-14T13:13:00,1763106180000,57,optimized,hybrid,234.68401341697125,238.54540766852074,246.12444050307877
2025-11-14T12:16:00,1763102760000,NIFTY,2025-11-14T13:14:00,1763106240000,58,optimized,hybrid,234.35054864889315,238.41113494697737,245.96773702604725
2025-11-14T12:16:00,1763102760000,NIFTY,2025-11-14T13:15:00,1763106300000,59,optimized,hybrid,233.8632486616796,238.33960771284683,245.37242802951738
2025-11-14T12:16:00,1763102760000,NIFTY,2025-11-14T13:16:00,1763106360000,60,optimized,hybrid,234.15237657732456,238.04700457093236,245.24326561883265
2025-11-14T12:16:00,1763102760000,NIFTY,2025-11-14T12:17:00,1763102820000,1,optimized,hybrid,235.28730298807562,237.45,241.09773367951746
2025-11-14T12:16:00,1763102760000,NIFTY,2025-11-14T12:18:00,1763102880000,2,optimized,hybrid,234.17592449117157,237.67266548585573,242.37344663504865
2025-11-14T12:16:00,1763102760000,NIFTY,2025-11-14T12:19:00,1763102940000,3,optimized,hybrid,235.18275382863035,237.58861050858553,241.48528189144827
2025-11-14T12:16:00,1763102760000,NIFTY,2025-11-14T12:20:00,1763103000000,4,optimized,hybrid,234.140713273454,237.6071084175128,241.49475403179596
2025-11-14T12:16:00,1763102760000,NIFTY,2025-11-14T12:21:00,1763103060000,5,optimized,hybrid,233.9094088122329,237.60179142392298,241.91147723238694
2025-11-14T12:16:00,1763102760000,NIFTY,2025-11-14T12:22:00,1763103120000,6,optimized,hybrid,234.65737960650074,237.46147485208346,240.8944352176635
2025-11-14T12:16:00,1763102760000,NIFTY,2025-11-14T12:23:00,1763103180000,7,optimized,hybrid,234.7299281966344,237.4929665535478,239.97877077939307
2025-11-14T12:16:00,1763102760000,NIFTY,2025-11-14T12:24:00,1763103240000,8,optimized,hybrid,233.8477585637267,237.26275003725695,240.60662750198986
2025-11-14T12:16:00,1763102760000,NIFTY,2025-11-14T12:25:00,1763103300000,9,optimized,hybrid,233.23013521729035,237.21449666837054,241.38481885956296
2025-11-14T12:16:00,1763102760000,NIFTY,2025-11-14T12:26:00,1763103360000,10,optimized,hybrid,233.3256171051145,237.32488351779978,243.5087209596298
2025-11-14T12:16:00,1763102760000,NIFTY,2025-11-14T12:27:00,1763103420000,11,optimized,hybrid,234.14401155373054,236.91964594968684,242.97964222441544
2025-11-14T12:16:00,1763102760000,NIFTY,2025-11-14T12:28:00,1763103480000,12,optimized,hybrid,233.79391979200827,237.03600684795262,242.25989736683647
2025-11-14T12:16:00,1763102760000,NIFTY,2025-11-14T12:29:00,1763103540000,13,optimized,hybrid,234.089710617015,237.0635410390894,242.32767673086678
2025-11-14T12:16:00,1763102760000,NIFTY,2025-11-14T12:30:00,1763103600000,14,optimized,hybrid,233.9112580909387,237.2195987449742,242.28706709730523
2025-11-14T12:16:00,1763102760000,NIFTY,2025-11-14T12:31:00,1763103660000,15,optimized,hybrid,233.512254813808,237.2403059579048,242.3947377626405
2025-11-14T12:16:00,1763102760000,NIFTY,2025-11-14T12:32:00,1763103720000,16,optimized,hybrid,233.7687878012926,237.24406416081786,242.1806071464394
2025-11-14T12:16:00,1763102760000,NIFTY,2025-11-14T12:33:00,1763103780000,17,optimized,hybrid,234.01226168934244,236.96155031633725,242.5981044465846
2025-11-14T12:16:00,1763102760000,NIFTY,2025-11-14T12:34:00,1763103840000,18,optimized,hybrid,233.32008138510807,237.77456053215974,241.86715507717838
2025-11-14T12:16:00,1763102760000,NIFTY,2025-11-14T12:35:00,1763103900000,19,optimized,hybrid,233.65992770888192,237.55415651747427,243.0254212179037
2025-11-14T12:16:00,1763102760000,NIFTY,2025-11-14T12:36:00,1763103960000,20,optimized,hybrid,233.57355342226413,237.57579617825894,243.79469484881233
2025-11-14T12:16:00,1763102760000,NIFTY,2025-11-14T12:37:00,1763104020000,21,optimized,hybrid,234.00584513400304,237.3219637716066,242.7656923178686
2025-11-14T12:16:00,1763102760000,NIFTY,2025-11-14T12:38:00,1763104080000,22,optimized,hybrid,233.56685124512916,237.32992948877325,243.34145294590334
2025-11-14T12:16:00,1763102760000,NIFTY,2025-11-14T12:39:00,1763104140000,23,optimized,hybrid,234.24552133576225,237.2587373617499,240.87049245733022
2025-11-14T12:16:00,1763102760000,NIFTY,2025-11-14T12:40:00,1763104200000,24,optimized,hybrid,233.47717734042882,237.23241299952682,243.31367651578546
2025-11-14T12:16:00,1763102760000,NIFTY,2025-11-14T12:41:00,1763104260000,25,optimized,hybrid,233.41748483878814,237.1653862545091,243.4590705521694
2025-11-14T12:16:00,1763102760000,NIFTY,2025-11-14T12:42:00,1763104320000,26,optimized,hybrid,233.66241041966632,236.78828460210278,241.325841001718
2025-11-14T12:16:00,1763102760000,NIFTY,2025-11-14T12:43:00,1763104380000,27,optimized,hybrid,234.10219950966277,236.79109860004687,243.36270651502107
2025-11-14T12:16:00,1763102760000,NIFTY,2025-11-14T12:44:00,1763104440000,28,optimized,hybrid,233.67448778960141,237.28325785127208,243.24767087847619
2025-11-14T12:16:00,1763102760000,NIFTY,2025-11-14T12:45:00,1763104500000,29,optimized,hybrid,234.56466657626845,237.06388956939182,242.084901120682
2025-11-14T12:16:00,1763102760000,NIFTY,2025-11-14T12:46:00,1763104560000,30,optimized,hybrid,234.94259129081607,236.56556434476062,243.62057521975402
2025-11-14T12:16:00,1763102760000,NIFTY,2025-11-14T12:47:00,1763104620000,31,optimized,hybrid,235.05404319518266,236.87681878380505,243.3504593914635
2025-11-14T12:16:00,1763102760000,NIFTY,2025-11-14T12:48:00,1763104680000,32,optimized,hybrid,234.58965687616595,237.35276131482132,242.33001641520661
2025-11-14T12:16:00,1763102760000,NIFTY,2025-11-14T12:49:00,1763104740000,33,optimized,hybrid,233.6565075387178,237.70169584452145,242.17328765964808
2025-11-14T12:16:00,1763102760000,NIFTY,2025-11-14T12:50:00,1763104800000,34,optimized,hybrid,232.8992231782856,237.79228233576225,242.111515550157
2025-11-14T12:16:00,1763102760000,NIFTY,2025-11-14T12:51:00,1763104860000,35,optimized,hybrid,233.37706879653928,237.5609881069444,242.34482734400265
2025-11-14T12:16:00,1763102760000,NIFTY,2025-11-14T12:52:00,1763104920000,36,optimized,hybrid,232.9636311702743,237.71945166339393,244.52849696907876
2025-11-14T12:16:00,1763102760000,NIFTY,2025-11-14T12:53:00,1763104980000,37,optimized,hybrid,233.17327115062088,237.5139418465415,242.83692630591975
2025-11-14T12:16:00,1763102760000,NIFTY,2025-11-14T12:54:00,1763105040000,38,optimized,hybrid,233.30498361063644,237.65804620681467,243.20121723314963
2025-11-14T12:16:00,1763102760000,NIFTY,2025-11-14T12:55:00,1763105100000,39,optimized,hybrid,233.68479577803538,237.45222413853557,242.93746336901756
2025-11-14T12:16:00,1763102760000,NIFTY,2025-11-14T12:56:00,1763105160000,40,optimized,hybrid,233.43749591657232,236.98360546984358,243.321724601711
2025-11-14T12:16:00,1763102760000,NIFTY,2025-11-14T12:57:00,1763105220000,41,optimized,hybrid,233.1479386314811,236.85396148186635,243.3473501397583
2025-11-14T12:16:00,1763102760000,NIFTY,2025-11-14T12:58:00,1763105280000,42,optimized,hybrid,233.08539675405183,237.08766390420396,243.7273704715581
2025-11-14T12:16:00,1763102760000,NIFTY,2025-11-14T12:59:00,1763105340000,43,optimized,hybrid,233.79749557792601,236.39129571475496,243.79273838636985
2025-11-14T12:16:00,1763102760000,NIFTY,2025-11-14T13:00:00,1763105400000,44,optimized,hybrid,233.72383527637376,236.40308835678536,243.81800363397974
2025-11-14T12:16:00,1763102760000,NIFTY,2025-11-14T13:01:00,1763105460000,45,optimized,hybrid,233.50987492283986,236.36059307876835,243.77671461051318
2025-11-14T12:16:00,1763102760000,NIFTY,2025-11-14T13:02:00,1763105520000,46,optimized,hybrid,233.90764804030005,236.8261857566209,243.663595655602
2025-11-14T12:16:00,1763102760000,NIFTY,2025-11-14T13:03:00,1763105580000,47,optimized,hybrid,233.42060627411934,237.12356728839796,243.40858381396345
2025-11-14T12:16:00,1763102760000,NIFTY,2025-11-14T13:04:00,1763105640000,48,optimized,hybrid,233.24453098055605,236.96223657568157,243.528897984787
2025-11-14T12:16:00,1763102760000,NIFTY,2025-11-14T13:05:00,1763105700000,49,optimized,hybrid,233.12840393562522,237.08093428879866,244.7165524543775
2025-11-14T12:16:00,1763102760000,NIFTY,2025-11-14T13:06:00,1763105760000,50,optimized,hybrid,232.97052269536005,236.9366994199123,245.20887101290737
2025-11-14T12:16:00,1763102760000,NIFTY,2025-11-14T13:07:00,1763105820000,51,optimized,hybrid,233.5311515419611,236.89630270998612,245.7325214497974
2025-11-14T12:16:00,1763102760000,NIFTY,2025-11-14T13:08:00,1763105880000,52,optimized,hybrid,233.06107185392642,236.86861261257783,245.9666395791248
2025-11-14T12:16:00,1763102760000,NIFTY,2025-11-14T13:09:00,1763105940000,53,optimized,hybrid,233.32124752897337,236.69198561023876,245.25122198723096
2025-11-14T12:16:00,1763102760000,NIFTY,2025-11-14T13:10:00,1763106000000,54,optimized,hybrid,233.38245053675718,236.81625442943508,244.3720299649878
2025-11-14T12:16:00,1763102760000,NIFTY,2025-11-14T13:11:00,1763106060000,55,optimized,hybrid,233.1722199621077,236.87137033630262,246.17483784672737
2025-11-14T12:16:00,1763102760000,NIFTY,2025-11-14T13:12:00,1763106120000,56,optimized,hybrid,233.97522466394253,236.9593928910533,244.44293954354185
2025-11-14T12:16:00,1763102760000,NIFTY,2025-11-14T13:13:00,1763106180000,57,optimized,hybrid,233.35186905144872,237.19032331470675,244.24111050602195
2025-11-14T12:16:00,1763102760000,NIFTY,2025-11-14T13:14:00,1763106240000,58,optimized,hybrid,233.04472199696647,237.0229898807464,244.5055110115072
2025-11-14T12:16:00,1763102760000,NIFTY,2025-11-14T13:15:00,1763106300000,59,optimized,hybrid,232.56522035801157,236.9152631421258,243.76345544442896
2025-11-14T12:16:00,1763102760000,NIFTY,2025-11-14T13:16:00,1763106360000,60,optimized,hybrid,232.81316927590854,236.68885871984452,243.6340407637501
2025-11-14T12:49:30,1763104770000,NIFTY,2025-11-14T12:50:30,1763104830000,1,,hybrid,228.63038082360927,233.95000000000002,236.5672911592075
2025-11-14T12:49:30,1763104770000,NIFTY,2025-11-14T12:51:30,1763104890000,2,,hybrid,228.51120673553257,234.17214611072342,237.6078952145709
2025-11-14T12:49:30,1763104770000,NIFTY,2025-11-14T12:52:30,1763104950000,3,,hybrid,228.95809764422498,234.18751445346993,238.0694407636052
2025-11-14T12:49:30,1763104770000,NIFTY,2025-11-14T12:53:30,1763105010000,4,,hybrid,229.01711903416407,234.23667191284645,238.52349904598486
2025-11-14T12:49:30,1763104770000,NIFTY,2025-11-14T12:54:30,1763105070000,5,,hybrid,228.950645936181,234.0564278951325,237.45328894588687
2025-11-14T12:49:30,1763104770000,NIFTY,2025-11-14T12:55:30,1763105130000,6,,hybrid,227.48516758099254,233.90895551700285,236.58424861394735
2025-11-14T12:49:30,1763104770000,NIFTY,2025-11-14T12:56:30,1763105190000,7,,hybrid,229.63955361442294,233.53550058405787,236.11322434754476
2025-11-14T12:49:30,1763104770000,NIFTY,2025-11-14T12:57:30,1763105250000,8,,hybrid,228.8608612757112,233.58123912115926,236.21489925013236
2025-11-14T12:49:30,1763104770000,NIFTY,2025-11-14T12:58:30,1763105310000,9,,hybrid,226.69928845383856,233.8834121859,236.384350708904
2025-11-14T12:49:30,1763104770000,NIFTY,2025-11-14T12:59:30,1763105370000,10,,hybrid,227.53045932713727,233.91206844645345,237.02628660737852
2025-11-14T12:49:30,1763104770000,NIFTY,2025-11-14T13:00:30,1763105430000,11,,hybrid,228.0024751238998,233.69593985970454,236.4778496970039
2025-11-14T12:49:30,1763104770000,NIFTY,2025-11-14T13:01:30,1763105490000,12,,hybrid,227.71331111612696,233.74509731908105,238.1340476565401
2025-11-14T12:49:30,1763104770000,NIFTY,2025-11-14T13:02:30,1763105550000,13,,hybrid,227.52726045179475,233.04695780681354,237.9098154440848
2025-11-14T12:49:30,1763104770000,NIFTY,2025-11-14T13:03:30,1763105610000,14,,hybrid,226.50216482641295,233.78562993463157,238.13343748014086
2025-11-14T12:49:30,1763104770000,NIFTY,2025-11-14T13:04:30,1763105670000,15,,hybrid,226.6068705014405,233.05517379585177,237.9786607433082
2025-11-14T12:49:30,1763104770000,NIFTY,2025-11-14T13:05:30,1763105730000,16,,hybrid,226.10262889426227,233.38102669680157,237.1698506512891
2025-11-14T12:49:30,1763104770000,NIFTY,2025-11-14T13:06:30,1763105790000,17,,hybrid,226.99265428407767,233.0269988637003,236.22087355828512
2025-11-14T12:49:30,1763104770000,NIFTY,2025-11-14T13:07:30,1763105850000,18,,hybrid,226.55437068954188,233.25088686500297,237.4608441424229
2025-11-14T12:49:30,1763104770000,NIFTY,2025-11-14T13:08:30,1763105910000,19,,hybrid,226.40112274073482,233.57484742908153,236.18277697583844
2025-11-14T12:49:30,1763104770000,NIFTY,2025-11-14T13:09:30,1763105970000,20,,hybrid,226.3465762322955,233.7123256794967,236.9412956770564
2025-11-14T12:49:30,1763104770000,NIFTY,2025-11-14T13:10:30,1763106030000,21,,hybrid,226.1779913842383,233.28423109383854,235.91786908928958
2025-11-14T12:49:30,1763104770000,NIFTY,2025-11-14T13:11:30,1763106090000,22,,hybrid,226.6300695111964,233.5378233646154,236.9279659115623
2025-11-14T12:49:30,1763104770000,NIFTY,2025-11-14T13:12:30,1763106150000,23,,hybrid,226.99977057837313,233.08131557915533,236.7762189432228
2025-11-14T12:49:30,1763104770000,NIFTY,2025-11-14T13:13:30,1763106210000,24,,hybrid,226.6920874293563,233.49154328403276,236.60188264682202
2025-11-14T12:49:30,1763104770000,NIFTY,2025-11-14T13:14:30,1763106270000,25,,hybrid,227.64995588467315,233.09849446532624,235.496278659485
2025-11-14T12:49:30,1763104770000,NIFTY,2025-11-14T13:15:30,1763106330000,26,,hybrid,227.21590194376267,233.08966452739386,237.16749461848948
2025-11-14T12:49:30,1763104770000,NIFTY,2025-11-14T13:16:30,1763106390000,27,,hybrid,227.34863042775427,233.11044499483643,235.74448282298394
2025-11-14T12:49:30,1763104770000,NIFTY,2025-11-14T13:17:30,1763106450000,28,,hybrid,226.80326624381,233.26990854510785,237.12218994851872
2025-11-14T12:49:30,1763104770000,NIFTY,2025-11-14T13:18:30,1763106510000,29,,hybrid,227.4824170362045,233.15600638859405,235.92298881980224
2025-11-14T12:49:30,1763104770000,NIFTY,2025-11-14T13:19:30,1763106570000,30,,hybrid,227.0262121822342,233.5648533013671,237.65070740468036
2025-11-14T12:49:30,1763104770000,NIFTY,2025-11-14T13:20:30,1763106630000,31,,hybrid,227.07059564109193,233.19858014997413,236.99416937535995
2025-11-14T12:49:30,1763104770000,NIFTY,2025-11-14T13:21:30,1763106690000,32,,hybrid,227.2228899867313,232.88791650069626,238.71280452220392
2025-11-14T12:49:30,1763104770000,NIFTY,2025-11-14T13:22:30,1763106750000,33,,hybrid,227.2776460856686,232.87527264951405,236.6253077536906
2025-11-14T12:49:30,1763104770000,NIFTY,2025-11-14T13:23:30,1763106810000,34,,hybrid,226.37932438303199,233.5320816617827,237.11560028808552
2025-11-14T12:49:30,1763104770000,NIFTY,2025-11-14T13:24:30,1763106870000,35,,hybrid,227.0764064971654,232.95564791432096,237.64583302399384
2025-11-14T12:49:30,1763104770000,NIFTY,2025-11-14T13:25:30,1763106930000,36,,hybrid,226.54725696044014,232.96377960778938,238.37019553896542
2025-11-14T12:49:30,1763104770000,NIFTY,2025-11-14T13:26:30,1763106990000,37,,hybrid,227.27922262785066,232.91320420306062,238.19859444516055
2025-11-14T12:49:30,1763104770000,NIFTY,2025-11-14T13:27:30,1763107050000,38,,hybrid,226.31903783850836,233.57145129883068,237.13948026920767
2025-11-14T12:49:30,1763104770000,NIFTY,2025-11-14T13:28:30,1763107110000,39,,hybrid,227.0816516831223,233.10279060713847,236.41949401839702
2025-11-14T12:49:30,1763104770000,NIFTY,2025-11-14T13:29:30,1763107170000,40,,hybrid,226.6347780512512,233.1953507683038,237.70981207075812
2025-11-14T12:49:30,1763104770000,NIFTY,2025-11-14T13:30:30,1763107230000,41,,hybrid,227.18503831467783,232.8246972447853,235.69281855774054
2025-11-14T12:49:30,1763104770000,NIFTY,2025-11-14T13:31:30,1763107290000,42,,hybrid,227.53942623299434,232.4456134628648,237.94905335945091
2025-11-14T12:49:30,1763104770000,NIFTY,2025-11-14T13:32:30,1763107350000,43,,hybrid,226.90872741188406,232.51040557568052,237.1904422196321
2025-11-14T12:49:30,1763104770000,NIFTY,2025-11-14T13:33:30,1763107410000,44,,hybrid,227.1777335196154,232.78104526243905,237.84721017021027
2025-11-14T12:49:30,1763104770000,NIFTY,2025-11-14T13:34:30,1763107470000,45,,hybrid,227.0375114668149,232.71453170933253,237.38084544689016
2025-11-14T12:49:30,1763104770000,NIFTY,2025-11-14T13:35:30,1763107530000,46,,hybrid,227.06401379045786,232.59710792350594,237.94462295339238
2025-11-14T12:49:30,1763104770000,NIFTY,2025-11-14T13:36:30,1763107590000,47,,hybrid,226.91812379192166,233.23667246278788,236.58123149290833
2025-11-14T12:49:30,1763104770000,NIFTY,2025-11-14T13:37:30,1763107650000,48,,hybrid,227.34470995727781,232.68561488178125,237.93784916345857
2025-11-14T12:49:30,1763104770000,NIFTY,2025-11-14T13:38:30,1763107710000,49,,hybrid,227.00916968039252,232.6350394770525,237.36772726429547
2025-11-14T12:49:30,1763104770000,NIFTY,2025-11-14T13:39:30,1763107770000,50,,hybrid,228.16209772203953,232.66775784966154,239.3798403030477
2025-11-14T12:49:30,1763104770000,NIFTY,2025-11-14T13:40:30,1763107830000,51,,hybrid,228.66695286553463,232.90056035187843,237.89011187618914
2025-11-14T12:49:30,1763104770000,NIFTY,2025-11-14T13:41:30,1763107890000,52,,hybrid,227.07703602858734,232.53042262318058,238.74540890534024
2025-11-14T12:49:30,1763104770000,NIFTY,2025-11-14T13:42:30,1763107950000,53,,hybrid,226.74056231486966,232.64924581742846,237.49061326265564
2025-11-14T12:49:30,1763104770000,NIFTY,2025-11-14T13:43:30,1763108010000,54,,hybrid,226.53255132662792,232.70437842410166,237.89323132962772
2025-11-14T12:49:30,1763104770000,NIFTY,2025-11-14T13:44:30,1763108070000,55,,hybrid,226.54197799645289,232.71279067217372,237.38659210394437
2025-11-14T12:49:30,1763104770000,NIFTY,2025-11-14T13:45:30,1763108130000,56,,hybrid,226.15673230159413,232.8171574361842,239.49588013904255
2025-11-14T12:49:30,1763104770000,NIFTY,2025-11-14T13:46:30,1763108190000,57,,hybrid,225.42064116478318,232.79471977113462,236.0338128313687
2025-11-14T12:49:30,1763104770000,NIFTY,2025-11-14T13:47:30,1763108250000,58,,hybrid,226.0180396484029,232.71090258414563,237.20236012885024
2025-11-14T12:49:30,1763104770000,NIFTY,2025-11-14T13:48:30,1763108310000,59,,hybrid,226.07042560737517,232.67297103059906,235.21752211860007
2025-11-14T12:49:30,1763104770000,NIFTY,2025-11-14T13:49:30,1763108370000,60,,hybrid,226.14219530076787,232.81205339360312,237.1329696572325
2025-11-14T12:49:30,1763104770000,NIFTY,2025-11-14T12:50:30,1763104830000,1,,hybrid,228.63038082360927,233.95000000000002,236.5672911592075
2025-11-14T12:49:30,1763104770000,NIFTY,2025-11-14T12:51:30,1763104890000,2,,hybrid,228.51120673553257,234.17214611072342,237.6078952145709
2025-11-14T12:49:30,1763104770000,NIFTY,2025-11-14T12:52:30,1763104950000,3,,hybrid,228.95809764422498,234.18751445346993,238.0694407636052
2025-11-14T12:49:30,1763104770000,NIFTY,2025-11-14T12:53:30,1763105010000,4,,hybrid,229.01711903416407,234.23667191284645,238.52349904598486
2025-11-14T12:49:30,1763104770000,NIFTY,2025-11-14T12:54:30,1763105070000,5,,hybrid,228.950645936181,234.0564278951325,237.45328894588687
2025-11-14T12:49:30,1763104770000,NIFTY,2025-11-14T12:55:30,1763105130000,6,,hybrid,227.48516758099254,233.90895551700285,236.58424861394735
2025-11-14T12:49:30,1763104770000,NIFTY,2025-11-14T12:56:30,1763105190000,7,,hybrid,229.63955361442294,233.53550058405787,236.11322434754476
2025-11-14T12:49:30,1763104770000,NIFTY,2025-11-14T12:57:30,1763105250000,8,,hybrid,228.8608612757112,233.58123912115926,236.21489925013236
2025-11-14T12:49:30,1763104770000,NIFTY,2025-11-14T12:58:30,1763105310000,9,,hybrid,226.69928845383856,233.8834121859,236.384350708904
2025-11-14T12:49:30,1763104770000,NIFTY,2025-11-14T12:59:30,1763105370000,10,,hybrid,227.53045932713727,233.91206844645345,237.02628660737852
2025-11-14T12:49:30,1763104770000,NIFTY,2025-11-14T13:00:30,1763105430000,11,,hybrid,228.0024751238998,233.69593985970454,236.4778496970039
2025-11-14T12:49:30,1763104770000,NIFTY,2025-11-14T13:01:30,1763105490000,12,,hybrid,227.71331111612696,233.74509731908105,238.1340476565401
2025-11-14T12:49:30,1763104770000,NIFTY,2025-11-14T13:02:30,1763105550000,13,,hybrid,227.52726045179475,233.04695780681354,237.9098154440848
2025-11-14T12:49:30,1763104770000,NIFTY,2025-11-14T13:03:30,1763105610000,14,,hybrid,226.50216482641295,233.78562993463157,238.13343748014086
2025-11-14T12:49:30,1763104770000,NIFTY,2025-11-14T13:04:30,1763105670000,15,,hybrid,226.6068705014405,233.05517379585177,237.9786607433082
2025-11-14T12:49:30,1763104770000,NIFTY,2025-11-14T13:05:30,1763105730000,16,,hybrid,226.10262889426227,233.38102669680157,237.1698506512891
2025-11-14T12:49:30,1763104770000,NIFTY,2025-11-14T13:06:30,1763105790000,17,,hybrid,226.99265428407767,233.0269988637003,236.22087355828512
2025-11-14T12:49:30,1763104770000,NIFTY,2025-11-14T13:07:30,1763105850000,18,,hybrid,226.55437068954188,233.25088686500297,237.4608441424229
2025-11-14T12:49:30,1763104770000,NIFTY,2025-11-14T13:08:30,1763105910000,19,,hybrid,226.40112274073482,233.57484742908153,236.18277697583844
2025-11-14T12:49:30,1763104770000,NIFTY,2025-11-14T13:09:30,1763105970000,20,,hybrid,226.3465762322955,233.7123256794967,236.9412956770564
2025-11-14T12:49:30,1763104770000,NIFTY,2025-11-14T13:10:30,1763106030000,21,,hybrid,226.1779913842383,233.28423109383854,235.91786908928958
2025-11-14T12:49:30,1763104770000,NIFTY,2025-11-14T13:11:30,1763106090000,22,,hybrid,226.6300695111964,233.5378233646154,236.9279659115623
2025-11-14T12:49:30,1763104770000,NIFTY,2025-11-14T13:12:30,1763106150000,23,,hybrid,226.99977057837313,233.08131557915533,236.7762189432228
2025-11-14T12:49:30,1763104770000,NIFTY,2025-11-14T13:13:30,1763106210000,24,,hybrid,226.6920874293563,233.49154328403276,236.60188264682202
2025-11-14T12:49:30,1763104770000,NIFTY,2025-11-14T13:14:30,1763106270000,25,,hybrid,227.64995588467315,233.09849446532624,235.496278659485
2025-11-14T12:49:30,1763104770000,NIFTY,2025-11-14T13:15:30,1763106330000,26,,hybrid,227.21590194376267,233.08966452739386,237.16749461848948
2025-11-14T12:49:30,1763104770000,NIFTY,2025-11-14T13:16:30,1763106390000,27,,hybrid,227.34863042775427,233.11044499483643,235.74448282298394
2025-11-14T12:49:30,1763104770000,NIFTY,2025-11-14T13:17:30,1763106450000,28,,hybrid,226.80326624381,233.26990854510785,237.12218994851872
2025-11-14T12:49:30,1763104770000,NIFTY,2025-11-14T13:18:30,1763106510000,29,,hybrid,227.4824170362045,233.15600638859405,235.92298881980224
2025-11-14T12:49:30,1763104770000,NIFTY,2025-11-14T13:19:30,1763106570000,30,,hybrid,227.0262121822342,233.5648533013671,237.65070740468036
2025-11-14T12:49:30,1763104770000,NIFTY,2025-11-14T13:20:30,1763106630000,31,,hybrid,227.07059564109193,233.19858014997413,236.99416937535995
2025-11-14T12:49:30,1763104770000,NIFTY,2025-11-14T13:21:30,1763106690000,32,,hybrid,227.2228899867313,232.88791650069626,238.71280452220392
2025-11-14T12:49:30,1763104770000,NIFTY,2025-11-14T13:22:30,1763106750000,33,,hybrid,227.2776460856686,232.87527264951405,236.6253077536906
2025-11-14T12:49:30,1763104770000,NIFTY,2025-11-14T13:23:30,1763106810000,34,,hybrid,226.37932438303199,233.5320816617827,237.11560028808552
2025-11-14T12:49:30,1763104770000,NIFTY,2025-11-14T13:24:30,1763106870000,35,,hybrid,227.0764064971654,232.95564791432096,237.64583302399384
2025-11-14T12:49:30,1763104770000,NIFTY,2025-11-14T13:25:30,1763106930000,36,,hybrid,226.54725696044014,232.96377960778938,238.37019553896542
2025-11-14T12:49:30,1763104770000,NIFTY,2025-11-14T13:26:30,1763106990000,37,,hybrid,227.27922262785066,232.91320420306062,238.19859444516055
2025-11-14T12:49:30,1763104770000,NIFTY,2025-11-14T13:27:30,1763107050000,38,,hybrid,226.31903783850836,233.57145129883068,237.13948026920767
2025-11-14T12:49:30,1763104770000,NIFTY,2025-11-14T13:28:30,1763107110000,39,,hybrid,227.0816516831223,233.10279060713847,236.41949401839702
2025-11-14T12:49:30,1763104770000,NIFTY,2025-11-14T13:29:30,1763107170000,40,,hybrid,226.6347780512512,233.1953507683038,237.70981207075812
2025-11-14T12:49:30,1763104770000,NIFTY,2025-11-14T13:30:30,1763107230000,41,,hybrid,227.18503831467783,232.8246972447853,235.69281855774054
2025-11-14T12:49:30,1763104770000,NIFTY,2025-11-14T13:31:30,1763107290000,42,,hybrid,227.53942623299434,232.4456134628648,237.94905335945091
2025-11-14T12:49:30,1763104770000,NIFTY,2025-11-14T13:32:30,1763107350000,43,,hybrid,226.90872741188406,232.51040557568052,237.1904422196321
2025-11-14T12:49:30,1763104770000,NIFTY,2025-11-14T13:33:30,1763107410000,44,,hybrid,227.1777335196154,232.78104526243905,237.84721017021027
2025-11-14T12:49:30,1763104770000,NIFTY,2025-11-14T13:34:30,1763107470000,45,,hybrid,227.0375114668149,232.71453170933253,237.38084544689016
2025-11-14T12:49:30,1763104770000,NIFTY,2025-11-14T13:35:30,1763107530000,46,,hybrid,227.06401379045786,232.59710792350594,237.94462295339238
2025-11-14T12:49:30,1763104770000,NIFTY,2025-11-14T13:36:30,1763107590000,47,,hybrid,226.91812379192166,233.23667246278788,236.58123149290833
2025-11-14T12:49:30,1763104770000,NIFTY,2025-11-14T13:37:30,1763107650000,48,,hybrid,227.34470995727781,232.68561488178125,237.93784916345857
2025-11-14T12:49:30,1763104770000,NIFTY,2025-11-14T13:38:30,1763107710000,49,,hybrid,227.00916968039252,232.6350394770525,237.36772726429547
2025-11-14T12:49:30,1763104770000,NIFTY,2025-11-14T13:39:30,1763107770000,50,,hybrid,228.16209772203953,232.66775784966154,239.3798403030477
2025-11-14T12:49:30,1763104770000,NIFTY,2025-11-14T13:40:30,1763107830000,51,,hybrid,228.66695286553463,232.90056035187843,237.89011187618914
2025-11-14T12:49:30,1763104770000,NIFTY,2025-11-14T13:41:30,1763107890000,52,,hybrid,227.07703602858734,232.53042262318058,238.74540890534024
2025-11-14T12:49:30,1763104770000,NIFTY,2025-11-14T13:42:30,1763107950000,53,,hybrid,226.74056231486966,232.64924581742846,237.49061326265564
2025-11-14T12:49:30,1763104770000,NIFTY,2025-11-14T13:43:30,1763108010000,54,,hybrid,226.53255132662792,232.70437842410166,237.89323132962772
2025-11-14T12:49:30,1763104770000,NIFTY,2025-11-14T13:44:30,1763108070000,55,,hybrid,226.54197799645289,232.71279067217372,237.38659210394437
2025-11-14T12:49:30,1763104770000,NIFTY,2025-11-14T13:45:30,1763108130000,56,,hybrid,226.15673230159413,232.8171574361842,239.49588013904255
2025-11-14T12:49:30,1763104770000,NIFTY,2025-11-14T13:46:30,1763108190000,57,,hybrid,225.42064116478318,232.79471977113462,236.0338128313687
2025-11-14T12:49:30,1763104770000,NIFTY,2025-11-14T13:47:30,1763108250000,58,,hybrid,226.0180396484029,232.71090258414563,237.20236012885024
2025-11-14T12:49:30,1763104770000,NIFTY,2025-11-14T13:48:30,1763108310000,59,,hybrid,226.07042560737517,232.67297103059906,235.21752211860007
2025-11-14T12:49:30,1763104770000,NIFTY,2025-11-14T13:49:30,1763108370000,60,,hybrid,226.14219530076787,232.81205339360312,237.1329696572325
2025-11-14T12:50:00,1763104800000,NIFTY,2025-11-14T12:51:00,1763104860000,1,,hybrid,229.0841411782225,234.45,237.090041399603
2025-11-14T12:50:00,1763104800000,NIFTY,2025-11-14T12:52:00,1763104920000,2,,hybrid,228.96393119502082,234.67407706800498,238.13969068187322
2025-11-14T12:50:00,1763104800000,NIFTY,2025-11-14T12:53:00,1763104980000,3,,hybrid,229.41470660680633,234.6895789967649,238.6052481163093
2025-11-14T12:50:00,1763104800000,NIFTY,2025-11-14T12:54:00,1763105040000,4,,hybrid,229.4742410274812,234.73916374678282,239.063253202636
2025-11-14T12:50:00,1763104800000,NIFTY,2025-11-14T12:55:00,1763105100000,5,,hybrid,229.40719012639298,234.55735299671719,237.98374053145596
2025-11-14T12:50:00,1763104800000,NIFTY,2025-11-14T12:56:00,1763105160000,6,,hybrid,227.9289734158413,234.40859874666347,237.1071462533704
2025-11-14T12:50:00,1763104800000,NIFTY,2025-11-14T12:57:00,1763105220000,7,,hybrid,230.102085986437,234.0318976370478,236.6320277098542
2025-11-14T12:50:00,1763104800000,NIFTY,2025-11-14T12:58:00,1763105280000,8,,hybrid,229.31662503207565,234.07803374654412,236.7345863996613
2025-11-14T12:50:00,1763104800000,NIFTY,2025-11-14T12:59:00,1763105340000,9,,hybrid,227.1362632034251,234.3828333856496,236.90551077878757
2025-11-14T12:50:00,1763104800000,NIFTY,2025-11-14T13:00:00,1763105400000,10,,hybrid,227.97465885074664,234.41173873458368,237.55302656697262
2025-11-14T12:50:00,1763104800000,NIFTY,2025-11-14T13:01:00,1763105460000,11,,hybrid,228.45077754328713,234.19373149658588,236.999822486729
2025-11-14T12:50:00,1763104800000,NIFTY,2025-11-14T13:02:00,1763105520000,12,,hybrid,228.15910003957893,234.2433162466038,238.67041659076344
2025-11-14T12:50:00,1763104800000,NIFTY,2025-11-14T13:03:00,1763105580000,13,,hybrid,227.9714321698684,233.53910830680275,238.444235288036
2025-11-14T12:50:00,1763104800000,NIFTY,2025-11-14T13:04:00,1763105640000,14,,hybrid,226.93742612127141,234.284201183196,238.66980111053715
2025-11-14T12:50:00,1763104800000,NIFTY,2025-11-14T13:05:00,1763105700000,15,,hybrid,227.04304192785588,233.54739571155838,238.51367901021362
2025-11-14T12:50:00,1763104800000,NIFTY,2025-11-14T13:06:00,1763105760000,16,,hybrid,226.5344173089748,233.8760810187554,237.69783851045284
2025-11-14T12:50:00,1763104800000,NIFTY,2025-11-14T13:07:00,1763105820000,17,,hybrid,227.43217905303757,233.5189758748699,236.7406126382026
2025-11-14T12:50:00,1763104800000,NIFTY,2025-11-14T13:08:00,1763105880000,18,,hybrid,226.99008577263558,233.7448099744633,237.99136139991276
2025-11-14T12:50:00,1763104800000,NIFTY,2025-11-14T13:09:00,1763105940000,19,,hybrid,226.8355057489987,234.07158649605793,236.7021849094079
2025-11-14T12:50:00,1763104800000,NIFTY,2025-11-14T13:10:00,1763106000000,20,,hybrid,226.78048510676825,234.21025974659184,237.46729687127115
2025-11-14T12:50:00,1763104800000,NIFTY,2025-11-14T13:11:00,1763106060000,21,,hybrid,226.6104348711837,233.77844404083535,236.43497436803955
2025-11-14T12:50:00,1763104800000,NIFTY,2025-11-14T13:12:00,1763106120000,22,,hybrid,227.0664425900138,234.0342406078757,237.45385123965778
2025-11-14T12:50:00,1763104800000,NIFTY,2025-11-14T13:13:00,1763106180000,23,,hybrid,227.4393572041905,233.57376472668994,237.3007852434384
2025-11-14T12:50:00,1763104800000,NIFTY,2025-11-14T13:14:00,1763106240000,24,,hybrid,227.1289995855866,233.98755824764788,237.1249335662826
2025-11-14T12:50:00,1763104800000,NIFTY,2025-11-14T13:15:00,1763106300000,25,,hybrid,228.09519410640402,233.59109293663354,236.00971935411232
2025-11-14T12:50:00,1763104800000,NIFTY,2025-11-14T13:16:00,1763106360000,26,,hybrid,227.65736724498157,233.5821862463651,237.69546199834502
2025-11-14T12:50:00,1763104800000,NIFTY,2025-11-14T13:17:00,1763106420000,27,,hybrid,227.79124944276901,233.60314734355083,236.26008097891122
2025-11-14T12:50:00,1763104800000,NIFTY,2025-11-14T13:18:00,1763106480000,28,,hybrid,227.2411447979692,233.76399699643073,237.64976352727595
2025-11-14T12:50:00,1763104800000,NIFTY,2025-11-14T13:19:00,1763106540000,29,,hybrid,227.9261989625344,233.64910476992296,236.44013860070842
2025-11-14T12:50:00,1763104800000,NIFTY,2025-11-14T13:20:00,1763106600000,30,,hybrid,227.46602864600519,234.06150549653816,238.1828750077358
2025-11-14T12:50:00,1763104800000,NIFTY,2025-11-14T13:21:00,1763106660000,31,,hybrid,227.5107978985317,233.6920485945658,237.52063016282355
2025-11-14T12:50:00,1763104800000,NIFTY,2025-11-14T13:22:00,1763106720000,32,,hybrid,227.66441603001053,233.37868456834346,239.25420417598562
2025-11-14T12:50:00,1763104800000,NIFTY,2025-11-14T13:23:00,1763106780000,33,,hybrid,227.71964808455934,233.3659308132047,237.14856229085376
2025-11-14T12:50:00,1763104800000,NIFTY,2025-11-14T13:24:00,1763106840000,34,,hybrid,226.81351791376053,234.0284489965262,237.64311658763694
2025-11-14T12:50:00,1763104800000,NIFTY,2025-11-14T13:25:00,1763106900000,35,,hybrid,227.5166592642216,233.4470047227114,238.17795825754374
2025-11-14T12:50:00,1763104800000,NIFTY,2025-11-14T13:26:00,1763106960000,36,,hybrid,226.9829102089738,233.45520709917605,238.90861713785898
2025-11-14T12:50:00,1763104800000,NIFTY,2025-11-14T13:27:00,1763107020000,37,,hybrid,227.7212383304951,233.40419207862098,238.73552443845932
2025-11-14T12:50:00,1763104800000,NIFTY,2025-11-14T13:28:00,1763107080000,38,,hybrid,226.75270734141696,234.0681608456754,237.66720414035822
2025-11-14T12:50:00,1763104800000,NIFTY,2025-11-14T13:29:00,1763107140000,39,,hybrid,227.52195004282922,233.59542642173435,236.94095956393872
2025-11-14T12:50:00,1763104800000,NIFTY,2025-11-14T13:30:00,1763107200000,40,,hybrid,227.0711920580401,233.68879114218993,238.2424934284095
2025-11-14T12:50:00,1763104800000,NIFTY,2025-11-14T13:31:00,1763107260000,41,,hybrid,227.62623534044005,233.31491579264963,236.2079676331557
2025-11-14T12:50:00,1763104800000,NIFTY,2025-11-14T13:32:00,1763107320000,42,,hybrid,227.98370369950402,232.93253690649954,238.483814270541
2025-11-14T12:50:00,1763104800000,NIFTY,2025-11-14T13:33:00,1763107380000,43,,hybrid,227.34752266456093,232.99789221081846,237.71860906657426
2025-11-14T12:50:00,1763104800000,NIFTY,2025-11-14T13:34:00,1763107440000,44,,hybrid,227.6188670500179,233.27088437483678,238.3810858312854
2025-11-14T12:50:00,1763104800000,NIFTY,2025-11-14T13:35:00,1763107500000,45,,hybrid,227.47742614718658,233.20379266697762,237.91066733292763
2025-11-14T12:50:00,1763104800000,NIFTY,2025-11-14T13:36:00,1763107560000,46,,hybrid,227.50415883657683,233.0853482001518,238.4793453541308
2025-11-14T12:50:00,1763104800000,NIFTY,2025-11-14T13:37:00,1763107620000,47,,hybrid,227.35700072061078,233.73047201661464,237.10410290665587
2025-11-14T12:50:00,1763104800000,NIFTY,2025-11-14T13:38:00,1763107680000,48,,hybrid,227.78729489444632,233.17462448612315,238.47251268448508
2025-11-14T12:50:00,1763104800000,NIFTY,2025-11-14T13:39:00,1763107740000,49,,hybrid,227.4488380058822,233.12360946556808,237.89743512335252
2025-11-14T12:50:00,1763104800000,NIFTY,2025-11-14T13:40:00,1763107800000,50,,hybrid,228.61178762652483,233.15661223559297,239.9270380218682
2025-11-14T12:50:00,1763104800000,NIFTY,2025-11-14T13:41:00,1763107860000,51,,hybrid,229.12103111475523,233.39143832348222,238.4243604511149
2025-11-14T12:50:00,1763104800000,NIFTY,2025-11-14T13:42:00,1763107920000,52,,hybrid,227.51729426771004,233.01808325219807,239.28709196570878
2025-11-14T12:50:00,1763104800000,NIFTY,2025-11-14T13:43:00,1763107980000,53,,hybrid,227.17789582861477,233.13793929150185,238.02138928181947
2025-11-14T12:50:00,1763104800000,NIFTY,2025-11-14T13:44:00,1763108040000,54,,hybrid,226.96807674960306,233.19355112649896,238.42750701973142
2025-11-14T12:50:00,1763104800000,NIFTY,2025-11-14T13:45:00,1763108100000,55,,hybrid,226.97758535872768,233.20203649622783,237.91646394156206
2025-11-14T12:50:00,1763104800000,NIFTY,2025-11-14T13:46:00,1763108160000,56,,hybrid,226.5889909985366,233.30731044588413,240.04408650917608
2025-11-14T12:50:00,1763104800000,NIFTY,2025-11-14T13:47:00,1763108220000,57,,hybrid,225.84650154785965,233.28467774625767,236.55192592615606
2025-11-14T12:50:00,1763104800000,NIFTY,2025-11-14T13:48:00,1763108280000,58,,hybrid,226.44909278929174,233.2001319964007,237.73063056965466
2025-11-14T12:50:00,1763104800000,NIFTY,2025-11-14T13:49:00,1763108340000,59,,hybrid,226.50193410194365,233.1618707309844,235.72853978195917
2025-11-14T12:50:00,1763104800000,NIFTY,2025-11-14T13:50:00,1763108400000,60,,hybrid,226.5743276379577,233.30216203751084,237.66063693628894
2025-11-14T12:50:00,1763104800000,NIFTY,2025-11-14T12:51:00,1763104860000,1,,hybrid,229.0841411782225,234.45,237.090041399603
2025-11-14T12:50:00,1763104800000,NIFTY,2025-11-14T12:52:00,1763104920000,2,,hybrid,228.96393119502082,234.67407706800498,238.13969068187322
2025-11-14T12:50:00,1763104800000,NIFTY,2025-11-14T12:53:00,1763104980000,3,,hybrid,229.41470660680633,234.6895789967649,238.6052481163093
2025-11-14T12:50:00,1763104800000,NIFTY,2025-11-14T12:54:00,1763105040000,4,,hybrid,229.4742410274812,234.73916374678282,239.063253202636
2025-11-14T12:50:00,1763104800000,NIFTY,2025-11-14T12:55:00,1763105100000,5,,hybrid,229.40719012639298,234.55735299671719,237.98374053145596
2025-11-14T12:50:00,1763104800000,NIFTY,2025-11-14T12:56:00,1763105160000,6,,hybrid,227.9289734158413,234.40859874666347,237.1071462533704
2025-11-14T12:50:00,1763104800000,NIFTY,2025-11-14T12:57:00,1763105220000,7,,hybrid,230.102085986437,234.0318976370478,236.6320277098542
2025-11-14T12:50:00,1763104800000,NIFTY,2025-11-14T12:58:00,1763105280000,8,,hybrid,229.31662503207565,234.07803374654412,236.7345863996613
2025-11-14T12:50:00,1763104800000,NIFTY,2025-11-14T12:59:00,1763105340000,9,,hybrid,227.1362632034251,234.3828333856496,236.90551077878757
2025-11-14T12:50:00,1763104800000,NIFTY,2025-11-14T13:00:00,1763105400000,10,,hybrid,227.97465885074664,234.41173873458368,237.55302656697262
2025-11-14T12:50:00,1763104800000,NIFTY,2025-11-14T13:01:00,1763105460000,11,,hybrid,228.45077754328713,234.19373149658588,236.999822486729
2025-11-14T12:50:00,1763104800000,NIFTY,2025-11-14T13:02:00,1763105520000,12,,hybrid,228.15910003957893,234.2433162466038,238.67041659076344
2025-11-14T12:50:00,1763104800000,NIFTY,2025-11-14T13:03:00,1763105580000,13,,hybrid,227.9714321698684,233.53910830680275,238.444235288036
2025-11-14T12:50:00,1763104800000,NIFTY,2025-11-14T13:04:00,1763105640000,14,,hybrid,226.93742612127141,234.284201183196,238.66980111053715
2025-11-14T12:50:00,1763104800000,NIFTY,2025-11-14T13:05:00,1763105700000,15,,hybrid,227.04304192785588,233.54739571155838,238.51367901021362
2025-11-14T12:50:00,1763104800000,NIFTY,2025-11-14T13:06:00,1763105760000,16,,hybrid,226.5344173089748,233.8760810187554,237.69783851045284
2025-11-14T12:50:00,1763104800000,NIFTY,2025-11-14T13:07:00,1763105820000,17,,hybrid,227.43217905303757,233.5189758748699,236.7406126382026
2025-11-14T12:50:00,1763104800000,NIFTY,2025-11-14T13:08:00,1763105880000,18,,hybrid,226.99008577263558,233.7448099744633,237.99136139991276
2025-11-14T12:50:00,1763104800000,NIFTY,2025-11-14T13:09:00,1763105940000,19,,hybrid,226.8355057489987,234.07158649605793,236.7021849094079
2025-11-14T12:50:00,1763104800000,NIFTY,2025-11-14T13:10:00,1763106000000,20,,hybrid,226.78048510676825,234.21025974659184,237.46729687127115
2025-11-14T12:50:00,1763104800000,NIFTY,2025-11-14T13:11:00,1763106060000,21,,hybrid,226.6104348711837,233.77844404083535,236.43497436803955
2025-11-14T12:50:00,1763104800000,NIFTY,2025-11-14T13:12:00,1763106120000,22,,hybrid,227.0664425900138,234.0342406078757,237.45385123965778
2025-11-14T12:50:00,1763104800000,NIFTY,2025-11-14T13:13:00,1763106180000,23,,hybrid,227.4393572041905,233.57376472668994,237.3007852434384
2025-11-14T12:50:00,1763104800000,NIFTY,2025-11-14T13:14:00,1763106240000,24,,hybrid,227.1289995855866,233.98755824764788,237.1249335662826
2025-11-14T12:50:00,1763104800000,NIFTY,2025-11-14T13:15:00,1763106300000,25,,hybrid,228.09519410640402,233.59109293663354,236.00971935411232
2025-11-14T12:50:00,1763104800000,NIFTY,2025-11-14T13:16:00,1763106360000,26,,hybrid,227.65736724498157,233.5821862463651,237.69546199834502
2025-11-14T12:50:00,1763104800000,NIFTY,2025-11-14T13:17:00,1763106420000,27,,hybrid,227.79124944276901,233.60314734355083,236.26008097891122
2025-11-14T12:50:00,1763104800000,NIFTY,2025-11-14T13:18:00,1763106480000,28,,hybrid,227.2411447979692,233.76399699643073,237.64976352727595
2025-11-14T12:50:00,1763104800000,NIFTY,2025-11-14T13:19:00,1763106540000,29,,hybrid,227.9261989625344,233.64910476992296,236.44013860070842
2025-11-14T12:50:00,1763104800000,NIFTY,2025-11-14T13:20:00,1763106600000,30,,hybrid,227.46602864600519,234.06150549653816,238.1828750077358
2025-11-14T12:50:00,1763104800000,NIFTY,2025-11-14T13:21:00,1763106660000,31,,hybrid,227.5107978985317,233.6920485945658,237.52063016282355
2025-11-14T12:50:00,1763104800000,NIFTY,2025-11-14T13:22:00,1763106720000,32,,hybrid,227.66441603001053,233.37868456834346,239.25420417598562
2025-11-14T12:50:00,1763104800000,NIFTY,2025-11-14T13:23:00,1763106780000,33,,hybrid,227.71964808455934,233.3659308132047,237.14856229085376
2025-11-14T12:50:00,1763104800000,NIFTY,2025-11-14T13:24:00,1763106840000,34,,hybrid,226.81351791376053,234.0284489965262,237.64311658763694
2025-11-14T12:50:00,1763104800000,NIFTY,2025-11-14T13:25:00,1763106900000,35,,hybrid,227.5166592642216,233.4470047227114,238.17795825754374
2025-11-14T12:50:00,1763104800000,NIFTY,2025-11-14T13:26:00,1763106960000,36,,hybrid,226.9829102089738,233.45520709917605,238.90861713785898
2025-11-14T12:50:00,1763104800000,NIFTY,2025-11-14T13:27:00,1763107020000,37,,hybrid,227.7212383304951,233.40419207862098,238.73552443845932
2025-11-14T12:50:00,1763104800000,NIFTY,2025-11-14T13:28:00,1763107080000,38,,hybrid,226.75270734141696,234.0681608456754,237.66720414035822
2025-11-14T12:50:00,1763104800000,NIFTY,2025-11-14T13:29:00,1763107140000,39,,hybrid,227.52195004282922,233.59542642173435,236.94095956393872
2025-11-14T12:50:00,1763104800000,NIFTY,2025-11-14T13:30:00,1763107200000,40,,hybrid,227.0711920580401,233.68879114218993,238.2424934284095
2025-11-14T12:50:00,1763104800000,NIFTY,2025-11-14T13:31:00,1763107260000,41,,hybrid,227.62623534044005,233.31491579264963,236.2079676331557
2025-11-14T12:50:00,1763104800000,NIFTY,2025-11-14T13:32:00,1763107320000,42,,hybrid,227.98370369950402,232.93253690649954,238.483814270541
2025-11-14T12:50:00,1763104800000,NIFTY,2025-11-14T13:33:00,1763107380000,43,,hybrid,227.34752266456093,232.99789221081846,237.71860906657426
2025-11-14T12:50:00,1763104800000,NIFTY,2025-11-14T13:34:00,1763107440000,44,,hybrid,227.6188670500179,233.27088437483678,238.3810858312854
2025-11-14T12:50:00,1763104800000,NIFTY,2025-11-14T13:35:00,1763107500000,45,,hybrid,227.47742614718658,233.20379266697762,237.91066733292763
2025-11-14T12:50:00,1763104800000,NIFTY,2025-11-14T13:36:00,1763107560000,46,,hybrid,227.50415883657683,233.0853482001518,238.4793453541308
2025-11-14T12:50:00,1763104800000,NIFTY,2025-11-14T13:37:00,1763107620000,47,,hybrid,227.35700072061078,233.73047201661464,237.10410290665587
2025-11-14T12:50:00,1763104800000,NIFTY,2025-11-14T13:38:00,1763107680000,48,,hybrid,227.78729489444632,233.17462448612315,238.47251268448508
2025-11-14T12:50:00,1763104800000,NIFTY,2025-11-14T13:39:00,1763107740000,49,,hybrid,227.4488380058822,233.12360946556808,237.89743512335252
2025-11-14T12:50:00,1763104800000,NIFTY,2025-11-14T13:40:00,1763107800000,50,,hybrid,228.61178762652483,233.15661223559297,239.9270380218682
2025-11-14T12:50:00,1763104800000,NIFTY,2025-11-14T13:41:00,1763107860000,51,,hybrid,229.12103111475523,233.39143832348222,238.4243604511149
2025-11-14T12:50:00,1763104800000,NIFTY,2025-11-14T13:42:00,1763107920000,52,,hybrid,227.51729426771004,233.01808325219807,239.28709196570878
2025-11-14T12:50:00,1763104800000,NIFTY,2025-11-14T13:43:00,1763107980000,53,,hybrid,227.17789582861477,233.13793929150185,238.02138928181947
2025-11-14T12:50:00,1763104800000,NIFTY,2025-11-14T13:44:00,1763108040000,54,,hybrid,226.96807674960306,233.19355112649896,238.42750701973142
2025-11-14T12:50:00,1763104800000,NIFTY,2025-11-14T13:45:00,1763108100000,55,,hybrid,226.97758535872768,233.20203649622783,237.91646394156206
2025-11-14T12:50:00,1763104800000,NIFTY,2025-11-14T13:46:00,1763108160000,56,,hybrid,226.5889909985366,233.30731044588413,240.04408650917608
2025-11-14T12:50:00,1763104800000,NIFTY,2025-11-14T13:47:00,1763108220000,57,,hybrid,225.84650154785965,233.28467774625767,236.55192592615606
2025-11-14T12:50:00,1763104800000,NIFTY,2025-11-14T13:48:00,1763108280000,58,,hybrid,226.44909278929174,233.2001319964007,237.73063056965466
2025-11-14T12:50:00,1763104800000,NIFTY,2025-11-14T13:49:00,1763108340000,59,,hybrid,226.50193410194365,233.1618707309844,235.72853978195917
2025-11-14T12:50:00,1763104800000,NIFTY,2025-11-14T13:50:00,1763108400000,60,,hybrid,226.5743276379577,233.30216203751084,237.66063693628894
2025-11-14T12:50:00,1763104800000,NIFTY,2025-11-14T12:51:00,1763104860000,1,,hybrid,229.39142795365512,234.9,237.61025733961245
2025-11-14T12:50:00,1763104800000,NIFTY,2025-11-14T12:52:00,1763104920000,2,,hybrid,229.2680208020414,235.13003674044305,238.68782365039814
2025-11-14T12:50:00,1763104800000,NIFTY,2025-11-14T12:53:00,1763104980000,3,,hybrid,229.73078527554256,235.14595096671468,239.16576329705714
2025-11-14T12:50:00,1763104800000,NIFTY,2025-11-14T12:54:00,1763105040000,4,,hybrid,229.79190310521682,235.1968544990188,239.63594972935454
2025-11-14T12:50:00,1763104800000,NIFTY,2025-11-14T12:55:00,1763105100000,5,,hybrid,229.72306888283327,235.01020821390372,238.52772576714315
2025-11-14T12:50:00,1763104800000,NIFTY,2025-11-14T12:56:00,1763105160000,6,,hybrid,228.20553673734767,234.85749761699142,237.62781712313443
2025-11-14T12:50:00,1763104800000,NIFTY,2025-11-14T12:57:00,1763105220000,7,,hybrid,230.43644656139307,234.47077756505226,237.1400620750718
2025-11-14T12:50:00,1763104800000,NIFTY,2025-11-14T12:58:00,1763105280000,8,,hybrid,229.63009507127742,234.51814073496405,237.24534847013837
2025-11-14T12:50:00,1763104800000,NIFTY,2025-11-14T12:59:00,1763105340000,9,,hybrid,227.39174318406862,234.8310469867831,237.42081884462388
2025-11-14T12:50:00,1763104800000,NIFTY,2025-11-14T13:00:00,1763105400000,10,,hybrid,228.25243724628825,234.86072111769423,238.08555630582708
2025-11-14T12:50:00,1763104800000,NIFTY,2025-11-14T13:01:00,1763105460000,11,,hybrid,228.74121904386868,234.63691564367363,237.51763891672505
2025-11-14T12:50:00,1763104800000,NIFTY,2025-11-14T13:02:00,1763105520000,12,,hybrid,228.44178393071317,234.68781917597775,239.23266502679033
2025-11-14T12:50:00,1763104800000,NIFTY,2025-11-14T13:03:00,1763105580000,13,,hybrid,228.24912474689546,233.96488174865328,239.0004680862832
2025-11-14T12:50:00,1763104800000,NIFTY,2025-11-14T13:04:00,1763105640000,14,,hybrid,227.18761772551508,234.72979151000828,239.2320331769258
2025-11-14T12:50:00,1763104800000,NIFTY,2025-11-14T13:05:00,1763105700000,15,,hybrid,227.2960425460569,233.97338956961724,239.07175877049374
2025-11-14T12:50:00,1763104800000,NIFTY,2025-11-14T13:06:00,1763105760000,16,,hybrid,226.7738902772942,234.31081676541328,238.23421974449124
2025-11-14T12:50:00,1763104800000,NIFTY,2025-11-14T13:07:00,1763105820000,17,,hybrid,227.6955293684218,233.94421386389266,237.25153498571314
2025-11-14T12:50:00,1763104800000,NIFTY,2025-11-14T13:08:00,1763105880000,18,,hybrid,227.24167794087109,234.17605436686728,238.53554932425556
2025-11-14T12:50:00,1763104800000,NIFTY,2025-11-14T13:09:00,1763105940000,19,,hybrid,227.08298662501434,234.51152200998757,237.2120852126807
2025-11-14T12:50:00,1763104800000,NIFTY,2025-11-14T13:10:00,1763106000000,20,,hybrid,227.0265026246279,234.653883487775,237.99754649771097
2025-11-14T12:50:00,1763104800000,NIFTY,2025-11-14T13:11:00,1763106060000,21,,hybrid,226.8519296428689,234.21058298269108,236.9377677981606
2025-11-14T12:50:00,1763104800000,NIFTY,2025-11-14T13:12:00,1763106120000,22,,hybrid,227.32006558462538,234.4731828507738,237.98374325895443
2025-11-14T12:50:00,1763104800000,NIFTY,2025-11-14T13:13:00,1763106180000,23,,hybrid,227.70289843348638,234.00045990904806,237.8266062383906
2025-11-14T12:50:00,1763104800000,NIFTY,2025-11-14T13:14:00,1763106240000,24,,hybrid,227.38428637920103,234.42525890175662,237.64607751684628
2025-11-14T12:50:00,1763104800000,NIFTY,2025-11-14T13:15:00,1763106300000,25,,hybrid,228.37617832147615,234.01824898924545,236.5012024765423
2025-11-14T12:50:00,1763104800000,NIFTY,2025-11-14T13:16:00,1763106360000,26,,hybrid,227.92670678484484,234.009105411923,238.23178002540806
2025-11-14T12:50:00,1763104800000,NIFTY,2025-11-14T13:17:00,1763106420000,27,,hybrid,228.0641497845083,234.03062400155667,236.75822285177978
2025-11-14T12:50:00,1763104800000,NIFTY,2025-11-14T13:18:00,1763106480000,28,,hybrid,227.4994142650774,234.19575169703808,238.1848661335871
2025-11-14T12:50:00,1763104800000,NIFTY,2025-11-14T13:19:00,1763106540000,29,,hybrid,228.2026884932104,234.07780373599323,236.94306938149802
2025-11-14T12:50:00,1763104800000,NIFTY,2025-11-14T13:20:00,1763106600000,30,,hybrid,227.73027924310074,234.50117289086268,238.73215652947448
2025-11-14T12:50:00,1763104800000,NIFTY,2025-11-14T13:21:00,1763106660000,31,,hybrid,227.77623920239043,234.121889717352,238.05229826974653
2025-11-14T12:50:00,1763104800000,NIFTY,2025-11-14T13:22:00,1763106720000,32,,hybrid,227.93394304309564,233.8001912954381,239.83197933597546
2025-11-14T12:50:00,1763104800000,NIFTY,2025-11-14T13:23:00,1763106780000,33,,hybrid,227.9906440786344,233.78709833466954,237.6703346834967
2025-11-14T12:50:00,1763104800000,NIFTY,2025-11-14T13:24:00,1763106840000,34,,hybrid,227.06041398965888,234.46723720265996,238.17804240841926
2025-11-14T12:50:00,1763104800000,NIFTY,2025-11-14T13:25:00,1763106900000,35,,hybrid,227.78225646006817,233.87032852883416,238.72710901078898
2025-11-14T12:50:00,1763104800000,NIFTY,2025-11-14T13:26:00,1763106960000,36,,hybrid,227.23431153211578,233.87874906004967,239.4772008818578
2025-11-14T12:50:00,1763104800000,NIFTY,2025-11-14T13:27:00,1763107020000,37,,hybrid,227.99227661959375,233.82637721697532,239.29950451730392
2025-11-14T12:50:00,1763104800000,NIFTY,2025-11-14T13:28:00,1763107080000,38,,hybrid,226.99798606711005,234.50800524919225,238.20277060645657
2025-11-14T12:50:00,1763104800000,NIFTY,2025-11-14T13:29:00,1763107140000,39,,hybrid,227.78768795502714,234.02269773001228,237.45721044444903
2025-11-14T12:50:00,1763104800000,NIFTY,2025-11-14T13:30:00,1763107200000,40,,hybrid,227.32494137202,234.11854562804666,238.79336059325593
2025-11-14T12:50:00,1763104800000,NIFTY,2025-11-14T13:31:00,1763107260000,41,,hybrid,227.8947468796735,233.73472649159515,236.70472347186595
2025-11-14T12:50:00,1763104800000,NIFTY,2025-11-14T13:32:00,1763107320000,42,,hybrid,228.26172265663595,233.34217765396824,239.04109973237962
2025-11-14T12:50:00,1763104800000,NIFTY,2025-11-14T13:33:00,1763107380000,43,,hybrid,227.60862141377822,233.4092711825923,238.25554272532946
2025-11-14T12:50:00,1763104800000,NIFTY,2025-11-14T13:34:00,1763107440000,44,,hybrid,227.88718261829482,233.68952399086214,238.93563907311818
2025-11-14T12:50:00,1763104800000,NIFTY,2025-11-14T13:35:00,1763107500000,45,,hybrid,227.74197987826304,233.62064787638917,238.45270907510553
2025-11-14T12:50:00,1763104800000,NIFTY,2025-11-14T13:36:00,1763107560000,46,,hybrid,227.7694235644259,233.49905319776047,239.0365119583005
2025-11-14T12:50:00,1763104800000,NIFTY,2025-11-14T13:37:00,1763107620000,47,,hybrid,227.61835155322913,234.16133506909404,237.62469283395802
2025-11-14T12:50:00,1763104800000,NIFTY,2025-11-14T13:38:00,1763107680000,48,,hybrid,228.0600900589229,233.5907039231406,239.02949756335232
2025-11-14T12:50:00,1763104800000,NIFTY,2025-11-14T13:39:00,1763107740000,49,,hybrid,227.71263139160382,233.53833208006625,238.4391249346729
2025-11-14T12:50:00,1763104800000,NIFTY,2025-11-14T13:40:00,1763107800000,50,,hybrid,228.90651143659855,233.57221260925073,240.52270822735457
2025-11-14T12:50:00,1763104800000,NIFTY,2025-11-14T13:41:00,1763107860000,51,,hybrid,229.42929903448768,233.8132842562067,238.9800646476677
2025-11-14T12:50:00,1763104800000,NIFTY,2025-11-14T13:42:00,1763107920000,52,,hybrid,227.78290835244582,233.42999923560757,239.86574182678117
2025-11-14T12:50:00,1763104800000,NIFTY,2025-11-14T13:43:00,1763107980000,53,,hybrid,227.4344830926188,233.55304302964385,238.56637584362116
2025-11-14T12:50:00,1763104800000,NIFTY,2025-11-14T13:44:00,1763108040000,54,,hybrid,227.2190835541994,233.61013394647298,238.98329490409054
2025-11-14T12:50:00,1763104800000,NIFTY,2025-11-14T13:45:00,1763108100000,55,,hybrid,227.22884505933098,233.61884499759154,238.45865985341487
2025-11-14T12:50:00,1763104800000,NIFTY,2025-11-14T13:46:00,1763108160000,56,,hybrid,226.82991543762188,233.72691886899705,240.64286979825434
2025-11-14T12:50:00,1763104800000,NIFTY,2025-11-14T13:47:00,1763108220000,57,,hybrid,226.06767834407307,233.70368421809837,237.05782986188876
2025-11-14T12:50:00,1763104800000,NIFTY,2025-11-14T13:48:00,1763108280000,58,,hybrid,226.68629642147258,233.61688984467781,238.26788395867595
2025-11-14T12:50:00,1763104800000,NIFTY,2025-11-14T13:49:00,1763108340000,59,,hybrid,226.74054312967613,233.57761096237203,236.21254450349238
2025-11-14T12:50:00,1763104800000,NIFTY,2025-11-14T13:50:00,1763108400000,60,,hybrid,226.81486208253506,233.72163353082655,238.19602873754795
2025-11-14T12:50:00,1763104800000,NIFTY,2025-11-14T12:51:00,1763104860000,1,,hybrid,229.39142795365512,234.9,237.61025733961245
2025-11-14T12:50:00,1763104800000,NIFTY,2025-11-14T12:52:00,1763104920000,2,,hybrid,229.2680208020414,235.13003674044305,238.68782365039814
2025-11-14T12:50:00,1763104800000,NIFTY,2025-11-14T12:53:00,1763104980000,3,,hybrid,229.73078527554256,235.14595096671468,239.16576329705714
2025-11-14T12:50:00,1763104800000,NIFTY,2025-11-14T12:54:00,1763105040000,4,,hybrid,229.79190310521682,235.1968544990188,239.63594972935454
2025-11-14T12:50:00,1763104800000,NIFTY,2025-11-14T12:55:00,1763105100000,5,,hybrid,229.72306888283327,235.01020821390372,238.52772576714315
2025-11-14T12:50:00,1763104800000,NIFTY,2025-11-14T12:56:00,1763105160000,6,,hybrid,228.20553673734767,234.85749761699142,237.62781712313443
2025-11-14T12:50:00,1763104800000,NIFTY,2025-11-14T12:57:00,1763105220000,7,,hybrid,230.43644656139307,234.47077756505226,237.1400620750718
2025-11-14T12:50:00,1763104800000,NIFTY,2025-11-14T12:58:00,1763105280000,8,,hybrid,229.63009507127742,234.51814073496405,237.24534847013837
2025-11-14T12:50:00,1763104800000,NIFTY,2025-11-14T12:59:00,1763105340000,9,,hybrid,227.39174318406862,234.8310469867831,237.42081884462388
2025-11-14T12:50:00,1763104800000,NIFTY,2025-11-14T13:00:00,1763105400000,10,,hybrid,228.25243724628825,234.86072111769423,238.08555630582708
2025-11-14T12:50:00,1763104800000,NIFTY,2025-11-14T13:01:00,1763105460000,11,,hybrid,228.74121904386868,234.63691564367363,237.51763891672505
2025-11-14T12:50:00,1763104800000,NIFTY,2025-11-14T13:02:00,1763105520000,12,,hybrid,228.44178393071317,234.68781917597775,239.23266502679033
2025-11-14T12:50:00,1763104800000,NIFTY,2025-11-14T13:03:00,1763105580000,13,,hybrid,228.24912474689546,233.96488174865328,239.0004680862832
2025-11-14T12:50:00,1763104800000,NIFTY,2025-11-14T13:04:00,1763105640000,14,,hybrid,227.18761772551508,234.72979151000828,239.2320331769258
2025-11-14T12:50:00,1763104800000,NIFTY,2025-11-14T13:05:00,1763105700000,15,,hybrid,227.2960425460569,233.97338956961724,239.07175877049374
2025-11-14T12:50:00,1763104800000,NIFTY,2025-11-14T13:06:00,1763105760000,16,,hybrid,226.7738902772942,234.31081676541328,238.23421974449124
2025-11-14T12:50:00,1763104800000,NIFTY,2025-11-14T13:07:00,1763105820000,17,,hybrid,227.6955293684218,233.94421386389266,237.25153498571314
2025-11-14T12:50:00,1763104800000,NIFTY,2025-11-14T13:08:00,1763105880000,18,,hybrid,227.24167794087109,234.17605436686728,238.53554932425556
2025-11-14T12:50:00,1763104800000,NIFTY,2025-11-14T13:09:00,1763105940000,19,,hybrid,227.08298662501434,234.51152200998757,237.2120852126807
2025-11-14T12:50:00,1763104800000,NIFTY,2025-11-14T13:10:00,1763106000000,20,,hybrid,227.0265026246279,234.653883487775,237.99754649771097
2025-11-14T12:50:00,1763104800000,NIFTY,2025-11-14T13:11:00,1763106060000,21,,hybrid,226.8519296428689,234.21058298269108,236.9377677981606
2025-11-14T12:50:00,1763104800000,NIFTY,2025-11-14T13:12:00,1763106120000,22,,hybrid,227.32006558462538,234.4731828507738,237.98374325895443
2025-11-14T12:50:00,1763104800000,NIFTY,2025-11-14T13:13:00,1763106180000,23,,hybrid,227.70289843348638,234.00045990904806,237.8266062383906
2025-11-14T12:50:00,1763104800000,NIFTY,2025-11-14T13:14:00,1763106240000,24,,hybrid,227.38428637920103,234.42525890175662,237.64607751684628
2025-11-14T12:50:00,1763104800000,NIFTY,2025-11-14T13:15:00,1763106300000,25,,hybrid,228.37617832147615,234.01824898924545,236.5012024765423
2025-11-14T12:50:00,1763104800000,NIFTY,2025-11-14T13:16:00,1763106360000,26,,hybrid,227.92670678484484,234.009105411923,238.23178002540806
2025-11-14T12:50:00,1763104800000,NIFTY,2025-11-14T13:17:00,1763106420000,27,,hybrid,228.0641497845083,234.03062400155667,236.75822285177978
2025-11-14T12:50:00,1763104800000,NIFTY,2025-11-14T13:18:00,1763106480000,28,,hybrid,227.4994142650774,234.19575169703808,238.1848661335871
2025-11-14T12:50:00,1763104800000,NIFTY,2025-11-14T13:19:00,1763106540000,29,,hybrid,228.2026884932104,234.07780373599323,236.94306938149802
2025-11-14T12:50:00,1763104800000,NIFTY,2025-11-14T13:20:00,1763106600000,30,,hybrid,227.73027924310074,234.50117289086268,238.73215652947448
2025-11-14T12:50:00,1763104800000,NIFTY,2025-11-14T13:21:00,1763106660000,31,,hybrid,227.77623920239043,234.121889717352,238.05229826974653
2025-11-14T12:50:00,1763104800000,NIFTY,2025-11-14T13:22:00,1763106720000,32,,hybrid,227.93394304309564,233.8001912954381,239.83197933597546
2025-11-14T12:50:00,1763104800000,NIFTY,2025-11-14T13:23:00,1763106780000,33,,hybrid,227.9906440786344,233.78709833466954,237.6703346834967
2025-11-14T12:50:00,1763104800000,NIFTY,2025-11-14T13:24:00,1763106840000,34,,hybrid,227.06041398965888,234.46723720265996,238.17804240841926
2025-11-14T12:50:00,1763104800000,NIFTY,2025-11-14T13:25:00,1763106900000,35,,hybrid,227.78225646006817,233.87032852883416,238.72710901078898
2025-11-14T12:50:00,1763104800000,NIFTY,2025-11-14T13:26:00,1763106960000,36,,hybrid,227.23431153211578,233.87874906004967,239.4772008818578
2025-11-14T12:50:00,1763104800000,NIFTY,2025-11-14T13:27:00,1763107020000,37,,hybrid,227.99227661959375,233.82637721697532,239.29950451730392
2025-11-14T12:50:00,1763104800000,NIFTY,2025-11-14T13:28:00,1763107080000,38,,hybrid,226.99798606711005,234.50800524919225,238.20277060645657
2025-11-14T12:50:00,1763104800000,NIFTY,2025-11-14T13:29:00,1763107140000,39,,hybrid,227.78768795502714,234.02269773001228,237.45721044444903
2025-11-14T12:50:00,1763104800000,NIFTY,2025-11-14T13:30:00,1763107200000,40,,hybrid,227.32494137202,234.11854562804666,238.79336059325593
2025-11-14T12:50:00,1763104800000,NIFTY,2025-11-14T13:31:00,1763107260000,41,,hybrid,227.8947468796735,233.73472649159515,236.70472347186595
2025-11-14T12:50:00,1763104800000,NIFTY,2025-11-14T13:32:00,1763107320000,42,,hybrid,228.26172265663595,233.34217765396824,239.04109973237962
2025-11-14T12:50:00,1763104800000,NIFTY,2025-11-14T13:33:00,1763107380000,43,,hybrid,227.60862141377822,233.4092711825923,238.25554272532946
2025-11-14T12:50:00,1763104800000,NIFTY,2025-11-14T13:34:00,1763107440000,44,,hybrid,227.88718261829482,233.68952399086214,238.93563907311818
2025-11-14T12:50:00,1763104800000,NIFTY,2025-11-14T13:35:00,1763107500000,45,,hybrid,227.74197987826304,233.62064787638917,238.45270907510553
2025-11-14T12:50:00,1763104800000,NIFTY,2025-11-14T13:36:00,1763107560000,46,,hybrid,227.7694235644259,233.49905319776047,239.0365119583005
2025-11-14T12:50:00,1763104800000,NIFTY,2025-11-14T13:37:00,1763107620000,47,,hybrid,227.61835155322913,234.16133506909404,237.62469283395802
2025-11-14T12:50:00,1763104800000,NIFTY,2025-11-14T13:38:00,1763107680000,48,,hybrid,228.0600900589229,233.5907039231406,239.02949756335232
2025-11-14T12:50:00,1763104800000,NIFTY,2025-11-14T13:39:00,1763107740000,49,,hybrid,227.71263139160382,233.53833208006625,238.4391249346729
2025-11-14T12:50:00,1763104800000,NIFTY,2025-11-14T13:40:00,1763107800000,50,,hybrid,228.90651143659855,233.57221260925073,240.52270822735457
2025-11-14T12:50:00,1763104800000,NIFTY,2025-11-14T13:41:00,1763107860000,51,,hybrid,229.42929903448768,233.8132842562067,238.9800646476677
2025-11-14T12:50:00,1763104800000,NIFTY,2025-11-14T13:42:00,1763107920000,52,,hybrid,227.78290835244582,233.42999923560757,239.86574182678117
2025-11-14T12:50:00,1763104800000,NIFTY,2025-11-14T13:43:00,1763107980000,53,,hybrid,227.4344830926188,233.55304302964385,238.56637584362116
2025-11-14T12:50:00,1763104800000,NIFTY,2025-11-14T13:44:00,1763108040000,54,,hybrid,227.2190835541994,233.61013394647298,238.98329490409054
2025-11-14T12:50:00,1763104800000,NIFTY,2025-11-14T13:45:00,1763108100000,55,,hybrid,227.22884505933098,233.61884499759154,238.45865985341487
2025-11-14T12:50:00,1763104800000,NIFTY,2025-11-14T13:46:00,1763108160000,56,,hybrid,226.82991543762188,233.72691886899705,240.64286979825434
2025-11-14T12:50:00,1763104800000,NIFTY,2025-11-14T13:47:00,1763108220000,57,,hybrid,226.06767834407307,233.70368421809837,237.05782986188876
2025-11-14T12:50:00,1763104800000,NIFTY,2025-11-14T13:48:00,1763108280000,58,,hybrid,226.68629642147258,233.61688984467781,238.26788395867595
2025-11-14T12:50:00,1763104800000,NIFTY,2025-11-14T13:49:00,1763108340000,59,,hybrid,226.74054312967613,233.57761096237203,236.21254450349238
2025-11-14T12:50:00,1763104800000,NIFTY,2025-11-14T13:50:00,1763108400000,60,,hybrid,226.81486208253506,233.72163353082655,238.19602873754795
2025-11-14T12:50:00,1763104800000,NIFTY,2025-11-14T12:51:00,1763104860000,1,,hybrid,229.10042381856508,234.65,237.38043167102674
2025-11-14T12:50:00,1763104800000,NIFTY,2025-11-14T12:52:00,1763104920000,2,,hybrid,228.97609806164434,234.881749063982,238.46601905772903
2025-11-14T12:50:00,1763104800000,NIFTY,2025-11-14T12:53:00,1763104980000,3,,hybrid,229.44230721315398,234.89778175091428,239.2929052462565
2025-11-14T12:50:00,1763104800000,NIFTY,2025-11-14T12:54:00,1763105040000,4,,hybrid,229.50387998536567,234.94906419363247,239.42120269888073
2025-11-14T12:50:00,1763104800000,NIFTY,2025-11-14T12:55:00,1763105100000,5,,hybrid,229.434533381964,234.7610285703324,238.30472945451882
2025-11-14T12:50:00,1763104800000,NIFTY,2025-11-14T12:56:00,1763105160000,6,,hybrid,227.86044637865345,234.51809579213173,237.46448501015556
2025-11-14T12:50:00,1763104800000,NIFTY,2025-11-14T12:57:00,1763105220000,7,,hybrid,230.1129037904578,234.17982755285945,236.93486143489613
2025-11-14T12:50:00,1763104800000,NIFTY,2025-11-14T12:58:00,1763105280000,8,,hybrid,229.42147509120733,234.1570907041542,236.9578278515051
2025-11-14T12:50:00,1763104800000,NIFTY,2025-11-14T12:59:00,1763105340000,9,,hybrid,227.38435394632987,234.17982755285945,237.48808299614004
2025-11-14T12:50:00,1763104800000,NIFTY,2025-11-14T13:00:00,1763105400000,10,,hybrid,228.1254329375278,234.37889418944218,238.03174674497626
2025-11-14T12:50:00,1763104800000,NIFTY,2025-11-14T13:01:00,1763105460000,11,,hybrid,228.60767115913654,233.89495931245025,237.60459197569642
2025-11-14T12:50:00,1763104800000,NIFTY,2025-11-14T13:02:00,1763105520000,12,,hybrid,228.60781695713592,233.81322408139437,239.47902209045566
2025-11-14T12:50:00,1763104800000,NIFTY,2025-11-14T13:03:00,1763105580000,13,,hybrid,227.9496176541224,233.70792101277095,238.78099072371592
2025-11-14T12:50:00,1763104800000,NIFTY,2025-11-14T13:04:00,1763105640000,14,,hybrid,227.58983492496174,233.52592318563958,239.7239053421414
2025-11-14T12:50:00,1763104800000,NIFTY,2025-11-14T13:05:00,1763105700000,15,,hybrid,227.1637087826082,233.4825551810627,239.02707985748305
2025-11-14T12:50:00,1763104800000,NIFTY,2025-11-14T13:06:00,1763105760000,16,,hybrid,226.61372956247516,233.85463140603426,238.15936623700222
2025-11-14T12:50:00,1763104800000,NIFTY,2025-11-14T13:07:00,1763105820000,17,,hybrid,227.53781221900428,233.49122878197807,237.0426158344203
2025-11-14T12:50:00,1763104800000,NIFTY,2025-11-14T13:08:00,1763105880000,18,,hybrid,227.29334167330342,233.4391871764858,238.6712812006639
2025-11-14T12:50:00,1763104800000,NIFTY,2025-11-14T13:09:00,1763105940000,19,,hybrid,226.77479915469854,234.25863029797074,236.58578682752
2025-11-14T12:50:00,1763104800000,NIFTY,2025-11-14T13:10:00,1763106000000,20,,hybrid,226.71789470459072,234.40205147130501,237.77060369183883
2025-11-14T12:50:00,1763104800000,NIFTY,2025-11-14T13:11:00,1763106060000,21,,hybrid,226.6080139846579,233.8668639078282,236.76892805195308
2025-11-14T12:50:00,1763104800000,NIFTY,2025-11-14T13:12:00,1763106120000,22,,hybrid,227.22573958364165,233.93528721886625,237.96879443162604
2025-11-14T12:50:00,1763104800000,NIFTY,2025-11-14T13:13:00,1763106180000,23,,hybrid,227.42749851511465,233.70594442852675,237.42784537183795
2025-11-14T12:50:00,1763104800000,NIFTY,2025-11-14T13:14:00,1763106240000,24,,hybrid,227.492528674602,233.61572068295925,237.83070546474195
2025-11-14T12:50:00,1763104800000,NIFTY,2025-11-14T13:15:00,1763106300000,25,,hybrid,228.0776169768738,233.76168550287247,236.20389674336377
2025-11-14T12:50:00,1763104800000,NIFTY,2025-11-14T13:16:00,1763106360000,26,,hybrid,227.62479971081345,233.75247386354113,237.9885073151637
2025-11-14T12:50:00,1763104800000,NIFTY,2025-11-14T13:17:00,1763106420000,27,,hybrid,228.13272093730592,233.27819623816984,236.8915100405182
2025-11-14T12:50:00,1763104800000,NIFTY,2025-11-14T13:18:00,1763106480000,28,,hybrid,227.53049065701228,233.48924297075908,238.29548177965682
2025-11-14T12:50:00,1763104800000,NIFTY,2025-11-14T13:19:00,1763106540000,29,,hybrid,227.9028357430867,233.82168355704374,236.59927408307007
2025-11-14T12:50:00,1763104800000,NIFTY,2025-11-14T13:20:00,1763106600000,30,,hybrid,228.10037258869195,233.34414834210398,239.18414450378253
2025-11-14T12:50:00,1763104800000,NIFTY,2025-11-14T13:21:00,1763106660000,31,,hybrid,227.63603224020903,233.64752802020104,237.60601444264404
2025-11-14T12:50:00,1763104800000,NIFTY,2025-11-14T13:22:00,1763106720000,32,,hybrid,227.63208983356998,233.54200465390642,239.61869149027825
2025-11-14T12:50:00,1763104800000,NIFTY,2025-11-14T13:23:00,1763106780000,33,,hybrid,227.42518886879424,233.88324000223244,237.1769321468091
2025-11-14T12:50:00,1763104800000,NIFTY,2025-11-14T13:24:00,1763106840000,34,,hybrid,226.7520584955102,234.21401584800492,237.9524431592155
2025-11-14T12:50:00,1763104800000,NIFTY,2025-11-14T13:25:00,1763106900000,35,,hybrid,227.47927414174825,233.61266396753828,238.50559684639546
2025-11-14T12:50:00,1763104800000,NIFTY,2025-11-14T13:26:00,1763106960000,36,,hybrid,226.92725047838886,233.62114717862738,239.26127217324063
2025-11-14T12:50:00,1763104800000,NIFTY,2025-11-14T13:27:00,1763107020000,37,,hybrid,227.69085762747164,233.56838549548007,239.08225309098862
2025-11-14T12:50:00,1763104800000,NIFTY,2025-11-14T13:28:00,1763107080000,38,,hybrid,227.06258357259816,233.75381163999427,238.20130752379936
2025-11-14T12:50:00,1763104800000,NIFTY,2025-11-14T13:29:00,1763107140000,39,,hybrid,227.74999267752392,233.41010044603811,236.56065082475214
2025-11-14T12:50:00,1763104800000,NIFTY,2025-11-14T13:30:00,1763107200000,40,,hybrid,227.34590745847413,233.42329086682494,238.3767301109855
2025-11-14T12:50:00,1763104800000,NIFTY,2025-11-14T13:31:00,1763107260000,41,,hybrid,227.59260190582748,233.47605254997228,236.4681572845525
2025-11-14T12:50:00,1763104800000,NIFTY,2025-11-14T13:32:00,1763107320000,42,,hybrid,227.96230933887185,233.08058169817687,238.82192481942926
2025-11-14T12:50:00,1763104800000,NIFTY,2025-11-14T13:33:00,1763107380000,43,,hybrid,227.30434660897816,233.14817465062407,238.03052036491604
2025-11-14T12:50:00,1763104800000,NIFTY,2025-11-14T13:34:00,1763107440000,44,,hybrid,227.58498133838745,233.43051357557042,238.71567914309222
2025-11-14T12:50:00,1763104800000,NIFTY,2025-11-14T13:35:00,1763107500000,45,,hybrid,227.43869775331663,233.36112476824738,238.22915436103918
2025-11-14T12:50:00,1763104800000,NIFTY,2025-11-14T13:36:00,1763107560000,46,,hybrid,227.46634572193332,233.23862497580936,238.81730289535517
2025-11-14T12:50:00,1763104800000,NIFTY,2025-11-14T13:37:00,1763107620000,47,,hybrid,227.74239632509767,233.33095792131715,237.4863208354738
2025-11-14T12:50:00,1763104800000,NIFTY,2025-11-14T13:38:00,1763107680000,48,,hybrid,227.6796262247376,233.43774529635766,238.73068666270154
2025-11-14T12:50:00,1763104800000,NIFTY,2025-11-14T13:39:00,1763107740000,49,,hybrid,227.409130805448,233.27819623816984,238.21546910439628
2025-11-14T12:50:00,1763104800000,NIFTY,2025-11-14T13:40:00,1763107800000,50,,hybrid,228.6118977304244,233.3123289637101,240.31456195746594
2025-11-14T12:50:00,1763104800000,NIFTY,2025-11-14T13:41:00,1763107860000,51,,hybrid,229.13857680020624,233.55519507469324,238.76043540810826
2025-11-14T12:50:00,1763104800000,NIFTY,2025-11-14T13:42:00,1763107920000,52,,hybrid,227.4799308866145,233.16905699696233,239.65270529879803
2025-11-14T12:50:00,1763104800000,NIFTY,2025-11-14T13:43:00,1763107980000,53,,hybrid,227.12891205511355,233.29301669158232,238.34366723041217
2025-11-14T12:50:00,1763104800000,NIFTY,2025-11-14T13:44:00,1763108040000,54,,hybrid,226.96194791903545,233.28336055551844,238.81372848057717
2025-11-14T12:50:00,1763104800000,NIFTY,2025-11-14T13:45:00,1763108100000,55,,hybrid,226.9583224409337,233.3102046694183,238.27172856122314
2025-11-14T12:50:00,1763104800000,NIFTY,2025-11-14T13:46:00,1763108160000,56,,hybrid,226.84512654568317,233.03152793346294,240.76090033789092
2025-11-14T12:50:00,1763104800000,NIFTY,2025-11-14T13:47:00,1763108220000,57,,hybrid,226.0160434106052,233.09023783424075,237.0880022740825
2025-11-14T12:50:00,1763104800000,NIFTY,2025-11-14T13:48:00,1763108280000,58,,hybrid,226.52740618094032,233.15295834627827,238.19520353367076
2025-11-14T12:50:00,1763104800000,NIFTY,2025-11-14T13:49:00,1763108340000,59,,hybrid,226.51381107791602,233.20499995177053,236.05631914940966
2025-11-14T12:50:00,1763104800000,NIFTY,2025-11-14T13:50:00,1763108400000,60,,hybrid,226.89706853083905,232.93611832339374,238.36295312928237
2025-11-14T12:50:00,1763104800000,NIFTY,2025-11-14T12:51:00,1763104860000,1,,hybrid,229.10042381856508,234.65,237.38043167102674
2025-11-14T12:50:00,1763104800000,NIFTY,2025-11-14T12:52:00,1763104920000,2,,hybrid,228.97609806164434,234.881749063982,238.46601905772903
2025-11-14T12:50:00,1763104800000,NIFTY,2025-11-14T12:53:00,1763104980000,3,,hybrid,229.44230721315398,234.89778175091428,239.2929052462565
2025-11-14T12:50:00,1763104800000,NIFTY,2025-11-14T12:54:00,1763105040000,4,,hybrid,229.50387998536567,234.94906419363247,239.42120269888073
2025-11-14T12:50:00,1763104800000,NIFTY,2025-11-14T12:55:00,1763105100000,5,,hybrid,229.434533381964,234.7610285703324,238.30472945451882
2025-11-14T12:50:00,1763104800000,NIFTY,2025-11-14T12:56:00,1763105160000,6,,hybrid,227.86044637865345,234.51809579213173,237.46448501015556
2025-11-14T12:50:00,1763104800000,NIFTY,2025-11-14T12:57:00,1763105220000,7,,hybrid,230.1129037904578,234.17982755285945,236.93486143489613
2025-11-14T12:50:00,1763104800000,NIFTY,2025-11-14T12:58:00,1763105280000,8,,hybrid,229.42147509120733,234.1570907041542,236.9578278515051
2025-11-14T12:50:00,1763104800000,NIFTY,2025-11-14T12:59:00,1763105340000,9,,hybrid,227.38435394632987,234.17982755285945,237.48808299614004
2025-11-14T12:50:00,1763104800000,NIFTY,2025-11-14T13:00:00,1763105400000,10,,hybrid,228.1254329375278,234.37889418944218,238.03174674497626
2025-11-14T12:50:00,1763104800000,NIFTY,2025-11-14T13:01:00,1763105460000,11,,hybrid,228.60767115913654,233.89495931245025,237.60459197569642
2025-11-14T12:50:00,1763104800000,NIFTY,2025-11-14T13:02:00,1763105520000,12,,hybrid,228.60781695713592,233.81322408139437,239.47902209045566
2025-11-14T12:50:00,1763104800000,NIFTY,2025-11-14T13:03:00,1763105580000,13,,hybrid,227.9496176541224,233.70792101277095,238.78099072371592
2025-11-14T12:50:00,1763104800000,NIFTY,2025-11-14T13:04:00,1763105640000,14,,hybrid,227.58983492496174,233.52592318563958,239.7239053421414
2025-11-14T12:50:00,1763104800000,NIFTY,2025-11-14T13:05:00,1763105700000,15,,hybrid,227.1637087826082,233.4825551810627,239.02707985748305
2025-11-14T12:50:00,1763104800000,NIFTY,2025-11-14T13:06:00,1763105760000,16,,hybrid,226.61372956247516,233.85463140603426,238.15936623700222
2025-11-14T12:50:00,1763104800000,NIFTY,2025-11-14T13:07:00,1763105820000,17,,hybrid,227.53781221900428,233.49122878197807,237.0426158344203
2025-11-14T12:50:00,1763104800000,NIFTY,2025-11-14T13:08:00,1763105880000,18,,hybrid,227.29334167330342,233.4391871764858,238.6712812006639
2025-11-14T12:50:00,1763104800000,NIFTY,2025-11-14T13:09:00,1763105940000,19,,hybrid,226.77479915469854,234.25863029797074,236.58578682752
2025-11-14T12:50:00,1763104800000,NIFTY,2025-11-14T13:10:00,1763106000000,20,,hybrid,226.71789470459072,234.40205147130501,237.77060369183883
2025-11-14T12:50:00,1763104800000,NIFTY,2025-11-14T13:11:00,1763106060000,21,,hybrid,226.6080139846579,233.8668639078282,236.76892805195308
2025-11-14T12:50:00,1763104800000,NIFTY,2025-11-14T13:12:00,1763106120000,22,,hybrid,227.22573958364165,233.93528721886625,237.96879443162604
2025-11-14T12:50:00,1763104800000,NIFTY,2025-11-14T13:13:00,1763106180000,23,,hybrid,227.42749851511465,233.70594442852675,237.42784537183795
2025-11-14T12:50:00,1763104800000,NIFTY,2025-11-14T13:14:00,1763106240000,24,,hybrid,227.492528674602,233.61572068295925,237.83070546474195
2025-11-14T12:50:00,1763104800000,NIFTY,2025-11-14T13:15:00,1763106300000,25,,hybrid,228.0776169768738,233.76168550287247,236.20389674336377
2025-11-14T12:50:00,1763104800000,NIFTY,2025-11-14T13:16:00,1763106360000,26,,hybrid,227.62479971081345,233.75247386354113,237.9885073151637
2025-11-14T12:50:00,1763104800000,NIFTY,2025-11-14T13:17:00,1763106420000,27,,hybrid,228.13272093730592,233.27819623816984,236.8915100405182
2025-11-14T12:50:00,1763104800000,NIFTY,2025-11-14T13:18:00,1763106480000,28,,hybrid,227.53049065701228,233.48924297075908,238.29548177965682
2025-11-14T12:50:00,1763104800000,NIFTY,2025-11-14T13:19:00,1763106540000,29,,hybrid,227.9028357430867,233.82168355704374,236.59927408307007
2025-11-14T12:50:00,1763104800000,NIFTY,2025-11-14T13:20:00,1763106600000,30,,hybrid,228.10037258869195,233.34414834210398,239.18414450378253
2025-11-14T12:50:00,1763104800000,NIFTY,2025-11-14T13:21:00,1763106660000,31,,hybrid,227.63603224020903,233.64752802020104,237.60601444264404
2025-11-14T12:50:00,1763104800000,NIFTY,2025-11-14T13:22:00,1763106720000,32,,hybrid,227.63208983356998,233.54200465390642,239.61869149027825
2025-11-14T12:50:00,1763104800000,NIFTY,2025-11-14T13:23:00,1763106780000,33,,hybrid,227.42518886879424,233.88324000223244,237.1769321468091
2025-11-14T12:50:00,1763104800000,NIFTY,2025-11-14T13:24:00,1763106840000,34,,hybrid,226.7520584955102,234.21401584800492,237.9524431592155
2025-11-14T12:50:00,1763104800000,NIFTY,2025-11-14T13:25:00,1763106900000,35,,hybrid,227.47927414174825,233.61266396753828,238.50559684639546
2025-11-14T12:50:00,1763104800000,NIFTY,2025-11-14T13:26:00,1763106960000,36,,hybrid,226.92725047838886,233.62114717862738,239.26127217324063
2025-11-14T12:50:00,1763104800000,NIFTY,2025-11-14T13:27:00,1763107020000,37,,hybrid,227.69085762747164,233.56838549548007,239.08225309098862
2025-11-14T12:50:00,1763104800000,NIFTY,2025-11-14T13:28:00,1763107080000,38,,hybrid,227.06258357259816,233.75381163999427,238.20130752379936
2025-11-14T12:50:00,1763104800000,NIFTY,2025-11-14T13:29:00,1763107140000,39,,hybrid,227.74999267752392,233.41010044603811,236.56065082475214
2025-11-14T12:50:00,1763104800000,NIFTY,2025-11-14T13:30:00,1763107200000,40,,hybrid,227.34590745847413,233.42329086682494,238.3767301109855
2025-11-14T12:50:00,1763104800000,NIFTY,2025-11-14T13:31:00,1763107260000,41,,hybrid,227.59260190582748,233.47605254997228,236.4681572845525
2025-11-14T12:50:00,1763104800000,NIFTY,2025-11-14T13:32:00,1763107320000,42,,hybrid,227.96230933887185,233.08058169817687,238.82192481942926
2025-11-14T12:50:00,1763104800000,NIFTY,2025-11-14T13:33:00,1763107380000,43,,hybrid,227.30434660897816,233.14817465062407,238.03052036491604
2025-11-14T12:50:00,1763104800000,NIFTY,2025-11-14T13:34:00,1763107440000,44,,hybrid,227.58498133838745,233.43051357557042,238.71567914309222
2025-11-14T12:50:00,1763104800000,NIFTY,2025-11-14T13:35:00,1763107500000,45,,hybrid,227.43869775331663,233.36112476824738,238.22915436103918
2025-11-14T12:50:00,1763104800000,NIFTY,2025-11-14T13:36:00,1763107560000,46,,hybrid,227.46634572193332,233.23862497580936,238.81730289535517
2025-11-14T12:50:00,1763104800000,NIFTY,2025-11-14T13:37:00,1763107620000,47,,hybrid,227.74239632509767,233.33095792131715,237.4863208354738
2025-11-14T12:50:00,1763104800000,NIFTY,2025-11-14T13:38:00,1763107680000,48,,hybrid,227.6796262247376,233.43774529635766,238.73068666270154
2025-11-14T12:50:00,1763104800000,NIFTY,2025-11-14T13:39:00,1763107740000,49,,hybrid,227.409130805448,233.27819623816984,238.21546910439628
2025-11-14T12:50:00,1763104800000,NIFTY,2025-11-14T13:40:00,1763107800000,50,,hybrid,228.6118977304244,233.3123289637101,240.31456195746594
2025-11-14T12:50:00,1763104800000,NIFTY,2025-11-14T13:41:00,1763107860000,51,,hybrid,229.13857680020624,233.55519507469324,238.76043540810826
2025-11-14T12:50:00,1763104800000,NIFTY,2025-11-14T13:42:00,1763107920000,52,,hybrid,227.4799308866145,233.16905699696233,239.65270529879803
2025-11-14T12:50:00,1763104800000,NIFTY,2025-11-14T13:43:00,1763107980000,53,,hybrid,227.12891205511355,233.29301669158232,238.34366723041217
2025-11-14T12:50:00,1763104800000,NIFTY,2025-11-14T13:44:00,1763108040000,54,,hybrid,226.96194791903545,233.28336055551844,238.81372848057717
2025-11-14T12:50:00,1763104800000,NIFTY,2025-11-14T13:45:00,1763108100000,55,,hybrid,226.9583224409337,233.3102046694183,238.27172856122314
2025-11-14T12:50:00,1763104800000,NIFTY,2025-11-14T13:46:00,1763108160000,56,,hybrid,226.84512654568317,233.03152793346294,240.76090033789092
2025-11-14T12:50:00,1763104800000,NIFTY,2025-11-14T13:47:00,1763108220000,57,,hybrid,226.0160434106052,233.09023783424075,237.0880022740825
2025-11-14T12:50:00,1763104800000,NIFTY,2025-11-14T13:48:00,1763108280000,58,,hybrid,226.52740618094032,233.15295834627827,238.19520353367076
2025-11-14T12:50:00,1763104800000,NIFTY,2025-11-14T13:49:00,1763108340000,59,,hybrid,226.51381107791602,233.20499995177053,236.05631914940966
2025-11-14T12:50:00,1763104800000,NIFTY,2025-11-14T13:50:00,1763108400000,60,,hybrid,226.89706853083905,232.93611832339374,238.36295312928237
2025-11-14T12:50:00,1763104800000,NIFTY,2025-11-14T12:51:00,1763104860000,1,,hybrid,229.10042381856508,234.65,237.38043167102674
2025-11-14T12:50:00,1763104800000,NIFTY,2025-11-14T12:52:00,1763104920000,2,,hybrid,228.97609806164434,234.881749063982,238.46601905772903
2025-11-14T12:50:00,1763104800000,NIFTY,2025-11-14T12:53:00,1763104980000,3,,hybrid,229.44230721315398,234.89778175091428,239.2929052462565
2025-11-14T12:50:00,1763104800000,NIFTY,2025-11-14T12:54:00,1763105040000,4,,hybrid,229.50387998536567,234.94906419363247,239.42120269888073
2025-11-14T12:50:00,1763104800000,NIFTY,2025-11-14T12:55:00,1763105100000,5,,hybrid,229.434533381964,234.7610285703324,238.30472945451882
2025-11-14T12:50:00,1763104800000,NIFTY,2025-11-14T12:56:00,1763105160000,6,,hybrid,227.86044637865345,234.51809579213173,237.46448501015556
2025-11-14T12:50:00,1763104800000,NIFTY,2025-11-14T12:57:00,1763105220000,7,,hybrid,230.1129037904578,234.17982755285945,236.93486143489613
2025-11-14T12:50:00,1763104800000,NIFTY,2025-11-14T12:58:00,1763105280000,8,,hybrid,229.42147509120733,234.1570907041542,236.9578278515051
2025-11-14T12:50:00,1763104800000,NIFTY,2025-11-14T12:59:00,1763105340000,9,,hybrid,227.38435394632987,234.17982755285945,237.48808299614004
2025-11-14T12:50:00,1763104800000,NIFTY,2025-11-14T13:00:00,1763105400000,10,,hybrid,228.1254329375278,234.37889418944218,238.03174674497626
2025-11-14T12:50:00,1763104800000,NIFTY,2025-11-14T13:01:00,1763105460000,11,,hybrid,228.60767115913654,233.89495931245025,237.60459197569642
2025-11-14T12:50:00,1763104800000,NIFTY,2025-11-14T13:02:00,1763105520000,12,,hybrid,228.60781695713592,233.81322408139437,239.47902209045566
2025-11-14T12:50:00,1763104800000,NIFTY,2025-11-14T13:03:00,1763105580000,13,,hybrid,227.9496176541224,233.70792101277095,238.78099072371592
2025-11-14T12:50:00,1763104800000,NIFTY,2025-11-14T13:04:00,1763105640000,14,,hybrid,227.58983492496174,233.52592318563958,239.7239053421414
2025-11-14T12:50:00,1763104800000,NIFTY,2025-11-14T13:05:00,1763105700000,15,,hybrid,227.1637087826082,233.4825551810627,239.02707985748305
2025-11-14T12:50:00,1763104800000,NIFTY,2025-11-14T13:06:00,1763105760000,16,,hybrid,226.61372956247516,233.85463140603426,238.15936623700222
2025-11-14T12:50:00,1763104800000,NIFTY,2025-11-14T13:07:00,1763105820000,17,,hybrid,227.53781221900428,233.49122878197807,237.0426158344203
2025-11-14T12:50:00,1763104800000,NIFTY,2025-11-14T13:08:00,1763105880000,18,,hybrid,227.29334167330342,233.4391871764858,238.6712812006639
2025-11-14T12:50:00,1763104800000,NIFTY,2025-11-14T13:09:00,1763105940000,19,,hybrid,226.77479915469854,234.25863029797074,236.58578682752
2025-11-14T12:50:00,1763104800000,NIFTY,2025-11-14T13:10:00,1763106000000,20,,hybrid,226.71789470459072,234.40205147130501,237.77060369183883
2025-11-14T12:50:00,1763104800000,NIFTY,2025-11-14T13:11:00,1763106060000,21,,hybrid,226.6080139846579,233.8668639078282,236.76892805195308
2025-11-14T12:50:00,1763104800000,NIFTY,2025-11-14T13:12:00,1763106120000,22,,hybrid,227.22573958364165,233.93528721886625,237.96879443162604
2025-11-14T12:50:00,1763104800000,NIFTY,2025-11-14T13:13:00,1763106180000,23,,hybrid,227.42749851511465,233.70594442852675,237.42784537183795
2025-11-14T12:50:00,1763104800000,NIFTY,2025-11-14T13:14:00,1763106240000,24,,hybrid,227.492528674602,233.61572068295925,237.83070546474195
2025-11-14T12:50:00,1763104800000,NIFTY,2025-11-14T13:15:00,1763106300000,25,,hybrid,228.0776169768738,233.76168550287247,236.20389674336377
2025-11-14T12:50:00,1763104800000,NIFTY,2025-11-14T13:16:00,1763106360000,26,,hybrid,227.62479971081345,233.75247386354113,237.9885073151637
2025-11-14T12:50:00,1763104800000,NIFTY,2025-11-14T13:17:00,1763106420000,27,,hybrid,228.13272093730592,233.27819623816984,236.8915100405182
2025-11-14T12:50:00,1763104800000,NIFTY,2025-11-14T13:18:00,1763106480000,28,,hybrid,227.53049065701228,233.48924297075908,238.29548177965682
2025-11-14T12:50:00,1763104800000,NIFTY,2025-11-14T13:19:00,1763106540000,29,,hybrid,227.9028357430867,233.82168355704374,236.59927408307007
2025-11-14T12:50:00,1763104800000,NIFTY,2025-11-14T13:20:00,1763106600000,30,,hybrid,228.10037258869195,233.34414834210398,239.18414450378253
2025-11-14T12:50:00,1763104800000,NIFTY,2025-11-14T13:21:00,1763106660000,31,,hybrid,227.63603224020903,233.64752802020104,237.60601444264404
2025-11-14T12:50:00,1763104800000,NIFTY,2025-11-14T13:22:00,1763106720000,32,,hybrid,227.63208983356998,233.54200465390642,239.61869149027825
2025-11-14T12:50:00,1763104800000,NIFTY,2025-11-14T13:23:00,1763106780000,33,,hybrid,227.42518886879424,233.88324000223244,237.1769321468091
2025-11-14T12:50:00,1763104800000,NIFTY,2025-11-14T13:24:00,1763106840000,34,,hybrid,226.7520584955102,234.21401584800492,237.9524431592155
2025-11-14T12:50:00,1763104800000,NIFTY,2025-11-14T13:25:00,1763106900000,35,,hybrid,227.47927414174825,233.61266396753828,238.50559684639546
2025-11-14T12:50:00,1763104800000,NIFTY,2025-11-14T13:26:00,1763106960000,36,,hybrid,226.92725047838886,233.62114717862738,239.26127217324063
2025-11-14T12:50:00,1763104800000,NIFTY,2025-11-14T13:27:00,1763107020000,37,,hybrid,227.69085762747164,233.56838549548007,239.08225309098862
2025-11-14T12:50:00,1763104800000,NIFTY,2025-11-14T13:28:00,1763107080000,38,,hybrid,227.06258357259816,233.75381163999427,238.20130752379936
2025-11-14T12:50:00,1763104800000,NIFTY,2025-11-14T13:29:00,1763107140000,39,,hybrid,227.74999267752392,233.41010044603811,236.56065082475214
2025-11-14T12:50:00,1763104800000,NIFTY,2025-11-14T13:30:00,1763107200000,40,,hybrid,227.34590745847413,233.42329086682494,238.3767301109855
2025-11-14T12:50:00,1763104800000,NIFTY,2025-11-14T13:31:00,1763107260000,41,,hybrid,227.59260190582748,233.47605254997228,236.4681572845525
2025-11-14T12:50:00,1763104800000,NIFTY,2025-11-14T13:32:00,1763107320000,42,,hybrid,227.96230933887185,233.08058169817687,238.82192481942926
2025-11-14T12:50:00,1763104800000,NIFTY,2025-11-14T13:33:00,1763107380000,43,,hybrid,227.30434660897816,233.14817465062407,238.03052036491604
2025-11-14T12:50:00,1763104800000,NIFTY,2025-11-14T13:34:00,1763107440000,44,,hybrid,227.58498133838745,233.43051357557042,238.71567914309222
2025-11-14T12:50:00,1763104800000,NIFTY,2025-11-14T13:35:00,1763107500000,45,,hybrid,227.43869775331663,233.36112476824738,238.22915436103918
2025-11-14T12:50:00,1763104800000,NIFTY,2025-11-14T13:36:00,1763107560000,46,,hybrid,227.46634572193332,233.23862497580936,238.81730289535517
2025-11-14T12:50:00,1763104800000,NIFTY,2025-11-14T13:37:00,1763107620000,47,,hybrid,227.74239632509767,233.33095792131715,237.4863208354738
2025-11-14T12:50:00,1763104800000,NIFTY,2025-11-14T13:38:00,1763107680000,48,,hybrid,227.6796262247376,233.43774529635766,238.73068666270154
2025-11-14T12:50:00,1763104800000,NIFTY,2025-11-14T13:39:00,1763107740000,49,,hybrid,227.409130805448,233.27819623816984,238.21546910439628
2025-11-14T12:50:00,1763104800000,NIFTY,2025-11-14T13:40:00,1763107800000,50,,hybrid,228.6118977304244,233.3123289637101,240.31456195746594
2025-11-14T12:50:00,1763104800000,NIFTY,2025-11-14T13:41:00,1763107860000,51,,hybrid,229.13857680020624,233.55519507469324,238.76043540810826
2025-11-14T12:50:00,1763104800000,NIFTY,2025-11-14T13:42:00,1763107920000,52,,hybrid,227.4799308866145,233.16905699696233,239.65270529879803
2025-11-14T12:50:00,1763104800000,NIFTY,2025-11-14T13:43:00,1763107980000,53,,hybrid,227.12891205511355,233.29301669158232,238.34366723041217
2025-11-14T12:50:00,1763104800000,NIFTY,2025-11-14T13:44:00,1763108040000,54,,hybrid,226.96194791903545,233.28336055551844,238.81372848057717
2025-11-14T12:50:00,1763104800000,NIFTY,2025-11-14T13:45:00,1763108100000,55,,hybrid,226.9583224409337,233.3102046694183,238.27172856122314
2025-11-14T12:50:00,1763104800000,NIFTY,2025-11-14T13:46:00,1763108160000,56,,hybrid,226.84512654568317,233.03152793346294,240.76090033789092
2025-11-14T12:50:00,1763104800000,NIFTY,2025-11-14T13:47:00,1763108220000,57,,hybrid,226.0160434106052,233.09023783424075,237.0880022740825
2025-11-14T12:50:00,1763104800000,NIFTY,2025-11-14T13:48:00,1763108280000,58,,hybrid,226.52740618094032,233.15295834627827,238.19520353367076
2025-11-14T12:50:00,1763104800000,NIFTY,2025-11-14T13:49:00,1763108340000,59,,hybrid,226.51381107791602,233.20499995177053,236.05631914940966
2025-11-14T12:50:00,1763104800000,NIFTY,2025-11-14T13:50:00,1763108400000,60,,hybrid,226.89706853083905,232.93611832339374,238.36295312928237
2025-11-14T12:50:00,1763104800000,NIFTY,2025-11-14T12:51:00,1763104860000,1,,hybrid,229.10042381856508,234.65,237.38043167102674
2025-11-14T12:50:00,1763104800000,NIFTY,2025-11-14T12:52:00,1763104920000,2,,hybrid,228.97609806164434,234.881749063982,238.46601905772903
2025-11-14T12:50:00,1763104800000,NIFTY,2025-11-14T12:53:00,1763104980000,3,,hybrid,229.44230721315398,234.89778175091428,239.2929052462565
2025-11-14T12:50:00,1763104800000,NIFTY,2025-11-14T12:54:00,1763105040000,4,,hybrid,229.50387998536567,234.94906419363247,239.42120269888073
2025-11-14T12:50:00,1763104800000,NIFTY,2025-11-14T12:55:00,1763105100000,5,,hybrid,229.434533381964,234.7610285703324,238.30472945451882
2025-11-14T12:50:00,1763104800000,NIFTY,2025-11-14T12:56:00,1763105160000,6,,hybrid,227.86044637865345,234.51809579213173,237.46448501015556
2025-11-14T12:50:00,1763104800000,NIFTY,2025-11-14T12:57:00,1763105220000,7,,hybrid,230.1129037904578,234.17982755285945,236.93486143489613
2025-11-14T12:50:00,1763104800000,NIFTY,2025-11-14T12:58:00,1763105280000,8,,hybrid,229.42147509120733,234.1570907041542,236.9578278515051
2025-11-14T12:50:00,1763104800000,NIFTY,2025-11-14T12:59:00,1763105340000,9,,hybrid,227.38435394632987,234.17982755285945,237.48808299614004
2025-11-14T12:50:00,1763104800000,NIFTY,2025-11-14T13:00:00,1763105400000,10,,hybrid,228.1254329375278,234.37889418944218,238.03174674497626
2025-11-14T12:50:00,1763104800000,NIFTY,2025-11-14T13:01:00,1763105460000,11,,hybrid,228.60767115913654,233.89495931245025,237.60459197569642
2025-11-14T12:50:00,1763104800000,NIFTY,2025-11-14T13:02:00,1763105520000,12,,hybrid,228.60781695713592,233.81322408139437,239.47902209045566
2025-11-14T12:50:00,1763104800000,NIFTY,2025-11-14T13:03:00,1763105580000,13,,hybrid,227.9496176541224,233.70792101277095,238.78099072371592
2025-11-14T12:50:00,1763104800000,NIFTY,2025-11-14T13:04:00,1763105640000,14,,hybrid,227.58983492496174,233.52592318563958,239.7239053421414
2025-11-14T12:50:00,1763104800000,NIFTY,2025-11-14T13:05:00,1763105700000,15,,hybrid,227.1637087826082,233.4825551810627,239.02707985748305
2025-11-14T12:50:00,1763104800000,NIFTY,2025-11-14T13:06:00,1763105760000,16,,hybrid,226.61372956247516,233.85463140603426,238.15936623700222
2025-11-14T12:50:00,1763104800000,NIFTY,2025-11-14T13:07:00,1763105820000,17,,hybrid,227.53781221900428,233.49122878197807,237.0426158344203
2025-11-14T12:50:00,1763104800000,NIFTY,2025-11-14T13:08:00,1763105880000,18,,hybrid,227.29334167330342,233.4391871764858,238.6712812006639
2025-11-14T12:50:00,1763104800000,NIFTY,2025-11-14T13:09:00,1763105940000,19,,hybrid,226.77479915469854,234.25863029797074,236.58578682752
2025-11-14T12:50:00,1763104800000,NIFTY,2025-11-14T13:10:00,1763106000000,20,,hybrid,226.71789470459072,234.40205147130501,237.77060369183883
2025-11-14T12:50:00,1763104800000,NIFTY,2025-11-14T13:11:00,1763106060000,21,,hybrid,226.6080139846579,233.8668639078282,236.76892805195308
2025-11-14T12:50:00,1763104800000,NIFTY,2025-11-14T13:12:00,1763106120000,22,,hybrid,227.22573958364165,233.93528721886625,237.96879443162604
2025-11-14T12:50:00,1763104800000,NIFTY,2025-11-14T13:13:00,1763106180000,23,,hybrid,227.42749851511465,233.70594442852675,237.42784537183795
2025-11-14T12:50:00,1763104800000,NIFTY,2025-11-14T13:14:00,1763106240000,24,,hybrid,227.492528674602,233.61572068295925,237.83070546474195
2025-11-14T12:50:00,1763104800000,NIFTY,2025-11-14T13:15:00,1763106300000,25,,hybrid,228.0776169768738,233.76168550287247,236.20389674336377
2025-11-14T12:50:00,1763104800000,NIFTY,2025-11-14T13:16:00,1763106360000,26,,hybrid,227.62479971081345,233.75247386354113,237.9885073151637
2025-11-14T12:50:00,1763104800000,NIFTY,2025-11-14T13:17:00,1763106420000,27,,hybrid,228.13272093730592,233.27819623816984,236.8915100405182
2025-11-14T12:50:00,1763104800000,NIFTY,2025-11-14T13:18:00,1763106480000,28,,hybrid,227.53049065701228,233.48924297075908,238.29548177965682
2025-11-14T12:50:00,1763104800000,NIFTY,2025-11-14T13:19:00,1763106540000,29,,hybrid,227.9028357430867,233.82168355704374,236.59927408307007
2025-11-14T12:50:00,1763104800000,NIFTY,2025-11-14T13:20:00,1763106600000,30,,hybrid,228.10037258869195,233.34414834210398,239.18414450378253
2025-11-14T12:50:00,1763104800000,NIFTY,2025-11-14T13:21:00,1763106660000,31,,hybrid,227.63603224020903,233.64752802020104,237.60601444264404
2025-11-14T12:50:00,1763104800000,NIFTY,2025-11-14T13:22:00,1763106720000,32,,hybrid,227.63208983356998,233.54200465390642,239.61869149027825
2025-11-14T12:50:00,1763104800000,NIFTY,2025-11-14T13:23:00,1763106780000,33,,hybrid,227.42518886879424,233.88324000223244,237.1769321468091
2025-11-14T12:50:00,1763104800000,NIFTY,2025-11-14T13:24:00,1763106840000,34,,hybrid,226.7520584955102,234.21401584800492,237.9524431592155
2025-11-14T12:50:00,1763104800000,NIFTY,2025-11-14T13:25:00,1763106900000,35,,hybrid,227.47927414174825,233.61266396753828,238.50559684639546
2025-11-14T12:50:00,1763104800000,NIFTY,2025-11-14T13:26:00,1763106960000,36,,hybrid,226.92725047838886,233.62114717862738,239.26127217324063
2025-11-14T12:50:00,1763104800000,NIFTY,2025-11-14T13:27:00,1763107020000,37,,hybrid,227.69085762747164,233.56838549548007,239.08225309098862
2025-11-14T12:50:00,1763104800000,NIFTY,2025-11-14T13:28:00,1763107080000,38,,hybrid,227.06258357259816,233.75381163999427,238.20130752379936
2025-11-14T12:50:00,1763104800000,NIFTY,2025-11-14T13:29:00,1763107140000,39,,hybrid,227.74999267752392,233.41010044603811,236.56065082475214
2025-11-14T12:50:00,1763104800000,NIFTY,2025-11-14T13:30:00,1763107200000,40,,hybrid,227.34590745847413,233.42329086682494,238.3767301109855
2025-11-14T12:50:00,1763104800000,NIFTY,2025-11-14T13:31:00,1763107260000,41,,hybrid,227.59260190582748,233.47605254997228,236.4681572845525
2025-11-14T12:50:00,1763104800000,NIFTY,2025-11-14T13:32:00,1763107320000,42,,hybrid,227.96230933887185,233.08058169817687,238.82192481942926
2025-11-14T12:50:00,1763104800000,NIFTY,2025-11-14T13:33:00,1763107380000,43,,hybrid,227.30434660897816,233.14817465062407,238.03052036491604
2025-11-14T12:50:00,1763104800000,NIFTY,2025-11-14T13:34:00,1763107440000,44,,hybrid,227.58498133838745,233.43051357557042,238.71567914309222
2025-11-14T12:50:00,1763104800000,NIFTY,2025-11-14T13:35:00,1763107500000,45,,hybrid,227.43869775331663,233.36112476824738,238.22915436103918
2025-11-14T12:50:00,1763104800000,NIFTY,2025-11-14T13:36:00,1763107560000,46,,hybrid,227.46634572193332,233.23862497580936,238.81730289535517
2025-11-14T12:50:00,1763104800000,NIFTY,2025-11-14T13:37:00,1763107620000,47,,hybrid,227.74239632509767,233.33095792131715,237.4863208354738
2025-11-14T12:50:00,1763104800000,NIFTY,2025-11-14T13:38:00,1763107680000,48,,hybrid,227.6796262247376,233.43774529635766,238.73068666270154
2025-11-14T12:50:00,1763104800000,NIFTY,2025-11-14T13:39:00,1763107740000,49,,hybrid,227.409130805448,233.27819623816984,238.21546910439628
2025-11-14T12:50:00,1763104800000,NIFTY,2025-11-14T13:40:00,1763107800000,50,,hybrid,228.6118977304244,233.3123289637101,240.31456195746594
2025-11-14T12:50:00,1763104800000,NIFTY,2025-11-14T13:41:00,1763107860000,51,,hybrid,229.13857680020624,233.55519507469324,238.76043540810826
2025-11-14T12:50:00,1763104800000,NIFTY,2025-11-14T13:42:00,1763107920000,52,,hybrid,227.4799308866145,233.16905699696233,239.65270529879803
2025-11-14T12:50:00,1763104800000,NIFTY,2025-11-14T13:43:00,1763107980000,53,,hybrid,227.12891205511355,233.29301669158232,238.34366723041217
2025-11-14T12:50:00,1763104800000,NIFTY,2025-11-14T13:44:00,1763108040000,54,,hybrid,226.96194791903545,233.28336055551844,238.81372848057717
2025-11-14T12:50:00,1763104800000,NIFTY,2025-11-14T13:45:00,1763108100000,55,,hybrid,226.9583224409337,233.3102046694183,238.27172856122314
2025-11-14T12:50:00,1763104800000,NIFTY,2025-11-14T13:46:00,1763108160000,56,,hybrid,226.84512654568317,233.03152793346294,240.76090033789092
2025-11-14T12:50:00,1763104800000,NIFTY,2025-11-14T13:47:00,1763108220000,57,,hybrid,226.0160434106052,233.09023783424075,237.0880022740825
2025-11-14T12:50:00,1763104800000,NIFTY,2025-11-14T13:48:00,1763108280000,58,,hybrid,226.52740618094032,233.15295834627827,238.19520353367076
2025-11-14T12:50:00,1763104800000,NIFTY,2025-11-14T13:49:00,1763108340000,59,,hybrid,226.51381107791602,233.20499995177053,236.05631914940966
2025-11-14T12:50:00,1763104800000,NIFTY,2025-11-14T13:50:00,1763108400000,60,,hybrid,226.89706853083905,232.93611832339374,238.36295312928237
2025-11-14T12:50:30,1763104830000,NIFTY,2025-11-14T12:51:30,1763104890000,1,,hybrid,228.37500339036802,233.85000000000002,236.61034960762134
2025-11-14T12:50:30,1763104830000,NIFTY,2025-11-14T12:52:30,1763104950000,2,,hybrid,228.47240619151313,233.78375094425257,237.9111393871471
2025-11-14T12:50:30,1763104830000,NIFTY,2025-11-14T12:53:30,1763105010000,3,,hybrid,227.36711211690087,233.71815458017514,238.3458586927937
2025-11-14T12:50:30,1763104830000,NIFTY,2025-11-14T12:54:30,1763105070000,4,,hybrid,227.3419536160302,233.88009328600657,238.83927699336695
2025-11-14T12:50:30,1763104830000,NIFTY,2025-11-14T12:55:30,1763105130000,5,,hybrid,227.05545036756214,233.83207302743682,237.62527914762978
2025-11-14T12:50:30,1763104830000,NIFTY,2025-11-14T12:56:30,1763105190000,6,,hybrid,225.66128419012645,233.7443931258061,236.67488977913894
2025-11-14T12:50:30,1763104830000,NIFTY,2025-11-14T12:57:30,1763105250000,7,,hybrid,226.86478847192063,233.40794947570984,236.14812294693306
2025-11-14T12:50:30,1763104830000,NIFTY,2025-11-14T12:58:30,1763105310000,8,,hybrid,227.15233969020255,233.38533526756976,236.17096548470786
2025-11-14T12:50:30,1763104830000,NIFTY,2025-11-14T12:59:30,1763105370000,9,,hybrid,225.09178695781395,233.40794947570984,236.69836047965936
2025-11-14T12:50:30,1763104830000,NIFTY,2025-11-14T13:00:30,1763105430000,10,,hybrid,225.15397994032253,233.60594236433684,237.23909175397878
2025-11-14T12:50:30,1763104830000,NIFTY,2025-11-14T13:01:30,1763105490000,11,,hybrid,226.430631907422,233.12461778957237,236.81424102001193
2025-11-14T12:50:30,1763104830000,NIFTY,2025-11-14T13:02:30,1763105550000,12,,hybrid,226.36014951671817,232.71443812985228,238.923558707377
2025-11-14T12:50:30,1763104830000,NIFTY,2025-11-14T13:03:30,1763105610000,13,,hybrid,227.35107866872468,232.14066850811187,238.57869258663757
2025-11-14T12:50:30,1763104830000,NIFTY,2025-11-14T13:04:30,1763105670000,14,,hybrid,226.42915928181276,232.75757221122106,238.9221229962758
2025-11-14T12:50:30,1763104830000,NIFTY,2025-11-14T13:05:30,1763105730000,15,,hybrid,225.98766492622337,232.71443812985228,238.2290561270867
2025-11-14T12:50:30,1763104830000,NIFTY,2025-11-14T13:06:30,1763105790000,16,,hybrid,225.64292091512795,233.08450740834198,237.36602287767232
2025-11-14T12:50:30,1763104830000,NIFTY,2025-11-14T13:07:30,1763105850000,17,,hybrid,226.5216968794113,232.72306494612604,236.25529612868922
2025-11-14T12:50:30,1763104830000,NIFTY,2025-11-14T13:08:30,1763105910000,18,,hybrid,226.36451886310346,232.6713040484835,237.87517661697623
2025-11-14T12:50:30,1763104830000,NIFTY,2025-11-14T13:09:30,1763105970000,19,,hybrid,226.4052846193944,232.9998127731851,236.16335268630684
2025-11-14T12:50:30,1763104830000,NIFTY,2025-11-14T13:10:30,1763106030000,20,,hybrid,225.8751440533026,233.42544564880015,237.1309731710903
2025-11-14T12:50:30,1763104830000,NIFTY,2025-11-14T13:11:30,1763106090000,21,,hybrid,225.1677923100265,232.98741289163993,236.06447693581802
2025-11-14T12:50:30,1763104830000,NIFTY,2025-11-14T13:12:30,1763106150000,22,,hybrid,225.25527668757204,233.16472817080273,237.17647899987838
2025-11-14T12:50:30,1763104830000,NIFTY,2025-11-14T13:13:30,1763106210000,23,,hybrid,225.40305668889206,232.77887757575846,236.75595739661662
2025-11-14T12:50:30,1763104830000,NIFTY,2025-11-14T13:14:30,1763106270000,24,,hybrid,225.7232306520394,232.84688534872618,237.03913487275474
2025-11-14T12:50:30,1763104830000,NIFTY,2025-11-14T13:15:30,1763106330000,25,,hybrid,226.6813889677282,232.71086980279074,235.63057148014516
2025-11-14T12:50:30,1763104830000,NIFTY,2025-11-14T13:16:30,1763106390000,26,,hybrid,226.90562867477294,232.3931080258113,237.6354427469646
2025-11-14T12:50:30,1763104830000,NIFTY,2025-11-14T13:17:30,1763106450000,27,,hybrid,226.90813472024888,232.51118148115066,236.10500538616935
2025-11-14T12:50:30,1763104830000,NIFTY,2025-11-14T13:18:30,1763106510000,28,,hybrid,226.6430469685512,232.7210898461984,237.50140422504347
2025-11-14T12:50:30,1763104830000,NIFTY,2025-11-14T13:19:30,1763106570000,29,,hybrid,226.74940470459316,232.69485130056742,236.08020248338914
2025-11-14T12:50:30,1763104830000,NIFTY,2025-11-14T13:20:30,1763106630000,30,,hybrid,226.8519670477009,232.57677784522807,238.38527358047733
2025-11-14T12:50:30,1763104830000,NIFTY,2025-11-14T13:21:30,1763106690000,31,,hybrid,226.0432197033925,232.87852111998419,236.8156558142977
2025-11-14T12:50:30,1763104830000,NIFTY,2025-11-14T13:22:30,1763106750000,32,,hybrid,226.08357737762287,232.77356693746032,238.81747665868974
2025-11-14T12:50:30,1763104830000,NIFTY,2025-11-14T13:23:30,1763106810000,33,,hybrid,225.92813755192066,232.76044766464483,236.651487893641
2025-11-14T12:50:30,1763104830000,NIFTY,2025-11-14T13:24:30,1763106870000,34,,hybrid,225.07239313979352,233.44195336219371,237.16021592479527
2025-11-14T12:50:30,1763104830000,NIFTY,2025-11-14T13:25:30,1763106930000,35,,hybrid,225.77169244061403,232.84384512095974,237.7103859495644
2025-11-14T12:50:30,1763104830000,NIFTY,2025-11-14T13:26:30,1763106990000,36,,hybrid,225.09635019612818,232.85228257435324,238.46198523005972
2025-11-14T12:50:30,1763104830000,NIFTY,2025-11-14T13:27:30,1763107050000,37,,hybrid,223.8639061283582,232.7998054830913,238.28393176101594
2025-11-14T12:50:30,1763104830000,NIFTY,2025-11-14T13:28:30,1763107110000,38,,hybrid,223.44200526167756,232.98423145526604,237.4077379368517
2025-11-14T12:50:30,1763104830000,NIFTY,2025-11-14T13:29:30,1763107170000,39,,hybrid,224.4641567308519,232.6423742093055,235.77593079595712
2025-11-14T12:50:30,1763104830000,NIFTY,2025-11-14T13:30:30,1763107230000,40,,hybrid,224.67435552577155,232.65549348212096,237.5822143100082
2025-11-14T12:50:30,1763104830000,NIFTY,2025-11-14T13:31:30,1763107290000,41,,hybrid,224.442675545167,232.7079705733829,235.6839361577906
2025-11-14T12:50:30,1763104830000,NIFTY,2025-11-14T13:32:30,1763107350000,42,,hybrid,225.0478710196893,232.31463285663196,238.02500767729143
2025-11-14T12:50:30,1763104830000,NIFTY,2025-11-14T13:33:30,1763107410000,43,,hybrid,224.83180346457922,232.38186121862967,237.23787198890489
2025-11-14T12:50:30,1763104830000,NIFTY,2025-11-14T13:34:30,1763107470000,44,,hybrid,224.6258574052977,232.66267723220975,237.91933508080209
2025-11-14T12:50:30,1763104830000,NIFTY,2025-11-14T13:35:30,1763107530000,45,,hybrid,224.79407094591025,232.5936627020197,237.43543457069694
2025-11-14T12:50:30,1763104830000,NIFTY,2025-11-14T13:36:30,1763107590000,46,,hybrid,224.94686764959704,232.4718236627042,238.02041068346995
2025-11-14T12:50:30,1763104830000,NIFTY,2025-11-14T13:37:30,1763107650000,47,,hybrid,225.02044640371025,232.56365857241258,236.696607823933
2025-11-14T12:50:30,1763104830000,NIFTY,2025-11-14T13:38:30,1763107710000,48,,hybrid,225.15178246970027,232.56365857241258,238.01338219216166
2025-11-14T12:50:30,1763104830000,NIFTY,2025-11-14T13:39:30,1763107770000,49,,hybrid,225.32887477984409,232.51118148115066,237.42182313112656
2025-11-14T12:50:30,1763104830000,NIFTY,2025-11-14T13:40:30,1763107830000,50,,hybrid,225.67741447657053,232.54513009776687,239.5095936616885
2025-11-14T12:50:30,1763104830000,NIFTY,2025-11-14T13:41:30,1763107890000,51,,hybrid,225.26002026891632,232.7866862102758,237.96384993445517
2025-11-14T12:50:30,1763104830000,NIFTY,2025-11-14T13:42:30,1763107950000,52,,hybrid,223.94985907622697,232.40263092742566,238.85130699971336
2025-11-14T12:50:30,1763104830000,NIFTY,2025-11-14T13:43:30,1763108010000,53,,hybrid,223.9180381596243,232.52592199433897,237.54932976770905
2025-11-14T12:50:30,1763104830000,NIFTY,2025-11-14T13:44:30,1763108070000,54,,hybrid,223.72500700593204,232.51631794262502,238.01685554877133
2025-11-14T12:50:30,1763104830000,NIFTY,2025-11-14T13:45:30,1763108130000,55,,hybrid,223.79654784167275,232.54301726173196,237.4777791293841
2025-11-14T12:50:30,1763104830000,NIFTY,2025-11-14T13:46:30,1763108190000,56,,hybrid,223.7903163657603,232.265843683617,239.9535245320868
2025-11-14T12:50:30,1763104830000,NIFTY,2025-11-14T13:47:30,1763108250000,57,,hybrid,222.9822854652304,232.32423690834594,236.30043775788167
2025-11-14T12:50:30,1763104830000,NIFTY,2025-11-14T13:48:30,1763108310000,58,,hybrid,223.75556621831248,232.3866191114496,237.40166687110988
2025-11-14T12:50:30,1763104830000,NIFTY,2025-11-14T13:49:30,1763108370000,59,,hybrid,223.83906518073678,232.4383800090921,235.27431944138118
2025-11-14T12:50:30,1763104830000,NIFTY,2025-11-14T13:50:30,1763108430000,60,,hybrid,223.52189057479086,232.17094870460568,237.56851164013446
2025-11-14T12:50:30,1763104830000,NIFTY,2025-11-14T12:51:30,1763104890000,1,,hybrid,228.37500339036802,233.85000000000002,236.61034960762134
2025-11-14T12:50:30,1763104830000,NIFTY,2025-11-14T12:52:30,1763104950000,2,,hybrid,228.47240619151313,233.78375094425257,237.9111393871471
2025-11-14T12:50:30,1763104830000,NIFTY,2025-11-14T12:53:30,1763105010000,3,,hybrid,227.36711211690087,233.71815458017514,238.3458586927937
2025-11-14T12:50:30,1763104830000,NIFTY,2025-11-14T12:54:30,1763105070000,4,,hybrid,227.3419536160302,233.88009328600657,238.83927699336695
2025-11-14T12:50:30,1763104830000,NIFTY,2025-11-14T12:55:30,1763105130000,5,,hybrid,227.05545036756214,233.83207302743682,237.62527914762978
2025-11-14T12:50:30,1763104830000,NIFTY,2025-11-14T12:56:30,1763105190000,6,,hybrid,225.66128419012645,233.7443931258061,236.67488977913894
2025-11-14T12:50:30,1763104830000,NIFTY,2025-11-14T12:57:30,1763105250000,7,,hybrid,226.86478847192063,233.40794947570984,236.14812294693306
2025-11-14T12:50:30,1763104830000,NIFTY,2025-11-14T12:58:30,1763105310000,8,,hybrid,227.15233969020255,233.38533526756976,236.17096548470786
2025-11-14T12:50:30,1763104830000,NIFTY,2025-11-14T12:59:30,1763105370000,9,,hybrid,225.09178695781395,233.40794947570984,236.69836047965936
2025-11-14T12:50:30,1763104830000,NIFTY,2025-11-14T13:00:30,1763105430000,10,,hybrid,225.15397994032253,233.60594236433684,237.23909175397878
2025-11-14T12:50:30,1763104830000,NIFTY,2025-11-14T13:01:30,1763105490000,11,,hybrid,226.430631907422,233.12461778957237,236.81424102001193
2025-11-14T12:50:30,1763104830000,NIFTY,2025-11-14T13:02:30,1763105550000,12,,hybrid,226.36014951671817,232.71443812985228,238.923558707377
2025-11-14T12:50:30,1763104830000,NIFTY,2025-11-14T13:03:30,1763105610000,13,,hybrid,227.35107866872468,232.14066850811187,238.57869258663757
2025-11-14T12:50:30,1763104830000,NIFTY,2025-11-14T13:04:30,1763105670000,14,,hybrid,226.42915928181276,232.75757221122106,238.9221229962758
2025-11-14T12:50:30,1763104830000,NIFTY,2025-11-14T13:05:30,1763105730000,15,,hybrid,225.98766492622337,232.71443812985228,238.2290561270867
2025-11-14T12:50:30,1763104830000,NIFTY,2025-11-14T13:06:30,1763105790000,16,,hybrid,225.64292091512795,233.08450740834198,237.36602287767232
2025-11-14T12:50:30,1763104830000,NIFTY,2025-11-14T13:07:30,1763105850000,17,,hybrid,226.5216968794113,232.72306494612604,236.25529612868922
2025-11-14T12:50:30,1763104830000,NIFTY,2025-11-14T13:08:30,1763105910000,18,,hybrid,226.36451886310346,232.6713040484835,237.87517661697623
2025-11-14T12:50:30,1763104830000,NIFTY,2025-11-14T13:09:30,1763105970000,19,,hybrid,226.4052846193944,232.9998127731851,236.16335268630684
2025-11-14T12:50:30,1763104830000,NIFTY,2025-11-14T13:10:30,1763106030000,20,,hybrid,225.8751440533026,233.42544564880015,237.1309731710903
2025-11-14T12:50:30,1763104830000,NIFTY,2025-11-14T13:11:30,1763106090000,21,,hybrid,225.1677923100265,232.98741289163993,236.06447693581802
2025-11-14T12:50:30,1763104830000,NIFTY,2025-11-14T13:12:30,1763106150000,22,,hybrid,225.25527668757204,233.16472817080273,237.17647899987838
2025-11-14T12:50:30,1763104830000,NIFTY,2025-11-14T13:13:30,1763106210000,23,,hybrid,225.40305668889206,232.77887757575846,236.75595739661662
2025-11-14T12:50:30,1763104830000,NIFTY,2025-11-14T13:14:30,1763106270000,24,,hybrid,225.7232306520394,232.84688534872618,237.03913487275474
2025-11-14T12:50:30,1763104830000,NIFTY,2025-11-14T13:15:30,1763106330000,25,,hybrid,226.6813889677282,232.71086980279074,235.63057148014516
2025-11-14T12:50:30,1763104830000,NIFTY,2025-11-14T13:16:30,1763106390000,26,,hybrid,226.90562867477294,232.3931080258113,237.6354427469646
2025-11-14T12:50:30,1763104830000,NIFTY,2025-11-14T13:17:30,1763106450000,27,,hybrid,226.90813472024888,232.51118148115066,236.10500538616935
2025-11-14T12:50:30,1763104830000,NIFTY,2025-11-14T13:18:30,1763106510000,28,,hybrid,226.6430469685512,232.7210898461984,237.50140422504347
2025-11-14T12:50:30,1763104830000,NIFTY,2025-11-14T13:19:30,1763106570000,29,,hybrid,226.74940470459316,232.69485130056742,236.08020248338914
2025-11-14T12:50:30,1763104830000,NIFTY,2025-11-14T13:20:30,1763106630000,30,,hybrid,226.8519670477009,232.57677784522807,238.38527358047733
2025-11-14T12:50:30,1763104830000,NIFTY,2025-11-14T13:21:30,1763106690000,31,,hybrid,226.0432197033925,232.87852111998419,236.8156558142977
2025-11-14T12:50:30,1763104830000,NIFTY,2025-11-14T13:22:30,1763106750000,32,,hybrid,226.08357737762287,232.77356693746032,238.81747665868974
2025-11-14T12:50:30,1763104830000,NIFTY,2025-11-14T13:23:30,1763106810000,33,,hybrid,225.92813755192066,232.76044766464483,236.651487893641
2025-11-14T12:50:30,1763104830000,NIFTY,2025-11-14T13:24:30,1763106870000,34,,hybrid,225.07239313979352,233.44195336219371,237.16021592479527
2025-11-14T12:50:30,1763104830000,NIFTY,2025-11-14T13:25:30,1763106930000,35,,hybrid,225.77169244061403,232.84384512095974,237.7103859495644
2025-11-14T12:50:30,1763104830000,NIFTY,2025-11-14T13:26:30,1763106990000,36,,hybrid,225.09635019612818,232.85228257435324,238.46198523005972
2025-11-14T12:50:30,1763104830000,NIFTY,2025-11-14T13:27:30,1763107050000,37,,hybrid,223.8639061283582,232.7998054830913,238.28393176101594
2025-11-14T12:50:30,1763104830000,NIFTY,2025-11-14T13:28:30,1763107110000,38,,hybrid,223.44200526167756,232.98423145526604,237.4077379368517
2025-11-14T12:50:30,1763104830000,NIFTY,2025-11-14T13:29:30,1763107170000,39,,hybrid,224.4641567308519,232.6423742093055,235.77593079595712
2025-11-14T12:50:30,1763104830000,NIFTY,2025-11-14T13:30:30,1763107230000,40,,hybrid,224.67435552577155,232.65549348212096,237.5822143100082
2025-11-14T12:50:30,1763104830000,NIFTY,2025-11-14T13:31:30,1763107290000,41,,hybrid,224.442675545167,232.7079705733829,235.6839361577906
2025-11-14T12:50:30,1763104830000,NIFTY,2025-11-14T13:32:30,1763107350000,42,,hybrid,225.0478710196893,232.31463285663196,238.02500767729143
2025-11-14T12:50:30,1763104830000,NIFTY,2025-11-14T13:33:30,1763107410000,43,,hybrid,224.83180346457922,232.38186121862967,237.23787198890489
2025-11-14T12:50:30,1763104830000,NIFTY,2025-11-14T13:34:30,1763107470000,44,,hybrid,224.6258574052977,232.66267723220975,237.91933508080209
2025-11-14T12:50:30,1763104830000,NIFTY,2025-11-14T13:35:30,1763107530000,45,,hybrid,224.79407094591025,232.5936627020197,237.43543457069694
2025-11-14T12:50:30,1763104830000,NIFTY,2025-11-14T13:36:30,1763107590000,46,,hybrid,224.94686764959704,232.4718236627042,238.02041068346995
2025-11-14T12:50:30,1763104830000,NIFTY,2025-11-14T13:37:30,1763107650000,47,,hybrid,225.02044640371025,232.56365857241258,236.696607823933
2025-11-14T12:50:30,1763104830000,NIFTY,2025-11-14T13:38:30,1763107710000,48,,hybrid,225.15178246970027,232.56365857241258,238.01338219216166
2025-11-14T12:50:30,1763104830000,NIFTY,2025-11-14T13:39:30,1763107770000,49,,hybrid,225.32887477984409,232.51118148115066,237.42182313112656
2025-11-14T12:50:30,1763104830000,NIFTY,2025-11-14T13:40:30,1763107830000,50,,hybrid,225.67741447657053,232.54513009776687,239.5095936616885
2025-11-14T12:50:30,1763104830000,NIFTY,2025-11-14T13:41:30,1763107890000,51,,hybrid,225.26002026891632,232.7866862102758,237.96384993445517
2025-11-14T12:50:30,1763104830000,NIFTY,2025-11-14T13:42:30,1763107950000,52,,hybrid,223.94985907622697,232.40263092742566,238.85130699971336
2025-11-14T12:50:30,1763104830000,NIFTY,2025-11-14T13:43:30,1763108010000,53,,hybrid,223.9180381596243,232.52592199433897,237.54932976770905
2025-11-14T12:50:30,1763104830000,NIFTY,2025-11-14T13:44:30,1763108070000,54,,hybrid,223.72500700593204,232.51631794262502,238.01685554877133
2025-11-14T12:50:30,1763104830000,NIFTY,2025-11-14T13:45:30,1763108130000,55,,hybrid,223.79654784167275,232.54301726173196,237.4777791293841
2025-11-14T12:50:30,1763104830000,NIFTY,2025-11-14T13:46:30,1763108190000,56,,hybrid,223.7903163657603,232.265843683617,239.9535245320868
2025-11-14T12:50:30,1763104830000,NIFTY,2025-11-14T13:47:30,1763108250000,57,,hybrid,222.9822854652304,232.32423690834594,236.30043775788167
2025-11-14T12:50:30,1763104830000,NIFTY,2025-11-14T13:48:30,1763108310000,58,,hybrid,223.75556621831248,232.3866191114496,237.40166687110988
2025-11-14T12:50:30,1763104830000,NIFTY,2025-11-14T13:49:30,1763108370000,59,,hybrid,223.83906518073678,232.4383800090921,235.27431944138118
2025-11-14T12:50:30,1763104830000,NIFTY,2025-11-14T13:50:30,1763108430000,60,,hybrid,223.52189057479086,232.17094870460568,237.56851164013446
2025-11-14T12:50:30,1763104830000,NIFTY,2025-11-14T12:51:30,1763104890000,1,,hybrid,228.48053745205584,233.95,236.70755947895128
2025-11-14T12:50:30,1763104830000,NIFTY,2025-11-14T12:52:30,1763104950000,2,,hybrid,228.3379667606442,234.2058260362782,237.76715939662404
2025-11-14T12:50:30,1763104830000,NIFTY,2025-11-14T12:53:30,1763105010000,3,,hybrid,227.17310740923682,234.22175612606708,238.58875413517598
2025-11-14T12:50:30,1763104830000,NIFTY,2025-11-14T12:54:30,1763105070000,4,,hybrid,227.23052856143036,234.27271039970466,238.71623058055405
2025-11-14T12:50:30,1763104830000,NIFTY,2025-11-14T12:55:30,1763105130000,5,,hybrid,227.04775700321963,234.08587806303353,237.60690192562114
2025-11-14T12:50:30,1763104830000,NIFTY,2025-11-14T12:56:30,1763105190000,6,,hybrid,225.7695612470212,233.84449987198295,236.77203441402838
2025-11-14T12:50:30,1763104830000,NIFTY,2025-11-14T12:57:30,1763105250000,7,,hybrid,226.97184904095025,233.50839629514095,236.24580003149367
2025-11-14T12:50:30,1763104830000,NIFTY,2025-11-14T12:58:30,1763105310000,8,,hybrid,227.25910960586862,233.48580494517444,236.26861948030196
2025-11-14T12:50:30,1763104830000,NIFTY,2025-11-14T12:59:30,1763105370000,9,,hybrid,225.2006396557619,233.50839629514095,236.79548139064295
2025-11-14T12:50:30,1763104830000,NIFTY,2025-11-14T13:00:30,1763105430000,10,,hybrid,225.26276977434088,233.70618905490255,237.33566610019852
2025-11-14T12:50:30,1763104830000,NIFTY,2025-11-14T13:01:30,1763105490000,11,,hybrid,226.53813131676173,233.225350997314,236.9112448003185
2025-11-14T12:50:30,1763104830000,NIFTY,2025-11-14T13:02:30,1763105550000,12,,hybrid,226.22296972595004,233.14413881029049,238.77367997149003
2025-11-14T12:50:30,1763104830000,NIFTY,2025-11-14T13:03:30,1763105610000,13,,hybrid,226.863850301911,233.03950960214223,238.08011548073594
2025-11-14T12:50:30,1763104830000,NIFTY,2025-11-14T13:04:30,1763105670000,14,,hybrid,225.83157542381448,233.80518183595294,239.9981824741598
2025-11-14T12:50:30,1763104830000,NIFTY,2025-11-14T13:05:30,1763105730000,15,,hybrid,225.9224594807581,233.04802590381786,240.06646946615678
2025-11-14T12:50:30,1763104830000,NIFTY,2025-11-14T13:06:30,1763105790000,16,,hybrid,225.60185094216013,233.38578945163292,239.16015186113347
2025-11-14T12:50:30,1763104830000,NIFTY,2025-11-14T13:07:30,1763105850000,17,,hybrid,226.48412722139648,233.01882111535292,238.68195879261415
2025-11-14T12:50:30,1763104830000,NIFTY,2025-11-14T13:08:30,1763105910000,18,,hybrid,227.2973753152676,231.6646263004354,238.7963982326974
2025-11-14T12:50:30,1763104830000,NIFTY,2025-11-14T13:09:30,1763105970000,19,,hybrid,226.51280964947253,233.10067213235823,236.26101437682738
2025-11-14T12:50:30,1763104830000,NIFTY,2025-11-14T13:10:30,1763106030000,20,,hybrid,225.83174230717069,233.72919814757046,238.0353398706763
2025-11-14T12:50:30,1763104830000,NIFTY,2025-11-14T13:11:30,1763106090000,21,,hybrid,225.19525811134707,233.19743538216014,237.89691729736933
2025-11-14T12:50:30,1763104830000,NIFTY,2025-11-14T13:12:30,1763106150000,22,,hybrid,225.3639641320387,233.26542083544638,239.04269184826364
2025-11-14T12:50:30,1763104830000,NIFTY,2025-11-14T13:13:30,1763106210000,23,,hybrid,225.51159475908477,232.8799602536108,236.85302008931907
2025-11-14T12:50:30,1763104830000,NIFTY,2025-11-14T13:14:30,1763106270000,24,,hybrid,225.84406932604045,232.93095252281196,237.14853556487614
2025-11-14T12:50:30,1763104830000,NIFTY,2025-11-14T13:15:30,1763106330000,25,,hybrid,226.78863491480317,232.81202122209402,235.72877169959477
2025-11-14T12:50:30,1763104830000,NIFTY,2025-11-14T13:16:30,1763106390000,26,,hybrid,227.01264796300958,232.4945806349529,237.73161646629785
2025-11-14T12:50:30,1763104830000,NIFTY,2025-11-14T13:17:30,1763106450000,27,,hybrid,227.8102151672637,231.5452416542015,236.99778974530858
2025-11-14T12:50:30,1763104830000,NIFTY,2025-11-14T13:18:30,1763106510000,28,,hybrid,227.5692637815806,231.72289689376694,238.41664553924218
2025-11-14T12:50:30,1763104830000,NIFTY,2025-11-14T13:19:30,1763106570000,29,,hybrid,226.85658190216742,232.7960189111829,236.17794822114936
2025-11-14T12:50:30,1763104830000,NIFTY,2025-11-14T13:20:30,1763106630000,30,,hybrid,227.61764170434097,231.79395898959314,239.13929050755715
2025-11-14T12:50:30,1763104830000,NIFTY,2025-11-14T13:21:30,1763106690000,31,,hybrid,226.98132705063549,231.8650210854193,237.74287451078564
2025-11-14T12:50:30,1763104830000,NIFTY,2025-11-14T13:22:30,1763106750000,32,,hybrid,226.75826076161823,232.1137384208109,239.4792887682033
2025-11-14T12:50:30,1763104830000,NIFTY,2025-11-14T13:23:30,1763106810000,33,,hybrid,226.0361448765998,232.8615489712329,236.74865618287896
2025-11-14T12:50:30,1763104830000,NIFTY,2025-11-14T13:24:30,1763106870000,34,,hybrid,225.7470082925856,232.7829128991729,237.82261284957104
2025-11-14T12:50:30,1763104830000,NIFTY,2025-11-14T13:25:30,1763106930000,35,,hybrid,225.99073638187136,232.7960189111829,237.91736240091032
2025-11-14T12:50:30,1763104830000,NIFTY,2025-11-14T13:26:30,1763106990000,36,,hybrid,225.46519730088846,232.6042685062621,238.81732250932598
2025-11-14T12:50:30,1763104830000,NIFTY,2025-11-14T13:27:30,1763107050000,37,,hybrid,224.09047352920587,232.74451293972544,238.4959235708482
2025-11-14T12:50:30,1763104830000,NIFTY,2025-11-14T13:28:30,1763107110000,38,,hybrid,223.81669259044975,232.73048885113292,237.7683088685461
2025-11-14T12:50:30,1763104830000,NIFTY,2025-11-14T13:29:30,1763107170000,39,,hybrid,224.6475834582587,232.64433834439447,235.94792371619667
2025-11-14T12:50:30,1763104830000,NIFTY,2025-11-14T13:30:30,1763107230000,40,,hybrid,225.09055119661153,232.344690232246,237.98536287016213
2025-11-14T12:50:30,1763104830000,NIFTY,2025-11-14T13:31:30,1763107290000,41,,hybrid,225.19730435104984,231.94311617707783,236.42720243066825
2025-11-14T12:50:30,1763104830000,NIFTY,2025-11-14T13:32:30,1763107350000,42,,hybrid,225.19575449757042,232.36384947746782,238.15977401923325
2025-11-14T12:50:30,1763104830000,NIFTY,2025-11-14T13:33:30,1763107410000,43,,hybrid,224.85444429355272,232.5994287310329,237.37696455890566
2025-11-14T12:50:30,1763104830000,NIFTY,2025-11-14T13:34:30,1763107470000,44,,hybrid,224.72100082800375,232.7829128991729,238.0010416138169
2025-11-14T12:50:30,1763104830000,NIFTY,2025-11-14T13:35:30,1763107530000,45,,hybrid,224.8962637270377,232.70427682711292,237.63541351253664
2025-11-14T12:50:30,1763104830000,NIFTY,2025-11-14T13:36:30,1763107590000,46,,hybrid,225.05586683026428,232.5732167070129,238.11619528177525
2025-11-14T12:50:30,1763104830000,NIFTY,2025-11-14T13:37:30,1763107650000,47,,hybrid,224.7038645231806,233.2361587499253,236.41003230379167
2025-11-14T12:50:30,1763104830000,NIFTY,2025-11-14T13:38:30,1763107710000,48,,hybrid,224.72083638574904,233.3895029899866,237.56943575563582
2025-11-14T12:50:30,1763104830000,NIFTY,2025-11-14T13:39:30,1763107770000,49,,hybrid,225.43748783223134,232.61253474304291,237.51821277463586
2025-11-14T12:50:30,1763104830000,NIFTY,2025-11-14T13:40:30,1763107830000,50,,hybrid,225.64471932712132,232.5338986709829,239.68771569412374
2025-11-14T12:50:30,1763104830000,NIFTY,2025-11-14T13:41:30,1763107890000,51,,hybrid,224.5924197819143,232.8877609952529,238.05969170369525
2025-11-14T12:50:30,1763104830000,NIFTY,2025-11-14T13:42:30,1763107950000,52,,hybrid,224.05986602134448,232.50409391093115,238.94625173786935
2025-11-14T12:50:30,1763104830000,NIFTY,2025-11-14T13:43:30,1763108010000,53,,hybrid,224.26907530309566,232.30374472026924,237.88658856316957
2025-11-14T12:50:30,1763104830000,NIFTY,2025-11-14T13:44:30,1763108070000,54,,hybrid,223.85331218710343,232.5934075676376,238.1307146988106
2025-11-14T12:50:30,1763104830000,NIFTY,2025-11-14T13:45:30,1763108130000,55,,hybrid,223.9067097519692,232.64433834439447,237.57411221323346
2025-11-14T12:50:30,1763104830000,NIFTY,2025-11-14T13:46:30,1763108190000,56,,hybrid,223.90316295226512,232.36384947746782,240.05003353932992
2025-11-14T12:50:30,1763104830000,NIFTY,2025-11-14T13:47:30,1763108250000,57,,hybrid,223.19298716984045,232.29191942124262,236.49767763198992
2025-11-14T12:50:30,1763104830000,NIFTY,2025-11-14T13:48:30,1763108310000,58,,hybrid,224.1578773694647,232.09597289685436,237.7901847054444
2025-11-14T12:50:30,1763104830000,NIFTY,2025-11-14T13:49:30,1763108370000,59,,hybrid,224.0723582298577,232.3744579897699,235.49605387101641
2025-11-14T12:50:30,1763104830000,NIFTY,2025-11-14T13:50:30,1763108430000,60,,hybrid,223.83011071844354,232.00714527707166,237.86253362568314
2025-11-14T12:50:30,1763104830000,NIFTY,2025-11-14T12:51:30,1763104890000,1,,hybrid,228.48053745205584,233.95,236.70755947895128
2025-11-14T12:50:30,1763104830000,NIFTY,2025-11-14T12:52:30,1763104950000,2,,hybrid,228.3379667606442,234.2058260362782,237.76715939662404
2025-11-14T12:50:30,1763104830000,NIFTY,2025-11-14T12:53:30,1763105010000,3,,hybrid,227.17310740923682,234.22175612606708,238.58875413517598
2025-11-14T12:50:30,1763104830000,NIFTY,2025-11-14T12:54:30,1763105070000,4,,hybrid,227.23052856143036,234.27271039970466,238.71623058055405
2025-11-14T12:50:30,1763104830000,NIFTY,2025-11-14T12:55:30,1763105130000,5,,hybrid,227.04775700321963,234.08587806303353,237.60690192562114
2025-11-14T12:50:30,1763104830000,NIFTY,2025-11-14T12:56:30,1763105190000,6,,hybrid,225.7695612470212,233.84449987198295,236.77203441402838
2025-11-14T12:50:30,1763104830000,NIFTY,2025-11-14T12:57:30,1763105250000,7,,hybrid,226.97184904095025,233.50839629514095,236.24580003149367
2025-11-14T12:50:30,1763104830000,NIFTY,2025-11-14T12:58:30,1763105310000,8,,hybrid,227.25910960586862,233.48580494517444,236.26861948030196
2025-11-14T12:50:30,1763104830000,NIFTY,2025-11-14T12:59:30,1763105370000,9,,hybrid,225.2006396557619,233.50839629514095,236.79548139064295
2025-11-14T12:50:30,1763104830000,NIFTY,2025-11-14T13:00:30,1763105430000,10,,hybrid,225.26276977434088,233.70618905490255,237.33566610019852
2025-11-14T12:50:30,1763104830000,NIFTY,2025-11-14T13:01:30,1763105490000,11,,hybrid,226.53813131676173,233.225350997314,236.9112448003185
2025-11-14T12:50:30,1763104830000,NIFTY,2025-11-14T13:02:30,1763105550000,12,,hybrid,226.22296972595004,233.14413881029049,238.77367997149003
2025-11-14T12:50:30,1763104830000,NIFTY,2025-11-14T13:03:30,1763105610000,13,,hybrid,226.863850301911,233.03950960214223,238.08011548073594
2025-11-14T12:50:30,1763104830000,NIFTY,2025-11-14T13:04:30,1763105670000,14,,hybrid,225.83157542381448,233.80518183595294,239.9981824741598
2025-11-14T12:50:30,1763104830000,NIFTY,2025-11-14T13:05:30,1763105730000,15,,hybrid,225.9224594807581,233.04802590381786,240.06646946615678
2025-11-14T12:50:30,1763104830000,NIFTY,2025-11-14T13:06:30,1763105790000,16,,hybrid,225.60185094216013,233.38578945163292,239.16015186113347
2025-11-14T12:50:30,1763104830000,NIFTY,2025-11-14T13:07:30,1763105850000,17,,hybrid,226.48412722139648,233.01882111535292,238.68195879261415
2025-11-14T12:50:30,1763104830000,NIFTY,2025-11-14T13:08:30,1763105910000,18,,hybrid,227.2973753152676,231.6646263004354,238.7963982326974
2025-11-14T12:50:30,1763104830000,NIFTY,2025-11-14T13:09:30,1763105970000,19,,hybrid,226.51280964947253,233.10067213235823,236.26101437682738
2025-11-14T12:50:30,1763104830000,NIFTY,2025-11-14T13:10:30,1763106030000,20,,hybrid,225.83174230717069,233.72919814757046,238.0353398706763
2025-11-14T12:50:30,1763104830000,NIFTY,2025-11-14T13:11:30,1763106090000,21,,hybrid,225.19525811134707,233.19743538216014,237.89691729736933
2025-11-14T12:50:30,1763104830000,NIFTY,2025-11-14T13:12:30,1763106150000,22,,hybrid,225.3639641320387,233.26542083544638,239.04269184826364
2025-11-14T12:50:30,1763104830000,NIFTY,2025-11-14T13:13:30,1763106210000,23,,hybrid,225.51159475908477,232.8799602536108,236.85302008931907
2025-11-14T12:50:30,1763104830000,NIFTY,2025-11-14T13:14:30,1763106270000,24,,hybrid,225.84406932604045,232.93095252281196,237.14853556487614
2025-11-14T12:50:30,1763104830000,NIFTY,2025-11-14T13:15:30,1763106330000,25,,hybrid,226.78863491480317,232.81202122209402,235.72877169959477
2025-11-14T12:50:30,1763104830000,NIFTY,2025-11-14T13:16:30,1763106390000,26,,hybrid,227.01264796300958,232.4945806349529,237.73161646629785
2025-11-14T12:50:30,1763104830000,NIFTY,2025-11-14T13:17:30,1763106450000,27,,hybrid,227.8102151672637,231.5452416542015,236.99778974530858
2025-11-14T12:50:30,1763104830000,NIFTY,2025-11-14T13:18:30,1763106510000,28,,hybrid,227.5692637815806,231.72289689376694,238.41664553924218
2025-11-14T12:50:30,1763104830000,NIFTY,2025-11-14T13:19:30,1763106570000,29,,hybrid,226.85658190216742,232.7960189111829,236.17794822114936
2025-11-14T12:50:30,1763104830000,NIFTY,2025-11-14T13:20:30,1763106630000,30,,hybrid,227.61764170434097,231.79395898959314,239.13929050755715
2025-11-14T12:50:30,1763104830000,NIFTY,2025-11-14T13:21:30,1763106690000,31,,hybrid,226.98132705063549,231.8650210854193,237.74287451078564
2025-11-14T12:50:30,1763104830000,NIFTY,2025-11-14T13:22:30,1763106750000,32,,hybrid,226.75826076161823,232.1137384208109,239.4792887682033
2025-11-14T12:50:30,1763104830000,NIFTY,2025-11-14T13:23:30,1763106810000,33,,hybrid,226.0361448765998,232.8615489712329,236.74865618287896
2025-11-14T12:50:30,1763104830000,NIFTY,2025-11-14T13:24:30,1763106870000,34,,hybrid,225.7470082925856,232.7829128991729,237.82261284957104
2025-11-14T12:50:30,1763104830000,NIFTY,2025-11-14T13:25:30,1763106930000,35,,hybrid,225.99073638187136,232.7960189111829,237.91736240091032
2025-11-14T12:50:30,1763104830000,NIFTY,2025-11-14T13:26:30,1763106990000,36,,hybrid,225.46519730088846,232.6042685062621,238.81732250932598
2025-11-14T12:50:30,1763104830000,NIFTY,2025-11-14T13:27:30,1763107050000,37,,hybrid,224.09047352920587,232.74451293972544,238.4959235708482
2025-11-14T12:50:30,1763104830000,NIFTY,2025-11-14T13:28:30,1763107110000,38,,hybrid,223.81669259044975,232.73048885113292,237.7683088685461
2025-11-14T12:50:30,1763104830000,NIFTY,2025-11-14T13:29:30,1763107170000,39,,hybrid,224.6475834582587,232.64433834439447,235.94792371619667
2025-11-14T12:50:30,1763104830000,NIFTY,2025-11-14T13:30:30,1763107230000,40,,hybrid,225.09055119661153,232.344690232246,237.98536287016213
2025-11-14T12:50:30,1763104830000,NIFTY,2025-11-14T13:31:30,1763107290000,41,,hybrid,225.19730435104984,231.94311617707783,236.42720243066825
2025-11-14T12:50:30,1763104830000,NIFTY,2025-11-14T13:32:30,1763107350000,42,,hybrid,225.19575449757042,232.36384947746782,238.15977401923325
2025-11-14T12:50:30,1763104830000,NIFTY,2025-11-14T13:33:30,1763107410000,43,,hybrid,224.85444429355272,232.5994287310329,237.37696455890566
2025-11-14T12:50:30,1763104830000,NIFTY,2025-11-14T13:34:30,1763107470000,44,,hybrid,224.72100082800375,232.7829128991729,238.0010416138169
2025-11-14T12:50:30,1763104830000,NIFTY,2025-11-14T13:35:30,1763107530000,45,,hybrid,224.8962637270377,232.70427682711292,237.63541351253664
2025-11-14T12:50:30,1763104830000,NIFTY,2025-11-14T13:36:30,1763107590000,46,,hybrid,225.05586683026428,232.5732167070129,238.11619528177525
2025-11-14T12:50:30,1763104830000,NIFTY,2025-11-14T13:37:30,1763107650000,47,,hybrid,224.7038645231806,233.2361587499253,236.41003230379167
2025-11-14T12:50:30,1763104830000,NIFTY,2025-11-14T13:38:30,1763107710000,48,,hybrid,224.72083638574904,233.3895029899866,237.56943575563582
2025-11-14T12:50:30,1763104830000,NIFTY,2025-11-14T13:39:30,1763107770000,49,,hybrid,225.43748783223134,232.61253474304291,237.51821277463586
2025-11-14T12:50:30,1763104830000,NIFTY,2025-11-14T13:40:30,1763107830000,50,,hybrid,225.64471932712132,232.5338986709829,239.68771569412374
2025-11-14T12:50:30,1763104830000,NIFTY,2025-11-14T13:41:30,1763107890000,51,,hybrid,224.5924197819143,232.8877609952529,238.05969170369525
2025-11-14T12:50:30,1763104830000,NIFTY,2025-11-14T13:42:30,1763107950000,52,,hybrid,224.05986602134448,232.50409391093115,238.94625173786935
2025-11-14T12:50:30,1763104830000,NIFTY,2025-11-14T13:43:30,1763108010000,53,,hybrid,224.26907530309566,232.30374472026924,237.88658856316957
2025-11-14T12:50:30,1763104830000,NIFTY,2025-11-14T13:44:30,1763108070000,54,,hybrid,223.85331218710343,232.5934075676376,238.1307146988106
2025-11-14T12:50:30,1763104830000,NIFTY,2025-11-14T13:45:30,1763108130000,55,,hybrid,223.9067097519692,232.64433834439447,237.57411221323346
2025-11-14T12:50:30,1763104830000,NIFTY,2025-11-14T13:46:30,1763108190000,56,,hybrid,223.90316295226512,232.36384947746782,240.05003353932992
2025-11-14T12:50:30,1763104830000,NIFTY,2025-11-14T13:47:30,1763108250000,57,,hybrid,223.19298716984045,232.29191942124262,236.49767763198992
2025-11-14T12:50:30,1763104830000,NIFTY,2025-11-14T13:48:30,1763108310000,58,,hybrid,224.1578773694647,232.09597289685436,237.7901847054444
2025-11-14T12:50:30,1763104830000,NIFTY,2025-11-14T13:49:30,1763108370000,59,,hybrid,224.0723582298577,232.3744579897699,235.49605387101641
2025-11-14T12:50:30,1763104830000,NIFTY,2025-11-14T13:50:30,1763108430000,60,,hybrid,223.83011071844354,232.00714527707166,237.86253362568314
2025-11-14T13:23:30,1763106810000,NIFTY,2025-11-14T13:24:30,1763106870000,1,,hybrid,224.83421441174846,226.45,227.9473836601826
2025-11-14T13:23:30,1763106810000,NIFTY,2025-11-14T13:25:30,1763106930000,2,,hybrid,224.5291214518113,226.4113434015679,228.17440637106625
2025-11-14T13:23:30,1763106810000,NIFTY,2025-11-14T13:26:30,1763106990000,3,,hybrid,224.27117705470025,226.35583552734542,229.4952610185975
2025-11-14T13:23:30,1763106810000,NIFTY,2025-11-14T13:27:30,1763107050000,4,,hybrid,224.59859937307212,226.20485395097816,229.29059900341852
2025-11-14T13:23:30,1763106810000,NIFTY,2025-11-14T13:28:30,1763107110000,5,,hybrid,223.7685585996083,226.6347587067496,230.42829288863612
2025-11-14T13:23:30,1763106810000,NIFTY,2025-11-14T13:29:30,1763107170000,6,,hybrid,224.18918469865184,226.61068589606188,230.47431390076147
2025-11-14T13:23:30,1763106810000,NIFTY,2025-11-14T13:30:30,1763107230000,7,,hybrid,224.27927129333455,226.43980120978668,230.45346943760273
2025-11-14T13:23:30,1763106810000,NIFTY,2025-11-14T13:31:30,1763107290000,8,,hybrid,224.1241982934859,226.50681710371268,229.65495636347208
2025-11-14T13:23:30,1763106810000,NIFTY,2025-11-14T13:32:30,1763107350000,9,,hybrid,223.79128178124458,226.57628346192902,229.74625114383616
2025-11-14T13:23:30,1763106810000,NIFTY,2025-11-14T13:33:30,1763107410000,10,,hybrid,222.67947624563757,226.46107864607734,228.5006182357793
2025-11-14T13:23:30,1763106810000,NIFTY,2025-11-14T13:34:30,1763107470000,11,,hybrid,224.0999915647541,226.14208794471617,229.75116088045698
2025-11-14T13:23:30,1763106810000,NIFTY,2025-11-14T13:35:30,1763107530000,12,,hybrid,221.40032134241537,226.57392002654257,227.70863146250775
2025-11-14T13:23:30,1763106810000,NIFTY,2025-11-14T13:36:30,1763107590000,13,,hybrid,222.39483509347014,226.11006017747405,227.90148111137168
2025-11-14T13:23:30,1763106810000,NIFTY,2025-11-14T13:37:30,1763107650000,14,,hybrid,222.1193423910309,226.38853580390412,228.5681590157872
2025-11-14T13:23:30,1763106810000,NIFTY,2025-11-14T13:38:30,1763107710000,15,,hybrid,224.1238691288057,226.74739364508204,230.66898211426854
2025-11-14T13:23:30,1763106810000,NIFTY,2025-11-14T13:39:30,1763107770000,16,,hybrid,222.12662088406617,226.4418778434354,230.6204441659941
2025-11-14T13:23:30,1763106810000,NIFTY,2025-11-14T13:40:30,1763107830000,17,,hybrid,222.1901048184077,226.34500651174466,230.7928134451231
2025-11-14T13:23:30,1763106810000,NIFTY,2025-11-14T13:41:30,1763107890000,18,,hybrid,223.36260821899072,225.99258701033875,229.4610496870941
2025-11-14T13:23:30,1763106810000,NIFTY,2025-11-14T13:42:30,1763107950000,19,,hybrid,222.53959571466888,226.17306660644815,229.66999566329324
2025-11-14T13:23:30,1763106810000,NIFTY,2025-11-14T13:43:30,1763108010000,20,,hybrid,223.38167199060535,225.98105858002867,230.9927879699355
2025-11-14T13:23:30,1763106810000,NIFTY,2025-11-14T13:44:30,1763108070000,21,,hybrid,223.60712354367735,225.86042969731153,231.7139123004146
2025-11-14T13:23:30,1763106810000,NIFTY,2025-11-14T13:45:30,1763108130000,22,,hybrid,223.55848529849555,225.86042969731153,231.7408234656291
2025-11-14T13:23:30,1763106810000,NIFTY,2025-11-14T13:46:30,1763108190000,23,,hybrid,223.75049275594927,225.1983101085297,230.0496777656176
2025-11-14T13:23:30,1763106810000,NIFTY,2025-11-14T13:47:30,1763108250000,24,,hybrid,224.32182362155126,225.3327573162437,228.10024541067963
2025-11-14T13:23:30,1763106810000,NIFTY,2025-11-14T13:48:30,1763108310000,25,,hybrid,224.220665377216,225.44867002939057,227.87286292695
2025-11-14T13:23:30,1763106810000,NIFTY,2025-11-14T13:49:30,1763108370000,26,,hybrid,224.31699753315226,225.2613612526779,227.99237836561258
2025-11-14T13:23:30,1763106810000,NIFTY,2025-11-14T13:50:30,1763108430000,27,,hybrid,224.35024762233462,225.21302647435078,228.4156821148171
2025-11-14T13:23:30,1763106810000,NIFTY,2025-11-14T13:51:30,1763108490000,28,,hybrid,223.27370614831673,224.964435552368,228.4133775201167
2025-11-14T13:23:30,1763106810000,NIFTY,2025-11-14T13:52:30,1763108550000,29,,hybrid,222.78837077583273,225.02582251301394,228.3697303620354
2025-11-14T13:23:30,1763106810000,NIFTY,2025-11-14T13:53:30,1763108610000,30,,hybrid,222.7094330507304,225.23186156994467,228.2897880781336
2025-11-14T13:23:30,1763106810000,NIFTY,2025-11-14T13:54:30,1763108670000,31,,hybrid,222.35335187902936,225.21993882345134,228.66022512635737
2025-11-14T13:23:30,1763106810000,NIFTY,2025-11-14T13:55:30,1763108730000,32,,hybrid,222.62299293357916,224.9595799639899,228.24047874094785
2025-11-14T13:23:30,1763106810000,NIFTY,2025-11-14T13:56:30,1763108790000,33,,hybrid,222.15211663327273,225.01354512088477,227.83221269177787
2025-11-14T13:23:30,1763106810000,NIFTY,2025-11-14T13:57:30,1763108850000,34,,hybrid,222.06255367158184,224.99361798481343,227.61534457207492
2025-11-14T13:23:30,1763106810000,NIFTY,2025-11-14T13:58:30,1763108910000,35,,hybrid,221.89331820268467,224.97515835597417,227.59572614589817
2025-11-14T13:23:30,1763106810000,NIFTY,2025-11-14T13:59:30,1763108970000,36,,hybrid,222.54312019394285,225.11443145499234,227.1487195957016
2025-11-14T13:23:30,1763106810000,NIFTY,2025-11-14T14:00:30,1763109030000,37,,hybrid,223.39751169948553,225.00516654978654,227.06611003552854
2025-11-14T13:23:30,1763106810000,NIFTY,2025-11-14T14:01:30,1763109090000,38,,hybrid,223.42771750113747,225.4555163638917,230.15837217111994
2025-11-14T13:23:30,1763106810000,NIFTY,2025-11-14T14:02:30,1763109150000,39,,hybrid,223.12994960908446,225.24369556985118,230.08431266833023
2025-11-14T13:23:30,1763106810000,NIFTY,2025-11-14T14:03:30,1763109210000,40,,hybrid,222.41585632335153,225.33180044520267,229.96356059720887
2025-11-14T13:23:30,1763106810000,NIFTY,2025-11-14T14:04:30,1763109270000,41,,hybrid,223.3301979891492,224.92064436022912,228.69169956416746
2025-11-14T13:23:30,1763106810000,NIFTY,2025-11-14T14:05:30,1763109330000,42,,hybrid,222.36707180851016,225.21432727806737,228.12741741984843
2025-11-14T13:23:30,1763106810000,NIFTY,2025-11-14T14:06:30,1763109390000,43,,hybrid,222.5613161700113,225.65235847646395,229.4518444889595
2025-11-14T13:23:30,1763106810000,NIFTY,2025-11-14T14:07:30,1763109450000,44,,hybrid,222.4926790470737,225.54988773331831,229.163503821204
2025-11-14T13:23:30,1763106810000,NIFTY,2025-11-14T14:08:30,1763109510000,45,,hybrid,222.31647573171807,225.45931113213706,228.87567784748313
2025-11-14T13:23:30,1763106810000,NIFTY,2025-11-14T14:09:30,1763109570000,46,,hybrid,222.52206323750684,225.53737848768944,228.90467396158914
2025-11-14T13:23:30,1763106810000,NIFTY,2025-11-14T14:10:30,1763109630000,47,,hybrid,221.60597556660196,225.7603559096195,230.18626857777073
2025-11-14T13:23:30,1763106810000,NIFTY,2025-11-14T14:11:30,1763109690000,48,,hybrid,222.26330562988636,225.43277831258044,230.0722794119746
2025-11-14T13:23:30,1763106810000,NIFTY,2025-11-14T14:12:30,1763109750000,49,,hybrid,221.50844407262375,225.37422360221152,228.02232129238982
2025-11-14T13:23:30,1763106810000,NIFTY,2025-11-14T14:13:30,1763109810000,50,,hybrid,221.23020458134943,225.44741699017268,228.08905946325103
2025-11-14T13:23:30,1763106810000,NIFTY,2025-11-14T14:14:30,1763109870000,51,,hybrid,220.96144447709102,225.18153437782226,228.40979265952393
2025-11-14T13:23:30,1763106810000,NIFTY,2025-11-14T14:15:30,1763109930000,52,,hybrid,221.21885598691878,224.95001265201293,227.77598017991951
2025-11-14T13:23:30,1763106810000,NIFTY,2025-11-14T14:16:30,1763109990000,53,,hybrid,221.02286556293438,225.18495898628356,227.92147265469185
2025-11-14T13:23:30,1763106810000,NIFTY,2025-11-14T14:17:30,1763110050000,54,,hybrid,220.94140555589075,225.39053702877032,229.65569588123464
2025-11-14T13:23:30,1763106810000,NIFTY,2025-11-14T14:18:30,1763110110000,55,,hybrid,221.03758318917744,225.3758528828784,229.39521722351785
2025-11-14T13:23:30,1763106810000,NIFTY,2025-11-14T14:19:30,1763110170000,56,,hybrid,220.8140700493481,225.09685411093207,229.3603202671404
2025-11-14T13:23:30,1763106810000,NIFTY,2025-11-14T14:20:30,1763110230000,57,,hybrid,221.18323433537725,225.2290114239593,228.81689671657227
2025-11-14T13:23:30,1763106810000,NIFTY,2025-11-14T14:21:30,1763110290000,58,,hybrid,220.82960321789062,224.8912760684453,229.09468694644303
2025-11-14T13:23:30,1763106810000,NIFTY,2025-11-14T14:22:30,1763110350000,59,,hybrid,219.20158078129174,224.84722363076955,228.76595837096207
2025-11-14T13:23:30,1763106810000,NIFTY,2025-11-14T14:23:30,1763110410000,60,,hybrid,220.02271733918295,224.86190777666147,228.177922359425
2025-11-14T13:23:30,1763106810000,NIFTY,2025-11-14T13:24:30,1763106870000,1,,hybrid,224.83421441174846,226.45,227.9473836601826
2025-11-14T13:23:30,1763106810000,NIFTY,2025-11-14T13:25:30,1763106930000,2,,hybrid,224.5291214518113,226.4113434015679,228.17440637106625
2025-11-14T13:23:30,1763106810000,NIFTY,2025-11-14T13:26:30,1763106990000,3,,hybrid,224.27117705470025,226.35583552734542,229.4952610185975
2025-11-14T13:23:30,1763106810000,NIFTY,2025-11-14T13:27:30,1763107050000,4,,hybrid,224.59859937307212,226.20485395097816,229.29059900341852
2025-11-14T13:23:30,1763106810000,NIFTY,2025-11-14T13:28:30,1763107110000,5,,hybrid,223.7685585996083,226.6347587067496,230.42829288863612
2025-11-14T13:23:30,1763106810000,NIFTY,2025-11-14T13:29:30,1763107170000,6,,hybrid,224.18918469865184,226.61068589606188,230.47431390076147
2025-11-14T13:23:30,1763106810000,NIFTY,2025-11-14T13:30:30,1763107230000,7,,hybrid,224.27927129333455,226.43980120978668,230.45346943760273
2025-11-14T13:23:30,1763106810000,NIFTY,2025-11-14T13:31:30,1763107290000,8,,hybrid,224.1241982934859,226.50681710371268,229.65495636347208
2025-11-14T13:23:30,1763106810000,NIFTY,2025-11-14T13:32:30,1763107350000,9,,hybrid,223.79128178124458,226.57628346192902,229.74625114383616
2025-11-14T13:23:30,1763106810000,NIFTY,2025-11-14T13:33:30,1763107410000,10,,hybrid,222.67947624563757,226.46107864607734,228.5006182357793
2025-11-14T13:23:30,1763106810000,NIFTY,2025-11-14T13:34:30,1763107470000,11,,hybrid,224.0999915647541,226.14208794471617,229.75116088045698
2025-11-14T13:23:30,1763106810000,NIFTY,2025-11-14T13:35:30,1763107530000,12,,hybrid,221.40032134241537,226.57392002654257,227.70863146250775
2025-11-14T13:23:30,1763106810000,NIFTY,2025-11-14T13:36:30,1763107590000,13,,hybrid,222.39483509347014,226.11006017747405,227.90148111137168
2025-11-14T13:23:30,1763106810000,NIFTY,2025-11-14T13:37:30,1763107650000,14,,hybrid,222.1193423910309,226.38853580390412,228.5681590157872
2025-11-14T13:23:30,1763106810000,NIFTY,2025-11-14T13:38:30,1763107710000,15,,hybrid,224.1238691288057,226.74739364508204,230.66898211426854
2025-11-14T13:23:30,1763106810000,NIFTY,2025-11-14T13:39:30,1763107770000,16,,hybrid,222.12662088406617,226.4418778434354,230.6204441659941
2025-11-14T13:23:30,1763106810000,NIFTY,2025-11-14T13:40:30,1763107830000,17,,hybrid,222.1901048184077,226.34500651174466,230.7928134451231
2025-11-14T13:23:30,1763106810000,NIFTY,2025-11-14T13:41:30,1763107890000,18,,hybrid,223.36260821899072,225.99258701033875,229.4610496870941
2025-11-14T13:23:30,1763106810000,NIFTY,2025-11-14T13:42:30,1763107950000,19,,hybrid,222.53959571466888,226.17306660644815,229.66999566329324
2025-11-14T13:23:30,1763106810000,NIFTY,2025-11-14T13:43:30,1763108010000,20,,hybrid,223.38167199060535,225.98105858002867,230.9927879699355
2025-11-14T13:23:30,1763106810000,NIFTY,2025-11-14T13:44:30,1763108070000,21,,hybrid,223.60712354367735,225.86042969731153,231.7139123004146
2025-11-14T13:23:30,1763106810000,NIFTY,2025-11-14T13:45:30,1763108130000,22,,hybrid,223.55848529849555,225.86042969731153,231.7408234656291
2025-11-14T13:23:30,1763106810000,NIFTY,2025-11-14T13:46:30,1763108190000,23,,hybrid,223.75049275594927,225.1983101085297,230.0496777656176
2025-11-14T13:23:30,1763106810000,NIFTY,2025-11-14T13:47:30,1763108250000,24,,hybrid,224.32182362155126,225.3327573162437,228.10024541067963
2025-11-14T13:23:30,1763106810000,NIFTY,2025-11-14T13:48:30,1763108310000,25,,hybrid,224.220665377216,225.44867002939057,227.87286292695
2025-11-14T13:23:30,1763106810000,NIFTY,2025-11-14T13:49:30,1763108370000,26,,hybrid,224.31699753315226,225.2613612526779,227.99237836561258
2025-11-14T13:23:30,1763106810000,NIFTY,2025-11-14T13:50:30,1763108430000,27,,hybrid,224.35024762233462,225.21302647435078,228.4156821148171
2025-11-14T13:23:30,1763106810000,NIFTY,2025-11-14T13:51:30,1763108490000,28,,hybrid,223.27370614831673,224.964435552368,228.4133775201167
2025-11-14T13:23:30,1763106810000,NIFTY,2025-11-14T13:52:30,1763108550000,29,,hybrid,222.78837077583273,225.02582251301394,228.3697303620354
2025-11-14T13:23:30,1763106810000,NIFTY,2025-11-14T13:53:30,1763108610000,30,,hybrid,222.7094330507304,225.23186156994467,228.2897880781336
2025-11-14T13:23:30,1763106810000,NIFTY,2025-11-14T13:54:30,1763108670000,31,,hybrid,222.35335187902936,225.21993882345134,228.66022512635737
2025-11-14T13:23:30,1763106810000,NIFTY,2025-11-14T13:55:30,1763108730000,32,,hybrid,222.62299293357916,224.9595799639899,228.24047874094785
2025-11-14T13:23:30,1763106810000,NIFTY,2025-11-14T13:56:30,1763108790000,33,,hybrid,222.15211663327273,225.01354512088477,227.83221269177787
2025-11-14T13:23:30,1763106810000,NIFTY,2025-11-14T13:57:30,1763108850000,34,,hybrid,222.06255367158184,224.99361798481343,227.61534457207492
2025-11-14T13:23:30,1763106810000,NIFTY,2025-11-14T13:58:30,1763108910000,35,,hybrid,221.89331820268467,224.97515835597417,227.59572614589817
2025-11-14T13:23:30,1763106810000,NIFTY,2025-11-14T13:59:30,1763108970000,36,,hybrid,222.54312019394285,225.11443145499234,227.1487195957016
2025-11-14T13:23:30,1763106810000,NIFTY,2025-11-14T14:00:30,1763109030000,37,,hybrid,223.39751169948553,225.00516654978654,227.06611003552854
2025-11-14T13:23:30,1763106810000,NIFTY,2025-11-14T14:01:30,1763109090000,38,,hybrid,223.42771750113747,225.4555163638917,230.15837217111994
2025-11-14T13:23:30,1763106810000,NIFTY,2025-11-14T14:02:30,1763109150000,39,,hybrid,223.12994960908446,225.24369556985118,230.08431266833023
2025-11-14T13:23:30,1763106810000,NIFTY,2025-11-14T14:03:30,1763109210000,40,,hybrid,222.41585632335153,225.33180044520267,229.96356059720887
2025-11-14T13:23:30,1763106810000,NIFTY,2025-11-14T14:04:30,1763109270000,41,,hybrid,223.3301979891492,224.92064436022912,228.69169956416746
2025-11-14T13:23:30,1763106810000,NIFTY,2025-11-14T14:05:30,1763109330000,42,,hybrid,222.36707180851016,225.21432727806737,228.12741741984843
2025-11-14T13:23:30,1763106810000,NIFTY,2025-11-14T14:06:30,1763109390000,43,,hybrid,222.5613161700113,225.65235847646395,229.4518444889595
2025-11-14T13:23:30,1763106810000,NIFTY,2025-11-14T14:07:30,1763109450000,44,,hybrid,222.4926790470737,225.54988773331831,229.163503821204
2025-11-14T13:23:30,1763106810000,NIFTY,2025-11-14T14:08:30,1763109510000,45,,hybrid,222.31647573171807,225.45931113213706,228.87567784748313
2025-11-14T13:23:30,1763106810000,NIFTY,2025-11-14T14:09:30,1763109570000,46,,hybrid,222.52206323750684,225.53737848768944,228.90467396158914
2025-11-14T13:23:30,1763106810000,NIFTY,2025-11-14T14:10:30,1763109630000,47,,hybrid,221.60597556660196,225.7603559096195,230.18626857777073
2025-11-14T13:23:30,1763106810000,NIFTY,2025-11-14T14:11:30,1763109690000,48,,hybrid,222.26330562988636,225.43277831258044,230.0722794119746
2025-11-14T13:23:30,1763106810000,NIFTY,2025-11-14T14:12:30,1763109750000,49,,hybrid,221.50844407262375,225.37422360221152,228.02232129238982
2025-11-14T13:23:30,1763106810000,NIFTY,2025-11-14T14:13:30,1763109810000,50,,hybrid,221.23020458134943,225.44741699017268,228.08905946325103
2025-11-14T13:23:30,1763106810000,NIFTY,2025-11-14T14:14:30,1763109870000,51,,hybrid,220.96144447709102,225.18153437782226,228.40979265952393
2025-11-14T13:23:30,1763106810000,NIFTY,2025-11-14T14:15:30,1763109930000,52,,hybrid,221.21885598691878,224.95001265201293,227.77598017991951
2025-11-14T13:23:30,1763106810000,NIFTY,2025-11-14T14:16:30,1763109990000,53,,hybrid,221.02286556293438,225.18495898628356,227.92147265469185
2025-11-14T13:23:30,1763106810000,NIFTY,2025-11-14T14:17:30,1763110050000,54,,hybrid,220.94140555589075,225.39053702877032,229.65569588123464
2025-11-14T13:23:30,1763106810000,NIFTY,2025-11-14T14:18:30,1763110110000,55,,hybrid,221.03758318917744,225.3758528828784,229.39521722351785
2025-11-14T13:23:30,1763106810000,NIFTY,2025-11-14T14:19:30,1763110170000,56,,hybrid,220.8140700493481,225.09685411093207,229.3603202671404
2025-11-14T13:23:30,1763106810000,NIFTY,2025-11-14T14:20:30,1763110230000,57,,hybrid,221.18323433537725,225.2290114239593,228.81689671657227
2025-11-14T13:23:30,1763106810000,NIFTY,2025-11-14T14:21:30,1763110290000,58,,hybrid,220.82960321789062,224.8912760684453,229.09468694644303
2025-11-14T13:23:30,1763106810000,NIFTY,2025-11-14T14:22:30,1763110350000,59,,hybrid,219.20158078129174,224.84722363076955,228.76595837096207
2025-11-14T13:23:30,1763106810000,NIFTY,2025-11-14T14:23:30,1763110410000,60,,hybrid,220.02271733918295,224.86190777666147,228.177922359425
2025-11-14T13:23:30,1763106810000,NIFTY,2025-11-14T13:24:30,1763106870000,1,,hybrid,224.83421441174846,226.45,227.9473836601826
2025-11-14T13:23:30,1763106810000,NIFTY,2025-11-14T13:25:30,1763106930000,2,,hybrid,224.5291214518113,226.4113434015679,228.17440637106625
2025-11-14T13:23:30,1763106810000,NIFTY,2025-11-14T13:26:30,1763106990000,3,,hybrid,224.27117705470025,226.35583552734542,229.4952610185975
2025-11-14T13:23:30,1763106810000,NIFTY,2025-11-14T13:27:30,1763107050000,4,,hybrid,224.59859937307212,226.20485395097816,229.29059900341852
2025-11-14T13:23:30,1763106810000,NIFTY,2025-11-14T13:28:30,1763107110000,5,,hybrid,223.7685585996083,226.6347587067496,230.42829288863612
2025-11-14T13:23:30,1763106810000,NIFTY,2025-11-14T13:29:30,1763107170000,6,,hybrid,224.18918469865184,226.61068589606188,230.47431390076147
2025-11-14T13:23:30,1763106810000,NIFTY,2025-11-14T13:30:30,1763107230000,7,,hybrid,224.27927129333455,226.43980120978668,230.45346943760273
2025-11-14T13:23:30,1763106810000,NIFTY,2025-11-14T13:31:30,1763107290000,8,,hybrid,224.1241982934859,226.50681710371268,229.65495636347208
2025-11-14T13:23:30,1763106810000,NIFTY,2025-11-14T13:32:30,1763107350000,9,,hybrid,223.79128178124458,226.57628346192902,229.74625114383616
2025-11-14T13:23:30,1763106810000,NIFTY,2025-11-14T13:33:30,1763107410000,10,,hybrid,222.67947624563757,226.46107864607734,228.5006182357793
2025-11-14T13:23:30,1763106810000,NIFTY,2025-11-14T13:34:30,1763107470000,11,,hybrid,224.0999915647541,226.14208794471617,229.75116088045698
2025-11-14T13:23:30,1763106810000,NIFTY,2025-11-14T13:35:30,1763107530000,12,,hybrid,221.40032134241537,226.57392002654257,227.70863146250775
2025-11-14T13:23:30,1763106810000,NIFTY,2025-11-14T13:36:30,1763107590000,13,,hybrid,222.39483509347014,226.11006017747405,227.90148111137168
2025-11-14T13:23:30,1763106810000,NIFTY,2025-11-14T13:37:30,1763107650000,14,,hybrid,222.1193423910309,226.38853580390412,228.5681590157872
2025-11-14T13:23:30,1763106810000,NIFTY,2025-11-14T13:38:30,1763107710000,15,,hybrid,224.1238691288057,226.74739364508204,230.66898211426854
2025-11-14T13:23:30,1763106810000,NIFTY,2025-11-14T13:39:30,1763107770000,16,,hybrid,222.12662088406617,226.4418778434354,230.6204441659941
2025-11-14T13:23:30,1763106810000,NIFTY,2025-11-14T13:40:30,1763107830000,17,,hybrid,222.1901048184077,226.34500651174466,230.7928134451231
2025-11-14T13:23:30,1763106810000,NIFTY,2025-11-14T13:41:30,1763107890000,18,,hybrid,223.36260821899072,225.99258701033875,229.4610496870941
2025-11-14T13:23:30,1763106810000,NIFTY,2025-11-14T13:42:30,1763107950000,19,,hybrid,222.53959571466888,226.17306660644815,229.66999566329324
2025-11-14T13:23:30,1763106810000,NIFTY,2025-11-14T13:43:30,1763108010000,20,,hybrid,223.38167199060535,225.98105858002867,230.9927879699355
2025-11-14T13:23:30,1763106810000,NIFTY,2025-11-14T13:44:30,1763108070000,21,,hybrid,223.60712354367735,225.86042969731153,231.7139123004146
2025-11-14T13:23:30,1763106810000,NIFTY,2025-11-14T13:45:30,1763108130000,22,,hybrid,223.55848529849555,225.86042969731153,231.7408234656291
2025-11-14T13:23:30,1763106810000,NIFTY,2025-11-14T13:46:30,1763108190000,23,,hybrid,223.75049275594927,225.1983101085297,230.0496777656176
2025-11-14T13:23:30,1763106810000,NIFTY,2025-11-14T13:47:30,1763108250000,24,,hybrid,224.32182362155126,225.3327573162437,228.10024541067963
2025-11-14T13:23:30,1763106810000,NIFTY,2025-11-14T13:48:30,1763108310000,25,,hybrid,224.220665377216,225.44867002939057,227.87286292695
2025-11-14T13:23:30,1763106810000,NIFTY,2025-11-14T13:49:30,1763108370000,26,,hybrid,224.31699753315226,225.2613612526779,227.99237836561258
2025-11-14T13:23:30,1763106810000,NIFTY,2025-11-14T13:50:30,1763108430000,27,,hybrid,224.35024762233462,225.21302647435078,228.4156821148171
2025-11-14T13:23:30,1763106810000,NIFTY,2025-11-14T13:51:30,1763108490000,28,,hybrid,223.27370614831673,224.964435552368,228.4133775201167
2025-11-14T13:23:30,1763106810000,NIFTY,2025-11-14T13:52:30,1763108550000,29,,hybrid,222.78837077583273,225.02582251301394,228.3697303620354
2025-11-14T13:23:30,1763106810000,NIFTY,2025-11-14T13:53:30,1763108610000,30,,hybrid,222.7094330507304,225.23186156994467,228.2897880781336
2025-11-14T13:23:30,1763106810000,NIFTY,2025-11-14T13:54:30,1763108670000,31,,hybrid,222.35335187902936,225.21993882345134,228.66022512635737
2025-11-14T13:23:30,1763106810000,NIFTY,2025-11-14T13:55:30,1763108730000,32,,hybrid,222.62299293357916,224.9595799639899,228.24047874094785
2025-11-14T13:23:30,1763106810000,NIFTY,2025-11-14T13:56:30,1763108790000,33,,hybrid,222.15211663327273,225.01354512088477,227.83221269177787
2025-11-14T13:23:30,1763106810000,NIFTY,2025-11-14T13:57:30,1763108850000,34,,hybrid,222.06255367158184,224.99361798481343,227.61534457207492
2025-11-14T13:23:30,1763106810000,NIFTY,2025-11-14T13:58:30,1763108910000,35,,hybrid,221.89331820268467,224.97515835597417,227.59572614589817
2025-11-14T13:23:30,1763106810000,NIFTY,2025-11-14T13:59:30,1763108970000,36,,hybrid,222.54312019394285,225.11443145499234,227.1487195957016
2025-11-14T13:23:30,1763106810000,NIFTY,2025-11-14T14:00:30,1763109030000,37,,hybrid,223.39751169948553,225.00516654978654,227.06611003552854
2025-11-14T13:23:30,1763106810000,NIFTY,2025-11-14T14:01:30,1763109090000,38,,hybrid,223.42771750113747,225.4555163638917,230.15837217111994
2025-11-14T13:23:30,1763106810000,NIFTY,2025-11-14T14:02:30,1763109150000,39,,hybrid,223.12994960908446,225.24369556985118,230.08431266833023
2025-11-14T13:23:30,1763106810000,NIFTY,2025-11-14T14:03:30,1763109210000,40,,hybrid,222.41585632335153,225.33180044520267,229.96356059720887
2025-11-14T13:23:30,1763106810000,NIFTY,2025-11-14T14:04:30,1763109270000,41,,hybrid,223.3301979891492,224.92064436022912,228.69169956416746
2025-11-14T13:23:30,1763106810000,NIFTY,2025-11-14T14:05:30,1763109330000,42,,hybrid,222.36707180851016,225.21432727806737,228.12741741984843
2025-11-14T13:23:30,1763106810000,NIFTY,2025-11-14T14:06:30,1763109390000,43,,hybrid,222.5613161700113,225.65235847646395,229.4518444889595
2025-11-14T13:23:30,1763106810000,NIFTY,2025-11-14T14:07:30,1763109450000,44,,hybrid,222.4926790470737,225.54988773331831,229.163503821204
2025-11-14T13:23:30,1763106810000,NIFTY,2025-11-14T14:08:30,1763109510000,45,,hybrid,222.31647573171807,225.45931113213706,228.87567784748313
2025-11-14T13:23:30,1763106810000,NIFTY,2025-11-14T14:09:30,1763109570000,46,,hybrid,222.52206323750684,225.53737848768944,228.90467396158914
2025-11-14T13:23:30,1763106810000,NIFTY,2025-11-14T14:10:30,1763109630000,47,,hybrid,221.60597556660196,225.7603559096195,230.18626857777073
2025-11-14T13:23:30,1763106810000,NIFTY,2025-11-14T14:11:30,1763109690000,48,,hybrid,222.26330562988636,225.43277831258044,230.0722794119746
2025-11-14T13:23:30,1763106810000,NIFTY,2025-11-14T14:12:30,1763109750000,49,,hybrid,221.50844407262375,225.37422360221152,228.02232129238982
2025-11-14T13:23:30,1763106810000,NIFTY,2025-11-14T14:13:30,1763109810000,50,,hybrid,221.23020458134943,225.44741699017268,228.08905946325103
2025-11-14T13:23:30,1763106810000,NIFTY,2025-11-14T14:14:30,1763109870000,51,,hybrid,220.96144447709102,225.18153437782226,228.40979265952393
2025-11-14T13:23:30,1763106810000,NIFTY,2025-11-14T14:15:30,1763109930000,52,,hybrid,221.21885598691878,224.95001265201293,227.77598017991951
2025-11-14T13:23:30,1763106810000,NIFTY,2025-11-14T14:16:30,1763109990000,53,,hybrid,221.02286556293438,225.18495898628356,227.92147265469185
2025-11-14T13:23:30,1763106810000,NIFTY,2025-11-14T14:17:30,1763110050000,54,,hybrid,220.94140555589075,225.39053702877032,229.65569588123464
2025-11-14T13:23:30,1763106810000,NIFTY,2025-11-14T14:18:30,1763110110000,55,,hybrid,221.03758318917744,225.3758528828784,229.39521722351785
2025-11-14T13:23:30,1763106810000,NIFTY,2025-11-14T14:19:30,1763110170000,56,,hybrid,220.8140700493481,225.09685411093207,229.3603202671404
2025-11-14T13:23:30,1763106810000,NIFTY,2025-11-14T14:20:30,1763110230000,57,,hybrid,221.18323433537725,225.2290114239593,228.81689671657227
2025-11-14T13:23:30,1763106810000,NIFTY,2025-11-14T14:21:30,1763110290000,58,,hybrid,220.82960321789062,224.8912760684453,229.09468694644303
2025-11-14T13:23:30,1763106810000,NIFTY,2025-11-14T14:22:30,1763110350000,59,,hybrid,219.20158078129174,224.84722363076955,228.76595837096207
2025-11-14T13:23:30,1763106810000,NIFTY,2025-11-14T14:23:30,1763110410000,60,,hybrid,220.02271733918295,224.86190777666147,228.177922359425
2025-11-14T13:23:30,1763106810000,NIFTY,2025-11-14T13:24:30,1763106870000,1,,hybrid,224.83421441174846,226.45,227.9473836601826
2025-11-14T13:23:30,1763106810000,NIFTY,2025-11-14T13:25:30,1763106930000,2,,hybrid,224.5291214518113,226.4113434015679,228.17440637106625
2025-11-14T13:23:30,1763106810000,NIFTY,2025-11-14T13:26:30,1763106990000,3,,hybrid,224.27117705470025,226.35583552734542,229.4952610185975
2025-11-14T13:23:30,1763106810000,NIFTY,2025-11-14T13:27:30,1763107050000,4,,hybrid,224.59859937307212,226.20485395097816,229.29059900341852
2025-11-14T13:23:30,1763106810000,NIFTY,2025-11-14T13:28:30,1763107110000,5,,hybrid,223.7685585996083,226.6347587067496,230.42829288863612
2025-11-14T13:23:30,1763106810000,NIFTY,2025-11-14T13:29:30,1763107170000,6,,hybrid,224.18918469865184,226.61068589606188,230.47431390076147
2025-11-14T13:23:30,1763106810000,NIFTY,2025-11-14T13:30:30,1763107230000,7,,hybrid,224.27927129333455,226.43980120978668,230.45346943760273
2025-11-14T13:23:30,1763106810000,NIFTY,2025-11-14T13:31:30,1763107290000,8,,hybrid,224.1241982934859,226.50681710371268,229.65495636347208
2025-11-14T13:23:30,1763106810000,NIFTY,2025-11-14T13:32:30,1763107350000,9,,hybrid,223.79128178124458,226.57628346192902,229.74625114383616
2025-11-14T13:23:30,1763106810000,NIFTY,2025-11-14T13:33:30,1763107410000,10,,hybrid,222.67947624563757,226.46107864607734,228.5006182357793
2025-11-14T13:23:30,1763106810000,NIFTY,2025-11-14T13:34:30,1763107470000,11,,hybrid,224.0999915647541,226.14208794471617,229.75116088045698
2025-11-14T13:23:30,1763106810000,NIFTY,2025-11-14T13:35:30,1763107530000,12,,hybrid,221.40032134241537,226.57392002654257,227.70863146250775
2025-11-14T13:23:30,1763106810000,NIFTY,2025-11-14T13:36:30,1763107590000,13,,hybrid,222.39483509347014,226.11006017747405,227.90148111137168
2025-11-14T13:23:30,1763106810000,NIFTY,2025-11-14T13:37:30,1763107650000,14,,hybrid,222.1193423910309,226.38853580390412,228.5681590157872
2025-11-14T13:23:30,1763106810000,NIFTY,2025-11-14T13:38:30,1763107710000,15,,hybrid,224.1238691288057,226.74739364508204,230.66898211426854
2025-11-14T13:23:30,1763106810000,NIFTY,2025-11-14T13:39:30,1763107770000,16,,hybrid,222.12662088406617,226.4418778434354,230.6204441659941
2025-11-14T13:23:30,1763106810000,NIFTY,2025-11-14T13:40:30,1763107830000,17,,hybrid,222.1901048184077,226.34500651174466,230.7928134451231
2025-11-14T13:23:30,1763106810000,NIFTY,2025-11-14T13:41:30,1763107890000,18,,hybrid,223.36260821899072,225.99258701033875,229.4610496870941
2025-11-14T13:23:30,1763106810000,NIFTY,2025-11-14T13:42:30,1763107950000,19,,hybrid,222.53959571466888,226.17306660644815,229.66999566329324
2025-11-14T13:23:30,1763106810000,NIFTY,2025-11-14T13:43:30,1763108010000,20,,hybrid,223.38167199060535,225.98105858002867,230.9927879699355
2025-11-14T13:23:30,1763106810000,NIFTY,2025-11-14T13:44:30,1763108070000,21,,hybrid,223.60712354367735,225.86042969731153,231.7139123004146
2025-11-14T13:23:30,1763106810000,NIFTY,2025-11-14T13:45:30,1763108130000,22,,hybrid,223.55848529849555,225.86042969731153,231.7408234656291
2025-11-14T13:23:30,1763106810000,NIFTY,2025-11-14T13:46:30,1763108190000,23,,hybrid,223.75049275594927,225.1983101085297,230.0496777656176
2025-11-14T13:23:30,1763106810000,NIFTY,2025-11-14T13:47:30,1763108250000,24,,hybrid,224.32182362155126,225.3327573162437,228.10024541067963
2025-11-14T13:23:30,1763106810000,NIFTY,2025-11-14T13:48:30,1763108310000,25,,hybrid,224.220665377216,225.44867002939057,227.87286292695
2025-11-14T13:23:30,1763106810000,NIFTY,2025-11-14T13:49:30,1763108370000,26,,hybrid,224.31699753315226,225.2613612526779,227.99237836561258
2025-11-14T13:23:30,1763106810000,NIFTY,2025-11-14T13:50:30,1763108430000,27,,hybrid,224.35024762233462,225.21302647435078,228.4156821148171
2025-11-14T13:23:30,1763106810000,NIFTY,2025-11-14T13:51:30,1763108490000,28,,hybrid,223.27370614831673,224.964435552368,228.4133775201167
2025-11-14T13:23:30,1763106810000,NIFTY,2025-11-14T13:52:30,1763108550000,29,,hybrid,222.78837077583273,225.02582251301394,228.3697303620354
2025-11-14T13:23:30,1763106810000,NIFTY,2025-11-14T13:53:30,1763108610000,30,,hybrid,222.7094330507304,225.23186156994467,228.2897880781336
2025-11-14T13:23:30,1763106810000,NIFTY,2025-11-14T13:54:30,1763108670000,31,,hybrid,222.35335187902936,225.21993882345134,228.66022512635737
2025-11-14T13:23:30,1763106810000,NIFTY,2025-11-14T13:55:30,1763108730000,32,,hybrid,222.62299293357916,224.9595799639899,228.24047874094785
2025-11-14T13:23:30,1763106810000,NIFTY,2025-11-14T13:56:30,1763108790000,33,,hybrid,222.15211663327273,225.01354512088477,227.83221269177787
2025-11-14T13:23:30,1763106810000,NIFTY,2025-11-14T13:57:30,1763108850000,34,,hybrid,222.06255367158184,224.99361798481343,227.61534457207492
2025-11-14T13:23:30,1763106810000,NIFTY,2025-11-14T13:58:30,1763108910000,35,,hybrid,221.89331820268467,224.97515835597417,227.59572614589817
2025-11-14T13:23:30,1763106810000,NIFTY,2025-11-14T13:59:30,1763108970000,36,,hybrid,222.54312019394285,225.11443145499234,227.1487195957016
2025-11-14T13:23:30,1763106810000,NIFTY,2025-11-14T14:00:30,1763109030000,37,,hybrid,223.39751169948553,225.00516654978654,227.06611003552854
2025-11-14T13:23:30,1763106810000,NIFTY,2025-11-14T14:01:30,1763109090000,38,,hybrid,223.42771750113747,225.4555163638917,230.15837217111994
2025-11-14T13:23:30,1763106810000,NIFTY,2025-11-14T14:02:30,1763109150000,39,,hybrid,223.12994960908446,225.24369556985118,230.08431266833023
2025-11-14T13:23:30,1763106810000,NIFTY,2025-11-14T14:03:30,1763109210000,40,,hybrid,222.41585632335153,225.33180044520267,229.96356059720887
2025-11-14T13:23:30,1763106810000,NIFTY,2025-11-14T14:04:30,1763109270000,41,,hybrid,223.3301979891492,224.92064436022912,228.69169956416746
2025-11-14T13:23:30,1763106810000,NIFTY,2025-11-14T14:05:30,1763109330000,42,,hybrid,222.36707180851016,225.21432727806737,228.12741741984843
2025-11-14T13:23:30,1763106810000,NIFTY,2025-11-14T14:06:30,1763109390000,43,,hybrid,222.5613161700113,225.65235847646395,229.4518444889595
2025-11-14T13:23:30,1763106810000,NIFTY,2025-11-14T14:07:30,1763109450000,44,,hybrid,222.4926790470737,225.54988773331831,229.163503821204
2025-11-14T13:23:30,1763106810000,NIFTY,2025-11-14T14:08:30,1763109510000,45,,hybrid,222.31647573171807,225.45931113213706,228.87567784748313
2025-11-14T13:23:30,1763106810000,NIFTY,2025-11-14T14:09:30,1763109570000,46,,hybrid,222.52206323750684,225.53737848768944,228.90467396158914
2025-11-14T13:23:30,1763106810000,NIFTY,2025-11-14T14:10:30,1763109630000,47,,hybrid,221.60597556660196,225.7603559096195,230.18626857777073
2025-11-14T13:23:30,1763106810000,NIFTY,2025-11-14T14:11:30,1763109690000,48,,hybrid,222.26330562988636,225.43277831258044,230.0722794119746
2025-11-14T13:23:30,1763106810000,NIFTY,2025-11-14T14:12:30,1763109750000,49,,hybrid,221.50844407262375,225.37422360221152,228.02232129238982
2025-11-14T13:23:30,1763106810000,NIFTY,2025-11-14T14:13:30,1763109810000,50,,hybrid,221.23020458134943,225.44741699017268,228.08905946325103
2025-11-14T13:23:30,1763106810000,NIFTY,2025-11-14T14:14:30,1763109870000,51,,hybrid,220.96144447709102,225.18153437782226,228.40979265952393
2025-11-14T13:23:30,1763106810000,NIFTY,2025-11-14T14:15:30,1763109930000,52,,hybrid,221.21885598691878,224.95001265201293,227.77598017991951
2025-11-14T13:23:30,1763106810000,NIFTY,2025-11-14T14:16:30,1763109990000,53,,hybrid,221.02286556293438,225.18495898628356,227.92147265469185
2025-11-14T13:23:30,1763106810000,NIFTY,2025-11-14T14:17:30,1763110050000,54,,hybrid,220.94140555589075,225.39053702877032,229.65569588123464
2025-11-14T13:23:30,1763106810000,NIFTY,2025-11-14T14:18:30,1763110110000,55,,hybrid,221.03758318917744,225.3758528828784,229.39521722351785
2025-11-14T13:23:30,1763106810000,NIFTY,2025-11-14T14:19:30,1763110170000,56,,hybrid,220.8140700493481,225.09685411093207,229.3603202671404
2025-11-14T13:23:30,1763106810000,NIFTY,2025-11-14T14:20:30,1763110230000,57,,hybrid,221.18323433537725,225.2290114239593,228.81689671657227
2025-11-14T13:23:30,1763106810000,NIFTY,2025-11-14T14:21:30,1763110290000,58,,hybrid,220.82960321789062,224.8912760684453,229.09468694644303
2025-11-14T13:23:30,1763106810000,NIFTY,2025-11-14T14:22:30,1763110350000,59,,hybrid,219.20158078129174,224.84722363076955,228.76595837096207
2025-11-14T13:23:30,1763106810000,NIFTY,2025-11-14T14:23:30,1763110410000,60,,hybrid,220.02271733918295,224.86190777666147,228.177922359425
2025-11-14T13:23:30,1763106810000,NIFTY,2025-11-14T13:24:30,1763106870000,1,,hybrid,224.83421441174846,226.45,227.9473836601826
2025-11-14T13:23:30,1763106810000,NIFTY,2025-11-14T13:25:30,1763106930000,2,,hybrid,224.5291214518113,226.4113434015679,228.17440637106625
2025-11-14T13:23:30,1763106810000,NIFTY,2025-11-14T13:26:30,1763106990000,3,,hybrid,224.27117705470025,226.35583552734542,229.4952610185975
2025-11-14T13:23:30,1763106810000,NIFTY,2025-11-14T13:27:30,1763107050000,4,,hybrid,224.59859937307212,226.20485395097816,229.29059900341852
2025-11-14T13:23:30,1763106810000,NIFTY,2025-11-14T13:28:30,1763107110000,5,,hybrid,223.7685585996083,226.6347587067496,230.42829288863612
2025-11-14T13:23:30,1763106810000,NIFTY,2025-11-14T13:29:30,1763107170000,6,,hybrid,224.18918469865184,226.61068589606188,230.47431390076147
2025-11-14T13:23:30,1763106810000,NIFTY,2025-11-14T13:30:30,1763107230000,7,,hybrid,224.27927129333455,226.43980120978668,230.45346943760273
2025-11-14T13:23:30,1763106810000,NIFTY,2025-11-14T13:31:30,1763107290000,8,,hybrid,224.1241982934859,226.50681710371268,229.65495636347208
2025-11-14T13:23:30,1763106810000,NIFTY,2025-11-14T13:32:30,1763107350000,9,,hybrid,223.79128178124458,226.57628346192902,229.74625114383616
2025-11-14T13:23:30,1763106810000,NIFTY,2025-11-14T13:33:30,1763107410000,10,,hybrid,222.67947624563757,226.46107864607734,228.5006182357793
2025-11-14T13:23:30,1763106810000,NIFTY,2025-11-14T13:34:30,1763107470000,11,,hybrid,224.0999915647541,226.14208794471617,229.75116088045698
2025-11-14T13:23:30,1763106810000,NIFTY,2025-11-14T13:35:30,1763107530000,12,,hybrid,221.40032134241537,226.57392002654257,227.70863146250775
2025-11-14T13:23:30,1763106810000,NIFTY,2025-11-14T13:36:30,1763107590000,13,,hybrid,222.39483509347014,226.11006017747405,227.90148111137168
2025-11-14T13:23:30,1763106810000,NIFTY,2025-11-14T13:37:30,1763107650000,14,,hybrid,222.1193423910309,226.38853580390412,228.5681590157872
2025-11-14T13:23:30,1763106810000,NIFTY,2025-11-14T13:38:30,1763107710000,15,,hybrid,224.1238691288057,226.74739364508204,230.66898211426854
2025-11-14T13:23:30,1763106810000,NIFTY,2025-11-14T13:39:30,1763107770000,16,,hybrid,222.12662088406617,226.4418778434354,230.6204441659941
2025-11-14T13:23:30,1763106810000,NIFTY,2025-11-14T13:40:30,1763107830000,17,,hybrid,222.1901048184077,226.34500651174466,230.7928134451231
2025-11-14T13:23:30,1763106810000,NIFTY,2025-11-14T13:41:30,1763107890000,18,,hybrid,223.36260821899072,225.99258701033875,229.4610496870941
2025-11-14T13:23:30,1763106810000,NIFTY,2025-11-14T13:42:30,1763107950000,19,,hybrid,222.53959571466888,226.17306660644815,229.66999566329324
2025-11-14T13:23:30,1763106810000,NIFTY,2025-11-14T13:43:30,1763108010000,20,,hybrid,223.38167199060535,225.98105858002867,230.9927879699355
2025-11-14T13:23:30,1763106810000,NIFTY,2025-11-14T13:44:30,1763108070000,21,,hybrid,223.60712354367735,225.86042969731153,231.7139123004146
2025-11-14T13:23:30,1763106810000,NIFTY,2025-11-14T13:45:30,1763108130000,22,,hybrid,223.55848529849555,225.86042969731153,231.7408234656291
2025-11-14T13:23:30,1763106810000,NIFTY,2025-11-14T13:46:30,1763108190000,23,,hybrid,223.75049275594927,225.1983101085297,230.0496777656176
2025-11-14T13:23:30,1763106810000,NIFTY,2025-11-14T13:47:30,1763108250000,24,,hybrid,224.32182362155126,225.3327573162437,228.10024541067963
2025-11-14T13:23:30,1763106810000,NIFTY,2025-11-14T13:48:30,1763108310000,25,,hybrid,224.220665377216,225.44867002939057,227.87286292695
2025-11-14T13:23:30,1763106810000,NIFTY,2025-11-14T13:49:30,1763108370000,26,,hybrid,224.31699753315226,225.2613612526779,227.99237836561258
2025-11-14T13:23:30,1763106810000,NIFTY,2025-11-14T13:50:30,1763108430000,27,,hybrid,224.35024762233462,225.21302647435078,228.4156821148171
2025-11-14T13:23:30,1763106810000,NIFTY,2025-11-14T13:51:30,1763108490000,28,,hybrid,223.27370614831673,224.964435552368,228.4133775201167
2025-11-14T13:23:30,1763106810000,NIFTY,2025-11-14T13:52:30,1763108550000,29,,hybrid,222.78837077583273,225.02582251301394,228.3697303620354
2025-11-14T13:23:30,1763106810000,NIFTY,2025-11-14T13:53:30,1763108610000,30,,hybrid,222.7094330507304,225.23186156994467,228.2897880781336
2025-11-14T13:23:30,1763106810000,NIFTY,2025-11-14T13:54:30,1763108670000,31,,hybrid,222.35335187902936,225.21993882345134,228.66022512635737
2025-11-14T13:23:30,1763106810000,NIFTY,2025-11-14T13:55:30,1763108730000,32,,hybrid,222.62299293357916,224.9595799639899,228.24047874094785
2025-11-14T13:23:30,1763106810000,NIFTY,2025-11-14T13:56:30,1763108790000,33,,hybrid,222.15211663327273,225.01354512088477,227.83221269177787
2025-11-14T13:23:30,1763106810000,NIFTY,2025-11-14T13:57:30,1763108850000,34,,hybrid,222.06255367158184,224.99361798481343,227.61534457207492
2025-11-14T13:23:30,1763106810000,NIFTY,2025-11-14T13:58:30,1763108910000,35,,hybrid,221.89331820268467,224.97515835597417,227.59572614589817
2025-11-14T13:23:30,1763106810000,NIFTY,2025-11-14T13:59:30,1763108970000,36,,hybrid,222.54312019394285,225.11443145499234,227.1487195957016
2025-11-14T13:23:30,1763106810000,NIFTY,2025-11-14T14:00:30,1763109030000,37,,hybrid,223.39751169948553,225.00516654978654,227.06611003552854
2025-11-14T13:23:30,1763106810000,NIFTY,2025-11-14T14:01:30,1763109090000,38,,hybrid,223.42771750113747,225.4555163638917,230.15837217111994
2025-11-14T13:23:30,1763106810000,NIFTY,2025-11-14T14:02:30,1763109150000,39,,hybrid,223.12994960908446,225.24369556985118,230.08431266833023
2025-11-14T13:23:30,1763106810000,NIFTY,2025-11-14T14:03:30,1763109210000,40,,hybrid,222.41585632335153,225.33180044520267,229.96356059720887
2025-11-14T13:23:30,1763106810000,NIFTY,2025-11-14T14:04:30,1763109270000,41,,hybrid,223.3301979891492,224.92064436022912,228.69169956416746
2025-11-14T13:23:30,1763106810000,NIFTY,2025-11-14T14:05:30,1763109330000,42,,hybrid,222.36707180851016,225.21432727806737,228.12741741984843
2025-11-14T13:23:30,1763106810000,NIFTY,2025-11-14T14:06:30,1763109390000,43,,hybrid,222.5613161700113,225.65235847646395,229.4518444889595
2025-11-14T13:23:30,1763106810000,NIFTY,2025-11-14T14:07:30,1763109450000,44,,hybrid,222.4926790470737,225.54988773331831,229.163503821204
2025-11-14T13:23:30,1763106810000,NIFTY,2025-11-14T14:08:30,1763109510000,45,,hybrid,222.31647573171807,225.45931113213706,228.87567784748313
2025-11-14T13:23:30,1763106810000,NIFTY,2025-11-14T14:09:30,1763109570000,46,,hybrid,222.52206323750684,225.53737848768944,228.90467396158914
2025-11-14T13:23:30,1763106810000,NIFTY,2025-11-14T14:10:30,1763109630000,47,,hybrid,221.60597556660196,225.7603559096195,230.18626857777073
2025-11-14T13:23:30,1763106810000,NIFTY,2025-11-14T14:11:30,1763109690000,48,,hybrid,222.26330562988636,225.43277831258044,230.0722794119746
2025-11-14T13:23:30,1763106810000,NIFTY,2025-11-14T14:12:30,1763109750000,49,,hybrid,221.50844407262375,225.37422360221152,228.02232129238982
2025-11-14T13:23:30,1763106810000,NIFTY,2025-11-14T14:13:30,1763109810000,50,,hybrid,221.23020458134943,225.44741699017268,228.08905946325103
2025-11-14T13:23:30,1763106810000,NIFTY,2025-11-14T14:14:30,1763109870000,51,,hybrid,220.96144447709102,225.18153437782226,228.40979265952393
2025-11-14T13:23:30,1763106810000,NIFTY,2025-11-14T14:15:30,1763109930000,52,,hybrid,221.21885598691878,224.95001265201293,227.77598017991951
2025-11-14T13:23:30,1763106810000,NIFTY,2025-11-14T14:16:30,1763109990000,53,,hybrid,221.02286556293438,225.18495898628356,227.92147265469185
2025-11-14T13:23:30,1763106810000,NIFTY,2025-11-14T14:17:30,1763110050000,54,,hybrid,220.94140555589075,225.39053702877032,229.65569588123464
2025-11-14T13:23:30,1763106810000,NIFTY,2025-11-14T14:18:30,1763110110000,55,,hybrid,221.03758318917744,225.3758528828784,229.39521722351785
2025-11-14T13:23:30,1763106810000,NIFTY,2025-11-14T14:19:30,1763110170000,56,,hybrid,220.8140700493481,225.09685411093207,229.3603202671404
2025-11-14T13:23:30,1763106810000,NIFTY,2025-11-14T14:20:30,1763110230000,57,,hybrid,221.18323433537725,225.2290114239593,228.81689671657227
2025-11-14T13:23:30,1763106810000,NIFTY,2025-11-14T14:21:30,1763110290000,58,,hybrid,220.82960321789062,224.8912760684453,229.09468694644303
2025-11-14T13:23:30,1763106810000,NIFTY,2025-11-14T14:22:30,1763110350000,59,,hybrid,219.20158078129174,224.84722363076955,228.76595837096207
2025-11-14T13:23:30,1763106810000,NIFTY,2025-11-14T14:23:30,1763110410000,60,,hybrid,220.02271733918295,224.86190777666147,228.177922359425
2025-11-14T13:23:30,1763106810000,NIFTY,2025-11-14T13:24:30,1763106870000,1,,hybrid,224.83421441174846,226.45,227.9473836601826
2025-11-14T13:23:30,1763106810000,NIFTY,2025-11-14T13:25:30,1763106930000,2,,hybrid,224.5291214518113,226.4113434015679,228.17440637106625
2025-11-14T13:23:30,1763106810000,NIFTY,2025-11-14T13:26:30,1763106990000,3,,hybrid,224.27117705470025,226.35583552734542,229.4952610185975
2025-11-14T13:23:30,1763106810000,NIFTY,2025-11-14T13:27:30,1763107050000,4,,hybrid,224.59859937307212,226.20485395097816,229.29059900341852
2025-11-14T13:23:30,1763106810000,NIFTY,2025-11-14T13:28:30,1763107110000,5,,hybrid,223.7685585996083,226.6347587067496,230.42829288863612
2025-11-14T13:23:30,1763106810000,NIFTY,2025-11-14T13:29:30,1763107170000,6,,hybrid,224.18918469865184,226.61068589606188,230.47431390076147
2025-11-14T13:23:30,1763106810000,NIFTY,2025-11-14T13:30:30,1763107230000,7,,hybrid,224.27927129333455,226.43980120978668,230.45346943760273
2025-11-14T13:23:30,1763106810000,NIFTY,2025-11-14T13:31:30,1763107290000,8,,hybrid,224.1241982934859,226.50681710371268,229.65495636347208
2025-11-14T13:23:30,1763106810000,NIFTY,2025-11-14T13:32:30,1763107350000,9,,hybrid,223.79128178124458,226.57628346192902,229.74625114383616
2025-11-14T13:23:30,1763106810000,NIFTY,2025-11-14T13:33:30,1763107410000,10,,hybrid,222.67947624563757,226.46107864607734,228.5006182357793
2025-11-14T13:23:30,1763106810000,NIFTY,2025-11-14T13:34:30,1763107470000,11,,hybrid,224.0999915647541,226.14208794471617,229.75116088045698
2025-11-14T13:23:30,1763106810000,NIFTY,2025-11-14T13:35:30,1763107530000,12,,hybrid,221.40032134241537,226.57392002654257,227.70863146250775
2025-11-14T13:23:30,1763106810000,NIFTY,2025-11-14T13:36:30,1763107590000,13,,hybrid,222.39483509347014,226.11006017747405,227.90148111137168
2025-11-14T13:23:30,1763106810000,NIFTY,2025-11-14T13:37:30,1763107650000,14,,hybrid,222.1193423910309,226.38853580390412,228.5681590157872
2025-11-14T13:23:30,1763106810000,NIFTY,2025-11-14T13:38:30,1763107710000,15,,hybrid,224.1238691288057,226.74739364508204,230.66898211426854
2025-11-14T13:23:30,1763106810000,NIFTY,2025-11-14T13:39:30,1763107770000,16,,hybrid,222.12662088406617,226.4418778434354,230.6204441659941
2025-11-14T13:23:30,1763106810000,NIFTY,2025-11-14T13:40:30,1763107830000,17,,hybrid,222.1901048184077,226.34500651174466,230.7928134451231
2025-11-14T13:23:30,1763106810000,NIFTY,2025-11-14T13:41:30,1763107890000,18,,hybrid,223.36260821899072,225.99258701033875,229.4610496870941
2025-11-14T13:23:30,1763106810000,NIFTY,2025-11-14T13:42:30,1763107950000,19,,hybrid,222.53959571466888,226.17306660644815,229.66999566329324
2025-11-14T13:23:30,1763106810000,NIFTY,2025-11-14T13:43:30,1763108010000,20,,hybrid,223.38167199060535,225.98105858002867,230.9927879699355
2025-11-14T13:23:30,1763106810000,NIFTY,2025-11-14T13:44:30,1763108070000,21,,hybrid,223.60712354367735,225.86042969731153,231.7139123004146
2025-11-14T13:23:30,1763106810000,NIFTY,2025-11-14T13:45:30,1763108130000,22,,hybrid,223.55848529849555,225.86042969731153,231.7408234656291
2025-11-14T13:23:30,1763106810000,NIFTY,2025-11-14T13:46:30,1763108190000,23,,hybrid,223.75049275594927,225.1983101085297,230.0496777656176
2025-11-14T13:23:30,1763106810000,NIFTY,2025-11-14T13:47:30,1763108250000,24,,hybrid,224.32182362155126,225.3327573162437,228.10024541067963
2025-11-14T13:23:30,1763106810000,NIFTY,2025-11-14T13:48:30,1763108310000,25,,hybrid,224.220665377216,225.44867002939057,227.87286292695
2025-11-14T13:23:30,1763106810000,NIFTY,2025-11-14T13:49:30,1763108370000,26,,hybrid,224.31699753315226,225.2613612526779,227.99237836561258
2025-11-14T13:23:30,1763106810000,NIFTY,2025-11-14T13:50:30,1763108430000,27,,hybrid,224.35024762233462,225.21302647435078,228.4156821148171
2025-11-14T13:23:30,1763106810000,NIFTY,2025-11-14T13:51:30,1763108490000,28,,hybrid,223.27370614831673,224.964435552368,228.4133775201167
2025-11-14T13:23:30,1763106810000,NIFTY,2025-11-14T13:52:30,1763108550000,29,,hybrid,222.78837077583273,225.02582251301394,228.3697303620354
2025-11-14T13:23:30,1763106810000,NIFTY,2025-11-14T13:53:30,1763108610000,30,,hybrid,222.7094330507304,225.23186156994467,228.2897880781336
2025-11-14T13:23:30,1763106810000,NIFTY,2025-11-14T13:54:30,1763108670000,31,,hybrid,222.35335187902936,225.21993882345134,228.66022512635737
2025-11-14T13:23:30,1763106810000,NIFTY,2025-11-14T13:55:30,1763108730000,32,,hybrid,222.62299293357916,224.9595799639899,228.24047874094785
2025-11-14T13:23:30,1763106810000,NIFTY,2025-11-14T13:56:30,1763108790000,33,,hybrid,222.15211663327273,225.01354512088477,227.83221269177787
2025-11-14T13:23:30,1763106810000,NIFTY,2025-11-14T13:57:30,1763108850000,34,,hybrid,222.06255367158184,224.99361798481343,227.61534457207492
2025-11-14T13:23:30,1763106810000,NIFTY,2025-11-14T13:58:30,1763108910000,35,,hybrid,221.89331820268467,224.97515835597417,227.59572614589817
2025-11-14T13:23:30,1763106810000,NIFTY,2025-11-14T13:59:30,1763108970000,36,,hybrid,222.54312019394285,225.11443145499234,227.1487195957016
2025-11-14T13:23:30,1763106810000,NIFTY,2025-11-14T14:00:30,1763109030000,37,,hybrid,223.39751169948553,225.00516654978654,227.06611003552854
2025-11-14T13:23:30,1763106810000,NIFTY,2025-11-14T14:01:30,1763109090000,38,,hybrid,223.42771750113747,225.4555163638917,230.15837217111994
2025-11-14T13:23:30,1763106810000,NIFTY,2025-11-14T14:02:30,1763109150000,39,,hybrid,223.12994960908446,225.24369556985118,230.08431266833023
2025-11-14T13:23:30,1763106810000,NIFTY,2025-11-14T14:03:30,1763109210000,40,,hybrid,222.41585632335153,225.33180044520267,229.96356059720887
2025-11-14T13:23:30,1763106810000,NIFTY,2025-11-14T14:04:30,1763109270000,41,,hybrid,223.3301979891492,224.92064436022912,228.69169956416746
2025-11-14T13:23:30,1763106810000,NIFTY,2025-11-14T14:05:30,1763109330000,42,,hybrid,222.36707180851016,225.21432727806737,228.12741741984843
2025-11-14T13:23:30,1763106810000,NIFTY,2025-11-14T14:06:30,1763109390000,43,,hybrid,222.5613161700113,225.65235847646395,229.4518444889595
2025-11-14T13:23:30,1763106810000,NIFTY,2025-11-14T14:07:30,1763109450000,44,,hybrid,222.4926790470737,225.54988773331831,229.163503821204
2025-11-14T13:23:30,1763106810000,NIFTY,2025-11-14T14:08:30,1763109510000,45,,hybrid,222.31647573171807,225.45931113213706,228.87567784748313
2025-11-14T13:23:30,1763106810000,NIFTY,2025-11-14T14:09:30,1763109570000,46,,hybrid,222.52206323750684,225.53737848768944,228.90467396158914
2025-11-14T13:23:30,1763106810000,NIFTY,2025-11-14T14:10:30,1763109630000,47,,hybrid,221.60597556660196,225.7603559096195,230.18626857777073
2025-11-14T13:23:30,1763106810000,NIFTY,2025-11-14T14:11:30,1763109690000,48,,hybrid,222.26330562988636,225.43277831258044,230.0722794119746
2025-11-14T13:23:30,1763106810000,NIFTY,2025-11-14T14:12:30,1763109750000,49,,hybrid,221.50844407262375,225.37422360221152,228.02232129238982
2025-11-14T13:23:30,1763106810000,NIFTY,2025-11-14T14:13:30,1763109810000,50,,hybrid,221.23020458134943,225.44741699017268,228.08905946325103
2025-11-14T13:23:30,1763106810000,NIFTY,2025-11-14T14:14:30,1763109870000,51,,hybrid,220.96144447709102,225.18153437782226,228.40979265952393
2025-11-14T13:23:30,1763106810000,NIFTY,2025-11-14T14:15:30,1763109930000,52,,hybrid,221.21885598691878,224.95001265201293,227.77598017991951
2025-11-14T13:23:30,1763106810000,NIFTY,2025-11-14T14:16:30,1763109990000,53,,hybrid,221.02286556293438,225.18495898628356,227.92147265469185
2025-11-14T13:23:30,1763106810000,NIFTY,2025-11-14T14:17:30,1763110050000,54,,hybrid,220.94140555589075,225.39053702877032,229.65569588123464
2025-11-14T13:23:30,1763106810000,NIFTY,2025-11-14T14:18:30,1763110110000,55,,hybrid,221.03758318917744,225.3758528828784,229.39521722351785
2025-11-14T13:23:30,1763106810000,NIFTY,2025-11-14T14:19:30,1763110170000,56,,hybrid,220.8140700493481,225.09685411093207,229.3603202671404
2025-11-14T13:23:30,1763106810000,NIFTY,2025-11-14T14:20:30,1763110230000,57,,hybrid,221.18323433537725,225.2290114239593,228.81689671657227
2025-11-14T13:23:30,1763106810000,NIFTY,2025-11-14T14:21:30,1763110290000,58,,hybrid,220.82960321789062,224.8912760684453,229.09468694644303
2025-11-14T13:23:30,1763106810000,NIFTY,2025-11-14T14:22:30,1763110350000,59,,hybrid,219.20158078129174,224.84722363076955,228.76595837096207
2025-11-14T13:23:30,1763106810000,NIFTY,2025-11-14T14:23:30,1763110410000,60,,hybrid,220.02271733918295,224.86190777666147,228.177922359425
2025-11-14T13:23:30,1763106810000,NIFTY,2025-11-14T13:24:30,1763106870000,1,,hybrid,224.83421441174846,226.45,227.9473836601826
2025-11-14T13:23:30,1763106810000,NIFTY,2025-11-14T13:25:30,1763106930000,2,,hybrid,224.5291214518113,226.4113434015679,228.17440637106625
2025-11-14T13:23:30,1763106810000,NIFTY,2025-11-14T13:26:30,1763106990000,3,,hybrid,224.27117705470025,226.35583552734542,229.4952610185975
2025-11-14T13:23:30,1763106810000,NIFTY,2025-11-14T13:27:30,1763107050000,4,,hybrid,224.59859937307212,226.20485395097816,229.29059900341852
2025-11-14T13:23:30,1763106810000,NIFTY,2025-11-14T13:28:30,1763107110000,5,,hybrid,223.7685585996083,226.6347587067496,230.42829288863612
2025-11-14T13:23:30,1763106810000,NIFTY,2025-11-14T13:29:30,1763107170000,6,,hybrid,224.18918469865184,226.61068589606188,230.47431390076147
2025-11-14T13:23:30,1763106810000,NIFTY,2025-11-14T13:30:30,1763107230000,7,,hybrid,224.27927129333455,226.43980120978668,230.45346943760273
2025-11-14T13:23:30,1763106810000,NIFTY,2025-11-14T13:31:30,1763107290000,8,,hybrid,224.1241982934859,226.50681710371268,229.65495636347208
2025-11-14T13:23:30,1763106810000,NIFTY,2025-11-14T13:32:30,1763107350000,9,,hybrid,223.79128178124458,226.57628346192902,229.74625114383616
2025-11-14T13:23:30,1763106810000,NIFTY,2025-11-14T13:33:30,1763107410000,10,,hybrid,222.67947624563757,226.46107864607734,228.5006182357793
2025-11-14T13:23:30,1763106810000,NIFTY,2025-11-14T13:34:30,1763107470000,11,,hybrid,224.0999915647541,226.14208794471617,229.75116088045698
2025-11-14T13:23:30,1763106810000,NIFTY,2025-11-14T13:35:30,1763107530000,12,,hybrid,221.40032134241537,226.57392002654257,227.70863146250775
2025-11-14T13:23:30,1763106810000,NIFTY,2025-11-14T13:36:30,1763107590000,13,,hybrid,222.39483509347014,226.11006017747405,227.90148111137168
2025-11-14T13:23:30,1763106810000,NIFTY,2025-11-14T13:37:30,1763107650000,14,,hybrid,222.1193423910309,226.38853580390412,228.5681590157872
2025-11-14T13:23:30,1763106810000,NIFTY,2025-11-14T13:38:30,1763107710000,15,,hybrid,224.1238691288057,226.74739364508204,230.66898211426854
2025-11-14T13:23:30,1763106810000,NIFTY,2025-11-14T13:39:30,1763107770000,16,,hybrid,222.12662088406617,226.4418778434354,230.6204441659941
2025-11-14T13:23:30,1763106810000,NIFTY,2025-11-14T13:40:30,1763107830000,17,,hybrid,222.1901048184077,226.34500651174466,230.7928134451231
2025-11-14T13:23:30,1763106810000,NIFTY,2025-11-14T13:41:30,1763107890000,18,,hybrid,223.36260821899072,225.99258701033875,229.4610496870941
2025-11-14T13:23:30,1763106810000,NIFTY,2025-11-14T13:42:30,1763107950000,19,,hybrid,222.53959571466888,226.17306660644815,229.66999566329324
2025-11-14T13:23:30,1763106810000,NIFTY,2025-11-14T13:43:30,1763108010000,20,,hybrid,223.38167199060535,225.98105858002867,230.9927879699355
2025-11-14T13:23:30,1763106810000,NIFTY,2025-11-14T13:44:30,1763108070000,21,,hybrid,223.60712354367735,225.86042969731153,231.7139123004146
2025-11-14T13:23:30,1763106810000,NIFTY,2025-11-14T13:45:30,1763108130000,22,,hybrid,223.55848529849555,225.86042969731153,231.7408234656291
2025-11-14T13:23:30,1763106810000,NIFTY,2025-11-14T13:46:30,1763108190000,23,,hybrid,223.75049275594927,225.1983101085297,230.0496777656176
2025-11-14T13:23:30,1763106810000,NIFTY,2025-11-14T13:47:30,1763108250000,24,,hybrid,224.32182362155126,225.3327573162437,228.10024541067963
2025-11-14T13:23:30,1763106810000,NIFTY,2025-11-14T13:48:30,1763108310000,25,,hybrid,224.220665377216,225.44867002939057,227.87286292695
2025-11-14T13:23:30,1763106810000,NIFTY,2025-11-14T13:49:30,1763108370000,26,,hybrid,224.31699753315226,225.2613612526779,227.99237836561258
2025-11-14T13:23:30,1763106810000,NIFTY,2025-11-14T13:50:30,1763108430000,27,,hybrid,224.35024762233462,225.21302647435078,228.4156821148171
2025-11-14T13:23:30,1763106810000,NIFTY,2025-11-14T13:51:30,1763108490000,28,,hybrid,223.27370614831673,224.964435552368,228.4133775201167
2025-11-14T13:23:30,1763106810000,NIFTY,2025-11-14T13:52:30,1763108550000,29,,hybrid,222.78837077583273,225.02582251301394,228.3697303620354
2025-11-14T13:23:30,1763106810000,NIFTY,2025-11-14T13:53:30,1763108610000,30,,hybrid,222.7094330507304,225.23186156994467,228.2897880781336
2025-11-14T13:23:30,1763106810000,NIFTY,2025-11-14T13:54:30,1763108670000,31,,hybrid,222.35335187902936,225.21993882345134,228.66022512635737
2025-11-14T13:23:30,1763106810000,NIFTY,2025-11-14T13:55:30,1763108730000,32,,hybrid,222.62299293357916,224.9595799639899,228.24047874094785
2025-11-14T13:23:30,1763106810000,NIFTY,2025-11-14T13:56:30,1763108790000,33,,hybrid,222.15211663327273,225.01354512088477,227.83221269177787
2025-11-14T13:23:30,1763106810000,NIFTY,2025-11-14T13:57:30,1763108850000,34,,hybrid,222.06255367158184,224.99361798481343,227.61534457207492
2025-11-14T13:23:30,1763106810000,NIFTY,2025-11-14T13:58:30,1763108910000,35,,hybrid,221.89331820268467,224.97515835597417,227.59572614589817
2025-11-14T13:23:30,1763106810000,NIFTY,2025-11-14T13:59:30,1763108970000,36,,hybrid,222.54312019394285,225.11443145499234,227.1487195957016
2025-11-14T13:23:30,1763106810000,NIFTY,2025-11-14T14:00:30,1763109030000,37,,hybrid,223.39751169948553,225.00516654978654,227.06611003552854
2025-11-14T13:23:30,1763106810000,NIFTY,2025-11-14T14:01:30,1763109090000,38,,hybrid,223.42771750113747,225.4555163638917,230.15837217111994
2025-11-14T13:23:30,1763106810000,NIFTY,2025-11-14T14:02:30,1763109150000,39,,hybrid,223.12994960908446,225.24369556985118,230.08431266833023
2025-11-14T13:23:30,1763106810000,NIFTY,2025-11-14T14:03:30,1763109210000,40,,hybrid,222.41585632335153,225.33180044520267,229.96356059720887
2025-11-14T13:23:30,1763106810000,NIFTY,2025-11-14T14:04:30,1763109270000,41,,hybrid,223.3301979891492,224.92064436022912,228.69169956416746
2025-11-14T13:23:30,1763106810000,NIFTY,2025-11-14T14:05:30,1763109330000,42,,hybrid,222.36707180851016,225.21432727806737,228.12741741984843
2025-11-14T13:23:30,1763106810000,NIFTY,2025-11-14T14:06:30,1763109390000,43,,hybrid,222.5613161700113,225.65235847646395,229.4518444889595
2025-11-14T13:23:30,1763106810000,NIFTY,2025-11-14T14:07:30,1763109450000,44,,hybrid,222.4926790470737,225.54988773331831,229.163503821204
2025-11-14T13:23:30,1763106810000,NIFTY,2025-11-14T14:08:30,1763109510000,45,,hybrid,222.31647573171807,225.45931113213706,228.87567784748313
2025-11-14T13:23:30,1763106810000,NIFTY,2025-11-14T14:09:30,1763109570000,46,,hybrid,222.52206323750684,225.53737848768944,228.90467396158914
2025-11-14T13:23:30,1763106810000,NIFTY,2025-11-14T14:10:30,1763109630000,47,,hybrid,221.60597556660196,225.7603559096195,230.18626857777073
2025-11-14T13:23:30,1763106810000,NIFTY,2025-11-14T14:11:30,1763109690000,48,,hybrid,222.26330562988636,225.43277831258044,230.0722794119746
2025-11-14T13:23:30,1763106810000,NIFTY,2025-11-14T14:12:30,1763109750000,49,,hybrid,221.50844407262375,225.37422360221152,228.02232129238982
2025-11-14T13:23:30,1763106810000,NIFTY,2025-11-14T14:13:30,1763109810000,50,,hybrid,221.23020458134943,225.44741699017268,228.08905946325103
2025-11-14T13:23:30,1763106810000,NIFTY,2025-11-14T14:14:30,1763109870000,51,,hybrid,220.96144447709102,225.18153437782226,228.40979265952393
2025-11-14T13:23:30,1763106810000,NIFTY,2025-11-14T14:15:30,1763109930000,52,,hybrid,221.21885598691878,224.95001265201293,227.77598017991951
2025-11-14T13:23:30,1763106810000,NIFTY,2025-11-14T14:16:30,1763109990000,53,,hybrid,221.02286556293438,225.18495898628356,227.92147265469185
2025-11-14T13:23:30,1763106810000,NIFTY,2025-11-14T14:17:30,1763110050000,54,,hybrid,220.94140555589075,225.39053702877032,229.65569588123464
2025-11-14T13:23:30,1763106810000,NIFTY,2025-11-14T14:18:30,1763110110000,55,,hybrid,221.03758318917744,225.3758528828784,229.39521722351785
2025-11-14T13:23:30,1763106810000,NIFTY,2025-11-14T14:19:30,1763110170000,56,,hybrid,220.8140700493481,225.09685411093207,229.3603202671404
2025-11-14T13:23:30,1763106810000,NIFTY,2025-11-14T14:20:30,1763110230000,57,,hybrid,221.18323433537725,225.2290114239593,228.81689671657227
2025-11-14T13:23:30,1763106810000,NIFTY,2025-11-14T14:21:30,1763110290000,58,,hybrid,220.82960321789062,224.8912760684453,229.09468694644303
2025-11-14T13:23:30,1763106810000,NIFTY,2025-11-14T14:22:30,1763110350000,59,,hybrid,219.20158078129174,224.84722363076955,228.76595837096207
2025-11-14T13:23:30,1763106810000,NIFTY,2025-11-14T14:23:30,1763110410000,60,,hybrid,220.02271733918295,224.86190777666147,228.177922359425
