gen_time_iso,gen_ms,index,target_time_iso,target_ms,horizon_min,q10,q50,q90
2025-11-07T09:47:00,1762489020000,FINNIFTY,2025-11-07T09:48:00,1762489080000,1,533.0829123250268,645.3,823.50851865654
2025-11-07T09:47:00,1762489020000,FINNIFTY,2025-11-07T09:49:00,1762489140000,2,473.24880553578816,643.9404183993181,838.5888151497966
2025-11-07T09:47:00,1762489020000,FINNIFTY,2025-11-07T09:50:00,1762489200000,3,512.6108750643293,680.9585620936509,831.0984738922562
2025-11-07T09:47:00,1762489020000,FINNIFTY,2025-11-07T09:51:00,1762489260000,4,477.11932499466263,712.7202288812709,825.9971392039263
2025-11-07T09:47:00,1762489020000,FINNIFTY,2025-11-07T09:52:00,1762489320000,5,490.8796930394442,742.1734811303324,878.9581196214524
2025-11-07T09:47:00,1762489020000,FINNIFTY,2025-11-07T09:53:00,1762489380000,6,496.69694409754976,694.2852504961372,893.4561215177332
2025-11-07T09:47:00,1762489020000,FINNIFTY,2025-11-07T09:54:00,1762489440000,7,481.8877790228708,723.8602069013377,803.0105518891373
2025-11-07T09:47:00,1762489020000,FINNIFTY,2025-11-07T09:55:00,1762489500000,8,478.40036994378005,747.6617939237774,854.260592472574
2025-11-07T09:47:00,1762489020000,FINNIFTY,2025-11-07T09:56:00,1762489560000,9,500.3361827281806,633.9359841218354,818.6962674062452
2025-11-07T09:47:00,1762489020000,FINNIFTY,2025-11-07T09:57:00,1762489620000,10,513.092324414527,626.4262941637329,818.3105028769191
2025-11-07T09:47:00,1762489020000,FINNIFTY,2025-11-07T09:58:00,1762489680000,11,498.46464718367974,656.1747377615095,930.6717012537831
2025-11-07T09:47:00,1762489020000,FINNIFTY,2025-11-07T09:59:00,1762489740000,12,594.7512551982268,665.2564392948216,955.9747312783218
2025-11-07T09:47:00,1762489020000,FINNIFTY,2025-11-07T10:00:00,1762489800000,13,522.7584453139624,682.1403272420789,826.6237636428573
2025-11-07T09:47:00,1762489020000,FINNIFTY,2025-11-07T10:01:00,1762489860000,14,547.7946954110106,704.4781769979747,924.4963160498005
2025-11-07T09:47:00,1762489020000,FINNIFTY,2025-11-07T10:02:00,1762489920000,15,564.7635929679207,653.908618477494,741.4701121436913
2025-11-07T09:47:00,1762489020000,FINNIFTY,2025-11-07T10:03:00,1762489980000,16,574.0237539335235,651.1837110975796,702.1305862081354
2025-11-07T09:47:00,1762489020000,FINNIFTY,2025-11-07T10:04:00,1762490040000,17,603.3421785336776,660.8327042493565,766.9454222391225
2025-11-07T09:47:00,1762489020000,FINNIFTY,2025-11-07T10:05:00,1762490100000,18,595.1477367733983,646.7322684856457,842.2692929973916
2025-11-07T09:47:00,1762489020000,FINNIFTY,2025-11-07T10:06:00,1762490160000,19,420.9883092035474,654.8675129933295,958.5081288662957
2025-11-07T09:47:00,1762489020000,FINNIFTY,2025-11-07T10:07:00,1762490220000,20,377.5366172488975,676.3597278076322,780.0389216025658
2025-11-07T09:47:00,1762489020000,FINNIFTY,2025-11-07T10:08:00,1762490280000,21,443.31744323866747,686.4456281006605,874.8684667971638
2025-11-07T09:47:00,1762489020000,FINNIFTY,2025-11-07T10:09:00,1762490340000,22,448.9852796452545,704.7056868153406,870.7771207792116
2025-11-07T09:47:00,1762489020000,FINNIFTY,2025-11-07T10:10:00,1762490400000,23,443.31583131142344,655.9981026911837,843.98549870899
2025-11-07T09:47:00,1762489020000,FINNIFTY,2025-11-07T10:11:00,1762490460000,24,443.3994529798194,667.6644475087032,845.1156020111559
2025-11-07T09:47:00,1762489020000,FINNIFTY,2025-11-07T10:12:00,1762490520000,25,371.51440126406374,705.9078893672038,806.7897848645089
2025-11-07T09:47:00,1762489020000,FINNIFTY,2025-11-07T10:13:00,1762490580000,26,375.27020565379615,655.6174770000589,816.7809615267561
2025-11-07T09:47:00,1762489020000,FINNIFTY,2025-11-07T10:14:00,1762490640000,27,299.2178942791063,650.9044504614733,830.9120336626286
2025-11-07T09:47:00,1762489020000,FINNIFTY,2025-11-07T10:15:00,1762490700000,28,289.55028938756413,656.1766459272128,881.7722016616269
2025-11-07T09:47:00,1762489020000,FINNIFTY,2025-11-07T10:16:00,1762490760000,29,85.17922311362031,736.6164504296362,879.819246605648
2025-11-07T09:47:00,1762489020000,FINNIFTY,2025-11-07T10:17:00,1762490820000,30,42.92726481084935,714.7475949409557,881.9092761056211
2025-11-07T09:47:00,1762489020000,FINNIFTY,2025-11-07T10:18:00,1762490880000,31,61.15357417642622,703.887202782598,837.124261723779
2025-11-07T09:47:00,1762489020000,FINNIFTY,2025-11-07T10:19:00,1762490940000,32,22.27763256451567,675.5067985364344,920.9217859238274
2025-11-07T09:47:00,1762489020000,FINNIFTY,2025-11-07T10:20:00,1762491000000,33,0.0,677.7184033583239,889.1267196896847
2025-11-07T09:47:00,1762489020000,FINNIFTY,2025-11-07T10:21:00,1762491060000,34,0.0,630.0074842249592,893.9358440666565
2025-11-07T09:47:00,1762489020000,FINNIFTY,2025-11-07T10:22:00,1762491120000,35,0.0,677.5606602928976,1016.6917812054132
2025-11-07T09:47:00,1762489020000,FINNIFTY,2025-11-07T10:23:00,1762491180000,36,0.0,640.5725855650435,1027.4687584296114
2025-11-07T09:47:00,1762489020000,FINNIFTY,2025-11-07T10:24:00,1762491240000,37,0.0,632.1975428117689,1101.8078893792947
2025-11-07T09:47:00,1762489020000,FINNIFTY,2025-11-07T10:25:00,1762491300000,38,0.0,667.8981938959946,1098.8294834474962
2025-11-07T09:47:00,1762489020000,FINNIFTY,2025-11-07T10:26:00,1762491360000,39,37.243591128529715,651.115007684685,938.6624160545477
2025-11-07T09:47:00,1762489020000,FINNIFTY,2025-11-07T10:27:00,1762491420000,40,335.6163715228706,603.925727062414,947.7830378046344
2025-11-07T09:47:00,1762489020000,FINNIFTY,2025-11-07T10:28:00,1762491480000,41,322.78155596938205,713.7382285999192,933.3596769493479
2025-11-07T09:47:00,1762489020000,FINNIFTY,2025-11-07T10:29:00,1762491540000,42,0.0,668.7310599156442,865.5197568846966
2025-11-07T09:47:00,1762489020000,FINNIFTY,2025-11-07T10:30:00,1762491600000,43,0.0,657.4002013506922,840.3129730198752
2025-11-07T09:47:00,1762489020000,FINNIFTY,2025-11-07T10:31:00,1762491660000,44,42.33063249548445,704.3028950947848,835.2218602966593
2025-11-07T09:47:00,1762489020000,FINNIFTY,2025-11-07T10:32:00,1762491720000,45,0.0,680.1940308422977,813.2971907037827
2025-11-07T09:47:00,1762489020000,FINNIFTY,2025-11-07T10:33:00,1762491780000,46,26.145645162845767,618.5397155431449,807.605703155438
2025-11-07T09:47:00,1762489020000,FINNIFTY,2025-11-07T10:34:00,1762491840000,47,30.469401463534155,623.5820966747576,861.4938330420623
2025-11-07T09:47:00,1762489020000,FINNIFTY,2025-11-07T10:35:00,1762491900000,48,0.0,666.4231416672528,805.4316008940405
2025-11-07T09:47:00,1762489020000,FINNIFTY,2025-11-07T10:36:00,1762491960000,49,63.38808401377378,607.4107097922172,787.8963619386636
2025-11-07T09:47:00,1762489020000,FINNIFTY,2025-11-07T10:37:00,1762492020000,50,84.76728662105404,639.0521543174693,832.893287239822
2025-11-07T09:47:00,1762489020000,FINNIFTY,2025-11-07T10:38:00,1762492080000,51,0.0,640.0693626279683,839.0688168026143
2025-11-07T09:47:00,1762489020000,FINNIFTY,2025-11-07T10:39:00,1762492140000,52,0.0,665.0188176969468,1105.8666665209778
2025-11-07T09:47:00,1762489020000,FINNIFTY,2025-11-07T10:40:00,1762492200000,53,0.0,670.6506750239971,891.390577640497
2025-11-07T09:47:00,1762489020000,FINNIFTY,2025-11-07T10:41:00,1762492260000,54,38.21181849372465,688.2130901167877,914.9695384338286
2025-11-07T09:47:00,1762489020000,FINNIFTY,2025-11-07T10:42:00,1762492320000,55,29.397800478646445,656.8166605245196,828.1424428307523
2025-11-07T09:47:00,1762489020000,FINNIFTY,2025-11-07T10:43:00,1762492380000,56,24.536128750136186,702.9211211337815,817.4897301729538
2025-11-07T09:47:00,1762489020000,FINNIFTY,2025-11-07T10:44:00,1762492440000,57,33.33563404761355,644.7991456211001,871.0067979857938
2025-11-07T09:47:00,1762489020000,FINNIFTY,2025-11-07T10:45:00,1762492500000,58,40.3571568519784,612.2681446997211,844.8962158410866
2025-11-07T09:47:00,1762489020000,FINNIFTY,2025-11-07T10:46:00,1762492560000,59,0.0,605.3667136822128,867.5479873492809
2025-11-07T09:47:00,1762489020000,FINNIFTY,2025-11-07T10:47:00,1762492620000,60,150.89475755896274,636.4631597555235,854.1270884916023
2025-11-07T09:47:00,1762489020000,FINNIFTY,2025-11-07T09:48:00,1762489080000,1,533.0829123250268,645.3,823.50851865654
2025-11-07T09:47:00,1762489020000,FINNIFTY,2025-11-07T09:49:00,1762489140000,2,473.24880553578816,643.9404183993181,838.5888151497966
2025-11-07T09:47:00,1762489020000,FINNIFTY,2025-11-07T09:50:00,1762489200000,3,512.6108750643293,680.9585620936509,831.0984738922562
2025-11-07T09:47:00,1762489020000,FINNIFTY,2025-11-07T09:51:00,1762489260000,4,477.11932499466263,712.7202288812709,825.9971392039263
2025-11-07T09:47:00,1762489020000,FINNIFTY,2025-11-07T09:52:00,1762489320000,5,490.8796930394442,742.1734811303324,878.9581196214524
2025-11-07T09:47:00,1762489020000,FINNIFTY,2025-11-07T09:53:00,1762489380000,6,496.69694409754976,694.2852504961372,893.4561215177332
2025-11-07T09:47:00,1762489020000,FINNIFTY,2025-11-07T09:54:00,1762489440000,7,481.8877790228708,723.8602069013377,803.0105518891373
2025-11-07T09:47:00,1762489020000,FINNIFTY,2025-11-07T09:55:00,1762489500000,8,478.40036994378005,747.6617939237774,854.260592472574
2025-11-07T09:47:00,1762489020000,FINNIFTY,2025-11-07T09:56:00,1762489560000,9,500.3361827281806,633.9359841218354,818.6962674062452
2025-11-07T09:47:00,1762489020000,FINNIFTY,2025-11-07T09:57:00,1762489620000,10,513.092324414527,626.4262941637329,818.3105028769191
2025-11-07T09:47:00,1762489020000,FINNIFTY,2025-11-07T09:58:00,1762489680000,11,498.46464718367974,656.1747377615095,930.6717012537831
2025-11-07T09:47:00,1762489020000,FINNIFTY,2025-11-07T09:59:00,1762489740000,12,594.7512551982268,665.2564392948216,955.9747312783218
2025-11-07T09:47:00,1762489020000,FINNIFTY,2025-11-07T10:00:00,1762489800000,13,522.7584453139624,682.1403272420789,826.6237636428573
2025-11-07T09:47:00,1762489020000,FINNIFTY,2025-11-07T10:01:00,1762489860000,14,547.7946954110106,704.4781769979747,924.4963160498005
2025-11-07T09:47:00,1762489020000,FINNIFTY,2025-11-07T10:02:00,1762489920000,15,564.7635929679207,653.908618477494,741.4701121436913
2025-11-07T09:47:00,1762489020000,FINNIFTY,2025-11-07T10:03:00,1762489980000,16,574.0237539335235,651.1837110975796,702.1305862081354
2025-11-07T09:47:00,1762489020000,FINNIFTY,2025-11-07T10:04:00,1762490040000,17,603.3421785336776,660.8327042493565,766.9454222391225
2025-11-07T09:47:00,1762489020000,FINNIFTY,2025-11-07T10:05:00,1762490100000,18,595.1477367733983,646.7322684856457,842.2692929973916
2025-11-07T09:47:00,1762489020000,FINNIFTY,2025-11-07T10:06:00,1762490160000,19,420.9883092035474,654.8675129933295,958.5081288662957
2025-11-07T09:47:00,1762489020000,FINNIFTY,2025-11-07T10:07:00,1762490220000,20,377.5366172488975,676.3597278076322,780.0389216025658
2025-11-07T09:47:00,1762489020000,FINNIFTY,2025-11-07T10:08:00,1762490280000,21,443.31744323866747,686.4456281006605,874.8684667971638
2025-11-07T09:47:00,1762489020000,FINNIFTY,2025-11-07T10:09:00,1762490340000,22,448.9852796452545,704.7056868153406,870.7771207792116
2025-11-07T09:47:00,1762489020000,FINNIFTY,2025-11-07T10:10:00,1762490400000,23,443.31583131142344,655.9981026911837,843.98549870899
2025-11-07T09:47:00,1762489020000,FINNIFTY,2025-11-07T10:11:00,1762490460000,24,443.3994529798194,667.6644475087032,845.1156020111559
2025-11-07T09:47:00,1762489020000,FINNIFTY,2025-11-07T10:12:00,1762490520000,25,371.51440126406374,705.9078893672038,806.7897848645089
2025-11-07T09:47:00,1762489020000,FINNIFTY,2025-11-07T10:13:00,1762490580000,26,375.27020565379615,655.6174770000589,816.7809615267561
2025-11-07T09:47:00,1762489020000,FINNIFTY,2025-11-07T10:14:00,1762490640000,27,299.2178942791063,650.9044504614733,830.9120336626286
2025-11-07T09:47:00,1762489020000,FINNIFTY,2025-11-07T10:15:00,1762490700000,28,289.55028938756413,656.1766459272128,881.7722016616269
2025-11-07T09:47:00,1762489020000,FINNIFTY,2025-11-07T10:16:00,1762490760000,29,85.17922311362031,736.6164504296362,879.819246605648
2025-11-07T09:47:00,1762489020000,FINNIFTY,2025-11-07T10:17:00,1762490820000,30,42.92726481084935,714.7475949409557,881.9092761056211
2025-11-07T09:47:00,1762489020000,FINNIFTY,2025-11-07T10:18:00,1762490880000,31,61.15357417642622,703.887202782598,837.124261723779
2025-11-07T09:47:00,1762489020000,FINNIFTY,2025-11-07T10:19:00,1762490940000,32,22.27763256451567,675.5067985364344,920.9217859238274
2025-11-07T09:47:00,1762489020000,FINNIFTY,2025-11-07T10:20:00,1762491000000,33,0.0,677.7184033583239,889.1267196896847
2025-11-07T09:47:00,1762489020000,FINNIFTY,2025-11-07T10:21:00,1762491060000,34,0.0,630.0074842249592,893.9358440666565
2025-11-07T09:47:00,1762489020000,FINNIFTY,2025-11-07T10:22:00,1762491120000,35,0.0,677.5606602928976,1016.6917812054132
2025-11-07T09:47:00,1762489020000,FINNIFTY,2025-11-07T10:23:00,1762491180000,36,0.0,640.5725855650435,1027.4687584296114
2025-11-07T09:47:00,1762489020000,FINNIFTY,2025-11-07T10:24:00,1762491240000,37,0.0,632.1975428117689,1101.8078893792947
2025-11-07T09:47:00,1762489020000,FINNIFTY,2025-11-07T10:25:00,1762491300000,38,0.0,667.8981938959946,1098.8294834474962
2025-11-07T09:47:00,1762489020000,FINNIFTY,2025-11-07T10:26:00,1762491360000,39,37.243591128529715,651.115007684685,938.6624160545477
2025-11-07T09:47:00,1762489020000,FINNIFTY,2025-11-07T10:27:00,1762491420000,40,335.6163715228706,603.925727062414,947.7830378046344
2025-11-07T09:47:00,1762489020000,FINNIFTY,2025-11-07T10:28:00,1762491480000,41,322.78155596938205,713.7382285999192,933.3596769493479
2025-11-07T09:47:00,1762489020000,FINNIFTY,2025-11-07T10:29:00,1762491540000,42,0.0,668.7310599156442,865.5197568846966
2025-11-07T09:47:00,1762489020000,FINNIFTY,2025-11-07T10:30:00,1762491600000,43,0.0,657.4002013506922,840.3129730198752
2025-11-07T09:47:00,1762489020000,FINNIFTY,2025-11-07T10:31:00,1762491660000,44,42.33063249548445,704.3028950947848,835.2218602966593
2025-11-07T09:47:00,1762489020000,FINNIFTY,2025-11-07T10:32:00,1762491720000,45,0.0,680.1940308422977,813.2971907037827
2025-11-07T09:47:00,1762489020000,FINNIFTY,2025-11-07T10:33:00,1762491780000,46,26.145645162845767,618.5397155431449,807.605703155438
2025-11-07T09:47:00,1762489020000,FINNIFTY,2025-11-07T10:34:00,1762491840000,47,30.469401463534155,623.5820966747576,861.4938330420623
2025-11-07T09:47:00,1762489020000,FINNIFTY,2025-11-07T10:35:00,1762491900000,48,0.0,666.4231416672528,805.4316008940405
2025-11-07T09:47:00,1762489020000,FINNIFTY,2025-11-07T10:36:00,1762491960000,49,63.38808401377378,607.4107097922172,787.8963619386636
2025-11-07T09:47:00,1762489020000,FINNIFTY,2025-11-07T10:37:00,1762492020000,50,84.76728662105404,639.0521543174693,832.893287239822
2025-11-07T09:47:00,1762489020000,FINNIFTY,2025-11-07T10:38:00,1762492080000,51,0.0,640.0693626279683,839.0688168026143
2025-11-07T09:47:00,1762489020000,FINNIFTY,2025-11-07T10:39:00,1762492140000,52,0.0,665.0188176969468,1105.8666665209778
2025-11-07T09:47:00,1762489020000,FINNIFTY,2025-11-07T10:40:00,1762492200000,53,0.0,670.6506750239971,891.390577640497
2025-11-07T09:47:00,1762489020000,FINNIFTY,2025-11-07T10:41:00,1762492260000,54,38.21181849372465,688.2130901167877,914.9695384338286
2025-11-07T09:47:00,1762489020000,FINNIFTY,2025-11-07T10:42:00,1762492320000,55,29.397800478646445,656.8166605245196,828.1424428307523
2025-11-07T09:47:00,1762489020000,FINNIFTY,2025-11-07T10:43:00,1762492380000,56,24.536128750136186,702.9211211337815,817.4897301729538
2025-11-07T09:47:00,1762489020000,FINNIFTY,2025-11-07T10:44:00,1762492440000,57,33.33563404761355,644.7991456211001,871.0067979857938
2025-11-07T09:47:00,1762489020000,FINNIFTY,2025-11-07T10:45:00,1762492500000,58,40.3571568519784,612.2681446997211,844.8962158410866
2025-11-07T09:47:00,1762489020000,FINNIFTY,2025-11-07T10:46:00,1762492560000,59,0.0,605.3667136822128,867.5479873492809
2025-11-07T09:47:00,1762489020000,FINNIFTY,2025-11-07T10:47:00,1762492620000,60,150.89475755896274,636.4631597555235,854.1270884916023
2025-11-07T09:47:00,1762489020000,FINNIFTY,2025-11-07T09:48:00,1762489080000,1,533.0829123250268,645.3,823.50851865654
2025-11-07T09:47:00,1762489020000,FINNIFTY,2025-11-07T09:49:00,1762489140000,2,473.24880553578816,643.9404183993181,838.5888151497966
2025-11-07T09:47:00,1762489020000,FINNIFTY,2025-11-07T09:50:00,1762489200000,3,512.6108750643293,680.9585620936509,831.0984738922562
2025-11-07T09:47:00,1762489020000,FINNIFTY,2025-11-07T09:51:00,1762489260000,4,477.11932499466263,712.7202288812709,825.9971392039263
2025-11-07T09:47:00,1762489020000,FINNIFTY,2025-11-07T09:52:00,1762489320000,5,490.8796930394442,742.1734811303324,878.9581196214524
2025-11-07T09:47:00,1762489020000,FINNIFTY,2025-11-07T09:53:00,1762489380000,6,496.69694409754976,694.2852504961372,893.4561215177332
2025-11-07T09:47:00,1762489020000,FINNIFTY,2025-11-07T09:54:00,1762489440000,7,481.8877790228708,723.8602069013377,803.0105518891373
2025-11-07T09:47:00,1762489020000,FINNIFTY,2025-11-07T09:55:00,1762489500000,8,478.40036994378005,747.6617939237774,854.260592472574
2025-11-07T09:47:00,1762489020000,FINNIFTY,2025-11-07T09:56:00,1762489560000,9,500.3361827281806,633.9359841218354,818.6962674062452
2025-11-07T09:47:00,1762489020000,FINNIFTY,2025-11-07T09:57:00,1762489620000,10,513.092324414527,626.4262941637329,818.3105028769191
2025-11-07T09:47:00,1762489020000,FINNIFTY,2025-11-07T09:58:00,1762489680000,11,498.46464718367974,656.1747377615095,930.6717012537831
2025-11-07T09:47:00,1762489020000,FINNIFTY,2025-11-07T09:59:00,1762489740000,12,594.7512551982268,665.2564392948216,955.9747312783218
2025-11-07T09:47:00,1762489020000,FINNIFTY,2025-11-07T10:00:00,1762489800000,13,522.7584453139624,682.1403272420789,826.6237636428573
2025-11-07T09:47:00,1762489020000,FINNIFTY,2025-11-07T10:01:00,1762489860000,14,547.7946954110106,704.4781769979747,924.4963160498005
2025-11-07T09:47:00,1762489020000,FINNIFTY,2025-11-07T10:02:00,1762489920000,15,564.7635929679207,653.908618477494,741.4701121436913
2025-11-07T09:47:00,1762489020000,FINNIFTY,2025-11-07T10:03:00,1762489980000,16,574.0237539335235,651.1837110975796,702.1305862081354
2025-11-07T09:47:00,1762489020000,FINNIFTY,2025-11-07T10:04:00,1762490040000,17,603.3421785336776,660.8327042493565,766.9454222391225
2025-11-07T09:47:00,1762489020000,FINNIFTY,2025-11-07T10:05:00,1762490100000,18,595.1477367733983,646.7322684856457,842.2692929973916
2025-11-07T09:47:00,1762489020000,FINNIFTY,2025-11-07T10:06:00,1762490160000,19,420.9883092035474,654.8675129933295,958.5081288662957
2025-11-07T09:47:00,1762489020000,FINNIFTY,2025-11-07T10:07:00,1762490220000,20,377.5366172488975,676.3597278076322,780.0389216025658
2025-11-07T09:47:00,1762489020000,FINNIFTY,2025-11-07T10:08:00,1762490280000,21,443.31744323866747,686.4456281006605,874.8684667971638
2025-11-07T09:47:00,1762489020000,FINNIFTY,2025-11-07T10:09:00,1762490340000,22,448.9852796452545,704.7056868153406,870.7771207792116
2025-11-07T09:47:00,1762489020000,FINNIFTY,2025-11-07T10:10:00,1762490400000,23,443.31583131142344,655.9981026911837,843.98549870899
2025-11-07T09:47:00,1762489020000,FINNIFTY,2025-11-07T10:11:00,1762490460000,24,443.3994529798194,667.6644475087032,845.1156020111559
2025-11-07T09:47:00,1762489020000,FINNIFTY,2025-11-07T10:12:00,1762490520000,25,371.51440126406374,705.9078893672038,806.7897848645089
2025-11-07T09:47:00,1762489020000,FINNIFTY,2025-11-07T10:13:00,1762490580000,26,375.27020565379615,655.6174770000589,816.7809615267561
2025-11-07T09:47:00,1762489020000,FINNIFTY,2025-11-07T10:14:00,1762490640000,27,299.2178942791063,650.9044504614733,830.9120336626286
2025-11-07T09:47:00,1762489020000,FINNIFTY,2025-11-07T10:15:00,1762490700000,28,289.55028938756413,656.1766459272128,881.7722016616269
2025-11-07T09:47:00,1762489020000,FINNIFTY,2025-11-07T10:16:00,1762490760000,29,85.17922311362031,736.6164504296362,879.819246605648
2025-11-07T09:47:00,1762489020000,FINNIFTY,2025-11-07T10:17:00,1762490820000,30,42.92726481084935,714.7475949409557,881.9092761056211
2025-11-07T09:47:00,1762489020000,FINNIFTY,2025-11-07T10:18:00,1762490880000,31,61.15357417642622,703.887202782598,837.124261723779
2025-11-07T09:47:00,1762489020000,FINNIFTY,2025-11-07T10:19:00,1762490940000,32,22.27763256451567,675.5067985364344,920.9217859238274
2025-11-07T09:47:00,1762489020000,FINNIFTY,2025-11-07T10:20:00,1762491000000,33,0.0,677.7184033583239,889.1267196896847
2025-11-07T09:47:00,1762489020000,FINNIFTY,2025-11-07T10:21:00,1762491060000,34,0.0,630.0074842249592,893.9358440666565
2025-11-07T09:47:00,1762489020000,FINNIFTY,2025-11-07T10:22:00,1762491120000,35,0.0,677.5606602928976,1016.6917812054132
2025-11-07T09:47:00,1762489020000,FINNIFTY,2025-11-07T10:23:00,1762491180000,36,0.0,640.5725855650435,1027.4687584296114
2025-11-07T09:47:00,1762489020000,FINNIFTY,2025-11-07T10:24:00,1762491240000,37,0.0,632.1975428117689,1101.8078893792947
2025-11-07T09:47:00,1762489020000,FINNIFTY,2025-11-07T10:25:00,1762491300000,38,0.0,667.8981938959946,1098.8294834474962
2025-11-07T09:47:00,1762489020000,FINNIFTY,2025-11-07T10:26:00,1762491360000,39,37.243591128529715,651.115007684685,938.6624160545477
2025-11-07T09:47:00,1762489020000,FINNIFTY,2025-11-07T10:27:00,1762491420000,40,335.6163715228706,603.925727062414,947.7830378046344
2025-11-07T09:47:00,1762489020000,FINNIFTY,2025-11-07T10:28:00,1762491480000,41,322.78155596938205,713.7382285999192,933.3596769493479
2025-11-07T09:47:00,1762489020000,FINNIFTY,2025-11-07T10:29:00,1762491540000,42,0.0,668.7310599156442,865.5197568846966
2025-11-07T09:47:00,1762489020000,FINNIFTY,2025-11-07T10:30:00,1762491600000,43,0.0,657.4002013506922,840.3129730198752
2025-11-07T09:47:00,1762489020000,FINNIFTY,2025-11-07T10:31:00,1762491660000,44,42.33063249548445,704.3028950947848,835.2218602966593
2025-11-07T09:47:00,1762489020000,FINNIFTY,2025-11-07T10:32:00,1762491720000,45,0.0,680.1940308422977,813.2971907037827
2025-11-07T09:47:00,1762489020000,FINNIFTY,2025-11-07T10:33:00,1762491780000,46,26.145645162845767,618.5397155431449,807.605703155438
2025-11-07T09:47:00,1762489020000,FINNIFTY,2025-11-07T10:34:00,1762491840000,47,30.469401463534155,623.5820966747576,861.4938330420623
2025-11-07T09:47:00,1762489020000,FINNIFTY,2025-11-07T10:35:00,1762491900000,48,0.0,666.4231416672528,805.4316008940405
2025-11-07T09:47:00,1762489020000,FINNIFTY,2025-11-07T10:36:00,1762491960000,49,63.38808401377378,607.4107097922172,787.8963619386636
2025-11-07T09:47:00,1762489020000,FINNIFTY,2025-11-07T10:37:00,1762492020000,50,84.76728662105404,639.0521543174693,832.893287239822
2025-11-07T09:47:00,1762489020000,FINNIFTY,2025-11-07T10:38:00,1762492080000,51,0.0,640.0693626279683,839.0688168026143
2025-11-07T09:47:00,1762489020000,FINNIFTY,2025-11-07T10:39:00,1762492140000,52,0.0,665.0188176969468,1105.8666665209778
2025-11-07T09:47:00,1762489020000,FINNIFTY,2025-11-07T10:40:00,1762492200000,53,0.0,670.6506750239971,891.390577640497
2025-11-07T09:47:00,1762489020000,FINNIFTY,2025-11-07T10:41:00,1762492260000,54,38.21181849372465,688.2130901167877,914.9695384338286
2025-11-07T09:47:00,1762489020000,FINNIFTY,2025-11-07T10:42:00,1762492320000,55,29.397800478646445,656.8166605245196,828.1424428307523
2025-11-07T09:47:00,1762489020000,FINNIFTY,2025-11-07T10:43:00,1762492380000,56,24.536128750136186,702.9211211337815,817.4897301729538
2025-11-07T09:47:00,1762489020000,FINNIFTY,2025-11-07T10:44:00,1762492440000,57,33.33563404761355,644.7991456211001,871.0067979857938
2025-11-07T09:47:00,1762489020000,FINNIFTY,2025-11-07T10:45:00,1762492500000,58,40.3571568519784,612.2681446997211,844.8962158410866
2025-11-07T09:47:00,1762489020000,FINNIFTY,2025-11-07T10:46:00,1762492560000,59,0.0,605.3667136822128,867.5479873492809
2025-11-07T09:47:00,1762489020000,FINNIFTY,2025-11-07T10:47:00,1762492620000,60,150.89475755896274,636.4631597555235,854.1270884916023
2025-11-07T09:47:00,1762489020000,FINNIFTY,2025-11-07T09:48:00,1762489080000,1,533.0829123250268,645.3,823.50851865654
2025-11-07T09:47:00,1762489020000,FINNIFTY,2025-11-07T09:49:00,1762489140000,2,473.24880553578816,643.9404183993181,838.5888151497966
2025-11-07T09:47:00,1762489020000,FINNIFTY,2025-11-07T09:50:00,1762489200000,3,512.6108750643293,680.9585620936509,831.0984738922562
2025-11-07T09:47:00,1762489020000,FINNIFTY,2025-11-07T09:51:00,1762489260000,4,477.11932499466263,712.7202288812709,825.9971392039263
2025-11-07T09:47:00,1762489020000,FINNIFTY,2025-11-07T09:52:00,1762489320000,5,490.8796930394442,742.1734811303324,878.9581196214524
2025-11-07T09:47:00,1762489020000,FINNIFTY,2025-11-07T09:53:00,1762489380000,6,496.69694409754976,694.2852504961372,893.4561215177332
2025-11-07T09:47:00,1762489020000,FINNIFTY,2025-11-07T09:54:00,1762489440000,7,481.8877790228708,723.8602069013377,803.0105518891373
2025-11-07T09:47:00,1762489020000,FINNIFTY,2025-11-07T09:55:00,1762489500000,8,478.40036994378005,747.6617939237774,854.260592472574
2025-11-07T09:47:00,1762489020000,FINNIFTY,2025-11-07T09:56:00,1762489560000,9,500.3361827281806,633.9359841218354,818.6962674062452
2025-11-07T09:47:00,1762489020000,FINNIFTY,2025-11-07T09:57:00,1762489620000,10,513.092324414527,626.4262941637329,818.3105028769191
2025-11-07T09:47:00,1762489020000,FINNIFTY,2025-11-07T09:58:00,1762489680000,11,498.46464718367974,656.1747377615095,930.6717012537831
2025-11-07T09:47:00,1762489020000,FINNIFTY,2025-11-07T09:59:00,1762489740000,12,594.7512551982268,665.2564392948216,955.9747312783218
2025-11-07T09:47:00,1762489020000,FINNIFTY,2025-11-07T10:00:00,1762489800000,13,522.7584453139624,682.1403272420789,826.6237636428573
2025-11-07T09:47:00,1762489020000,FINNIFTY,2025-11-07T10:01:00,1762489860000,14,547.7946954110106,704.4781769979747,924.4963160498005
2025-11-07T09:47:00,1762489020000,FINNIFTY,2025-11-07T10:02:00,1762489920000,15,564.7635929679207,653.908618477494,741.4701121436913
2025-11-07T09:47:00,1762489020000,FINNIFTY,2025-11-07T10:03:00,1762489980000,16,574.0237539335235,651.1837110975796,702.1305862081354
2025-11-07T09:47:00,1762489020000,FINNIFTY,2025-11-07T10:04:00,1762490040000,17,603.3421785336776,660.8327042493565,766.9454222391225
2025-11-07T09:47:00,1762489020000,FINNIFTY,2025-11-07T10:05:00,1762490100000,18,595.1477367733983,646.7322684856457,842.2692929973916
2025-11-07T09:47:00,1762489020000,FINNIFTY,2025-11-07T10:06:00,1762490160000,19,420.9883092035474,654.8675129933295,958.5081288662957
2025-11-07T09:47:00,1762489020000,FINNIFTY,2025-11-07T10:07:00,1762490220000,20,377.5366172488975,676.3597278076322,780.0389216025658
2025-11-07T09:47:00,1762489020000,FINNIFTY,2025-11-07T10:08:00,1762490280000,21,443.31744323866747,686.4456281006605,874.8684667971638
2025-11-07T09:47:00,1762489020000,FINNIFTY,2025-11-07T10:09:00,1762490340000,22,448.9852796452545,704.7056868153406,870.7771207792116
2025-11-07T09:47:00,1762489020000,FINNIFTY,2025-11-07T10:10:00,1762490400000,23,443.31583131142344,655.9981026911837,843.98549870899
2025-11-07T09:47:00,1762489020000,FINNIFTY,2025-11-07T10:11:00,1762490460000,24,443.3994529798194,667.6644475087032,845.1156020111559
2025-11-07T09:47:00,1762489020000,FINNIFTY,2025-11-07T10:12:00,1762490520000,25,371.51440126406374,705.9078893672038,806.7897848645089
2025-11-07T09:47:00,1762489020000,FINNIFTY,2025-11-07T10:13:00,1762490580000,26,375.27020565379615,655.6174770000589,816.7809615267561
2025-11-07T09:47:00,1762489020000,FINNIFTY,2025-11-07T10:14:00,1762490640000,27,299.2178942791063,650.9044504614733,830.9120336626286
2025-11-07T09:47:00,1762489020000,FINNIFTY,2025-11-07T10:15:00,1762490700000,28,289.55028938756413,656.1766459272128,881.7722016616269
2025-11-07T09:47:00,1762489020000,FINNIFTY,2025-11-07T10:16:00,1762490760000,29,85.17922311362031,736.6164504296362,879.819246605648
2025-11-07T09:47:00,1762489020000,FINNIFTY,2025-11-07T10:17:00,1762490820000,30,42.92726481084935,714.7475949409557,881.9092761056211
2025-11-07T09:47:00,1762489020000,FINNIFTY,2025-11-07T10:18:00,1762490880000,31,61.15357417642622,703.887202782598,837.124261723779
2025-11-07T09:47:00,1762489020000,FINNIFTY,2025-11-07T10:19:00,1762490940000,32,22.27763256451567,675.5067985364344,920.9217859238274
2025-11-07T09:47:00,1762489020000,FINNIFTY,2025-11-07T10:20:00,1762491000000,33,0.0,677.7184033583239,889.1267196896847
2025-11-07T09:47:00,1762489020000,FINNIFTY,2025-11-07T10:21:00,1762491060000,34,0.0,630.0074842249592,893.9358440666565
2025-11-07T09:47:00,1762489020000,FINNIFTY,2025-11-07T10:22:00,1762491120000,35,0.0,677.5606602928976,1016.6917812054132
2025-11-07T09:47:00,1762489020000,FINNIFTY,2025-11-07T10:23:00,1762491180000,36,0.0,640.5725855650435,1027.4687584296114
2025-11-07T09:47:00,1762489020000,FINNIFTY,2025-11-07T10:24:00,1762491240000,37,0.0,632.1975428117689,1101.8078893792947
2025-11-07T09:47:00,1762489020000,FINNIFTY,2025-11-07T10:25:00,1762491300000,38,0.0,667.8981938959946,1098.8294834474962
2025-11-07T09:47:00,1762489020000,FINNIFTY,2025-11-07T10:26:00,1762491360000,39,37.243591128529715,651.115007684685,938.6624160545477
2025-11-07T09:47:00,1762489020000,FINNIFTY,2025-11-07T10:27:00,1762491420000,40,335.6163715228706,603.925727062414,947.7830378046344
2025-11-07T09:47:00,1762489020000,FINNIFTY,2025-11-07T10:28:00,1762491480000,41,322.78155596938205,713.7382285999192,933.3596769493479
2025-11-07T09:47:00,1762489020000,FINNIFTY,2025-11-07T10:29:00,1762491540000,42,0.0,668.7310599156442,865.5197568846966
2025-11-07T09:47:00,1762489020000,FINNIFTY,2025-11-07T10:30:00,1762491600000,43,0.0,657.4002013506922,840.3129730198752
2025-11-07T09:47:00,1762489020000,FINNIFTY,2025-11-07T10:31:00,1762491660000,44,42.33063249548445,704.3028950947848,835.2218602966593
2025-11-07T09:47:00,1762489020000,FINNIFTY,2025-11-07T10:32:00,1762491720000,45,0.0,680.1940308422977,813.2971907037827
2025-11-07T09:47:00,1762489020000,FINNIFTY,2025-11-07T10:33:00,1762491780000,46,26.145645162845767,618.5397155431449,807.605703155438
2025-11-07T09:47:00,1762489020000,FINNIFTY,2025-11-07T10:34:00,1762491840000,47,30.469401463534155,623.5820966747576,861.4938330420623
2025-11-07T09:47:00,1762489020000,FINNIFTY,2025-11-07T10:35:00,1762491900000,48,0.0,666.4231416672528,805.4316008940405
2025-11-07T09:47:00,1762489020000,FINNIFTY,2025-11-07T10:36:00,1762491960000,49,63.38808401377378,607.4107097922172,787.8963619386636
2025-11-07T09:47:00,1762489020000,FINNIFTY,2025-11-07T10:37:00,1762492020000,50,84.76728662105404,639.0521543174693,832.893287239822
2025-11-07T09:47:00,1762489020000,FINNIFTY,2025-11-07T10:38:00,1762492080000,51,0.0,640.0693626279683,839.0688168026143
2025-11-07T09:47:00,1762489020000,FINNIFTY,2025-11-07T10:39:00,1762492140000,52,0.0,665.0188176969468,1105.8666665209778
2025-11-07T09:47:00,1762489020000,FINNIFTY,2025-11-07T10:40:00,1762492200000,53,0.0,670.6506750239971,891.390577640497
2025-11-07T09:47:00,1762489020000,FINNIFTY,2025-11-07T10:41:00,1762492260000,54,38.21181849372465,688.2130901167877,914.9695384338286
2025-11-07T09:47:00,1762489020000,FINNIFTY,2025-11-07T10:42:00,1762492320000,55,29.397800478646445,656.8166605245196,828.1424428307523
2025-11-07T09:47:00,1762489020000,FINNIFTY,2025-11-07T10:43:00,1762492380000,56,24.536128750136186,702.9211211337815,817.4897301729538
2025-11-07T09:47:00,1762489020000,FINNIFTY,2025-11-07T10:44:00,1762492440000,57,33.33563404761355,644.7991456211001,871.0067979857938
2025-11-07T09:47:00,1762489020000,FINNIFTY,2025-11-07T10:45:00,1762492500000,58,40.3571568519784,612.2681446997211,844.8962158410866
2025-11-07T09:47:00,1762489020000,FINNIFTY,2025-11-07T10:46:00,1762492560000,59,0.0,605.3667136822128,867.5479873492809
2025-11-07T09:47:00,1762489020000,FINNIFTY,2025-11-07T10:47:00,1762492620000,60,150.89475755896274,636.4631597555235,854.1270884916023
2025-11-07T09:47:00,1762489020000,FINNIFTY,2025-11-07T09:48:00,1762489080000,1,533.0829123250268,645.3,823.50851865654
2025-11-07T09:47:00,1762489020000,FINNIFTY,2025-11-07T09:49:00,1762489140000,2,473.24880553578816,643.9404183993181,838.5888151497966
2025-11-07T09:47:00,1762489020000,FINNIFTY,2025-11-07T09:50:00,1762489200000,3,512.6108750643293,680.9585620936509,831.0984738922562
2025-11-07T09:47:00,1762489020000,FINNIFTY,2025-11-07T09:51:00,1762489260000,4,477.11932499466263,712.7202288812709,825.9971392039263
2025-11-07T09:47:00,1762489020000,FINNIFTY,2025-11-07T09:52:00,1762489320000,5,490.8796930394442,742.1734811303324,878.9581196214524
2025-11-07T09:47:00,1762489020000,FINNIFTY,2025-11-07T09:53:00,1762489380000,6,496.69694409754976,694.2852504961372,893.4561215177332
2025-11-07T09:47:00,1762489020000,FINNIFTY,2025-11-07T09:54:00,1762489440000,7,481.8877790228708,723.8602069013377,803.0105518891373
2025-11-07T09:47:00,1762489020000,FINNIFTY,2025-11-07T09:55:00,1762489500000,8,478.40036994378005,747.6617939237774,854.260592472574
2025-11-07T09:47:00,1762489020000,FINNIFTY,2025-11-07T09:56:00,1762489560000,9,500.3361827281806,633.9359841218354,818.6962674062452
2025-11-07T09:47:00,1762489020000,FINNIFTY,2025-11-07T09:57:00,1762489620000,10,513.092324414527,626.4262941637329,818.3105028769191
2025-11-07T09:47:00,1762489020000,FINNIFTY,2025-11-07T09:58:00,1762489680000,11,498.46464718367974,656.1747377615095,930.6717012537831
2025-11-07T09:47:00,1762489020000,FINNIFTY,2025-11-07T09:59:00,1762489740000,12,594.7512551982268,665.2564392948216,955.9747312783218
2025-11-07T09:47:00,1762489020000,FINNIFTY,2025-11-07T10:00:00,1762489800000,13,522.7584453139624,682.1403272420789,826.6237636428573
2025-11-07T09:47:00,1762489020000,FINNIFTY,2025-11-07T10:01:00,1762489860000,14,547.7946954110106,704.4781769979747,924.4963160498005
2025-11-07T09:47:00,1762489020000,FINNIFTY,2025-11-07T10:02:00,1762489920000,15,564.7635929679207,653.908618477494,741.4701121436913
2025-11-07T09:47:00,1762489020000,FINNIFTY,2025-11-07T10:03:00,1762489980000,16,574.0237539335235,651.1837110975796,702.1305862081354
2025-11-07T09:47:00,1762489020000,FINNIFTY,2025-11-07T10:04:00,1762490040000,17,603.3421785336776,660.8327042493565,766.9454222391225
2025-11-07T09:47:00,1762489020000,FINNIFTY,2025-11-07T10:05:00,1762490100000,18,595.1477367733983,646.7322684856457,842.2692929973916
2025-11-07T09:47:00,1762489020000,FINNIFTY,2025-11-07T10:06:00,1762490160000,19,420.9883092035474,654.8675129933295,958.5081288662957
2025-11-07T09:47:00,1762489020000,FINNIFTY,2025-11-07T10:07:00,1762490220000,20,377.5366172488975,676.3597278076322,780.0389216025658
2025-11-07T09:47:00,1762489020000,FINNIFTY,2025-11-07T10:08:00,1762490280000,21,443.31744323866747,686.4456281006605,874.8684667971638
2025-11-07T09:47:00,1762489020000,FINNIFTY,2025-11-07T10:09:00,1762490340000,22,448.9852796452545,704.7056868153406,870.7771207792116
2025-11-07T09:47:00,1762489020000,FINNIFTY,2025-11-07T10:10:00,1762490400000,23,443.31583131142344,655.9981026911837,843.98549870899
2025-11-07T09:47:00,1762489020000,FINNIFTY,2025-11-07T10:11:00,1762490460000,24,443.3994529798194,667.6644475087032,845.1156020111559
2025-11-07T09:47:00,1762489020000,FINNIFTY,2025-11-07T10:12:00,1762490520000,25,371.51440126406374,705.9078893672038,806.7897848645089
2025-11-07T09:47:00,1762489020000,FINNIFTY,2025-11-07T10:13:00,1762490580000,26,375.27020565379615,655.6174770000589,816.7809615267561
2025-11-07T09:47:00,1762489020000,FINNIFTY,2025-11-07T10:14:00,1762490640000,27,299.2178942791063,650.9044504614733,830.9120336626286
2025-11-07T09:47:00,1762489020000,FINNIFTY,2025-11-07T10:15:00,1762490700000,28,289.55028938756413,656.1766459272128,881.7722016616269
2025-11-07T09:47:00,1762489020000,FINNIFTY,2025-11-07T10:16:00,1762490760000,29,85.17922311362031,736.6164504296362,879.819246605648
2025-11-07T09:47:00,1762489020000,FINNIFTY,2025-11-07T10:17:00,1762490820000,30,42.92726481084935,714.7475949409557,881.9092761056211
2025-11-07T09:47:00,1762489020000,FINNIFTY,2025-11-07T10:18:00,1762490880000,31,61.15357417642622,703.887202782598,837.124261723779
2025-11-07T09:47:00,1762489020000,FINNIFTY,2025-11-07T10:19:00,1762490940000,32,22.27763256451567,675.5067985364344,920.9217859238274
2025-11-07T09:47:00,1762489020000,FINNIFTY,2025-11-07T10:20:00,1762491000000,33,0.0,677.7184033583239,889.1267196896847
2025-11-07T09:47:00,1762489020000,FINNIFTY,2025-11-07T10:21:00,1762491060000,34,0.0,630.0074842249592,893.9358440666565
2025-11-07T09:47:00,1762489020000,FINNIFTY,2025-11-07T10:22:00,1762491120000,35,0.0,677.5606602928976,1016.6917812054132
2025-11-07T09:47:00,1762489020000,FINNIFTY,2025-11-07T10:23:00,1762491180000,36,0.0,640.5725855650435,1027.4687584296114
2025-11-07T09:47:00,1762489020000,FINNIFTY,2025-11-07T10:24:00,1762491240000,37,0.0,632.1975428117689,1101.8078893792947
2025-11-07T09:47:00,1762489020000,FINNIFTY,2025-11-07T10:25:00,1762491300000,38,0.0,667.8981938959946,1098.8294834474962
2025-11-07T09:47:00,1762489020000,FINNIFTY,2025-11-07T10:26:00,1762491360000,39,37.243591128529715,651.115007684685,938.6624160545477
2025-11-07T09:47:00,1762489020000,FINNIFTY,2025-11-07T10:27:00,1762491420000,40,335.6163715228706,603.925727062414,947.7830378046344
2025-11-07T09:47:00,1762489020000,FINNIFTY,2025-11-07T10:28:00,1762491480000,41,322.78155596938205,713.7382285999192,933.3596769493479
2025-11-07T09:47:00,1762489020000,FINNIFTY,2025-11-07T10:29:00,1762491540000,42,0.0,668.7310599156442,865.5197568846966
2025-11-07T09:47:00,1762489020000,FINNIFTY,2025-11-07T10:30:00,1762491600000,43,0.0,657.4002013506922,840.3129730198752
2025-11-07T09:47:00,1762489020000,FINNIFTY,2025-11-07T10:31:00,1762491660000,44,42.33063249548445,704.3028950947848,835.2218602966593
2025-11-07T09:47:00,1762489020000,FINNIFTY,2025-11-07T10:32:00,1762491720000,45,0.0,680.1940308422977,813.2971907037827
2025-11-07T09:47:00,1762489020000,FINNIFTY,2025-11-07T10:33:00,1762491780000,46,26.145645162845767,618.5397155431449,807.605703155438
2025-11-07T09:47:00,1762489020000,FINNIFTY,2025-11-07T10:34:00,1762491840000,47,30.469401463534155,623.5820966747576,861.4938330420623
2025-11-07T09:47:00,1762489020000,FINNIFTY,2025-11-07T10:35:00,1762491900000,48,0.0,666.4231416672528,805.4316008940405
2025-11-07T09:47:00,1762489020000,FINNIFTY,2025-11-07T10:36:00,1762491960000,49,63.38808401377378,607.4107097922172,787.8963619386636
2025-11-07T09:47:00,1762489020000,FINNIFTY,2025-11-07T10:37:00,1762492020000,50,84.76728662105404,639.0521543174693,832.893287239822
2025-11-07T09:47:00,1762489020000,FINNIFTY,2025-11-07T10:38:00,1762492080000,51,0.0,640.0693626279683,839.0688168026143
2025-11-07T09:47:00,1762489020000,FINNIFTY,2025-11-07T10:39:00,1762492140000,52,0.0,665.0188176969468,1105.8666665209778
2025-11-07T09:47:00,1762489020000,FINNIFTY,2025-11-07T10:40:00,1762492200000,53,0.0,670.6506750239971,891.390577640497
2025-11-07T09:47:00,1762489020000,FINNIFTY,2025-11-07T10:41:00,1762492260000,54,38.21181849372465,688.2130901167877,914.9695384338286
2025-11-07T09:47:00,1762489020000,FINNIFTY,2025-11-07T10:42:00,1762492320000,55,29.397800478646445,656.8166605245196,828.1424428307523
2025-11-07T09:47:00,1762489020000,FINNIFTY,2025-11-07T10:43:00,1762492380000,56,24.536128750136186,702.9211211337815,817.4897301729538
2025-11-07T09:47:00,1762489020000,FINNIFTY,2025-11-07T10:44:00,1762492440000,57,33.33563404761355,644.7991456211001,871.0067979857938
2025-11-07T09:47:00,1762489020000,FINNIFTY,2025-11-07T10:45:00,1762492500000,58,40.3571568519784,612.2681446997211,844.8962158410866
2025-11-07T09:47:00,1762489020000,FINNIFTY,2025-11-07T10:46:00,1762492560000,59,0.0,605.3667136822128,867.5479873492809
2025-11-07T09:47:00,1762489020000,FINNIFTY,2025-11-07T10:47:00,1762492620000,60,150.89475755896274,636.4631597555235,854.1270884916023
2025-11-07T09:47:00,1762489020000,FINNIFTY,2025-11-07T09:48:00,1762489080000,1,533.0829123250268,645.3,823.50851865654
2025-11-07T09:47:00,1762489020000,FINNIFTY,2025-11-07T09:49:00,1762489140000,2,473.24880553578816,643.9404183993181,838.5888151497966
2025-11-07T09:47:00,1762489020000,FINNIFTY,2025-11-07T09:50:00,1762489200000,3,512.6108750643293,680.9585620936509,831.0984738922562
2025-11-07T09:47:00,1762489020000,FINNIFTY,2025-11-07T09:51:00,1762489260000,4,477.11932499466263,712.7202288812709,825.9971392039263
2025-11-07T09:47:00,1762489020000,FINNIFTY,2025-11-07T09:52:00,1762489320000,5,490.8796930394442,742.1734811303324,878.9581196214524
2025-11-07T09:47:00,1762489020000,FINNIFTY,2025-11-07T09:53:00,1762489380000,6,496.69694409754976,694.2852504961372,893.4561215177332
2025-11-07T09:47:00,1762489020000,FINNIFTY,2025-11-07T09:54:00,1762489440000,7,481.8877790228708,723.8602069013377,803.0105518891373
2025-11-07T09:47:00,1762489020000,FINNIFTY,2025-11-07T09:55:00,1762489500000,8,478.40036994378005,747.6617939237774,854.260592472574
2025-11-07T09:47:00,1762489020000,FINNIFTY,2025-11-07T09:56:00,1762489560000,9,500.3361827281806,633.9359841218354,818.6962674062452
2025-11-07T09:47:00,1762489020000,FINNIFTY,2025-11-07T09:57:00,1762489620000,10,513.092324414527,626.4262941637329,818.3105028769191
2025-11-07T09:47:00,1762489020000,FINNIFTY,2025-11-07T09:58:00,1762489680000,11,498.46464718367974,656.1747377615095,930.6717012537831
2025-11-07T09:47:00,1762489020000,FINNIFTY,2025-11-07T09:59:00,1762489740000,12,594.7512551982268,665.2564392948216,955.9747312783218
2025-11-07T09:47:00,1762489020000,FINNIFTY,2025-11-07T10:00:00,1762489800000,13,522.7584453139624,682.1403272420789,826.6237636428573
2025-11-07T09:47:00,1762489020000,FINNIFTY,2025-11-07T10:01:00,1762489860000,14,547.7946954110106,704.4781769979747,924.4963160498005
2025-11-07T09:47:00,1762489020000,FINNIFTY,2025-11-07T10:02:00,1762489920000,15,564.7635929679207,653.908618477494,741.4701121436913
2025-11-07T09:47:00,1762489020000,FINNIFTY,2025-11-07T10:03:00,1762489980000,16,574.0237539335235,651.1837110975796,702.1305862081354
2025-11-07T09:47:00,1762489020000,FINNIFTY,2025-11-07T10:04:00,1762490040000,17,603.3421785336776,660.8327042493565,766.9454222391225
2025-11-07T09:47:00,1762489020000,FINNIFTY,2025-11-07T10:05:00,1762490100000,18,595.1477367733983,646.7322684856457,842.2692929973916
2025-11-07T09:47:00,1762489020000,FINNIFTY,2025-11-07T10:06:00,1762490160000,19,420.9883092035474,654.8675129933295,958.5081288662957
2025-11-07T09:47:00,1762489020000,FINNIFTY,2025-11-07T10:07:00,1762490220000,20,377.5366172488975,676.3597278076322,780.0389216025658
2025-11-07T09:47:00,1762489020000,FINNIFTY,2025-11-07T10:08:00,1762490280000,21,443.31744323866747,686.4456281006605,874.8684667971638
2025-11-07T09:47:00,1762489020000,FINNIFTY,2025-11-07T10:09:00,1762490340000,22,448.9852796452545,704.7056868153406,870.7771207792116
2025-11-07T09:47:00,1762489020000,FINNIFTY,2025-11-07T10:10:00,1762490400000,23,443.31583131142344,655.9981026911837,843.98549870899
2025-11-07T09:47:00,1762489020000,FINNIFTY,2025-11-07T10:11:00,1762490460000,24,443.3994529798194,667.6644475087032,845.1156020111559
2025-11-07T09:47:00,1762489020000,FINNIFTY,2025-11-07T10:12:00,1762490520000,25,371.51440126406374,705.9078893672038,806.7897848645089
2025-11-07T09:47:00,1762489020000,FINNIFTY,2025-11-07T10:13:00,1762490580000,26,375.27020565379615,655.6174770000589,816.7809615267561
2025-11-07T09:47:00,1762489020000,FINNIFTY,2025-11-07T10:14:00,1762490640000,27,299.2178942791063,650.9044504614733,830.9120336626286
2025-11-07T09:47:00,1762489020000,FINNIFTY,2025-11-07T10:15:00,1762490700000,28,289.55028938756413,656.1766459272128,881.7722016616269
2025-11-07T09:47:00,1762489020000,FINNIFTY,2025-11-07T10:16:00,1762490760000,29,85.17922311362031,736.6164504296362,879.819246605648
2025-11-07T09:47:00,1762489020000,FINNIFTY,2025-11-07T10:17:00,1762490820000,30,42.92726481084935,714.7475949409557,881.9092761056211
2025-11-07T09:47:00,1762489020000,FINNIFTY,2025-11-07T10:18:00,1762490880000,31,61.15357417642622,703.887202782598,837.124261723779
2025-11-07T09:47:00,1762489020000,FINNIFTY,2025-11-07T10:19:00,1762490940000,32,22.27763256451567,675.5067985364344,920.9217859238274
2025-11-07T09:47:00,1762489020000,FINNIFTY,2025-11-07T10:20:00,1762491000000,33,0.0,677.7184033583239,889.1267196896847
2025-11-07T09:47:00,1762489020000,FINNIFTY,2025-11-07T10:21:00,1762491060000,34,0.0,630.0074842249592,893.9358440666565
2025-11-07T09:47:00,1762489020000,FINNIFTY,2025-11-07T10:22:00,1762491120000,35,0.0,677.5606602928976,1016.6917812054132
2025-11-07T09:47:00,1762489020000,FINNIFTY,2025-11-07T10:23:00,1762491180000,36,0.0,640.5725855650435,1027.4687584296114
2025-11-07T09:47:00,1762489020000,FINNIFTY,2025-11-07T10:24:00,1762491240000,37,0.0,632.1975428117689,1101.8078893792947
2025-11-07T09:47:00,1762489020000,FINNIFTY,2025-11-07T10:25:00,1762491300000,38,0.0,667.8981938959946,1098.8294834474962
2025-11-07T09:47:00,1762489020000,FINNIFTY,2025-11-07T10:26:00,1762491360000,39,37.243591128529715,651.115007684685,938.6624160545477
2025-11-07T09:47:00,1762489020000,FINNIFTY,2025-11-07T10:27:00,1762491420000,40,335.6163715228706,603.925727062414,947.7830378046344
2025-11-07T09:47:00,1762489020000,FINNIFTY,2025-11-07T10:28:00,1762491480000,41,322.78155596938205,713.7382285999192,933.3596769493479
2025-11-07T09:47:00,1762489020000,FINNIFTY,2025-11-07T10:29:00,1762491540000,42,0.0,668.7310599156442,865.5197568846966
2025-11-07T09:47:00,1762489020000,FINNIFTY,2025-11-07T10:30:00,1762491600000,43,0.0,657.4002013506922,840.3129730198752
2025-11-07T09:47:00,1762489020000,FINNIFTY,2025-11-07T10:31:00,1762491660000,44,42.33063249548445,704.3028950947848,835.2218602966593
2025-11-07T09:47:00,1762489020000,FINNIFTY,2025-11-07T10:32:00,1762491720000,45,0.0,680.1940308422977,813.2971907037827
2025-11-07T09:47:00,1762489020000,FINNIFTY,2025-11-07T10:33:00,1762491780000,46,26.145645162845767,618.5397155431449,807.605703155438
2025-11-07T09:47:00,1762489020000,FINNIFTY,2025-11-07T10:34:00,1762491840000,47,30.469401463534155,623.5820966747576,861.4938330420623
2025-11-07T09:47:00,1762489020000,FINNIFTY,2025-11-07T10:35:00,1762491900000,48,0.0,666.4231416672528,805.4316008940405
2025-11-07T09:47:00,1762489020000,FINNIFTY,2025-11-07T10:36:00,1762491960000,49,63.38808401377378,607.4107097922172,787.8963619386636
2025-11-07T09:47:00,1762489020000,FINNIFTY,2025-11-07T10:37:00,1762492020000,50,84.76728662105404,639.0521543174693,832.893287239822
2025-11-07T09:47:00,1762489020000,FINNIFTY,2025-11-07T10:38:00,1762492080000,51,0.0,640.0693626279683,839.0688168026143
2025-11-07T09:47:00,1762489020000,FINNIFTY,2025-11-07T10:39:00,1762492140000,52,0.0,665.0188176969468,1105.8666665209778
2025-11-07T09:47:00,1762489020000,FINNIFTY,2025-11-07T10:40:00,1762492200000,53,0.0,670.6506750239971,891.390577640497
2025-11-07T09:47:00,1762489020000,FINNIFTY,2025-11-07T10:41:00,1762492260000,54,38.21181849372465,688.2130901167877,914.9695384338286
2025-11-07T09:47:00,1762489020000,FINNIFTY,2025-11-07T10:42:00,1762492320000,55,29.397800478646445,656.8166605245196,828.1424428307523
2025-11-07T09:47:00,1762489020000,FINNIFTY,2025-11-07T10:43:00,1762492380000,56,24.536128750136186,702.9211211337815,817.4897301729538
2025-11-07T09:47:00,1762489020000,FINNIFTY,2025-11-07T10:44:00,1762492440000,57,33.33563404761355,644.7991456211001,871.0067979857938
2025-11-07T09:47:00,1762489020000,FINNIFTY,2025-11-07T10:45:00,1762492500000,58,40.3571568519784,612.2681446997211,844.8962158410866
2025-11-07T09:47:00,1762489020000,FINNIFTY,2025-11-07T10:46:00,1762492560000,59,0.0,605.3667136822128,867.5479873492809
2025-11-07T09:47:00,1762489020000,FINNIFTY,2025-11-07T10:47:00,1762492620000,60,150.89475755896274,636.4631597555235,854.1270884916023
2025-11-07T09:47:30,1762489050000,FINNIFTY,2025-11-07T09:48:30,1762489110000,1,528.9783543091132,641.15,819.2863536339339
2025-11-07T09:47:30,1762489050000,FINNIFTY,2025-11-07T09:49:30,1762489170000,2,469.26057226290715,639.8830640530235,834.4526384999577
2025-11-07T09:47:30,1762489050000,FINNIFTY,2025-11-07T09:50:30,1762489230000,3,510.12960394117346,678.4091190630479,828.4882321399608
2025-11-07T09:47:30,1762489050000,FINNIFTY,2025-11-07T09:51:30,1762489290000,4,473.1240214659788,708.6295194500907,821.8605586165532
2025-11-07T09:47:30,1762489050000,FINNIFTY,2025-11-07T09:52:30,1762489350000,5,486.6363320436068,737.8283594440687,874.5576073926754
2025-11-07T09:47:30,1762489050000,FINNIFTY,2025-11-07T09:53:30,1762489410000,6,494.64325943955646,692.1515530267169,891.2417703819333
2025-11-07T09:47:30,1762489050000,FINNIFTY,2025-11-07T09:54:30,1762489470000,7,476.6503187710397,718.524760616855,797.6430539020853
2025-11-07T09:47:30,1762489050000,FINNIFTY,2025-11-07T09:55:30,1762489530000,8,477.26556514118164,746.4179524887276,852.9735841633196
2025-11-07T09:47:30,1762489050000,FINNIFTY,2025-11-07T09:56:30,1762489590000,9,494.5953993767292,628.1410999184134,812.8265650621394
2025-11-07T09:47:30,1762489050000,FINNIFTY,2025-11-07T09:57:30,1762489650000,10,509.52049474056815,622.8085702275322,814.6150759871003
2025-11-07T09:47:30,1762489050000,FINNIFTY,2025-11-07T09:58:30,1762489710000,11,497.2698947913313,654.9161211255349,929.3019278688213
2025-11-07T09:47:30,1762489050000,FINNIFTY,2025-11-07T09:59:30,1762489770000,12,590.1088566305677,660.5854898574145,951.1860563120166
2025-11-07T09:47:30,1762489050000,FINNIFTY,2025-11-07T10:00:30,1762489830000,13,518.5832410422727,677.9005817397059,822.3255099920935
2025-11-07T09:47:30,1762489050000,FINNIFTY,2025-11-07T10:01:30,1762489890000,14,542.5360328911438,699.1560659568141,919.0851093015541
2025-11-07T09:47:30,1762489050000,FINNIFTY,2025-11-07T10:02:30,1762489950000,15,561.17045835765,650.2793848477733,737.8054207411466
2025-11-07T09:47:30,1762489050000,FINNIFTY,2025-11-07T10:03:30,1762490010000,16,570.6461002171663,647.7748116804275,698.7010560017159
2025-11-07T09:47:30,1762489050000,FINNIFTY,2025-11-07T10:04:30,1762490070000,17,599.1450488755097,656.6122939695931,762.6820419220668
2025-11-07T09:47:30,1762489050000,FINNIFTY,2025-11-07T10:05:30,1762490130000,18,593.1113794425469,644.675022148336,840.1328645093037
2025-11-07T09:47:30,1762489050000,FINNIFTY,2025-11-07T10:06:30,1762490190000,19,417.2634972984456,651.0479923831905,954.5656498696904
2025-11-07T09:47:30,1762489050000,FINNIFTY,2025-11-07T10:07:30,1762490250000,20,374.3774008077687,673.0795038148373,776.7167130210408
2025-11-07T09:47:30,1762489050000,FINNIFTY,2025-11-07T10:08:30,1762490310000,21,439.77404158166945,682.8037723905734,871.1503098052048
2025-11-07T09:47:30,1762489050000,FINNIFTY,2025-11-07T10:09:30,1762490370000,22,445.1049674297319,700.7218213628383,866.726005181337
2025-11-07T09:47:30,1762489050000,FINNIFTY,2025-11-07T10:10:30,1762490430000,23,440.13575634410296,652.7319026551082,840.6431737222919
2025-11-07T09:47:30,1762489050000,FINNIFTY,2025-11-07T10:11:30,1762490490000,24,439.85602979438085,664.0302088643746,841.4095050366383
2025-11-07T09:47:30,1762489050000,FINNIFTY,2025-11-07T10:12:30,1762490550000,25,367.96547233714705,702.2235487674322,803.0645924338372
2025-11-07T09:47:30,1762489050000,FINNIFTY,2025-11-07T10:13:30,1762490610000,26,372.4697418073887,652.7034873394716,813.8017091806822
2025-11-07T09:47:30,1762489050000,FINNIFTY,2025-11-07T10:14:30,1762490670000,27,296.77159421154624,648.3157359433108,828.2504255958924
2025-11-07T09:47:30,1762489050000,FINNIFTY,2025-11-07T10:15:30,1762490730000,28,286.029478556698,652.5073708169333,878.0115722855575
2025-11-07T09:47:30,1762489050000,FINNIFTY,2025-11-07T10:16:30,1762490790000,29,81.3776938610199,732.5511235618034,875.6959301809682
2025-11-07T09:47:30,1762489050000,FINNIFTY,2025-11-07T10:17:30,1762490850000,30,39.546527983698866,711.0948064202242,878.1887959470766
2025-11-07T09:47:30,1762489050000,FINNIFTY,2025-11-07T10:18:30,1762490910000,31,57.40776435048463,699.8811198384705,833.0642248191847
2025-11-07T09:47:30,1762489050000,FINNIFTY,2025-11-07T10:19:30,1762490970000,32,17.76280520726391,670.7274479235904,916.0430552238462
2025-11-07T09:47:30,1762489050000,FINNIFTY,2025-11-07T10:20:30,1762491030000,33,0.0,674.0800022806455,885.4027094276522
2025-11-07T09:47:30,1762489050000,FINNIFTY,2025-11-07T10:21:30,1762491090000,34,0.0,627.7730189301789,891.5945017482753
2025-11-07T09:47:30,1762489050000,FINNIFTY,2025-11-07T10:22:30,1762491150000,35,0.0,674.0324991734143,1013.0262899224138
2025-11-07T09:47:30,1762489050000,FINNIFTY,2025-11-07T10:23:30,1762491210000,36,0.0,636.0902162783115,1022.8297166601526
2025-11-07T09:47:30,1762489050000,FINNIFTY,2025-11-07T10:24:30,1762491270000,37,0.0,629.0336014909306,1098.4537807110614
2025-11-07T09:47:30,1762489050000,FINNIFTY,2025-11-07T10:25:30,1762491330000,38,0.0,664.5584418009647,1095.3152269769935
2025-11-07T09:47:30,1762489050000,FINNIFTY,2025-11-07T10:26:30,1762491390000,39,34.22857070234352,647.8514018093466,935.2823686904313
2025-11-07T09:47:30,1762489050000,FINNIFTY,2025-11-07T10:27:30,1762491450000,40,331.72490385683807,599.9256083012829,943.6436750231275
2025-11-07T09:47:30,1762489050000,FINNIFTY,2025-11-07T10:28:30,1762491510000,41,317.99512686080936,708.7934827210202,928.325996002112
2025-11-07T09:47:30,1762489050000,FINNIFTY,2025-11-07T10:29:30,1762491570000,42,0.0,664.7674777813384,861.4764857384823
2025-11-07T09:47:30,1762489050000,FINNIFTY,2025-11-07T10:30:30,1762491630000,43,0.0,654.167997526316,837.0066991992837
2025-11-07T09:47:30,1762489050000,FINNIFTY,2025-11-07T10:31:30,1762491690000,44,39.12266050865276,700.8268593607476,831.6928093074893
2025-11-07T09:47:30,1762489050000,FINNIFTY,2025-11-07T10:32:30,1762491750000,45,0.0,676.3182126252765,809.3674727483386
2025-11-07T09:47:30,1762489050000,FINNIFTY,2025-11-07T10:33:30,1762491810000,46,23.653816925727597,615.8079990458979,804.7974249350314
2025-11-07T09:47:30,1762489050000,FINNIFTY,2025-11-07T10:34:30,1762491870000,47,26.51079516215077,619.3833111082049,857.1987058081044
2025-11-07T09:47:30,1762489050000,FINNIFTY,2025-11-07T10:35:30,1762491930000,48,0.0,667.7452333227242,806.6974014772435
2025-11-07T09:47:30,1762489050000,FINNIFTY,2025-11-07T10:36:30,1762491990000,49,60.00061055990136,603.8029359543707,784.215500959611
2025-11-07T09:47:30,1762489050000,FINNIFTY,2025-11-07T10:37:30,1762492050000,50,79.70961725957329,633.770028906923,827.5326664248765
2025-11-07T09:47:30,1762489050000,FINNIFTY,2025-11-07T10:38:30,1762492110000,51,0.0,637.1399986205344,836.0588685435554
2025-11-07T09:47:30,1762489050000,FINNIFTY,2025-11-07T10:39:30,1762492170000,52,0.0,660.9661692895968,1101.6354980562473
2025-11-07T09:47:30,1762489050000,FINNIFTY,2025-11-07T10:40:30,1762492230000,53,0.0,662.0724985442567,882.7230131776092
2025-11-07T09:47:30,1762489050000,FINNIFTY,2025-11-07T10:41:30,1762492290000,54,34.72812875756438,684.4661842514871,911.1308082026545
2025-11-07T09:47:30,1762489050000,FINNIFTY,2025-11-07T10:42:30,1762492350000,55,26.356099439772834,653.5208880385569,824.7772924663004
2025-11-07T09:47:30,1762489050000,FINNIFTY,2025-11-07T10:43:30,1762492410000,56,21.998455009576332,700.1087373587069,814.630952172039
2025-11-07T09:47:30,1762489050000,FINNIFTY,2025-11-07T10:44:30,1762492470000,57,30.18896649596661,641.404867694438,867.520917926587
2025-11-07T09:47:30,1762489050000,FINNIFTY,2025-11-07T10:45:30,1762492530000,58,36.82120094283505,608.5005950952943,841.0344641741586
2025-11-07T09:47:30,1762489050000,FINNIFTY,2025-11-07T10:46:30,1762492590000,59,0.0,601.6249726370326,863.7000767579774
2025-11-07T09:47:30,1762489050000,FINNIFTY,2025-11-07T10:47:30,1762492650000,60,146.79469218821413,632.1664648690513,849.7422512286814
2025-11-07T09:47:30,1762489050000,FINNIFTY,2025-11-07T09:48:30,1762489110000,1,528.9783543091132,641.15,819.2863536339339
2025-11-07T09:47:30,1762489050000,FINNIFTY,2025-11-07T09:49:30,1762489170000,2,469.26057226290715,639.8830640530235,834.4526384999577
2025-11-07T09:47:30,1762489050000,FINNIFTY,2025-11-07T09:50:30,1762489230000,3,510.12960394117346,678.4091190630479,828.4882321399608
2025-11-07T09:47:30,1762489050000,FINNIFTY,2025-11-07T09:51:30,1762489290000,4,473.1240214659788,708.6295194500907,821.8605586165532
2025-11-07T09:47:30,1762489050000,FINNIFTY,2025-11-07T09:52:30,1762489350000,5,486.6363320436068,737.8283594440687,874.5576073926754
2025-11-07T09:47:30,1762489050000,FINNIFTY,2025-11-07T09:53:30,1762489410000,6,494.64325943955646,692.1515530267169,891.2417703819333
2025-11-07T09:47:30,1762489050000,FINNIFTY,2025-11-07T09:54:30,1762489470000,7,476.6503187710397,718.524760616855,797.6430539020853
2025-11-07T09:47:30,1762489050000,FINNIFTY,2025-11-07T09:55:30,1762489530000,8,477.26556514118164,746.4179524887276,852.9735841633196
2025-11-07T09:47:30,1762489050000,FINNIFTY,2025-11-07T09:56:30,1762489590000,9,494.5953993767292,628.1410999184134,812.8265650621394
2025-11-07T09:47:30,1762489050000,FINNIFTY,2025-11-07T09:57:30,1762489650000,10,509.52049474056815,622.8085702275322,814.6150759871003
2025-11-07T09:47:30,1762489050000,FINNIFTY,2025-11-07T09:58:30,1762489710000,11,497.2698947913313,654.9161211255349,929.3019278688213
2025-11-07T09:47:30,1762489050000,FINNIFTY,2025-11-07T09:59:30,1762489770000,12,590.1088566305677,660.5854898574145,951.1860563120166
2025-11-07T09:47:30,1762489050000,FINNIFTY,2025-11-07T10:00:30,1762489830000,13,518.5832410422727,677.9005817397059,822.3255099920935
2025-11-07T09:47:30,1762489050000,FINNIFTY,2025-11-07T10:01:30,1762489890000,14,542.5360328911438,699.1560659568141,919.0851093015541
2025-11-07T09:47:30,1762489050000,FINNIFTY,2025-11-07T10:02:30,1762489950000,15,561.17045835765,650.2793848477733,737.8054207411466
2025-11-07T09:47:30,1762489050000,FINNIFTY,2025-11-07T10:03:30,1762490010000,16,570.6461002171663,647.7748116804275,698.7010560017159
2025-11-07T09:47:30,1762489050000,FINNIFTY,2025-11-07T10:04:30,1762490070000,17,599.1450488755097,656.6122939695931,762.6820419220668
2025-11-07T09:47:30,1762489050000,FINNIFTY,2025-11-07T10:05:30,1762490130000,18,593.1113794425469,644.675022148336,840.1328645093037
2025-11-07T09:47:30,1762489050000,FINNIFTY,2025-11-07T10:06:30,1762490190000,19,417.2634972984456,651.0479923831905,954.5656498696904
2025-11-07T09:47:30,1762489050000,FINNIFTY,2025-11-07T10:07:30,1762490250000,20,374.3774008077687,673.0795038148373,776.7167130210408
2025-11-07T09:47:30,1762489050000,FINNIFTY,2025-11-07T10:08:30,1762490310000,21,439.77404158166945,682.8037723905734,871.1503098052048
2025-11-07T09:47:30,1762489050000,FINNIFTY,2025-11-07T10:09:30,1762490370000,22,445.1049674297319,700.7218213628383,866.726005181337
2025-11-07T09:47:30,1762489050000,FINNIFTY,2025-11-07T10:10:30,1762490430000,23,440.13575634410296,652.7319026551082,840.6431737222919
2025-11-07T09:47:30,1762489050000,FINNIFTY,2025-11-07T10:11:30,1762490490000,24,439.85602979438085,664.0302088643746,841.4095050366383
2025-11-07T09:47:30,1762489050000,FINNIFTY,2025-11-07T10:12:30,1762490550000,25,367.96547233714705,702.2235487674322,803.0645924338372
2025-11-07T09:47:30,1762489050000,FINNIFTY,2025-11-07T10:13:30,1762490610000,26,372.4697418073887,652.7034873394716,813.8017091806822
2025-11-07T09:47:30,1762489050000,FINNIFTY,2025-11-07T10:14:30,1762490670000,27,296.77159421154624,648.3157359433108,828.2504255958924
2025-11-07T09:47:30,1762489050000,FINNIFTY,2025-11-07T10:15:30,1762490730000,28,286.029478556698,652.5073708169333,878.0115722855575
2025-11-07T09:47:30,1762489050000,FINNIFTY,2025-11-07T10:16:30,1762490790000,29,81.3776938610199,732.5511235618034,875.6959301809682
2025-11-07T09:47:30,1762489050000,FINNIFTY,2025-11-07T10:17:30,1762490850000,30,39.546527983698866,711.0948064202242,878.1887959470766
2025-11-07T09:47:30,1762489050000,FINNIFTY,2025-11-07T10:18:30,1762490910000,31,57.40776435048463,699.8811198384705,833.0642248191847
2025-11-07T09:47:30,1762489050000,FINNIFTY,2025-11-07T10:19:30,1762490970000,32,17.76280520726391,670.7274479235904,916.0430552238462
2025-11-07T09:47:30,1762489050000,FINNIFTY,2025-11-07T10:20:30,1762491030000,33,0.0,674.0800022806455,885.4027094276522
2025-11-07T09:47:30,1762489050000,FINNIFTY,2025-11-07T10:21:30,1762491090000,34,0.0,627.7730189301789,891.5945017482753
2025-11-07T09:47:30,1762489050000,FINNIFTY,2025-11-07T10:22:30,1762491150000,35,0.0,674.0324991734143,1013.0262899224138
2025-11-07T09:47:30,1762489050000,FINNIFTY,2025-11-07T10:23:30,1762491210000,36,0.0,636.0902162783115,1022.8297166601526
2025-11-07T09:47:30,1762489050000,FINNIFTY,2025-11-07T10:24:30,1762491270000,37,0.0,629.0336014909306,1098.4537807110614
2025-11-07T09:47:30,1762489050000,FINNIFTY,2025-11-07T10:25:30,1762491330000,38,0.0,664.5584418009647,1095.3152269769935
2025-11-07T09:47:30,1762489050000,FINNIFTY,2025-11-07T10:26:30,1762491390000,39,34.22857070234352,647.8514018093466,935.2823686904313
2025-11-07T09:47:30,1762489050000,FINNIFTY,2025-11-07T10:27:30,1762491450000,40,331.72490385683807,599.9256083012829,943.6436750231275
2025-11-07T09:47:30,1762489050000,FINNIFTY,2025-11-07T10:28:30,1762491510000,41,317.99512686080936,708.7934827210202,928.325996002112
2025-11-07T09:47:30,1762489050000,FINNIFTY,2025-11-07T10:29:30,1762491570000,42,0.0,664.7674777813384,861.4764857384823
2025-11-07T09:47:30,1762489050000,FINNIFTY,2025-11-07T10:30:30,1762491630000,43,0.0,654.167997526316,837.0066991992837
2025-11-07T09:47:30,1762489050000,FINNIFTY,2025-11-07T10:31:30,1762491690000,44,39.12266050865276,700.8268593607476,831.6928093074893
2025-11-07T09:47:30,1762489050000,FINNIFTY,2025-11-07T10:32:30,1762491750000,45,0.0,676.3182126252765,809.3674727483386
2025-11-07T09:47:30,1762489050000,FINNIFTY,2025-11-07T10:33:30,1762491810000,46,23.653816925727597,615.8079990458979,804.7974249350314
2025-11-07T09:47:30,1762489050000,FINNIFTY,2025-11-07T10:34:30,1762491870000,47,26.51079516215077,619.3833111082049,857.1987058081044
2025-11-07T09:47:30,1762489050000,FINNIFTY,2025-11-07T10:35:30,1762491930000,48,0.0,667.7452333227242,806.6974014772435
2025-11-07T09:47:30,1762489050000,FINNIFTY,2025-11-07T10:36:30,1762491990000,49,60.00061055990136,603.8029359543707,784.215500959611
2025-11-07T09:47:30,1762489050000,FINNIFTY,2025-11-07T10:37:30,1762492050000,50,79.70961725957329,633.770028906923,827.5326664248765
2025-11-07T09:47:30,1762489050000,FINNIFTY,2025-11-07T10:38:30,1762492110000,51,0.0,637.1399986205344,836.0588685435554
2025-11-07T09:47:30,1762489050000,FINNIFTY,2025-11-07T10:39:30,1762492170000,52,0.0,660.9661692895968,1101.6354980562473
2025-11-07T09:47:30,1762489050000,FINNIFTY,2025-11-07T10:40:30,1762492230000,53,0.0,662.0724985442567,882.7230131776092
2025-11-07T09:47:30,1762489050000,FINNIFTY,2025-11-07T10:41:30,1762492290000,54,34.72812875756438,684.4661842514871,911.1308082026545
2025-11-07T09:47:30,1762489050000,FINNIFTY,2025-11-07T10:42:30,1762492350000,55,26.356099439772834,653.5208880385569,824.7772924663004
2025-11-07T09:47:30,1762489050000,FINNIFTY,2025-11-07T10:43:30,1762492410000,56,21.998455009576332,700.1087373587069,814.630952172039
2025-11-07T09:47:30,1762489050000,FINNIFTY,2025-11-07T10:44:30,1762492470000,57,30.18896649596661,641.404867694438,867.520917926587
2025-11-07T09:47:30,1762489050000,FINNIFTY,2025-11-07T10:45:30,1762492530000,58,36.82120094283505,608.5005950952943,841.0344641741586
2025-11-07T09:47:30,1762489050000,FINNIFTY,2025-11-07T10:46:30,1762492590000,59,0.0,601.6249726370326,863.7000767579774
2025-11-07T09:47:30,1762489050000,FINNIFTY,2025-11-07T10:47:30,1762492650000,60,146.79469218821413,632.1664648690513,849.7422512286814
2025-11-07T09:47:30,1762489050000,FINNIFTY,2025-11-07T09:48:30,1762489110000,1,528.9783543091132,641.15,819.2863536339339
2025-11-07T09:47:30,1762489050000,FINNIFTY,2025-11-07T09:49:30,1762489170000,2,469.26057226290715,639.8830640530235,834.4526384999577
2025-11-07T09:47:30,1762489050000,FINNIFTY,2025-11-07T09:50:30,1762489230000,3,510.12960394117346,678.4091190630479,828.4882321399608
2025-11-07T09:47:30,1762489050000,FINNIFTY,2025-11-07T09:51:30,1762489290000,4,473.1240214659788,708.6295194500907,821.8605586165532
2025-11-07T09:47:30,1762489050000,FINNIFTY,2025-11-07T09:52:30,1762489350000,5,486.6363320436068,737.8283594440687,874.5576073926754
2025-11-07T09:47:30,1762489050000,FINNIFTY,2025-11-07T09:53:30,1762489410000,6,494.64325943955646,692.1515530267169,891.2417703819333
2025-11-07T09:47:30,1762489050000,FINNIFTY,2025-11-07T09:54:30,1762489470000,7,476.6503187710397,718.524760616855,797.6430539020853
2025-11-07T09:47:30,1762489050000,FINNIFTY,2025-11-07T09:55:30,1762489530000,8,477.26556514118164,746.4179524887276,852.9735841633196
2025-11-07T09:47:30,1762489050000,FINNIFTY,2025-11-07T09:56:30,1762489590000,9,494.5953993767292,628.1410999184134,812.8265650621394
2025-11-07T09:47:30,1762489050000,FINNIFTY,2025-11-07T09:57:30,1762489650000,10,509.52049474056815,622.8085702275322,814.6150759871003
2025-11-07T09:47:30,1762489050000,FINNIFTY,2025-11-07T09:58:30,1762489710000,11,497.2698947913313,654.9161211255349,929.3019278688213
2025-11-07T09:47:30,1762489050000,FINNIFTY,2025-11-07T09:59:30,1762489770000,12,590.1088566305677,660.5854898574145,951.1860563120166
2025-11-07T09:47:30,1762489050000,FINNIFTY,2025-11-07T10:00:30,1762489830000,13,518.5832410422727,677.9005817397059,822.3255099920935
2025-11-07T09:47:30,1762489050000,FINNIFTY,2025-11-07T10:01:30,1762489890000,14,542.5360328911438,699.1560659568141,919.0851093015541
2025-11-07T09:47:30,1762489050000,FINNIFTY,2025-11-07T10:02:30,1762489950000,15,561.17045835765,650.2793848477733,737.8054207411466
2025-11-07T09:47:30,1762489050000,FINNIFTY,2025-11-07T10:03:30,1762490010000,16,570.6461002171663,647.7748116804275,698.7010560017159
2025-11-07T09:47:30,1762489050000,FINNIFTY,2025-11-07T10:04:30,1762490070000,17,599.1450488755097,656.6122939695931,762.6820419220668
2025-11-07T09:47:30,1762489050000,FINNIFTY,2025-11-07T10:05:30,1762490130000,18,593.1113794425469,644.675022148336,840.1328645093037
2025-11-07T09:47:30,1762489050000,FINNIFTY,2025-11-07T10:06:30,1762490190000,19,417.2634972984456,651.0479923831905,954.5656498696904
2025-11-07T09:47:30,1762489050000,FINNIFTY,2025-11-07T10:07:30,1762490250000,20,374.3774008077687,673.0795038148373,776.7167130210408
2025-11-07T09:47:30,1762489050000,FINNIFTY,2025-11-07T10:08:30,1762490310000,21,439.77404158166945,682.8037723905734,871.1503098052048
2025-11-07T09:47:30,1762489050000,FINNIFTY,2025-11-07T10:09:30,1762490370000,22,445.1049674297319,700.7218213628383,866.726005181337
2025-11-07T09:47:30,1762489050000,FINNIFTY,2025-11-07T10:10:30,1762490430000,23,440.13575634410296,652.7319026551082,840.6431737222919
2025-11-07T09:47:30,1762489050000,FINNIFTY,2025-11-07T10:11:30,1762490490000,24,439.85602979438085,664.0302088643746,841.4095050366383
2025-11-07T09:47:30,1762489050000,FINNIFTY,2025-11-07T10:12:30,1762490550000,25,367.96547233714705,702.2235487674322,803.0645924338372
2025-11-07T09:47:30,1762489050000,FINNIFTY,2025-11-07T10:13:30,1762490610000,26,372.4697418073887,652.7034873394716,813.8017091806822
2025-11-07T09:47:30,1762489050000,FINNIFTY,2025-11-07T10:14:30,1762490670000,27,296.77159421154624,648.3157359433108,828.2504255958924
2025-11-07T09:47:30,1762489050000,FINNIFTY,2025-11-07T10:15:30,1762490730000,28,286.029478556698,652.5073708169333,878.0115722855575
2025-11-07T09:47:30,1762489050000,FINNIFTY,2025-11-07T10:16:30,1762490790000,29,81.3776938610199,732.5511235618034,875.6959301809682
2025-11-07T09:47:30,1762489050000,FINNIFTY,2025-11-07T10:17:30,1762490850000,30,39.546527983698866,711.0948064202242,878.1887959470766
2025-11-07T09:47:30,1762489050000,FINNIFTY,2025-11-07T10:18:30,1762490910000,31,57.40776435048463,699.8811198384705,833.0642248191847
2025-11-07T09:47:30,1762489050000,FINNIFTY,2025-11-07T10:19:30,1762490970000,32,17.76280520726391,670.7274479235904,916.0430552238462
2025-11-07T09:47:30,1762489050000,FINNIFTY,2025-11-07T10:20:30,1762491030000,33,0.0,674.0800022806455,885.4027094276522
2025-11-07T09:47:30,1762489050000,FINNIFTY,2025-11-07T10:21:30,1762491090000,34,0.0,627.7730189301789,891.5945017482753
2025-11-07T09:47:30,1762489050000,FINNIFTY,2025-11-07T10:22:30,1762491150000,35,0.0,674.0324991734143,1013.0262899224138
2025-11-07T09:47:30,1762489050000,FINNIFTY,2025-11-07T10:23:30,1762491210000,36,0.0,636.0902162783115,1022.8297166601526
2025-11-07T09:47:30,1762489050000,FINNIFTY,2025-11-07T10:24:30,1762491270000,37,0.0,629.0336014909306,1098.4537807110614
2025-11-07T09:47:30,1762489050000,FINNIFTY,2025-11-07T10:25:30,1762491330000,38,0.0,664.5584418009647,1095.3152269769935
2025-11-07T09:47:30,1762489050000,FINNIFTY,2025-11-07T10:26:30,1762491390000,39,34.22857070234352,647.8514018093466,935.2823686904313
2025-11-07T09:47:30,1762489050000,FINNIFTY,2025-11-07T10:27:30,1762491450000,40,331.72490385683807,599.9256083012829,943.6436750231275
2025-11-07T09:47:30,1762489050000,FINNIFTY,2025-11-07T10:28:30,1762491510000,41,317.99512686080936,708.7934827210202,928.325996002112
2025-11-07T09:47:30,1762489050000,FINNIFTY,2025-11-07T10:29:30,1762491570000,42,0.0,664.7674777813384,861.4764857384823
2025-11-07T09:47:30,1762489050000,FINNIFTY,2025-11-07T10:30:30,1762491630000,43,0.0,654.167997526316,837.0066991992837
2025-11-07T09:47:30,1762489050000,FINNIFTY,2025-11-07T10:31:30,1762491690000,44,39.12266050865276,700.8268593607476,831.6928093074893
2025-11-07T09:47:30,1762489050000,FINNIFTY,2025-11-07T10:32:30,1762491750000,45,0.0,676.3182126252765,809.3674727483386
2025-11-07T09:47:30,1762489050000,FINNIFTY,2025-11-07T10:33:30,1762491810000,46,23.653816925727597,615.8079990458979,804.7974249350314
2025-11-07T09:47:30,1762489050000,FINNIFTY,2025-11-07T10:34:30,1762491870000,47,26.51079516215077,619.3833111082049,857.1987058081044
2025-11-07T09:47:30,1762489050000,FINNIFTY,2025-11-07T10:35:30,1762491930000,48,0.0,667.7452333227242,806.6974014772435
2025-11-07T09:47:30,1762489050000,FINNIFTY,2025-11-07T10:36:30,1762491990000,49,60.00061055990136,603.8029359543707,784.215500959611
2025-11-07T09:47:30,1762489050000,FINNIFTY,2025-11-07T10:37:30,1762492050000,50,79.70961725957329,633.770028906923,827.5326664248765
2025-11-07T09:47:30,1762489050000,FINNIFTY,2025-11-07T10:38:30,1762492110000,51,0.0,637.1399986205344,836.0588685435554
2025-11-07T09:47:30,1762489050000,FINNIFTY,2025-11-07T10:39:30,1762492170000,52,0.0,660.9661692895968,1101.6354980562473
2025-11-07T09:47:30,1762489050000,FINNIFTY,2025-11-07T10:40:30,1762492230000,53,0.0,662.0724985442567,882.7230131776092
2025-11-07T09:47:30,1762489050000,FINNIFTY,2025-11-07T10:41:30,1762492290000,54,34.72812875756438,684.4661842514871,911.1308082026545
2025-11-07T09:47:30,1762489050000,FINNIFTY,2025-11-07T10:42:30,1762492350000,55,26.356099439772834,653.5208880385569,824.7772924663004
2025-11-07T09:47:30,1762489050000,FINNIFTY,2025-11-07T10:43:30,1762492410000,56,21.998455009576332,700.1087373587069,814.630952172039
2025-11-07T09:47:30,1762489050000,FINNIFTY,2025-11-07T10:44:30,1762492470000,57,30.18896649596661,641.404867694438,867.520917926587
2025-11-07T09:47:30,1762489050000,FINNIFTY,2025-11-07T10:45:30,1762492530000,58,36.82120094283505,608.5005950952943,841.0344641741586
2025-11-07T09:47:30,1762489050000,FINNIFTY,2025-11-07T10:46:30,1762492590000,59,0.0,601.6249726370326,863.7000767579774
2025-11-07T09:47:30,1762489050000,FINNIFTY,2025-11-07T10:47:30,1762492650000,60,146.79469218821413,632.1664648690513,849.7422512286814
2025-11-07T09:47:30,1762489050000,FINNIFTY,2025-11-07T09:48:30,1762489110000,1,528.9783543091132,641.15,819.2863536339339
2025-11-07T09:47:30,1762489050000,FINNIFTY,2025-11-07T09:49:30,1762489170000,2,469.26057226290715,639.8830640530235,834.4526384999577
2025-11-07T09:47:30,1762489050000,FINNIFTY,2025-11-07T09:50:30,1762489230000,3,510.12960394117346,678.4091190630479,828.4882321399608
2025-11-07T09:47:30,1762489050000,FINNIFTY,2025-11-07T09:51:30,1762489290000,4,473.1240214659788,708.6295194500907,821.8605586165532
2025-11-07T09:47:30,1762489050000,FINNIFTY,2025-11-07T09:52:30,1762489350000,5,486.6363320436068,737.8283594440687,874.5576073926754
2025-11-07T09:47:30,1762489050000,FINNIFTY,2025-11-07T09:53:30,1762489410000,6,494.64325943955646,692.1515530267169,891.2417703819333
2025-11-07T09:47:30,1762489050000,FINNIFTY,2025-11-07T09:54:30,1762489470000,7,476.6503187710397,718.524760616855,797.6430539020853
2025-11-07T09:47:30,1762489050000,FINNIFTY,2025-11-07T09:55:30,1762489530000,8,477.26556514118164,746.4179524887276,852.9735841633196
2025-11-07T09:47:30,1762489050000,FINNIFTY,2025-11-07T09:56:30,1762489590000,9,494.5953993767292,628.1410999184134,812.8265650621394
2025-11-07T09:47:30,1762489050000,FINNIFTY,2025-11-07T09:57:30,1762489650000,10,509.52049474056815,622.8085702275322,814.6150759871003
2025-11-07T09:47:30,1762489050000,FINNIFTY,2025-11-07T09:58:30,1762489710000,11,497.2698947913313,654.9161211255349,929.3019278688213
2025-11-07T09:47:30,1762489050000,FINNIFTY,2025-11-07T09:59:30,1762489770000,12,590.1088566305677,660.5854898574145,951.1860563120166
2025-11-07T09:47:30,1762489050000,FINNIFTY,2025-11-07T10:00:30,1762489830000,13,518.5832410422727,677.9005817397059,822.3255099920935
2025-11-07T09:47:30,1762489050000,FINNIFTY,2025-11-07T10:01:30,1762489890000,14,542.5360328911438,699.1560659568141,919.0851093015541
2025-11-07T09:47:30,1762489050000,FINNIFTY,2025-11-07T10:02:30,1762489950000,15,561.17045835765,650.2793848477733,737.8054207411466
2025-11-07T09:47:30,1762489050000,FINNIFTY,2025-11-07T10:03:30,1762490010000,16,570.6461002171663,647.7748116804275,698.7010560017159
2025-11-07T09:47:30,1762489050000,FINNIFTY,2025-11-07T10:04:30,1762490070000,17,599.1450488755097,656.6122939695931,762.6820419220668
2025-11-07T09:47:30,1762489050000,FINNIFTY,2025-11-07T10:05:30,1762490130000,18,593.1113794425469,644.675022148336,840.1328645093037
2025-11-07T09:47:30,1762489050000,FINNIFTY,2025-11-07T10:06:30,1762490190000,19,417.2634972984456,651.0479923831905,954.5656498696904
2025-11-07T09:47:30,1762489050000,FINNIFTY,2025-11-07T10:07:30,1762490250000,20,374.3774008077687,673.0795038148373,776.7167130210408
2025-11-07T09:47:30,1762489050000,FINNIFTY,2025-11-07T10:08:30,1762490310000,21,439.77404158166945,682.8037723905734,871.1503098052048
2025-11-07T09:47:30,1762489050000,FINNIFTY,2025-11-07T10:09:30,1762490370000,22,445.1049674297319,700.7218213628383,866.726005181337
2025-11-07T09:47:30,1762489050000,FINNIFTY,2025-11-07T10:10:30,1762490430000,23,440.13575634410296,652.7319026551082,840.6431737222919
2025-11-07T09:47:30,1762489050000,FINNIFTY,2025-11-07T10:11:30,1762490490000,24,439.85602979438085,664.0302088643746,841.4095050366383
2025-11-07T09:47:30,1762489050000,FINNIFTY,2025-11-07T10:12:30,1762490550000,25,367.96547233714705,702.2235487674322,803.0645924338372
2025-11-07T09:47:30,1762489050000,FINNIFTY,2025-11-07T10:13:30,1762490610000,26,372.4697418073887,652.7034873394716,813.8017091806822
2025-11-07T09:47:30,1762489050000,FINNIFTY,2025-11-07T10:14:30,1762490670000,27,296.77159421154624,648.3157359433108,828.2504255958924
2025-11-07T09:47:30,1762489050000,FINNIFTY,2025-11-07T10:15:30,1762490730000,28,286.029478556698,652.5073708169333,878.0115722855575
2025-11-07T09:47:30,1762489050000,FINNIFTY,2025-11-07T10:16:30,1762490790000,29,81.3776938610199,732.5511235618034,875.6959301809682
2025-11-07T09:47:30,1762489050000,FINNIFTY,2025-11-07T10:17:30,1762490850000,30,39.546527983698866,711.0948064202242,878.1887959470766
2025-11-07T09:47:30,1762489050000,FINNIFTY,2025-11-07T10:18:30,1762490910000,31,57.40776435048463,699.8811198384705,833.0642248191847
2025-11-07T09:47:30,1762489050000,FINNIFTY,2025-11-07T10:19:30,1762490970000,32,17.76280520726391,670.7274479235904,916.0430552238462
2025-11-07T09:47:30,1762489050000,FINNIFTY,2025-11-07T10:20:30,1762491030000,33,0.0,674.0800022806455,885.4027094276522
2025-11-07T09:47:30,1762489050000,FINNIFTY,2025-11-07T10:21:30,1762491090000,34,0.0,627.7730189301789,891.5945017482753
2025-11-07T09:47:30,1762489050000,FINNIFTY,2025-11-07T10:22:30,1762491150000,35,0.0,674.0324991734143,1013.0262899224138
2025-11-07T09:47:30,1762489050000,FINNIFTY,2025-11-07T10:23:30,1762491210000,36,0.0,636.0902162783115,1022.8297166601526
2025-11-07T09:47:30,1762489050000,FINNIFTY,2025-11-07T10:24:30,1762491270000,37,0.0,629.0336014909306,1098.4537807110614
2025-11-07T09:47:30,1762489050000,FINNIFTY,2025-11-07T10:25:30,1762491330000,38,0.0,664.5584418009647,1095.3152269769935
2025-11-07T09:47:30,1762489050000,FINNIFTY,2025-11-07T10:26:30,1762491390000,39,34.22857070234352,647.8514018093466,935.2823686904313
2025-11-07T09:47:30,1762489050000,FINNIFTY,2025-11-07T10:27:30,1762491450000,40,331.72490385683807,599.9256083012829,943.6436750231275
2025-11-07T09:47:30,1762489050000,FINNIFTY,2025-11-07T10:28:30,1762491510000,41,317.99512686080936,708.7934827210202,928.325996002112
2025-11-07T09:47:30,1762489050000,FINNIFTY,2025-11-07T10:29:30,1762491570000,42,0.0,664.7674777813384,861.4764857384823
2025-11-07T09:47:30,1762489050000,FINNIFTY,2025-11-07T10:30:30,1762491630000,43,0.0,654.167997526316,837.0066991992837
2025-11-07T09:47:30,1762489050000,FINNIFTY,2025-11-07T10:31:30,1762491690000,44,39.12266050865276,700.8268593607476,831.6928093074893
2025-11-07T09:47:30,1762489050000,FINNIFTY,2025-11-07T10:32:30,1762491750000,45,0.0,676.3182126252765,809.3674727483386
2025-11-07T09:47:30,1762489050000,FINNIFTY,2025-11-07T10:33:30,1762491810000,46,23.653816925727597,615.8079990458979,804.7974249350314
2025-11-07T09:47:30,1762489050000,FINNIFTY,2025-11-07T10:34:30,1762491870000,47,26.51079516215077,619.3833111082049,857.1987058081044
2025-11-07T09:47:30,1762489050000,FINNIFTY,2025-11-07T10:35:30,1762491930000,48,0.0,667.7452333227242,806.6974014772435
2025-11-07T09:47:30,1762489050000,FINNIFTY,2025-11-07T10:36:30,1762491990000,49,60.00061055990136,603.8029359543707,784.215500959611
2025-11-07T09:47:30,1762489050000,FINNIFTY,2025-11-07T10:37:30,1762492050000,50,79.70961725957329,633.770028906923,827.5326664248765
2025-11-07T09:47:30,1762489050000,FINNIFTY,2025-11-07T10:38:30,1762492110000,51,0.0,637.1399986205344,836.0588685435554
2025-11-07T09:47:30,1762489050000,FINNIFTY,2025-11-07T10:39:30,1762492170000,52,0.0,660.9661692895968,1101.6354980562473
2025-11-07T09:47:30,1762489050000,FINNIFTY,2025-11-07T10:40:30,1762492230000,53,0.0,662.0724985442567,882.7230131776092
2025-11-07T09:47:30,1762489050000,FINNIFTY,2025-11-07T10:41:30,1762492290000,54,34.72812875756438,684.4661842514871,911.1308082026545
2025-11-07T09:47:30,1762489050000,FINNIFTY,2025-11-07T10:42:30,1762492350000,55,26.356099439772834,653.5208880385569,824.7772924663004
2025-11-07T09:47:30,1762489050000,FINNIFTY,2025-11-07T10:43:30,1762492410000,56,21.998455009576332,700.1087373587069,814.630952172039
2025-11-07T09:47:30,1762489050000,FINNIFTY,2025-11-07T10:44:30,1762492470000,57,30.18896649596661,641.404867694438,867.520917926587
2025-11-07T09:47:30,1762489050000,FINNIFTY,2025-11-07T10:45:30,1762492530000,58,36.82120094283505,608.5005950952943,841.0344641741586
2025-11-07T09:47:30,1762489050000,FINNIFTY,2025-11-07T10:46:30,1762492590000,59,0.0,601.6249726370326,863.7000767579774
2025-11-07T09:47:30,1762489050000,FINNIFTY,2025-11-07T10:47:30,1762492650000,60,146.79469218821413,632.1664648690513,849.7422512286814
2025-11-07T09:47:30,1762489050000,FINNIFTY,2025-11-07T09:48:30,1762489110000,1,528.9783543091132,641.15,819.2863536339339
2025-11-07T09:47:30,1762489050000,FINNIFTY,2025-11-07T09:49:30,1762489170000,2,469.26057226290715,639.8830640530235,834.4526384999577
2025-11-07T09:47:30,1762489050000,FINNIFTY,2025-11-07T09:50:30,1762489230000,3,510.12960394117346,678.4091190630479,828.4882321399608
2025-11-07T09:47:30,1762489050000,FINNIFTY,2025-11-07T09:51:30,1762489290000,4,473.1240214659788,708.6295194500907,821.8605586165532
2025-11-07T09:47:30,1762489050000,FINNIFTY,2025-11-07T09:52:30,1762489350000,5,486.6363320436068,737.8283594440687,874.5576073926754
2025-11-07T09:47:30,1762489050000,FINNIFTY,2025-11-07T09:53:30,1762489410000,6,494.64325943955646,692.1515530267169,891.2417703819333
2025-11-07T09:47:30,1762489050000,FINNIFTY,2025-11-07T09:54:30,1762489470000,7,476.6503187710397,718.524760616855,797.6430539020853
2025-11-07T09:47:30,1762489050000,FINNIFTY,2025-11-07T09:55:30,1762489530000,8,477.26556514118164,746.4179524887276,852.9735841633196
2025-11-07T09:47:30,1762489050000,FINNIFTY,2025-11-07T09:56:30,1762489590000,9,494.5953993767292,628.1410999184134,812.8265650621394
2025-11-07T09:47:30,1762489050000,FINNIFTY,2025-11-07T09:57:30,1762489650000,10,509.52049474056815,622.8085702275322,814.6150759871003
2025-11-07T09:47:30,1762489050000,FINNIFTY,2025-11-07T09:58:30,1762489710000,11,497.2698947913313,654.9161211255349,929.3019278688213
2025-11-07T09:47:30,1762489050000,FINNIFTY,2025-11-07T09:59:30,1762489770000,12,590.1088566305677,660.5854898574145,951.1860563120166
2025-11-07T09:47:30,1762489050000,FINNIFTY,2025-11-07T10:00:30,1762489830000,13,518.5832410422727,677.9005817397059,822.3255099920935
2025-11-07T09:47:30,1762489050000,FINNIFTY,2025-11-07T10:01:30,1762489890000,14,542.5360328911438,699.1560659568141,919.0851093015541
2025-11-07T09:47:30,1762489050000,FINNIFTY,2025-11-07T10:02:30,1762489950000,15,561.17045835765,650.2793848477733,737.8054207411466
2025-11-07T09:47:30,1762489050000,FINNIFTY,2025-11-07T10:03:30,1762490010000,16,570.6461002171663,647.7748116804275,698.7010560017159
2025-11-07T09:47:30,1762489050000,FINNIFTY,2025-11-07T10:04:30,1762490070000,17,599.1450488755097,656.6122939695931,762.6820419220668
2025-11-07T09:47:30,1762489050000,FINNIFTY,2025-11-07T10:05:30,1762490130000,18,593.1113794425469,644.675022148336,840.1328645093037
2025-11-07T09:47:30,1762489050000,FINNIFTY,2025-11-07T10:06:30,1762490190000,19,417.2634972984456,651.0479923831905,954.5656498696904
2025-11-07T09:47:30,1762489050000,FINNIFTY,2025-11-07T10:07:30,1762490250000,20,374.3774008077687,673.0795038148373,776.7167130210408
2025-11-07T09:47:30,1762489050000,FINNIFTY,2025-11-07T10:08:30,1762490310000,21,439.77404158166945,682.8037723905734,871.1503098052048
2025-11-07T09:47:30,1762489050000,FINNIFTY,2025-11-07T10:09:30,1762490370000,22,445.1049674297319,700.7218213628383,866.726005181337
2025-11-07T09:47:30,1762489050000,FINNIFTY,2025-11-07T10:10:30,1762490430000,23,440.13575634410296,652.7319026551082,840.6431737222919
2025-11-07T09:47:30,1762489050000,FINNIFTY,2025-11-07T10:11:30,1762490490000,24,439.85602979438085,664.0302088643746,841.4095050366383
2025-11-07T09:47:30,1762489050000,FINNIFTY,2025-11-07T10:12:30,1762490550000,25,367.96547233714705,702.2235487674322,803.0645924338372
2025-11-07T09:47:30,1762489050000,FINNIFTY,2025-11-07T10:13:30,1762490610000,26,372.4697418073887,652.7034873394716,813.8017091806822
2025-11-07T09:47:30,1762489050000,FINNIFTY,2025-11-07T10:14:30,1762490670000,27,296.77159421154624,648.3157359433108,828.2504255958924
2025-11-07T09:47:30,1762489050000,FINNIFTY,2025-11-07T10:15:30,1762490730000,28,286.029478556698,652.5073708169333,878.0115722855575
2025-11-07T09:47:30,1762489050000,FINNIFTY,2025-11-07T10:16:30,1762490790000,29,81.3776938610199,732.5511235618034,875.6959301809682
2025-11-07T09:47:30,1762489050000,FINNIFTY,2025-11-07T10:17:30,1762490850000,30,39.546527983698866,711.0948064202242,878.1887959470766
2025-11-07T09:47:30,1762489050000,FINNIFTY,2025-11-07T10:18:30,1762490910000,31,57.40776435048463,699.8811198384705,833.0642248191847
2025-11-07T09:47:30,1762489050000,FINNIFTY,2025-11-07T10:19:30,1762490970000,32,17.76280520726391,670.7274479235904,916.0430552238462
2025-11-07T09:47:30,1762489050000,FINNIFTY,2025-11-07T10:20:30,1762491030000,33,0.0,674.0800022806455,885.4027094276522
2025-11-07T09:47:30,1762489050000,FINNIFTY,2025-11-07T10:21:30,1762491090000,34,0.0,627.7730189301789,891.5945017482753
2025-11-07T09:47:30,1762489050000,FINNIFTY,2025-11-07T10:22:30,1762491150000,35,0.0,674.0324991734143,1013.0262899224138
2025-11-07T09:47:30,1762489050000,FINNIFTY,2025-11-07T10:23:30,1762491210000,36,0.0,636.0902162783115,1022.8297166601526
2025-11-07T09:47:30,1762489050000,FINNIFTY,2025-11-07T10:24:30,1762491270000,37,0.0,629.0336014909306,1098.4537807110614
2025-11-07T09:47:30,1762489050000,FINNIFTY,2025-11-07T10:25:30,1762491330000,38,0.0,664.5584418009647,1095.3152269769935
2025-11-07T09:47:30,1762489050000,FINNIFTY,2025-11-07T10:26:30,1762491390000,39,34.22857070234352,647.8514018093466,935.2823686904313
2025-11-07T09:47:30,1762489050000,FINNIFTY,2025-11-07T10:27:30,1762491450000,40,331.72490385683807,599.9256083012829,943.6436750231275
2025-11-07T09:47:30,1762489050000,FINNIFTY,2025-11-07T10:28:30,1762491510000,41,317.99512686080936,708.7934827210202,928.325996002112
2025-11-07T09:47:30,1762489050000,FINNIFTY,2025-11-07T10:29:30,1762491570000,42,0.0,664.7674777813384,861.4764857384823
2025-11-07T09:47:30,1762489050000,FINNIFTY,2025-11-07T10:30:30,1762491630000,43,0.0,654.167997526316,837.0066991992837
2025-11-07T09:47:30,1762489050000,FINNIFTY,2025-11-07T10:31:30,1762491690000,44,39.12266050865276,700.8268593607476,831.6928093074893
2025-11-07T09:47:30,1762489050000,FINNIFTY,2025-11-07T10:32:30,1762491750000,45,0.0,676.3182126252765,809.3674727483386
2025-11-07T09:47:30,1762489050000,FINNIFTY,2025-11-07T10:33:30,1762491810000,46,23.653816925727597,615.8079990458979,804.7974249350314
2025-11-07T09:47:30,1762489050000,FINNIFTY,2025-11-07T10:34:30,1762491870000,47,26.51079516215077,619.3833111082049,857.1987058081044
2025-11-07T09:47:30,1762489050000,FINNIFTY,2025-11-07T10:35:30,1762491930000,48,0.0,667.7452333227242,806.6974014772435
2025-11-07T09:47:30,1762489050000,FINNIFTY,2025-11-07T10:36:30,1762491990000,49,60.00061055990136,603.8029359543707,784.215500959611
2025-11-07T09:47:30,1762489050000,FINNIFTY,2025-11-07T10:37:30,1762492050000,50,79.70961725957329,633.770028906923,827.5326664248765
2025-11-07T09:47:30,1762489050000,FINNIFTY,2025-11-07T10:38:30,1762492110000,51,0.0,637.1399986205344,836.0588685435554
2025-11-07T09:47:30,1762489050000,FINNIFTY,2025-11-07T10:39:30,1762492170000,52,0.0,660.9661692895968,1101.6354980562473
2025-11-07T09:47:30,1762489050000,FINNIFTY,2025-11-07T10:40:30,1762492230000,53,0.0,662.0724985442567,882.7230131776092
2025-11-07T09:47:30,1762489050000,FINNIFTY,2025-11-07T10:41:30,1762492290000,54,34.72812875756438,684.4661842514871,911.1308082026545
2025-11-07T09:47:30,1762489050000,FINNIFTY,2025-11-07T10:42:30,1762492350000,55,26.356099439772834,653.5208880385569,824.7772924663004
2025-11-07T09:47:30,1762489050000,FINNIFTY,2025-11-07T10:43:30,1762492410000,56,21.998455009576332,700.1087373587069,814.630952172039
2025-11-07T09:47:30,1762489050000,FINNIFTY,2025-11-07T10:44:30,1762492470000,57,30.18896649596661,641.404867694438,867.520917926587
2025-11-07T09:47:30,1762489050000,FINNIFTY,2025-11-07T10:45:30,1762492530000,58,36.82120094283505,608.5005950952943,841.0344641741586
2025-11-07T09:47:30,1762489050000,FINNIFTY,2025-11-07T10:46:30,1762492590000,59,0.0,601.6249726370326,863.7000767579774
2025-11-07T09:47:30,1762489050000,FINNIFTY,2025-11-07T10:47:30,1762492650000,60,146.79469218821413,632.1664648690513,849.7422512286814
2025-11-07T09:47:30,1762489050000,FINNIFTY,2025-11-07T09:48:30,1762489110000,1,528.9783543091132,641.15,819.2863536339339
2025-11-07T09:47:30,1762489050000,FINNIFTY,2025-11-07T09:49:30,1762489170000,2,469.26057226290715,639.8830640530235,834.4526384999577
2025-11-07T09:47:30,1762489050000,FINNIFTY,2025-11-07T09:50:30,1762489230000,3,510.12960394117346,678.4091190630479,828.4882321399608
2025-11-07T09:47:30,1762489050000,FINNIFTY,2025-11-07T09:51:30,1762489290000,4,473.1240214659788,708.6295194500907,821.8605586165532
2025-11-07T09:47:30,1762489050000,FINNIFTY,2025-11-07T09:52:30,1762489350000,5,486.6363320436068,737.8283594440687,874.5576073926754
2025-11-07T09:47:30,1762489050000,FINNIFTY,2025-11-07T09:53:30,1762489410000,6,494.64325943955646,692.1515530267169,891.2417703819333
2025-11-07T09:47:30,1762489050000,FINNIFTY,2025-11-07T09:54:30,1762489470000,7,476.6503187710397,718.524760616855,797.6430539020853
2025-11-07T09:47:30,1762489050000,FINNIFTY,2025-11-07T09:55:30,1762489530000,8,477.26556514118164,746.4179524887276,852.9735841633196
2025-11-07T09:47:30,1762489050000,FINNIFTY,2025-11-07T09:56:30,1762489590000,9,494.5953993767292,628.1410999184134,812.8265650621394
2025-11-07T09:47:30,1762489050000,FINNIFTY,2025-11-07T09:57:30,1762489650000,10,509.52049474056815,622.8085702275322,814.6150759871003
2025-11-07T09:47:30,1762489050000,FINNIFTY,2025-11-07T09:58:30,1762489710000,11,497.2698947913313,654.9161211255349,929.3019278688213
2025-11-07T09:47:30,1762489050000,FINNIFTY,2025-11-07T09:59:30,1762489770000,12,590.1088566305677,660.5854898574145,951.1860563120166
2025-11-07T09:47:30,1762489050000,FINNIFTY,2025-11-07T10:00:30,1762489830000,13,518.5832410422727,677.9005817397059,822.3255099920935
2025-11-07T09:47:30,1762489050000,FINNIFTY,2025-11-07T10:01:30,1762489890000,14,542.5360328911438,699.1560659568141,919.0851093015541
2025-11-07T09:47:30,1762489050000,FINNIFTY,2025-11-07T10:02:30,1762489950000,15,561.17045835765,650.2793848477733,737.8054207411466
2025-11-07T09:47:30,1762489050000,FINNIFTY,2025-11-07T10:03:30,1762490010000,16,570.6461002171663,647.7748116804275,698.7010560017159
2025-11-07T09:47:30,1762489050000,FINNIFTY,2025-11-07T10:04:30,1762490070000,17,599.1450488755097,656.6122939695931,762.6820419220668
2025-11-07T09:47:30,1762489050000,FINNIFTY,2025-11-07T10:05:30,1762490130000,18,593.1113794425469,644.675022148336,840.1328645093037
2025-11-07T09:47:30,1762489050000,FINNIFTY,2025-11-07T10:06:30,1762490190000,19,417.2634972984456,651.0479923831905,954.5656498696904
2025-11-07T09:47:30,1762489050000,FINNIFTY,2025-11-07T10:07:30,1762490250000,20,374.3774008077687,673.0795038148373,776.7167130210408
2025-11-07T09:47:30,1762489050000,FINNIFTY,2025-11-07T10:08:30,1762490310000,21,439.77404158166945,682.8037723905734,871.1503098052048
2025-11-07T09:47:30,1762489050000,FINNIFTY,2025-11-07T10:09:30,1762490370000,22,445.1049674297319,700.7218213628383,866.726005181337
2025-11-07T09:47:30,1762489050000,FINNIFTY,2025-11-07T10:10:30,1762490430000,23,440.13575634410296,652.7319026551082,840.6431737222919
2025-11-07T09:47:30,1762489050000,FINNIFTY,2025-11-07T10:11:30,1762490490000,24,439.85602979438085,664.0302088643746,841.4095050366383
2025-11-07T09:47:30,1762489050000,FINNIFTY,2025-11-07T10:12:30,1762490550000,25,367.96547233714705,702.2235487674322,803.0645924338372
2025-11-07T09:47:30,1762489050000,FINNIFTY,2025-11-07T10:13:30,1762490610000,26,372.4697418073887,652.7034873394716,813.8017091806822
2025-11-07T09:47:30,1762489050000,FINNIFTY,2025-11-07T10:14:30,1762490670000,27,296.77159421154624,648.3157359433108,828.2504255958924
2025-11-07T09:47:30,1762489050000,FINNIFTY,2025-11-07T10:15:30,1762490730000,28,286.029478556698,652.5073708169333,878.0115722855575
2025-11-07T09:47:30,1762489050000,FINNIFTY,2025-11-07T10:16:30,1762490790000,29,81.3776938610199,732.5511235618034,875.6959301809682
2025-11-07T09:47:30,1762489050000,FINNIFTY,2025-11-07T10:17:30,1762490850000,30,39.546527983698866,711.0948064202242,878.1887959470766
2025-11-07T09:47:30,1762489050000,FINNIFTY,2025-11-07T10:18:30,1762490910000,31,57.40776435048463,699.8811198384705,833.0642248191847
2025-11-07T09:47:30,1762489050000,FINNIFTY,2025-11-07T10:19:30,1762490970000,32,17.76280520726391,670.7274479235904,916.0430552238462
2025-11-07T09:47:30,1762489050000,FINNIFTY,2025-11-07T10:20:30,1762491030000,33,0.0,674.0800022806455,885.4027094276522
2025-11-07T09:47:30,1762489050000,FINNIFTY,2025-11-07T10:21:30,1762491090000,34,0.0,627.7730189301789,891.5945017482753
2025-11-07T09:47:30,1762489050000,FINNIFTY,2025-11-07T10:22:30,1762491150000,35,0.0,674.0324991734143,1013.0262899224138
2025-11-07T09:47:30,1762489050000,FINNIFTY,2025-11-07T10:23:30,1762491210000,36,0.0,636.0902162783115,1022.8297166601526
2025-11-07T09:47:30,1762489050000,FINNIFTY,2025-11-07T10:24:30,1762491270000,37,0.0,629.0336014909306,1098.4537807110614
2025-11-07T09:47:30,1762489050000,FINNIFTY,2025-11-07T10:25:30,1762491330000,38,0.0,664.5584418009647,1095.3152269769935
2025-11-07T09:47:30,1762489050000,FINNIFTY,2025-11-07T10:26:30,1762491390000,39,34.22857070234352,647.8514018093466,935.2823686904313
2025-11-07T09:47:30,1762489050000,FINNIFTY,2025-11-07T10:27:30,1762491450000,40,331.72490385683807,599.9256083012829,943.6436750231275
2025-11-07T09:47:30,1762489050000,FINNIFTY,2025-11-07T10:28:30,1762491510000,41,317.99512686080936,708.7934827210202,928.325996002112
2025-11-07T09:47:30,1762489050000,FINNIFTY,2025-11-07T10:29:30,1762491570000,42,0.0,664.7674777813384,861.4764857384823
2025-11-07T09:47:30,1762489050000,FINNIFTY,2025-11-07T10:30:30,1762491630000,43,0.0,654.167997526316,837.0066991992837
2025-11-07T09:47:30,1762489050000,FINNIFTY,2025-11-07T10:31:30,1762491690000,44,39.12266050865276,700.8268593607476,831.6928093074893
2025-11-07T09:47:30,1762489050000,FINNIFTY,2025-11-07T10:32:30,1762491750000,45,0.0,676.3182126252765,809.3674727483386
2025-11-07T09:47:30,1762489050000,FINNIFTY,2025-11-07T10:33:30,1762491810000,46,23.653816925727597,615.8079990458979,804.7974249350314
2025-11-07T09:47:30,1762489050000,FINNIFTY,2025-11-07T10:34:30,1762491870000,47,26.51079516215077,619.3833111082049,857.1987058081044
2025-11-07T09:47:30,1762489050000,FINNIFTY,2025-11-07T10:35:30,1762491930000,48,0.0,667.7452333227242,806.6974014772435
2025-11-07T09:47:30,1762489050000,FINNIFTY,2025-11-07T10:36:30,1762491990000,49,60.00061055990136,603.8029359543707,784.215500959611
2025-11-07T09:47:30,1762489050000,FINNIFTY,2025-11-07T10:37:30,1762492050000,50,79.70961725957329,633.770028906923,827.5326664248765
2025-11-07T09:47:30,1762489050000,FINNIFTY,2025-11-07T10:38:30,1762492110000,51,0.0,637.1399986205344,836.0588685435554
2025-11-07T09:47:30,1762489050000,FINNIFTY,2025-11-07T10:39:30,1762492170000,52,0.0,660.9661692895968,1101.6354980562473
2025-11-07T09:47:30,1762489050000,FINNIFTY,2025-11-07T10:40:30,1762492230000,53,0.0,662.0724985442567,882.7230131776092
2025-11-07T09:47:30,1762489050000,FINNIFTY,2025-11-07T10:41:30,1762492290000,54,34.72812875756438,684.4661842514871,911.1308082026545
2025-11-07T09:47:30,1762489050000,FINNIFTY,2025-11-07T10:42:30,1762492350000,55,26.356099439772834,653.5208880385569,824.7772924663004
2025-11-07T09:47:30,1762489050000,FINNIFTY,2025-11-07T10:43:30,1762492410000,56,21.998455009576332,700.1087373587069,814.630952172039
2025-11-07T09:47:30,1762489050000,FINNIFTY,2025-11-07T10:44:30,1762492470000,57,30.18896649596661,641.404867694438,867.520917926587
2025-11-07T09:47:30,1762489050000,FINNIFTY,2025-11-07T10:45:30,1762492530000,58,36.82120094283505,608.5005950952943,841.0344641741586
2025-11-07T09:47:30,1762489050000,FINNIFTY,2025-11-07T10:46:30,1762492590000,59,0.0,601.6249726370326,863.7000767579774
2025-11-07T09:47:30,1762489050000,FINNIFTY,2025-11-07T10:47:30,1762492650000,60,146.79469218821413,632.1664648690513,849.7422512286814
2025-11-07T09:48:00,1762489080000,FINNIFTY,2025-11-07T09:49:00,1762489140000,1,529.040499944694,641.15,819.1876620541818
2025-11-07T09:48:00,1762489080000,FINNIFTY,2025-11-07T09:50:00,1762489200000,2,470.8786401057682,641.4066031659961,835.8683816561694
2025-11-07T09:48:00,1762489080000,FINNIFTY,2025-11-07T09:51:00,1762489260000,3,510.19678735760135,678.3830718117962,828.3790376565177
2025-11-07T09:48:00,1762489080000,FINNIFTY,2025-11-07T09:52:00,1762489320000,4,472.9691562043799,708.344178801732,821.5124854046029
2025-11-07T09:48:00,1762489080000,FINNIFTY,2025-11-07T09:53:00,1762489380000,5,488.66591118622625,739.7187725068871,876.3722693513363
2025-11-07T09:48:00,1762489080000,FINNIFTY,2025-11-07T09:54:00,1762489440000,6,493.47885537401686,690.8777248873674,889.857641747131
2025-11-07T09:48:00,1762489080000,FINNIFTY,2025-11-07T09:55:00,1762489500000,7,479.5968761607611,721.33731408048,800.4117740369577
2025-11-07T09:48:00,1762489080000,FINNIFTY,2025-11-07T09:56:00,1762489560000,8,475.6150471869511,744.6183180079738,851.114915446112
2025-11-07T09:48:00,1762489080000,FINNIFTY,2025-11-07T09:57:00,1762489620000,9,495.1090753019946,628.5807884969822,813.1639337046565
2025-11-07T09:48:00,1762489080000,FINNIFTY,2025-11-07T09:58:00,1762489680000,10,512.3970556706794,625.6223669946368,817.3226076001587
2025-11-07T09:48:00,1762489080000,FINNIFTY,2025-11-07T09:59:00,1762489740000,11,496.74494112002697,654.3038278696848,928.5376186534174
2025-11-07T09:48:00,1762489080000,FINNIFTY,2025-11-07T10:00:00,1762489800000,12,589.9703542761885,660.4079418499336,950.847509000378
2025-11-07T09:48:00,1762489080000,FINNIFTY,2025-11-07T10:01:00,1762489860000,13,517.4109561643284,676.6400314419606,820.9849450087769
2025-11-07T09:48:00,1762489080000,FINNIFTY,2025-11-07T10:02:00,1762489920000,14,543.0226276238243,699.555889639292,919.3630873063906
2025-11-07T09:48:00,1762489080000,FINNIFTY,2025-11-07T10:03:00,1762489980000,15,561.8659599652548,650.925518089259,738.4030625738011
2025-11-07T09:48:00,1762489080000,FINNIFTY,2025-11-07T10:04:00,1762490040000,16,570.5287812554147,647.6147616633732,698.5127916903842
2025-11-07T09:48:00,1762489080000,FINNIFTY,2025-11-07T10:05:00,1762490100000,17,601.1693071365468,658.6047140735858,764.6156969802066
2025-11-07T09:48:00,1762489080000,FINNIFTY,2025-11-07T10:06:00,1762490160000,18,593.3802344981018,644.9153097764535,840.2648640600916
2025-11-07T09:48:00,1762489080000,FINNIFTY,2025-11-07T10:07:00,1762490220000,19,418.17774751433103,651.8327206869519,955.1822225079239
2025-11-07T09:48:00,1762489080000,FINNIFTY,2025-11-07T10:08:00,1762490280000,20,374.9579167556539,673.4945320235851,777.0743238655673
2025-11-07T09:48:00,1762489080000,FINNIFTY,2025-11-07T10:09:00,1762490340000,21,439.98371092286243,682.8787977493845,871.120986910899
2025-11-07T09:48:00,1762489080000,FINNIFTY,2025-11-07T10:10:00,1762490400000,22,446.0095748556738,701.4848112547323,867.3970249906944
2025-11-07T09:48:00,1762489080000,FINNIFTY,2025-11-07T10:11:00,1762490460000,23,440.67985665315337,653.158219877772,840.9653838392665
2025-11-07T09:48:00,1762489080000,FINNIFTY,2025-11-07T10:12:00,1762490520000,24,440.3656696936681,664.4156511845562,841.6966752040702
2025-11-07T09:48:00,1762489080000,FINNIFTY,2025-11-07T10:13:00,1762490580000,25,369.26492205791686,703.3378119334374,804.1229873747424
2025-11-07T09:48:00,1762489080000,FINNIFTY,2025-11-07T10:14:00,1762490640000,26,374.0901693231001,654.1686590049188,815.1776287777872
2025-11-07T09:48:00,1762489080000,FINNIFTY,2025-11-07T10:15:00,1762490700000,27,297.3556893951318,648.7050676999352,828.5400694538268
2025-11-07T09:48:00,1762489080000,FINNIFTY,2025-11-07T10:16:00,1762490760000,28,286.25604120351557,652.5308964003241,877.9101634272708
2025-11-07T09:48:00,1762489080000,FINNIFTY,2025-11-07T10:17:00,1762490820000,29,82.12126065164239,732.9339255048316,875.9994266548409
2025-11-07T09:48:00,1762489080000,FINNIFTY,2025-11-07T10:18:00,1762490880000,30,39.95557788118697,711.1318033418503,878.1332190090884
2025-11-07T09:48:00,1762489080000,FINNIFTY,2025-11-07T10:19:00,1762490940000,31,57.02210516369644,699.1395158425049,832.2488343626865
2025-11-07T09:48:00,1762489080000,FINNIFTY,2025-11-07T10:20:00,1762491000000,32,18.540785054863818,671.1436705509635,916.3233674414215
2025-11-07T09:48:00,1762489080000,FINNIFTY,2025-11-07T10:21:00,1762491060000,33,0.0,675.8789829014898,887.0846124762865
2025-11-07T09:48:00,1762489080000,FINNIFTY,2025-11-07T10:22:00,1762491120000,34,0.0,628.3234217782893,891.9987415118682
2025-11-07T09:48:00,1762489080000,FINNIFTY,2025-11-07T10:23:00,1762491180000,35,0.0,673.5881031805593,1012.3940836816632
2025-11-07T09:48:00,1762489080000,FINNIFTY,2025-11-07T10:24:00,1762491240000,36,0.0,636.9817495396157,1023.5069874676308
2025-11-07T09:48:00,1762489080000,FINNIFTY,2025-11-07T10:25:00,1762491300000,37,0.0,629.767758321811,1098.927868116978
2025-11-07T09:48:00,1762489080000,FINNIFTY,2025-11-07T10:26:00,1762491360000,38,0.0,665.3423108444181,1095.8604469926051
2025-11-07T09:48:00,1762489080000,FINNIFTY,2025-11-07T10:27:00,1762491420000,39,34.60608892439393,647.8889590670093,935.1606826739811
2025-11-07T09:48:00,1762489080000,FINNIFTY,2025-11-07T10:28:00,1762491480000,40,331.037385016236,599.0895001880687,942.6171393059899
2025-11-07T09:48:00,1762489080000,FINNIFTY,2025-11-07T10:29:00,1762491540000,41,318.2779601987244,708.859804907126,928.2706921972245
2025-11-07T09:48:00,1762489080000,FINNIFTY,2025-11-07T10:30:00,1762491600000,42,0.0,665.5849322613142,862.1849589670138
2025-11-07T09:48:00,1762489080000,FINNIFTY,2025-11-07T10:31:00,1762491660000,43,0.0,654.7665449023749,837.5039497881353
2025-11-07T09:48:00,1762489080000,FINNIFTY,2025-11-07T10:32:00,1762491720000,44,39.65243745355929,700.9900371731292,831.7834844157763
2025-11-07T09:48:00,1762489080000,FINNIFTY,2025-11-07T10:33:00,1762491780000,45,0.0,677.6140685053241,810.5896163209401
2025-11-07T09:48:00,1762489080000,FINNIFTY,2025-11-07T10:34:00,1762491840000,46,23.846368098517473,615.6724833727121,804.5572048339344
2025-11-07T09:48:00,1762489080000,FINNIFTY,2025-11-07T10:35:00,1762491900000,47,32.23990221791473,624.7839533447632,862.4675929227377
2025-11-07T09:48:00,1762489080000,FINNIFTY,2025-11-07T10:36:00,1762491960000,48,0.0,668.1660583353801,807.0412438375357
2025-11-07T09:48:00,1762489080000,FINNIFTY,2025-11-07T10:37:00,1762492020000,49,59.09660141467589,602.5976479883361,782.9102603411037
2025-11-07T09:48:00,1762489080000,FINNIFTY,2025-11-07T10:38:00,1762492080000,50,81.14761450152605,634.901064115646,828.5563527381972
2025-11-07T09:48:00,1762489080000,FINNIFTY,2025-11-07T10:39:00,1762492140000,51,0.0,637.1560888053111,835.9647531632426
2025-11-07T09:48:00,1762489080000,FINNIFTY,2025-11-07T10:40:00,1762492200000,52,0.0,656.4457489836258,1096.8709369484857
2025-11-07T09:48:00,1762489080000,FINNIFTY,2025-11-07T10:41:00,1762492260000,53,0.0,662.3891107062004,882.9173799504559
2025-11-07T09:48:00,1762489080000,FINNIFTY,2025-11-07T10:42:00,1762492320000,54,35.83070793284344,685.2087938090343,911.7478404181527
2025-11-07T09:48:00,1762489080000,FINNIFTY,2025-11-07T10:43:00,1762492380000,55,27.965425370592357,654.7827504534291,825.9442749493065
2025-11-07T09:48:00,1762489080000,FINNIFTY,2025-11-07T10:44:00,1762492440000,56,23.00488940474429,700.7394832790297,815.19825018818
2025-11-07T09:48:00,1762489080000,FINNIFTY,2025-11-07T10:45:00,1762492500000,57,30.804452551872828,641.6817262797109,867.6725030920918
2025-11-07T09:48:00,1762489080000,FINNIFTY,2025-11-07T10:46:00,1762492560000,58,37.45600321383995,608.818674017192,841.2237140591018
2025-11-07T09:48:00,1762489080000,FINNIFTY,2025-11-07T10:47:00,1762492620000,59,0.0,601.4044796028448,863.3343881726751
2025-11-07T09:48:00,1762489080000,FINNIFTY,2025-11-07T10:48:00,1762492680000,60,148.82196532504213,633.9248310363821,851.3800754761087
2025-11-07T09:48:00,1762489080000,FINNIFTY,2025-11-07T09:49:00,1762489140000,1,529.040499944694,641.15,819.1876620541818
2025-11-07T09:48:00,1762489080000,FINNIFTY,2025-11-07T09:50:00,1762489200000,2,470.8786401057682,641.4066031659961,835.8683816561694
2025-11-07T09:48:00,1762489080000,FINNIFTY,2025-11-07T09:51:00,1762489260000,3,510.19678735760135,678.3830718117962,828.3790376565177
2025-11-07T09:48:00,1762489080000,FINNIFTY,2025-11-07T09:52:00,1762489320000,4,472.9691562043799,708.344178801732,821.5124854046029
2025-11-07T09:48:00,1762489080000,FINNIFTY,2025-11-07T09:53:00,1762489380000,5,488.66591118622625,739.7187725068871,876.3722693513363
2025-11-07T09:48:00,1762489080000,FINNIFTY,2025-11-07T09:54:00,1762489440000,6,493.47885537401686,690.8777248873674,889.857641747131
2025-11-07T09:48:00,1762489080000,FINNIFTY,2025-11-07T09:55:00,1762489500000,7,479.5968761607611,721.33731408048,800.4117740369577
2025-11-07T09:48:00,1762489080000,FINNIFTY,2025-11-07T09:56:00,1762489560000,8,475.6150471869511,744.6183180079738,851.114915446112
2025-11-07T09:48:00,1762489080000,FINNIFTY,2025-11-07T09:57:00,1762489620000,9,495.1090753019946,628.5807884969822,813.1639337046565
2025-11-07T09:48:00,1762489080000,FINNIFTY,2025-11-07T09:58:00,1762489680000,10,512.3970556706794,625.6223669946368,817.3226076001587
2025-11-07T09:48:00,1762489080000,FINNIFTY,2025-11-07T09:59:00,1762489740000,11,496.74494112002697,654.3038278696848,928.5376186534174
2025-11-07T09:48:00,1762489080000,FINNIFTY,2025-11-07T10:00:00,1762489800000,12,589.9703542761885,660.4079418499336,950.847509000378
2025-11-07T09:48:00,1762489080000,FINNIFTY,2025-11-07T10:01:00,1762489860000,13,517.4109561643284,676.6400314419606,820.9849450087769
2025-11-07T09:48:00,1762489080000,FINNIFTY,2025-11-07T10:02:00,1762489920000,14,543.0226276238243,699.555889639292,919.3630873063906
2025-11-07T09:48:00,1762489080000,FINNIFTY,2025-11-07T10:03:00,1762489980000,15,561.8659599652548,650.925518089259,738.4030625738011
2025-11-07T09:48:00,1762489080000,FINNIFTY,2025-11-07T10:04:00,1762490040000,16,570.5287812554147,647.6147616633732,698.5127916903842
2025-11-07T09:48:00,1762489080000,FINNIFTY,2025-11-07T10:05:00,1762490100000,17,601.1693071365468,658.6047140735858,764.6156969802066
2025-11-07T09:48:00,1762489080000,FINNIFTY,2025-11-07T10:06:00,1762490160000,18,593.3802344981018,644.9153097764535,840.2648640600916
2025-11-07T09:48:00,1762489080000,FINNIFTY,2025-11-07T10:07:00,1762490220000,19,418.17774751433103,651.8327206869519,955.1822225079239
2025-11-07T09:48:00,1762489080000,FINNIFTY,2025-11-07T10:08:00,1762490280000,20,374.9579167556539,673.4945320235851,777.0743238655673
2025-11-07T09:48:00,1762489080000,FINNIFTY,2025-11-07T10:09:00,1762490340000,21,439.98371092286243,682.8787977493845,871.120986910899
2025-11-07T09:48:00,1762489080000,FINNIFTY,2025-11-07T10:10:00,1762490400000,22,446.0095748556738,701.4848112547323,867.3970249906944
2025-11-07T09:48:00,1762489080000,FINNIFTY,2025-11-07T10:11:00,1762490460000,23,440.67985665315337,653.158219877772,840.9653838392665
2025-11-07T09:48:00,1762489080000,FINNIFTY,2025-11-07T10:12:00,1762490520000,24,440.3656696936681,664.4156511845562,841.6966752040702
2025-11-07T09:48:00,1762489080000,FINNIFTY,2025-11-07T10:13:00,1762490580000,25,369.26492205791686,703.3378119334374,804.1229873747424
2025-11-07T09:48:00,1762489080000,FINNIFTY,2025-11-07T10:14:00,1762490640000,26,374.0901693231001,654.1686590049188,815.1776287777872
2025-11-07T09:48:00,1762489080000,FINNIFTY,2025-11-07T10:15:00,1762490700000,27,297.3556893951318,648.7050676999352,828.5400694538268
2025-11-07T09:48:00,1762489080000,FINNIFTY,2025-11-07T10:16:00,1762490760000,28,286.25604120351557,652.5308964003241,877.9101634272708
2025-11-07T09:48:00,1762489080000,FINNIFTY,2025-11-07T10:17:00,1762490820000,29,82.12126065164239,732.9339255048316,875.9994266548409
2025-11-07T09:48:00,1762489080000,FINNIFTY,2025-11-07T10:18:00,1762490880000,30,39.95557788118697,711.1318033418503,878.1332190090884
2025-11-07T09:48:00,1762489080000,FINNIFTY,2025-11-07T10:19:00,1762490940000,31,57.02210516369644,699.1395158425049,832.2488343626865
2025-11-07T09:48:00,1762489080000,FINNIFTY,2025-11-07T10:20:00,1762491000000,32,18.540785054863818,671.1436705509635,916.3233674414215
2025-11-07T09:48:00,1762489080000,FINNIFTY,2025-11-07T10:21:00,1762491060000,33,0.0,675.8789829014898,887.0846124762865
2025-11-07T09:48:00,1762489080000,FINNIFTY,2025-11-07T10:22:00,1762491120000,34,0.0,628.3234217782893,891.9987415118682
2025-11-07T09:48:00,1762489080000,FINNIFTY,2025-11-07T10:23:00,1762491180000,35,0.0,673.5881031805593,1012.3940836816632
2025-11-07T09:48:00,1762489080000,FINNIFTY,2025-11-07T10:24:00,1762491240000,36,0.0,636.9817495396157,1023.5069874676308
2025-11-07T09:48:00,1762489080000,FINNIFTY,2025-11-07T10:25:00,1762491300000,37,0.0,629.767758321811,1098.927868116978
2025-11-07T09:48:00,1762489080000,FINNIFTY,2025-11-07T10:26:00,1762491360000,38,0.0,665.3423108444181,1095.8604469926051
2025-11-07T09:48:00,1762489080000,FINNIFTY,2025-11-07T10:27:00,1762491420000,39,34.60608892439393,647.8889590670093,935.1606826739811
2025-11-07T09:48:00,1762489080000,FINNIFTY,2025-11-07T10:28:00,1762491480000,40,331.037385016236,599.0895001880687,942.6171393059899
2025-11-07T09:48:00,1762489080000,FINNIFTY,2025-11-07T10:29:00,1762491540000,41,318.2779601987244,708.859804907126,928.2706921972245
2025-11-07T09:48:00,1762489080000,FINNIFTY,2025-11-07T10:30:00,1762491600000,42,0.0,665.5849322613142,862.1849589670138
2025-11-07T09:48:00,1762489080000,FINNIFTY,2025-11-07T10:31:00,1762491660000,43,0.0,654.7665449023749,837.5039497881353
2025-11-07T09:48:00,1762489080000,FINNIFTY,2025-11-07T10:32:00,1762491720000,44,39.65243745355929,700.9900371731292,831.7834844157763
2025-11-07T09:48:00,1762489080000,FINNIFTY,2025-11-07T10:33:00,1762491780000,45,0.0,677.6140685053241,810.5896163209401
2025-11-07T09:48:00,1762489080000,FINNIFTY,2025-11-07T10:34:00,1762491840000,46,23.846368098517473,615.6724833727121,804.5572048339344
2025-11-07T09:48:00,1762489080000,FINNIFTY,2025-11-07T10:35:00,1762491900000,47,32.23990221791473,624.7839533447632,862.4675929227377
2025-11-07T09:48:00,1762489080000,FINNIFTY,2025-11-07T10:36:00,1762491960000,48,0.0,668.1660583353801,807.0412438375357
2025-11-07T09:48:00,1762489080000,FINNIFTY,2025-11-07T10:37:00,1762492020000,49,59.09660141467589,602.5976479883361,782.9102603411037
2025-11-07T09:48:00,1762489080000,FINNIFTY,2025-11-07T10:38:00,1762492080000,50,81.14761450152605,634.901064115646,828.5563527381972
2025-11-07T09:48:00,1762489080000,FINNIFTY,2025-11-07T10:39:00,1762492140000,51,0.0,637.1560888053111,835.9647531632426
2025-11-07T09:48:00,1762489080000,FINNIFTY,2025-11-07T10:40:00,1762492200000,52,0.0,656.4457489836258,1096.8709369484857
2025-11-07T09:48:00,1762489080000,FINNIFTY,2025-11-07T10:41:00,1762492260000,53,0.0,662.3891107062004,882.9173799504559
2025-11-07T09:48:00,1762489080000,FINNIFTY,2025-11-07T10:42:00,1762492320000,54,35.83070793284344,685.2087938090343,911.7478404181527
2025-11-07T09:48:00,1762489080000,FINNIFTY,2025-11-07T10:43:00,1762492380000,55,27.965425370592357,654.7827504534291,825.9442749493065
2025-11-07T09:48:00,1762489080000,FINNIFTY,2025-11-07T10:44:00,1762492440000,56,23.00488940474429,700.7394832790297,815.19825018818
2025-11-07T09:48:00,1762489080000,FINNIFTY,2025-11-07T10:45:00,1762492500000,57,30.804452551872828,641.6817262797109,867.6725030920918
2025-11-07T09:48:00,1762489080000,FINNIFTY,2025-11-07T10:46:00,1762492560000,58,37.45600321383995,608.818674017192,841.2237140591018
2025-11-07T09:48:00,1762489080000,FINNIFTY,2025-11-07T10:47:00,1762492620000,59,0.0,601.4044796028448,863.3343881726751
2025-11-07T09:48:00,1762489080000,FINNIFTY,2025-11-07T10:48:00,1762492680000,60,148.82196532504213,633.9248310363821,851.3800754761087
2025-11-07T09:50:00,1762489200000,FINNIFTY,2025-11-07T09:51:00,1762489260000,1,536.9924940068263,644.2,814.4529554789586
2025-11-07T09:50:00,1762489200000,FINNIFTY,2025-11-07T09:52:00,1762489320000,2,478.6522110495804,641.7238295365438,827.6827560560968
2025-11-07T09:50:00,1762489200000,FINNIFTY,2025-11-07T09:53:00,1762489380000,3,519.0935368547871,679.9258667616881,823.3632507417868
2025-11-07T09:50:00,1762489200000,FINNIFTY,2025-11-07T09:54:00,1762489440000,4,481.96968848199003,707.0529252576474,815.2729414238008
2025-11-07T09:50:00,1762489200000,FINNIFTY,2025-11-07T09:55:00,1762489500000,5,495.534655628977,735.6102167666196,866.2885319380557
2025-11-07T09:50:00,1762489200000,FINNIFTY,2025-11-07T09:56:00,1762489560000,6,504.1137459266726,692.8813390027121,883.160848042898
2025-11-07T09:50:00,1762489200000,FINNIFTY,2025-11-07T09:57:00,1762489620000,7,487.4831677291181,718.6534916917225,794.2704165331407
2025-11-07T09:50:00,1762489200000,FINNIFTY,2025-11-07T09:58:00,1762489680000,8,485.1553424516632,742.3964304460004,844.2364582979615
2025-11-07T09:50:00,1762489200000,FINNIFTY,2025-11-07T09:59:00,1762489740000,9,502.12391619105153,629.7595713782728,806.2718083994743
2025-11-07T09:50:00,1762489200000,FINNIFTY,2025-11-07T10:00:00,1762489800000,10,516.3885036526353,624.6630320053074,807.9811690362523
2025-11-07T09:50:00,1762489200000,FINNIFTY,2025-11-07T10:01:00,1762489860000,11,502.6330641921914,653.3026799442799,915.54558312799
2025-11-07T09:50:00,1762489200000,FINNIFTY,2025-11-07T10:02:00,1762489920000,12,591.7674944540586,659.1251946331845,936.865275719759
2025-11-07T09:50:00,1762489200000,FINNIFTY,2025-11-07T10:03:00,1762489980000,13,525.5499123311483,677.8166875258731,815.8501118000382
2025-11-07T09:50:00,1762489200000,FINNIFTY,2025-11-07T10:04:00,1762490040000,14,549.851327430637,699.5401639465039,909.7362797940732
2025-11-07T09:50:00,1762489200000,FINNIFTY,2025-11-07T10:05:00,1762490100000,15,568.0187814439303,653.1842054857681,736.8367895216276
2025-11-07T09:50:00,1762489200000,FINNIFTY,2025-11-07T10:06:00,1762490160000,16,576.8655514215386,650.580943092173,699.2534539540503
2025-11-07T09:50:00,1762489200000,FINNIFTY,2025-11-07T10:07:00,1762490220000,17,604.3310871695301,659.2551277761277,760.6307746186975
2025-11-07T09:50:00,1762489200000,FINNIFTY,2025-11-07T10:08:00,1762490280000,18,597.428113737087,646.7098150116174,833.5176992791891
2025-11-07T09:50:00,1762489200000,FINNIFTY,2025-11-07T10:09:00,1762490340000,19,429.5443129506489,652.982709557369,943.0682377102434
2025-11-07T09:50:00,1762489200000,FINNIFTY,2025-11-07T10:10:00,1762490400000,20,388.1796562867573,673.6627416160967,772.7135013571793
2025-11-07T09:50:00,1762489200000,FINNIFTY,2025-11-07T10:11:00,1762490460000,21,451.39756294788,683.672048730268,863.6833378069787
2025-11-07T09:50:00,1762489200000,FINNIFTY,2025-11-07T10:12:00,1762490520000,22,457.85083802425345,702.1554056465159,860.813098702538
2025-11-07T09:50:00,1762489200000,FINNIFTY,2025-11-07T10:13:00,1762490580000,23,452.7137774281824,655.90151252276,835.4967979002718
2025-11-07T09:50:00,1762489200000,FINNIFTY,2025-11-07T10:14:00,1762490640000,24,452.0425839819695,666.2959676970457,835.8253691810592
2025-11-07T09:50:00,1762489200000,FINNIFTY,2025-11-07T10:15:00,1762490700000,25,383.3666160673681,702.8321504406224,799.2104885370055
2025-11-07T09:50:00,1762489200000,FINNIFTY,2025-11-07T10:16:00,1762490760000,26,386.63013207201436,654.4621743727105,808.4310180778745
2025-11-07T09:50:00,1762489200000,FINNIFTY,2025-11-07T10:17:00,1762490820000,27,312.1471826070765,648.1337900018822,820.1054964032279
2025-11-07T09:50:00,1762489200000,FINNIFTY,2025-11-07T10:18:00,1762490880000,28,301.9190551022677,652.1785220902502,867.7030682581366
2025-11-07T09:50:00,1762489200000,FINNIFTY,2025-11-07T10:19:00,1762490940000,29,108.0946944533274,730.4505397051712,867.2604939408927
2025-11-07T09:50:00,1762489200000,FINNIFTY,2025-11-07T10:20:00,1762491000000,30,68.22437605991252,710.0533841105482,869.7526536834355
2025-11-07T09:50:00,1762489200000,FINNIFTY,2025-11-07T10:21:00,1762491060000,31,84.77741333834877,698.818204883306,826.1073111228287
2025-11-07T09:50:00,1762489200000,FINNIFTY,2025-11-07T10:22:00,1762491120000,32,48.43446030064217,672.5022486992242,906.9614498447228
2025-11-07T09:50:00,1762489200000,FINNIFTY,2025-11-07T10:23:00,1762491180000,33,0.0,676.000667025058,877.9713188187224
2025-11-07T09:50:00,1762489200000,FINNIFTY,2025-11-07T10:24:00,1762491240000,34,0.0,630.7831145227251,882.9292163842482
2025-11-07T09:50:00,1762489200000,FINNIFTY,2025-11-07T10:25:00,1762491300000,35,0.0,674.4983162009124,998.489986551565
2025-11-07T09:50:00,1762489200000,FINNIFTY,2025-11-07T10:26:00,1762491360000,36,10.726498851227689,637.7644289999214,1007.3888296192987
2025-11-07T09:50:00,1762489200000,FINNIFTY,2025-11-07T10:27:00,1762491420000,37,0.0,630.2556582787896,1078.9017164434463
2025-11-07T09:50:00,1762489200000,FINNIFTY,2025-11-07T10:28:00,1762491480000,38,0.0,664.3252192941757,1076.018926237009
2025-11-07T09:50:00,1762489200000,FINNIFTY,2025-11-07T10:29:00,1762491540000,39,61.71620434287104,648.1832472240723,922.8939989005189
2025-11-07T09:50:00,1762489200000,FINNIFTY,2025-11-07T10:30:00,1762491600000,40,346.1852886987793,602.5168103770533,931.0236845615509
2025-11-07T09:50:00,1762489200000,FINNIFTY,2025-11-07T10:31:00,1762491660000,41,335.18093007924335,708.6845621241976,918.5016962878202
2025-11-07T09:50:00,1762489200000,FINNIFTY,2025-11-07T10:32:00,1762491720000,42,0.0,666.3385223719404,854.342202086074
2025-11-07T09:50:00,1762489200000,FINNIFTY,2025-11-07T10:33:00,1762491780000,43,0.0,660.7834297015621,835.5306314980431
2025-11-07T09:50:00,1762489200000,FINNIFTY,2025-11-07T10:34:00,1762491840000,44,72.79141627047841,705.2119930322178,830.2864895933172
2025-11-07T09:50:00,1762489200000,FINNIFTY,2025-11-07T10:35:00,1762491900000,45,0.0,680.3525048819016,807.5136895482807
2025-11-07T09:50:00,1762489200000,FINNIFTY,2025-11-07T10:36:00,1762491960000,46,56.420354915478356,622.3688407161872,802.9945673324262
2025-11-07T09:50:00,1762489200000,FINNIFTY,2025-11-07T10:37:00,1762492020000,47,59.28664949893039,625.9216793676095,853.2125887193099
2025-11-07T09:50:00,1762489200000,FINNIFTY,2025-11-07T10:38:00,1762492080000,48,7.769632539735198,662.4626686598693,795.265529030138
2025-11-07T09:50:00,1762489200000,FINNIFTY,2025-11-07T10:39:00,1762492140000,49,81.5098487224659,601.2462821121188,773.6747155626097
2025-11-07T09:50:00,1762489200000,FINNIFTY,2025-11-07T10:40:00,1762492200000,50,102.26925893233897,631.8098084750591,816.9975089408532
2025-11-07T09:50:00,1762489200000,FINNIFTY,2025-11-07T10:41:00,1762492260000,51,0.0,635.2055094186002,825.3212539820248
2025-11-07T09:50:00,1762489200000,FINNIFTY,2025-11-07T10:42:00,1762492320000,52,0.0,658.610541381031,1079.7781137544184
2025-11-07T09:50:00,1762489200000,FINNIFTY,2025-11-07T10:43:00,1762492380000,53,0.0,664.2375655293557,875.1232240596721
2025-11-07T09:50:00,1762489200000,FINNIFTY,2025-11-07T10:44:00,1762492440000,54,64.62278679638644,685.6067801159822,902.240394439958
2025-11-07T09:50:00,1762489200000,FINNIFTY,2025-11-07T10:45:00,1762492500000,55,55.6264533759429,655.0361564099618,818.7136338239202
2025-11-07T09:50:00,1762489200000,FINNIFTY,2025-11-07T10:46:00,1762492560000,56,51.98329213100999,700.0839035753097,809.5379545998039
2025-11-07T09:50:00,1762489200000,FINNIFTY,2025-11-07T10:47:00,1762492620000,57,61.10808485500911,645.2747161571099,861.3840338113959
2025-11-07T09:50:00,1762489200000,FINNIFTY,2025-11-07T10:48:00,1762492680000,58,66.71876335038905,613.0985699163626,835.3416867873271
2025-11-07T09:50:00,1762489200000,FINNIFTY,2025-11-07T10:49:00,1762492740000,59,20.40303298171716,605.9386625334258,856.4156714304296
2025-11-07T09:50:00,1762489200000,FINNIFTY,2025-11-07T10:50:00,1762492800000,60,172.0665726725747,635.9582888732375,843.905290777789
2025-11-07T09:50:00,1762489200000,FINNIFTY,2025-11-07T09:51:00,1762489260000,1,536.9924940068263,644.2,814.4529554789586
2025-11-07T09:50:00,1762489200000,FINNIFTY,2025-11-07T09:52:00,1762489320000,2,478.6522110495804,641.7238295365438,827.6827560560968
2025-11-07T09:50:00,1762489200000,FINNIFTY,2025-11-07T09:53:00,1762489380000,3,519.0935368547871,679.9258667616881,823.3632507417868
2025-11-07T09:50:00,1762489200000,FINNIFTY,2025-11-07T09:54:00,1762489440000,4,481.96968848199003,707.0529252576474,815.2729414238008
2025-11-07T09:50:00,1762489200000,FINNIFTY,2025-11-07T09:55:00,1762489500000,5,495.534655628977,735.6102167666196,866.2885319380557
2025-11-07T09:50:00,1762489200000,FINNIFTY,2025-11-07T09:56:00,1762489560000,6,504.1137459266726,692.8813390027121,883.160848042898
2025-11-07T09:50:00,1762489200000,FINNIFTY,2025-11-07T09:57:00,1762489620000,7,487.4831677291181,718.6534916917225,794.2704165331407
2025-11-07T09:50:00,1762489200000,FINNIFTY,2025-11-07T09:58:00,1762489680000,8,485.1553424516632,742.3964304460004,844.2364582979615
2025-11-07T09:50:00,1762489200000,FINNIFTY,2025-11-07T09:59:00,1762489740000,9,502.12391619105153,629.7595713782728,806.2718083994743
2025-11-07T09:50:00,1762489200000,FINNIFTY,2025-11-07T10:00:00,1762489800000,10,516.3885036526353,624.6630320053074,807.9811690362523
2025-11-07T09:50:00,1762489200000,FINNIFTY,2025-11-07T10:01:00,1762489860000,11,502.6330641921914,653.3026799442799,915.54558312799
2025-11-07T09:50:00,1762489200000,FINNIFTY,2025-11-07T10:02:00,1762489920000,12,591.7674944540586,659.1251946331845,936.865275719759
2025-11-07T09:50:00,1762489200000,FINNIFTY,2025-11-07T10:03:00,1762489980000,13,525.5499123311483,677.8166875258731,815.8501118000382
2025-11-07T09:50:00,1762489200000,FINNIFTY,2025-11-07T10:04:00,1762490040000,14,549.851327430637,699.5401639465039,909.7362797940732
2025-11-07T09:50:00,1762489200000,FINNIFTY,2025-11-07T10:05:00,1762490100000,15,568.0187814439303,653.1842054857681,736.8367895216276
2025-11-07T09:50:00,1762489200000,FINNIFTY,2025-11-07T10:06:00,1762490160000,16,576.8655514215386,650.580943092173,699.2534539540503
2025-11-07T09:50:00,1762489200000,FINNIFTY,2025-11-07T10:07:00,1762490220000,17,604.3310871695301,659.2551277761277,760.6307746186975
2025-11-07T09:50:00,1762489200000,FINNIFTY,2025-11-07T10:08:00,1762490280000,18,597.428113737087,646.7098150116174,833.5176992791891
2025-11-07T09:50:00,1762489200000,FINNIFTY,2025-11-07T10:09:00,1762490340000,19,429.5443129506489,652.982709557369,943.0682377102434
2025-11-07T09:50:00,1762489200000,FINNIFTY,2025-11-07T10:10:00,1762490400000,20,388.1796562867573,673.6627416160967,772.7135013571793
2025-11-07T09:50:00,1762489200000,FINNIFTY,2025-11-07T10:11:00,1762490460000,21,451.39756294788,683.672048730268,863.6833378069787
2025-11-07T09:50:00,1762489200000,FINNIFTY,2025-11-07T10:12:00,1762490520000,22,457.85083802425345,702.1554056465159,860.813098702538
2025-11-07T09:50:00,1762489200000,FINNIFTY,2025-11-07T10:13:00,1762490580000,23,452.7137774281824,655.90151252276,835.4967979002718
2025-11-07T09:50:00,1762489200000,FINNIFTY,2025-11-07T10:14:00,1762490640000,24,452.0425839819695,666.2959676970457,835.8253691810592
2025-11-07T09:50:00,1762489200000,FINNIFTY,2025-11-07T10:15:00,1762490700000,25,383.3666160673681,702.8321504406224,799.2104885370055
2025-11-07T09:50:00,1762489200000,FINNIFTY,2025-11-07T10:16:00,1762490760000,26,386.63013207201436,654.4621743727105,808.4310180778745
2025-11-07T09:50:00,1762489200000,FINNIFTY,2025-11-07T10:17:00,1762490820000,27,312.1471826070765,648.1337900018822,820.1054964032279
2025-11-07T09:50:00,1762489200000,FINNIFTY,2025-11-07T10:18:00,1762490880000,28,301.9190551022677,652.1785220902502,867.7030682581366
2025-11-07T09:50:00,1762489200000,FINNIFTY,2025-11-07T10:19:00,1762490940000,29,108.0946944533274,730.4505397051712,867.2604939408927
2025-11-07T09:50:00,1762489200000,FINNIFTY,2025-11-07T10:20:00,1762491000000,30,68.22437605991252,710.0533841105482,869.7526536834355
2025-11-07T09:50:00,1762489200000,FINNIFTY,2025-11-07T10:21:00,1762491060000,31,84.77741333834877,698.818204883306,826.1073111228287
2025-11-07T09:50:00,1762489200000,FINNIFTY,2025-11-07T10:22:00,1762491120000,32,48.43446030064217,672.5022486992242,906.9614498447228
2025-11-07T09:50:00,1762489200000,FINNIFTY,2025-11-07T10:23:00,1762491180000,33,0.0,676.000667025058,877.9713188187224
2025-11-07T09:50:00,1762489200000,FINNIFTY,2025-11-07T10:24:00,1762491240000,34,0.0,630.7831145227251,882.9292163842482
2025-11-07T09:50:00,1762489200000,FINNIFTY,2025-11-07T10:25:00,1762491300000,35,0.0,674.4983162009124,998.489986551565
2025-11-07T09:50:00,1762489200000,FINNIFTY,2025-11-07T10:26:00,1762491360000,36,10.726498851227689,637.7644289999214,1007.3888296192987
2025-11-07T09:50:00,1762489200000,FINNIFTY,2025-11-07T10:27:00,1762491420000,37,0.0,630.2556582787896,1078.9017164434463
2025-11-07T09:50:00,1762489200000,FINNIFTY,2025-11-07T10:28:00,1762491480000,38,0.0,664.3252192941757,1076.018926237009
2025-11-07T09:50:00,1762489200000,FINNIFTY,2025-11-07T10:29:00,1762491540000,39,61.71620434287104,648.1832472240723,922.8939989005189
2025-11-07T09:50:00,1762489200000,FINNIFTY,2025-11-07T10:30:00,1762491600000,40,346.1852886987793,602.5168103770533,931.0236845615509
2025-11-07T09:50:00,1762489200000,FINNIFTY,2025-11-07T10:31:00,1762491660000,41,335.18093007924335,708.6845621241976,918.5016962878202
2025-11-07T09:50:00,1762489200000,FINNIFTY,2025-11-07T10:32:00,1762491720000,42,0.0,666.3385223719404,854.342202086074
2025-11-07T09:50:00,1762489200000,FINNIFTY,2025-11-07T10:33:00,1762491780000,43,0.0,660.7834297015621,835.5306314980431
2025-11-07T09:50:00,1762489200000,FINNIFTY,2025-11-07T10:34:00,1762491840000,44,72.79141627047841,705.2119930322178,830.2864895933172
2025-11-07T09:50:00,1762489200000,FINNIFTY,2025-11-07T10:35:00,1762491900000,45,0.0,680.3525048819016,807.5136895482807
2025-11-07T09:50:00,1762489200000,FINNIFTY,2025-11-07T10:36:00,1762491960000,46,56.420354915478356,622.3688407161872,802.9945673324262
2025-11-07T09:50:00,1762489200000,FINNIFTY,2025-11-07T10:37:00,1762492020000,47,59.28664949893039,625.9216793676095,853.2125887193099
2025-11-07T09:50:00,1762489200000,FINNIFTY,2025-11-07T10:38:00,1762492080000,48,7.769632539735198,662.4626686598693,795.265529030138
2025-11-07T09:50:00,1762489200000,FINNIFTY,2025-11-07T10:39:00,1762492140000,49,81.5098487224659,601.2462821121188,773.6747155626097
2025-11-07T09:50:00,1762489200000,FINNIFTY,2025-11-07T10:40:00,1762492200000,50,102.26925893233897,631.8098084750591,816.9975089408532
2025-11-07T09:50:00,1762489200000,FINNIFTY,2025-11-07T10:41:00,1762492260000,51,0.0,635.2055094186002,825.3212539820248
2025-11-07T09:50:00,1762489200000,FINNIFTY,2025-11-07T10:42:00,1762492320000,52,0.0,658.610541381031,1079.7781137544184
2025-11-07T09:50:00,1762489200000,FINNIFTY,2025-11-07T10:43:00,1762492380000,53,0.0,664.2375655293557,875.1232240596721
2025-11-07T09:50:00,1762489200000,FINNIFTY,2025-11-07T10:44:00,1762492440000,54,64.62278679638644,685.6067801159822,902.240394439958
2025-11-07T09:50:00,1762489200000,FINNIFTY,2025-11-07T10:45:00,1762492500000,55,55.6264533759429,655.0361564099618,818.7136338239202
2025-11-07T09:50:00,1762489200000,FINNIFTY,2025-11-07T10:46:00,1762492560000,56,51.98329213100999,700.0839035753097,809.5379545998039
2025-11-07T09:50:00,1762489200000,FINNIFTY,2025-11-07T10:47:00,1762492620000,57,61.10808485500911,645.2747161571099,861.3840338113959
2025-11-07T09:50:00,1762489200000,FINNIFTY,2025-11-07T10:48:00,1762492680000,58,66.71876335038905,613.0985699163626,835.3416867873271
2025-11-07T09:50:00,1762489200000,FINNIFTY,2025-11-07T10:49:00,1762492740000,59,20.40303298171716,605.9386625334258,856.4156714304296
2025-11-07T09:50:00,1762489200000,FINNIFTY,2025-11-07T10:50:00,1762492800000,60,172.0665726725747,635.9582888732375,843.905290777789
2025-11-07T09:50:00,1762489200000,FINNIFTY,2025-11-07T09:51:00,1762489260000,1,536.9924940068263,644.2,814.4529554789586
2025-11-07T09:50:00,1762489200000,FINNIFTY,2025-11-07T09:52:00,1762489320000,2,478.6522110495804,641.7238295365438,827.6827560560968
2025-11-07T09:50:00,1762489200000,FINNIFTY,2025-11-07T09:53:00,1762489380000,3,519.0935368547871,679.9258667616881,823.3632507417868
2025-11-07T09:50:00,1762489200000,FINNIFTY,2025-11-07T09:54:00,1762489440000,4,481.96968848199003,707.0529252576474,815.2729414238008
2025-11-07T09:50:00,1762489200000,FINNIFTY,2025-11-07T09:55:00,1762489500000,5,495.534655628977,735.6102167666196,866.2885319380557
2025-11-07T09:50:00,1762489200000,FINNIFTY,2025-11-07T09:56:00,1762489560000,6,504.1137459266726,692.8813390027121,883.160848042898
2025-11-07T09:50:00,1762489200000,FINNIFTY,2025-11-07T09:57:00,1762489620000,7,487.4831677291181,718.6534916917225,794.2704165331407
2025-11-07T09:50:00,1762489200000,FINNIFTY,2025-11-07T09:58:00,1762489680000,8,485.1553424516632,742.3964304460004,844.2364582979615
2025-11-07T09:50:00,1762489200000,FINNIFTY,2025-11-07T09:59:00,1762489740000,9,502.12391619105153,629.7595713782728,806.2718083994743
2025-11-07T09:50:00,1762489200000,FINNIFTY,2025-11-07T10:00:00,1762489800000,10,516.3885036526353,624.6630320053074,807.9811690362523
2025-11-07T09:50:00,1762489200000,FINNIFTY,2025-11-07T10:01:00,1762489860000,11,502.6330641921914,653.3026799442799,915.54558312799
2025-11-07T09:50:00,1762489200000,FINNIFTY,2025-11-07T10:02:00,1762489920000,12,591.7674944540586,659.1251946331845,936.865275719759
2025-11-07T09:50:00,1762489200000,FINNIFTY,2025-11-07T10:03:00,1762489980000,13,525.5499123311483,677.8166875258731,815.8501118000382
2025-11-07T09:50:00,1762489200000,FINNIFTY,2025-11-07T10:04:00,1762490040000,14,549.851327430637,699.5401639465039,909.7362797940732
2025-11-07T09:50:00,1762489200000,FINNIFTY,2025-11-07T10:05:00,1762490100000,15,568.0187814439303,653.1842054857681,736.8367895216276
2025-11-07T09:50:00,1762489200000,FINNIFTY,2025-11-07T10:06:00,1762490160000,16,576.8655514215386,650.580943092173,699.2534539540503
2025-11-07T09:50:00,1762489200000,FINNIFTY,2025-11-07T10:07:00,1762490220000,17,604.3310871695301,659.2551277761277,760.6307746186975
2025-11-07T09:50:00,1762489200000,FINNIFTY,2025-11-07T10:08:00,1762490280000,18,597.428113737087,646.7098150116174,833.5176992791891
2025-11-07T09:50:00,1762489200000,FINNIFTY,2025-11-07T10:09:00,1762490340000,19,429.5443129506489,652.982709557369,943.0682377102434
2025-11-07T09:50:00,1762489200000,FINNIFTY,2025-11-07T10:10:00,1762490400000,20,388.1796562867573,673.6627416160967,772.7135013571793
2025-11-07T09:50:00,1762489200000,FINNIFTY,2025-11-07T10:11:00,1762490460000,21,451.39756294788,683.672048730268,863.6833378069787
2025-11-07T09:50:00,1762489200000,FINNIFTY,2025-11-07T10:12:00,1762490520000,22,457.85083802425345,702.1554056465159,860.813098702538
2025-11-07T09:50:00,1762489200000,FINNIFTY,2025-11-07T10:13:00,1762490580000,23,452.7137774281824,655.90151252276,835.4967979002718
2025-11-07T09:50:00,1762489200000,FINNIFTY,2025-11-07T10:14:00,1762490640000,24,452.0425839819695,666.2959676970457,835.8253691810592
2025-11-07T09:50:00,1762489200000,FINNIFTY,2025-11-07T10:15:00,1762490700000,25,383.3666160673681,702.8321504406224,799.2104885370055
2025-11-07T09:50:00,1762489200000,FINNIFTY,2025-11-07T10:16:00,1762490760000,26,386.63013207201436,654.4621743727105,808.4310180778745
2025-11-07T09:50:00,1762489200000,FINNIFTY,2025-11-07T10:17:00,1762490820000,27,312.1471826070765,648.1337900018822,820.1054964032279
2025-11-07T09:50:00,1762489200000,FINNIFTY,2025-11-07T10:18:00,1762490880000,28,301.9190551022677,652.1785220902502,867.7030682581366
2025-11-07T09:50:00,1762489200000,FINNIFTY,2025-11-07T10:19:00,1762490940000,29,108.0946944533274,730.4505397051712,867.2604939408927
2025-11-07T09:50:00,1762489200000,FINNIFTY,2025-11-07T10:20:00,1762491000000,30,68.22437605991252,710.0533841105482,869.7526536834355
2025-11-07T09:50:00,1762489200000,FINNIFTY,2025-11-07T10:21:00,1762491060000,31,84.77741333834877,698.818204883306,826.1073111228287
2025-11-07T09:50:00,1762489200000,FINNIFTY,2025-11-07T10:22:00,1762491120000,32,48.43446030064217,672.5022486992242,906.9614498447228
2025-11-07T09:50:00,1762489200000,FINNIFTY,2025-11-07T10:23:00,1762491180000,33,0.0,676.000667025058,877.9713188187224
2025-11-07T09:50:00,1762489200000,FINNIFTY,2025-11-07T10:24:00,1762491240000,34,0.0,630.7831145227251,882.9292163842482
2025-11-07T09:50:00,1762489200000,FINNIFTY,2025-11-07T10:25:00,1762491300000,35,0.0,674.4983162009124,998.489986551565
2025-11-07T09:50:00,1762489200000,FINNIFTY,2025-11-07T10:26:00,1762491360000,36,10.726498851227689,637.7644289999214,1007.3888296192987
2025-11-07T09:50:00,1762489200000,FINNIFTY,2025-11-07T10:27:00,1762491420000,37,0.0,630.2556582787896,1078.9017164434463
2025-11-07T09:50:00,1762489200000,FINNIFTY,2025-11-07T10:28:00,1762491480000,38,0.0,664.3252192941757,1076.018926237009
2025-11-07T09:50:00,1762489200000,FINNIFTY,2025-11-07T10:29:00,1762491540000,39,61.71620434287104,648.1832472240723,922.8939989005189
2025-11-07T09:50:00,1762489200000,FINNIFTY,2025-11-07T10:30:00,1762491600000,40,346.1852886987793,602.5168103770533,931.0236845615509
2025-11-07T09:50:00,1762489200000,FINNIFTY,2025-11-07T10:31:00,1762491660000,41,335.18093007924335,708.6845621241976,918.5016962878202
2025-11-07T09:50:00,1762489200000,FINNIFTY,2025-11-07T10:32:00,1762491720000,42,0.0,666.3385223719404,854.342202086074
2025-11-07T09:50:00,1762489200000,FINNIFTY,2025-11-07T10:33:00,1762491780000,43,0.0,660.7834297015621,835.5306314980431
2025-11-07T09:50:00,1762489200000,FINNIFTY,2025-11-07T10:34:00,1762491840000,44,72.79141627047841,705.2119930322178,830.2864895933172
2025-11-07T09:50:00,1762489200000,FINNIFTY,2025-11-07T10:35:00,1762491900000,45,0.0,680.3525048819016,807.5136895482807
2025-11-07T09:50:00,1762489200000,FINNIFTY,2025-11-07T10:36:00,1762491960000,46,56.420354915478356,622.3688407161872,802.9945673324262
2025-11-07T09:50:00,1762489200000,FINNIFTY,2025-11-07T10:37:00,1762492020000,47,59.28664949893039,625.9216793676095,853.2125887193099
2025-11-07T09:50:00,1762489200000,FINNIFTY,2025-11-07T10:38:00,1762492080000,48,7.769632539735198,662.4626686598693,795.265529030138
2025-11-07T09:50:00,1762489200000,FINNIFTY,2025-11-07T10:39:00,1762492140000,49,81.5098487224659,601.2462821121188,773.6747155626097
2025-11-07T09:50:00,1762489200000,FINNIFTY,2025-11-07T10:40:00,1762492200000,50,102.26925893233897,631.8098084750591,816.9975089408532
2025-11-07T09:50:00,1762489200000,FINNIFTY,2025-11-07T10:41:00,1762492260000,51,0.0,635.2055094186002,825.3212539820248
2025-11-07T09:50:00,1762489200000,FINNIFTY,2025-11-07T10:42:00,1762492320000,52,0.0,658.610541381031,1079.7781137544184
2025-11-07T09:50:00,1762489200000,FINNIFTY,2025-11-07T10:43:00,1762492380000,53,0.0,664.2375655293557,875.1232240596721
2025-11-07T09:50:00,1762489200000,FINNIFTY,2025-11-07T10:44:00,1762492440000,54,64.62278679638644,685.6067801159822,902.240394439958
2025-11-07T09:50:00,1762489200000,FINNIFTY,2025-11-07T10:45:00,1762492500000,55,55.6264533759429,655.0361564099618,818.7136338239202
2025-11-07T09:50:00,1762489200000,FINNIFTY,2025-11-07T10:46:00,1762492560000,56,51.98329213100999,700.0839035753097,809.5379545998039
2025-11-07T09:50:00,1762489200000,FINNIFTY,2025-11-07T10:47:00,1762492620000,57,61.10808485500911,645.2747161571099,861.3840338113959
2025-11-07T09:50:00,1762489200000,FINNIFTY,2025-11-07T10:48:00,1762492680000,58,66.71876335038905,613.0985699163626,835.3416867873271
2025-11-07T09:50:00,1762489200000,FINNIFTY,2025-11-07T10:49:00,1762492740000,59,20.40303298171716,605.9386625334258,856.4156714304296
2025-11-07T09:50:00,1762489200000,FINNIFTY,2025-11-07T10:50:00,1762492800000,60,172.0665726725747,635.9582888732375,843.905290777789
2025-11-07T09:50:00,1762489200000,FINNIFTY,2025-11-07T09:51:00,1762489260000,1,536.9924940068263,644.2,814.4529554789586
2025-11-07T09:50:00,1762489200000,FINNIFTY,2025-11-07T09:52:00,1762489320000,2,478.6522110495804,641.7238295365438,827.6827560560968
2025-11-07T09:50:00,1762489200000,FINNIFTY,2025-11-07T09:53:00,1762489380000,3,519.0935368547871,679.9258667616881,823.3632507417868
2025-11-07T09:50:00,1762489200000,FINNIFTY,2025-11-07T09:54:00,1762489440000,4,481.96968848199003,707.0529252576474,815.2729414238008
2025-11-07T09:50:00,1762489200000,FINNIFTY,2025-11-07T09:55:00,1762489500000,5,495.534655628977,735.6102167666196,866.2885319380557
2025-11-07T09:50:00,1762489200000,FINNIFTY,2025-11-07T09:56:00,1762489560000,6,504.1137459266726,692.8813390027121,883.160848042898
2025-11-07T09:50:00,1762489200000,FINNIFTY,2025-11-07T09:57:00,1762489620000,7,487.4831677291181,718.6534916917225,794.2704165331407
2025-11-07T09:50:00,1762489200000,FINNIFTY,2025-11-07T09:58:00,1762489680000,8,485.1553424516632,742.3964304460004,844.2364582979615
2025-11-07T09:50:00,1762489200000,FINNIFTY,2025-11-07T09:59:00,1762489740000,9,502.12391619105153,629.7595713782728,806.2718083994743
2025-11-07T09:50:00,1762489200000,FINNIFTY,2025-11-07T10:00:00,1762489800000,10,516.3885036526353,624.6630320053074,807.9811690362523
2025-11-07T09:50:00,1762489200000,FINNIFTY,2025-11-07T10:01:00,1762489860000,11,502.6330641921914,653.3026799442799,915.54558312799
2025-11-07T09:50:00,1762489200000,FINNIFTY,2025-11-07T10:02:00,1762489920000,12,591.7674944540586,659.1251946331845,936.865275719759
2025-11-07T09:50:00,1762489200000,FINNIFTY,2025-11-07T10:03:00,1762489980000,13,525.5499123311483,677.8166875258731,815.8501118000382
2025-11-07T09:50:00,1762489200000,FINNIFTY,2025-11-07T10:04:00,1762490040000,14,549.851327430637,699.5401639465039,909.7362797940732
2025-11-07T09:50:00,1762489200000,FINNIFTY,2025-11-07T10:05:00,1762490100000,15,568.0187814439303,653.1842054857681,736.8367895216276
2025-11-07T09:50:00,1762489200000,FINNIFTY,2025-11-07T10:06:00,1762490160000,16,576.8655514215386,650.580943092173,699.2534539540503
2025-11-07T09:50:00,1762489200000,FINNIFTY,2025-11-07T10:07:00,1762490220000,17,604.3310871695301,659.2551277761277,760.6307746186975
2025-11-07T09:50:00,1762489200000,FINNIFTY,2025-11-07T10:08:00,1762490280000,18,597.428113737087,646.7098150116174,833.5176992791891
2025-11-07T09:50:00,1762489200000,FINNIFTY,2025-11-07T10:09:00,1762490340000,19,429.5443129506489,652.982709557369,943.0682377102434
2025-11-07T09:50:00,1762489200000,FINNIFTY,2025-11-07T10:10:00,1762490400000,20,388.1796562867573,673.6627416160967,772.7135013571793
2025-11-07T09:50:00,1762489200000,FINNIFTY,2025-11-07T10:11:00,1762490460000,21,451.39756294788,683.672048730268,863.6833378069787
2025-11-07T09:50:00,1762489200000,FINNIFTY,2025-11-07T10:12:00,1762490520000,22,457.85083802425345,702.1554056465159,860.813098702538
2025-11-07T09:50:00,1762489200000,FINNIFTY,2025-11-07T10:13:00,1762490580000,23,452.7137774281824,655.90151252276,835.4967979002718
2025-11-07T09:50:00,1762489200000,FINNIFTY,2025-11-07T10:14:00,1762490640000,24,452.0425839819695,666.2959676970457,835.8253691810592
2025-11-07T09:50:00,1762489200000,FINNIFTY,2025-11-07T10:15:00,1762490700000,25,383.3666160673681,702.8321504406224,799.2104885370055
2025-11-07T09:50:00,1762489200000,FINNIFTY,2025-11-07T10:16:00,1762490760000,26,386.63013207201436,654.4621743727105,808.4310180778745
2025-11-07T09:50:00,1762489200000,FINNIFTY,2025-11-07T10:17:00,1762490820000,27,312.1471826070765,648.1337900018822,820.1054964032279
2025-11-07T09:50:00,1762489200000,FINNIFTY,2025-11-07T10:18:00,1762490880000,28,301.9190551022677,652.1785220902502,867.7030682581366
2025-11-07T09:50:00,1762489200000,FINNIFTY,2025-11-07T10:19:00,1762490940000,29,108.0946944533274,730.4505397051712,867.2604939408927
2025-11-07T09:50:00,1762489200000,FINNIFTY,2025-11-07T10:20:00,1762491000000,30,68.22437605991252,710.0533841105482,869.7526536834355
2025-11-07T09:50:00,1762489200000,FINNIFTY,2025-11-07T10:21:00,1762491060000,31,84.77741333834877,698.818204883306,826.1073111228287
2025-11-07T09:50:00,1762489200000,FINNIFTY,2025-11-07T10:22:00,1762491120000,32,48.43446030064217,672.5022486992242,906.9614498447228
2025-11-07T09:50:00,1762489200000,FINNIFTY,2025-11-07T10:23:00,1762491180000,33,0.0,676.000667025058,877.9713188187224
2025-11-07T09:50:00,1762489200000,FINNIFTY,2025-11-07T10:24:00,1762491240000,34,0.0,630.7831145227251,882.9292163842482
2025-11-07T09:50:00,1762489200000,FINNIFTY,2025-11-07T10:25:00,1762491300000,35,0.0,674.4983162009124,998.489986551565
2025-11-07T09:50:00,1762489200000,FINNIFTY,2025-11-07T10:26:00,1762491360000,36,10.726498851227689,637.7644289999214,1007.3888296192987
2025-11-07T09:50:00,1762489200000,FINNIFTY,2025-11-07T10:27:00,1762491420000,37,0.0,630.2556582787896,1078.9017164434463
2025-11-07T09:50:00,1762489200000,FINNIFTY,2025-11-07T10:28:00,1762491480000,38,0.0,664.3252192941757,1076.018926237009
2025-11-07T09:50:00,1762489200000,FINNIFTY,2025-11-07T10:29:00,1762491540000,39,61.71620434287104,648.1832472240723,922.8939989005189
2025-11-07T09:50:00,1762489200000,FINNIFTY,2025-11-07T10:30:00,1762491600000,40,346.1852886987793,602.5168103770533,931.0236845615509
2025-11-07T09:50:00,1762489200000,FINNIFTY,2025-11-07T10:31:00,1762491660000,41,335.18093007924335,708.6845621241976,918.5016962878202
2025-11-07T09:50:00,1762489200000,FINNIFTY,2025-11-07T10:32:00,1762491720000,42,0.0,666.3385223719404,854.342202086074
2025-11-07T09:50:00,1762489200000,FINNIFTY,2025-11-07T10:33:00,1762491780000,43,0.0,660.7834297015621,835.5306314980431
2025-11-07T09:50:00,1762489200000,FINNIFTY,2025-11-07T10:34:00,1762491840000,44,72.79141627047841,705.2119930322178,830.2864895933172
2025-11-07T09:50:00,1762489200000,FINNIFTY,2025-11-07T10:35:00,1762491900000,45,0.0,680.3525048819016,807.5136895482807
2025-11-07T09:50:00,1762489200000,FINNIFTY,2025-11-07T10:36:00,1762491960000,46,56.420354915478356,622.3688407161872,802.9945673324262
2025-11-07T09:50:00,1762489200000,FINNIFTY,2025-11-07T10:37:00,1762492020000,47,59.28664949893039,625.9216793676095,853.2125887193099
2025-11-07T09:50:00,1762489200000,FINNIFTY,2025-11-07T10:38:00,1762492080000,48,7.769632539735198,662.4626686598693,795.265529030138
2025-11-07T09:50:00,1762489200000,FINNIFTY,2025-11-07T10:39:00,1762492140000,49,81.5098487224659,601.2462821121188,773.6747155626097
2025-11-07T09:50:00,1762489200000,FINNIFTY,2025-11-07T10:40:00,1762492200000,50,102.26925893233897,631.8098084750591,816.9975089408532
2025-11-07T09:50:00,1762489200000,FINNIFTY,2025-11-07T10:41:00,1762492260000,51,0.0,635.2055094186002,825.3212539820248
2025-11-07T09:50:00,1762489200000,FINNIFTY,2025-11-07T10:42:00,1762492320000,52,0.0,658.610541381031,1079.7781137544184
2025-11-07T09:50:00,1762489200000,FINNIFTY,2025-11-07T10:43:00,1762492380000,53,0.0,664.2375655293557,875.1232240596721
2025-11-07T09:50:00,1762489200000,FINNIFTY,2025-11-07T10:44:00,1762492440000,54,64.62278679638644,685.6067801159822,902.240394439958
2025-11-07T09:50:00,1762489200000,FINNIFTY,2025-11-07T10:45:00,1762492500000,55,55.6264533759429,655.0361564099618,818.7136338239202
2025-11-07T09:50:00,1762489200000,FINNIFTY,2025-11-07T10:46:00,1762492560000,56,51.98329213100999,700.0839035753097,809.5379545998039
2025-11-07T09:50:00,1762489200000,FINNIFTY,2025-11-07T10:47:00,1762492620000,57,61.10808485500911,645.2747161571099,861.3840338113959
2025-11-07T09:50:00,1762489200000,FINNIFTY,2025-11-07T10:48:00,1762492680000,58,66.71876335038905,613.0985699163626,835.3416867873271
2025-11-07T09:50:00,1762489200000,FINNIFTY,2025-11-07T10:49:00,1762492740000,59,20.40303298171716,605.9386625334258,856.4156714304296
2025-11-07T09:50:00,1762489200000,FINNIFTY,2025-11-07T10:50:00,1762492800000,60,172.0665726725747,635.9582888732375,843.905290777789
2025-11-07T09:50:00,1762489200000,FINNIFTY,2025-11-07T09:51:00,1762489260000,1,536.9924940068263,644.2,814.4529554789586
2025-11-07T09:50:00,1762489200000,FINNIFTY,2025-11-07T09:52:00,1762489320000,2,478.6522110495804,641.7238295365438,827.6827560560968
2025-11-07T09:50:00,1762489200000,FINNIFTY,2025-11-07T09:53:00,1762489380000,3,519.0935368547871,679.9258667616881,823.3632507417868
2025-11-07T09:50:00,1762489200000,FINNIFTY,2025-11-07T09:54:00,1762489440000,4,481.96968848199003,707.0529252576474,815.2729414238008
2025-11-07T09:50:00,1762489200000,FINNIFTY,2025-11-07T09:55:00,1762489500000,5,495.534655628977,735.6102167666196,866.2885319380557
2025-11-07T09:50:00,1762489200000,FINNIFTY,2025-11-07T09:56:00,1762489560000,6,504.1137459266726,692.8813390027121,883.160848042898
2025-11-07T09:50:00,1762489200000,FINNIFTY,2025-11-07T09:57:00,1762489620000,7,487.4831677291181,718.6534916917225,794.2704165331407
2025-11-07T09:50:00,1762489200000,FINNIFTY,2025-11-07T09:58:00,1762489680000,8,485.1553424516632,742.3964304460004,844.2364582979615
2025-11-07T09:50:00,1762489200000,FINNIFTY,2025-11-07T09:59:00,1762489740000,9,502.12391619105153,629.7595713782728,806.2718083994743
2025-11-07T09:50:00,1762489200000,FINNIFTY,2025-11-07T10:00:00,1762489800000,10,516.3885036526353,624.6630320053074,807.9811690362523
2025-11-07T09:50:00,1762489200000,FINNIFTY,2025-11-07T10:01:00,1762489860000,11,502.6330641921914,653.3026799442799,915.54558312799
2025-11-07T09:50:00,1762489200000,FINNIFTY,2025-11-07T10:02:00,1762489920000,12,591.7674944540586,659.1251946331845,936.865275719759
2025-11-07T09:50:00,1762489200000,FINNIFTY,2025-11-07T10:03:00,1762489980000,13,525.5499123311483,677.8166875258731,815.8501118000382
2025-11-07T09:50:00,1762489200000,FINNIFTY,2025-11-07T10:04:00,1762490040000,14,549.851327430637,699.5401639465039,909.7362797940732
2025-11-07T09:50:00,1762489200000,FINNIFTY,2025-11-07T10:05:00,1762490100000,15,568.0187814439303,653.1842054857681,736.8367895216276
2025-11-07T09:50:00,1762489200000,FINNIFTY,2025-11-07T10:06:00,1762490160000,16,576.8655514215386,650.580943092173,699.2534539540503
2025-11-07T09:50:00,1762489200000,FINNIFTY,2025-11-07T10:07:00,1762490220000,17,604.3310871695301,659.2551277761277,760.6307746186975
2025-11-07T09:50:00,1762489200000,FINNIFTY,2025-11-07T10:08:00,1762490280000,18,597.428113737087,646.7098150116174,833.5176992791891
2025-11-07T09:50:00,1762489200000,FINNIFTY,2025-11-07T10:09:00,1762490340000,19,429.5443129506489,652.982709557369,943.0682377102434
2025-11-07T09:50:00,1762489200000,FINNIFTY,2025-11-07T10:10:00,1762490400000,20,388.1796562867573,673.6627416160967,772.7135013571793
2025-11-07T09:50:00,1762489200000,FINNIFTY,2025-11-07T10:11:00,1762490460000,21,451.39756294788,683.672048730268,863.6833378069787
2025-11-07T09:50:00,1762489200000,FINNIFTY,2025-11-07T10:12:00,1762490520000,22,457.85083802425345,702.1554056465159,860.813098702538
2025-11-07T09:50:00,1762489200000,FINNIFTY,2025-11-07T10:13:00,1762490580000,23,452.7137774281824,655.90151252276,835.4967979002718
2025-11-07T09:50:00,1762489200000,FINNIFTY,2025-11-07T10:14:00,1762490640000,24,452.0425839819695,666.2959676970457,835.8253691810592
2025-11-07T09:50:00,1762489200000,FINNIFTY,2025-11-07T10:15:00,1762490700000,25,383.3666160673681,702.8321504406224,799.2104885370055
2025-11-07T09:50:00,1762489200000,FINNIFTY,2025-11-07T10:16:00,1762490760000,26,386.63013207201436,654.4621743727105,808.4310180778745
2025-11-07T09:50:00,1762489200000,FINNIFTY,2025-11-07T10:17:00,1762490820000,27,312.1471826070765,648.1337900018822,820.1054964032279
2025-11-07T09:50:00,1762489200000,FINNIFTY,2025-11-07T10:18:00,1762490880000,28,301.9190551022677,652.1785220902502,867.7030682581366
2025-11-07T09:50:00,1762489200000,FINNIFTY,2025-11-07T10:19:00,1762490940000,29,108.0946944533274,730.4505397051712,867.2604939408927
2025-11-07T09:50:00,1762489200000,FINNIFTY,2025-11-07T10:20:00,1762491000000,30,68.22437605991252,710.0533841105482,869.7526536834355
2025-11-07T09:50:00,1762489200000,FINNIFTY,2025-11-07T10:21:00,1762491060000,31,84.77741333834877,698.818204883306,826.1073111228287
2025-11-07T09:50:00,1762489200000,FINNIFTY,2025-11-07T10:22:00,1762491120000,32,48.43446030064217,672.5022486992242,906.9614498447228
2025-11-07T09:50:00,1762489200000,FINNIFTY,2025-11-07T10:23:00,1762491180000,33,0.0,676.000667025058,877.9713188187224
2025-11-07T09:50:00,1762489200000,FINNIFTY,2025-11-07T10:24:00,1762491240000,34,0.0,630.7831145227251,882.9292163842482
2025-11-07T09:50:00,1762489200000,FINNIFTY,2025-11-07T10:25:00,1762491300000,35,0.0,674.4983162009124,998.489986551565
2025-11-07T09:50:00,1762489200000,FINNIFTY,2025-11-07T10:26:00,1762491360000,36,10.726498851227689,637.7644289999214,1007.3888296192987
2025-11-07T09:50:00,1762489200000,FINNIFTY,2025-11-07T10:27:00,1762491420000,37,0.0,630.2556582787896,1078.9017164434463
2025-11-07T09:50:00,1762489200000,FINNIFTY,2025-11-07T10:28:00,1762491480000,38,0.0,664.3252192941757,1076.018926237009
2025-11-07T09:50:00,1762489200000,FINNIFTY,2025-11-07T10:29:00,1762491540000,39,61.71620434287104,648.1832472240723,922.8939989005189
2025-11-07T09:50:00,1762489200000,FINNIFTY,2025-11-07T10:30:00,1762491600000,40,346.1852886987793,602.5168103770533,931.0236845615509
2025-11-07T09:50:00,1762489200000,FINNIFTY,2025-11-07T10:31:00,1762491660000,41,335.18093007924335,708.6845621241976,918.5016962878202
2025-11-07T09:50:00,1762489200000,FINNIFTY,2025-11-07T10:32:00,1762491720000,42,0.0,666.3385223719404,854.342202086074
2025-11-07T09:50:00,1762489200000,FINNIFTY,2025-11-07T10:33:00,1762491780000,43,0.0,660.7834297015621,835.5306314980431
2025-11-07T09:50:00,1762489200000,FINNIFTY,2025-11-07T10:34:00,1762491840000,44,72.79141627047841,705.2119930322178,830.2864895933172
2025-11-07T09:50:00,1762489200000,FINNIFTY,2025-11-07T10:35:00,1762491900000,45,0.0,680.3525048819016,807.5136895482807
2025-11-07T09:50:00,1762489200000,FINNIFTY,2025-11-07T10:36:00,1762491960000,46,56.420354915478356,622.3688407161872,802.9945673324262
2025-11-07T09:50:00,1762489200000,FINNIFTY,2025-11-07T10:37:00,1762492020000,47,59.28664949893039,625.9216793676095,853.2125887193099
2025-11-07T09:50:00,1762489200000,FINNIFTY,2025-11-07T10:38:00,1762492080000,48,7.769632539735198,662.4626686598693,795.265529030138
2025-11-07T09:50:00,1762489200000,FINNIFTY,2025-11-07T10:39:00,1762492140000,49,81.5098487224659,601.2462821121188,773.6747155626097
2025-11-07T09:50:00,1762489200000,FINNIFTY,2025-11-07T10:40:00,1762492200000,50,102.26925893233897,631.8098084750591,816.9975089408532
2025-11-07T09:50:00,1762489200000,FINNIFTY,2025-11-07T10:41:00,1762492260000,51,0.0,635.2055094186002,825.3212539820248
2025-11-07T09:50:00,1762489200000,FINNIFTY,2025-11-07T10:42:00,1762492320000,52,0.0,658.610541381031,1079.7781137544184
2025-11-07T09:50:00,1762489200000,FINNIFTY,2025-11-07T10:43:00,1762492380000,53,0.0,664.2375655293557,875.1232240596721
2025-11-07T09:50:00,1762489200000,FINNIFTY,2025-11-07T10:44:00,1762492440000,54,64.62278679638644,685.6067801159822,902.240394439958
2025-11-07T09:50:00,1762489200000,FINNIFTY,2025-11-07T10:45:00,1762492500000,55,55.6264533759429,655.0361564099618,818.7136338239202
2025-11-07T09:50:00,1762489200000,FINNIFTY,2025-11-07T10:46:00,1762492560000,56,51.98329213100999,700.0839035753097,809.5379545998039
2025-11-07T09:50:00,1762489200000,FINNIFTY,2025-11-07T10:47:00,1762492620000,57,61.10808485500911,645.2747161571099,861.3840338113959
2025-11-07T09:50:00,1762489200000,FINNIFTY,2025-11-07T10:48:00,1762492680000,58,66.71876335038905,613.0985699163626,835.3416867873271
2025-11-07T09:50:00,1762489200000,FINNIFTY,2025-11-07T10:49:00,1762492740000,59,20.40303298171716,605.9386625334258,856.4156714304296
2025-11-07T09:50:00,1762489200000,FINNIFTY,2025-11-07T10:50:00,1762492800000,60,172.0665726725747,635.9582888732375,843.905290777789
