gen_time_iso,gen_ms,index,target_time_iso,target_ms,horizon_min,profile,mode,q10,q50,q90
2025-11-10T10:03:00,1762749180000,SENSEX,2025-11-10T10:04:00,1762749240000,1,optimized,retrieval,760.0,760.0,760.0
2025-11-10T10:03:00,1762749180000,SENSEX,2025-11-10T10:05:00,1762749300000,2,optimized,retrieval,760.0,760.0,760.0
2025-11-10T10:03:00,1762749180000,SENSEX,2025-11-10T10:06:00,1762749360000,3,optimized,retrieval,760.0,760.0,760.0
2025-11-10T10:03:00,1762749180000,SENSEX,2025-11-10T10:07:00,1762749420000,4,optimized,retrieval,760.0,760.0,760.0
2025-11-10T10:03:00,1762749180000,SENSEX,2025-11-10T10:08:00,1762749480000,5,optimized,retrieval,760.0,760.0,760.0
2025-11-10T10:03:00,1762749180000,SENSEX,2025-11-10T10:09:00,1762749540000,6,optimized,retrieval,760.0,760.0,760.0
2025-11-10T10:03:00,1762749180000,SENSEX,2025-11-10T10:10:00,1762749600000,7,optimized,retrieval,760.0,760.0,760.0
2025-11-10T10:03:00,1762749180000,SENSEX,2025-11-10T10:11:00,1762749660000,8,optimized,retrieval,760.0,760.0,760.0
2025-11-10T10:03:00,1762749180000,SENSEX,2025-11-10T10:12:00,1762749720000,9,optimized,retrieval,760.0,760.0,760.0
2025-11-10T10:03:00,1762749180000,SENSEX,2025-11-10T10:13:00,1762749780000,10,optimized,retrieval,760.0,760.0,760.0
2025-11-10T10:03:00,1762749180000,SENSEX,2025-11-10T10:14:00,1762749840000,11,optimized,retrieval,760.0,760.0,760.0
2025-11-10T10:03:00,1762749180000,SENSEX,2025-11-10T10:15:00,1762749900000,12,optimized,retrieval,760.0,760.0,760.0
2025-11-10T10:03:00,1762749180000,SENSEX,2025-11-10T10:16:00,1762749960000,13,optimized,retrieval,760.0,760.0,760.0
2025-11-10T10:03:00,1762749180000,SENSEX,2025-11-10T10:17:00,1762750020000,14,optimized,retrieval,760.0,760.0,760.0
2025-11-10T10:03:00,1762749180000,SENSEX,2025-11-10T10:18:00,1762750080000,15,optimized,retrieval,760.0,760.0,760.0
2025-11-10T10:03:00,1762749180000,SENSEX,2025-11-10T10:19:00,1762750140000,16,optimized,retrieval,760.0,760.0,760.0
2025-11-10T10:03:00,1762749180000,SENSEX,2025-11-10T10:20:00,1762750200000,17,optimized,retrieval,760.0,760.0,760.0
2025-11-10T10:03:00,1762749180000,SENSEX,2025-11-10T10:21:00,1762750260000,18,optimized,retrieval,760.0,760.0,760.0
2025-11-10T10:03:00,1762749180000,SENSEX,2025-11-10T10:22:00,1762750320000,19,optimized,retrieval,760.0,760.0,760.0
2025-11-10T10:03:00,1762749180000,SENSEX,2025-11-10T10:23:00,1762750380000,20,optimized,retrieval,760.0,760.0,760.0
2025-11-10T10:03:00,1762749180000,SENSEX,2025-11-10T10:24:00,1762750440000,21,optimized,retrieval,760.0,760.0,760.0
2025-11-10T10:03:00,1762749180000,SENSEX,2025-11-10T10:25:00,1762750500000,22,optimized,retrieval,760.0,760.0,760.0
2025-11-10T10:03:00,1762749180000,SENSEX,2025-11-10T10:26:00,1762750560000,23,optimized,retrieval,760.0,760.0,760.0
2025-11-10T10:03:00,1762749180000,SENSEX,2025-11-10T10:27:00,1762750620000,24,optimized,retrieval,760.0,760.0,760.0
2025-11-10T10:03:00,1762749180000,SENSEX,2025-11-10T10:28:00,1762750680000,25,optimized,retrieval,760.0,760.0,760.0
2025-11-10T10:03:00,1762749180000,SENSEX,2025-11-10T10:29:00,1762750740000,26,optimized,retrieval,760.0,760.0,760.0
2025-11-10T10:03:00,1762749180000,SENSEX,2025-11-10T10:30:00,1762750800000,27,optimized,retrieval,760.0,760.0,760.0
2025-11-10T10:03:00,1762749180000,SENSEX,2025-11-10T10:31:00,1762750860000,28,optimized,retrieval,760.0,760.0,760.0
2025-11-10T10:03:00,1762749180000,SENSEX,2025-11-10T10:32:00,1762750920000,29,optimized,retrieval,760.0,760.0,760.0
2025-11-10T10:03:00,1762749180000,SENSEX,2025-11-10T10:33:00,1762750980000,30,optimized,retrieval,760.0,760.0,760.0
2025-11-10T10:03:00,1762749180000,SENSEX,2025-11-10T10:34:00,1762751040000,31,optimized,retrieval,760.0,760.0,760.0
2025-11-10T10:03:00,1762749180000,SENSEX,2025-11-10T10:35:00,1762751100000,32,optimized,retrieval,760.0,760.0,760.0
2025-11-10T10:03:00,1762749180000,SENSEX,2025-11-10T10:36:00,1762751160000,33,optimized,retrieval,760.0,760.0,760.0
2025-11-10T10:03:00,1762749180000,SENSEX,2025-11-10T10:37:00,1762751220000,34,optimized,retrieval,760.0,760.0,760.0
2025-11-10T10:03:00,1762749180000,SENSEX,2025-11-10T10:38:00,1762751280000,35,optimized,retrieval,760.0,760.0,760.0
2025-11-10T10:03:00,1762749180000,SENSEX,2025-11-10T10:39:00,1762751340000,36,optimized,retrieval,760.0,760.0,760.0
2025-11-10T10:03:00,1762749180000,SENSEX,2025-11-10T10:40:00,1762751400000,37,optimized,retrieval,760.0,760.0,760.0
2025-11-10T10:03:00,1762749180000,SENSEX,2025-11-10T10:41:00,1762751460000,38,optimized,retrieval,760.0,760.0,760.0
2025-11-10T10:03:00,1762749180000,SENSEX,2025-11-10T10:42:00,1762751520000,39,optimized,retrieval,760.0,760.0,760.0
2025-11-10T10:03:00,1762749180000,SENSEX,2025-11-10T10:43:00,1762751580000,40,optimized,retrieval,760.0,760.0,760.0
2025-11-10T10:03:00,1762749180000,SENSEX,2025-11-10T10:44:00,1762751640000,41,optimized,retrieval,760.0,760.0,760.0
2025-11-10T10:03:00,1762749180000,SENSEX,2025-11-10T10:45:00,1762751700000,42,optimized,retrieval,760.0,760.0,760.0
2025-11-10T10:03:00,1762749180000,SENSEX,2025-11-10T10:46:00,1762751760000,43,optimized,retrieval,760.0,760.0,760.0
2025-11-10T10:03:00,1762749180000,SENSEX,2025-11-10T10:47:00,1762751820000,44,optimized,retrieval,760.0,760.0,760.0
2025-11-10T10:03:00,1762749180000,SENSEX,2025-11-10T10:48:00,1762751880000,45,optimized,retrieval,760.0,760.0,760.0
2025-11-10T10:03:00,1762749180000,SENSEX,2025-11-10T10:49:00,1762751940000,46,optimized,retrieval,760.0,760.0,760.0
2025-11-10T10:03:00,1762749180000,SENSEX,2025-11-10T10:50:00,1762752000000,47,optimized,retrieval,760.0,760.0,760.0
2025-11-10T10:03:00,1762749180000,SENSEX,2025-11-10T10:51:00,1762752060000,48,optimized,retrieval,760.0,760.0,760.0
2025-11-10T10:03:00,1762749180000,SENSEX,2025-11-10T10:52:00,1762752120000,49,optimized,retrieval,760.0,760.0,760.0
2025-11-10T10:03:00,1762749180000,SENSEX,2025-11-10T10:53:00,1762752180000,50,optimized,retrieval,760.0,760.0,760.0
2025-11-10T10:03:00,1762749180000,SENSEX,2025-11-10T10:54:00,1762752240000,51,optimized,retrieval,760.0,760.0,760.0
2025-11-10T10:03:00,1762749180000,SENSEX,2025-11-10T10:55:00,1762752300000,52,optimized,retrieval,760.0,760.0,760.0
2025-11-10T10:03:00,1762749180000,SENSEX,2025-11-10T10:56:00,1762752360000,53,optimized,retrieval,760.0,760.0,760.0
2025-11-10T10:03:00,1762749180000,SENSEX,2025-11-10T10:57:00,1762752420000,54,optimized,retrieval,760.0,760.0,760.0
2025-11-10T10:03:00,1762749180000,SENSEX,2025-11-10T10:58:00,1762752480000,55,optimized,retrieval,760.0,760.0,760.0
2025-11-10T10:03:00,1762749180000,SENSEX,2025-11-10T10:59:00,1762752540000,56,optimized,retrieval,760.0,760.0,760.0
2025-11-10T10:03:00,1762749180000,SENSEX,2025-11-10T11:00:00,1762752600000,57,optimized,retrieval,760.0,760.0,760.0
2025-11-10T10:03:00,1762749180000,SENSEX,2025-11-10T11:01:00,1762752660000,58,optimized,retrieval,760.0,760.0,760.0
2025-11-10T10:03:00,1762749180000,SENSEX,2025-11-10T11:02:00,1762752720000,59,optimized,retrieval,760.0,760.0,760.0
2025-11-10T10:03:00,1762749180000,SENSEX,2025-11-10T11:03:00,1762752780000,60,optimized,retrieval,760.0,760.0,760.0
2025-11-10T10:03:00,1762749180000,SENSEX,2025-11-10T10:04:00,1762749240000,1,base,retrieval,760.0,760.0,760.0
2025-11-10T10:03:00,1762749180000,SENSEX,2025-11-10T10:05:00,1762749300000,2,base,retrieval,760.0,760.0,760.0
2025-11-10T10:03:00,1762749180000,SENSEX,2025-11-10T10:06:00,1762749360000,3,base,retrieval,760.0,760.0,760.0
2025-11-10T10:03:00,1762749180000,SENSEX,2025-11-10T10:07:00,1762749420000,4,base,retrieval,760.0,760.0,760.0
2025-11-10T10:03:00,1762749180000,SENSEX,2025-11-10T10:08:00,1762749480000,5,base,retrieval,760.0,760.0,760.0
2025-11-10T10:03:00,1762749180000,SENSEX,2025-11-10T10:09:00,1762749540000,6,base,retrieval,760.0,760.0,760.0
2025-11-10T10:03:00,1762749180000,SENSEX,2025-11-10T10:10:00,1762749600000,7,base,retrieval,760.0,760.0,760.0
2025-11-10T10:03:00,1762749180000,SENSEX,2025-11-10T10:11:00,1762749660000,8,base,retrieval,760.0,760.0,760.0
2025-11-10T10:03:00,1762749180000,SENSEX,2025-11-10T10:12:00,1762749720000,9,base,retrieval,760.0,760.0,760.0
2025-11-10T10:03:00,1762749180000,SENSEX,2025-11-10T10:13:00,1762749780000,10,base,retrieval,760.0,760.0,760.0
2025-11-10T10:03:00,1762749180000,SENSEX,2025-11-10T10:14:00,1762749840000,11,base,retrieval,760.0,760.0,760.0
2025-11-10T10:03:00,1762749180000,SENSEX,2025-11-10T10:15:00,1762749900000,12,base,retrieval,760.0,760.0,760.0
2025-11-10T10:03:00,1762749180000,SENSEX,2025-11-10T10:16:00,1762749960000,13,base,retrieval,760.0,760.0,760.0
2025-11-10T10:03:00,1762749180000,SENSEX,2025-11-10T10:17:00,1762750020000,14,base,retrieval,760.0,760.0,760.0
2025-11-10T10:03:00,1762749180000,SENSEX,2025-11-10T10:18:00,1762750080000,15,base,retrieval,760.0,760.0,760.0
2025-11-10T10:03:00,1762749180000,SENSEX,2025-11-10T10:19:00,1762750140000,16,base,retrieval,760.0,760.0,760.0
2025-11-10T10:03:00,1762749180000,SENSEX,2025-11-10T10:20:00,1762750200000,17,base,retrieval,760.0,760.0,760.0
2025-11-10T10:03:00,1762749180000,SENSEX,2025-11-10T10:21:00,1762750260000,18,base,retrieval,760.0,760.0,760.0
2025-11-10T10:03:00,1762749180000,SENSEX,2025-11-10T10:22:00,1762750320000,19,base,retrieval,760.0,760.0,760.0
2025-11-10T10:03:00,1762749180000,SENSEX,2025-11-10T10:23:00,1762750380000,20,base,retrieval,760.0,760.0,760.0
2025-11-10T10:03:00,1762749180000,SENSEX,2025-11-10T10:24:00,1762750440000,21,base,retrieval,760.0,760.0,760.0
2025-11-10T10:03:00,1762749180000,SENSEX,2025-11-10T10:25:00,1762750500000,22,base,retrieval,760.0,760.0,760.0
2025-11-10T10:03:00,1762749180000,SENSEX,2025-11-10T10:26:00,1762750560000,23,base,retrieval,760.0,760.0,760.0
2025-11-10T10:03:00,1762749180000,SENSEX,2025-11-10T10:27:00,1762750620000,24,base,retrieval,760.0,760.0,760.0
2025-11-10T10:03:00,1762749180000,SENSEX,2025-11-10T10:28:00,1762750680000,25,base,retrieval,760.0,760.0,760.0
2025-11-10T10:03:00,1762749180000,SENSEX,2025-11-10T10:29:00,1762750740000,26,base,retrieval,760.0,760.0,760.0
2025-11-10T10:03:00,1762749180000,SENSEX,2025-11-10T10:30:00,1762750800000,27,base,retrieval,760.0,760.0,760.0
2025-11-10T10:03:00,1762749180000,SENSEX,2025-11-10T10:31:00,1762750860000,28,base,retrieval,760.0,760.0,760.0
2025-11-10T10:03:00,1762749180000,SENSEX,2025-11-10T10:32:00,1762750920000,29,base,retrieval,760.0,760.0,760.0
2025-11-10T10:03:00,1762749180000,SENSEX,2025-11-10T10:33:00,1762750980000,30,base,retrieval,760.0,760.0,760.0
2025-11-10T10:03:00,1762749180000,SENSEX,2025-11-10T10:34:00,1762751040000,31,base,retrieval,760.0,760.0,760.0
2025-11-10T10:03:00,1762749180000,SENSEX,2025-11-10T10:35:00,1762751100000,32,base,retrieval,760.0,760.0,760.0
2025-11-10T10:03:00,1762749180000,SENSEX,2025-11-10T10:36:00,1762751160000,33,base,retrieval,760.0,760.0,760.0
2025-11-10T10:03:00,1762749180000,SENSEX,2025-11-10T10:37:00,1762751220000,34,base,retrieval,760.0,760.0,760.0
2025-11-10T10:03:00,1762749180000,SENSEX,2025-11-10T10:38:00,1762751280000,35,base,retrieval,760.0,760.0,760.0
2025-11-10T10:03:00,1762749180000,SENSEX,2025-11-10T10:39:00,1762751340000,36,base,retrieval,760.0,760.0,760.0
2025-11-10T10:03:00,1762749180000,SENSEX,2025-11-10T10:40:00,1762751400000,37,base,retrieval,760.0,760.0,760.0
2025-11-10T10:03:00,1762749180000,SENSEX,2025-11-10T10:41:00,1762751460000,38,base,retrieval,760.0,760.0,760.0
2025-11-10T10:03:00,1762749180000,SENSEX,2025-11-10T10:42:00,1762751520000,39,base,retrieval,760.0,760.0,760.0
2025-11-10T10:03:00,1762749180000,SENSEX,2025-11-10T10:43:00,1762751580000,40,base,retrieval,760.0,760.0,760.0
2025-11-10T10:03:00,1762749180000,SENSEX,2025-11-10T10:44:00,1762751640000,41,base,retrieval,760.0,760.0,760.0
2025-11-10T10:03:00,1762749180000,SENSEX,2025-11-10T10:45:00,1762751700000,42,base,retrieval,760.0,760.0,760.0
2025-11-10T10:03:00,1762749180000,SENSEX,2025-11-10T10:46:00,1762751760000,43,base,retrieval,760.0,760.0,760.0
2025-11-10T10:03:00,1762749180000,SENSEX,2025-11-10T10:47:00,1762751820000,44,base,retrieval,760.0,760.0,760.0
2025-11-10T10:03:00,1762749180000,SENSEX,2025-11-10T10:48:00,1762751880000,45,base,retrieval,760.0,760.0,760.0
2025-11-10T10:03:00,1762749180000,SENSEX,2025-11-10T10:49:00,1762751940000,46,base,retrieval,760.0,760.0,760.0
2025-11-10T10:03:00,1762749180000,SENSEX,2025-11-10T10:50:00,1762752000000,47,base,retrieval,760.0,760.0,760.0
2025-11-10T10:03:00,1762749180000,SENSEX,2025-11-10T10:51:00,1762752060000,48,base,retrieval,760.0,760.0,760.0
2025-11-10T10:03:00,1762749180000,SENSEX,2025-11-10T10:52:00,1762752120000,49,base,retrieval,760.0,760.0,760.0
2025-11-10T10:03:00,1762749180000,SENSEX,2025-11-10T10:53:00,1762752180000,50,base,retrieval,760.0,760.0,760.0
2025-11-10T10:03:00,1762749180000,SENSEX,2025-11-10T10:54:00,1762752240000,51,base,retrieval,760.0,760.0,760.0
2025-11-10T10:03:00,1762749180000,SENSEX,2025-11-10T10:55:00,1762752300000,52,base,retrieval,760.0,760.0,760.0
2025-11-10T10:03:00,1762749180000,SENSEX,2025-11-10T10:56:00,1762752360000,53,base,retrieval,760.0,760.0,760.0
2025-11-10T10:03:00,1762749180000,SENSEX,2025-11-10T10:57:00,1762752420000,54,base,retrieval,760.0,760.0,760.0
2025-11-10T10:03:00,1762749180000,SENSEX,2025-11-10T10:58:00,1762752480000,55,base,retrieval,760.0,760.0,760.0
2025-11-10T10:03:00,1762749180000,SENSEX,2025-11-10T10:59:00,1762752540000,56,base,retrieval,760.0,760.0,760.0
2025-11-10T10:03:00,1762749180000,SENSEX,2025-11-10T11:00:00,1762752600000,57,base,retrieval,760.0,760.0,760.0
2025-11-10T10:03:00,1762749180000,SENSEX,2025-11-10T11:01:00,1762752660000,58,base,retrieval,760.0,760.0,760.0
2025-11-10T10:03:00,1762749180000,SENSEX,2025-11-10T11:02:00,1762752720000,59,base,retrieval,760.0,760.0,760.0
2025-11-10T10:03:00,1762749180000,SENSEX,2025-11-10T11:03:00,1762752780000,60,base,retrieval,760.0,760.0,760.0
2025-11-10T10:03:30,1762749210000,SENSEX,2025-11-10T10:04:30,1762749270000,1,base,retrieval,759.2,759.2,759.2
2025-11-10T10:03:30,1762749210000,SENSEX,2025-11-10T10:05:30,1762749330000,2,base,retrieval,759.2,759.2,759.2
2025-11-10T10:03:30,1762749210000,SENSEX,2025-11-10T10:06:30,1762749390000,3,base,retrieval,759.2,759.2,759.2
2025-11-10T10:03:30,1762749210000,SENSEX,2025-11-10T10:07:30,1762749450000,4,base,retrieval,759.2,759.2,759.2
2025-11-10T10:03:30,1762749210000,SENSEX,2025-11-10T10:08:30,1762749510000,5,base,retrieval,759.2,759.2,759.2
2025-11-10T10:03:30,1762749210000,SENSEX,2025-11-10T10:09:30,1762749570000,6,base,retrieval,759.2,759.2,759.2
2025-11-10T10:03:30,1762749210000,SENSEX,2025-11-10T10:10:30,1762749630000,7,base,retrieval,759.2,759.2,759.2
2025-11-10T10:03:30,1762749210000,SENSEX,2025-11-10T10:11:30,1762749690000,8,base,retrieval,759.2,759.2,759.2
2025-11-10T10:03:30,1762749210000,SENSEX,2025-11-10T10:12:30,1762749750000,9,base,retrieval,759.2,759.2,759.2
2025-11-10T10:03:30,1762749210000,SENSEX,2025-11-10T10:13:30,1762749810000,10,base,retrieval,759.2,759.2,759.2
2025-11-10T10:03:30,1762749210000,SENSEX,2025-11-10T10:14:30,1762749870000,11,base,retrieval,759.2,759.2,759.2
2025-11-10T10:03:30,1762749210000,SENSEX,2025-11-10T10:15:30,1762749930000,12,base,retrieval,759.2,759.2,759.2
2025-11-10T10:03:30,1762749210000,SENSEX,2025-11-10T10:16:30,1762749990000,13,base,retrieval,759.2,759.2,759.2
2025-11-10T10:03:30,1762749210000,SENSEX,2025-11-10T10:17:30,1762750050000,14,base,retrieval,759.2,759.2,759.2
2025-11-10T10:03:30,1762749210000,SENSEX,2025-11-10T10:18:30,1762750110000,15,base,retrieval,759.2,759.2,759.2
2025-11-10T10:03:30,1762749210000,SENSEX,2025-11-10T10:19:30,1762750170000,16,base,retrieval,759.2,759.2,759.2
2025-11-10T10:03:30,1762749210000,SENSEX,2025-11-10T10:20:30,1762750230000,17,base,retrieval,759.2,759.2,759.2
2025-11-10T10:03:30,1762749210000,SENSEX,2025-11-10T10:21:30,1762750290000,18,base,retrieval,759.2,759.2,759.2
2025-11-10T10:03:30,1762749210000,SENSEX,2025-11-10T10:22:30,1762750350000,19,base,retrieval,759.2,759.2,759.2
2025-11-10T10:03:30,1762749210000,SENSEX,2025-11-10T10:23:30,1762750410000,20,base,retrieval,759.2,759.2,759.2
2025-11-10T10:03:30,1762749210000,SENSEX,2025-11-10T10:24:30,1762750470000,21,base,retrieval,759.2,759.2,759.2
2025-11-10T10:03:30,1762749210000,SENSEX,2025-11-10T10:25:30,1762750530000,22,base,retrieval,759.2,759.2,759.2
2025-11-10T10:03:30,1762749210000,SENSEX,2025-11-10T10:26:30,1762750590000,23,base,retrieval,759.2,759.2,759.2
2025-11-10T10:03:30,1762749210000,SENSEX,2025-11-10T10:27:30,1762750650000,24,base,retrieval,759.2,759.2,759.2
2025-11-10T10:03:30,1762749210000,SENSEX,2025-11-10T10:28:30,1762750710000,25,base,retrieval,759.2,759.2,759.2
2025-11-10T10:03:30,1762749210000,SENSEX,2025-11-10T10:29:30,1762750770000,26,base,retrieval,759.2,759.2,759.2
2025-11-10T10:03:30,1762749210000,SENSEX,2025-11-10T10:30:30,1762750830000,27,base,retrieval,759.2,759.2,759.2
2025-11-10T10:03:30,1762749210000,SENSEX,2025-11-10T10:31:30,1762750890000,28,base,retrieval,759.2,759.2,759.2
2025-11-10T10:03:30,1762749210000,SENSEX,2025-11-10T10:32:30,1762750950000,29,base,retrieval,759.2,759.2,759.2
2025-11-10T10:03:30,1762749210000,SENSEX,2025-11-10T10:33:30,1762751010000,30,base,retrieval,759.2,759.2,759.2
2025-11-10T10:03:30,1762749210000,SENSEX,2025-11-10T10:34:30,1762751070000,31,base,retrieval,759.2,759.2,759.2
2025-11-10T10:03:30,1762749210000,SENSEX,2025-11-10T10:35:30,1762751130000,32,base,retrieval,759.2,759.2,759.2
2025-11-10T10:03:30,1762749210000,SENSEX,2025-11-10T10:36:30,1762751190000,33,base,retrieval,759.2,759.2,759.2
2025-11-10T10:03:30,1762749210000,SENSEX,2025-11-10T10:37:30,1762751250000,34,base,retrieval,759.2,759.2,759.2
2025-11-10T10:03:30,1762749210000,SENSEX,2025-11-10T10:38:30,1762751310000,35,base,retrieval,759.2,759.2,759.2
2025-11-10T10:03:30,1762749210000,SENSEX,2025-11-10T10:39:30,1762751370000,36,base,retrieval,759.2,759.2,759.2
2025-11-10T10:03:30,1762749210000,SENSEX,2025-11-10T10:40:30,1762751430000,37,base,retrieval,759.2,759.2,759.2
2025-11-10T10:03:30,1762749210000,SENSEX,2025-11-10T10:41:30,1762751490000,38,base,retrieval,759.2,759.2,759.2
2025-11-10T10:03:30,1762749210000,SENSEX,2025-11-10T10:42:30,1762751550000,39,base,retrieval,759.2,759.2,759.2
2025-11-10T10:03:30,1762749210000,SENSEX,2025-11-10T10:43:30,1762751610000,40,base,retrieval,759.2,759.2,759.2
2025-11-10T10:03:30,1762749210000,SENSEX,2025-11-10T10:44:30,1762751670000,41,base,retrieval,759.2,759.2,759.2
2025-11-10T10:03:30,1762749210000,SENSEX,2025-11-10T10:45:30,1762751730000,42,base,retrieval,759.2,759.2,759.2
2025-11-10T10:03:30,1762749210000,SENSEX,2025-11-10T10:46:30,1762751790000,43,base,retrieval,759.2,759.2,759.2
2025-11-10T10:03:30,1762749210000,SENSEX,2025-11-10T10:47:30,1762751850000,44,base,retrieval,759.2,759.2,759.2
2025-11-10T10:03:30,1762749210000,SENSEX,2025-11-10T10:48:30,1762751910000,45,base,retrieval,759.2,759.2,759.2
2025-11-10T10:03:30,1762749210000,SENSEX,2025-11-10T10:49:30,1762751970000,46,base,retrieval,759.2,759.2,759.2
2025-11-10T10:03:30,1762749210000,SENSEX,2025-11-10T10:50:30,1762752030000,47,base,retrieval,759.2,759.2,759.2
2025-11-10T10:03:30,1762749210000,SENSEX,2025-11-10T10:51:30,1762752090000,48,base,retrieval,759.2,759.2,759.2
2025-11-10T10:03:30,1762749210000,SENSEX,2025-11-10T10:52:30,1762752150000,49,base,retrieval,759.2,759.2,759.2
2025-11-10T10:03:30,1762749210000,SENSEX,2025-11-10T10:53:30,1762752210000,50,base,retrieval,759.2,759.2,759.2
2025-11-10T10:03:30,1762749210000,SENSEX,2025-11-10T10:54:30,1762752270000,51,base,retrieval,759.2,759.2,759.2
2025-11-10T10:03:30,1762749210000,SENSEX,2025-11-10T10:55:30,1762752330000,52,base,retrieval,759.2,759.2,759.2
2025-11-10T10:03:30,1762749210000,SENSEX,2025-11-10T10:56:30,1762752390000,53,base,retrieval,759.2,759.2,759.2
2025-11-10T10:03:30,1762749210000,SENSEX,2025-11-10T10:57:30,1762752450000,54,base,retrieval,759.2,759.2,759.2
2025-11-10T10:03:30,1762749210000,SENSEX,2025-11-10T10:58:30,1762752510000,55,base,retrieval,759.2,759.2,759.2
2025-11-10T10:03:30,1762749210000,SENSEX,2025-11-10T10:59:30,1762752570000,56,base,retrieval,759.2,759.2,759.2
2025-11-10T10:03:30,1762749210000,SENSEX,2025-11-10T11:00:30,1762752630000,57,base,retrieval,759.2,759.2,759.2
2025-11-10T10:03:30,1762749210000,SENSEX,2025-11-10T11:01:30,1762752690000,58,base,retrieval,759.2,759.2,759.2
2025-11-10T10:03:30,1762749210000,SENSEX,2025-11-10T11:02:30,1762752750000,59,base,retrieval,759.2,759.2,759.2
2025-11-10T10:03:30,1762749210000,SENSEX,2025-11-10T11:03:30,1762752810000,60,base,retrieval,759.2,759.2,759.2
2025-11-10T10:03:30,1762749210000,SENSEX,2025-11-10T10:04:30,1762749270000,1,since_open,hybrid,754.4974999999998,759.2,782.5699999999999
2025-11-10T10:03:30,1762749210000,SENSEX,2025-11-10T10:05:30,1762749330000,2,since_open,hybrid,208.00732142857123,756.8223214285715,782.4723214285715
2025-11-10T10:03:30,1762749210000,SENSEX,2025-11-10T10:06:30,1762749390000,3,since_open,hybrid,756.2978571428571,759.7178571428573,779.6203571428573
2025-11-10T10:03:30,1762749210000,SENSEX,2025-11-10T10:07:30,1762749450000,4,since_open,hybrid,754.1517857142854,759.8517857142858,777.7117857142857
2025-11-10T10:03:30,1762749210000,SENSEX,2025-11-10T10:08:30,1762749510000,5,since_open,hybrid,202.89267857142852,757.0276785714286,774.935178571429
2025-11-10T10:03:30,1762749210000,SENSEX,2025-11-10T10:09:30,1762749570000,6,since_open,hybrid,755.5998214285712,759.4473214285716,779.3973214285717
2025-11-10T10:03:30,1762749210000,SENSEX,2025-11-10T10:10:30,1762749630000,7,since_open,hybrid,748.2380357142855,757.1205357142859,768.330535714286
2025-11-10T10:03:30,1762749210000,SENSEX,2025-11-10T10:11:30,1762749690000,8,since_open,hybrid,200.04374999999993,754.36875,769.3312500000002
2025-11-10T10:03:30,1762749210000,SENSEX,2025-11-10T10:12:30,1762749750000,9,since_open,hybrid,737.6666071428568,759.1366071428572,780.2741071428572
2025-11-10T10:03:30,1762749210000,SENSEX,2025-11-10T10:13:30,1762749810000,10,since_open,hybrid,738.3226785714281,758.4151785714287,778.4126785714286
2025-11-10T10:03:30,1762749210000,SENSEX,2025-11-10T10:14:30,1762749870000,11,since_open,hybrid,199.4444642857144,753.5794642857143,777.5194642857145
2025-11-10T10:03:30,1762749210000,SENSEX,2025-11-10T10:15:30,1762749930000,12,since_open,hybrid,744.5071428571426,756.8571428571429,778.8971428571432
2025-11-10T10:03:30,1762749210000,SENSEX,2025-11-10T10:16:30,1762749990000,13,since_open,hybrid,743.4648214285712,758.5223214285713,777.9973214285716
2025-11-10T10:03:30,1762749210000,SENSEX,2025-11-10T10:17:30,1762750050000,14,since_open,hybrid,196.5258928571427,755.8383928571428,782.960892857143
2025-11-10T10:03:30,1762749210000,SENSEX,2025-11-10T10:18:30,1762750110000,15,since_open,hybrid,742.9608928571428,755.7383928571428,777.4933928571434
2025-11-10T10:03:30,1762749210000,SENSEX,2025-11-10T10:19:30,1762750170000,16,since_open,hybrid,742.8860714285714,755.1410714285715,779.7935714285718
2025-11-10T10:03:30,1762749210000,SENSEX,2025-11-10T10:20:30,1762750230000,17,since_open,hybrid,192.60053571428568,752.4830357142857,780.1755357142858
2025-11-10T10:03:30,1762749210000,SENSEX,2025-11-10T10:21:30,1762750290000,18,since_open,hybrid,740.6864285714283,753.5589285714285,778.6864285714288
2025-11-10T10:03:30,1762749210000,SENSEX,2025-11-10T10:22:30,1762750350000,19,since_open,hybrid,739.0264285714285,755.9839285714286,784.1514285714287
2025-11-10T10:03:30,1762749210000,SENSEX,2025-11-10T10:23:30,1762750410000,20,since_open,hybrid,187.95982142857122,758.1973214285715,779.4298214285715
2025-11-10T10:03:30,1762749210000,SENSEX,2025-11-10T10:24:30,1762750470000,21,since_open,hybrid,736.1969642857142,757.9044642857143,772.5819642857143
2025-11-10T10:03:30,1762749210000,SENSEX,2025-11-10T10:25:30,1762750530000,22,since_open,hybrid,741.4621428571426,757.469642857143,779.6046428571427
2025-11-10T10:03:30,1762749210000,SENSEX,2025-11-10T10:26:30,1762750590000,23,since_open,hybrid,184.4189285714284,758.4089285714286,772.2314285714284
2025-11-10T10:03:30,1762749210000,SENSEX,2025-11-10T10:27:30,1762750650000,24,since_open,hybrid,733.6673214285711,757.7973214285714,774.9448214285713
2025-11-10T10:03:30,1762749210000,SENSEX,2025-11-10T10:28:30,1762750710000,25,since_open,hybrid,735.9062499999998,757.75625,774.95125
2025-11-10T10:03:30,1762749210000,SENSEX,2025-11-10T10:29:30,1762750770000,26,since_open,hybrid,184.1298214285713,755.2223214285716,770.0423214285715
2025-11-10T10:03:30,1762749210000,SENSEX,2025-11-10T10:30:30,1762750830000,27,since_open,hybrid,736.3064285714286,761.9089285714286,773.8789285714288
2025-11-10T10:03:30,1762749210000,SENSEX,2025-11-10T10:31:30,1762750890000,28,since_open,hybrid,730.0276785714282,760.1901785714286,773.1101785714286
2025-11-10T10:03:30,1762749210000,SENSEX,2025-11-10T10:32:30,1762750950000,29,since_open,hybrid,184.6958928571429,754.8383928571429,771.0833928571428
2025-11-10T10:03:30,1762749210000,SENSEX,2025-11-10T10:33:30,1762751010000,30,since_open,hybrid,734.4739285714286,759.4589285714286,774.0414285714285
2025-11-10T10:03:30,1762749210000,SENSEX,2025-11-10T10:34:30,1762751070000,31,since_open,hybrid,729.4816071428571,758.5991071428572,775.8891071428575
2025-11-10T10:03:30,1762749210000,SENSEX,2025-11-10T10:35:30,1762751130000,32,since_open,hybrid,177.14374999999973,759.73125,770.70375
2025-11-10T10:03:30,1762749210000,SENSEX,2025-11-10T10:36:30,1762751190000,33,since_open,hybrid,727.3901785714284,758.0276785714285,773.3701785714284
2025-11-10T10:03:30,1762749210000,SENSEX,2025-11-10T10:37:30,1762751250000,34,since_open,hybrid,727.8891071428573,756.9116071428572,775.3891071428573
2025-11-10T10:03:30,1762749210000,SENSEX,2025-11-10T10:38:30,1762751310000,35,since_open,hybrid,181.98035714285697,752.6928571428571,773.450357142857
2025-11-10T10:03:30,1762749210000,SENSEX,2025-11-10T10:39:30,1762751370000,36,since_open,hybrid,732.9932142857142,756.1732142857143,773.7482142857143
2025-11-10T10:03:30,1762749210000,SENSEX,2025-11-10T10:40:30,1762751430000,37,since_open,hybrid,729.1589285714286,756.7089285714286,770.0564285714288
2025-11-10T10:03:30,1762749210000,SENSEX,2025-11-10T10:41:30,1762751490000,38,since_open,hybrid,183.05660714285716,754.3866071428571,768.969107142857
2025-11-10T10:03:30,1762749210000,SENSEX,2025-11-10T10:42:30,1762751550000,39,since_open,hybrid,724.1510714285714,761.3910714285714,778.2535714285714
2025-11-10T10:03:30,1762749210000,SENSEX,2025-11-10T10:43:30,1762751610000,40,since_open,hybrid,725.4337499999999,757.3062500000001,785.18875
2025-11-10T10:03:30,1762749210000,SENSEX,2025-11-10T10:44:30,1762751670000,41,since_open,hybrid,184.10571428571416,752.3482142857142,777.2857142857142
2025-11-10T10:03:30,1762749210000,SENSEX,2025-11-10T10:45:30,1762751730000,42,since_open,hybrid,726.8799999999998,753.8125000000001,778.5599999999998
2025-11-10T10:03:30,1762749210000,SENSEX,2025-11-10T10:46:30,1762751790000,43,since_open,hybrid,729.0273214285711,751.9223214285714,779.6623214285712
2025-11-10T10:03:30,1762749210000,SENSEX,2025-11-10T10:47:30,1762751850000,44,since_open,hybrid,182.06160714285693,749.686607142857,778.424107142857
2025-11-10T10:03:30,1762749210000,SENSEX,2025-11-10T10:48:30,1762751910000,45,since_open,hybrid,741.2326785714282,749.6401785714286,775.1951785714286
2025-11-10T10:03:30,1762749210000,SENSEX,2025-11-10T10:49:30,1762751970000,46,since_open,hybrid,730.5451785714282,749.6401785714286,774.1501785714286
2025-11-10T10:03:30,1762749210000,SENSEX,2025-11-10T10:50:30,1762752030000,47,since_open,hybrid,198.19660714285703,746.2991071428572,763.209107142857
2025-11-10T10:03:30,1762749210000,SENSEX,2025-11-10T10:51:30,1762752090000,48,since_open,hybrid,737.4105357142856,749.5705357142858,772.655535714286
2025-11-10T10:03:30,1762749210000,SENSEX,2025-11-10T10:52:30,1762752150000,49,since_open,hybrid,733.9751785714287,748.6526785714285,763.2826785714286
2025-11-10T10:03:30,1762749210000,SENSEX,2025-11-10T10:53:30,1762752210000,50,since_open,hybrid,191.91374999999994,747.0937500000001,765.8087499999999
2025-11-10T10:03:30,1762749210000,SENSEX,2025-11-10T10:54:30,1762752270000,51,since_open,hybrid,734.4682142857142,747.9107142857143,765.1532142857142
2025-11-10T10:03:30,1762749210000,SENSEX,2025-11-10T10:55:30,1762752330000,52,since_open,hybrid,726.348392857143,747.9133928571429,766.9608928571429
2025-11-10T10:03:30,1762749210000,SENSEX,2025-11-10T10:56:30,1762752390000,53,since_open,hybrid,187.94160714285704,745.9241071428572,766.7291071428568
2025-11-10T10:03:30,1762749210000,SENSEX,2025-11-10T10:57:30,1762752450000,54,since_open,hybrid,729.2832142857142,745.8607142857143,769.3732142857143
2025-11-10T10:03:30,1762749210000,SENSEX,2025-11-10T10:58:30,1762752510000,55,since_open,hybrid,724.1348214285714,746.4598214285714,767.5023214285716
2025-11-10T10:03:30,1762749210000,SENSEX,2025-11-10T10:59:30,1762752570000,56,since_open,hybrid,185.44017857142842,747.1276785714286,778.3826785714288
2025-11-10T10:03:30,1762749210000,SENSEX,2025-11-10T11:00:30,1762752630000,57,since_open,hybrid,728.5266071428571,749.9491071428571,775.2191071428572
2025-11-10T10:03:30,1762749210000,SENSEX,2025-11-10T11:01:30,1762752690000,58,since_open,hybrid,740.3767857142855,749.1642857142857,774.1967857142856
2025-11-10T10:03:30,1762749210000,SENSEX,2025-11-10T11:02:30,1762752750000,59,since_open,hybrid,192.10089285714264,748.0883928571429,777.1108928571429
2025-11-10T10:03:30,1762749210000,SENSEX,2025-11-10T11:03:30,1762752810000,60,since_open,hybrid,739.1337500000001,750.5812500000001,777.08625
2025-11-10T10:03:30,1762749210000,SENSEX,2025-11-10T10:04:30,1762749270000,1,wide_bands,retrieval,759.2,759.2,759.2
2025-11-10T10:03:30,1762749210000,SENSEX,2025-11-10T10:05:30,1762749330000,2,wide_bands,retrieval,759.2,759.2,759.2
2025-11-10T10:03:30,1762749210000,SENSEX,2025-11-10T10:06:30,1762749390000,3,wide_bands,retrieval,759.2,759.2,759.2
2025-11-10T10:03:30,1762749210000,SENSEX,2025-11-10T10:07:30,1762749450000,4,wide_bands,retrieval,759.2,759.2,759.2
2025-11-10T10:03:30,1762749210000,SENSEX,2025-11-10T10:08:30,1762749510000,5,wide_bands,retrieval,759.2,759.2,759.2
2025-11-10T10:03:30,1762749210000,SENSEX,2025-11-10T10:09:30,1762749570000,6,wide_bands,retrieval,759.2,759.2,759.2
2025-11-10T10:03:30,1762749210000,SENSEX,2025-11-10T10:10:30,1762749630000,7,wide_bands,retrieval,759.2,759.2,759.2
2025-11-10T10:03:30,1762749210000,SENSEX,2025-11-10T10:11:30,1762749690000,8,wide_bands,retrieval,759.2,759.2,759.2
2025-11-10T10:03:30,1762749210000,SENSEX,2025-11-10T10:12:30,1762749750000,9,wide_bands,retrieval,759.2,759.2,759.2
2025-11-10T10:03:30,1762749210000,SENSEX,2025-11-10T10:13:30,1762749810000,10,wide_bands,retrieval,759.2,759.2,759.2
2025-11-10T10:03:30,1762749210000,SENSEX,2025-11-10T10:14:30,1762749870000,11,wide_bands,retrieval,759.2,759.2,759.2
2025-11-10T10:03:30,1762749210000,SENSEX,2025-11-10T10:15:30,1762749930000,12,wide_bands,retrieval,759.2,759.2,759.2
2025-11-10T10:03:30,1762749210000,SENSEX,2025-11-10T10:16:30,1762749990000,13,wide_bands,retrieval,759.2,759.2,759.2
2025-11-10T10:03:30,1762749210000,SENSEX,2025-11-10T10:17:30,1762750050000,14,wide_bands,retrieval,759.2,759.2,759.2
2025-11-10T10:03:30,1762749210000,SENSEX,2025-11-10T10:18:30,1762750110000,15,wide_bands,retrieval,759.2,759.2,759.2
2025-11-10T10:03:30,1762749210000,SENSEX,2025-11-10T10:19:30,1762750170000,16,wide_bands,retrieval,759.2,759.2,759.2
2025-11-10T10:03:30,1762749210000,SENSEX,2025-11-10T10:20:30,1762750230000,17,wide_bands,retrieval,759.2,759.2,759.2
2025-11-10T10:03:30,1762749210000,SENSEX,2025-11-10T10:21:30,1762750290000,18,wide_bands,retrieval,759.2,759.2,759.2
2025-11-10T10:03:30,1762749210000,SENSEX,2025-11-10T10:22:30,1762750350000,19,wide_bands,retrieval,759.2,759.2,759.2
2025-11-10T10:03:30,1762749210000,SENSEX,2025-11-10T10:23:30,1762750410000,20,wide_bands,retrieval,759.2,759.2,759.2
2025-11-10T10:03:30,1762749210000,SENSEX,2025-11-10T10:24:30,1762750470000,21,wide_bands,retrieval,759.2,759.2,759.2
2025-11-10T10:03:30,1762749210000,SENSEX,2025-11-10T10:25:30,1762750530000,22,wide_bands,retrieval,759.2,759.2,759.2
2025-11-10T10:03:30,1762749210000,SENSEX,2025-11-10T10:26:30,1762750590000,23,wide_bands,retrieval,759.2,759.2,759.2
2025-11-10T10:03:30,1762749210000,SENSEX,2025-11-10T10:27:30,1762750650000,24,wide_bands,retrieval,759.2,759.2,759.2
2025-11-10T10:03:30,1762749210000,SENSEX,2025-11-10T10:28:30,1762750710000,25,wide_bands,retrieval,759.2,759.2,759.2
2025-11-10T10:03:30,1762749210000,SENSEX,2025-11-10T10:29:30,1762750770000,26,wide_bands,retrieval,759.2,759.2,759.2
2025-11-10T10:03:30,1762749210000,SENSEX,2025-11-10T10:30:30,1762750830000,27,wide_bands,retrieval,759.2,759.2,759.2
2025-11-10T10:03:30,1762749210000,SENSEX,2025-11-10T10:31:30,1762750890000,28,wide_bands,retrieval,759.2,759.2,759.2
2025-11-10T10:03:30,1762749210000,SENSEX,2025-11-10T10:32:30,1762750950000,29,wide_bands,retrieval,759.2,759.2,759.2
2025-11-10T10:03:30,1762749210000,SENSEX,2025-11-10T10:33:30,1762751010000,30,wide_bands,retrieval,759.2,759.2,759.2
2025-11-10T10:03:30,1762749210000,SENSEX,2025-11-10T10:34:30,1762751070000,31,wide_bands,retrieval,759.2,759.2,759.2
2025-11-10T10:03:30,1762749210000,SENSEX,2025-11-10T10:35:30,1762751130000,32,wide_bands,retrieval,759.2,759.2,759.2
2025-11-10T10:03:30,1762749210000,SENSEX,2025-11-10T10:36:30,1762751190000,33,wide_bands,retrieval,759.2,759.2,759.2
2025-11-10T10:03:30,1762749210000,SENSEX,2025-11-10T10:37:30,1762751250000,34,wide_bands,retrieval,759.2,759.2,759.2
2025-11-10T10:03:30,1762749210000,SENSEX,2025-11-10T10:38:30,1762751310000,35,wide_bands,retrieval,759.2,759.2,759.2
2025-11-10T10:03:30,1762749210000,SENSEX,2025-11-10T10:39:30,1762751370000,36,wide_bands,retrieval,759.2,759.2,759.2
2025-11-10T10:03:30,1762749210000,SENSEX,2025-11-10T10:40:30,1762751430000,37,wide_bands,retrieval,759.2,759.2,759.2
2025-11-10T10:03:30,1762749210000,SENSEX,2025-11-10T10:41:30,1762751490000,38,wide_bands,retrieval,759.2,759.2,759.2
2025-11-10T10:03:30,1762749210000,SENSEX,2025-11-10T10:42:30,1762751550000,39,wide_bands,retrieval,759.2,759.2,759.2
2025-11-10T10:03:30,1762749210000,SENSEX,2025-11-10T10:43:30,1762751610000,40,wide_bands,retrieval,759.2,759.2,759.2
2025-11-10T10:03:30,1762749210000,SENSEX,2025-11-10T10:44:30,1762751670000,41,wide_bands,retrieval,759.2,759.2,759.2
2025-11-10T10:03:30,1762749210000,SENSEX,2025-11-10T10:45:30,1762751730000,42,wide_bands,retrieval,759.2,759.2,759.2
2025-11-10T10:03:30,1762749210000,SENSEX,2025-11-10T10:46:30,1762751790000,43,wide_bands,retrieval,759.2,759.2,759.2
2025-11-10T10:03:30,1762749210000,SENSEX,2025-11-10T10:47:30,1762751850000,44,wide_bands,retrieval,759.2,759.2,759.2
2025-11-10T10:03:30,1762749210000,SENSEX,2025-11-10T10:48:30,1762751910000,45,wide_bands,retrieval,759.2,759.2,759.2
2025-11-10T10:03:30,1762749210000,SENSEX,2025-11-10T10:49:30,1762751970000,46,wide_bands,retrieval,759.2,759.2,759.2
2025-11-10T10:03:30,1762749210000,SENSEX,2025-11-10T10:50:30,1762752030000,47,wide_bands,retrieval,759.2,759.2,759.2
2025-11-10T10:03:30,1762749210000,SENSEX,2025-11-10T10:51:30,1762752090000,48,wide_bands,retrieval,759.2,759.2,759.2
2025-11-10T10:03:30,1762749210000,SENSEX,2025-11-10T10:52:30,1762752150000,49,wide_bands,retrieval,759.2,759.2,759.2
2025-11-10T10:03:30,1762749210000,SENSEX,2025-11-10T10:53:30,1762752210000,50,wide_bands,retrieval,759.2,759.2,759.2
2025-11-10T10:03:30,1762749210000,SENSEX,2025-11-10T10:54:30,1762752270000,51,wide_bands,retrieval,759.2,759.2,759.2
2025-11-10T10:03:30,1762749210000,SENSEX,2025-11-10T10:55:30,1762752330000,52,wide_bands,retrieval,759.2,759.2,759.2
2025-11-10T10:03:30,1762749210000,SENSEX,2025-11-10T10:56:30,1762752390000,53,wide_bands,retrieval,759.2,759.2,759.2
2025-11-10T10:03:30,1762749210000,SENSEX,2025-11-10T10:57:30,1762752450000,54,wide_bands,retrieval,759.2,759.2,759.2
2025-11-10T10:03:30,1762749210000,SENSEX,2025-11-10T10:58:30,1762752510000,55,wide_bands,retrieval,759.2,759.2,759.2
2025-11-10T10:03:30,1762749210000,SENSEX,2025-11-10T10:59:30,1762752570000,56,wide_bands,retrieval,759.2,759.2,759.2
2025-11-10T10:03:30,1762749210000,SENSEX,2025-11-10T11:00:30,1762752630000,57,wide_bands,retrieval,759.2,759.2,759.2
2025-11-10T10:03:30,1762749210000,SENSEX,2025-11-10T11:01:30,1762752690000,58,wide_bands,retrieval,759.2,759.2,759.2
2025-11-10T10:03:30,1762749210000,SENSEX,2025-11-10T11:02:30,1762752750000,59,wide_bands,retrieval,759.2,759.2,759.2
2025-11-10T10:03:30,1762749210000,SENSEX,2025-11-10T11:03:30,1762752810000,60,wide_bands,retrieval,759.2,759.2,759.2
2025-11-10T10:03:30,1762749210000,SENSEX,2025-11-10T10:04:30,1762749270000,1,conservative,retrieval,759.2,759.2,759.2
2025-11-10T10:03:30,1762749210000,SENSEX,2025-11-10T10:05:30,1762749330000,2,conservative,retrieval,759.2,759.2,759.2
2025-11-10T10:03:30,1762749210000,SENSEX,2025-11-10T10:06:30,1762749390000,3,conservative,retrieval,759.2,759.2,759.2
2025-11-10T10:03:30,1762749210000,SENSEX,2025-11-10T10:07:30,1762749450000,4,conservative,retrieval,759.2,759.2,759.2
2025-11-10T10:03:30,1762749210000,SENSEX,2025-11-10T10:08:30,1762749510000,5,conservative,retrieval,759.2,759.2,759.2
2025-11-10T10:03:30,1762749210000,SENSEX,2025-11-10T10:09:30,1762749570000,6,conservative,retrieval,759.2,759.2,759.2
2025-11-10T10:03:30,1762749210000,SENSEX,2025-11-10T10:10:30,1762749630000,7,conservative,retrieval,759.2,759.2,759.2
2025-11-10T10:03:30,1762749210000,SENSEX,2025-11-10T10:11:30,1762749690000,8,conservative,retrieval,759.2,759.2,759.2
2025-11-10T10:03:30,1762749210000,SENSEX,2025-11-10T10:12:30,1762749750000,9,conservative,retrieval,759.2,759.2,759.2
2025-11-10T10:03:30,1762749210000,SENSEX,2025-11-10T10:13:30,1762749810000,10,conservative,retrieval,759.2,759.2,759.2
2025-11-10T10:03:30,1762749210000,SENSEX,2025-11-10T10:14:30,1762749870000,11,conservative,retrieval,759.2,759.2,759.2
2025-11-10T10:03:30,1762749210000,SENSEX,2025-11-10T10:15:30,1762749930000,12,conservative,retrieval,759.2,759.2,759.2
2025-11-10T10:03:30,1762749210000,SENSEX,2025-11-10T10:16:30,1762749990000,13,conservative,retrieval,759.2,759.2,759.2
2025-11-10T10:03:30,1762749210000,SENSEX,2025-11-10T10:17:30,1762750050000,14,conservative,retrieval,759.2,759.2,759.2
2025-11-10T10:03:30,1762749210000,SENSEX,2025-11-10T10:18:30,1762750110000,15,conservative,retrieval,759.2,759.2,759.2
2025-11-10T10:03:30,1762749210000,SENSEX,2025-11-10T10:19:30,1762750170000,16,conservative,retrieval,759.2,759.2,759.2
2025-11-10T10:03:30,1762749210000,SENSEX,2025-11-10T10:20:30,1762750230000,17,conservative,retrieval,759.2,759.2,759.2
2025-11-10T10:03:30,1762749210000,SENSEX,2025-11-10T10:21:30,1762750290000,18,conservative,retrieval,759.2,759.2,759.2
2025-11-10T10:03:30,1762749210000,SENSEX,2025-11-10T10:22:30,1762750350000,19,conservative,retrieval,759.2,759.2,759.2
2025-11-10T10:03:30,1762749210000,SENSEX,2025-11-10T10:23:30,1762750410000,20,conservative,retrieval,759.2,759.2,759.2
2025-11-10T10:03:30,1762749210000,SENSEX,2025-11-10T10:24:30,1762750470000,21,conservative,retrieval,759.2,759.2,759.2
2025-11-10T10:03:30,1762749210000,SENSEX,2025-11-10T10:25:30,1762750530000,22,conservative,retrieval,759.2,759.2,759.2
2025-11-10T10:03:30,1762749210000,SENSEX,2025-11-10T10:26:30,1762750590000,23,conservative,retrieval,759.2,759.2,759.2
2025-11-10T10:03:30,1762749210000,SENSEX,2025-11-10T10:27:30,1762750650000,24,conservative,retrieval,759.2,759.2,759.2
2025-11-10T10:03:30,1762749210000,SENSEX,2025-11-10T10:28:30,1762750710000,25,conservative,retrieval,759.2,759.2,759.2
2025-11-10T10:03:30,1762749210000,SENSEX,2025-11-10T10:29:30,1762750770000,26,conservative,retrieval,759.2,759.2,759.2
2025-11-10T10:03:30,1762749210000,SENSEX,2025-11-10T10:30:30,1762750830000,27,conservative,retrieval,759.2,759.2,759.2
2025-11-10T10:03:30,1762749210000,SENSEX,2025-11-10T10:31:30,1762750890000,28,conservative,retrieval,759.2,759.2,759.2
2025-11-10T10:03:30,1762749210000,SENSEX,2025-11-10T10:32:30,1762750950000,29,conservative,retrieval,759.2,759.2,759.2
2025-11-10T10:03:30,1762749210000,SENSEX,2025-11-10T10:33:30,1762751010000,30,conservative,retrieval,759.2,759.2,759.2
2025-11-10T10:03:30,1762749210000,SENSEX,2025-11-10T10:34:30,1762751070000,31,conservative,retrieval,759.2,759.2,759.2
2025-11-10T10:03:30,1762749210000,SENSEX,2025-11-10T10:35:30,1762751130000,32,conservative,retrieval,759.2,759.2,759.2
2025-11-10T10:03:30,1762749210000,SENSEX,2025-11-10T10:36:30,1762751190000,33,conservative,retrieval,759.2,759.2,759.2
2025-11-10T10:03:30,1762749210000,SENSEX,2025-11-10T10:37:30,1762751250000,34,conservative,retrieval,759.2,759.2,759.2
2025-11-10T10:03:30,1762749210000,SENSEX,2025-11-10T10:38:30,1762751310000,35,conservative,retrieval,759.2,759.2,759.2
2025-11-10T10:03:30,1762749210000,SENSEX,2025-11-10T10:39:30,1762751370000,36,conservative,retrieval,759.2,759.2,759.2
2025-11-10T10:03:30,1762749210000,SENSEX,2025-11-10T10:40:30,1762751430000,37,conservative,retrieval,759.2,759.2,759.2
2025-11-10T10:03:30,1762749210000,SENSEX,2025-11-10T10:41:30,1762751490000,38,conservative,retrieval,759.2,759.2,759.2
2025-11-10T10:03:30,1762749210000,SENSEX,2025-11-10T10:42:30,1762751550000,39,conservative,retrieval,759.2,759.2,759.2
2025-11-10T10:03:30,1762749210000,SENSEX,2025-11-10T10:43:30,1762751610000,40,conservative,retrieval,759.2,759.2,759.2
2025-11-10T10:03:30,1762749210000,SENSEX,2025-11-10T10:44:30,1762751670000,41,conservative,retrieval,759.2,759.2,759.2
2025-11-10T10:03:30,1762749210000,SENSEX,2025-11-10T10:45:30,1762751730000,42,conservative,retrieval,759.2,759.2,759.2
2025-11-10T10:03:30,1762749210000,SENSEX,2025-11-10T10:46:30,1762751790000,43,conservative,retrieval,759.2,759.2,759.2
2025-11-10T10:03:30,1762749210000,SENSEX,2025-11-10T10:47:30,1762751850000,44,conservative,retrieval,759.2,759.2,759.2
2025-11-10T10:03:30,1762749210000,SENSEX,2025-11-10T10:48:30,1762751910000,45,conservative,retrieval,759.2,759.2,759.2
2025-11-10T10:03:30,1762749210000,SENSEX,2025-11-10T10:49:30,1762751970000,46,conservative,retrieval,759.2,759.2,759.2
2025-11-10T10:03:30,1762749210000,SENSEX,2025-11-10T10:50:30,1762752030000,47,conservative,retrieval,759.2,759.2,759.2
2025-11-10T10:03:30,1762749210000,SENSEX,2025-11-10T10:51:30,1762752090000,48,conservative,retrieval,759.2,759.2,759.2
2025-11-10T10:03:30,1762749210000,SENSEX,2025-11-10T10:52:30,1762752150000,49,conservative,retrieval,759.2,759.2,759.2
2025-11-10T10:03:30,1762749210000,SENSEX,2025-11-10T10:53:30,1762752210000,50,conservative,retrieval,759.2,759.2,759.2
2025-11-10T10:03:30,1762749210000,SENSEX,2025-11-10T10:54:30,1762752270000,51,conservative,retrieval,759.2,759.2,759.2
2025-11-10T10:03:30,1762749210000,SENSEX,2025-11-10T10:55:30,1762752330000,52,conservative,retrieval,759.2,759.2,759.2
2025-11-10T10:03:30,1762749210000,SENSEX,2025-11-10T10:56:30,1762752390000,53,conservative,retrieval,759.2,759.2,759.2
2025-11-10T10:03:30,1762749210000,SENSEX,2025-11-10T10:57:30,1762752450000,54,conservative,retrieval,759.2,759.2,759.2
2025-11-10T10:03:30,1762749210000,SENSEX,2025-11-10T10:58:30,1762752510000,55,conservative,retrieval,759.2,759.2,759.2
2025-11-10T10:03:30,1762749210000,SENSEX,2025-11-10T10:59:30,1762752570000,56,conservative,retrieval,759.2,759.2,759.2
2025-11-10T10:03:30,1762749210000,SENSEX,2025-11-10T11:00:30,1762752630000,57,conservative,retrieval,759.2,759.2,759.2
2025-11-10T10:03:30,1762749210000,SENSEX,2025-11-10T11:01:30,1762752690000,58,conservative,retrieval,759.2,759.2,759.2
2025-11-10T10:03:30,1762749210000,SENSEX,2025-11-10T11:02:30,1762752750000,59,conservative,retrieval,759.2,759.2,759.2
2025-11-10T10:03:30,1762749210000,SENSEX,2025-11-10T11:03:30,1762752810000,60,conservative,retrieval,759.2,759.2,759.2
2025-11-10T10:03:30,1762749210000,SENSEX,2025-11-10T10:04:30,1762749270000,1,optimized,retrieval,759.2,759.2,759.2
2025-11-10T10:03:30,1762749210000,SENSEX,2025-11-10T10:05:30,1762749330000,2,optimized,retrieval,759.2,759.2,759.2
2025-11-10T10:03:30,1762749210000,SENSEX,2025-11-10T10:06:30,1762749390000,3,optimized,retrieval,759.2,759.2,759.2
2025-11-10T10:03:30,1762749210000,SENSEX,2025-11-10T10:07:30,1762749450000,4,optimized,retrieval,759.2,759.2,759.2
2025-11-10T10:03:30,1762749210000,SENSEX,2025-11-10T10:08:30,1762749510000,5,optimized,retrieval,759.2,759.2,759.2
2025-11-10T10:03:30,1762749210000,SENSEX,2025-11-10T10:09:30,1762749570000,6,optimized,retrieval,759.2,759.2,759.2
2025-11-10T10:03:30,1762749210000,SENSEX,2025-11-10T10:10:30,1762749630000,7,optimized,retrieval,759.2,759.2,759.2
2025-11-10T10:03:30,1762749210000,SENSEX,2025-11-10T10:11:30,1762749690000,8,optimized,retrieval,759.2,759.2,759.2
2025-11-10T10:03:30,1762749210000,SENSEX,2025-11-10T10:12:30,1762749750000,9,optimized,retrieval,759.2,759.2,759.2
2025-11-10T10:03:30,1762749210000,SENSEX,2025-11-10T10:13:30,1762749810000,10,optimized,retrieval,759.2,759.2,759.2
2025-11-10T10:03:30,1762749210000,SENSEX,2025-11-10T10:14:30,1762749870000,11,optimized,retrieval,759.2,759.2,759.2
2025-11-10T10:03:30,1762749210000,SENSEX,2025-11-10T10:15:30,1762749930000,12,optimized,retrieval,759.2,759.2,759.2
2025-11-10T10:03:30,1762749210000,SENSEX,2025-11-10T10:16:30,1762749990000,13,optimized,retrieval,759.2,759.2,759.2
2025-11-10T10:03:30,1762749210000,SENSEX,2025-11-10T10:17:30,1762750050000,14,optimized,retrieval,759.2,759.2,759.2
2025-11-10T10:03:30,1762749210000,SENSEX,2025-11-10T10:18:30,1762750110000,15,optimized,retrieval,759.2,759.2,759.2
2025-11-10T10:03:30,1762749210000,SENSEX,2025-11-10T10:19:30,1762750170000,16,optimized,retrieval,759.2,759.2,759.2
2025-11-10T10:03:30,1762749210000,SENSEX,2025-11-10T10:20:30,1762750230000,17,optimized,retrieval,759.2,759.2,759.2
2025-11-10T10:03:30,1762749210000,SENSEX,2025-11-10T10:21:30,1762750290000,18,optimized,retrieval,759.2,759.2,759.2
2025-11-10T10:03:30,1762749210000,SENSEX,2025-11-10T10:22:30,1762750350000,19,optimized,retrieval,759.2,759.2,759.2
2025-11-10T10:03:30,1762749210000,SENSEX,2025-11-10T10:23:30,1762750410000,20,optimized,retrieval,759.2,759.2,759.2
2025-11-10T10:03:30,1762749210000,SENSEX,2025-11-10T10:24:30,1762750470000,21,optimized,retrieval,759.2,759.2,759.2
2025-11-10T10:03:30,1762749210000,SENSEX,2025-11-10T10:25:30,1762750530000,22,optimized,retrieval,759.2,759.2,759.2
2025-11-10T10:03:30,1762749210000,SENSEX,2025-11-10T10:26:30,1762750590000,23,optimized,retrieval,759.2,759.2,759.2
2025-11-10T10:03:30,1762749210000,SENSEX,2025-11-10T10:27:30,1762750650000,24,optimized,retrieval,759.2,759.2,759.2
2025-11-10T10:03:30,1762749210000,SENSEX,2025-11-10T10:28:30,1762750710000,25,optimized,retrieval,759.2,759.2,759.2
2025-11-10T10:03:30,1762749210000,SENSEX,2025-11-10T10:29:30,1762750770000,26,optimized,retrieval,759.2,759.2,759.2
2025-11-10T10:03:30,1762749210000,SENSEX,2025-11-10T10:30:30,1762750830000,27,optimized,retrieval,759.2,759.2,759.2
2025-11-10T10:03:30,1762749210000,SENSEX,2025-11-10T10:31:30,1762750890000,28,optimized,retrieval,759.2,759.2,759.2
2025-11-10T10:03:30,1762749210000,SENSEX,2025-11-10T10:32:30,1762750950000,29,optimized,retrieval,759.2,759.2,759.2
2025-11-10T10:03:30,1762749210000,SENSEX,2025-11-10T10:33:30,1762751010000,30,optimized,retrieval,759.2,759.2,759.2
2025-11-10T10:03:30,1762749210000,SENSEX,2025-11-10T10:34:30,1762751070000,31,optimized,retrieval,759.2,759.2,759.2
2025-11-10T10:03:30,1762749210000,SENSEX,2025-11-10T10:35:30,1762751130000,32,optimized,retrieval,759.2,759.2,759.2
2025-11-10T10:03:30,1762749210000,SENSEX,2025-11-10T10:36:30,1762751190000,33,optimized,retrieval,759.2,759.2,759.2
2025-11-10T10:03:30,1762749210000,SENSEX,2025-11-10T10:37:30,1762751250000,34,optimized,retrieval,759.2,759.2,759.2
2025-11-10T10:03:30,1762749210000,SENSEX,2025-11-10T10:38:30,1762751310000,35,optimized,retrieval,759.2,759.2,759.2
2025-11-10T10:03:30,1762749210000,SENSEX,2025-11-10T10:39:30,1762751370000,36,optimized,retrieval,759.2,759.2,759.2
2025-11-10T10:03:30,1762749210000,SENSEX,2025-11-10T10:40:30,1762751430000,37,optimized,retrieval,759.2,759.2,759.2
2025-11-10T10:03:30,1762749210000,SENSEX,2025-11-10T10:41:30,1762751490000,38,optimized,retrieval,759.2,759.2,759.2
2025-11-10T10:03:30,1762749210000,SENSEX,2025-11-10T10:42:30,1762751550000,39,optimized,retrieval,759.2,759.2,759.2
2025-11-10T10:03:30,1762749210000,SENSEX,2025-11-10T10:43:30,1762751610000,40,optimized,retrieval,759.2,759.2,759.2
2025-11-10T10:03:30,1762749210000,SENSEX,2025-11-10T10:44:30,1762751670000,41,optimized,retrieval,759.2,759.2,759.2
2025-11-10T10:03:30,1762749210000,SENSEX,2025-11-10T10:45:30,1762751730000,42,optimized,retrieval,759.2,759.2,759.2
2025-11-10T10:03:30,1762749210000,SENSEX,2025-11-10T10:46:30,1762751790000,43,optimized,retrieval,759.2,759.2,759.2
2025-11-10T10:03:30,1762749210000,SENSEX,2025-11-10T10:47:30,1762751850000,44,optimized,retrieval,759.2,759.2,759.2
2025-11-10T10:03:30,1762749210000,SENSEX,2025-11-10T10:48:30,1762751910000,45,optimized,retrieval,759.2,759.2,759.2
2025-11-10T10:03:30,1762749210000,SENSEX,2025-11-10T10:49:30,1762751970000,46,optimized,retrieval,759.2,759.2,759.2
2025-11-10T10:03:30,1762749210000,SENSEX,2025-11-10T10:50:30,1762752030000,47,optimized,retrieval,759.2,759.2,759.2
2025-11-10T10:03:30,1762749210000,SENSEX,2025-11-10T10:51:30,1762752090000,48,optimized,retrieval,759.2,759.2,759.2
2025-11-10T10:03:30,1762749210000,SENSEX,2025-11-10T10:52:30,1762752150000,49,optimized,retrieval,759.2,759.2,759.2
2025-11-10T10:03:30,1762749210000,SENSEX,2025-11-10T10:53:30,1762752210000,50,optimized,retrieval,759.2,759.2,759.2
2025-11-10T10:03:30,1762749210000,SENSEX,2025-11-10T10:54:30,1762752270000,51,optimized,retrieval,759.2,759.2,759.2
2025-11-10T10:03:30,1762749210000,SENSEX,2025-11-10T10:55:30,1762752330000,52,optimized,retrieval,759.2,759.2,759.2
2025-11-10T10:03:30,1762749210000,SENSEX,2025-11-10T10:56:30,1762752390000,53,optimized,retrieval,759.2,759.2,759.2
2025-11-10T10:03:30,1762749210000,SENSEX,2025-11-10T10:57:30,1762752450000,54,optimized,retrieval,759.2,759.2,759.2
2025-11-10T10:03:30,1762749210000,SENSEX,2025-11-10T10:58:30,1762752510000,55,optimized,retrieval,759.2,759.2,759.2
2025-11-10T10:03:30,1762749210000,SENSEX,2025-11-10T10:59:30,1762752570000,56,optimized,retrieval,759.2,759.2,759.2
2025-11-10T10:03:30,1762749210000,SENSEX,2025-11-10T11:00:30,1762752630000,57,optimized,retrieval,759.2,759.2,759.2
2025-11-10T10:03:30,1762749210000,SENSEX,2025-11-10T11:01:30,1762752690000,58,optimized,retrieval,759.2,759.2,759.2
2025-11-10T10:03:30,1762749210000,SENSEX,2025-11-10T11:02:30,1762752750000,59,optimized,retrieval,759.2,759.2,759.2
2025-11-10T10:03:30,1762749210000,SENSEX,2025-11-10T11:03:30,1762752810000,60,optimized,retrieval,759.2,759.2,759.2
2025-11-10T10:11:30,1762749690000,SENSEX,2025-11-10T10:12:30,1762749750000,1,optimized,retrieval,744.95,744.95,744.95
2025-11-10T10:11:30,1762749690000,SENSEX,2025-11-10T10:13:30,1762749810000,2,optimized,retrieval,744.95,744.95,744.95
2025-11-10T10:11:30,1762749690000,SENSEX,2025-11-10T10:14:30,1762749870000,3,optimized,retrieval,744.95,744.95,744.95
2025-11-10T10:11:30,1762749690000,SENSEX,2025-11-10T10:15:30,1762749930000,4,optimized,retrieval,744.95,744.95,744.95
2025-11-10T10:11:30,1762749690000,SENSEX,2025-11-10T10:16:30,1762749990000,5,optimized,retrieval,744.95,744.95,744.95
2025-11-10T10:11:30,1762749690000,SENSEX,2025-11-10T10:17:30,1762750050000,6,optimized,retrieval,744.95,744.95,744.95
2025-11-10T10:11:30,1762749690000,SENSEX,2025-11-10T10:18:30,1762750110000,7,optimized,retrieval,744.95,744.95,744.95
2025-11-10T10:11:30,1762749690000,SENSEX,2025-11-10T10:19:30,1762750170000,8,optimized,retrieval,744.95,744.95,744.95
2025-11-10T10:11:30,1762749690000,SENSEX,2025-11-10T10:20:30,1762750230000,9,optimized,retrieval,744.95,744.95,744.95
2025-11-10T10:11:30,1762749690000,SENSEX,2025-11-10T10:21:30,1762750290000,10,optimized,retrieval,744.95,744.95,744.95
2025-11-10T10:11:30,1762749690000,SENSEX,2025-11-10T10:22:30,1762750350000,11,optimized,retrieval,744.95,744.95,744.95
2025-11-10T10:11:30,1762749690000,SENSEX,2025-11-10T10:23:30,1762750410000,12,optimized,retrieval,744.95,744.95,744.95
2025-11-10T10:11:30,1762749690000,SENSEX,2025-11-10T10:24:30,1762750470000,13,optimized,retrieval,744.95,744.95,744.95
2025-11-10T10:11:30,1762749690000,SENSEX,2025-11-10T10:25:30,1762750530000,14,optimized,retrieval,744.95,744.95,744.95
2025-11-10T10:11:30,1762749690000,SENSEX,2025-11-10T10:26:30,1762750590000,15,optimized,retrieval,744.95,744.95,744.95
2025-11-10T10:11:30,1762749690000,SENSEX,2025-11-10T10:27:30,1762750650000,16,optimized,retrieval,744.95,744.95,744.95
2025-11-10T10:11:30,1762749690000,SENSEX,2025-11-10T10:28:30,1762750710000,17,optimized,retrieval,744.95,744.95,744.95
2025-11-10T10:11:30,1762749690000,SENSEX,2025-11-10T10:29:30,1762750770000,18,optimized,retrieval,744.95,744.95,744.95
2025-11-10T10:11:30,1762749690000,SENSEX,2025-11-10T10:30:30,1762750830000,19,optimized,retrieval,744.95,744.95,744.95
2025-11-10T10:11:30,1762749690000,SENSEX,2025-11-10T10:31:30,1762750890000,20,optimized,retrieval,744.95,744.95,744.95
2025-11-10T10:11:30,1762749690000,SENSEX,2025-11-10T10:32:30,1762750950000,21,optimized,retrieval,744.95,744.95,744.95
2025-11-10T10:11:30,1762749690000,SENSEX,2025-11-10T10:33:30,1762751010000,22,optimized,retrieval,744.95,744.95,744.95
2025-11-10T10:11:30,1762749690000,SENSEX,2025-11-10T10:34:30,1762751070000,23,optimized,retrieval,744.95,744.95,744.95
2025-11-10T10:11:30,1762749690000,SENSEX,2025-11-10T10:35:30,1762751130000,24,optimized,retrieval,744.95,744.95,744.95
2025-11-10T10:11:30,1762749690000,SENSEX,2025-11-10T10:36:30,1762751190000,25,optimized,retrieval,744.95,744.95,744.95
2025-11-10T10:11:30,1762749690000,SENSEX,2025-11-10T10:37:30,1762751250000,26,optimized,retrieval,744.95,744.95,744.95
2025-11-10T10:11:30,1762749690000,SENSEX,2025-11-10T10:38:30,1762751310000,27,optimized,retrieval,744.95,744.95,744.95
2025-11-10T10:11:30,1762749690000,SENSEX,2025-11-10T10:39:30,1762751370000,28,optimized,retrieval,744.95,744.95,744.95
2025-11-10T10:11:30,1762749690000,SENSEX,2025-11-10T10:40:30,1762751430000,29,optimized,retrieval,744.95,744.95,744.95
2025-11-10T10:11:30,1762749690000,SENSEX,2025-11-10T10:41:30,1762751490000,30,optimized,retrieval,744.95,744.95,744.95
2025-11-10T10:11:30,1762749690000,SENSEX,2025-11-10T10:42:30,1762751550000,31,optimized,retrieval,744.95,744.95,744.95
2025-11-10T10:11:30,1762749690000,SENSEX,2025-11-10T10:43:30,1762751610000,32,optimized,retrieval,744.95,744.95,744.95
2025-11-10T10:11:30,1762749690000,SENSEX,2025-11-10T10:44:30,1762751670000,33,optimized,retrieval,744.95,744.95,744.95
2025-11-10T10:11:30,1762749690000,SENSEX,2025-11-10T10:45:30,1762751730000,34,optimized,retrieval,744.95,744.95,744.95
2025-11-10T10:11:30,1762749690000,SENSEX,2025-11-10T10:46:30,1762751790000,35,optimized,retrieval,744.95,744.95,744.95
2025-11-10T10:11:30,1762749690000,SENSEX,2025-11-10T10:47:30,1762751850000,36,optimized,retrieval,744.95,744.95,744.95
2025-11-10T10:11:30,1762749690000,SENSEX,2025-11-10T10:48:30,1762751910000,37,optimized,retrieval,744.95,744.95,744.95
2025-11-10T10:11:30,1762749690000,SENSEX,2025-11-10T10:49:30,1762751970000,38,optimized,retrieval,744.95,744.95,744.95
2025-11-10T10:11:30,1762749690000,SENSEX,2025-11-10T10:50:30,1762752030000,39,optimized,retrieval,744.95,744.95,744.95
2025-11-10T10:11:30,1762749690000,SENSEX,2025-11-10T10:51:30,1762752090000,40,optimized,retrieval,744.95,744.95,744.95
2025-11-10T10:11:30,1762749690000,SENSEX,2025-11-10T10:52:30,1762752150000,41,optimized,retrieval,744.95,744.95,744.95
2025-11-10T10:11:30,1762749690000,SENSEX,2025-11-10T10:53:30,1762752210000,42,optimized,retrieval,744.95,744.95,744.95
2025-11-10T10:11:30,1762749690000,SENSEX,2025-11-10T10:54:30,1762752270000,43,optimized,retrieval,744.95,744.95,744.95
2025-11-10T10:11:30,1762749690000,SENSEX,2025-11-10T10:55:30,1762752330000,44,optimized,retrieval,744.95,744.95,744.95
2025-11-10T10:11:30,1762749690000,SENSEX,2025-11-10T10:56:30,1762752390000,45,optimized,retrieval,744.95,744.95,744.95
2025-11-10T10:11:30,1762749690000,SENSEX,2025-11-10T10:57:30,1762752450000,46,optimized,retrieval,744.95,744.95,744.95
2025-11-10T10:11:30,1762749690000,SENSEX,2025-11-10T10:58:30,1762752510000,47,optimized,retrieval,744.95,744.95,744.95
2025-11-10T10:11:30,1762749690000,SENSEX,2025-11-10T10:59:30,1762752570000,48,optimized,retrieval,744.95,744.95,744.95
2025-11-10T10:11:30,1762749690000,SENSEX,2025-11-10T11:00:30,1762752630000,49,optimized,retrieval,744.95,744.95,744.95
2025-11-10T10:11:30,1762749690000,SENSEX,2025-11-10T11:01:30,1762752690000,50,optimized,retrieval,744.95,744.95,744.95
2025-11-10T10:11:30,1762749690000,SENSEX,2025-11-10T11:02:30,1762752750000,51,optimized,retrieval,744.95,744.95,744.95
2025-11-10T10:11:30,1762749690000,SENSEX,2025-11-10T11:03:30,1762752810000,52,optimized,retrieval,744.95,744.95,744.95
2025-11-10T10:11:30,1762749690000,SENSEX,2025-11-10T11:04:30,1762752870000,53,optimized,retrieval,744.95,744.95,744.95
2025-11-10T10:11:30,1762749690000,SENSEX,2025-11-10T11:05:30,1762752930000,54,optimized,retrieval,744.95,744.95,744.95
2025-11-10T10:11:30,1762749690000,SENSEX,2025-11-10T11:06:30,1762752990000,55,optimized,retrieval,744.95,744.95,744.95
2025-11-10T10:11:30,1762749690000,SENSEX,2025-11-10T11:07:30,1762753050000,56,optimized,retrieval,744.95,744.95,744.95
2025-11-10T10:11:30,1762749690000,SENSEX,2025-11-10T11:08:30,1762753110000,57,optimized,retrieval,744.95,744.95,744.95
2025-11-10T10:11:30,1762749690000,SENSEX,2025-11-10T11:09:30,1762753170000,58,optimized,retrieval,744.95,744.95,744.95
2025-11-10T10:11:30,1762749690000,SENSEX,2025-11-10T11:10:30,1762753230000,59,optimized,retrieval,744.95,744.95,744.95
2025-11-10T10:11:30,1762749690000,SENSEX,2025-11-10T11:11:30,1762753290000,60,optimized,retrieval,744.95,744.95,744.95
2025-11-10T10:11:30,1762749690000,SENSEX,2025-11-10T10:12:30,1762749750000,1,optimized,retrieval,744.95,744.95,744.95
2025-11-10T10:11:30,1762749690000,SENSEX,2025-11-10T10:13:30,1762749810000,2,optimized,retrieval,744.95,744.95,744.95
2025-11-10T10:11:30,1762749690000,SENSEX,2025-11-10T10:14:30,1762749870000,3,optimized,retrieval,744.95,744.95,744.95
2025-11-10T10:11:30,1762749690000,SENSEX,2025-11-10T10:15:30,1762749930000,4,optimized,retrieval,744.95,744.95,744.95
2025-11-10T10:11:30,1762749690000,SENSEX,2025-11-10T10:16:30,1762749990000,5,optimized,retrieval,744.95,744.95,744.95
2025-11-10T10:11:30,1762749690000,SENSEX,2025-11-10T10:17:30,1762750050000,6,optimized,retrieval,744.95,744.95,744.95
2025-11-10T10:11:30,1762749690000,SENSEX,2025-11-10T10:18:30,1762750110000,7,optimized,retrieval,744.95,744.95,744.95
2025-11-10T10:11:30,1762749690000,SENSEX,2025-11-10T10:19:30,1762750170000,8,optimized,retrieval,744.95,744.95,744.95
2025-11-10T10:11:30,1762749690000,SENSEX,2025-11-10T10:20:30,1762750230000,9,optimized,retrieval,744.95,744.95,744.95
2025-11-10T10:11:30,1762749690000,SENSEX,2025-11-10T10:21:30,1762750290000,10,optimized,retrieval,744.95,744.95,744.95
2025-11-10T10:11:30,1762749690000,SENSEX,2025-11-10T10:22:30,1762750350000,11,optimized,retrieval,744.95,744.95,744.95
2025-11-10T10:11:30,1762749690000,SENSEX,2025-11-10T10:23:30,1762750410000,12,optimized,retrieval,744.95,744.95,744.95
2025-11-10T10:11:30,1762749690000,SENSEX,2025-11-10T10:24:30,1762750470000,13,optimized,retrieval,744.95,744.95,744.95
2025-11-10T10:11:30,1762749690000,SENSEX,2025-11-10T10:25:30,1762750530000,14,optimized,retrieval,744.95,744.95,744.95
2025-11-10T10:11:30,1762749690000,SENSEX,2025-11-10T10:26:30,1762750590000,15,optimized,retrieval,744.95,744.95,744.95
2025-11-10T10:11:30,1762749690000,SENSEX,2025-11-10T10:27:30,1762750650000,16,optimized,retrieval,744.95,744.95,744.95
2025-11-10T10:11:30,1762749690000,SENSEX,2025-11-10T10:28:30,1762750710000,17,optimized,retrieval,744.95,744.95,744.95
2025-11-10T10:11:30,1762749690000,SENSEX,2025-11-10T10:29:30,1762750770000,18,optimized,retrieval,744.95,744.95,744.95
2025-11-10T10:11:30,1762749690000,SENSEX,2025-11-10T10:30:30,1762750830000,19,optimized,retrieval,744.95,744.95,744.95
2025-11-10T10:11:30,1762749690000,SENSEX,2025-11-10T10:31:30,1762750890000,20,optimized,retrieval,744.95,744.95,744.95
2025-11-10T10:11:30,1762749690000,SENSEX,2025-11-10T10:32:30,1762750950000,21,optimized,retrieval,744.95,744.95,744.95
2025-11-10T10:11:30,1762749690000,SENSEX,2025-11-10T10:33:30,1762751010000,22,optimized,retrieval,744.95,744.95,744.95
2025-11-10T10:11:30,1762749690000,SENSEX,2025-11-10T10:34:30,1762751070000,23,optimized,retrieval,744.95,744.95,744.95
2025-11-10T10:11:30,1762749690000,SENSEX,2025-11-10T10:35:30,1762751130000,24,optimized,retrieval,744.95,744.95,744.95
2025-11-10T10:11:30,1762749690000,SENSEX,2025-11-10T10:36:30,1762751190000,25,optimized,retrieval,744.95,744.95,744.95
2025-11-10T10:11:30,1762749690000,SENSEX,2025-11-10T10:37:30,1762751250000,26,optimized,retrieval,744.95,744.95,744.95
2025-11-10T10:11:30,1762749690000,SENSEX,2025-11-10T10:38:30,1762751310000,27,optimized,retrieval,744.95,744.95,744.95
2025-11-10T10:11:30,1762749690000,SENSEX,2025-11-10T10:39:30,1762751370000,28,optimized,retrieval,744.95,744.95,744.95
2025-11-10T10:11:30,1762749690000,SENSEX,2025-11-10T10:40:30,1762751430000,29,optimized,retrieval,744.95,744.95,744.95
2025-11-10T10:11:30,1762749690000,SENSEX,2025-11-10T10:41:30,1762751490000,30,optimized,retrieval,744.95,744.95,744.95
2025-11-10T10:11:30,1762749690000,SENSEX,2025-11-10T10:42:30,1762751550000,31,optimized,retrieval,744.95,744.95,744.95
2025-11-10T10:11:30,1762749690000,SENSEX,2025-11-10T10:43:30,1762751610000,32,optimized,retrieval,744.95,744.95,744.95
2025-11-10T10:11:30,1762749690000,SENSEX,2025-11-10T10:44:30,1762751670000,33,optimized,retrieval,744.95,744.95,744.95
2025-11-10T10:11:30,1762749690000,SENSEX,2025-11-10T10:45:30,1762751730000,34,optimized,retrieval,744.95,744.95,744.95
2025-11-10T10:11:30,1762749690000,SENSEX,2025-11-10T10:46:30,1762751790000,35,optimized,retrieval,744.95,744.95,744.95
2025-11-10T10:11:30,1762749690000,SENSEX,2025-11-10T10:47:30,1762751850000,36,optimized,retrieval,744.95,744.95,744.95
2025-11-10T10:11:30,1762749690000,SENSEX,2025-11-10T10:48:30,1762751910000,37,optimized,retrieval,744.95,744.95,744.95
2025-11-10T10:11:30,1762749690000,SENSEX,2025-11-10T10:49:30,1762751970000,38,optimized,retrieval,744.95,744.95,744.95
2025-11-10T10:11:30,1762749690000,SENSEX,2025-11-10T10:50:30,1762752030000,39,optimized,retrieval,744.95,744.95,744.95
2025-11-10T10:11:30,1762749690000,SENSEX,2025-11-10T10:51:30,1762752090000,40,optimized,retrieval,744.95,744.95,744.95
2025-11-10T10:11:30,1762749690000,SENSEX,2025-11-10T10:52:30,1762752150000,41,optimized,retrieval,744.95,744.95,744.95
2025-11-10T10:11:30,1762749690000,SENSEX,2025-11-10T10:53:30,1762752210000,42,optimized,retrieval,744.95,744.95,744.95
2025-11-10T10:11:30,1762749690000,SENSEX,2025-11-10T10:54:30,1762752270000,43,optimized,retrieval,744.95,744.95,744.95
2025-11-10T10:11:30,1762749690000,SENSEX,2025-11-10T10:55:30,1762752330000,44,optimized,retrieval,744.95,744.95,744.95
2025-11-10T10:11:30,1762749690000,SENSEX,2025-11-10T10:56:30,1762752390000,45,optimized,retrieval,744.95,744.95,744.95
2025-11-10T10:11:30,1762749690000,SENSEX,2025-11-10T10:57:30,1762752450000,46,optimized,retrieval,744.95,744.95,744.95
2025-11-10T10:11:30,1762749690000,SENSEX,2025-11-10T10:58:30,1762752510000,47,optimized,retrieval,744.95,744.95,744.95
2025-11-10T10:11:30,1762749690000,SENSEX,2025-11-10T10:59:30,1762752570000,48,optimized,retrieval,744.95,744.95,744.95
2025-11-10T10:11:30,1762749690000,SENSEX,2025-11-10T11:00:30,1762752630000,49,optimized,retrieval,744.95,744.95,744.95
2025-11-10T10:11:30,1762749690000,SENSEX,2025-11-10T11:01:30,1762752690000,50,optimized,retrieval,744.95,744.95,744.95
2025-11-10T10:11:30,1762749690000,SENSEX,2025-11-10T11:02:30,1762752750000,51,optimized,retrieval,744.95,744.95,744.95
2025-11-10T10:11:30,1762749690000,SENSEX,2025-11-10T11:03:30,1762752810000,52,optimized,retrieval,744.95,744.95,744.95
2025-11-10T10:11:30,1762749690000,SENSEX,2025-11-10T11:04:30,1762752870000,53,optimized,retrieval,744.95,744.95,744.95
2025-11-10T10:11:30,1762749690000,SENSEX,2025-11-10T11:05:30,1762752930000,54,optimized,retrieval,744.95,744.95,744.95
2025-11-10T10:11:30,1762749690000,SENSEX,2025-11-10T11:06:30,1762752990000,55,optimized,retrieval,744.95,744.95,744.95
2025-11-10T10:11:30,1762749690000,SENSEX,2025-11-10T11:07:30,1762753050000,56,optimized,retrieval,744.95,744.95,744.95
2025-11-10T10:11:30,1762749690000,SENSEX,2025-11-10T11:08:30,1762753110000,57,optimized,retrieval,744.95,744.95,744.95
2025-11-10T10:11:30,1762749690000,SENSEX,2025-11-10T11:09:30,1762753170000,58,optimized,retrieval,744.95,744.95,744.95
2025-11-10T10:11:30,1762749690000,SENSEX,2025-11-10T11:10:30,1762753230000,59,optimized,retrieval,744.95,744.95,744.95
2025-11-10T10:11:30,1762749690000,SENSEX,2025-11-10T11:11:30,1762753290000,60,optimized,retrieval,744.95,744.95,744.95
2025-11-10T10:11:30,1762749690000,SENSEX,2025-11-10T10:12:30,1762749750000,1,optimized,retrieval,744.95,744.95,744.95
2025-11-10T10:11:30,1762749690000,SENSEX,2025-11-10T10:13:30,1762749810000,2,optimized,retrieval,744.95,744.95,744.95
2025-11-10T10:11:30,1762749690000,SENSEX,2025-11-10T10:14:30,1762749870000,3,optimized,retrieval,744.95,744.95,744.95
2025-11-10T10:11:30,1762749690000,SENSEX,2025-11-10T10:15:30,1762749930000,4,optimized,retrieval,744.95,744.95,744.95
2025-11-10T10:11:30,1762749690000,SENSEX,2025-11-10T10:16:30,1762749990000,5,optimized,retrieval,744.95,744.95,744.95
2025-11-10T10:11:30,1762749690000,SENSEX,2025-11-10T10:17:30,1762750050000,6,optimized,retrieval,744.95,744.95,744.95
2025-11-10T10:11:30,1762749690000,SENSEX,2025-11-10T10:18:30,1762750110000,7,optimized,retrieval,744.95,744.95,744.95
2025-11-10T10:11:30,1762749690000,SENSEX,2025-11-10T10:19:30,1762750170000,8,optimized,retrieval,744.95,744.95,744.95
2025-11-10T10:11:30,1762749690000,SENSEX,2025-11-10T10:20:30,1762750230000,9,optimized,retrieval,744.95,744.95,744.95
2025-11-10T10:11:30,1762749690000,SENSEX,2025-11-10T10:21:30,1762750290000,10,optimized,retrieval,744.95,744.95,744.95
2025-11-10T10:11:30,1762749690000,SENSEX,2025-11-10T10:22:30,1762750350000,11,optimized,retrieval,744.95,744.95,744.95
2025-11-10T10:11:30,1762749690000,SENSEX,2025-11-10T10:23:30,1762750410000,12,optimized,retrieval,744.95,744.95,744.95
2025-11-10T10:11:30,1762749690000,SENSEX,2025-11-10T10:24:30,1762750470000,13,optimized,retrieval,744.95,744.95,744.95
2025-11-10T10:11:30,1762749690000,SENSEX,2025-11-10T10:25:30,1762750530000,14,optimized,retrieval,744.95,744.95,744.95
2025-11-10T10:11:30,1762749690000,SENSEX,2025-11-10T10:26:30,1762750590000,15,optimized,retrieval,744.95,744.95,744.95
2025-11-10T10:11:30,1762749690000,SENSEX,2025-11-10T10:27:30,1762750650000,16,optimized,retrieval,744.95,744.95,744.95
2025-11-10T10:11:30,1762749690000,SENSEX,2025-11-10T10:28:30,1762750710000,17,optimized,retrieval,744.95,744.95,744.95
2025-11-10T10:11:30,1762749690000,SENSEX,2025-11-10T10:29:30,1762750770000,18,optimized,retrieval,744.95,744.95,744.95
2025-11-10T10:11:30,1762749690000,SENSEX,2025-11-10T10:30:30,1762750830000,19,optimized,retrieval,744.95,744.95,744.95
2025-11-10T10:11:30,1762749690000,SENSEX,2025-11-10T10:31:30,1762750890000,20,optimized,retrieval,744.95,744.95,744.95
2025-11-10T10:11:30,1762749690000,SENSEX,2025-11-10T10:32:30,1762750950000,21,optimized,retrieval,744.95,744.95,744.95
2025-11-10T10:11:30,1762749690000,SENSEX,2025-11-10T10:33:30,1762751010000,22,optimized,retrieval,744.95,744.95,744.95
2025-11-10T10:11:30,1762749690000,SENSEX,2025-11-10T10:34:30,1762751070000,23,optimized,retrieval,744.95,744.95,744.95
2025-11-10T10:11:30,1762749690000,SENSEX,2025-11-10T10:35:30,1762751130000,24,optimized,retrieval,744.95,744.95,744.95
2025-11-10T10:11:30,1762749690000,SENSEX,2025-11-10T10:36:30,1762751190000,25,optimized,retrieval,744.95,744.95,744.95
2025-11-10T10:11:30,1762749690000,SENSEX,2025-11-10T10:37:30,1762751250000,26,optimized,retrieval,744.95,744.95,744.95
2025-11-10T10:11:30,1762749690000,SENSEX,2025-11-10T10:38:30,1762751310000,27,optimized,retrieval,744.95,744.95,744.95
2025-11-10T10:11:30,1762749690000,SENSEX,2025-11-10T10:39:30,1762751370000,28,optimized,retrieval,744.95,744.95,744.95
2025-11-10T10:11:30,1762749690000,SENSEX,2025-11-10T10:40:30,1762751430000,29,optimized,retrieval,744.95,744.95,744.95
2025-11-10T10:11:30,1762749690000,SENSEX,2025-11-10T10:41:30,1762751490000,30,optimized,retrieval,744.95,744.95,744.95
2025-11-10T10:11:30,1762749690000,SENSEX,2025-11-10T10:42:30,1762751550000,31,optimized,retrieval,744.95,744.95,744.95
2025-11-10T10:11:30,1762749690000,SENSEX,2025-11-10T10:43:30,1762751610000,32,optimized,retrieval,744.95,744.95,744.95
2025-11-10T10:11:30,1762749690000,SENSEX,2025-11-10T10:44:30,1762751670000,33,optimized,retrieval,744.95,744.95,744.95
2025-11-10T10:11:30,1762749690000,SENSEX,2025-11-10T10:45:30,1762751730000,34,optimized,retrieval,744.95,744.95,744.95
2025-11-10T10:11:30,1762749690000,SENSEX,2025-11-10T10:46:30,1762751790000,35,optimized,retrieval,744.95,744.95,744.95
2025-11-10T10:11:30,1762749690000,SENSEX,2025-11-10T10:47:30,1762751850000,36,optimized,retrieval,744.95,744.95,744.95
2025-11-10T10:11:30,1762749690000,SENSEX,2025-11-10T10:48:30,1762751910000,37,optimized,retrieval,744.95,744.95,744.95
2025-11-10T10:11:30,1762749690000,SENSEX,2025-11-10T10:49:30,1762751970000,38,optimized,retrieval,744.95,744.95,744.95
2025-11-10T10:11:30,1762749690000,SENSEX,2025-11-10T10:50:30,1762752030000,39,optimized,retrieval,744.95,744.95,744.95
2025-11-10T10:11:30,1762749690000,SENSEX,2025-11-10T10:51:30,1762752090000,40,optimized,retrieval,744.95,744.95,744.95
2025-11-10T10:11:30,1762749690000,SENSEX,2025-11-10T10:52:30,1762752150000,41,optimized,retrieval,744.95,744.95,744.95
2025-11-10T10:11:30,1762749690000,SENSEX,2025-11-10T10:53:30,1762752210000,42,optimized,retrieval,744.95,744.95,744.95
2025-11-10T10:11:30,1762749690000,SENSEX,2025-11-10T10:54:30,1762752270000,43,optimized,retrieval,744.95,744.95,744.95
2025-11-10T10:11:30,1762749690000,SENSEX,2025-11-10T10:55:30,1762752330000,44,optimized,retrieval,744.95,744.95,744.95
2025-11-10T10:11:30,1762749690000,SENSEX,2025-11-10T10:56:30,1762752390000,45,optimized,retrieval,744.95,744.95,744.95
2025-11-10T10:11:30,1762749690000,SENSEX,2025-11-10T10:57:30,1762752450000,46,optimized,retrieval,744.95,744.95,744.95
2025-11-10T10:11:30,1762749690000,SENSEX,2025-11-10T10:58:30,1762752510000,47,optimized,retrieval,744.95,744.95,744.95
2025-11-10T10:11:30,1762749690000,SENSEX,2025-11-10T10:59:30,1762752570000,48,optimized,retrieval,744.95,744.95,744.95
2025-11-10T10:11:30,1762749690000,SENSEX,2025-11-10T11:00:30,1762752630000,49,optimized,retrieval,744.95,744.95,744.95
2025-11-10T10:11:30,1762749690000,SENSEX,2025-11-10T11:01:30,1762752690000,50,optimized,retrieval,744.95,744.95,744.95
2025-11-10T10:11:30,1762749690000,SENSEX,2025-11-10T11:02:30,1762752750000,51,optimized,retrieval,744.95,744.95,744.95
2025-11-10T10:11:30,1762749690000,SENSEX,2025-11-10T11:03:30,1762752810000,52,optimized,retrieval,744.95,744.95,744.95
2025-11-10T10:11:30,1762749690000,SENSEX,2025-11-10T11:04:30,1762752870000,53,optimized,retrieval,744.95,744.95,744.95
2025-11-10T10:11:30,1762749690000,SENSEX,2025-11-10T11:05:30,1762752930000,54,optimized,retrieval,744.95,744.95,744.95
2025-11-10T10:11:30,1762749690000,SENSEX,2025-11-10T11:06:30,1762752990000,55,optimized,retrieval,744.95,744.95,744.95
2025-11-10T10:11:30,1762749690000,SENSEX,2025-11-10T11:07:30,1762753050000,56,optimized,retrieval,744.95,744.95,744.95
2025-11-10T10:11:30,1762749690000,SENSEX,2025-11-10T11:08:30,1762753110000,57,optimized,retrieval,744.95,744.95,744.95
2025-11-10T10:11:30,1762749690000,SENSEX,2025-11-10T11:09:30,1762753170000,58,optimized,retrieval,744.95,744.95,744.95
2025-11-10T10:11:30,1762749690000,SENSEX,2025-11-10T11:10:30,1762753230000,59,optimized,retrieval,744.95,744.95,744.95
2025-11-10T10:11:30,1762749690000,SENSEX,2025-11-10T11:11:30,1762753290000,60,optimized,retrieval,744.95,744.95,744.95
2025-11-10T10:11:30,1762749690000,SENSEX,2025-11-10T10:12:30,1762749750000,1,optimized,retrieval,744.95,744.95,744.95
2025-11-10T10:11:30,1762749690000,SENSEX,2025-11-10T10:13:30,1762749810000,2,optimized,retrieval,744.95,744.95,744.95
2025-11-10T10:11:30,1762749690000,SENSEX,2025-11-10T10:14:30,1762749870000,3,optimized,retrieval,744.95,744.95,744.95
2025-11-10T10:11:30,1762749690000,SENSEX,2025-11-10T10:15:30,1762749930000,4,optimized,retrieval,744.95,744.95,744.95
2025-11-10T10:11:30,1762749690000,SENSEX,2025-11-10T10:16:30,1762749990000,5,optimized,retrieval,744.95,744.95,744.95
2025-11-10T10:11:30,1762749690000,SENSEX,2025-11-10T10:17:30,1762750050000,6,optimized,retrieval,744.95,744.95,744.95
2025-11-10T10:11:30,1762749690000,SENSEX,2025-11-10T10:18:30,1762750110000,7,optimized,retrieval,744.95,744.95,744.95
2025-11-10T10:11:30,1762749690000,SENSEX,2025-11-10T10:19:30,1762750170000,8,optimized,retrieval,744.95,744.95,744.95
2025-11-10T10:11:30,1762749690000,SENSEX,2025-11-10T10:20:30,1762750230000,9,optimized,retrieval,744.95,744.95,744.95
2025-11-10T10:11:30,1762749690000,SENSEX,2025-11-10T10:21:30,1762750290000,10,optimized,retrieval,744.95,744.95,744.95
2025-11-10T10:11:30,1762749690000,SENSEX,2025-11-10T10:22:30,1762750350000,11,optimized,retrieval,744.95,744.95,744.95
2025-11-10T10:11:30,1762749690000,SENSEX,2025-11-10T10:23:30,1762750410000,12,optimized,retrieval,744.95,744.95,744.95
2025-11-10T10:11:30,1762749690000,SENSEX,2025-11-10T10:24:30,1762750470000,13,optimized,retrieval,744.95,744.95,744.95
2025-11-10T10:11:30,1762749690000,SENSEX,2025-11-10T10:25:30,1762750530000,14,optimized,retrieval,744.95,744.95,744.95
2025-11-10T10:11:30,1762749690000,SENSEX,2025-11-10T10:26:30,1762750590000,15,optimized,retrieval,744.95,744.95,744.95
2025-11-10T10:11:30,1762749690000,SENSEX,2025-11-10T10:27:30,1762750650000,16,optimized,retrieval,744.95,744.95,744.95
2025-11-10T10:11:30,1762749690000,SENSEX,2025-11-10T10:28:30,1762750710000,17,optimized,retrieval,744.95,744.95,744.95
2025-11-10T10:11:30,1762749690000,SENSEX,2025-11-10T10:29:30,1762750770000,18,optimized,retrieval,744.95,744.95,744.95
2025-11-10T10:11:30,1762749690000,SENSEX,2025-11-10T10:30:30,1762750830000,19,optimized,retrieval,744.95,744.95,744.95
2025-11-10T10:11:30,1762749690000,SENSEX,2025-11-10T10:31:30,1762750890000,20,optimized,retrieval,744.95,744.95,744.95
2025-11-10T10:11:30,1762749690000,SENSEX,2025-11-10T10:32:30,1762750950000,21,optimized,retrieval,744.95,744.95,744.95
2025-11-10T10:11:30,1762749690000,SENSEX,2025-11-10T10:33:30,1762751010000,22,optimized,retrieval,744.95,744.95,744.95
2025-11-10T10:11:30,1762749690000,SENSEX,2025-11-10T10:34:30,1762751070000,23,optimized,retrieval,744.95,744.95,744.95
2025-11-10T10:11:30,1762749690000,SENSEX,2025-11-10T10:35:30,1762751130000,24,optimized,retrieval,744.95,744.95,744.95
2025-11-10T10:11:30,1762749690000,SENSEX,2025-11-10T10:36:30,1762751190000,25,optimized,retrieval,744.95,744.95,744.95
2025-11-10T10:11:30,1762749690000,SENSEX,2025-11-10T10:37:30,1762751250000,26,optimized,retrieval,744.95,744.95,744.95
2025-11-10T10:11:30,1762749690000,SENSEX,2025-11-10T10:38:30,1762751310000,27,optimized,retrieval,744.95,744.95,744.95
2025-11-10T10:11:30,1762749690000,SENSEX,2025-11-10T10:39:30,1762751370000,28,optimized,retrieval,744.95,744.95,744.95
2025-11-10T10:11:30,1762749690000,SENSEX,2025-11-10T10:40:30,1762751430000,29,optimized,retrieval,744.95,744.95,744.95
2025-11-10T10:11:30,1762749690000,SENSEX,2025-11-10T10:41:30,1762751490000,30,optimized,retrieval,744.95,744.95,744.95
2025-11-10T10:11:30,1762749690000,SENSEX,2025-11-10T10:42:30,1762751550000,31,optimized,retrieval,744.95,744.95,744.95
2025-11-10T10:11:30,1762749690000,SENSEX,2025-11-10T10:43:30,1762751610000,32,optimized,retrieval,744.95,744.95,744.95
2025-11-10T10:11:30,1762749690000,SENSEX,2025-11-10T10:44:30,1762751670000,33,optimized,retrieval,744.95,744.95,744.95
2025-11-10T10:11:30,1762749690000,SENSEX,2025-11-10T10:45:30,1762751730000,34,optimized,retrieval,744.95,744.95,744.95
2025-11-10T10:11:30,1762749690000,SENSEX,2025-11-10T10:46:30,1762751790000,35,optimized,retrieval,744.95,744.95,744.95
2025-11-10T10:11:30,1762749690000,SENSEX,2025-11-10T10:47:30,1762751850000,36,optimized,retrieval,744.95,744.95,744.95
2025-11-10T10:11:30,1762749690000,SENSEX,2025-11-10T10:48:30,1762751910000,37,optimized,retrieval,744.95,744.95,744.95
2025-11-10T10:11:30,1762749690000,SENSEX,2025-11-10T10:49:30,1762751970000,38,optimized,retrieval,744.95,744.95,744.95
2025-11-10T10:11:30,1762749690000,SENSEX,2025-11-10T10:50:30,1762752030000,39,optimized,retrieval,744.95,744.95,744.95
2025-11-10T10:11:30,1762749690000,SENSEX,2025-11-10T10:51:30,1762752090000,40,optimized,retrieval,744.95,744.95,744.95
2025-11-10T10:11:30,1762749690000,SENSEX,2025-11-10T10:52:30,1762752150000,41,optimized,retrieval,744.95,744.95,744.95
2025-11-10T10:11:30,1762749690000,SENSEX,2025-11-10T10:53:30,1762752210000,42,optimized,retrieval,744.95,744.95,744.95
2025-11-10T10:11:30,1762749690000,SENSEX,2025-11-10T10:54:30,1762752270000,43,optimized,retrieval,744.95,744.95,744.95
2025-11-10T10:11:30,1762749690000,SENSEX,2025-11-10T10:55:30,1762752330000,44,optimized,retrieval,744.95,744.95,744.95
2025-11-10T10:11:30,1762749690000,SENSEX,2025-11-10T10:56:30,1762752390000,45,optimized,retrieval,744.95,744.95,744.95
2025-11-10T10:11:30,1762749690000,SENSEX,2025-11-10T10:57:30,1762752450000,46,optimized,retrieval,744.95,744.95,744.95
2025-11-10T10:11:30,1762749690000,SENSEX,2025-11-10T10:58:30,1762752510000,47,optimized,retrieval,744.95,744.95,744.95
2025-11-10T10:11:30,1762749690000,SENSEX,2025-11-10T10:59:30,1762752570000,48,optimized,retrieval,744.95,744.95,744.95
2025-11-10T10:11:30,1762749690000,SENSEX,2025-11-10T11:00:30,1762752630000,49,optimized,retrieval,744.95,744.95,744.95
2025-11-10T10:11:30,1762749690000,SENSEX,2025-11-10T11:01:30,1762752690000,50,optimized,retrieval,744.95,744.95,744.95
2025-11-10T10:11:30,1762749690000,SENSEX,2025-11-10T11:02:30,1762752750000,51,optimized,retrieval,744.95,744.95,744.95
2025-11-10T10:11:30,1762749690000,SENSEX,2025-11-10T11:03:30,1762752810000,52,optimized,retrieval,744.95,744.95,744.95
2025-11-10T10:11:30,1762749690000,SENSEX,2025-11-10T11:04:30,1762752870000,53,optimized,retrieval,744.95,744.95,744.95
2025-11-10T10:11:30,1762749690000,SENSEX,2025-11-10T11:05:30,1762752930000,54,optimized,retrieval,744.95,744.95,744.95
2025-11-10T10:11:30,1762749690000,SENSEX,2025-11-10T11:06:30,1762752990000,55,optimized,retrieval,744.95,744.95,744.95
2025-11-10T10:11:30,1762749690000,SENSEX,2025-11-10T11:07:30,1762753050000,56,optimized,retrieval,744.95,744.95,744.95
2025-11-10T10:11:30,1762749690000,SENSEX,2025-11-10T11:08:30,1762753110000,57,optimized,retrieval,744.95,744.95,744.95
2025-11-10T10:11:30,1762749690000,SENSEX,2025-11-10T11:09:30,1762753170000,58,optimized,retrieval,744.95,744.95,744.95
2025-11-10T10:11:30,1762749690000,SENSEX,2025-11-10T11:10:30,1762753230000,59,optimized,retrieval,744.95,744.95,744.95
2025-11-10T10:11:30,1762749690000,SENSEX,2025-11-10T11:11:30,1762753290000,60,optimized,retrieval,744.95,744.95,744.95
2025-11-10T10:12:00,1762749720000,SENSEX,2025-11-10T10:13:00,1762749780000,1,optimized,retrieval,743.0,743.0,743.0
2025-11-10T10:12:00,1762749720000,SENSEX,2025-11-10T10:14:00,1762749840000,2,optimized,retrieval,743.0,743.0,743.0
2025-11-10T10:12:00,1762749720000,SENSEX,2025-11-10T10:15:00,1762749900000,3,optimized,retrieval,743.0,743.0,743.0
2025-11-10T10:12:00,1762749720000,SENSEX,2025-11-10T10:16:00,1762749960000,4,optimized,retrieval,743.0,743.0,743.0
2025-11-10T10:12:00,1762749720000,SENSEX,2025-11-10T10:17:00,1762750020000,5,optimized,retrieval,743.0,743.0,743.0
2025-11-10T10:12:00,1762749720000,SENSEX,2025-11-10T10:18:00,1762750080000,6,optimized,retrieval,743.0,743.0,743.0
2025-11-10T10:12:00,1762749720000,SENSEX,2025-11-10T10:19:00,1762750140000,7,optimized,retrieval,743.0,743.0,743.0
2025-11-10T10:12:00,1762749720000,SENSEX,2025-11-10T10:20:00,1762750200000,8,optimized,retrieval,743.0,743.0,743.0
2025-11-10T10:12:00,1762749720000,SENSEX,2025-11-10T10:21:00,1762750260000,9,optimized,retrieval,743.0,743.0,743.0
2025-11-10T10:12:00,1762749720000,SENSEX,2025-11-10T10:22:00,1762750320000,10,optimized,retrieval,743.0,743.0,743.0
2025-11-10T10:12:00,1762749720000,SENSEX,2025-11-10T10:23:00,1762750380000,11,optimized,retrieval,743.0,743.0,743.0
2025-11-10T10:12:00,1762749720000,SENSEX,2025-11-10T10:24:00,1762750440000,12,optimized,retrieval,743.0,743.0,743.0
2025-11-10T10:12:00,1762749720000,SENSEX,2025-11-10T10:25:00,1762750500000,13,optimized,retrieval,743.0,743.0,743.0
2025-11-10T10:12:00,1762749720000,SENSEX,2025-11-10T10:26:00,1762750560000,14,optimized,retrieval,743.0,743.0,743.0
2025-11-10T10:12:00,1762749720000,SENSEX,2025-11-10T10:27:00,1762750620000,15,optimized,retrieval,743.0,743.0,743.0
2025-11-10T10:12:00,1762749720000,SENSEX,2025-11-10T10:28:00,1762750680000,16,optimized,retrieval,743.0,743.0,743.0
2025-11-10T10:12:00,1762749720000,SENSEX,2025-11-10T10:29:00,1762750740000,17,optimized,retrieval,743.0,743.0,743.0
2025-11-10T10:12:00,1762749720000,SENSEX,2025-11-10T10:30:00,1762750800000,18,optimized,retrieval,743.0,743.0,743.0
2025-11-10T10:12:00,1762749720000,SENSEX,2025-11-10T10:31:00,1762750860000,19,optimized,retrieval,743.0,743.0,743.0
2025-11-10T10:12:00,1762749720000,SENSEX,2025-11-10T10:32:00,1762750920000,20,optimized,retrieval,743.0,743.0,743.0
2025-11-10T10:12:00,1762749720000,SENSEX,2025-11-10T10:33:00,1762750980000,21,optimized,retrieval,743.0,743.0,743.0
2025-11-10T10:12:00,1762749720000,SENSEX,2025-11-10T10:34:00,1762751040000,22,optimized,retrieval,743.0,743.0,743.0
2025-11-10T10:12:00,1762749720000,SENSEX,2025-11-10T10:35:00,1762751100000,23,optimized,retrieval,743.0,743.0,743.0
2025-11-10T10:12:00,1762749720000,SENSEX,2025-11-10T10:36:00,1762751160000,24,optimized,retrieval,743.0,743.0,743.0
2025-11-10T10:12:00,1762749720000,SENSEX,2025-11-10T10:37:00,1762751220000,25,optimized,retrieval,743.0,743.0,743.0
2025-11-10T10:12:00,1762749720000,SENSEX,2025-11-10T10:38:00,1762751280000,26,optimized,retrieval,743.0,743.0,743.0
2025-11-10T10:12:00,1762749720000,SENSEX,2025-11-10T10:39:00,1762751340000,27,optimized,retrieval,743.0,743.0,743.0
2025-11-10T10:12:00,1762749720000,SENSEX,2025-11-10T10:40:00,1762751400000,28,optimized,retrieval,743.0,743.0,743.0
2025-11-10T10:12:00,1762749720000,SENSEX,2025-11-10T10:41:00,1762751460000,29,optimized,retrieval,743.0,743.0,743.0
2025-11-10T10:12:00,1762749720000,SENSEX,2025-11-10T10:42:00,1762751520000,30,optimized,retrieval,743.0,743.0,743.0
2025-11-10T10:12:00,1762749720000,SENSEX,2025-11-10T10:43:00,1762751580000,31,optimized,retrieval,743.0,743.0,743.0
2025-11-10T10:12:00,1762749720000,SENSEX,2025-11-10T10:44:00,1762751640000,32,optimized,retrieval,743.0,743.0,743.0
2025-11-10T10:12:00,1762749720000,SENSEX,2025-11-10T10:45:00,1762751700000,33,optimized,retrieval,743.0,743.0,743.0
2025-11-10T10:12:00,1762749720000,SENSEX,2025-11-10T10:46:00,1762751760000,34,optimized,retrieval,743.0,743.0,743.0
2025-11-10T10:12:00,1762749720000,SENSEX,2025-11-10T10:47:00,1762751820000,35,optimized,retrieval,743.0,743.0,743.0
2025-11-10T10:12:00,1762749720000,SENSEX,2025-11-10T10:48:00,1762751880000,36,optimized,retrieval,743.0,743.0,743.0
2025-11-10T10:12:00,1762749720000,SENSEX,2025-11-10T10:49:00,1762751940000,37,optimized,retrieval,743.0,743.0,743.0
2025-11-10T10:12:00,1762749720000,SENSEX,2025-11-10T10:50:00,1762752000000,38,optimized,retrieval,743.0,743.0,743.0
2025-11-10T10:12:00,1762749720000,SENSEX,2025-11-10T10:51:00,1762752060000,39,optimized,retrieval,743.0,743.0,743.0
2025-11-10T10:12:00,1762749720000,SENSEX,2025-11-10T10:52:00,1762752120000,40,optimized,retrieval,743.0,743.0,743.0
2025-11-10T10:12:00,1762749720000,SENSEX,2025-11-10T10:53:00,1762752180000,41,optimized,retrieval,743.0,743.0,743.0
2025-11-10T10:12:00,1762749720000,SENSEX,2025-11-10T10:54:00,1762752240000,42,optimized,retrieval,743.0,743.0,743.0
2025-11-10T10:12:00,1762749720000,SENSEX,2025-11-10T10:55:00,1762752300000,43,optimized,retrieval,743.0,743.0,743.0
2025-11-10T10:12:00,1762749720000,SENSEX,2025-11-10T10:56:00,1762752360000,44,optimized,retrieval,743.0,743.0,743.0
2025-11-10T10:12:00,1762749720000,SENSEX,2025-11-10T10:57:00,1762752420000,45,optimized,retrieval,743.0,743.0,743.0
2025-11-10T10:12:00,1762749720000,SENSEX,2025-11-10T10:58:00,1762752480000,46,optimized,retrieval,743.0,743.0,743.0
2025-11-10T10:12:00,1762749720000,SENSEX,2025-11-10T10:59:00,1762752540000,47,optimized,retrieval,743.0,743.0,743.0
2025-11-10T10:12:00,1762749720000,SENSEX,2025-11-10T11:00:00,1762752600000,48,optimized,retrieval,743.0,743.0,743.0
2025-11-10T10:12:00,1762749720000,SENSEX,2025-11-10T11:01:00,1762752660000,49,optimized,retrieval,743.0,743.0,743.0
2025-11-10T10:12:00,1762749720000,SENSEX,2025-11-10T11:02:00,1762752720000,50,optimized,retrieval,743.0,743.0,743.0
2025-11-10T10:12:00,1762749720000,SENSEX,2025-11-10T11:03:00,1762752780000,51,optimized,retrieval,743.0,743.0,743.0
2025-11-10T10:12:00,1762749720000,SENSEX,2025-11-10T11:04:00,1762752840000,52,optimized,retrieval,743.0,743.0,743.0
2025-11-10T10:12:00,1762749720000,SENSEX,2025-11-10T11:05:00,1762752900000,53,optimized,retrieval,743.0,743.0,743.0
2025-11-10T10:12:00,1762749720000,SENSEX,2025-11-10T11:06:00,1762752960000,54,optimized,retrieval,743.0,743.0,743.0
2025-11-10T10:12:00,1762749720000,SENSEX,2025-11-10T11:07:00,1762753020000,55,optimized,retrieval,743.0,743.0,743.0
2025-11-10T10:12:00,1762749720000,SENSEX,2025-11-10T11:08:00,1762753080000,56,optimized,retrieval,743.0,743.0,743.0
2025-11-10T10:12:00,1762749720000,SENSEX,2025-11-10T11:09:00,1762753140000,57,optimized,retrieval,743.0,743.0,743.0
2025-11-10T10:12:00,1762749720000,SENSEX,2025-11-10T11:10:00,1762753200000,58,optimized,retrieval,743.0,743.0,743.0
2025-11-10T10:12:00,1762749720000,SENSEX,2025-11-10T11:11:00,1762753260000,59,optimized,retrieval,743.0,743.0,743.0
2025-11-10T10:12:00,1762749720000,SENSEX,2025-11-10T11:12:00,1762753320000,60,optimized,retrieval,743.0,743.0,743.0
2025-11-10T10:12:00,1762749720000,SENSEX,2025-11-10T10:13:00,1762749780000,1,,hybrid,736.6785225570752,743.0,754.7812012225892
2025-11-10T10:12:00,1762749720000,SENSEX,2025-11-10T10:14:00,1762749840000,2,,hybrid,737.2776218959228,742.980978841134,759.114126787988
2025-11-10T10:12:00,1762749720000,SENSEX,2025-11-10T10:15:00,1762749900000,3,,hybrid,735.4549012494481,742.4334999418669,758.3564911684884
2025-11-10T10:12:00,1762749720000,SENSEX,2025-11-10T10:16:00,1762749960000,4,,hybrid,736.7679501167859,742.0449835391368,756.4463985254869
2025-11-10T10:12:00,1762749720000,SENSEX,2025-11-10T10:17:00,1762750020000,5,,hybrid,736.6826604625495,741.4496877377269,756.3269866413063
2025-11-10T10:12:00,1762749720000,SENSEX,2025-11-10T10:18:00,1762750080000,6,,hybrid,735.658994566751,740.453687502747,757.5882680420377
2025-11-10T10:12:00,1762749720000,SENSEX,2025-11-10T10:19:00,1762750140000,7,,hybrid,734.5263461942053,743.2807572983644,759.2123202267401
2025-11-10T10:12:00,1762749720000,SENSEX,2025-11-10T10:20:00,1762750200000,8,,hybrid,737.4141928844374,743.6418414096927,755.2817486681871
2025-11-10T10:12:00,1762749720000,SENSEX,2025-11-10T10:21:00,1762750260000,9,,hybrid,734.7183820398857,741.3921415248093,750.1924947685344
2025-11-10T10:12:00,1762749720000,SENSEX,2025-11-10T10:22:00,1762750320000,10,,hybrid,738.3686037006423,743.8349543449247,756.5349777437071
2025-11-10T10:12:00,1762749720000,SENSEX,2025-11-10T10:23:00,1762750380000,11,,hybrid,738.4342578836272,743.6796330438278,755.7716356725105
2025-11-10T10:12:00,1762749720000,SENSEX,2025-11-10T10:24:00,1762750440000,12,,hybrid,731.3796677965622,741.1403473295421,750.9138228429707
2025-11-10T10:12:00,1762749720000,SENSEX,2025-11-10T10:25:00,1762750500000,13,,hybrid,731.0106684478461,742.5420541758623,754.0575303559937
2025-11-10T10:12:00,1762749720000,SENSEX,2025-11-10T10:26:00,1762750560000,14,,hybrid,731.3330110919637,741.792173331846,748.7574598664797
2025-11-10T10:12:00,1762749720000,SENSEX,2025-11-10T10:27:00,1762750620000,15,,hybrid,735.6106580659308,741.1615034175779,755.4040639958932
2025-11-10T10:12:00,1762749720000,SENSEX,2025-11-10T10:28:00,1762750680000,16,,hybrid,732.5843556743357,741.3236017860145,749.9928914819591
2025-11-10T10:12:00,1762749720000,SENSEX,2025-11-10T10:29:00,1762750740000,17,,hybrid,732.7480986894143,741.2470229631308,750.847551096916
2025-11-10T10:12:00,1762749720000,SENSEX,2025-11-10T10:30:00,1762750800000,18,,hybrid,731.217063941127,739.0550619355555,754.5540430457147
2025-11-10T10:12:00,1762749720000,SENSEX,2025-11-10T10:31:00,1762750860000,19,,hybrid,732.7685241811672,741.0789605108525,758.0615497427578
2025-11-10T10:12:00,1762749720000,SENSEX,2025-11-10T10:32:00,1762750920000,20,,hybrid,733.6362041193358,741.5590608759411,758.0541104091527
2025-11-10T10:12:00,1762749720000,SENSEX,2025-11-10T10:33:00,1762750980000,21,,hybrid,731.9440773104409,739.7163934328019,750.4282945229322
2025-11-10T10:12:00,1762749720000,SENSEX,2025-11-10T10:34:00,1762751040000,22,,hybrid,731.1959203504013,741.5147899129589,752.2201563161991
2025-11-10T10:12:00,1762749720000,SENSEX,2025-11-10T10:35:00,1762751100000,23,,hybrid,731.457898981293,741.8858996064228,752.0143556659668
2025-11-10T10:12:00,1762749720000,SENSEX,2025-11-10T10:36:00,1762751160000,24,,hybrid,727.6030187371141,739.8770210202683,752.4622918469537
2025-11-10T10:12:00,1762749720000,SENSEX,2025-11-10T10:37:00,1762751220000,25,,hybrid,725.4749258759366,740.3827566708934,752.8344938318476
2025-11-10T10:12:00,1762749720000,SENSEX,2025-11-10T10:38:00,1762751280000,26,,hybrid,724.0589970509286,739.9337360646932,750.4923659226016
2025-11-10T10:12:00,1762749720000,SENSEX,2025-11-10T10:39:00,1762751340000,27,,hybrid,724.0529995062525,738.4481523007734,754.9676064281548
2025-11-10T10:12:00,1762749720000,SENSEX,2025-11-10T10:40:00,1762751400000,28,,hybrid,728.5652540439532,737.7548959313816,755.9382150255611
2025-11-10T10:12:00,1762749720000,SENSEX,2025-11-10T10:41:00,1762751460000,29,,hybrid,730.3384676132424,738.372709780127,751.8153072939018
2025-11-10T10:12:00,1762749720000,SENSEX,2025-11-10T10:42:00,1762751520000,30,,hybrid,729.0685851314819,736.4017690106085,756.0438677524568
2025-11-10T10:12:00,1762749720000,SENSEX,2025-11-10T10:43:00,1762751580000,31,,hybrid,730.497049787349,737.8594349717987,756.0419308171217
2025-11-10T10:12:00,1762749720000,SENSEX,2025-11-10T10:44:00,1762751640000,32,,hybrid,727.4355832228921,737.187579113453,753.7527048855399
2025-11-10T10:12:00,1762749720000,SENSEX,2025-11-10T10:45:00,1762751700000,33,,hybrid,726.5512068706795,736.044935479376,757.2411987344057
2025-11-10T10:12:00,1762749720000,SENSEX,2025-11-10T10:46:00,1762751760000,34,,hybrid,722.658494762207,736.9080015612485,757.2832147079741
2025-11-10T10:12:00,1762749720000,SENSEX,2025-11-10T10:47:00,1762751820000,35,,hybrid,722.8064435648362,736.4282477393224,751.5098592233281
2025-11-10T10:12:00,1762749720000,SENSEX,2025-11-10T10:48:00,1762751880000,36,,hybrid,722.7197339463265,736.9892728291316,754.7865940008877
2025-11-10T10:12:00,1762749720000,SENSEX,2025-11-10T10:49:00,1762751940000,37,,hybrid,725.3279548452819,736.102628122966,751.6445384076222
2025-11-10T10:12:00,1762749720000,SENSEX,2025-11-10T10:50:00,1762752000000,38,,hybrid,723.1377493659159,736.7854958806638,751.5870673302798
2025-11-10T10:12:00,1762749720000,SENSEX,2025-11-10T10:51:00,1762752060000,39,,hybrid,724.418929634945,736.9587892459535,752.535439135308
2025-11-10T10:12:00,1762749720000,SENSEX,2025-11-10T10:52:00,1762752120000,40,,hybrid,725.9840849524745,736.9652516191602,750.7776938711036
2025-11-10T10:12:00,1762749720000,SENSEX,2025-11-10T10:53:00,1762752180000,41,,hybrid,725.0954467655504,738.0237722783386,749.0869023184679
2025-11-10T10:12:00,1762749720000,SENSEX,2025-11-10T10:54:00,1762752240000,42,,hybrid,723.9438417921469,737.7291294211958,749.8812648682532
2025-11-10T10:12:00,1762749720000,SENSEX,2025-11-10T10:55:00,1762752300000,43,,hybrid,725.9051541989215,738.9150224491055,747.480241953328
2025-11-10T10:12:00,1762749720000,SENSEX,2025-11-10T10:56:00,1762752360000,44,,hybrid,721.9391084353259,739.2342412499004,755.5520808437719
2025-11-10T10:12:00,1762749720000,SENSEX,2025-11-10T10:57:00,1762752420000,45,,hybrid,720.8804635761094,739.0639072902444,755.7394313154467
2025-11-10T10:12:00,1762749720000,SENSEX,2025-11-10T10:58:00,1762752480000,46,,hybrid,719.8947919057481,740.0248424351382,752.4405728139326
2025-11-10T10:12:00,1762749720000,SENSEX,2025-11-10T10:59:00,1762752540000,47,,hybrid,719.244700668352,739.9994190780777,753.0570288927356
2025-11-10T10:12:00,1762749720000,SENSEX,2025-11-10T11:00:00,1762752600000,48,,hybrid,718.9831891042841,740.0512717430759,756.0228244521556
2025-11-10T10:12:00,1762749720000,SENSEX,2025-11-10T11:01:00,1762752660000,49,,hybrid,717.8915044890964,740.5939049250377,760.113394630386
2025-11-10T10:12:00,1762749720000,SENSEX,2025-11-10T11:02:00,1762752720000,50,,hybrid,717.1992232057523,740.2167362485811,760.7769315598944
2025-11-10T10:12:00,1762749720000,SENSEX,2025-11-10T11:03:00,1762752780000,51,,hybrid,715.7292527385457,739.7974367459345,761.7986708454152
2025-11-10T10:12:00,1762749720000,SENSEX,2025-11-10T11:04:00,1762752840000,52,,hybrid,718.2784870541434,740.5114950217296,757.9923143719518
2025-11-10T10:12:00,1762749720000,SENSEX,2025-11-10T11:05:00,1762752900000,53,,hybrid,718.4125949952498,739.9520183583932,759.0999712180412
2025-11-10T10:12:00,1762749720000,SENSEX,2025-11-10T11:06:00,1762752960000,54,,hybrid,719.1441327721355,733.9219053727304,754.9748149701074
2025-11-10T10:12:00,1762749720000,SENSEX,2025-11-10T11:07:00,1762753020000,55,,hybrid,713.1244787630624,740.4310542303602,757.3662384525551
2025-11-10T10:12:00,1762749720000,SENSEX,2025-11-10T11:08:00,1762753080000,56,,hybrid,712.0318080068193,738.4383305022951,749.7437003378577
2025-11-10T10:12:00,1762749720000,SENSEX,2025-11-10T11:09:00,1762753140000,57,,hybrid,712.7789003071015,738.920710678171,747.460724413872
2025-11-10T10:12:00,1762749720000,SENSEX,2025-11-10T11:10:00,1762753200000,58,,hybrid,716.2185355972789,735.886648676887,753.6116415664883
2025-11-10T10:12:00,1762749720000,SENSEX,2025-11-10T11:11:00,1762753260000,59,,hybrid,713.5063223877299,739.0133684145654,748.4059787343031
2025-11-10T10:12:00,1762749720000,SENSEX,2025-11-10T11:12:00,1762753320000,60,,hybrid,717.2617554255872,735.949979048632,750.0734464995112
2025-11-10T10:12:00,1762749720000,SENSEX,2025-11-10T10:13:00,1762749780000,1,,hybrid,736.6785225570752,743.0,754.7812012225892
2025-11-10T10:12:00,1762749720000,SENSEX,2025-11-10T10:14:00,1762749840000,2,,hybrid,737.2776218959228,742.980978841134,759.114126787988
2025-11-10T10:12:00,1762749720000,SENSEX,2025-11-10T10:15:00,1762749900000,3,,hybrid,735.4549012494481,742.4334999418669,758.3564911684884
2025-11-10T10:12:00,1762749720000,SENSEX,2025-11-10T10:16:00,1762749960000,4,,hybrid,736.7679501167859,742.0449835391368,756.4463985254869
2025-11-10T10:12:00,1762749720000,SENSEX,2025-11-10T10:17:00,1762750020000,5,,hybrid,736.6826604625495,741.4496877377269,756.3269866413063
2025-11-10T10:12:00,1762749720000,SENSEX,2025-11-10T10:18:00,1762750080000,6,,hybrid,735.658994566751,740.453687502747,757.5882680420377
2025-11-10T10:12:00,1762749720000,SENSEX,2025-11-10T10:19:00,1762750140000,7,,hybrid,734.5263461942053,743.2807572983644,759.2123202267401
2025-11-10T10:12:00,1762749720000,SENSEX,2025-11-10T10:20:00,1762750200000,8,,hybrid,737.4141928844374,743.6418414096927,755.2817486681871
2025-11-10T10:12:00,1762749720000,SENSEX,2025-11-10T10:21:00,1762750260000,9,,hybrid,734.7183820398857,741.3921415248093,750.1924947685344
2025-11-10T10:12:00,1762749720000,SENSEX,2025-11-10T10:22:00,1762750320000,10,,hybrid,738.3686037006423,743.8349543449247,756.5349777437071
2025-11-10T10:12:00,1762749720000,SENSEX,2025-11-10T10:23:00,1762750380000,11,,hybrid,738.4342578836272,743.6796330438278,755.7716356725105
2025-11-10T10:12:00,1762749720000,SENSEX,2025-11-10T10:24:00,1762750440000,12,,hybrid,731.3796677965622,741.1403473295421,750.9138228429707
2025-11-10T10:12:00,1762749720000,SENSEX,2025-11-10T10:25:00,1762750500000,13,,hybrid,731.0106684478461,742.5420541758623,754.0575303559937
2025-11-10T10:12:00,1762749720000,SENSEX,2025-11-10T10:26:00,1762750560000,14,,hybrid,731.3330110919637,741.792173331846,748.7574598664797
2025-11-10T10:12:00,1762749720000,SENSEX,2025-11-10T10:27:00,1762750620000,15,,hybrid,735.6106580659308,741.1615034175779,755.4040639958932
2025-11-10T10:12:00,1762749720000,SENSEX,2025-11-10T10:28:00,1762750680000,16,,hybrid,732.5843556743357,741.3236017860145,749.9928914819591
2025-11-10T10:12:00,1762749720000,SENSEX,2025-11-10T10:29:00,1762750740000,17,,hybrid,732.7480986894143,741.2470229631308,750.847551096916
2025-11-10T10:12:00,1762749720000,SENSEX,2025-11-10T10:30:00,1762750800000,18,,hybrid,731.217063941127,739.0550619355555,754.5540430457147
2025-11-10T10:12:00,1762749720000,SENSEX,2025-11-10T10:31:00,1762750860000,19,,hybrid,732.7685241811672,741.0789605108525,758.0615497427578
2025-11-10T10:12:00,1762749720000,SENSEX,2025-11-10T10:32:00,1762750920000,20,,hybrid,733.6362041193358,741.5590608759411,758.0541104091527
2025-11-10T10:12:00,1762749720000,SENSEX,2025-11-10T10:33:00,1762750980000,21,,hybrid,731.9440773104409,739.7163934328019,750.4282945229322
2025-11-10T10:12:00,1762749720000,SENSEX,2025-11-10T10:34:00,1762751040000,22,,hybrid,731.1959203504013,741.5147899129589,752.2201563161991
2025-11-10T10:12:00,1762749720000,SENSEX,2025-11-10T10:35:00,1762751100000,23,,hybrid,731.457898981293,741.8858996064228,752.0143556659668
2025-11-10T10:12:00,1762749720000,SENSEX,2025-11-10T10:36:00,1762751160000,24,,hybrid,727.6030187371141,739.8770210202683,752.4622918469537
2025-11-10T10:12:00,1762749720000,SENSEX,2025-11-10T10:37:00,1762751220000,25,,hybrid,725.4749258759366,740.3827566708934,752.8344938318476
2025-11-10T10:12:00,1762749720000,SENSEX,2025-11-10T10:38:00,1762751280000,26,,hybrid,724.0589970509286,739.9337360646932,750.4923659226016
2025-11-10T10:12:00,1762749720000,SENSEX,2025-11-10T10:39:00,1762751340000,27,,hybrid,724.0529995062525,738.4481523007734,754.9676064281548
2025-11-10T10:12:00,1762749720000,SENSEX,2025-11-10T10:40:00,1762751400000,28,,hybrid,728.5652540439532,737.7548959313816,755.9382150255611
2025-11-10T10:12:00,1762749720000,SENSEX,2025-11-10T10:41:00,1762751460000,29,,hybrid,730.3384676132424,738.372709780127,751.8153072939018
2025-11-10T10:12:00,1762749720000,SENSEX,2025-11-10T10:42:00,1762751520000,30,,hybrid,729.0685851314819,736.4017690106085,756.0438677524568
2025-11-10T10:12:00,1762749720000,SENSEX,2025-11-10T10:43:00,1762751580000,31,,hybrid,730.497049787349,737.8594349717987,756.0419308171217
2025-11-10T10:12:00,1762749720000,SENSEX,2025-11-10T10:44:00,1762751640000,32,,hybrid,727.4355832228921,737.187579113453,753.7527048855399
2025-11-10T10:12:00,1762749720000,SENSEX,2025-11-10T10:45:00,1762751700000,33,,hybrid,726.5512068706795,736.044935479376,757.2411987344057
2025-11-10T10:12:00,1762749720000,SENSEX,2025-11-10T10:46:00,1762751760000,34,,hybrid,722.658494762207,736.9080015612485,757.2832147079741
2025-11-10T10:12:00,1762749720000,SENSEX,2025-11-10T10:47:00,1762751820000,35,,hybrid,722.8064435648362,736.4282477393224,751.5098592233281
2025-11-10T10:12:00,1762749720000,SENSEX,2025-11-10T10:48:00,1762751880000,36,,hybrid,722.7197339463265,736.9892728291316,754.7865940008877
2025-11-10T10:12:00,1762749720000,SENSEX,2025-11-10T10:49:00,1762751940000,37,,hybrid,725.3279548452819,736.102628122966,751.6445384076222
2025-11-10T10:12:00,1762749720000,SENSEX,2025-11-10T10:50:00,1762752000000,38,,hybrid,723.1377493659159,736.7854958806638,751.5870673302798
2025-11-10T10:12:00,1762749720000,SENSEX,2025-11-10T10:51:00,1762752060000,39,,hybrid,724.418929634945,736.9587892459535,752.535439135308
2025-11-10T10:12:00,1762749720000,SENSEX,2025-11-10T10:52:00,1762752120000,40,,hybrid,725.9840849524745,736.9652516191602,750.7776938711036
2025-11-10T10:12:00,1762749720000,SENSEX,2025-11-10T10:53:00,1762752180000,41,,hybrid,725.0954467655504,738.0237722783386,749.0869023184679
2025-11-10T10:12:00,1762749720000,SENSEX,2025-11-10T10:54:00,1762752240000,42,,hybrid,723.9438417921469,737.7291294211958,749.8812648682532
2025-11-10T10:12:00,1762749720000,SENSEX,2025-11-10T10:55:00,1762752300000,43,,hybrid,725.9051541989215,738.9150224491055,747.480241953328
2025-11-10T10:12:00,1762749720000,SENSEX,2025-11-10T10:56:00,1762752360000,44,,hybrid,721.9391084353259,739.2342412499004,755.5520808437719
2025-11-10T10:12:00,1762749720000,SENSEX,2025-11-10T10:57:00,1762752420000,45,,hybrid,720.8804635761094,739.0639072902444,755.7394313154467
2025-11-10T10:12:00,1762749720000,SENSEX,2025-11-10T10:58:00,1762752480000,46,,hybrid,719.8947919057481,740.0248424351382,752.4405728139326
2025-11-10T10:12:00,1762749720000,SENSEX,2025-11-10T10:59:00,1762752540000,47,,hybrid,719.244700668352,739.9994190780777,753.0570288927356
2025-11-10T10:12:00,1762749720000,SENSEX,2025-11-10T11:00:00,1762752600000,48,,hybrid,718.9831891042841,740.0512717430759,756.0228244521556
2025-11-10T10:12:00,1762749720000,SENSEX,2025-11-10T11:01:00,1762752660000,49,,hybrid,717.8915044890964,740.5939049250377,760.113394630386
2025-11-10T10:12:00,1762749720000,SENSEX,2025-11-10T11:02:00,1762752720000,50,,hybrid,717.1992232057523,740.2167362485811,760.7769315598944
2025-11-10T10:12:00,1762749720000,SENSEX,2025-11-10T11:03:00,1762752780000,51,,hybrid,715.7292527385457,739.7974367459345,761.7986708454152
2025-11-10T10:12:00,1762749720000,SENSEX,2025-11-10T11:04:00,1762752840000,52,,hybrid,718.2784870541434,740.5114950217296,757.9923143719518
2025-11-10T10:12:00,1762749720000,SENSEX,2025-11-10T11:05:00,1762752900000,53,,hybrid,718.4125949952498,739.9520183583932,759.0999712180412
2025-11-10T10:12:00,1762749720000,SENSEX,2025-11-10T11:06:00,1762752960000,54,,hybrid,719.1441327721355,733.9219053727304,754.9748149701074
2025-11-10T10:12:00,1762749720000,SENSEX,2025-11-10T11:07:00,1762753020000,55,,hybrid,713.1244787630624,740.4310542303602,757.3662384525551
2025-11-10T10:12:00,1762749720000,SENSEX,2025-11-10T11:08:00,1762753080000,56,,hybrid,712.0318080068193,738.4383305022951,749.7437003378577
2025-11-10T10:12:00,1762749720000,SENSEX,2025-11-10T11:09:00,1762753140000,57,,hybrid,712.7789003071015,738.920710678171,747.460724413872
2025-11-10T10:12:00,1762749720000,SENSEX,2025-11-10T11:10:00,1762753200000,58,,hybrid,716.2185355972789,735.886648676887,753.6116415664883
2025-11-10T10:12:00,1762749720000,SENSEX,2025-11-10T11:11:00,1762753260000,59,,hybrid,713.5063223877299,739.0133684145654,748.4059787343031
2025-11-10T10:12:00,1762749720000,SENSEX,2025-11-10T11:12:00,1762753320000,60,,hybrid,717.2617554255872,735.949979048632,750.0734464995112
2025-11-10T10:12:00,1762749720000,SENSEX,2025-11-10T10:13:00,1762749780000,1,,hybrid,736.6785225570752,743.0,754.7812012225892
2025-11-10T10:12:00,1762749720000,SENSEX,2025-11-10T10:14:00,1762749840000,2,,hybrid,737.2776218959228,742.980978841134,759.114126787988
2025-11-10T10:12:00,1762749720000,SENSEX,2025-11-10T10:15:00,1762749900000,3,,hybrid,735.4549012494481,742.4334999418669,758.3564911684884
2025-11-10T10:12:00,1762749720000,SENSEX,2025-11-10T10:16:00,1762749960000,4,,hybrid,736.7679501167859,742.0449835391368,756.4463985254869
2025-11-10T10:12:00,1762749720000,SENSEX,2025-11-10T10:17:00,1762750020000,5,,hybrid,736.6826604625495,741.4496877377269,756.3269866413063
2025-11-10T10:12:00,1762749720000,SENSEX,2025-11-10T10:18:00,1762750080000,6,,hybrid,735.658994566751,740.453687502747,757.5882680420377
2025-11-10T10:12:00,1762749720000,SENSEX,2025-11-10T10:19:00,1762750140000,7,,hybrid,734.5263461942053,743.2807572983644,759.2123202267401
2025-11-10T10:12:00,1762749720000,SENSEX,2025-11-10T10:20:00,1762750200000,8,,hybrid,737.4141928844374,743.6418414096927,755.2817486681871
2025-11-10T10:12:00,1762749720000,SENSEX,2025-11-10T10:21:00,1762750260000,9,,hybrid,734.7183820398857,741.3921415248093,750.1924947685344
2025-11-10T10:12:00,1762749720000,SENSEX,2025-11-10T10:22:00,1762750320000,10,,hybrid,738.3686037006423,743.8349543449247,756.5349777437071
2025-11-10T10:12:00,1762749720000,SENSEX,2025-11-10T10:23:00,1762750380000,11,,hybrid,738.4342578836272,743.6796330438278,755.7716356725105
2025-11-10T10:12:00,1762749720000,SENSEX,2025-11-10T10:24:00,1762750440000,12,,hybrid,731.3796677965622,741.1403473295421,750.9138228429707
2025-11-10T10:12:00,1762749720000,SENSEX,2025-11-10T10:25:00,1762750500000,13,,hybrid,731.0106684478461,742.5420541758623,754.0575303559937
2025-11-10T10:12:00,1762749720000,SENSEX,2025-11-10T10:26:00,1762750560000,14,,hybrid,731.3330110919637,741.792173331846,748.7574598664797
2025-11-10T10:12:00,1762749720000,SENSEX,2025-11-10T10:27:00,1762750620000,15,,hybrid,735.6106580659308,741.1615034175779,755.4040639958932
2025-11-10T10:12:00,1762749720000,SENSEX,2025-11-10T10:28:00,1762750680000,16,,hybrid,732.5843556743357,741.3236017860145,749.9928914819591
2025-11-10T10:12:00,1762749720000,SENSEX,2025-11-10T10:29:00,1762750740000,17,,hybrid,732.7480986894143,741.2470229631308,750.847551096916
2025-11-10T10:12:00,1762749720000,SENSEX,2025-11-10T10:30:00,1762750800000,18,,hybrid,731.217063941127,739.0550619355555,754.5540430457147
2025-11-10T10:12:00,1762749720000,SENSEX,2025-11-10T10:31:00,1762750860000,19,,hybrid,732.7685241811672,741.0789605108525,758.0615497427578
2025-11-10T10:12:00,1762749720000,SENSEX,2025-11-10T10:32:00,1762750920000,20,,hybrid,733.6362041193358,741.5590608759411,758.0541104091527
2025-11-10T10:12:00,1762749720000,SENSEX,2025-11-10T10:33:00,1762750980000,21,,hybrid,731.9440773104409,739.7163934328019,750.4282945229322
2025-11-10T10:12:00,1762749720000,SENSEX,2025-11-10T10:34:00,1762751040000,22,,hybrid,731.1959203504013,741.5147899129589,752.2201563161991
2025-11-10T10:12:00,1762749720000,SENSEX,2025-11-10T10:35:00,1762751100000,23,,hybrid,731.457898981293,741.8858996064228,752.0143556659668
2025-11-10T10:12:00,1762749720000,SENSEX,2025-11-10T10:36:00,1762751160000,24,,hybrid,727.6030187371141,739.8770210202683,752.4622918469537
2025-11-10T10:12:00,1762749720000,SENSEX,2025-11-10T10:37:00,1762751220000,25,,hybrid,725.4749258759366,740.3827566708934,752.8344938318476
2025-11-10T10:12:00,1762749720000,SENSEX,2025-11-10T10:38:00,1762751280000,26,,hybrid,724.0589970509286,739.9337360646932,750.4923659226016
2025-11-10T10:12:00,1762749720000,SENSEX,2025-11-10T10:39:00,1762751340000,27,,hybrid,724.0529995062525,738.4481523007734,754.9676064281548
2025-11-10T10:12:00,1762749720000,SENSEX,2025-11-10T10:40:00,1762751400000,28,,hybrid,728.5652540439532,737.7548959313816,755.9382150255611
2025-11-10T10:12:00,1762749720000,SENSEX,2025-11-10T10:41:00,1762751460000,29,,hybrid,730.3384676132424,738.372709780127,751.8153072939018
2025-11-10T10:12:00,1762749720000,SENSEX,2025-11-10T10:42:00,1762751520000,30,,hybrid,729.0685851314819,736.4017690106085,756.0438677524568
2025-11-10T10:12:00,1762749720000,SENSEX,2025-11-10T10:43:00,1762751580000,31,,hybrid,730.497049787349,737.8594349717987,756.0419308171217
2025-11-10T10:12:00,1762749720000,SENSEX,2025-11-10T10:44:00,1762751640000,32,,hybrid,727.4355832228921,737.187579113453,753.7527048855399
2025-11-10T10:12:00,1762749720000,SENSEX,2025-11-10T10:45:00,1762751700000,33,,hybrid,726.5512068706795,736.044935479376,757.2411987344057
2025-11-10T10:12:00,1762749720000,SENSEX,2025-11-10T10:46:00,1762751760000,34,,hybrid,722.658494762207,736.9080015612485,757.2832147079741
2025-11-10T10:12:00,1762749720000,SENSEX,2025-11-10T10:47:00,1762751820000,35,,hybrid,722.8064435648362,736.4282477393224,751.5098592233281
2025-11-10T10:12:00,1762749720000,SENSEX,2025-11-10T10:48:00,1762751880000,36,,hybrid,722.7197339463265,736.9892728291316,754.7865940008877
2025-11-10T10:12:00,1762749720000,SENSEX,2025-11-10T10:49:00,1762751940000,37,,hybrid,725.3279548452819,736.102628122966,751.6445384076222
2025-11-10T10:12:00,1762749720000,SENSEX,2025-11-10T10:50:00,1762752000000,38,,hybrid,723.1377493659159,736.7854958806638,751.5870673302798
2025-11-10T10:12:00,1762749720000,SENSEX,2025-11-10T10:51:00,1762752060000,39,,hybrid,724.418929634945,736.9587892459535,752.535439135308
2025-11-10T10:12:00,1762749720000,SENSEX,2025-11-10T10:52:00,1762752120000,40,,hybrid,725.9840849524745,736.9652516191602,750.7776938711036
2025-11-10T10:12:00,1762749720000,SENSEX,2025-11-10T10:53:00,1762752180000,41,,hybrid,725.0954467655504,738.0237722783386,749.0869023184679
2025-11-10T10:12:00,1762749720000,SENSEX,2025-11-10T10:54:00,1762752240000,42,,hybrid,723.9438417921469,737.7291294211958,749.8812648682532
2025-11-10T10:12:00,1762749720000,SENSEX,2025-11-10T10:55:00,1762752300000,43,,hybrid,725.9051541989215,738.9150224491055,747.480241953328
2025-11-10T10:12:00,1762749720000,SENSEX,2025-11-10T10:56:00,1762752360000,44,,hybrid,721.9391084353259,739.2342412499004,755.5520808437719
2025-11-10T10:12:00,1762749720000,SENSEX,2025-11-10T10:57:00,1762752420000,45,,hybrid,720.8804635761094,739.0639072902444,755.7394313154467
2025-11-10T10:12:00,1762749720000,SENSEX,2025-11-10T10:58:00,1762752480000,46,,hybrid,719.8947919057481,740.0248424351382,752.4405728139326
2025-11-10T10:12:00,1762749720000,SENSEX,2025-11-10T10:59:00,1762752540000,47,,hybrid,719.244700668352,739.9994190780777,753.0570288927356
2025-11-10T10:12:00,1762749720000,SENSEX,2025-11-10T11:00:00,1762752600000,48,,hybrid,718.9831891042841,740.0512717430759,756.0228244521556
2025-11-10T10:12:00,1762749720000,SENSEX,2025-11-10T11:01:00,1762752660000,49,,hybrid,717.8915044890964,740.5939049250377,760.113394630386
2025-11-10T10:12:00,1762749720000,SENSEX,2025-11-10T11:02:00,1762752720000,50,,hybrid,717.1992232057523,740.2167362485811,760.7769315598944
2025-11-10T10:12:00,1762749720000,SENSEX,2025-11-10T11:03:00,1762752780000,51,,hybrid,715.7292527385457,739.7974367459345,761.7986708454152
2025-11-10T10:12:00,1762749720000,SENSEX,2025-11-10T11:04:00,1762752840000,52,,hybrid,718.2784870541434,740.5114950217296,757.9923143719518
2025-11-10T10:12:00,1762749720000,SENSEX,2025-11-10T11:05:00,1762752900000,53,,hybrid,718.4125949952498,739.9520183583932,759.0999712180412
2025-11-10T10:12:00,1762749720000,SENSEX,2025-11-10T11:06:00,1762752960000,54,,hybrid,719.1441327721355,733.9219053727304,754.9748149701074
2025-11-10T10:12:00,1762749720000,SENSEX,2025-11-10T11:07:00,1762753020000,55,,hybrid,713.1244787630624,740.4310542303602,757.3662384525551
2025-11-10T10:12:00,1762749720000,SENSEX,2025-11-10T11:08:00,1762753080000,56,,hybrid,712.0318080068193,738.4383305022951,749.7437003378577
2025-11-10T10:12:00,1762749720000,SENSEX,2025-11-10T11:09:00,1762753140000,57,,hybrid,712.7789003071015,738.920710678171,747.460724413872
2025-11-10T10:12:00,1762749720000,SENSEX,2025-11-10T11:10:00,1762753200000,58,,hybrid,716.2185355972789,735.886648676887,753.6116415664883
2025-11-10T10:12:00,1762749720000,SENSEX,2025-11-10T11:11:00,1762753260000,59,,hybrid,713.5063223877299,739.0133684145654,748.4059787343031
2025-11-10T10:12:00,1762749720000,SENSEX,2025-11-10T11:12:00,1762753320000,60,,hybrid,717.2617554255872,735.949979048632,750.0734464995112
2025-11-10T10:12:00,1762749720000,SENSEX,2025-11-10T10:13:00,1762749780000,1,,hybrid,736.6785225570752,743.0,754.7812012225892
2025-11-10T10:12:00,1762749720000,SENSEX,2025-11-10T10:14:00,1762749840000,2,,hybrid,737.2776218959228,742.980978841134,759.114126787988
2025-11-10T10:12:00,1762749720000,SENSEX,2025-11-10T10:15:00,1762749900000,3,,hybrid,735.4549012494481,742.4334999418669,758.3564911684884
2025-11-10T10:12:00,1762749720000,SENSEX,2025-11-10T10:16:00,1762749960000,4,,hybrid,736.7679501167859,742.0449835391368,756.4463985254869
2025-11-10T10:12:00,1762749720000,SENSEX,2025-11-10T10:17:00,1762750020000,5,,hybrid,736.6826604625495,741.4496877377269,756.3269866413063
2025-11-10T10:12:00,1762749720000,SENSEX,2025-11-10T10:18:00,1762750080000,6,,hybrid,735.658994566751,740.453687502747,757.5882680420377
2025-11-10T10:12:00,1762749720000,SENSEX,2025-11-10T10:19:00,1762750140000,7,,hybrid,734.5263461942053,743.2807572983644,759.2123202267401
2025-11-10T10:12:00,1762749720000,SENSEX,2025-11-10T10:20:00,1762750200000,8,,hybrid,737.4141928844374,743.6418414096927,755.2817486681871
2025-11-10T10:12:00,1762749720000,SENSEX,2025-11-10T10:21:00,1762750260000,9,,hybrid,734.7183820398857,741.3921415248093,750.1924947685344
2025-11-10T10:12:00,1762749720000,SENSEX,2025-11-10T10:22:00,1762750320000,10,,hybrid,738.3686037006423,743.8349543449247,756.5349777437071
2025-11-10T10:12:00,1762749720000,SENSEX,2025-11-10T10:23:00,1762750380000,11,,hybrid,738.4342578836272,743.6796330438278,755.7716356725105
2025-11-10T10:12:00,1762749720000,SENSEX,2025-11-10T10:24:00,1762750440000,12,,hybrid,731.3796677965622,741.1403473295421,750.9138228429707
2025-11-10T10:12:00,1762749720000,SENSEX,2025-11-10T10:25:00,1762750500000,13,,hybrid,731.0106684478461,742.5420541758623,754.0575303559937
2025-11-10T10:12:00,1762749720000,SENSEX,2025-11-10T10:26:00,1762750560000,14,,hybrid,731.3330110919637,741.792173331846,748.7574598664797
2025-11-10T10:12:00,1762749720000,SENSEX,2025-11-10T10:27:00,1762750620000,15,,hybrid,735.6106580659308,741.1615034175779,755.4040639958932
2025-11-10T10:12:00,1762749720000,SENSEX,2025-11-10T10:28:00,1762750680000,16,,hybrid,732.5843556743357,741.3236017860145,749.9928914819591
2025-11-10T10:12:00,1762749720000,SENSEX,2025-11-10T10:29:00,1762750740000,17,,hybrid,732.7480986894143,741.2470229631308,750.847551096916
2025-11-10T10:12:00,1762749720000,SENSEX,2025-11-10T10:30:00,1762750800000,18,,hybrid,731.217063941127,739.0550619355555,754.5540430457147
2025-11-10T10:12:00,1762749720000,SENSEX,2025-11-10T10:31:00,1762750860000,19,,hybrid,732.7685241811672,741.0789605108525,758.0615497427578
2025-11-10T10:12:00,1762749720000,SENSEX,2025-11-10T10:32:00,1762750920000,20,,hybrid,733.6362041193358,741.5590608759411,758.0541104091527
2025-11-10T10:12:00,1762749720000,SENSEX,2025-11-10T10:33:00,1762750980000,21,,hybrid,731.9440773104409,739.7163934328019,750.4282945229322
2025-11-10T10:12:00,1762749720000,SENSEX,2025-11-10T10:34:00,1762751040000,22,,hybrid,731.1959203504013,741.5147899129589,752.2201563161991
2025-11-10T10:12:00,1762749720000,SENSEX,2025-11-10T10:35:00,1762751100000,23,,hybrid,731.457898981293,741.8858996064228,752.0143556659668
2025-11-10T10:12:00,1762749720000,SENSEX,2025-11-10T10:36:00,1762751160000,24,,hybrid,727.6030187371141,739.8770210202683,752.4622918469537
2025-11-10T10:12:00,1762749720000,SENSEX,2025-11-10T10:37:00,1762751220000,25,,hybrid,725.4749258759366,740.3827566708934,752.8344938318476
2025-11-10T10:12:00,1762749720000,SENSEX,2025-11-10T10:38:00,1762751280000,26,,hybrid,724.0589970509286,739.9337360646932,750.4923659226016
2025-11-10T10:12:00,1762749720000,SENSEX,2025-11-10T10:39:00,1762751340000,27,,hybrid,724.0529995062525,738.4481523007734,754.9676064281548
2025-11-10T10:12:00,1762749720000,SENSEX,2025-11-10T10:40:00,1762751400000,28,,hybrid,728.5652540439532,737.7548959313816,755.9382150255611
2025-11-10T10:12:00,1762749720000,SENSEX,2025-11-10T10:41:00,1762751460000,29,,hybrid,730.3384676132424,738.372709780127,751.8153072939018
2025-11-10T10:12:00,1762749720000,SENSEX,2025-11-10T10:42:00,1762751520000,30,,hybrid,729.0685851314819,736.4017690106085,756.0438677524568
2025-11-10T10:12:00,1762749720000,SENSEX,2025-11-10T10:43:00,1762751580000,31,,hybrid,730.497049787349,737.8594349717987,756.0419308171217
2025-11-10T10:12:00,1762749720000,SENSEX,2025-11-10T10:44:00,1762751640000,32,,hybrid,727.4355832228921,737.187579113453,753.7527048855399
2025-11-10T10:12:00,1762749720000,SENSEX,2025-11-10T10:45:00,1762751700000,33,,hybrid,726.5512068706795,736.044935479376,757.2411987344057
2025-11-10T10:12:00,1762749720000,SENSEX,2025-11-10T10:46:00,1762751760000,34,,hybrid,722.658494762207,736.9080015612485,757.2832147079741
2025-11-10T10:12:00,1762749720000,SENSEX,2025-11-10T10:47:00,1762751820000,35,,hybrid,722.8064435648362,736.4282477393224,751.5098592233281
2025-11-10T10:12:00,1762749720000,SENSEX,2025-11-10T10:48:00,1762751880000,36,,hybrid,722.7197339463265,736.9892728291316,754.7865940008877
2025-11-10T10:12:00,1762749720000,SENSEX,2025-11-10T10:49:00,1762751940000,37,,hybrid,725.3279548452819,736.102628122966,751.6445384076222
2025-11-10T10:12:00,1762749720000,SENSEX,2025-11-10T10:50:00,1762752000000,38,,hybrid,723.1377493659159,736.7854958806638,751.5870673302798
2025-11-10T10:12:00,1762749720000,SENSEX,2025-11-10T10:51:00,1762752060000,39,,hybrid,724.418929634945,736.9587892459535,752.535439135308
2025-11-10T10:12:00,1762749720000,SENSEX,2025-11-10T10:52:00,1762752120000,40,,hybrid,725.9840849524745,736.9652516191602,750.7776938711036
2025-11-10T10:12:00,1762749720000,SENSEX,2025-11-10T10:53:00,1762752180000,41,,hybrid,725.0954467655504,738.0237722783386,749.0869023184679
2025-11-10T10:12:00,1762749720000,SENSEX,2025-11-10T10:54:00,1762752240000,42,,hybrid,723.9438417921469,737.7291294211958,749.8812648682532
2025-11-10T10:12:00,1762749720000,SENSEX,2025-11-10T10:55:00,1762752300000,43,,hybrid,725.9051541989215,738.9150224491055,747.480241953328
2025-11-10T10:12:00,1762749720000,SENSEX,2025-11-10T10:56:00,1762752360000,44,,hybrid,721.9391084353259,739.2342412499004,755.5520808437719
2025-11-10T10:12:00,1762749720000,SENSEX,2025-11-10T10:57:00,1762752420000,45,,hybrid,720.8804635761094,739.0639072902444,755.7394313154467
2025-11-10T10:12:00,1762749720000,SENSEX,2025-11-10T10:58:00,1762752480000,46,,hybrid,719.8947919057481,740.0248424351382,752.4405728139326
2025-11-10T10:12:00,1762749720000,SENSEX,2025-11-10T10:59:00,1762752540000,47,,hybrid,719.244700668352,739.9994190780777,753.0570288927356
2025-11-10T10:12:00,1762749720000,SENSEX,2025-11-10T11:00:00,1762752600000,48,,hybrid,718.9831891042841,740.0512717430759,756.0228244521556
2025-11-10T10:12:00,1762749720000,SENSEX,2025-11-10T11:01:00,1762752660000,49,,hybrid,717.8915044890964,740.5939049250377,760.113394630386
2025-11-10T10:12:00,1762749720000,SENSEX,2025-11-10T11:02:00,1762752720000,50,,hybrid,717.1992232057523,740.2167362485811,760.7769315598944
2025-11-10T10:12:00,1762749720000,SENSEX,2025-11-10T11:03:00,1762752780000,51,,hybrid,715.7292527385457,739.7974367459345,761.7986708454152
2025-11-10T10:12:00,1762749720000,SENSEX,2025-11-10T11:04:00,1762752840000,52,,hybrid,718.2784870541434,740.5114950217296,757.9923143719518
2025-11-10T10:12:00,1762749720000,SENSEX,2025-11-10T11:05:00,1762752900000,53,,hybrid,718.4125949952498,739.9520183583932,759.0999712180412
2025-11-10T10:12:00,1762749720000,SENSEX,2025-11-10T11:06:00,1762752960000,54,,hybrid,719.1441327721355,733.9219053727304,754.9748149701074
2025-11-10T10:12:00,1762749720000,SENSEX,2025-11-10T11:07:00,1762753020000,55,,hybrid,713.1244787630624,740.4310542303602,757.3662384525551
2025-11-10T10:12:00,1762749720000,SENSEX,2025-11-10T11:08:00,1762753080000,56,,hybrid,712.0318080068193,738.4383305022951,749.7437003378577
2025-11-10T10:12:00,1762749720000,SENSEX,2025-11-10T11:09:00,1762753140000,57,,hybrid,712.7789003071015,738.920710678171,747.460724413872
2025-11-10T10:12:00,1762749720000,SENSEX,2025-11-10T11:10:00,1762753200000,58,,hybrid,716.2185355972789,735.886648676887,753.6116415664883
2025-11-10T10:12:00,1762749720000,SENSEX,2025-11-10T11:11:00,1762753260000,59,,hybrid,713.5063223877299,739.0133684145654,748.4059787343031
2025-11-10T10:12:00,1762749720000,SENSEX,2025-11-10T11:12:00,1762753320000,60,,hybrid,717.2617554255872,735.949979048632,750.0734464995112
2025-11-10T10:16:30,1762749990000,SENSEX,2025-11-10T10:17:30,1762750050000,1,,hybrid,747.5370284060608,753.0,759.8126829628524
2025-11-10T10:16:30,1762749990000,SENSEX,2025-11-10T10:18:30,1762750110000,2,,hybrid,747.7211556166525,752.7448137596523,765.2138708573203
2025-11-10T10:16:30,1762749990000,SENSEX,2025-11-10T10:19:30,1762750170000,3,,hybrid,745.8261985520809,749.4290412638919,763.2219426100228
2025-11-10T10:16:30,1762749990000,SENSEX,2025-11-10T10:20:30,1762750230000,4,,hybrid,746.9556609570283,751.5489639588542,754.4909121684803
2025-11-10T10:16:30,1762749990000,SENSEX,2025-11-10T10:21:30,1762750290000,5,,hybrid,746.887579680457,751.0864954451375,755.2482699998556
2025-11-10T10:16:30,1762749990000,SENSEX,2025-11-10T10:22:30,1762750350000,6,,hybrid,745.6112312049897,750.0072708421258,762.0732941392223
2025-11-10T10:16:30,1762749990000,SENSEX,2025-11-10T10:23:30,1762750410000,7,,hybrid,745.1076117378524,752.6322751536914,766.8516294554446
2025-11-10T10:16:30,1762749990000,SENSEX,2025-11-10T10:24:30,1762750470000,8,,hybrid,748.5290667988671,752.9177448948778,763.3358645936853
2025-11-10T10:16:30,1762749990000,SENSEX,2025-11-10T10:25:30,1762750530000,9,,hybrid,746.2816359302834,750.6410508004652,757.7670609743657
2025-11-10T10:16:30,1762749990000,SENSEX,2025-11-10T10:26:30,1762750590000,10,,hybrid,747.6128211439918,753.3869971776327,766.079216824579
2025-11-10T10:16:30,1762749990000,SENSEX,2025-11-10T10:27:30,1762750650000,11,,hybrid,745.6331708570783,752.806672546902,764.4807775850536
2025-11-10T10:16:30,1762749990000,SENSEX,2025-11-10T10:28:30,1762750710000,12,,hybrid,739.888853031253,750.7110922098461,762.9354487478054
2025-11-10T10:16:30,1762749990000,SENSEX,2025-11-10T10:29:30,1762750770000,13,,hybrid,746.2096597922729,752.238047937404,764.7287786541726
2025-11-10T10:16:30,1762749990000,SENSEX,2025-11-10T10:30:30,1762750830000,14,,hybrid,746.7633256294073,751.392495143303,760.8603864069033
2025-11-10T10:16:30,1762749990000,SENSEX,2025-11-10T10:31:30,1762750890000,15,,hybrid,743.6454419874685,750.8933646464002,761.9456164756551
2025-11-10T10:16:30,1762749990000,SENSEX,2025-11-10T10:32:30,1762750950000,16,,hybrid,742.2526149819145,750.2736500998095,761.2480004306783
2025-11-10T10:16:30,1762749990000,SENSEX,2025-11-10T10:33:30,1762751010000,17,,hybrid,743.0627312204571,749.4990547176261,762.5463380906729
2025-11-10T10:16:30,1762749990000,SENSEX,2025-11-10T10:34:30,1762751070000,18,,hybrid,742.4479576451646,747.7841806409097,761.9852312285033
2025-11-10T10:16:30,1762749990000,SENSEX,2025-11-10T10:35:30,1762751130000,19,,hybrid,741.5636964164146,749.9361116639603,765.1514894858311
2025-11-10T10:16:30,1762749990000,SENSEX,2025-11-10T10:36:30,1762751190000,20,,hybrid,743.8655364896824,749.8168443397168,764.3460927635389
2025-11-10T10:16:30,1762749990000,SENSEX,2025-11-10T10:37:30,1762751250000,21,,hybrid,740.6523195856249,748.7992132747131,758.5771909283543
2025-11-10T10:16:30,1762749990000,SENSEX,2025-11-10T10:38:30,1762751310000,22,,hybrid,739.8034301887811,749.8787757299945,764.1159096272645
2025-11-10T10:16:30,1762749990000,SENSEX,2025-11-10T10:39:30,1762751370000,23,,hybrid,738.9547255366667,749.4663726308818,761.4035203160614
2025-11-10T10:16:30,1762749990000,SENSEX,2025-11-10T10:40:30,1762751430000,24,,hybrid,740.7390950747427,748.672010644755,762.791370124784
2025-11-10T10:16:30,1762749990000,SENSEX,2025-11-10T10:41:30,1762751490000,25,,hybrid,738.1621623989967,749.0378912355073,762.3980280038891
2025-11-10T10:16:30,1762749990000,SENSEX,2025-11-10T10:42:30,1762751550000,26,,hybrid,738.8077345186314,750.1534325354661,759.888266677696
2025-11-10T10:16:30,1762749990000,SENSEX,2025-11-10T10:43:30,1762751610000,27,,hybrid,740.4577195037363,749.5064782072311,762.325132324667
2025-11-10T10:16:30,1762749990000,SENSEX,2025-11-10T10:44:30,1762751670000,28,,hybrid,739.5662144727397,748.0689720781548,762.8306661886828
2025-11-10T10:16:30,1762749990000,SENSEX,2025-11-10T10:45:30,1762751730000,29,,hybrid,740.2782232697574,748.2142032977283,761.524079217146
2025-11-10T10:16:30,1762749990000,SENSEX,2025-11-10T10:46:30,1762751790000,30,,hybrid,739.9883472688111,748.677708654172,763.813869516173
2025-11-10T10:16:30,1762749990000,SENSEX,2025-11-10T10:47:30,1762751850000,31,,hybrid,740.158852379516,748.885047632125,762.6594166664721
2025-11-10T10:16:30,1762749990000,SENSEX,2025-11-10T10:48:30,1762751910000,32,,hybrid,738.0719886107453,748.8902121990593,761.6506210746538
2025-11-10T10:16:30,1762749990000,SENSEX,2025-11-10T10:49:30,1762751970000,33,,hybrid,739.6991066373184,747.4274474812185,765.3780178758808
2025-11-10T10:16:30,1762749990000,SENSEX,2025-11-10T10:50:30,1762752030000,34,,hybrid,735.7965695162374,747.9980194057429,765.945012102009
2025-11-10T10:16:30,1762749990000,SENSEX,2025-11-10T10:51:30,1762752090000,35,,hybrid,736.6519232512587,748.6739448809576,759.8195936461366
2025-11-10T10:16:30,1762749990000,SENSEX,2025-11-10T10:52:30,1762752150000,36,,hybrid,735.5781748174556,748.0175220999045,763.827946519457
2025-11-10T10:16:30,1762749990000,SENSEX,2025-11-10T10:53:30,1762752210000,37,,hybrid,734.6978039423014,749.3150851378396,758.3969083323848
2025-11-10T10:16:30,1762749990000,SENSEX,2025-11-10T10:54:30,1762752270000,38,,hybrid,731.0983755914181,749.2867629117395,760.5228346406057
2025-11-10T10:16:30,1762749990000,SENSEX,2025-11-10T10:55:30,1762752330000,39,,hybrid,733.3497438679731,749.0058660669533,760.7004820201507
2025-11-10T10:16:30,1762749990000,SENSEX,2025-11-10T10:56:30,1762752390000,40,,hybrid,732.9487136324773,748.9138234323041,759.9394708994628
2025-11-10T10:16:30,1762749990000,SENSEX,2025-11-10T10:57:30,1762752450000,41,,hybrid,732.3060916706492,748.9860447377711,758.75158577393
2025-11-10T10:16:30,1762749990000,SENSEX,2025-11-10T10:58:30,1762752510000,42,,hybrid,731.8631126247253,748.3497808938076,760.3611106631325
2025-11-10T10:16:30,1762749990000,SENSEX,2025-11-10T10:59:30,1762752570000,43,,hybrid,730.1363510113189,749.6458068689856,757.1497031437041
2025-11-10T10:16:30,1762749990000,SENSEX,2025-11-10T11:00:30,1762752630000,44,,hybrid,729.882747859364,749.0843005499087,763.4327128531247
2025-11-10T10:16:30,1762749990000,SENSEX,2025-11-10T11:01:30,1762752690000,45,,hybrid,727.8804796613833,747.9723628201741,761.5799846097476
2025-11-10T10:16:30,1762749990000,SENSEX,2025-11-10T11:02:30,1762752750000,46,,hybrid,728.3089058506399,749.4021231174925,760.2740741267744
2025-11-10T10:16:30,1762749990000,SENSEX,2025-11-10T11:03:30,1762752810000,47,,hybrid,726.7302874199715,747.7891498726761,759.5348442213543
2025-11-10T10:16:30,1762749990000,SENSEX,2025-11-10T11:04:30,1762752870000,48,,hybrid,726.4223784160254,748.1827252872637,761.1511362523846
2025-11-10T10:16:30,1762749990000,SENSEX,2025-11-10T11:05:30,1762752930000,49,,hybrid,728.0872758206176,749.8794481688411,766.7722807248828
2025-11-10T10:16:30,1762749990000,SENSEX,2025-11-10T11:06:30,1762752990000,50,,hybrid,728.0851738998298,750.211388397756,766.7264714724412
2025-11-10T10:16:30,1762749990000,SENSEX,2025-11-10T11:07:30,1762753050000,51,,hybrid,725.1282439849773,748.5957182287052,766.7373725795055
2025-11-10T10:16:30,1762749990000,SENSEX,2025-11-10T11:08:30,1762753110000,52,,hybrid,727.0247914693691,749.4173366242094,764.5622579360637
2025-11-10T10:16:30,1762749990000,SENSEX,2025-11-10T11:09:30,1762753170000,53,,hybrid,727.5097194113515,749.2097318747518,765.5551338213833
2025-11-10T10:16:30,1762749990000,SENSEX,2025-11-10T11:10:30,1762753230000,54,,hybrid,723.5463522226348,748.2764984227999,758.0303716507918
2025-11-10T10:16:30,1762749990000,SENSEX,2025-11-10T11:11:30,1762753290000,55,,hybrid,723.1296894878056,748.6481588486197,763.1752095581014
2025-11-10T10:16:30,1762749990000,SENSEX,2025-11-10T11:12:30,1762753350000,56,,hybrid,725.5873723117484,749.3865052128415,759.781748207182
2025-11-10T10:16:30,1762749990000,SENSEX,2025-11-10T11:13:30,1762753410000,57,,hybrid,722.11768725525,750.43300201772,757.27227253701
2025-11-10T10:16:30,1762749990000,SENSEX,2025-11-10T11:14:30,1762753470000,58,,hybrid,724.3314910919676,748.4876985693476,756.0531250278011
2025-11-10T10:16:30,1762749990000,SENSEX,2025-11-10T11:15:30,1762753530000,59,,hybrid,724.1202845836696,747.4648180352714,756.4717693997397
2025-11-10T10:16:30,1762749990000,SENSEX,2025-11-10T11:16:30,1762753590000,60,,hybrid,728.8566992053688,745.3177497207042,757.7580498717541
2025-11-10T10:16:30,1762749990000,SENSEX,2025-11-10T10:17:30,1762750050000,1,,hybrid,747.5370284060608,753.0,759.8126829628524
2025-11-10T10:16:30,1762749990000,SENSEX,2025-11-10T10:18:30,1762750110000,2,,hybrid,747.7211556166525,752.7448137596523,765.2138708573203
2025-11-10T10:16:30,1762749990000,SENSEX,2025-11-10T10:19:30,1762750170000,3,,hybrid,745.8261985520809,749.4290412638919,763.2219426100228
2025-11-10T10:16:30,1762749990000,SENSEX,2025-11-10T10:20:30,1762750230000,4,,hybrid,746.9556609570283,751.5489639588542,754.4909121684803
2025-11-10T10:16:30,1762749990000,SENSEX,2025-11-10T10:21:30,1762750290000,5,,hybrid,746.887579680457,751.0864954451375,755.2482699998556
2025-11-10T10:16:30,1762749990000,SENSEX,2025-11-10T10:22:30,1762750350000,6,,hybrid,745.6112312049897,750.0072708421258,762.0732941392223
2025-11-10T10:16:30,1762749990000,SENSEX,2025-11-10T10:23:30,1762750410000,7,,hybrid,745.1076117378524,752.6322751536914,766.8516294554446
2025-11-10T10:16:30,1762749990000,SENSEX,2025-11-10T10:24:30,1762750470000,8,,hybrid,748.5290667988671,752.9177448948778,763.3358645936853
2025-11-10T10:16:30,1762749990000,SENSEX,2025-11-10T10:25:30,1762750530000,9,,hybrid,746.2816359302834,750.6410508004652,757.7670609743657
2025-11-10T10:16:30,1762749990000,SENSEX,2025-11-10T10:26:30,1762750590000,10,,hybrid,747.6128211439918,753.3869971776327,766.079216824579
2025-11-10T10:16:30,1762749990000,SENSEX,2025-11-10T10:27:30,1762750650000,11,,hybrid,745.6331708570783,752.806672546902,764.4807775850536
2025-11-10T10:16:30,1762749990000,SENSEX,2025-11-10T10:28:30,1762750710000,12,,hybrid,739.888853031253,750.7110922098461,762.9354487478054
2025-11-10T10:16:30,1762749990000,SENSEX,2025-11-10T10:29:30,1762750770000,13,,hybrid,746.2096597922729,752.238047937404,764.7287786541726
2025-11-10T10:16:30,1762749990000,SENSEX,2025-11-10T10:30:30,1762750830000,14,,hybrid,746.7633256294073,751.392495143303,760.8603864069033
2025-11-10T10:16:30,1762749990000,SENSEX,2025-11-10T10:31:30,1762750890000,15,,hybrid,743.6454419874685,750.8933646464002,761.9456164756551
2025-11-10T10:16:30,1762749990000,SENSEX,2025-11-10T10:32:30,1762750950000,16,,hybrid,742.2526149819145,750.2736500998095,761.2480004306783
2025-11-10T10:16:30,1762749990000,SENSEX,2025-11-10T10:33:30,1762751010000,17,,hybrid,743.0627312204571,749.4990547176261,762.5463380906729
2025-11-10T10:16:30,1762749990000,SENSEX,2025-11-10T10:34:30,1762751070000,18,,hybrid,742.4479576451646,747.7841806409097,761.9852312285033
2025-11-10T10:16:30,1762749990000,SENSEX,2025-11-10T10:35:30,1762751130000,19,,hybrid,741.5636964164146,749.9361116639603,765.1514894858311
2025-11-10T10:16:30,1762749990000,SENSEX,2025-11-10T10:36:30,1762751190000,20,,hybrid,743.8655364896824,749.8168443397168,764.3460927635389
2025-11-10T10:16:30,1762749990000,SENSEX,2025-11-10T10:37:30,1762751250000,21,,hybrid,740.6523195856249,748.7992132747131,758.5771909283543
2025-11-10T10:16:30,1762749990000,SENSEX,2025-11-10T10:38:30,1762751310000,22,,hybrid,739.8034301887811,749.8787757299945,764.1159096272645
2025-11-10T10:16:30,1762749990000,SENSEX,2025-11-10T10:39:30,1762751370000,23,,hybrid,738.9547255366667,749.4663726308818,761.4035203160614
2025-11-10T10:16:30,1762749990000,SENSEX,2025-11-10T10:40:30,1762751430000,24,,hybrid,740.7390950747427,748.672010644755,762.791370124784
2025-11-10T10:16:30,1762749990000,SENSEX,2025-11-10T10:41:30,1762751490000,25,,hybrid,738.1621623989967,749.0378912355073,762.3980280038891
2025-11-10T10:16:30,1762749990000,SENSEX,2025-11-10T10:42:30,1762751550000,26,,hybrid,738.8077345186314,750.1534325354661,759.888266677696
2025-11-10T10:16:30,1762749990000,SENSEX,2025-11-10T10:43:30,1762751610000,27,,hybrid,740.4577195037363,749.5064782072311,762.325132324667
2025-11-10T10:16:30,1762749990000,SENSEX,2025-11-10T10:44:30,1762751670000,28,,hybrid,739.5662144727397,748.0689720781548,762.8306661886828
2025-11-10T10:16:30,1762749990000,SENSEX,2025-11-10T10:45:30,1762751730000,29,,hybrid,740.2782232697574,748.2142032977283,761.524079217146
2025-11-10T10:16:30,1762749990000,SENSEX,2025-11-10T10:46:30,1762751790000,30,,hybrid,739.9883472688111,748.677708654172,763.813869516173
2025-11-10T10:16:30,1762749990000,SENSEX,2025-11-10T10:47:30,1762751850000,31,,hybrid,740.158852379516,748.885047632125,762.6594166664721
2025-11-10T10:16:30,1762749990000,SENSEX,2025-11-10T10:48:30,1762751910000,32,,hybrid,738.0719886107453,748.8902121990593,761.6506210746538
2025-11-10T10:16:30,1762749990000,SENSEX,2025-11-10T10:49:30,1762751970000,33,,hybrid,739.6991066373184,747.4274474812185,765.3780178758808
2025-11-10T10:16:30,1762749990000,SENSEX,2025-11-10T10:50:30,1762752030000,34,,hybrid,735.7965695162374,747.9980194057429,765.945012102009
2025-11-10T10:16:30,1762749990000,SENSEX,2025-11-10T10:51:30,1762752090000,35,,hybrid,736.6519232512587,748.6739448809576,759.8195936461366
2025-11-10T10:16:30,1762749990000,SENSEX,2025-11-10T10:52:30,1762752150000,36,,hybrid,735.5781748174556,748.0175220999045,763.827946519457
2025-11-10T10:16:30,1762749990000,SENSEX,2025-11-10T10:53:30,1762752210000,37,,hybrid,734.6978039423014,749.3150851378396,758.3969083323848
2025-11-10T10:16:30,1762749990000,SENSEX,2025-11-10T10:54:30,1762752270000,38,,hybrid,731.0983755914181,749.2867629117395,760.5228346406057
2025-11-10T10:16:30,1762749990000,SENSEX,2025-11-10T10:55:30,1762752330000,39,,hybrid,733.3497438679731,749.0058660669533,760.7004820201507
2025-11-10T10:16:30,1762749990000,SENSEX,2025-11-10T10:56:30,1762752390000,40,,hybrid,732.9487136324773,748.9138234323041,759.9394708994628
2025-11-10T10:16:30,1762749990000,SENSEX,2025-11-10T10:57:30,1762752450000,41,,hybrid,732.3060916706492,748.9860447377711,758.75158577393
2025-11-10T10:16:30,1762749990000,SENSEX,2025-11-10T10:58:30,1762752510000,42,,hybrid,731.8631126247253,748.3497808938076,760.3611106631325
2025-11-10T10:16:30,1762749990000,SENSEX,2025-11-10T10:59:30,1762752570000,43,,hybrid,730.1363510113189,749.6458068689856,757.1497031437041
2025-11-10T10:16:30,1762749990000,SENSEX,2025-11-10T11:00:30,1762752630000,44,,hybrid,729.882747859364,749.0843005499087,763.4327128531247
2025-11-10T10:16:30,1762749990000,SENSEX,2025-11-10T11:01:30,1762752690000,45,,hybrid,727.8804796613833,747.9723628201741,761.5799846097476
2025-11-10T10:16:30,1762749990000,SENSEX,2025-11-10T11:02:30,1762752750000,46,,hybrid,728.3089058506399,749.4021231174925,760.2740741267744
2025-11-10T10:16:30,1762749990000,SENSEX,2025-11-10T11:03:30,1762752810000,47,,hybrid,726.7302874199715,747.7891498726761,759.5348442213543
2025-11-10T10:16:30,1762749990000,SENSEX,2025-11-10T11:04:30,1762752870000,48,,hybrid,726.4223784160254,748.1827252872637,761.1511362523846
2025-11-10T10:16:30,1762749990000,SENSEX,2025-11-10T11:05:30,1762752930000,49,,hybrid,728.0872758206176,749.8794481688411,766.7722807248828
2025-11-10T10:16:30,1762749990000,SENSEX,2025-11-10T11:06:30,1762752990000,50,,hybrid,728.0851738998298,750.211388397756,766.7264714724412
2025-11-10T10:16:30,1762749990000,SENSEX,2025-11-10T11:07:30,1762753050000,51,,hybrid,725.1282439849773,748.5957182287052,766.7373725795055
2025-11-10T10:16:30,1762749990000,SENSEX,2025-11-10T11:08:30,1762753110000,52,,hybrid,727.0247914693691,749.4173366242094,764.5622579360637
2025-11-10T10:16:30,1762749990000,SENSEX,2025-11-10T11:09:30,1762753170000,53,,hybrid,727.5097194113515,749.2097318747518,765.5551338213833
2025-11-10T10:16:30,1762749990000,SENSEX,2025-11-10T11:10:30,1762753230000,54,,hybrid,723.5463522226348,748.2764984227999,758.0303716507918
2025-11-10T10:16:30,1762749990000,SENSEX,2025-11-10T11:11:30,1762753290000,55,,hybrid,723.1296894878056,748.6481588486197,763.1752095581014
2025-11-10T10:16:30,1762749990000,SENSEX,2025-11-10T11:12:30,1762753350000,56,,hybrid,725.5873723117484,749.3865052128415,759.781748207182
2025-11-10T10:16:30,1762749990000,SENSEX,2025-11-10T11:13:30,1762753410000,57,,hybrid,722.11768725525,750.43300201772,757.27227253701
2025-11-10T10:16:30,1762749990000,SENSEX,2025-11-10T11:14:30,1762753470000,58,,hybrid,724.3314910919676,748.4876985693476,756.0531250278011
2025-11-10T10:16:30,1762749990000,SENSEX,2025-11-10T11:15:30,1762753530000,59,,hybrid,724.1202845836696,747.4648180352714,756.4717693997397
2025-11-10T10:16:30,1762749990000,SENSEX,2025-11-10T11:16:30,1762753590000,60,,hybrid,728.8566992053688,745.3177497207042,757.7580498717541
2025-11-10T10:17:00,1762750020000,SENSEX,2025-11-10T10:18:00,1762750080000,1,,hybrid,735.3354388513678,741.0,747.8237240991057
2025-11-10T10:17:00,1762750020000,SENSEX,2025-11-10T10:19:00,1762750140000,2,,hybrid,733.0401684312699,738.1508430259856,750.8358808042651
2025-11-10T10:17:00,1762750020000,SENSEX,2025-11-10T10:20:00,1762750200000,3,,hybrid,736.1254437814287,739.7547131346719,753.3381658989093
2025-11-10T10:17:00,1762750020000,SENSEX,2025-11-10T10:21:00,1762750260000,4,,hybrid,734.9179977795649,739.6466516068022,743.7458273079181
2025-11-10T10:17:00,1762750020000,SENSEX,2025-11-10T10:22:00,1762750320000,5,,hybrid,733.3623705716423,737.7199980248652,743.8350832936493
2025-11-10T10:17:00,1762750020000,SENSEX,2025-11-10T10:23:00,1762750380000,6,,hybrid,734.7845231406013,739.3470481711199,752.4030412420503
2025-11-10T10:17:00,1762750020000,SENSEX,2025-11-10T10:24:00,1762750440000,7,,hybrid,732.8188954839593,740.6635643082193,754.9395485565018
2025-11-10T10:17:00,1762750020000,SENSEX,2025-11-10T10:25:00,1762750500000,8,,hybrid,734.3020309797283,738.9349927063053,753.2526418874048
2025-11-10T10:17:00,1762750020000,SENSEX,2025-11-10T10:26:00,1762750560000,9,,hybrid,736.8299755711737,741.2275529749622,751.3237081894277
2025-11-10T10:17:00,1762750020000,SENSEX,2025-11-10T10:27:00,1762750620000,10,,hybrid,736.6110686233137,741.0879546128797,755.5204349364132
2025-11-10T10:17:00,1762750020000,SENSEX,2025-11-10T10:28:00,1762750680000,11,,hybrid,734.1849389755589,739.679563975138,751.8768334779705
2025-11-10T10:17:00,1762750020000,SENSEX,2025-11-10T10:29:00,1762750740000,12,,hybrid,732.274202127001,741.0205698180935,752.0629434019063
2025-11-10T10:17:00,1762750020000,SENSEX,2025-11-10T10:30:00,1762750800000,13,,hybrid,733.8221919882023,740.785933289426,752.1930583840392
2025-11-10T10:17:00,1762750020000,SENSEX,2025-11-10T10:31:00,1762750860000,14,,hybrid,732.3173289197624,737.9274106878688,748.6650856096003
2025-11-10T10:17:00,1762750020000,SENSEX,2025-11-10T10:32:00,1762750920000,15,,hybrid,733.2769033691715,740.1857026894457,753.4855290905621
2025-11-10T10:17:00,1762750020000,SENSEX,2025-11-10T10:33:00,1762750980000,16,,hybrid,728.4943648137527,738.5052321184687,750.8729275541853
2025-11-10T10:17:00,1762750020000,SENSEX,2025-11-10T10:34:00,1762751040000,17,,hybrid,729.3523242686981,736.6640291591473,750.5475212651972
2025-11-10T10:17:00,1762750020000,SENSEX,2025-11-10T10:35:00,1762751100000,18,,hybrid,730.2763749510192,738.2961408496041,751.5459090855431
2025-11-10T10:17:00,1762750020000,SENSEX,2025-11-10T10:36:00,1762751160000,19,,hybrid,729.1656539269494,738.0199186231747,755.5533566809997
2025-11-10T10:17:00,1762750020000,SENSEX,2025-11-10T10:37:00,1762751220000,20,,hybrid,732.1285998142118,736.8118163693073,757.2934851977828
2025-11-10T10:17:00,1762750020000,SENSEX,2025-11-10T10:38:00,1762751280000,21,,hybrid,731.9244033718907,738.3569940200754,751.6451696358636
2025-11-10T10:17:00,1762750020000,SENSEX,2025-11-10T10:39:00,1762751340000,22,,hybrid,728.2178199208515,737.671966243124,758.6253160591058
2025-11-10T10:17:00,1762750020000,SENSEX,2025-11-10T10:40:00,1762751400000,23,,hybrid,726.599093490167,738.0222904698425,749.6316496902581
2025-11-10T10:17:00,1762750020000,SENSEX,2025-11-10T10:41:00,1762751460000,24,,hybrid,728.8054201922605,737.2527710973405,758.001529438244
2025-11-10T10:17:00,1762750020000,SENSEX,2025-11-10T10:42:00,1762751520000,25,,hybrid,727.2217226669334,737.0942717909415,757.7653338281636
2025-11-10T10:17:00,1762750020000,SENSEX,2025-11-10T10:43:00,1762751580000,26,,hybrid,726.2112578598673,737.7534784814583,757.2373063353167
2025-11-10T10:17:00,1762750020000,SENSEX,2025-11-10T10:44:00,1762751640000,27,,hybrid,727.4322508210505,738.7449741973613,760.7526554855513
2025-11-10T10:17:00,1762750020000,SENSEX,2025-11-10T10:45:00,1762751700000,28,,hybrid,727.4064611543715,736.0564978491602,754.2672621485405
2025-11-10T10:17:00,1762750020000,SENSEX,2025-11-10T10:46:00,1762751760000,29,,hybrid,728.4159662273429,736.87842662968,754.8141953827133
2025-11-10T10:17:00,1762750020000,SENSEX,2025-11-10T10:47:00,1762751820000,30,,hybrid,727.9261852535809,736.7660579543838,756.8690381314714
2025-11-10T10:17:00,1762750020000,SENSEX,2025-11-10T10:48:00,1762751880000,31,,hybrid,727.8606817044483,736.7380262841509,756.3116884532901
2025-11-10T10:17:00,1762750020000,SENSEX,2025-11-10T10:49:00,1762751940000,32,,hybrid,725.4258419802874,736.5564060737038,753.2696237477899
2025-11-10T10:17:00,1762750020000,SENSEX,2025-11-10T10:50:00,1762752000000,33,,hybrid,728.0203398674157,735.8825458706768,754.1440440589032
2025-11-10T10:17:00,1762750020000,SENSEX,2025-11-10T10:51:00,1762752060000,34,,hybrid,725.8793891720885,736.3630065055195,753.5243244523987
2025-11-10T10:17:00,1762750020000,SENSEX,2025-11-10T10:52:00,1762752120000,35,,hybrid,723.4218045319941,737.0162609429782,747.6234940772348
2025-11-10T10:17:00,1762750020000,SENSEX,2025-11-10T10:53:00,1762752180000,36,,hybrid,721.3512287943109,737.8324233610516,751.5683460121871
2025-11-10T10:17:00,1762750020000,SENSEX,2025-11-10T10:54:00,1762752240000,37,,hybrid,726.8939278185447,737.5722369854225,746.1332034112622
2025-11-10T10:17:00,1762750020000,SENSEX,2025-11-10T10:55:00,1762752300000,38,,hybrid,721.2625723519469,737.4823424799956,751.671573592082
2025-11-10T10:17:00,1762750020000,SENSEX,2025-11-10T10:56:00,1762752360000,39,,hybrid,721.7742250960566,737.512441408126,750.5758351423982
2025-11-10T10:17:00,1762750020000,SENSEX,2025-11-10T10:57:00,1762752420000,40,,hybrid,723.6193241486978,737.2936337815601,752.8849420744895
2025-11-10T10:17:00,1762750020000,SENSEX,2025-11-10T10:58:00,1762752480000,41,,hybrid,725.5884039796788,737.1321845117345,749.9779553487228
2025-11-10T10:17:00,1762750020000,SENSEX,2025-11-10T10:59:00,1762752540000,42,,hybrid,725.2262467958317,737.1453184689211,748.7576019586721
2025-11-10T10:17:00,1762750020000,SENSEX,2025-11-10T11:00:00,1762752600000,43,,hybrid,723.6553230629826,737.4295961252283,747.6753866199505
2025-11-10T10:17:00,1762750020000,SENSEX,2025-11-10T11:01:00,1762752660000,44,,hybrid,719.2773630217921,735.7920168062903,753.6759636060685
2025-11-10T10:17:00,1762750020000,SENSEX,2025-11-10T11:02:00,1762752720000,45,,hybrid,719.3699631233756,737.3162625841073,754.6267391872809
2025-11-10T10:17:00,1762750020000,SENSEX,2025-11-10T11:03:00,1762752780000,46,,hybrid,719.2079186183984,735.9213186446261,749.8704171538087
2025-11-10T10:17:00,1762750020000,SENSEX,2025-11-10T11:04:00,1762752840000,47,,hybrid,716.866483358303,735.6294179371366,751.6153084950806
2025-11-10T10:17:00,1762750020000,SENSEX,2025-11-10T11:05:00,1762752900000,48,,hybrid,717.5938724709331,737.6168518419645,754.2904189804885
2025-11-10T10:17:00,1762750020000,SENSEX,2025-11-10T11:06:00,1762752960000,49,,hybrid,716.3829124279979,738.7027657446713,755.0606242897106
2025-11-10T10:17:00,1762750020000,SENSEX,2025-11-10T11:07:00,1762753020000,50,,hybrid,714.4927162075304,737.2494296301235,753.5419093618272
2025-11-10T10:17:00,1762750020000,SENSEX,2025-11-10T11:08:00,1762753080000,51,,hybrid,714.4395521724927,737.48994307897,755.7215211907243
2025-11-10T10:17:00,1762750020000,SENSEX,2025-11-10T11:09:00,1762753140000,52,,hybrid,716.8573693899424,737.3613716503985,752.9213514409282
2025-11-10T10:17:00,1762750020000,SENSEX,2025-11-10T11:10:00,1762753200000,53,,hybrid,715.7801965781332,736.1999991468462,752.4093750792152
2025-11-10T10:17:00,1762750020000,SENSEX,2025-11-10T11:11:00,1762753260000,54,,hybrid,713.0793585340508,736.3506600402193,748.0700761793407
2025-11-10T10:17:00,1762750020000,SENSEX,2025-11-10T11:12:00,1762753320000,55,,hybrid,712.758594803045,737.9018397431422,752.402832300834
2025-11-10T10:17:00,1762750020000,SENSEX,2025-11-10T11:13:00,1762753380000,56,,hybrid,713.015010725583,737.5046036022511,748.4510493877756
2025-11-10T10:17:00,1762750020000,SENSEX,2025-11-10T11:14:00,1762753440000,57,,hybrid,712.1700629817113,737.4378314833575,746.0659536780756
2025-11-10T10:17:00,1762750020000,SENSEX,2025-11-10T11:15:00,1762753500000,58,,hybrid,712.078765289002,736.759394166334,745.2532799847248
2025-11-10T10:17:00,1762750020000,SENSEX,2025-11-10T11:16:00,1762753560000,59,,hybrid,714.3207624862375,735.9697618792014,745.5458724056626
2025-11-10T10:17:00,1762750020000,SENSEX,2025-11-10T11:17:00,1762753620000,60,,hybrid,717.6448508643703,736.1510859597078,745.6702308520555
2025-11-10T10:17:00,1762750020000,SENSEX,2025-11-10T10:18:00,1762750080000,1,,hybrid,735.3354388513678,741.0,747.8237240991057
2025-11-10T10:17:00,1762750020000,SENSEX,2025-11-10T10:19:00,1762750140000,2,,hybrid,733.0401684312699,738.1508430259856,750.8358808042651
2025-11-10T10:17:00,1762750020000,SENSEX,2025-11-10T10:20:00,1762750200000,3,,hybrid,736.1254437814287,739.7547131346719,753.3381658989093
2025-11-10T10:17:00,1762750020000,SENSEX,2025-11-10T10:21:00,1762750260000,4,,hybrid,734.9179977795649,739.6466516068022,743.7458273079181
2025-11-10T10:17:00,1762750020000,SENSEX,2025-11-10T10:22:00,1762750320000,5,,hybrid,733.3623705716423,737.7199980248652,743.8350832936493
2025-11-10T10:17:00,1762750020000,SENSEX,2025-11-10T10:23:00,1762750380000,6,,hybrid,734.7845231406013,739.3470481711199,752.4030412420503
2025-11-10T10:17:00,1762750020000,SENSEX,2025-11-10T10:24:00,1762750440000,7,,hybrid,732.8188954839593,740.6635643082193,754.9395485565018
2025-11-10T10:17:00,1762750020000,SENSEX,2025-11-10T10:25:00,1762750500000,8,,hybrid,734.3020309797283,738.9349927063053,753.2526418874048
2025-11-10T10:17:00,1762750020000,SENSEX,2025-11-10T10:26:00,1762750560000,9,,hybrid,736.8299755711737,741.2275529749622,751.3237081894277
2025-11-10T10:17:00,1762750020000,SENSEX,2025-11-10T10:27:00,1762750620000,10,,hybrid,736.6110686233137,741.0879546128797,755.5204349364132
2025-11-10T10:17:00,1762750020000,SENSEX,2025-11-10T10:28:00,1762750680000,11,,hybrid,734.1849389755589,739.679563975138,751.8768334779705
2025-11-10T10:17:00,1762750020000,SENSEX,2025-11-10T10:29:00,1762750740000,12,,hybrid,732.274202127001,741.0205698180935,752.0629434019063
2025-11-10T10:17:00,1762750020000,SENSEX,2025-11-10T10:30:00,1762750800000,13,,hybrid,733.8221919882023,740.785933289426,752.1930583840392
2025-11-10T10:17:00,1762750020000,SENSEX,2025-11-10T10:31:00,1762750860000,14,,hybrid,732.3173289197624,737.9274106878688,748.6650856096003
2025-11-10T10:17:00,1762750020000,SENSEX,2025-11-10T10:32:00,1762750920000,15,,hybrid,733.2769033691715,740.1857026894457,753.4855290905621
2025-11-10T10:17:00,1762750020000,SENSEX,2025-11-10T10:33:00,1762750980000,16,,hybrid,728.4943648137527,738.5052321184687,750.8729275541853
2025-11-10T10:17:00,1762750020000,SENSEX,2025-11-10T10:34:00,1762751040000,17,,hybrid,729.3523242686981,736.6640291591473,750.5475212651972
2025-11-10T10:17:00,1762750020000,SENSEX,2025-11-10T10:35:00,1762751100000,18,,hybrid,730.2763749510192,738.2961408496041,751.5459090855431
2025-11-10T10:17:00,1762750020000,SENSEX,2025-11-10T10:36:00,1762751160000,19,,hybrid,729.1656539269494,738.0199186231747,755.5533566809997
2025-11-10T10:17:00,1762750020000,SENSEX,2025-11-10T10:37:00,1762751220000,20,,hybrid,732.1285998142118,736.8118163693073,757.2934851977828
2025-11-10T10:17:00,1762750020000,SENSEX,2025-11-10T10:38:00,1762751280000,21,,hybrid,731.9244033718907,738.3569940200754,751.6451696358636
2025-11-10T10:17:00,1762750020000,SENSEX,2025-11-10T10:39:00,1762751340000,22,,hybrid,728.2178199208515,737.671966243124,758.6253160591058
2025-11-10T10:17:00,1762750020000,SENSEX,2025-11-10T10:40:00,1762751400000,23,,hybrid,726.599093490167,738.0222904698425,749.6316496902581
2025-11-10T10:17:00,1762750020000,SENSEX,2025-11-10T10:41:00,1762751460000,24,,hybrid,728.8054201922605,737.2527710973405,758.001529438244
2025-11-10T10:17:00,1762750020000,SENSEX,2025-11-10T10:42:00,1762751520000,25,,hybrid,727.2217226669334,737.0942717909415,757.7653338281636
2025-11-10T10:17:00,1762750020000,SENSEX,2025-11-10T10:43:00,1762751580000,26,,hybrid,726.2112578598673,737.7534784814583,757.2373063353167
2025-11-10T10:17:00,1762750020000,SENSEX,2025-11-10T10:44:00,1762751640000,27,,hybrid,727.4322508210505,738.7449741973613,760.7526554855513
2025-11-10T10:17:00,1762750020000,SENSEX,2025-11-10T10:45:00,1762751700000,28,,hybrid,727.4064611543715,736.0564978491602,754.2672621485405
2025-11-10T10:17:00,1762750020000,SENSEX,2025-11-10T10:46:00,1762751760000,29,,hybrid,728.4159662273429,736.87842662968,754.8141953827133
2025-11-10T10:17:00,1762750020000,SENSEX,2025-11-10T10:47:00,1762751820000,30,,hybrid,727.9261852535809,736.7660579543838,756.8690381314714
2025-11-10T10:17:00,1762750020000,SENSEX,2025-11-10T10:48:00,1762751880000,31,,hybrid,727.8606817044483,736.7380262841509,756.3116884532901
2025-11-10T10:17:00,1762750020000,SENSEX,2025-11-10T10:49:00,1762751940000,32,,hybrid,725.4258419802874,736.5564060737038,753.2696237477899
2025-11-10T10:17:00,1762750020000,SENSEX,2025-11-10T10:50:00,1762752000000,33,,hybrid,728.0203398674157,735.8825458706768,754.1440440589032
2025-11-10T10:17:00,1762750020000,SENSEX,2025-11-10T10:51:00,1762752060000,34,,hybrid,725.8793891720885,736.3630065055195,753.5243244523987
2025-11-10T10:17:00,1762750020000,SENSEX,2025-11-10T10:52:00,1762752120000,35,,hybrid,723.4218045319941,737.0162609429782,747.6234940772348
2025-11-10T10:17:00,1762750020000,SENSEX,2025-11-10T10:53:00,1762752180000,36,,hybrid,721.3512287943109,737.8324233610516,751.5683460121871
2025-11-10T10:17:00,1762750020000,SENSEX,2025-11-10T10:54:00,1762752240000,37,,hybrid,726.8939278185447,737.5722369854225,746.1332034112622
2025-11-10T10:17:00,1762750020000,SENSEX,2025-11-10T10:55:00,1762752300000,38,,hybrid,721.2625723519469,737.4823424799956,751.671573592082
2025-11-10T10:17:00,1762750020000,SENSEX,2025-11-10T10:56:00,1762752360000,39,,hybrid,721.7742250960566,737.512441408126,750.5758351423982
2025-11-10T10:17:00,1762750020000,SENSEX,2025-11-10T10:57:00,1762752420000,40,,hybrid,723.6193241486978,737.2936337815601,752.8849420744895
2025-11-10T10:17:00,1762750020000,SENSEX,2025-11-10T10:58:00,1762752480000,41,,hybrid,725.5884039796788,737.1321845117345,749.9779553487228
2025-11-10T10:17:00,1762750020000,SENSEX,2025-11-10T10:59:00,1762752540000,42,,hybrid,725.2262467958317,737.1453184689211,748.7576019586721
2025-11-10T10:17:00,1762750020000,SENSEX,2025-11-10T11:00:00,1762752600000,43,,hybrid,723.6553230629826,737.4295961252283,747.6753866199505
2025-11-10T10:17:00,1762750020000,SENSEX,2025-11-10T11:01:00,1762752660000,44,,hybrid,719.2773630217921,735.7920168062903,753.6759636060685
2025-11-10T10:17:00,1762750020000,SENSEX,2025-11-10T11:02:00,1762752720000,45,,hybrid,719.3699631233756,737.3162625841073,754.6267391872809
2025-11-10T10:17:00,1762750020000,SENSEX,2025-11-10T11:03:00,1762752780000,46,,hybrid,719.2079186183984,735.9213186446261,749.8704171538087
2025-11-10T10:17:00,1762750020000,SENSEX,2025-11-10T11:04:00,1762752840000,47,,hybrid,716.866483358303,735.6294179371366,751.6153084950806
2025-11-10T10:17:00,1762750020000,SENSEX,2025-11-10T11:05:00,1762752900000,48,,hybrid,717.5938724709331,737.6168518419645,754.2904189804885
2025-11-10T10:17:00,1762750020000,SENSEX,2025-11-10T11:06:00,1762752960000,49,,hybrid,716.3829124279979,738.7027657446713,755.0606242897106
2025-11-10T10:17:00,1762750020000,SENSEX,2025-11-10T11:07:00,1762753020000,50,,hybrid,714.4927162075304,737.2494296301235,753.5419093618272
2025-11-10T10:17:00,1762750020000,SENSEX,2025-11-10T11:08:00,1762753080000,51,,hybrid,714.4395521724927,737.48994307897,755.7215211907243
2025-11-10T10:17:00,1762750020000,SENSEX,2025-11-10T11:09:00,1762753140000,52,,hybrid,716.8573693899424,737.3613716503985,752.9213514409282
2025-11-10T10:17:00,1762750020000,SENSEX,2025-11-10T11:10:00,1762753200000,53,,hybrid,715.7801965781332,736.1999991468462,752.4093750792152
2025-11-10T10:17:00,1762750020000,SENSEX,2025-11-10T11:11:00,1762753260000,54,,hybrid,713.0793585340508,736.3506600402193,748.0700761793407
2025-11-10T10:17:00,1762750020000,SENSEX,2025-11-10T11:12:00,1762753320000,55,,hybrid,712.758594803045,737.9018397431422,752.402832300834
2025-11-10T10:17:00,1762750020000,SENSEX,2025-11-10T11:13:00,1762753380000,56,,hybrid,713.015010725583,737.5046036022511,748.4510493877756
2025-11-10T10:17:00,1762750020000,SENSEX,2025-11-10T11:14:00,1762753440000,57,,hybrid,712.1700629817113,737.4378314833575,746.0659536780756
2025-11-10T10:17:00,1762750020000,SENSEX,2025-11-10T11:15:00,1762753500000,58,,hybrid,712.078765289002,736.759394166334,745.2532799847248
2025-11-10T10:17:00,1762750020000,SENSEX,2025-11-10T11:16:00,1762753560000,59,,hybrid,714.3207624862375,735.9697618792014,745.5458724056626
2025-11-10T10:17:00,1762750020000,SENSEX,2025-11-10T11:17:00,1762753620000,60,,hybrid,717.6448508643703,736.1510859597078,745.6702308520555
2025-11-10T10:17:00,1762750020000,SENSEX,2025-11-10T10:18:00,1762750080000,1,,hybrid,735.3354388513678,741.0,747.8237240991057
2025-11-10T10:17:00,1762750020000,SENSEX,2025-11-10T10:19:00,1762750140000,2,,hybrid,733.0401684312699,738.1508430259856,750.8358808042651
2025-11-10T10:17:00,1762750020000,SENSEX,2025-11-10T10:20:00,1762750200000,3,,hybrid,736.1254437814287,739.7547131346719,753.3381658989093
2025-11-10T10:17:00,1762750020000,SENSEX,2025-11-10T10:21:00,1762750260000,4,,hybrid,734.9179977795649,739.6466516068022,743.7458273079181
2025-11-10T10:17:00,1762750020000,SENSEX,2025-11-10T10:22:00,1762750320000,5,,hybrid,733.3623705716423,737.7199980248652,743.8350832936493
2025-11-10T10:17:00,1762750020000,SENSEX,2025-11-10T10:23:00,1762750380000,6,,hybrid,734.7845231406013,739.3470481711199,752.4030412420503
2025-11-10T10:17:00,1762750020000,SENSEX,2025-11-10T10:24:00,1762750440000,7,,hybrid,732.8188954839593,740.6635643082193,754.9395485565018
2025-11-10T10:17:00,1762750020000,SENSEX,2025-11-10T10:25:00,1762750500000,8,,hybrid,734.3020309797283,738.9349927063053,753.2526418874048
2025-11-10T10:17:00,1762750020000,SENSEX,2025-11-10T10:26:00,1762750560000,9,,hybrid,736.8299755711737,741.2275529749622,751.3237081894277
2025-11-10T10:17:00,1762750020000,SENSEX,2025-11-10T10:27:00,1762750620000,10,,hybrid,736.6110686233137,741.0879546128797,755.5204349364132
2025-11-10T10:17:00,1762750020000,SENSEX,2025-11-10T10:28:00,1762750680000,11,,hybrid,734.1849389755589,739.679563975138,751.8768334779705
2025-11-10T10:17:00,1762750020000,SENSEX,2025-11-10T10:29:00,1762750740000,12,,hybrid,732.274202127001,741.0205698180935,752.0629434019063
2025-11-10T10:17:00,1762750020000,SENSEX,2025-11-10T10:30:00,1762750800000,13,,hybrid,733.8221919882023,740.785933289426,752.1930583840392
2025-11-10T10:17:00,1762750020000,SENSEX,2025-11-10T10:31:00,1762750860000,14,,hybrid,732.3173289197624,737.9274106878688,748.6650856096003
2025-11-10T10:17:00,1762750020000,SENSEX,2025-11-10T10:32:00,1762750920000,15,,hybrid,733.2769033691715,740.1857026894457,753.4855290905621
2025-11-10T10:17:00,1762750020000,SENSEX,2025-11-10T10:33:00,1762750980000,16,,hybrid,728.4943648137527,738.5052321184687,750.8729275541853
2025-11-10T10:17:00,1762750020000,SENSEX,2025-11-10T10:34:00,1762751040000,17,,hybrid,729.3523242686981,736.6640291591473,750.5475212651972
2025-11-10T10:17:00,1762750020000,SENSEX,2025-11-10T10:35:00,1762751100000,18,,hybrid,730.2763749510192,738.2961408496041,751.5459090855431
2025-11-10T10:17:00,1762750020000,SENSEX,2025-11-10T10:36:00,1762751160000,19,,hybrid,729.1656539269494,738.0199186231747,755.5533566809997
2025-11-10T10:17:00,1762750020000,SENSEX,2025-11-10T10:37:00,1762751220000,20,,hybrid,732.1285998142118,736.8118163693073,757.2934851977828
2025-11-10T10:17:00,1762750020000,SENSEX,2025-11-10T10:38:00,1762751280000,21,,hybrid,731.9244033718907,738.3569940200754,751.6451696358636
2025-11-10T10:17:00,1762750020000,SENSEX,2025-11-10T10:39:00,1762751340000,22,,hybrid,728.2178199208515,737.671966243124,758.6253160591058
2025-11-10T10:17:00,1762750020000,SENSEX,2025-11-10T10:40:00,1762751400000,23,,hybrid,726.599093490167,738.0222904698425,749.6316496902581
2025-11-10T10:17:00,1762750020000,SENSEX,2025-11-10T10:41:00,1762751460000,24,,hybrid,728.8054201922605,737.2527710973405,758.001529438244
2025-11-10T10:17:00,1762750020000,SENSEX,2025-11-10T10:42:00,1762751520000,25,,hybrid,727.2217226669334,737.0942717909415,757.7653338281636
2025-11-10T10:17:00,1762750020000,SENSEX,2025-11-10T10:43:00,1762751580000,26,,hybrid,726.2112578598673,737.7534784814583,757.2373063353167
2025-11-10T10:17:00,1762750020000,SENSEX,2025-11-10T10:44:00,1762751640000,27,,hybrid,727.4322508210505,738.7449741973613,760.7526554855513
2025-11-10T10:17:00,1762750020000,SENSEX,2025-11-10T10:45:00,1762751700000,28,,hybrid,727.4064611543715,736.0564978491602,754.2672621485405
2025-11-10T10:17:00,1762750020000,SENSEX,2025-11-10T10:46:00,1762751760000,29,,hybrid,728.4159662273429,736.87842662968,754.8141953827133
2025-11-10T10:17:00,1762750020000,SENSEX,2025-11-10T10:47:00,1762751820000,30,,hybrid,727.9261852535809,736.7660579543838,756.8690381314714
2025-11-10T10:17:00,1762750020000,SENSEX,2025-11-10T10:48:00,1762751880000,31,,hybrid,727.8606817044483,736.7380262841509,756.3116884532901
2025-11-10T10:17:00,1762750020000,SENSEX,2025-11-10T10:49:00,1762751940000,32,,hybrid,725.4258419802874,736.5564060737038,753.2696237477899
2025-11-10T10:17:00,1762750020000,SENSEX,2025-11-10T10:50:00,1762752000000,33,,hybrid,728.0203398674157,735.8825458706768,754.1440440589032
2025-11-10T10:17:00,1762750020000,SENSEX,2025-11-10T10:51:00,1762752060000,34,,hybrid,725.8793891720885,736.3630065055195,753.5243244523987
2025-11-10T10:17:00,1762750020000,SENSEX,2025-11-10T10:52:00,1762752120000,35,,hybrid,723.4218045319941,737.0162609429782,747.6234940772348
2025-11-10T10:17:00,1762750020000,SENSEX,2025-11-10T10:53:00,1762752180000,36,,hybrid,721.3512287943109,737.8324233610516,751.5683460121871
2025-11-10T10:17:00,1762750020000,SENSEX,2025-11-10T10:54:00,1762752240000,37,,hybrid,726.8939278185447,737.5722369854225,746.1332034112622
2025-11-10T10:17:00,1762750020000,SENSEX,2025-11-10T10:55:00,1762752300000,38,,hybrid,721.2625723519469,737.4823424799956,751.671573592082
2025-11-10T10:17:00,1762750020000,SENSEX,2025-11-10T10:56:00,1762752360000,39,,hybrid,721.7742250960566,737.512441408126,750.5758351423982
2025-11-10T10:17:00,1762750020000,SENSEX,2025-11-10T10:57:00,1762752420000,40,,hybrid,723.6193241486978,737.2936337815601,752.8849420744895
2025-11-10T10:17:00,1762750020000,SENSEX,2025-11-10T10:58:00,1762752480000,41,,hybrid,725.5884039796788,737.1321845117345,749.9779553487228
2025-11-10T10:17:00,1762750020000,SENSEX,2025-11-10T10:59:00,1762752540000,42,,hybrid,725.2262467958317,737.1453184689211,748.7576019586721
2025-11-10T10:17:00,1762750020000,SENSEX,2025-11-10T11:00:00,1762752600000,43,,hybrid,723.6553230629826,737.4295961252283,747.6753866199505
2025-11-10T10:17:00,1762750020000,SENSEX,2025-11-10T11:01:00,1762752660000,44,,hybrid,719.2773630217921,735.7920168062903,753.6759636060685
2025-11-10T10:17:00,1762750020000,SENSEX,2025-11-10T11:02:00,1762752720000,45,,hybrid,719.3699631233756,737.3162625841073,754.6267391872809
2025-11-10T10:17:00,1762750020000,SENSEX,2025-11-10T11:03:00,1762752780000,46,,hybrid,719.2079186183984,735.9213186446261,749.8704171538087
2025-11-10T10:17:00,1762750020000,SENSEX,2025-11-10T11:04:00,1762752840000,47,,hybrid,716.866483358303,735.6294179371366,751.6153084950806
2025-11-10T10:17:00,1762750020000,SENSEX,2025-11-10T11:05:00,1762752900000,48,,hybrid,717.5938724709331,737.6168518419645,754.2904189804885
2025-11-10T10:17:00,1762750020000,SENSEX,2025-11-10T11:06:00,1762752960000,49,,hybrid,716.3829124279979,738.7027657446713,755.0606242897106
2025-11-10T10:17:00,1762750020000,SENSEX,2025-11-10T11:07:00,1762753020000,50,,hybrid,714.4927162075304,737.2494296301235,753.5419093618272
2025-11-10T10:17:00,1762750020000,SENSEX,2025-11-10T11:08:00,1762753080000,51,,hybrid,714.4395521724927,737.48994307897,755.7215211907243
2025-11-10T10:17:00,1762750020000,SENSEX,2025-11-10T11:09:00,1762753140000,52,,hybrid,716.8573693899424,737.3613716503985,752.9213514409282
2025-11-10T10:17:00,1762750020000,SENSEX,2025-11-10T11:10:00,1762753200000,53,,hybrid,715.7801965781332,736.1999991468462,752.4093750792152
2025-11-10T10:17:00,1762750020000,SENSEX,2025-11-10T11:11:00,1762753260000,54,,hybrid,713.0793585340508,736.3506600402193,748.0700761793407
2025-11-10T10:17:00,1762750020000,SENSEX,2025-11-10T11:12:00,1762753320000,55,,hybrid,712.758594803045,737.9018397431422,752.402832300834
2025-11-10T10:17:00,1762750020000,SENSEX,2025-11-10T11:13:00,1762753380000,56,,hybrid,713.015010725583,737.5046036022511,748.4510493877756
2025-11-10T10:17:00,1762750020000,SENSEX,2025-11-10T11:14:00,1762753440000,57,,hybrid,712.1700629817113,737.4378314833575,746.0659536780756
2025-11-10T10:17:00,1762750020000,SENSEX,2025-11-10T11:15:00,1762753500000,58,,hybrid,712.078765289002,736.759394166334,745.2532799847248
2025-11-10T10:17:00,1762750020000,SENSEX,2025-11-10T11:16:00,1762753560000,59,,hybrid,714.3207624862375,735.9697618792014,745.5458724056626
2025-11-10T10:17:00,1762750020000,SENSEX,2025-11-10T11:17:00,1762753620000,60,,hybrid,717.6448508643703,736.1510859597078,745.6702308520555
2025-11-10T10:17:00,1762750020000,SENSEX,2025-11-10T10:18:00,1762750080000,1,,hybrid,735.3354388513678,741.0,747.8237240991057
2025-11-10T10:17:00,1762750020000,SENSEX,2025-11-10T10:19:00,1762750140000,2,,hybrid,733.0401684312699,738.1508430259856,750.8358808042651
2025-11-10T10:17:00,1762750020000,SENSEX,2025-11-10T10:20:00,1762750200000,3,,hybrid,736.1254437814287,739.7547131346719,753.3381658989093
2025-11-10T10:17:00,1762750020000,SENSEX,2025-11-10T10:21:00,1762750260000,4,,hybrid,734.9179977795649,739.6466516068022,743.7458273079181
2025-11-10T10:17:00,1762750020000,SENSEX,2025-11-10T10:22:00,1762750320000,5,,hybrid,733.3623705716423,737.7199980248652,743.8350832936493
2025-11-10T10:17:00,1762750020000,SENSEX,2025-11-10T10:23:00,1762750380000,6,,hybrid,734.7845231406013,739.3470481711199,752.4030412420503
2025-11-10T10:17:00,1762750020000,SENSEX,2025-11-10T10:24:00,1762750440000,7,,hybrid,732.8188954839593,740.6635643082193,754.9395485565018
2025-11-10T10:17:00,1762750020000,SENSEX,2025-11-10T10:25:00,1762750500000,8,,hybrid,734.3020309797283,738.9349927063053,753.2526418874048
2025-11-10T10:17:00,1762750020000,SENSEX,2025-11-10T10:26:00,1762750560000,9,,hybrid,736.8299755711737,741.2275529749622,751.3237081894277
2025-11-10T10:17:00,1762750020000,SENSEX,2025-11-10T10:27:00,1762750620000,10,,hybrid,736.6110686233137,741.0879546128797,755.5204349364132
2025-11-10T10:17:00,1762750020000,SENSEX,2025-11-10T10:28:00,1762750680000,11,,hybrid,734.1849389755589,739.679563975138,751.8768334779705
2025-11-10T10:17:00,1762750020000,SENSEX,2025-11-10T10:29:00,1762750740000,12,,hybrid,732.274202127001,741.0205698180935,752.0629434019063
2025-11-10T10:17:00,1762750020000,SENSEX,2025-11-10T10:30:00,1762750800000,13,,hybrid,733.8221919882023,740.785933289426,752.1930583840392
2025-11-10T10:17:00,1762750020000,SENSEX,2025-11-10T10:31:00,1762750860000,14,,hybrid,732.3173289197624,737.9274106878688,748.6650856096003
2025-11-10T10:17:00,1762750020000,SENSEX,2025-11-10T10:32:00,1762750920000,15,,hybrid,733.2769033691715,740.1857026894457,753.4855290905621
2025-11-10T10:17:00,1762750020000,SENSEX,2025-11-10T10:33:00,1762750980000,16,,hybrid,728.4943648137527,738.5052321184687,750.8729275541853
2025-11-10T10:17:00,1762750020000,SENSEX,2025-11-10T10:34:00,1762751040000,17,,hybrid,729.3523242686981,736.6640291591473,750.5475212651972
2025-11-10T10:17:00,1762750020000,SENSEX,2025-11-10T10:35:00,1762751100000,18,,hybrid,730.2763749510192,738.2961408496041,751.5459090855431
2025-11-10T10:17:00,1762750020000,SENSEX,2025-11-10T10:36:00,1762751160000,19,,hybrid,729.1656539269494,738.0199186231747,755.5533566809997
2025-11-10T10:17:00,1762750020000,SENSEX,2025-11-10T10:37:00,1762751220000,20,,hybrid,732.1285998142118,736.8118163693073,757.2934851977828
2025-11-10T10:17:00,1762750020000,SENSEX,2025-11-10T10:38:00,1762751280000,21,,hybrid,731.9244033718907,738.3569940200754,751.6451696358636
2025-11-10T10:17:00,1762750020000,SENSEX,2025-11-10T10:39:00,1762751340000,22,,hybrid,728.2178199208515,737.671966243124,758.6253160591058
2025-11-10T10:17:00,1762750020000,SENSEX,2025-11-10T10:40:00,1762751400000,23,,hybrid,726.599093490167,738.0222904698425,749.6316496902581
2025-11-10T10:17:00,1762750020000,SENSEX,2025-11-10T10:41:00,1762751460000,24,,hybrid,728.8054201922605,737.2527710973405,758.001529438244
2025-11-10T10:17:00,1762750020000,SENSEX,2025-11-10T10:42:00,1762751520000,25,,hybrid,727.2217226669334,737.0942717909415,757.7653338281636
2025-11-10T10:17:00,1762750020000,SENSEX,2025-11-10T10:43:00,1762751580000,26,,hybrid,726.2112578598673,737.7534784814583,757.2373063353167
2025-11-10T10:17:00,1762750020000,SENSEX,2025-11-10T10:44:00,1762751640000,27,,hybrid,727.4322508210505,738.7449741973613,760.7526554855513
2025-11-10T10:17:00,1762750020000,SENSEX,2025-11-10T10:45:00,1762751700000,28,,hybrid,727.4064611543715,736.0564978491602,754.2672621485405
2025-11-10T10:17:00,1762750020000,SENSEX,2025-11-10T10:46:00,1762751760000,29,,hybrid,728.4159662273429,736.87842662968,754.8141953827133
2025-11-10T10:17:00,1762750020000,SENSEX,2025-11-10T10:47:00,1762751820000,30,,hybrid,727.9261852535809,736.7660579543838,756.8690381314714
2025-11-10T10:17:00,1762750020000,SENSEX,2025-11-10T10:48:00,1762751880000,31,,hybrid,727.8606817044483,736.7380262841509,756.3116884532901
2025-11-10T10:17:00,1762750020000,SENSEX,2025-11-10T10:49:00,1762751940000,32,,hybrid,725.4258419802874,736.5564060737038,753.2696237477899
2025-11-10T10:17:00,1762750020000,SENSEX,2025-11-10T10:50:00,1762752000000,33,,hybrid,728.0203398674157,735.8825458706768,754.1440440589032
2025-11-10T10:17:00,1762750020000,SENSEX,2025-11-10T10:51:00,1762752060000,34,,hybrid,725.8793891720885,736.3630065055195,753.5243244523987
2025-11-10T10:17:00,1762750020000,SENSEX,2025-11-10T10:52:00,1762752120000,35,,hybrid,723.4218045319941,737.0162609429782,747.6234940772348
2025-11-10T10:17:00,1762750020000,SENSEX,2025-11-10T10:53:00,1762752180000,36,,hybrid,721.3512287943109,737.8324233610516,751.5683460121871
2025-11-10T10:17:00,1762750020000,SENSEX,2025-11-10T10:54:00,1762752240000,37,,hybrid,726.8939278185447,737.5722369854225,746.1332034112622
2025-11-10T10:17:00,1762750020000,SENSEX,2025-11-10T10:55:00,1762752300000,38,,hybrid,721.2625723519469,737.4823424799956,751.671573592082
2025-11-10T10:17:00,1762750020000,SENSEX,2025-11-10T10:56:00,1762752360000,39,,hybrid,721.7742250960566,737.512441408126,750.5758351423982
2025-11-10T10:17:00,1762750020000,SENSEX,2025-11-10T10:57:00,1762752420000,40,,hybrid,723.6193241486978,737.2936337815601,752.8849420744895
2025-11-10T10:17:00,1762750020000,SENSEX,2025-11-10T10:58:00,1762752480000,41,,hybrid,725.5884039796788,737.1321845117345,749.9779553487228
2025-11-10T10:17:00,1762750020000,SENSEX,2025-11-10T10:59:00,1762752540000,42,,hybrid,725.2262467958317,737.1453184689211,748.7576019586721
2025-11-10T10:17:00,1762750020000,SENSEX,2025-11-10T11:00:00,1762752600000,43,,hybrid,723.6553230629826,737.4295961252283,747.6753866199505
2025-11-10T10:17:00,1762750020000,SENSEX,2025-11-10T11:01:00,1762752660000,44,,hybrid,719.2773630217921,735.7920168062903,753.6759636060685
2025-11-10T10:17:00,1762750020000,SENSEX,2025-11-10T11:02:00,1762752720000,45,,hybrid,719.3699631233756,737.3162625841073,754.6267391872809
2025-11-10T10:17:00,1762750020000,SENSEX,2025-11-10T11:03:00,1762752780000,46,,hybrid,719.2079186183984,735.9213186446261,749.8704171538087
2025-11-10T10:17:00,1762750020000,SENSEX,2025-11-10T11:04:00,1762752840000,47,,hybrid,716.866483358303,735.6294179371366,751.6153084950806
2025-11-10T10:17:00,1762750020000,SENSEX,2025-11-10T11:05:00,1762752900000,48,,hybrid,717.5938724709331,737.6168518419645,754.2904189804885
2025-11-10T10:17:00,1762750020000,SENSEX,2025-11-10T11:06:00,1762752960000,49,,hybrid,716.3829124279979,738.7027657446713,755.0606242897106
2025-11-10T10:17:00,1762750020000,SENSEX,2025-11-10T11:07:00,1762753020000,50,,hybrid,714.4927162075304,737.2494296301235,753.5419093618272
2025-11-10T10:17:00,1762750020000,SENSEX,2025-11-10T11:08:00,1762753080000,51,,hybrid,714.4395521724927,737.48994307897,755.7215211907243
2025-11-10T10:17:00,1762750020000,SENSEX,2025-11-10T11:09:00,1762753140000,52,,hybrid,716.8573693899424,737.3613716503985,752.9213514409282
2025-11-10T10:17:00,1762750020000,SENSEX,2025-11-10T11:10:00,1762753200000,53,,hybrid,715.7801965781332,736.1999991468462,752.4093750792152
2025-11-10T10:17:00,1762750020000,SENSEX,2025-11-10T11:11:00,1762753260000,54,,hybrid,713.0793585340508,736.3506600402193,748.0700761793407
2025-11-10T10:17:00,1762750020000,SENSEX,2025-11-10T11:12:00,1762753320000,55,,hybrid,712.758594803045,737.9018397431422,752.402832300834
2025-11-10T10:17:00,1762750020000,SENSEX,2025-11-10T11:13:00,1762753380000,56,,hybrid,713.015010725583,737.5046036022511,748.4510493877756
2025-11-10T10:17:00,1762750020000,SENSEX,2025-11-10T11:14:00,1762753440000,57,,hybrid,712.1700629817113,737.4378314833575,746.0659536780756
2025-11-10T10:17:00,1762750020000,SENSEX,2025-11-10T11:15:00,1762753500000,58,,hybrid,712.078765289002,736.759394166334,745.2532799847248
2025-11-10T10:17:00,1762750020000,SENSEX,2025-11-10T11:16:00,1762753560000,59,,hybrid,714.3207624862375,735.9697618792014,745.5458724056626
2025-11-10T10:17:00,1762750020000,SENSEX,2025-11-10T11:17:00,1762753620000,60,,hybrid,717.6448508643703,736.1510859597078,745.6702308520555
2025-11-10T10:17:00,1762750020000,SENSEX,2025-11-10T10:18:00,1762750080000,1,optimized,retrieval,741.0,741.0,741.0
2025-11-10T10:17:00,1762750020000,SENSEX,2025-11-10T10:19:00,1762750140000,2,optimized,retrieval,741.0,741.0,741.0
2025-11-10T10:17:00,1762750020000,SENSEX,2025-11-10T10:20:00,1762750200000,3,optimized,retrieval,741.0,741.0,741.0
2025-11-10T10:17:00,1762750020000,SENSEX,2025-11-10T10:21:00,1762750260000,4,optimized,retrieval,741.0,741.0,741.0
2025-11-10T10:17:00,1762750020000,SENSEX,2025-11-10T10:22:00,1762750320000,5,optimized,retrieval,741.0,741.0,741.0
2025-11-10T10:17:00,1762750020000,SENSEX,2025-11-10T10:23:00,1762750380000,6,optimized,retrieval,741.0,741.0,741.0
2025-11-10T10:17:00,1762750020000,SENSEX,2025-11-10T10:24:00,1762750440000,7,optimized,retrieval,741.0,741.0,741.0
2025-11-10T10:17:00,1762750020000,SENSEX,2025-11-10T10:25:00,1762750500000,8,optimized,retrieval,741.0,741.0,741.0
2025-11-10T10:17:00,1762750020000,SENSEX,2025-11-10T10:26:00,1762750560000,9,optimized,retrieval,741.0,741.0,741.0
2025-11-10T10:17:00,1762750020000,SENSEX,2025-11-10T10:27:00,1762750620000,10,optimized,retrieval,741.0,741.0,741.0
2025-11-10T10:17:00,1762750020000,SENSEX,2025-11-10T10:28:00,1762750680000,11,optimized,retrieval,741.0,741.0,741.0
2025-11-10T10:17:00,1762750020000,SENSEX,2025-11-10T10:29:00,1762750740000,12,optimized,retrieval,741.0,741.0,741.0
2025-11-10T10:17:00,1762750020000,SENSEX,2025-11-10T10:30:00,1762750800000,13,optimized,retrieval,741.0,741.0,741.0
2025-11-10T10:17:00,1762750020000,SENSEX,2025-11-10T10:31:00,1762750860000,14,optimized,retrieval,741.0,741.0,741.0
2025-11-10T10:17:00,1762750020000,SENSEX,2025-11-10T10:32:00,1762750920000,15,optimized,retrieval,741.0,741.0,741.0
2025-11-10T10:17:00,1762750020000,SENSEX,2025-11-10T10:33:00,1762750980000,16,optimized,retrieval,741.0,741.0,741.0
2025-11-10T10:17:00,1762750020000,SENSEX,2025-11-10T10:34:00,1762751040000,17,optimized,retrieval,741.0,741.0,741.0
2025-11-10T10:17:00,1762750020000,SENSEX,2025-11-10T10:35:00,1762751100000,18,optimized,retrieval,741.0,741.0,741.0
2025-11-10T10:17:00,1762750020000,SENSEX,2025-11-10T10:36:00,1762751160000,19,optimized,retrieval,741.0,741.0,741.0
2025-11-10T10:17:00,1762750020000,SENSEX,2025-11-10T10:37:00,1762751220000,20,optimized,retrieval,741.0,741.0,741.0
2025-11-10T10:17:00,1762750020000,SENSEX,2025-11-10T10:38:00,1762751280000,21,optimized,retrieval,741.0,741.0,741.0
2025-11-10T10:17:00,1762750020000,SENSEX,2025-11-10T10:39:00,1762751340000,22,optimized,retrieval,741.0,741.0,741.0
2025-11-10T10:17:00,1762750020000,SENSEX,2025-11-10T10:40:00,1762751400000,23,optimized,retrieval,741.0,741.0,741.0
2025-11-10T10:17:00,1762750020000,SENSEX,2025-11-10T10:41:00,1762751460000,24,optimized,retrieval,741.0,741.0,741.0
2025-11-10T10:17:00,1762750020000,SENSEX,2025-11-10T10:42:00,1762751520000,25,optimized,retrieval,741.0,741.0,741.0
2025-11-10T10:17:00,1762750020000,SENSEX,2025-11-10T10:43:00,1762751580000,26,optimized,retrieval,741.0,741.0,741.0
2025-11-10T10:17:00,1762750020000,SENSEX,2025-11-10T10:44:00,1762751640000,27,optimized,retrieval,741.0,741.0,741.0
2025-11-10T10:17:00,1762750020000,SENSEX,2025-11-10T10:45:00,1762751700000,28,optimized,retrieval,741.0,741.0,741.0
2025-11-10T10:17:00,1762750020000,SENSEX,2025-11-10T10:46:00,1762751760000,29,optimized,retrieval,741.0,741.0,741.0
2025-11-10T10:17:00,1762750020000,SENSEX,2025-11-10T10:47:00,1762751820000,30,optimized,retrieval,741.0,741.0,741.0
2025-11-10T10:17:00,1762750020000,SENSEX,2025-11-10T10:48:00,1762751880000,31,optimized,retrieval,741.0,741.0,741.0
2025-11-10T10:17:00,1762750020000,SENSEX,2025-11-10T10:49:00,1762751940000,32,optimized,retrieval,741.0,741.0,741.0
2025-11-10T10:17:00,1762750020000,SENSEX,2025-11-10T10:50:00,1762752000000,33,optimized,retrieval,741.0,741.0,741.0
2025-11-10T10:17:00,1762750020000,SENSEX,2025-11-10T10:51:00,1762752060000,34,optimized,retrieval,741.0,741.0,741.0
2025-11-10T10:17:00,1762750020000,SENSEX,2025-11-10T10:52:00,1762752120000,35,optimized,retrieval,741.0,741.0,741.0
2025-11-10T10:17:00,1762750020000,SENSEX,2025-11-10T10:53:00,1762752180000,36,optimized,retrieval,741.0,741.0,741.0
2025-11-10T10:17:00,1762750020000,SENSEX,2025-11-10T10:54:00,1762752240000,37,optimized,retrieval,741.0,741.0,741.0
2025-11-10T10:17:00,1762750020000,SENSEX,2025-11-10T10:55:00,1762752300000,38,optimized,retrieval,741.0,741.0,741.0
2025-11-10T10:17:00,1762750020000,SENSEX,2025-11-10T10:56:00,1762752360000,39,optimized,retrieval,741.0,741.0,741.0
2025-11-10T10:17:00,1762750020000,SENSEX,2025-11-10T10:57:00,1762752420000,40,optimized,retrieval,741.0,741.0,741.0
2025-11-10T10:17:00,1762750020000,SENSEX,2025-11-10T10:58:00,1762752480000,41,optimized,retrieval,741.0,741.0,741.0
2025-11-10T10:17:00,1762750020000,SENSEX,2025-11-10T10:59:00,1762752540000,42,optimized,retrieval,741.0,741.0,741.0
2025-11-10T10:17:00,1762750020000,SENSEX,2025-11-10T11:00:00,1762752600000,43,optimized,retrieval,741.0,741.0,741.0
2025-11-10T10:17:00,1762750020000,SENSEX,2025-11-10T11:01:00,1762752660000,44,optimized,retrieval,741.0,741.0,741.0
2025-11-10T10:17:00,1762750020000,SENSEX,2025-11-10T11:02:00,1762752720000,45,optimized,retrieval,741.0,741.0,741.0
2025-11-10T10:17:00,1762750020000,SENSEX,2025-11-10T11:03:00,1762752780000,46,optimized,retrieval,741.0,741.0,741.0
2025-11-10T10:17:00,1762750020000,SENSEX,2025-11-10T11:04:00,1762752840000,47,optimized,retrieval,741.0,741.0,741.0
2025-11-10T10:17:00,1762750020000,SENSEX,2025-11-10T11:05:00,1762752900000,48,optimized,retrieval,741.0,741.0,741.0
2025-11-10T10:17:00,1762750020000,SENSEX,2025-11-10T11:06:00,1762752960000,49,optimized,retrieval,741.0,741.0,741.0
2025-11-10T10:17:00,1762750020000,SENSEX,2025-11-10T11:07:00,1762753020000,50,optimized,retrieval,741.0,741.0,741.0
2025-11-10T10:17:00,1762750020000,SENSEX,2025-11-10T11:08:00,1762753080000,51,optimized,retrieval,741.0,741.0,741.0
2025-11-10T10:17:00,1762750020000,SENSEX,2025-11-10T11:09:00,1762753140000,52,optimized,retrieval,741.0,741.0,741.0
2025-11-10T10:17:00,1762750020000,SENSEX,2025-11-10T11:10:00,1762753200000,53,optimized,retrieval,741.0,741.0,741.0
2025-11-10T10:17:00,1762750020000,SENSEX,2025-11-10T11:11:00,1762753260000,54,optimized,retrieval,741.0,741.0,741.0
2025-11-10T10:17:00,1762750020000,SENSEX,2025-11-10T11:12:00,1762753320000,55,optimized,retrieval,741.0,741.0,741.0
2025-11-10T10:17:00,1762750020000,SENSEX,2025-11-10T11:13:00,1762753380000,56,optimized,retrieval,741.0,741.0,741.0
2025-11-10T10:17:00,1762750020000,SENSEX,2025-11-10T11:14:00,1762753440000,57,optimized,retrieval,741.0,741.0,741.0
2025-11-10T10:17:00,1762750020000,SENSEX,2025-11-10T11:15:00,1762753500000,58,optimized,retrieval,741.0,741.0,741.0
2025-11-10T10:17:00,1762750020000,SENSEX,2025-11-10T11:16:00,1762753560000,59,optimized,retrieval,741.0,741.0,741.0
2025-11-10T10:17:00,1762750020000,SENSEX,2025-11-10T11:17:00,1762753620000,60,optimized,retrieval,741.0,741.0,741.0
2025-11-10T10:18:30,1762750110000,SENSEX,2025-11-10T10:19:30,1762750170000,1,,hybrid,732.8898519497873,738.9,746.1400299005214
2025-11-10T10:18:30,1762750110000,SENSEX,2025-11-10T10:20:30,1762750230000,2,,hybrid,731.7876072573218,737.2816379524215,750.6690109908715
2025-11-10T10:18:30,1762750110000,SENSEX,2025-11-10T10:21:30,1762750290000,3,,hybrid,733.897805460712,737.7866658745619,752.6745397918062
2025-11-10T10:18:30,1762750110000,SENSEX,2025-11-10T10:22:30,1762750350000,4,,hybrid,732.5148392537913,737.4727893064152,741.8812422345864
2025-11-10T10:18:30,1762750110000,SENSEX,2025-11-10T10:23:30,1762750410000,5,,hybrid,730.22794221175,734.8514223815889,741.3395803943139
2025-11-10T10:18:30,1762750110000,SENSEX,2025-11-10T10:24:30,1762750470000,6,,hybrid,733.3623399713304,737.034812237108,750.8873330661559
2025-11-10T10:18:30,1762750110000,SENSEX,2025-11-10T10:25:30,1762750530000,7,,hybrid,731.1433448872058,738.1637900275932,753.3107319783213
2025-11-10T10:18:30,1762750110000,SENSEX,2025-11-10T10:26:30,1762750590000,8,,hybrid,732.8828730535351,737.0094654668687,752.2006142693128
2025-11-10T10:18:30,1762750110000,SENSEX,2025-11-10T10:27:30,1762750650000,9,,hybrid,733.6453379216687,738.3508322416458,750.7025257427631
2025-11-10T10:18:30,1762750110000,SENSEX,2025-11-10T10:28:30,1762750710000,10,,hybrid,732.9977243179438,739.2573980856209,754.5703837168489
2025-11-10T10:18:30,1762750110000,SENSEX,2025-11-10T10:29:30,1762750770000,11,,hybrid,729.3536910638766,737.0966731981749,750.8808820479936
2025-11-10T10:18:30,1762750110000,SENSEX,2025-11-10T10:30:30,1762750830000,12,,hybrid,725.8721748166249,737.5535555754561,750.7483631282289
2025-11-10T10:18:30,1762750110000,SENSEX,2025-11-10T10:31:30,1762750890000,13,,hybrid,729.4061322958919,737.2923646823381,749.3954224209724
2025-11-10T10:18:30,1762750110000,SENSEX,2025-11-10T10:32:30,1762750950000,14,,hybrid,728.5729289539329,734.5252739133058,745.9180392664074
2025-11-10T10:18:30,1762750110000,SENSEX,2025-11-10T10:33:30,1762751010000,15,,hybrid,728.8167607659689,737.0814294486801,751.1926595361401
2025-11-10T10:18:30,1762750110000,SENSEX,2025-11-10T10:34:30,1762751070000,16,,hybrid,725.078148633305,736.0487203811946,749.1709515052327
2025-11-10T10:18:30,1762750110000,SENSEX,2025-11-10T10:35:30,1762751130000,17,,hybrid,725.7472261744836,734.7426078016575,749.4731122170737
2025-11-10T10:18:30,1762750110000,SENSEX,2025-11-10T10:36:30,1762751190000,18,,hybrid,727.9398577836793,736.448898310178,750.5070162542715
2025-11-10T10:18:30,1762750110000,SENSEX,2025-11-10T10:37:30,1762751250000,19,,hybrid,727.3382970505545,735.4165384402712,754.01966687189
2025-11-10T10:18:30,1762750110000,SENSEX,2025-11-10T10:38:30,1762751310000,20,,hybrid,727.8587135554527,734.6898857396467,756.4211123509597
2025-11-10T10:18:30,1762750110000,SENSEX,2025-11-10T10:39:30,1762751370000,21,,hybrid,726.0560785700116,735.2824861930502,749.3813546971705
2025-11-10T10:18:30,1762750110000,SENSEX,2025-11-10T10:40:30,1762751430000,22,,hybrid,723.1488767789883,735.4096971879043,757.6413813797783
2025-11-10T10:18:30,1762750110000,SENSEX,2025-11-10T10:41:30,1762751490000,23,,hybrid,722.7602823094553,736.1032352563137,748.4208651400777
2025-11-10T10:18:30,1762750110000,SENSEX,2025-11-10T10:42:30,1762751550000,24,,hybrid,728.0651164601867,735.0912823045957,757.1058931835033
2025-11-10T10:18:30,1762750110000,SENSEX,2025-11-10T10:43:30,1762751610000,25,,hybrid,727.2784859909991,734.9349357945299,756.8671102276433
2025-11-10T10:18:30,1762750110000,SENSEX,2025-11-10T10:44:30,1762751670000,26,,hybrid,727.1755218392926,737.1989799189813,756.5351933493255
2025-11-10T10:18:30,1762750110000,SENSEX,2025-11-10T10:45:30,1762751730000,27,,hybrid,730.6728242751691,737.4751525580215,760.8254915010232
2025-11-10T10:18:30,1762750110000,SENSEX,2025-11-10T10:46:30,1762751790000,28,,hybrid,725.646772977532,736.4915920769482,751.5401456432284
2025-11-10T10:18:30,1762750110000,SENSEX,2025-11-10T10:47:30,1762751850000,29,,hybrid,725.617702766711,734.4470595573611,753.4770643135353
2025-11-10T10:18:30,1762750110000,SENSEX,2025-11-10T10:48:30,1762751910000,30,,hybrid,724.6810081650085,735.2711899874713,755.3896237536409
2025-11-10T10:18:30,1762750110000,SENSEX,2025-11-10T10:49:30,1762751970000,31,,hybrid,724.4829965762713,735.9885338893527,753.9960177175566
2025-11-10T10:18:30,1762750110000,SENSEX,2025-11-10T10:50:30,1762752030000,32,,hybrid,723.01109268439,734.6184425297365,752.3513100866426
2025-11-10T10:18:30,1762750110000,SENSEX,2025-11-10T10:51:30,1762752090000,33,,hybrid,722.9725778265151,735.6359840369807,750.3041846359808
2025-11-10T10:18:30,1762750110000,SENSEX,2025-11-10T10:52:30,1762752150000,34,,hybrid,719.6663553862828,733.9998767771101,752.2081825736539
2025-11-10T10:18:30,1762750110000,SENSEX,2025-11-10T10:53:30,1762752210000,35,,hybrid,721.0919064549969,734.9190370052842,746.173402501082
2025-11-10T10:18:30,1762750110000,SENSEX,2025-11-10T10:54:30,1762752270000,36,,hybrid,718.273520978223,735.5414340959794,750.1153660517728
2025-11-10T10:18:30,1762750110000,SENSEX,2025-11-10T10:55:30,1762752330000,37,,hybrid,723.9657782054039,735.2955559825184,744.3788149185829
2025-11-10T10:18:30,1762750110000,SENSEX,2025-11-10T10:56:30,1762752390000,38,,hybrid,717.909197199308,735.118512670027,750.1734087978438
2025-11-10T10:18:30,1762750110000,SENSEX,2025-11-10T10:57:30,1762752450000,39,,hybrid,716.9948230527759,735.5051988119936,749.3655718084359
2025-11-10T10:18:30,1762750110000,SENSEX,2025-11-10T10:58:30,1762752510000,40,,hybrid,716.7080155855535,734.878048630646,751.4205606943815
2025-11-10T10:18:30,1762750110000,SENSEX,2025-11-10T10:59:30,1762752570000,41,,hybrid,716.0884071176782,733.3335590030456,746.9630322355922
2025-11-10T10:18:30,1762750110000,SENSEX,2025-11-10T11:00:30,1762752630000,42,,hybrid,717.6939539194207,734.2970725302603,746.6178050889152
2025-11-10T10:18:30,1762750110000,SENSEX,2025-11-10T11:01:30,1762752690000,43,,hybrid,712.3493020545097,733.3864874454603,744.2573591950949
2025-11-10T10:18:30,1762750110000,SENSEX,2025-11-10T11:02:30,1762752750000,44,,hybrid,711.784054583341,733.0490926250142,752.0241138435158
2025-11-10T10:18:30,1762750110000,SENSEX,2025-11-10T11:03:30,1762752810000,45,,hybrid,712.6850858327493,734.8874362066882,753.2540006191737
2025-11-10T10:18:30,1762750110000,SENSEX,2025-11-10T11:04:30,1762752870000,46,,hybrid,717.408740165316,735.1739253101865,749.9740386830351
2025-11-10T10:18:30,1762750110000,SENSEX,2025-11-10T11:05:30,1762752930000,47,,hybrid,713.0560037658835,733.8645904244245,750.825757661703
2025-11-10T10:18:30,1762750110000,SENSEX,2025-11-10T11:06:30,1762752990000,48,,hybrid,714.0050659726992,735.2496191284743,752.9404171264604
2025-11-10T10:18:30,1762750110000,SENSEX,2025-11-10T11:07:30,1762753050000,49,,hybrid,712.4722920670298,736.1538482145227,753.5096766821633
2025-11-10T10:18:30,1762750110000,SENSEX,2025-11-10T11:08:30,1762753110000,50,,hybrid,712.7571048818573,734.6058076075749,751.8922685925135
2025-11-10T10:18:30,1762750110000,SENSEX,2025-11-10T11:09:30,1762753170000,51,,hybrid,709.5638848935114,734.020547700772,753.3644087282265
2025-11-10T10:18:30,1762750110000,SENSEX,2025-11-10T11:10:30,1762753230000,52,,hybrid,713.4602679833754,735.2151905579149,751.7244628114207
2025-11-10T10:18:30,1762750110000,SENSEX,2025-11-10T11:11:30,1762753290000,53,,hybrid,713.5159155171559,735.1815014952886,752.3797886350818
2025-11-10T10:18:30,1762750110000,SENSEX,2025-11-10T11:12:30,1762753350000,54,,hybrid,707.2937406253351,734.0132372357984,746.4476384559496
2025-11-10T10:18:30,1762750110000,SENSEX,2025-11-10T11:13:30,1762753410000,55,,hybrid,706.4561742797916,734.2950973212082,749.680775021555
2025-11-10T10:18:30,1762750110000,SENSEX,2025-11-10T11:14:30,1762753470000,56,,hybrid,708.9075860835867,733.9267431244373,745.5410161578418
2025-11-10T10:18:30,1762750110000,SENSEX,2025-11-10T11:15:30,1762753530000,57,,hybrid,705.6608347250425,735.3460080115467,744.5005197954126
2025-11-10T10:18:30,1762750110000,SENSEX,2025-11-10T11:16:30,1762753590000,58,,hybrid,711.0746365140916,735.2909917316866,744.3030775668723
2025-11-10T10:18:30,1762750110000,SENSEX,2025-11-10T11:17:30,1762753650000,59,,hybrid,709.8958143658313,734.3051460807609,744.4654816299908
2025-11-10T10:18:30,1762750110000,SENSEX,2025-11-10T11:18:30,1762753710000,60,,hybrid,714.4714422825215,734.1067167294888,744.2066112514594
2025-11-10T10:18:30,1762750110000,SENSEX,2025-11-10T10:19:30,1762750170000,1,,hybrid,732.8898519497873,738.9,746.1400299005214
2025-11-10T10:18:30,1762750110000,SENSEX,2025-11-10T10:20:30,1762750230000,2,,hybrid,731.7876072573218,737.2816379524215,750.6690109908715
2025-11-10T10:18:30,1762750110000,SENSEX,2025-11-10T10:21:30,1762750290000,3,,hybrid,733.897805460712,737.7866658745619,752.6745397918062
2025-11-10T10:18:30,1762750110000,SENSEX,2025-11-10T10:22:30,1762750350000,4,,hybrid,732.5148392537913,737.4727893064152,741.8812422345864
2025-11-10T10:18:30,1762750110000,SENSEX,2025-11-10T10:23:30,1762750410000,5,,hybrid,730.22794221175,734.8514223815889,741.3395803943139
2025-11-10T10:18:30,1762750110000,SENSEX,2025-11-10T10:24:30,1762750470000,6,,hybrid,733.3623399713304,737.034812237108,750.8873330661559
2025-11-10T10:18:30,1762750110000,SENSEX,2025-11-10T10:25:30,1762750530000,7,,hybrid,731.1433448872058,738.1637900275932,753.3107319783213
2025-11-10T10:18:30,1762750110000,SENSEX,2025-11-10T10:26:30,1762750590000,8,,hybrid,732.8828730535351,737.0094654668687,752.2006142693128
2025-11-10T10:18:30,1762750110000,SENSEX,2025-11-10T10:27:30,1762750650000,9,,hybrid,733.6453379216687,738.3508322416458,750.7025257427631
2025-11-10T10:18:30,1762750110000,SENSEX,2025-11-10T10:28:30,1762750710000,10,,hybrid,732.9977243179438,739.2573980856209,754.5703837168489
2025-11-10T10:18:30,1762750110000,SENSEX,2025-11-10T10:29:30,1762750770000,11,,hybrid,729.3536910638766,737.0966731981749,750.8808820479936
2025-11-10T10:18:30,1762750110000,SENSEX,2025-11-10T10:30:30,1762750830000,12,,hybrid,725.8721748166249,737.5535555754561,750.7483631282289
2025-11-10T10:18:30,1762750110000,SENSEX,2025-11-10T10:31:30,1762750890000,13,,hybrid,729.4061322958919,737.2923646823381,749.3954224209724
2025-11-10T10:18:30,1762750110000,SENSEX,2025-11-10T10:32:30,1762750950000,14,,hybrid,728.5729289539329,734.5252739133058,745.9180392664074
2025-11-10T10:18:30,1762750110000,SENSEX,2025-11-10T10:33:30,1762751010000,15,,hybrid,728.8167607659689,737.0814294486801,751.1926595361401
2025-11-10T10:18:30,1762750110000,SENSEX,2025-11-10T10:34:30,1762751070000,16,,hybrid,725.078148633305,736.0487203811946,749.1709515052327
2025-11-10T10:18:30,1762750110000,SENSEX,2025-11-10T10:35:30,1762751130000,17,,hybrid,725.7472261744836,734.7426078016575,749.4731122170737
2025-11-10T10:18:30,1762750110000,SENSEX,2025-11-10T10:36:30,1762751190000,18,,hybrid,727.9398577836793,736.448898310178,750.5070162542715
2025-11-10T10:18:30,1762750110000,SENSEX,2025-11-10T10:37:30,1762751250000,19,,hybrid,727.3382970505545,735.4165384402712,754.01966687189
2025-11-10T10:18:30,1762750110000,SENSEX,2025-11-10T10:38:30,1762751310000,20,,hybrid,727.8587135554527,734.6898857396467,756.4211123509597
2025-11-10T10:18:30,1762750110000,SENSEX,2025-11-10T10:39:30,1762751370000,21,,hybrid,726.0560785700116,735.2824861930502,749.3813546971705
2025-11-10T10:18:30,1762750110000,SENSEX,2025-11-10T10:40:30,1762751430000,22,,hybrid,723.1488767789883,735.4096971879043,757.6413813797783
2025-11-10T10:18:30,1762750110000,SENSEX,2025-11-10T10:41:30,1762751490000,23,,hybrid,722.7602823094553,736.1032352563137,748.4208651400777
2025-11-10T10:18:30,1762750110000,SENSEX,2025-11-10T10:42:30,1762751550000,24,,hybrid,728.0651164601867,735.0912823045957,757.1058931835033
2025-11-10T10:18:30,1762750110000,SENSEX,2025-11-10T10:43:30,1762751610000,25,,hybrid,727.2784859909991,734.9349357945299,756.8671102276433
2025-11-10T10:18:30,1762750110000,SENSEX,2025-11-10T10:44:30,1762751670000,26,,hybrid,727.1755218392926,737.1989799189813,756.5351933493255
2025-11-10T10:18:30,1762750110000,SENSEX,2025-11-10T10:45:30,1762751730000,27,,hybrid,730.6728242751691,737.4751525580215,760.8254915010232
2025-11-10T10:18:30,1762750110000,SENSEX,2025-11-10T10:46:30,1762751790000,28,,hybrid,725.646772977532,736.4915920769482,751.5401456432284
2025-11-10T10:18:30,1762750110000,SENSEX,2025-11-10T10:47:30,1762751850000,29,,hybrid,725.617702766711,734.4470595573611,753.4770643135353
2025-11-10T10:18:30,1762750110000,SENSEX,2025-11-10T10:48:30,1762751910000,30,,hybrid,724.6810081650085,735.2711899874713,755.3896237536409
2025-11-10T10:18:30,1762750110000,SENSEX,2025-11-10T10:49:30,1762751970000,31,,hybrid,724.4829965762713,735.9885338893527,753.9960177175566
2025-11-10T10:18:30,1762750110000,SENSEX,2025-11-10T10:50:30,1762752030000,32,,hybrid,723.01109268439,734.6184425297365,752.3513100866426
2025-11-10T10:18:30,1762750110000,SENSEX,2025-11-10T10:51:30,1762752090000,33,,hybrid,722.9725778265151,735.6359840369807,750.3041846359808
2025-11-10T10:18:30,1762750110000,SENSEX,2025-11-10T10:52:30,1762752150000,34,,hybrid,719.6663553862828,733.9998767771101,752.2081825736539
2025-11-10T10:18:30,1762750110000,SENSEX,2025-11-10T10:53:30,1762752210000,35,,hybrid,721.0919064549969,734.9190370052842,746.173402501082
2025-11-10T10:18:30,1762750110000,SENSEX,2025-11-10T10:54:30,1762752270000,36,,hybrid,718.273520978223,735.5414340959794,750.1153660517728
2025-11-10T10:18:30,1762750110000,SENSEX,2025-11-10T10:55:30,1762752330000,37,,hybrid,723.9657782054039,735.2955559825184,744.3788149185829
2025-11-10T10:18:30,1762750110000,SENSEX,2025-11-10T10:56:30,1762752390000,38,,hybrid,717.909197199308,735.118512670027,750.1734087978438
2025-11-10T10:18:30,1762750110000,SENSEX,2025-11-10T10:57:30,1762752450000,39,,hybrid,716.9948230527759,735.5051988119936,749.3655718084359
2025-11-10T10:18:30,1762750110000,SENSEX,2025-11-10T10:58:30,1762752510000,40,,hybrid,716.7080155855535,734.878048630646,751.4205606943815
2025-11-10T10:18:30,1762750110000,SENSEX,2025-11-10T10:59:30,1762752570000,41,,hybrid,716.0884071176782,733.3335590030456,746.9630322355922
2025-11-10T10:18:30,1762750110000,SENSEX,2025-11-10T11:00:30,1762752630000,42,,hybrid,717.6939539194207,734.2970725302603,746.6178050889152
2025-11-10T10:18:30,1762750110000,SENSEX,2025-11-10T11:01:30,1762752690000,43,,hybrid,712.3493020545097,733.3864874454603,744.2573591950949
2025-11-10T10:18:30,1762750110000,SENSEX,2025-11-10T11:02:30,1762752750000,44,,hybrid,711.784054583341,733.0490926250142,752.0241138435158
2025-11-10T10:18:30,1762750110000,SENSEX,2025-11-10T11:03:30,1762752810000,45,,hybrid,712.6850858327493,734.8874362066882,753.2540006191737
2025-11-10T10:18:30,1762750110000,SENSEX,2025-11-10T11:04:30,1762752870000,46,,hybrid,717.408740165316,735.1739253101865,749.9740386830351
2025-11-10T10:18:30,1762750110000,SENSEX,2025-11-10T11:05:30,1762752930000,47,,hybrid,713.0560037658835,733.8645904244245,750.825757661703
2025-11-10T10:18:30,1762750110000,SENSEX,2025-11-10T11:06:30,1762752990000,48,,hybrid,714.0050659726992,735.2496191284743,752.9404171264604
2025-11-10T10:18:30,1762750110000,SENSEX,2025-11-10T11:07:30,1762753050000,49,,hybrid,712.4722920670298,736.1538482145227,753.5096766821633
2025-11-10T10:18:30,1762750110000,SENSEX,2025-11-10T11:08:30,1762753110000,50,,hybrid,712.7571048818573,734.6058076075749,751.8922685925135
2025-11-10T10:18:30,1762750110000,SENSEX,2025-11-10T11:09:30,1762753170000,51,,hybrid,709.5638848935114,734.020547700772,753.3644087282265
2025-11-10T10:18:30,1762750110000,SENSEX,2025-11-10T11:10:30,1762753230000,52,,hybrid,713.4602679833754,735.2151905579149,751.7244628114207
2025-11-10T10:18:30,1762750110000,SENSEX,2025-11-10T11:11:30,1762753290000,53,,hybrid,713.5159155171559,735.1815014952886,752.3797886350818
2025-11-10T10:18:30,1762750110000,SENSEX,2025-11-10T11:12:30,1762753350000,54,,hybrid,707.2937406253351,734.0132372357984,746.4476384559496
2025-11-10T10:18:30,1762750110000,SENSEX,2025-11-10T11:13:30,1762753410000,55,,hybrid,706.4561742797916,734.2950973212082,749.680775021555
2025-11-10T10:18:30,1762750110000,SENSEX,2025-11-10T11:14:30,1762753470000,56,,hybrid,708.9075860835867,733.9267431244373,745.5410161578418
2025-11-10T10:18:30,1762750110000,SENSEX,2025-11-10T11:15:30,1762753530000,57,,hybrid,705.6608347250425,735.3460080115467,744.5005197954126
2025-11-10T10:18:30,1762750110000,SENSEX,2025-11-10T11:16:30,1762753590000,58,,hybrid,711.0746365140916,735.2909917316866,744.3030775668723
2025-11-10T10:18:30,1762750110000,SENSEX,2025-11-10T11:17:30,1762753650000,59,,hybrid,709.8958143658313,734.3051460807609,744.4654816299908
2025-11-10T10:18:30,1762750110000,SENSEX,2025-11-10T11:18:30,1762753710000,60,,hybrid,714.4714422825215,734.1067167294888,744.2066112514594
2025-11-10T10:18:30,1762750110000,SENSEX,2025-11-10T10:19:30,1762750170000,1,,hybrid,732.8898519497873,738.9,746.1400299005214
2025-11-10T10:18:30,1762750110000,SENSEX,2025-11-10T10:20:30,1762750230000,2,,hybrid,731.7876072573218,737.2816379524215,750.6690109908715
2025-11-10T10:18:30,1762750110000,SENSEX,2025-11-10T10:21:30,1762750290000,3,,hybrid,733.897805460712,737.7866658745619,752.6745397918062
2025-11-10T10:18:30,1762750110000,SENSEX,2025-11-10T10:22:30,1762750350000,4,,hybrid,732.5148392537913,737.4727893064152,741.8812422345864
2025-11-10T10:18:30,1762750110000,SENSEX,2025-11-10T10:23:30,1762750410000,5,,hybrid,730.22794221175,734.8514223815889,741.3395803943139
2025-11-10T10:18:30,1762750110000,SENSEX,2025-11-10T10:24:30,1762750470000,6,,hybrid,733.3623399713304,737.034812237108,750.8873330661559
2025-11-10T10:18:30,1762750110000,SENSEX,2025-11-10T10:25:30,1762750530000,7,,hybrid,731.1433448872058,738.1637900275932,753.3107319783213
2025-11-10T10:18:30,1762750110000,SENSEX,2025-11-10T10:26:30,1762750590000,8,,hybrid,732.8828730535351,737.0094654668687,752.2006142693128
2025-11-10T10:18:30,1762750110000,SENSEX,2025-11-10T10:27:30,1762750650000,9,,hybrid,733.6453379216687,738.3508322416458,750.7025257427631
2025-11-10T10:18:30,1762750110000,SENSEX,2025-11-10T10:28:30,1762750710000,10,,hybrid,732.9977243179438,739.2573980856209,754.5703837168489
2025-11-10T10:18:30,1762750110000,SENSEX,2025-11-10T10:29:30,1762750770000,11,,hybrid,729.3536910638766,737.0966731981749,750.8808820479936
2025-11-10T10:18:30,1762750110000,SENSEX,2025-11-10T10:30:30,1762750830000,12,,hybrid,725.8721748166249,737.5535555754561,750.7483631282289
2025-11-10T10:18:30,1762750110000,SENSEX,2025-11-10T10:31:30,1762750890000,13,,hybrid,729.4061322958919,737.2923646823381,749.3954224209724
2025-11-10T10:18:30,1762750110000,SENSEX,2025-11-10T10:32:30,1762750950000,14,,hybrid,728.5729289539329,734.5252739133058,745.9180392664074
2025-11-10T10:18:30,1762750110000,SENSEX,2025-11-10T10:33:30,1762751010000,15,,hybrid,728.8167607659689,737.0814294486801,751.1926595361401
2025-11-10T10:18:30,1762750110000,SENSEX,2025-11-10T10:34:30,1762751070000,16,,hybrid,725.078148633305,736.0487203811946,749.1709515052327
2025-11-10T10:18:30,1762750110000,SENSEX,2025-11-10T10:35:30,1762751130000,17,,hybrid,725.7472261744836,734.7426078016575,749.4731122170737
2025-11-10T10:18:30,1762750110000,SENSEX,2025-11-10T10:36:30,1762751190000,18,,hybrid,727.9398577836793,736.448898310178,750.5070162542715
2025-11-10T10:18:30,1762750110000,SENSEX,2025-11-10T10:37:30,1762751250000,19,,hybrid,727.3382970505545,735.4165384402712,754.01966687189
2025-11-10T10:18:30,1762750110000,SENSEX,2025-11-10T10:38:30,1762751310000,20,,hybrid,727.8587135554527,734.6898857396467,756.4211123509597
2025-11-10T10:18:30,1762750110000,SENSEX,2025-11-10T10:39:30,1762751370000,21,,hybrid,726.0560785700116,735.2824861930502,749.3813546971705
2025-11-10T10:18:30,1762750110000,SENSEX,2025-11-10T10:40:30,1762751430000,22,,hybrid,723.1488767789883,735.4096971879043,757.6413813797783
2025-11-10T10:18:30,1762750110000,SENSEX,2025-11-10T10:41:30,1762751490000,23,,hybrid,722.7602823094553,736.1032352563137,748.4208651400777
2025-11-10T10:18:30,1762750110000,SENSEX,2025-11-10T10:42:30,1762751550000,24,,hybrid,728.0651164601867,735.0912823045957,757.1058931835033
2025-11-10T10:18:30,1762750110000,SENSEX,2025-11-10T10:43:30,1762751610000,25,,hybrid,727.2784859909991,734.9349357945299,756.8671102276433
2025-11-10T10:18:30,1762750110000,SENSEX,2025-11-10T10:44:30,1762751670000,26,,hybrid,727.1755218392926,737.1989799189813,756.5351933493255
2025-11-10T10:18:30,1762750110000,SENSEX,2025-11-10T10:45:30,1762751730000,27,,hybrid,730.6728242751691,737.4751525580215,760.8254915010232
2025-11-10T10:18:30,1762750110000,SENSEX,2025-11-10T10:46:30,1762751790000,28,,hybrid,725.646772977532,736.4915920769482,751.5401456432284
2025-11-10T10:18:30,1762750110000,SENSEX,2025-11-10T10:47:30,1762751850000,29,,hybrid,725.617702766711,734.4470595573611,753.4770643135353
2025-11-10T10:18:30,1762750110000,SENSEX,2025-11-10T10:48:30,1762751910000,30,,hybrid,724.6810081650085,735.2711899874713,755.3896237536409
2025-11-10T10:18:30,1762750110000,SENSEX,2025-11-10T10:49:30,1762751970000,31,,hybrid,724.4829965762713,735.9885338893527,753.9960177175566
2025-11-10T10:18:30,1762750110000,SENSEX,2025-11-10T10:50:30,1762752030000,32,,hybrid,723.01109268439,734.6184425297365,752.3513100866426
2025-11-10T10:18:30,1762750110000,SENSEX,2025-11-10T10:51:30,1762752090000,33,,hybrid,722.9725778265151,735.6359840369807,750.3041846359808
2025-11-10T10:18:30,1762750110000,SENSEX,2025-11-10T10:52:30,1762752150000,34,,hybrid,719.6663553862828,733.9998767771101,752.2081825736539
2025-11-10T10:18:30,1762750110000,SENSEX,2025-11-10T10:53:30,1762752210000,35,,hybrid,721.0919064549969,734.9190370052842,746.173402501082
2025-11-10T10:18:30,1762750110000,SENSEX,2025-11-10T10:54:30,1762752270000,36,,hybrid,718.273520978223,735.5414340959794,750.1153660517728
2025-11-10T10:18:30,1762750110000,SENSEX,2025-11-10T10:55:30,1762752330000,37,,hybrid,723.9657782054039,735.2955559825184,744.3788149185829
2025-11-10T10:18:30,1762750110000,SENSEX,2025-11-10T10:56:30,1762752390000,38,,hybrid,717.909197199308,735.118512670027,750.1734087978438
2025-11-10T10:18:30,1762750110000,SENSEX,2025-11-10T10:57:30,1762752450000,39,,hybrid,716.9948230527759,735.5051988119936,749.3655718084359
2025-11-10T10:18:30,1762750110000,SENSEX,2025-11-10T10:58:30,1762752510000,40,,hybrid,716.7080155855535,734.878048630646,751.4205606943815
2025-11-10T10:18:30,1762750110000,SENSEX,2025-11-10T10:59:30,1762752570000,41,,hybrid,716.0884071176782,733.3335590030456,746.9630322355922
2025-11-10T10:18:30,1762750110000,SENSEX,2025-11-10T11:00:30,1762752630000,42,,hybrid,717.6939539194207,734.2970725302603,746.6178050889152
2025-11-10T10:18:30,1762750110000,SENSEX,2025-11-10T11:01:30,1762752690000,43,,hybrid,712.3493020545097,733.3864874454603,744.2573591950949
2025-11-10T10:18:30,1762750110000,SENSEX,2025-11-10T11:02:30,1762752750000,44,,hybrid,711.784054583341,733.0490926250142,752.0241138435158
2025-11-10T10:18:30,1762750110000,SENSEX,2025-11-10T11:03:30,1762752810000,45,,hybrid,712.6850858327493,734.8874362066882,753.2540006191737
2025-11-10T10:18:30,1762750110000,SENSEX,2025-11-10T11:04:30,1762752870000,46,,hybrid,717.408740165316,735.1739253101865,749.9740386830351
2025-11-10T10:18:30,1762750110000,SENSEX,2025-11-10T11:05:30,1762752930000,47,,hybrid,713.0560037658835,733.8645904244245,750.825757661703
2025-11-10T10:18:30,1762750110000,SENSEX,2025-11-10T11:06:30,1762752990000,48,,hybrid,714.0050659726992,735.2496191284743,752.9404171264604
2025-11-10T10:18:30,1762750110000,SENSEX,2025-11-10T11:07:30,1762753050000,49,,hybrid,712.4722920670298,736.1538482145227,753.5096766821633
2025-11-10T10:18:30,1762750110000,SENSEX,2025-11-10T11:08:30,1762753110000,50,,hybrid,712.7571048818573,734.6058076075749,751.8922685925135
2025-11-10T10:18:30,1762750110000,SENSEX,2025-11-10T11:09:30,1762753170000,51,,hybrid,709.5638848935114,734.020547700772,753.3644087282265
2025-11-10T10:18:30,1762750110000,SENSEX,2025-11-10T11:10:30,1762753230000,52,,hybrid,713.4602679833754,735.2151905579149,751.7244628114207
2025-11-10T10:18:30,1762750110000,SENSEX,2025-11-10T11:11:30,1762753290000,53,,hybrid,713.5159155171559,735.1815014952886,752.3797886350818
2025-11-10T10:18:30,1762750110000,SENSEX,2025-11-10T11:12:30,1762753350000,54,,hybrid,707.2937406253351,734.0132372357984,746.4476384559496
2025-11-10T10:18:30,1762750110000,SENSEX,2025-11-10T11:13:30,1762753410000,55,,hybrid,706.4561742797916,734.2950973212082,749.680775021555
2025-11-10T10:18:30,1762750110000,SENSEX,2025-11-10T11:14:30,1762753470000,56,,hybrid,708.9075860835867,733.9267431244373,745.5410161578418
2025-11-10T10:18:30,1762750110000,SENSEX,2025-11-10T11:15:30,1762753530000,57,,hybrid,705.6608347250425,735.3460080115467,744.5005197954126
2025-11-10T10:18:30,1762750110000,SENSEX,2025-11-10T11:16:30,1762753590000,58,,hybrid,711.0746365140916,735.2909917316866,744.3030775668723
2025-11-10T10:18:30,1762750110000,SENSEX,2025-11-10T11:17:30,1762753650000,59,,hybrid,709.8958143658313,734.3051460807609,744.4654816299908
2025-11-10T10:18:30,1762750110000,SENSEX,2025-11-10T11:18:30,1762753710000,60,,hybrid,714.4714422825215,734.1067167294888,744.2066112514594
2025-11-10T10:19:00,1762750140000,SENSEX,2025-11-10T10:20:00,1762750200000,1,,hybrid,737.2146562735439,743.3,750.6306131839685
2025-11-10T10:19:00,1762750140000,SENSEX,2025-11-10T10:21:00,1762750260000,2,,hybrid,738.8151762314426,744.3779452254938,757.9328137333291
2025-11-10T10:19:00,1762750140000,SENSEX,2025-11-10T10:22:00,1762750320000,3,,hybrid,739.5577647753835,743.4952804779535,758.569423308655
2025-11-10T10:19:00,1762750140000,SENSEX,2025-11-10T10:23:00,1762750380000,4,,hybrid,736.1485670823167,741.1685482868977,745.6321573603666
2025-11-10T10:19:00,1762750140000,SENSEX,2025-11-10T10:24:00,1762750440000,5,,hybrid,737.7849779655038,742.4663045835606,749.0356388710239
2025-11-10T10:19:00,1762750140000,SENSEX,2025-11-10T10:25:00,1762750500000,6,,hybrid,738.748882128376,742.4673023530395,756.4931383255266
2025-11-10T10:19:00,1762750140000,SENSEX,2025-11-10T10:26:00,1762750560000,7,,hybrid,735.3215469049692,742.4298280047122,757.7662801860512
2025-11-10T10:19:00,1762750140000,SENSEX,2025-11-10T10:27:00,1762750620000,8,,hybrid,740.267074468924,744.4452965433751,759.8265086683143
2025-11-10T10:19:00,1762750140000,SENSEX,2025-11-10T10:28:00,1762750680000,9,,hybrid,739.3033449623539,744.0677118466162,756.5739429627482
2025-11-10T10:19:00,1762750140000,SENSEX,2025-11-10T10:29:00,1762750740000,10,,hybrid,736.8369144866773,743.1749058595268,758.6794791688324
2025-11-10T10:19:00,1762750140000,SENSEX,2025-11-10T10:30:00,1762750800000,11,,hybrid,736.1324437511299,743.9723018313892,757.9289711426277
2025-11-10T10:19:00,1762750140000,SENSEX,2025-11-10T10:31:00,1762750860000,12,,hybrid,730.734029599361,742.5615613877967,755.9214551362076
2025-11-10T10:19:00,1762750140000,SENSEX,2025-11-10T10:32:00,1762750920000,13,,hybrid,733.3728351143651,741.3577357153637,753.6122202747125
2025-11-10T10:19:00,1762750140000,SENSEX,2025-11-10T10:33:00,1762750980000,14,,hybrid,735.5874181098669,741.6142355449116,753.1495409299475
2025-11-10T10:19:00,1762750140000,SENSEX,2025-11-10T10:34:00,1762751040000,15,,hybrid,734.4348651412506,742.8029368259063,757.0907188851625
2025-11-10T10:19:00,1762750140000,SENSEX,2025-11-10T10:35:00,1762751100000,16,,hybrid,729.540548972531,740.6483784975111,753.9347877807138
2025-11-10T10:19:00,1762750140000,SENSEX,2025-11-10T10:36:00,1762751160000,17,,hybrid,732.7818719510742,741.8897988598069,756.8046032677801
2025-11-10T10:19:00,1762750140000,SENSEX,2025-11-10T10:37:00,1762751220000,18,,hybrid,732.8035495262125,741.4190505011436,755.6530559070235
2025-11-10T10:19:00,1762750140000,SENSEX,2025-11-10T10:38:00,1762751280000,19,,hybrid,732.3215690753763,740.5008809909904,759.3367615629837
2025-11-10T10:19:00,1762750140000,SENSEX,2025-11-10T10:39:00,1762751340000,20,,hybrid,733.9598431482159,740.8764832123409,762.8795990129021
2025-11-10T10:19:00,1762750140000,SENSEX,2025-11-10T10:40:00,1762751400000,21,,hybrid,731.7161222754551,741.0579656506104,755.3332314651756
2025-11-10T10:19:00,1762750140000,SENSEX,2025-11-10T10:41:00,1762751460000,22,,hybrid,728.3645329796494,740.7787540492885,763.288588881191
2025-11-10T10:19:00,1762750140000,SENSEX,2025-11-10T10:42:00,1762751520000,23,,hybrid,728.6288706727069,742.1387633291263,754.6105046426063
2025-11-10T10:19:00,1762750140000,SENSEX,2025-11-10T10:43:00,1762751580000,24,,hybrid,733.7657643437608,740.8798377218369,763.1698833385315
2025-11-10T10:19:00,1762750140000,SENSEX,2025-11-10T10:44:00,1762751640000,25,,hybrid,733.4610767182794,741.2133198227056,763.4198975940068
2025-11-10T10:19:00,1762750140000,SENSEX,2025-11-10T10:45:00,1762751700000,26,,hybrid,732.9585141385973,743.1073802285881,762.6855177567634
2025-11-10T10:19:00,1762750140000,SENSEX,2025-11-10T10:46:00,1762751760000,27,,hybrid,736.2615127216338,743.1489480053427,766.7914335831122
2025-11-10T10:19:00,1762750140000,SENSEX,2025-11-10T10:47:00,1762751820000,28,,hybrid,730.9267528858833,741.9072564142191,757.1440892296034
2025-11-10T10:19:00,1762750140000,SENSEX,2025-11-10T10:48:00,1762751880000,29,,hybrid,731.7688625172212,740.7086873777288,759.9767851167376
2025-11-10T10:19:00,1762750140000,SENSEX,2025-11-10T10:49:00,1762751940000,30,,hybrid,730.2079196207454,740.9305999901701,761.3007445660173
2025-11-10T10:19:00,1762750140000,SENSEX,2025-11-10T10:50:00,1762752000000,31,,hybrid,729.847118487692,741.4966067736231,759.7293903635946
2025-11-10T10:19:00,1762750140000,SENSEX,2025-11-10T10:51:00,1762752060000,32,,hybrid,728.6806404357864,740.4332150765491,758.3879465470447
2025-11-10T10:19:00,1762750140000,SENSEX,2025-11-10T10:52:00,1762752120000,33,,hybrid,728.5436065145026,741.3654503184489,756.2171713988242
2025-11-10T10:19:00,1762750140000,SENSEX,2025-11-10T10:53:00,1762752180000,34,,hybrid,725.1849019928234,739.6977565423227,758.1338746749644
2025-11-10T10:19:00,1762750140000,SENSEX,2025-11-10T10:54:00,1762752240000,35,,hybrid,726.4994492435857,740.4995772680693,751.8947512126898
2025-11-10T10:19:00,1762750140000,SENSEX,2025-11-10T10:55:00,1762752300000,36,,hybrid,723.8185707575175,741.3025305339169,756.0588035335218
2025-11-10T10:19:00,1762750140000,SENSEX,2025-11-10T10:56:00,1762752360000,37,,hybrid,729.4580277919904,740.9295575350328,750.1264612253503
2025-11-10T10:19:00,1762750140000,SENSEX,2025-11-10T10:57:00,1762752420000,38,,hybrid,723.62640744794,741.0510364356791,756.2942911672517
2025-11-10T10:19:00,1762750140000,SENSEX,2025-11-10T10:58:00,1762752480000,39,,hybrid,722.129719857199,740.8716872862227,754.9054736681164
2025-11-10T10:19:00,1762750140000,SENSEX,2025-11-10T10:59:00,1762752540000,40,,hybrid,720.73448400445,739.1318505379645,755.8813334401888
2025-11-10T10:19:00,1762750140000,SENSEX,2025-11-10T11:00:00,1762752600000,41,,hybrid,722.7661576335598,740.2270714015136,754.0270691282985
2025-11-10T10:19:00,1762750140000,SENSEX,2025-11-10T11:01:00,1762752660000,42,,hybrid,721.6124256745516,738.4232733997586,750.8981562070961
2025-11-10T10:19:00,1762750140000,SENSEX,2025-11-10T11:02:00,1762752720000,43,,hybrid,717.6561232017208,738.9565143188049,749.9633964538305
2025-11-10T10:19:00,1762750140000,SENSEX,2025-11-10T11:03:00,1762752780000,44,,hybrid,718.7085595394752,740.2396540746861,759.4520803521536
2025-11-10T10:19:00,1762750140000,SENSEX,2025-11-10T11:04:00,1762752840000,45,,hybrid,718.2145968203698,740.6947308256953,759.2910876192873
2025-11-10T10:19:00,1762750140000,SENSEX,2025-11-10T11:05:00,1762752900000,46,,hybrid,721.7530862441813,739.7405396425784,754.7258239170835
2025-11-10T10:19:00,1762750140000,SENSEX,2025-11-10T11:06:00,1762752960000,47,,hybrid,719.3582474884628,740.4271797711685,757.600555830863
2025-11-10T10:19:00,1762750140000,SENSEX,2025-11-10T11:07:00,1762753020000,48,,hybrid,719.3118971170745,740.8222504707295,758.7343860310561
2025-11-10T10:19:00,1762750140000,SENSEX,2025-11-10T11:08:00,1762753080000,49,,hybrid,716.6847688858364,740.6626156761097,758.2355907510359
2025-11-10T10:19:00,1762750140000,SENSEX,2025-11-10T11:09:00,1762753140000,50,,hybrid,718.2739401756311,740.3960018873122,757.8987415916358
2025-11-10T10:19:00,1762750140000,SENSEX,2025-11-10T11:10:00,1762753200000,51,,hybrid,716.1540486998417,740.9166998593159,760.5025806671425
2025-11-10T10:19:00,1762750140000,SENSEX,2025-11-10T11:11:00,1762753260000,52,,hybrid,718.809234481775,740.8363427164588,757.5521699301776
2025-11-10T10:19:00,1762750140000,SENSEX,2025-11-10T11:12:00,1762753320000,53,,hybrid,717.7040836314806,739.6407375392581,757.0542002156432
2025-11-10T10:19:00,1762750140000,SENSEX,2025-11-10T11:13:00,1762753380000,54,,hybrid,712.5660388182331,739.6198351164439,752.2098087452308
2025-11-10T10:19:00,1762750140000,SENSEX,2025-11-10T11:14:00,1762753440000,55,,hybrid,711.7834854776097,739.9707138563481,755.5488887180743
2025-11-10T10:19:00,1762750140000,SENSEX,2025-11-10T11:15:00,1762753500000,56,,hybrid,714.4695415838318,739.8017245962562,751.561309044209
2025-11-10T10:19:00,1762750140000,SENSEX,2025-11-10T11:16:00,1762753560000,57,,hybrid,711.5710952612164,741.6276731555649,750.8967211702379
2025-11-10T10:19:00,1762750140000,SENSEX,2025-11-10T11:17:00,1762753620000,58,,hybrid,716.3009510204952,740.8202879935344,749.9451281041686
2025-11-10T10:19:00,1762750140000,SENSEX,2025-11-10T11:18:00,1762753680000,59,,hybrid,715.0828732532698,739.7976011397438,750.0850572351067
2025-11-10T10:19:00,1762750140000,SENSEX,2025-11-10T11:19:00,1762753740000,60,,hybrid,719.9433629167329,739.8243031489562,750.0505620120744
2025-11-10T10:19:00,1762750140000,SENSEX,2025-11-10T10:20:00,1762750200000,1,,hybrid,737.2146562735439,743.3,750.6306131839685
2025-11-10T10:19:00,1762750140000,SENSEX,2025-11-10T10:21:00,1762750260000,2,,hybrid,738.8151762314426,744.3779452254938,757.9328137333291
2025-11-10T10:19:00,1762750140000,SENSEX,2025-11-10T10:22:00,1762750320000,3,,hybrid,739.5577647753835,743.4952804779535,758.569423308655
2025-11-10T10:19:00,1762750140000,SENSEX,2025-11-10T10:23:00,1762750380000,4,,hybrid,736.1485670823167,741.1685482868977,745.6321573603666
2025-11-10T10:19:00,1762750140000,SENSEX,2025-11-10T10:24:00,1762750440000,5,,hybrid,737.7849779655038,742.4663045835606,749.0356388710239
2025-11-10T10:19:00,1762750140000,SENSEX,2025-11-10T10:25:00,1762750500000,6,,hybrid,738.748882128376,742.4673023530395,756.4931383255266
2025-11-10T10:19:00,1762750140000,SENSEX,2025-11-10T10:26:00,1762750560000,7,,hybrid,735.3215469049692,742.4298280047122,757.7662801860512
2025-11-10T10:19:00,1762750140000,SENSEX,2025-11-10T10:27:00,1762750620000,8,,hybrid,740.267074468924,744.4452965433751,759.8265086683143
2025-11-10T10:19:00,1762750140000,SENSEX,2025-11-10T10:28:00,1762750680000,9,,hybrid,739.3033449623539,744.0677118466162,756.5739429627482
2025-11-10T10:19:00,1762750140000,SENSEX,2025-11-10T10:29:00,1762750740000,10,,hybrid,736.8369144866773,743.1749058595268,758.6794791688324
2025-11-10T10:19:00,1762750140000,SENSEX,2025-11-10T10:30:00,1762750800000,11,,hybrid,736.1324437511299,743.9723018313892,757.9289711426277
2025-11-10T10:19:00,1762750140000,SENSEX,2025-11-10T10:31:00,1762750860000,12,,hybrid,730.734029599361,742.5615613877967,755.9214551362076
2025-11-10T10:19:00,1762750140000,SENSEX,2025-11-10T10:32:00,1762750920000,13,,hybrid,733.3728351143651,741.3577357153637,753.6122202747125
2025-11-10T10:19:00,1762750140000,SENSEX,2025-11-10T10:33:00,1762750980000,14,,hybrid,735.5874181098669,741.6142355449116,753.1495409299475
2025-11-10T10:19:00,1762750140000,SENSEX,2025-11-10T10:34:00,1762751040000,15,,hybrid,734.4348651412506,742.8029368259063,757.0907188851625
2025-11-10T10:19:00,1762750140000,SENSEX,2025-11-10T10:35:00,1762751100000,16,,hybrid,729.540548972531,740.6483784975111,753.9347877807138
2025-11-10T10:19:00,1762750140000,SENSEX,2025-11-10T10:36:00,1762751160000,17,,hybrid,732.7818719510742,741.8897988598069,756.8046032677801
2025-11-10T10:19:00,1762750140000,SENSEX,2025-11-10T10:37:00,1762751220000,18,,hybrid,732.8035495262125,741.4190505011436,755.6530559070235
2025-11-10T10:19:00,1762750140000,SENSEX,2025-11-10T10:38:00,1762751280000,19,,hybrid,732.3215690753763,740.5008809909904,759.3367615629837
2025-11-10T10:19:00,1762750140000,SENSEX,2025-11-10T10:39:00,1762751340000,20,,hybrid,733.9598431482159,740.8764832123409,762.8795990129021
2025-11-10T10:19:00,1762750140000,SENSEX,2025-11-10T10:40:00,1762751400000,21,,hybrid,731.7161222754551,741.0579656506104,755.3332314651756
2025-11-10T10:19:00,1762750140000,SENSEX,2025-11-10T10:41:00,1762751460000,22,,hybrid,728.3645329796494,740.7787540492885,763.288588881191
2025-11-10T10:19:00,1762750140000,SENSEX,2025-11-10T10:42:00,1762751520000,23,,hybrid,728.6288706727069,742.1387633291263,754.6105046426063
2025-11-10T10:19:00,1762750140000,SENSEX,2025-11-10T10:43:00,1762751580000,24,,hybrid,733.7657643437608,740.8798377218369,763.1698833385315
2025-11-10T10:19:00,1762750140000,SENSEX,2025-11-10T10:44:00,1762751640000,25,,hybrid,733.4610767182794,741.2133198227056,763.4198975940068
2025-11-10T10:19:00,1762750140000,SENSEX,2025-11-10T10:45:00,1762751700000,26,,hybrid,732.9585141385973,743.1073802285881,762.6855177567634
2025-11-10T10:19:00,1762750140000,SENSEX,2025-11-10T10:46:00,1762751760000,27,,hybrid,736.2615127216338,743.1489480053427,766.7914335831122
2025-11-10T10:19:00,1762750140000,SENSEX,2025-11-10T10:47:00,1762751820000,28,,hybrid,730.9267528858833,741.9072564142191,757.1440892296034
2025-11-10T10:19:00,1762750140000,SENSEX,2025-11-10T10:48:00,1762751880000,29,,hybrid,731.7688625172212,740.7086873777288,759.9767851167376
2025-11-10T10:19:00,1762750140000,SENSEX,2025-11-10T10:49:00,1762751940000,30,,hybrid,730.2079196207454,740.9305999901701,761.3007445660173
2025-11-10T10:19:00,1762750140000,SENSEX,2025-11-10T10:50:00,1762752000000,31,,hybrid,729.847118487692,741.4966067736231,759.7293903635946
2025-11-10T10:19:00,1762750140000,SENSEX,2025-11-10T10:51:00,1762752060000,32,,hybrid,728.6806404357864,740.4332150765491,758.3879465470447
2025-11-10T10:19:00,1762750140000,SENSEX,2025-11-10T10:52:00,1762752120000,33,,hybrid,728.5436065145026,741.3654503184489,756.2171713988242
2025-11-10T10:19:00,1762750140000,SENSEX,2025-11-10T10:53:00,1762752180000,34,,hybrid,725.1849019928234,739.6977565423227,758.1338746749644
2025-11-10T10:19:00,1762750140000,SENSEX,2025-11-10T10:54:00,1762752240000,35,,hybrid,726.4994492435857,740.4995772680693,751.8947512126898
2025-11-10T10:19:00,1762750140000,SENSEX,2025-11-10T10:55:00,1762752300000,36,,hybrid,723.8185707575175,741.3025305339169,756.0588035335218
2025-11-10T10:19:00,1762750140000,SENSEX,2025-11-10T10:56:00,1762752360000,37,,hybrid,729.4580277919904,740.9295575350328,750.1264612253503
2025-11-10T10:19:00,1762750140000,SENSEX,2025-11-10T10:57:00,1762752420000,38,,hybrid,723.62640744794,741.0510364356791,756.2942911672517
2025-11-10T10:19:00,1762750140000,SENSEX,2025-11-10T10:58:00,1762752480000,39,,hybrid,722.129719857199,740.8716872862227,754.9054736681164
2025-11-10T10:19:00,1762750140000,SENSEX,2025-11-10T10:59:00,1762752540000,40,,hybrid,720.73448400445,739.1318505379645,755.8813334401888
2025-11-10T10:19:00,1762750140000,SENSEX,2025-11-10T11:00:00,1762752600000,41,,hybrid,722.7661576335598,740.2270714015136,754.0270691282985
2025-11-10T10:19:00,1762750140000,SENSEX,2025-11-10T11:01:00,1762752660000,42,,hybrid,721.6124256745516,738.4232733997586,750.8981562070961
2025-11-10T10:19:00,1762750140000,SENSEX,2025-11-10T11:02:00,1762752720000,43,,hybrid,717.6561232017208,738.9565143188049,749.9633964538305
2025-11-10T10:19:00,1762750140000,SENSEX,2025-11-10T11:03:00,1762752780000,44,,hybrid,718.7085595394752,740.2396540746861,759.4520803521536
2025-11-10T10:19:00,1762750140000,SENSEX,2025-11-10T11:04:00,1762752840000,45,,hybrid,718.2145968203698,740.6947308256953,759.2910876192873
2025-11-10T10:19:00,1762750140000,SENSEX,2025-11-10T11:05:00,1762752900000,46,,hybrid,721.7530862441813,739.7405396425784,754.7258239170835
2025-11-10T10:19:00,1762750140000,SENSEX,2025-11-10T11:06:00,1762752960000,47,,hybrid,719.3582474884628,740.4271797711685,757.600555830863
2025-11-10T10:19:00,1762750140000,SENSEX,2025-11-10T11:07:00,1762753020000,48,,hybrid,719.3118971170745,740.8222504707295,758.7343860310561
2025-11-10T10:19:00,1762750140000,SENSEX,2025-11-10T11:08:00,1762753080000,49,,hybrid,716.6847688858364,740.6626156761097,758.2355907510359
2025-11-10T10:19:00,1762750140000,SENSEX,2025-11-10T11:09:00,1762753140000,50,,hybrid,718.2739401756311,740.3960018873122,757.8987415916358
2025-11-10T10:19:00,1762750140000,SENSEX,2025-11-10T11:10:00,1762753200000,51,,hybrid,716.1540486998417,740.9166998593159,760.5025806671425
2025-11-10T10:19:00,1762750140000,SENSEX,2025-11-10T11:11:00,1762753260000,52,,hybrid,718.809234481775,740.8363427164588,757.5521699301776
2025-11-10T10:19:00,1762750140000,SENSEX,2025-11-10T11:12:00,1762753320000,53,,hybrid,717.7040836314806,739.6407375392581,757.0542002156432
2025-11-10T10:19:00,1762750140000,SENSEX,2025-11-10T11:13:00,1762753380000,54,,hybrid,712.5660388182331,739.6198351164439,752.2098087452308
2025-11-10T10:19:00,1762750140000,SENSEX,2025-11-10T11:14:00,1762753440000,55,,hybrid,711.7834854776097,739.9707138563481,755.5488887180743
2025-11-10T10:19:00,1762750140000,SENSEX,2025-11-10T11:15:00,1762753500000,56,,hybrid,714.4695415838318,739.8017245962562,751.561309044209
2025-11-10T10:19:00,1762750140000,SENSEX,2025-11-10T11:16:00,1762753560000,57,,hybrid,711.5710952612164,741.6276731555649,750.8967211702379
2025-11-10T10:19:00,1762750140000,SENSEX,2025-11-10T11:17:00,1762753620000,58,,hybrid,716.3009510204952,740.8202879935344,749.9451281041686
2025-11-10T10:19:00,1762750140000,SENSEX,2025-11-10T11:18:00,1762753680000,59,,hybrid,715.0828732532698,739.7976011397438,750.0850572351067
2025-11-10T10:19:00,1762750140000,SENSEX,2025-11-10T11:19:00,1762753740000,60,,hybrid,719.9433629167329,739.8243031489562,750.0505620120744
2025-11-10T10:19:00,1762750140000,SENSEX,2025-11-10T10:20:00,1762750200000,1,,hybrid,737.2146562735439,743.3,750.6306131839685
2025-11-10T10:19:00,1762750140000,SENSEX,2025-11-10T10:21:00,1762750260000,2,,hybrid,738.8151762314426,744.3779452254938,757.9328137333291
2025-11-10T10:19:00,1762750140000,SENSEX,2025-11-10T10:22:00,1762750320000,3,,hybrid,739.5577647753835,743.4952804779535,758.569423308655
2025-11-10T10:19:00,1762750140000,SENSEX,2025-11-10T10:23:00,1762750380000,4,,hybrid,736.1485670823167,741.1685482868977,745.6321573603666
2025-11-10T10:19:00,1762750140000,SENSEX,2025-11-10T10:24:00,1762750440000,5,,hybrid,737.7849779655038,742.4663045835606,749.0356388710239
2025-11-10T10:19:00,1762750140000,SENSEX,2025-11-10T10:25:00,1762750500000,6,,hybrid,738.748882128376,742.4673023530395,756.4931383255266
2025-11-10T10:19:00,1762750140000,SENSEX,2025-11-10T10:26:00,1762750560000,7,,hybrid,735.3215469049692,742.4298280047122,757.7662801860512
2025-11-10T10:19:00,1762750140000,SENSEX,2025-11-10T10:27:00,1762750620000,8,,hybrid,740.267074468924,744.4452965433751,759.8265086683143
2025-11-10T10:19:00,1762750140000,SENSEX,2025-11-10T10:28:00,1762750680000,9,,hybrid,739.3033449623539,744.0677118466162,756.5739429627482
2025-11-10T10:19:00,1762750140000,SENSEX,2025-11-10T10:29:00,1762750740000,10,,hybrid,736.8369144866773,743.1749058595268,758.6794791688324
2025-11-10T10:19:00,1762750140000,SENSEX,2025-11-10T10:30:00,1762750800000,11,,hybrid,736.1324437511299,743.9723018313892,757.9289711426277
2025-11-10T10:19:00,1762750140000,SENSEX,2025-11-10T10:31:00,1762750860000,12,,hybrid,730.734029599361,742.5615613877967,755.9214551362076
2025-11-10T10:19:00,1762750140000,SENSEX,2025-11-10T10:32:00,1762750920000,13,,hybrid,733.3728351143651,741.3577357153637,753.6122202747125
2025-11-10T10:19:00,1762750140000,SENSEX,2025-11-10T10:33:00,1762750980000,14,,hybrid,735.5874181098669,741.6142355449116,753.1495409299475
2025-11-10T10:19:00,1762750140000,SENSEX,2025-11-10T10:34:00,1762751040000,15,,hybrid,734.4348651412506,742.8029368259063,757.0907188851625
2025-11-10T10:19:00,1762750140000,SENSEX,2025-11-10T10:35:00,1762751100000,16,,hybrid,729.540548972531,740.6483784975111,753.9347877807138
2025-11-10T10:19:00,1762750140000,SENSEX,2025-11-10T10:36:00,1762751160000,17,,hybrid,732.7818719510742,741.8897988598069,756.8046032677801
2025-11-10T10:19:00,1762750140000,SENSEX,2025-11-10T10:37:00,1762751220000,18,,hybrid,732.8035495262125,741.4190505011436,755.6530559070235
2025-11-10T10:19:00,1762750140000,SENSEX,2025-11-10T10:38:00,1762751280000,19,,hybrid,732.3215690753763,740.5008809909904,759.3367615629837
2025-11-10T10:19:00,1762750140000,SENSEX,2025-11-10T10:39:00,1762751340000,20,,hybrid,733.9598431482159,740.8764832123409,762.8795990129021
2025-11-10T10:19:00,1762750140000,SENSEX,2025-11-10T10:40:00,1762751400000,21,,hybrid,731.7161222754551,741.0579656506104,755.3332314651756
2025-11-10T10:19:00,1762750140000,SENSEX,2025-11-10T10:41:00,1762751460000,22,,hybrid,728.3645329796494,740.7787540492885,763.288588881191
2025-11-10T10:19:00,1762750140000,SENSEX,2025-11-10T10:42:00,1762751520000,23,,hybrid,728.6288706727069,742.1387633291263,754.6105046426063
2025-11-10T10:19:00,1762750140000,SENSEX,2025-11-10T10:43:00,1762751580000,24,,hybrid,733.7657643437608,740.8798377218369,763.1698833385315
2025-11-10T10:19:00,1762750140000,SENSEX,2025-11-10T10:44:00,1762751640000,25,,hybrid,733.4610767182794,741.2133198227056,763.4198975940068
2025-11-10T10:19:00,1762750140000,SENSEX,2025-11-10T10:45:00,1762751700000,26,,hybrid,732.9585141385973,743.1073802285881,762.6855177567634
2025-11-10T10:19:00,1762750140000,SENSEX,2025-11-10T10:46:00,1762751760000,27,,hybrid,736.2615127216338,743.1489480053427,766.7914335831122
2025-11-10T10:19:00,1762750140000,SENSEX,2025-11-10T10:47:00,1762751820000,28,,hybrid,730.9267528858833,741.9072564142191,757.1440892296034
2025-11-10T10:19:00,1762750140000,SENSEX,2025-11-10T10:48:00,1762751880000,29,,hybrid,731.7688625172212,740.7086873777288,759.9767851167376
2025-11-10T10:19:00,1762750140000,SENSEX,2025-11-10T10:49:00,1762751940000,30,,hybrid,730.2079196207454,740.9305999901701,761.3007445660173
2025-11-10T10:19:00,1762750140000,SENSEX,2025-11-10T10:50:00,1762752000000,31,,hybrid,729.847118487692,741.4966067736231,759.7293903635946
2025-11-10T10:19:00,1762750140000,SENSEX,2025-11-10T10:51:00,1762752060000,32,,hybrid,728.6806404357864,740.4332150765491,758.3879465470447
2025-11-10T10:19:00,1762750140000,SENSEX,2025-11-10T10:52:00,1762752120000,33,,hybrid,728.5436065145026,741.3654503184489,756.2171713988242
2025-11-10T10:19:00,1762750140000,SENSEX,2025-11-10T10:53:00,1762752180000,34,,hybrid,725.1849019928234,739.6977565423227,758.1338746749644
2025-11-10T10:19:00,1762750140000,SENSEX,2025-11-10T10:54:00,1762752240000,35,,hybrid,726.4994492435857,740.4995772680693,751.8947512126898
2025-11-10T10:19:00,1762750140000,SENSEX,2025-11-10T10:55:00,1762752300000,36,,hybrid,723.8185707575175,741.3025305339169,756.0588035335218
2025-11-10T10:19:00,1762750140000,SENSEX,2025-11-10T10:56:00,1762752360000,37,,hybrid,729.4580277919904,740.9295575350328,750.1264612253503
2025-11-10T10:19:00,1762750140000,SENSEX,2025-11-10T10:57:00,1762752420000,38,,hybrid,723.62640744794,741.0510364356791,756.2942911672517
2025-11-10T10:19:00,1762750140000,SENSEX,2025-11-10T10:58:00,1762752480000,39,,hybrid,722.129719857199,740.8716872862227,754.9054736681164
2025-11-10T10:19:00,1762750140000,SENSEX,2025-11-10T10:59:00,1762752540000,40,,hybrid,720.73448400445,739.1318505379645,755.8813334401888
2025-11-10T10:19:00,1762750140000,SENSEX,2025-11-10T11:00:00,1762752600000,41,,hybrid,722.7661576335598,740.2270714015136,754.0270691282985
2025-11-10T10:19:00,1762750140000,SENSEX,2025-11-10T11:01:00,1762752660000,42,,hybrid,721.6124256745516,738.4232733997586,750.8981562070961
2025-11-10T10:19:00,1762750140000,SENSEX,2025-11-10T11:02:00,1762752720000,43,,hybrid,717.6561232017208,738.9565143188049,749.9633964538305
2025-11-10T10:19:00,1762750140000,SENSEX,2025-11-10T11:03:00,1762752780000,44,,hybrid,718.7085595394752,740.2396540746861,759.4520803521536
2025-11-10T10:19:00,1762750140000,SENSEX,2025-11-10T11:04:00,1762752840000,45,,hybrid,718.2145968203698,740.6947308256953,759.2910876192873
2025-11-10T10:19:00,1762750140000,SENSEX,2025-11-10T11:05:00,1762752900000,46,,hybrid,721.7530862441813,739.7405396425784,754.7258239170835
2025-11-10T10:19:00,1762750140000,SENSEX,2025-11-10T11:06:00,1762752960000,47,,hybrid,719.3582474884628,740.4271797711685,757.600555830863
2025-11-10T10:19:00,1762750140000,SENSEX,2025-11-10T11:07:00,1762753020000,48,,hybrid,719.3118971170745,740.8222504707295,758.7343860310561
2025-11-10T10:19:00,1762750140000,SENSEX,2025-11-10T11:08:00,1762753080000,49,,hybrid,716.6847688858364,740.6626156761097,758.2355907510359
2025-11-10T10:19:00,1762750140000,SENSEX,2025-11-10T11:09:00,1762753140000,50,,hybrid,718.2739401756311,740.3960018873122,757.8987415916358
2025-11-10T10:19:00,1762750140000,SENSEX,2025-11-10T11:10:00,1762753200000,51,,hybrid,716.1540486998417,740.9166998593159,760.5025806671425
2025-11-10T10:19:00,1762750140000,SENSEX,2025-11-10T11:11:00,1762753260000,52,,hybrid,718.809234481775,740.8363427164588,757.5521699301776
2025-11-10T10:19:00,1762750140000,SENSEX,2025-11-10T11:12:00,1762753320000,53,,hybrid,717.7040836314806,739.6407375392581,757.0542002156432
2025-11-10T10:19:00,1762750140000,SENSEX,2025-11-10T11:13:00,1762753380000,54,,hybrid,712.5660388182331,739.6198351164439,752.2098087452308
2025-11-10T10:19:00,1762750140000,SENSEX,2025-11-10T11:14:00,1762753440000,55,,hybrid,711.7834854776097,739.9707138563481,755.5488887180743
2025-11-10T10:19:00,1762750140000,SENSEX,2025-11-10T11:15:00,1762753500000,56,,hybrid,714.4695415838318,739.8017245962562,751.561309044209
2025-11-10T10:19:00,1762750140000,SENSEX,2025-11-10T11:16:00,1762753560000,57,,hybrid,711.5710952612164,741.6276731555649,750.8967211702379
2025-11-10T10:19:00,1762750140000,SENSEX,2025-11-10T11:17:00,1762753620000,58,,hybrid,716.3009510204952,740.8202879935344,749.9451281041686
2025-11-10T10:19:00,1762750140000,SENSEX,2025-11-10T11:18:00,1762753680000,59,,hybrid,715.0828732532698,739.7976011397438,750.0850572351067
2025-11-10T10:19:00,1762750140000,SENSEX,2025-11-10T11:19:00,1762753740000,60,,hybrid,719.9433629167329,739.8243031489562,750.0505620120744
2025-11-10T10:19:00,1762750140000,SENSEX,2025-11-10T10:20:00,1762750200000,1,,hybrid,737.2146562735439,743.3,750.6306131839685
2025-11-10T10:19:00,1762750140000,SENSEX,2025-11-10T10:21:00,1762750260000,2,,hybrid,738.8151762314426,744.3779452254938,757.9328137333291
2025-11-10T10:19:00,1762750140000,SENSEX,2025-11-10T10:22:00,1762750320000,3,,hybrid,739.5577647753835,743.4952804779535,758.569423308655
2025-11-10T10:19:00,1762750140000,SENSEX,2025-11-10T10:23:00,1762750380000,4,,hybrid,736.1485670823167,741.1685482868977,745.6321573603666
2025-11-10T10:19:00,1762750140000,SENSEX,2025-11-10T10:24:00,1762750440000,5,,hybrid,737.7849779655038,742.4663045835606,749.0356388710239
2025-11-10T10:19:00,1762750140000,SENSEX,2025-11-10T10:25:00,1762750500000,6,,hybrid,738.748882128376,742.4673023530395,756.4931383255266
2025-11-10T10:19:00,1762750140000,SENSEX,2025-11-10T10:26:00,1762750560000,7,,hybrid,735.3215469049692,742.4298280047122,757.7662801860512
2025-11-10T10:19:00,1762750140000,SENSEX,2025-11-10T10:27:00,1762750620000,8,,hybrid,740.267074468924,744.4452965433751,759.8265086683143
2025-11-10T10:19:00,1762750140000,SENSEX,2025-11-10T10:28:00,1762750680000,9,,hybrid,739.3033449623539,744.0677118466162,756.5739429627482
2025-11-10T10:19:00,1762750140000,SENSEX,2025-11-10T10:29:00,1762750740000,10,,hybrid,736.8369144866773,743.1749058595268,758.6794791688324
2025-11-10T10:19:00,1762750140000,SENSEX,2025-11-10T10:30:00,1762750800000,11,,hybrid,736.1324437511299,743.9723018313892,757.9289711426277
2025-11-10T10:19:00,1762750140000,SENSEX,2025-11-10T10:31:00,1762750860000,12,,hybrid,730.734029599361,742.5615613877967,755.9214551362076
2025-11-10T10:19:00,1762750140000,SENSEX,2025-11-10T10:32:00,1762750920000,13,,hybrid,733.3728351143651,741.3577357153637,753.6122202747125
2025-11-10T10:19:00,1762750140000,SENSEX,2025-11-10T10:33:00,1762750980000,14,,hybrid,735.5874181098669,741.6142355449116,753.1495409299475
2025-11-10T10:19:00,1762750140000,SENSEX,2025-11-10T10:34:00,1762751040000,15,,hybrid,734.4348651412506,742.8029368259063,757.0907188851625
2025-11-10T10:19:00,1762750140000,SENSEX,2025-11-10T10:35:00,1762751100000,16,,hybrid,729.540548972531,740.6483784975111,753.9347877807138
2025-11-10T10:19:00,1762750140000,SENSEX,2025-11-10T10:36:00,1762751160000,17,,hybrid,732.7818719510742,741.8897988598069,756.8046032677801
2025-11-10T10:19:00,1762750140000,SENSEX,2025-11-10T10:37:00,1762751220000,18,,hybrid,732.8035495262125,741.4190505011436,755.6530559070235
2025-11-10T10:19:00,1762750140000,SENSEX,2025-11-10T10:38:00,1762751280000,19,,hybrid,732.3215690753763,740.5008809909904,759.3367615629837
2025-11-10T10:19:00,1762750140000,SENSEX,2025-11-10T10:39:00,1762751340000,20,,hybrid,733.9598431482159,740.8764832123409,762.8795990129021
2025-11-10T10:19:00,1762750140000,SENSEX,2025-11-10T10:40:00,1762751400000,21,,hybrid,731.7161222754551,741.0579656506104,755.3332314651756
2025-11-10T10:19:00,1762750140000,SENSEX,2025-11-10T10:41:00,1762751460000,22,,hybrid,728.3645329796494,740.7787540492885,763.288588881191
2025-11-10T10:19:00,1762750140000,SENSEX,2025-11-10T10:42:00,1762751520000,23,,hybrid,728.6288706727069,742.1387633291263,754.6105046426063
2025-11-10T10:19:00,1762750140000,SENSEX,2025-11-10T10:43:00,1762751580000,24,,hybrid,733.7657643437608,740.8798377218369,763.1698833385315
2025-11-10T10:19:00,1762750140000,SENSEX,2025-11-10T10:44:00,1762751640000,25,,hybrid,733.4610767182794,741.2133198227056,763.4198975940068
2025-11-10T10:19:00,1762750140000,SENSEX,2025-11-10T10:45:00,1762751700000,26,,hybrid,732.9585141385973,743.1073802285881,762.6855177567634
2025-11-10T10:19:00,1762750140000,SENSEX,2025-11-10T10:46:00,1762751760000,27,,hybrid,736.2615127216338,743.1489480053427,766.7914335831122
2025-11-10T10:19:00,1762750140000,SENSEX,2025-11-10T10:47:00,1762751820000,28,,hybrid,730.9267528858833,741.9072564142191,757.1440892296034
2025-11-10T10:19:00,1762750140000,SENSEX,2025-11-10T10:48:00,1762751880000,29,,hybrid,731.7688625172212,740.7086873777288,759.9767851167376
2025-11-10T10:19:00,1762750140000,SENSEX,2025-11-10T10:49:00,1762751940000,30,,hybrid,730.2079196207454,740.9305999901701,761.3007445660173
2025-11-10T10:19:00,1762750140000,SENSEX,2025-11-10T10:50:00,1762752000000,31,,hybrid,729.847118487692,741.4966067736231,759.7293903635946
2025-11-10T10:19:00,1762750140000,SENSEX,2025-11-10T10:51:00,1762752060000,32,,hybrid,728.6806404357864,740.4332150765491,758.3879465470447
2025-11-10T10:19:00,1762750140000,SENSEX,2025-11-10T10:52:00,1762752120000,33,,hybrid,728.5436065145026,741.3654503184489,756.2171713988242
2025-11-10T10:19:00,1762750140000,SENSEX,2025-11-10T10:53:00,1762752180000,34,,hybrid,725.1849019928234,739.6977565423227,758.1338746749644
2025-11-10T10:19:00,1762750140000,SENSEX,2025-11-10T10:54:00,1762752240000,35,,hybrid,726.4994492435857,740.4995772680693,751.8947512126898
2025-11-10T10:19:00,1762750140000,SENSEX,2025-11-10T10:55:00,1762752300000,36,,hybrid,723.8185707575175,741.3025305339169,756.0588035335218
2025-11-10T10:19:00,1762750140000,SENSEX,2025-11-10T10:56:00,1762752360000,37,,hybrid,729.4580277919904,740.9295575350328,750.1264612253503
2025-11-10T10:19:00,1762750140000,SENSEX,2025-11-10T10:57:00,1762752420000,38,,hybrid,723.62640744794,741.0510364356791,756.2942911672517
2025-11-10T10:19:00,1762750140000,SENSEX,2025-11-10T10:58:00,1762752480000,39,,hybrid,722.129719857199,740.8716872862227,754.9054736681164
2025-11-10T10:19:00,1762750140000,SENSEX,2025-11-10T10:59:00,1762752540000,40,,hybrid,720.73448400445,739.1318505379645,755.8813334401888
2025-11-10T10:19:00,1762750140000,SENSEX,2025-11-10T11:00:00,1762752600000,41,,hybrid,722.7661576335598,740.2270714015136,754.0270691282985
2025-11-10T10:19:00,1762750140000,SENSEX,2025-11-10T11:01:00,1762752660000,42,,hybrid,721.6124256745516,738.4232733997586,750.8981562070961
2025-11-10T10:19:00,1762750140000,SENSEX,2025-11-10T11:02:00,1762752720000,43,,hybrid,717.6561232017208,738.9565143188049,749.9633964538305
2025-11-10T10:19:00,1762750140000,SENSEX,2025-11-10T11:03:00,1762752780000,44,,hybrid,718.7085595394752,740.2396540746861,759.4520803521536
2025-11-10T10:19:00,1762750140000,SENSEX,2025-11-10T11:04:00,1762752840000,45,,hybrid,718.2145968203698,740.6947308256953,759.2910876192873
2025-11-10T10:19:00,1762750140000,SENSEX,2025-11-10T11:05:00,1762752900000,46,,hybrid,721.7530862441813,739.7405396425784,754.7258239170835
2025-11-10T10:19:00,1762750140000,SENSEX,2025-11-10T11:06:00,1762752960000,47,,hybrid,719.3582474884628,740.4271797711685,757.600555830863
2025-11-10T10:19:00,1762750140000,SENSEX,2025-11-10T11:07:00,1762753020000,48,,hybrid,719.3118971170745,740.8222504707295,758.7343860310561
2025-11-10T10:19:00,1762750140000,SENSEX,2025-11-10T11:08:00,1762753080000,49,,hybrid,716.6847688858364,740.6626156761097,758.2355907510359
2025-11-10T10:19:00,1762750140000,SENSEX,2025-11-10T11:09:00,1762753140000,50,,hybrid,718.2739401756311,740.3960018873122,757.8987415916358
2025-11-10T10:19:00,1762750140000,SENSEX,2025-11-10T11:10:00,1762753200000,51,,hybrid,716.1540486998417,740.9166998593159,760.5025806671425
2025-11-10T10:19:00,1762750140000,SENSEX,2025-11-10T11:11:00,1762753260000,52,,hybrid,718.809234481775,740.8363427164588,757.5521699301776
2025-11-10T10:19:00,1762750140000,SENSEX,2025-11-10T11:12:00,1762753320000,53,,hybrid,717.7040836314806,739.6407375392581,757.0542002156432
2025-11-10T10:19:00,1762750140000,SENSEX,2025-11-10T11:13:00,1762753380000,54,,hybrid,712.5660388182331,739.6198351164439,752.2098087452308
2025-11-10T10:19:00,1762750140000,SENSEX,2025-11-10T11:14:00,1762753440000,55,,hybrid,711.7834854776097,739.9707138563481,755.5488887180743
2025-11-10T10:19:00,1762750140000,SENSEX,2025-11-10T11:15:00,1762753500000,56,,hybrid,714.4695415838318,739.8017245962562,751.561309044209
2025-11-10T10:19:00,1762750140000,SENSEX,2025-11-10T11:16:00,1762753560000,57,,hybrid,711.5710952612164,741.6276731555649,750.8967211702379
2025-11-10T10:19:00,1762750140000,SENSEX,2025-11-10T11:17:00,1762753620000,58,,hybrid,716.3009510204952,740.8202879935344,749.9451281041686
2025-11-10T10:19:00,1762750140000,SENSEX,2025-11-10T11:18:00,1762753680000,59,,hybrid,715.0828732532698,739.7976011397438,750.0850572351067
2025-11-10T10:19:00,1762750140000,SENSEX,2025-11-10T11:19:00,1762753740000,60,,hybrid,719.9433629167329,739.8243031489562,750.0505620120744
2025-11-10T10:19:00,1762750140000,SENSEX,2025-11-10T10:20:00,1762750200000,1,,hybrid,737.2146562735439,743.3,750.6306131839685
2025-11-10T10:19:00,1762750140000,SENSEX,2025-11-10T10:21:00,1762750260000,2,,hybrid,738.8151762314426,744.3779452254938,757.9328137333291
2025-11-10T10:19:00,1762750140000,SENSEX,2025-11-10T10:22:00,1762750320000,3,,hybrid,739.5577647753835,743.4952804779535,758.569423308655
2025-11-10T10:19:00,1762750140000,SENSEX,2025-11-10T10:23:00,1762750380000,4,,hybrid,736.1485670823167,741.1685482868977,745.6321573603666
2025-11-10T10:19:00,1762750140000,SENSEX,2025-11-10T10:24:00,1762750440000,5,,hybrid,737.7849779655038,742.4663045835606,749.0356388710239
2025-11-10T10:19:00,1762750140000,SENSEX,2025-11-10T10:25:00,1762750500000,6,,hybrid,738.748882128376,742.4673023530395,756.4931383255266
2025-11-10T10:19:00,1762750140000,SENSEX,2025-11-10T10:26:00,1762750560000,7,,hybrid,735.3215469049692,742.4298280047122,757.7662801860512
2025-11-10T10:19:00,1762750140000,SENSEX,2025-11-10T10:27:00,1762750620000,8,,hybrid,740.267074468924,744.4452965433751,759.8265086683143
2025-11-10T10:19:00,1762750140000,SENSEX,2025-11-10T10:28:00,1762750680000,9,,hybrid,739.3033449623539,744.0677118466162,756.5739429627482
2025-11-10T10:19:00,1762750140000,SENSEX,2025-11-10T10:29:00,1762750740000,10,,hybrid,736.8369144866773,743.1749058595268,758.6794791688324
2025-11-10T10:19:00,1762750140000,SENSEX,2025-11-10T10:30:00,1762750800000,11,,hybrid,736.1324437511299,743.9723018313892,757.9289711426277
2025-11-10T10:19:00,1762750140000,SENSEX,2025-11-10T10:31:00,1762750860000,12,,hybrid,730.734029599361,742.5615613877967,755.9214551362076
2025-11-10T10:19:00,1762750140000,SENSEX,2025-11-10T10:32:00,1762750920000,13,,hybrid,733.3728351143651,741.3577357153637,753.6122202747125
2025-11-10T10:19:00,1762750140000,SENSEX,2025-11-10T10:33:00,1762750980000,14,,hybrid,735.5874181098669,741.6142355449116,753.1495409299475
2025-11-10T10:19:00,1762750140000,SENSEX,2025-11-10T10:34:00,1762751040000,15,,hybrid,734.4348651412506,742.8029368259063,757.0907188851625
2025-11-10T10:19:00,1762750140000,SENSEX,2025-11-10T10:35:00,1762751100000,16,,hybrid,729.540548972531,740.6483784975111,753.9347877807138
2025-11-10T10:19:00,1762750140000,SENSEX,2025-11-10T10:36:00,1762751160000,17,,hybrid,732.7818719510742,741.8897988598069,756.8046032677801
2025-11-10T10:19:00,1762750140000,SENSEX,2025-11-10T10:37:00,1762751220000,18,,hybrid,732.8035495262125,741.4190505011436,755.6530559070235
2025-11-10T10:19:00,1762750140000,SENSEX,2025-11-10T10:38:00,1762751280000,19,,hybrid,732.3215690753763,740.5008809909904,759.3367615629837
2025-11-10T10:19:00,1762750140000,SENSEX,2025-11-10T10:39:00,1762751340000,20,,hybrid,733.9598431482159,740.8764832123409,762.8795990129021
2025-11-10T10:19:00,1762750140000,SENSEX,2025-11-10T10:40:00,1762751400000,21,,hybrid,731.7161222754551,741.0579656506104,755.3332314651756
2025-11-10T10:19:00,1762750140000,SENSEX,2025-11-10T10:41:00,1762751460000,22,,hybrid,728.3645329796494,740.7787540492885,763.288588881191
2025-11-10T10:19:00,1762750140000,SENSEX,2025-11-10T10:42:00,1762751520000,23,,hybrid,728.6288706727069,742.1387633291263,754.6105046426063
2025-11-10T10:19:00,1762750140000,SENSEX,2025-11-10T10:43:00,1762751580000,24,,hybrid,733.7657643437608,740.8798377218369,763.1698833385315
2025-11-10T10:19:00,1762750140000,SENSEX,2025-11-10T10:44:00,1762751640000,25,,hybrid,733.4610767182794,741.2133198227056,763.4198975940068
2025-11-10T10:19:00,1762750140000,SENSEX,2025-11-10T10:45:00,1762751700000,26,,hybrid,732.9585141385973,743.1073802285881,762.6855177567634
2025-11-10T10:19:00,1762750140000,SENSEX,2025-11-10T10:46:00,1762751760000,27,,hybrid,736.2615127216338,743.1489480053427,766.7914335831122
2025-11-10T10:19:00,1762750140000,SENSEX,2025-11-10T10:47:00,1762751820000,28,,hybrid,730.9267528858833,741.9072564142191,757.1440892296034
2025-11-10T10:19:00,1762750140000,SENSEX,2025-11-10T10:48:00,1762751880000,29,,hybrid,731.7688625172212,740.7086873777288,759.9767851167376
2025-11-10T10:19:00,1762750140000,SENSEX,2025-11-10T10:49:00,1762751940000,30,,hybrid,730.2079196207454,740.9305999901701,761.3007445660173
2025-11-10T10:19:00,1762750140000,SENSEX,2025-11-10T10:50:00,1762752000000,31,,hybrid,729.847118487692,741.4966067736231,759.7293903635946
2025-11-10T10:19:00,1762750140000,SENSEX,2025-11-10T10:51:00,1762752060000,32,,hybrid,728.6806404357864,740.4332150765491,758.3879465470447
2025-11-10T10:19:00,1762750140000,SENSEX,2025-11-10T10:52:00,1762752120000,33,,hybrid,728.5436065145026,741.3654503184489,756.2171713988242
2025-11-10T10:19:00,1762750140000,SENSEX,2025-11-10T10:53:00,1762752180000,34,,hybrid,725.1849019928234,739.6977565423227,758.1338746749644
2025-11-10T10:19:00,1762750140000,SENSEX,2025-11-10T10:54:00,1762752240000,35,,hybrid,726.4994492435857,740.4995772680693,751.8947512126898
2025-11-10T10:19:00,1762750140000,SENSEX,2025-11-10T10:55:00,1762752300000,36,,hybrid,723.8185707575175,741.3025305339169,756.0588035335218
2025-11-10T10:19:00,1762750140000,SENSEX,2025-11-10T10:56:00,1762752360000,37,,hybrid,729.4580277919904,740.9295575350328,750.1264612253503
2025-11-10T10:19:00,1762750140000,SENSEX,2025-11-10T10:57:00,1762752420000,38,,hybrid,723.62640744794,741.0510364356791,756.2942911672517
2025-11-10T10:19:00,1762750140000,SENSEX,2025-11-10T10:58:00,1762752480000,39,,hybrid,722.129719857199,740.8716872862227,754.9054736681164
2025-11-10T10:19:00,1762750140000,SENSEX,2025-11-10T10:59:00,1762752540000,40,,hybrid,720.73448400445,739.1318505379645,755.8813334401888
2025-11-10T10:19:00,1762750140000,SENSEX,2025-11-10T11:00:00,1762752600000,41,,hybrid,722.7661576335598,740.2270714015136,754.0270691282985
2025-11-10T10:19:00,1762750140000,SENSEX,2025-11-10T11:01:00,1762752660000,42,,hybrid,721.6124256745516,738.4232733997586,750.8981562070961
2025-11-10T10:19:00,1762750140000,SENSEX,2025-11-10T11:02:00,1762752720000,43,,hybrid,717.6561232017208,738.9565143188049,749.9633964538305
2025-11-10T10:19:00,1762750140000,SENSEX,2025-11-10T11:03:00,1762752780000,44,,hybrid,718.7085595394752,740.2396540746861,759.4520803521536
2025-11-10T10:19:00,1762750140000,SENSEX,2025-11-10T11:04:00,1762752840000,45,,hybrid,718.2145968203698,740.6947308256953,759.2910876192873
2025-11-10T10:19:00,1762750140000,SENSEX,2025-11-10T11:05:00,1762752900000,46,,hybrid,721.7530862441813,739.7405396425784,754.7258239170835
2025-11-10T10:19:00,1762750140000,SENSEX,2025-11-10T11:06:00,1762752960000,47,,hybrid,719.3582474884628,740.4271797711685,757.600555830863
2025-11-10T10:19:00,1762750140000,SENSEX,2025-11-10T11:07:00,1762753020000,48,,hybrid,719.3118971170745,740.8222504707295,758.7343860310561
2025-11-10T10:19:00,1762750140000,SENSEX,2025-11-10T11:08:00,1762753080000,49,,hybrid,716.6847688858364,740.6626156761097,758.2355907510359
2025-11-10T10:19:00,1762750140000,SENSEX,2025-11-10T11:09:00,1762753140000,50,,hybrid,718.2739401756311,740.3960018873122,757.8987415916358
2025-11-10T10:19:00,1762750140000,SENSEX,2025-11-10T11:10:00,1762753200000,51,,hybrid,716.1540486998417,740.9166998593159,760.5025806671425
2025-11-10T10:19:00,1762750140000,SENSEX,2025-11-10T11:11:00,1762753260000,52,,hybrid,718.809234481775,740.8363427164588,757.5521699301776
2025-11-10T10:19:00,1762750140000,SENSEX,2025-11-10T11:12:00,1762753320000,53,,hybrid,717.7040836314806,739.6407375392581,757.0542002156432
2025-11-10T10:19:00,1762750140000,SENSEX,2025-11-10T11:13:00,1762753380000,54,,hybrid,712.5660388182331,739.6198351164439,752.2098087452308
2025-11-10T10:19:00,1762750140000,SENSEX,2025-11-10T11:14:00,1762753440000,55,,hybrid,711.7834854776097,739.9707138563481,755.5488887180743
2025-11-10T10:19:00,1762750140000,SENSEX,2025-11-10T11:15:00,1762753500000,56,,hybrid,714.4695415838318,739.8017245962562,751.561309044209
2025-11-10T10:19:00,1762750140000,SENSEX,2025-11-10T11:16:00,1762753560000,57,,hybrid,711.5710952612164,741.6276731555649,750.8967211702379
2025-11-10T10:19:00,1762750140000,SENSEX,2025-11-10T11:17:00,1762753620000,58,,hybrid,716.3009510204952,740.8202879935344,749.9451281041686
2025-11-10T10:19:00,1762750140000,SENSEX,2025-11-10T11:18:00,1762753680000,59,,hybrid,715.0828732532698,739.7976011397438,750.0850572351067
2025-11-10T10:19:00,1762750140000,SENSEX,2025-11-10T11:19:00,1762753740000,60,,hybrid,719.9433629167329,739.8243031489562,750.0505620120744
2025-11-10T10:19:00,1762750140000,SENSEX,2025-11-10T10:20:00,1762750200000,1,,hybrid,737.2146562735439,743.3,750.6306131839685
2025-11-10T10:19:00,1762750140000,SENSEX,2025-11-10T10:21:00,1762750260000,2,,hybrid,738.8151762314426,744.3779452254938,757.9328137333291
2025-11-10T10:19:00,1762750140000,SENSEX,2025-11-10T10:22:00,1762750320000,3,,hybrid,739.5577647753835,743.4952804779535,758.569423308655
2025-11-10T10:19:00,1762750140000,SENSEX,2025-11-10T10:23:00,1762750380000,4,,hybrid,736.1485670823167,741.1685482868977,745.6321573603666
2025-11-10T10:19:00,1762750140000,SENSEX,2025-11-10T10:24:00,1762750440000,5,,hybrid,737.7849779655038,742.4663045835606,749.0356388710239
2025-11-10T10:19:00,1762750140000,SENSEX,2025-11-10T10:25:00,1762750500000,6,,hybrid,738.748882128376,742.4673023530395,756.4931383255266
2025-11-10T10:19:00,1762750140000,SENSEX,2025-11-10T10:26:00,1762750560000,7,,hybrid,735.3215469049692,742.4298280047122,757.7662801860512
2025-11-10T10:19:00,1762750140000,SENSEX,2025-11-10T10:27:00,1762750620000,8,,hybrid,740.267074468924,744.4452965433751,759.8265086683143
2025-11-10T10:19:00,1762750140000,SENSEX,2025-11-10T10:28:00,1762750680000,9,,hybrid,739.3033449623539,744.0677118466162,756.5739429627482
2025-11-10T10:19:00,1762750140000,SENSEX,2025-11-10T10:29:00,1762750740000,10,,hybrid,736.8369144866773,743.1749058595268,758.6794791688324
2025-11-10T10:19:00,1762750140000,SENSEX,2025-11-10T10:30:00,1762750800000,11,,hybrid,736.1324437511299,743.9723018313892,757.9289711426277
2025-11-10T10:19:00,1762750140000,SENSEX,2025-11-10T10:31:00,1762750860000,12,,hybrid,730.734029599361,742.5615613877967,755.9214551362076
2025-11-10T10:19:00,1762750140000,SENSEX,2025-11-10T10:32:00,1762750920000,13,,hybrid,733.3728351143651,741.3577357153637,753.6122202747125
2025-11-10T10:19:00,1762750140000,SENSEX,2025-11-10T10:33:00,1762750980000,14,,hybrid,735.5874181098669,741.6142355449116,753.1495409299475
2025-11-10T10:19:00,1762750140000,SENSEX,2025-11-10T10:34:00,1762751040000,15,,hybrid,734.4348651412506,742.8029368259063,757.0907188851625
2025-11-10T10:19:00,1762750140000,SENSEX,2025-11-10T10:35:00,1762751100000,16,,hybrid,729.540548972531,740.6483784975111,753.9347877807138
2025-11-10T10:19:00,1762750140000,SENSEX,2025-11-10T10:36:00,1762751160000,17,,hybrid,732.7818719510742,741.8897988598069,756.8046032677801
2025-11-10T10:19:00,1762750140000,SENSEX,2025-11-10T10:37:00,1762751220000,18,,hybrid,732.8035495262125,741.4190505011436,755.6530559070235
2025-11-10T10:19:00,1762750140000,SENSEX,2025-11-10T10:38:00,1762751280000,19,,hybrid,732.3215690753763,740.5008809909904,759.3367615629837
2025-11-10T10:19:00,1762750140000,SENSEX,2025-11-10T10:39:00,1762751340000,20,,hybrid,733.9598431482159,740.8764832123409,762.8795990129021
2025-11-10T10:19:00,1762750140000,SENSEX,2025-11-10T10:40:00,1762751400000,21,,hybrid,731.7161222754551,741.0579656506104,755.3332314651756
2025-11-10T10:19:00,1762750140000,SENSEX,2025-11-10T10:41:00,1762751460000,22,,hybrid,728.3645329796494,740.7787540492885,763.288588881191
2025-11-10T10:19:00,1762750140000,SENSEX,2025-11-10T10:42:00,1762751520000,23,,hybrid,728.6288706727069,742.1387633291263,754.6105046426063
2025-11-10T10:19:00,1762750140000,SENSEX,2025-11-10T10:43:00,1762751580000,24,,hybrid,733.7657643437608,740.8798377218369,763.1698833385315
2025-11-10T10:19:00,1762750140000,SENSEX,2025-11-10T10:44:00,1762751640000,25,,hybrid,733.4610767182794,741.2133198227056,763.4198975940068
2025-11-10T10:19:00,1762750140000,SENSEX,2025-11-10T10:45:00,1762751700000,26,,hybrid,732.9585141385973,743.1073802285881,762.6855177567634
2025-11-10T10:19:00,1762750140000,SENSEX,2025-11-10T10:46:00,1762751760000,27,,hybrid,736.2615127216338,743.1489480053427,766.7914335831122
2025-11-10T10:19:00,1762750140000,SENSEX,2025-11-10T10:47:00,1762751820000,28,,hybrid,730.9267528858833,741.9072564142191,757.1440892296034
2025-11-10T10:19:00,1762750140000,SENSEX,2025-11-10T10:48:00,1762751880000,29,,hybrid,731.7688625172212,740.7086873777288,759.9767851167376
2025-11-10T10:19:00,1762750140000,SENSEX,2025-11-10T10:49:00,1762751940000,30,,hybrid,730.2079196207454,740.9305999901701,761.3007445660173
2025-11-10T10:19:00,1762750140000,SENSEX,2025-11-10T10:50:00,1762752000000,31,,hybrid,729.847118487692,741.4966067736231,759.7293903635946
2025-11-10T10:19:00,1762750140000,SENSEX,2025-11-10T10:51:00,1762752060000,32,,hybrid,728.6806404357864,740.4332150765491,758.3879465470447
2025-11-10T10:19:00,1762750140000,SENSEX,2025-11-10T10:52:00,1762752120000,33,,hybrid,728.5436065145026,741.3654503184489,756.2171713988242
2025-11-10T10:19:00,1762750140000,SENSEX,2025-11-10T10:53:00,1762752180000,34,,hybrid,725.1849019928234,739.6977565423227,758.1338746749644
2025-11-10T10:19:00,1762750140000,SENSEX,2025-11-10T10:54:00,1762752240000,35,,hybrid,726.4994492435857,740.4995772680693,751.8947512126898
2025-11-10T10:19:00,1762750140000,SENSEX,2025-11-10T10:55:00,1762752300000,36,,hybrid,723.8185707575175,741.3025305339169,756.0588035335218
2025-11-10T10:19:00,1762750140000,SENSEX,2025-11-10T10:56:00,1762752360000,37,,hybrid,729.4580277919904,740.9295575350328,750.1264612253503
2025-11-10T10:19:00,1762750140000,SENSEX,2025-11-10T10:57:00,1762752420000,38,,hybrid,723.62640744794,741.0510364356791,756.2942911672517
2025-11-10T10:19:00,1762750140000,SENSEX,2025-11-10T10:58:00,1762752480000,39,,hybrid,722.129719857199,740.8716872862227,754.9054736681164
2025-11-10T10:19:00,1762750140000,SENSEX,2025-11-10T10:59:00,1762752540000,40,,hybrid,720.73448400445,739.1318505379645,755.8813334401888
2025-11-10T10:19:00,1762750140000,SENSEX,2025-11-10T11:00:00,1762752600000,41,,hybrid,722.7661576335598,740.2270714015136,754.0270691282985
2025-11-10T10:19:00,1762750140000,SENSEX,2025-11-10T11:01:00,1762752660000,42,,hybrid,721.6124256745516,738.4232733997586,750.8981562070961
2025-11-10T10:19:00,1762750140000,SENSEX,2025-11-10T11:02:00,1762752720000,43,,hybrid,717.6561232017208,738.9565143188049,749.9633964538305
2025-11-10T10:19:00,1762750140000,SENSEX,2025-11-10T11:03:00,1762752780000,44,,hybrid,718.7085595394752,740.2396540746861,759.4520803521536
2025-11-10T10:19:00,1762750140000,SENSEX,2025-11-10T11:04:00,1762752840000,45,,hybrid,718.2145968203698,740.6947308256953,759.2910876192873
2025-11-10T10:19:00,1762750140000,SENSEX,2025-11-10T11:05:00,1762752900000,46,,hybrid,721.7530862441813,739.7405396425784,754.7258239170835
2025-11-10T10:19:00,1762750140000,SENSEX,2025-11-10T11:06:00,1762752960000,47,,hybrid,719.3582474884628,740.4271797711685,757.600555830863
2025-11-10T10:19:00,1762750140000,SENSEX,2025-11-10T11:07:00,1762753020000,48,,hybrid,719.3118971170745,740.8222504707295,758.7343860310561
2025-11-10T10:19:00,1762750140000,SENSEX,2025-11-10T11:08:00,1762753080000,49,,hybrid,716.6847688858364,740.6626156761097,758.2355907510359
2025-11-10T10:19:00,1762750140000,SENSEX,2025-11-10T11:09:00,1762753140000,50,,hybrid,718.2739401756311,740.3960018873122,757.8987415916358
2025-11-10T10:19:00,1762750140000,SENSEX,2025-11-10T11:10:00,1762753200000,51,,hybrid,716.1540486998417,740.9166998593159,760.5025806671425
2025-11-10T10:19:00,1762750140000,SENSEX,2025-11-10T11:11:00,1762753260000,52,,hybrid,718.809234481775,740.8363427164588,757.5521699301776
2025-11-10T10:19:00,1762750140000,SENSEX,2025-11-10T11:12:00,1762753320000,53,,hybrid,717.7040836314806,739.6407375392581,757.0542002156432
2025-11-10T10:19:00,1762750140000,SENSEX,2025-11-10T11:13:00,1762753380000,54,,hybrid,712.5660388182331,739.6198351164439,752.2098087452308
2025-11-10T10:19:00,1762750140000,SENSEX,2025-11-10T11:14:00,1762753440000,55,,hybrid,711.7834854776097,739.9707138563481,755.5488887180743
2025-11-10T10:19:00,1762750140000,SENSEX,2025-11-10T11:15:00,1762753500000,56,,hybrid,714.4695415838318,739.8017245962562,751.561309044209
2025-11-10T10:19:00,1762750140000,SENSEX,2025-11-10T11:16:00,1762753560000,57,,hybrid,711.5710952612164,741.6276731555649,750.8967211702379
2025-11-10T10:19:00,1762750140000,SENSEX,2025-11-10T11:17:00,1762753620000,58,,hybrid,716.3009510204952,740.8202879935344,749.9451281041686
2025-11-10T10:19:00,1762750140000,SENSEX,2025-11-10T11:18:00,1762753680000,59,,hybrid,715.0828732532698,739.7976011397438,750.0850572351067
2025-11-10T10:19:00,1762750140000,SENSEX,2025-11-10T11:19:00,1762753740000,60,,hybrid,719.9433629167329,739.8243031489562,750.0505620120744
2025-11-10T10:19:00,1762750140000,SENSEX,2025-11-10T10:20:00,1762750200000,1,,hybrid,737.2146562735439,743.3,750.6306131839685
2025-11-10T10:19:00,1762750140000,SENSEX,2025-11-10T10:21:00,1762750260000,2,,hybrid,738.8151762314426,744.3779452254938,757.9328137333291
2025-11-10T10:19:00,1762750140000,SENSEX,2025-11-10T10:22:00,1762750320000,3,,hybrid,739.5577647753835,743.4952804779535,758.569423308655
2025-11-10T10:19:00,1762750140000,SENSEX,2025-11-10T10:23:00,1762750380000,4,,hybrid,736.1485670823167,741.1685482868977,745.6321573603666
2025-11-10T10:19:00,1762750140000,SENSEX,2025-11-10T10:24:00,1762750440000,5,,hybrid,737.7849779655038,742.4663045835606,749.0356388710239
2025-11-10T10:19:00,1762750140000,SENSEX,2025-11-10T10:25:00,1762750500000,6,,hybrid,738.748882128376,742.4673023530395,756.4931383255266
2025-11-10T10:19:00,1762750140000,SENSEX,2025-11-10T10:26:00,1762750560000,7,,hybrid,735.3215469049692,742.4298280047122,757.7662801860512
2025-11-10T10:19:00,1762750140000,SENSEX,2025-11-10T10:27:00,1762750620000,8,,hybrid,740.267074468924,744.4452965433751,759.8265086683143
2025-11-10T10:19:00,1762750140000,SENSEX,2025-11-10T10:28:00,1762750680000,9,,hybrid,739.3033449623539,744.0677118466162,756.5739429627482
2025-11-10T10:19:00,1762750140000,SENSEX,2025-11-10T10:29:00,1762750740000,10,,hybrid,736.8369144866773,743.1749058595268,758.6794791688324
2025-11-10T10:19:00,1762750140000,SENSEX,2025-11-10T10:30:00,1762750800000,11,,hybrid,736.1324437511299,743.9723018313892,757.9289711426277
2025-11-10T10:19:00,1762750140000,SENSEX,2025-11-10T10:31:00,1762750860000,12,,hybrid,730.734029599361,742.5615613877967,755.9214551362076
2025-11-10T10:19:00,1762750140000,SENSEX,2025-11-10T10:32:00,1762750920000,13,,hybrid,733.3728351143651,741.3577357153637,753.6122202747125
2025-11-10T10:19:00,1762750140000,SENSEX,2025-11-10T10:33:00,1762750980000,14,,hybrid,735.5874181098669,741.6142355449116,753.1495409299475
2025-11-10T10:19:00,1762750140000,SENSEX,2025-11-10T10:34:00,1762751040000,15,,hybrid,734.4348651412506,742.8029368259063,757.0907188851625
2025-11-10T10:19:00,1762750140000,SENSEX,2025-11-10T10:35:00,1762751100000,16,,hybrid,729.540548972531,740.6483784975111,753.9347877807138
2025-11-10T10:19:00,1762750140000,SENSEX,2025-11-10T10:36:00,1762751160000,17,,hybrid,732.7818719510742,741.8897988598069,756.8046032677801
2025-11-10T10:19:00,1762750140000,SENSEX,2025-11-10T10:37:00,1762751220000,18,,hybrid,732.8035495262125,741.4190505011436,755.6530559070235
2025-11-10T10:19:00,1762750140000,SENSEX,2025-11-10T10:38:00,1762751280000,19,,hybrid,732.3215690753763,740.5008809909904,759.3367615629837
2025-11-10T10:19:00,1762750140000,SENSEX,2025-11-10T10:39:00,1762751340000,20,,hybrid,733.9598431482159,740.8764832123409,762.8795990129021
2025-11-10T10:19:00,1762750140000,SENSEX,2025-11-10T10:40:00,1762751400000,21,,hybrid,731.7161222754551,741.0579656506104,755.3332314651756
2025-11-10T10:19:00,1762750140000,SENSEX,2025-11-10T10:41:00,1762751460000,22,,hybrid,728.3645329796494,740.7787540492885,763.288588881191
2025-11-10T10:19:00,1762750140000,SENSEX,2025-11-10T10:42:00,1762751520000,23,,hybrid,728.6288706727069,742.1387633291263,754.6105046426063
2025-11-10T10:19:00,1762750140000,SENSEX,2025-11-10T10:43:00,1762751580000,24,,hybrid,733.7657643437608,740.8798377218369,763.1698833385315
2025-11-10T10:19:00,1762750140000,SENSEX,2025-11-10T10:44:00,1762751640000,25,,hybrid,733.4610767182794,741.2133198227056,763.4198975940068
2025-11-10T10:19:00,1762750140000,SENSEX,2025-11-10T10:45:00,1762751700000,26,,hybrid,732.9585141385973,743.1073802285881,762.6855177567634
2025-11-10T10:19:00,1762750140000,SENSEX,2025-11-10T10:46:00,1762751760000,27,,hybrid,736.2615127216338,743.1489480053427,766.7914335831122
2025-11-10T10:19:00,1762750140000,SENSEX,2025-11-10T10:47:00,1762751820000,28,,hybrid,730.9267528858833,741.9072564142191,757.1440892296034
2025-11-10T10:19:00,1762750140000,SENSEX,2025-11-10T10:48:00,1762751880000,29,,hybrid,731.7688625172212,740.7086873777288,759.9767851167376
2025-11-10T10:19:00,1762750140000,SENSEX,2025-11-10T10:49:00,1762751940000,30,,hybrid,730.2079196207454,740.9305999901701,761.3007445660173
2025-11-10T10:19:00,1762750140000,SENSEX,2025-11-10T10:50:00,1762752000000,31,,hybrid,729.847118487692,741.4966067736231,759.7293903635946
2025-11-10T10:19:00,1762750140000,SENSEX,2025-11-10T10:51:00,1762752060000,32,,hybrid,728.6806404357864,740.4332150765491,758.3879465470447
2025-11-10T10:19:00,1762750140000,SENSEX,2025-11-10T10:52:00,1762752120000,33,,hybrid,728.5436065145026,741.3654503184489,756.2171713988242
2025-11-10T10:19:00,1762750140000,SENSEX,2025-11-10T10:53:00,1762752180000,34,,hybrid,725.1849019928234,739.6977565423227,758.1338746749644
2025-11-10T10:19:00,1762750140000,SENSEX,2025-11-10T10:54:00,1762752240000,35,,hybrid,726.4994492435857,740.4995772680693,751.8947512126898
2025-11-10T10:19:00,1762750140000,SENSEX,2025-11-10T10:55:00,1762752300000,36,,hybrid,723.8185707575175,741.3025305339169,756.0588035335218
2025-11-10T10:19:00,1762750140000,SENSEX,2025-11-10T10:56:00,1762752360000,37,,hybrid,729.4580277919904,740.9295575350328,750.1264612253503
2025-11-10T10:19:00,1762750140000,SENSEX,2025-11-10T10:57:00,1762752420000,38,,hybrid,723.62640744794,741.0510364356791,756.2942911672517
2025-11-10T10:19:00,1762750140000,SENSEX,2025-11-10T10:58:00,1762752480000,39,,hybrid,722.129719857199,740.8716872862227,754.9054736681164
2025-11-10T10:19:00,1762750140000,SENSEX,2025-11-10T10:59:00,1762752540000,40,,hybrid,720.73448400445,739.1318505379645,755.8813334401888
2025-11-10T10:19:00,1762750140000,SENSEX,2025-11-10T11:00:00,1762752600000,41,,hybrid,722.7661576335598,740.2270714015136,754.0270691282985
2025-11-10T10:19:00,1762750140000,SENSEX,2025-11-10T11:01:00,1762752660000,42,,hybrid,721.6124256745516,738.4232733997586,750.8981562070961
2025-11-10T10:19:00,1762750140000,SENSEX,2025-11-10T11:02:00,1762752720000,43,,hybrid,717.6561232017208,738.9565143188049,749.9633964538305
2025-11-10T10:19:00,1762750140000,SENSEX,2025-11-10T11:03:00,1762752780000,44,,hybrid,718.7085595394752,740.2396540746861,759.4520803521536
2025-11-10T10:19:00,1762750140000,SENSEX,2025-11-10T11:04:00,1762752840000,45,,hybrid,718.2145968203698,740.6947308256953,759.2910876192873
2025-11-10T10:19:00,1762750140000,SENSEX,2025-11-10T11:05:00,1762752900000,46,,hybrid,721.7530862441813,739.7405396425784,754.7258239170835
2025-11-10T10:19:00,1762750140000,SENSEX,2025-11-10T11:06:00,1762752960000,47,,hybrid,719.3582474884628,740.4271797711685,757.600555830863
2025-11-10T10:19:00,1762750140000,SENSEX,2025-11-10T11:07:00,1762753020000,48,,hybrid,719.3118971170745,740.8222504707295,758.7343860310561
2025-11-10T10:19:00,1762750140000,SENSEX,2025-11-10T11:08:00,1762753080000,49,,hybrid,716.6847688858364,740.6626156761097,758.2355907510359
2025-11-10T10:19:00,1762750140000,SENSEX,2025-11-10T11:09:00,1762753140000,50,,hybrid,718.2739401756311,740.3960018873122,757.8987415916358
2025-11-10T10:19:00,1762750140000,SENSEX,2025-11-10T11:10:00,1762753200000,51,,hybrid,716.1540486998417,740.9166998593159,760.5025806671425
2025-11-10T10:19:00,1762750140000,SENSEX,2025-11-10T11:11:00,1762753260000,52,,hybrid,718.809234481775,740.8363427164588,757.5521699301776
2025-11-10T10:19:00,1762750140000,SENSEX,2025-11-10T11:12:00,1762753320000,53,,hybrid,717.7040836314806,739.6407375392581,757.0542002156432
2025-11-10T10:19:00,1762750140000,SENSEX,2025-11-10T11:13:00,1762753380000,54,,hybrid,712.5660388182331,739.6198351164439,752.2098087452308
2025-11-10T10:19:00,1762750140000,SENSEX,2025-11-10T11:14:00,1762753440000,55,,hybrid,711.7834854776097,739.9707138563481,755.5488887180743
2025-11-10T10:19:00,1762750140000,SENSEX,2025-11-10T11:15:00,1762753500000,56,,hybrid,714.4695415838318,739.8017245962562,751.561309044209
2025-11-10T10:19:00,1762750140000,SENSEX,2025-11-10T11:16:00,1762753560000,57,,hybrid,711.5710952612164,741.6276731555649,750.8967211702379
2025-11-10T10:19:00,1762750140000,SENSEX,2025-11-10T11:17:00,1762753620000,58,,hybrid,716.3009510204952,740.8202879935344,749.9451281041686
2025-11-10T10:19:00,1762750140000,SENSEX,2025-11-10T11:18:00,1762753680000,59,,hybrid,715.0828732532698,739.7976011397438,750.0850572351067
2025-11-10T10:19:00,1762750140000,SENSEX,2025-11-10T11:19:00,1762753740000,60,,hybrid,719.9433629167329,739.8243031489562,750.0505620120744
2025-11-10T10:19:00,1762750140000,SENSEX,2025-11-10T10:20:00,1762750200000,1,,hybrid,737.2146562735439,743.3,750.6306131839685
2025-11-10T10:19:00,1762750140000,SENSEX,2025-11-10T10:21:00,1762750260000,2,,hybrid,738.8151762314426,744.3779452254938,757.9328137333291
2025-11-10T10:19:00,1762750140000,SENSEX,2025-11-10T10:22:00,1762750320000,3,,hybrid,739.5577647753835,743.4952804779535,758.569423308655
2025-11-10T10:19:00,1762750140000,SENSEX,2025-11-10T10:23:00,1762750380000,4,,hybrid,736.1485670823167,741.1685482868977,745.6321573603666
2025-11-10T10:19:00,1762750140000,SENSEX,2025-11-10T10:24:00,1762750440000,5,,hybrid,737.7849779655038,742.4663045835606,749.0356388710239
2025-11-10T10:19:00,1762750140000,SENSEX,2025-11-10T10:25:00,1762750500000,6,,hybrid,738.748882128376,742.4673023530395,756.4931383255266
2025-11-10T10:19:00,1762750140000,SENSEX,2025-11-10T10:26:00,1762750560000,7,,hybrid,735.3215469049692,742.4298280047122,757.7662801860512
2025-11-10T10:19:00,1762750140000,SENSEX,2025-11-10T10:27:00,1762750620000,8,,hybrid,740.267074468924,744.4452965433751,759.8265086683143
2025-11-10T10:19:00,1762750140000,SENSEX,2025-11-10T10:28:00,1762750680000,9,,hybrid,739.3033449623539,744.0677118466162,756.5739429627482
2025-11-10T10:19:00,1762750140000,SENSEX,2025-11-10T10:29:00,1762750740000,10,,hybrid,736.8369144866773,743.1749058595268,758.6794791688324
2025-11-10T10:19:00,1762750140000,SENSEX,2025-11-10T10:30:00,1762750800000,11,,hybrid,736.1324437511299,743.9723018313892,757.9289711426277
2025-11-10T10:19:00,1762750140000,SENSEX,2025-11-10T10:31:00,1762750860000,12,,hybrid,730.734029599361,742.5615613877967,755.9214551362076
2025-11-10T10:19:00,1762750140000,SENSEX,2025-11-10T10:32:00,1762750920000,13,,hybrid,733.3728351143651,741.3577357153637,753.6122202747125
2025-11-10T10:19:00,1762750140000,SENSEX,2025-11-10T10:33:00,1762750980000,14,,hybrid,735.5874181098669,741.6142355449116,753.1495409299475
2025-11-10T10:19:00,1762750140000,SENSEX,2025-11-10T10:34:00,1762751040000,15,,hybrid,734.4348651412506,742.8029368259063,757.0907188851625
2025-11-10T10:19:00,1762750140000,SENSEX,2025-11-10T10:35:00,1762751100000,16,,hybrid,729.540548972531,740.6483784975111,753.9347877807138
2025-11-10T10:19:00,1762750140000,SENSEX,2025-11-10T10:36:00,1762751160000,17,,hybrid,732.7818719510742,741.8897988598069,756.8046032677801
2025-11-10T10:19:00,1762750140000,SENSEX,2025-11-10T10:37:00,1762751220000,18,,hybrid,732.8035495262125,741.4190505011436,755.6530559070235
2025-11-10T10:19:00,1762750140000,SENSEX,2025-11-10T10:38:00,1762751280000,19,,hybrid,732.3215690753763,740.5008809909904,759.3367615629837
2025-11-10T10:19:00,1762750140000,SENSEX,2025-11-10T10:39:00,1762751340000,20,,hybrid,733.9598431482159,740.8764832123409,762.8795990129021
2025-11-10T10:19:00,1762750140000,SENSEX,2025-11-10T10:40:00,1762751400000,21,,hybrid,731.7161222754551,741.0579656506104,755.3332314651756
2025-11-10T10:19:00,1762750140000,SENSEX,2025-11-10T10:41:00,1762751460000,22,,hybrid,728.3645329796494,740.7787540492885,763.288588881191
2025-11-10T10:19:00,1762750140000,SENSEX,2025-11-10T10:42:00,1762751520000,23,,hybrid,728.6288706727069,742.1387633291263,754.6105046426063
2025-11-10T10:19:00,1762750140000,SENSEX,2025-11-10T10:43:00,1762751580000,24,,hybrid,733.7657643437608,740.8798377218369,763.1698833385315
2025-11-10T10:19:00,1762750140000,SENSEX,2025-11-10T10:44:00,1762751640000,25,,hybrid,733.4610767182794,741.2133198227056,763.4198975940068
2025-11-10T10:19:00,1762750140000,SENSEX,2025-11-10T10:45:00,1762751700000,26,,hybrid,732.9585141385973,743.1073802285881,762.6855177567634
2025-11-10T10:19:00,1762750140000,SENSEX,2025-11-10T10:46:00,1762751760000,27,,hybrid,736.2615127216338,743.1489480053427,766.7914335831122
2025-11-10T10:19:00,1762750140000,SENSEX,2025-11-10T10:47:00,1762751820000,28,,hybrid,730.9267528858833,741.9072564142191,757.1440892296034
2025-11-10T10:19:00,1762750140000,SENSEX,2025-11-10T10:48:00,1762751880000,29,,hybrid,731.7688625172212,740.7086873777288,759.9767851167376
2025-11-10T10:19:00,1762750140000,SENSEX,2025-11-10T10:49:00,1762751940000,30,,hybrid,730.2079196207454,740.9305999901701,761.3007445660173
2025-11-10T10:19:00,1762750140000,SENSEX,2025-11-10T10:50:00,1762752000000,31,,hybrid,729.847118487692,741.4966067736231,759.7293903635946
2025-11-10T10:19:00,1762750140000,SENSEX,2025-11-10T10:51:00,1762752060000,32,,hybrid,728.6806404357864,740.4332150765491,758.3879465470447
2025-11-10T10:19:00,1762750140000,SENSEX,2025-11-10T10:52:00,1762752120000,33,,hybrid,728.5436065145026,741.3654503184489,756.2171713988242
2025-11-10T10:19:00,1762750140000,SENSEX,2025-11-10T10:53:00,1762752180000,34,,hybrid,725.1849019928234,739.6977565423227,758.1338746749644
2025-11-10T10:19:00,1762750140000,SENSEX,2025-11-10T10:54:00,1762752240000,35,,hybrid,726.4994492435857,740.4995772680693,751.8947512126898
2025-11-10T10:19:00,1762750140000,SENSEX,2025-11-10T10:55:00,1762752300000,36,,hybrid,723.8185707575175,741.3025305339169,756.0588035335218
2025-11-10T10:19:00,1762750140000,SENSEX,2025-11-10T10:56:00,1762752360000,37,,hybrid,729.4580277919904,740.9295575350328,750.1264612253503
2025-11-10T10:19:00,1762750140000,SENSEX,2025-11-10T10:57:00,1762752420000,38,,hybrid,723.62640744794,741.0510364356791,756.2942911672517
2025-11-10T10:19:00,1762750140000,SENSEX,2025-11-10T10:58:00,1762752480000,39,,hybrid,722.129719857199,740.8716872862227,754.9054736681164
2025-11-10T10:19:00,1762750140000,SENSEX,2025-11-10T10:59:00,1762752540000,40,,hybrid,720.73448400445,739.1318505379645,755.8813334401888
2025-11-10T10:19:00,1762750140000,SENSEX,2025-11-10T11:00:00,1762752600000,41,,hybrid,722.7661576335598,740.2270714015136,754.0270691282985
2025-11-10T10:19:00,1762750140000,SENSEX,2025-11-10T11:01:00,1762752660000,42,,hybrid,721.6124256745516,738.4232733997586,750.8981562070961
2025-11-10T10:19:00,1762750140000,SENSEX,2025-11-10T11:02:00,1762752720000,43,,hybrid,717.6561232017208,738.9565143188049,749.9633964538305
2025-11-10T10:19:00,1762750140000,SENSEX,2025-11-10T11:03:00,1762752780000,44,,hybrid,718.7085595394752,740.2396540746861,759.4520803521536
2025-11-10T10:19:00,1762750140000,SENSEX,2025-11-10T11:04:00,1762752840000,45,,hybrid,718.2145968203698,740.6947308256953,759.2910876192873
2025-11-10T10:19:00,1762750140000,SENSEX,2025-11-10T11:05:00,1762752900000,46,,hybrid,721.7530862441813,739.7405396425784,754.7258239170835
2025-11-10T10:19:00,1762750140000,SENSEX,2025-11-10T11:06:00,1762752960000,47,,hybrid,719.3582474884628,740.4271797711685,757.600555830863
2025-11-10T10:19:00,1762750140000,SENSEX,2025-11-10T11:07:00,1762753020000,48,,hybrid,719.3118971170745,740.8222504707295,758.7343860310561
2025-11-10T10:19:00,1762750140000,SENSEX,2025-11-10T11:08:00,1762753080000,49,,hybrid,716.6847688858364,740.6626156761097,758.2355907510359
2025-11-10T10:19:00,1762750140000,SENSEX,2025-11-10T11:09:00,1762753140000,50,,hybrid,718.2739401756311,740.3960018873122,757.8987415916358
2025-11-10T10:19:00,1762750140000,SENSEX,2025-11-10T11:10:00,1762753200000,51,,hybrid,716.1540486998417,740.9166998593159,760.5025806671425
2025-11-10T10:19:00,1762750140000,SENSEX,2025-11-10T11:11:00,1762753260000,52,,hybrid,718.809234481775,740.8363427164588,757.5521699301776
2025-11-10T10:19:00,1762750140000,SENSEX,2025-11-10T11:12:00,1762753320000,53,,hybrid,717.7040836314806,739.6407375392581,757.0542002156432
2025-11-10T10:19:00,1762750140000,SENSEX,2025-11-10T11:13:00,1762753380000,54,,hybrid,712.5660388182331,739.6198351164439,752.2098087452308
2025-11-10T10:19:00,1762750140000,SENSEX,2025-11-10T11:14:00,1762753440000,55,,hybrid,711.7834854776097,739.9707138563481,755.5488887180743
2025-11-10T10:19:00,1762750140000,SENSEX,2025-11-10T11:15:00,1762753500000,56,,hybrid,714.4695415838318,739.8017245962562,751.561309044209
2025-11-10T10:19:00,1762750140000,SENSEX,2025-11-10T11:16:00,1762753560000,57,,hybrid,711.5710952612164,741.6276731555649,750.8967211702379
2025-11-10T10:19:00,1762750140000,SENSEX,2025-11-10T11:17:00,1762753620000,58,,hybrid,716.3009510204952,740.8202879935344,749.9451281041686
2025-11-10T10:19:00,1762750140000,SENSEX,2025-11-10T11:18:00,1762753680000,59,,hybrid,715.0828732532698,739.7976011397438,750.0850572351067
2025-11-10T10:19:00,1762750140000,SENSEX,2025-11-10T11:19:00,1762753740000,60,,hybrid,719.9433629167329,739.8243031489562,750.0505620120744
2025-11-10T10:19:00,1762750140000,SENSEX,2025-11-10T10:20:00,1762750200000,1,,hybrid,737.2146562735439,743.3,750.6306131839685
2025-11-10T10:19:00,1762750140000,SENSEX,2025-11-10T10:21:00,1762750260000,2,,hybrid,738.8151762314426,744.3779452254938,757.9328137333291
2025-11-10T10:19:00,1762750140000,SENSEX,2025-11-10T10:22:00,1762750320000,3,,hybrid,739.5577647753835,743.4952804779535,758.569423308655
2025-11-10T10:19:00,1762750140000,SENSEX,2025-11-10T10:23:00,1762750380000,4,,hybrid,736.1485670823167,741.1685482868977,745.6321573603666
2025-11-10T10:19:00,1762750140000,SENSEX,2025-11-10T10:24:00,1762750440000,5,,hybrid,737.7849779655038,742.4663045835606,749.0356388710239
2025-11-10T10:19:00,1762750140000,SENSEX,2025-11-10T10:25:00,1762750500000,6,,hybrid,738.748882128376,742.4673023530395,756.4931383255266
2025-11-10T10:19:00,1762750140000,SENSEX,2025-11-10T10:26:00,1762750560000,7,,hybrid,735.3215469049692,742.4298280047122,757.7662801860512
2025-11-10T10:19:00,1762750140000,SENSEX,2025-11-10T10:27:00,1762750620000,8,,hybrid,740.267074468924,744.4452965433751,759.8265086683143
2025-11-10T10:19:00,1762750140000,SENSEX,2025-11-10T10:28:00,1762750680000,9,,hybrid,739.3033449623539,744.0677118466162,756.5739429627482
2025-11-10T10:19:00,1762750140000,SENSEX,2025-11-10T10:29:00,1762750740000,10,,hybrid,736.8369144866773,743.1749058595268,758.6794791688324
2025-11-10T10:19:00,1762750140000,SENSEX,2025-11-10T10:30:00,1762750800000,11,,hybrid,736.1324437511299,743.9723018313892,757.9289711426277
2025-11-10T10:19:00,1762750140000,SENSEX,2025-11-10T10:31:00,1762750860000,12,,hybrid,730.734029599361,742.5615613877967,755.9214551362076
2025-11-10T10:19:00,1762750140000,SENSEX,2025-11-10T10:32:00,1762750920000,13,,hybrid,733.3728351143651,741.3577357153637,753.6122202747125
2025-11-10T10:19:00,1762750140000,SENSEX,2025-11-10T10:33:00,1762750980000,14,,hybrid,735.5874181098669,741.6142355449116,753.1495409299475
2025-11-10T10:19:00,1762750140000,SENSEX,2025-11-10T10:34:00,1762751040000,15,,hybrid,734.4348651412506,742.8029368259063,757.0907188851625
2025-11-10T10:19:00,1762750140000,SENSEX,2025-11-10T10:35:00,1762751100000,16,,hybrid,729.540548972531,740.6483784975111,753.9347877807138
2025-11-10T10:19:00,1762750140000,SENSEX,2025-11-10T10:36:00,1762751160000,17,,hybrid,732.7818719510742,741.8897988598069,756.8046032677801
2025-11-10T10:19:00,1762750140000,SENSEX,2025-11-10T10:37:00,1762751220000,18,,hybrid,732.8035495262125,741.4190505011436,755.6530559070235
2025-11-10T10:19:00,1762750140000,SENSEX,2025-11-10T10:38:00,1762751280000,19,,hybrid,732.3215690753763,740.5008809909904,759.3367615629837
2025-11-10T10:19:00,1762750140000,SENSEX,2025-11-10T10:39:00,1762751340000,20,,hybrid,733.9598431482159,740.8764832123409,762.8795990129021
2025-11-10T10:19:00,1762750140000,SENSEX,2025-11-10T10:40:00,1762751400000,21,,hybrid,731.7161222754551,741.0579656506104,755.3332314651756
2025-11-10T10:19:00,1762750140000,SENSEX,2025-11-10T10:41:00,1762751460000,22,,hybrid,728.3645329796494,740.7787540492885,763.288588881191
2025-11-10T10:19:00,1762750140000,SENSEX,2025-11-10T10:42:00,1762751520000,23,,hybrid,728.6288706727069,742.1387633291263,754.6105046426063
2025-11-10T10:19:00,1762750140000,SENSEX,2025-11-10T10:43:00,1762751580000,24,,hybrid,733.7657643437608,740.8798377218369,763.1698833385315
2025-11-10T10:19:00,1762750140000,SENSEX,2025-11-10T10:44:00,1762751640000,25,,hybrid,733.4610767182794,741.2133198227056,763.4198975940068
2025-11-10T10:19:00,1762750140000,SENSEX,2025-11-10T10:45:00,1762751700000,26,,hybrid,732.9585141385973,743.1073802285881,762.6855177567634
2025-11-10T10:19:00,1762750140000,SENSEX,2025-11-10T10:46:00,1762751760000,27,,hybrid,736.2615127216338,743.1489480053427,766.7914335831122
2025-11-10T10:19:00,1762750140000,SENSEX,2025-11-10T10:47:00,1762751820000,28,,hybrid,730.9267528858833,741.9072564142191,757.1440892296034
2025-11-10T10:19:00,1762750140000,SENSEX,2025-11-10T10:48:00,1762751880000,29,,hybrid,731.7688625172212,740.7086873777288,759.9767851167376
2025-11-10T10:19:00,1762750140000,SENSEX,2025-11-10T10:49:00,1762751940000,30,,hybrid,730.2079196207454,740.9305999901701,761.3007445660173
2025-11-10T10:19:00,1762750140000,SENSEX,2025-11-10T10:50:00,1762752000000,31,,hybrid,729.847118487692,741.4966067736231,759.7293903635946
2025-11-10T10:19:00,1762750140000,SENSEX,2025-11-10T10:51:00,1762752060000,32,,hybrid,728.6806404357864,740.4332150765491,758.3879465470447
2025-11-10T10:19:00,1762750140000,SENSEX,2025-11-10T10:52:00,1762752120000,33,,hybrid,728.5436065145026,741.3654503184489,756.2171713988242
2025-11-10T10:19:00,1762750140000,SENSEX,2025-11-10T10:53:00,1762752180000,34,,hybrid,725.1849019928234,739.6977565423227,758.1338746749644
2025-11-10T10:19:00,1762750140000,SENSEX,2025-11-10T10:54:00,1762752240000,35,,hybrid,726.4994492435857,740.4995772680693,751.8947512126898
2025-11-10T10:19:00,1762750140000,SENSEX,2025-11-10T10:55:00,1762752300000,36,,hybrid,723.8185707575175,741.3025305339169,756.0588035335218
2025-11-10T10:19:00,1762750140000,SENSEX,2025-11-10T10:56:00,1762752360000,37,,hybrid,729.4580277919904,740.9295575350328,750.1264612253503
2025-11-10T10:19:00,1762750140000,SENSEX,2025-11-10T10:57:00,1762752420000,38,,hybrid,723.62640744794,741.0510364356791,756.2942911672517
2025-11-10T10:19:00,1762750140000,SENSEX,2025-11-10T10:58:00,1762752480000,39,,hybrid,722.129719857199,740.8716872862227,754.9054736681164
2025-11-10T10:19:00,1762750140000,SENSEX,2025-11-10T10:59:00,1762752540000,40,,hybrid,720.73448400445,739.1318505379645,755.8813334401888
2025-11-10T10:19:00,1762750140000,SENSEX,2025-11-10T11:00:00,1762752600000,41,,hybrid,722.7661576335598,740.2270714015136,754.0270691282985
2025-11-10T10:19:00,1762750140000,SENSEX,2025-11-10T11:01:00,1762752660000,42,,hybrid,721.6124256745516,738.4232733997586,750.8981562070961
2025-11-10T10:19:00,1762750140000,SENSEX,2025-11-10T11:02:00,1762752720000,43,,hybrid,717.6561232017208,738.9565143188049,749.9633964538305
2025-11-10T10:19:00,1762750140000,SENSEX,2025-11-10T11:03:00,1762752780000,44,,hybrid,718.7085595394752,740.2396540746861,759.4520803521536
2025-11-10T10:19:00,1762750140000,SENSEX,2025-11-10T11:04:00,1762752840000,45,,hybrid,718.2145968203698,740.6947308256953,759.2910876192873
2025-11-10T10:19:00,1762750140000,SENSEX,2025-11-10T11:05:00,1762752900000,46,,hybrid,721.7530862441813,739.7405396425784,754.7258239170835
2025-11-10T10:19:00,1762750140000,SENSEX,2025-11-10T11:06:00,1762752960000,47,,hybrid,719.3582474884628,740.4271797711685,757.600555830863
2025-11-10T10:19:00,1762750140000,SENSEX,2025-11-10T11:07:00,1762753020000,48,,hybrid,719.3118971170745,740.8222504707295,758.7343860310561
2025-11-10T10:19:00,1762750140000,SENSEX,2025-11-10T11:08:00,1762753080000,49,,hybrid,716.6847688858364,740.6626156761097,758.2355907510359
2025-11-10T10:19:00,1762750140000,SENSEX,2025-11-10T11:09:00,1762753140000,50,,hybrid,718.2739401756311,740.3960018873122,757.8987415916358
2025-11-10T10:19:00,1762750140000,SENSEX,2025-11-10T11:10:00,1762753200000,51,,hybrid,716.1540486998417,740.9166998593159,760.5025806671425
2025-11-10T10:19:00,1762750140000,SENSEX,2025-11-10T11:11:00,1762753260000,52,,hybrid,718.809234481775,740.8363427164588,757.5521699301776
2025-11-10T10:19:00,1762750140000,SENSEX,2025-11-10T11:12:00,1762753320000,53,,hybrid,717.7040836314806,739.6407375392581,757.0542002156432
2025-11-10T10:19:00,1762750140000,SENSEX,2025-11-10T11:13:00,1762753380000,54,,hybrid,712.5660388182331,739.6198351164439,752.2098087452308
2025-11-10T10:19:00,1762750140000,SENSEX,2025-11-10T11:14:00,1762753440000,55,,hybrid,711.7834854776097,739.9707138563481,755.5488887180743
2025-11-10T10:19:00,1762750140000,SENSEX,2025-11-10T11:15:00,1762753500000,56,,hybrid,714.4695415838318,739.8017245962562,751.561309044209
2025-11-10T10:19:00,1762750140000,SENSEX,2025-11-10T11:16:00,1762753560000,57,,hybrid,711.5710952612164,741.6276731555649,750.8967211702379
2025-11-10T10:19:00,1762750140000,SENSEX,2025-11-10T11:17:00,1762753620000,58,,hybrid,716.3009510204952,740.8202879935344,749.9451281041686
2025-11-10T10:19:00,1762750140000,SENSEX,2025-11-10T11:18:00,1762753680000,59,,hybrid,715.0828732532698,739.7976011397438,750.0850572351067
2025-11-10T10:19:00,1762750140000,SENSEX,2025-11-10T11:19:00,1762753740000,60,,hybrid,719.9433629167329,739.8243031489562,750.0505620120744
2025-11-10T10:19:00,1762750140000,SENSEX,2025-11-10T10:20:00,1762750200000,1,,hybrid,737.2146562735439,743.3,750.6306131839685
2025-11-10T10:19:00,1762750140000,SENSEX,2025-11-10T10:21:00,1762750260000,2,,hybrid,738.8151762314426,744.3779452254938,757.9328137333291
2025-11-10T10:19:00,1762750140000,SENSEX,2025-11-10T10:22:00,1762750320000,3,,hybrid,739.5577647753835,743.4952804779535,758.569423308655
2025-11-10T10:19:00,1762750140000,SENSEX,2025-11-10T10:23:00,1762750380000,4,,hybrid,736.1485670823167,741.1685482868977,745.6321573603666
2025-11-10T10:19:00,1762750140000,SENSEX,2025-11-10T10:24:00,1762750440000,5,,hybrid,737.7849779655038,742.4663045835606,749.0356388710239
2025-11-10T10:19:00,1762750140000,SENSEX,2025-11-10T10:25:00,1762750500000,6,,hybrid,738.748882128376,742.4673023530395,756.4931383255266
2025-11-10T10:19:00,1762750140000,SENSEX,2025-11-10T10:26:00,1762750560000,7,,hybrid,735.3215469049692,742.4298280047122,757.7662801860512
2025-11-10T10:19:00,1762750140000,SENSEX,2025-11-10T10:27:00,1762750620000,8,,hybrid,740.267074468924,744.4452965433751,759.8265086683143
2025-11-10T10:19:00,1762750140000,SENSEX,2025-11-10T10:28:00,1762750680000,9,,hybrid,739.3033449623539,744.0677118466162,756.5739429627482
2025-11-10T10:19:00,1762750140000,SENSEX,2025-11-10T10:29:00,1762750740000,10,,hybrid,736.8369144866773,743.1749058595268,758.6794791688324
2025-11-10T10:19:00,1762750140000,SENSEX,2025-11-10T10:30:00,1762750800000,11,,hybrid,736.1324437511299,743.9723018313892,757.9289711426277
2025-11-10T10:19:00,1762750140000,SENSEX,2025-11-10T10:31:00,1762750860000,12,,hybrid,730.734029599361,742.5615613877967,755.9214551362076
2025-11-10T10:19:00,1762750140000,SENSEX,2025-11-10T10:32:00,1762750920000,13,,hybrid,733.3728351143651,741.3577357153637,753.6122202747125
2025-11-10T10:19:00,1762750140000,SENSEX,2025-11-10T10:33:00,1762750980000,14,,hybrid,735.5874181098669,741.6142355449116,753.1495409299475
2025-11-10T10:19:00,1762750140000,SENSEX,2025-11-10T10:34:00,1762751040000,15,,hybrid,734.4348651412506,742.8029368259063,757.0907188851625
2025-11-10T10:19:00,1762750140000,SENSEX,2025-11-10T10:35:00,1762751100000,16,,hybrid,729.540548972531,740.6483784975111,753.9347877807138
2025-11-10T10:19:00,1762750140000,SENSEX,2025-11-10T10:36:00,1762751160000,17,,hybrid,732.7818719510742,741.8897988598069,756.8046032677801
2025-11-10T10:19:00,1762750140000,SENSEX,2025-11-10T10:37:00,1762751220000,18,,hybrid,732.8035495262125,741.4190505011436,755.6530559070235
2025-11-10T10:19:00,1762750140000,SENSEX,2025-11-10T10:38:00,1762751280000,19,,hybrid,732.3215690753763,740.5008809909904,759.3367615629837
2025-11-10T10:19:00,1762750140000,SENSEX,2025-11-10T10:39:00,1762751340000,20,,hybrid,733.9598431482159,740.8764832123409,762.8795990129021
2025-11-10T10:19:00,1762750140000,SENSEX,2025-11-10T10:40:00,1762751400000,21,,hybrid,731.7161222754551,741.0579656506104,755.3332314651756
2025-11-10T10:19:00,1762750140000,SENSEX,2025-11-10T10:41:00,1762751460000,22,,hybrid,728.3645329796494,740.7787540492885,763.288588881191
2025-11-10T10:19:00,1762750140000,SENSEX,2025-11-10T10:42:00,1762751520000,23,,hybrid,728.6288706727069,742.1387633291263,754.6105046426063
2025-11-10T10:19:00,1762750140000,SENSEX,2025-11-10T10:43:00,1762751580000,24,,hybrid,733.7657643437608,740.8798377218369,763.1698833385315
2025-11-10T10:19:00,1762750140000,SENSEX,2025-11-10T10:44:00,1762751640000,25,,hybrid,733.4610767182794,741.2133198227056,763.4198975940068
2025-11-10T10:19:00,1762750140000,SENSEX,2025-11-10T10:45:00,1762751700000,26,,hybrid,732.9585141385973,743.1073802285881,762.6855177567634
2025-11-10T10:19:00,1762750140000,SENSEX,2025-11-10T10:46:00,1762751760000,27,,hybrid,736.2615127216338,743.1489480053427,766.7914335831122
2025-11-10T10:19:00,1762750140000,SENSEX,2025-11-10T10:47:00,1762751820000,28,,hybrid,730.9267528858833,741.9072564142191,757.1440892296034
2025-11-10T10:19:00,1762750140000,SENSEX,2025-11-10T10:48:00,1762751880000,29,,hybrid,731.7688625172212,740.7086873777288,759.9767851167376
2025-11-10T10:19:00,1762750140000,SENSEX,2025-11-10T10:49:00,1762751940000,30,,hybrid,730.2079196207454,740.9305999901701,761.3007445660173
2025-11-10T10:19:00,1762750140000,SENSEX,2025-11-10T10:50:00,1762752000000,31,,hybrid,729.847118487692,741.4966067736231,759.7293903635946
2025-11-10T10:19:00,1762750140000,SENSEX,2025-11-10T10:51:00,1762752060000,32,,hybrid,728.6806404357864,740.4332150765491,758.3879465470447
2025-11-10T10:19:00,1762750140000,SENSEX,2025-11-10T10:52:00,1762752120000,33,,hybrid,728.5436065145026,741.3654503184489,756.2171713988242
2025-11-10T10:19:00,1762750140000,SENSEX,2025-11-10T10:53:00,1762752180000,34,,hybrid,725.1849019928234,739.6977565423227,758.1338746749644
2025-11-10T10:19:00,1762750140000,SENSEX,2025-11-10T10:54:00,1762752240000,35,,hybrid,726.4994492435857,740.4995772680693,751.8947512126898
2025-11-10T10:19:00,1762750140000,SENSEX,2025-11-10T10:55:00,1762752300000,36,,hybrid,723.8185707575175,741.3025305339169,756.0588035335218
2025-11-10T10:19:00,1762750140000,SENSEX,2025-11-10T10:56:00,1762752360000,37,,hybrid,729.4580277919904,740.9295575350328,750.1264612253503
2025-11-10T10:19:00,1762750140000,SENSEX,2025-11-10T10:57:00,1762752420000,38,,hybrid,723.62640744794,741.0510364356791,756.2942911672517
2025-11-10T10:19:00,1762750140000,SENSEX,2025-11-10T10:58:00,1762752480000,39,,hybrid,722.129719857199,740.8716872862227,754.9054736681164
2025-11-10T10:19:00,1762750140000,SENSEX,2025-11-10T10:59:00,1762752540000,40,,hybrid,720.73448400445,739.1318505379645,755.8813334401888
2025-11-10T10:19:00,1762750140000,SENSEX,2025-11-10T11:00:00,1762752600000,41,,hybrid,722.7661576335598,740.2270714015136,754.0270691282985
2025-11-10T10:19:00,1762750140000,SENSEX,2025-11-10T11:01:00,1762752660000,42,,hybrid,721.6124256745516,738.4232733997586,750.8981562070961
2025-11-10T10:19:00,1762750140000,SENSEX,2025-11-10T11:02:00,1762752720000,43,,hybrid,717.6561232017208,738.9565143188049,749.9633964538305
2025-11-10T10:19:00,1762750140000,SENSEX,2025-11-10T11:03:00,1762752780000,44,,hybrid,718.7085595394752,740.2396540746861,759.4520803521536
2025-11-10T10:19:00,1762750140000,SENSEX,2025-11-10T11:04:00,1762752840000,45,,hybrid,718.2145968203698,740.6947308256953,759.2910876192873
2025-11-10T10:19:00,1762750140000,SENSEX,2025-11-10T11:05:00,1762752900000,46,,hybrid,721.7530862441813,739.7405396425784,754.7258239170835
2025-11-10T10:19:00,1762750140000,SENSEX,2025-11-10T11:06:00,1762752960000,47,,hybrid,719.3582474884628,740.4271797711685,757.600555830863
2025-11-10T10:19:00,1762750140000,SENSEX,2025-11-10T11:07:00,1762753020000,48,,hybrid,719.3118971170745,740.8222504707295,758.7343860310561
2025-11-10T10:19:00,1762750140000,SENSEX,2025-11-10T11:08:00,1762753080000,49,,hybrid,716.6847688858364,740.6626156761097,758.2355907510359
2025-11-10T10:19:00,1762750140000,SENSEX,2025-11-10T11:09:00,1762753140000,50,,hybrid,718.2739401756311,740.3960018873122,757.8987415916358
2025-11-10T10:19:00,1762750140000,SENSEX,2025-11-10T11:10:00,1762753200000,51,,hybrid,716.1540486998417,740.9166998593159,760.5025806671425
2025-11-10T10:19:00,1762750140000,SENSEX,2025-11-10T11:11:00,1762753260000,52,,hybrid,718.809234481775,740.8363427164588,757.5521699301776
2025-11-10T10:19:00,1762750140000,SENSEX,2025-11-10T11:12:00,1762753320000,53,,hybrid,717.7040836314806,739.6407375392581,757.0542002156432
2025-11-10T10:19:00,1762750140000,SENSEX,2025-11-10T11:13:00,1762753380000,54,,hybrid,712.5660388182331,739.6198351164439,752.2098087452308
2025-11-10T10:19:00,1762750140000,SENSEX,2025-11-10T11:14:00,1762753440000,55,,hybrid,711.7834854776097,739.9707138563481,755.5488887180743
2025-11-10T10:19:00,1762750140000,SENSEX,2025-11-10T11:15:00,1762753500000,56,,hybrid,714.4695415838318,739.8017245962562,751.561309044209
2025-11-10T10:19:00,1762750140000,SENSEX,2025-11-10T11:16:00,1762753560000,57,,hybrid,711.5710952612164,741.6276731555649,750.8967211702379
2025-11-10T10:19:00,1762750140000,SENSEX,2025-11-10T11:17:00,1762753620000,58,,hybrid,716.3009510204952,740.8202879935344,749.9451281041686
2025-11-10T10:19:00,1762750140000,SENSEX,2025-11-10T11:18:00,1762753680000,59,,hybrid,715.0828732532698,739.7976011397438,750.0850572351067
2025-11-10T10:19:00,1762750140000,SENSEX,2025-11-10T11:19:00,1762753740000,60,,hybrid,719.9433629167329,739.8243031489562,750.0505620120744
2025-11-10T10:19:00,1762750140000,SENSEX,2025-11-10T10:20:00,1762750200000,1,,hybrid,737.2146562735439,743.3,750.6306131839685
2025-11-10T10:19:00,1762750140000,SENSEX,2025-11-10T10:21:00,1762750260000,2,,hybrid,738.8151762314426,744.3779452254938,757.9328137333291
2025-11-10T10:19:00,1762750140000,SENSEX,2025-11-10T10:22:00,1762750320000,3,,hybrid,739.5577647753835,743.4952804779535,758.569423308655
2025-11-10T10:19:00,1762750140000,SENSEX,2025-11-10T10:23:00,1762750380000,4,,hybrid,736.1485670823167,741.1685482868977,745.6321573603666
2025-11-10T10:19:00,1762750140000,SENSEX,2025-11-10T10:24:00,1762750440000,5,,hybrid,737.7849779655038,742.4663045835606,749.0356388710239
2025-11-10T10:19:00,1762750140000,SENSEX,2025-11-10T10:25:00,1762750500000,6,,hybrid,738.748882128376,742.4673023530395,756.4931383255266
2025-11-10T10:19:00,1762750140000,SENSEX,2025-11-10T10:26:00,1762750560000,7,,hybrid,735.3215469049692,742.4298280047122,757.7662801860512
2025-11-10T10:19:00,1762750140000,SENSEX,2025-11-10T10:27:00,1762750620000,8,,hybrid,740.267074468924,744.4452965433751,759.8265086683143
2025-11-10T10:19:00,1762750140000,SENSEX,2025-11-10T10:28:00,1762750680000,9,,hybrid,739.3033449623539,744.0677118466162,756.5739429627482
2025-11-10T10:19:00,1762750140000,SENSEX,2025-11-10T10:29:00,1762750740000,10,,hybrid,736.8369144866773,743.1749058595268,758.6794791688324
2025-11-10T10:19:00,1762750140000,SENSEX,2025-11-10T10:30:00,1762750800000,11,,hybrid,736.1324437511299,743.9723018313892,757.9289711426277
2025-11-10T10:19:00,1762750140000,SENSEX,2025-11-10T10:31:00,1762750860000,12,,hybrid,730.734029599361,742.5615613877967,755.9214551362076
2025-11-10T10:19:00,1762750140000,SENSEX,2025-11-10T10:32:00,1762750920000,13,,hybrid,733.3728351143651,741.3577357153637,753.6122202747125
2025-11-10T10:19:00,1762750140000,SENSEX,2025-11-10T10:33:00,1762750980000,14,,hybrid,735.5874181098669,741.6142355449116,753.1495409299475
2025-11-10T10:19:00,1762750140000,SENSEX,2025-11-10T10:34:00,1762751040000,15,,hybrid,734.4348651412506,742.8029368259063,757.0907188851625
2025-11-10T10:19:00,1762750140000,SENSEX,2025-11-10T10:35:00,1762751100000,16,,hybrid,729.540548972531,740.6483784975111,753.9347877807138
2025-11-10T10:19:00,1762750140000,SENSEX,2025-11-10T10:36:00,1762751160000,17,,hybrid,732.7818719510742,741.8897988598069,756.8046032677801
2025-11-10T10:19:00,1762750140000,SENSEX,2025-11-10T10:37:00,1762751220000,18,,hybrid,732.8035495262125,741.4190505011436,755.6530559070235
2025-11-10T10:19:00,1762750140000,SENSEX,2025-11-10T10:38:00,1762751280000,19,,hybrid,732.3215690753763,740.5008809909904,759.3367615629837
2025-11-10T10:19:00,1762750140000,SENSEX,2025-11-10T10:39:00,1762751340000,20,,hybrid,733.9598431482159,740.8764832123409,762.8795990129021
2025-11-10T10:19:00,1762750140000,SENSEX,2025-11-10T10:40:00,1762751400000,21,,hybrid,731.7161222754551,741.0579656506104,755.3332314651756
2025-11-10T10:19:00,1762750140000,SENSEX,2025-11-10T10:41:00,1762751460000,22,,hybrid,728.3645329796494,740.7787540492885,763.288588881191
2025-11-10T10:19:00,1762750140000,SENSEX,2025-11-10T10:42:00,1762751520000,23,,hybrid,728.6288706727069,742.1387633291263,754.6105046426063
2025-11-10T10:19:00,1762750140000,SENSEX,2025-11-10T10:43:00,1762751580000,24,,hybrid,733.7657643437608,740.8798377218369,763.1698833385315
2025-11-10T10:19:00,1762750140000,SENSEX,2025-11-10T10:44:00,1762751640000,25,,hybrid,733.4610767182794,741.2133198227056,763.4198975940068
2025-11-10T10:19:00,1762750140000,SENSEX,2025-11-10T10:45:00,1762751700000,26,,hybrid,732.9585141385973,743.1073802285881,762.6855177567634
2025-11-10T10:19:00,1762750140000,SENSEX,2025-11-10T10:46:00,1762751760000,27,,hybrid,736.2615127216338,743.1489480053427,766.7914335831122
2025-11-10T10:19:00,1762750140000,SENSEX,2025-11-10T10:47:00,1762751820000,28,,hybrid,730.9267528858833,741.9072564142191,757.1440892296034
2025-11-10T10:19:00,1762750140000,SENSEX,2025-11-10T10:48:00,1762751880000,29,,hybrid,731.7688625172212,740.7086873777288,759.9767851167376
2025-11-10T10:19:00,1762750140000,SENSEX,2025-11-10T10:49:00,1762751940000,30,,hybrid,730.2079196207454,740.9305999901701,761.3007445660173
2025-11-10T10:19:00,1762750140000,SENSEX,2025-11-10T10:50:00,1762752000000,31,,hybrid,729.847118487692,741.4966067736231,759.7293903635946
2025-11-10T10:19:00,1762750140000,SENSEX,2025-11-10T10:51:00,1762752060000,32,,hybrid,728.6806404357864,740.4332150765491,758.3879465470447
2025-11-10T10:19:00,1762750140000,SENSEX,2025-11-10T10:52:00,1762752120000,33,,hybrid,728.5436065145026,741.3654503184489,756.2171713988242
2025-11-10T10:19:00,1762750140000,SENSEX,2025-11-10T10:53:00,1762752180000,34,,hybrid,725.1849019928234,739.6977565423227,758.1338746749644
2025-11-10T10:19:00,1762750140000,SENSEX,2025-11-10T10:54:00,1762752240000,35,,hybrid,726.4994492435857,740.4995772680693,751.8947512126898
2025-11-10T10:19:00,1762750140000,SENSEX,2025-11-10T10:55:00,1762752300000,36,,hybrid,723.8185707575175,741.3025305339169,756.0588035335218
2025-11-10T10:19:00,1762750140000,SENSEX,2025-11-10T10:56:00,1762752360000,37,,hybrid,729.4580277919904,740.9295575350328,750.1264612253503
2025-11-10T10:19:00,1762750140000,SENSEX,2025-11-10T10:57:00,1762752420000,38,,hybrid,723.62640744794,741.0510364356791,756.2942911672517
2025-11-10T10:19:00,1762750140000,SENSEX,2025-11-10T10:58:00,1762752480000,39,,hybrid,722.129719857199,740.8716872862227,754.9054736681164
2025-11-10T10:19:00,1762750140000,SENSEX,2025-11-10T10:59:00,1762752540000,40,,hybrid,720.73448400445,739.1318505379645,755.8813334401888
2025-11-10T10:19:00,1762750140000,SENSEX,2025-11-10T11:00:00,1762752600000,41,,hybrid,722.7661576335598,740.2270714015136,754.0270691282985
2025-11-10T10:19:00,1762750140000,SENSEX,2025-11-10T11:01:00,1762752660000,42,,hybrid,721.6124256745516,738.4232733997586,750.8981562070961
2025-11-10T10:19:00,1762750140000,SENSEX,2025-11-10T11:02:00,1762752720000,43,,hybrid,717.6561232017208,738.9565143188049,749.9633964538305
2025-11-10T10:19:00,1762750140000,SENSEX,2025-11-10T11:03:00,1762752780000,44,,hybrid,718.7085595394752,740.2396540746861,759.4520803521536
2025-11-10T10:19:00,1762750140000,SENSEX,2025-11-10T11:04:00,1762752840000,45,,hybrid,718.2145968203698,740.6947308256953,759.2910876192873
2025-11-10T10:19:00,1762750140000,SENSEX,2025-11-10T11:05:00,1762752900000,46,,hybrid,721.7530862441813,739.7405396425784,754.7258239170835
2025-11-10T10:19:00,1762750140000,SENSEX,2025-11-10T11:06:00,1762752960000,47,,hybrid,719.3582474884628,740.4271797711685,757.600555830863
2025-11-10T10:19:00,1762750140000,SENSEX,2025-11-10T11:07:00,1762753020000,48,,hybrid,719.3118971170745,740.8222504707295,758.7343860310561
2025-11-10T10:19:00,1762750140000,SENSEX,2025-11-10T11:08:00,1762753080000,49,,hybrid,716.6847688858364,740.6626156761097,758.2355907510359
2025-11-10T10:19:00,1762750140000,SENSEX,2025-11-10T11:09:00,1762753140000,50,,hybrid,718.2739401756311,740.3960018873122,757.8987415916358
2025-11-10T10:19:00,1762750140000,SENSEX,2025-11-10T11:10:00,1762753200000,51,,hybrid,716.1540486998417,740.9166998593159,760.5025806671425
2025-11-10T10:19:00,1762750140000,SENSEX,2025-11-10T11:11:00,1762753260000,52,,hybrid,718.809234481775,740.8363427164588,757.5521699301776
2025-11-10T10:19:00,1762750140000,SENSEX,2025-11-10T11:12:00,1762753320000,53,,hybrid,717.7040836314806,739.6407375392581,757.0542002156432
2025-11-10T10:19:00,1762750140000,SENSEX,2025-11-10T11:13:00,1762753380000,54,,hybrid,712.5660388182331,739.6198351164439,752.2098087452308
2025-11-10T10:19:00,1762750140000,SENSEX,2025-11-10T11:14:00,1762753440000,55,,hybrid,711.7834854776097,739.9707138563481,755.5488887180743
2025-11-10T10:19:00,1762750140000,SENSEX,2025-11-10T11:15:00,1762753500000,56,,hybrid,714.4695415838318,739.8017245962562,751.561309044209
2025-11-10T10:19:00,1762750140000,SENSEX,2025-11-10T11:16:00,1762753560000,57,,hybrid,711.5710952612164,741.6276731555649,750.8967211702379
2025-11-10T10:19:00,1762750140000,SENSEX,2025-11-10T11:17:00,1762753620000,58,,hybrid,716.3009510204952,740.8202879935344,749.9451281041686
2025-11-10T10:19:00,1762750140000,SENSEX,2025-11-10T11:18:00,1762753680000,59,,hybrid,715.0828732532698,739.7976011397438,750.0850572351067
2025-11-10T10:19:00,1762750140000,SENSEX,2025-11-10T11:19:00,1762753740000,60,,hybrid,719.9433629167329,739.8243031489562,750.0505620120744
2025-11-10T10:19:00,1762750140000,SENSEX,2025-11-10T10:20:00,1762750200000,1,,hybrid,737.2146562735439,743.3,750.6306131839685
2025-11-10T10:19:00,1762750140000,SENSEX,2025-11-10T10:21:00,1762750260000,2,,hybrid,738.8151762314426,744.3779452254938,757.9328137333291
2025-11-10T10:19:00,1762750140000,SENSEX,2025-11-10T10:22:00,1762750320000,3,,hybrid,739.5577647753835,743.4952804779535,758.569423308655
2025-11-10T10:19:00,1762750140000,SENSEX,2025-11-10T10:23:00,1762750380000,4,,hybrid,736.1485670823167,741.1685482868977,745.6321573603666
2025-11-10T10:19:00,1762750140000,SENSEX,2025-11-10T10:24:00,1762750440000,5,,hybrid,737.7849779655038,742.4663045835606,749.0356388710239
2025-11-10T10:19:00,1762750140000,SENSEX,2025-11-10T10:25:00,1762750500000,6,,hybrid,738.748882128376,742.4673023530395,756.4931383255266
2025-11-10T10:19:00,1762750140000,SENSEX,2025-11-10T10:26:00,1762750560000,7,,hybrid,735.3215469049692,742.4298280047122,757.7662801860512
2025-11-10T10:19:00,1762750140000,SENSEX,2025-11-10T10:27:00,1762750620000,8,,hybrid,740.267074468924,744.4452965433751,759.8265086683143
2025-11-10T10:19:00,1762750140000,SENSEX,2025-11-10T10:28:00,1762750680000,9,,hybrid,739.3033449623539,744.0677118466162,756.5739429627482
2025-11-10T10:19:00,1762750140000,SENSEX,2025-11-10T10:29:00,1762750740000,10,,hybrid,736.8369144866773,743.1749058595268,758.6794791688324
2025-11-10T10:19:00,1762750140000,SENSEX,2025-11-10T10:30:00,1762750800000,11,,hybrid,736.1324437511299,743.9723018313892,757.9289711426277
2025-11-10T10:19:00,1762750140000,SENSEX,2025-11-10T10:31:00,1762750860000,12,,hybrid,730.734029599361,742.5615613877967,755.9214551362076
2025-11-10T10:19:00,1762750140000,SENSEX,2025-11-10T10:32:00,1762750920000,13,,hybrid,733.3728351143651,741.3577357153637,753.6122202747125
2025-11-10T10:19:00,1762750140000,SENSEX,2025-11-10T10:33:00,1762750980000,14,,hybrid,735.5874181098669,741.6142355449116,753.1495409299475
2025-11-10T10:19:00,1762750140000,SENSEX,2025-11-10T10:34:00,1762751040000,15,,hybrid,734.4348651412506,742.8029368259063,757.0907188851625
2025-11-10T10:19:00,1762750140000,SENSEX,2025-11-10T10:35:00,1762751100000,16,,hybrid,729.540548972531,740.6483784975111,753.9347877807138
2025-11-10T10:19:00,1762750140000,SENSEX,2025-11-10T10:36:00,1762751160000,17,,hybrid,732.7818719510742,741.8897988598069,756.8046032677801
2025-11-10T10:19:00,1762750140000,SENSEX,2025-11-10T10:37:00,1762751220000,18,,hybrid,732.8035495262125,741.4190505011436,755.6530559070235
2025-11-10T10:19:00,1762750140000,SENSEX,2025-11-10T10:38:00,1762751280000,19,,hybrid,732.3215690753763,740.5008809909904,759.3367615629837
2025-11-10T10:19:00,1762750140000,SENSEX,2025-11-10T10:39:00,1762751340000,20,,hybrid,733.9598431482159,740.8764832123409,762.8795990129021
2025-11-10T10:19:00,1762750140000,SENSEX,2025-11-10T10:40:00,1762751400000,21,,hybrid,731.7161222754551,741.0579656506104,755.3332314651756
2025-11-10T10:19:00,1762750140000,SENSEX,2025-11-10T10:41:00,1762751460000,22,,hybrid,728.3645329796494,740.7787540492885,763.288588881191
2025-11-10T10:19:00,1762750140000,SENSEX,2025-11-10T10:42:00,1762751520000,23,,hybrid,728.6288706727069,742.1387633291263,754.6105046426063
2025-11-10T10:19:00,1762750140000,SENSEX,2025-11-10T10:43:00,1762751580000,24,,hybrid,733.7657643437608,740.8798377218369,763.1698833385315
2025-11-10T10:19:00,1762750140000,SENSEX,2025-11-10T10:44:00,1762751640000,25,,hybrid,733.4610767182794,741.2133198227056,763.4198975940068
2025-11-10T10:19:00,1762750140000,SENSEX,2025-11-10T10:45:00,1762751700000,26,,hybrid,732.9585141385973,743.1073802285881,762.6855177567634
2025-11-10T10:19:00,1762750140000,SENSEX,2025-11-10T10:46:00,1762751760000,27,,hybrid,736.2615127216338,743.1489480053427,766.7914335831122
2025-11-10T10:19:00,1762750140000,SENSEX,2025-11-10T10:47:00,1762751820000,28,,hybrid,730.9267528858833,741.9072564142191,757.1440892296034
2025-11-10T10:19:00,1762750140000,SENSEX,2025-11-10T10:48:00,1762751880000,29,,hybrid,731.7688625172212,740.7086873777288,759.9767851167376
2025-11-10T10:19:00,1762750140000,SENSEX,2025-11-10T10:49:00,1762751940000,30,,hybrid,730.2079196207454,740.9305999901701,761.3007445660173
2025-11-10T10:19:00,1762750140000,SENSEX,2025-11-10T10:50:00,1762752000000,31,,hybrid,729.847118487692,741.4966067736231,759.7293903635946
2025-11-10T10:19:00,1762750140000,SENSEX,2025-11-10T10:51:00,1762752060000,32,,hybrid,728.6806404357864,740.4332150765491,758.3879465470447
2025-11-10T10:19:00,1762750140000,SENSEX,2025-11-10T10:52:00,1762752120000,33,,hybrid,728.5436065145026,741.3654503184489,756.2171713988242
2025-11-10T10:19:00,1762750140000,SENSEX,2025-11-10T10:53:00,1762752180000,34,,hybrid,725.1849019928234,739.6977565423227,758.1338746749644
2025-11-10T10:19:00,1762750140000,SENSEX,2025-11-10T10:54:00,1762752240000,35,,hybrid,726.4994492435857,740.4995772680693,751.8947512126898
2025-11-10T10:19:00,1762750140000,SENSEX,2025-11-10T10:55:00,1762752300000,36,,hybrid,723.8185707575175,741.3025305339169,756.0588035335218
2025-11-10T10:19:00,1762750140000,SENSEX,2025-11-10T10:56:00,1762752360000,37,,hybrid,729.4580277919904,740.9295575350328,750.1264612253503
2025-11-10T10:19:00,1762750140000,SENSEX,2025-11-10T10:57:00,1762752420000,38,,hybrid,723.62640744794,741.0510364356791,756.2942911672517
2025-11-10T10:19:00,1762750140000,SENSEX,2025-11-10T10:58:00,1762752480000,39,,hybrid,722.129719857199,740.8716872862227,754.9054736681164
2025-11-10T10:19:00,1762750140000,SENSEX,2025-11-10T10:59:00,1762752540000,40,,hybrid,720.73448400445,739.1318505379645,755.8813334401888
2025-11-10T10:19:00,1762750140000,SENSEX,2025-11-10T11:00:00,1762752600000,41,,hybrid,722.7661576335598,740.2270714015136,754.0270691282985
2025-11-10T10:19:00,1762750140000,SENSEX,2025-11-10T11:01:00,1762752660000,42,,hybrid,721.6124256745516,738.4232733997586,750.8981562070961
2025-11-10T10:19:00,1762750140000,SENSEX,2025-11-10T11:02:00,1762752720000,43,,hybrid,717.6561232017208,738.9565143188049,749.9633964538305
2025-11-10T10:19:00,1762750140000,SENSEX,2025-11-10T11:03:00,1762752780000,44,,hybrid,718.7085595394752,740.2396540746861,759.4520803521536
2025-11-10T10:19:00,1762750140000,SENSEX,2025-11-10T11:04:00,1762752840000,45,,hybrid,718.2145968203698,740.6947308256953,759.2910876192873
2025-11-10T10:19:00,1762750140000,SENSEX,2025-11-10T11:05:00,1762752900000,46,,hybrid,721.7530862441813,739.7405396425784,754.7258239170835
2025-11-10T10:19:00,1762750140000,SENSEX,2025-11-10T11:06:00,1762752960000,47,,hybrid,719.3582474884628,740.4271797711685,757.600555830863
2025-11-10T10:19:00,1762750140000,SENSEX,2025-11-10T11:07:00,1762753020000,48,,hybrid,719.3118971170745,740.8222504707295,758.7343860310561
2025-11-10T10:19:00,1762750140000,SENSEX,2025-11-10T11:08:00,1762753080000,49,,hybrid,716.6847688858364,740.6626156761097,758.2355907510359
2025-11-10T10:19:00,1762750140000,SENSEX,2025-11-10T11:09:00,1762753140000,50,,hybrid,718.2739401756311,740.3960018873122,757.8987415916358
2025-11-10T10:19:00,1762750140000,SENSEX,2025-11-10T11:10:00,1762753200000,51,,hybrid,716.1540486998417,740.9166998593159,760.5025806671425
2025-11-10T10:19:00,1762750140000,SENSEX,2025-11-10T11:11:00,1762753260000,52,,hybrid,718.809234481775,740.8363427164588,757.5521699301776
2025-11-10T10:19:00,1762750140000,SENSEX,2025-11-10T11:12:00,1762753320000,53,,hybrid,717.7040836314806,739.6407375392581,757.0542002156432
2025-11-10T10:19:00,1762750140000,SENSEX,2025-11-10T11:13:00,1762753380000,54,,hybrid,712.5660388182331,739.6198351164439,752.2098087452308
2025-11-10T10:19:00,1762750140000,SENSEX,2025-11-10T11:14:00,1762753440000,55,,hybrid,711.7834854776097,739.9707138563481,755.5488887180743
2025-11-10T10:19:00,1762750140000,SENSEX,2025-11-10T11:15:00,1762753500000,56,,hybrid,714.4695415838318,739.8017245962562,751.561309044209
2025-11-10T10:19:00,1762750140000,SENSEX,2025-11-10T11:16:00,1762753560000,57,,hybrid,711.5710952612164,741.6276731555649,750.8967211702379
2025-11-10T10:19:00,1762750140000,SENSEX,2025-11-10T11:17:00,1762753620000,58,,hybrid,716.3009510204952,740.8202879935344,749.9451281041686
2025-11-10T10:19:00,1762750140000,SENSEX,2025-11-10T11:18:00,1762753680000,59,,hybrid,715.0828732532698,739.7976011397438,750.0850572351067
2025-11-10T10:19:00,1762750140000,SENSEX,2025-11-10T11:19:00,1762753740000,60,,hybrid,719.9433629167329,739.8243031489562,750.0505620120744
2025-11-10T10:19:00,1762750140000,SENSEX,2025-11-10T10:20:00,1762750200000,1,,hybrid,737.2146562735439,743.3,750.6306131839685
2025-11-10T10:19:00,1762750140000,SENSEX,2025-11-10T10:21:00,1762750260000,2,,hybrid,738.8151762314426,744.3779452254938,757.9328137333291
2025-11-10T10:19:00,1762750140000,SENSEX,2025-11-10T10:22:00,1762750320000,3,,hybrid,739.5577647753835,743.4952804779535,758.569423308655
2025-11-10T10:19:00,1762750140000,SENSEX,2025-11-10T10:23:00,1762750380000,4,,hybrid,736.1485670823167,741.1685482868977,745.6321573603666
2025-11-10T10:19:00,1762750140000,SENSEX,2025-11-10T10:24:00,1762750440000,5,,hybrid,737.7849779655038,742.4663045835606,749.0356388710239
2025-11-10T10:19:00,1762750140000,SENSEX,2025-11-10T10:25:00,1762750500000,6,,hybrid,738.748882128376,742.4673023530395,756.4931383255266
2025-11-10T10:19:00,1762750140000,SENSEX,2025-11-10T10:26:00,1762750560000,7,,hybrid,735.3215469049692,742.4298280047122,757.7662801860512
2025-11-10T10:19:00,1762750140000,SENSEX,2025-11-10T10:27:00,1762750620000,8,,hybrid,740.267074468924,744.4452965433751,759.8265086683143
2025-11-10T10:19:00,1762750140000,SENSEX,2025-11-10T10:28:00,1762750680000,9,,hybrid,739.3033449623539,744.0677118466162,756.5739429627482
2025-11-10T10:19:00,1762750140000,SENSEX,2025-11-10T10:29:00,1762750740000,10,,hybrid,736.8369144866773,743.1749058595268,758.6794791688324
2025-11-10T10:19:00,1762750140000,SENSEX,2025-11-10T10:30:00,1762750800000,11,,hybrid,736.1324437511299,743.9723018313892,757.9289711426277
2025-11-10T10:19:00,1762750140000,SENSEX,2025-11-10T10:31:00,1762750860000,12,,hybrid,730.734029599361,742.5615613877967,755.9214551362076
2025-11-10T10:19:00,1762750140000,SENSEX,2025-11-10T10:32:00,1762750920000,13,,hybrid,733.3728351143651,741.3577357153637,753.6122202747125
2025-11-10T10:19:00,1762750140000,SENSEX,2025-11-10T10:33:00,1762750980000,14,,hybrid,735.5874181098669,741.6142355449116,753.1495409299475
2025-11-10T10:19:00,1762750140000,SENSEX,2025-11-10T10:34:00,1762751040000,15,,hybrid,734.4348651412506,742.8029368259063,757.0907188851625
2025-11-10T10:19:00,1762750140000,SENSEX,2025-11-10T10:35:00,1762751100000,16,,hybrid,729.540548972531,740.6483784975111,753.9347877807138
2025-11-10T10:19:00,1762750140000,SENSEX,2025-11-10T10:36:00,1762751160000,17,,hybrid,732.7818719510742,741.8897988598069,756.8046032677801
2025-11-10T10:19:00,1762750140000,SENSEX,2025-11-10T10:37:00,1762751220000,18,,hybrid,732.8035495262125,741.4190505011436,755.6530559070235
2025-11-10T10:19:00,1762750140000,SENSEX,2025-11-10T10:38:00,1762751280000,19,,hybrid,732.3215690753763,740.5008809909904,759.3367615629837
2025-11-10T10:19:00,1762750140000,SENSEX,2025-11-10T10:39:00,1762751340000,20,,hybrid,733.9598431482159,740.8764832123409,762.8795990129021
2025-11-10T10:19:00,1762750140000,SENSEX,2025-11-10T10:40:00,1762751400000,21,,hybrid,731.7161222754551,741.0579656506104,755.3332314651756
2025-11-10T10:19:00,1762750140000,SENSEX,2025-11-10T10:41:00,1762751460000,22,,hybrid,728.3645329796494,740.7787540492885,763.288588881191
2025-11-10T10:19:00,1762750140000,SENSEX,2025-11-10T10:42:00,1762751520000,23,,hybrid,728.6288706727069,742.1387633291263,754.6105046426063
2025-11-10T10:19:00,1762750140000,SENSEX,2025-11-10T10:43:00,1762751580000,24,,hybrid,733.7657643437608,740.8798377218369,763.1698833385315
2025-11-10T10:19:00,1762750140000,SENSEX,2025-11-10T10:44:00,1762751640000,25,,hybrid,733.4610767182794,741.2133198227056,763.4198975940068
2025-11-10T10:19:00,1762750140000,SENSEX,2025-11-10T10:45:00,1762751700000,26,,hybrid,732.9585141385973,743.1073802285881,762.6855177567634
2025-11-10T10:19:00,1762750140000,SENSEX,2025-11-10T10:46:00,1762751760000,27,,hybrid,736.2615127216338,743.1489480053427,766.7914335831122
2025-11-10T10:19:00,1762750140000,SENSEX,2025-11-10T10:47:00,1762751820000,28,,hybrid,730.9267528858833,741.9072564142191,757.1440892296034
2025-11-10T10:19:00,1762750140000,SENSEX,2025-11-10T10:48:00,1762751880000,29,,hybrid,731.7688625172212,740.7086873777288,759.9767851167376
2025-11-10T10:19:00,1762750140000,SENSEX,2025-11-10T10:49:00,1762751940000,30,,hybrid,730.2079196207454,740.9305999901701,761.3007445660173
2025-11-10T10:19:00,1762750140000,SENSEX,2025-11-10T10:50:00,1762752000000,31,,hybrid,729.847118487692,741.4966067736231,759.7293903635946
2025-11-10T10:19:00,1762750140000,SENSEX,2025-11-10T10:51:00,1762752060000,32,,hybrid,728.6806404357864,740.4332150765491,758.3879465470447
2025-11-10T10:19:00,1762750140000,SENSEX,2025-11-10T10:52:00,1762752120000,33,,hybrid,728.5436065145026,741.3654503184489,756.2171713988242
2025-11-10T10:19:00,1762750140000,SENSEX,2025-11-10T10:53:00,1762752180000,34,,hybrid,725.1849019928234,739.6977565423227,758.1338746749644
2025-11-10T10:19:00,1762750140000,SENSEX,2025-11-10T10:54:00,1762752240000,35,,hybrid,726.4994492435857,740.4995772680693,751.8947512126898
2025-11-10T10:19:00,1762750140000,SENSEX,2025-11-10T10:55:00,1762752300000,36,,hybrid,723.8185707575175,741.3025305339169,756.0588035335218
2025-11-10T10:19:00,1762750140000,SENSEX,2025-11-10T10:56:00,1762752360000,37,,hybrid,729.4580277919904,740.9295575350328,750.1264612253503
2025-11-10T10:19:00,1762750140000,SENSEX,2025-11-10T10:57:00,1762752420000,38,,hybrid,723.62640744794,741.0510364356791,756.2942911672517
2025-11-10T10:19:00,1762750140000,SENSEX,2025-11-10T10:58:00,1762752480000,39,,hybrid,722.129719857199,740.8716872862227,754.9054736681164
2025-11-10T10:19:00,1762750140000,SENSEX,2025-11-10T10:59:00,1762752540000,40,,hybrid,720.73448400445,739.1318505379645,755.8813334401888
2025-11-10T10:19:00,1762750140000,SENSEX,2025-11-10T11:00:00,1762752600000,41,,hybrid,722.7661576335598,740.2270714015136,754.0270691282985
2025-11-10T10:19:00,1762750140000,SENSEX,2025-11-10T11:01:00,1762752660000,42,,hybrid,721.6124256745516,738.4232733997586,750.8981562070961
2025-11-10T10:19:00,1762750140000,SENSEX,2025-11-10T11:02:00,1762752720000,43,,hybrid,717.6561232017208,738.9565143188049,749.9633964538305
2025-11-10T10:19:00,1762750140000,SENSEX,2025-11-10T11:03:00,1762752780000,44,,hybrid,718.7085595394752,740.2396540746861,759.4520803521536
2025-11-10T10:19:00,1762750140000,SENSEX,2025-11-10T11:04:00,1762752840000,45,,hybrid,718.2145968203698,740.6947308256953,759.2910876192873
2025-11-10T10:19:00,1762750140000,SENSEX,2025-11-10T11:05:00,1762752900000,46,,hybrid,721.7530862441813,739.7405396425784,754.7258239170835
2025-11-10T10:19:00,1762750140000,SENSEX,2025-11-10T11:06:00,1762752960000,47,,hybrid,719.3582474884628,740.4271797711685,757.600555830863
2025-11-10T10:19:00,1762750140000,SENSEX,2025-11-10T11:07:00,1762753020000,48,,hybrid,719.3118971170745,740.8222504707295,758.7343860310561
2025-11-10T10:19:00,1762750140000,SENSEX,2025-11-10T11:08:00,1762753080000,49,,hybrid,716.6847688858364,740.6626156761097,758.2355907510359
2025-11-10T10:19:00,1762750140000,SENSEX,2025-11-10T11:09:00,1762753140000,50,,hybrid,718.2739401756311,740.3960018873122,757.8987415916358
2025-11-10T10:19:00,1762750140000,SENSEX,2025-11-10T11:10:00,1762753200000,51,,hybrid,716.1540486998417,740.9166998593159,760.5025806671425
2025-11-10T10:19:00,1762750140000,SENSEX,2025-11-10T11:11:00,1762753260000,52,,hybrid,718.809234481775,740.8363427164588,757.5521699301776
2025-11-10T10:19:00,1762750140000,SENSEX,2025-11-10T11:12:00,1762753320000,53,,hybrid,717.7040836314806,739.6407375392581,757.0542002156432
2025-11-10T10:19:00,1762750140000,SENSEX,2025-11-10T11:13:00,1762753380000,54,,hybrid,712.5660388182331,739.6198351164439,752.2098087452308
2025-11-10T10:19:00,1762750140000,SENSEX,2025-11-10T11:14:00,1762753440000,55,,hybrid,711.7834854776097,739.9707138563481,755.5488887180743
2025-11-10T10:19:00,1762750140000,SENSEX,2025-11-10T11:15:00,1762753500000,56,,hybrid,714.4695415838318,739.8017245962562,751.561309044209
2025-11-10T10:19:00,1762750140000,SENSEX,2025-11-10T11:16:00,1762753560000,57,,hybrid,711.5710952612164,741.6276731555649,750.8967211702379
2025-11-10T10:19:00,1762750140000,SENSEX,2025-11-10T11:17:00,1762753620000,58,,hybrid,716.3009510204952,740.8202879935344,749.9451281041686
2025-11-10T10:19:00,1762750140000,SENSEX,2025-11-10T11:18:00,1762753680000,59,,hybrid,715.0828732532698,739.7976011397438,750.0850572351067
2025-11-10T10:19:00,1762750140000,SENSEX,2025-11-10T11:19:00,1762753740000,60,,hybrid,719.9433629167329,739.8243031489562,750.0505620120744
2025-11-10T10:20:00,1762750200000,SENSEX,2025-11-10T10:21:00,1762750260000,1,optimized,retrieval,739.15,739.15,739.15
2025-11-10T10:20:00,1762750200000,SENSEX,2025-11-10T10:22:00,1762750320000,2,optimized,retrieval,739.15,739.15,739.15
2025-11-10T10:20:00,1762750200000,SENSEX,2025-11-10T10:23:00,1762750380000,3,optimized,retrieval,739.15,739.15,739.15
2025-11-10T10:20:00,1762750200000,SENSEX,2025-11-10T10:24:00,1762750440000,4,optimized,retrieval,739.15,739.15,739.15
2025-11-10T10:20:00,1762750200000,SENSEX,2025-11-10T10:25:00,1762750500000,5,optimized,retrieval,739.15,739.15,739.15
2025-11-10T10:20:00,1762750200000,SENSEX,2025-11-10T10:26:00,1762750560000,6,optimized,retrieval,739.15,739.15,739.15
2025-11-10T10:20:00,1762750200000,SENSEX,2025-11-10T10:27:00,1762750620000,7,optimized,retrieval,739.15,739.15,739.15
2025-11-10T10:20:00,1762750200000,SENSEX,2025-11-10T10:28:00,1762750680000,8,optimized,retrieval,739.15,739.15,739.15
2025-11-10T10:20:00,1762750200000,SENSEX,2025-11-10T10:29:00,1762750740000,9,optimized,retrieval,739.15,739.15,739.15
2025-11-10T10:20:00,1762750200000,SENSEX,2025-11-10T10:30:00,1762750800000,10,optimized,retrieval,739.15,739.15,739.15
2025-11-10T10:20:00,1762750200000,SENSEX,2025-11-10T10:31:00,1762750860000,11,optimized,retrieval,739.15,739.15,739.15
2025-11-10T10:20:00,1762750200000,SENSEX,2025-11-10T10:32:00,1762750920000,12,optimized,retrieval,739.15,739.15,739.15
2025-11-10T10:20:00,1762750200000,SENSEX,2025-11-10T10:33:00,1762750980000,13,optimized,retrieval,739.15,739.15,739.15
2025-11-10T10:20:00,1762750200000,SENSEX,2025-11-10T10:34:00,1762751040000,14,optimized,retrieval,739.15,739.15,739.15
2025-11-10T10:20:00,1762750200000,SENSEX,2025-11-10T10:35:00,1762751100000,15,optimized,retrieval,739.15,739.15,739.15
2025-11-10T10:20:00,1762750200000,SENSEX,2025-11-10T10:36:00,1762751160000,16,optimized,retrieval,739.15,739.15,739.15
2025-11-10T10:20:00,1762750200000,SENSEX,2025-11-10T10:37:00,1762751220000,17,optimized,retrieval,739.15,739.15,739.15
2025-11-10T10:20:00,1762750200000,SENSEX,2025-11-10T10:38:00,1762751280000,18,optimized,retrieval,739.15,739.15,739.15
2025-11-10T10:20:00,1762750200000,SENSEX,2025-11-10T10:39:00,1762751340000,19,optimized,retrieval,739.15,739.15,739.15
2025-11-10T10:20:00,1762750200000,SENSEX,2025-11-10T10:40:00,1762751400000,20,optimized,retrieval,739.15,739.15,739.15
2025-11-10T10:20:00,1762750200000,SENSEX,2025-11-10T10:41:00,1762751460000,21,optimized,retrieval,739.15,739.15,739.15
2025-11-10T10:20:00,1762750200000,SENSEX,2025-11-10T10:42:00,1762751520000,22,optimized,retrieval,739.15,739.15,739.15
2025-11-10T10:20:00,1762750200000,SENSEX,2025-11-10T10:43:00,1762751580000,23,optimized,retrieval,739.15,739.15,739.15
2025-11-10T10:20:00,1762750200000,SENSEX,2025-11-10T10:44:00,1762751640000,24,optimized,retrieval,739.15,739.15,739.15
2025-11-10T10:20:00,1762750200000,SENSEX,2025-11-10T10:45:00,1762751700000,25,optimized,retrieval,739.15,739.15,739.15
2025-11-10T10:20:00,1762750200000,SENSEX,2025-11-10T10:46:00,1762751760000,26,optimized,retrieval,739.15,739.15,739.15
2025-11-10T10:20:00,1762750200000,SENSEX,2025-11-10T10:47:00,1762751820000,27,optimized,retrieval,739.15,739.15,739.15
2025-11-10T10:20:00,1762750200000,SENSEX,2025-11-10T10:48:00,1762751880000,28,optimized,retrieval,739.15,739.15,739.15
2025-11-10T10:20:00,1762750200000,SENSEX,2025-11-10T10:49:00,1762751940000,29,optimized,retrieval,739.15,739.15,739.15
2025-11-10T10:20:00,1762750200000,SENSEX,2025-11-10T10:50:00,1762752000000,30,optimized,retrieval,739.15,739.15,739.15
2025-11-10T10:20:00,1762750200000,SENSEX,2025-11-10T10:51:00,1762752060000,31,optimized,retrieval,739.15,739.15,739.15
2025-11-10T10:20:00,1762750200000,SENSEX,2025-11-10T10:52:00,1762752120000,32,optimized,retrieval,739.15,739.15,739.15
2025-11-10T10:20:00,1762750200000,SENSEX,2025-11-10T10:53:00,1762752180000,33,optimized,retrieval,739.15,739.15,739.15
2025-11-10T10:20:00,1762750200000,SENSEX,2025-11-10T10:54:00,1762752240000,34,optimized,retrieval,739.15,739.15,739.15
2025-11-10T10:20:00,1762750200000,SENSEX,2025-11-10T10:55:00,1762752300000,35,optimized,retrieval,739.15,739.15,739.15
2025-11-10T10:20:00,1762750200000,SENSEX,2025-11-10T10:56:00,1762752360000,36,optimized,retrieval,739.15,739.15,739.15
2025-11-10T10:20:00,1762750200000,SENSEX,2025-11-10T10:57:00,1762752420000,37,optimized,retrieval,739.15,739.15,739.15
2025-11-10T10:20:00,1762750200000,SENSEX,2025-11-10T10:58:00,1762752480000,38,optimized,retrieval,739.15,739.15,739.15
2025-11-10T10:20:00,1762750200000,SENSEX,2025-11-10T10:59:00,1762752540000,39,optimized,retrieval,739.15,739.15,739.15
2025-11-10T10:20:00,1762750200000,SENSEX,2025-11-10T11:00:00,1762752600000,40,optimized,retrieval,739.15,739.15,739.15
2025-11-10T10:20:00,1762750200000,SENSEX,2025-11-10T11:01:00,1762752660000,41,optimized,retrieval,739.15,739.15,739.15
2025-11-10T10:20:00,1762750200000,SENSEX,2025-11-10T11:02:00,1762752720000,42,optimized,retrieval,739.15,739.15,739.15
2025-11-10T10:20:00,1762750200000,SENSEX,2025-11-10T11:03:00,1762752780000,43,optimized,retrieval,739.15,739.15,739.15
2025-11-10T10:20:00,1762750200000,SENSEX,2025-11-10T11:04:00,1762752840000,44,optimized,retrieval,739.15,739.15,739.15
2025-11-10T10:20:00,1762750200000,SENSEX,2025-11-10T11:05:00,1762752900000,45,optimized,retrieval,739.15,739.15,739.15
2025-11-10T10:20:00,1762750200000,SENSEX,2025-11-10T11:06:00,1762752960000,46,optimized,retrieval,739.15,739.15,739.15
2025-11-10T10:20:00,1762750200000,SENSEX,2025-11-10T11:07:00,1762753020000,47,optimized,retrieval,739.15,739.15,739.15
2025-11-10T10:20:00,1762750200000,SENSEX,2025-11-10T11:08:00,1762753080000,48,optimized,retrieval,739.15,739.15,739.15
2025-11-10T10:20:00,1762750200000,SENSEX,2025-11-10T11:09:00,1762753140000,49,optimized,retrieval,739.15,739.15,739.15
2025-11-10T10:20:00,1762750200000,SENSEX,2025-11-10T11:10:00,1762753200000,50,optimized,retrieval,739.15,739.15,739.15
2025-11-10T10:20:00,1762750200000,SENSEX,2025-11-10T11:11:00,1762753260000,51,optimized,retrieval,739.15,739.15,739.15
2025-11-10T10:20:00,1762750200000,SENSEX,2025-11-10T11:12:00,1762753320000,52,optimized,retrieval,739.15,739.15,739.15
2025-11-10T10:20:00,1762750200000,SENSEX,2025-11-10T11:13:00,1762753380000,53,optimized,retrieval,739.15,739.15,739.15
2025-11-10T10:20:00,1762750200000,SENSEX,2025-11-10T11:14:00,1762753440000,54,optimized,retrieval,739.15,739.15,739.15
2025-11-10T10:20:00,1762750200000,SENSEX,2025-11-10T11:15:00,1762753500000,55,optimized,retrieval,739.15,739.15,739.15
2025-11-10T10:20:00,1762750200000,SENSEX,2025-11-10T11:16:00,1762753560000,56,optimized,retrieval,739.15,739.15,739.15
2025-11-10T10:20:00,1762750200000,SENSEX,2025-11-10T11:17:00,1762753620000,57,optimized,retrieval,739.15,739.15,739.15
2025-11-10T10:20:00,1762750200000,SENSEX,2025-11-10T11:18:00,1762753680000,58,optimized,retrieval,739.15,739.15,739.15
2025-11-10T10:20:00,1762750200000,SENSEX,2025-11-10T11:19:00,1762753740000,59,optimized,retrieval,739.15,739.15,739.15
2025-11-10T10:20:00,1762750200000,SENSEX,2025-11-10T11:20:00,1762753800000,60,optimized,retrieval,739.15,739.15,739.15
2025-11-10T10:37:30,1762751250000,SENSEX,2025-11-10T10:38:30,1762751310000,1,,hybrid,740.821927669245,744.6,763.3371272731036
2025-11-10T10:37:30,1762751250000,SENSEX,2025-11-10T10:39:30,1762751370000,2,,hybrid,738.6945341782041,744.4731702407831,760.6291900315606
2025-11-10T10:37:30,1762751250000,SENSEX,2025-11-10T10:40:30,1762751430000,3,,hybrid,737.4325491619417,742.7114767595315,758.0562597667031
2025-11-10T10:37:30,1762751250000,SENSEX,2025-11-10T10:41:30,1762751490000,4,,hybrid,736.2316228203545,742.9089750231714,761.0878694012287
2025-11-10T10:37:30,1762751250000,SENSEX,2025-11-10T10:42:30,1762751550000,5,,hybrid,732.949111836066,741.9687811497936,755.0991944978348
2025-11-10T10:37:30,1762751250000,SENSEX,2025-11-10T10:43:30,1762751610000,6,,hybrid,731.9603691867262,741.5605245452765,754.9528141097742
2025-11-10T10:37:30,1762751250000,SENSEX,2025-11-10T10:44:30,1762751670000,7,,hybrid,733.4709360822575,743.2435882131135,757.1973191950774
2025-11-10T10:37:30,1762751250000,SENSEX,2025-11-10T10:45:30,1762751730000,8,,hybrid,736.0008630767193,744.900968839157,755.3624900770997
2025-11-10T10:37:30,1762751250000,SENSEX,2025-11-10T10:46:30,1762751790000,9,,hybrid,736.4977493575973,742.9794282543494,753.5273739983706
2025-11-10T10:37:30,1762751250000,SENSEX,2025-11-10T10:47:30,1762751850000,10,,hybrid,735.7465798824071,746.4126797517671,752.2273674903673
2025-11-10T10:37:30,1762751250000,SENSEX,2025-11-10T10:48:30,1762751910000,11,,hybrid,737.0815980544193,745.7448273743537,751.1602908583244
2025-11-10T10:37:30,1762751250000,SENSEX,2025-11-10T10:49:30,1762751970000,12,,hybrid,730.2832544328841,743.9343813892593,749.8173106421473
2025-11-10T10:37:30,1762751250000,SENSEX,2025-11-10T10:50:30,1762752030000,13,,hybrid,726.5130077040786,743.0653285167764,751.1120602630625
2025-11-10T10:37:30,1762751250000,SENSEX,2025-11-10T10:51:30,1762752090000,14,,hybrid,724.1204680043837,743.858339992211,751.0076359876622
2025-11-10T10:37:30,1762751250000,SENSEX,2025-11-10T10:52:30,1762752150000,15,,hybrid,737.6080342929304,744.4038153900717,751.5583186034191
2025-11-10T10:37:30,1762751250000,SENSEX,2025-11-10T10:53:30,1762752210000,16,,hybrid,730.9695913685492,743.014228335189,753.5792163426469
2025-11-10T10:37:30,1762751250000,SENSEX,2025-11-10T10:54:30,1762752270000,17,,hybrid,731.6374270226256,742.3834766167695,752.8496317848465
2025-11-10T10:37:30,1762751250000,SENSEX,2025-11-10T10:55:30,1762752330000,18,,hybrid,732.1145624758394,744.6502797391489,751.296046403481
2025-11-10T10:37:30,1762751250000,SENSEX,2025-11-10T10:56:30,1762752390000,19,,hybrid,730.5723812852358,743.7930623243946,752.3017906926995
2025-11-10T10:37:30,1762751250000,SENSEX,2025-11-10T10:57:30,1762752450000,20,,hybrid,734.5320982583077,745.6367394866752,754.8914849694847
2025-11-10T10:37:30,1762751250000,SENSEX,2025-11-10T10:58:30,1762752510000,21,,hybrid,730.9895258948483,744.4239391854481,753.0806235611559
2025-11-10T10:37:30,1762751250000,SENSEX,2025-11-10T10:59:30,1762752570000,22,,hybrid,731.2781864979542,744.2511756270904,756.5360081121909
2025-11-10T10:37:30,1762751250000,SENSEX,2025-11-10T11:00:30,1762752630000,23,,hybrid,731.800450701594,743.7123836817418,750.6390011630604
2025-11-10T10:37:30,1762751250000,SENSEX,2025-11-10T11:01:30,1762752690000,24,,hybrid,732.4100320608909,743.9195365145156,756.8587953214233
2025-11-10T10:37:30,1762751250000,SENSEX,2025-11-10T11:02:30,1762752750000,25,,hybrid,725.0978846728428,743.1437024902544,752.0313662007276
2025-11-10T10:37:30,1762751250000,SENSEX,2025-11-10T11:03:30,1762752810000,26,,hybrid,727.2104863828051,743.2721880053473,751.9883737953414
2025-11-10T10:37:30,1762751250000,SENSEX,2025-11-10T11:04:30,1762752870000,27,,hybrid,726.4577223836696,745.4998831305678,751.5581727866424
2025-11-10T10:37:30,1762751250000,SENSEX,2025-11-10T11:05:30,1762752930000,28,,hybrid,727.7558916681953,745.3839548398182,749.4304360868953
2025-11-10T10:37:30,1762751250000,SENSEX,2025-11-10T11:06:30,1762752990000,29,,hybrid,729.1016810293218,743.3920381671905,757.016362243556
2025-11-10T10:37:30,1762751250000,SENSEX,2025-11-10T11:07:30,1762753050000,30,,hybrid,727.0110176428632,744.7115911648086,751.0240971742387
2025-11-10T10:37:30,1762751250000,SENSEX,2025-11-10T11:08:30,1762753110000,31,,hybrid,726.1593705366809,743.3610599134478,752.3060253991202
2025-11-10T10:37:30,1762751250000,SENSEX,2025-11-10T11:09:30,1762753170000,32,,hybrid,725.8326455610307,744.3346991783952,751.8481598535934
2025-11-10T10:37:30,1762751250000,SENSEX,2025-11-10T11:10:30,1762753230000,33,,hybrid,722.3077560275718,742.829809283858,755.4817962419817
2025-11-10T10:37:30,1762751250000,SENSEX,2025-11-10T11:11:30,1762753290000,34,,hybrid,722.4686920766648,741.2012378552865,753.5489771602606
2025-11-10T10:37:30,1762751250000,SENSEX,2025-11-10T11:12:30,1762753350000,35,,hybrid,718.6345642543687,740.8482361601451,750.4484753148655
2025-11-10T10:37:30,1762751250000,SENSEX,2025-11-10T11:13:30,1762753410000,36,,hybrid,722.1252250019674,740.9875218744309,752.8213559518133
2025-11-10T10:37:30,1762751250000,SENSEX,2025-11-10T11:14:30,1762753470000,37,,hybrid,718.9162513856511,740.0834448209584,752.0642563443621
2025-11-10T10:37:30,1762751250000,SENSEX,2025-11-10T11:15:30,1762753530000,38,,hybrid,718.7975666421113,740.8870162495299,752.655942280886
2025-11-10T10:37:30,1762751250000,SENSEX,2025-11-10T11:16:30,1762753590000,39,,hybrid,718.6304959236504,740.8101594376402,754.4734488148254
2025-11-10T10:37:30,1762751250000,SENSEX,2025-11-10T11:17:30,1762753650000,40,,hybrid,716.5315374002337,739.3611794873499,753.3928858290545
2025-11-10T10:37:30,1762751250000,SENSEX,2025-11-10T11:18:30,1762753710000,41,,hybrid,717.149093386786,740.6641028576629,752.7453615538521
2025-11-10T10:37:30,1762751250000,SENSEX,2025-11-10T11:19:30,1762753770000,42,,hybrid,716.7284792264331,740.2837457148057,760.476470008107
2025-11-10T10:37:30,1762751250000,SENSEX,2025-11-10T11:20:30,1762753830000,43,,hybrid,717.0082685991506,739.836460034288,756.4707316613808
2025-11-10T10:37:30,1762751250000,SENSEX,2025-11-10T11:21:30,1762753890000,44,,hybrid,716.7021446381972,740.5155712147154,761.0402204465667
2025-11-10T10:37:30,1762751250000,SENSEX,2025-11-10T11:22:30,1762753950000,45,,hybrid,722.9911174225198,740.1898200418584,763.6828425904226
2025-11-10T10:37:30,1762751250000,SENSEX,2025-11-10T11:23:30,1762754010000,46,,hybrid,720.5225763182808,740.1527605748291,758.4523069404237
2025-11-10T10:37:30,1762751250000,SENSEX,2025-11-10T11:24:30,1762754070000,47,,hybrid,722.3808073029976,740.988520101327,758.499911572514
2025-11-10T10:37:30,1762751250000,SENSEX,2025-11-10T11:25:30,1762754130000,48,,hybrid,722.141372381415,740.3896221916425,760.3150295702677
2025-11-10T10:37:30,1762751250000,SENSEX,2025-11-10T11:26:30,1762754190000,49,,hybrid,723.9187449702041,740.769481503636,759.707495569722
2025-11-10T10:37:30,1762751250000,SENSEX,2025-11-10T11:27:30,1762754250000,50,,hybrid,723.5914629925397,740.7499474647046,757.5969594510492
2025-11-10T10:37:30,1762751250000,SENSEX,2025-11-10T11:28:30,1762754310000,51,,hybrid,721.9276534526433,741.378439517636,758.0792026574113
2025-11-10T10:37:30,1762751250000,SENSEX,2025-11-10T11:29:30,1762754370000,52,,hybrid,722.9367997763725,741.623894857927,755.3621592968293
2025-11-10T10:37:30,1762751250000,SENSEX,2025-11-10T11:30:30,1762754430000,53,,hybrid,724.341835085952,742.0867007662574,755.2514607974251
2025-11-10T10:37:30,1762751250000,SENSEX,2025-11-10T11:31:30,1762754490000,54,,hybrid,722.9425280400977,741.020577752264,750.1720479883323
2025-11-10T10:37:30,1762751250000,SENSEX,2025-11-10T11:32:30,1762754550000,55,,hybrid,722.5782435511709,742.3070369095759,752.8267188346327
2025-11-10T10:37:30,1762751250000,SENSEX,2025-11-10T11:33:30,1762754610000,56,,hybrid,721.408694005445,741.1600137686902,748.4216875142597
2025-11-10T10:37:30,1762751250000,SENSEX,2025-11-10T11:34:30,1762754670000,57,,hybrid,721.9539904315199,741.1022901315363,747.7363189757234
2025-11-10T10:37:30,1762751250000,SENSEX,2025-11-10T11:35:30,1762754730000,58,,hybrid,721.4532829514574,740.7715330557888,747.4042130531407
2025-11-10T10:37:30,1762751250000,SENSEX,2025-11-10T11:36:30,1762754790000,59,,hybrid,722.6389203454249,739.9613715037284,747.5655670466501
2025-11-10T10:37:30,1762751250000,SENSEX,2025-11-10T11:37:30,1762754850000,60,,hybrid,720.9776692146553,739.651074283096,746.1988132565633
2025-11-10T10:37:30,1762751250000,SENSEX,2025-11-10T10:38:30,1762751310000,1,,hybrid,740.821927669245,744.6,763.3371272731036
2025-11-10T10:37:30,1762751250000,SENSEX,2025-11-10T10:39:30,1762751370000,2,,hybrid,738.6945341782041,744.4731702407831,760.6291900315606
2025-11-10T10:37:30,1762751250000,SENSEX,2025-11-10T10:40:30,1762751430000,3,,hybrid,737.4325491619417,742.7114767595315,758.0562597667031
2025-11-10T10:37:30,1762751250000,SENSEX,2025-11-10T10:41:30,1762751490000,4,,hybrid,736.2316228203545,742.9089750231714,761.0878694012287
2025-11-10T10:37:30,1762751250000,SENSEX,2025-11-10T10:42:30,1762751550000,5,,hybrid,732.949111836066,741.9687811497936,755.0991944978348
2025-11-10T10:37:30,1762751250000,SENSEX,2025-11-10T10:43:30,1762751610000,6,,hybrid,731.9603691867262,741.5605245452765,754.9528141097742
2025-11-10T10:37:30,1762751250000,SENSEX,2025-11-10T10:44:30,1762751670000,7,,hybrid,733.4709360822575,743.2435882131135,757.1973191950774
2025-11-10T10:37:30,1762751250000,SENSEX,2025-11-10T10:45:30,1762751730000,8,,hybrid,736.0008630767193,744.900968839157,755.3624900770997
2025-11-10T10:37:30,1762751250000,SENSEX,2025-11-10T10:46:30,1762751790000,9,,hybrid,736.4977493575973,742.9794282543494,753.5273739983706
2025-11-10T10:37:30,1762751250000,SENSEX,2025-11-10T10:47:30,1762751850000,10,,hybrid,735.7465798824071,746.4126797517671,752.2273674903673
2025-11-10T10:37:30,1762751250000,SENSEX,2025-11-10T10:48:30,1762751910000,11,,hybrid,737.0815980544193,745.7448273743537,751.1602908583244
2025-11-10T10:37:30,1762751250000,SENSEX,2025-11-10T10:49:30,1762751970000,12,,hybrid,730.2832544328841,743.9343813892593,749.8173106421473
2025-11-10T10:37:30,1762751250000,SENSEX,2025-11-10T10:50:30,1762752030000,13,,hybrid,726.5130077040786,743.0653285167764,751.1120602630625
2025-11-10T10:37:30,1762751250000,SENSEX,2025-11-10T10:51:30,1762752090000,14,,hybrid,724.1204680043837,743.858339992211,751.0076359876622
2025-11-10T10:37:30,1762751250000,SENSEX,2025-11-10T10:52:30,1762752150000,15,,hybrid,737.6080342929304,744.4038153900717,751.5583186034191
2025-11-10T10:37:30,1762751250000,SENSEX,2025-11-10T10:53:30,1762752210000,16,,hybrid,730.9695913685492,743.014228335189,753.5792163426469
2025-11-10T10:37:30,1762751250000,SENSEX,2025-11-10T10:54:30,1762752270000,17,,hybrid,731.6374270226256,742.3834766167695,752.8496317848465
2025-11-10T10:37:30,1762751250000,SENSEX,2025-11-10T10:55:30,1762752330000,18,,hybrid,732.1145624758394,744.6502797391489,751.296046403481
2025-11-10T10:37:30,1762751250000,SENSEX,2025-11-10T10:56:30,1762752390000,19,,hybrid,730.5723812852358,743.7930623243946,752.3017906926995
2025-11-10T10:37:30,1762751250000,SENSEX,2025-11-10T10:57:30,1762752450000,20,,hybrid,734.5320982583077,745.6367394866752,754.8914849694847
2025-11-10T10:37:30,1762751250000,SENSEX,2025-11-10T10:58:30,1762752510000,21,,hybrid,730.9895258948483,744.4239391854481,753.0806235611559
2025-11-10T10:37:30,1762751250000,SENSEX,2025-11-10T10:59:30,1762752570000,22,,hybrid,731.2781864979542,744.2511756270904,756.5360081121909
2025-11-10T10:37:30,1762751250000,SENSEX,2025-11-10T11:00:30,1762752630000,23,,hybrid,731.800450701594,743.7123836817418,750.6390011630604
2025-11-10T10:37:30,1762751250000,SENSEX,2025-11-10T11:01:30,1762752690000,24,,hybrid,732.4100320608909,743.9195365145156,756.8587953214233
2025-11-10T10:37:30,1762751250000,SENSEX,2025-11-10T11:02:30,1762752750000,25,,hybrid,725.0978846728428,743.1437024902544,752.0313662007276
2025-11-10T10:37:30,1762751250000,SENSEX,2025-11-10T11:03:30,1762752810000,26,,hybrid,727.2104863828051,743.2721880053473,751.9883737953414
2025-11-10T10:37:30,1762751250000,SENSEX,2025-11-10T11:04:30,1762752870000,27,,hybrid,726.4577223836696,745.4998831305678,751.5581727866424
2025-11-10T10:37:30,1762751250000,SENSEX,2025-11-10T11:05:30,1762752930000,28,,hybrid,727.7558916681953,745.3839548398182,749.4304360868953
2025-11-10T10:37:30,1762751250000,SENSEX,2025-11-10T11:06:30,1762752990000,29,,hybrid,729.1016810293218,743.3920381671905,757.016362243556
2025-11-10T10:37:30,1762751250000,SENSEX,2025-11-10T11:07:30,1762753050000,30,,hybrid,727.0110176428632,744.7115911648086,751.0240971742387
2025-11-10T10:37:30,1762751250000,SENSEX,2025-11-10T11:08:30,1762753110000,31,,hybrid,726.1593705366809,743.3610599134478,752.3060253991202
2025-11-10T10:37:30,1762751250000,SENSEX,2025-11-10T11:09:30,1762753170000,32,,hybrid,725.8326455610307,744.3346991783952,751.8481598535934
2025-11-10T10:37:30,1762751250000,SENSEX,2025-11-10T11:10:30,1762753230000,33,,hybrid,722.3077560275718,742.829809283858,755.4817962419817
2025-11-10T10:37:30,1762751250000,SENSEX,2025-11-10T11:11:30,1762753290000,34,,hybrid,722.4686920766648,741.2012378552865,753.5489771602606
2025-11-10T10:37:30,1762751250000,SENSEX,2025-11-10T11:12:30,1762753350000,35,,hybrid,718.6345642543687,740.8482361601451,750.4484753148655
2025-11-10T10:37:30,1762751250000,SENSEX,2025-11-10T11:13:30,1762753410000,36,,hybrid,722.1252250019674,740.9875218744309,752.8213559518133
2025-11-10T10:37:30,1762751250000,SENSEX,2025-11-10T11:14:30,1762753470000,37,,hybrid,718.9162513856511,740.0834448209584,752.0642563443621
2025-11-10T10:37:30,1762751250000,SENSEX,2025-11-10T11:15:30,1762753530000,38,,hybrid,718.7975666421113,740.8870162495299,752.655942280886
2025-11-10T10:37:30,1762751250000,SENSEX,2025-11-10T11:16:30,1762753590000,39,,hybrid,718.6304959236504,740.8101594376402,754.4734488148254
2025-11-10T10:37:30,1762751250000,SENSEX,2025-11-10T11:17:30,1762753650000,40,,hybrid,716.5315374002337,739.3611794873499,753.3928858290545
2025-11-10T10:37:30,1762751250000,SENSEX,2025-11-10T11:18:30,1762753710000,41,,hybrid,717.149093386786,740.6641028576629,752.7453615538521
2025-11-10T10:37:30,1762751250000,SENSEX,2025-11-10T11:19:30,1762753770000,42,,hybrid,716.7284792264331,740.2837457148057,760.476470008107
2025-11-10T10:37:30,1762751250000,SENSEX,2025-11-10T11:20:30,1762753830000,43,,hybrid,717.0082685991506,739.836460034288,756.4707316613808
2025-11-10T10:37:30,1762751250000,SENSEX,2025-11-10T11:21:30,1762753890000,44,,hybrid,716.7021446381972,740.5155712147154,761.0402204465667
2025-11-10T10:37:30,1762751250000,SENSEX,2025-11-10T11:22:30,1762753950000,45,,hybrid,722.9911174225198,740.1898200418584,763.6828425904226
2025-11-10T10:37:30,1762751250000,SENSEX,2025-11-10T11:23:30,1762754010000,46,,hybrid,720.5225763182808,740.1527605748291,758.4523069404237
2025-11-10T10:37:30,1762751250000,SENSEX,2025-11-10T11:24:30,1762754070000,47,,hybrid,722.3808073029976,740.988520101327,758.499911572514
2025-11-10T10:37:30,1762751250000,SENSEX,2025-11-10T11:25:30,1762754130000,48,,hybrid,722.141372381415,740.3896221916425,760.3150295702677
2025-11-10T10:37:30,1762751250000,SENSEX,2025-11-10T11:26:30,1762754190000,49,,hybrid,723.9187449702041,740.769481503636,759.707495569722
2025-11-10T10:37:30,1762751250000,SENSEX,2025-11-10T11:27:30,1762754250000,50,,hybrid,723.5914629925397,740.7499474647046,757.5969594510492
2025-11-10T10:37:30,1762751250000,SENSEX,2025-11-10T11:28:30,1762754310000,51,,hybrid,721.9276534526433,741.378439517636,758.0792026574113
2025-11-10T10:37:30,1762751250000,SENSEX,2025-11-10T11:29:30,1762754370000,52,,hybrid,722.9367997763725,741.623894857927,755.3621592968293
2025-11-10T10:37:30,1762751250000,SENSEX,2025-11-10T11:30:30,1762754430000,53,,hybrid,724.341835085952,742.0867007662574,755.2514607974251
2025-11-10T10:37:30,1762751250000,SENSEX,2025-11-10T11:31:30,1762754490000,54,,hybrid,722.9425280400977,741.020577752264,750.1720479883323
2025-11-10T10:37:30,1762751250000,SENSEX,2025-11-10T11:32:30,1762754550000,55,,hybrid,722.5782435511709,742.3070369095759,752.8267188346327
2025-11-10T10:37:30,1762751250000,SENSEX,2025-11-10T11:33:30,1762754610000,56,,hybrid,721.408694005445,741.1600137686902,748.4216875142597
2025-11-10T10:37:30,1762751250000,SENSEX,2025-11-10T11:34:30,1762754670000,57,,hybrid,721.9539904315199,741.1022901315363,747.7363189757234
2025-11-10T10:37:30,1762751250000,SENSEX,2025-11-10T11:35:30,1762754730000,58,,hybrid,721.4532829514574,740.7715330557888,747.4042130531407
2025-11-10T10:37:30,1762751250000,SENSEX,2025-11-10T11:36:30,1762754790000,59,,hybrid,722.6389203454249,739.9613715037284,747.5655670466501
2025-11-10T10:37:30,1762751250000,SENSEX,2025-11-10T11:37:30,1762754850000,60,,hybrid,720.9776692146553,739.651074283096,746.1988132565633
2025-11-10T10:37:30,1762751250000,SENSEX,2025-11-10T10:38:30,1762751310000,1,,hybrid,740.821927669245,744.6,763.3371272731036
2025-11-10T10:37:30,1762751250000,SENSEX,2025-11-10T10:39:30,1762751370000,2,,hybrid,738.6945341782041,744.4731702407831,760.6291900315606
2025-11-10T10:37:30,1762751250000,SENSEX,2025-11-10T10:40:30,1762751430000,3,,hybrid,737.4325491619417,742.7114767595315,758.0562597667031
2025-11-10T10:37:30,1762751250000,SENSEX,2025-11-10T10:41:30,1762751490000,4,,hybrid,736.2316228203545,742.9089750231714,761.0878694012287
2025-11-10T10:37:30,1762751250000,SENSEX,2025-11-10T10:42:30,1762751550000,5,,hybrid,732.949111836066,741.9687811497936,755.0991944978348
2025-11-10T10:37:30,1762751250000,SENSEX,2025-11-10T10:43:30,1762751610000,6,,hybrid,731.9603691867262,741.5605245452765,754.9528141097742
2025-11-10T10:37:30,1762751250000,SENSEX,2025-11-10T10:44:30,1762751670000,7,,hybrid,733.4709360822575,743.2435882131135,757.1973191950774
2025-11-10T10:37:30,1762751250000,SENSEX,2025-11-10T10:45:30,1762751730000,8,,hybrid,736.0008630767193,744.900968839157,755.3624900770997
2025-11-10T10:37:30,1762751250000,SENSEX,2025-11-10T10:46:30,1762751790000,9,,hybrid,736.4977493575973,742.9794282543494,753.5273739983706
2025-11-10T10:37:30,1762751250000,SENSEX,2025-11-10T10:47:30,1762751850000,10,,hybrid,735.7465798824071,746.4126797517671,752.2273674903673
2025-11-10T10:37:30,1762751250000,SENSEX,2025-11-10T10:48:30,1762751910000,11,,hybrid,737.0815980544193,745.7448273743537,751.1602908583244
2025-11-10T10:37:30,1762751250000,SENSEX,2025-11-10T10:49:30,1762751970000,12,,hybrid,730.2832544328841,743.9343813892593,749.8173106421473
2025-11-10T10:37:30,1762751250000,SENSEX,2025-11-10T10:50:30,1762752030000,13,,hybrid,726.5130077040786,743.0653285167764,751.1120602630625
2025-11-10T10:37:30,1762751250000,SENSEX,2025-11-10T10:51:30,1762752090000,14,,hybrid,724.1204680043837,743.858339992211,751.0076359876622
2025-11-10T10:37:30,1762751250000,SENSEX,2025-11-10T10:52:30,1762752150000,15,,hybrid,737.6080342929304,744.4038153900717,751.5583186034191
2025-11-10T10:37:30,1762751250000,SENSEX,2025-11-10T10:53:30,1762752210000,16,,hybrid,730.9695913685492,743.014228335189,753.5792163426469
2025-11-10T10:37:30,1762751250000,SENSEX,2025-11-10T10:54:30,1762752270000,17,,hybrid,731.6374270226256,742.3834766167695,752.8496317848465
2025-11-10T10:37:30,1762751250000,SENSEX,2025-11-10T10:55:30,1762752330000,18,,hybrid,732.1145624758394,744.6502797391489,751.296046403481
2025-11-10T10:37:30,1762751250000,SENSEX,2025-11-10T10:56:30,1762752390000,19,,hybrid,730.5723812852358,743.7930623243946,752.3017906926995
2025-11-10T10:37:30,1762751250000,SENSEX,2025-11-10T10:57:30,1762752450000,20,,hybrid,734.5320982583077,745.6367394866752,754.8914849694847
2025-11-10T10:37:30,1762751250000,SENSEX,2025-11-10T10:58:30,1762752510000,21,,hybrid,730.9895258948483,744.4239391854481,753.0806235611559
2025-11-10T10:37:30,1762751250000,SENSEX,2025-11-10T10:59:30,1762752570000,22,,hybrid,731.2781864979542,744.2511756270904,756.5360081121909
2025-11-10T10:37:30,1762751250000,SENSEX,2025-11-10T11:00:30,1762752630000,23,,hybrid,731.800450701594,743.7123836817418,750.6390011630604
2025-11-10T10:37:30,1762751250000,SENSEX,2025-11-10T11:01:30,1762752690000,24,,hybrid,732.4100320608909,743.9195365145156,756.8587953214233
2025-11-10T10:37:30,1762751250000,SENSEX,2025-11-10T11:02:30,1762752750000,25,,hybrid,725.0978846728428,743.1437024902544,752.0313662007276
2025-11-10T10:37:30,1762751250000,SENSEX,2025-11-10T11:03:30,1762752810000,26,,hybrid,727.2104863828051,743.2721880053473,751.9883737953414
2025-11-10T10:37:30,1762751250000,SENSEX,2025-11-10T11:04:30,1762752870000,27,,hybrid,726.4577223836696,745.4998831305678,751.5581727866424
2025-11-10T10:37:30,1762751250000,SENSEX,2025-11-10T11:05:30,1762752930000,28,,hybrid,727.7558916681953,745.3839548398182,749.4304360868953
2025-11-10T10:37:30,1762751250000,SENSEX,2025-11-10T11:06:30,1762752990000,29,,hybrid,729.1016810293218,743.3920381671905,757.016362243556
2025-11-10T10:37:30,1762751250000,SENSEX,2025-11-10T11:07:30,1762753050000,30,,hybrid,727.0110176428632,744.7115911648086,751.0240971742387
2025-11-10T10:37:30,1762751250000,SENSEX,2025-11-10T11:08:30,1762753110000,31,,hybrid,726.1593705366809,743.3610599134478,752.3060253991202
2025-11-10T10:37:30,1762751250000,SENSEX,2025-11-10T11:09:30,1762753170000,32,,hybrid,725.8326455610307,744.3346991783952,751.8481598535934
2025-11-10T10:37:30,1762751250000,SENSEX,2025-11-10T11:10:30,1762753230000,33,,hybrid,722.3077560275718,742.829809283858,755.4817962419817
2025-11-10T10:37:30,1762751250000,SENSEX,2025-11-10T11:11:30,1762753290000,34,,hybrid,722.4686920766648,741.2012378552865,753.5489771602606
2025-11-10T10:37:30,1762751250000,SENSEX,2025-11-10T11:12:30,1762753350000,35,,hybrid,718.6345642543687,740.8482361601451,750.4484753148655
2025-11-10T10:37:30,1762751250000,SENSEX,2025-11-10T11:13:30,1762753410000,36,,hybrid,722.1252250019674,740.9875218744309,752.8213559518133
2025-11-10T10:37:30,1762751250000,SENSEX,2025-11-10T11:14:30,1762753470000,37,,hybrid,718.9162513856511,740.0834448209584,752.0642563443621
2025-11-10T10:37:30,1762751250000,SENSEX,2025-11-10T11:15:30,1762753530000,38,,hybrid,718.7975666421113,740.8870162495299,752.655942280886
2025-11-10T10:37:30,1762751250000,SENSEX,2025-11-10T11:16:30,1762753590000,39,,hybrid,718.6304959236504,740.8101594376402,754.4734488148254
2025-11-10T10:37:30,1762751250000,SENSEX,2025-11-10T11:17:30,1762753650000,40,,hybrid,716.5315374002337,739.3611794873499,753.3928858290545
2025-11-10T10:37:30,1762751250000,SENSEX,2025-11-10T11:18:30,1762753710000,41,,hybrid,717.149093386786,740.6641028576629,752.7453615538521
2025-11-10T10:37:30,1762751250000,SENSEX,2025-11-10T11:19:30,1762753770000,42,,hybrid,716.7284792264331,740.2837457148057,760.476470008107
2025-11-10T10:37:30,1762751250000,SENSEX,2025-11-10T11:20:30,1762753830000,43,,hybrid,717.0082685991506,739.836460034288,756.4707316613808
2025-11-10T10:37:30,1762751250000,SENSEX,2025-11-10T11:21:30,1762753890000,44,,hybrid,716.7021446381972,740.5155712147154,761.0402204465667
2025-11-10T10:37:30,1762751250000,SENSEX,2025-11-10T11:22:30,1762753950000,45,,hybrid,722.9911174225198,740.1898200418584,763.6828425904226
2025-11-10T10:37:30,1762751250000,SENSEX,2025-11-10T11:23:30,1762754010000,46,,hybrid,720.5225763182808,740.1527605748291,758.4523069404237
2025-11-10T10:37:30,1762751250000,SENSEX,2025-11-10T11:24:30,1762754070000,47,,hybrid,722.3808073029976,740.988520101327,758.499911572514
2025-11-10T10:37:30,1762751250000,SENSEX,2025-11-10T11:25:30,1762754130000,48,,hybrid,722.141372381415,740.3896221916425,760.3150295702677
2025-11-10T10:37:30,1762751250000,SENSEX,2025-11-10T11:26:30,1762754190000,49,,hybrid,723.9187449702041,740.769481503636,759.707495569722
2025-11-10T10:37:30,1762751250000,SENSEX,2025-11-10T11:27:30,1762754250000,50,,hybrid,723.5914629925397,740.7499474647046,757.5969594510492
2025-11-10T10:37:30,1762751250000,SENSEX,2025-11-10T11:28:30,1762754310000,51,,hybrid,721.9276534526433,741.378439517636,758.0792026574113
2025-11-10T10:37:30,1762751250000,SENSEX,2025-11-10T11:29:30,1762754370000,52,,hybrid,722.9367997763725,741.623894857927,755.3621592968293
2025-11-10T10:37:30,1762751250000,SENSEX,2025-11-10T11:30:30,1762754430000,53,,hybrid,724.341835085952,742.0867007662574,755.2514607974251
2025-11-10T10:37:30,1762751250000,SENSEX,2025-11-10T11:31:30,1762754490000,54,,hybrid,722.9425280400977,741.020577752264,750.1720479883323
2025-11-10T10:37:30,1762751250000,SENSEX,2025-11-10T11:32:30,1762754550000,55,,hybrid,722.5782435511709,742.3070369095759,752.8267188346327
2025-11-10T10:37:30,1762751250000,SENSEX,2025-11-10T11:33:30,1762754610000,56,,hybrid,721.408694005445,741.1600137686902,748.4216875142597
2025-11-10T10:37:30,1762751250000,SENSEX,2025-11-10T11:34:30,1762754670000,57,,hybrid,721.9539904315199,741.1022901315363,747.7363189757234
2025-11-10T10:37:30,1762751250000,SENSEX,2025-11-10T11:35:30,1762754730000,58,,hybrid,721.4532829514574,740.7715330557888,747.4042130531407
2025-11-10T10:37:30,1762751250000,SENSEX,2025-11-10T11:36:30,1762754790000,59,,hybrid,722.6389203454249,739.9613715037284,747.5655670466501
2025-11-10T10:37:30,1762751250000,SENSEX,2025-11-10T11:37:30,1762754850000,60,,hybrid,720.9776692146553,739.651074283096,746.1988132565633
2025-11-10T10:37:30,1762751250000,SENSEX,2025-11-10T10:38:30,1762751310000,1,,hybrid,740.821927669245,744.6,763.3371272731036
2025-11-10T10:37:30,1762751250000,SENSEX,2025-11-10T10:39:30,1762751370000,2,,hybrid,738.6945341782041,744.4731702407831,760.6291900315606
2025-11-10T10:37:30,1762751250000,SENSEX,2025-11-10T10:40:30,1762751430000,3,,hybrid,737.4325491619417,742.7114767595315,758.0562597667031
2025-11-10T10:37:30,1762751250000,SENSEX,2025-11-10T10:41:30,1762751490000,4,,hybrid,736.2316228203545,742.9089750231714,761.0878694012287
2025-11-10T10:37:30,1762751250000,SENSEX,2025-11-10T10:42:30,1762751550000,5,,hybrid,732.949111836066,741.9687811497936,755.0991944978348
2025-11-10T10:37:30,1762751250000,SENSEX,2025-11-10T10:43:30,1762751610000,6,,hybrid,731.9603691867262,741.5605245452765,754.9528141097742
2025-11-10T10:37:30,1762751250000,SENSEX,2025-11-10T10:44:30,1762751670000,7,,hybrid,733.4709360822575,743.2435882131135,757.1973191950774
2025-11-10T10:37:30,1762751250000,SENSEX,2025-11-10T10:45:30,1762751730000,8,,hybrid,736.0008630767193,744.900968839157,755.3624900770997
2025-11-10T10:37:30,1762751250000,SENSEX,2025-11-10T10:46:30,1762751790000,9,,hybrid,736.4977493575973,742.9794282543494,753.5273739983706
2025-11-10T10:37:30,1762751250000,SENSEX,2025-11-10T10:47:30,1762751850000,10,,hybrid,735.7465798824071,746.4126797517671,752.2273674903673
2025-11-10T10:37:30,1762751250000,SENSEX,2025-11-10T10:48:30,1762751910000,11,,hybrid,737.0815980544193,745.7448273743537,751.1602908583244
2025-11-10T10:37:30,1762751250000,SENSEX,2025-11-10T10:49:30,1762751970000,12,,hybrid,730.2832544328841,743.9343813892593,749.8173106421473
2025-11-10T10:37:30,1762751250000,SENSEX,2025-11-10T10:50:30,1762752030000,13,,hybrid,726.5130077040786,743.0653285167764,751.1120602630625
2025-11-10T10:37:30,1762751250000,SENSEX,2025-11-10T10:51:30,1762752090000,14,,hybrid,724.1204680043837,743.858339992211,751.0076359876622
2025-11-10T10:37:30,1762751250000,SENSEX,2025-11-10T10:52:30,1762752150000,15,,hybrid,737.6080342929304,744.4038153900717,751.5583186034191
2025-11-10T10:37:30,1762751250000,SENSEX,2025-11-10T10:53:30,1762752210000,16,,hybrid,730.9695913685492,743.014228335189,753.5792163426469
2025-11-10T10:37:30,1762751250000,SENSEX,2025-11-10T10:54:30,1762752270000,17,,hybrid,731.6374270226256,742.3834766167695,752.8496317848465
2025-11-10T10:37:30,1762751250000,SENSEX,2025-11-10T10:55:30,1762752330000,18,,hybrid,732.1145624758394,744.6502797391489,751.296046403481
2025-11-10T10:37:30,1762751250000,SENSEX,2025-11-10T10:56:30,1762752390000,19,,hybrid,730.5723812852358,743.7930623243946,752.3017906926995
2025-11-10T10:37:30,1762751250000,SENSEX,2025-11-10T10:57:30,1762752450000,20,,hybrid,734.5320982583077,745.6367394866752,754.8914849694847
2025-11-10T10:37:30,1762751250000,SENSEX,2025-11-10T10:58:30,1762752510000,21,,hybrid,730.9895258948483,744.4239391854481,753.0806235611559
2025-11-10T10:37:30,1762751250000,SENSEX,2025-11-10T10:59:30,1762752570000,22,,hybrid,731.2781864979542,744.2511756270904,756.5360081121909
2025-11-10T10:37:30,1762751250000,SENSEX,2025-11-10T11:00:30,1762752630000,23,,hybrid,731.800450701594,743.7123836817418,750.6390011630604
2025-11-10T10:37:30,1762751250000,SENSEX,2025-11-10T11:01:30,1762752690000,24,,hybrid,732.4100320608909,743.9195365145156,756.8587953214233
2025-11-10T10:37:30,1762751250000,SENSEX,2025-11-10T11:02:30,1762752750000,25,,hybrid,725.0978846728428,743.1437024902544,752.0313662007276
2025-11-10T10:37:30,1762751250000,SENSEX,2025-11-10T11:03:30,1762752810000,26,,hybrid,727.2104863828051,743.2721880053473,751.9883737953414
2025-11-10T10:37:30,1762751250000,SENSEX,2025-11-10T11:04:30,1762752870000,27,,hybrid,726.4577223836696,745.4998831305678,751.5581727866424
2025-11-10T10:37:30,1762751250000,SENSEX,2025-11-10T11:05:30,1762752930000,28,,hybrid,727.7558916681953,745.3839548398182,749.4304360868953
2025-11-10T10:37:30,1762751250000,SENSEX,2025-11-10T11:06:30,1762752990000,29,,hybrid,729.1016810293218,743.3920381671905,757.016362243556
2025-11-10T10:37:30,1762751250000,SENSEX,2025-11-10T11:07:30,1762753050000,30,,hybrid,727.0110176428632,744.7115911648086,751.0240971742387
2025-11-10T10:37:30,1762751250000,SENSEX,2025-11-10T11:08:30,1762753110000,31,,hybrid,726.1593705366809,743.3610599134478,752.3060253991202
2025-11-10T10:37:30,1762751250000,SENSEX,2025-11-10T11:09:30,1762753170000,32,,hybrid,725.8326455610307,744.3346991783952,751.8481598535934
2025-11-10T10:37:30,1762751250000,SENSEX,2025-11-10T11:10:30,1762753230000,33,,hybrid,722.3077560275718,742.829809283858,755.4817962419817
2025-11-10T10:37:30,1762751250000,SENSEX,2025-11-10T11:11:30,1762753290000,34,,hybrid,722.4686920766648,741.2012378552865,753.5489771602606
2025-11-10T10:37:30,1762751250000,SENSEX,2025-11-10T11:12:30,1762753350000,35,,hybrid,718.6345642543687,740.8482361601451,750.4484753148655
2025-11-10T10:37:30,1762751250000,SENSEX,2025-11-10T11:13:30,1762753410000,36,,hybrid,722.1252250019674,740.9875218744309,752.8213559518133
2025-11-10T10:37:30,1762751250000,SENSEX,2025-11-10T11:14:30,1762753470000,37,,hybrid,718.9162513856511,740.0834448209584,752.0642563443621
2025-11-10T10:37:30,1762751250000,SENSEX,2025-11-10T11:15:30,1762753530000,38,,hybrid,718.7975666421113,740.8870162495299,752.655942280886
2025-11-10T10:37:30,1762751250000,SENSEX,2025-11-10T11:16:30,1762753590000,39,,hybrid,718.6304959236504,740.8101594376402,754.4734488148254
2025-11-10T10:37:30,1762751250000,SENSEX,2025-11-10T11:17:30,1762753650000,40,,hybrid,716.5315374002337,739.3611794873499,753.3928858290545
2025-11-10T10:37:30,1762751250000,SENSEX,2025-11-10T11:18:30,1762753710000,41,,hybrid,717.149093386786,740.6641028576629,752.7453615538521
2025-11-10T10:37:30,1762751250000,SENSEX,2025-11-10T11:19:30,1762753770000,42,,hybrid,716.7284792264331,740.2837457148057,760.476470008107
2025-11-10T10:37:30,1762751250000,SENSEX,2025-11-10T11:20:30,1762753830000,43,,hybrid,717.0082685991506,739.836460034288,756.4707316613808
2025-11-10T10:37:30,1762751250000,SENSEX,2025-11-10T11:21:30,1762753890000,44,,hybrid,716.7021446381972,740.5155712147154,761.0402204465667
2025-11-10T10:37:30,1762751250000,SENSEX,2025-11-10T11:22:30,1762753950000,45,,hybrid,722.9911174225198,740.1898200418584,763.6828425904226
2025-11-10T10:37:30,1762751250000,SENSEX,2025-11-10T11:23:30,1762754010000,46,,hybrid,720.5225763182808,740.1527605748291,758.4523069404237
2025-11-10T10:37:30,1762751250000,SENSEX,2025-11-10T11:24:30,1762754070000,47,,hybrid,722.3808073029976,740.988520101327,758.499911572514
2025-11-10T10:37:30,1762751250000,SENSEX,2025-11-10T11:25:30,1762754130000,48,,hybrid,722.141372381415,740.3896221916425,760.3150295702677
2025-11-10T10:37:30,1762751250000,SENSEX,2025-11-10T11:26:30,1762754190000,49,,hybrid,723.9187449702041,740.769481503636,759.707495569722
2025-11-10T10:37:30,1762751250000,SENSEX,2025-11-10T11:27:30,1762754250000,50,,hybrid,723.5914629925397,740.7499474647046,757.5969594510492
2025-11-10T10:37:30,1762751250000,SENSEX,2025-11-10T11:28:30,1762754310000,51,,hybrid,721.9276534526433,741.378439517636,758.0792026574113
2025-11-10T10:37:30,1762751250000,SENSEX,2025-11-10T11:29:30,1762754370000,52,,hybrid,722.9367997763725,741.623894857927,755.3621592968293
2025-11-10T10:37:30,1762751250000,SENSEX,2025-11-10T11:30:30,1762754430000,53,,hybrid,724.341835085952,742.0867007662574,755.2514607974251
2025-11-10T10:37:30,1762751250000,SENSEX,2025-11-10T11:31:30,1762754490000,54,,hybrid,722.9425280400977,741.020577752264,750.1720479883323
2025-11-10T10:37:30,1762751250000,SENSEX,2025-11-10T11:32:30,1762754550000,55,,hybrid,722.5782435511709,742.3070369095759,752.8267188346327
2025-11-10T10:37:30,1762751250000,SENSEX,2025-11-10T11:33:30,1762754610000,56,,hybrid,721.408694005445,741.1600137686902,748.4216875142597
2025-11-10T10:37:30,1762751250000,SENSEX,2025-11-10T11:34:30,1762754670000,57,,hybrid,721.9539904315199,741.1022901315363,747.7363189757234
2025-11-10T10:37:30,1762751250000,SENSEX,2025-11-10T11:35:30,1762754730000,58,,hybrid,721.4532829514574,740.7715330557888,747.4042130531407
2025-11-10T10:37:30,1762751250000,SENSEX,2025-11-10T11:36:30,1762754790000,59,,hybrid,722.6389203454249,739.9613715037284,747.5655670466501
2025-11-10T10:37:30,1762751250000,SENSEX,2025-11-10T11:37:30,1762754850000,60,,hybrid,720.9776692146553,739.651074283096,746.1988132565633
2025-11-10T10:38:00,1762751280000,SENSEX,2025-11-10T10:39:00,1762751340000,1,optimized,retrieval,740.15,740.15,740.15
2025-11-10T10:38:00,1762751280000,SENSEX,2025-11-10T10:40:00,1762751400000,2,optimized,retrieval,740.15,740.15,740.15
2025-11-10T10:38:00,1762751280000,SENSEX,2025-11-10T10:41:00,1762751460000,3,optimized,retrieval,740.15,740.15,740.15
2025-11-10T10:38:00,1762751280000,SENSEX,2025-11-10T10:42:00,1762751520000,4,optimized,retrieval,740.15,740.15,740.15
2025-11-10T10:38:00,1762751280000,SENSEX,2025-11-10T10:43:00,1762751580000,5,optimized,retrieval,740.15,740.15,740.15
2025-11-10T10:38:00,1762751280000,SENSEX,2025-11-10T10:44:00,1762751640000,6,optimized,retrieval,740.15,740.15,740.15
2025-11-10T10:38:00,1762751280000,SENSEX,2025-11-10T10:45:00,1762751700000,7,optimized,retrieval,740.15,740.15,740.15
2025-11-10T10:38:00,1762751280000,SENSEX,2025-11-10T10:46:00,1762751760000,8,optimized,retrieval,740.15,740.15,740.15
2025-11-10T10:38:00,1762751280000,SENSEX,2025-11-10T10:47:00,1762751820000,9,optimized,retrieval,740.15,740.15,740.15
2025-11-10T10:38:00,1762751280000,SENSEX,2025-11-10T10:48:00,1762751880000,10,optimized,retrieval,740.15,740.15,740.15
2025-11-10T10:38:00,1762751280000,SENSEX,2025-11-10T10:49:00,1762751940000,11,optimized,retrieval,740.15,740.15,740.15
2025-11-10T10:38:00,1762751280000,SENSEX,2025-11-10T10:50:00,1762752000000,12,optimized,retrieval,740.15,740.15,740.15
2025-11-10T10:38:00,1762751280000,SENSEX,2025-11-10T10:51:00,1762752060000,13,optimized,retrieval,740.15,740.15,740.15
2025-11-10T10:38:00,1762751280000,SENSEX,2025-11-10T10:52:00,1762752120000,14,optimized,retrieval,740.15,740.15,740.15
2025-11-10T10:38:00,1762751280000,SENSEX,2025-11-10T10:53:00,1762752180000,15,optimized,retrieval,740.15,740.15,740.15
2025-11-10T10:38:00,1762751280000,SENSEX,2025-11-10T10:54:00,1762752240000,16,optimized,retrieval,740.15,740.15,740.15
2025-11-10T10:38:00,1762751280000,SENSEX,2025-11-10T10:55:00,1762752300000,17,optimized,retrieval,740.15,740.15,740.15
2025-11-10T10:38:00,1762751280000,SENSEX,2025-11-10T10:56:00,1762752360000,18,optimized,retrieval,740.15,740.15,740.15
2025-11-10T10:38:00,1762751280000,SENSEX,2025-11-10T10:57:00,1762752420000,19,optimized,retrieval,740.15,740.15,740.15
2025-11-10T10:38:00,1762751280000,SENSEX,2025-11-10T10:58:00,1762752480000,20,optimized,retrieval,740.15,740.15,740.15
2025-11-10T10:38:00,1762751280000,SENSEX,2025-11-10T10:59:00,1762752540000,21,optimized,retrieval,740.15,740.15,740.15
2025-11-10T10:38:00,1762751280000,SENSEX,2025-11-10T11:00:00,1762752600000,22,optimized,retrieval,740.15,740.15,740.15
2025-11-10T10:38:00,1762751280000,SENSEX,2025-11-10T11:01:00,1762752660000,23,optimized,retrieval,740.15,740.15,740.15
2025-11-10T10:38:00,1762751280000,SENSEX,2025-11-10T11:02:00,1762752720000,24,optimized,retrieval,740.15,740.15,740.15
2025-11-10T10:38:00,1762751280000,SENSEX,2025-11-10T11:03:00,1762752780000,25,optimized,retrieval,740.15,740.15,740.15
2025-11-10T10:38:00,1762751280000,SENSEX,2025-11-10T11:04:00,1762752840000,26,optimized,retrieval,740.15,740.15,740.15
2025-11-10T10:38:00,1762751280000,SENSEX,2025-11-10T11:05:00,1762752900000,27,optimized,retrieval,740.15,740.15,740.15
2025-11-10T10:38:00,1762751280000,SENSEX,2025-11-10T11:06:00,1762752960000,28,optimized,retrieval,740.15,740.15,740.15
2025-11-10T10:38:00,1762751280000,SENSEX,2025-11-10T11:07:00,1762753020000,29,optimized,retrieval,740.15,740.15,740.15
2025-11-10T10:38:00,1762751280000,SENSEX,2025-11-10T11:08:00,1762753080000,30,optimized,retrieval,740.15,740.15,740.15
2025-11-10T10:38:00,1762751280000,SENSEX,2025-11-10T11:09:00,1762753140000,31,optimized,retrieval,740.15,740.15,740.15
2025-11-10T10:38:00,1762751280000,SENSEX,2025-11-10T11:10:00,1762753200000,32,optimized,retrieval,740.15,740.15,740.15
2025-11-10T10:38:00,1762751280000,SENSEX,2025-11-10T11:11:00,1762753260000,33,optimized,retrieval,740.15,740.15,740.15
2025-11-10T10:38:00,1762751280000,SENSEX,2025-11-10T11:12:00,1762753320000,34,optimized,retrieval,740.15,740.15,740.15
2025-11-10T10:38:00,1762751280000,SENSEX,2025-11-10T11:13:00,1762753380000,35,optimized,retrieval,740.15,740.15,740.15
2025-11-10T10:38:00,1762751280000,SENSEX,2025-11-10T11:14:00,1762753440000,36,optimized,retrieval,740.15,740.15,740.15
2025-11-10T10:38:00,1762751280000,SENSEX,2025-11-10T11:15:00,1762753500000,37,optimized,retrieval,740.15,740.15,740.15
2025-11-10T10:38:00,1762751280000,SENSEX,2025-11-10T11:16:00,1762753560000,38,optimized,retrieval,740.15,740.15,740.15
2025-11-10T10:38:00,1762751280000,SENSEX,2025-11-10T11:17:00,1762753620000,39,optimized,retrieval,740.15,740.15,740.15
2025-11-10T10:38:00,1762751280000,SENSEX,2025-11-10T11:18:00,1762753680000,40,optimized,retrieval,740.15,740.15,740.15
2025-11-10T10:38:00,1762751280000,SENSEX,2025-11-10T11:19:00,1762753740000,41,optimized,retrieval,740.15,740.15,740.15
2025-11-10T10:38:00,1762751280000,SENSEX,2025-11-10T11:20:00,1762753800000,42,optimized,retrieval,740.15,740.15,740.15
2025-11-10T10:38:00,1762751280000,SENSEX,2025-11-10T11:21:00,1762753860000,43,optimized,retrieval,740.15,740.15,740.15
2025-11-10T10:38:00,1762751280000,SENSEX,2025-11-10T11:22:00,1762753920000,44,optimized,retrieval,740.15,740.15,740.15
2025-11-10T10:38:00,1762751280000,SENSEX,2025-11-10T11:23:00,1762753980000,45,optimized,retrieval,740.15,740.15,740.15
2025-11-10T10:38:00,1762751280000,SENSEX,2025-11-10T11:24:00,1762754040000,46,optimized,retrieval,740.15,740.15,740.15
2025-11-10T10:38:00,1762751280000,SENSEX,2025-11-10T11:25:00,1762754100000,47,optimized,retrieval,740.15,740.15,740.15
2025-11-10T10:38:00,1762751280000,SENSEX,2025-11-10T11:26:00,1762754160000,48,optimized,retrieval,740.15,740.15,740.15
2025-11-10T10:38:00,1762751280000,SENSEX,2025-11-10T11:27:00,1762754220000,49,optimized,retrieval,740.15,740.15,740.15
2025-11-10T10:38:00,1762751280000,SENSEX,2025-11-10T11:28:00,1762754280000,50,optimized,retrieval,740.15,740.15,740.15
2025-11-10T10:38:00,1762751280000,SENSEX,2025-11-10T11:29:00,1762754340000,51,optimized,retrieval,740.15,740.15,740.15
2025-11-10T10:38:00,1762751280000,SENSEX,2025-11-10T11:30:00,1762754400000,52,optimized,retrieval,740.15,740.15,740.15
2025-11-10T10:38:00,1762751280000,SENSEX,2025-11-10T11:31:00,1762754460000,53,optimized,retrieval,740.15,740.15,740.15
2025-11-10T10:38:00,1762751280000,SENSEX,2025-11-10T11:32:00,1762754520000,54,optimized,retrieval,740.15,740.15,740.15
2025-11-10T10:38:00,1762751280000,SENSEX,2025-11-10T11:33:00,1762754580000,55,optimized,retrieval,740.15,740.15,740.15
2025-11-10T10:38:00,1762751280000,SENSEX,2025-11-10T11:34:00,1762754640000,56,optimized,retrieval,740.15,740.15,740.15
2025-11-10T10:38:00,1762751280000,SENSEX,2025-11-10T11:35:00,1762754700000,57,optimized,retrieval,740.15,740.15,740.15
2025-11-10T10:38:00,1762751280000,SENSEX,2025-11-10T11:36:00,1762754760000,58,optimized,retrieval,740.15,740.15,740.15
2025-11-10T10:38:00,1762751280000,SENSEX,2025-11-10T11:37:00,1762754820000,59,optimized,retrieval,740.15,740.15,740.15
2025-11-10T10:38:00,1762751280000,SENSEX,2025-11-10T11:38:00,1762754880000,60,optimized,retrieval,740.15,740.15,740.15
2025-11-10T10:38:00,1762751280000,SENSEX,2025-11-10T10:39:00,1762751340000,1,,hybrid,736.5865348228859,740.15,756.4716387615342
2025-11-10T10:38:00,1762751280000,SENSEX,2025-11-10T10:40:00,1762751400000,2,,hybrid,733.8937568088194,738.4776790492326,757.1128353034723
2025-11-10T10:38:00,1762751280000,SENSEX,2025-11-10T10:41:00,1762751460000,3,,hybrid,734.7996962855548,739.7820927231813,755.4353354385828
2025-11-10T10:38:00,1762751280000,SENSEX,2025-11-10T10:42:00,1762751520000,4,,hybrid,730.8461564291592,737.3068675627969,756.3815351575918
2025-11-10T10:38:00,1762751280000,SENSEX,2025-11-10T10:43:00,1762751580000,5,,hybrid,729.0552799105304,737.7823136488954,754.2841634567217
2025-11-10T10:38:00,1762751280000,SENSEX,2025-11-10T10:44:00,1762751640000,6,,hybrid,729.7178328857958,739.0065192880903,753.1283529135164
2025-11-10T10:38:00,1762751280000,SENSEX,2025-11-10T10:45:00,1762751700000,7,,hybrid,729.8405569472999,739.2961436093833,754.1841447283847
2025-11-10T10:38:00,1762751280000,SENSEX,2025-11-10T10:46:00,1762751760000,8,,hybrid,731.0491954158003,739.6605447416117,753.05831998343
2025-11-10T10:38:00,1762751280000,SENSEX,2025-11-10T10:47:00,1762751820000,9,,hybrid,733.4915014398214,739.7628877230318,749.968614249881
2025-11-10T10:38:00,1762751280000,SENSEX,2025-11-10T10:48:00,1762751880000,10,,hybrid,731.7964313484326,742.1164785895222,750.6443077635064
2025-11-10T10:38:00,1762751280000,SENSEX,2025-11-10T10:49:00,1762751940000,11,,hybrid,732.0071788740664,740.3893370140764,746.4404964138092
2025-11-10T10:38:00,1762751280000,SENSEX,2025-11-10T10:50:00,1762752000000,12,,hybrid,726.6760092746562,739.8842369126335,750.69076415861
2025-11-10T10:38:00,1762751280000,SENSEX,2025-11-10T10:51:00,1762752060000,13,,hybrid,724.1449778601343,740.1602725628798,754.7759932091041
2025-11-10T10:38:00,1762751280000,SENSEX,2025-11-10T10:52:00,1762752120000,14,,hybrid,720.2611700251113,739.9862182230042,755.1387134485509
2025-11-10T10:38:00,1762751280000,SENSEX,2025-11-10T10:53:00,1762752180000,15,,hybrid,730.4379702409393,740.8631321162602,746.0891255634988
2025-11-10T10:38:00,1762751280000,SENSEX,2025-11-10T10:54:00,1762752240000,16,,hybrid,727.1617286002282,738.8155874633514,754.4094697392338
2025-11-10T10:38:00,1762751280000,SENSEX,2025-11-10T10:55:00,1762752300000,17,,hybrid,725.890778394465,740.020247606851,752.1043206355347
2025-11-10T10:38:00,1762751280000,SENSEX,2025-11-10T10:56:00,1762752360000,18,,hybrid,728.1445318733378,741.0068417923391,751.8648169617965
2025-11-10T10:38:00,1762751280000,SENSEX,2025-11-10T10:57:00,1762752420000,19,,hybrid,727.4377246989134,740.2294718749768,752.4007384532316
2025-11-10T10:38:00,1762751280000,SENSEX,2025-11-10T10:58:00,1762752480000,20,,hybrid,730.542578970969,741.2869394659718,752.2226609804559
2025-11-10T10:38:00,1762751280000,SENSEX,2025-11-10T10:59:00,1762752540000,21,,hybrid,727.0822471987171,740.0807922633091,755.6857620552043
2025-11-10T10:38:00,1762751280000,SENSEX,2025-11-10T11:00:00,1762752600000,22,,hybrid,727.5797639400782,740.131855361557,756.1034076197429
2025-11-10T10:38:00,1762751280000,SENSEX,2025-11-10T11:01:00,1762752660000,23,,hybrid,729.7463194311135,741.2717797768355,757.7926138608086
2025-11-10T10:38:00,1762751280000,SENSEX,2025-11-10T11:02:00,1762752720000,24,,hybrid,726.7583824798653,737.8944707537199,758.295291484968
2025-11-10T10:38:00,1762751280000,SENSEX,2025-11-10T11:03:00,1762752780000,25,,hybrid,721.4361030689065,738.8964395237313,755.1532969448158
2025-11-10T10:38:00,1762751280000,SENSEX,2025-11-10T11:04:00,1762752840000,26,,hybrid,724.5631441877182,740.1037374267788,753.8577518148616
2025-11-10T10:38:00,1762751280000,SENSEX,2025-11-10T11:05:00,1762752900000,27,,hybrid,722.9173527109153,741.3417065879064,752.575946564888
2025-11-10T10:38:00,1762751280000,SENSEX,2025-11-10T11:06:00,1762752960000,28,,hybrid,723.4769754147727,740.5331109214975,749.6669695586203
2025-11-10T10:38:00,1762751280000,SENSEX,2025-11-10T11:07:00,1762753020000,29,,hybrid,725.4311380423416,739.3899351031516,754.8038757392998
2025-11-10T10:38:00,1762751280000,SENSEX,2025-11-10T11:08:00,1762753080000,30,,hybrid,722.7925645773569,740.5383683913302,752.237238972351
2025-11-10T10:38:00,1762751280000,SENSEX,2025-11-10T11:09:00,1762753140000,31,,hybrid,724.2025624942296,741.3192876552799,750.298173336925
2025-11-10T10:38:00,1762751280000,SENSEX,2025-11-10T11:10:00,1762753200000,32,,hybrid,723.4391289887637,741.3755916514365,750.5951849238977
2025-11-10T10:38:00,1762751280000,SENSEX,2025-11-10T11:11:00,1762753260000,33,,hybrid,717.5562370778786,738.9435809798327,749.695186847831
2025-11-10T10:38:00,1762751280000,SENSEX,2025-11-10T11:12:00,1762753320000,34,,hybrid,720.0145935617127,738.7509678203195,748.8972820290186
2025-11-10T10:38:00,1762751280000,SENSEX,2025-11-10T11:13:00,1762753380000,35,,hybrid,716.3803058326328,738.9059735499152,746.8321734218191
2025-11-10T10:38:00,1762751280000,SENSEX,2025-11-10T11:14:00,1762753440000,36,,hybrid,721.1621363142589,737.8366804924701,746.3990802216605
2025-11-10T10:38:00,1762751280000,SENSEX,2025-11-10T11:15:00,1762753500000,37,,hybrid,719.0361436991855,738.4543646649297,745.4207115383683
2025-11-10T10:38:00,1762751280000,SENSEX,2025-11-10T11:16:00,1762753560000,38,,hybrid,719.3072128685311,738.8473534197811,747.0977187815291
2025-11-10T10:38:00,1762751280000,SENSEX,2025-11-10T11:17:00,1762753620000,39,,hybrid,719.1221646421242,737.763474982314,745.4762495152191
2025-11-10T10:38:00,1762751280000,SENSEX,2025-11-10T11:18:00,1762753680000,40,,hybrid,721.7787589887915,738.8357559535383,747.5147670032271
2025-11-10T10:38:00,1762751280000,SENSEX,2025-11-10T11:19:00,1762753740000,41,,hybrid,721.3734454831824,738.199756016656,746.8396810335071
2025-11-10T10:38:00,1762751280000,SENSEX,2025-11-10T11:20:00,1762753800000,42,,hybrid,720.3829309488583,738.0301489694856,746.9845483011186
2025-11-10T10:38:00,1762751280000,SENSEX,2025-11-10T11:21:00,1762753860000,43,,hybrid,724.6234717162687,736.3043613857578,748.6789919009345
2025-11-10T10:38:00,1762751280000,SENSEX,2025-11-10T11:22:00,1762753920000,44,,hybrid,721.6668384812821,737.9846600459296,749.048443237387
2025-11-10T10:38:00,1762751280000,SENSEX,2025-11-10T11:23:00,1762753980000,45,,hybrid,722.3681035925554,737.8197073150934,749.8184360002331
2025-11-10T10:38:00,1762751280000,SENSEX,2025-11-10T11:24:00,1762754040000,46,,hybrid,721.0490403309517,737.063344273145,748.9439429580684
2025-11-10T10:38:00,1762751280000,SENSEX,2025-11-10T11:25:00,1762754100000,47,,hybrid,721.8418596032043,737.6031627193539,748.5649963989111
2025-11-10T10:38:00,1762751280000,SENSEX,2025-11-10T11:26:00,1762754160000,48,,hybrid,721.2361156217771,736.3626494096815,750.8608352691657
2025-11-10T10:38:00,1762751280000,SENSEX,2025-11-10T11:27:00,1762754220000,49,,hybrid,721.4403370887268,737.1200825843599,752.49320339448
2025-11-10T10:38:00,1762751280000,SENSEX,2025-11-10T11:28:00,1762754280000,50,,hybrid,720.8285264564403,736.9872859906054,748.5743845369662
2025-11-10T10:38:00,1762751280000,SENSEX,2025-11-10T11:29:00,1762754340000,51,,hybrid,719.8167870195715,737.8304001148242,749.9777734809788
2025-11-10T10:38:00,1762751280000,SENSEX,2025-11-10T11:30:00,1762754400000,52,,hybrid,719.7532161945842,738.0554236860164,749.684955502494
2025-11-10T10:38:00,1762751280000,SENSEX,2025-11-10T11:31:00,1762754460000,53,,hybrid,719.6546258756931,737.8557392395116,747.1400344475826
2025-11-10T10:38:00,1762751280000,SENSEX,2025-11-10T11:32:00,1762754520000,54,,hybrid,720.0286215745691,737.6792169591384,746.0189351899069
2025-11-10T10:38:00,1762751280000,SENSEX,2025-11-10T11:33:00,1762754580000,55,,hybrid,717.4691479330465,738.9396573505752,746.2142102717587
2025-11-10T10:38:00,1762751280000,SENSEX,2025-11-10T11:34:00,1762754640000,56,,hybrid,716.7099463463278,737.7382058559629,744.8766862613056
2025-11-10T10:38:00,1762751280000,SENSEX,2025-11-10T11:35:00,1762754700000,57,,hybrid,718.3914274210522,737.4791598506321,745.8448182968423
2025-11-10T10:38:00,1762751280000,SENSEX,2025-11-10T11:36:00,1762754760000,58,,hybrid,717.4161254028493,737.8492814496959,743.0092717773426
2025-11-10T10:38:00,1762751280000,SENSEX,2025-11-10T11:37:00,1762754820000,59,,hybrid,717.6826113042549,735.7528949083022,745.1006784872103
2025-11-10T10:38:00,1762751280000,SENSEX,2025-11-10T11:38:00,1762754880000,60,,hybrid,718.0020150385893,736.2630402374965,744.0456425909608
2025-11-10T10:38:00,1762751280000,SENSEX,2025-11-10T10:39:00,1762751340000,1,,hybrid,736.5865348228859,740.15,756.4716387615342
2025-11-10T10:38:00,1762751280000,SENSEX,2025-11-10T10:40:00,1762751400000,2,,hybrid,733.8937568088194,738.4776790492326,757.1128353034723
2025-11-10T10:38:00,1762751280000,SENSEX,2025-11-10T10:41:00,1762751460000,3,,hybrid,734.7996962855548,739.7820927231813,755.4353354385828
2025-11-10T10:38:00,1762751280000,SENSEX,2025-11-10T10:42:00,1762751520000,4,,hybrid,730.8461564291592,737.3068675627969,756.3815351575918
2025-11-10T10:38:00,1762751280000,SENSEX,2025-11-10T10:43:00,1762751580000,5,,hybrid,729.0552799105304,737.7823136488954,754.2841634567217
2025-11-10T10:38:00,1762751280000,SENSEX,2025-11-10T10:44:00,1762751640000,6,,hybrid,729.7178328857958,739.0065192880903,753.1283529135164
2025-11-10T10:38:00,1762751280000,SENSEX,2025-11-10T10:45:00,1762751700000,7,,hybrid,729.8405569472999,739.2961436093833,754.1841447283847
2025-11-10T10:38:00,1762751280000,SENSEX,2025-11-10T10:46:00,1762751760000,8,,hybrid,731.0491954158003,739.6605447416117,753.05831998343
2025-11-10T10:38:00,1762751280000,SENSEX,2025-11-10T10:47:00,1762751820000,9,,hybrid,733.4915014398214,739.7628877230318,749.968614249881
2025-11-10T10:38:00,1762751280000,SENSEX,2025-11-10T10:48:00,1762751880000,10,,hybrid,731.7964313484326,742.1164785895222,750.6443077635064
2025-11-10T10:38:00,1762751280000,SENSEX,2025-11-10T10:49:00,1762751940000,11,,hybrid,732.0071788740664,740.3893370140764,746.4404964138092
2025-11-10T10:38:00,1762751280000,SENSEX,2025-11-10T10:50:00,1762752000000,12,,hybrid,726.6760092746562,739.8842369126335,750.69076415861
2025-11-10T10:38:00,1762751280000,SENSEX,2025-11-10T10:51:00,1762752060000,13,,hybrid,724.1449778601343,740.1602725628798,754.7759932091041
2025-11-10T10:38:00,1762751280000,SENSEX,2025-11-10T10:52:00,1762752120000,14,,hybrid,720.2611700251113,739.9862182230042,755.1387134485509
2025-11-10T10:38:00,1762751280000,SENSEX,2025-11-10T10:53:00,1762752180000,15,,hybrid,730.4379702409393,740.8631321162602,746.0891255634988
2025-11-10T10:38:00,1762751280000,SENSEX,2025-11-10T10:54:00,1762752240000,16,,hybrid,727.1617286002282,738.8155874633514,754.4094697392338
2025-11-10T10:38:00,1762751280000,SENSEX,2025-11-10T10:55:00,1762752300000,17,,hybrid,725.890778394465,740.020247606851,752.1043206355347
2025-11-10T10:38:00,1762751280000,SENSEX,2025-11-10T10:56:00,1762752360000,18,,hybrid,728.1445318733378,741.0068417923391,751.8648169617965
2025-11-10T10:38:00,1762751280000,SENSEX,2025-11-10T10:57:00,1762752420000,19,,hybrid,727.4377246989134,740.2294718749768,752.4007384532316
2025-11-10T10:38:00,1762751280000,SENSEX,2025-11-10T10:58:00,1762752480000,20,,hybrid,730.542578970969,741.2869394659718,752.2226609804559
2025-11-10T10:38:00,1762751280000,SENSEX,2025-11-10T10:59:00,1762752540000,21,,hybrid,727.0822471987171,740.0807922633091,755.6857620552043
2025-11-10T10:38:00,1762751280000,SENSEX,2025-11-10T11:00:00,1762752600000,22,,hybrid,727.5797639400782,740.131855361557,756.1034076197429
2025-11-10T10:38:00,1762751280000,SENSEX,2025-11-10T11:01:00,1762752660000,23,,hybrid,729.7463194311135,741.2717797768355,757.7926138608086
2025-11-10T10:38:00,1762751280000,SENSEX,2025-11-10T11:02:00,1762752720000,24,,hybrid,726.7583824798653,737.8944707537199,758.295291484968
2025-11-10T10:38:00,1762751280000,SENSEX,2025-11-10T11:03:00,1762752780000,25,,hybrid,721.4361030689065,738.8964395237313,755.1532969448158
2025-11-10T10:38:00,1762751280000,SENSEX,2025-11-10T11:04:00,1762752840000,26,,hybrid,724.5631441877182,740.1037374267788,753.8577518148616
2025-11-10T10:38:00,1762751280000,SENSEX,2025-11-10T11:05:00,1762752900000,27,,hybrid,722.9173527109153,741.3417065879064,752.575946564888
2025-11-10T10:38:00,1762751280000,SENSEX,2025-11-10T11:06:00,1762752960000,28,,hybrid,723.4769754147727,740.5331109214975,749.6669695586203
2025-11-10T10:38:00,1762751280000,SENSEX,2025-11-10T11:07:00,1762753020000,29,,hybrid,725.4311380423416,739.3899351031516,754.8038757392998
2025-11-10T10:38:00,1762751280000,SENSEX,2025-11-10T11:08:00,1762753080000,30,,hybrid,722.7925645773569,740.5383683913302,752.237238972351
2025-11-10T10:38:00,1762751280000,SENSEX,2025-11-10T11:09:00,1762753140000,31,,hybrid,724.2025624942296,741.3192876552799,750.298173336925
2025-11-10T10:38:00,1762751280000,SENSEX,2025-11-10T11:10:00,1762753200000,32,,hybrid,723.4391289887637,741.3755916514365,750.5951849238977
2025-11-10T10:38:00,1762751280000,SENSEX,2025-11-10T11:11:00,1762753260000,33,,hybrid,717.5562370778786,738.9435809798327,749.695186847831
2025-11-10T10:38:00,1762751280000,SENSEX,2025-11-10T11:12:00,1762753320000,34,,hybrid,720.0145935617127,738.7509678203195,748.8972820290186
2025-11-10T10:38:00,1762751280000,SENSEX,2025-11-10T11:13:00,1762753380000,35,,hybrid,716.3803058326328,738.9059735499152,746.8321734218191
2025-11-10T10:38:00,1762751280000,SENSEX,2025-11-10T11:14:00,1762753440000,36,,hybrid,721.1621363142589,737.8366804924701,746.3990802216605
2025-11-10T10:38:00,1762751280000,SENSEX,2025-11-10T11:15:00,1762753500000,37,,hybrid,719.0361436991855,738.4543646649297,745.4207115383683
2025-11-10T10:38:00,1762751280000,SENSEX,2025-11-10T11:16:00,1762753560000,38,,hybrid,719.3072128685311,738.8473534197811,747.0977187815291
2025-11-10T10:38:00,1762751280000,SENSEX,2025-11-10T11:17:00,1762753620000,39,,hybrid,719.1221646421242,737.763474982314,745.4762495152191
2025-11-10T10:38:00,1762751280000,SENSEX,2025-11-10T11:18:00,1762753680000,40,,hybrid,721.7787589887915,738.8357559535383,747.5147670032271
2025-11-10T10:38:00,1762751280000,SENSEX,2025-11-10T11:19:00,1762753740000,41,,hybrid,721.3734454831824,738.199756016656,746.8396810335071
2025-11-10T10:38:00,1762751280000,SENSEX,2025-11-10T11:20:00,1762753800000,42,,hybrid,720.3829309488583,738.0301489694856,746.9845483011186
2025-11-10T10:38:00,1762751280000,SENSEX,2025-11-10T11:21:00,1762753860000,43,,hybrid,724.6234717162687,736.3043613857578,748.6789919009345
2025-11-10T10:38:00,1762751280000,SENSEX,2025-11-10T11:22:00,1762753920000,44,,hybrid,721.6668384812821,737.9846600459296,749.048443237387
2025-11-10T10:38:00,1762751280000,SENSEX,2025-11-10T11:23:00,1762753980000,45,,hybrid,722.3681035925554,737.8197073150934,749.8184360002331
2025-11-10T10:38:00,1762751280000,SENSEX,2025-11-10T11:24:00,1762754040000,46,,hybrid,721.0490403309517,737.063344273145,748.9439429580684
2025-11-10T10:38:00,1762751280000,SENSEX,2025-11-10T11:25:00,1762754100000,47,,hybrid,721.8418596032043,737.6031627193539,748.5649963989111
2025-11-10T10:38:00,1762751280000,SENSEX,2025-11-10T11:26:00,1762754160000,48,,hybrid,721.2361156217771,736.3626494096815,750.8608352691657
2025-11-10T10:38:00,1762751280000,SENSEX,2025-11-10T11:27:00,1762754220000,49,,hybrid,721.4403370887268,737.1200825843599,752.49320339448
2025-11-10T10:38:00,1762751280000,SENSEX,2025-11-10T11:28:00,1762754280000,50,,hybrid,720.8285264564403,736.9872859906054,748.5743845369662
2025-11-10T10:38:00,1762751280000,SENSEX,2025-11-10T11:29:00,1762754340000,51,,hybrid,719.8167870195715,737.8304001148242,749.9777734809788
2025-11-10T10:38:00,1762751280000,SENSEX,2025-11-10T11:30:00,1762754400000,52,,hybrid,719.7532161945842,738.0554236860164,749.684955502494
2025-11-10T10:38:00,1762751280000,SENSEX,2025-11-10T11:31:00,1762754460000,53,,hybrid,719.6546258756931,737.8557392395116,747.1400344475826
2025-11-10T10:38:00,1762751280000,SENSEX,2025-11-10T11:32:00,1762754520000,54,,hybrid,720.0286215745691,737.6792169591384,746.0189351899069
2025-11-10T10:38:00,1762751280000,SENSEX,2025-11-10T11:33:00,1762754580000,55,,hybrid,717.4691479330465,738.9396573505752,746.2142102717587
2025-11-10T10:38:00,1762751280000,SENSEX,2025-11-10T11:34:00,1762754640000,56,,hybrid,716.7099463463278,737.7382058559629,744.8766862613056
2025-11-10T10:38:00,1762751280000,SENSEX,2025-11-10T11:35:00,1762754700000,57,,hybrid,718.3914274210522,737.4791598506321,745.8448182968423
2025-11-10T10:38:00,1762751280000,SENSEX,2025-11-10T11:36:00,1762754760000,58,,hybrid,717.4161254028493,737.8492814496959,743.0092717773426
2025-11-10T10:38:00,1762751280000,SENSEX,2025-11-10T11:37:00,1762754820000,59,,hybrid,717.6826113042549,735.7528949083022,745.1006784872103
2025-11-10T10:38:00,1762751280000,SENSEX,2025-11-10T11:38:00,1762754880000,60,,hybrid,718.0020150385893,736.2630402374965,744.0456425909608
2025-11-10T10:41:00,1762751460000,SENSEX,2025-11-10T10:42:00,1762751520000,1,optimized,retrieval,737.0,737.0,737.0
2025-11-10T10:41:00,1762751460000,SENSEX,2025-11-10T10:43:00,1762751580000,2,optimized,retrieval,737.0,737.0,737.0
2025-11-10T10:41:00,1762751460000,SENSEX,2025-11-10T10:44:00,1762751640000,3,optimized,retrieval,737.0,737.0,737.0
2025-11-10T10:41:00,1762751460000,SENSEX,2025-11-10T10:45:00,1762751700000,4,optimized,retrieval,737.0,737.0,737.0
2025-11-10T10:41:00,1762751460000,SENSEX,2025-11-10T10:46:00,1762751760000,5,optimized,retrieval,737.0,737.0,737.0
2025-11-10T10:41:00,1762751460000,SENSEX,2025-11-10T10:47:00,1762751820000,6,optimized,retrieval,737.0,737.0,737.0
2025-11-10T10:41:00,1762751460000,SENSEX,2025-11-10T10:48:00,1762751880000,7,optimized,retrieval,737.0,737.0,737.0
2025-11-10T10:41:00,1762751460000,SENSEX,2025-11-10T10:49:00,1762751940000,8,optimized,retrieval,737.0,737.0,737.0
2025-11-10T10:41:00,1762751460000,SENSEX,2025-11-10T10:50:00,1762752000000,9,optimized,retrieval,737.0,737.0,737.0
2025-11-10T10:41:00,1762751460000,SENSEX,2025-11-10T10:51:00,1762752060000,10,optimized,retrieval,737.0,737.0,737.0
2025-11-10T10:41:00,1762751460000,SENSEX,2025-11-10T10:52:00,1762752120000,11,optimized,retrieval,737.0,737.0,737.0
2025-11-10T10:41:00,1762751460000,SENSEX,2025-11-10T10:53:00,1762752180000,12,optimized,retrieval,737.0,737.0,737.0
2025-11-10T10:41:00,1762751460000,SENSEX,2025-11-10T10:54:00,1762752240000,13,optimized,retrieval,737.0,737.0,737.0
2025-11-10T10:41:00,1762751460000,SENSEX,2025-11-10T10:55:00,1762752300000,14,optimized,retrieval,737.0,737.0,737.0
2025-11-10T10:41:00,1762751460000,SENSEX,2025-11-10T10:56:00,1762752360000,15,optimized,retrieval,737.0,737.0,737.0
2025-11-10T10:41:00,1762751460000,SENSEX,2025-11-10T10:57:00,1762752420000,16,optimized,retrieval,737.0,737.0,737.0
2025-11-10T10:41:00,1762751460000,SENSEX,2025-11-10T10:58:00,1762752480000,17,optimized,retrieval,737.0,737.0,737.0
2025-11-10T10:41:00,1762751460000,SENSEX,2025-11-10T10:59:00,1762752540000,18,optimized,retrieval,737.0,737.0,737.0
2025-11-10T10:41:00,1762751460000,SENSEX,2025-11-10T11:00:00,1762752600000,19,optimized,retrieval,737.0,737.0,737.0
2025-11-10T10:41:00,1762751460000,SENSEX,2025-11-10T11:01:00,1762752660000,20,optimized,retrieval,737.0,737.0,737.0
2025-11-10T10:41:00,1762751460000,SENSEX,2025-11-10T11:02:00,1762752720000,21,optimized,retrieval,737.0,737.0,737.0
2025-11-10T10:41:00,1762751460000,SENSEX,2025-11-10T11:03:00,1762752780000,22,optimized,retrieval,737.0,737.0,737.0
2025-11-10T10:41:00,1762751460000,SENSEX,2025-11-10T11:04:00,1762752840000,23,optimized,retrieval,737.0,737.0,737.0
2025-11-10T10:41:00,1762751460000,SENSEX,2025-11-10T11:05:00,1762752900000,24,optimized,retrieval,737.0,737.0,737.0
2025-11-10T10:41:00,1762751460000,SENSEX,2025-11-10T11:06:00,1762752960000,25,optimized,retrieval,737.0,737.0,737.0
2025-11-10T10:41:00,1762751460000,SENSEX,2025-11-10T11:07:00,1762753020000,26,optimized,retrieval,737.0,737.0,737.0
2025-11-10T10:41:00,1762751460000,SENSEX,2025-11-10T11:08:00,1762753080000,27,optimized,retrieval,737.0,737.0,737.0
2025-11-10T10:41:00,1762751460000,SENSEX,2025-11-10T11:09:00,1762753140000,28,optimized,retrieval,737.0,737.0,737.0
2025-11-10T10:41:00,1762751460000,SENSEX,2025-11-10T11:10:00,1762753200000,29,optimized,retrieval,737.0,737.0,737.0
2025-11-10T10:41:00,1762751460000,SENSEX,2025-11-10T11:11:00,1762753260000,30,optimized,retrieval,737.0,737.0,737.0
2025-11-10T10:41:00,1762751460000,SENSEX,2025-11-10T11:12:00,1762753320000,31,optimized,retrieval,737.0,737.0,737.0
2025-11-10T10:41:00,1762751460000,SENSEX,2025-11-10T11:13:00,1762753380000,32,optimized,retrieval,737.0,737.0,737.0
2025-11-10T10:41:00,1762751460000,SENSEX,2025-11-10T11:14:00,1762753440000,33,optimized,retrieval,737.0,737.0,737.0
2025-11-10T10:41:00,1762751460000,SENSEX,2025-11-10T11:15:00,1762753500000,34,optimized,retrieval,737.0,737.0,737.0
2025-11-10T10:41:00,1762751460000,SENSEX,2025-11-10T11:16:00,1762753560000,35,optimized,retrieval,737.0,737.0,737.0
2025-11-10T10:41:00,1762751460000,SENSEX,2025-11-10T11:17:00,1762753620000,36,optimized,retrieval,737.0,737.0,737.0
2025-11-10T10:41:00,1762751460000,SENSEX,2025-11-10T11:18:00,1762753680000,37,optimized,retrieval,737.0,737.0,737.0
2025-11-10T10:41:00,1762751460000,SENSEX,2025-11-10T11:19:00,1762753740000,38,optimized,retrieval,737.0,737.0,737.0
2025-11-10T10:41:00,1762751460000,SENSEX,2025-11-10T11:20:00,1762753800000,39,optimized,retrieval,737.0,737.0,737.0
2025-11-10T10:41:00,1762751460000,SENSEX,2025-11-10T11:21:00,1762753860000,40,optimized,retrieval,737.0,737.0,737.0
2025-11-10T10:41:00,1762751460000,SENSEX,2025-11-10T11:22:00,1762753920000,41,optimized,retrieval,737.0,737.0,737.0
2025-11-10T10:41:00,1762751460000,SENSEX,2025-11-10T11:23:00,1762753980000,42,optimized,retrieval,737.0,737.0,737.0
2025-11-10T10:41:00,1762751460000,SENSEX,2025-11-10T11:24:00,1762754040000,43,optimized,retrieval,737.0,737.0,737.0
2025-11-10T10:41:00,1762751460000,SENSEX,2025-11-10T11:25:00,1762754100000,44,optimized,retrieval,737.0,737.0,737.0
2025-11-10T10:41:00,1762751460000,SENSEX,2025-11-10T11:26:00,1762754160000,45,optimized,retrieval,737.0,737.0,737.0
2025-11-10T10:41:00,1762751460000,SENSEX,2025-11-10T11:27:00,1762754220000,46,optimized,retrieval,737.0,737.0,737.0
2025-11-10T10:41:00,1762751460000,SENSEX,2025-11-10T11:28:00,1762754280000,47,optimized,retrieval,737.0,737.0,737.0
2025-11-10T10:41:00,1762751460000,SENSEX,2025-11-10T11:29:00,1762754340000,48,optimized,retrieval,737.0,737.0,737.0
2025-11-10T10:41:00,1762751460000,SENSEX,2025-11-10T11:30:00,1762754400000,49,optimized,retrieval,737.0,737.0,737.0
2025-11-10T10:41:00,1762751460000,SENSEX,2025-11-10T11:31:00,1762754460000,50,optimized,retrieval,737.0,737.0,737.0
2025-11-10T10:41:00,1762751460000,SENSEX,2025-11-10T11:32:00,1762754520000,51,optimized,retrieval,737.0,737.0,737.0
2025-11-10T10:41:00,1762751460000,SENSEX,2025-11-10T11:33:00,1762754580000,52,optimized,retrieval,737.0,737.0,737.0
2025-11-10T10:41:00,1762751460000,SENSEX,2025-11-10T11:34:00,1762754640000,53,optimized,retrieval,737.0,737.0,737.0
2025-11-10T10:41:00,1762751460000,SENSEX,2025-11-10T11:35:00,1762754700000,54,optimized,retrieval,737.0,737.0,737.0
2025-11-10T10:41:00,1762751460000,SENSEX,2025-11-10T11:36:00,1762754760000,55,optimized,retrieval,737.0,737.0,737.0
2025-11-10T10:41:00,1762751460000,SENSEX,2025-11-10T11:37:00,1762754820000,56,optimized,retrieval,737.0,737.0,737.0
2025-11-10T10:41:00,1762751460000,SENSEX,2025-11-10T11:38:00,1762754880000,57,optimized,retrieval,737.0,737.0,737.0
2025-11-10T10:41:00,1762751460000,SENSEX,2025-11-10T11:39:00,1762754940000,58,optimized,retrieval,737.0,737.0,737.0
2025-11-10T10:41:00,1762751460000,SENSEX,2025-11-10T11:40:00,1762755000000,59,optimized,retrieval,737.0,737.0,737.0
2025-11-10T10:41:00,1762751460000,SENSEX,2025-11-10T11:41:00,1762755060000,60,optimized,retrieval,737.0,737.0,737.0
2025-11-10T10:54:30,1762752270000,SENSEX,2025-11-10T10:55:30,1762752330000,1,,hybrid,723.8236691648698,731.55,744.8978245399395
2025-11-10T10:54:30,1762752270000,SENSEX,2025-11-10T10:56:30,1762752390000,2,,hybrid,724.1687008616368,731.6430696348325,749.5895739515692
2025-11-10T10:54:30,1762752270000,SENSEX,2025-11-10T10:57:30,1762752450000,3,,hybrid,722.6251246922714,730.7492302935307,749.2859119275565
2025-11-10T10:54:30,1762752270000,SENSEX,2025-11-10T10:58:30,1762752510000,4,,hybrid,723.95065561203,730.093891335145,747.5348643783344
2025-11-10T10:54:30,1762752270000,SENSEX,2025-11-10T10:59:30,1762752570000,5,,hybrid,723.560323256166,729.221539665045,748.0020791700462
2025-11-10T10:54:30,1762752270000,SENSEX,2025-11-10T11:00:30,1762752630000,6,,hybrid,724.7732462392491,729.5049720041612,747.9679473787402
2025-11-10T10:54:30,1762752270000,SENSEX,2025-11-10T11:01:30,1762752690000,7,,hybrid,722.7221251038062,731.8747735128132,749.8649636004121
2025-11-10T10:54:30,1762752270000,SENSEX,2025-11-10T11:02:30,1762752750000,8,,hybrid,726.2842245011944,731.706466063552,749.9378165002814
2025-11-10T10:54:30,1762752270000,SENSEX,2025-11-10T11:03:30,1762752810000,9,,hybrid,722.5682822966223,730.3375106478417,743.4539415911177
2025-11-10T10:54:30,1762752270000,SENSEX,2025-11-10T11:04:30,1762752870000,10,,hybrid,725.0019876305704,732.1394203319043,749.4081753182537
2025-11-10T10:54:30,1762752270000,SENSEX,2025-11-10T11:05:30,1762752930000,11,,hybrid,722.2982514547383,731.7791394227027,747.2082682887316
2025-11-10T10:54:30,1762752270000,SENSEX,2025-11-10T11:06:30,1762752990000,12,,hybrid,714.9776873326961,729.2809441870587,742.8292815762211
2025-11-10T10:54:30,1762752270000,SENSEX,2025-11-10T11:07:30,1762753050000,13,,hybrid,722.6518372703468,730.4571863307575,746.6305768894397
2025-11-10T10:54:30,1762752270000,SENSEX,2025-11-10T11:08:30,1762753110000,14,,hybrid,722.398813177932,729.6871569617194,741.0818936774367
2025-11-10T10:54:30,1762752270000,SENSEX,2025-11-10T11:09:30,1762753170000,15,,hybrid,720.0727223428244,729.6519690902365,747.4708727896385
2025-11-10T10:54:30,1762752270000,SENSEX,2025-11-10T11:10:30,1762753230000,16,,hybrid,716.8783744916194,727.4794084953821,743.8654536106783
2025-11-10T10:54:30,1762752270000,SENSEX,2025-11-10T11:11:30,1762753290000,17,,hybrid,718.1251757381629,728.5259738743677,746.6482308536544
2025-11-10T10:54:30,1762752270000,SENSEX,2025-11-10T11:12:30,1762753350000,18,,hybrid,719.1411692709894,728.551777360027,748.9682894389922
2025-11-10T10:54:30,1762752270000,SENSEX,2025-11-10T11:13:30,1762753410000,19,,hybrid,717.826794505565,729.6897067650942,752.9058822821426
2025-11-10T10:54:30,1762752270000,SENSEX,2025-11-10T11:14:30,1762753470000,20,,hybrid,717.7770282205555,728.1579694733525,755.265604217322
2025-11-10T10:54:30,1762752270000,SENSEX,2025-11-10T11:15:30,1762753530000,21,,hybrid,717.3826035374368,729.5911331976528,742.5142375190669
2025-11-10T10:54:30,1762752270000,SENSEX,2025-11-10T11:16:30,1762753590000,22,,hybrid,715.5802572815388,728.8963790927712,753.8507938896685
2025-11-10T10:54:30,1762752270000,SENSEX,2025-11-10T11:17:30,1762753650000,23,,hybrid,714.9092411475225,728.5462619863891,744.3230422471067
2025-11-10T10:54:30,1762752270000,SENSEX,2025-11-10T11:18:30,1762753710000,24,,hybrid,717.1577349257972,728.7757395429487,755.075780595093
2025-11-10T10:54:30,1762752270000,SENSEX,2025-11-10T11:19:30,1762753770000,25,,hybrid,713.6672084568069,728.6086881839736,754.5670444739083
2025-11-10T10:54:30,1762752270000,SENSEX,2025-11-10T11:20:30,1762753830000,26,,hybrid,708.8287999011619,728.3436827275685,751.7073149170797
2025-11-10T10:54:30,1762752270000,SENSEX,2025-11-10T11:21:30,1762753890000,27,,hybrid,715.9456040626111,729.4587982866697,760.7877088667739
2025-11-10T10:54:30,1762752270000,SENSEX,2025-11-10T11:22:30,1762753950000,28,,hybrid,714.06174338888,727.017961020427,750.6764951141648
2025-11-10T10:54:30,1762752270000,SENSEX,2025-11-10T11:23:30,1762754010000,29,,hybrid,715.5877659237193,725.896621820482,748.6478378871519
2025-11-10T10:54:30,1762752270000,SENSEX,2025-11-10T11:24:30,1762754070000,30,,hybrid,715.4280712567742,726.9124014165662,753.0292098100251
2025-11-10T10:54:30,1762752270000,SENSEX,2025-11-10T11:25:30,1762754130000,31,,hybrid,716.1770006499919,726.8850502546799,752.3141945868392
2025-11-10T10:54:30,1762752270000,SENSEX,2025-11-10T11:26:30,1762754190000,32,,hybrid,711.6276450202967,725.6779200630666,747.5532495640914
2025-11-10T10:54:30,1762752270000,SENSEX,2025-11-10T11:27:30,1762754250000,33,,hybrid,712.7914710348097,728.2971681282364,746.2576340260886
2025-11-10T10:54:30,1762752270000,SENSEX,2025-11-10T11:28:30,1762754310000,34,,hybrid,708.7413124516456,726.2919806742791,748.5871254065365
2025-11-10T10:54:30,1762752270000,SENSEX,2025-11-10T11:29:30,1762754370000,35,,hybrid,710.2321833601828,725.3905032833605,740.9432001179944
2025-11-10T10:54:30,1762752270000,SENSEX,2025-11-10T11:30:30,1762754430000,36,,hybrid,706.827417459061,727.9710991659828,745.8161379028737
2025-11-10T10:54:30,1762752270000,SENSEX,2025-11-10T11:31:30,1762754490000,37,,hybrid,714.397207114841,727.3889038437173,739.3919327653509
2025-11-10T10:54:30,1762752270000,SENSEX,2025-11-10T11:32:30,1762754550000,38,,hybrid,705.6437848373391,725.9723827752786,744.9449220217311
2025-11-10T10:54:30,1762752270000,SENSEX,2025-11-10T11:33:30,1762754610000,39,,hybrid,706.0165492333917,726.7085274330849,745.2858534176097
2025-11-10T10:54:30,1762752270000,SENSEX,2025-11-10T11:34:30,1762754670000,40,,hybrid,705.5933103443055,726.6936632755846,745.7408395352536
2025-11-10T10:54:30,1762752270000,SENSEX,2025-11-10T11:35:30,1762754730000,41,,hybrid,705.5090930913401,725.78272281083,741.9370575313369
2025-11-10T10:54:30,1762752270000,SENSEX,2025-11-10T11:36:30,1762754790000,42,,hybrid,707.3561392249019,725.8500424197834,741.7563124333413
2025-11-10T10:54:30,1762752270000,SENSEX,2025-11-10T11:37:30,1762754850000,43,,hybrid,701.9737953550886,727.1746845715729,740.3163466990181
2025-11-10T10:54:30,1762752270000,SENSEX,2025-11-10T11:38:30,1762754910000,44,,hybrid,700.6080827227638,725.9858936917458,749.879989470425
2025-11-10T10:54:30,1762752270000,SENSEX,2025-11-10T11:39:30,1762754970000,45,,hybrid,700.9253658465063,727.4798857351897,750.5999394669492
2025-11-10T10:54:30,1762752270000,SENSEX,2025-11-10T11:40:30,1762755030000,46,,hybrid,703.9957413920071,727.5541476572741,746.1294848872549
2025-11-10T10:54:30,1762752270000,SENSEX,2025-11-10T11:41:30,1762755090000,47,,hybrid,701.1328424375807,726.472897864173,747.3799858576388
2025-11-10T10:54:30,1762752270000,SENSEX,2025-11-10T11:42:30,1762755150000,48,,hybrid,701.9716725088902,727.9514508081767,749.646030511991
2025-11-10T10:54:30,1762752270000,SENSEX,2025-11-10T11:43:30,1762755210000,49,,hybrid,701.4872861490795,728.3132361267863,751.7354772576332
2025-11-10T10:54:30,1762752270000,SENSEX,2025-11-10T11:44:30,1762755270000,50,,hybrid,701.2311121117517,727.3229030636554,749.1501304322412
2025-11-10T10:54:30,1762752270000,SENSEX,2025-11-10T11:45:30,1762755330000,51,,hybrid,698.0796430523912,727.7341656809672,751.7111576565134
2025-11-10T10:54:30,1762752270000,SENSEX,2025-11-10T11:46:30,1762755390000,52,,hybrid,701.598684814817,727.8150183363528,748.4512460188637
2025-11-10T10:54:30,1762752270000,SENSEX,2025-11-10T11:47:30,1762755450000,53,,hybrid,700.7233903565331,726.4864564803783,748.3102271387178
2025-11-10T10:54:30,1762752270000,SENSEX,2025-11-10T11:48:30,1762755510000,54,,hybrid,695.4434488501481,727.9657527311437,743.3854061480789
2025-11-10T10:54:30,1762752270000,SENSEX,2025-11-10T11:49:30,1762755570000,55,,hybrid,694.7527365118531,728.4793263399454,747.6790625687548
2025-11-10T10:54:30,1762752270000,SENSEX,2025-11-10T11:50:30,1762755630000,56,,hybrid,696.407827889208,726.2744744919056,741.263600560797
2025-11-10T10:54:30,1762752270000,SENSEX,2025-11-10T11:51:30,1762755690000,57,,hybrid,693.6741353871603,729.6039642110399,741.6633805713187
2025-11-10T10:54:30,1762752270000,SENSEX,2025-11-10T11:52:30,1762755750000,58,,hybrid,696.200431999652,728.7211088808865,740.9727304574727
2025-11-10T10:54:30,1762752270000,SENSEX,2025-11-10T11:53:30,1762755810000,59,,hybrid,693.3548965575942,725.6913026969114,739.8603748785447
2025-11-10T10:54:30,1762752270000,SENSEX,2025-11-10T11:54:30,1762755870000,60,,hybrid,696.7944100406526,728.4395239920641,740.8063313526156
2025-11-10T10:54:30,1762752270000,SENSEX,2025-11-10T10:55:30,1762752330000,1,,hybrid,723.8236691648698,731.55,744.8978245399395
2025-11-10T10:54:30,1762752270000,SENSEX,2025-11-10T10:56:30,1762752390000,2,,hybrid,724.1687008616368,731.6430696348325,749.5895739515692
2025-11-10T10:54:30,1762752270000,SENSEX,2025-11-10T10:57:30,1762752450000,3,,hybrid,722.6251246922714,730.7492302935307,749.2859119275565
2025-11-10T10:54:30,1762752270000,SENSEX,2025-11-10T10:58:30,1762752510000,4,,hybrid,723.95065561203,730.093891335145,747.5348643783344
2025-11-10T10:54:30,1762752270000,SENSEX,2025-11-10T10:59:30,1762752570000,5,,hybrid,723.560323256166,729.221539665045,748.0020791700462
2025-11-10T10:54:30,1762752270000,SENSEX,2025-11-10T11:00:30,1762752630000,6,,hybrid,724.7732462392491,729.5049720041612,747.9679473787402
2025-11-10T10:54:30,1762752270000,SENSEX,2025-11-10T11:01:30,1762752690000,7,,hybrid,722.7221251038062,731.8747735128132,749.8649636004121
2025-11-10T10:54:30,1762752270000,SENSEX,2025-11-10T11:02:30,1762752750000,8,,hybrid,726.2842245011944,731.706466063552,749.9378165002814
2025-11-10T10:54:30,1762752270000,SENSEX,2025-11-10T11:03:30,1762752810000,9,,hybrid,722.5682822966223,730.3375106478417,743.4539415911177
2025-11-10T10:54:30,1762752270000,SENSEX,2025-11-10T11:04:30,1762752870000,10,,hybrid,725.0019876305704,732.1394203319043,749.4081753182537
2025-11-10T10:54:30,1762752270000,SENSEX,2025-11-10T11:05:30,1762752930000,11,,hybrid,722.2982514547383,731.7791394227027,747.2082682887316
2025-11-10T10:54:30,1762752270000,SENSEX,2025-11-10T11:06:30,1762752990000,12,,hybrid,714.9776873326961,729.2809441870587,742.8292815762211
2025-11-10T10:54:30,1762752270000,SENSEX,2025-11-10T11:07:30,1762753050000,13,,hybrid,722.6518372703468,730.4571863307575,746.6305768894397
2025-11-10T10:54:30,1762752270000,SENSEX,2025-11-10T11:08:30,1762753110000,14,,hybrid,722.398813177932,729.6871569617194,741.0818936774367
2025-11-10T10:54:30,1762752270000,SENSEX,2025-11-10T11:09:30,1762753170000,15,,hybrid,720.0727223428244,729.6519690902365,747.4708727896385
2025-11-10T10:54:30,1762752270000,SENSEX,2025-11-10T11:10:30,1762753230000,16,,hybrid,716.8783744916194,727.4794084953821,743.8654536106783
2025-11-10T10:54:30,1762752270000,SENSEX,2025-11-10T11:11:30,1762753290000,17,,hybrid,718.1251757381629,728.5259738743677,746.6482308536544
2025-11-10T10:54:30,1762752270000,SENSEX,2025-11-10T11:12:30,1762753350000,18,,hybrid,719.1411692709894,728.551777360027,748.9682894389922
2025-11-10T10:54:30,1762752270000,SENSEX,2025-11-10T11:13:30,1762753410000,19,,hybrid,717.826794505565,729.6897067650942,752.9058822821426
2025-11-10T10:54:30,1762752270000,SENSEX,2025-11-10T11:14:30,1762753470000,20,,hybrid,717.7770282205555,728.1579694733525,755.265604217322
2025-11-10T10:54:30,1762752270000,SENSEX,2025-11-10T11:15:30,1762753530000,21,,hybrid,717.3826035374368,729.5911331976528,742.5142375190669
2025-11-10T10:54:30,1762752270000,SENSEX,2025-11-10T11:16:30,1762753590000,22,,hybrid,715.5802572815388,728.8963790927712,753.8507938896685
2025-11-10T10:54:30,1762752270000,SENSEX,2025-11-10T11:17:30,1762753650000,23,,hybrid,714.9092411475225,728.5462619863891,744.3230422471067
2025-11-10T10:54:30,1762752270000,SENSEX,2025-11-10T11:18:30,1762753710000,24,,hybrid,717.1577349257972,728.7757395429487,755.075780595093
2025-11-10T10:54:30,1762752270000,SENSEX,2025-11-10T11:19:30,1762753770000,25,,hybrid,713.6672084568069,728.6086881839736,754.5670444739083
2025-11-10T10:54:30,1762752270000,SENSEX,2025-11-10T11:20:30,1762753830000,26,,hybrid,708.8287999011619,728.3436827275685,751.7073149170797
2025-11-10T10:54:30,1762752270000,SENSEX,2025-11-10T11:21:30,1762753890000,27,,hybrid,715.9456040626111,729.4587982866697,760.7877088667739
2025-11-10T10:54:30,1762752270000,SENSEX,2025-11-10T11:22:30,1762753950000,28,,hybrid,714.06174338888,727.017961020427,750.6764951141648
2025-11-10T10:54:30,1762752270000,SENSEX,2025-11-10T11:23:30,1762754010000,29,,hybrid,715.5877659237193,725.896621820482,748.6478378871519
2025-11-10T10:54:30,1762752270000,SENSEX,2025-11-10T11:24:30,1762754070000,30,,hybrid,715.4280712567742,726.9124014165662,753.0292098100251
2025-11-10T10:54:30,1762752270000,SENSEX,2025-11-10T11:25:30,1762754130000,31,,hybrid,716.1770006499919,726.8850502546799,752.3141945868392
2025-11-10T10:54:30,1762752270000,SENSEX,2025-11-10T11:26:30,1762754190000,32,,hybrid,711.6276450202967,725.6779200630666,747.5532495640914
2025-11-10T10:54:30,1762752270000,SENSEX,2025-11-10T11:27:30,1762754250000,33,,hybrid,712.7914710348097,728.2971681282364,746.2576340260886
2025-11-10T10:54:30,1762752270000,SENSEX,2025-11-10T11:28:30,1762754310000,34,,hybrid,708.7413124516456,726.2919806742791,748.5871254065365
2025-11-10T10:54:30,1762752270000,SENSEX,2025-11-10T11:29:30,1762754370000,35,,hybrid,710.2321833601828,725.3905032833605,740.9432001179944
2025-11-10T10:54:30,1762752270000,SENSEX,2025-11-10T11:30:30,1762754430000,36,,hybrid,706.827417459061,727.9710991659828,745.8161379028737
2025-11-10T10:54:30,1762752270000,SENSEX,2025-11-10T11:31:30,1762754490000,37,,hybrid,714.397207114841,727.3889038437173,739.3919327653509
2025-11-10T10:54:30,1762752270000,SENSEX,2025-11-10T11:32:30,1762754550000,38,,hybrid,705.6437848373391,725.9723827752786,744.9449220217311
2025-11-10T10:54:30,1762752270000,SENSEX,2025-11-10T11:33:30,1762754610000,39,,hybrid,706.0165492333917,726.7085274330849,745.2858534176097
2025-11-10T10:54:30,1762752270000,SENSEX,2025-11-10T11:34:30,1762754670000,40,,hybrid,705.5933103443055,726.6936632755846,745.7408395352536
2025-11-10T10:54:30,1762752270000,SENSEX,2025-11-10T11:35:30,1762754730000,41,,hybrid,705.5090930913401,725.78272281083,741.9370575313369
2025-11-10T10:54:30,1762752270000,SENSEX,2025-11-10T11:36:30,1762754790000,42,,hybrid,707.3561392249019,725.8500424197834,741.7563124333413
2025-11-10T10:54:30,1762752270000,SENSEX,2025-11-10T11:37:30,1762754850000,43,,hybrid,701.9737953550886,727.1746845715729,740.3163466990181
2025-11-10T10:54:30,1762752270000,SENSEX,2025-11-10T11:38:30,1762754910000,44,,hybrid,700.6080827227638,725.9858936917458,749.879989470425
2025-11-10T10:54:30,1762752270000,SENSEX,2025-11-10T11:39:30,1762754970000,45,,hybrid,700.9253658465063,727.4798857351897,750.5999394669492
2025-11-10T10:54:30,1762752270000,SENSEX,2025-11-10T11:40:30,1762755030000,46,,hybrid,703.9957413920071,727.5541476572741,746.1294848872549
2025-11-10T10:54:30,1762752270000,SENSEX,2025-11-10T11:41:30,1762755090000,47,,hybrid,701.1328424375807,726.472897864173,747.3799858576388
2025-11-10T10:54:30,1762752270000,SENSEX,2025-11-10T11:42:30,1762755150000,48,,hybrid,701.9716725088902,727.9514508081767,749.646030511991
2025-11-10T10:54:30,1762752270000,SENSEX,2025-11-10T11:43:30,1762755210000,49,,hybrid,701.4872861490795,728.3132361267863,751.7354772576332
2025-11-10T10:54:30,1762752270000,SENSEX,2025-11-10T11:44:30,1762755270000,50,,hybrid,701.2311121117517,727.3229030636554,749.1501304322412
2025-11-10T10:54:30,1762752270000,SENSEX,2025-11-10T11:45:30,1762755330000,51,,hybrid,698.0796430523912,727.7341656809672,751.7111576565134
2025-11-10T10:54:30,1762752270000,SENSEX,2025-11-10T11:46:30,1762755390000,52,,hybrid,701.598684814817,727.8150183363528,748.4512460188637
2025-11-10T10:54:30,1762752270000,SENSEX,2025-11-10T11:47:30,1762755450000,53,,hybrid,700.7233903565331,726.4864564803783,748.3102271387178
2025-11-10T10:54:30,1762752270000,SENSEX,2025-11-10T11:48:30,1762755510000,54,,hybrid,695.4434488501481,727.9657527311437,743.3854061480789
2025-11-10T10:54:30,1762752270000,SENSEX,2025-11-10T11:49:30,1762755570000,55,,hybrid,694.7527365118531,728.4793263399454,747.6790625687548
2025-11-10T10:54:30,1762752270000,SENSEX,2025-11-10T11:50:30,1762755630000,56,,hybrid,696.407827889208,726.2744744919056,741.263600560797
2025-11-10T10:54:30,1762752270000,SENSEX,2025-11-10T11:51:30,1762755690000,57,,hybrid,693.6741353871603,729.6039642110399,741.6633805713187
2025-11-10T10:54:30,1762752270000,SENSEX,2025-11-10T11:52:30,1762755750000,58,,hybrid,696.200431999652,728.7211088808865,740.9727304574727
2025-11-10T10:54:30,1762752270000,SENSEX,2025-11-10T11:53:30,1762755810000,59,,hybrid,693.3548965575942,725.6913026969114,739.8603748785447
2025-11-10T10:54:30,1762752270000,SENSEX,2025-11-10T11:54:30,1762755870000,60,,hybrid,696.7944100406526,728.4395239920641,740.8063313526156
2025-11-10T10:54:30,1762752270000,SENSEX,2025-11-10T10:55:30,1762752330000,1,,hybrid,723.8236691648698,731.55,744.8978245399395
2025-11-10T10:54:30,1762752270000,SENSEX,2025-11-10T10:56:30,1762752390000,2,,hybrid,724.1687008616368,731.6430696348325,749.5895739515692
2025-11-10T10:54:30,1762752270000,SENSEX,2025-11-10T10:57:30,1762752450000,3,,hybrid,722.6251246922714,730.7492302935307,749.2859119275565
2025-11-10T10:54:30,1762752270000,SENSEX,2025-11-10T10:58:30,1762752510000,4,,hybrid,723.95065561203,730.093891335145,747.5348643783344
2025-11-10T10:54:30,1762752270000,SENSEX,2025-11-10T10:59:30,1762752570000,5,,hybrid,723.560323256166,729.221539665045,748.0020791700462
2025-11-10T10:54:30,1762752270000,SENSEX,2025-11-10T11:00:30,1762752630000,6,,hybrid,724.7732462392491,729.5049720041612,747.9679473787402
2025-11-10T10:54:30,1762752270000,SENSEX,2025-11-10T11:01:30,1762752690000,7,,hybrid,722.7221251038062,731.8747735128132,749.8649636004121
2025-11-10T10:54:30,1762752270000,SENSEX,2025-11-10T11:02:30,1762752750000,8,,hybrid,726.2842245011944,731.706466063552,749.9378165002814
2025-11-10T10:54:30,1762752270000,SENSEX,2025-11-10T11:03:30,1762752810000,9,,hybrid,722.5682822966223,730.3375106478417,743.4539415911177
2025-11-10T10:54:30,1762752270000,SENSEX,2025-11-10T11:04:30,1762752870000,10,,hybrid,725.0019876305704,732.1394203319043,749.4081753182537
2025-11-10T10:54:30,1762752270000,SENSEX,2025-11-10T11:05:30,1762752930000,11,,hybrid,722.2982514547383,731.7791394227027,747.2082682887316
2025-11-10T10:54:30,1762752270000,SENSEX,2025-11-10T11:06:30,1762752990000,12,,hybrid,714.9776873326961,729.2809441870587,742.8292815762211
2025-11-10T10:54:30,1762752270000,SENSEX,2025-11-10T11:07:30,1762753050000,13,,hybrid,722.6518372703468,730.4571863307575,746.6305768894397
2025-11-10T10:54:30,1762752270000,SENSEX,2025-11-10T11:08:30,1762753110000,14,,hybrid,722.398813177932,729.6871569617194,741.0818936774367
2025-11-10T10:54:30,1762752270000,SENSEX,2025-11-10T11:09:30,1762753170000,15,,hybrid,720.0727223428244,729.6519690902365,747.4708727896385
2025-11-10T10:54:30,1762752270000,SENSEX,2025-11-10T11:10:30,1762753230000,16,,hybrid,716.8783744916194,727.4794084953821,743.8654536106783
2025-11-10T10:54:30,1762752270000,SENSEX,2025-11-10T11:11:30,1762753290000,17,,hybrid,718.1251757381629,728.5259738743677,746.6482308536544
2025-11-10T10:54:30,1762752270000,SENSEX,2025-11-10T11:12:30,1762753350000,18,,hybrid,719.1411692709894,728.551777360027,748.9682894389922
2025-11-10T10:54:30,1762752270000,SENSEX,2025-11-10T11:13:30,1762753410000,19,,hybrid,717.826794505565,729.6897067650942,752.9058822821426
2025-11-10T10:54:30,1762752270000,SENSEX,2025-11-10T11:14:30,1762753470000,20,,hybrid,717.7770282205555,728.1579694733525,755.265604217322
2025-11-10T10:54:30,1762752270000,SENSEX,2025-11-10T11:15:30,1762753530000,21,,hybrid,717.3826035374368,729.5911331976528,742.5142375190669
2025-11-10T10:54:30,1762752270000,SENSEX,2025-11-10T11:16:30,1762753590000,22,,hybrid,715.5802572815388,728.8963790927712,753.8507938896685
2025-11-10T10:54:30,1762752270000,SENSEX,2025-11-10T11:17:30,1762753650000,23,,hybrid,714.9092411475225,728.5462619863891,744.3230422471067
2025-11-10T10:54:30,1762752270000,SENSEX,2025-11-10T11:18:30,1762753710000,24,,hybrid,717.1577349257972,728.7757395429487,755.075780595093
2025-11-10T10:54:30,1762752270000,SENSEX,2025-11-10T11:19:30,1762753770000,25,,hybrid,713.6672084568069,728.6086881839736,754.5670444739083
2025-11-10T10:54:30,1762752270000,SENSEX,2025-11-10T11:20:30,1762753830000,26,,hybrid,708.8287999011619,728.3436827275685,751.7073149170797
2025-11-10T10:54:30,1762752270000,SENSEX,2025-11-10T11:21:30,1762753890000,27,,hybrid,715.9456040626111,729.4587982866697,760.7877088667739
2025-11-10T10:54:30,1762752270000,SENSEX,2025-11-10T11:22:30,1762753950000,28,,hybrid,714.06174338888,727.017961020427,750.6764951141648
2025-11-10T10:54:30,1762752270000,SENSEX,2025-11-10T11:23:30,1762754010000,29,,hybrid,715.5877659237193,725.896621820482,748.6478378871519
2025-11-10T10:54:30,1762752270000,SENSEX,2025-11-10T11:24:30,1762754070000,30,,hybrid,715.4280712567742,726.9124014165662,753.0292098100251
2025-11-10T10:54:30,1762752270000,SENSEX,2025-11-10T11:25:30,1762754130000,31,,hybrid,716.1770006499919,726.8850502546799,752.3141945868392
2025-11-10T10:54:30,1762752270000,SENSEX,2025-11-10T11:26:30,1762754190000,32,,hybrid,711.6276450202967,725.6779200630666,747.5532495640914
2025-11-10T10:54:30,1762752270000,SENSEX,2025-11-10T11:27:30,1762754250000,33,,hybrid,712.7914710348097,728.2971681282364,746.2576340260886
2025-11-10T10:54:30,1762752270000,SENSEX,2025-11-10T11:28:30,1762754310000,34,,hybrid,708.7413124516456,726.2919806742791,748.5871254065365
2025-11-10T10:54:30,1762752270000,SENSEX,2025-11-10T11:29:30,1762754370000,35,,hybrid,710.2321833601828,725.3905032833605,740.9432001179944
2025-11-10T10:54:30,1762752270000,SENSEX,2025-11-10T11:30:30,1762754430000,36,,hybrid,706.827417459061,727.9710991659828,745.8161379028737
2025-11-10T10:54:30,1762752270000,SENSEX,2025-11-10T11:31:30,1762754490000,37,,hybrid,714.397207114841,727.3889038437173,739.3919327653509
2025-11-10T10:54:30,1762752270000,SENSEX,2025-11-10T11:32:30,1762754550000,38,,hybrid,705.6437848373391,725.9723827752786,744.9449220217311
2025-11-10T10:54:30,1762752270000,SENSEX,2025-11-10T11:33:30,1762754610000,39,,hybrid,706.0165492333917,726.7085274330849,745.2858534176097
2025-11-10T10:54:30,1762752270000,SENSEX,2025-11-10T11:34:30,1762754670000,40,,hybrid,705.5933103443055,726.6936632755846,745.7408395352536
2025-11-10T10:54:30,1762752270000,SENSEX,2025-11-10T11:35:30,1762754730000,41,,hybrid,705.5090930913401,725.78272281083,741.9370575313369
2025-11-10T10:54:30,1762752270000,SENSEX,2025-11-10T11:36:30,1762754790000,42,,hybrid,707.3561392249019,725.8500424197834,741.7563124333413
2025-11-10T10:54:30,1762752270000,SENSEX,2025-11-10T11:37:30,1762754850000,43,,hybrid,701.9737953550886,727.1746845715729,740.3163466990181
2025-11-10T10:54:30,1762752270000,SENSEX,2025-11-10T11:38:30,1762754910000,44,,hybrid,700.6080827227638,725.9858936917458,749.879989470425
2025-11-10T10:54:30,1762752270000,SENSEX,2025-11-10T11:39:30,1762754970000,45,,hybrid,700.9253658465063,727.4798857351897,750.5999394669492
2025-11-10T10:54:30,1762752270000,SENSEX,2025-11-10T11:40:30,1762755030000,46,,hybrid,703.9957413920071,727.5541476572741,746.1294848872549
2025-11-10T10:54:30,1762752270000,SENSEX,2025-11-10T11:41:30,1762755090000,47,,hybrid,701.1328424375807,726.472897864173,747.3799858576388
2025-11-10T10:54:30,1762752270000,SENSEX,2025-11-10T11:42:30,1762755150000,48,,hybrid,701.9716725088902,727.9514508081767,749.646030511991
2025-11-10T10:54:30,1762752270000,SENSEX,2025-11-10T11:43:30,1762755210000,49,,hybrid,701.4872861490795,728.3132361267863,751.7354772576332
2025-11-10T10:54:30,1762752270000,SENSEX,2025-11-10T11:44:30,1762755270000,50,,hybrid,701.2311121117517,727.3229030636554,749.1501304322412
2025-11-10T10:54:30,1762752270000,SENSEX,2025-11-10T11:45:30,1762755330000,51,,hybrid,698.0796430523912,727.7341656809672,751.7111576565134
2025-11-10T10:54:30,1762752270000,SENSEX,2025-11-10T11:46:30,1762755390000,52,,hybrid,701.598684814817,727.8150183363528,748.4512460188637
2025-11-10T10:54:30,1762752270000,SENSEX,2025-11-10T11:47:30,1762755450000,53,,hybrid,700.7233903565331,726.4864564803783,748.3102271387178
2025-11-10T10:54:30,1762752270000,SENSEX,2025-11-10T11:48:30,1762755510000,54,,hybrid,695.4434488501481,727.9657527311437,743.3854061480789
2025-11-10T10:54:30,1762752270000,SENSEX,2025-11-10T11:49:30,1762755570000,55,,hybrid,694.7527365118531,728.4793263399454,747.6790625687548
2025-11-10T10:54:30,1762752270000,SENSEX,2025-11-10T11:50:30,1762755630000,56,,hybrid,696.407827889208,726.2744744919056,741.263600560797
2025-11-10T10:54:30,1762752270000,SENSEX,2025-11-10T11:51:30,1762755690000,57,,hybrid,693.6741353871603,729.6039642110399,741.6633805713187
2025-11-10T10:54:30,1762752270000,SENSEX,2025-11-10T11:52:30,1762755750000,58,,hybrid,696.200431999652,728.7211088808865,740.9727304574727
2025-11-10T10:54:30,1762752270000,SENSEX,2025-11-10T11:53:30,1762755810000,59,,hybrid,693.3548965575942,725.6913026969114,739.8603748785447
2025-11-10T10:54:30,1762752270000,SENSEX,2025-11-10T11:54:30,1762755870000,60,,hybrid,696.7944100406526,728.4395239920641,740.8063313526156
2025-11-10T10:54:30,1762752270000,SENSEX,2025-11-10T10:55:30,1762752330000,1,optimized,retrieval,731.55,731.55,731.55
2025-11-10T10:54:30,1762752270000,SENSEX,2025-11-10T10:56:30,1762752390000,2,optimized,retrieval,731.55,731.55,731.55
2025-11-10T10:54:30,1762752270000,SENSEX,2025-11-10T10:57:30,1762752450000,3,optimized,retrieval,731.55,731.55,731.55
2025-11-10T10:54:30,1762752270000,SENSEX,2025-11-10T10:58:30,1762752510000,4,optimized,retrieval,731.55,731.55,731.55
2025-11-10T10:54:30,1762752270000,SENSEX,2025-11-10T10:59:30,1762752570000,5,optimized,retrieval,731.55,731.55,731.55
2025-11-10T10:54:30,1762752270000,SENSEX,2025-11-10T11:00:30,1762752630000,6,optimized,retrieval,731.55,731.55,731.55
2025-11-10T10:54:30,1762752270000,SENSEX,2025-11-10T11:01:30,1762752690000,7,optimized,retrieval,731.55,731.55,731.55
2025-11-10T10:54:30,1762752270000,SENSEX,2025-11-10T11:02:30,1762752750000,8,optimized,retrieval,731.55,731.55,731.55
2025-11-10T10:54:30,1762752270000,SENSEX,2025-11-10T11:03:30,1762752810000,9,optimized,retrieval,731.55,731.55,731.55
2025-11-10T10:54:30,1762752270000,SENSEX,2025-11-10T11:04:30,1762752870000,10,optimized,retrieval,731.55,731.55,731.55
2025-11-10T10:54:30,1762752270000,SENSEX,2025-11-10T11:05:30,1762752930000,11,optimized,retrieval,731.55,731.55,731.55
2025-11-10T10:54:30,1762752270000,SENSEX,2025-11-10T11:06:30,1762752990000,12,optimized,retrieval,731.55,731.55,731.55
2025-11-10T10:54:30,1762752270000,SENSEX,2025-11-10T11:07:30,1762753050000,13,optimized,retrieval,731.55,731.55,731.55
2025-11-10T10:54:30,1762752270000,SENSEX,2025-11-10T11:08:30,1762753110000,14,optimized,retrieval,731.55,731.55,731.55
2025-11-10T10:54:30,1762752270000,SENSEX,2025-11-10T11:09:30,1762753170000,15,optimized,retrieval,731.55,731.55,731.55
2025-11-10T10:54:30,1762752270000,SENSEX,2025-11-10T11:10:30,1762753230000,16,optimized,retrieval,731.55,731.55,731.55
2025-11-10T10:54:30,1762752270000,SENSEX,2025-11-10T11:11:30,1762753290000,17,optimized,retrieval,731.55,731.55,731.55
2025-11-10T10:54:30,1762752270000,SENSEX,2025-11-10T11:12:30,1762753350000,18,optimized,retrieval,731.55,731.55,731.55
2025-11-10T10:54:30,1762752270000,SENSEX,2025-11-10T11:13:30,1762753410000,19,optimized,retrieval,731.55,731.55,731.55
2025-11-10T10:54:30,1762752270000,SENSEX,2025-11-10T11:14:30,1762753470000,20,optimized,retrieval,731.55,731.55,731.55
2025-11-10T10:54:30,1762752270000,SENSEX,2025-11-10T11:15:30,1762753530000,21,optimized,retrieval,731.55,731.55,731.55
2025-11-10T10:54:30,1762752270000,SENSEX,2025-11-10T11:16:30,1762753590000,22,optimized,retrieval,731.55,731.55,731.55
2025-11-10T10:54:30,1762752270000,SENSEX,2025-11-10T11:17:30,1762753650000,23,optimized,retrieval,731.55,731.55,731.55
2025-11-10T10:54:30,1762752270000,SENSEX,2025-11-10T11:18:30,1762753710000,24,optimized,retrieval,731.55,731.55,731.55
2025-11-10T10:54:30,1762752270000,SENSEX,2025-11-10T11:19:30,1762753770000,25,optimized,retrieval,731.55,731.55,731.55
2025-11-10T10:54:30,1762752270000,SENSEX,2025-11-10T11:20:30,1762753830000,26,optimized,retrieval,731.55,731.55,731.55
2025-11-10T10:54:30,1762752270000,SENSEX,2025-11-10T11:21:30,1762753890000,27,optimized,retrieval,731.55,731.55,731.55
2025-11-10T10:54:30,1762752270000,SENSEX,2025-11-10T11:22:30,1762753950000,28,optimized,retrieval,731.55,731.55,731.55
2025-11-10T10:54:30,1762752270000,SENSEX,2025-11-10T11:23:30,1762754010000,29,optimized,retrieval,731.55,731.55,731.55
2025-11-10T10:54:30,1762752270000,SENSEX,2025-11-10T11:24:30,1762754070000,30,optimized,retrieval,731.55,731.55,731.55
2025-11-10T10:54:30,1762752270000,SENSEX,2025-11-10T11:25:30,1762754130000,31,optimized,retrieval,731.55,731.55,731.55
2025-11-10T10:54:30,1762752270000,SENSEX,2025-11-10T11:26:30,1762754190000,32,optimized,retrieval,731.55,731.55,731.55
2025-11-10T10:54:30,1762752270000,SENSEX,2025-11-10T11:27:30,1762754250000,33,optimized,retrieval,731.55,731.55,731.55
2025-11-10T10:54:30,1762752270000,SENSEX,2025-11-10T11:28:30,1762754310000,34,optimized,retrieval,731.55,731.55,731.55
2025-11-10T10:54:30,1762752270000,SENSEX,2025-11-10T11:29:30,1762754370000,35,optimized,retrieval,731.55,731.55,731.55
2025-11-10T10:54:30,1762752270000,SENSEX,2025-11-10T11:30:30,1762754430000,36,optimized,retrieval,731.55,731.55,731.55
2025-11-10T10:54:30,1762752270000,SENSEX,2025-11-10T11:31:30,1762754490000,37,optimized,retrieval,731.55,731.55,731.55
2025-11-10T10:54:30,1762752270000,SENSEX,2025-11-10T11:32:30,1762754550000,38,optimized,retrieval,731.55,731.55,731.55
2025-11-10T10:54:30,1762752270000,SENSEX,2025-11-10T11:33:30,1762754610000,39,optimized,retrieval,731.55,731.55,731.55
2025-11-10T10:54:30,1762752270000,SENSEX,2025-11-10T11:34:30,1762754670000,40,optimized,retrieval,731.55,731.55,731.55
2025-11-10T10:54:30,1762752270000,SENSEX,2025-11-10T11:35:30,1762754730000,41,optimized,retrieval,731.55,731.55,731.55
2025-11-10T10:54:30,1762752270000,SENSEX,2025-11-10T11:36:30,1762754790000,42,optimized,retrieval,731.55,731.55,731.55
2025-11-10T10:54:30,1762752270000,SENSEX,2025-11-10T11:37:30,1762754850000,43,optimized,retrieval,731.55,731.55,731.55
2025-11-10T10:54:30,1762752270000,SENSEX,2025-11-10T11:38:30,1762754910000,44,optimized,retrieval,731.55,731.55,731.55
2025-11-10T10:54:30,1762752270000,SENSEX,2025-11-10T11:39:30,1762754970000,45,optimized,retrieval,731.55,731.55,731.55
2025-11-10T10:54:30,1762752270000,SENSEX,2025-11-10T11:40:30,1762755030000,46,optimized,retrieval,731.55,731.55,731.55
2025-11-10T10:54:30,1762752270000,SENSEX,2025-11-10T11:41:30,1762755090000,47,optimized,retrieval,731.55,731.55,731.55
2025-11-10T10:54:30,1762752270000,SENSEX,2025-11-10T11:42:30,1762755150000,48,optimized,retrieval,731.55,731.55,731.55
2025-11-10T10:54:30,1762752270000,SENSEX,2025-11-10T11:43:30,1762755210000,49,optimized,retrieval,731.55,731.55,731.55
2025-11-10T10:54:30,1762752270000,SENSEX,2025-11-10T11:44:30,1762755270000,50,optimized,retrieval,731.55,731.55,731.55
2025-11-10T10:54:30,1762752270000,SENSEX,2025-11-10T11:45:30,1762755330000,51,optimized,retrieval,731.55,731.55,731.55
2025-11-10T10:54:30,1762752270000,SENSEX,2025-11-10T11:46:30,1762755390000,52,optimized,retrieval,731.55,731.55,731.55
2025-11-10T10:54:30,1762752270000,SENSEX,2025-11-10T11:47:30,1762755450000,53,optimized,retrieval,731.55,731.55,731.55
2025-11-10T10:54:30,1762752270000,SENSEX,2025-11-10T11:48:30,1762755510000,54,optimized,retrieval,731.55,731.55,731.55
2025-11-10T10:54:30,1762752270000,SENSEX,2025-11-10T11:49:30,1762755570000,55,optimized,retrieval,731.55,731.55,731.55
2025-11-10T10:54:30,1762752270000,SENSEX,2025-11-10T11:50:30,1762755630000,56,optimized,retrieval,731.55,731.55,731.55
2025-11-10T10:54:30,1762752270000,SENSEX,2025-11-10T11:51:30,1762755690000,57,optimized,retrieval,731.55,731.55,731.55
2025-11-10T10:54:30,1762752270000,SENSEX,2025-11-10T11:52:30,1762755750000,58,optimized,retrieval,731.55,731.55,731.55
2025-11-10T10:54:30,1762752270000,SENSEX,2025-11-10T11:53:30,1762755810000,59,optimized,retrieval,731.55,731.55,731.55
2025-11-10T10:54:30,1762752270000,SENSEX,2025-11-10T11:54:30,1762755870000,60,optimized,retrieval,731.55,731.55,731.55
2025-11-10T10:54:30,1762752270000,SENSEX,2025-11-10T10:55:30,1762752330000,1,optimized,retrieval,731.55,731.55,731.55
2025-11-10T10:54:30,1762752270000,SENSEX,2025-11-10T10:56:30,1762752390000,2,optimized,retrieval,731.55,731.55,731.55
2025-11-10T10:54:30,1762752270000,SENSEX,2025-11-10T10:57:30,1762752450000,3,optimized,retrieval,731.55,731.55,731.55
2025-11-10T10:54:30,1762752270000,SENSEX,2025-11-10T10:58:30,1762752510000,4,optimized,retrieval,731.55,731.55,731.55
2025-11-10T10:54:30,1762752270000,SENSEX,2025-11-10T10:59:30,1762752570000,5,optimized,retrieval,731.55,731.55,731.55
2025-11-10T10:54:30,1762752270000,SENSEX,2025-11-10T11:00:30,1762752630000,6,optimized,retrieval,731.55,731.55,731.55
2025-11-10T10:54:30,1762752270000,SENSEX,2025-11-10T11:01:30,1762752690000,7,optimized,retrieval,731.55,731.55,731.55
2025-11-10T10:54:30,1762752270000,SENSEX,2025-11-10T11:02:30,1762752750000,8,optimized,retrieval,731.55,731.55,731.55
2025-11-10T10:54:30,1762752270000,SENSEX,2025-11-10T11:03:30,1762752810000,9,optimized,retrieval,731.55,731.55,731.55
2025-11-10T10:54:30,1762752270000,SENSEX,2025-11-10T11:04:30,1762752870000,10,optimized,retrieval,731.55,731.55,731.55
2025-11-10T10:54:30,1762752270000,SENSEX,2025-11-10T11:05:30,1762752930000,11,optimized,retrieval,731.55,731.55,731.55
2025-11-10T10:54:30,1762752270000,SENSEX,2025-11-10T11:06:30,1762752990000,12,optimized,retrieval,731.55,731.55,731.55
2025-11-10T10:54:30,1762752270000,SENSEX,2025-11-10T11:07:30,1762753050000,13,optimized,retrieval,731.55,731.55,731.55
2025-11-10T10:54:30,1762752270000,SENSEX,2025-11-10T11:08:30,1762753110000,14,optimized,retrieval,731.55,731.55,731.55
2025-11-10T10:54:30,1762752270000,SENSEX,2025-11-10T11:09:30,1762753170000,15,optimized,retrieval,731.55,731.55,731.55
2025-11-10T10:54:30,1762752270000,SENSEX,2025-11-10T11:10:30,1762753230000,16,optimized,retrieval,731.55,731.55,731.55
2025-11-10T10:54:30,1762752270000,SENSEX,2025-11-10T11:11:30,1762753290000,17,optimized,retrieval,731.55,731.55,731.55
2025-11-10T10:54:30,1762752270000,SENSEX,2025-11-10T11:12:30,1762753350000,18,optimized,retrieval,731.55,731.55,731.55
2025-11-10T10:54:30,1762752270000,SENSEX,2025-11-10T11:13:30,1762753410000,19,optimized,retrieval,731.55,731.55,731.55
2025-11-10T10:54:30,1762752270000,SENSEX,2025-11-10T11:14:30,1762753470000,20,optimized,retrieval,731.55,731.55,731.55
2025-11-10T10:54:30,1762752270000,SENSEX,2025-11-10T11:15:30,1762753530000,21,optimized,retrieval,731.55,731.55,731.55
2025-11-10T10:54:30,1762752270000,SENSEX,2025-11-10T11:16:30,1762753590000,22,optimized,retrieval,731.55,731.55,731.55
2025-11-10T10:54:30,1762752270000,SENSEX,2025-11-10T11:17:30,1762753650000,23,optimized,retrieval,731.55,731.55,731.55
2025-11-10T10:54:30,1762752270000,SENSEX,2025-11-10T11:18:30,1762753710000,24,optimized,retrieval,731.55,731.55,731.55
2025-11-10T10:54:30,1762752270000,SENSEX,2025-11-10T11:19:30,1762753770000,25,optimized,retrieval,731.55,731.55,731.55
2025-11-10T10:54:30,1762752270000,SENSEX,2025-11-10T11:20:30,1762753830000,26,optimized,retrieval,731.55,731.55,731.55
2025-11-10T10:54:30,1762752270000,SENSEX,2025-11-10T11:21:30,1762753890000,27,optimized,retrieval,731.55,731.55,731.55
2025-11-10T10:54:30,1762752270000,SENSEX,2025-11-10T11:22:30,1762753950000,28,optimized,retrieval,731.55,731.55,731.55
2025-11-10T10:54:30,1762752270000,SENSEX,2025-11-10T11:23:30,1762754010000,29,optimized,retrieval,731.55,731.55,731.55
2025-11-10T10:54:30,1762752270000,SENSEX,2025-11-10T11:24:30,1762754070000,30,optimized,retrieval,731.55,731.55,731.55
2025-11-10T10:54:30,1762752270000,SENSEX,2025-11-10T11:25:30,1762754130000,31,optimized,retrieval,731.55,731.55,731.55
2025-11-10T10:54:30,1762752270000,SENSEX,2025-11-10T11:26:30,1762754190000,32,optimized,retrieval,731.55,731.55,731.55
2025-11-10T10:54:30,1762752270000,SENSEX,2025-11-10T11:27:30,1762754250000,33,optimized,retrieval,731.55,731.55,731.55
2025-11-10T10:54:30,1762752270000,SENSEX,2025-11-10T11:28:30,1762754310000,34,optimized,retrieval,731.55,731.55,731.55
2025-11-10T10:54:30,1762752270000,SENSEX,2025-11-10T11:29:30,1762754370000,35,optimized,retrieval,731.55,731.55,731.55
2025-11-10T10:54:30,1762752270000,SENSEX,2025-11-10T11:30:30,1762754430000,36,optimized,retrieval,731.55,731.55,731.55
2025-11-10T10:54:30,1762752270000,SENSEX,2025-11-10T11:31:30,1762754490000,37,optimized,retrieval,731.55,731.55,731.55
2025-11-10T10:54:30,1762752270000,SENSEX,2025-11-10T11:32:30,1762754550000,38,optimized,retrieval,731.55,731.55,731.55
2025-11-10T10:54:30,1762752270000,SENSEX,2025-11-10T11:33:30,1762754610000,39,optimized,retrieval,731.55,731.55,731.55
2025-11-10T10:54:30,1762752270000,SENSEX,2025-11-10T11:34:30,1762754670000,40,optimized,retrieval,731.55,731.55,731.55
2025-11-10T10:54:30,1762752270000,SENSEX,2025-11-10T11:35:30,1762754730000,41,optimized,retrieval,731.55,731.55,731.55
2025-11-10T10:54:30,1762752270000,SENSEX,2025-11-10T11:36:30,1762754790000,42,optimized,retrieval,731.55,731.55,731.55
2025-11-10T10:54:30,1762752270000,SENSEX,2025-11-10T11:37:30,1762754850000,43,optimized,retrieval,731.55,731.55,731.55
2025-11-10T10:54:30,1762752270000,SENSEX,2025-11-10T11:38:30,1762754910000,44,optimized,retrieval,731.55,731.55,731.55
2025-11-10T10:54:30,1762752270000,SENSEX,2025-11-10T11:39:30,1762754970000,45,optimized,retrieval,731.55,731.55,731.55
2025-11-10T10:54:30,1762752270000,SENSEX,2025-11-10T11:40:30,1762755030000,46,optimized,retrieval,731.55,731.55,731.55
2025-11-10T10:54:30,1762752270000,SENSEX,2025-11-10T11:41:30,1762755090000,47,optimized,retrieval,731.55,731.55,731.55
2025-11-10T10:54:30,1762752270000,SENSEX,2025-11-10T11:42:30,1762755150000,48,optimized,retrieval,731.55,731.55,731.55
2025-11-10T10:54:30,1762752270000,SENSEX,2025-11-10T11:43:30,1762755210000,49,optimized,retrieval,731.55,731.55,731.55
2025-11-10T10:54:30,1762752270000,SENSEX,2025-11-10T11:44:30,1762755270000,50,optimized,retrieval,731.55,731.55,731.55
2025-11-10T10:54:30,1762752270000,SENSEX,2025-11-10T11:45:30,1762755330000,51,optimized,retrieval,731.55,731.55,731.55
2025-11-10T10:54:30,1762752270000,SENSEX,2025-11-10T11:46:30,1762755390000,52,optimized,retrieval,731.55,731.55,731.55
2025-11-10T10:54:30,1762752270000,SENSEX,2025-11-10T11:47:30,1762755450000,53,optimized,retrieval,731.55,731.55,731.55
2025-11-10T10:54:30,1762752270000,SENSEX,2025-11-10T11:48:30,1762755510000,54,optimized,retrieval,731.55,731.55,731.55
2025-11-10T10:54:30,1762752270000,SENSEX,2025-11-10T11:49:30,1762755570000,55,optimized,retrieval,731.55,731.55,731.55
2025-11-10T10:54:30,1762752270000,SENSEX,2025-11-10T11:50:30,1762755630000,56,optimized,retrieval,731.55,731.55,731.55
2025-11-10T10:54:30,1762752270000,SENSEX,2025-11-10T11:51:30,1762755690000,57,optimized,retrieval,731.55,731.55,731.55
2025-11-10T10:54:30,1762752270000,SENSEX,2025-11-10T11:52:30,1762755750000,58,optimized,retrieval,731.55,731.55,731.55
2025-11-10T10:54:30,1762752270000,SENSEX,2025-11-10T11:53:30,1762755810000,59,optimized,retrieval,731.55,731.55,731.55
2025-11-10T10:54:30,1762752270000,SENSEX,2025-11-10T11:54:30,1762755870000,60,optimized,retrieval,731.55,731.55,731.55
2025-11-10T10:55:00,1762752300000,SENSEX,2025-11-10T10:56:00,1762752360000,1,optimized,retrieval,731.0,731.0,731.0
2025-11-10T10:55:00,1762752300000,SENSEX,2025-11-10T10:57:00,1762752420000,2,optimized,retrieval,731.0,731.0,731.0
2025-11-10T10:55:00,1762752300000,SENSEX,2025-11-10T10:58:00,1762752480000,3,optimized,retrieval,731.0,731.0,731.0
2025-11-10T10:55:00,1762752300000,SENSEX,2025-11-10T10:59:00,1762752540000,4,optimized,retrieval,731.0,731.0,731.0
2025-11-10T10:55:00,1762752300000,SENSEX,2025-11-10T11:00:00,1762752600000,5,optimized,retrieval,731.0,731.0,731.0
2025-11-10T10:55:00,1762752300000,SENSEX,2025-11-10T11:01:00,1762752660000,6,optimized,retrieval,731.0,731.0,731.0
2025-11-10T10:55:00,1762752300000,SENSEX,2025-11-10T11:02:00,1762752720000,7,optimized,retrieval,731.0,731.0,731.0
2025-11-10T10:55:00,1762752300000,SENSEX,2025-11-10T11:03:00,1762752780000,8,optimized,retrieval,731.0,731.0,731.0
2025-11-10T10:55:00,1762752300000,SENSEX,2025-11-10T11:04:00,1762752840000,9,optimized,retrieval,731.0,731.0,731.0
2025-11-10T10:55:00,1762752300000,SENSEX,2025-11-10T11:05:00,1762752900000,10,optimized,retrieval,731.0,731.0,731.0
2025-11-10T10:55:00,1762752300000,SENSEX,2025-11-10T11:06:00,1762752960000,11,optimized,retrieval,731.0,731.0,731.0
2025-11-10T10:55:00,1762752300000,SENSEX,2025-11-10T11:07:00,1762753020000,12,optimized,retrieval,731.0,731.0,731.0
2025-11-10T10:55:00,1762752300000,SENSEX,2025-11-10T11:08:00,1762753080000,13,optimized,retrieval,731.0,731.0,731.0
2025-11-10T10:55:00,1762752300000,SENSEX,2025-11-10T11:09:00,1762753140000,14,optimized,retrieval,731.0,731.0,731.0
2025-11-10T10:55:00,1762752300000,SENSEX,2025-11-10T11:10:00,1762753200000,15,optimized,retrieval,731.0,731.0,731.0
2025-11-10T10:55:00,1762752300000,SENSEX,2025-11-10T11:11:00,1762753260000,16,optimized,retrieval,731.0,731.0,731.0
2025-11-10T10:55:00,1762752300000,SENSEX,2025-11-10T11:12:00,1762753320000,17,optimized,retrieval,731.0,731.0,731.0
2025-11-10T10:55:00,1762752300000,SENSEX,2025-11-10T11:13:00,1762753380000,18,optimized,retrieval,731.0,731.0,731.0
2025-11-10T10:55:00,1762752300000,SENSEX,2025-11-10T11:14:00,1762753440000,19,optimized,retrieval,731.0,731.0,731.0
2025-11-10T10:55:00,1762752300000,SENSEX,2025-11-10T11:15:00,1762753500000,20,optimized,retrieval,731.0,731.0,731.0
2025-11-10T10:55:00,1762752300000,SENSEX,2025-11-10T11:16:00,1762753560000,21,optimized,retrieval,731.0,731.0,731.0
2025-11-10T10:55:00,1762752300000,SENSEX,2025-11-10T11:17:00,1762753620000,22,optimized,retrieval,731.0,731.0,731.0
2025-11-10T10:55:00,1762752300000,SENSEX,2025-11-10T11:18:00,1762753680000,23,optimized,retrieval,731.0,731.0,731.0
2025-11-10T10:55:00,1762752300000,SENSEX,2025-11-10T11:19:00,1762753740000,24,optimized,retrieval,731.0,731.0,731.0
2025-11-10T10:55:00,1762752300000,SENSEX,2025-11-10T11:20:00,1762753800000,25,optimized,retrieval,731.0,731.0,731.0
2025-11-10T10:55:00,1762752300000,SENSEX,2025-11-10T11:21:00,1762753860000,26,optimized,retrieval,731.0,731.0,731.0
2025-11-10T10:55:00,1762752300000,SENSEX,2025-11-10T11:22:00,1762753920000,27,optimized,retrieval,731.0,731.0,731.0
2025-11-10T10:55:00,1762752300000,SENSEX,2025-11-10T11:23:00,1762753980000,28,optimized,retrieval,731.0,731.0,731.0
2025-11-10T10:55:00,1762752300000,SENSEX,2025-11-10T11:24:00,1762754040000,29,optimized,retrieval,731.0,731.0,731.0
2025-11-10T10:55:00,1762752300000,SENSEX,2025-11-10T11:25:00,1762754100000,30,optimized,retrieval,731.0,731.0,731.0
2025-11-10T10:55:00,1762752300000,SENSEX,2025-11-10T11:26:00,1762754160000,31,optimized,retrieval,731.0,731.0,731.0
2025-11-10T10:55:00,1762752300000,SENSEX,2025-11-10T11:27:00,1762754220000,32,optimized,retrieval,731.0,731.0,731.0
2025-11-10T10:55:00,1762752300000,SENSEX,2025-11-10T11:28:00,1762754280000,33,optimized,retrieval,731.0,731.0,731.0
2025-11-10T10:55:00,1762752300000,SENSEX,2025-11-10T11:29:00,1762754340000,34,optimized,retrieval,731.0,731.0,731.0
2025-11-10T10:55:00,1762752300000,SENSEX,2025-11-10T11:30:00,1762754400000,35,optimized,retrieval,731.0,731.0,731.0
2025-11-10T10:55:00,1762752300000,SENSEX,2025-11-10T11:31:00,1762754460000,36,optimized,retrieval,731.0,731.0,731.0
2025-11-10T10:55:00,1762752300000,SENSEX,2025-11-10T11:32:00,1762754520000,37,optimized,retrieval,731.0,731.0,731.0
2025-11-10T10:55:00,1762752300000,SENSEX,2025-11-10T11:33:00,1762754580000,38,optimized,retrieval,731.0,731.0,731.0
2025-11-10T10:55:00,1762752300000,SENSEX,2025-11-10T11:34:00,1762754640000,39,optimized,retrieval,731.0,731.0,731.0
2025-11-10T10:55:00,1762752300000,SENSEX,2025-11-10T11:35:00,1762754700000,40,optimized,retrieval,731.0,731.0,731.0
2025-11-10T10:55:00,1762752300000,SENSEX,2025-11-10T11:36:00,1762754760000,41,optimized,retrieval,731.0,731.0,731.0
2025-11-10T10:55:00,1762752300000,SENSEX,2025-11-10T11:37:00,1762754820000,42,optimized,retrieval,731.0,731.0,731.0
2025-11-10T10:55:00,1762752300000,SENSEX,2025-11-10T11:38:00,1762754880000,43,optimized,retrieval,731.0,731.0,731.0
2025-11-10T10:55:00,1762752300000,SENSEX,2025-11-10T11:39:00,1762754940000,44,optimized,retrieval,731.0,731.0,731.0
2025-11-10T10:55:00,1762752300000,SENSEX,2025-11-10T11:40:00,1762755000000,45,optimized,retrieval,731.0,731.0,731.0
2025-11-10T10:55:00,1762752300000,SENSEX,2025-11-10T11:41:00,1762755060000,46,optimized,retrieval,731.0,731.0,731.0
2025-11-10T10:55:00,1762752300000,SENSEX,2025-11-10T11:42:00,1762755120000,47,optimized,retrieval,731.0,731.0,731.0
2025-11-10T10:55:00,1762752300000,SENSEX,2025-11-10T11:43:00,1762755180000,48,optimized,retrieval,731.0,731.0,731.0
2025-11-10T10:55:00,1762752300000,SENSEX,2025-11-10T11:44:00,1762755240000,49,optimized,retrieval,731.0,731.0,731.0
2025-11-10T10:55:00,1762752300000,SENSEX,2025-11-10T11:45:00,1762755300000,50,optimized,retrieval,731.0,731.0,731.0
2025-11-10T10:55:00,1762752300000,SENSEX,2025-11-10T11:46:00,1762755360000,51,optimized,retrieval,731.0,731.0,731.0
2025-11-10T10:55:00,1762752300000,SENSEX,2025-11-10T11:47:00,1762755420000,52,optimized,retrieval,731.0,731.0,731.0
2025-11-10T10:55:00,1762752300000,SENSEX,2025-11-10T11:48:00,1762755480000,53,optimized,retrieval,731.0,731.0,731.0
2025-11-10T10:55:00,1762752300000,SENSEX,2025-11-10T11:49:00,1762755540000,54,optimized,retrieval,731.0,731.0,731.0
2025-11-10T10:55:00,1762752300000,SENSEX,2025-11-10T11:50:00,1762755600000,55,optimized,retrieval,731.0,731.0,731.0
2025-11-10T10:55:00,1762752300000,SENSEX,2025-11-10T11:51:00,1762755660000,56,optimized,retrieval,731.0,731.0,731.0
2025-11-10T10:55:00,1762752300000,SENSEX,2025-11-10T11:52:00,1762755720000,57,optimized,retrieval,731.0,731.0,731.0
2025-11-10T10:55:00,1762752300000,SENSEX,2025-11-10T11:53:00,1762755780000,58,optimized,retrieval,731.0,731.0,731.0
2025-11-10T10:55:00,1762752300000,SENSEX,2025-11-10T11:54:00,1762755840000,59,optimized,retrieval,731.0,731.0,731.0
2025-11-10T10:55:00,1762752300000,SENSEX,2025-11-10T11:55:00,1762755900000,60,optimized,retrieval,731.0,731.0,731.0
2025-11-10T11:26:00,1762754160000,SENSEX,2025-11-10T11:27:00,1762754220000,1,optimized,hybrid,716.0043283856519,730.1,740.5817581632995
2025-11-10T11:26:00,1762754160000,SENSEX,2025-11-10T11:28:00,1762754280000,2,optimized,hybrid,713.6341489414422,726.9577144401065,743.6321151584348
2025-11-10T11:26:00,1762754160000,SENSEX,2025-11-10T11:29:00,1762754340000,3,optimized,hybrid,720.2313268392528,730.0011531286615,742.1402047414887
2025-11-10T11:26:00,1762754160000,SENSEX,2025-11-10T11:30:00,1762754400000,4,optimized,hybrid,724.3676515349854,729.5115983666791,739.9047256072691
2025-11-10T11:26:00,1762754160000,SENSEX,2025-11-10T11:31:00,1762754460000,5,optimized,hybrid,715.829825748263,725.5992295807528,735.1216368960542
2025-11-10T11:26:00,1762754160000,SENSEX,2025-11-10T11:32:00,1762754520000,6,optimized,hybrid,721.7370476419431,729.9383601902001,739.5774024687348
2025-11-10T11:26:00,1762754160000,SENSEX,2025-11-10T11:33:00,1762754580000,7,optimized,hybrid,719.1837599234486,729.2359701633327,739.2147085537972
2025-11-10T11:26:00,1762754160000,SENSEX,2025-11-10T11:34:00,1762754640000,8,optimized,hybrid,716.4276894151175,726.7985330555714,736.1608960026357
2025-11-10T11:26:00,1762754160000,SENSEX,2025-11-10T11:35:00,1762754700000,9,optimized,hybrid,716.3506983906105,729.4777309201882,737.5650577663698
2025-11-10T11:26:00,1762754160000,SENSEX,2025-11-10T11:36:00,1762754760000,10,optimized,hybrid,716.7116605995635,728.457869383038,738.3374452462901
2025-11-10T11:26:00,1762754160000,SENSEX,2025-11-10T11:37:00,1762754820000,11,optimized,hybrid,714.6674359974027,726.1227959418442,739.5969139789039
2025-11-10T11:26:00,1762754160000,SENSEX,2025-11-10T11:38:00,1762754880000,12,optimized,hybrid,718.9902295434013,727.9281747708525,740.0333602460556
2025-11-10T11:26:00,1762754160000,SENSEX,2025-11-10T11:39:00,1762754940000,13,optimized,hybrid,716.5747851116316,728.614818353931,740.5496354027808
2025-11-10T11:26:00,1762754160000,SENSEX,2025-11-10T11:40:00,1762755000000,14,optimized,hybrid,712.6614685721585,725.4708486166088,737.4044620314394
2025-11-10T11:26:00,1762754160000,SENSEX,2025-11-10T11:41:00,1762755060000,15,optimized,hybrid,715.8891922171664,725.31936215465,737.613644441454
2025-11-10T11:26:00,1762754160000,SENSEX,2025-11-10T11:42:00,1762755120000,16,optimized,hybrid,716.8733884807265,725.8642531192492,739.4088977881576
2025-11-10T11:26:00,1762754160000,SENSEX,2025-11-10T11:43:00,1762755180000,17,optimized,hybrid,714.1959322628862,722.7571036407674,733.1143565528295
2025-11-10T11:26:00,1762754160000,SENSEX,2025-11-10T11:44:00,1762755240000,18,optimized,hybrid,717.1355828006707,724.3508551691668,747.4976540299822
2025-11-10T11:26:00,1762754160000,SENSEX,2025-11-10T11:45:00,1762755300000,19,optimized,hybrid,716.1944190485937,727.0117595423011,745.516075498081
2025-11-10T11:26:00,1762754160000,SENSEX,2025-11-10T11:46:00,1762755360000,20,optimized,hybrid,714.6625149542532,724.1873215283009,742.300287445093
2025-11-10T11:26:00,1762754160000,SENSEX,2025-11-10T11:47:00,1762755420000,21,optimized,hybrid,718.6153390138094,728.0522713247238,742.761792645971
2025-11-10T11:26:00,1762754160000,SENSEX,2025-11-10T11:48:00,1762755480000,22,optimized,hybrid,719.568866814183,727.0516576271351,743.524000013361
2025-11-10T11:26:00,1762754160000,SENSEX,2025-11-10T11:49:00,1762755540000,23,optimized,hybrid,715.8745326112709,725.7244119477541,737.994401471972
2025-11-10T11:26:00,1762754160000,SENSEX,2025-11-10T11:50:00,1762755600000,24,optimized,hybrid,717.7942829337163,729.7213855919485,743.2045226920645
2025-11-10T11:26:00,1762754160000,SENSEX,2025-11-10T11:51:00,1762755660000,25,optimized,hybrid,716.2620325975091,730.6020964911144,740.9211906296588
2025-11-10T11:26:00,1762754160000,SENSEX,2025-11-10T11:52:00,1762755720000,26,optimized,hybrid,712.4452665455742,726.7799767220769,739.1111832038961
2025-11-10T11:26:00,1762754160000,SENSEX,2025-11-10T11:53:00,1762755780000,27,optimized,hybrid,716.5483937453591,730.5490655112694,743.9843934165432
2025-11-10T11:26:00,1762754160000,SENSEX,2025-11-10T11:54:00,1762755840000,28,optimized,hybrid,715.635112096804,729.9291824135956,742.3878587877496
2025-11-10T11:26:00,1762754160000,SENSEX,2025-11-10T11:55:00,1762755900000,29,optimized,hybrid,711.3579390057401,726.5322519020075,738.9832934183897
2025-11-10T11:26:00,1762754160000,SENSEX,2025-11-10T11:56:00,1762755960000,30,optimized,hybrid,717.0115775647948,729.8277222064439,741.2685129914252
2025-11-10T11:26:00,1762754160000,SENSEX,2025-11-10T11:57:00,1762756020000,31,optimized,hybrid,716.0369965645609,729.6828905530296,741.3457782134873
2025-11-10T11:26:00,1762754160000,SENSEX,2025-11-10T11:58:00,1762756080000,32,optimized,hybrid,711.4010811874109,725.4435310209409,734.9651432418892
2025-11-10T11:26:00,1762754160000,SENSEX,2025-11-10T11:59:00,1762756140000,33,optimized,hybrid,715.1823836913127,728.5557909582336,741.1962636463129
2025-11-10T11:26:00,1762754160000,SENSEX,2025-11-10T12:00:00,1762756200000,34,optimized,hybrid,715.4158713854596,729.2633780321833,740.868322938698
2025-11-10T11:26:00,1762754160000,SENSEX,2025-11-10T12:01:00,1762756260000,35,optimized,hybrid,711.6431932170213,725.0218611826081,737.1656214933507
2025-11-10T11:26:00,1762754160000,SENSEX,2025-11-10T12:02:00,1762756320000,36,optimized,hybrid,709.823389118542,727.7402713505124,741.097008589893
2025-11-10T11:26:00,1762754160000,SENSEX,2025-11-10T12:03:00,1762756380000,37,optimized,hybrid,716.7892023331545,728.5942358241869,741.2669570881818
2025-11-10T11:26:00,1762754160000,SENSEX,2025-11-10T12:04:00,1762756440000,38,optimized,hybrid,706.9406841859766,724.5879034620446,740.8040099750349
2025-11-10T11:26:00,1762754160000,SENSEX,2025-11-10T12:05:00,1762756500000,39,optimized,hybrid,708.4386872715481,728.1262479042017,743.9154800779166
2025-11-10T11:26:00,1762754160000,SENSEX,2025-11-10T12:06:00,1762756560000,40,optimized,hybrid,708.251944240506,728.0262657124068,742.0392651252681
2025-11-10T11:26:00,1762754160000,SENSEX,2025-11-10T12:07:00,1762756620000,41,optimized,hybrid,713.6341319924522,721.2013346079702,739.390019209574
2025-11-10T11:26:00,1762754160000,SENSEX,2025-11-10T12:08:00,1762756680000,42,optimized,hybrid,712.7493564657975,725.36252760858,742.5941455683264
2025-11-10T11:26:00,1762754160000,SENSEX,2025-11-10T12:09:00,1762756740000,43,optimized,hybrid,713.3725837209903,725.8919562628149,741.8262660933027
2025-11-10T11:26:00,1762754160000,SENSEX,2025-11-10T12:10:00,1762756800000,44,optimized,hybrid,710.4323442012604,724.6421965737902,737.9124244817993
2025-11-10T11:26:00,1762754160000,SENSEX,2025-11-10T12:11:00,1762756860000,45,optimized,hybrid,708.549780742367,726.3103337045709,741.5243880756082
2025-11-10T11:26:00,1762754160000,SENSEX,2025-11-10T12:12:00,1762756920000,46,optimized,hybrid,712.1032044474438,725.3490480162961,741.8807703684906
2025-11-10T11:26:00,1762754160000,SENSEX,2025-11-10T12:13:00,1762756980000,47,optimized,hybrid,706.8992884803832,724.2735071555347,742.1168853215169
2025-11-10T11:26:00,1762754160000,SENSEX,2025-11-10T12:14:00,1762757040000,48,optimized,hybrid,712.3825135461514,727.9540476394403,744.8960106199839
2025-11-10T11:26:00,1762754160000,SENSEX,2025-11-10T12:15:00,1762757100000,49,optimized,hybrid,713.7511727295292,727.1704354810015,742.8722785152679
2025-11-10T11:26:00,1762754160000,SENSEX,2025-11-10T12:16:00,1762757160000,50,optimized,hybrid,711.5802563058279,722.524459613923,740.6631387540953
2025-11-10T11:26:00,1762754160000,SENSEX,2025-11-10T12:17:00,1762757220000,51,optimized,hybrid,714.881600445462,724.347793291671,746.2466679391234
2025-11-10T11:26:00,1762754160000,SENSEX,2025-11-10T12:18:00,1762757280000,52,optimized,hybrid,712.0212212990601,723.5874435051034,743.3744706227716
2025-11-10T11:26:00,1762754160000,SENSEX,2025-11-10T12:19:00,1762757340000,53,optimized,hybrid,704.1159906218651,719.3158698648281,738.9767518353503
2025-11-10T11:26:00,1762754160000,SENSEX,2025-11-10T12:20:00,1762757400000,54,optimized,hybrid,709.2224561711779,724.6789540070696,741.9313637720442
2025-11-10T11:26:00,1762754160000,SENSEX,2025-11-10T12:21:00,1762757460000,55,optimized,hybrid,707.730823023465,723.5079754484134,742.4629160271896
2025-11-10T11:26:00,1762754160000,SENSEX,2025-11-10T12:22:00,1762757520000,56,optimized,hybrid,703.7499955880703,717.8446332378588,737.924885187581
2025-11-10T11:26:00,1762754160000,SENSEX,2025-11-10T12:23:00,1762757580000,57,optimized,hybrid,705.641778147969,724.3352617937691,743.1554488450017
2025-11-10T11:26:00,1762754160000,SENSEX,2025-11-10T12:24:00,1762757640000,58,optimized,hybrid,706.1893198985894,723.2616627852619,741.9753963239559
2025-11-10T11:26:00,1762754160000,SENSEX,2025-11-10T12:25:00,1762757700000,59,optimized,hybrid,702.7749195146941,719.094687520027,737.6403279231514
2025-11-10T11:26:00,1762754160000,SENSEX,2025-11-10T12:26:00,1762757760000,60,optimized,hybrid,706.1289917965204,723.1782099156226,741.6074652739928
2025-11-10T11:26:00,1762754160000,SENSEX,2025-11-10T11:27:00,1762754220000,1,base,hybrid,719.979492734678,730.1,736.3235777276287
2025-11-10T11:26:00,1762754160000,SENSEX,2025-11-10T11:28:00,1762754280000,2,base,hybrid,716.7969329710618,725.4010248677782,733.4087809887571
2025-11-10T11:26:00,1762754160000,SENSEX,2025-11-10T11:29:00,1762754340000,3,base,hybrid,722.2973024496649,731.3555371183878,736.5605241838233
2025-11-10T11:26:00,1762754160000,SENSEX,2025-11-10T11:30:00,1762754400000,4,base,hybrid,723.5932562644415,732.9768045148368,737.1447664247275
2025-11-10T11:26:00,1762754160000,SENSEX,2025-11-10T11:31:00,1762754460000,5,base,hybrid,718.5531199458633,727.7539588355221,732.809927375717
2025-11-10T11:26:00,1762754160000,SENSEX,2025-11-10T11:32:00,1762754520000,6,base,hybrid,724.128330176173,732.0998779457195,736.6076692877377
2025-11-10T11:26:00,1762754160000,SENSEX,2025-11-10T11:33:00,1762754580000,7,base,hybrid,722.8416444988209,732.2565244770686,736.8341711247144
2025-11-10T11:26:00,1762754160000,SENSEX,2025-11-10T11:34:00,1762754640000,8,base,hybrid,720.8303469852177,727.0190248002921,734.9426143946151
2025-11-10T11:26:00,1762754160000,SENSEX,2025-11-10T11:35:00,1762754700000,9,base,hybrid,724.2750458269502,730.2249230039779,737.87978625065
2025-11-10T11:26:00,1762754160000,SENSEX,2025-11-10T11:36:00,1762754760000,10,base,hybrid,723.5197669932313,731.76517699506,738.1175238052394
2025-11-10T11:26:00,1762754160000,SENSEX,2025-11-10T11:37:00,1762754820000,11,base,hybrid,720.3139903577854,728.3440966250763,734.8035095583405
2025-11-10T11:26:00,1762754160000,SENSEX,2025-11-10T11:38:00,1762754880000,12,base,hybrid,722.5010831480377,734.0898977994442,739.8742756878341
2025-11-10T11:26:00,1762754160000,SENSEX,2025-11-10T11:39:00,1762754940000,13,base,hybrid,722.535078519525,729.3761035452661,739.7621665997231
2025-11-10T11:26:00,1762754160000,SENSEX,2025-11-10T11:40:00,1762755000000,14,base,hybrid,717.7152917687971,726.0841657926131,734.5981321397857
2025-11-10T11:26:00,1762754160000,SENSEX,2025-11-10T11:41:00,1762755060000,15,base,hybrid,721.2805335066628,728.570567797945,737.4473298685214
2025-11-10T11:26:00,1762754160000,SENSEX,2025-11-10T11:42:00,1762755120000,16,base,hybrid,721.3060513901779,724.6145137249101,736.6587659196867
2025-11-10T11:26:00,1762754160000,SENSEX,2025-11-10T11:43:00,1762755180000,17,base,hybrid,716.9277479530117,722.6615029830381,734.1013322579904
2025-11-10T11:26:00,1762754160000,SENSEX,2025-11-10T11:44:00,1762755240000,18,base,hybrid,718.5749669502825,726.974624824334,738.8364356545657
2025-11-10T11:26:00,1762754160000,SENSEX,2025-11-10T11:45:00,1762755300000,19,base,hybrid,720.743360757592,732.9452539049487,741.186096573836
2025-11-10T11:26:00,1762754160000,SENSEX,2025-11-10T11:46:00,1762755360000,20,base,hybrid,715.1641584903278,729.152865998136,738.2836660664988
2025-11-10T11:26:00,1762754160000,SENSEX,2025-11-10T11:47:00,1762755420000,21,base,hybrid,719.668770113155,732.3861363304438,740.6742125415343
2025-11-10T11:26:00,1762754160000,SENSEX,2025-11-10T11:48:00,1762755480000,22,base,hybrid,720.7502190734195,732.7152946509431,743.3076561126203
2025-11-10T11:26:00,1762754160000,SENSEX,2025-11-10T11:49:00,1762755540000,23,base,hybrid,715.2168485844556,724.0397271022947,734.7596934094245
2025-11-10T11:26:00,1762754160000,SENSEX,2025-11-10T11:50:00,1762755600000,24,base,hybrid,718.9288081925085,728.6616282271126,736.1211576822827
2025-11-10T11:26:00,1762754160000,SENSEX,2025-11-10T11:51:00,1762755660000,25,base,hybrid,718.200281852725,729.1187619953654,739.5691883312579
2025-11-10T11:26:00,1762754160000,SENSEX,2025-11-10T11:52:00,1762755720000,26,base,hybrid,714.9456791862224,721.8053306691295,738.8670552425947
2025-11-10T11:26:00,1762754160000,SENSEX,2025-11-10T11:53:00,1762755780000,27,base,hybrid,719.6892363582205,724.3542399910772,736.5579246755331
2025-11-10T11:26:00,1762754160000,SENSEX,2025-11-10T11:54:00,1762755840000,28,base,hybrid,719.1502312055321,725.156506355904,739.5309528979996
2025-11-10T11:26:00,1762754160000,SENSEX,2025-11-10T11:55:00,1762755900000,29,base,hybrid,717.7516624128066,723.1087451306217,736.5997645943336
2025-11-10T11:26:00,1762754160000,SENSEX,2025-11-10T11:56:00,1762755960000,30,base,hybrid,721.7585902199279,729.6901860223489,739.6439916873263
2025-11-10T11:26:00,1762754160000,SENSEX,2025-11-10T11:57:00,1762756020000,31,base,hybrid,722.4140172268275,725.2309147283391,739.2766091774403
2025-11-10T11:26:00,1762754160000,SENSEX,2025-11-10T11:58:00,1762756080000,32,base,hybrid,714.1919677187639,727.8570127949978,736.9225679820513
2025-11-10T11:26:00,1762754160000,SENSEX,2025-11-10T11:59:00,1762756140000,33,base,hybrid,722.0068057976633,726.2011195960106,740.7603208722168
2025-11-10T11:26:00,1762754160000,SENSEX,2025-11-10T12:00:00,1762756200000,34,base,hybrid,718.757855258146,729.5786876151565,744.5889342335915
2025-11-10T11:26:00,1762754160000,SENSEX,2025-11-10T12:01:00,1762756260000,35,base,hybrid,715.8693810257624,725.3767128977947,746.0906825497977
2025-11-10T11:26:00,1762754160000,SENSEX,2025-11-10T12:02:00,1762756320000,36,base,hybrid,718.8642385009149,729.1176102256437,743.8432596426295
2025-11-10T11:26:00,1762754160000,SENSEX,2025-11-10T12:03:00,1762756380000,37,base,hybrid,717.9203014964033,732.4864319898318,743.3619922473922
2025-11-10T11:26:00,1762754160000,SENSEX,2025-11-10T12:04:00,1762756440000,38,base,hybrid,713.671680024158,726.0662746655178,741.1689467803932
2025-11-10T11:26:00,1762754160000,SENSEX,2025-11-10T12:05:00,1762756500000,39,base,hybrid,717.6582133224177,731.091947806992,744.0894986235122
2025-11-10T11:26:00,1762754160000,SENSEX,2025-11-10T12:06:00,1762756560000,40,base,hybrid,717.5839056105283,730.6201561317648,743.1316435819568
2025-11-10T11:26:00,1762754160000,SENSEX,2025-11-10T12:07:00,1762756620000,41,base,hybrid,712.1220412021314,727.452575042345,735.8563307752245
2025-11-10T11:26:00,1762754160000,SENSEX,2025-11-10T12:08:00,1762756680000,42,base,hybrid,716.7553250765546,731.6024879919837,740.314851034821
2025-11-10T11:26:00,1762754160000,SENSEX,2025-11-10T12:09:00,1762756740000,43,base,hybrid,717.5879282840804,729.6166037850782,741.1933517452521
2025-11-10T11:26:00,1762754160000,SENSEX,2025-11-10T12:10:00,1762756800000,44,base,hybrid,713.8136120942565,727.5912115115335,736.4248584139239
2025-11-10T11:26:00,1762754160000,SENSEX,2025-11-10T12:11:00,1762756860000,45,base,hybrid,717.218168803496,730.5039636685938,740.870798096157
2025-11-10T11:26:00,1762754160000,SENSEX,2025-11-10T12:12:00,1762756920000,46,base,hybrid,717.0419928489756,732.0130553838501,740.4016152566642
2025-11-10T11:26:00,1762754160000,SENSEX,2025-11-10T12:13:00,1762756980000,47,base,hybrid,714.1072853435247,728.8126169760145,740.6227969441369
2025-11-10T11:26:00,1762754160000,SENSEX,2025-11-10T12:14:00,1762757040000,48,base,hybrid,715.9518890466436,732.2608602819591,739.0279779475401
2025-11-10T11:26:00,1762754160000,SENSEX,2025-11-10T12:15:00,1762757100000,49,base,hybrid,716.6000862142118,729.9765197151876,738.1005895304188
2025-11-10T11:26:00,1762754160000,SENSEX,2025-11-10T12:16:00,1762757160000,50,base,hybrid,714.0191751762477,726.6790698008398,735.6861388563543
2025-11-10T11:26:00,1762754160000,SENSEX,2025-11-10T12:17:00,1762757220000,51,base,hybrid,717.2860600033653,731.5218208646382,737.5923868379465
2025-11-10T11:26:00,1762754160000,SENSEX,2025-11-10T12:18:00,1762757280000,52,base,hybrid,715.6588247289078,731.2347427748842,736.6924622776062
2025-11-10T11:26:00,1762754160000,SENSEX,2025-11-10T12:19:00,1762757340000,53,base,hybrid,710.6468004053121,726.0396095512291,733.0568644717047
2025-11-10T11:26:00,1762754160000,SENSEX,2025-11-10T12:20:00,1762757400000,54,base,hybrid,714.355188034129,727.6387287593966,737.00211909931
2025-11-10T11:26:00,1762754160000,SENSEX,2025-11-10T12:21:00,1762757460000,55,base,hybrid,714.8834090621053,730.8707808975417,735.3282503012186
2025-11-10T11:26:00,1762754160000,SENSEX,2025-11-10T12:22:00,1762757520000,56,base,hybrid,707.9099268816336,725.6463601151622,733.4271607037379
2025-11-10T11:26:00,1762754160000,SENSEX,2025-11-10T12:23:00,1762757580000,57,base,hybrid,709.1057827832454,730.8387624702074,736.3247881066516
2025-11-10T11:26:00,1762754160000,SENSEX,2025-11-10T12:24:00,1762757640000,58,base,hybrid,708.6962429512354,731.0984555984953,736.6600472127062
2025-11-10T11:26:00,1762754160000,SENSEX,2025-11-10T12:25:00,1762757700000,59,base,hybrid,703.5214817440403,726.6859104323192,733.6671193704742
2025-11-10T11:26:00,1762754160000,SENSEX,2025-11-10T12:26:00,1762757760000,60,base,hybrid,705.7958237992666,731.1060620627488,738.06428847194
2025-11-10T11:26:00,1762754160000,SENSEX,2025-11-10T11:27:00,1762754220000,1,wide_bands,hybrid,715.0343595703114,730.1,740.6829524808746
2025-11-10T11:26:00,1762754160000,SENSEX,2025-11-10T11:28:00,1762754280000,2,wide_bands,hybrid,712.1843039367998,727.1494825987927,738.3754836836005
2025-11-10T11:26:00,1762754160000,SENSEX,2025-11-10T11:29:00,1762754340000,3,wide_bands,hybrid,719.4815881519761,730.7060821074577,741.8434136775643
2025-11-10T11:26:00,1762754160000,SENSEX,2025-11-10T11:30:00,1762754400000,4,wide_bands,hybrid,723.7175067885737,729.2414388270712,741.4207978205137
2025-11-10T11:26:00,1762754160000,SENSEX,2025-11-10T11:31:00,1762754460000,5,wide_bands,hybrid,716.2710414358663,725.6493705115811,735.4808197177675
2025-11-10T11:26:00,1762754160000,SENSEX,2025-11-10T11:32:00,1762754520000,6,wide_bands,hybrid,720.5189505130132,729.5747174745758,740.113416078845
2025-11-10T11:26:00,1762754160000,SENSEX,2025-11-10T11:33:00,1762754580000,7,wide_bands,hybrid,720.3555089772947,728.9497817845406,740.1148682451706
2025-11-10T11:26:00,1762754160000,SENSEX,2025-11-10T11:34:00,1762754640000,8,wide_bands,hybrid,715.5794848143884,726.3588031628459,737.1009601730502
2025-11-10T11:26:00,1762754160000,SENSEX,2025-11-10T11:35:00,1762754700000,9,wide_bands,hybrid,715.0343574268368,729.2741153497541,740.0952576992239
2025-11-10T11:26:00,1762754160000,SENSEX,2025-11-10T11:36:00,1762754760000,10,wide_bands,hybrid,715.2738511312264,727.9131333996671,740.4721080451875
2025-11-10T11:26:00,1762754160000,SENSEX,2025-11-10T11:37:00,1762754820000,11,wide_bands,hybrid,714.4940044583367,725.7423852744499,738.2662962162983
2025-11-10T11:26:00,1762754160000,SENSEX,2025-11-10T11:38:00,1762754880000,12,wide_bands,hybrid,718.0045547603978,727.9981518498736,740.4548408962069
2025-11-10T11:26:00,1762754160000,SENSEX,2025-11-10T11:39:00,1762754940000,13,wide_bands,hybrid,714.1572353548634,729.0038063420872,740.2401975197746
2025-11-10T11:26:00,1762754160000,SENSEX,2025-11-10T11:40:00,1762755000000,14,wide_bands,hybrid,709.8727015081221,725.7809957006303,736.9825637419985
2025-11-10T11:26:00,1762754160000,SENSEX,2025-11-10T11:41:00,1762755060000,15,wide_bands,hybrid,714.343404758009,726.8463922325317,736.445618405692
2025-11-10T11:26:00,1762754160000,SENSEX,2025-11-10T11:42:00,1762755120000,16,wide_bands,hybrid,716.0364813546399,724.7551053277836,738.6548329639013
2025-11-10T11:26:00,1762754160000,SENSEX,2025-11-10T11:43:00,1762755180000,17,wide_bands,hybrid,711.8843585517654,724.2315603097843,734.5248581181877
2025-11-10T11:26:00,1762754160000,SENSEX,2025-11-10T11:44:00,1762755240000,18,wide_bands,hybrid,715.6640636816664,724.3167232376113,742.104736100837
2025-11-10T11:26:00,1762754160000,SENSEX,2025-11-10T11:45:00,1762755300000,19,wide_bands,hybrid,715.4120614347704,726.371844810666,741.2008289865839
2025-11-10T11:26:00,1762754160000,SENSEX,2025-11-10T11:46:00,1762755360000,20,wide_bands,hybrid,713.4598970112608,723.5644148490787,738.5749616068618
2025-11-10T11:26:00,1762754160000,SENSEX,2025-11-10T11:47:00,1762755420000,21,wide_bands,hybrid,717.3183149055059,727.5450935523202,740.6016097449425
2025-11-10T11:26:00,1762754160000,SENSEX,2025-11-10T11:48:00,1762755480000,22,wide_bands,hybrid,717.2880135625966,726.292108948074,740.9910018084036
2025-11-10T11:26:00,1762754160000,SENSEX,2025-11-10T11:49:00,1762755540000,23,wide_bands,hybrid,715.055187071025,725.0843565112052,736.6262891696572
2025-11-10T11:26:00,1762754160000,SENSEX,2025-11-10T11:50:00,1762755600000,24,wide_bands,hybrid,716.4648135058293,729.0188245731634,742.3098582610066
2025-11-10T11:26:00,1762754160000,SENSEX,2025-11-10T11:51:00,1762755660000,25,wide_bands,hybrid,715.3943407603723,729.9948441099317,740.2870715504663
2025-11-10T11:26:00,1762754160000,SENSEX,2025-11-10T11:52:00,1762755720000,26,wide_bands,hybrid,712.0206809917283,726.1721568459701,736.952100038862
2025-11-10T11:26:00,1762754160000,SENSEX,2025-11-10T11:53:00,1762755780000,27,wide_bands,hybrid,714.1538931534228,729.9503763409466,740.6689394949448
2025-11-10T11:26:00,1762754160000,SENSEX,2025-11-10T11:54:00,1762755840000,28,wide_bands,hybrid,713.7498995860051,729.2794962931597,740.6656779758962
2025-11-10T11:26:00,1762754160000,SENSEX,2025-11-10T11:55:00,1762755900000,29,wide_bands,hybrid,710.3278081678102,725.9198297046258,737.2194431484705
2025-11-10T11:26:00,1762754160000,SENSEX,2025-11-10T11:56:00,1762755960000,30,wide_bands,hybrid,712.5383275513944,729.1997921711368,740.6461284661475
2025-11-10T11:26:00,1762754160000,SENSEX,2025-11-10T11:57:00,1762756020000,31,wide_bands,hybrid,710.1512351265287,729.0350367753053,740.7300332809633
2025-11-10T11:26:00,1762754160000,SENSEX,2025-11-10T11:58:00,1762756080000,32,wide_bands,hybrid,707.5147980302247,725.555561170527,734.527640181884
2025-11-10T11:26:00,1762754160000,SENSEX,2025-11-10T11:59:00,1762756140000,33,wide_bands,hybrid,713.7719894927566,729.1043503953315,741.0779915124177
2025-11-10T11:26:00,1762754160000,SENSEX,2025-11-10T12:00:00,1762756200000,34,wide_bands,hybrid,711.6767083998187,729.936170744593,740.8725189547118
2025-11-10T11:26:00,1762754160000,SENSEX,2025-11-10T12:01:00,1762756260000,35,wide_bands,hybrid,709.2001394772373,726.0197478819279,739.8059111468376
2025-11-10T11:26:00,1762754160000,SENSEX,2025-11-10T12:02:00,1762756320000,36,wide_bands,hybrid,704.6816215914197,729.1570634554852,741.1180280682012
2025-11-10T11:26:00,1762754160000,SENSEX,2025-11-10T12:03:00,1762756380000,37,wide_bands,hybrid,711.0989014949546,728.9594995101202,741.2735696718066
2025-11-10T11:26:00,1762754160000,SENSEX,2025-11-10T12:04:00,1762756440000,38,wide_bands,hybrid,702.2446293364586,725.3150048397538,739.9791271445841
2025-11-10T11:26:00,1762754160000,SENSEX,2025-11-10T12:05:00,1762756500000,39,wide_bands,hybrid,705.1996991685963,727.8371429699592,743.2689103859984
2025-11-10T11:26:00,1762754160000,SENSEX,2025-11-10T12:06:00,1762756560000,40,wide_bands,hybrid,702.3390826195598,727.9822786810954,741.382582901164
2025-11-10T11:26:00,1762754160000,SENSEX,2025-11-10T12:07:00,1762756620000,41,wide_bands,hybrid,713.0056569778932,722.1418813987957,738.4299036988681
2025-11-10T11:26:00,1762754160000,SENSEX,2025-11-10T12:08:00,1762756680000,42,wide_bands,hybrid,708.8239776262993,726.6248581649322,741.7600503689409
2025-11-10T11:26:00,1762754160000,SENSEX,2025-11-10T12:09:00,1762756740000,43,wide_bands,hybrid,708.3203357678957,726.1922628796952,741.9910136619567
2025-11-10T11:26:00,1762754160000,SENSEX,2025-11-10T12:10:00,1762756800000,44,wide_bands,hybrid,706.185350103332,724.1111386628846,739.0213813120137
2025-11-10T11:26:00,1762754160000,SENSEX,2025-11-10T12:11:00,1762756860000,45,wide_bands,hybrid,701.7513738777749,726.5199828738765,741.8325125956317
2025-11-10T11:26:00,1762754160000,SENSEX,2025-11-10T12:12:00,1762756920000,46,wide_bands,hybrid,708.0665852460791,726.6156035837693,741.694195767247
2025-11-10T11:26:00,1762754160000,SENSEX,2025-11-10T12:13:00,1762756980000,47,wide_bands,hybrid,704.0198814307031,724.8762959793117,743.4317420162246
2025-11-10T11:26:00,1762754160000,SENSEX,2025-11-10T12:14:00,1762757040000,48,wide_bands,hybrid,705.2039398548293,728.3747481079944,746.6960452798733
2025-11-10T11:26:00,1762754160000,SENSEX,2025-11-10T12:15:00,1762757100000,49,wide_bands,hybrid,711.8462722065412,727.0884925592502,743.8408797302114
2025-11-10T11:26:00,1762754160000,SENSEX,2025-11-10T12:16:00,1762757160000,50,wide_bands,hybrid,708.9118748730261,723.4303275121697,742.7323617660975
2025-11-10T11:26:00,1762754160000,SENSEX,2025-11-10T12:17:00,1762757220000,51,wide_bands,hybrid,711.35256640026,725.4968300484213,745.9096154086958
2025-11-10T11:26:00,1762754160000,SENSEX,2025-11-10T12:18:00,1762757280000,52,wide_bands,hybrid,704.8913152584659,723.2800929661515,745.3150187660169
2025-11-10T11:26:00,1762754160000,SENSEX,2025-11-10T12:19:00,1762757340000,53,wide_bands,hybrid,700.1242947827467,719.5114293814322,740.4948644398186
2025-11-10T11:26:00,1762754160000,SENSEX,2025-11-10T12:20:00,1762757400000,54,wide_bands,hybrid,703.520402204813,724.2482433277439,742.4288758531196
2025-11-10T11:26:00,1762754160000,SENSEX,2025-11-10T12:21:00,1762757460000,55,wide_bands,hybrid,704.3002166414357,723.4340879444356,743.2802264322492
2025-11-10T11:26:00,1762754160000,SENSEX,2025-11-10T12:22:00,1762757520000,56,wide_bands,hybrid,699.341693060812,717.7697663581964,738.4940466119621
2025-11-10T11:26:00,1762754160000,SENSEX,2025-11-10T12:23:00,1762757580000,57,wide_bands,hybrid,701.8359444555769,724.7244400170332,747.6575046651153
2025-11-10T11:26:00,1762754160000,SENSEX,2025-11-10T12:24:00,1762757640000,58,wide_bands,hybrid,702.8661667545988,722.723658653511,744.2216527395416
2025-11-10T11:26:00,1762754160000,SENSEX,2025-11-10T12:25:00,1762757700000,59,wide_bands,hybrid,698.7670580318027,718.7495263929385,740.2158604774082
2025-11-10T11:26:00,1762754160000,SENSEX,2025-11-10T12:26:00,1762757760000,60,wide_bands,hybrid,704.1209645529573,722.6343785872092,743.6001055803312
2025-11-10T11:26:30,1762754190000,SENSEX,2025-11-10T11:27:30,1762754250000,1,optimized,hybrid,718.3068932499657,732.4000000000001,742.8819459117757
2025-11-10T11:26:30,1762754190000,SENSEX,2025-11-10T11:28:30,1762754310000,2,optimized,hybrid,722.1737275386993,735.6981262392878,752.6234013689348
2025-11-10T11:26:30,1762754190000,SENSEX,2025-11-10T11:29:30,1762754370000,3,optimized,hybrid,725.9065449332973,735.8574216101171,747.7608683128177
2025-11-10T11:26:30,1762754190000,SENSEX,2025-11-10T11:30:30,1762754430000,4,optimized,hybrid,726.8971288311908,731.3620564029586,741.9494528393803
2025-11-10T11:26:30,1762754190000,SENSEX,2025-11-10T11:31:30,1762754490000,5,optimized,hybrid,726.2602023098226,735.7153633298884,745.2778575599999
2025-11-10T11:26:30,1762754190000,SENSEX,2025-11-10T11:32:30,1762754550000,6,optimized,hybrid,728.115355170336,735.6099414413471,745.2981299802443
2025-11-10T11:26:30,1762754190000,SENSEX,2025-11-10T11:33:30,1762754610000,7,optimized,hybrid,722.154686840689,732.0317260761319,742.0056383493787
2025-11-10T11:26:30,1762754190000,SENSEX,2025-11-10T11:34:30,1762754670000,8,optimized,hybrid,725.2039946614433,735.4868914367211,744.9593124327803
2025-11-10T11:26:30,1762754190000,SENSEX,2025-11-10T11:35:30,1762754730000,9,optimized,hybrid,722.2502662134846,735.3389056878372,743.7978363459029
2025-11-10T11:26:30,1762754190000,SENSEX,2025-11-10T11:36:30,1762754790000,10,optimized,hybrid,719.5556750645476,731.2462199508377,741.347699924622
2025-11-10T11:26:30,1762754190000,SENSEX,2025-11-10T11:37:30,1762754850000,11,optimized,hybrid,723.1472659377121,734.6098646201231,748.1769506976075
2025-11-10T11:26:30,1762754190000,SENSEX,2025-11-10T11:38:30,1762754910000,12,optimized,hybrid,724.5270546221196,733.4854694102341,745.7847286156486
2025-11-10T11:26:30,1762754190000,SENSEX,2025-11-10T11:39:30,1762754970000,13,optimized,hybrid,718.99452223064,731.3253240093248,743.3571562447102
2025-11-10T11:26:30,1762754190000,SENSEX,2025-11-10T11:40:30,1762755030000,14,optimized,hybrid,721.6499057562478,734.6708993212968,746.6516737553206
2025-11-10T11:26:30,1762754190000,SENSEX,2025-11-10T11:41:30,1762755090000,15,optimized,hybrid,721.4174304886732,730.7299330859767,743.0855198052607
2025-11-10T11:26:30,1762754190000,SENSEX,2025-11-10T11:42:30,1762755150000,16,optimized,hybrid,719.422474881387,728.2937928344497,741.9025093277958
2025-11-10T11:26:30,1762754190000,SENSEX,2025-11-10T11:43:30,1762755210000,17,optimized,hybrid,723.0707550208299,731.8493603013229,742.174724135694
2025-11-10T11:26:30,1762754190000,SENSEX,2025-11-10T11:44:30,1762755270000,18,optimized,hybrid,722.6073714071265,729.9512567702301,752.7047521136086
2025-11-10T11:26:30,1762754190000,SENSEX,2025-11-10T11:45:30,1762755330000,19,optimized,hybrid,718.3388947350586,729.2344858552476,747.2392860308757
2025-11-10T11:26:30,1762754190000,SENSEX,2025-11-10T11:46:30,1762755390000,20,optimized,hybrid,724.1436580887578,733.6580585199101,751.0540864866045
2025-11-10T11:26:30,1762754190000,SENSEX,2025-11-10T11:47:30,1762755450000,21,optimized,hybrid,724.4247606525211,733.9932927736196,748.0375458441827
2025-11-10T11:26:30,1762754190000,SENSEX,2025-11-10T11:48:30,1762755510000,22,optimized,hybrid,721.4009865743718,728.8466664431725,744.6828007163716
2025-11-10T11:26:30,1762754190000,SENSEX,2025-11-10T11:49:30,1762755570000,23,optimized,hybrid,725.5846924172566,735.3958526977615,747.3138953807401
2025-11-10T11:26:30,1762754190000,SENSEX,2025-11-10T11:50:30,1762755630000,24,optimized,hybrid,723.5493306430111,735.3312683885297,748.4553575876232
2025-11-10T11:26:30,1762754190000,SENSEX,2025-11-10T11:51:30,1762755690000,25,optimized,hybrid,718.3873733975822,732.7810413008184,742.9832989493971
2025-11-10T11:26:30,1762754190000,SENSEX,2025-11-10T11:52:30,1762755750000,26,optimized,hybrid,721.8607000721405,736.0299793494544,747.996736635344
2025-11-10T11:26:30,1762754190000,SENSEX,2025-11-10T11:53:30,1762755810000,27,optimized,hybrid,722.5381656705978,736.3585639315991,749.1944078342588
2025-11-10T11:26:30,1762754190000,SENSEX,2025-11-10T11:54:30,1762755870000,28,optimized,hybrid,718.1971899410338,732.2371836954422,744.4337937826784
2025-11-10T11:26:30,1762754190000,SENSEX,2025-11-10T11:55:30,1762755930000,29,optimized,hybrid,720.7821712912976,735.8770657956525,748.1821840439529
2025-11-10T11:26:30,1762754190000,SENSEX,2025-11-10T11:56:30,1762755990000,30,optimized,hybrid,722.9083611927284,735.5387687058643,746.8845719525531
2025-11-10T11:26:30,1762754190000,SENSEX,2025-11-10T11:57:30,1762756050000,31,optimized,hybrid,718.0154628196676,731.6238619269386,743.1223306649003
2025-11-10T11:26:30,1762754190000,SENSEX,2025-11-10T11:58:30,1762756110000,32,optimized,hybrid,721.0676037637074,735.2099517492517,744.412257041352
2025-11-10T11:26:30,1762754190000,SENSEX,2025-11-10T11:59:30,1762756170000,33,optimized,hybrid,720.9127330330305,734.5358751801003,746.9827831801723
2025-11-10T11:26:30,1762754190000,SENSEX,2025-11-10T12:00:30,1762756230000,34,optimized,hybrid,717.5909832221955,732.0644429001776,743.1818904782372
2025-11-10T11:26:30,1762754190000,SENSEX,2025-11-10T12:01:30,1762756290000,35,optimized,hybrid,721.0352158788661,734.3125001906561,746.8753403719329
2025-11-10T11:26:30,1762754190000,SENSEX,2025-11-10T12:02:30,1762756350000,36,optimized,hybrid,716.9382659383674,733.6098506407659,747.165319418368
2025-11-10T11:26:30,1762754190000,SENSEX,2025-11-10T12:03:30,1762756410000,37,optimized,hybrid,718.7289200480361,730.6187560036669,743.4004719286947
2025-11-10T11:26:30,1762754190000,SENSEX,2025-11-10T12:04:30,1762756470000,38,optimized,hybrid,717.0317846790326,734.2392963503016,750.1226235495359
2025-11-10T11:26:30,1762754190000,SENSEX,2025-11-10T12:05:30,1762756530000,39,optimized,hybrid,714.9400734209429,734.0969472164201,749.5619223560118
2025-11-10T11:26:30,1762754190000,SENSEX,2025-11-10T12:06:30,1762756590000,40,optimized,hybrid,710.6865802924475,729.7098620972166,743.6053644398578
2025-11-10T11:26:30,1762754190000,SENSEX,2025-11-10T12:07:30,1762756650000,41,optimized,hybrid,723.5679914415865,731.3567704403637,749.3664552082922
2025-11-10T11:26:30,1762754190000,SENSEX,2025-11-10T12:08:30,1762756710000,42,optimized,hybrid,718.8417865994555,730.9811584248384,748.0991458158388
2025-11-10T11:26:30,1762754190000,SENSEX,2025-11-10T12:09:30,1762756770000,43,optimized,hybrid,715.3897776352909,728.0259137568572,743.9311925291187
2025-11-10T11:26:30,1762754190000,SENSEX,2025-11-10T12:10:30,1762756830000,44,optimized,hybrid,719.8178475092758,734.1180765582164,747.3878261450046
2025-11-10T11:26:30,1762754190000,SENSEX,2025-11-10T12:11:30,1762756890000,45,optimized,hybrid,715.1097748728077,731.9820038831791,747.1740613444488
2025-11-10T11:26:30,1762754190000,SENSEX,2025-11-10T12:12:30,1762756950000,46,optimized,hybrid,714.8517874145743,728.502434771027,744.7211120686329
2025-11-10T11:26:30,1762754190000,SENSEX,2025-11-10T12:13:30,1762757010000,47,optimized,hybrid,715.3883932696357,733.1771348435395,750.6508203615623
2025-11-10T11:26:30,1762754190000,SENSEX,2025-11-10T12:14:30,1762757070000,48,optimized,hybrid,717.9004377998422,733.8808143769968,750.7400452922373
2025-11-10T11:26:30,1762754190000,SENSEX,2025-11-10T12:15:30,1762757130000,49,optimized,hybrid,716.8247597133286,730.2383927688988,745.954208186849
2025-11-10T11:26:30,1762754190000,SENSEX,2025-11-10T12:16:30,1762757190000,50,optimized,hybrid,719.9248176760057,731.1672154932877,749.3117187749555
2025-11-10T11:26:30,1762754190000,SENSEX,2025-11-10T12:17:30,1762757250000,51,optimized,hybrid,720.298854135076,729.8674657324602,751.5740240238069
2025-11-10T11:26:30,1762754190000,SENSEX,2025-11-10T12:18:30,1762757310000,52,optimized,hybrid,713.4080874793636,724.7130817514678,744.653807760291
2025-11-10T11:26:30,1762754190000,SENSEX,2025-11-10T12:19:30,1762757370000,53,optimized,hybrid,714.314423856682,729.593260209568,749.2845172776509
2025-11-10T11:26:30,1762754190000,SENSEX,2025-11-10T12:20:30,1762757430000,54,optimized,hybrid,715.0223999072755,730.4293357536267,747.5893961909943
2025-11-10T11:26:30,1762754190000,SENSEX,2025-11-10T12:21:30,1762757490000,55,optimized,hybrid,709.4932317785441,725.1462953742575,744.0685594296657
2025-11-10T11:26:30,1762754190000,SENSEX,2025-11-10T12:22:30,1762757550000,56,optimized,hybrid,713.5236310155035,727.501979737045,747.5557838441224
2025-11-10T11:26:30,1762754190000,SENSEX,2025-11-10T12:23:30,1762757610000,57,optimized,hybrid,711.4032422420169,730.166735186738,749.4908024644028
2025-11-10T11:26:30,1762754190000,SENSEX,2025-11-10T12:24:30,1762757670000,58,optimized,hybrid,707.6582484272383,724.5919178647583,743.5180136168166
2025-11-10T11:26:30,1762754190000,SENSEX,2025-11-10T12:25:30,1762757730000,59,optimized,hybrid,712.7456907153661,728.8399915036401,747.6462735338553
2025-11-10T11:26:30,1762754190000,SENSEX,2025-11-10T12:26:30,1762757790000,60,optimized,hybrid,711.7562995127917,728.7301063002433,747.3399985259728
2025-11-10T11:26:30,1762754190000,SENSEX,2025-11-10T11:27:30,1762754250000,1,optimized,hybrid,718.3068932499657,732.4000000000001,742.8819459117757
2025-11-10T11:26:30,1762754190000,SENSEX,2025-11-10T11:28:30,1762754310000,2,optimized,hybrid,722.1737275386993,735.6981262392878,752.6234013689348
2025-11-10T11:26:30,1762754190000,SENSEX,2025-11-10T11:29:30,1762754370000,3,optimized,hybrid,725.9065449332973,735.8574216101171,747.7608683128177
2025-11-10T11:26:30,1762754190000,SENSEX,2025-11-10T11:30:30,1762754430000,4,optimized,hybrid,726.8971288311908,731.3620564029586,741.9494528393803
2025-11-10T11:26:30,1762754190000,SENSEX,2025-11-10T11:31:30,1762754490000,5,optimized,hybrid,726.2602023098226,735.7153633298884,745.2778575599999
2025-11-10T11:26:30,1762754190000,SENSEX,2025-11-10T11:32:30,1762754550000,6,optimized,hybrid,728.115355170336,735.6099414413471,745.2981299802443
2025-11-10T11:26:30,1762754190000,SENSEX,2025-11-10T11:33:30,1762754610000,7,optimized,hybrid,722.154686840689,732.0317260761319,742.0056383493787
2025-11-10T11:26:30,1762754190000,SENSEX,2025-11-10T11:34:30,1762754670000,8,optimized,hybrid,725.2039946614433,735.4868914367211,744.9593124327803
2025-11-10T11:26:30,1762754190000,SENSEX,2025-11-10T11:35:30,1762754730000,9,optimized,hybrid,722.2502662134846,735.3389056878372,743.7978363459029
2025-11-10T11:26:30,1762754190000,SENSEX,2025-11-10T11:36:30,1762754790000,10,optimized,hybrid,719.5556750645476,731.2462199508377,741.347699924622
2025-11-10T11:26:30,1762754190000,SENSEX,2025-11-10T11:37:30,1762754850000,11,optimized,hybrid,723.1472659377121,734.6098646201231,748.1769506976075
2025-11-10T11:26:30,1762754190000,SENSEX,2025-11-10T11:38:30,1762754910000,12,optimized,hybrid,724.5270546221196,733.4854694102341,745.7847286156486
2025-11-10T11:26:30,1762754190000,SENSEX,2025-11-10T11:39:30,1762754970000,13,optimized,hybrid,718.99452223064,731.3253240093248,743.3571562447102
2025-11-10T11:26:30,1762754190000,SENSEX,2025-11-10T11:40:30,1762755030000,14,optimized,hybrid,721.6499057562478,734.6708993212968,746.6516737553206
2025-11-10T11:26:30,1762754190000,SENSEX,2025-11-10T11:41:30,1762755090000,15,optimized,hybrid,721.4174304886732,730.7299330859767,743.0855198052607
2025-11-10T11:26:30,1762754190000,SENSEX,2025-11-10T11:42:30,1762755150000,16,optimized,hybrid,719.422474881387,728.2937928344497,741.9025093277958
2025-11-10T11:26:30,1762754190000,SENSEX,2025-11-10T11:43:30,1762755210000,17,optimized,hybrid,723.0707550208299,731.8493603013229,742.174724135694
2025-11-10T11:26:30,1762754190000,SENSEX,2025-11-10T11:44:30,1762755270000,18,optimized,hybrid,722.6073714071265,729.9512567702301,752.7047521136086
2025-11-10T11:26:30,1762754190000,SENSEX,2025-11-10T11:45:30,1762755330000,19,optimized,hybrid,718.3388947350586,729.2344858552476,747.2392860308757
2025-11-10T11:26:30,1762754190000,SENSEX,2025-11-10T11:46:30,1762755390000,20,optimized,hybrid,724.1436580887578,733.6580585199101,751.0540864866045
2025-11-10T11:26:30,1762754190000,SENSEX,2025-11-10T11:47:30,1762755450000,21,optimized,hybrid,724.4247606525211,733.9932927736196,748.0375458441827
2025-11-10T11:26:30,1762754190000,SENSEX,2025-11-10T11:48:30,1762755510000,22,optimized,hybrid,721.4009865743718,728.8466664431725,744.6828007163716
2025-11-10T11:26:30,1762754190000,SENSEX,2025-11-10T11:49:30,1762755570000,23,optimized,hybrid,725.5846924172566,735.3958526977615,747.3138953807401
2025-11-10T11:26:30,1762754190000,SENSEX,2025-11-10T11:50:30,1762755630000,24,optimized,hybrid,723.5493306430111,735.3312683885297,748.4553575876232
2025-11-10T11:26:30,1762754190000,SENSEX,2025-11-10T11:51:30,1762755690000,25,optimized,hybrid,718.3873733975822,732.7810413008184,742.9832989493971
2025-11-10T11:26:30,1762754190000,SENSEX,2025-11-10T11:52:30,1762755750000,26,optimized,hybrid,721.8607000721405,736.0299793494544,747.996736635344
2025-11-10T11:26:30,1762754190000,SENSEX,2025-11-10T11:53:30,1762755810000,27,optimized,hybrid,722.5381656705978,736.3585639315991,749.1944078342588
2025-11-10T11:26:30,1762754190000,SENSEX,2025-11-10T11:54:30,1762755870000,28,optimized,hybrid,718.1971899410338,732.2371836954422,744.4337937826784
2025-11-10T11:26:30,1762754190000,SENSEX,2025-11-10T11:55:30,1762755930000,29,optimized,hybrid,720.7821712912976,735.8770657956525,748.1821840439529
2025-11-10T11:26:30,1762754190000,SENSEX,2025-11-10T11:56:30,1762755990000,30,optimized,hybrid,722.9083611927284,735.5387687058643,746.8845719525531
2025-11-10T11:26:30,1762754190000,SENSEX,2025-11-10T11:57:30,1762756050000,31,optimized,hybrid,718.0154628196676,731.6238619269386,743.1223306649003
2025-11-10T11:26:30,1762754190000,SENSEX,2025-11-10T11:58:30,1762756110000,32,optimized,hybrid,721.0676037637074,735.2099517492517,744.412257041352
2025-11-10T11:26:30,1762754190000,SENSEX,2025-11-10T11:59:30,1762756170000,33,optimized,hybrid,720.9127330330305,734.5358751801003,746.9827831801723
2025-11-10T11:26:30,1762754190000,SENSEX,2025-11-10T12:00:30,1762756230000,34,optimized,hybrid,717.5909832221955,732.0644429001776,743.1818904782372
2025-11-10T11:26:30,1762754190000,SENSEX,2025-11-10T12:01:30,1762756290000,35,optimized,hybrid,721.0352158788661,734.3125001906561,746.8753403719329
2025-11-10T11:26:30,1762754190000,SENSEX,2025-11-10T12:02:30,1762756350000,36,optimized,hybrid,716.9382659383674,733.6098506407659,747.165319418368
2025-11-10T11:26:30,1762754190000,SENSEX,2025-11-10T12:03:30,1762756410000,37,optimized,hybrid,718.7289200480361,730.6187560036669,743.4004719286947
2025-11-10T11:26:30,1762754190000,SENSEX,2025-11-10T12:04:30,1762756470000,38,optimized,hybrid,717.0317846790326,734.2392963503016,750.1226235495359
2025-11-10T11:26:30,1762754190000,SENSEX,2025-11-10T12:05:30,1762756530000,39,optimized,hybrid,714.9400734209429,734.0969472164201,749.5619223560118
2025-11-10T11:26:30,1762754190000,SENSEX,2025-11-10T12:06:30,1762756590000,40,optimized,hybrid,710.6865802924475,729.7098620972166,743.6053644398578
2025-11-10T11:26:30,1762754190000,SENSEX,2025-11-10T12:07:30,1762756650000,41,optimized,hybrid,723.5679914415865,731.3567704403637,749.3664552082922
2025-11-10T11:26:30,1762754190000,SENSEX,2025-11-10T12:08:30,1762756710000,42,optimized,hybrid,718.8417865994555,730.9811584248384,748.0991458158388
2025-11-10T11:26:30,1762754190000,SENSEX,2025-11-10T12:09:30,1762756770000,43,optimized,hybrid,715.3897776352909,728.0259137568572,743.9311925291187
2025-11-10T11:26:30,1762754190000,SENSEX,2025-11-10T12:10:30,1762756830000,44,optimized,hybrid,719.8178475092758,734.1180765582164,747.3878261450046
2025-11-10T11:26:30,1762754190000,SENSEX,2025-11-10T12:11:30,1762756890000,45,optimized,hybrid,715.1097748728077,731.9820038831791,747.1740613444488
2025-11-10T11:26:30,1762754190000,SENSEX,2025-11-10T12:12:30,1762756950000,46,optimized,hybrid,714.8517874145743,728.502434771027,744.7211120686329
2025-11-10T11:26:30,1762754190000,SENSEX,2025-11-10T12:13:30,1762757010000,47,optimized,hybrid,715.3883932696357,733.1771348435395,750.6508203615623
2025-11-10T11:26:30,1762754190000,SENSEX,2025-11-10T12:14:30,1762757070000,48,optimized,hybrid,717.9004377998422,733.8808143769968,750.7400452922373
2025-11-10T11:26:30,1762754190000,SENSEX,2025-11-10T12:15:30,1762757130000,49,optimized,hybrid,716.8247597133286,730.2383927688988,745.954208186849
2025-11-10T11:26:30,1762754190000,SENSEX,2025-11-10T12:16:30,1762757190000,50,optimized,hybrid,719.9248176760057,731.1672154932877,749.3117187749555
2025-11-10T11:26:30,1762754190000,SENSEX,2025-11-10T12:17:30,1762757250000,51,optimized,hybrid,720.298854135076,729.8674657324602,751.5740240238069
2025-11-10T11:26:30,1762754190000,SENSEX,2025-11-10T12:18:30,1762757310000,52,optimized,hybrid,713.4080874793636,724.7130817514678,744.653807760291
2025-11-10T11:26:30,1762754190000,SENSEX,2025-11-10T12:19:30,1762757370000,53,optimized,hybrid,714.314423856682,729.593260209568,749.2845172776509
2025-11-10T11:26:30,1762754190000,SENSEX,2025-11-10T12:20:30,1762757430000,54,optimized,hybrid,715.0223999072755,730.4293357536267,747.5893961909943
2025-11-10T11:26:30,1762754190000,SENSEX,2025-11-10T12:21:30,1762757490000,55,optimized,hybrid,709.4932317785441,725.1462953742575,744.0685594296657
2025-11-10T11:26:30,1762754190000,SENSEX,2025-11-10T12:22:30,1762757550000,56,optimized,hybrid,713.5236310155035,727.501979737045,747.5557838441224
2025-11-10T11:26:30,1762754190000,SENSEX,2025-11-10T12:23:30,1762757610000,57,optimized,hybrid,711.4032422420169,730.166735186738,749.4908024644028
2025-11-10T11:26:30,1762754190000,SENSEX,2025-11-10T12:24:30,1762757670000,58,optimized,hybrid,707.6582484272383,724.5919178647583,743.5180136168166
2025-11-10T11:26:30,1762754190000,SENSEX,2025-11-10T12:25:30,1762757730000,59,optimized,hybrid,712.7456907153661,728.8399915036401,747.6462735338553
2025-11-10T11:26:30,1762754190000,SENSEX,2025-11-10T12:26:30,1762757790000,60,optimized,hybrid,711.7562995127917,728.7301063002433,747.3399985259728
2025-11-10T11:26:30,1762754190000,SENSEX,2025-11-10T11:27:30,1762754250000,1,optimized,hybrid,718.3068932499657,732.4000000000001,742.8819459117757
2025-11-10T11:26:30,1762754190000,SENSEX,2025-11-10T11:28:30,1762754310000,2,optimized,hybrid,722.1737275386993,735.6981262392878,752.6234013689348
2025-11-10T11:26:30,1762754190000,SENSEX,2025-11-10T11:29:30,1762754370000,3,optimized,hybrid,725.9065449332973,735.8574216101171,747.7608683128177
2025-11-10T11:26:30,1762754190000,SENSEX,2025-11-10T11:30:30,1762754430000,4,optimized,hybrid,726.8971288311908,731.3620564029586,741.9494528393803
2025-11-10T11:26:30,1762754190000,SENSEX,2025-11-10T11:31:30,1762754490000,5,optimized,hybrid,726.2602023098226,735.7153633298884,745.2778575599999
2025-11-10T11:26:30,1762754190000,SENSEX,2025-11-10T11:32:30,1762754550000,6,optimized,hybrid,728.115355170336,735.6099414413471,745.2981299802443
2025-11-10T11:26:30,1762754190000,SENSEX,2025-11-10T11:33:30,1762754610000,7,optimized,hybrid,722.154686840689,732.0317260761319,742.0056383493787
2025-11-10T11:26:30,1762754190000,SENSEX,2025-11-10T11:34:30,1762754670000,8,optimized,hybrid,725.2039946614433,735.4868914367211,744.9593124327803
2025-11-10T11:26:30,1762754190000,SENSEX,2025-11-10T11:35:30,1762754730000,9,optimized,hybrid,722.2502662134846,735.3389056878372,743.7978363459029
2025-11-10T11:26:30,1762754190000,SENSEX,2025-11-10T11:36:30,1762754790000,10,optimized,hybrid,719.5556750645476,731.2462199508377,741.347699924622
2025-11-10T11:26:30,1762754190000,SENSEX,2025-11-10T11:37:30,1762754850000,11,optimized,hybrid,723.1472659377121,734.6098646201231,748.1769506976075
2025-11-10T11:26:30,1762754190000,SENSEX,2025-11-10T11:38:30,1762754910000,12,optimized,hybrid,724.5270546221196,733.4854694102341,745.7847286156486
2025-11-10T11:26:30,1762754190000,SENSEX,2025-11-10T11:39:30,1762754970000,13,optimized,hybrid,718.99452223064,731.3253240093248,743.3571562447102
2025-11-10T11:26:30,1762754190000,SENSEX,2025-11-10T11:40:30,1762755030000,14,optimized,hybrid,721.6499057562478,734.6708993212968,746.6516737553206
2025-11-10T11:26:30,1762754190000,SENSEX,2025-11-10T11:41:30,1762755090000,15,optimized,hybrid,721.4174304886732,730.7299330859767,743.0855198052607
2025-11-10T11:26:30,1762754190000,SENSEX,2025-11-10T11:42:30,1762755150000,16,optimized,hybrid,719.422474881387,728.2937928344497,741.9025093277958
2025-11-10T11:26:30,1762754190000,SENSEX,2025-11-10T11:43:30,1762755210000,17,optimized,hybrid,723.0707550208299,731.8493603013229,742.174724135694
2025-11-10T11:26:30,1762754190000,SENSEX,2025-11-10T11:44:30,1762755270000,18,optimized,hybrid,722.6073714071265,729.9512567702301,752.7047521136086
2025-11-10T11:26:30,1762754190000,SENSEX,2025-11-10T11:45:30,1762755330000,19,optimized,hybrid,718.3388947350586,729.2344858552476,747.2392860308757
2025-11-10T11:26:30,1762754190000,SENSEX,2025-11-10T11:46:30,1762755390000,20,optimized,hybrid,724.1436580887578,733.6580585199101,751.0540864866045
2025-11-10T11:26:30,1762754190000,SENSEX,2025-11-10T11:47:30,1762755450000,21,optimized,hybrid,724.4247606525211,733.9932927736196,748.0375458441827
2025-11-10T11:26:30,1762754190000,SENSEX,2025-11-10T11:48:30,1762755510000,22,optimized,hybrid,721.4009865743718,728.8466664431725,744.6828007163716
2025-11-10T11:26:30,1762754190000,SENSEX,2025-11-10T11:49:30,1762755570000,23,optimized,hybrid,725.5846924172566,735.3958526977615,747.3138953807401
2025-11-10T11:26:30,1762754190000,SENSEX,2025-11-10T11:50:30,1762755630000,24,optimized,hybrid,723.5493306430111,735.3312683885297,748.4553575876232
2025-11-10T11:26:30,1762754190000,SENSEX,2025-11-10T11:51:30,1762755690000,25,optimized,hybrid,718.3873733975822,732.7810413008184,742.9832989493971
2025-11-10T11:26:30,1762754190000,SENSEX,2025-11-10T11:52:30,1762755750000,26,optimized,hybrid,721.8607000721405,736.0299793494544,747.996736635344
2025-11-10T11:26:30,1762754190000,SENSEX,2025-11-10T11:53:30,1762755810000,27,optimized,hybrid,722.5381656705978,736.3585639315991,749.1944078342588
2025-11-10T11:26:30,1762754190000,SENSEX,2025-11-10T11:54:30,1762755870000,28,optimized,hybrid,718.1971899410338,732.2371836954422,744.4337937826784
2025-11-10T11:26:30,1762754190000,SENSEX,2025-11-10T11:55:30,1762755930000,29,optimized,hybrid,720.7821712912976,735.8770657956525,748.1821840439529
2025-11-10T11:26:30,1762754190000,SENSEX,2025-11-10T11:56:30,1762755990000,30,optimized,hybrid,722.9083611927284,735.5387687058643,746.8845719525531
2025-11-10T11:26:30,1762754190000,SENSEX,2025-11-10T11:57:30,1762756050000,31,optimized,hybrid,718.0154628196676,731.6238619269386,743.1223306649003
2025-11-10T11:26:30,1762754190000,SENSEX,2025-11-10T11:58:30,1762756110000,32,optimized,hybrid,721.0676037637074,735.2099517492517,744.412257041352
2025-11-10T11:26:30,1762754190000,SENSEX,2025-11-10T11:59:30,1762756170000,33,optimized,hybrid,720.9127330330305,734.5358751801003,746.9827831801723
2025-11-10T11:26:30,1762754190000,SENSEX,2025-11-10T12:00:30,1762756230000,34,optimized,hybrid,717.5909832221955,732.0644429001776,743.1818904782372
2025-11-10T11:26:30,1762754190000,SENSEX,2025-11-10T12:01:30,1762756290000,35,optimized,hybrid,721.0352158788661,734.3125001906561,746.8753403719329
2025-11-10T11:26:30,1762754190000,SENSEX,2025-11-10T12:02:30,1762756350000,36,optimized,hybrid,716.9382659383674,733.6098506407659,747.165319418368
2025-11-10T11:26:30,1762754190000,SENSEX,2025-11-10T12:03:30,1762756410000,37,optimized,hybrid,718.7289200480361,730.6187560036669,743.4004719286947
2025-11-10T11:26:30,1762754190000,SENSEX,2025-11-10T12:04:30,1762756470000,38,optimized,hybrid,717.0317846790326,734.2392963503016,750.1226235495359
2025-11-10T11:26:30,1762754190000,SENSEX,2025-11-10T12:05:30,1762756530000,39,optimized,hybrid,714.9400734209429,734.0969472164201,749.5619223560118
2025-11-10T11:26:30,1762754190000,SENSEX,2025-11-10T12:06:30,1762756590000,40,optimized,hybrid,710.6865802924475,729.7098620972166,743.6053644398578
2025-11-10T11:26:30,1762754190000,SENSEX,2025-11-10T12:07:30,1762756650000,41,optimized,hybrid,723.5679914415865,731.3567704403637,749.3664552082922
2025-11-10T11:26:30,1762754190000,SENSEX,2025-11-10T12:08:30,1762756710000,42,optimized,hybrid,718.8417865994555,730.9811584248384,748.0991458158388
2025-11-10T11:26:30,1762754190000,SENSEX,2025-11-10T12:09:30,1762756770000,43,optimized,hybrid,715.3897776352909,728.0259137568572,743.9311925291187
2025-11-10T11:26:30,1762754190000,SENSEX,2025-11-10T12:10:30,1762756830000,44,optimized,hybrid,719.8178475092758,734.1180765582164,747.3878261450046
2025-11-10T11:26:30,1762754190000,SENSEX,2025-11-10T12:11:30,1762756890000,45,optimized,hybrid,715.1097748728077,731.9820038831791,747.1740613444488
2025-11-10T11:26:30,1762754190000,SENSEX,2025-11-10T12:12:30,1762756950000,46,optimized,hybrid,714.8517874145743,728.502434771027,744.7211120686329
2025-11-10T11:26:30,1762754190000,SENSEX,2025-11-10T12:13:30,1762757010000,47,optimized,hybrid,715.3883932696357,733.1771348435395,750.6508203615623
2025-11-10T11:26:30,1762754190000,SENSEX,2025-11-10T12:14:30,1762757070000,48,optimized,hybrid,717.9004377998422,733.8808143769968,750.7400452922373
2025-11-10T11:26:30,1762754190000,SENSEX,2025-11-10T12:15:30,1762757130000,49,optimized,hybrid,716.8247597133286,730.2383927688988,745.954208186849
2025-11-10T11:26:30,1762754190000,SENSEX,2025-11-10T12:16:30,1762757190000,50,optimized,hybrid,719.9248176760057,731.1672154932877,749.3117187749555
2025-11-10T11:26:30,1762754190000,SENSEX,2025-11-10T12:17:30,1762757250000,51,optimized,hybrid,720.298854135076,729.8674657324602,751.5740240238069
2025-11-10T11:26:30,1762754190000,SENSEX,2025-11-10T12:18:30,1762757310000,52,optimized,hybrid,713.4080874793636,724.7130817514678,744.653807760291
2025-11-10T11:26:30,1762754190000,SENSEX,2025-11-10T12:19:30,1762757370000,53,optimized,hybrid,714.314423856682,729.593260209568,749.2845172776509
2025-11-10T11:26:30,1762754190000,SENSEX,2025-11-10T12:20:30,1762757430000,54,optimized,hybrid,715.0223999072755,730.4293357536267,747.5893961909943
2025-11-10T11:26:30,1762754190000,SENSEX,2025-11-10T12:21:30,1762757490000,55,optimized,hybrid,709.4932317785441,725.1462953742575,744.0685594296657
2025-11-10T11:26:30,1762754190000,SENSEX,2025-11-10T12:22:30,1762757550000,56,optimized,hybrid,713.5236310155035,727.501979737045,747.5557838441224
2025-11-10T11:26:30,1762754190000,SENSEX,2025-11-10T12:23:30,1762757610000,57,optimized,hybrid,711.4032422420169,730.166735186738,749.4908024644028
2025-11-10T11:26:30,1762754190000,SENSEX,2025-11-10T12:24:30,1762757670000,58,optimized,hybrid,707.6582484272383,724.5919178647583,743.5180136168166
2025-11-10T11:26:30,1762754190000,SENSEX,2025-11-10T12:25:30,1762757730000,59,optimized,hybrid,712.7456907153661,728.8399915036401,747.6462735338553
2025-11-10T11:26:30,1762754190000,SENSEX,2025-11-10T12:26:30,1762757790000,60,optimized,hybrid,711.7562995127917,728.7301063002433,747.3399985259728
2025-11-10T11:27:00,1762754220000,SENSEX,2025-11-10T11:28:00,1762754280000,1,optimized,hybrid,720.8545805473133,732.8,743.8344476361896
2025-11-10T11:27:00,1762754220000,SENSEX,2025-11-10T11:29:00,1762754340000,2,optimized,hybrid,721.0989199483528,733.5209407423353,750.9305799980417
2025-11-10T11:27:00,1762754220000,SENSEX,2025-11-10T11:30:00,1762754400000,3,optimized,hybrid,720.0477996181753,730.0414162198712,741.4864548321902
2025-11-10T11:27:00,1762754220000,SENSEX,2025-11-10T11:31:00,1762754460000,4,optimized,hybrid,728.7474021144023,733.7711734001671,745.1782566502762
2025-11-10T11:27:00,1762754220000,SENSEX,2025-11-10T11:32:00,1762754520000,5,optimized,hybrid,726.0646356074128,733.4834463289977,743.1720801504138
2025-11-10T11:27:00,1762754220000,SENSEX,2025-11-10T11:33:00,1762754580000,6,optimized,hybrid,722.8750739242053,730.1056745601186,740.2409535985437
2025-11-10T11:27:00,1762754220000,SENSEX,2025-11-10T11:34:00,1762754640000,7,optimized,hybrid,725.4034222578083,732.5697449249279,743.2270617036488
2025-11-10T11:27:00,1762754220000,SENSEX,2025-11-10T11:35:00,1762754700000,8,optimized,hybrid,723.7612601010633,733.1191767665641,743.374443636121
2025-11-10T11:27:00,1762754220000,SENSEX,2025-11-10T11:36:00,1762754760000,9,optimized,hybrid,718.2780263461016,730.1621481607029,740.2350923387917
2025-11-10T11:27:00,1762754220000,SENSEX,2025-11-10T11:37:00,1762754820000,10,optimized,hybrid,720.9748022081748,731.4146640865242,743.2174664008475
2025-11-10T11:27:00,1762754220000,SENSEX,2025-11-10T11:38:00,1762754880000,11,optimized,hybrid,720.5926173945617,732.0100546690263,750.6783023188152
2025-11-10T11:27:00,1762754220000,SENSEX,2025-11-10T11:39:00,1762754940000,12,optimized,hybrid,719.0002633496741,728.2112996683096,740.2725272884494
2025-11-10T11:27:00,1762754220000,SENSEX,2025-11-10T11:40:00,1762755000000,13,optimized,hybrid,719.9421755810488,732.637638409037,745.5416215095665
2025-11-10T11:27:00,1762754220000,SENSEX,2025-11-10T11:41:00,1762755060000,14,optimized,hybrid,719.6824329809577,732.4134513831783,745.3095057230271
2025-11-10T11:27:00,1762754220000,SENSEX,2025-11-10T11:42:00,1762755120000,15,optimized,hybrid,716.9718776645367,726.8504294997135,739.5557039113517
2025-11-10T11:27:00,1762754220000,SENSEX,2025-11-10T11:43:00,1762755180000,16,optimized,hybrid,720.4965151482727,730.0589618837591,743.4988188737863
2025-11-10T11:27:00,1762754220000,SENSEX,2025-11-10T11:44:00,1762755240000,17,optimized,hybrid,719.8203883533635,731.3170535395788,742.2059577634125
2025-11-10T11:27:00,1762754220000,SENSEX,2025-11-10T11:45:00,1762755300000,18,optimized,hybrid,716.353364980573,724.5477697897353,749.0148497679121
2025-11-10T11:27:00,1762754220000,SENSEX,2025-11-10T11:46:00,1762755360000,19,optimized,hybrid,719.4393454594202,730.7888747169284,748.9735837120286
2025-11-10T11:27:00,1762754220000,SENSEX,2025-11-10T11:47:00,1762755420000,20,optimized,hybrid,721.9702854394603,731.2530390597456,751.8379108229393
2025-11-10T11:27:00,1762754220000,SENSEX,2025-11-10T11:48:00,1762755480000,21,optimized,hybrid,718.3484261560606,728.710733473719,741.267964301095
2025-11-10T11:27:00,1762754220000,SENSEX,2025-11-10T11:49:00,1762755540000,22,optimized,hybrid,723.3742901965343,731.4176004667487,745.8080425456709
2025-11-10T11:27:00,1762754220000,SENSEX,2025-11-10T11:50:00,1762755600000,23,optimized,hybrid,723.3280368303055,733.2663425619929,744.7054300867587
2025-11-10T11:27:00,1762754220000,SENSEX,2025-11-10T11:51:00,1762755660000,24,optimized,hybrid,718.3587175941071,729.6258891838352,742.1282279999834
2025-11-10T11:27:00,1762754220000,SENSEX,2025-11-10T11:52:00,1762755720000,25,optimized,hybrid,719.714194841676,734.0600571862282,744.114995557063
2025-11-10T11:27:00,1762754220000,SENSEX,2025-11-10T11:53:00,1762755780000,26,optimized,hybrid,719.8791017675079,733.382901694049,745.7656089397949
2025-11-10T11:27:00,1762754220000,SENSEX,2025-11-10T11:54:00,1762755840000,27,optimized,hybrid,717.0404365888432,731.1938469450099,743.0925186934876
2025-11-10T11:27:00,1762754220000,SENSEX,2025-11-10T11:55:00,1762755900000,28,optimized,hybrid,720.1396253003943,733.8419483980948,745.438229115066
2025-11-10T11:27:00,1762754220000,SENSEX,2025-11-10T11:56:00,1762755960000,29,optimized,hybrid,719.743514445454,733.7750303245359,745.5195361628239
2025-11-10T11:27:00,1762754220000,SENSEX,2025-11-10T11:57:00,1762756020000,30,optimized,hybrid,716.8280338907705,729.9311780043053,740.2895889180417
2025-11-10T11:27:00,1762754220000,SENSEX,2025-11-10T11:58:00,1762756080000,31,optimized,hybrid,722.1125447353095,733.4864645464426,744.2120257729055
2025-11-10T11:27:00,1762754220000,SENSEX,2025-11-10T11:59:00,1762756140000,32,optimized,hybrid,718.9986631677795,733.011846549761,743.4711100074995
2025-11-10T11:27:00,1762754220000,SENSEX,2025-11-10T12:00:00,1762756200000,33,optimized,hybrid,715.0923158446552,728.9868706270831,742.4711296662002
2025-11-10T11:27:00,1762754220000,SENSEX,2025-11-10T12:01:00,1762756260000,34,optimized,hybrid,719.2546693079906,733.5887383353578,745.5000748161104
2025-11-10T11:27:00,1762754220000,SENSEX,2025-11-10T12:02:00,1762756320000,35,optimized,hybrid,719.3078301123571,732.7920466444062,746.2254513047114
2025-11-10T11:27:00,1762754220000,SENSEX,2025-11-10T12:03:00,1762756380000,36,optimized,hybrid,713.7549415568856,728.4684622458896,742.6522373240991
2025-11-10T11:27:00,1762754220000,SENSEX,2025-11-10T12:04:00,1762756440000,37,optimized,hybrid,720.2943102964427,732.3970460091117,746.2521982598948
2025-11-10T11:27:00,1762754220000,SENSEX,2025-11-10T12:05:00,1762756500000,38,optimized,hybrid,716.732538571099,732.418185157051,747.471008213262
2025-11-10T11:27:00,1762754220000,SENSEX,2025-11-10T12:06:00,1762756560000,39,optimized,hybrid,713.5081596114061,727.3056373271914,742.8741088551536
2025-11-10T11:27:00,1762754220000,SENSEX,2025-11-10T12:07:00,1762756620000,40,optimized,hybrid,717.8316826435347,731.6556290908356,745.8431069347978
2025-11-10T11:27:00,1762754220000,SENSEX,2025-11-10T12:08:00,1762756680000,41,optimized,hybrid,721.6012277195747,730.2263079523932,746.7723466264513
2025-11-10T11:27:00,1762754220000,SENSEX,2025-11-10T12:09:00,1762756740000,42,optimized,hybrid,715.9191811689955,726.6277325287365,742.0918367568462
2025-11-10T11:27:00,1762754220000,SENSEX,2025-11-10T12:10:00,1762756800000,43,optimized,hybrid,718.1559968086439,730.0852069054016,745.07426519706
2025-11-10T11:27:00,1762754220000,SENSEX,2025-11-10T12:11:00,1762756860000,44,optimized,hybrid,718.7735903210373,731.329912460137,745.3923140161993
2025-11-10T11:27:00,1762754220000,SENSEX,2025-11-10T12:12:00,1762756920000,45,optimized,hybrid,713.4698571934067,727.5378560634491,741.8530258955778
2025-11-10T11:27:00,1762754220000,SENSEX,2025-11-10T12:13:00,1762756980000,46,optimized,hybrid,716.3089951361435,730.2774764025579,744.6649186033465
2025-11-10T11:27:00,1762754220000,SENSEX,2025-11-10T12:14:00,1762757040000,47,optimized,hybrid,715.3363156824933,731.1929383824977,748.9485764664344
2025-11-10T11:27:00,1762754220000,SENSEX,2025-11-10T12:15:00,1762757100000,48,optimized,hybrid,715.5326151253576,729.1739158187356,746.6938091111906
2025-11-10T11:27:00,1762754220000,SENSEX,2025-11-10T12:16:00,1762757160000,49,optimized,hybrid,717.3574925755072,730.8314021195537,746.5232910321804
2025-11-10T11:27:00,1762754220000,SENSEX,2025-11-10T12:17:00,1762757220000,50,optimized,hybrid,717.7099276143854,729.5850957660592,747.5539000018412
2025-11-10T11:27:00,1762754220000,SENSEX,2025-11-10T12:18:00,1762757280000,51,optimized,hybrid,713.0930901439123,724.4149277792994,744.0448867048283
2025-11-10T11:27:00,1762754220000,SENSEX,2025-11-10T12:19:00,1762757340000,52,optimized,hybrid,715.5858658541392,726.9151651910241,747.4794850774796
2025-11-10T11:27:00,1762754220000,SENSEX,2025-11-10T12:20:00,1762757400000,53,optimized,hybrid,713.5562531740618,727.9910980351652,747.4375845348357
2025-11-10T11:27:00,1762754220000,SENSEX,2025-11-10T12:21:00,1762757460000,54,optimized,hybrid,711.8983049600588,724.0988665551537,740.679259392918
2025-11-10T11:27:00,1762754220000,SENSEX,2025-11-10T12:22:00,1762757520000,55,optimized,hybrid,715.9648409888135,727.2500476180312,745.6159143098682
2025-11-10T11:27:00,1762754220000,SENSEX,2025-11-10T12:23:00,1762757580000,56,optimized,hybrid,715.1661543954696,725.1927363487989,744.8758464314731
2025-11-10T11:27:00,1762754220000,SENSEX,2025-11-10T12:24:00,1762757640000,57,optimized,hybrid,704.948864599315,724.1284265674357,741.9170780619572
2025-11-10T11:27:00,1762754220000,SENSEX,2025-11-10T12:25:00,1762757700000,58,optimized,hybrid,715.6084553546874,726.0833701660057,746.0049666542144
2025-11-10T11:27:00,1762754220000,SENSEX,2025-11-10T12:26:00,1762757760000,59,optimized,hybrid,718.031286476738,726.3604060110976,746.1570262144402
2025-11-10T11:27:00,1762754220000,SENSEX,2025-11-10T12:27:00,1762757820000,60,optimized,hybrid,705.920894423279,722.2162123506232,741.6990619385169
2025-11-10T11:27:00,1762754220000,SENSEX,2025-11-10T11:28:00,1762754280000,1,optimized,hybrid,720.8545805473133,732.8,743.8344476361896
2025-11-10T11:27:00,1762754220000,SENSEX,2025-11-10T11:29:00,1762754340000,2,optimized,hybrid,721.0989199483528,733.5209407423353,750.9305799980417
2025-11-10T11:27:00,1762754220000,SENSEX,2025-11-10T11:30:00,1762754400000,3,optimized,hybrid,720.0477996181753,730.0414162198712,741.4864548321902
2025-11-10T11:27:00,1762754220000,SENSEX,2025-11-10T11:31:00,1762754460000,4,optimized,hybrid,728.7474021144023,733.7711734001671,745.1782566502762
2025-11-10T11:27:00,1762754220000,SENSEX,2025-11-10T11:32:00,1762754520000,5,optimized,hybrid,726.0646356074128,733.4834463289977,743.1720801504138
2025-11-10T11:27:00,1762754220000,SENSEX,2025-11-10T11:33:00,1762754580000,6,optimized,hybrid,722.8750739242053,730.1056745601186,740.2409535985437
2025-11-10T11:27:00,1762754220000,SENSEX,2025-11-10T11:34:00,1762754640000,7,optimized,hybrid,725.4034222578083,732.5697449249279,743.2270617036488
2025-11-10T11:27:00,1762754220000,SENSEX,2025-11-10T11:35:00,1762754700000,8,optimized,hybrid,723.7612601010633,733.1191767665641,743.374443636121
2025-11-10T11:27:00,1762754220000,SENSEX,2025-11-10T11:36:00,1762754760000,9,optimized,hybrid,718.2780263461016,730.1621481607029,740.2350923387917
2025-11-10T11:27:00,1762754220000,SENSEX,2025-11-10T11:37:00,1762754820000,10,optimized,hybrid,720.9748022081748,731.4146640865242,743.2174664008475
2025-11-10T11:27:00,1762754220000,SENSEX,2025-11-10T11:38:00,1762754880000,11,optimized,hybrid,720.5926173945617,732.0100546690263,750.6783023188152
2025-11-10T11:27:00,1762754220000,SENSEX,2025-11-10T11:39:00,1762754940000,12,optimized,hybrid,719.0002633496741,728.2112996683096,740.2725272884494
2025-11-10T11:27:00,1762754220000,SENSEX,2025-11-10T11:40:00,1762755000000,13,optimized,hybrid,719.9421755810488,732.637638409037,745.5416215095665
2025-11-10T11:27:00,1762754220000,SENSEX,2025-11-10T11:41:00,1762755060000,14,optimized,hybrid,719.6824329809577,732.4134513831783,745.3095057230271
2025-11-10T11:27:00,1762754220000,SENSEX,2025-11-10T11:42:00,1762755120000,15,optimized,hybrid,716.9718776645367,726.8504294997135,739.5557039113517
2025-11-10T11:27:00,1762754220000,SENSEX,2025-11-10T11:43:00,1762755180000,16,optimized,hybrid,720.4965151482727,730.0589618837591,743.4988188737863
2025-11-10T11:27:00,1762754220000,SENSEX,2025-11-10T11:44:00,1762755240000,17,optimized,hybrid,719.8203883533635,731.3170535395788,742.2059577634125
2025-11-10T11:27:00,1762754220000,SENSEX,2025-11-10T11:45:00,1762755300000,18,optimized,hybrid,716.353364980573,724.5477697897353,749.0148497679121
2025-11-10T11:27:00,1762754220000,SENSEX,2025-11-10T11:46:00,1762755360000,19,optimized,hybrid,719.4393454594202,730.7888747169284,748.9735837120286
2025-11-10T11:27:00,1762754220000,SENSEX,2025-11-10T11:47:00,1762755420000,20,optimized,hybrid,721.9702854394603,731.2530390597456,751.8379108229393
2025-11-10T11:27:00,1762754220000,SENSEX,2025-11-10T11:48:00,1762755480000,21,optimized,hybrid,718.3484261560606,728.710733473719,741.267964301095
2025-11-10T11:27:00,1762754220000,SENSEX,2025-11-10T11:49:00,1762755540000,22,optimized,hybrid,723.3742901965343,731.4176004667487,745.8080425456709
2025-11-10T11:27:00,1762754220000,SENSEX,2025-11-10T11:50:00,1762755600000,23,optimized,hybrid,723.3280368303055,733.2663425619929,744.7054300867587
2025-11-10T11:27:00,1762754220000,SENSEX,2025-11-10T11:51:00,1762755660000,24,optimized,hybrid,718.3587175941071,729.6258891838352,742.1282279999834
2025-11-10T11:27:00,1762754220000,SENSEX,2025-11-10T11:52:00,1762755720000,25,optimized,hybrid,719.714194841676,734.0600571862282,744.114995557063
2025-11-10T11:27:00,1762754220000,SENSEX,2025-11-10T11:53:00,1762755780000,26,optimized,hybrid,719.8791017675079,733.382901694049,745.7656089397949
2025-11-10T11:27:00,1762754220000,SENSEX,2025-11-10T11:54:00,1762755840000,27,optimized,hybrid,717.0404365888432,731.1938469450099,743.0925186934876
2025-11-10T11:27:00,1762754220000,SENSEX,2025-11-10T11:55:00,1762755900000,28,optimized,hybrid,720.1396253003943,733.8419483980948,745.438229115066
2025-11-10T11:27:00,1762754220000,SENSEX,2025-11-10T11:56:00,1762755960000,29,optimized,hybrid,719.743514445454,733.7750303245359,745.5195361628239
2025-11-10T11:27:00,1762754220000,SENSEX,2025-11-10T11:57:00,1762756020000,30,optimized,hybrid,716.8280338907705,729.9311780043053,740.2895889180417
2025-11-10T11:27:00,1762754220000,SENSEX,2025-11-10T11:58:00,1762756080000,31,optimized,hybrid,722.1125447353095,733.4864645464426,744.2120257729055
2025-11-10T11:27:00,1762754220000,SENSEX,2025-11-10T11:59:00,1762756140000,32,optimized,hybrid,718.9986631677795,733.011846549761,743.4711100074995
2025-11-10T11:27:00,1762754220000,SENSEX,2025-11-10T12:00:00,1762756200000,33,optimized,hybrid,715.0923158446552,728.9868706270831,742.4711296662002
2025-11-10T11:27:00,1762754220000,SENSEX,2025-11-10T12:01:00,1762756260000,34,optimized,hybrid,719.2546693079906,733.5887383353578,745.5000748161104
2025-11-10T11:27:00,1762754220000,SENSEX,2025-11-10T12:02:00,1762756320000,35,optimized,hybrid,719.3078301123571,732.7920466444062,746.2254513047114
2025-11-10T11:27:00,1762754220000,SENSEX,2025-11-10T12:03:00,1762756380000,36,optimized,hybrid,713.7549415568856,728.4684622458896,742.6522373240991
2025-11-10T11:27:00,1762754220000,SENSEX,2025-11-10T12:04:00,1762756440000,37,optimized,hybrid,720.2943102964427,732.3970460091117,746.2521982598948
2025-11-10T11:27:00,1762754220000,SENSEX,2025-11-10T12:05:00,1762756500000,38,optimized,hybrid,716.732538571099,732.418185157051,747.471008213262
2025-11-10T11:27:00,1762754220000,SENSEX,2025-11-10T12:06:00,1762756560000,39,optimized,hybrid,713.5081596114061,727.3056373271914,742.8741088551536
2025-11-10T11:27:00,1762754220000,SENSEX,2025-11-10T12:07:00,1762756620000,40,optimized,hybrid,717.8316826435347,731.6556290908356,745.8431069347978
2025-11-10T11:27:00,1762754220000,SENSEX,2025-11-10T12:08:00,1762756680000,41,optimized,hybrid,721.6012277195747,730.2263079523932,746.7723466264513
2025-11-10T11:27:00,1762754220000,SENSEX,2025-11-10T12:09:00,1762756740000,42,optimized,hybrid,715.9191811689955,726.6277325287365,742.0918367568462
2025-11-10T11:27:00,1762754220000,SENSEX,2025-11-10T12:10:00,1762756800000,43,optimized,hybrid,718.1559968086439,730.0852069054016,745.07426519706
2025-11-10T11:27:00,1762754220000,SENSEX,2025-11-10T12:11:00,1762756860000,44,optimized,hybrid,718.7735903210373,731.329912460137,745.3923140161993
2025-11-10T11:27:00,1762754220000,SENSEX,2025-11-10T12:12:00,1762756920000,45,optimized,hybrid,713.4698571934067,727.5378560634491,741.8530258955778
2025-11-10T11:27:00,1762754220000,SENSEX,2025-11-10T12:13:00,1762756980000,46,optimized,hybrid,716.3089951361435,730.2774764025579,744.6649186033465
2025-11-10T11:27:00,1762754220000,SENSEX,2025-11-10T12:14:00,1762757040000,47,optimized,hybrid,715.3363156824933,731.1929383824977,748.9485764664344
2025-11-10T11:27:00,1762754220000,SENSEX,2025-11-10T12:15:00,1762757100000,48,optimized,hybrid,715.5326151253576,729.1739158187356,746.6938091111906
2025-11-10T11:27:00,1762754220000,SENSEX,2025-11-10T12:16:00,1762757160000,49,optimized,hybrid,717.3574925755072,730.8314021195537,746.5232910321804
2025-11-10T11:27:00,1762754220000,SENSEX,2025-11-10T12:17:00,1762757220000,50,optimized,hybrid,717.7099276143854,729.5850957660592,747.5539000018412
2025-11-10T11:27:00,1762754220000,SENSEX,2025-11-10T12:18:00,1762757280000,51,optimized,hybrid,713.0930901439123,724.4149277792994,744.0448867048283
2025-11-10T11:27:00,1762754220000,SENSEX,2025-11-10T12:19:00,1762757340000,52,optimized,hybrid,715.5858658541392,726.9151651910241,747.4794850774796
2025-11-10T11:27:00,1762754220000,SENSEX,2025-11-10T12:20:00,1762757400000,53,optimized,hybrid,713.5562531740618,727.9910980351652,747.4375845348357
2025-11-10T11:27:00,1762754220000,SENSEX,2025-11-10T12:21:00,1762757460000,54,optimized,hybrid,711.8983049600588,724.0988665551537,740.679259392918
2025-11-10T11:27:00,1762754220000,SENSEX,2025-11-10T12:22:00,1762757520000,55,optimized,hybrid,715.9648409888135,727.2500476180312,745.6159143098682
2025-11-10T11:27:00,1762754220000,SENSEX,2025-11-10T12:23:00,1762757580000,56,optimized,hybrid,715.1661543954696,725.1927363487989,744.8758464314731
2025-11-10T11:27:00,1762754220000,SENSEX,2025-11-10T12:24:00,1762757640000,57,optimized,hybrid,704.948864599315,724.1284265674357,741.9170780619572
2025-11-10T11:27:00,1762754220000,SENSEX,2025-11-10T12:25:00,1762757700000,58,optimized,hybrid,715.6084553546874,726.0833701660057,746.0049666542144
2025-11-10T11:27:00,1762754220000,SENSEX,2025-11-10T12:26:00,1762757760000,59,optimized,hybrid,718.031286476738,726.3604060110976,746.1570262144402
2025-11-10T11:27:00,1762754220000,SENSEX,2025-11-10T12:27:00,1762757820000,60,optimized,hybrid,705.920894423279,722.2162123506232,741.6990619385169
2025-11-10T11:27:00,1762754220000,SENSEX,2025-11-10T11:28:00,1762754280000,1,optimized,hybrid,720.8545805473133,732.8,743.8344476361896
2025-11-10T11:27:00,1762754220000,SENSEX,2025-11-10T11:29:00,1762754340000,2,optimized,hybrid,721.0989199483528,733.5209407423353,750.9305799980417
2025-11-10T11:27:00,1762754220000,SENSEX,2025-11-10T11:30:00,1762754400000,3,optimized,hybrid,720.0477996181753,730.0414162198712,741.4864548321902
2025-11-10T11:27:00,1762754220000,SENSEX,2025-11-10T11:31:00,1762754460000,4,optimized,hybrid,728.7474021144023,733.7711734001671,745.1782566502762
2025-11-10T11:27:00,1762754220000,SENSEX,2025-11-10T11:32:00,1762754520000,5,optimized,hybrid,726.0646356074128,733.4834463289977,743.1720801504138
2025-11-10T11:27:00,1762754220000,SENSEX,2025-11-10T11:33:00,1762754580000,6,optimized,hybrid,722.8750739242053,730.1056745601186,740.2409535985437
2025-11-10T11:27:00,1762754220000,SENSEX,2025-11-10T11:34:00,1762754640000,7,optimized,hybrid,725.4034222578083,732.5697449249279,743.2270617036488
2025-11-10T11:27:00,1762754220000,SENSEX,2025-11-10T11:35:00,1762754700000,8,optimized,hybrid,723.7612601010633,733.1191767665641,743.374443636121
2025-11-10T11:27:00,1762754220000,SENSEX,2025-11-10T11:36:00,1762754760000,9,optimized,hybrid,718.2780263461016,730.1621481607029,740.2350923387917
2025-11-10T11:27:00,1762754220000,SENSEX,2025-11-10T11:37:00,1762754820000,10,optimized,hybrid,720.9748022081748,731.4146640865242,743.2174664008475
2025-11-10T11:27:00,1762754220000,SENSEX,2025-11-10T11:38:00,1762754880000,11,optimized,hybrid,720.5926173945617,732.0100546690263,750.6783023188152
2025-11-10T11:27:00,1762754220000,SENSEX,2025-11-10T11:39:00,1762754940000,12,optimized,hybrid,719.0002633496741,728.2112996683096,740.2725272884494
2025-11-10T11:27:00,1762754220000,SENSEX,2025-11-10T11:40:00,1762755000000,13,optimized,hybrid,719.9421755810488,732.637638409037,745.5416215095665
2025-11-10T11:27:00,1762754220000,SENSEX,2025-11-10T11:41:00,1762755060000,14,optimized,hybrid,719.6824329809577,732.4134513831783,745.3095057230271
2025-11-10T11:27:00,1762754220000,SENSEX,2025-11-10T11:42:00,1762755120000,15,optimized,hybrid,716.9718776645367,726.8504294997135,739.5557039113517
2025-11-10T11:27:00,1762754220000,SENSEX,2025-11-10T11:43:00,1762755180000,16,optimized,hybrid,720.4965151482727,730.0589618837591,743.4988188737863
2025-11-10T11:27:00,1762754220000,SENSEX,2025-11-10T11:44:00,1762755240000,17,optimized,hybrid,719.8203883533635,731.3170535395788,742.2059577634125
2025-11-10T11:27:00,1762754220000,SENSEX,2025-11-10T11:45:00,1762755300000,18,optimized,hybrid,716.353364980573,724.5477697897353,749.0148497679121
2025-11-10T11:27:00,1762754220000,SENSEX,2025-11-10T11:46:00,1762755360000,19,optimized,hybrid,719.4393454594202,730.7888747169284,748.9735837120286
2025-11-10T11:27:00,1762754220000,SENSEX,2025-11-10T11:47:00,1762755420000,20,optimized,hybrid,721.9702854394603,731.2530390597456,751.8379108229393
2025-11-10T11:27:00,1762754220000,SENSEX,2025-11-10T11:48:00,1762755480000,21,optimized,hybrid,718.3484261560606,728.710733473719,741.267964301095
2025-11-10T11:27:00,1762754220000,SENSEX,2025-11-10T11:49:00,1762755540000,22,optimized,hybrid,723.3742901965343,731.4176004667487,745.8080425456709
2025-11-10T11:27:00,1762754220000,SENSEX,2025-11-10T11:50:00,1762755600000,23,optimized,hybrid,723.3280368303055,733.2663425619929,744.7054300867587
2025-11-10T11:27:00,1762754220000,SENSEX,2025-11-10T11:51:00,1762755660000,24,optimized,hybrid,718.3587175941071,729.6258891838352,742.1282279999834
2025-11-10T11:27:00,1762754220000,SENSEX,2025-11-10T11:52:00,1762755720000,25,optimized,hybrid,719.714194841676,734.0600571862282,744.114995557063
2025-11-10T11:27:00,1762754220000,SENSEX,2025-11-10T11:53:00,1762755780000,26,optimized,hybrid,719.8791017675079,733.382901694049,745.7656089397949
2025-11-10T11:27:00,1762754220000,SENSEX,2025-11-10T11:54:00,1762755840000,27,optimized,hybrid,717.0404365888432,731.1938469450099,743.0925186934876
2025-11-10T11:27:00,1762754220000,SENSEX,2025-11-10T11:55:00,1762755900000,28,optimized,hybrid,720.1396253003943,733.8419483980948,745.438229115066
2025-11-10T11:27:00,1762754220000,SENSEX,2025-11-10T11:56:00,1762755960000,29,optimized,hybrid,719.743514445454,733.7750303245359,745.5195361628239
2025-11-10T11:27:00,1762754220000,SENSEX,2025-11-10T11:57:00,1762756020000,30,optimized,hybrid,716.8280338907705,729.9311780043053,740.2895889180417
2025-11-10T11:27:00,1762754220000,SENSEX,2025-11-10T11:58:00,1762756080000,31,optimized,hybrid,722.1125447353095,733.4864645464426,744.2120257729055
2025-11-10T11:27:00,1762754220000,SENSEX,2025-11-10T11:59:00,1762756140000,32,optimized,hybrid,718.9986631677795,733.011846549761,743.4711100074995
2025-11-10T11:27:00,1762754220000,SENSEX,2025-11-10T12:00:00,1762756200000,33,optimized,hybrid,715.0923158446552,728.9868706270831,742.4711296662002
2025-11-10T11:27:00,1762754220000,SENSEX,2025-11-10T12:01:00,1762756260000,34,optimized,hybrid,719.2546693079906,733.5887383353578,745.5000748161104
2025-11-10T11:27:00,1762754220000,SENSEX,2025-11-10T12:02:00,1762756320000,35,optimized,hybrid,719.3078301123571,732.7920466444062,746.2254513047114
2025-11-10T11:27:00,1762754220000,SENSEX,2025-11-10T12:03:00,1762756380000,36,optimized,hybrid,713.7549415568856,728.4684622458896,742.6522373240991
2025-11-10T11:27:00,1762754220000,SENSEX,2025-11-10T12:04:00,1762756440000,37,optimized,hybrid,720.2943102964427,732.3970460091117,746.2521982598948
2025-11-10T11:27:00,1762754220000,SENSEX,2025-11-10T12:05:00,1762756500000,38,optimized,hybrid,716.732538571099,732.418185157051,747.471008213262
2025-11-10T11:27:00,1762754220000,SENSEX,2025-11-10T12:06:00,1762756560000,39,optimized,hybrid,713.5081596114061,727.3056373271914,742.8741088551536
2025-11-10T11:27:00,1762754220000,SENSEX,2025-11-10T12:07:00,1762756620000,40,optimized,hybrid,717.8316826435347,731.6556290908356,745.8431069347978
2025-11-10T11:27:00,1762754220000,SENSEX,2025-11-10T12:08:00,1762756680000,41,optimized,hybrid,721.6012277195747,730.2263079523932,746.7723466264513
2025-11-10T11:27:00,1762754220000,SENSEX,2025-11-10T12:09:00,1762756740000,42,optimized,hybrid,715.9191811689955,726.6277325287365,742.0918367568462
2025-11-10T11:27:00,1762754220000,SENSEX,2025-11-10T12:10:00,1762756800000,43,optimized,hybrid,718.1559968086439,730.0852069054016,745.07426519706
2025-11-10T11:27:00,1762754220000,SENSEX,2025-11-10T12:11:00,1762756860000,44,optimized,hybrid,718.7735903210373,731.329912460137,745.3923140161993
2025-11-10T11:27:00,1762754220000,SENSEX,2025-11-10T12:12:00,1762756920000,45,optimized,hybrid,713.4698571934067,727.5378560634491,741.8530258955778
2025-11-10T11:27:00,1762754220000,SENSEX,2025-11-10T12:13:00,1762756980000,46,optimized,hybrid,716.3089951361435,730.2774764025579,744.6649186033465
2025-11-10T11:27:00,1762754220000,SENSEX,2025-11-10T12:14:00,1762757040000,47,optimized,hybrid,715.3363156824933,731.1929383824977,748.9485764664344
2025-11-10T11:27:00,1762754220000,SENSEX,2025-11-10T12:15:00,1762757100000,48,optimized,hybrid,715.5326151253576,729.1739158187356,746.6938091111906
2025-11-10T11:27:00,1762754220000,SENSEX,2025-11-10T12:16:00,1762757160000,49,optimized,hybrid,717.3574925755072,730.8314021195537,746.5232910321804
2025-11-10T11:27:00,1762754220000,SENSEX,2025-11-10T12:17:00,1762757220000,50,optimized,hybrid,717.7099276143854,729.5850957660592,747.5539000018412
2025-11-10T11:27:00,1762754220000,SENSEX,2025-11-10T12:18:00,1762757280000,51,optimized,hybrid,713.0930901439123,724.4149277792994,744.0448867048283
2025-11-10T11:27:00,1762754220000,SENSEX,2025-11-10T12:19:00,1762757340000,52,optimized,hybrid,715.5858658541392,726.9151651910241,747.4794850774796
2025-11-10T11:27:00,1762754220000,SENSEX,2025-11-10T12:20:00,1762757400000,53,optimized,hybrid,713.5562531740618,727.9910980351652,747.4375845348357
2025-11-10T11:27:00,1762754220000,SENSEX,2025-11-10T12:21:00,1762757460000,54,optimized,hybrid,711.8983049600588,724.0988665551537,740.679259392918
2025-11-10T11:27:00,1762754220000,SENSEX,2025-11-10T12:22:00,1762757520000,55,optimized,hybrid,715.9648409888135,727.2500476180312,745.6159143098682
2025-11-10T11:27:00,1762754220000,SENSEX,2025-11-10T12:23:00,1762757580000,56,optimized,hybrid,715.1661543954696,725.1927363487989,744.8758464314731
2025-11-10T11:27:00,1762754220000,SENSEX,2025-11-10T12:24:00,1762757640000,57,optimized,hybrid,704.948864599315,724.1284265674357,741.9170780619572
2025-11-10T11:27:00,1762754220000,SENSEX,2025-11-10T12:25:00,1762757700000,58,optimized,hybrid,715.6084553546874,726.0833701660057,746.0049666542144
2025-11-10T11:27:00,1762754220000,SENSEX,2025-11-10T12:26:00,1762757760000,59,optimized,hybrid,718.031286476738,726.3604060110976,746.1570262144402
2025-11-10T11:27:00,1762754220000,SENSEX,2025-11-10T12:27:00,1762757820000,60,optimized,hybrid,705.920894423279,722.2162123506232,741.6990619385169
2025-11-10T11:27:30,1762754250000,SENSEX,2025-11-10T11:28:30,1762754310000,1,optimized,hybrid,721.6827110976382,731.55,744.0794062487606
2025-11-10T11:27:30,1762754250000,SENSEX,2025-11-10T11:29:30,1762754370000,2,optimized,hybrid,718.15423972604,728.2023544084801,745.4105011308151
2025-11-10T11:27:30,1762754250000,SENSEX,2025-11-10T11:30:30,1762754430000,3,optimized,hybrid,723.7718989734592,733.5931526002221,745.1571835899986
2025-11-10T11:27:30,1762754250000,SENSEX,2025-11-10T11:31:30,1762754490000,4,optimized,hybrid,727.2783259388266,732.6104109822652,743.9423893562165
2025-11-10T11:27:30,1762754250000,SENSEX,2025-11-10T11:32:30,1762754550000,5,optimized,hybrid,722.2360264694579,729.194336139301,739.1230808780152
2025-11-10T11:27:30,1762754250000,SENSEX,2025-11-10T11:33:30,1762754610000,6,optimized,hybrid,724.7371957938017,731.715592901828,742.5486542232878
2025-11-10T11:27:30,1762754250000,SENSEX,2025-11-10T11:34:30,1762754670000,7,optimized,hybrid,724.5398122570367,731.3301400658313,742.512530521468
2025-11-10T11:27:30,1762754250000,SENSEX,2025-11-10T11:35:30,1762754730000,8,optimized,hybrid,720.3522323282131,728.8487637159943,739.6834159961282
2025-11-10T11:27:30,1762754250000,SENSEX,2025-11-10T11:36:30,1762754790000,9,optimized,hybrid,721.3983922908747,731.7855054814764,742.3307844792179
2025-11-10T11:27:30,1762754250000,SENSEX,2025-11-10T11:37:30,1762754850000,10,optimized,hybrid,720.7575411338652,729.8305336964588,742.4019513739951
2025-11-10T11:27:30,1762754250000,SENSEX,2025-11-10T11:38:30,1762754910000,11,optimized,hybrid,717.3944705605148,727.4084175091836,746.2009286435673
2025-11-10T11:27:30,1762754250000,SENSEX,2025-11-10T11:39:30,1762754970000,12,optimized,hybrid,721.2343532123583,730.257874831521,742.6753990180066
2025-11-10T11:27:30,1762754250000,SENSEX,2025-11-10T11:40:30,1762755030000,13,optimized,hybrid,718.6443477000066,730.9030622784566,743.8234862749064
2025-11-10T11:27:30,1762754250000,SENSEX,2025-11-10T11:41:30,1762755090000,14,optimized,hybrid,716.0548677063091,727.8848062881755,740.6431151965858
2025-11-10T11:27:30,1762754250000,SENSEX,2025-11-10T11:42:30,1762755150000,15,optimized,hybrid,720.1722261321914,730.951879956165,740.6988674377469
2025-11-10T11:27:30,1762754250000,SENSEX,2025-11-10T11:43:30,1762755210000,16,optimized,hybrid,719.9983064837783,728.5714156829689,741.7987206965488
2025-11-10T11:27:30,1762754250000,SENSEX,2025-11-10T11:44:30,1762755270000,17,optimized,hybrid,715.8292023702403,728.0035201729153,737.5223326970922
2025-11-10T11:27:30,1762754250000,SENSEX,2025-11-10T11:45:30,1762755330000,18,optimized,hybrid,719.1101457544615,728.200842889201,751.0893956622391
2025-11-10T11:27:30,1762754250000,SENSEX,2025-11-10T11:46:30,1762755390000,19,optimized,hybrid,718.6411171938022,729.5287000585719,747.4906984608336
2025-11-10T11:27:30,1762754250000,SENSEX,2025-11-10T11:47:30,1762755450000,20,optimized,hybrid,716.9335801938461,725.8583395161538,746.0835216521024
2025-11-10T11:27:30,1762754250000,SENSEX,2025-11-10T11:48:30,1762755510000,21,optimized,hybrid,721.5960696963074,731.2823988999331,743.6137094735178
2025-11-10T11:27:30,1762754250000,SENSEX,2025-11-10T11:49:30,1762755570000,22,optimized,hybrid,721.7696878394172,729.8725840510994,744.0168403414184
2025-11-10T11:27:30,1762754250000,SENSEX,2025-11-10T11:50:30,1762755630000,23,optimized,hybrid,718.0941343449714,728.2614458650015,739.5552867567136
2025-11-10T11:27:30,1762754250000,SENSEX,2025-11-10T11:51:30,1762755690000,24,optimized,hybrid,720.5698111376711,731.7095860632221,744.1298690452834
2025-11-10T11:27:30,1762754250000,SENSEX,2025-11-10T11:52:30,1762755750000,25,optimized,hybrid,718.2647982668066,732.5710668724745,742.5720768367304
2025-11-10T11:27:30,1762754250000,SENSEX,2025-11-10T11:53:30,1762755810000,26,optimized,hybrid,714.9638539323546,728.4179756237064,740.6935685408818
2025-11-10T11:27:30,1762754250000,SENSEX,2025-11-10T11:54:30,1762755870000,27,optimized,hybrid,718.7295940462394,733.5834268616192,745.102471577081
2025-11-10T11:27:30,1762754250000,SENSEX,2025-11-10T11:55:30,1762755930000,28,optimized,hybrid,718.7560902651597,732.4442674603353,743.8509428659621
2025-11-10T11:27:30,1762754250000,SENSEX,2025-11-10T11:56:30,1762755990000,29,optimized,hybrid,716.2181610375571,728.6453172848503,740.0883213741782
2025-11-10T11:27:30,1762754250000,SENSEX,2025-11-10T11:57:30,1762756050000,30,optimized,hybrid,719.7052602461905,732.4780887637108,742.5476858913559
2025-11-10T11:27:30,1762754250000,SENSEX,2025-11-10T11:58:30,1762756110000,31,optimized,hybrid,721.0054341350818,732.0849374672068,742.601035454338
2025-11-10T11:27:30,1762754250000,SENSEX,2025-11-10T11:59:30,1762756170000,32,optimized,hybrid,714.5877867967642,728.054926715702,738.4784987134913
2025-11-10T11:27:30,1762754250000,SENSEX,2025-11-10T12:00:30,1762756230000,33,optimized,hybrid,717.9983873638134,731.2874687697991,744.5925498796263
2025-11-10T11:27:30,1762754250000,SENSEX,2025-11-10T12:01:30,1762756290000,34,optimized,hybrid,718.586486311281,732.4939760179134,744.0901401277962
2025-11-10T11:27:30,1762754250000,SENSEX,2025-11-10T12:02:30,1762756350000,35,optimized,hybrid,714.8235575046281,728.8247313502263,741.8640584608844
2025-11-10T11:27:30,1762754250000,SENSEX,2025-11-10T12:03:30,1762756410000,36,optimized,hybrid,715.4171669559773,732.1967621815701,744.7137773084346
2025-11-10T11:27:30,1762754250000,SENSEX,2025-11-10T12:04:30,1762756470000,37,optimized,hybrid,719.3824906499378,731.6707376989852,744.7278836265908
2025-11-10T11:27:30,1762754250000,SENSEX,2025-11-10T12:05:30,1762756530000,38,optimized,hybrid,710.811025659376,727.3124374782359,741.654717496174
2025-11-10T11:27:30,1762754250000,SENSEX,2025-11-10T12:06:30,1762756590000,39,optimized,hybrid,718.9226474596181,730.2037418345923,745.5424767823489
2025-11-10T11:27:30,1762754250000,SENSEX,2025-11-10T12:07:30,1762756650000,40,optimized,hybrid,718.5486190044901,730.1476635252614,744.0935240222732
2025-11-10T11:27:30,1762754250000,SENSEX,2025-11-10T12:08:30,1762756710000,41,optimized,hybrid,716.4116687963807,726.1404689658865,741.5157041143822
2025-11-10T11:27:30,1762754250000,SENSEX,2025-11-10T12:09:30,1762756770000,42,optimized,hybrid,719.1442287414894,730.5233991684981,744.0985561901031
2025-11-10T11:27:30,1762754250000,SENSEX,2025-11-10T12:10:30,1762756830000,43,optimized,hybrid,717.63131167063,729.2354412728572,744.5558634166841
2025-11-10T11:27:30,1762754250000,SENSEX,2025-11-10T12:11:30,1762756890000,44,optimized,hybrid,715.8005694554345,726.9971048729051,742.130546985894
2025-11-10T11:27:30,1762754250000,SENSEX,2025-11-10T12:12:30,1762756950000,45,optimized,hybrid,716.602452513975,729.4071824011193,743.5766960770205
2025-11-10T11:27:30,1762754250000,SENSEX,2025-11-10T12:13:30,1762757010000,46,optimized,hybrid,715.3014541010537,730.0578092057722,744.0960331195488
2025-11-10T11:27:30,1762754250000,SENSEX,2025-11-10T12:14:30,1762757070000,47,optimized,hybrid,713.4798060062094,727.2728089298896,745.6694424205525
2025-11-10T11:27:30,1762754250000,SENSEX,2025-11-10T12:15:30,1762757130000,48,optimized,hybrid,716.9353606582337,730.7015975301867,748.7209600215837
2025-11-10T11:27:30,1762754250000,SENSEX,2025-11-10T12:16:30,1762757190000,49,optimized,hybrid,715.6069438314116,729.4555759101845,746.2636927210427
2025-11-10T11:27:30,1762754250000,SENSEX,2025-11-10T12:17:30,1762757250000,50,optimized,hybrid,711.5524890561162,724.4942774756634,742.7907802598836
2025-11-10T11:27:30,1762754250000,SENSEX,2025-11-10T12:18:30,1762757310000,51,optimized,hybrid,715.9152873276603,728.887464769432,748.1868149994751
2025-11-10T11:27:30,1762754250000,SENSEX,2025-11-10T12:19:30,1762757370000,52,optimized,hybrid,714.3187586356743,726.7213221680983,747.9180326278118
2025-11-10T11:27:30,1762754250000,SENSEX,2025-11-10T12:20:30,1762757430000,53,optimized,hybrid,709.9505117192048,723.3877227199011,743.3062998287078
2025-11-10T11:27:30,1762754250000,SENSEX,2025-11-10T12:21:30,1762757490000,54,optimized,hybrid,716.4014988535203,727.2137183589879,743.3434079777871
2025-11-10T11:27:30,1762754250000,SENSEX,2025-11-10T12:22:30,1762757550000,55,optimized,hybrid,716.1270529779194,726.7420934912778,746.6252358924905
2025-11-10T11:27:30,1762754250000,SENSEX,2025-11-10T12:23:30,1762757610000,56,optimized,hybrid,711.4115007769963,719.8048436123703,739.0923374299521
2025-11-10T11:27:30,1762754250000,SENSEX,2025-11-10T12:24:30,1762757670000,57,optimized,hybrid,707.6579076767315,727.64741760305,747.6524680452413
2025-11-10T11:27:30,1762754250000,SENSEX,2025-11-10T12:25:30,1762757730000,58,optimized,hybrid,717.1302937614217,725.1826298064544,747.0204625127769
2025-11-10T11:27:30,1762754250000,SENSEX,2025-11-10T12:26:30,1762757790000,59,optimized,hybrid,715.1843489978919,721.5804081867578,743.247193113645
2025-11-10T11:27:30,1762754250000,SENSEX,2025-11-10T12:27:30,1762757850000,60,optimized,hybrid,709.237774553831,725.7279178483111,746.8346448494144
2025-11-10T11:27:30,1762754250000,SENSEX,2025-11-10T11:28:30,1762754310000,1,optimized,hybrid,721.6827110976382,731.55,744.0794062487606
2025-11-10T11:27:30,1762754250000,SENSEX,2025-11-10T11:29:30,1762754370000,2,optimized,hybrid,718.15423972604,728.2023544084801,745.4105011308151
2025-11-10T11:27:30,1762754250000,SENSEX,2025-11-10T11:30:30,1762754430000,3,optimized,hybrid,723.7718989734592,733.5931526002221,745.1571835899986
2025-11-10T11:27:30,1762754250000,SENSEX,2025-11-10T11:31:30,1762754490000,4,optimized,hybrid,727.2783259388266,732.6104109822652,743.9423893562165
2025-11-10T11:27:30,1762754250000,SENSEX,2025-11-10T11:32:30,1762754550000,5,optimized,hybrid,722.2360264694579,729.194336139301,739.1230808780152
2025-11-10T11:27:30,1762754250000,SENSEX,2025-11-10T11:33:30,1762754610000,6,optimized,hybrid,724.7371957938017,731.715592901828,742.5486542232878
2025-11-10T11:27:30,1762754250000,SENSEX,2025-11-10T11:34:30,1762754670000,7,optimized,hybrid,724.5398122570367,731.3301400658313,742.512530521468
2025-11-10T11:27:30,1762754250000,SENSEX,2025-11-10T11:35:30,1762754730000,8,optimized,hybrid,720.3522323282131,728.8487637159943,739.6834159961282
2025-11-10T11:27:30,1762754250000,SENSEX,2025-11-10T11:36:30,1762754790000,9,optimized,hybrid,721.3983922908747,731.7855054814764,742.3307844792179
2025-11-10T11:27:30,1762754250000,SENSEX,2025-11-10T11:37:30,1762754850000,10,optimized,hybrid,720.7575411338652,729.8305336964588,742.4019513739951
2025-11-10T11:27:30,1762754250000,SENSEX,2025-11-10T11:38:30,1762754910000,11,optimized,hybrid,717.3944705605148,727.4084175091836,746.2009286435673
2025-11-10T11:27:30,1762754250000,SENSEX,2025-11-10T11:39:30,1762754970000,12,optimized,hybrid,721.2343532123583,730.257874831521,742.6753990180066
2025-11-10T11:27:30,1762754250000,SENSEX,2025-11-10T11:40:30,1762755030000,13,optimized,hybrid,718.6443477000066,730.9030622784566,743.8234862749064
2025-11-10T11:27:30,1762754250000,SENSEX,2025-11-10T11:41:30,1762755090000,14,optimized,hybrid,716.0548677063091,727.8848062881755,740.6431151965858
2025-11-10T11:27:30,1762754250000,SENSEX,2025-11-10T11:42:30,1762755150000,15,optimized,hybrid,720.1722261321914,730.951879956165,740.6988674377469
2025-11-10T11:27:30,1762754250000,SENSEX,2025-11-10T11:43:30,1762755210000,16,optimized,hybrid,719.9983064837783,728.5714156829689,741.7987206965488
2025-11-10T11:27:30,1762754250000,SENSEX,2025-11-10T11:44:30,1762755270000,17,optimized,hybrid,715.8292023702403,728.0035201729153,737.5223326970922
2025-11-10T11:27:30,1762754250000,SENSEX,2025-11-10T11:45:30,1762755330000,18,optimized,hybrid,719.1101457544615,728.200842889201,751.0893956622391
2025-11-10T11:27:30,1762754250000,SENSEX,2025-11-10T11:46:30,1762755390000,19,optimized,hybrid,718.6411171938022,729.5287000585719,747.4906984608336
2025-11-10T11:27:30,1762754250000,SENSEX,2025-11-10T11:47:30,1762755450000,20,optimized,hybrid,716.9335801938461,725.8583395161538,746.0835216521024
2025-11-10T11:27:30,1762754250000,SENSEX,2025-11-10T11:48:30,1762755510000,21,optimized,hybrid,721.5960696963074,731.2823988999331,743.6137094735178
2025-11-10T11:27:30,1762754250000,SENSEX,2025-11-10T11:49:30,1762755570000,22,optimized,hybrid,721.7696878394172,729.8725840510994,744.0168403414184
2025-11-10T11:27:30,1762754250000,SENSEX,2025-11-10T11:50:30,1762755630000,23,optimized,hybrid,718.0941343449714,728.2614458650015,739.5552867567136
2025-11-10T11:27:30,1762754250000,SENSEX,2025-11-10T11:51:30,1762755690000,24,optimized,hybrid,720.5698111376711,731.7095860632221,744.1298690452834
2025-11-10T11:27:30,1762754250000,SENSEX,2025-11-10T11:52:30,1762755750000,25,optimized,hybrid,718.2647982668066,732.5710668724745,742.5720768367304
2025-11-10T11:27:30,1762754250000,SENSEX,2025-11-10T11:53:30,1762755810000,26,optimized,hybrid,714.9638539323546,728.4179756237064,740.6935685408818
2025-11-10T11:27:30,1762754250000,SENSEX,2025-11-10T11:54:30,1762755870000,27,optimized,hybrid,718.7295940462394,733.5834268616192,745.102471577081
2025-11-10T11:27:30,1762754250000,SENSEX,2025-11-10T11:55:30,1762755930000,28,optimized,hybrid,718.7560902651597,732.4442674603353,743.8509428659621
2025-11-10T11:27:30,1762754250000,SENSEX,2025-11-10T11:56:30,1762755990000,29,optimized,hybrid,716.2181610375571,728.6453172848503,740.0883213741782
2025-11-10T11:27:30,1762754250000,SENSEX,2025-11-10T11:57:30,1762756050000,30,optimized,hybrid,719.7052602461905,732.4780887637108,742.5476858913559
2025-11-10T11:27:30,1762754250000,SENSEX,2025-11-10T11:58:30,1762756110000,31,optimized,hybrid,721.0054341350818,732.0849374672068,742.601035454338
2025-11-10T11:27:30,1762754250000,SENSEX,2025-11-10T11:59:30,1762756170000,32,optimized,hybrid,714.5877867967642,728.054926715702,738.4784987134913
2025-11-10T11:27:30,1762754250000,SENSEX,2025-11-10T12:00:30,1762756230000,33,optimized,hybrid,717.9983873638134,731.2874687697991,744.5925498796263
2025-11-10T11:27:30,1762754250000,SENSEX,2025-11-10T12:01:30,1762756290000,34,optimized,hybrid,718.586486311281,732.4939760179134,744.0901401277962
2025-11-10T11:27:30,1762754250000,SENSEX,2025-11-10T12:02:30,1762756350000,35,optimized,hybrid,714.8235575046281,728.8247313502263,741.8640584608844
2025-11-10T11:27:30,1762754250000,SENSEX,2025-11-10T12:03:30,1762756410000,36,optimized,hybrid,715.4171669559773,732.1967621815701,744.7137773084346
2025-11-10T11:27:30,1762754250000,SENSEX,2025-11-10T12:04:30,1762756470000,37,optimized,hybrid,719.3824906499378,731.6707376989852,744.7278836265908
2025-11-10T11:27:30,1762754250000,SENSEX,2025-11-10T12:05:30,1762756530000,38,optimized,hybrid,710.811025659376,727.3124374782359,741.654717496174
2025-11-10T11:27:30,1762754250000,SENSEX,2025-11-10T12:06:30,1762756590000,39,optimized,hybrid,718.9226474596181,730.2037418345923,745.5424767823489
2025-11-10T11:27:30,1762754250000,SENSEX,2025-11-10T12:07:30,1762756650000,40,optimized,hybrid,718.5486190044901,730.1476635252614,744.0935240222732
2025-11-10T11:27:30,1762754250000,SENSEX,2025-11-10T12:08:30,1762756710000,41,optimized,hybrid,716.4116687963807,726.1404689658865,741.5157041143822
2025-11-10T11:27:30,1762754250000,SENSEX,2025-11-10T12:09:30,1762756770000,42,optimized,hybrid,719.1442287414894,730.5233991684981,744.0985561901031
2025-11-10T11:27:30,1762754250000,SENSEX,2025-11-10T12:10:30,1762756830000,43,optimized,hybrid,717.63131167063,729.2354412728572,744.5558634166841
2025-11-10T11:27:30,1762754250000,SENSEX,2025-11-10T12:11:30,1762756890000,44,optimized,hybrid,715.8005694554345,726.9971048729051,742.130546985894
2025-11-10T11:27:30,1762754250000,SENSEX,2025-11-10T12:12:30,1762756950000,45,optimized,hybrid,716.602452513975,729.4071824011193,743.5766960770205
2025-11-10T11:27:30,1762754250000,SENSEX,2025-11-10T12:13:30,1762757010000,46,optimized,hybrid,715.3014541010537,730.0578092057722,744.0960331195488
2025-11-10T11:27:30,1762754250000,SENSEX,2025-11-10T12:14:30,1762757070000,47,optimized,hybrid,713.4798060062094,727.2728089298896,745.6694424205525
2025-11-10T11:27:30,1762754250000,SENSEX,2025-11-10T12:15:30,1762757130000,48,optimized,hybrid,716.9353606582337,730.7015975301867,748.7209600215837
2025-11-10T11:27:30,1762754250000,SENSEX,2025-11-10T12:16:30,1762757190000,49,optimized,hybrid,715.6069438314116,729.4555759101845,746.2636927210427
2025-11-10T11:27:30,1762754250000,SENSEX,2025-11-10T12:17:30,1762757250000,50,optimized,hybrid,711.5524890561162,724.4942774756634,742.7907802598836
2025-11-10T11:27:30,1762754250000,SENSEX,2025-11-10T12:18:30,1762757310000,51,optimized,hybrid,715.9152873276603,728.887464769432,748.1868149994751
2025-11-10T11:27:30,1762754250000,SENSEX,2025-11-10T12:19:30,1762757370000,52,optimized,hybrid,714.3187586356743,726.7213221680983,747.9180326278118
2025-11-10T11:27:30,1762754250000,SENSEX,2025-11-10T12:20:30,1762757430000,53,optimized,hybrid,709.9505117192048,723.3877227199011,743.3062998287078
2025-11-10T11:27:30,1762754250000,SENSEX,2025-11-10T12:21:30,1762757490000,54,optimized,hybrid,716.4014988535203,727.2137183589879,743.3434079777871
2025-11-10T11:27:30,1762754250000,SENSEX,2025-11-10T12:22:30,1762757550000,55,optimized,hybrid,716.1270529779194,726.7420934912778,746.6252358924905
2025-11-10T11:27:30,1762754250000,SENSEX,2025-11-10T12:23:30,1762757610000,56,optimized,hybrid,711.4115007769963,719.8048436123703,739.0923374299521
2025-11-10T11:27:30,1762754250000,SENSEX,2025-11-10T12:24:30,1762757670000,57,optimized,hybrid,707.6579076767315,727.64741760305,747.6524680452413
2025-11-10T11:27:30,1762754250000,SENSEX,2025-11-10T12:25:30,1762757730000,58,optimized,hybrid,717.1302937614217,725.1826298064544,747.0204625127769
2025-11-10T11:27:30,1762754250000,SENSEX,2025-11-10T12:26:30,1762757790000,59,optimized,hybrid,715.1843489978919,721.5804081867578,743.247193113645
2025-11-10T11:27:30,1762754250000,SENSEX,2025-11-10T12:27:30,1762757850000,60,optimized,hybrid,709.237774553831,725.7279178483111,746.8346448494144
2025-11-10T11:27:30,1762754250000,SENSEX,2025-11-10T11:28:30,1762754310000,1,optimized,hybrid,721.6827110976382,731.55,744.0794062487606
2025-11-10T11:27:30,1762754250000,SENSEX,2025-11-10T11:29:30,1762754370000,2,optimized,hybrid,718.15423972604,728.2023544084801,745.4105011308151
2025-11-10T11:27:30,1762754250000,SENSEX,2025-11-10T11:30:30,1762754430000,3,optimized,hybrid,723.7718989734592,733.5931526002221,745.1571835899986
2025-11-10T11:27:30,1762754250000,SENSEX,2025-11-10T11:31:30,1762754490000,4,optimized,hybrid,727.2783259388266,732.6104109822652,743.9423893562165
2025-11-10T11:27:30,1762754250000,SENSEX,2025-11-10T11:32:30,1762754550000,5,optimized,hybrid,722.2360264694579,729.194336139301,739.1230808780152
2025-11-10T11:27:30,1762754250000,SENSEX,2025-11-10T11:33:30,1762754610000,6,optimized,hybrid,724.7371957938017,731.715592901828,742.5486542232878
2025-11-10T11:27:30,1762754250000,SENSEX,2025-11-10T11:34:30,1762754670000,7,optimized,hybrid,724.5398122570367,731.3301400658313,742.512530521468
2025-11-10T11:27:30,1762754250000,SENSEX,2025-11-10T11:35:30,1762754730000,8,optimized,hybrid,720.3522323282131,728.8487637159943,739.6834159961282
2025-11-10T11:27:30,1762754250000,SENSEX,2025-11-10T11:36:30,1762754790000,9,optimized,hybrid,721.3983922908747,731.7855054814764,742.3307844792179
2025-11-10T11:27:30,1762754250000,SENSEX,2025-11-10T11:37:30,1762754850000,10,optimized,hybrid,720.7575411338652,729.8305336964588,742.4019513739951
2025-11-10T11:27:30,1762754250000,SENSEX,2025-11-10T11:38:30,1762754910000,11,optimized,hybrid,717.3944705605148,727.4084175091836,746.2009286435673
2025-11-10T11:27:30,1762754250000,SENSEX,2025-11-10T11:39:30,1762754970000,12,optimized,hybrid,721.2343532123583,730.257874831521,742.6753990180066
2025-11-10T11:27:30,1762754250000,SENSEX,2025-11-10T11:40:30,1762755030000,13,optimized,hybrid,718.6443477000066,730.9030622784566,743.8234862749064
2025-11-10T11:27:30,1762754250000,SENSEX,2025-11-10T11:41:30,1762755090000,14,optimized,hybrid,716.0548677063091,727.8848062881755,740.6431151965858
2025-11-10T11:27:30,1762754250000,SENSEX,2025-11-10T11:42:30,1762755150000,15,optimized,hybrid,720.1722261321914,730.951879956165,740.6988674377469
2025-11-10T11:27:30,1762754250000,SENSEX,2025-11-10T11:43:30,1762755210000,16,optimized,hybrid,719.9983064837783,728.5714156829689,741.7987206965488
2025-11-10T11:27:30,1762754250000,SENSEX,2025-11-10T11:44:30,1762755270000,17,optimized,hybrid,715.8292023702403,728.0035201729153,737.5223326970922
2025-11-10T11:27:30,1762754250000,SENSEX,2025-11-10T11:45:30,1762755330000,18,optimized,hybrid,719.1101457544615,728.200842889201,751.0893956622391
2025-11-10T11:27:30,1762754250000,SENSEX,2025-11-10T11:46:30,1762755390000,19,optimized,hybrid,718.6411171938022,729.5287000585719,747.4906984608336
2025-11-10T11:27:30,1762754250000,SENSEX,2025-11-10T11:47:30,1762755450000,20,optimized,hybrid,716.9335801938461,725.8583395161538,746.0835216521024
2025-11-10T11:27:30,1762754250000,SENSEX,2025-11-10T11:48:30,1762755510000,21,optimized,hybrid,721.5960696963074,731.2823988999331,743.6137094735178
2025-11-10T11:27:30,1762754250000,SENSEX,2025-11-10T11:49:30,1762755570000,22,optimized,hybrid,721.7696878394172,729.8725840510994,744.0168403414184
2025-11-10T11:27:30,1762754250000,SENSEX,2025-11-10T11:50:30,1762755630000,23,optimized,hybrid,718.0941343449714,728.2614458650015,739.5552867567136
2025-11-10T11:27:30,1762754250000,SENSEX,2025-11-10T11:51:30,1762755690000,24,optimized,hybrid,720.5698111376711,731.7095860632221,744.1298690452834
2025-11-10T11:27:30,1762754250000,SENSEX,2025-11-10T11:52:30,1762755750000,25,optimized,hybrid,718.2647982668066,732.5710668724745,742.5720768367304
2025-11-10T11:27:30,1762754250000,SENSEX,2025-11-10T11:53:30,1762755810000,26,optimized,hybrid,714.9638539323546,728.4179756237064,740.6935685408818
2025-11-10T11:27:30,1762754250000,SENSEX,2025-11-10T11:54:30,1762755870000,27,optimized,hybrid,718.7295940462394,733.5834268616192,745.102471577081
2025-11-10T11:27:30,1762754250000,SENSEX,2025-11-10T11:55:30,1762755930000,28,optimized,hybrid,718.7560902651597,732.4442674603353,743.8509428659621
2025-11-10T11:27:30,1762754250000,SENSEX,2025-11-10T11:56:30,1762755990000,29,optimized,hybrid,716.2181610375571,728.6453172848503,740.0883213741782
2025-11-10T11:27:30,1762754250000,SENSEX,2025-11-10T11:57:30,1762756050000,30,optimized,hybrid,719.7052602461905,732.4780887637108,742.5476858913559
2025-11-10T11:27:30,1762754250000,SENSEX,2025-11-10T11:58:30,1762756110000,31,optimized,hybrid,721.0054341350818,732.0849374672068,742.601035454338
2025-11-10T11:27:30,1762754250000,SENSEX,2025-11-10T11:59:30,1762756170000,32,optimized,hybrid,714.5877867967642,728.054926715702,738.4784987134913
2025-11-10T11:27:30,1762754250000,SENSEX,2025-11-10T12:00:30,1762756230000,33,optimized,hybrid,717.9983873638134,731.2874687697991,744.5925498796263
2025-11-10T11:27:30,1762754250000,SENSEX,2025-11-10T12:01:30,1762756290000,34,optimized,hybrid,718.586486311281,732.4939760179134,744.0901401277962
2025-11-10T11:27:30,1762754250000,SENSEX,2025-11-10T12:02:30,1762756350000,35,optimized,hybrid,714.8235575046281,728.8247313502263,741.8640584608844
2025-11-10T11:27:30,1762754250000,SENSEX,2025-11-10T12:03:30,1762756410000,36,optimized,hybrid,715.4171669559773,732.1967621815701,744.7137773084346
2025-11-10T11:27:30,1762754250000,SENSEX,2025-11-10T12:04:30,1762756470000,37,optimized,hybrid,719.3824906499378,731.6707376989852,744.7278836265908
2025-11-10T11:27:30,1762754250000,SENSEX,2025-11-10T12:05:30,1762756530000,38,optimized,hybrid,710.811025659376,727.3124374782359,741.654717496174
2025-11-10T11:27:30,1762754250000,SENSEX,2025-11-10T12:06:30,1762756590000,39,optimized,hybrid,718.9226474596181,730.2037418345923,745.5424767823489
2025-11-10T11:27:30,1762754250000,SENSEX,2025-11-10T12:07:30,1762756650000,40,optimized,hybrid,718.5486190044901,730.1476635252614,744.0935240222732
2025-11-10T11:27:30,1762754250000,SENSEX,2025-11-10T12:08:30,1762756710000,41,optimized,hybrid,716.4116687963807,726.1404689658865,741.5157041143822
2025-11-10T11:27:30,1762754250000,SENSEX,2025-11-10T12:09:30,1762756770000,42,optimized,hybrid,719.1442287414894,730.5233991684981,744.0985561901031
2025-11-10T11:27:30,1762754250000,SENSEX,2025-11-10T12:10:30,1762756830000,43,optimized,hybrid,717.63131167063,729.2354412728572,744.5558634166841
2025-11-10T11:27:30,1762754250000,SENSEX,2025-11-10T12:11:30,1762756890000,44,optimized,hybrid,715.8005694554345,726.9971048729051,742.130546985894
2025-11-10T11:27:30,1762754250000,SENSEX,2025-11-10T12:12:30,1762756950000,45,optimized,hybrid,716.602452513975,729.4071824011193,743.5766960770205
2025-11-10T11:27:30,1762754250000,SENSEX,2025-11-10T12:13:30,1762757010000,46,optimized,hybrid,715.3014541010537,730.0578092057722,744.0960331195488
2025-11-10T11:27:30,1762754250000,SENSEX,2025-11-10T12:14:30,1762757070000,47,optimized,hybrid,713.4798060062094,727.2728089298896,745.6694424205525
2025-11-10T11:27:30,1762754250000,SENSEX,2025-11-10T12:15:30,1762757130000,48,optimized,hybrid,716.9353606582337,730.7015975301867,748.7209600215837
2025-11-10T11:27:30,1762754250000,SENSEX,2025-11-10T12:16:30,1762757190000,49,optimized,hybrid,715.6069438314116,729.4555759101845,746.2636927210427
2025-11-10T11:27:30,1762754250000,SENSEX,2025-11-10T12:17:30,1762757250000,50,optimized,hybrid,711.5524890561162,724.4942774756634,742.7907802598836
2025-11-10T11:27:30,1762754250000,SENSEX,2025-11-10T12:18:30,1762757310000,51,optimized,hybrid,715.9152873276603,728.887464769432,748.1868149994751
2025-11-10T11:27:30,1762754250000,SENSEX,2025-11-10T12:19:30,1762757370000,52,optimized,hybrid,714.3187586356743,726.7213221680983,747.9180326278118
2025-11-10T11:27:30,1762754250000,SENSEX,2025-11-10T12:20:30,1762757430000,53,optimized,hybrid,709.9505117192048,723.3877227199011,743.3062998287078
2025-11-10T11:27:30,1762754250000,SENSEX,2025-11-10T12:21:30,1762757490000,54,optimized,hybrid,716.4014988535203,727.2137183589879,743.3434079777871
2025-11-10T11:27:30,1762754250000,SENSEX,2025-11-10T12:22:30,1762757550000,55,optimized,hybrid,716.1270529779194,726.7420934912778,746.6252358924905
2025-11-10T11:27:30,1762754250000,SENSEX,2025-11-10T12:23:30,1762757610000,56,optimized,hybrid,711.4115007769963,719.8048436123703,739.0923374299521
2025-11-10T11:27:30,1762754250000,SENSEX,2025-11-10T12:24:30,1762757670000,57,optimized,hybrid,707.6579076767315,727.64741760305,747.6524680452413
2025-11-10T11:27:30,1762754250000,SENSEX,2025-11-10T12:25:30,1762757730000,58,optimized,hybrid,717.1302937614217,725.1826298064544,747.0204625127769
2025-11-10T11:27:30,1762754250000,SENSEX,2025-11-10T12:26:30,1762757790000,59,optimized,hybrid,715.1843489978919,721.5804081867578,743.247193113645
2025-11-10T11:27:30,1762754250000,SENSEX,2025-11-10T12:27:30,1762757850000,60,optimized,hybrid,709.237774553831,725.7279178483111,746.8346448494144
2025-11-10T11:28:00,1762754280000,SENSEX,2025-11-10T11:29:00,1762754340000,1,optimized,hybrid,722.70551327911,732.7,747.6237981511065
2025-11-10T11:28:00,1762754280000,SENSEX,2025-11-10T11:30:00,1762754400000,2,optimized,hybrid,727.5596238944671,737.5461427555625,754.903712759472
2025-11-10T11:28:00,1762754280000,SENSEX,2025-11-10T11:31:00,1762754460000,3,optimized,hybrid,728.9645743882894,738.8690823904575,750.5326070944635
2025-11-10T11:28:00,1762754280000,SENSEX,2025-11-10T11:32:00,1762754520000,4,optimized,hybrid,729.2379657201973,734.7006585765004,745.8923476485506
2025-11-10T11:28:00,1762754280000,SENSEX,2025-11-10T11:33:00,1762754580000,5,optimized,hybrid,730.4486505430169,737.0295134778182,746.6707780406347
2025-11-10T11:28:00,1762754280000,SENSEX,2025-11-10T11:34:00,1762754640000,6,optimized,hybrid,729.9252200708646,736.8860019900726,747.8213392495236
2025-11-10T11:28:00,1762754280000,SENSEX,2025-11-10T11:35:00,1762754700000,7,optimized,hybrid,726.7271049610165,733.4649756348422,744.6483551851118
2025-11-10T11:28:00,1762754280000,SENSEX,2025-11-10T11:36:00,1762754760000,8,optimized,hybrid,728.3229919927468,736.55092723432,746.838164315075
2025-11-10T11:28:00,1762754280000,SENSEX,2025-11-10T11:37:00,1762754820000,9,optimized,hybrid,726.3295254620518,736.6527407760864,747.1897530869157
2025-11-10T11:28:00,1762754280000,SENSEX,2025-11-10T11:38:00,1762754880000,10,optimized,hybrid,722.4769253266646,731.5583314349576,744.1359456847416
2025-11-10T11:28:00,1762754280000,SENSEX,2025-11-10T11:39:00,1762754940000,11,optimized,hybrid,725.8680731849287,735.5512703699453,755.2379645037897
2025-11-10T11:28:00,1762754280000,SENSEX,2025-11-10T11:40:00,1762755000000,12,optimized,hybrid,726.0027400467256,735.1399956100727,747.4748920698511
2025-11-10T11:28:00,1762754280000,SENSEX,2025-11-10T11:41:00,1762755060000,13,optimized,hybrid,720.459594050311,732.7443722366537,746.1698202099068
2025-11-10T11:28:00,1762754280000,SENSEX,2025-11-10T11:42:00,1762755120000,14,optimized,hybrid,724.4371458256322,736.131893168169,749.017280904226
2025-11-10T11:28:00,1762754280000,SENSEX,2025-11-10T11:43:00,1762755180000,15,optimized,hybrid,725.0266272678958,735.7672425016331,747.7113217818414
2025-11-10T11:28:00,1762754280000,SENSEX,2025-11-10T11:44:00,1762755240000,16,optimized,hybrid,722.2997828997447,731.2911015671069,743.6245383333201
2025-11-10T11:28:00,1762754280000,SENSEX,2025-11-10T11:45:00,1762755300000,17,optimized,hybrid,724.5894899162026,736.1180006356424,746.641013144968
2025-11-10T11:28:00,1762754280000,SENSEX,2025-11-10T11:46:00,1762755360000,18,optimized,hybrid,724.0684925438178,734.1796042440332,757.6716675052832
2025-11-10T11:28:00,1762754280000,SENSEX,2025-11-10T11:47:00,1762755420000,19,optimized,hybrid,719.8479565727923,731.4165011224586,748.7975103958399
2025-11-10T11:28:00,1762754280000,SENSEX,2025-11-10T11:48:00,1762755480000,20,optimized,hybrid,725.9382207972284,734.8320077059927,754.8579600519978
2025-11-10T11:28:00,1762754280000,SENSEX,2025-11-10T11:49:00,1762755540000,21,optimized,hybrid,726.3246038049833,736.7540712195716,751.9472902630323
2025-11-10T11:28:00,1762754280000,SENSEX,2025-11-10T11:50:00,1762755600000,22,optimized,hybrid,723.05083845938,732.4683554579963,748.7452655150074
2025-11-10T11:28:00,1762754280000,SENSEX,2025-11-10T11:51:00,1762755660000,23,optimized,hybrid,726.6649463196292,737.0763365027941,748.0123809536341
2025-11-10T11:28:00,1762754280000,SENSEX,2025-11-10T11:52:00,1762755720000,24,optimized,hybrid,725.5767286198133,737.2044382877951,750.8847470910672
2025-11-10T11:28:00,1762754280000,SENSEX,2025-11-10T11:53:00,1762755780000,25,optimized,hybrid,719.7316816794605,734.5151250431028,744.9732604465702
2025-11-10T11:28:00,1762754280000,SENSEX,2025-11-10T11:54:00,1762755840000,26,optimized,hybrid,723.6121832139263,737.4025448267248,749.2290068229245
2025-11-10T11:28:00,1762754280000,SENSEX,2025-11-10T11:55:00,1762755900000,27,optimized,hybrid,723.5645438870388,739.8324238653008,750.1577997729343
2025-11-10T11:28:00,1762754280000,SENSEX,2025-11-10T11:56:00,1762755960000,28,optimized,hybrid,719.8444579569375,734.3340933188745,745.6766829747143
2025-11-10T11:28:00,1762754280000,SENSEX,2025-11-10T11:57:00,1762756020000,29,optimized,hybrid,725.1205984847726,738.0528182958244,748.8468185832565
2025-11-10T11:28:00,1762754280000,SENSEX,2025-11-10T11:58:00,1762756080000,30,optimized,hybrid,724.5160475367512,738.8231799598533,748.5654170490959
2025-11-10T11:28:00,1762754280000,SENSEX,2025-11-10T11:59:00,1762756140000,31,optimized,hybrid,722.3342994172326,734.3846515226127,745.1861969265485
2025-11-10T11:28:00,1762754280000,SENSEX,2025-11-10T12:00:00,1762756200000,32,optimized,hybrid,723.1887319445917,736.6353121564737,747.3615250264565
2025-11-10T11:28:00,1762754280000,SENSEX,2025-11-10T12:01:00,1762756260000,33,optimized,hybrid,723.1871223194443,736.4551466978539,751.5386211698159
2025-11-10T11:28:00,1762754280000,SENSEX,2025-11-10T12:02:00,1762756320000,34,optimized,hybrid,719.7715590709371,734.066148090805,747.1946134487276
2025-11-10T11:28:00,1762754280000,SENSEX,2025-11-10T12:03:00,1762756380000,35,optimized,hybrid,723.580906328866,737.1388065598817,749.77256389871
2025-11-10T11:28:00,1762754280000,SENSEX,2025-11-10T12:04:00,1762756440000,36,optimized,hybrid,720.4547645626684,737.9745677450842,751.3032729078946
2025-11-10T11:28:00,1762754280000,SENSEX,2025-11-10T12:05:00,1762756500000,37,optimized,hybrid,720.1879968502283,732.6152374663653,747.483674242841
2025-11-10T11:28:00,1762754280000,SENSEX,2025-11-10T12:06:00,1762756560000,38,optimized,hybrid,720.1393102973929,736.3660211222672,750.8728952634053
2025-11-10T11:28:00,1762754280000,SENSEX,2025-11-10T12:07:00,1762756620000,39,optimized,hybrid,723.6978119157085,735.0945157543571,752.1106651777413
2025-11-10T11:28:00,1762754280000,SENSEX,2025-11-10T12:08:00,1762756680000,40,optimized,hybrid,719.9167981300251,731.6304775596083,747.8421800511688
2025-11-10T11:28:00,1762754280000,SENSEX,2025-11-10T12:09:00,1762756740000,41,optimized,hybrid,725.1456617396037,734.8369814115675,750.2946144211533
2025-11-10T11:28:00,1762754280000,SENSEX,2025-11-10T12:10:00,1762756800000,42,optimized,hybrid,724.0265780440399,735.357073637269,750.6224312705233
2025-11-10T11:28:00,1762754280000,SENSEX,2025-11-10T12:11:00,1762756860000,43,optimized,hybrid,719.769664595279,731.5994259683041,746.8912335149998
2025-11-10T11:28:00,1762754280000,SENSEX,2025-11-10T12:12:00,1762756920000,44,optimized,hybrid,723.5727727153914,734.693878753614,748.8002924076249
2025-11-10T11:28:00,1762754280000,SENSEX,2025-11-10T12:13:00,1762756980000,45,optimized,hybrid,721.5387507587279,734.5282791068674,748.801448833792
2025-11-10T11:28:00,1762754280000,SENSEX,2025-11-10T12:14:00,1762757040000,46,optimized,hybrid,717.580814184713,732.4703368246834,746.606662037002
2025-11-10T11:28:00,1762754280000,SENSEX,2025-11-10T12:15:00,1762757100000,47,optimized,hybrid,721.3183993250927,734.8022234661435,752.4605439187675
2025-11-10T11:28:00,1762754280000,SENSEX,2025-11-10T12:16:00,1762757160000,48,optimized,hybrid,721.6410027412584,735.5147004256914,753.4188617241574
2025-11-10T11:28:00,1762754280000,SENSEX,2025-11-10T12:17:00,1762757220000,49,optimized,hybrid,715.9893202503968,729.8307201170319,746.8443468538128
2025-11-10T11:28:00,1762754280000,SENSEX,2025-11-10T12:18:00,1762757280000,50,optimized,hybrid,721.0407493626105,733.8016269555964,751.0767722038535
2025-11-10T11:28:00,1762754280000,SENSEX,2025-11-10T12:19:00,1762757340000,51,optimized,hybrid,720.8530761053592,734.1478819410346,753.6456443205772
2025-11-10T11:28:00,1762754280000,SENSEX,2025-11-10T12:20:00,1762757400000,52,optimized,hybrid,715.0671541451102,728.7397035868144,749.231386767748
2025-11-10T11:28:00,1762754280000,SENSEX,2025-11-10T12:21:00,1762757460000,53,optimized,hybrid,718.9639847915341,732.4831334990918,750.8225125544316
2025-11-10T11:28:00,1762754280000,SENSEX,2025-11-10T12:22:00,1762757520000,54,optimized,hybrid,721.4713882002346,732.6830180223814,748.299426479031
2025-11-10T11:28:00,1762754280000,SENSEX,2025-11-10T12:23:00,1762757580000,55,optimized,hybrid,716.6952471831036,727.9435938207567,747.8022478002471
2025-11-10T11:28:00,1762754280000,SENSEX,2025-11-10T12:24:00,1762757640000,56,optimized,hybrid,720.4590766639151,729.0461302820565,747.8737218584927
2025-11-10T11:28:00,1762754280000,SENSEX,2025-11-10T12:25:00,1762757700000,57,optimized,hybrid,712.4214264268855,733.2841510516121,752.7624977090707
2025-11-10T11:28:00,1762754280000,SENSEX,2025-11-10T12:26:00,1762757760000,58,optimized,hybrid,718.1434974259445,726.8664350098668,748.8751943970199
2025-11-10T11:28:00,1762754280000,SENSEX,2025-11-10T12:27:00,1762757820000,59,optimized,hybrid,724.2592667169007,731.3037573006262,749.9448618643208
2025-11-10T11:28:00,1762754280000,SENSEX,2025-11-10T12:28:00,1762757880000,60,optimized,hybrid,714.1739181111564,731.5576191529213,752.1264843276748
2025-11-10T11:28:00,1762754280000,SENSEX,2025-11-10T11:29:00,1762754340000,1,optimized,hybrid,722.70551327911,732.7,747.6237981511065
2025-11-10T11:28:00,1762754280000,SENSEX,2025-11-10T11:30:00,1762754400000,2,optimized,hybrid,727.5596238944671,737.5461427555625,754.903712759472
2025-11-10T11:28:00,1762754280000,SENSEX,2025-11-10T11:31:00,1762754460000,3,optimized,hybrid,728.9645743882894,738.8690823904575,750.5326070944635
2025-11-10T11:28:00,1762754280000,SENSEX,2025-11-10T11:32:00,1762754520000,4,optimized,hybrid,729.2379657201973,734.7006585765004,745.8923476485506
2025-11-10T11:28:00,1762754280000,SENSEX,2025-11-10T11:33:00,1762754580000,5,optimized,hybrid,730.4486505430169,737.0295134778182,746.6707780406347
2025-11-10T11:28:00,1762754280000,SENSEX,2025-11-10T11:34:00,1762754640000,6,optimized,hybrid,729.9252200708646,736.8860019900726,747.8213392495236
2025-11-10T11:28:00,1762754280000,SENSEX,2025-11-10T11:35:00,1762754700000,7,optimized,hybrid,726.7271049610165,733.4649756348422,744.6483551851118
2025-11-10T11:28:00,1762754280000,SENSEX,2025-11-10T11:36:00,1762754760000,8,optimized,hybrid,728.3229919927468,736.55092723432,746.838164315075
2025-11-10T11:28:00,1762754280000,SENSEX,2025-11-10T11:37:00,1762754820000,9,optimized,hybrid,726.3295254620518,736.6527407760864,747.1897530869157
2025-11-10T11:28:00,1762754280000,SENSEX,2025-11-10T11:38:00,1762754880000,10,optimized,hybrid,722.4769253266646,731.5583314349576,744.1359456847416
2025-11-10T11:28:00,1762754280000,SENSEX,2025-11-10T11:39:00,1762754940000,11,optimized,hybrid,725.8680731849287,735.5512703699453,755.2379645037897
2025-11-10T11:28:00,1762754280000,SENSEX,2025-11-10T11:40:00,1762755000000,12,optimized,hybrid,726.0027400467256,735.1399956100727,747.4748920698511
2025-11-10T11:28:00,1762754280000,SENSEX,2025-11-10T11:41:00,1762755060000,13,optimized,hybrid,720.459594050311,732.7443722366537,746.1698202099068
2025-11-10T11:28:00,1762754280000,SENSEX,2025-11-10T11:42:00,1762755120000,14,optimized,hybrid,724.4371458256322,736.131893168169,749.017280904226
2025-11-10T11:28:00,1762754280000,SENSEX,2025-11-10T11:43:00,1762755180000,15,optimized,hybrid,725.0266272678958,735.7672425016331,747.7113217818414
2025-11-10T11:28:00,1762754280000,SENSEX,2025-11-10T11:44:00,1762755240000,16,optimized,hybrid,722.2997828997447,731.2911015671069,743.6245383333201
2025-11-10T11:28:00,1762754280000,SENSEX,2025-11-10T11:45:00,1762755300000,17,optimized,hybrid,724.5894899162026,736.1180006356424,746.641013144968
2025-11-10T11:28:00,1762754280000,SENSEX,2025-11-10T11:46:00,1762755360000,18,optimized,hybrid,724.0684925438178,734.1796042440332,757.6716675052832
2025-11-10T11:28:00,1762754280000,SENSEX,2025-11-10T11:47:00,1762755420000,19,optimized,hybrid,719.8479565727923,731.4165011224586,748.7975103958399
2025-11-10T11:28:00,1762754280000,SENSEX,2025-11-10T11:48:00,1762755480000,20,optimized,hybrid,725.9382207972284,734.8320077059927,754.8579600519978
2025-11-10T11:28:00,1762754280000,SENSEX,2025-11-10T11:49:00,1762755540000,21,optimized,hybrid,726.3246038049833,736.7540712195716,751.9472902630323
2025-11-10T11:28:00,1762754280000,SENSEX,2025-11-10T11:50:00,1762755600000,22,optimized,hybrid,723.05083845938,732.4683554579963,748.7452655150074
2025-11-10T11:28:00,1762754280000,SENSEX,2025-11-10T11:51:00,1762755660000,23,optimized,hybrid,726.6649463196292,737.0763365027941,748.0123809536341
2025-11-10T11:28:00,1762754280000,SENSEX,2025-11-10T11:52:00,1762755720000,24,optimized,hybrid,725.5767286198133,737.2044382877951,750.8847470910672
2025-11-10T11:28:00,1762754280000,SENSEX,2025-11-10T11:53:00,1762755780000,25,optimized,hybrid,719.7316816794605,734.5151250431028,744.9732604465702
2025-11-10T11:28:00,1762754280000,SENSEX,2025-11-10T11:54:00,1762755840000,26,optimized,hybrid,723.6121832139263,737.4025448267248,749.2290068229245
2025-11-10T11:28:00,1762754280000,SENSEX,2025-11-10T11:55:00,1762755900000,27,optimized,hybrid,723.5645438870388,739.8324238653008,750.1577997729343
2025-11-10T11:28:00,1762754280000,SENSEX,2025-11-10T11:56:00,1762755960000,28,optimized,hybrid,719.8444579569375,734.3340933188745,745.6766829747143
2025-11-10T11:28:00,1762754280000,SENSEX,2025-11-10T11:57:00,1762756020000,29,optimized,hybrid,725.1205984847726,738.0528182958244,748.8468185832565
2025-11-10T11:28:00,1762754280000,SENSEX,2025-11-10T11:58:00,1762756080000,30,optimized,hybrid,724.5160475367512,738.8231799598533,748.5654170490959
2025-11-10T11:28:00,1762754280000,SENSEX,2025-11-10T11:59:00,1762756140000,31,optimized,hybrid,722.3342994172326,734.3846515226127,745.1861969265485
2025-11-10T11:28:00,1762754280000,SENSEX,2025-11-10T12:00:00,1762756200000,32,optimized,hybrid,723.1887319445917,736.6353121564737,747.3615250264565
2025-11-10T11:28:00,1762754280000,SENSEX,2025-11-10T12:01:00,1762756260000,33,optimized,hybrid,723.1871223194443,736.4551466978539,751.5386211698159
2025-11-10T11:28:00,1762754280000,SENSEX,2025-11-10T12:02:00,1762756320000,34,optimized,hybrid,719.7715590709371,734.066148090805,747.1946134487276
2025-11-10T11:28:00,1762754280000,SENSEX,2025-11-10T12:03:00,1762756380000,35,optimized,hybrid,723.580906328866,737.1388065598817,749.77256389871
2025-11-10T11:28:00,1762754280000,SENSEX,2025-11-10T12:04:00,1762756440000,36,optimized,hybrid,720.4547645626684,737.9745677450842,751.3032729078946
2025-11-10T11:28:00,1762754280000,SENSEX,2025-11-10T12:05:00,1762756500000,37,optimized,hybrid,720.1879968502283,732.6152374663653,747.483674242841
2025-11-10T11:28:00,1762754280000,SENSEX,2025-11-10T12:06:00,1762756560000,38,optimized,hybrid,720.1393102973929,736.3660211222672,750.8728952634053
2025-11-10T11:28:00,1762754280000,SENSEX,2025-11-10T12:07:00,1762756620000,39,optimized,hybrid,723.6978119157085,735.0945157543571,752.1106651777413
2025-11-10T11:28:00,1762754280000,SENSEX,2025-11-10T12:08:00,1762756680000,40,optimized,hybrid,719.9167981300251,731.6304775596083,747.8421800511688
2025-11-10T11:28:00,1762754280000,SENSEX,2025-11-10T12:09:00,1762756740000,41,optimized,hybrid,725.1456617396037,734.8369814115675,750.2946144211533
2025-11-10T11:28:00,1762754280000,SENSEX,2025-11-10T12:10:00,1762756800000,42,optimized,hybrid,724.0265780440399,735.357073637269,750.6224312705233
2025-11-10T11:28:00,1762754280000,SENSEX,2025-11-10T12:11:00,1762756860000,43,optimized,hybrid,719.769664595279,731.5994259683041,746.8912335149998
2025-11-10T11:28:00,1762754280000,SENSEX,2025-11-10T12:12:00,1762756920000,44,optimized,hybrid,723.5727727153914,734.693878753614,748.8002924076249
2025-11-10T11:28:00,1762754280000,SENSEX,2025-11-10T12:13:00,1762756980000,45,optimized,hybrid,721.5387507587279,734.5282791068674,748.801448833792
2025-11-10T11:28:00,1762754280000,SENSEX,2025-11-10T12:14:00,1762757040000,46,optimized,hybrid,717.580814184713,732.4703368246834,746.606662037002
2025-11-10T11:28:00,1762754280000,SENSEX,2025-11-10T12:15:00,1762757100000,47,optimized,hybrid,721.3183993250927,734.8022234661435,752.4605439187675
2025-11-10T11:28:00,1762754280000,SENSEX,2025-11-10T12:16:00,1762757160000,48,optimized,hybrid,721.6410027412584,735.5147004256914,753.4188617241574
2025-11-10T11:28:00,1762754280000,SENSEX,2025-11-10T12:17:00,1762757220000,49,optimized,hybrid,715.9893202503968,729.8307201170319,746.8443468538128
2025-11-10T11:28:00,1762754280000,SENSEX,2025-11-10T12:18:00,1762757280000,50,optimized,hybrid,721.0407493626105,733.8016269555964,751.0767722038535
2025-11-10T11:28:00,1762754280000,SENSEX,2025-11-10T12:19:00,1762757340000,51,optimized,hybrid,720.8530761053592,734.1478819410346,753.6456443205772
2025-11-10T11:28:00,1762754280000,SENSEX,2025-11-10T12:20:00,1762757400000,52,optimized,hybrid,715.0671541451102,728.7397035868144,749.231386767748
2025-11-10T11:28:00,1762754280000,SENSEX,2025-11-10T12:21:00,1762757460000,53,optimized,hybrid,718.9639847915341,732.4831334990918,750.8225125544316
2025-11-10T11:28:00,1762754280000,SENSEX,2025-11-10T12:22:00,1762757520000,54,optimized,hybrid,721.4713882002346,732.6830180223814,748.299426479031
2025-11-10T11:28:00,1762754280000,SENSEX,2025-11-10T12:23:00,1762757580000,55,optimized,hybrid,716.6952471831036,727.9435938207567,747.8022478002471
2025-11-10T11:28:00,1762754280000,SENSEX,2025-11-10T12:24:00,1762757640000,56,optimized,hybrid,720.4590766639151,729.0461302820565,747.8737218584927
2025-11-10T11:28:00,1762754280000,SENSEX,2025-11-10T12:25:00,1762757700000,57,optimized,hybrid,712.4214264268855,733.2841510516121,752.7624977090707
2025-11-10T11:28:00,1762754280000,SENSEX,2025-11-10T12:26:00,1762757760000,58,optimized,hybrid,718.1434974259445,726.8664350098668,748.8751943970199
2025-11-10T11:28:00,1762754280000,SENSEX,2025-11-10T12:27:00,1762757820000,59,optimized,hybrid,724.2592667169007,731.3037573006262,749.9448618643208
2025-11-10T11:28:00,1762754280000,SENSEX,2025-11-10T12:28:00,1762757880000,60,optimized,hybrid,714.1739181111564,731.5576191529213,752.1264843276748
2025-11-10T11:30:00,1762754400000,SENSEX,2025-11-10T11:31:00,1762754460000,1,optimized,hybrid,722.1310673462607,732.4,747.7474909202284
2025-11-10T11:30:00,1762754400000,SENSEX,2025-11-10T11:32:00,1762754520000,2,optimized,hybrid,722.7131487861318,734.1358658784319,749.6492069734898
2025-11-10T11:30:00,1762754400000,SENSEX,2025-11-10T11:33:00,1762754580000,3,optimized,hybrid,722.3001596307645,731.4117167883525,742.4651527842358
2025-11-10T11:30:00,1762754400000,SENSEX,2025-11-10T11:34:00,1762754640000,4,optimized,hybrid,727.2626174905326,733.8654993673066,744.0077969709258
2025-11-10T11:30:00,1762754400000,SENSEX,2025-11-10T11:35:00,1762754700000,5,optimized,hybrid,725.8247354123955,732.5982048745773,741.9621894919346
2025-11-10T11:30:00,1762754400000,SENSEX,2025-11-10T11:36:00,1762754760000,6,optimized,hybrid,721.5689526944498,728.409361672302,740.2632075593086
2025-11-10T11:30:00,1762754400000,SENSEX,2025-11-10T11:37:00,1762754820000,7,optimized,hybrid,725.4736320272194,732.2914378895944,742.6146449846923
2025-11-10T11:30:00,1762754400000,SENSEX,2025-11-10T11:38:00,1762754880000,8,optimized,hybrid,723.3780780715232,732.3921801094885,742.0146445013668
2025-11-10T11:30:00,1762754400000,SENSEX,2025-11-10T11:39:00,1762754940000,9,optimized,hybrid,718.971918380284,728.1823994329168,739.6935580296963
2025-11-10T11:30:00,1762754400000,SENSEX,2025-11-10T11:40:00,1762755000000,10,optimized,hybrid,721.6837413824474,730.348856421104,743.4046173478456
2025-11-10T11:30:00,1762754400000,SENSEX,2025-11-10T11:41:00,1762755060000,11,optimized,hybrid,722.7013978031982,730.8306613458694,750.7426508021565
2025-11-10T11:30:00,1762754400000,SENSEX,2025-11-10T11:42:00,1762755120000,12,optimized,hybrid,718.8798703812179,727.7793182530996,739.3560991813014
2025-11-10T11:30:00,1762754400000,SENSEX,2025-11-10T11:43:00,1762755180000,13,optimized,hybrid,720.2760168467469,731.879480484605,744.4708490817986
2025-11-10T11:30:00,1762754400000,SENSEX,2025-11-10T11:44:00,1762755240000,14,optimized,hybrid,721.0401699724631,731.9426802194849,744.039882218698
2025-11-10T11:30:00,1762754400000,SENSEX,2025-11-10T11:45:00,1762755300000,15,optimized,hybrid,717.2746402363689,727.4342984735662,739.5356091383384
2025-11-10T11:30:00,1762754400000,SENSEX,2025-11-10T11:46:00,1762755360000,16,optimized,hybrid,721.3171500025297,731.160688548328,742.2935429933841
2025-11-10T11:30:00,1762754400000,SENSEX,2025-11-10T11:47:00,1762755420000,17,optimized,hybrid,719.1282600866693,731.7858891264278,741.8615805769292
2025-11-10T11:30:00,1762754400000,SENSEX,2025-11-10T11:48:00,1762755480000,18,optimized,hybrid,714.9039654162228,728.0013790935384,748.6885643377688
2025-11-10T11:30:00,1762754400000,SENSEX,2025-11-10T11:49:00,1762755540000,19,optimized,hybrid,718.390379068431,731.0277432412295,747.1108523596754
2025-11-10T11:30:00,1762754400000,SENSEX,2025-11-10T11:50:00,1762755600000,20,optimized,hybrid,720.9348019707295,729.8087587067025,748.4436952243232
2025-11-10T11:30:00,1762754400000,SENSEX,2025-11-10T11:51:00,1762755660000,21,optimized,hybrid,717.7627729338276,729.6013006851562,741.3928844888795
2025-11-10T11:30:00,1762754400000,SENSEX,2025-11-10T11:52:00,1762755720000,22,optimized,hybrid,721.6799239649413,731.9760010210581,745.5689139274707
2025-11-10T11:30:00,1762754400000,SENSEX,2025-11-10T11:53:00,1762755780000,23,optimized,hybrid,721.9062867092044,732.7096829600921,742.7192965597641
2025-11-10T11:30:00,1762754400000,SENSEX,2025-11-10T11:54:00,1762755840000,24,optimized,hybrid,717.2326494280305,729.5780375038876,741.0882009987641
2025-11-10T11:30:00,1762754400000,SENSEX,2025-11-10T11:55:00,1762755900000,25,optimized,hybrid,718.3731278969396,733.856650038299,743.5812148167392
2025-11-10T11:30:00,1762754400000,SENSEX,2025-11-10T11:56:00,1762755960000,26,optimized,hybrid,718.7162664533506,732.9853040468462,743.6652806690771
2025-11-10T11:30:00,1762754400000,SENSEX,2025-11-10T11:57:00,1762756020000,27,optimized,hybrid,715.2599821765754,731.6197548606377,741.0944261580998
2025-11-10T11:30:00,1762754400000,SENSEX,2025-11-10T11:58:00,1762756080000,28,optimized,hybrid,718.9879517845529,734.2334853527356,744.1666215663021
2025-11-10T11:30:00,1762754400000,SENSEX,2025-11-10T11:59:00,1762756140000,29,optimized,hybrid,720.3961542460038,734.2215425547301,743.5911736487667
2025-11-10T11:30:00,1762754400000,SENSEX,2025-11-10T12:00:00,1762756200000,30,optimized,hybrid,715.8845628255895,731.4687154938089,740.1674697131666
2025-11-10T11:30:00,1762754400000,SENSEX,2025-11-10T12:01:00,1762756260000,31,optimized,hybrid,720.9742519496559,733.9489580122676,744.230847724982
2025-11-10T11:30:00,1762754400000,SENSEX,2025-11-10T12:02:00,1762756320000,32,optimized,hybrid,718.431862755987,732.0243185728997,743.2254976282235
2025-11-10T11:30:00,1762754400000,SENSEX,2025-11-10T12:03:00,1762756380000,33,optimized,hybrid,714.5461539797518,727.4383998903974,742.8237433582384
2025-11-10T11:30:00,1762754400000,SENSEX,2025-11-10T12:04:00,1762756440000,34,optimized,hybrid,719.3035250192617,733.7292313903823,746.5940810560371
2025-11-10T11:30:00,1762754400000,SENSEX,2025-11-10T12:05:00,1762756500000,35,optimized,hybrid,718.5647915378125,733.5486308553195,745.3146237350649
2025-11-10T11:30:00,1762754400000,SENSEX,2025-11-10T12:06:00,1762756560000,36,optimized,hybrid,713.2221362189024,729.8668599039947,742.8199872663818
2025-11-10T11:30:00,1762754400000,SENSEX,2025-11-10T12:07:00,1762756620000,37,optimized,hybrid,719.486214849179,732.5867690957463,747.176531981387
2025-11-10T11:30:00,1762754400000,SENSEX,2025-11-10T12:08:00,1762756680000,38,optimized,hybrid,715.9253275310887,732.3067513352801,745.5612576652697
2025-11-10T11:30:00,1762754400000,SENSEX,2025-11-10T12:09:00,1762756740000,39,optimized,hybrid,715.6481312963001,728.0508167208743,744.990751220829
2025-11-10T11:30:00,1762754400000,SENSEX,2025-11-10T12:10:00,1762756800000,40,optimized,hybrid,718.072055695454,730.8499328547435,747.3902011477318
2025-11-10T11:30:00,1762754400000,SENSEX,2025-11-10T12:11:00,1762756860000,41,optimized,hybrid,719.9251384502096,729.7360845471962,745.2417259824665
2025-11-10T11:30:00,1762754400000,SENSEX,2025-11-10T12:12:00,1762756920000,42,optimized,hybrid,716.3532385524212,728.3750217059788,743.3817296579475
2025-11-10T11:30:00,1762754400000,SENSEX,2025-11-10T12:13:00,1762756980000,43,optimized,hybrid,717.5374482213119,730.1961168219432,746.5640479897198
2025-11-10T11:30:00,1762754400000,SENSEX,2025-11-10T12:14:00,1762757040000,44,optimized,hybrid,718.0551941917225,729.3218178722286,745.1251591291511
2025-11-10T11:30:00,1762754400000,SENSEX,2025-11-10T12:15:00,1762757100000,45,optimized,hybrid,711.6088025222296,724.8998258509187,742.4958453231842
2025-11-10T11:30:00,1762754400000,SENSEX,2025-11-10T12:16:00,1762757160000,46,optimized,hybrid,714.7850715312593,730.0879139595454,746.7930710830836
2025-11-10T11:30:00,1762754400000,SENSEX,2025-11-10T12:17:00,1762757220000,47,optimized,hybrid,717.151647912818,729.3659758585293,747.9958133380709
2025-11-10T11:30:00,1762754400000,SENSEX,2025-11-10T12:18:00,1762757280000,48,optimized,hybrid,712.3452928822886,726.5765453220611,744.7571339198406
2025-11-10T11:30:00,1762754400000,SENSEX,2025-11-10T12:19:00,1762757340000,49,optimized,hybrid,715.4979015418442,729.1172976676819,748.6055276493445
2025-11-10T11:30:00,1762754400000,SENSEX,2025-11-10T12:20:00,1762757400000,50,optimized,hybrid,716.5792991888288,728.6834803994357,747.4391281213366
2025-11-10T11:30:00,1762754400000,SENSEX,2025-11-10T12:21:00,1762757460000,51,optimized,hybrid,711.1487747170755,727.004558939254,745.5121914379655
2025-11-10T11:30:00,1762754400000,SENSEX,2025-11-10T12:22:00,1762757520000,52,optimized,hybrid,713.6635183282873,729.3052929154258,749.7903565715085
2025-11-10T11:30:00,1762754400000,SENSEX,2025-11-10T12:23:00,1762757580000,53,optimized,hybrid,714.3658906497341,728.1568163113693,747.3349015195607
2025-11-10T11:30:00,1762754400000,SENSEX,2025-11-10T12:24:00,1762757640000,54,optimized,hybrid,714.1239551604244,724.703601683641,742.2314650936363
2025-11-10T11:30:00,1762754400000,SENSEX,2025-11-10T12:25:00,1762757700000,55,optimized,hybrid,716.8145536427219,729.132960846903,750.0826583078895
2025-11-10T11:30:00,1762754400000,SENSEX,2025-11-10T12:26:00,1762757760000,56,optimized,hybrid,716.5191151646403,726.2263626192431,743.8105409345692
2025-11-10T11:30:00,1762754400000,SENSEX,2025-11-10T12:27:00,1762757820000,57,optimized,hybrid,706.9243558750784,726.9107040337643,745.9401800149365
2025-11-10T11:30:00,1762754400000,SENSEX,2025-11-10T12:28:00,1762757880000,58,optimized,hybrid,718.8243056639208,728.0267521150895,751.2004680263626
2025-11-10T11:30:00,1762754400000,SENSEX,2025-11-10T12:29:00,1762757940000,59,optimized,hybrid,721.037779515957,728.1073823538673,748.8653929830649
2025-11-10T11:30:00,1762754400000,SENSEX,2025-11-10T12:30:00,1762758000000,60,optimized,hybrid,707.2283425455835,724.2887355363298,746.5544006829839
2025-11-10T11:30:00,1762754400000,SENSEX,2025-11-10T11:31:00,1762754460000,1,optimized,hybrid,722.1310673462607,732.4,747.7474909202284
2025-11-10T11:30:00,1762754400000,SENSEX,2025-11-10T11:32:00,1762754520000,2,optimized,hybrid,722.7131487861318,734.1358658784319,749.6492069734898
2025-11-10T11:30:00,1762754400000,SENSEX,2025-11-10T11:33:00,1762754580000,3,optimized,hybrid,722.3001596307645,731.4117167883525,742.4651527842358
2025-11-10T11:30:00,1762754400000,SENSEX,2025-11-10T11:34:00,1762754640000,4,optimized,hybrid,727.2626174905326,733.8654993673066,744.0077969709258
2025-11-10T11:30:00,1762754400000,SENSEX,2025-11-10T11:35:00,1762754700000,5,optimized,hybrid,725.8247354123955,732.5982048745773,741.9621894919346
2025-11-10T11:30:00,1762754400000,SENSEX,2025-11-10T11:36:00,1762754760000,6,optimized,hybrid,721.5689526944498,728.409361672302,740.2632075593086
2025-11-10T11:30:00,1762754400000,SENSEX,2025-11-10T11:37:00,1762754820000,7,optimized,hybrid,725.4736320272194,732.2914378895944,742.6146449846923
2025-11-10T11:30:00,1762754400000,SENSEX,2025-11-10T11:38:00,1762754880000,8,optimized,hybrid,723.3780780715232,732.3921801094885,742.0146445013668
2025-11-10T11:30:00,1762754400000,SENSEX,2025-11-10T11:39:00,1762754940000,9,optimized,hybrid,718.971918380284,728.1823994329168,739.6935580296963
2025-11-10T11:30:00,1762754400000,SENSEX,2025-11-10T11:40:00,1762755000000,10,optimized,hybrid,721.6837413824474,730.348856421104,743.4046173478456
2025-11-10T11:30:00,1762754400000,SENSEX,2025-11-10T11:41:00,1762755060000,11,optimized,hybrid,722.7013978031982,730.8306613458694,750.7426508021565
2025-11-10T11:30:00,1762754400000,SENSEX,2025-11-10T11:42:00,1762755120000,12,optimized,hybrid,718.8798703812179,727.7793182530996,739.3560991813014
2025-11-10T11:30:00,1762754400000,SENSEX,2025-11-10T11:43:00,1762755180000,13,optimized,hybrid,720.2760168467469,731.879480484605,744.4708490817986
2025-11-10T11:30:00,1762754400000,SENSEX,2025-11-10T11:44:00,1762755240000,14,optimized,hybrid,721.0401699724631,731.9426802194849,744.039882218698
2025-11-10T11:30:00,1762754400000,SENSEX,2025-11-10T11:45:00,1762755300000,15,optimized,hybrid,717.2746402363689,727.4342984735662,739.5356091383384
2025-11-10T11:30:00,1762754400000,SENSEX,2025-11-10T11:46:00,1762755360000,16,optimized,hybrid,721.3171500025297,731.160688548328,742.2935429933841
2025-11-10T11:30:00,1762754400000,SENSEX,2025-11-10T11:47:00,1762755420000,17,optimized,hybrid,719.1282600866693,731.7858891264278,741.8615805769292
2025-11-10T11:30:00,1762754400000,SENSEX,2025-11-10T11:48:00,1762755480000,18,optimized,hybrid,714.9039654162228,728.0013790935384,748.6885643377688
2025-11-10T11:30:00,1762754400000,SENSEX,2025-11-10T11:49:00,1762755540000,19,optimized,hybrid,718.390379068431,731.0277432412295,747.1108523596754
2025-11-10T11:30:00,1762754400000,SENSEX,2025-11-10T11:50:00,1762755600000,20,optimized,hybrid,720.9348019707295,729.8087587067025,748.4436952243232
2025-11-10T11:30:00,1762754400000,SENSEX,2025-11-10T11:51:00,1762755660000,21,optimized,hybrid,717.7627729338276,729.6013006851562,741.3928844888795
2025-11-10T11:30:00,1762754400000,SENSEX,2025-11-10T11:52:00,1762755720000,22,optimized,hybrid,721.6799239649413,731.9760010210581,745.5689139274707
2025-11-10T11:30:00,1762754400000,SENSEX,2025-11-10T11:53:00,1762755780000,23,optimized,hybrid,721.9062867092044,732.7096829600921,742.7192965597641
2025-11-10T11:30:00,1762754400000,SENSEX,2025-11-10T11:54:00,1762755840000,24,optimized,hybrid,717.2326494280305,729.5780375038876,741.0882009987641
2025-11-10T11:30:00,1762754400000,SENSEX,2025-11-10T11:55:00,1762755900000,25,optimized,hybrid,718.3731278969396,733.856650038299,743.5812148167392
2025-11-10T11:30:00,1762754400000,SENSEX,2025-11-10T11:56:00,1762755960000,26,optimized,hybrid,718.7162664533506,732.9853040468462,743.6652806690771
2025-11-10T11:30:00,1762754400000,SENSEX,2025-11-10T11:57:00,1762756020000,27,optimized,hybrid,715.2599821765754,731.6197548606377,741.0944261580998
2025-11-10T11:30:00,1762754400000,SENSEX,2025-11-10T11:58:00,1762756080000,28,optimized,hybrid,718.9879517845529,734.2334853527356,744.1666215663021
2025-11-10T11:30:00,1762754400000,SENSEX,2025-11-10T11:59:00,1762756140000,29,optimized,hybrid,720.3961542460038,734.2215425547301,743.5911736487667
2025-11-10T11:30:00,1762754400000,SENSEX,2025-11-10T12:00:00,1762756200000,30,optimized,hybrid,715.8845628255895,731.4687154938089,740.1674697131666
2025-11-10T11:30:00,1762754400000,SENSEX,2025-11-10T12:01:00,1762756260000,31,optimized,hybrid,720.9742519496559,733.9489580122676,744.230847724982
2025-11-10T11:30:00,1762754400000,SENSEX,2025-11-10T12:02:00,1762756320000,32,optimized,hybrid,718.431862755987,732.0243185728997,743.2254976282235
2025-11-10T11:30:00,1762754400000,SENSEX,2025-11-10T12:03:00,1762756380000,33,optimized,hybrid,714.5461539797518,727.4383998903974,742.8237433582384
2025-11-10T11:30:00,1762754400000,SENSEX,2025-11-10T12:04:00,1762756440000,34,optimized,hybrid,719.3035250192617,733.7292313903823,746.5940810560371
2025-11-10T11:30:00,1762754400000,SENSEX,2025-11-10T12:05:00,1762756500000,35,optimized,hybrid,718.5647915378125,733.5486308553195,745.3146237350649
2025-11-10T11:30:00,1762754400000,SENSEX,2025-11-10T12:06:00,1762756560000,36,optimized,hybrid,713.2221362189024,729.8668599039947,742.8199872663818
2025-11-10T11:30:00,1762754400000,SENSEX,2025-11-10T12:07:00,1762756620000,37,optimized,hybrid,719.486214849179,732.5867690957463,747.176531981387
2025-11-10T11:30:00,1762754400000,SENSEX,2025-11-10T12:08:00,1762756680000,38,optimized,hybrid,715.9253275310887,732.3067513352801,745.5612576652697
2025-11-10T11:30:00,1762754400000,SENSEX,2025-11-10T12:09:00,1762756740000,39,optimized,hybrid,715.6481312963001,728.0508167208743,744.990751220829
2025-11-10T11:30:00,1762754400000,SENSEX,2025-11-10T12:10:00,1762756800000,40,optimized,hybrid,718.072055695454,730.8499328547435,747.3902011477318
2025-11-10T11:30:00,1762754400000,SENSEX,2025-11-10T12:11:00,1762756860000,41,optimized,hybrid,719.9251384502096,729.7360845471962,745.2417259824665
2025-11-10T11:30:00,1762754400000,SENSEX,2025-11-10T12:12:00,1762756920000,42,optimized,hybrid,716.3532385524212,728.3750217059788,743.3817296579475
2025-11-10T11:30:00,1762754400000,SENSEX,2025-11-10T12:13:00,1762756980000,43,optimized,hybrid,717.5374482213119,730.1961168219432,746.5640479897198
2025-11-10T11:30:00,1762754400000,SENSEX,2025-11-10T12:14:00,1762757040000,44,optimized,hybrid,718.0551941917225,729.3218178722286,745.1251591291511
2025-11-10T11:30:00,1762754400000,SENSEX,2025-11-10T12:15:00,1762757100000,45,optimized,hybrid,711.6088025222296,724.8998258509187,742.4958453231842
2025-11-10T11:30:00,1762754400000,SENSEX,2025-11-10T12:16:00,1762757160000,46,optimized,hybrid,714.7850715312593,730.0879139595454,746.7930710830836
2025-11-10T11:30:00,1762754400000,SENSEX,2025-11-10T12:17:00,1762757220000,47,optimized,hybrid,717.151647912818,729.3659758585293,747.9958133380709
2025-11-10T11:30:00,1762754400000,SENSEX,2025-11-10T12:18:00,1762757280000,48,optimized,hybrid,712.3452928822886,726.5765453220611,744.7571339198406
2025-11-10T11:30:00,1762754400000,SENSEX,2025-11-10T12:19:00,1762757340000,49,optimized,hybrid,715.4979015418442,729.1172976676819,748.6055276493445
2025-11-10T11:30:00,1762754400000,SENSEX,2025-11-10T12:20:00,1762757400000,50,optimized,hybrid,716.5792991888288,728.6834803994357,747.4391281213366
2025-11-10T11:30:00,1762754400000,SENSEX,2025-11-10T12:21:00,1762757460000,51,optimized,hybrid,711.1487747170755,727.004558939254,745.5121914379655
2025-11-10T11:30:00,1762754400000,SENSEX,2025-11-10T12:22:00,1762757520000,52,optimized,hybrid,713.6635183282873,729.3052929154258,749.7903565715085
2025-11-10T11:30:00,1762754400000,SENSEX,2025-11-10T12:23:00,1762757580000,53,optimized,hybrid,714.3658906497341,728.1568163113693,747.3349015195607
2025-11-10T11:30:00,1762754400000,SENSEX,2025-11-10T12:24:00,1762757640000,54,optimized,hybrid,714.1239551604244,724.703601683641,742.2314650936363
2025-11-10T11:30:00,1762754400000,SENSEX,2025-11-10T12:25:00,1762757700000,55,optimized,hybrid,716.8145536427219,729.132960846903,750.0826583078895
2025-11-10T11:30:00,1762754400000,SENSEX,2025-11-10T12:26:00,1762757760000,56,optimized,hybrid,716.5191151646403,726.2263626192431,743.8105409345692
2025-11-10T11:30:00,1762754400000,SENSEX,2025-11-10T12:27:00,1762757820000,57,optimized,hybrid,706.9243558750784,726.9107040337643,745.9401800149365
2025-11-10T11:30:00,1762754400000,SENSEX,2025-11-10T12:28:00,1762757880000,58,optimized,hybrid,718.8243056639208,728.0267521150895,751.2004680263626
2025-11-10T11:30:00,1762754400000,SENSEX,2025-11-10T12:29:00,1762757940000,59,optimized,hybrid,721.037779515957,728.1073823538673,748.8653929830649
2025-11-10T11:30:00,1762754400000,SENSEX,2025-11-10T12:30:00,1762758000000,60,optimized,hybrid,707.2283425455835,724.2887355363298,746.5544006829839
2025-11-10T11:33:00,1762754580000,SENSEX,2025-11-10T11:34:00,1762754640000,1,optimized,hybrid,709.7995204889642,722.05,731.9921902821717
2025-11-10T11:33:00,1762754580000,SENSEX,2025-11-10T11:35:00,1762754700000,2,optimized,hybrid,706.5552476679915,719.514695548156,736.2348461003354
2025-11-10T11:33:00,1762754580000,SENSEX,2025-11-10T11:36:00,1762754760000,3,optimized,hybrid,713.9987439717806,723.1027750005567,734.1291780861554
2025-11-10T11:33:00,1762754580000,SENSEX,2025-11-10T11:37:00,1762754820000,4,optimized,hybrid,717.8936393932655,722.1839289211374,733.6223544436964
2025-11-10T11:33:00,1762754580000,SENSEX,2025-11-10T11:38:00,1762754880000,5,optimized,hybrid,711.8831373495563,718.8106729630484,728.1762492931256
2025-11-10T11:33:00,1762754580000,SENSEX,2025-11-10T11:39:00,1762754940000,6,optimized,hybrid,715.3906015750144,722.3064937416628,732.0181311091196
2025-11-10T11:33:00,1762754580000,SENSEX,2025-11-10T11:40:00,1762755000000,7,optimized,hybrid,715.1967367937074,721.9255860221209,732.1602181475986
2025-11-10T11:33:00,1762754580000,SENSEX,2025-11-10T11:41:00,1762755060000,8,optimized,hybrid,709.5930195939308,718.3557269058215,728.2210898455285
2025-11-10T11:33:00,1762754580000,SENSEX,2025-11-10T11:42:00,1762755120000,9,optimized,hybrid,710.4629098083888,722.4661243840548,731.8993644687777
2025-11-10T11:33:00,1762754580000,SENSEX,2025-11-10T11:43:00,1762755180000,10,optimized,hybrid,710.2267870634943,720.7381509031213,731.9711128772269
2025-11-10T11:33:00,1762754580000,SENSEX,2025-11-10T11:44:00,1762755240000,11,optimized,hybrid,706.9690949194712,717.7863854662164,735.9155140189623
2025-11-10T11:33:00,1762754580000,SENSEX,2025-11-10T11:45:00,1762755300000,12,optimized,hybrid,711.9210393958105,720.9533506050734,732.4577854494754
2025-11-10T11:33:00,1762754580000,SENSEX,2025-11-10T11:46:00,1762755360000,13,optimized,hybrid,709.6973280999737,722.043810116628,734.3883767690189
2025-11-10T11:33:00,1762754580000,SENSEX,2025-11-10T11:47:00,1762755420000,14,optimized,hybrid,705.823614932829,718.6166223293694,730.9285648299543
2025-11-10T11:33:00,1762754580000,SENSEX,2025-11-10T11:48:00,1762755480000,15,optimized,hybrid,709.6578848269587,720.9650961653842,731.7609021132441
2025-11-10T11:33:00,1762754580000,SENSEX,2025-11-10T11:49:00,1762755540000,16,optimized,hybrid,709.4180936687105,720.2435840766257,732.5193417733552
2025-11-10T11:33:00,1762754580000,SENSEX,2025-11-10T11:50:00,1762755600000,17,optimized,hybrid,705.3447578721598,718.9465818389193,727.5319509617217
2025-11-10T11:33:00,1762754580000,SENSEX,2025-11-10T11:51:00,1762755660000,18,optimized,hybrid,709.6942489028677,719.016641994213,741.0795981689611
2025-11-10T11:33:00,1762754580000,SENSEX,2025-11-10T11:52:00,1762755720000,19,optimized,hybrid,709.336155608858,720.8108462240707,737.4658662709752
2025-11-10T11:33:00,1762754580000,SENSEX,2025-11-10T11:53:00,1762755780000,20,optimized,hybrid,708.109697210646,717.0283892372147,734.9328148693479
2025-11-10T11:33:00,1762754580000,SENSEX,2025-11-10T11:54:00,1762755840000,21,optimized,hybrid,711.7575350405907,722.5745350809436,733.2613526127642
2025-11-10T11:33:00,1762754580000,SENSEX,2025-11-10T11:55:00,1762755900000,22,optimized,hybrid,713.1563033871205,720.6029381168744,733.819278806221
2025-11-10T11:33:00,1762754580000,SENSEX,2025-11-10T11:56:00,1762755960000,23,optimized,hybrid,709.711225903229,718.5112507161898,729.8114560212472
2025-11-10T11:33:00,1762754580000,SENSEX,2025-11-10T11:57:00,1762756020000,24,optimized,hybrid,711.9540173769894,722.5577492873474,734.5508544553347
2025-11-10T11:33:00,1762754580000,SENSEX,2025-11-10T11:58:00,1762756080000,25,optimized,hybrid,709.6407214361639,723.406898680787,732.8255702712027
2025-11-10T11:33:00,1762754580000,SENSEX,2025-11-10T11:59:00,1762756140000,26,optimized,hybrid,705.7091521278938,718.6789815505288,730.2548733586129
2025-11-10T11:33:00,1762754580000,SENSEX,2025-11-10T12:00:00,1762756200000,27,optimized,hybrid,710.6853400213638,723.6246894357708,734.8723714730007
2025-11-10T11:33:00,1762754580000,SENSEX,2025-11-10T12:01:00,1762756260000,28,optimized,hybrid,709.6812163822092,722.6115466677942,733.4297732991918
2025-11-10T11:33:00,1762754580000,SENSEX,2025-11-10T12:02:00,1762756320000,29,optimized,hybrid,704.9663234199261,718.7768782101651,729.8896351019312
2025-11-10T11:33:00,1762754580000,SENSEX,2025-11-10T12:03:00,1762756380000,30,optimized,hybrid,710.3328108196163,722.369877374454,732.9762982342911
2025-11-10T11:33:00,1762754580000,SENSEX,2025-11-10T12:04:00,1762756440000,31,optimized,hybrid,711.2585932589895,722.1694410418555,732.8697102528591
2025-11-10T11:33:00,1762754580000,SENSEX,2025-11-10T12:05:00,1762756500000,32,optimized,hybrid,705.5333177925243,719.1789065347986,729.2687741445873
2025-11-10T11:33:00,1762754580000,SENSEX,2025-11-10T12:06:00,1762756560000,33,optimized,hybrid,708.2051511741388,721.5310787976221,734.4949631296786
2025-11-10T11:33:00,1762754580000,SENSEX,2025-11-10T12:07:00,1762756620000,34,optimized,hybrid,708.4234003223539,722.4111176443693,733.9217796242697
2025-11-10T11:33:00,1762754580000,SENSEX,2025-11-10T12:08:00,1762756680000,35,optimized,hybrid,705.6202164718025,718.1919524422592,731.89554963071
2025-11-10T11:33:00,1762754580000,SENSEX,2025-11-10T12:09:00,1762756740000,36,optimized,hybrid,706.5175050894045,720.2080518434894,734.7752258716301
2025-11-10T11:33:00,1762754580000,SENSEX,2025-11-10T12:10:00,1762756800000,37,optimized,hybrid,709.2175994081182,720.6353683300038,734.3361926753355
2025-11-10T11:33:00,1762754580000,SENSEX,2025-11-10T12:11:00,1762756860000,38,optimized,hybrid,700.9841555226541,716.0993217491256,730.9885399465234
2025-11-10T11:33:00,1762754580000,SENSEX,2025-11-10T12:12:00,1762756920000,39,optimized,hybrid,704.1186839515066,720.0109867482365,734.8692334942715
2025-11-10T11:33:00,1762754580000,SENSEX,2025-11-10T12:13:00,1762756980000,40,optimized,hybrid,704.5232260490202,720.0630438586611,733.6772938171498
2025-11-10T11:33:00,1762754580000,SENSEX,2025-11-10T12:14:00,1762757040000,41,optimized,hybrid,706.117035075091,715.7965380183114,730.8595240952782
2025-11-10T11:33:00,1762754580000,SENSEX,2025-11-10T12:15:00,1762757100000,42,optimized,hybrid,706.9999764219912,720.3797574775903,733.3935679755615
2025-11-10T11:33:00,1762754580000,SENSEX,2025-11-10T12:16:00,1762757160000,43,optimized,hybrid,705.8549542126236,719.2419353187772,732.7788139900088
2025-11-10T11:33:00,1762754580000,SENSEX,2025-11-10T12:17:00,1762757220000,44,optimized,hybrid,702.3246897369536,715.572240004935,728.9412601987432
2025-11-10T11:33:00,1762754580000,SENSEX,2025-11-10T12:18:00,1762757280000,45,optimized,hybrid,704.0915454300138,718.8953147653025,732.3191202354789
2025-11-10T11:33:00,1762754580000,SENSEX,2025-11-10T12:19:00,1762757340000,46,optimized,hybrid,704.2024304213492,717.9141608007964,732.3386134713567
2025-11-10T11:33:00,1762754580000,SENSEX,2025-11-10T12:20:00,1762757400000,47,optimized,hybrid,699.1636308435616,715.4515727408766,732.658127994813
2025-11-10T11:33:00,1762754580000,SENSEX,2025-11-10T12:21:00,1762757460000,48,optimized,hybrid,705.0820249519566,720.0241455063776,737.2628747337263
2025-11-10T11:33:00,1762754580000,SENSEX,2025-11-10T12:22:00,1762757520000,49,optimized,hybrid,706.1940713287889,719.4451858745417,734.6908204675425
2025-11-10T11:33:00,1762754580000,SENSEX,2025-11-10T12:23:00,1762757580000,50,optimized,hybrid,702.9403555032907,713.9576174111343,732.5111079477641
2025-11-10T11:33:00,1762754580000,SENSEX,2025-11-10T12:24:00,1762757640000,51,optimized,hybrid,707.3557510060356,717.4780558808044,736.9848515485292
2025-11-10T11:33:00,1762754580000,SENSEX,2025-11-10T12:25:00,1762757700000,52,optimized,hybrid,705.2332938784372,716.3484788483851,736.6387468413493
2025-11-10T11:33:00,1762754580000,SENSEX,2025-11-10T12:26:00,1762757760000,53,optimized,hybrid,697.9694081232298,713.2211044825239,732.2014346080633
2025-11-10T11:33:00,1762754580000,SENSEX,2025-11-10T12:27:00,1762757820000,54,optimized,hybrid,704.0231212405649,717.8892535538766,733.7785721879861
2025-11-10T11:33:00,1762754580000,SENSEX,2025-11-10T12:28:00,1762757880000,55,optimized,hybrid,703.4671819828777,716.7643544674364,734.5139944771494
2025-11-10T11:33:00,1762754580000,SENSEX,2025-11-10T12:29:00,1762757940000,56,optimized,hybrid,698.8541693116354,710.5450937615049,729.1203139199231
2025-11-10T11:33:00,1762754580000,SENSEX,2025-11-10T12:30:00,1762758000000,57,optimized,hybrid,699.0005473614004,717.3184810046941,736.8489727521531
2025-11-10T11:33:00,1762754580000,SENSEX,2025-11-10T12:31:00,1762758060000,58,optimized,hybrid,702.4961522752913,715.4492324418994,735.2882024714606
2025-11-10T11:33:00,1762754580000,SENSEX,2025-11-10T12:32:00,1762758120000,59,optimized,hybrid,699.3615717253703,712.0153529479926,731.8702273850442
2025-11-10T11:33:00,1762754580000,SENSEX,2025-11-10T12:33:00,1762758180000,60,optimized,hybrid,699.8625902909976,715.7586865486311,735.1035162344799
2025-11-10T11:33:30,1762754610000,SENSEX,2025-11-10T11:34:30,1762754670000,1,optimized,hybrid,709.0495204889642,721.3,731.2421902821717
2025-11-10T11:33:30,1762754610000,SENSEX,2025-11-10T11:35:30,1762754730000,2,optimized,hybrid,705.8052476679915,718.764695548156,735.4848461003354
2025-11-10T11:33:30,1762754610000,SENSEX,2025-11-10T11:36:30,1762754790000,3,optimized,hybrid,713.2487439717806,722.3527750005567,733.3791780861554
2025-11-10T11:33:30,1762754610000,SENSEX,2025-11-10T11:37:30,1762754850000,4,optimized,hybrid,717.1436393932655,721.4339289211374,732.8723544436964
2025-11-10T11:33:30,1762754610000,SENSEX,2025-11-10T11:38:30,1762754910000,5,optimized,hybrid,711.1331373495563,718.0606729630484,727.4262492931256
2025-11-10T11:33:30,1762754610000,SENSEX,2025-11-10T11:39:30,1762754970000,6,optimized,hybrid,714.6406015750144,721.5564937416628,731.2681311091196
2025-11-10T11:33:30,1762754610000,SENSEX,2025-11-10T11:40:30,1762755030000,7,optimized,hybrid,714.4467367937074,721.1755860221209,731.4102181475986
2025-11-10T11:33:30,1762754610000,SENSEX,2025-11-10T11:41:30,1762755090000,8,optimized,hybrid,708.8430195939308,717.6057269058215,727.4710898455285
2025-11-10T11:33:30,1762754610000,SENSEX,2025-11-10T11:42:30,1762755150000,9,optimized,hybrid,709.7129098083888,721.7161243840548,731.1493644687777
2025-11-10T11:33:30,1762754610000,SENSEX,2025-11-10T11:43:30,1762755210000,10,optimized,hybrid,709.4767870634943,719.9881509031213,731.2211128772269
2025-11-10T11:33:30,1762754610000,SENSEX,2025-11-10T11:44:30,1762755270000,11,optimized,hybrid,706.2190949194712,717.0363854662164,735.1655140189623
2025-11-10T11:33:30,1762754610000,SENSEX,2025-11-10T11:45:30,1762755330000,12,optimized,hybrid,711.1710393958105,720.2033506050734,731.7077854494754
2025-11-10T11:33:30,1762754610000,SENSEX,2025-11-10T11:46:30,1762755390000,13,optimized,hybrid,708.9473280999737,721.293810116628,733.6383767690189
2025-11-10T11:33:30,1762754610000,SENSEX,2025-11-10T11:47:30,1762755450000,14,optimized,hybrid,705.073614932829,717.8666223293694,730.1785648299543
2025-11-10T11:33:30,1762754610000,SENSEX,2025-11-10T11:48:30,1762755510000,15,optimized,hybrid,708.9078848269587,720.2150961653842,731.0109021132441
2025-11-10T11:33:30,1762754610000,SENSEX,2025-11-10T11:49:30,1762755570000,16,optimized,hybrid,708.6680936687105,719.4935840766257,731.7693417733552
2025-11-10T11:33:30,1762754610000,SENSEX,2025-11-10T11:50:30,1762755630000,17,optimized,hybrid,704.5947578721598,718.1965818389193,726.7819509617217
2025-11-10T11:33:30,1762754610000,SENSEX,2025-11-10T11:51:30,1762755690000,18,optimized,hybrid,708.9442489028677,718.266641994213,740.3295981689611
2025-11-10T11:33:30,1762754610000,SENSEX,2025-11-10T11:52:30,1762755750000,19,optimized,hybrid,708.586155608858,720.0608462240707,736.7158662709752
2025-11-10T11:33:30,1762754610000,SENSEX,2025-11-10T11:53:30,1762755810000,20,optimized,hybrid,707.359697210646,716.2783892372147,734.1828148693479
2025-11-10T11:33:30,1762754610000,SENSEX,2025-11-10T11:54:30,1762755870000,21,optimized,hybrid,711.0075350405907,721.8245350809436,732.5113526127642
2025-11-10T11:33:30,1762754610000,SENSEX,2025-11-10T11:55:30,1762755930000,22,optimized,hybrid,712.4063033871205,719.8529381168744,733.069278806221
2025-11-10T11:33:30,1762754610000,SENSEX,2025-11-10T11:56:30,1762755990000,23,optimized,hybrid,708.961225903229,717.7612507161898,729.0614560212472
2025-11-10T11:33:30,1762754610000,SENSEX,2025-11-10T11:57:30,1762756050000,24,optimized,hybrid,711.2040173769894,721.8077492873474,733.8008544553347
2025-11-10T11:33:30,1762754610000,SENSEX,2025-11-10T11:58:30,1762756110000,25,optimized,hybrid,708.8907214361639,722.656898680787,732.0755702712027
2025-11-10T11:33:30,1762754610000,SENSEX,2025-11-10T11:59:30,1762756170000,26,optimized,hybrid,704.9591521278938,717.9289815505288,729.5048733586129
2025-11-10T11:33:30,1762754610000,SENSEX,2025-11-10T12:00:30,1762756230000,27,optimized,hybrid,709.9353400213638,722.8746894357708,734.1223714730007
2025-11-10T11:33:30,1762754610000,SENSEX,2025-11-10T12:01:30,1762756290000,28,optimized,hybrid,708.9312163822092,721.8615466677942,732.6797732991918
2025-11-10T11:33:30,1762754610000,SENSEX,2025-11-10T12:02:30,1762756350000,29,optimized,hybrid,704.2163234199261,718.0268782101651,729.1396351019312
2025-11-10T11:33:30,1762754610000,SENSEX,2025-11-10T12:03:30,1762756410000,30,optimized,hybrid,709.5828108196163,721.619877374454,732.2262982342911
2025-11-10T11:33:30,1762754610000,SENSEX,2025-11-10T12:04:30,1762756470000,31,optimized,hybrid,710.5085932589895,721.4194410418555,732.1197102528591
2025-11-10T11:33:30,1762754610000,SENSEX,2025-11-10T12:05:30,1762756530000,32,optimized,hybrid,704.7833177925243,718.4289065347986,728.5187741445873
2025-11-10T11:33:30,1762754610000,SENSEX,2025-11-10T12:06:30,1762756590000,33,optimized,hybrid,707.4551511741388,720.7810787976221,733.7449631296786
2025-11-10T11:33:30,1762754610000,SENSEX,2025-11-10T12:07:30,1762756650000,34,optimized,hybrid,707.6734003223539,721.6611176443693,733.1717796242697
2025-11-10T11:33:30,1762754610000,SENSEX,2025-11-10T12:08:30,1762756710000,35,optimized,hybrid,704.8702164718025,717.4419524422592,731.14554963071
2025-11-10T11:33:30,1762754610000,SENSEX,2025-11-10T12:09:30,1762756770000,36,optimized,hybrid,705.7675050894045,719.4580518434894,734.0252258716301
2025-11-10T11:33:30,1762754610000,SENSEX,2025-11-10T12:10:30,1762756830000,37,optimized,hybrid,708.4675994081182,719.8853683300038,733.5861926753355
2025-11-10T11:33:30,1762754610000,SENSEX,2025-11-10T12:11:30,1762756890000,38,optimized,hybrid,700.2341555226541,715.3493217491256,730.2385399465234
2025-11-10T11:33:30,1762754610000,SENSEX,2025-11-10T12:12:30,1762756950000,39,optimized,hybrid,703.3686839515066,719.2609867482365,734.1192334942715
2025-11-10T11:33:30,1762754610000,SENSEX,2025-11-10T12:13:30,1762757010000,40,optimized,hybrid,703.7732260490202,719.3130438586611,732.9272938171498
2025-11-10T11:33:30,1762754610000,SENSEX,2025-11-10T12:14:30,1762757070000,41,optimized,hybrid,705.367035075091,715.0465380183114,730.1095240952782
2025-11-10T11:33:30,1762754610000,SENSEX,2025-11-10T12:15:30,1762757130000,42,optimized,hybrid,706.2499764219912,719.6297574775903,732.6435679755615
2025-11-10T11:33:30,1762754610000,SENSEX,2025-11-10T12:16:30,1762757190000,43,optimized,hybrid,705.1049542126236,718.4919353187772,732.0288139900088
2025-11-10T11:33:30,1762754610000,SENSEX,2025-11-10T12:17:30,1762757250000,44,optimized,hybrid,701.5746897369536,714.822240004935,728.1912601987432
2025-11-10T11:33:30,1762754610000,SENSEX,2025-11-10T12:18:30,1762757310000,45,optimized,hybrid,703.3415454300138,718.1453147653025,731.5691202354789
2025-11-10T11:33:30,1762754610000,SENSEX,2025-11-10T12:19:30,1762757370000,46,optimized,hybrid,703.4524304213492,717.1641608007964,731.5886134713567
2025-11-10T11:33:30,1762754610000,SENSEX,2025-11-10T12:20:30,1762757430000,47,optimized,hybrid,698.4136308435616,714.7015727408766,731.908127994813
2025-11-10T11:33:30,1762754610000,SENSEX,2025-11-10T12:21:30,1762757490000,48,optimized,hybrid,704.3320249519566,719.2741455063776,736.5128747337263
2025-11-10T11:33:30,1762754610000,SENSEX,2025-11-10T12:22:30,1762757550000,49,optimized,hybrid,705.4440713287889,718.6951858745417,733.9408204675425
2025-11-10T11:33:30,1762754610000,SENSEX,2025-11-10T12:23:30,1762757610000,50,optimized,hybrid,702.1903555032907,713.2076174111343,731.7611079477641
2025-11-10T11:33:30,1762754610000,SENSEX,2025-11-10T12:24:30,1762757670000,51,optimized,hybrid,706.6057510060356,716.7280558808044,736.2348515485292
2025-11-10T11:33:30,1762754610000,SENSEX,2025-11-10T12:25:30,1762757730000,52,optimized,hybrid,704.4832938784372,715.5984788483851,735.8887468413493
2025-11-10T11:33:30,1762754610000,SENSEX,2025-11-10T12:26:30,1762757790000,53,optimized,hybrid,697.2194081232298,712.4711044825239,731.4514346080633
2025-11-10T11:33:30,1762754610000,SENSEX,2025-11-10T12:27:30,1762757850000,54,optimized,hybrid,703.2731212405649,717.1392535538766,733.0285721879861
2025-11-10T11:33:30,1762754610000,SENSEX,2025-11-10T12:28:30,1762757910000,55,optimized,hybrid,702.7171819828777,716.0143544674364,733.7639944771494
2025-11-10T11:33:30,1762754610000,SENSEX,2025-11-10T12:29:30,1762757970000,56,optimized,hybrid,698.1041693116354,709.7950937615049,728.3703139199231
2025-11-10T11:33:30,1762754610000,SENSEX,2025-11-10T12:30:30,1762758030000,57,optimized,hybrid,698.2505473614004,716.5684810046941,736.0989727521531
2025-11-10T11:33:30,1762754610000,SENSEX,2025-11-10T12:31:30,1762758090000,58,optimized,hybrid,701.7461522752913,714.6992324418994,734.5382024714606
2025-11-10T11:33:30,1762754610000,SENSEX,2025-11-10T12:32:30,1762758150000,59,optimized,hybrid,698.6115717253703,711.2653529479926,731.1202273850442
2025-11-10T11:33:30,1762754610000,SENSEX,2025-11-10T12:33:30,1762758210000,60,optimized,hybrid,699.1125902909976,715.0086865486311,734.3535162344799
2025-11-10T11:34:00,1762754640000,SENSEX,2025-11-10T11:35:00,1762754700000,1,,hybrid,713.530958198909,718.5999999999999,734.8492087856148
2025-11-10T11:34:00,1762754640000,SENSEX,2025-11-10T11:36:00,1762754760000,2,,hybrid,716.4918334688864,721.1304431957241,736.8461897032564
2025-11-10T11:34:00,1762754640000,SENSEX,2025-11-10T11:37:00,1762754820000,3,,hybrid,716.7765389026783,721.493494160067,736.4120050097947
2025-11-10T11:34:00,1762754640000,SENSEX,2025-11-10T11:38:00,1762754880000,4,,hybrid,713.6562241200552,717.3073164124294,734.3282135091299
2025-11-10T11:34:00,1762754640000,SENSEX,2025-11-10T11:39:00,1762754940000,5,,hybrid,716.6661069765428,720.0468899200373,739.6290914224803
2025-11-10T11:34:00,1762754640000,SENSEX,2025-11-10T11:40:00,1762755000000,6,,hybrid,716.2682917180479,721.3147787532635,735.6693722766513
2025-11-10T11:34:00,1762754640000,SENSEX,2025-11-10T11:41:00,1762755060000,7,,hybrid,711.0062517572139,718.3565228197677,731.2417680960505
2025-11-10T11:34:00,1762754640000,SENSEX,2025-11-10T11:42:00,1762755120000,8,,hybrid,715.6329673478502,721.811607572555,732.3890665127559
2025-11-10T11:34:00,1762754640000,SENSEX,2025-11-10T11:43:00,1762755180000,9,,hybrid,715.9842301317509,722.0895093992092,733.34433182476
2025-11-10T11:34:00,1762754640000,SENSEX,2025-11-10T11:44:00,1762755240000,10,,hybrid,713.9492587622207,718.8061280987877,730.7799438223537
2025-11-10T11:34:00,1762754640000,SENSEX,2025-11-10T11:45:00,1762755300000,11,,hybrid,714.9693232298905,722.1883476563803,731.049222288477
2025-11-10T11:34:00,1762754640000,SENSEX,2025-11-10T11:46:00,1762755360000,12,,hybrid,714.8054164559983,722.2753105611919,733.5123186735875
2025-11-10T11:34:00,1762754640000,SENSEX,2025-11-10T11:47:00,1762755420000,13,,hybrid,706.4788223038818,718.011660246484,731.8059421597061
2025-11-10T11:34:00,1762754640000,SENSEX,2025-11-10T11:48:00,1762755480000,14,,hybrid,706.8475570843002,721.0821842882558,731.2325728500808
2025-11-10T11:34:00,1762754640000,SENSEX,2025-11-10T11:49:00,1762755540000,15,,hybrid,712.7879563127591,721.8282905688887,735.1687299998061
2025-11-10T11:34:00,1762754640000,SENSEX,2025-11-10T11:50:00,1762755600000,16,,hybrid,708.6913995940779,718.4396549229249,731.414135027403
2025-11-10T11:34:00,1762754640000,SENSEX,2025-11-10T11:51:00,1762755660000,17,,hybrid,713.2354261856603,721.2179938673628,731.2591712511422
2025-11-10T11:34:00,1762754640000,SENSEX,2025-11-10T11:52:00,1762755720000,18,,hybrid,712.3536379654431,721.2735913152036,735.7133531917611
2025-11-10T11:34:00,1762754640000,SENSEX,2025-11-10T11:53:00,1762755780000,19,,hybrid,709.7516851848402,717.7399071917624,733.0011726650828
2025-11-10T11:34:00,1762754640000,SENSEX,2025-11-10T11:54:00,1762755840000,20,,hybrid,711.8986899818397,720.7166017556586,732.621234338512
2025-11-10T11:34:00,1762754640000,SENSEX,2025-11-10T11:55:00,1762755900000,21,,hybrid,714.5082964270798,721.2206745102932,735.3862194314572
2025-11-10T11:34:00,1762754640000,SENSEX,2025-11-10T11:56:00,1762755960000,22,,hybrid,708.5807582857374,717.7769721569895,731.8493156859836
2025-11-10T11:34:00,1762754640000,SENSEX,2025-11-10T11:57:00,1762756020000,23,,hybrid,713.2834062507692,721.0053778578746,730.5974387256784
2025-11-10T11:34:00,1762754640000,SENSEX,2025-11-10T11:58:00,1762756080000,24,,hybrid,710.4980667483708,720.8995401050498,735.1430798331072
2025-11-10T11:34:00,1762754640000,SENSEX,2025-11-10T11:59:00,1762756140000,25,,hybrid,704.5489171145199,716.5643769735174,731.3174278475899
2025-11-10T11:34:00,1762754640000,SENSEX,2025-11-10T12:00:00,1762756200000,26,,hybrid,709.2645532820594,720.4571008118055,729.5094681152667
2025-11-10T11:34:00,1762754640000,SENSEX,2025-11-10T12:01:00,1762756260000,27,,hybrid,707.7081239129868,722.1184164731252,734.4535527518195
2025-11-10T11:34:00,1762754640000,SENSEX,2025-11-10T12:02:00,1762756320000,28,,hybrid,702.9810168149213,719.6262471001132,730.8790313403117
2025-11-10T11:34:00,1762754640000,SENSEX,2025-11-10T12:03:00,1762756380000,29,,hybrid,712.0507908467752,719.7773011751912,734.9798788658886
2025-11-10T11:34:00,1762754640000,SENSEX,2025-11-10T12:04:00,1762756440000,30,,hybrid,709.8316766305733,720.6399958505234,737.580651572483
2025-11-10T11:34:00,1762754640000,SENSEX,2025-11-10T12:05:00,1762756500000,31,,hybrid,705.8671694485683,716.9109916044031,736.340112238934
2025-11-10T11:34:00,1762754640000,SENSEX,2025-11-10T12:06:00,1762756560000,32,,hybrid,709.9061543234963,719.5193484872214,735.7273345137613
2025-11-10T11:34:00,1762754640000,SENSEX,2025-11-10T12:07:00,1762756620000,33,,hybrid,704.4602170790954,718.8485978228539,739.2716294145937
2025-11-10T11:34:00,1762754640000,SENSEX,2025-11-10T12:08:00,1762756680000,34,,hybrid,703.2565843794255,716.7713059764103,735.0981959263789
2025-11-10T11:34:00,1762754640000,SENSEX,2025-11-10T12:09:00,1762756740000,35,,hybrid,701.171699793008,719.43324638069,730.4093697450859
2025-11-10T11:34:00,1762754640000,SENSEX,2025-11-10T12:10:00,1762756800000,36,,hybrid,703.7995112034524,718.8632479412655,734.4030671784523
2025-11-10T11:34:00,1762754640000,SENSEX,2025-11-10T12:11:00,1762756860000,37,,hybrid,696.9524538714372,715.4964663670977,728.2155408927737
2025-11-10T11:34:00,1762754640000,SENSEX,2025-11-10T12:12:00,1762756920000,38,,hybrid,700.7350886371781,719.1639439007552,730.1688702618767
2025-11-10T11:34:00,1762754640000,SENSEX,2025-11-10T12:13:00,1762756980000,39,,hybrid,699.3651316551176,719.339616496537,733.5942357862772
2025-11-10T11:34:00,1762754640000,SENSEX,2025-11-10T12:14:00,1762757040000,40,,hybrid,693.3456103610577,715.8889770598101,728.9521721076777
2025-11-10T11:34:00,1762754640000,SENSEX,2025-11-10T12:15:00,1762757100000,41,,hybrid,696.54355404752,719.0692773218076,728.9302554751082
2025-11-10T11:34:00,1762754640000,SENSEX,2025-11-10T12:16:00,1762757160000,42,,hybrid,696.7914196667476,718.8362149467166,734.3246484961112
2025-11-10T11:34:00,1762754640000,SENSEX,2025-11-10T12:17:00,1762757220000,43,,hybrid,690.8574127478292,715.6578941942602,729.2572574820107
2025-11-10T11:34:00,1762754640000,SENSEX,2025-11-10T12:18:00,1762757280000,44,,hybrid,696.0524602778682,718.7843364618456,728.3296203095157
2025-11-10T11:34:00,1762754640000,SENSEX,2025-11-10T12:19:00,1762757340000,45,,hybrid,701.0349610034688,719.3685263868429,732.9200865602179
2025-11-10T11:34:00,1762754640000,SENSEX,2025-11-10T12:20:00,1762757400000,46,,hybrid,697.5593790198741,715.863770647565,729.3874542370515
2025-11-10T11:34:00,1762754640000,SENSEX,2025-11-10T12:21:00,1762757460000,47,,hybrid,703.3269301680959,718.8056638044208,728.2028338958762
2025-11-10T11:34:00,1762754640000,SENSEX,2025-11-10T12:22:00,1762757520000,48,,hybrid,703.7710343509301,718.7423050832316,734.0858121300729
2025-11-10T11:34:00,1762754640000,SENSEX,2025-11-10T12:23:00,1762757580000,49,,hybrid,699.4818833661251,716.0550616484469,730.1808309624298
2025-11-10T11:34:00,1762754640000,SENSEX,2025-11-10T12:24:00,1762757640000,50,,hybrid,703.044666672672,719.1748005172968,729.578623307766
2025-11-10T11:34:00,1762754640000,SENSEX,2025-11-10T12:25:00,1762757700000,51,,hybrid,701.5337191757637,720.3849512858934,732.2203310443481
2025-11-10T11:34:00,1762754640000,SENSEX,2025-11-10T12:26:00,1762757760000,52,,hybrid,697.9833616671492,716.3719803144866,727.9764709171252
2025-11-10T11:34:00,1762754640000,SENSEX,2025-11-10T12:27:00,1762757820000,53,,hybrid,704.0355629954913,719.4127528763194,731.5091242695775
2025-11-10T11:34:00,1762754640000,SENSEX,2025-11-10T12:28:00,1762757880000,54,,hybrid,701.7289400231941,720.3930449240119,731.1152726671697
2025-11-10T11:34:00,1762754640000,SENSEX,2025-11-10T12:29:00,1762757940000,55,,hybrid,696.8141298986269,716.5657357939624,727.2632777191814
2025-11-10T11:34:00,1762754640000,SENSEX,2025-11-10T12:30:00,1762758000000,56,,hybrid,701.9894585297267,719.0420566286689,731.4400924215058
2025-11-10T11:34:00,1762754640000,SENSEX,2025-11-10T12:31:00,1762758060000,57,,hybrid,701.4344755511395,720.3435744404645,732.1198822164404
2025-11-10T11:34:00,1762754640000,SENSEX,2025-11-10T12:32:00,1762758120000,58,,hybrid,694.0266464191554,716.8132172976074,727.824673118737
2025-11-10T11:34:00,1762754640000,SENSEX,2025-11-10T12:33:00,1762758180000,59,,hybrid,699.755940177298,718.899175764007,730.3552923878941
2025-11-10T11:34:00,1762754640000,SENSEX,2025-11-10T12:34:00,1762758240000,60,,hybrid,697.5053643496026,720.1596716858447,731.4812825968181
2025-11-10T11:34:00,1762754640000,SENSEX,2025-11-10T11:35:00,1762754700000,1,,hybrid,713.530958198909,718.5999999999999,734.8492087856148
2025-11-10T11:34:00,1762754640000,SENSEX,2025-11-10T11:36:00,1762754760000,2,,hybrid,716.4918334688864,721.1304431957241,736.8461897032564
2025-11-10T11:34:00,1762754640000,SENSEX,2025-11-10T11:37:00,1762754820000,3,,hybrid,716.7765389026783,721.493494160067,736.4120050097947
2025-11-10T11:34:00,1762754640000,SENSEX,2025-11-10T11:38:00,1762754880000,4,,hybrid,713.6562241200552,717.3073164124294,734.3282135091299
2025-11-10T11:34:00,1762754640000,SENSEX,2025-11-10T11:39:00,1762754940000,5,,hybrid,716.6661069765428,720.0468899200373,739.6290914224803
2025-11-10T11:34:00,1762754640000,SENSEX,2025-11-10T11:40:00,1762755000000,6,,hybrid,716.2682917180479,721.3147787532635,735.6693722766513
2025-11-10T11:34:00,1762754640000,SENSEX,2025-11-10T11:41:00,1762755060000,7,,hybrid,711.0062517572139,718.3565228197677,731.2417680960505
2025-11-10T11:34:00,1762754640000,SENSEX,2025-11-10T11:42:00,1762755120000,8,,hybrid,715.6329673478502,721.811607572555,732.3890665127559
2025-11-10T11:34:00,1762754640000,SENSEX,2025-11-10T11:43:00,1762755180000,9,,hybrid,715.9842301317509,722.0895093992092,733.34433182476
2025-11-10T11:34:00,1762754640000,SENSEX,2025-11-10T11:44:00,1762755240000,10,,hybrid,713.9492587622207,718.8061280987877,730.7799438223537
2025-11-10T11:34:00,1762754640000,SENSEX,2025-11-10T11:45:00,1762755300000,11,,hybrid,714.9693232298905,722.1883476563803,731.049222288477
2025-11-10T11:34:00,1762754640000,SENSEX,2025-11-10T11:46:00,1762755360000,12,,hybrid,714.8054164559983,722.2753105611919,733.5123186735875
2025-11-10T11:34:00,1762754640000,SENSEX,2025-11-10T11:47:00,1762755420000,13,,hybrid,706.4788223038818,718.011660246484,731.8059421597061
2025-11-10T11:34:00,1762754640000,SENSEX,2025-11-10T11:48:00,1762755480000,14,,hybrid,706.8475570843002,721.0821842882558,731.2325728500808
2025-11-10T11:34:00,1762754640000,SENSEX,2025-11-10T11:49:00,1762755540000,15,,hybrid,712.7879563127591,721.8282905688887,735.1687299998061
2025-11-10T11:34:00,1762754640000,SENSEX,2025-11-10T11:50:00,1762755600000,16,,hybrid,708.6913995940779,718.4396549229249,731.414135027403
2025-11-10T11:34:00,1762754640000,SENSEX,2025-11-10T11:51:00,1762755660000,17,,hybrid,713.2354261856603,721.2179938673628,731.2591712511422
2025-11-10T11:34:00,1762754640000,SENSEX,2025-11-10T11:52:00,1762755720000,18,,hybrid,712.3536379654431,721.2735913152036,735.7133531917611
2025-11-10T11:34:00,1762754640000,SENSEX,2025-11-10T11:53:00,1762755780000,19,,hybrid,709.7516851848402,717.7399071917624,733.0011726650828
2025-11-10T11:34:00,1762754640000,SENSEX,2025-11-10T11:54:00,1762755840000,20,,hybrid,711.8986899818397,720.7166017556586,732.621234338512
2025-11-10T11:34:00,1762754640000,SENSEX,2025-11-10T11:55:00,1762755900000,21,,hybrid,714.5082964270798,721.2206745102932,735.3862194314572
2025-11-10T11:34:00,1762754640000,SENSEX,2025-11-10T11:56:00,1762755960000,22,,hybrid,708.5807582857374,717.7769721569895,731.8493156859836
2025-11-10T11:34:00,1762754640000,SENSEX,2025-11-10T11:57:00,1762756020000,23,,hybrid,713.2834062507692,721.0053778578746,730.5974387256784
2025-11-10T11:34:00,1762754640000,SENSEX,2025-11-10T11:58:00,1762756080000,24,,hybrid,710.4980667483708,720.8995401050498,735.1430798331072
2025-11-10T11:34:00,1762754640000,SENSEX,2025-11-10T11:59:00,1762756140000,25,,hybrid,704.5489171145199,716.5643769735174,731.3174278475899
2025-11-10T11:34:00,1762754640000,SENSEX,2025-11-10T12:00:00,1762756200000,26,,hybrid,709.2645532820594,720.4571008118055,729.5094681152667
2025-11-10T11:34:00,1762754640000,SENSEX,2025-11-10T12:01:00,1762756260000,27,,hybrid,707.7081239129868,722.1184164731252,734.4535527518195
2025-11-10T11:34:00,1762754640000,SENSEX,2025-11-10T12:02:00,1762756320000,28,,hybrid,702.9810168149213,719.6262471001132,730.8790313403117
2025-11-10T11:34:00,1762754640000,SENSEX,2025-11-10T12:03:00,1762756380000,29,,hybrid,712.0507908467752,719.7773011751912,734.9798788658886
2025-11-10T11:34:00,1762754640000,SENSEX,2025-11-10T12:04:00,1762756440000,30,,hybrid,709.8316766305733,720.6399958505234,737.580651572483
2025-11-10T11:34:00,1762754640000,SENSEX,2025-11-10T12:05:00,1762756500000,31,,hybrid,705.8671694485683,716.9109916044031,736.340112238934
2025-11-10T11:34:00,1762754640000,SENSEX,2025-11-10T12:06:00,1762756560000,32,,hybrid,709.9061543234963,719.5193484872214,735.7273345137613
2025-11-10T11:34:00,1762754640000,SENSEX,2025-11-10T12:07:00,1762756620000,33,,hybrid,704.4602170790954,718.8485978228539,739.2716294145937
2025-11-10T11:34:00,1762754640000,SENSEX,2025-11-10T12:08:00,1762756680000,34,,hybrid,703.2565843794255,716.7713059764103,735.0981959263789
2025-11-10T11:34:00,1762754640000,SENSEX,2025-11-10T12:09:00,1762756740000,35,,hybrid,701.171699793008,719.43324638069,730.4093697450859
2025-11-10T11:34:00,1762754640000,SENSEX,2025-11-10T12:10:00,1762756800000,36,,hybrid,703.7995112034524,718.8632479412655,734.4030671784523
2025-11-10T11:34:00,1762754640000,SENSEX,2025-11-10T12:11:00,1762756860000,37,,hybrid,696.9524538714372,715.4964663670977,728.2155408927737
2025-11-10T11:34:00,1762754640000,SENSEX,2025-11-10T12:12:00,1762756920000,38,,hybrid,700.7350886371781,719.1639439007552,730.1688702618767
2025-11-10T11:34:00,1762754640000,SENSEX,2025-11-10T12:13:00,1762756980000,39,,hybrid,699.3651316551176,719.339616496537,733.5942357862772
2025-11-10T11:34:00,1762754640000,SENSEX,2025-11-10T12:14:00,1762757040000,40,,hybrid,693.3456103610577,715.8889770598101,728.9521721076777
2025-11-10T11:34:00,1762754640000,SENSEX,2025-11-10T12:15:00,1762757100000,41,,hybrid,696.54355404752,719.0692773218076,728.9302554751082
2025-11-10T11:34:00,1762754640000,SENSEX,2025-11-10T12:16:00,1762757160000,42,,hybrid,696.7914196667476,718.8362149467166,734.3246484961112
2025-11-10T11:34:00,1762754640000,SENSEX,2025-11-10T12:17:00,1762757220000,43,,hybrid,690.8574127478292,715.6578941942602,729.2572574820107
2025-11-10T11:34:00,1762754640000,SENSEX,2025-11-10T12:18:00,1762757280000,44,,hybrid,696.0524602778682,718.7843364618456,728.3296203095157
2025-11-10T11:34:00,1762754640000,SENSEX,2025-11-10T12:19:00,1762757340000,45,,hybrid,701.0349610034688,719.3685263868429,732.9200865602179
2025-11-10T11:34:00,1762754640000,SENSEX,2025-11-10T12:20:00,1762757400000,46,,hybrid,697.5593790198741,715.863770647565,729.3874542370515
2025-11-10T11:34:00,1762754640000,SENSEX,2025-11-10T12:21:00,1762757460000,47,,hybrid,703.3269301680959,718.8056638044208,728.2028338958762
2025-11-10T11:34:00,1762754640000,SENSEX,2025-11-10T12:22:00,1762757520000,48,,hybrid,703.7710343509301,718.7423050832316,734.0858121300729
2025-11-10T11:34:00,1762754640000,SENSEX,2025-11-10T12:23:00,1762757580000,49,,hybrid,699.4818833661251,716.0550616484469,730.1808309624298
2025-11-10T11:34:00,1762754640000,SENSEX,2025-11-10T12:24:00,1762757640000,50,,hybrid,703.044666672672,719.1748005172968,729.578623307766
2025-11-10T11:34:00,1762754640000,SENSEX,2025-11-10T12:25:00,1762757700000,51,,hybrid,701.5337191757637,720.3849512858934,732.2203310443481
2025-11-10T11:34:00,1762754640000,SENSEX,2025-11-10T12:26:00,1762757760000,52,,hybrid,697.9833616671492,716.3719803144866,727.9764709171252
2025-11-10T11:34:00,1762754640000,SENSEX,2025-11-10T12:27:00,1762757820000,53,,hybrid,704.0355629954913,719.4127528763194,731.5091242695775
2025-11-10T11:34:00,1762754640000,SENSEX,2025-11-10T12:28:00,1762757880000,54,,hybrid,701.7289400231941,720.3930449240119,731.1152726671697
2025-11-10T11:34:00,1762754640000,SENSEX,2025-11-10T12:29:00,1762757940000,55,,hybrid,696.8141298986269,716.5657357939624,727.2632777191814
2025-11-10T11:34:00,1762754640000,SENSEX,2025-11-10T12:30:00,1762758000000,56,,hybrid,701.9894585297267,719.0420566286689,731.4400924215058
2025-11-10T11:34:00,1762754640000,SENSEX,2025-11-10T12:31:00,1762758060000,57,,hybrid,701.4344755511395,720.3435744404645,732.1198822164404
2025-11-10T11:34:00,1762754640000,SENSEX,2025-11-10T12:32:00,1762758120000,58,,hybrid,694.0266464191554,716.8132172976074,727.824673118737
2025-11-10T11:34:00,1762754640000,SENSEX,2025-11-10T12:33:00,1762758180000,59,,hybrid,699.755940177298,718.899175764007,730.3552923878941
2025-11-10T11:34:00,1762754640000,SENSEX,2025-11-10T12:34:00,1762758240000,60,,hybrid,697.5053643496026,720.1596716858447,731.4812825968181
2025-11-10T11:34:00,1762754640000,SENSEX,2025-11-10T11:35:00,1762754700000,1,,hybrid,713.530958198909,718.5999999999999,734.8492087856148
2025-11-10T11:34:00,1762754640000,SENSEX,2025-11-10T11:36:00,1762754760000,2,,hybrid,716.4918334688864,721.1304431957241,736.8461897032564
2025-11-10T11:34:00,1762754640000,SENSEX,2025-11-10T11:37:00,1762754820000,3,,hybrid,716.7765389026783,721.493494160067,736.4120050097947
2025-11-10T11:34:00,1762754640000,SENSEX,2025-11-10T11:38:00,1762754880000,4,,hybrid,713.6562241200552,717.3073164124294,734.3282135091299
2025-11-10T11:34:00,1762754640000,SENSEX,2025-11-10T11:39:00,1762754940000,5,,hybrid,716.6661069765428,720.0468899200373,739.6290914224803
2025-11-10T11:34:00,1762754640000,SENSEX,2025-11-10T11:40:00,1762755000000,6,,hybrid,716.2682917180479,721.3147787532635,735.6693722766513
2025-11-10T11:34:00,1762754640000,SENSEX,2025-11-10T11:41:00,1762755060000,7,,hybrid,711.0062517572139,718.3565228197677,731.2417680960505
2025-11-10T11:34:00,1762754640000,SENSEX,2025-11-10T11:42:00,1762755120000,8,,hybrid,715.6329673478502,721.811607572555,732.3890665127559
2025-11-10T11:34:00,1762754640000,SENSEX,2025-11-10T11:43:00,1762755180000,9,,hybrid,715.9842301317509,722.0895093992092,733.34433182476
2025-11-10T11:34:00,1762754640000,SENSEX,2025-11-10T11:44:00,1762755240000,10,,hybrid,713.9492587622207,718.8061280987877,730.7799438223537
2025-11-10T11:34:00,1762754640000,SENSEX,2025-11-10T11:45:00,1762755300000,11,,hybrid,714.9693232298905,722.1883476563803,731.049222288477
2025-11-10T11:34:00,1762754640000,SENSEX,2025-11-10T11:46:00,1762755360000,12,,hybrid,714.8054164559983,722.2753105611919,733.5123186735875
2025-11-10T11:34:00,1762754640000,SENSEX,2025-11-10T11:47:00,1762755420000,13,,hybrid,706.4788223038818,718.011660246484,731.8059421597061
2025-11-10T11:34:00,1762754640000,SENSEX,2025-11-10T11:48:00,1762755480000,14,,hybrid,706.8475570843002,721.0821842882558,731.2325728500808
2025-11-10T11:34:00,1762754640000,SENSEX,2025-11-10T11:49:00,1762755540000,15,,hybrid,712.7879563127591,721.8282905688887,735.1687299998061
2025-11-10T11:34:00,1762754640000,SENSEX,2025-11-10T11:50:00,1762755600000,16,,hybrid,708.6913995940779,718.4396549229249,731.414135027403
2025-11-10T11:34:00,1762754640000,SENSEX,2025-11-10T11:51:00,1762755660000,17,,hybrid,713.2354261856603,721.2179938673628,731.2591712511422
2025-11-10T11:34:00,1762754640000,SENSEX,2025-11-10T11:52:00,1762755720000,18,,hybrid,712.3536379654431,721.2735913152036,735.7133531917611
2025-11-10T11:34:00,1762754640000,SENSEX,2025-11-10T11:53:00,1762755780000,19,,hybrid,709.7516851848402,717.7399071917624,733.0011726650828
2025-11-10T11:34:00,1762754640000,SENSEX,2025-11-10T11:54:00,1762755840000,20,,hybrid,711.8986899818397,720.7166017556586,732.621234338512
2025-11-10T11:34:00,1762754640000,SENSEX,2025-11-10T11:55:00,1762755900000,21,,hybrid,714.5082964270798,721.2206745102932,735.3862194314572
2025-11-10T11:34:00,1762754640000,SENSEX,2025-11-10T11:56:00,1762755960000,22,,hybrid,708.5807582857374,717.7769721569895,731.8493156859836
2025-11-10T11:34:00,1762754640000,SENSEX,2025-11-10T11:57:00,1762756020000,23,,hybrid,713.2834062507692,721.0053778578746,730.5974387256784
2025-11-10T11:34:00,1762754640000,SENSEX,2025-11-10T11:58:00,1762756080000,24,,hybrid,710.4980667483708,720.8995401050498,735.1430798331072
2025-11-10T11:34:00,1762754640000,SENSEX,2025-11-10T11:59:00,1762756140000,25,,hybrid,704.5489171145199,716.5643769735174,731.3174278475899
2025-11-10T11:34:00,1762754640000,SENSEX,2025-11-10T12:00:00,1762756200000,26,,hybrid,709.2645532820594,720.4571008118055,729.5094681152667
2025-11-10T11:34:00,1762754640000,SENSEX,2025-11-10T12:01:00,1762756260000,27,,hybrid,707.7081239129868,722.1184164731252,734.4535527518195
2025-11-10T11:34:00,1762754640000,SENSEX,2025-11-10T12:02:00,1762756320000,28,,hybrid,702.9810168149213,719.6262471001132,730.8790313403117
2025-11-10T11:34:00,1762754640000,SENSEX,2025-11-10T12:03:00,1762756380000,29,,hybrid,712.0507908467752,719.7773011751912,734.9798788658886
2025-11-10T11:34:00,1762754640000,SENSEX,2025-11-10T12:04:00,1762756440000,30,,hybrid,709.8316766305733,720.6399958505234,737.580651572483
2025-11-10T11:34:00,1762754640000,SENSEX,2025-11-10T12:05:00,1762756500000,31,,hybrid,705.8671694485683,716.9109916044031,736.340112238934
2025-11-10T11:34:00,1762754640000,SENSEX,2025-11-10T12:06:00,1762756560000,32,,hybrid,709.9061543234963,719.5193484872214,735.7273345137613
2025-11-10T11:34:00,1762754640000,SENSEX,2025-11-10T12:07:00,1762756620000,33,,hybrid,704.4602170790954,718.8485978228539,739.2716294145937
2025-11-10T11:34:00,1762754640000,SENSEX,2025-11-10T12:08:00,1762756680000,34,,hybrid,703.2565843794255,716.7713059764103,735.0981959263789
2025-11-10T11:34:00,1762754640000,SENSEX,2025-11-10T12:09:00,1762756740000,35,,hybrid,701.171699793008,719.43324638069,730.4093697450859
2025-11-10T11:34:00,1762754640000,SENSEX,2025-11-10T12:10:00,1762756800000,36,,hybrid,703.7995112034524,718.8632479412655,734.4030671784523
2025-11-10T11:34:00,1762754640000,SENSEX,2025-11-10T12:11:00,1762756860000,37,,hybrid,696.9524538714372,715.4964663670977,728.2155408927737
2025-11-10T11:34:00,1762754640000,SENSEX,2025-11-10T12:12:00,1762756920000,38,,hybrid,700.7350886371781,719.1639439007552,730.1688702618767
2025-11-10T11:34:00,1762754640000,SENSEX,2025-11-10T12:13:00,1762756980000,39,,hybrid,699.3651316551176,719.339616496537,733.5942357862772
2025-11-10T11:34:00,1762754640000,SENSEX,2025-11-10T12:14:00,1762757040000,40,,hybrid,693.3456103610577,715.8889770598101,728.9521721076777
2025-11-10T11:34:00,1762754640000,SENSEX,2025-11-10T12:15:00,1762757100000,41,,hybrid,696.54355404752,719.0692773218076,728.9302554751082
2025-11-10T11:34:00,1762754640000,SENSEX,2025-11-10T12:16:00,1762757160000,42,,hybrid,696.7914196667476,718.8362149467166,734.3246484961112
2025-11-10T11:34:00,1762754640000,SENSEX,2025-11-10T12:17:00,1762757220000,43,,hybrid,690.8574127478292,715.6578941942602,729.2572574820107
2025-11-10T11:34:00,1762754640000,SENSEX,2025-11-10T12:18:00,1762757280000,44,,hybrid,696.0524602778682,718.7843364618456,728.3296203095157
2025-11-10T11:34:00,1762754640000,SENSEX,2025-11-10T12:19:00,1762757340000,45,,hybrid,701.0349610034688,719.3685263868429,732.9200865602179
2025-11-10T11:34:00,1762754640000,SENSEX,2025-11-10T12:20:00,1762757400000,46,,hybrid,697.5593790198741,715.863770647565,729.3874542370515
2025-11-10T11:34:00,1762754640000,SENSEX,2025-11-10T12:21:00,1762757460000,47,,hybrid,703.3269301680959,718.8056638044208,728.2028338958762
2025-11-10T11:34:00,1762754640000,SENSEX,2025-11-10T12:22:00,1762757520000,48,,hybrid,703.7710343509301,718.7423050832316,734.0858121300729
2025-11-10T11:34:00,1762754640000,SENSEX,2025-11-10T12:23:00,1762757580000,49,,hybrid,699.4818833661251,716.0550616484469,730.1808309624298
2025-11-10T11:34:00,1762754640000,SENSEX,2025-11-10T12:24:00,1762757640000,50,,hybrid,703.044666672672,719.1748005172968,729.578623307766
2025-11-10T11:34:00,1762754640000,SENSEX,2025-11-10T12:25:00,1762757700000,51,,hybrid,701.5337191757637,720.3849512858934,732.2203310443481
2025-11-10T11:34:00,1762754640000,SENSEX,2025-11-10T12:26:00,1762757760000,52,,hybrid,697.9833616671492,716.3719803144866,727.9764709171252
2025-11-10T11:34:00,1762754640000,SENSEX,2025-11-10T12:27:00,1762757820000,53,,hybrid,704.0355629954913,719.4127528763194,731.5091242695775
2025-11-10T11:34:00,1762754640000,SENSEX,2025-11-10T12:28:00,1762757880000,54,,hybrid,701.7289400231941,720.3930449240119,731.1152726671697
2025-11-10T11:34:00,1762754640000,SENSEX,2025-11-10T12:29:00,1762757940000,55,,hybrid,696.8141298986269,716.5657357939624,727.2632777191814
2025-11-10T11:34:00,1762754640000,SENSEX,2025-11-10T12:30:00,1762758000000,56,,hybrid,701.9894585297267,719.0420566286689,731.4400924215058
2025-11-10T11:34:00,1762754640000,SENSEX,2025-11-10T12:31:00,1762758060000,57,,hybrid,701.4344755511395,720.3435744404645,732.1198822164404
2025-11-10T11:34:00,1762754640000,SENSEX,2025-11-10T12:32:00,1762758120000,58,,hybrid,694.0266464191554,716.8132172976074,727.824673118737
2025-11-10T11:34:00,1762754640000,SENSEX,2025-11-10T12:33:00,1762758180000,59,,hybrid,699.755940177298,718.899175764007,730.3552923878941
2025-11-10T11:34:00,1762754640000,SENSEX,2025-11-10T12:34:00,1762758240000,60,,hybrid,697.5053643496026,720.1596716858447,731.4812825968181
2025-11-10T11:34:00,1762754640000,SENSEX,2025-11-10T11:35:00,1762754700000,1,,hybrid,713.530958198909,718.5999999999999,734.8492087856148
2025-11-10T11:34:00,1762754640000,SENSEX,2025-11-10T11:36:00,1762754760000,2,,hybrid,716.4918334688864,721.1304431957241,736.8461897032564
2025-11-10T11:34:00,1762754640000,SENSEX,2025-11-10T11:37:00,1762754820000,3,,hybrid,716.7765389026783,721.493494160067,736.4120050097947
2025-11-10T11:34:00,1762754640000,SENSEX,2025-11-10T11:38:00,1762754880000,4,,hybrid,713.6562241200552,717.3073164124294,734.3282135091299
2025-11-10T11:34:00,1762754640000,SENSEX,2025-11-10T11:39:00,1762754940000,5,,hybrid,716.6661069765428,720.0468899200373,739.6290914224803
2025-11-10T11:34:00,1762754640000,SENSEX,2025-11-10T11:40:00,1762755000000,6,,hybrid,716.2682917180479,721.3147787532635,735.6693722766513
2025-11-10T11:34:00,1762754640000,SENSEX,2025-11-10T11:41:00,1762755060000,7,,hybrid,711.0062517572139,718.3565228197677,731.2417680960505
2025-11-10T11:34:00,1762754640000,SENSEX,2025-11-10T11:42:00,1762755120000,8,,hybrid,715.6329673478502,721.811607572555,732.3890665127559
2025-11-10T11:34:00,1762754640000,SENSEX,2025-11-10T11:43:00,1762755180000,9,,hybrid,715.9842301317509,722.0895093992092,733.34433182476
2025-11-10T11:34:00,1762754640000,SENSEX,2025-11-10T11:44:00,1762755240000,10,,hybrid,713.9492587622207,718.8061280987877,730.7799438223537
2025-11-10T11:34:00,1762754640000,SENSEX,2025-11-10T11:45:00,1762755300000,11,,hybrid,714.9693232298905,722.1883476563803,731.049222288477
2025-11-10T11:34:00,1762754640000,SENSEX,2025-11-10T11:46:00,1762755360000,12,,hybrid,714.8054164559983,722.2753105611919,733.5123186735875
2025-11-10T11:34:00,1762754640000,SENSEX,2025-11-10T11:47:00,1762755420000,13,,hybrid,706.4788223038818,718.011660246484,731.8059421597061
2025-11-10T11:34:00,1762754640000,SENSEX,2025-11-10T11:48:00,1762755480000,14,,hybrid,706.8475570843002,721.0821842882558,731.2325728500808
2025-11-10T11:34:00,1762754640000,SENSEX,2025-11-10T11:49:00,1762755540000,15,,hybrid,712.7879563127591,721.8282905688887,735.1687299998061
2025-11-10T11:34:00,1762754640000,SENSEX,2025-11-10T11:50:00,1762755600000,16,,hybrid,708.6913995940779,718.4396549229249,731.414135027403
2025-11-10T11:34:00,1762754640000,SENSEX,2025-11-10T11:51:00,1762755660000,17,,hybrid,713.2354261856603,721.2179938673628,731.2591712511422
2025-11-10T11:34:00,1762754640000,SENSEX,2025-11-10T11:52:00,1762755720000,18,,hybrid,712.3536379654431,721.2735913152036,735.7133531917611
2025-11-10T11:34:00,1762754640000,SENSEX,2025-11-10T11:53:00,1762755780000,19,,hybrid,709.7516851848402,717.7399071917624,733.0011726650828
2025-11-10T11:34:00,1762754640000,SENSEX,2025-11-10T11:54:00,1762755840000,20,,hybrid,711.8986899818397,720.7166017556586,732.621234338512
2025-11-10T11:34:00,1762754640000,SENSEX,2025-11-10T11:55:00,1762755900000,21,,hybrid,714.5082964270798,721.2206745102932,735.3862194314572
2025-11-10T11:34:00,1762754640000,SENSEX,2025-11-10T11:56:00,1762755960000,22,,hybrid,708.5807582857374,717.7769721569895,731.8493156859836
2025-11-10T11:34:00,1762754640000,SENSEX,2025-11-10T11:57:00,1762756020000,23,,hybrid,713.2834062507692,721.0053778578746,730.5974387256784
2025-11-10T11:34:00,1762754640000,SENSEX,2025-11-10T11:58:00,1762756080000,24,,hybrid,710.4980667483708,720.8995401050498,735.1430798331072
2025-11-10T11:34:00,1762754640000,SENSEX,2025-11-10T11:59:00,1762756140000,25,,hybrid,704.5489171145199,716.5643769735174,731.3174278475899
2025-11-10T11:34:00,1762754640000,SENSEX,2025-11-10T12:00:00,1762756200000,26,,hybrid,709.2645532820594,720.4571008118055,729.5094681152667
2025-11-10T11:34:00,1762754640000,SENSEX,2025-11-10T12:01:00,1762756260000,27,,hybrid,707.7081239129868,722.1184164731252,734.4535527518195
2025-11-10T11:34:00,1762754640000,SENSEX,2025-11-10T12:02:00,1762756320000,28,,hybrid,702.9810168149213,719.6262471001132,730.8790313403117
2025-11-10T11:34:00,1762754640000,SENSEX,2025-11-10T12:03:00,1762756380000,29,,hybrid,712.0507908467752,719.7773011751912,734.9798788658886
2025-11-10T11:34:00,1762754640000,SENSEX,2025-11-10T12:04:00,1762756440000,30,,hybrid,709.8316766305733,720.6399958505234,737.580651572483
2025-11-10T11:34:00,1762754640000,SENSEX,2025-11-10T12:05:00,1762756500000,31,,hybrid,705.8671694485683,716.9109916044031,736.340112238934
2025-11-10T11:34:00,1762754640000,SENSEX,2025-11-10T12:06:00,1762756560000,32,,hybrid,709.9061543234963,719.5193484872214,735.7273345137613
2025-11-10T11:34:00,1762754640000,SENSEX,2025-11-10T12:07:00,1762756620000,33,,hybrid,704.4602170790954,718.8485978228539,739.2716294145937
2025-11-10T11:34:00,1762754640000,SENSEX,2025-11-10T12:08:00,1762756680000,34,,hybrid,703.2565843794255,716.7713059764103,735.0981959263789
2025-11-10T11:34:00,1762754640000,SENSEX,2025-11-10T12:09:00,1762756740000,35,,hybrid,701.171699793008,719.43324638069,730.4093697450859
2025-11-10T11:34:00,1762754640000,SENSEX,2025-11-10T12:10:00,1762756800000,36,,hybrid,703.7995112034524,718.8632479412655,734.4030671784523
2025-11-10T11:34:00,1762754640000,SENSEX,2025-11-10T12:11:00,1762756860000,37,,hybrid,696.9524538714372,715.4964663670977,728.2155408927737
2025-11-10T11:34:00,1762754640000,SENSEX,2025-11-10T12:12:00,1762756920000,38,,hybrid,700.7350886371781,719.1639439007552,730.1688702618767
2025-11-10T11:34:00,1762754640000,SENSEX,2025-11-10T12:13:00,1762756980000,39,,hybrid,699.3651316551176,719.339616496537,733.5942357862772
2025-11-10T11:34:00,1762754640000,SENSEX,2025-11-10T12:14:00,1762757040000,40,,hybrid,693.3456103610577,715.8889770598101,728.9521721076777
2025-11-10T11:34:00,1762754640000,SENSEX,2025-11-10T12:15:00,1762757100000,41,,hybrid,696.54355404752,719.0692773218076,728.9302554751082
2025-11-10T11:34:00,1762754640000,SENSEX,2025-11-10T12:16:00,1762757160000,42,,hybrid,696.7914196667476,718.8362149467166,734.3246484961112
2025-11-10T11:34:00,1762754640000,SENSEX,2025-11-10T12:17:00,1762757220000,43,,hybrid,690.8574127478292,715.6578941942602,729.2572574820107
2025-11-10T11:34:00,1762754640000,SENSEX,2025-11-10T12:18:00,1762757280000,44,,hybrid,696.0524602778682,718.7843364618456,728.3296203095157
2025-11-10T11:34:00,1762754640000,SENSEX,2025-11-10T12:19:00,1762757340000,45,,hybrid,701.0349610034688,719.3685263868429,732.9200865602179
2025-11-10T11:34:00,1762754640000,SENSEX,2025-11-10T12:20:00,1762757400000,46,,hybrid,697.5593790198741,715.863770647565,729.3874542370515
2025-11-10T11:34:00,1762754640000,SENSEX,2025-11-10T12:21:00,1762757460000,47,,hybrid,703.3269301680959,718.8056638044208,728.2028338958762
2025-11-10T11:34:00,1762754640000,SENSEX,2025-11-10T12:22:00,1762757520000,48,,hybrid,703.7710343509301,718.7423050832316,734.0858121300729
2025-11-10T11:34:00,1762754640000,SENSEX,2025-11-10T12:23:00,1762757580000,49,,hybrid,699.4818833661251,716.0550616484469,730.1808309624298
2025-11-10T11:34:00,1762754640000,SENSEX,2025-11-10T12:24:00,1762757640000,50,,hybrid,703.044666672672,719.1748005172968,729.578623307766
2025-11-10T11:34:00,1762754640000,SENSEX,2025-11-10T12:25:00,1762757700000,51,,hybrid,701.5337191757637,720.3849512858934,732.2203310443481
2025-11-10T11:34:00,1762754640000,SENSEX,2025-11-10T12:26:00,1762757760000,52,,hybrid,697.9833616671492,716.3719803144866,727.9764709171252
2025-11-10T11:34:00,1762754640000,SENSEX,2025-11-10T12:27:00,1762757820000,53,,hybrid,704.0355629954913,719.4127528763194,731.5091242695775
2025-11-10T11:34:00,1762754640000,SENSEX,2025-11-10T12:28:00,1762757880000,54,,hybrid,701.7289400231941,720.3930449240119,731.1152726671697
2025-11-10T11:34:00,1762754640000,SENSEX,2025-11-10T12:29:00,1762757940000,55,,hybrid,696.8141298986269,716.5657357939624,727.2632777191814
2025-11-10T11:34:00,1762754640000,SENSEX,2025-11-10T12:30:00,1762758000000,56,,hybrid,701.9894585297267,719.0420566286689,731.4400924215058
2025-11-10T11:34:00,1762754640000,SENSEX,2025-11-10T12:31:00,1762758060000,57,,hybrid,701.4344755511395,720.3435744404645,732.1198822164404
2025-11-10T11:34:00,1762754640000,SENSEX,2025-11-10T12:32:00,1762758120000,58,,hybrid,694.0266464191554,716.8132172976074,727.824673118737
2025-11-10T11:34:00,1762754640000,SENSEX,2025-11-10T12:33:00,1762758180000,59,,hybrid,699.755940177298,718.899175764007,730.3552923878941
2025-11-10T11:34:00,1762754640000,SENSEX,2025-11-10T12:34:00,1762758240000,60,,hybrid,697.5053643496026,720.1596716858447,731.4812825968181
2025-11-10T11:34:00,1762754640000,SENSEX,2025-11-10T11:35:00,1762754700000,1,,hybrid,713.530958198909,718.5999999999999,734.8492087856148
2025-11-10T11:34:00,1762754640000,SENSEX,2025-11-10T11:36:00,1762754760000,2,,hybrid,716.4918334688864,721.1304431957241,736.8461897032564
2025-11-10T11:34:00,1762754640000,SENSEX,2025-11-10T11:37:00,1762754820000,3,,hybrid,716.7765389026783,721.493494160067,736.4120050097947
2025-11-10T11:34:00,1762754640000,SENSEX,2025-11-10T11:38:00,1762754880000,4,,hybrid,713.6562241200552,717.3073164124294,734.3282135091299
2025-11-10T11:34:00,1762754640000,SENSEX,2025-11-10T11:39:00,1762754940000,5,,hybrid,716.6661069765428,720.0468899200373,739.6290914224803
2025-11-10T11:34:00,1762754640000,SENSEX,2025-11-10T11:40:00,1762755000000,6,,hybrid,716.2682917180479,721.3147787532635,735.6693722766513
2025-11-10T11:34:00,1762754640000,SENSEX,2025-11-10T11:41:00,1762755060000,7,,hybrid,711.0062517572139,718.3565228197677,731.2417680960505
2025-11-10T11:34:00,1762754640000,SENSEX,2025-11-10T11:42:00,1762755120000,8,,hybrid,715.6329673478502,721.811607572555,732.3890665127559
2025-11-10T11:34:00,1762754640000,SENSEX,2025-11-10T11:43:00,1762755180000,9,,hybrid,715.9842301317509,722.0895093992092,733.34433182476
2025-11-10T11:34:00,1762754640000,SENSEX,2025-11-10T11:44:00,1762755240000,10,,hybrid,713.9492587622207,718.8061280987877,730.7799438223537
2025-11-10T11:34:00,1762754640000,SENSEX,2025-11-10T11:45:00,1762755300000,11,,hybrid,714.9693232298905,722.1883476563803,731.049222288477
2025-11-10T11:34:00,1762754640000,SENSEX,2025-11-10T11:46:00,1762755360000,12,,hybrid,714.8054164559983,722.2753105611919,733.5123186735875
2025-11-10T11:34:00,1762754640000,SENSEX,2025-11-10T11:47:00,1762755420000,13,,hybrid,706.4788223038818,718.011660246484,731.8059421597061
2025-11-10T11:34:00,1762754640000,SENSEX,2025-11-10T11:48:00,1762755480000,14,,hybrid,706.8475570843002,721.0821842882558,731.2325728500808
2025-11-10T11:34:00,1762754640000,SENSEX,2025-11-10T11:49:00,1762755540000,15,,hybrid,712.7879563127591,721.8282905688887,735.1687299998061
2025-11-10T11:34:00,1762754640000,SENSEX,2025-11-10T11:50:00,1762755600000,16,,hybrid,708.6913995940779,718.4396549229249,731.414135027403
2025-11-10T11:34:00,1762754640000,SENSEX,2025-11-10T11:51:00,1762755660000,17,,hybrid,713.2354261856603,721.2179938673628,731.2591712511422
2025-11-10T11:34:00,1762754640000,SENSEX,2025-11-10T11:52:00,1762755720000,18,,hybrid,712.3536379654431,721.2735913152036,735.7133531917611
2025-11-10T11:34:00,1762754640000,SENSEX,2025-11-10T11:53:00,1762755780000,19,,hybrid,709.7516851848402,717.7399071917624,733.0011726650828
2025-11-10T11:34:00,1762754640000,SENSEX,2025-11-10T11:54:00,1762755840000,20,,hybrid,711.8986899818397,720.7166017556586,732.621234338512
2025-11-10T11:34:00,1762754640000,SENSEX,2025-11-10T11:55:00,1762755900000,21,,hybrid,714.5082964270798,721.2206745102932,735.3862194314572
2025-11-10T11:34:00,1762754640000,SENSEX,2025-11-10T11:56:00,1762755960000,22,,hybrid,708.5807582857374,717.7769721569895,731.8493156859836
2025-11-10T11:34:00,1762754640000,SENSEX,2025-11-10T11:57:00,1762756020000,23,,hybrid,713.2834062507692,721.0053778578746,730.5974387256784
2025-11-10T11:34:00,1762754640000,SENSEX,2025-11-10T11:58:00,1762756080000,24,,hybrid,710.4980667483708,720.8995401050498,735.1430798331072
2025-11-10T11:34:00,1762754640000,SENSEX,2025-11-10T11:59:00,1762756140000,25,,hybrid,704.5489171145199,716.5643769735174,731.3174278475899
2025-11-10T11:34:00,1762754640000,SENSEX,2025-11-10T12:00:00,1762756200000,26,,hybrid,709.2645532820594,720.4571008118055,729.5094681152667
2025-11-10T11:34:00,1762754640000,SENSEX,2025-11-10T12:01:00,1762756260000,27,,hybrid,707.7081239129868,722.1184164731252,734.4535527518195
2025-11-10T11:34:00,1762754640000,SENSEX,2025-11-10T12:02:00,1762756320000,28,,hybrid,702.9810168149213,719.6262471001132,730.8790313403117
2025-11-10T11:34:00,1762754640000,SENSEX,2025-11-10T12:03:00,1762756380000,29,,hybrid,712.0507908467752,719.7773011751912,734.9798788658886
2025-11-10T11:34:00,1762754640000,SENSEX,2025-11-10T12:04:00,1762756440000,30,,hybrid,709.8316766305733,720.6399958505234,737.580651572483
2025-11-10T11:34:00,1762754640000,SENSEX,2025-11-10T12:05:00,1762756500000,31,,hybrid,705.8671694485683,716.9109916044031,736.340112238934
2025-11-10T11:34:00,1762754640000,SENSEX,2025-11-10T12:06:00,1762756560000,32,,hybrid,709.9061543234963,719.5193484872214,735.7273345137613
2025-11-10T11:34:00,1762754640000,SENSEX,2025-11-10T12:07:00,1762756620000,33,,hybrid,704.4602170790954,718.8485978228539,739.2716294145937
2025-11-10T11:34:00,1762754640000,SENSEX,2025-11-10T12:08:00,1762756680000,34,,hybrid,703.2565843794255,716.7713059764103,735.0981959263789
2025-11-10T11:34:00,1762754640000,SENSEX,2025-11-10T12:09:00,1762756740000,35,,hybrid,701.171699793008,719.43324638069,730.4093697450859
2025-11-10T11:34:00,1762754640000,SENSEX,2025-11-10T12:10:00,1762756800000,36,,hybrid,703.7995112034524,718.8632479412655,734.4030671784523
2025-11-10T11:34:00,1762754640000,SENSEX,2025-11-10T12:11:00,1762756860000,37,,hybrid,696.9524538714372,715.4964663670977,728.2155408927737
2025-11-10T11:34:00,1762754640000,SENSEX,2025-11-10T12:12:00,1762756920000,38,,hybrid,700.7350886371781,719.1639439007552,730.1688702618767
2025-11-10T11:34:00,1762754640000,SENSEX,2025-11-10T12:13:00,1762756980000,39,,hybrid,699.3651316551176,719.339616496537,733.5942357862772
2025-11-10T11:34:00,1762754640000,SENSEX,2025-11-10T12:14:00,1762757040000,40,,hybrid,693.3456103610577,715.8889770598101,728.9521721076777
2025-11-10T11:34:00,1762754640000,SENSEX,2025-11-10T12:15:00,1762757100000,41,,hybrid,696.54355404752,719.0692773218076,728.9302554751082
2025-11-10T11:34:00,1762754640000,SENSEX,2025-11-10T12:16:00,1762757160000,42,,hybrid,696.7914196667476,718.8362149467166,734.3246484961112
2025-11-10T11:34:00,1762754640000,SENSEX,2025-11-10T12:17:00,1762757220000,43,,hybrid,690.8574127478292,715.6578941942602,729.2572574820107
2025-11-10T11:34:00,1762754640000,SENSEX,2025-11-10T12:18:00,1762757280000,44,,hybrid,696.0524602778682,718.7843364618456,728.3296203095157
2025-11-10T11:34:00,1762754640000,SENSEX,2025-11-10T12:19:00,1762757340000,45,,hybrid,701.0349610034688,719.3685263868429,732.9200865602179
2025-11-10T11:34:00,1762754640000,SENSEX,2025-11-10T12:20:00,1762757400000,46,,hybrid,697.5593790198741,715.863770647565,729.3874542370515
2025-11-10T11:34:00,1762754640000,SENSEX,2025-11-10T12:21:00,1762757460000,47,,hybrid,703.3269301680959,718.8056638044208,728.2028338958762
2025-11-10T11:34:00,1762754640000,SENSEX,2025-11-10T12:22:00,1762757520000,48,,hybrid,703.7710343509301,718.7423050832316,734.0858121300729
2025-11-10T11:34:00,1762754640000,SENSEX,2025-11-10T12:23:00,1762757580000,49,,hybrid,699.4818833661251,716.0550616484469,730.1808309624298
2025-11-10T11:34:00,1762754640000,SENSEX,2025-11-10T12:24:00,1762757640000,50,,hybrid,703.044666672672,719.1748005172968,729.578623307766
2025-11-10T11:34:00,1762754640000,SENSEX,2025-11-10T12:25:00,1762757700000,51,,hybrid,701.5337191757637,720.3849512858934,732.2203310443481
2025-11-10T11:34:00,1762754640000,SENSEX,2025-11-10T12:26:00,1762757760000,52,,hybrid,697.9833616671492,716.3719803144866,727.9764709171252
2025-11-10T11:34:00,1762754640000,SENSEX,2025-11-10T12:27:00,1762757820000,53,,hybrid,704.0355629954913,719.4127528763194,731.5091242695775
2025-11-10T11:34:00,1762754640000,SENSEX,2025-11-10T12:28:00,1762757880000,54,,hybrid,701.7289400231941,720.3930449240119,731.1152726671697
2025-11-10T11:34:00,1762754640000,SENSEX,2025-11-10T12:29:00,1762757940000,55,,hybrid,696.8141298986269,716.5657357939624,727.2632777191814
2025-11-10T11:34:00,1762754640000,SENSEX,2025-11-10T12:30:00,1762758000000,56,,hybrid,701.9894585297267,719.0420566286689,731.4400924215058
2025-11-10T11:34:00,1762754640000,SENSEX,2025-11-10T12:31:00,1762758060000,57,,hybrid,701.4344755511395,720.3435744404645,732.1198822164404
2025-11-10T11:34:00,1762754640000,SENSEX,2025-11-10T12:32:00,1762758120000,58,,hybrid,694.0266464191554,716.8132172976074,727.824673118737
2025-11-10T11:34:00,1762754640000,SENSEX,2025-11-10T12:33:00,1762758180000,59,,hybrid,699.755940177298,718.899175764007,730.3552923878941
2025-11-10T11:34:00,1762754640000,SENSEX,2025-11-10T12:34:00,1762758240000,60,,hybrid,697.5053643496026,720.1596716858447,731.4812825968181
2025-11-10T11:34:00,1762754640000,SENSEX,2025-11-10T11:35:00,1762754700000,1,,hybrid,713.530958198909,718.5999999999999,734.8492087856148
2025-11-10T11:34:00,1762754640000,SENSEX,2025-11-10T11:36:00,1762754760000,2,,hybrid,716.4918334688864,721.1304431957241,736.8461897032564
2025-11-10T11:34:00,1762754640000,SENSEX,2025-11-10T11:37:00,1762754820000,3,,hybrid,716.7765389026783,721.493494160067,736.4120050097947
2025-11-10T11:34:00,1762754640000,SENSEX,2025-11-10T11:38:00,1762754880000,4,,hybrid,713.6562241200552,717.3073164124294,734.3282135091299
2025-11-10T11:34:00,1762754640000,SENSEX,2025-11-10T11:39:00,1762754940000,5,,hybrid,716.6661069765428,720.0468899200373,739.6290914224803
2025-11-10T11:34:00,1762754640000,SENSEX,2025-11-10T11:40:00,1762755000000,6,,hybrid,716.2682917180479,721.3147787532635,735.6693722766513
2025-11-10T11:34:00,1762754640000,SENSEX,2025-11-10T11:41:00,1762755060000,7,,hybrid,711.0062517572139,718.3565228197677,731.2417680960505
2025-11-10T11:34:00,1762754640000,SENSEX,2025-11-10T11:42:00,1762755120000,8,,hybrid,715.6329673478502,721.811607572555,732.3890665127559
2025-11-10T11:34:00,1762754640000,SENSEX,2025-11-10T11:43:00,1762755180000,9,,hybrid,715.9842301317509,722.0895093992092,733.34433182476
2025-11-10T11:34:00,1762754640000,SENSEX,2025-11-10T11:44:00,1762755240000,10,,hybrid,713.9492587622207,718.8061280987877,730.7799438223537
2025-11-10T11:34:00,1762754640000,SENSEX,2025-11-10T11:45:00,1762755300000,11,,hybrid,714.9693232298905,722.1883476563803,731.049222288477
2025-11-10T11:34:00,1762754640000,SENSEX,2025-11-10T11:46:00,1762755360000,12,,hybrid,714.8054164559983,722.2753105611919,733.5123186735875
2025-11-10T11:34:00,1762754640000,SENSEX,2025-11-10T11:47:00,1762755420000,13,,hybrid,706.4788223038818,718.011660246484,731.8059421597061
2025-11-10T11:34:00,1762754640000,SENSEX,2025-11-10T11:48:00,1762755480000,14,,hybrid,706.8475570843002,721.0821842882558,731.2325728500808
2025-11-10T11:34:00,1762754640000,SENSEX,2025-11-10T11:49:00,1762755540000,15,,hybrid,712.7879563127591,721.8282905688887,735.1687299998061
2025-11-10T11:34:00,1762754640000,SENSEX,2025-11-10T11:50:00,1762755600000,16,,hybrid,708.6913995940779,718.4396549229249,731.414135027403
2025-11-10T11:34:00,1762754640000,SENSEX,2025-11-10T11:51:00,1762755660000,17,,hybrid,713.2354261856603,721.2179938673628,731.2591712511422
2025-11-10T11:34:00,1762754640000,SENSEX,2025-11-10T11:52:00,1762755720000,18,,hybrid,712.3536379654431,721.2735913152036,735.7133531917611
2025-11-10T11:34:00,1762754640000,SENSEX,2025-11-10T11:53:00,1762755780000,19,,hybrid,709.7516851848402,717.7399071917624,733.0011726650828
2025-11-10T11:34:00,1762754640000,SENSEX,2025-11-10T11:54:00,1762755840000,20,,hybrid,711.8986899818397,720.7166017556586,732.621234338512
2025-11-10T11:34:00,1762754640000,SENSEX,2025-11-10T11:55:00,1762755900000,21,,hybrid,714.5082964270798,721.2206745102932,735.3862194314572
2025-11-10T11:34:00,1762754640000,SENSEX,2025-11-10T11:56:00,1762755960000,22,,hybrid,708.5807582857374,717.7769721569895,731.8493156859836
2025-11-10T11:34:00,1762754640000,SENSEX,2025-11-10T11:57:00,1762756020000,23,,hybrid,713.2834062507692,721.0053778578746,730.5974387256784
2025-11-10T11:34:00,1762754640000,SENSEX,2025-11-10T11:58:00,1762756080000,24,,hybrid,710.4980667483708,720.8995401050498,735.1430798331072
2025-11-10T11:34:00,1762754640000,SENSEX,2025-11-10T11:59:00,1762756140000,25,,hybrid,704.5489171145199,716.5643769735174,731.3174278475899
2025-11-10T11:34:00,1762754640000,SENSEX,2025-11-10T12:00:00,1762756200000,26,,hybrid,709.2645532820594,720.4571008118055,729.5094681152667
2025-11-10T11:34:00,1762754640000,SENSEX,2025-11-10T12:01:00,1762756260000,27,,hybrid,707.7081239129868,722.1184164731252,734.4535527518195
2025-11-10T11:34:00,1762754640000,SENSEX,2025-11-10T12:02:00,1762756320000,28,,hybrid,702.9810168149213,719.6262471001132,730.8790313403117
2025-11-10T11:34:00,1762754640000,SENSEX,2025-11-10T12:03:00,1762756380000,29,,hybrid,712.0507908467752,719.7773011751912,734.9798788658886
2025-11-10T11:34:00,1762754640000,SENSEX,2025-11-10T12:04:00,1762756440000,30,,hybrid,709.8316766305733,720.6399958505234,737.580651572483
2025-11-10T11:34:00,1762754640000,SENSEX,2025-11-10T12:05:00,1762756500000,31,,hybrid,705.8671694485683,716.9109916044031,736.340112238934
2025-11-10T11:34:00,1762754640000,SENSEX,2025-11-10T12:06:00,1762756560000,32,,hybrid,709.9061543234963,719.5193484872214,735.7273345137613
2025-11-10T11:34:00,1762754640000,SENSEX,2025-11-10T12:07:00,1762756620000,33,,hybrid,704.4602170790954,718.8485978228539,739.2716294145937
2025-11-10T11:34:00,1762754640000,SENSEX,2025-11-10T12:08:00,1762756680000,34,,hybrid,703.2565843794255,716.7713059764103,735.0981959263789
2025-11-10T11:34:00,1762754640000,SENSEX,2025-11-10T12:09:00,1762756740000,35,,hybrid,701.171699793008,719.43324638069,730.4093697450859
2025-11-10T11:34:00,1762754640000,SENSEX,2025-11-10T12:10:00,1762756800000,36,,hybrid,703.7995112034524,718.8632479412655,734.4030671784523
2025-11-10T11:34:00,1762754640000,SENSEX,2025-11-10T12:11:00,1762756860000,37,,hybrid,696.9524538714372,715.4964663670977,728.2155408927737
2025-11-10T11:34:00,1762754640000,SENSEX,2025-11-10T12:12:00,1762756920000,38,,hybrid,700.7350886371781,719.1639439007552,730.1688702618767
2025-11-10T11:34:00,1762754640000,SENSEX,2025-11-10T12:13:00,1762756980000,39,,hybrid,699.3651316551176,719.339616496537,733.5942357862772
2025-11-10T11:34:00,1762754640000,SENSEX,2025-11-10T12:14:00,1762757040000,40,,hybrid,693.3456103610577,715.8889770598101,728.9521721076777
2025-11-10T11:34:00,1762754640000,SENSEX,2025-11-10T12:15:00,1762757100000,41,,hybrid,696.54355404752,719.0692773218076,728.9302554751082
2025-11-10T11:34:00,1762754640000,SENSEX,2025-11-10T12:16:00,1762757160000,42,,hybrid,696.7914196667476,718.8362149467166,734.3246484961112
2025-11-10T11:34:00,1762754640000,SENSEX,2025-11-10T12:17:00,1762757220000,43,,hybrid,690.8574127478292,715.6578941942602,729.2572574820107
2025-11-10T11:34:00,1762754640000,SENSEX,2025-11-10T12:18:00,1762757280000,44,,hybrid,696.0524602778682,718.7843364618456,728.3296203095157
2025-11-10T11:34:00,1762754640000,SENSEX,2025-11-10T12:19:00,1762757340000,45,,hybrid,701.0349610034688,719.3685263868429,732.9200865602179
2025-11-10T11:34:00,1762754640000,SENSEX,2025-11-10T12:20:00,1762757400000,46,,hybrid,697.5593790198741,715.863770647565,729.3874542370515
2025-11-10T11:34:00,1762754640000,SENSEX,2025-11-10T12:21:00,1762757460000,47,,hybrid,703.3269301680959,718.8056638044208,728.2028338958762
2025-11-10T11:34:00,1762754640000,SENSEX,2025-11-10T12:22:00,1762757520000,48,,hybrid,703.7710343509301,718.7423050832316,734.0858121300729
2025-11-10T11:34:00,1762754640000,SENSEX,2025-11-10T12:23:00,1762757580000,49,,hybrid,699.4818833661251,716.0550616484469,730.1808309624298
2025-11-10T11:34:00,1762754640000,SENSEX,2025-11-10T12:24:00,1762757640000,50,,hybrid,703.044666672672,719.1748005172968,729.578623307766
2025-11-10T11:34:00,1762754640000,SENSEX,2025-11-10T12:25:00,1762757700000,51,,hybrid,701.5337191757637,720.3849512858934,732.2203310443481
2025-11-10T11:34:00,1762754640000,SENSEX,2025-11-10T12:26:00,1762757760000,52,,hybrid,697.9833616671492,716.3719803144866,727.9764709171252
2025-11-10T11:34:00,1762754640000,SENSEX,2025-11-10T12:27:00,1762757820000,53,,hybrid,704.0355629954913,719.4127528763194,731.5091242695775
2025-11-10T11:34:00,1762754640000,SENSEX,2025-11-10T12:28:00,1762757880000,54,,hybrid,701.7289400231941,720.3930449240119,731.1152726671697
2025-11-10T11:34:00,1762754640000,SENSEX,2025-11-10T12:29:00,1762757940000,55,,hybrid,696.8141298986269,716.5657357939624,727.2632777191814
2025-11-10T11:34:00,1762754640000,SENSEX,2025-11-10T12:30:00,1762758000000,56,,hybrid,701.9894585297267,719.0420566286689,731.4400924215058
2025-11-10T11:34:00,1762754640000,SENSEX,2025-11-10T12:31:00,1762758060000,57,,hybrid,701.4344755511395,720.3435744404645,732.1198822164404
2025-11-10T11:34:00,1762754640000,SENSEX,2025-11-10T12:32:00,1762758120000,58,,hybrid,694.0266464191554,716.8132172976074,727.824673118737
2025-11-10T11:34:00,1762754640000,SENSEX,2025-11-10T12:33:00,1762758180000,59,,hybrid,699.755940177298,718.899175764007,730.3552923878941
2025-11-10T11:34:00,1762754640000,SENSEX,2025-11-10T12:34:00,1762758240000,60,,hybrid,697.5053643496026,720.1596716858447,731.4812825968181
2025-11-10T11:34:30,1762754670000,SENSEX,2025-11-10T11:35:30,1762754730000,1,,hybrid,712.920340245281,717.45,738.5149812576145
2025-11-10T11:34:30,1762754670000,SENSEX,2025-11-10T11:36:30,1762754790000,2,,hybrid,712.0110901185067,716.7798884837279,739.2280886346388
2025-11-10T11:34:30,1762754670000,SENSEX,2025-11-10T11:37:30,1762754850000,3,,hybrid,708.0840460920762,714.8969299359143,732.5563200430212
2025-11-10T11:34:30,1762754670000,SENSEX,2025-11-10T11:38:30,1762754910000,4,,hybrid,712.0160850660767,717.1283721719182,738.1914567267401
2025-11-10T11:34:30,1762754670000,SENSEX,2025-11-10T11:39:30,1762754970000,5,,hybrid,712.5353701523966,715.6662119165527,741.2435068451219
2025-11-10T11:34:30,1762754670000,SENSEX,2025-11-10T11:40:30,1762755030000,6,,hybrid,708.4893883213529,713.3559101612051,729.9484467255927
2025-11-10T11:34:30,1762754670000,SENSEX,2025-11-10T11:41:30,1762755090000,7,,hybrid,710.7500930404873,717.2471723433999,733.1446877703777
2025-11-10T11:34:30,1762754670000,SENSEX,2025-11-10T11:42:30,1762755150000,8,,hybrid,711.0220994776664,717.3615112950964,730.2483293925353
2025-11-10T11:34:30,1762754670000,SENSEX,2025-11-10T11:43:30,1762755210000,9,,hybrid,707.5537813550261,714.6034300927271,726.814040779729
2025-11-10T11:34:30,1762754670000,SENSEX,2025-11-10T11:44:30,1762755270000,10,,hybrid,712.4320084947108,717.8217010689823,730.7822014682024
2025-11-10T11:34:30,1762754670000,SENSEX,2025-11-10T11:45:30,1762755330000,11,,hybrid,707.7885058593316,717.5744993648924,728.1405822043164
2025-11-10T11:34:30,1762754670000,SENSEX,2025-11-10T11:46:30,1762755390000,12,,hybrid,703.4331559758455,714.9504160921829,730.6313675434296
2025-11-10T11:34:30,1762754670000,SENSEX,2025-11-10T11:47:30,1762755450000,13,,hybrid,705.2555826450894,717.0885113288965,737.6175944018215
2025-11-10T11:34:30,1762754670000,SENSEX,2025-11-10T11:48:30,1762755510000,14,,hybrid,702.1323382007674,716.7373581779212,736.2455832082305
2025-11-10T11:34:30,1762754670000,SENSEX,2025-11-10T11:49:30,1762755570000,15,,hybrid,704.7552805533658,713.9454569027075,727.6330218526643
2025-11-10T11:34:30,1762754670000,SENSEX,2025-11-10T11:50:30,1762755630000,16,,hybrid,707.4122977332125,717.6912842576901,736.4581946386977
2025-11-10T11:34:30,1762754670000,SENSEX,2025-11-10T11:51:30,1762755690000,17,,hybrid,708.3352874227743,716.8486613201113,734.968398603381
2025-11-10T11:34:30,1762754670000,SENSEX,2025-11-10T11:52:30,1762755750000,18,,hybrid,704.459425367115,713.6114807741111,733.6409350641094
2025-11-10T11:34:30,1762754670000,SENSEX,2025-11-10T11:53:30,1762755810000,19,,hybrid,708.5455578050636,716.7416377108738,735.7455797903795
2025-11-10T11:34:30,1762754670000,SENSEX,2025-11-10T11:54:30,1762755870000,20,,hybrid,707.4199562550648,716.4673149085896,734.128284950596
2025-11-10T11:34:30,1762754670000,SENSEX,2025-11-10T11:55:30,1762755930000,21,,hybrid,702.6229083103228,713.3760800614928,731.5961032307936
2025-11-10T11:34:30,1762754670000,SENSEX,2025-11-10T11:56:30,1762755990000,22,,hybrid,706.8188516859805,716.8763744897308,736.0482418539747
2025-11-10T11:34:30,1762754670000,SENSEX,2025-11-10T11:57:30,1762756050000,23,,hybrid,707.8104845852966,716.6810176473032,728.7003607436063
2025-11-10T11:34:30,1762754670000,SENSEX,2025-11-10T11:58:30,1762756110000,24,,hybrid,701.9939676514837,712.6660930250179,730.4786616013937
2025-11-10T11:34:30,1762754670000,SENSEX,2025-11-10T11:59:30,1762756170000,25,,hybrid,703.8174473647354,716.1455560507559,735.3643375803421
2025-11-10T11:34:30,1762754670000,SENSEX,2025-11-10T12:00:30,1762756230000,26,,hybrid,703.5868776412939,716.6267130885888,726.9952105614043
2025-11-10T11:34:30,1762754670000,SENSEX,2025-11-10T12:01:30,1762756290000,27,,hybrid,699.6534415654177,714.4386978072511,727.0948010679803
2025-11-10T11:34:30,1762754670000,SENSEX,2025-11-10T12:02:30,1762756350000,28,,hybrid,701.7315263519502,718.8098746189144,730.3554624500471
2025-11-10T11:34:30,1762754670000,SENSEX,2025-11-10T12:03:30,1762756410000,29,,hybrid,707.3022248907928,715.2727230787369,736.9300535372711
2025-11-10T11:34:30,1762754670000,SENSEX,2025-11-10T12:04:30,1762756470000,30,,hybrid,702.6534049486258,713.6178182567828,732.4351029754615
2025-11-10T11:34:30,1762754670000,SENSEX,2025-11-10T12:05:30,1762756530000,31,,hybrid,702.2545910523804,716.4021004236961,734.3233003111799
2025-11-10T11:34:30,1762754670000,SENSEX,2025-11-10T12:06:30,1762756590000,32,,hybrid,704.8901205072858,715.4184560299589,734.5319397884042
2025-11-10T11:34:30,1762754670000,SENSEX,2025-11-10T12:07:30,1762756650000,33,,hybrid,695.2325982416553,713.6699405979099,731.394279600999
2025-11-10T11:34:30,1762754670000,SENSEX,2025-11-10T12:08:30,1762756710000,34,,hybrid,700.9977627708419,714.8641448040004,734.6864474831704
2025-11-10T11:34:30,1762754670000,SENSEX,2025-11-10T12:09:30,1762756770000,35,,hybrid,696.0561699142597,714.792891916555,730.9622657657521
2025-11-10T11:34:30,1762754670000,SENSEX,2025-11-10T12:10:30,1762756830000,36,,hybrid,695.5325550911865,710.1804060452564,729.8489751559897
2025-11-10T11:34:30,1762754670000,SENSEX,2025-11-10T12:11:30,1762756890000,37,,hybrid,694.2638601528236,715.2586853819241,732.336652714594
2025-11-10T11:34:30,1762754670000,SENSEX,2025-11-10T12:12:30,1762756950000,38,,hybrid,694.3722883362399,714.7619146337438,729.5928476856627
2025-11-10T11:34:30,1762754670000,SENSEX,2025-11-10T12:13:30,1762757010000,39,,hybrid,688.282759853887,711.1494405793261,729.4512176778604
2025-11-10T11:34:30,1762754670000,SENSEX,2025-11-10T12:14:30,1762757070000,40,,hybrid,689.9253414885321,715.202488087119,732.4362383848699
2025-11-10T11:34:30,1762754670000,SENSEX,2025-11-10T12:15:30,1762757130000,41,,hybrid,690.1866070681438,714.7265012657967,729.6405322299389
2025-11-10T11:34:30,1762754670000,SENSEX,2025-11-10T12:16:30,1762757190000,42,,hybrid,686.9908431787616,710.3877662368931,729.9034248381761
2025-11-10T11:34:30,1762754670000,SENSEX,2025-11-10T12:17:30,1762757250000,43,,hybrid,688.017853203076,715.0373448015453,732.6295200409518
2025-11-10T11:34:30,1762754670000,SENSEX,2025-11-10T12:18:30,1762757310000,44,,hybrid,690.2950640437081,714.2633543934223,730.1916811299571
2025-11-10T11:34:30,1762754670000,SENSEX,2025-11-10T12:19:30,1762757370000,45,,hybrid,685.0103816538073,711.3248799337156,728.8565171409302
2025-11-10T11:34:30,1762754670000,SENSEX,2025-11-10T12:20:30,1762757430000,46,,hybrid,688.237812832123,715.3028466800762,732.6993718263457
2025-11-10T11:34:30,1762754670000,SENSEX,2025-11-10T12:21:30,1762757490000,47,,hybrid,689.5660366885887,714.4291825633278,729.4919896882661
2025-11-10T11:34:30,1762754670000,SENSEX,2025-11-10T12:22:30,1762757550000,48,,hybrid,687.035201464071,710.7529033447693,730.0767874137632
2025-11-10T11:34:30,1762754670000,SENSEX,2025-11-10T12:23:30,1762757610000,49,,hybrid,689.38652074111,715.6427029712625,733.4767960795272
2025-11-10T11:34:30,1762754670000,SENSEX,2025-11-10T12:24:30,1762757670000,50,,hybrid,699.3838498403624,714.7386805557119,729.2207848204638
2025-11-10T11:34:30,1762754670000,SENSEX,2025-11-10T12:25:30,1762757730000,51,,hybrid,683.8451884733903,712.1310986522703,727.6274108976131
2025-11-10T11:34:30,1762754670000,SENSEX,2025-11-10T12:26:30,1762757790000,52,,hybrid,687.9969731295939,716.3846700808418,731.6677811508744
2025-11-10T11:34:30,1762754670000,SENSEX,2025-11-10T12:27:30,1762757850000,53,,hybrid,690.2005023800082,714.6229803262702,728.6248006972337
2025-11-10T11:34:30,1762754670000,SENSEX,2025-11-10T12:28:30,1762757910000,54,,hybrid,685.6741074823938,712.1139560004996,723.9081192153228
2025-11-10T11:34:30,1762754670000,SENSEX,2025-11-10T12:29:30,1762757970000,55,,hybrid,688.4421900346501,716.1157422282153,728.7268613441316
2025-11-10T11:34:30,1762754670000,SENSEX,2025-11-10T12:30:30,1762758030000,56,,hybrid,696.631369287193,714.386882219165,727.1075216737437
2025-11-10T11:34:30,1762754670000,SENSEX,2025-11-10T12:31:30,1762758090000,57,,hybrid,683.343257995463,712.4557429470173,724.5384766822182
2025-11-10T11:34:30,1762754670000,SENSEX,2025-11-10T12:32:30,1762758150000,58,,hybrid,692.7083959079898,716.0878858041601,727.3858657189738
2025-11-10T11:34:30,1762754670000,SENSEX,2025-11-10T12:33:30,1762758210000,59,,hybrid,693.9426192224262,714.4639688512179,726.2181798857002
2025-11-10T11:34:30,1762754670000,SENSEX,2025-11-10T12:34:30,1762758270000,60,,hybrid,686.8741406530019,712.3451799978928,722.6629756783432
2025-11-10T11:34:30,1762754670000,SENSEX,2025-11-10T11:35:30,1762754730000,1,,hybrid,712.920340245281,717.45,738.5149812576145
2025-11-10T11:34:30,1762754670000,SENSEX,2025-11-10T11:36:30,1762754790000,2,,hybrid,712.0110901185067,716.7798884837279,739.2280886346388
2025-11-10T11:34:30,1762754670000,SENSEX,2025-11-10T11:37:30,1762754850000,3,,hybrid,708.0840460920762,714.8969299359143,732.5563200430212
2025-11-10T11:34:30,1762754670000,SENSEX,2025-11-10T11:38:30,1762754910000,4,,hybrid,712.0160850660767,717.1283721719182,738.1914567267401
2025-11-10T11:34:30,1762754670000,SENSEX,2025-11-10T11:39:30,1762754970000,5,,hybrid,712.5353701523966,715.6662119165527,741.2435068451219
2025-11-10T11:34:30,1762754670000,SENSEX,2025-11-10T11:40:30,1762755030000,6,,hybrid,708.4893883213529,713.3559101612051,729.9484467255927
2025-11-10T11:34:30,1762754670000,SENSEX,2025-11-10T11:41:30,1762755090000,7,,hybrid,710.7500930404873,717.2471723433999,733.1446877703777
2025-11-10T11:34:30,1762754670000,SENSEX,2025-11-10T11:42:30,1762755150000,8,,hybrid,711.0220994776664,717.3615112950964,730.2483293925353
2025-11-10T11:34:30,1762754670000,SENSEX,2025-11-10T11:43:30,1762755210000,9,,hybrid,707.5537813550261,714.6034300927271,726.814040779729
2025-11-10T11:34:30,1762754670000,SENSEX,2025-11-10T11:44:30,1762755270000,10,,hybrid,712.4320084947108,717.8217010689823,730.7822014682024
2025-11-10T11:34:30,1762754670000,SENSEX,2025-11-10T11:45:30,1762755330000,11,,hybrid,707.7885058593316,717.5744993648924,728.1405822043164
2025-11-10T11:34:30,1762754670000,SENSEX,2025-11-10T11:46:30,1762755390000,12,,hybrid,703.4331559758455,714.9504160921829,730.6313675434296
2025-11-10T11:34:30,1762754670000,SENSEX,2025-11-10T11:47:30,1762755450000,13,,hybrid,705.2555826450894,717.0885113288965,737.6175944018215
2025-11-10T11:34:30,1762754670000,SENSEX,2025-11-10T11:48:30,1762755510000,14,,hybrid,702.1323382007674,716.7373581779212,736.2455832082305
2025-11-10T11:34:30,1762754670000,SENSEX,2025-11-10T11:49:30,1762755570000,15,,hybrid,704.7552805533658,713.9454569027075,727.6330218526643
2025-11-10T11:34:30,1762754670000,SENSEX,2025-11-10T11:50:30,1762755630000,16,,hybrid,707.4122977332125,717.6912842576901,736.4581946386977
2025-11-10T11:34:30,1762754670000,SENSEX,2025-11-10T11:51:30,1762755690000,17,,hybrid,708.3352874227743,716.8486613201113,734.968398603381
2025-11-10T11:34:30,1762754670000,SENSEX,2025-11-10T11:52:30,1762755750000,18,,hybrid,704.459425367115,713.6114807741111,733.6409350641094
2025-11-10T11:34:30,1762754670000,SENSEX,2025-11-10T11:53:30,1762755810000,19,,hybrid,708.5455578050636,716.7416377108738,735.7455797903795
2025-11-10T11:34:30,1762754670000,SENSEX,2025-11-10T11:54:30,1762755870000,20,,hybrid,707.4199562550648,716.4673149085896,734.128284950596
2025-11-10T11:34:30,1762754670000,SENSEX,2025-11-10T11:55:30,1762755930000,21,,hybrid,702.6229083103228,713.3760800614928,731.5961032307936
2025-11-10T11:34:30,1762754670000,SENSEX,2025-11-10T11:56:30,1762755990000,22,,hybrid,706.8188516859805,716.8763744897308,736.0482418539747
2025-11-10T11:34:30,1762754670000,SENSEX,2025-11-10T11:57:30,1762756050000,23,,hybrid,707.8104845852966,716.6810176473032,728.7003607436063
2025-11-10T11:34:30,1762754670000,SENSEX,2025-11-10T11:58:30,1762756110000,24,,hybrid,701.9939676514837,712.6660930250179,730.4786616013937
2025-11-10T11:34:30,1762754670000,SENSEX,2025-11-10T11:59:30,1762756170000,25,,hybrid,703.8174473647354,716.1455560507559,735.3643375803421
2025-11-10T11:34:30,1762754670000,SENSEX,2025-11-10T12:00:30,1762756230000,26,,hybrid,703.5868776412939,716.6267130885888,726.9952105614043
2025-11-10T11:34:30,1762754670000,SENSEX,2025-11-10T12:01:30,1762756290000,27,,hybrid,699.6534415654177,714.4386978072511,727.0948010679803
2025-11-10T11:34:30,1762754670000,SENSEX,2025-11-10T12:02:30,1762756350000,28,,hybrid,701.7315263519502,718.8098746189144,730.3554624500471
2025-11-10T11:34:30,1762754670000,SENSEX,2025-11-10T12:03:30,1762756410000,29,,hybrid,707.3022248907928,715.2727230787369,736.9300535372711
2025-11-10T11:34:30,1762754670000,SENSEX,2025-11-10T12:04:30,1762756470000,30,,hybrid,702.6534049486258,713.6178182567828,732.4351029754615
2025-11-10T11:34:30,1762754670000,SENSEX,2025-11-10T12:05:30,1762756530000,31,,hybrid,702.2545910523804,716.4021004236961,734.3233003111799
2025-11-10T11:34:30,1762754670000,SENSEX,2025-11-10T12:06:30,1762756590000,32,,hybrid,704.8901205072858,715.4184560299589,734.5319397884042
2025-11-10T11:34:30,1762754670000,SENSEX,2025-11-10T12:07:30,1762756650000,33,,hybrid,695.2325982416553,713.6699405979099,731.394279600999
2025-11-10T11:34:30,1762754670000,SENSEX,2025-11-10T12:08:30,1762756710000,34,,hybrid,700.9977627708419,714.8641448040004,734.6864474831704
2025-11-10T11:34:30,1762754670000,SENSEX,2025-11-10T12:09:30,1762756770000,35,,hybrid,696.0561699142597,714.792891916555,730.9622657657521
2025-11-10T11:34:30,1762754670000,SENSEX,2025-11-10T12:10:30,1762756830000,36,,hybrid,695.5325550911865,710.1804060452564,729.8489751559897
2025-11-10T11:34:30,1762754670000,SENSEX,2025-11-10T12:11:30,1762756890000,37,,hybrid,694.2638601528236,715.2586853819241,732.336652714594
2025-11-10T11:34:30,1762754670000,SENSEX,2025-11-10T12:12:30,1762756950000,38,,hybrid,694.3722883362399,714.7619146337438,729.5928476856627
2025-11-10T11:34:30,1762754670000,SENSEX,2025-11-10T12:13:30,1762757010000,39,,hybrid,688.282759853887,711.1494405793261,729.4512176778604
2025-11-10T11:34:30,1762754670000,SENSEX,2025-11-10T12:14:30,1762757070000,40,,hybrid,689.9253414885321,715.202488087119,732.4362383848699
2025-11-10T11:34:30,1762754670000,SENSEX,2025-11-10T12:15:30,1762757130000,41,,hybrid,690.1866070681438,714.7265012657967,729.6405322299389
2025-11-10T11:34:30,1762754670000,SENSEX,2025-11-10T12:16:30,1762757190000,42,,hybrid,686.9908431787616,710.3877662368931,729.9034248381761
2025-11-10T11:34:30,1762754670000,SENSEX,2025-11-10T12:17:30,1762757250000,43,,hybrid,688.017853203076,715.0373448015453,732.6295200409518
2025-11-10T11:34:30,1762754670000,SENSEX,2025-11-10T12:18:30,1762757310000,44,,hybrid,690.2950640437081,714.2633543934223,730.1916811299571
2025-11-10T11:34:30,1762754670000,SENSEX,2025-11-10T12:19:30,1762757370000,45,,hybrid,685.0103816538073,711.3248799337156,728.8565171409302
2025-11-10T11:34:30,1762754670000,SENSEX,2025-11-10T12:20:30,1762757430000,46,,hybrid,688.237812832123,715.3028466800762,732.6993718263457
2025-11-10T11:34:30,1762754670000,SENSEX,2025-11-10T12:21:30,1762757490000,47,,hybrid,689.5660366885887,714.4291825633278,729.4919896882661
2025-11-10T11:34:30,1762754670000,SENSEX,2025-11-10T12:22:30,1762757550000,48,,hybrid,687.035201464071,710.7529033447693,730.0767874137632
2025-11-10T11:34:30,1762754670000,SENSEX,2025-11-10T12:23:30,1762757610000,49,,hybrid,689.38652074111,715.6427029712625,733.4767960795272
2025-11-10T11:34:30,1762754670000,SENSEX,2025-11-10T12:24:30,1762757670000,50,,hybrid,699.3838498403624,714.7386805557119,729.2207848204638
2025-11-10T11:34:30,1762754670000,SENSEX,2025-11-10T12:25:30,1762757730000,51,,hybrid,683.8451884733903,712.1310986522703,727.6274108976131
2025-11-10T11:34:30,1762754670000,SENSEX,2025-11-10T12:26:30,1762757790000,52,,hybrid,687.9969731295939,716.3846700808418,731.6677811508744
2025-11-10T11:34:30,1762754670000,SENSEX,2025-11-10T12:27:30,1762757850000,53,,hybrid,690.2005023800082,714.6229803262702,728.6248006972337
2025-11-10T11:34:30,1762754670000,SENSEX,2025-11-10T12:28:30,1762757910000,54,,hybrid,685.6741074823938,712.1139560004996,723.9081192153228
2025-11-10T11:34:30,1762754670000,SENSEX,2025-11-10T12:29:30,1762757970000,55,,hybrid,688.4421900346501,716.1157422282153,728.7268613441316
2025-11-10T11:34:30,1762754670000,SENSEX,2025-11-10T12:30:30,1762758030000,56,,hybrid,696.631369287193,714.386882219165,727.1075216737437
2025-11-10T11:34:30,1762754670000,SENSEX,2025-11-10T12:31:30,1762758090000,57,,hybrid,683.343257995463,712.4557429470173,724.5384766822182
2025-11-10T11:34:30,1762754670000,SENSEX,2025-11-10T12:32:30,1762758150000,58,,hybrid,692.7083959079898,716.0878858041601,727.3858657189738
2025-11-10T11:34:30,1762754670000,SENSEX,2025-11-10T12:33:30,1762758210000,59,,hybrid,693.9426192224262,714.4639688512179,726.2181798857002
2025-11-10T11:34:30,1762754670000,SENSEX,2025-11-10T12:34:30,1762758270000,60,,hybrid,686.8741406530019,712.3451799978928,722.6629756783432
2025-11-10T11:34:30,1762754670000,SENSEX,2025-11-10T11:35:30,1762754730000,1,optimized,hybrid,704.3476169786933,717.45,727.3712506578671
2025-11-10T11:34:30,1762754670000,SENSEX,2025-11-10T11:36:30,1762754790000,2,optimized,hybrid,704.5791956690201,717.1700169136266,732.7310788363703
2025-11-10T11:34:30,1762754670000,SENSEX,2025-11-10T11:37:30,1762754850000,3,optimized,hybrid,704.6093917719023,713.7518775889982,725.853682551226
2025-11-10T11:34:30,1762754670000,SENSEX,2025-11-10T11:38:30,1762754910000,4,optimized,hybrid,708.3341972040905,717.2167283153293,727.9950632154626
2025-11-10T11:34:30,1762754670000,SENSEX,2025-11-10T11:39:30,1762754970000,5,optimized,hybrid,704.9354076088281,717.8677956427135,727.052922266723
2025-11-10T11:34:30,1762754670000,SENSEX,2025-11-10T11:40:30,1762755030000,6,optimized,hybrid,701.0231918495556,713.8739410620711,723.1716859076763
2025-11-10T11:34:30,1762754670000,SENSEX,2025-11-10T11:41:30,1762755090000,7,optimized,hybrid,704.8826136948851,716.9361318382663,726.897439502886
2025-11-10T11:34:30,1762754670000,SENSEX,2025-11-10T11:42:30,1762755150000,8,optimized,hybrid,707.0936396567022,717.6444123752701,726.6615768241462
2025-11-10T11:34:30,1762754670000,SENSEX,2025-11-10T11:43:30,1762755210000,9,optimized,hybrid,701.0203113128954,713.8105441582908,721.3980059519014
2025-11-10T11:34:30,1762754670000,SENSEX,2025-11-10T11:44:30,1762755270000,10,optimized,hybrid,704.873789146289,716.2933382012112,725.5670711715059
2025-11-10T11:34:30,1762754670000,SENSEX,2025-11-10T11:45:30,1762755330000,11,optimized,hybrid,705.8001148621588,716.7295737844514,729.597639814884
2025-11-10T11:34:30,1762754670000,SENSEX,2025-11-10T11:46:30,1762755390000,12,optimized,hybrid,703.5088930468389,712.662212425012,723.9983723204657
2025-11-10T11:34:30,1762754670000,SENSEX,2025-11-10T11:47:30,1762755450000,13,optimized,hybrid,704.5441853733597,716.7067888775688,728.5667824727911
2025-11-10T11:34:30,1762754670000,SENSEX,2025-11-10T11:48:30,1762755510000,14,optimized,hybrid,703.4996728726992,716.8508657015178,728.5550837795006
2025-11-10T11:34:30,1762754670000,SENSEX,2025-11-10T11:49:30,1762755570000,15,optimized,hybrid,698.6976858743637,709.9417068197088,720.5982697514441
2025-11-10T11:34:30,1762754670000,SENSEX,2025-11-10T11:50:30,1762755630000,16,optimized,hybrid,704.3506245926455,714.6156150036584,726.8768736749106
2025-11-10T11:34:30,1762754670000,SENSEX,2025-11-10T11:51:30,1762755690000,17,optimized,hybrid,705.0608027079894,714.3985307313942,724.380466140581
2025-11-10T11:34:30,1762754670000,SENSEX,2025-11-10T11:52:30,1762755750000,18,optimized,hybrid,701.6918629277437,709.1680448049484,730.253109883413
2025-11-10T11:34:30,1762754670000,SENSEX,2025-11-10T11:53:30,1762755810000,19,optimized,hybrid,705.0142290770071,715.6591846654117,731.294415125562
2025-11-10T11:34:30,1762754670000,SENSEX,2025-11-10T11:54:30,1762755870000,20,optimized,hybrid,706.0658006405312,716.2617854155109,731.7789637194502
2025-11-10T11:34:30,1762754670000,SENSEX,2025-11-10T11:55:30,1762755930000,21,optimized,hybrid,702.2646811873742,713.7228465635972,725.1906872461295
2025-11-10T11:34:30,1762754670000,SENSEX,2025-11-10T11:56:30,1762755990000,22,optimized,hybrid,707.1468595112999,715.1561204252553,729.3481692489627
2025-11-10T11:34:30,1762754670000,SENSEX,2025-11-10T11:57:30,1762756050000,23,optimized,hybrid,708.321279034317,717.6350078748128,728.6926130338509
2025-11-10T11:34:30,1762754670000,SENSEX,2025-11-10T11:58:30,1762756110000,24,optimized,hybrid,701.7833544006528,713.3914309330613,726.0144916147024
2025-11-10T11:34:30,1762754670000,SENSEX,2025-11-10T11:59:30,1762756170000,25,optimized,hybrid,704.7692519275728,718.6556060087765,728.471580121831
2025-11-10T11:34:30,1762754670000,SENSEX,2025-11-10T12:00:30,1762756230000,26,optimized,hybrid,704.3971033728603,718.255208053537,728.8093869207638
2025-11-10T11:34:30,1762754670000,SENSEX,2025-11-10T12:01:30,1762756290000,27,optimized,hybrid,700.4044277364495,714.6446185525705,725.6557711646407
2025-11-10T11:34:30,1762754670000,SENSEX,2025-11-10T12:02:30,1762756350000,28,optimized,hybrid,703.5600952847801,717.7679396050041,729.0429161624838
2025-11-10T11:34:30,1762754670000,SENSEX,2025-11-10T12:03:30,1762756410000,29,optimized,hybrid,703.287114852361,717.8887622678347,728.9019811029975
2025-11-10T11:34:30,1762754670000,SENSEX,2025-11-10T12:04:30,1762756470000,30,optimized,hybrid,700.5468888989478,714.5844409363415,725.4676359159457
2025-11-10T11:34:30,1762754670000,SENSEX,2025-11-10T12:05:30,1762756530000,31,optimized,hybrid,701.4691266942815,717.0859903269429,728.315510390482
2025-11-10T11:34:30,1762754670000,SENSEX,2025-11-10T12:06:30,1762756590000,32,optimized,hybrid,702.282568450194,716.3962833408981,725.9305229521307
2025-11-10T11:34:30,1762754670000,SENSEX,2025-11-10T12:07:30,1762756650000,33,optimized,hybrid,700.5841533034519,712.825604284742,725.5015966915811
2025-11-10T11:34:30,1762754670000,SENSEX,2025-11-10T12:08:30,1762756710000,34,optimized,hybrid,702.646498305755,715.3681313851271,727.999365410393
2025-11-10T11:34:30,1762754670000,SENSEX,2025-11-10T12:09:30,1762756770000,35,optimized,hybrid,702.6267471829907,715.9313602990055,727.4339295497437
2025-11-10T11:34:30,1762754670000,SENSEX,2025-11-10T12:10:30,1762756830000,36,optimized,hybrid,689.9091331552409,710.3532326528406,723.0789277194032
2025-11-10T11:34:30,1762754670000,SENSEX,2025-11-10T12:11:30,1762756890000,37,optimized,hybrid,701.7471677917305,715.4285483449748,727.6476296102331
2025-11-10T11:34:30,1762754670000,SENSEX,2025-11-10T12:12:30,1762756950000,38,optimized,hybrid,695.9465995328657,714.9029529459925,730.8215855186951
2025-11-10T11:34:30,1762754670000,SENSEX,2025-11-10T12:13:30,1762757010000,39,optimized,hybrid,690.4082649869213,710.6691942584102,726.1393470769183
2025-11-10T11:34:30,1762754670000,SENSEX,2025-11-10T12:14:30,1762757070000,40,optimized,hybrid,692.6157026460626,714.6117736288701,728.3121558952613
2025-11-10T11:34:30,1762754670000,SENSEX,2025-11-10T12:15:30,1762757130000,41,optimized,hybrid,704.1295337025754,713.1310134135105,729.7239988633974
2025-11-10T11:34:30,1762754670000,SENSEX,2025-11-10T12:16:30,1762757190000,42,optimized,hybrid,693.6676786248034,708.8385483604427,724.2928011487713
2025-11-10T11:34:30,1762754670000,SENSEX,2025-11-10T12:17:30,1762757250000,43,optimized,hybrid,699.1788533657699,713.1870514468283,727.8733828956521
2025-11-10T11:34:30,1762754670000,SENSEX,2025-11-10T12:18:30,1762757310000,44,optimized,hybrid,699.7457024094988,714.981160666346,727.4885962731307
2025-11-10T11:34:30,1762754670000,SENSEX,2025-11-10T12:19:30,1762757370000,45,optimized,hybrid,688.1041779325266,708.722240182814,723.5262706375847
2025-11-10T11:34:30,1762754670000,SENSEX,2025-11-10T12:20:30,1762757430000,46,optimized,hybrid,698.3899574095507,711.331211299392,728.1111955009795
2025-11-10T11:34:30,1762754670000,SENSEX,2025-11-10T12:21:30,1762757490000,47,optimized,hybrid,694.8794214777838,713.0461184663619,731.3286964512454
2025-11-10T11:34:30,1762754670000,SENSEX,2025-11-10T12:22:30,1762757550000,48,optimized,hybrid,693.3479852934736,710.4971285451393,727.5046274250005
2025-11-10T11:34:30,1762754670000,SENSEX,2025-11-10T12:23:30,1762757610000,49,optimized,hybrid,701.6337940011373,714.0974488551434,729.5637115581395
2025-11-10T11:34:30,1762754670000,SENSEX,2025-11-10T12:24:30,1762757670000,50,optimized,hybrid,701.9568005441164,711.8500342051042,729.823211749058
2025-11-10T11:34:30,1762754670000,SENSEX,2025-11-10T12:25:30,1762757730000,51,optimized,hybrid,693.9355818814344,707.2801183045898,728.2984844750398
2025-11-10T11:34:30,1762754670000,SENSEX,2025-11-10T12:26:30,1762757790000,52,optimized,hybrid,697.7927865101875,711.6480621498456,730.5388759967565
2025-11-10T11:34:30,1762754670000,SENSEX,2025-11-10T12:27:30,1762757850000,53,optimized,hybrid,696.6536794920136,711.4717311310972,730.3070937515217
2025-11-10T11:34:30,1762754670000,SENSEX,2025-11-10T12:28:30,1762757910000,54,optimized,hybrid,691.7342292790275,708.1622414617301,724.5594384648647
2025-11-10T11:34:30,1762754670000,SENSEX,2025-11-10T12:29:30,1762757970000,55,optimized,hybrid,695.4229767493437,711.3359459617923,729.2854405831973
2025-11-10T11:34:30,1762754670000,SENSEX,2025-11-10T12:30:30,1762758030000,56,optimized,hybrid,695.0142396881206,709.5284647532386,728.5479797068175
2025-11-10T11:34:30,1762754670000,SENSEX,2025-11-10T12:31:30,1762758090000,57,optimized,hybrid,689.8507597909912,707.8896106557247,726.2910282554799
2025-11-10T11:34:30,1762754670000,SENSEX,2025-11-10T12:32:30,1762758150000,58,optimized,hybrid,693.4872409073587,710.9766946272775,728.902337873294
2025-11-10T11:34:30,1762754670000,SENSEX,2025-11-10T12:33:30,1762758210000,59,optimized,hybrid,693.6331034481352,711.1029784599136,728.9318670785981
2025-11-10T11:34:30,1762754670000,SENSEX,2025-11-10T12:34:30,1762758270000,60,optimized,hybrid,690.4398702079585,706.7731965812321,724.402423356974
2025-11-10T11:35:30,1762754730000,SENSEX,2025-11-10T11:36:30,1762754790000,1,optimized,hybrid,707.1812793978387,720.0999999999999,730.003058777231
2025-11-10T11:35:30,1762754730000,SENSEX,2025-11-10T11:37:30,1762754850000,2,optimized,hybrid,711.3952341911536,723.6759021651924,738.344740367816
2025-11-10T11:35:30,1762754730000,SENSEX,2025-11-10T11:38:30,1762754910000,3,optimized,hybrid,714.8659339765752,723.3189117155327,736.0283024674812
2025-11-10T11:35:30,1762754730000,SENSEX,2025-11-10T11:39:30,1762754970000,4,optimized,hybrid,709.719814906172,719.5186215057303,730.2663265587994
2025-11-10T11:35:30,1762754730000,SENSEX,2025-11-10T11:40:30,1762755030000,5,optimized,hybrid,710.2781308016997,724.1569103985265,733.3438058110975
2025-11-10T11:35:30,1762754730000,SENSEX,2025-11-10T11:41:30,1762755090000,6,optimized,hybrid,710.0491987923817,723.4561884912368,733.2917260598742
2025-11-10T11:35:30,1762754730000,SENSEX,2025-11-10T11:42:30,1762755150000,7,optimized,hybrid,706.5567005722843,719.4513828531955,729.375685822913
2025-11-10T11:35:30,1762754730000,SENSEX,2025-11-10T11:43:30,1762755210000,8,optimized,hybrid,713.2866559513473,723.9164033893135,732.856335318202
2025-11-10T11:35:30,1762754730000,SENSEX,2025-11-10T11:44:30,1762755270000,9,optimized,hybrid,710.9901959438823,723.6782399429064,730.8571540025662
2025-11-10T11:35:30,1762754730000,SENSEX,2025-11-10T11:45:30,1762755330000,10,optimized,hybrid,707.8074894835319,719.1939536247867,728.1345219955346
2025-11-10T11:35:30,1762754730000,SENSEX,2025-11-10T11:46:30,1762755390000,11,optimized,hybrid,712.4167580883488,723.2477444792601,735.6101269484311
2025-11-10T11:35:30,1762754730000,SENSEX,2025-11-10T11:47:30,1762755450000,12,optimized,hybrid,713.6445577175144,722.3533758588546,733.7842049955681
2025-11-10T11:35:30,1762754730000,SENSEX,2025-11-10T11:48:30,1762755510000,13,optimized,hybrid,707.1303461918895,718.3950354518805,730.7419754558272
2025-11-10T11:35:30,1762754730000,SENSEX,2025-11-10T11:49:30,1762755570000,14,optimized,hybrid,709.8606086627453,722.5659542560979,734.6355600369301
2025-11-10T11:35:30,1762754730000,SENSEX,2025-11-10T11:50:30,1762755630000,15,optimized,hybrid,708.4759905517827,720.0379580611697,730.6995275370682
2025-11-10T11:35:30,1762754730000,SENSEX,2025-11-10T11:51:30,1762755690000,16,optimized,hybrid,707.0839654658961,717.086751533255,729.4058344340867
2025-11-10T11:35:30,1762754730000,SENSEX,2025-11-10T11:52:30,1762755750000,17,optimized,hybrid,711.5440759095878,720.4826912319519,730.7184531123665
2025-11-10T11:35:30,1762754730000,SENSEX,2025-11-10T11:53:30,1762755810000,18,optimized,hybrid,711.8490977639228,719.0397136119152,739.7673109029229
2025-11-10T11:35:30,1762754730000,SENSEX,2025-11-10T11:54:30,1762755870000,19,optimized,hybrid,707.84203394076,718.2852448749427,733.8855483820752
2025-11-10T11:35:30,1762754730000,SENSEX,2025-11-10T11:55:30,1762755930000,20,optimized,hybrid,712.3216123410249,722.5662073916587,737.9537167553408
2025-11-10T11:35:30,1762754730000,SENSEX,2025-11-10T11:56:30,1762755990000,21,optimized,hybrid,712.4153825746898,723.1255648256886,735.2936364781709
2025-11-10T11:35:30,1762754730000,SENSEX,2025-11-10T11:57:30,1762756050000,22,optimized,hybrid,709.2481495679943,717.2703993466806,731.4873388558664
2025-11-10T11:35:30,1762754730000,SENSEX,2025-11-10T11:58:30,1762756110000,23,optimized,hybrid,714.7591035416353,724.0173195608061,735.0469055564464
2025-11-10T11:35:30,1762754730000,SENSEX,2025-11-10T11:59:30,1762756170000,24,optimized,hybrid,712.0343983065104,723.6143739997566,736.341875471043
2025-11-10T11:35:30,1762754730000,SENSEX,2025-11-10T12:00:30,1762756230000,25,optimized,hybrid,707.4645629063817,721.0564767986981,730.9350359044836
2025-11-10T11:35:30,1762754730000,SENSEX,2025-11-10T12:01:30,1762756290000,26,optimized,hybrid,710.8399013089866,724.7373538680956,735.2176211345716
2025-11-10T11:35:30,1762754730000,SENSEX,2025-11-10T12:02:30,1762756350000,27,optimized,hybrid,710.222318078597,724.4252221174879,735.5557751425422
2025-11-10T11:35:30,1762754730000,SENSEX,2025-11-10T12:03:30,1762756410000,28,optimized,hybrid,706.7336690023786,720.6698418016847,732.3315561370508
2025-11-10T11:35:30,1762754730000,SENSEX,2025-11-10T12:04:30,1762756470000,29,optimized,hybrid,709.6236980331106,724.1270772529926,735.0349907571776
2025-11-10T11:35:30,1762754730000,SENSEX,2025-11-10T12:05:30,1762756530000,30,optimized,hybrid,709.5363958982987,723.4069419198345,734.4494689280656
2025-11-10T11:35:30,1762754730000,SENSEX,2025-11-10T12:06:30,1762756590000,31,optimized,hybrid,704.7665769439252,720.3467628117663,731.8663458616869
2025-11-10T11:35:30,1762754730000,SENSEX,2025-11-10T12:07:30,1762756650000,32,optimized,hybrid,708.653159819156,722.2337677932929,732.2704411718955
2025-11-10T11:35:30,1762754730000,SENSEX,2025-11-10T12:08:30,1762756710000,33,optimized,hybrid,708.977127065338,721.0694063404069,734.0417925167806
2025-11-10T11:35:30,1762754730000,SENSEX,2025-11-10T12:09:30,1762756770000,34,optimized,hybrid,704.2053017054334,715.9416084513848,729.1916589909999
2025-11-10T11:35:30,1762754730000,SENSEX,2025-11-10T12:10:30,1762756830000,35,optimized,hybrid,708.9052465042809,721.8454858983592,733.1475865412845
2025-11-10T11:35:30,1762754730000,SENSEX,2025-11-10T12:11:30,1762756890000,36,optimized,hybrid,700.5773560121073,720.8427651356235,733.4988621272863
2025-11-10T11:35:30,1762754730000,SENSEX,2025-11-10T12:12:30,1762756950000,37,optimized,hybrid,703.7951885352549,717.264471236897,729.598999020578
2025-11-10T11:35:30,1762754730000,SENSEX,2025-11-10T12:13:30,1762757010000,38,optimized,hybrid,701.7539927363941,720.6259681353346,736.9499239754234
2025-11-10T11:35:30,1762754730000,SENSEX,2025-11-10T12:14:30,1762757070000,39,optimized,hybrid,700.7810068419283,720.538714641475,736.3558462798712
2025-11-10T11:35:30,1762754730000,SENSEX,2025-11-10T12:15:30,1762757130000,40,optimized,hybrid,694.0483701069355,716.1840953363313,730.1985653559831
2025-11-10T11:35:30,1762754730000,SENSEX,2025-11-10T12:16:30,1762757190000,41,optimized,hybrid,710.0623447361991,718.4675311933216,735.5367638241136
2025-11-10T11:35:30,1762754730000,SENSEX,2025-11-10T12:17:30,1762757250000,42,optimized,hybrid,703.1283256522426,718.3497427173987,734.4524193192294
2025-11-10T11:35:30,1762754730000,SENSEX,2025-11-10T12:18:30,1762757310000,43,optimized,hybrid,701.4370348450934,714.9956723249298,730.0171067668047
2025-11-10T11:35:30,1762754730000,SENSEX,2025-11-10T12:19:30,1762757370000,44,optimized,hybrid,706.2006112044729,721.3322620505943,733.8334184955812
2025-11-10T11:35:30,1762754730000,SENSEX,2025-11-10T12:20:30,1762757430000,45,optimized,hybrid,697.8966010311376,718.5641797603174,733.7862075195122
2025-11-10T11:35:30,1762754730000,SENSEX,2025-11-10T12:21:30,1762757490000,46,optimized,hybrid,700.9275141708885,713.323484857721,730.4654798565659
2025-11-10T11:35:30,1762754730000,SENSEX,2025-11-10T12:22:30,1762757550000,47,optimized,hybrid,701.3690675390029,719.141471853246,737.7809363700092
2025-11-10T11:35:30,1762754730000,SENSEX,2025-11-10T12:23:30,1762757610000,48,optimized,hybrid,703.7741098301941,720.6244058438377,737.6821560879382
2025-11-10T11:35:30,1762754730000,SENSEX,2025-11-10T12:24:30,1762757670000,49,optimized,hybrid,703.8317231770183,714.9815558262139,731.372121435781
2025-11-10T11:35:30,1762754730000,SENSEX,2025-11-10T12:25:30,1762757730000,50,optimized,hybrid,708.6787998849516,718.0736827997498,735.8740040103831
2025-11-10T11:35:30,1762754730000,SENSEX,2025-11-10T12:26:30,1762757790000,51,optimized,hybrid,704.9919265455466,717.6585628380788,738.4445456375955
2025-11-10T11:35:30,1762754730000,SENSEX,2025-11-10T12:27:30,1762757850000,52,optimized,hybrid,699.3050522014507,713.2925716908569,731.7132822325544
2025-11-10T11:35:30,1762754730000,SENSEX,2025-11-10T12:28:30,1762757910000,53,optimized,hybrid,703.162627121904,717.5798736867011,736.1772764756101
2025-11-10T11:35:30,1762754730000,SENSEX,2025-11-10T12:29:30,1762757970000,54,optimized,hybrid,702.0218532877437,718.2923530724311,734.6543136589041
2025-11-10T11:35:30,1762754730000,SENSEX,2025-11-10T12:30:30,1762758030000,55,optimized,hybrid,697.726835291633,713.517667709068,731.3105236835679
2025-11-10T11:35:30,1762754730000,SENSEX,2025-11-10T12:31:30,1762758090000,56,optimized,hybrid,701.5805256138138,716.043039062455,734.8599733117045
2025-11-10T11:35:30,1762754730000,SENSEX,2025-11-10T12:32:30,1762758150000,57,optimized,hybrid,700.1962448512247,718.0145642089578,735.3833273652954
2025-11-10T11:35:30,1762754730000,SENSEX,2025-11-10T12:33:30,1762758210000,58,optimized,hybrid,695.590000390732,712.9200166797852,730.277920673119
2025-11-10T11:35:30,1762754730000,SENSEX,2025-11-10T12:34:30,1762758270000,59,optimized,hybrid,699.8826162054371,717.3147627532958,734.4595408813261
2025-11-10T11:35:30,1762754730000,SENSEX,2025-11-10T12:35:30,1762758330000,60,optimized,hybrid,701.2435303165195,717.4399216318718,734.552870323528
2025-11-10T11:35:30,1762754730000,SENSEX,2025-11-10T11:36:30,1762754790000,1,since_open,hybrid,716.8499999999999,720.0999999999999,730.925
2025-11-10T11:35:30,1762754730000,SENSEX,2025-11-10T11:37:30,1762754850000,2,since_open,hybrid,430.2839285714285,723.1839285714285,736.8839285714286
2025-11-10T11:35:30,1762754730000,SENSEX,2025-11-10T11:38:30,1762754910000,3,since_open,hybrid,720.5267857142854,722.9767857142856,727.6267857142856
2025-11-10T11:35:30,1762754730000,SENSEX,2025-11-10T11:39:30,1762754970000,4,since_open,hybrid,716.9696428571427,718.8696428571428,724.6196428571429
2025-11-10T11:35:30,1762754730000,SENSEX,2025-11-10T11:40:30,1762755030000,5,since_open,hybrid,427.13571428571413,721.4607142857142,730.1607142857142
2025-11-10T11:35:30,1762754730000,SENSEX,2025-11-10T11:41:30,1762755090000,6,since_open,hybrid,717.0008928571427,721.9008928571428,727.4008928571428
2025-11-10T11:35:30,1762754730000,SENSEX,2025-11-10T11:42:30,1762755150000,7,since_open,hybrid,713.624107142857,718.9741071428572,732.5741071428572
2025-11-10T11:35:30,1762754730000,SENSEX,2025-11-10T11:43:30,1762755210000,8,since_open,hybrid,426.2821428571428,723.1821428571429,740.4821428571429
2025-11-10T11:35:30,1762754730000,SENSEX,2025-11-10T11:44:30,1762755270000,9,since_open,hybrid,717.1901785714285,723.2651785714286,732.6151785714287
2025-11-10T11:35:30,1762754730000,SENSEX,2025-11-10T11:45:30,1762755330000,10,since_open,hybrid,712.5133928571427,719.1633928571428,737.9133928571428
2025-11-10T11:35:30,1762754730000,SENSEX,2025-11-10T11:46:30,1762755390000,11,since_open,hybrid,425.7223214285712,723.1223214285714,740.5223214285713
2025-11-10T11:35:30,1762754730000,SENSEX,2025-11-10T11:47:30,1762755450000,12,since_open,hybrid,717.6276785714285,721.3026785714285,737.9276785714287
2025-11-10T11:35:30,1762754730000,SENSEX,2025-11-10T11:48:30,1762755510000,13,since_open,hybrid,714.3821428571429,717.9571428571428,734.2571428571429
2025-11-10T11:35:30,1762754730000,SENSEX,2025-11-10T11:49:30,1762755570000,14,since_open,hybrid,425.3455357142855,721.2955357142856,735.1705357142856
2025-11-10T11:35:30,1762754730000,SENSEX,2025-11-10T11:50:30,1762755630000,15,since_open,hybrid,716.2874999999998,725.5875,742.2375
2025-11-10T11:35:30,1762754730000,SENSEX,2025-11-10T11:51:30,1762755690000,16,since_open,hybrid,712.9178571428572,718.3928571428571,735.1678571428572
2025-11-10T11:35:30,1762754730000,SENSEX,2025-11-10T11:52:30,1762755750000,17,since_open,hybrid,424.6258928571427,720.9258928571427,738.0508928571428
2025-11-10T11:35:30,1762754730000,SENSEX,2025-11-10T11:53:30,1762755810000,18,since_open,hybrid,713.9687499999999,722.91875,741.51875
2025-11-10T11:35:30,1762754730000,SENSEX,2025-11-10T11:54:30,1762755870000,19,since_open,hybrid,710.3785714285714,718.2035714285714,735.6285714285714
2025-11-10T11:35:30,1762754730000,SENSEX,2025-11-10T11:55:30,1762755930000,20,since_open,hybrid,423.07410714285714,723.1991071428572,741.1741071428572
2025-11-10T11:35:30,1762754730000,SENSEX,2025-11-10T11:56:30,1762755990000,21,since_open,hybrid,711.9196428571427,721.9196428571428,735.3946428571428
2025-11-10T11:35:30,1762754730000,SENSEX,2025-11-10T11:57:30,1762756050000,22,since_open,hybrid,707.7571428571428,718.0071428571428,731.9821428571429
2025-11-10T11:35:30,1762754730000,SENSEX,2025-11-10T11:58:30,1762756110000,23,since_open,hybrid,422.91160714285706,722.2116071428571,735.0616071428572
2025-11-10T11:35:30,1762754730000,SENSEX,2025-11-10T11:59:30,1762756170000,24,since_open,hybrid,711.7044642857143,722.6544642857142,732.8544642857142
2025-11-10T11:35:30,1762754730000,SENSEX,2025-11-10T12:00:30,1762756230000,25,since_open,hybrid,707.0258928571427,719.3508928571428,730.8008928571428
2025-11-10T11:35:30,1762754730000,SENSEX,2025-11-10T12:01:30,1762756290000,26,since_open,hybrid,424.15178571428567,722.7767857142857,735.2267857142857
2025-11-10T11:35:30,1762754730000,SENSEX,2025-11-10T12:02:30,1762756350000,27,since_open,hybrid,710.0232142857142,723.8982142857143,741.5482142857142
2025-11-10T11:35:30,1762754730000,SENSEX,2025-11-10T12:03:30,1762756410000,28,since_open,hybrid,707.4232142857142,718.5232142857142,740.4482142857141
2025-11-10T11:35:30,1762754730000,SENSEX,2025-11-10T12:04:30,1762756470000,29,since_open,hybrid,423.64464285714274,720.4196428571428,739.0696428571429
2025-11-10T11:35:30,1762754730000,SENSEX,2025-11-10T12:05:30,1762756530000,30,since_open,hybrid,708.5714285714284,720.0464285714286,739.3464285714286
2025-11-10T11:35:30,1762754730000,SENSEX,2025-11-10T12:06:30,1762756590000,31,since_open,hybrid,702.8732142857142,717.8232142857142,737.0732142857142
2025-11-10T11:35:30,1762754730000,SENSEX,2025-11-10T12:07:30,1762756650000,32,since_open,hybrid,419.4857142857141,717.0607142857142,739.8357142857143
2025-11-10T11:35:30,1762754730000,SENSEX,2025-11-10T12:08:30,1762756710000,33,since_open,hybrid,706.7392857142856,718.7392857142856,734.2892857142858
2025-11-10T11:35:30,1762754730000,SENSEX,2025-11-10T12:09:30,1762756770000,34,since_open,hybrid,700.5776785714285,713.7276785714284,729.7526785714285
2025-11-10T11:35:30,1762754730000,SENSEX,2025-11-10T12:10:30,1762756830000,35,since_open,hybrid,418.099107142857,717.249107142857,726.024107142857
2025-11-10T11:35:30,1762754730000,SENSEX,2025-11-10T12:11:30,1762756890000,36,since_open,hybrid,702.7901785714284,717.6901785714284,733.4151785714286
2025-11-10T11:35:30,1762754730000,SENSEX,2025-11-10T12:12:30,1762756950000,37,since_open,hybrid,696.6669642857142,715.1419642857142,722.1919642857142
2025-11-10T11:35:30,1762754730000,SENSEX,2025-11-10T12:13:30,1762757010000,38,since_open,hybrid,416.77321428571423,715.4232142857142,727.8232142857142
2025-11-10T11:35:30,1762754730000,SENSEX,2025-11-10T12:14:30,1762757070000,39,since_open,hybrid,700.367857142857,717.217857142857,728.1428571428571
2025-11-10T11:35:30,1762754730000,SENSEX,2025-11-10T12:15:30,1762757130000,40,since_open,hybrid,695.6839285714285,712.4589285714286,724.0589285714286
2025-11-10T11:35:30,1762754730000,SENSEX,2025-11-10T12:16:30,1762757190000,41,since_open,hybrid,415.10446428571413,714.6794642857143,727.0794642857142
2025-11-10T11:35:30,1762754730000,SENSEX,2025-11-10T12:17:30,1762757250000,42,since_open,hybrid,699.9776785714284,716.8776785714285,727.6776785714286
2025-11-10T11:35:30,1762754730000,SENSEX,2025-11-10T12:18:30,1762757310000,43,since_open,hybrid,694.0776785714284,711.4276785714285,723.5026785714285
2025-11-10T11:35:30,1762754730000,SENSEX,2025-11-10T12:19:30,1762757370000,44,since_open,hybrid,413.50982142857134,713.0098214285714,735.2598214285714
2025-11-10T11:35:30,1762754730000,SENSEX,2025-11-10T12:20:30,1762757430000,45,since_open,hybrid,702.6142857142855,717.3392857142857,734.6392857142856
2025-11-10T11:35:30,1762754730000,SENSEX,2025-11-10T12:21:30,1762757490000,46,since_open,hybrid,699.8169642857143,716.3169642857143,729.4919642857143
2025-11-10T11:35:30,1762754730000,SENSEX,2025-11-10T12:22:30,1762757550000,47,since_open,hybrid,417.4955357142856,714.7455357142857,735.3455357142858
2025-11-10T11:35:30,1762754730000,SENSEX,2025-11-10T12:23:30,1762757610000,48,since_open,hybrid,704.3473214285714,721.0473214285713,735.3723214285715
2025-11-10T11:35:30,1762754730000,SENSEX,2025-11-10T12:24:30,1762757670000,49,since_open,hybrid,703.0124999999999,717.9875,734.3125
2025-11-10T11:35:30,1762754730000,SENSEX,2025-11-10T12:25:30,1762757730000,50,since_open,hybrid,418.37142857142845,715.9464285714286,736.1964285714286
2025-11-10T11:35:30,1762754730000,SENSEX,2025-11-10T12:26:30,1762757790000,51,since_open,hybrid,704.3473214285714,716.8723214285714,744.0223214285714
2025-11-10T11:35:30,1762754730000,SENSEX,2025-11-10T12:27:30,1762757850000,52,since_open,hybrid,700.2249999999999,715.3,737.725
2025-11-10T11:35:30,1762754730000,SENSEX,2025-11-10T12:28:30,1762757910000,53,since_open,hybrid,417.64821428571423,717.6482142857142,742.3232142857142
2025-11-10T11:35:30,1762754730000,SENSEX,2025-11-10T12:29:30,1762757970000,54,since_open,hybrid,703.5964285714284,719.8464285714284,734.8214285714286
2025-11-10T11:35:30,1762754730000,SENSEX,2025-11-10T12:30:30,1762758030000,55,since_open,hybrid,699.6651785714284,719.8651785714284,737.5151785714285
2025-11-10T11:35:30,1762754730000,SENSEX,2025-11-10T12:31:30,1762758090000,56,since_open,hybrid,418.8437499999998,718.3187499999998,742.8437499999999
2025-11-10T11:35:30,1762754730000,SENSEX,2025-11-10T12:32:30,1762758150000,57,since_open,hybrid,704.8276785714285,723.7276785714286,740.9026785714285
2025-11-10T11:35:30,1762754730000,SENSEX,2025-11-10T12:33:30,1762758210000,58,since_open,hybrid,699.1857142857142,717.0107142857142,731.4607142857144
2025-11-10T11:35:30,1762754730000,SENSEX,2025-11-10T12:34:30,1762758270000,59,since_open,hybrid,418.4178571428571,721.3178571428571,734.0928571428572
2025-11-10T11:35:30,1762754730000,SENSEX,2025-11-10T12:35:30,1762758330000,60,since_open,hybrid,704.2919642857142,719.5169642857143,737.6919642857144
2025-11-10T11:36:30,1762754790000,SENSEX,2025-11-10T11:37:30,1762754850000,1,wide_bands,hybrid,708.836827126157,722.8,732.6085173143329
2025-11-10T11:36:30,1762754790000,SENSEX,2025-11-10T11:38:30,1762754910000,2,wide_bands,hybrid,705.4505147584346,719.3205774166119,729.7250865750956
2025-11-10T11:36:30,1762754790000,SENSEX,2025-11-10T11:39:30,1762754970000,3,wide_bands,hybrid,713.5005004102,723.9036127274792,734.2259409944045
2025-11-10T11:36:30,1762754790000,SENSEX,2025-11-10T11:40:30,1762755030000,4,wide_bands,hybrid,717.3316038825045,722.4513077780588,733.7394103921969
2025-11-10T11:36:30,1762754790000,SENSEX,2025-11-10T11:41:30,1762755090000,5,wide_bands,hybrid,710.5295101348012,719.2215555054007,728.3335627583991
2025-11-10T11:36:30,1762754790000,SENSEX,2025-11-10T11:42:30,1762755150000,6,wide_bands,hybrid,713.9435679148653,722.3366554958191,732.1041573264583
2025-11-10T11:36:30,1762754790000,SENSEX,2025-11-10T11:43:30,1762755210000,7,wide_bands,hybrid,713.804047280119,721.769411745878,732.1174638667794
2025-11-10T11:36:30,1762754790000,SENSEX,2025-11-10T11:44:30,1762755270000,8,wide_bands,hybrid,708.6861779327709,718.6766915298626,728.6327631666094
2025-11-10T11:36:30,1762754790000,SENSEX,2025-11-10T11:45:30,1762755330000,9,wide_bands,hybrid,709.0763188506994,722.2740453255425,732.3033223432227
2025-11-10T11:36:30,1762754790000,SENSEX,2025-11-10T11:46:30,1762755390000,10,wide_bands,hybrid,709.1280256632414,720.8423954664494,732.4823343666263
2025-11-10T11:36:30,1762754790000,SENSEX,2025-11-10T11:47:30,1762755450000,11,wide_bands,hybrid,707.238153453351,717.6634046478966,729.270845722425
2025-11-10T11:36:30,1762754790000,SENSEX,2025-11-10T11:48:30,1762755510000,12,wide_bands,hybrid,711.7634521703246,721.0257417120886,732.5708800287377
2025-11-10T11:36:30,1762754790000,SENSEX,2025-11-10T11:49:30,1762755570000,13,wide_bands,hybrid,708.2979978600184,722.0581322695631,732.4722711987647
2025-11-10T11:36:30,1762754790000,SENSEX,2025-11-10T11:50:30,1762755630000,14,wide_bands,hybrid,703.7720017612418,718.5161650097026,728.8980290764646
2025-11-10T11:36:30,1762754790000,SENSEX,2025-11-10T11:51:30,1762755690000,15,wide_bands,hybrid,708.4689963856432,720.0570451221722,728.9538228686276
2025-11-10T11:36:30,1762754790000,SENSEX,2025-11-10T11:52:30,1762755750000,16,wide_bands,hybrid,710.3789828508093,718.459598761377,731.3421775530477
2025-11-10T11:36:30,1762754790000,SENSEX,2025-11-10T11:53:30,1762755810000,17,wide_bands,hybrid,705.7051178730487,717.1487809194391,726.6888397978825
2025-11-10T11:36:30,1762754790000,SENSEX,2025-11-10T11:54:30,1762755870000,18,wide_bands,hybrid,709.8067085472996,717.826187159047,734.312515758919
2025-11-10T11:36:30,1762754790000,SENSEX,2025-11-10T11:55:30,1762755930000,19,wide_bands,hybrid,709.7685963531585,719.9263689783387,733.6702035373917
2025-11-10T11:36:30,1762754790000,SENSEX,2025-11-10T11:56:30,1762755990000,20,wide_bands,hybrid,706.9860922347416,716.3511856096137,730.2632964347729
2025-11-10T11:36:30,1762754790000,SENSEX,2025-11-10T11:57:30,1762756050000,21,wide_bands,hybrid,711.3019144348309,720.780321864932,732.8813934110478
2025-11-10T11:36:30,1762754790000,SENSEX,2025-11-10T11:58:30,1762756110000,22,wide_bands,hybrid,710.9279591625718,719.2731563698698,732.8964193848572
2025-11-10T11:36:30,1762754790000,SENSEX,2025-11-10T11:59:30,1762756170000,23,wide_bands,hybrid,708.8620166156111,718.1572754084822,728.8545970232095
2025-11-10T11:36:30,1762754790000,SENSEX,2025-11-10T12:00:30,1762756230000,24,wide_bands,hybrid,710.2298682607902,721.8652068055684,734.1836344171625
2025-11-10T11:36:30,1762754790000,SENSEX,2025-11-10T12:01:30,1762756290000,25,wide_bands,hybrid,709.2169037632092,722.748977176648,732.2880440141846
2025-11-10T11:36:30,1762754790000,SENSEX,2025-11-10T12:02:30,1762756350000,26,wide_bands,hybrid,706.5120941519106,719.6279988288469,729.6190915457508
2025-11-10T11:36:30,1762754790000,SENSEX,2025-11-10T12:03:30,1762756410000,27,wide_bands,hybrid,707.921450932321,722.5619852378849,732.4961895604272
2025-11-10T11:36:30,1762754790000,SENSEX,2025-11-10T12:04:30,1762756470000,28,wide_bands,hybrid,707.513671799455,721.9068497393549,732.4598178624843
2025-11-10T11:36:30,1762754790000,SENSEX,2025-11-10T12:05:30,1762756530000,29,wide_bands,hybrid,704.8621928425116,719.3132275122498,729.7859622532886
2025-11-10T11:36:30,1762754790000,SENSEX,2025-11-10T12:06:30,1762756590000,30,wide_bands,hybrid,706.1826468510741,721.6248653151773,732.2335860798399
2025-11-10T11:36:30,1762754790000,SENSEX,2025-11-10T12:07:30,1762756650000,31,wide_bands,hybrid,703.69992665497,721.2018568362863,732.0410414517436
2025-11-10T11:36:30,1762754790000,SENSEX,2025-11-10T12:08:30,1762756710000,32,wide_bands,hybrid,700.1923201602501,716.9129033760611,725.2284270909693
2025-11-10T11:36:30,1762754790000,SENSEX,2025-11-10T12:09:30,1762756770000,33,wide_bands,hybrid,706.8798319669997,721.0902073470545,732.1876460273087
2025-11-10T11:36:30,1762754790000,SENSEX,2025-11-10T12:10:30,1762756830000,34,wide_bands,hybrid,704.9481504621616,721.8714289974092,732.0074813862282
2025-11-10T11:36:30,1762754790000,SENSEX,2025-11-10T12:11:30,1762756890000,35,wide_bands,hybrid,701.8669046097334,717.4556942746074,730.2330190643066
2025-11-10T11:36:30,1762754790000,SENSEX,2025-11-10T12:12:30,1762756950000,36,wide_bands,hybrid,698.3072085314457,720.9915960625705,732.0772858747441
2025-11-10T11:36:30,1762754790000,SENSEX,2025-11-10T12:13:30,1762757010000,37,wide_bands,hybrid,704.1949443887672,720.7485465326573,732.1615024737418
2025-11-10T11:36:30,1762754790000,SENSEX,2025-11-10T12:14:30,1762757070000,38,wide_bands,hybrid,695.1137684877742,716.4959090559358,730.086945941565
2025-11-10T11:36:30,1762754790000,SENSEX,2025-11-10T12:15:30,1762757130000,39,wide_bands,hybrid,698.4537446707639,719.4346344441212,733.7371420065921
2025-11-10T11:36:30,1762754790000,SENSEX,2025-11-10T12:16:30,1762757190000,40,wide_bands,hybrid,695.6323395297154,719.3990277973755,731.8187297848317
2025-11-10T11:36:30,1762754790000,SENSEX,2025-11-10T12:17:30,1762757250000,41,wide_bands,hybrid,705.4327773518221,713.9004347075554,728.996538468318
2025-11-10T11:36:30,1762754790000,SENSEX,2025-11-10T12:18:30,1762757310000,42,wide_bands,hybrid,701.7133239937102,718.21157864326,732.2392136588252
2025-11-10T11:36:30,1762754790000,SENSEX,2025-11-10T12:19:30,1762757370000,43,wide_bands,hybrid,701.4514141422975,718.0155163466095,732.6581523097483
2025-11-10T11:36:30,1762754790000,SENSEX,2025-11-10T12:20:30,1762757430000,44,wide_bands,hybrid,698.9491846672987,715.56320686736,729.3823535987837
2025-11-10T11:36:30,1762754790000,SENSEX,2025-11-10T12:21:30,1762757490000,45,wide_bands,hybrid,695.6226289248241,718.5787303180083,732.770725715654
2025-11-10T11:36:30,1762754790000,SENSEX,2025-11-10T12:22:30,1762757550000,46,wide_bands,hybrid,701.5636528588448,718.7552983715609,732.7304752208088
2025-11-10T11:36:30,1762754790000,SENSEX,2025-11-10T12:23:30,1762757610000,47,wide_bands,hybrid,696.1790987897269,715.5092907739235,732.7068936221968
2025-11-10T11:36:30,1762754790000,SENSEX,2025-11-10T12:24:30,1762757670000,48,wide_bands,hybrid,699.2960418508837,720.77126574034,737.751854177846
2025-11-10T11:36:30,1762754790000,SENSEX,2025-11-10T12:25:30,1762757730000,49,wide_bands,hybrid,705.0471915086,719.1740226087684,734.7005101291209
2025-11-10T11:36:30,1762754790000,SENSEX,2025-11-10T12:26:30,1762757790000,50,wide_bands,hybrid,700.5965979626185,714.0526249405073,731.9421824646146
2025-11-10T11:36:30,1762754790000,SENSEX,2025-11-10T12:27:30,1762757850000,51,wide_bands,hybrid,704.5784976301162,717.6877178729738,736.6067443924494
2025-11-10T11:36:30,1762754790000,SENSEX,2025-11-10T12:28:30,1762757910000,52,wide_bands,hybrid,698.5537596772025,715.5968905862009,736.0193531852356
2025-11-10T11:36:30,1762754790000,SENSEX,2025-11-10T12:29:30,1762757970000,53,wide_bands,hybrid,694.6006029852518,712.5690334142995,732.0169508509803
2025-11-10T11:36:30,1762754790000,SENSEX,2025-11-10T12:30:30,1762758030000,54,wide_bands,hybrid,697.5211114026284,716.7321386571145,733.5823559507234
2025-11-10T11:36:30,1762754790000,SENSEX,2025-11-10T12:31:30,1762758090000,55,wide_bands,hybrid,698.2088233196052,715.9425236555805,734.3363691662883
2025-11-10T11:36:30,1762754790000,SENSEX,2025-11-10T12:32:30,1762758150000,56,wide_bands,hybrid,693.0311357656875,710.1106867070574,729.3184136682722
2025-11-10T11:36:30,1762754790000,SENSEX,2025-11-10T12:33:30,1762758210000,57,wide_bands,hybrid,695.8591669825269,717.0727371482532,738.3276149413776
2025-11-10T11:36:30,1762754790000,SENSEX,2025-11-10T12:34:30,1762758270000,58,wide_bands,hybrid,696.864375707537,715.268743813857,735.1935660784688
2025-11-10T11:36:30,1762754790000,SENSEX,2025-11-10T12:35:30,1762758330000,59,wide_bands,hybrid,693.0118697976372,711.5320688874016,731.4275479536914
2025-11-10T11:36:30,1762754790000,SENSEX,2025-11-10T12:36:30,1762758390000,60,wide_bands,hybrid,698.2242057100956,715.3828523571956,734.8143575625012
2025-11-10T11:37:00,1762754820000,SENSEX,2025-11-10T11:38:00,1762754880000,1,retrieval_only,retrieval,721.4000000000001,721.4000000000001,721.4001000000001
2025-11-10T11:37:00,1762754820000,SENSEX,2025-11-10T11:39:00,1762754940000,2,retrieval_only,retrieval,721.4000000000001,721.4000000000001,721.4001000000001
2025-11-10T11:37:00,1762754820000,SENSEX,2025-11-10T11:40:00,1762755000000,3,retrieval_only,retrieval,721.4000000000001,721.4000000000001,721.4001000000001
2025-11-10T11:37:00,1762754820000,SENSEX,2025-11-10T11:41:00,1762755060000,4,retrieval_only,retrieval,721.4000000000001,721.4000000000001,721.4001000000001
2025-11-10T11:37:00,1762754820000,SENSEX,2025-11-10T11:42:00,1762755120000,5,retrieval_only,retrieval,721.4000000000001,721.4000000000001,721.4001000000001
2025-11-10T11:37:00,1762754820000,SENSEX,2025-11-10T11:43:00,1762755180000,6,retrieval_only,retrieval,721.4000000000001,721.4000000000001,721.4001000000001
2025-11-10T11:37:00,1762754820000,SENSEX,2025-11-10T11:44:00,1762755240000,7,retrieval_only,retrieval,721.4000000000001,721.4000000000001,721.4001000000001
2025-11-10T11:37:00,1762754820000,SENSEX,2025-11-10T11:45:00,1762755300000,8,retrieval_only,retrieval,721.4000000000001,721.4000000000001,721.4001000000001
2025-11-10T11:37:00,1762754820000,SENSEX,2025-11-10T11:46:00,1762755360000,9,retrieval_only,retrieval,721.4000000000001,721.4000000000001,721.4001000000001
2025-11-10T11:37:00,1762754820000,SENSEX,2025-11-10T11:47:00,1762755420000,10,retrieval_only,retrieval,721.4000000000001,721.4000000000001,721.4001000000001
2025-11-10T11:37:00,1762754820000,SENSEX,2025-11-10T11:48:00,1762755480000,11,retrieval_only,retrieval,721.4000000000001,721.4000000000001,721.4001000000001
2025-11-10T11:37:00,1762754820000,SENSEX,2025-11-10T11:49:00,1762755540000,12,retrieval_only,retrieval,721.4000000000001,721.4000000000001,721.4001000000001
2025-11-10T11:37:00,1762754820000,SENSEX,2025-11-10T11:50:00,1762755600000,13,retrieval_only,retrieval,721.4000000000001,721.4000000000001,721.4001000000001
2025-11-10T11:37:00,1762754820000,SENSEX,2025-11-10T11:51:00,1762755660000,14,retrieval_only,retrieval,721.4000000000001,721.4000000000001,721.4001000000001
2025-11-10T11:37:00,1762754820000,SENSEX,2025-11-10T11:52:00,1762755720000,15,retrieval_only,retrieval,721.4000000000001,721.4000000000001,721.4001000000001
2025-11-10T11:37:00,1762754820000,SENSEX,2025-11-10T11:53:00,1762755780000,16,retrieval_only,retrieval,721.4000000000001,721.4000000000001,721.4001000000001
2025-11-10T11:37:00,1762754820000,SENSEX,2025-11-10T11:54:00,1762755840000,17,retrieval_only,retrieval,721.4000000000001,721.4000000000001,721.4001000000001
2025-11-10T11:37:00,1762754820000,SENSEX,2025-11-10T11:55:00,1762755900000,18,retrieval_only,retrieval,721.4000000000001,721.4000000000001,721.4001000000001
2025-11-10T11:37:00,1762754820000,SENSEX,2025-11-10T11:56:00,1762755960000,19,retrieval_only,retrieval,721.4000000000001,721.4000000000001,721.4001000000001
2025-11-10T11:37:00,1762754820000,SENSEX,2025-11-10T11:57:00,1762756020000,20,retrieval_only,retrieval,721.4000000000001,721.4000000000001,721.4001000000001
2025-11-10T11:37:00,1762754820000,SENSEX,2025-11-10T11:58:00,1762756080000,21,retrieval_only,retrieval,721.4000000000001,721.4000000000001,721.4001000000001
2025-11-10T11:37:00,1762754820000,SENSEX,2025-11-10T11:59:00,1762756140000,22,retrieval_only,retrieval,721.4000000000001,721.4000000000001,721.4001000000001
2025-11-10T11:37:00,1762754820000,SENSEX,2025-11-10T12:00:00,1762756200000,23,retrieval_only,retrieval,721.4000000000001,721.4000000000001,721.4001000000001
2025-11-10T11:37:00,1762754820000,SENSEX,2025-11-10T12:01:00,1762756260000,24,retrieval_only,retrieval,721.4000000000001,721.4000000000001,721.4001000000001
2025-11-10T11:37:00,1762754820000,SENSEX,2025-11-10T12:02:00,1762756320000,25,retrieval_only,retrieval,721.4000000000001,721.4000000000001,721.4001000000001
2025-11-10T11:37:00,1762754820000,SENSEX,2025-11-10T12:03:00,1762756380000,26,retrieval_only,retrieval,721.4000000000001,721.4000000000001,721.4001000000001
2025-11-10T11:37:00,1762754820000,SENSEX,2025-11-10T12:04:00,1762756440000,27,retrieval_only,retrieval,721.4000000000001,721.4000000000001,721.4001000000001
2025-11-10T11:37:00,1762754820000,SENSEX,2025-11-10T12:05:00,1762756500000,28,retrieval_only,retrieval,721.4000000000001,721.4000000000001,721.4001000000001
2025-11-10T11:37:00,1762754820000,SENSEX,2025-11-10T12:06:00,1762756560000,29,retrieval_only,retrieval,721.4000000000001,721.4000000000001,721.4001000000001
2025-11-10T11:37:00,1762754820000,SENSEX,2025-11-10T12:07:00,1762756620000,30,retrieval_only,retrieval,721.4000000000001,721.4000000000001,721.4001000000001
2025-11-10T11:37:00,1762754820000,SENSEX,2025-11-10T12:08:00,1762756680000,31,retrieval_only,retrieval,721.4000000000001,721.4000000000001,721.4001000000001
2025-11-10T11:37:00,1762754820000,SENSEX,2025-11-10T12:09:00,1762756740000,32,retrieval_only,retrieval,721.4000000000001,721.4000000000001,721.4001000000001
2025-11-10T11:37:00,1762754820000,SENSEX,2025-11-10T12:10:00,1762756800000,33,retrieval_only,retrieval,721.4000000000001,721.4000000000001,721.4001000000001
2025-11-10T11:37:00,1762754820000,SENSEX,2025-11-10T12:11:00,1762756860000,34,retrieval_only,retrieval,721.4000000000001,721.4000000000001,721.4001000000001
2025-11-10T11:37:00,1762754820000,SENSEX,2025-11-10T12:12:00,1762756920000,35,retrieval_only,retrieval,721.4000000000001,721.4000000000001,721.4001000000001
2025-11-10T11:37:00,1762754820000,SENSEX,2025-11-10T12:13:00,1762756980000,36,retrieval_only,retrieval,721.4000000000001,721.4000000000001,721.4001000000001
2025-11-10T11:37:00,1762754820000,SENSEX,2025-11-10T12:14:00,1762757040000,37,retrieval_only,retrieval,721.4000000000001,721.4000000000001,721.4001000000001
2025-11-10T11:37:00,1762754820000,SENSEX,2025-11-10T12:15:00,1762757100000,38,retrieval_only,retrieval,721.4000000000001,721.4000000000001,721.4001000000001
2025-11-10T11:37:00,1762754820000,SENSEX,2025-11-10T12:16:00,1762757160000,39,retrieval_only,retrieval,721.4000000000001,721.4000000000001,721.4001000000001
2025-11-10T11:37:00,1762754820000,SENSEX,2025-11-10T12:17:00,1762757220000,40,retrieval_only,retrieval,721.4000000000001,721.4000000000001,721.4001000000001
2025-11-10T11:37:00,1762754820000,SENSEX,2025-11-10T12:18:00,1762757280000,41,retrieval_only,retrieval,721.4000000000001,721.4000000000001,721.4001000000001
2025-11-10T11:37:00,1762754820000,SENSEX,2025-11-10T12:19:00,1762757340000,42,retrieval_only,retrieval,721.4000000000001,721.4000000000001,721.4001000000001
2025-11-10T11:37:00,1762754820000,SENSEX,2025-11-10T12:20:00,1762757400000,43,retrieval_only,retrieval,721.4000000000001,721.4000000000001,721.4001000000001
2025-11-10T11:37:00,1762754820000,SENSEX,2025-11-10T12:21:00,1762757460000,44,retrieval_only,retrieval,721.4000000000001,721.4000000000001,721.4001000000001
2025-11-10T11:37:00,1762754820000,SENSEX,2025-11-10T12:22:00,1762757520000,45,retrieval_only,retrieval,721.4000000000001,721.4000000000001,721.4001000000001
2025-11-10T11:37:00,1762754820000,SENSEX,2025-11-10T12:23:00,1762757580000,46,retrieval_only,retrieval,721.4000000000001,721.4000000000001,721.4001000000001
2025-11-10T11:37:00,1762754820000,SENSEX,2025-11-10T12:24:00,1762757640000,47,retrieval_only,retrieval,721.4000000000001,721.4000000000001,721.4001000000001
2025-11-10T11:37:00,1762754820000,SENSEX,2025-11-10T12:25:00,1762757700000,48,retrieval_only,retrieval,721.4000000000001,721.4000000000001,721.4001000000001
2025-11-10T11:37:00,1762754820000,SENSEX,2025-11-10T12:26:00,1762757760000,49,retrieval_only,retrieval,721.4000000000001,721.4000000000001,721.4001000000001
2025-11-10T11:37:00,1762754820000,SENSEX,2025-11-10T12:27:00,1762757820000,50,retrieval_only,retrieval,721.4000000000001,721.4000000000001,721.4001000000001
2025-11-10T11:37:00,1762754820000,SENSEX,2025-11-10T12:28:00,1762757880000,51,retrieval_only,retrieval,721.4000000000001,721.4000000000001,721.4001000000001
2025-11-10T11:37:00,1762754820000,SENSEX,2025-11-10T12:29:00,1762757940000,52,retrieval_only,retrieval,721.4000000000001,721.4000000000001,721.4001000000001
2025-11-10T11:37:00,1762754820000,SENSEX,2025-11-10T12:30:00,1762758000000,53,retrieval_only,retrieval,721.4000000000001,721.4000000000001,721.4001000000001
2025-11-10T11:37:00,1762754820000,SENSEX,2025-11-10T12:31:00,1762758060000,54,retrieval_only,retrieval,721.4000000000001,721.4000000000001,721.4001000000001
2025-11-10T11:37:00,1762754820000,SENSEX,2025-11-10T12:32:00,1762758120000,55,retrieval_only,retrieval,721.4000000000001,721.4000000000001,721.4001000000001
2025-11-10T11:37:00,1762754820000,SENSEX,2025-11-10T12:33:00,1762758180000,56,retrieval_only,retrieval,721.4000000000001,721.4000000000001,721.4001000000001
2025-11-10T11:37:00,1762754820000,SENSEX,2025-11-10T12:34:00,1762758240000,57,retrieval_only,retrieval,721.4000000000001,721.4000000000001,721.4001000000001
2025-11-10T11:37:00,1762754820000,SENSEX,2025-11-10T12:35:00,1762758300000,58,retrieval_only,retrieval,721.4000000000001,721.4000000000001,721.4001000000001
2025-11-10T11:37:00,1762754820000,SENSEX,2025-11-10T12:36:00,1762758360000,59,retrieval_only,retrieval,721.4000000000001,721.4000000000001,721.4001000000001
2025-11-10T11:37:00,1762754820000,SENSEX,2025-11-10T12:37:00,1762758420000,60,retrieval_only,retrieval,721.4000000000001,721.4000000000001,721.4001000000001
2025-11-10T11:37:00,1762754820000,SENSEX,2025-11-10T11:38:00,1762754880000,1,high_variance,hybrid,716.3380858133007,721.4000000000001,726.0823235632689
2025-11-10T11:37:00,1762754820000,SENSEX,2025-11-10T11:39:00,1762754940000,2,high_variance,hybrid,720.1778747479715,724.8146044972304,729.8879073360588
2025-11-10T11:37:00,1762754820000,SENSEX,2025-11-10T11:40:00,1762755000000,3,high_variance,hybrid,718.7856179950779,725.5892474288901,730.0401150372413
2025-11-10T11:37:00,1762754820000,SENSEX,2025-11-10T11:41:00,1762755060000,4,high_variance,hybrid,716.8739865625982,722.8022782217274,727.4555861566762
2025-11-10T11:37:00,1762754820000,SENSEX,2025-11-10T11:42:00,1762755120000,5,high_variance,hybrid,719.5007394838783,726.1722734656505,729.218323621699
2025-11-10T11:37:00,1762754820000,SENSEX,2025-11-10T11:43:00,1762755180000,6,high_variance,hybrid,720.5083730655413,726.429645475558,728.6964838136116
2025-11-10T11:37:00,1762754820000,SENSEX,2025-11-10T11:44:00,1762755240000,7,high_variance,hybrid,716.634959678035,723.3632653023597,726.1313327338532
2025-11-10T11:37:00,1762754820000,SENSEX,2025-11-10T11:45:00,1762755300000,8,high_variance,hybrid,720.2965881114369,725.1423502051001,729.3639218912843
2025-11-10T11:37:00,1762754820000,SENSEX,2025-11-10T11:46:00,1762755360000,9,high_variance,hybrid,720.1776648844402,725.4303701465693,730.4413307883021
2025-11-10T11:37:00,1762754820000,SENSEX,2025-11-10T11:47:00,1762755420000,10,high_variance,hybrid,716.6825919500947,722.0543611218242,727.3203796231201
2025-11-10T11:37:00,1762754820000,SENSEX,2025-11-10T11:48:00,1762755480000,11,high_variance,hybrid,719.7443792983756,725.806313815507,730.3807113339005
2025-11-10T11:37:00,1762754820000,SENSEX,2025-11-10T11:49:00,1762755540000,12,high_variance,hybrid,719.8106520302517,726.5373987336396,732.7791319150497
2025-11-10T11:37:00,1762754820000,SENSEX,2025-11-10T11:50:00,1762755600000,13,high_variance,hybrid,716.7121364159202,722.0639863371653,729.6045137533099
2025-11-10T11:37:00,1762754820000,SENSEX,2025-11-10T11:51:00,1762755660000,14,high_variance,hybrid,719.7165518927444,725.0595940030662,731.1807095213177
2025-11-10T11:37:00,1762754820000,SENSEX,2025-11-10T11:52:00,1762755720000,15,high_variance,hybrid,719.5015600844888,725.0638789158147,730.5865324788621
2025-11-10T11:37:00,1762754820000,SENSEX,2025-11-10T11:53:00,1762755780000,16,high_variance,hybrid,716.7134762633257,722.513208222832,726.6897345079539
2025-11-10T11:37:00,1762754820000,SENSEX,2025-11-10T11:54:00,1762755840000,17,high_variance,hybrid,718.7555299305834,722.500493697387,730.7170967283816
2025-11-10T11:37:00,1762754820000,SENSEX,2025-11-10T11:55:00,1762755900000,18,high_variance,hybrid,717.600429051279,726.7258078624276,731.6292117714552
2025-11-10T11:37:00,1762754820000,SENSEX,2025-11-10T11:56:00,1762755960000,19,high_variance,hybrid,713.9489946342854,722.4224197089259,728.3755617783154
2025-11-10T11:37:00,1762754820000,SENSEX,2025-11-10T11:57:00,1762756020000,20,high_variance,hybrid,717.0405064610783,727.3690435605156,734.0564527459254
2025-11-10T11:37:00,1762754820000,SENSEX,2025-11-10T11:58:00,1762756080000,21,high_variance,hybrid,717.3280938632261,725.8917585294541,732.4734549972446
2025-11-10T11:37:00,1762754820000,SENSEX,2025-11-10T11:59:00,1762756140000,22,high_variance,hybrid,714.8698752693638,722.035384893494,729.5333262061407
2025-11-10T11:37:00,1762754820000,SENSEX,2025-11-10T12:00:00,1762756200000,23,high_variance,hybrid,716.1368802472377,725.4580718728829,734.7862845486333
2025-11-10T11:37:00,1762754820000,SENSEX,2025-11-10T12:01:00,1762756260000,24,high_variance,hybrid,716.3035387297629,724.537559173407,731.0703515727414
2025-11-10T11:37:00,1762754820000,SENSEX,2025-11-10T12:02:00,1762756320000,25,high_variance,hybrid,713.083396991327,722.546795587569,731.8654319834959
2025-11-10T11:37:00,1762754820000,SENSEX,2025-11-10T12:03:00,1762756380000,26,high_variance,hybrid,716.0259895355683,724.279344368013,735.6956905650861
2025-11-10T11:37:00,1762754820000,SENSEX,2025-11-10T12:04:00,1762756440000,27,high_variance,hybrid,717.4695063282827,721.1255329478921,731.9175297748358
2025-11-10T11:37:00,1762754820000,SENSEX,2025-11-10T12:05:00,1762756500000,28,high_variance,hybrid,714.2787615709904,719.9589070247647,731.1954558069932
2025-11-10T11:37:00,1762754820000,SENSEX,2025-11-10T12:06:00,1762756560000,29,high_variance,hybrid,717.9772926831012,722.4791711682657,733.2758581965307
2025-11-10T11:37:00,1762754820000,SENSEX,2025-11-10T12:07:00,1762756620000,30,high_variance,hybrid,718.239768759672,724.1653660702193,733.8835348959411
2025-11-10T11:37:00,1762754820000,SENSEX,2025-11-10T12:08:00,1762756680000,31,high_variance,hybrid,714.268085464365,716.6499478514493,726.0349189986148
2025-11-10T11:37:00,1762754820000,SENSEX,2025-11-10T12:09:00,1762756740000,32,high_variance,hybrid,714.9102410029444,722.5255066345608,732.9869376050094
2025-11-10T11:37:00,1762754820000,SENSEX,2025-11-10T12:10:00,1762756800000,33,high_variance,hybrid,717.823808955915,721.5289391591923,730.4815971475962
2025-11-10T11:37:00,1762754820000,SENSEX,2025-11-10T12:11:00,1762756860000,34,high_variance,hybrid,710.5353614402602,719.6951974743577,731.7753608936459
2025-11-10T11:37:00,1762754820000,SENSEX,2025-11-10T12:12:00,1762756920000,35,high_variance,hybrid,714.666653224896,724.1666583420949,740.3192270819704
2025-11-10T11:37:00,1762754820000,SENSEX,2025-11-10T12:13:00,1762756980000,36,high_variance,hybrid,714.0543934117999,724.3208477669288,734.3697927269832
2025-11-10T11:37:00,1762754820000,SENSEX,2025-11-10T12:14:00,1762757040000,37,high_variance,hybrid,710.0551722977693,720.3951415059423,729.9723701567444
2025-11-10T11:37:00,1762754820000,SENSEX,2025-11-10T12:15:00,1762757100000,38,high_variance,hybrid,713.0444918460419,722.7293452854452,735.0566378863
2025-11-10T11:37:00,1762754820000,SENSEX,2025-11-10T12:16:00,1762757160000,39,high_variance,hybrid,713.6787806671786,723.5383562377606,734.4395501193025
2025-11-10T11:37:00,1762754820000,SENSEX,2025-11-10T12:17:00,1762757220000,40,high_variance,hybrid,709.7487592606185,720.1541158718273,730.9409614691808
2025-11-10T11:37:00,1762754820000,SENSEX,2025-11-10T12:18:00,1762757280000,41,high_variance,hybrid,712.1827778687338,724.3876705615036,732.2961988065991
2025-11-10T11:37:00,1762754820000,SENSEX,2025-11-10T12:19:00,1762757340000,42,high_variance,hybrid,712.4372128846142,724.6622977308737,732.7617017343201
2025-11-10T11:37:00,1762754820000,SENSEX,2025-11-10T12:20:00,1762757400000,43,high_variance,hybrid,709.7108769843809,719.6961921310016,730.4196442116137
2025-11-10T11:37:00,1762754820000,SENSEX,2025-11-10T12:21:00,1762757460000,44,high_variance,hybrid,712.6834889464993,724.0909114845027,733.1824203634513
2025-11-10T11:37:00,1762754820000,SENSEX,2025-11-10T12:22:00,1762757520000,45,high_variance,hybrid,712.7747539080918,724.2887489295789,733.9212064005794
2025-11-10T11:37:00,1762754820000,SENSEX,2025-11-10T12:23:00,1762757580000,46,high_variance,hybrid,709.0498518827035,720.92890586781,729.7515813485982
2025-11-10T11:37:00,1762754820000,SENSEX,2025-11-10T12:24:00,1762757640000,47,high_variance,hybrid,713.8517204294211,725.083312323829,737.0704045982092
2025-11-10T11:37:00,1762754820000,SENSEX,2025-11-10T12:25:00,1762757700000,48,high_variance,hybrid,712.569836023491,724.9160578089164,731.1975423092113
2025-11-10T11:37:00,1762754820000,SENSEX,2025-11-10T12:26:00,1762757760000,49,high_variance,hybrid,709.6273627550986,718.6808701710357,726.4329752729728
2025-11-10T11:37:00,1762754820000,SENSEX,2025-11-10T12:27:00,1762757820000,50,high_variance,hybrid,712.7354887751167,721.6505070559749,730.4858473505128
2025-11-10T11:37:00,1762754820000,SENSEX,2025-11-10T12:28:00,1762757880000,51,high_variance,hybrid,712.8955908576079,723.972083958548,730.0440625162644
2025-11-10T11:37:00,1762754820000,SENSEX,2025-11-10T12:29:00,1762757940000,52,high_variance,hybrid,708.0896823133863,720.351641048108,725.9249304114314
2025-11-10T11:37:00,1762754820000,SENSEX,2025-11-10T12:30:00,1762758000000,53,high_variance,hybrid,710.7948820308156,723.9244495729542,730.0795930403787
2025-11-10T11:37:00,1762754820000,SENSEX,2025-11-10T12:31:00,1762758060000,54,high_variance,hybrid,710.113649188011,722.3653876968029,729.5185505196689
2025-11-10T11:37:00,1762754820000,SENSEX,2025-11-10T12:32:00,1762758120000,55,high_variance,hybrid,706.9171344805534,718.3690470767872,724.5622116738034
2025-11-10T11:37:00,1762754820000,SENSEX,2025-11-10T12:33:00,1762758180000,56,high_variance,hybrid,709.4940452712685,722.0722728520087,729.8476028329138
2025-11-10T11:37:00,1762754820000,SENSEX,2025-11-10T12:34:00,1762758240000,57,high_variance,hybrid,709.0228328053548,724.0819009432583,729.8387884118356
2025-11-10T11:37:00,1762754820000,SENSEX,2025-11-10T12:35:00,1762758300000,58,high_variance,hybrid,704.8717373833857,720.6093823133876,726.0084025592618
2025-11-10T11:37:00,1762754820000,SENSEX,2025-11-10T12:36:00,1762758360000,59,high_variance,hybrid,707.8122240108638,724.7607508202694,730.0338390748144
2025-11-10T11:37:00,1762754820000,SENSEX,2025-11-10T12:37:00,1762758420000,60,high_variance,hybrid,706.3313229734933,724.646502001521,730.3482381478539
2025-11-10T11:37:30,1762754850000,SENSEX,2025-11-10T11:38:30,1762754910000,1,,hybrid,719.6900688493339,723.95,736.0593238390932
2025-11-10T11:37:30,1762754850000,SENSEX,2025-11-10T11:39:30,1762754970000,2,,hybrid,718.764756030698,723.3360541252272,735.3607320090027
2025-11-10T11:37:30,1762754850000,SENSEX,2025-11-10T11:40:30,1762755030000,3,,hybrid,716.3928980460848,719.5024596119622,740.9030222035618
2025-11-10T11:37:30,1762754850000,SENSEX,2025-11-10T11:41:30,1762755090000,4,,hybrid,716.1685607555357,722.4254877033416,738.1873882266765
2025-11-10T11:37:30,1762754850000,SENSEX,2025-11-10T11:42:30,1762755150000,5,,hybrid,716.7293598765928,721.3578328132845,730.292255378592
2025-11-10T11:37:30,1762754850000,SENSEX,2025-11-10T11:43:30,1762755210000,6,,hybrid,711.244104325421,719.0827193521718,738.131530723214
2025-11-10T11:37:30,1762754850000,SENSEX,2025-11-10T11:44:30,1762755270000,7,,hybrid,714.5993021621414,722.4414874673498,741.3168390816861
2025-11-10T11:37:30,1762754850000,SENSEX,2025-11-10T11:45:30,1762755330000,8,,hybrid,718.0677676780386,723.3275034873787,738.1914914573238
2025-11-10T11:37:30,1762754850000,SENSEX,2025-11-10T11:46:30,1762755390000,9,,hybrid,713.927313179435,720.6789023199839,732.0158735541822
2025-11-10T11:37:30,1762754850000,SENSEX,2025-11-10T11:47:30,1762755450000,10,,hybrid,714.9080535385312,727.8476530698567,733.9659634805066
2025-11-10T11:37:30,1762754850000,SENSEX,2025-11-10T11:48:30,1762755510000,11,,hybrid,714.6130405788991,723.577733487177,736.1578387014204
2025-11-10T11:37:30,1762754850000,SENSEX,2025-11-10T11:49:30,1762755570000,12,,hybrid,707.5603449905382,720.9406720998089,733.1398212476847
2025-11-10T11:37:30,1762754850000,SENSEX,2025-11-10T11:50:30,1762755630000,13,,hybrid,709.7475354689475,723.4065845298439,738.3997108325767
2025-11-10T11:37:30,1762754850000,SENSEX,2025-11-10T11:51:30,1762755690000,14,,hybrid,706.6235414096632,722.7082600041273,734.5073177538794
2025-11-10T11:37:30,1762754850000,SENSEX,2025-11-10T11:52:30,1762755750000,15,,hybrid,707.0576227347725,723.9564575093304,729.1656028097253
2025-11-10T11:37:30,1762754850000,SENSEX,2025-11-10T11:53:30,1762755810000,16,,hybrid,711.2460632501654,723.9379823334807,738.8128049201307
2025-11-10T11:37:30,1762754850000,SENSEX,2025-11-10T11:54:30,1762755870000,17,,hybrid,713.4668947223074,723.1144343011237,737.5527984839779
2025-11-10T11:37:30,1762754850000,SENSEX,2025-11-10T11:55:30,1762755930000,18,,hybrid,711.1149229654748,719.4586482973102,735.6589322334229
2025-11-10T11:37:30,1762754850000,SENSEX,2025-11-10T11:56:30,1762755990000,19,,hybrid,714.1817567386502,723.0489461066674,739.9452224970337
2025-11-10T11:37:30,1762754850000,SENSEX,2025-11-10T11:57:30,1762756050000,20,,hybrid,715.9847537865511,722.7638653426553,741.6824543735901
2025-11-10T11:37:30,1762754850000,SENSEX,2025-11-10T11:58:30,1762756110000,21,,hybrid,708.426816015032,719.6570601811875,738.4339620200209
2025-11-10T11:37:30,1762754850000,SENSEX,2025-11-10T11:59:30,1762756170000,22,,hybrid,712.8934360764958,723.1959492329834,743.0957304665628
2025-11-10T11:37:30,1762754850000,SENSEX,2025-11-10T12:00:30,1762756230000,23,,hybrid,713.5169698033321,723.028555725113,741.1844087812644
2025-11-10T11:37:30,1762754850000,SENSEX,2025-11-10T12:01:30,1762756290000,24,,hybrid,709.0927545223108,720.0278067721505,741.0499697421144
2025-11-10T11:37:30,1762754850000,SENSEX,2025-11-10T12:02:30,1762756350000,25,,hybrid,709.0305368848054,722.4935339159314,741.3458751479573
2025-11-10T11:37:30,1762754850000,SENSEX,2025-11-10T12:03:30,1762756410000,26,,hybrid,709.7039505352059,723.3801623440397,736.8430997384327
2025-11-10T11:37:30,1762754850000,SENSEX,2025-11-10T12:04:30,1762756470000,27,,hybrid,706.3167052881745,721.4621143442424,735.8346467575719
2025-11-10T11:37:30,1762754850000,SENSEX,2025-11-10T12:05:30,1762756530000,28,,hybrid,709.9705848565201,723.2106331759643,738.5436035712097
2025-11-10T11:37:30,1762754850000,SENSEX,2025-11-10T12:06:30,1762756590000,29,,hybrid,712.9842415455554,721.1049066195937,744.1416165163492
2025-11-10T11:37:30,1762754850000,SENSEX,2025-11-10T12:07:30,1762756650000,30,,hybrid,706.950393292358,717.4959714294191,739.7749060808819
2025-11-10T11:37:30,1762754850000,SENSEX,2025-11-10T12:08:30,1762756710000,31,,hybrid,708.9070759350129,722.2416951598345,740.425245943961
2025-11-10T11:37:30,1762754850000,SENSEX,2025-11-10T12:09:30,1762756770000,32,,hybrid,710.5453411988057,721.2451960232682,739.5592633946636
2025-11-10T11:37:30,1762754850000,SENSEX,2025-11-10T12:10:30,1762756830000,33,,hybrid,703.0898250398969,716.4387926122336,737.9036703259255
2025-11-10T11:37:30,1762754850000,SENSEX,2025-11-10T12:11:30,1762756890000,34,,hybrid,707.4562268731212,720.1329405998408,741.2538024661129
2025-11-10T11:37:30,1762754850000,SENSEX,2025-11-10T12:12:30,1762756950000,35,,hybrid,704.7539560878938,720.797635590675,731.3309611547767
2025-11-10T11:37:30,1762754850000,SENSEX,2025-11-10T12:13:30,1762757010000,36,,hybrid,705.6166747437487,716.3528959191278,735.7593026539728
2025-11-10T11:37:30,1762754850000,SENSEX,2025-11-10T12:14:30,1762757070000,37,,hybrid,703.0729719764976,721.122549997688,736.6489108720211
2025-11-10T11:37:30,1762754850000,SENSEX,2025-11-10T12:15:30,1762757130000,38,,hybrid,701.8905155124185,720.4959518039369,734.5570828664756
2025-11-10T11:37:30,1762754850000,SENSEX,2025-11-10T12:16:30,1762757190000,39,,hybrid,699.6754043543476,717.0219307516323,734.4458615706199
2025-11-10T11:37:30,1762754850000,SENSEX,2025-11-10T12:17:30,1762757250000,40,,hybrid,703.2575507680428,721.201522252983,738.9610191995582
2025-11-10T11:37:30,1762754850000,SENSEX,2025-11-10T12:18:30,1762757310000,41,,hybrid,703.8606695748175,720.6804931096129,734.6851694372234
2025-11-10T11:37:30,1762754850000,SENSEX,2025-11-10T12:19:30,1762757370000,42,,hybrid,701.3643351838917,716.7899514570702,735.6207460262469
2025-11-10T11:37:30,1762754850000,SENSEX,2025-11-10T12:20:30,1762757430000,43,,hybrid,701.8165915719566,722.1893982891831,736.8573001967371
2025-11-10T11:37:30,1762754850000,SENSEX,2025-11-10T12:21:30,1762757490000,44,,hybrid,703.8611443810374,721.4246692529135,737.0656286792575
2025-11-10T11:37:30,1762754850000,SENSEX,2025-11-10T12:22:30,1762757550000,45,,hybrid,692.1311291667926,718.0899207208344,736.2512017396843
2025-11-10T11:37:30,1762754850000,SENSEX,2025-11-10T12:23:30,1762757610000,46,,hybrid,695.1572609953864,722.1503556803634,738.4005878160476
2025-11-10T11:37:30,1762754850000,SENSEX,2025-11-10T12:24:30,1762757670000,47,,hybrid,694.3145031645759,721.781306299347,736.7890313648272
2025-11-10T11:37:30,1762754850000,SENSEX,2025-11-10T12:25:30,1762757730000,48,,hybrid,690.4097292207775,718.7273064404634,735.0537947500696
2025-11-10T11:37:30,1762754850000,SENSEX,2025-11-10T12:26:30,1762757790000,49,,hybrid,693.1238246263165,723.18214504853,739.9384996798697
2025-11-10T11:37:30,1762754850000,SENSEX,2025-11-10T12:27:30,1762757850000,50,,hybrid,702.8707209882274,722.2813681856061,736.5352981220869
2025-11-10T11:37:30,1762754850000,SENSEX,2025-11-10T12:28:30,1762757910000,51,,hybrid,687.9789291153007,719.7227442629336,735.2406811627856
2025-11-10T11:37:30,1762754850000,SENSEX,2025-11-10T12:29:30,1762757970000,52,,hybrid,691.3273900586273,723.5139436147704,737.9835531293289
2025-11-10T11:37:30,1762754850000,SENSEX,2025-11-10T12:30:30,1762758030000,53,,hybrid,692.4388165126768,723.4100944384168,735.2572055791518
2025-11-10T11:37:30,1762754850000,SENSEX,2025-11-10T12:31:30,1762758090000,54,,hybrid,688.3447178023755,719.3074454674977,728.7358940722243
2025-11-10T11:37:30,1762754850000,SENSEX,2025-11-10T12:32:30,1762758150000,55,,hybrid,690.8917458051063,723.8648453170528,734.7029159013352
2025-11-10T11:37:30,1762754850000,SENSEX,2025-11-10T12:33:30,1762758210000,56,,hybrid,701.8781563166541,720.5803279435621,733.0752883065657
2025-11-10T11:37:30,1762754850000,SENSEX,2025-11-10T12:34:30,1762758270000,57,,hybrid,686.005107990812,719.3604545075298,730.9468261071275
2025-11-10T11:37:30,1762754850000,SENSEX,2025-11-10T12:35:30,1762758330000,58,,hybrid,699.5019757815832,722.4474477352651,731.3490921145128
2025-11-10T11:37:30,1762754850000,SENSEX,2025-11-10T12:36:30,1762758390000,59,,hybrid,700.52132860559,720.8809327995837,730.8885400616871
2025-11-10T11:37:30,1762754850000,SENSEX,2025-11-10T12:37:30,1762758450000,60,,hybrid,700.0068132362824,717.6971034836452,732.0146251115639
2025-11-10T11:37:30,1762754850000,SENSEX,2025-11-10T11:38:30,1762754910000,1,,hybrid,719.6900688493339,723.95,736.0593238390932
2025-11-10T11:37:30,1762754850000,SENSEX,2025-11-10T11:39:30,1762754970000,2,,hybrid,718.764756030698,723.3360541252272,735.3607320090027
2025-11-10T11:37:30,1762754850000,SENSEX,2025-11-10T11:40:30,1762755030000,3,,hybrid,716.3928980460848,719.5024596119622,740.9030222035618
2025-11-10T11:37:30,1762754850000,SENSEX,2025-11-10T11:41:30,1762755090000,4,,hybrid,716.1685607555357,722.4254877033416,738.1873882266765
2025-11-10T11:37:30,1762754850000,SENSEX,2025-11-10T11:42:30,1762755150000,5,,hybrid,716.7293598765928,721.3578328132845,730.292255378592
2025-11-10T11:37:30,1762754850000,SENSEX,2025-11-10T11:43:30,1762755210000,6,,hybrid,711.244104325421,719.0827193521718,738.131530723214
2025-11-10T11:37:30,1762754850000,SENSEX,2025-11-10T11:44:30,1762755270000,7,,hybrid,714.5993021621414,722.4414874673498,741.3168390816861
2025-11-10T11:37:30,1762754850000,SENSEX,2025-11-10T11:45:30,1762755330000,8,,hybrid,718.0677676780386,723.3275034873787,738.1914914573238
2025-11-10T11:37:30,1762754850000,SENSEX,2025-11-10T11:46:30,1762755390000,9,,hybrid,713.927313179435,720.6789023199839,732.0158735541822
2025-11-10T11:37:30,1762754850000,SENSEX,2025-11-10T11:47:30,1762755450000,10,,hybrid,714.9080535385312,727.8476530698567,733.9659634805066
2025-11-10T11:37:30,1762754850000,SENSEX,2025-11-10T11:48:30,1762755510000,11,,hybrid,714.6130405788991,723.577733487177,736.1578387014204
2025-11-10T11:37:30,1762754850000,SENSEX,2025-11-10T11:49:30,1762755570000,12,,hybrid,707.5603449905382,720.9406720998089,733.1398212476847
2025-11-10T11:37:30,1762754850000,SENSEX,2025-11-10T11:50:30,1762755630000,13,,hybrid,709.7475354689475,723.4065845298439,738.3997108325767
2025-11-10T11:37:30,1762754850000,SENSEX,2025-11-10T11:51:30,1762755690000,14,,hybrid,706.6235414096632,722.7082600041273,734.5073177538794
2025-11-10T11:37:30,1762754850000,SENSEX,2025-11-10T11:52:30,1762755750000,15,,hybrid,707.0576227347725,723.9564575093304,729.1656028097253
2025-11-10T11:37:30,1762754850000,SENSEX,2025-11-10T11:53:30,1762755810000,16,,hybrid,711.2460632501654,723.9379823334807,738.8128049201307
2025-11-10T11:37:30,1762754850000,SENSEX,2025-11-10T11:54:30,1762755870000,17,,hybrid,713.4668947223074,723.1144343011237,737.5527984839779
2025-11-10T11:37:30,1762754850000,SENSEX,2025-11-10T11:55:30,1762755930000,18,,hybrid,711.1149229654748,719.4586482973102,735.6589322334229
2025-11-10T11:37:30,1762754850000,SENSEX,2025-11-10T11:56:30,1762755990000,19,,hybrid,714.1817567386502,723.0489461066674,739.9452224970337
2025-11-10T11:37:30,1762754850000,SENSEX,2025-11-10T11:57:30,1762756050000,20,,hybrid,715.9847537865511,722.7638653426553,741.6824543735901
2025-11-10T11:37:30,1762754850000,SENSEX,2025-11-10T11:58:30,1762756110000,21,,hybrid,708.426816015032,719.6570601811875,738.4339620200209
2025-11-10T11:37:30,1762754850000,SENSEX,2025-11-10T11:59:30,1762756170000,22,,hybrid,712.8934360764958,723.1959492329834,743.0957304665628
2025-11-10T11:37:30,1762754850000,SENSEX,2025-11-10T12:00:30,1762756230000,23,,hybrid,713.5169698033321,723.028555725113,741.1844087812644
2025-11-10T11:37:30,1762754850000,SENSEX,2025-11-10T12:01:30,1762756290000,24,,hybrid,709.0927545223108,720.0278067721505,741.0499697421144
2025-11-10T11:37:30,1762754850000,SENSEX,2025-11-10T12:02:30,1762756350000,25,,hybrid,709.0305368848054,722.4935339159314,741.3458751479573
2025-11-10T11:37:30,1762754850000,SENSEX,2025-11-10T12:03:30,1762756410000,26,,hybrid,709.7039505352059,723.3801623440397,736.8430997384327
2025-11-10T11:37:30,1762754850000,SENSEX,2025-11-10T12:04:30,1762756470000,27,,hybrid,706.3167052881745,721.4621143442424,735.8346467575719
2025-11-10T11:37:30,1762754850000,SENSEX,2025-11-10T12:05:30,1762756530000,28,,hybrid,709.9705848565201,723.2106331759643,738.5436035712097
2025-11-10T11:37:30,1762754850000,SENSEX,2025-11-10T12:06:30,1762756590000,29,,hybrid,712.9842415455554,721.1049066195937,744.1416165163492
2025-11-10T11:37:30,1762754850000,SENSEX,2025-11-10T12:07:30,1762756650000,30,,hybrid,706.950393292358,717.4959714294191,739.7749060808819
2025-11-10T11:37:30,1762754850000,SENSEX,2025-11-10T12:08:30,1762756710000,31,,hybrid,708.9070759350129,722.2416951598345,740.425245943961
2025-11-10T11:37:30,1762754850000,SENSEX,2025-11-10T12:09:30,1762756770000,32,,hybrid,710.5453411988057,721.2451960232682,739.5592633946636
2025-11-10T11:37:30,1762754850000,SENSEX,2025-11-10T12:10:30,1762756830000,33,,hybrid,703.0898250398969,716.4387926122336,737.9036703259255
2025-11-10T11:37:30,1762754850000,SENSEX,2025-11-10T12:11:30,1762756890000,34,,hybrid,707.4562268731212,720.1329405998408,741.2538024661129
2025-11-10T11:37:30,1762754850000,SENSEX,2025-11-10T12:12:30,1762756950000,35,,hybrid,704.7539560878938,720.797635590675,731.3309611547767
2025-11-10T11:37:30,1762754850000,SENSEX,2025-11-10T12:13:30,1762757010000,36,,hybrid,705.6166747437487,716.3528959191278,735.7593026539728
2025-11-10T11:37:30,1762754850000,SENSEX,2025-11-10T12:14:30,1762757070000,37,,hybrid,703.0729719764976,721.122549997688,736.6489108720211
2025-11-10T11:37:30,1762754850000,SENSEX,2025-11-10T12:15:30,1762757130000,38,,hybrid,701.8905155124185,720.4959518039369,734.5570828664756
2025-11-10T11:37:30,1762754850000,SENSEX,2025-11-10T12:16:30,1762757190000,39,,hybrid,699.6754043543476,717.0219307516323,734.4458615706199
2025-11-10T11:37:30,1762754850000,SENSEX,2025-11-10T12:17:30,1762757250000,40,,hybrid,703.2575507680428,721.201522252983,738.9610191995582
2025-11-10T11:37:30,1762754850000,SENSEX,2025-11-10T12:18:30,1762757310000,41,,hybrid,703.8606695748175,720.6804931096129,734.6851694372234
2025-11-10T11:37:30,1762754850000,SENSEX,2025-11-10T12:19:30,1762757370000,42,,hybrid,701.3643351838917,716.7899514570702,735.6207460262469
2025-11-10T11:37:30,1762754850000,SENSEX,2025-11-10T12:20:30,1762757430000,43,,hybrid,701.8165915719566,722.1893982891831,736.8573001967371
2025-11-10T11:37:30,1762754850000,SENSEX,2025-11-10T12:21:30,1762757490000,44,,hybrid,703.8611443810374,721.4246692529135,737.0656286792575
2025-11-10T11:37:30,1762754850000,SENSEX,2025-11-10T12:22:30,1762757550000,45,,hybrid,692.1311291667926,718.0899207208344,736.2512017396843
2025-11-10T11:37:30,1762754850000,SENSEX,2025-11-10T12:23:30,1762757610000,46,,hybrid,695.1572609953864,722.1503556803634,738.4005878160476
2025-11-10T11:37:30,1762754850000,SENSEX,2025-11-10T12:24:30,1762757670000,47,,hybrid,694.3145031645759,721.781306299347,736.7890313648272
2025-11-10T11:37:30,1762754850000,SENSEX,2025-11-10T12:25:30,1762757730000,48,,hybrid,690.4097292207775,718.7273064404634,735.0537947500696
2025-11-10T11:37:30,1762754850000,SENSEX,2025-11-10T12:26:30,1762757790000,49,,hybrid,693.1238246263165,723.18214504853,739.9384996798697
2025-11-10T11:37:30,1762754850000,SENSEX,2025-11-10T12:27:30,1762757850000,50,,hybrid,702.8707209882274,722.2813681856061,736.5352981220869
2025-11-10T11:37:30,1762754850000,SENSEX,2025-11-10T12:28:30,1762757910000,51,,hybrid,687.9789291153007,719.7227442629336,735.2406811627856
2025-11-10T11:37:30,1762754850000,SENSEX,2025-11-10T12:29:30,1762757970000,52,,hybrid,691.3273900586273,723.5139436147704,737.9835531293289
2025-11-10T11:37:30,1762754850000,SENSEX,2025-11-10T12:30:30,1762758030000,53,,hybrid,692.4388165126768,723.4100944384168,735.2572055791518
2025-11-10T11:37:30,1762754850000,SENSEX,2025-11-10T12:31:30,1762758090000,54,,hybrid,688.3447178023755,719.3074454674977,728.7358940722243
2025-11-10T11:37:30,1762754850000,SENSEX,2025-11-10T12:32:30,1762758150000,55,,hybrid,690.8917458051063,723.8648453170528,734.7029159013352
2025-11-10T11:37:30,1762754850000,SENSEX,2025-11-10T12:33:30,1762758210000,56,,hybrid,701.8781563166541,720.5803279435621,733.0752883065657
2025-11-10T11:37:30,1762754850000,SENSEX,2025-11-10T12:34:30,1762758270000,57,,hybrid,686.005107990812,719.3604545075298,730.9468261071275
2025-11-10T11:37:30,1762754850000,SENSEX,2025-11-10T12:35:30,1762758330000,58,,hybrid,699.5019757815832,722.4474477352651,731.3490921145128
2025-11-10T11:37:30,1762754850000,SENSEX,2025-11-10T12:36:30,1762758390000,59,,hybrid,700.52132860559,720.8809327995837,730.8885400616871
2025-11-10T11:37:30,1762754850000,SENSEX,2025-11-10T12:37:30,1762758450000,60,,hybrid,700.0068132362824,717.6971034836452,732.0146251115639
2025-11-10T11:37:30,1762754850000,SENSEX,2025-11-10T11:38:30,1762754910000,1,,hybrid,719.6900688493339,723.95,736.0593238390932
2025-11-10T11:37:30,1762754850000,SENSEX,2025-11-10T11:39:30,1762754970000,2,,hybrid,718.764756030698,723.3360541252272,735.3607320090027
2025-11-10T11:37:30,1762754850000,SENSEX,2025-11-10T11:40:30,1762755030000,3,,hybrid,716.3928980460848,719.5024596119622,740.9030222035618
2025-11-10T11:37:30,1762754850000,SENSEX,2025-11-10T11:41:30,1762755090000,4,,hybrid,716.1685607555357,722.4254877033416,738.1873882266765
2025-11-10T11:37:30,1762754850000,SENSEX,2025-11-10T11:42:30,1762755150000,5,,hybrid,716.7293598765928,721.3578328132845,730.292255378592
2025-11-10T11:37:30,1762754850000,SENSEX,2025-11-10T11:43:30,1762755210000,6,,hybrid,711.244104325421,719.0827193521718,738.131530723214
2025-11-10T11:37:30,1762754850000,SENSEX,2025-11-10T11:44:30,1762755270000,7,,hybrid,714.5993021621414,722.4414874673498,741.3168390816861
2025-11-10T11:37:30,1762754850000,SENSEX,2025-11-10T11:45:30,1762755330000,8,,hybrid,718.0677676780386,723.3275034873787,738.1914914573238
2025-11-10T11:37:30,1762754850000,SENSEX,2025-11-10T11:46:30,1762755390000,9,,hybrid,713.927313179435,720.6789023199839,732.0158735541822
2025-11-10T11:37:30,1762754850000,SENSEX,2025-11-10T11:47:30,1762755450000,10,,hybrid,714.9080535385312,727.8476530698567,733.9659634805066
2025-11-10T11:37:30,1762754850000,SENSEX,2025-11-10T11:48:30,1762755510000,11,,hybrid,714.6130405788991,723.577733487177,736.1578387014204
2025-11-10T11:37:30,1762754850000,SENSEX,2025-11-10T11:49:30,1762755570000,12,,hybrid,707.5603449905382,720.9406720998089,733.1398212476847
2025-11-10T11:37:30,1762754850000,SENSEX,2025-11-10T11:50:30,1762755630000,13,,hybrid,709.7475354689475,723.4065845298439,738.3997108325767
2025-11-10T11:37:30,1762754850000,SENSEX,2025-11-10T11:51:30,1762755690000,14,,hybrid,706.6235414096632,722.7082600041273,734.5073177538794
2025-11-10T11:37:30,1762754850000,SENSEX,2025-11-10T11:52:30,1762755750000,15,,hybrid,707.0576227347725,723.9564575093304,729.1656028097253
2025-11-10T11:37:30,1762754850000,SENSEX,2025-11-10T11:53:30,1762755810000,16,,hybrid,711.2460632501654,723.9379823334807,738.8128049201307
2025-11-10T11:37:30,1762754850000,SENSEX,2025-11-10T11:54:30,1762755870000,17,,hybrid,713.4668947223074,723.1144343011237,737.5527984839779
2025-11-10T11:37:30,1762754850000,SENSEX,2025-11-10T11:55:30,1762755930000,18,,hybrid,711.1149229654748,719.4586482973102,735.6589322334229
2025-11-10T11:37:30,1762754850000,SENSEX,2025-11-10T11:56:30,1762755990000,19,,hybrid,714.1817567386502,723.0489461066674,739.9452224970337
2025-11-10T11:37:30,1762754850000,SENSEX,2025-11-10T11:57:30,1762756050000,20,,hybrid,715.9847537865511,722.7638653426553,741.6824543735901
2025-11-10T11:37:30,1762754850000,SENSEX,2025-11-10T11:58:30,1762756110000,21,,hybrid,708.426816015032,719.6570601811875,738.4339620200209
2025-11-10T11:37:30,1762754850000,SENSEX,2025-11-10T11:59:30,1762756170000,22,,hybrid,712.8934360764958,723.1959492329834,743.0957304665628
2025-11-10T11:37:30,1762754850000,SENSEX,2025-11-10T12:00:30,1762756230000,23,,hybrid,713.5169698033321,723.028555725113,741.1844087812644
2025-11-10T11:37:30,1762754850000,SENSEX,2025-11-10T12:01:30,1762756290000,24,,hybrid,709.0927545223108,720.0278067721505,741.0499697421144
2025-11-10T11:37:30,1762754850000,SENSEX,2025-11-10T12:02:30,1762756350000,25,,hybrid,709.0305368848054,722.4935339159314,741.3458751479573
2025-11-10T11:37:30,1762754850000,SENSEX,2025-11-10T12:03:30,1762756410000,26,,hybrid,709.7039505352059,723.3801623440397,736.8430997384327
2025-11-10T11:37:30,1762754850000,SENSEX,2025-11-10T12:04:30,1762756470000,27,,hybrid,706.3167052881745,721.4621143442424,735.8346467575719
2025-11-10T11:37:30,1762754850000,SENSEX,2025-11-10T12:05:30,1762756530000,28,,hybrid,709.9705848565201,723.2106331759643,738.5436035712097
2025-11-10T11:37:30,1762754850000,SENSEX,2025-11-10T12:06:30,1762756590000,29,,hybrid,712.9842415455554,721.1049066195937,744.1416165163492
2025-11-10T11:37:30,1762754850000,SENSEX,2025-11-10T12:07:30,1762756650000,30,,hybrid,706.950393292358,717.4959714294191,739.7749060808819
2025-11-10T11:37:30,1762754850000,SENSEX,2025-11-10T12:08:30,1762756710000,31,,hybrid,708.9070759350129,722.2416951598345,740.425245943961
2025-11-10T11:37:30,1762754850000,SENSEX,2025-11-10T12:09:30,1762756770000,32,,hybrid,710.5453411988057,721.2451960232682,739.5592633946636
2025-11-10T11:37:30,1762754850000,SENSEX,2025-11-10T12:10:30,1762756830000,33,,hybrid,703.0898250398969,716.4387926122336,737.9036703259255
2025-11-10T11:37:30,1762754850000,SENSEX,2025-11-10T12:11:30,1762756890000,34,,hybrid,707.4562268731212,720.1329405998408,741.2538024661129
2025-11-10T11:37:30,1762754850000,SENSEX,2025-11-10T12:12:30,1762756950000,35,,hybrid,704.7539560878938,720.797635590675,731.3309611547767
2025-11-10T11:37:30,1762754850000,SENSEX,2025-11-10T12:13:30,1762757010000,36,,hybrid,705.6166747437487,716.3528959191278,735.7593026539728
2025-11-10T11:37:30,1762754850000,SENSEX,2025-11-10T12:14:30,1762757070000,37,,hybrid,703.0729719764976,721.122549997688,736.6489108720211
2025-11-10T11:37:30,1762754850000,SENSEX,2025-11-10T12:15:30,1762757130000,38,,hybrid,701.8905155124185,720.4959518039369,734.5570828664756
2025-11-10T11:37:30,1762754850000,SENSEX,2025-11-10T12:16:30,1762757190000,39,,hybrid,699.6754043543476,717.0219307516323,734.4458615706199
2025-11-10T11:37:30,1762754850000,SENSEX,2025-11-10T12:17:30,1762757250000,40,,hybrid,703.2575507680428,721.201522252983,738.9610191995582
2025-11-10T11:37:30,1762754850000,SENSEX,2025-11-10T12:18:30,1762757310000,41,,hybrid,703.8606695748175,720.6804931096129,734.6851694372234
2025-11-10T11:37:30,1762754850000,SENSEX,2025-11-10T12:19:30,1762757370000,42,,hybrid,701.3643351838917,716.7899514570702,735.6207460262469
2025-11-10T11:37:30,1762754850000,SENSEX,2025-11-10T12:20:30,1762757430000,43,,hybrid,701.8165915719566,722.1893982891831,736.8573001967371
2025-11-10T11:37:30,1762754850000,SENSEX,2025-11-10T12:21:30,1762757490000,44,,hybrid,703.8611443810374,721.4246692529135,737.0656286792575
2025-11-10T11:37:30,1762754850000,SENSEX,2025-11-10T12:22:30,1762757550000,45,,hybrid,692.1311291667926,718.0899207208344,736.2512017396843
2025-11-10T11:37:30,1762754850000,SENSEX,2025-11-10T12:23:30,1762757610000,46,,hybrid,695.1572609953864,722.1503556803634,738.4005878160476
2025-11-10T11:37:30,1762754850000,SENSEX,2025-11-10T12:24:30,1762757670000,47,,hybrid,694.3145031645759,721.781306299347,736.7890313648272
2025-11-10T11:37:30,1762754850000,SENSEX,2025-11-10T12:25:30,1762757730000,48,,hybrid,690.4097292207775,718.7273064404634,735.0537947500696
2025-11-10T11:37:30,1762754850000,SENSEX,2025-11-10T12:26:30,1762757790000,49,,hybrid,693.1238246263165,723.18214504853,739.9384996798697
2025-11-10T11:37:30,1762754850000,SENSEX,2025-11-10T12:27:30,1762757850000,50,,hybrid,702.8707209882274,722.2813681856061,736.5352981220869
2025-11-10T11:37:30,1762754850000,SENSEX,2025-11-10T12:28:30,1762757910000,51,,hybrid,687.9789291153007,719.7227442629336,735.2406811627856
2025-11-10T11:37:30,1762754850000,SENSEX,2025-11-10T12:29:30,1762757970000,52,,hybrid,691.3273900586273,723.5139436147704,737.9835531293289
2025-11-10T11:37:30,1762754850000,SENSEX,2025-11-10T12:30:30,1762758030000,53,,hybrid,692.4388165126768,723.4100944384168,735.2572055791518
2025-11-10T11:37:30,1762754850000,SENSEX,2025-11-10T12:31:30,1762758090000,54,,hybrid,688.3447178023755,719.3074454674977,728.7358940722243
2025-11-10T11:37:30,1762754850000,SENSEX,2025-11-10T12:32:30,1762758150000,55,,hybrid,690.8917458051063,723.8648453170528,734.7029159013352
2025-11-10T11:37:30,1762754850000,SENSEX,2025-11-10T12:33:30,1762758210000,56,,hybrid,701.8781563166541,720.5803279435621,733.0752883065657
2025-11-10T11:37:30,1762754850000,SENSEX,2025-11-10T12:34:30,1762758270000,57,,hybrid,686.005107990812,719.3604545075298,730.9468261071275
2025-11-10T11:37:30,1762754850000,SENSEX,2025-11-10T12:35:30,1762758330000,58,,hybrid,699.5019757815832,722.4474477352651,731.3490921145128
2025-11-10T11:37:30,1762754850000,SENSEX,2025-11-10T12:36:30,1762758390000,59,,hybrid,700.52132860559,720.8809327995837,730.8885400616871
2025-11-10T11:37:30,1762754850000,SENSEX,2025-11-10T12:37:30,1762758450000,60,,hybrid,700.0068132362824,717.6971034836452,732.0146251115639
2025-11-10T11:37:30,1762754850000,SENSEX,2025-11-10T11:38:30,1762754910000,1,,hybrid,719.6900688493339,723.95,736.0593238390932
2025-11-10T11:37:30,1762754850000,SENSEX,2025-11-10T11:39:30,1762754970000,2,,hybrid,718.764756030698,723.3360541252272,735.3607320090027
2025-11-10T11:37:30,1762754850000,SENSEX,2025-11-10T11:40:30,1762755030000,3,,hybrid,716.3928980460848,719.5024596119622,740.9030222035618
2025-11-10T11:37:30,1762754850000,SENSEX,2025-11-10T11:41:30,1762755090000,4,,hybrid,716.1685607555357,722.4254877033416,738.1873882266765
2025-11-10T11:37:30,1762754850000,SENSEX,2025-11-10T11:42:30,1762755150000,5,,hybrid,716.7293598765928,721.3578328132845,730.292255378592
2025-11-10T11:37:30,1762754850000,SENSEX,2025-11-10T11:43:30,1762755210000,6,,hybrid,711.244104325421,719.0827193521718,738.131530723214
2025-11-10T11:37:30,1762754850000,SENSEX,2025-11-10T11:44:30,1762755270000,7,,hybrid,714.5993021621414,722.4414874673498,741.3168390816861
2025-11-10T11:37:30,1762754850000,SENSEX,2025-11-10T11:45:30,1762755330000,8,,hybrid,718.0677676780386,723.3275034873787,738.1914914573238
2025-11-10T11:37:30,1762754850000,SENSEX,2025-11-10T11:46:30,1762755390000,9,,hybrid,713.927313179435,720.6789023199839,732.0158735541822
2025-11-10T11:37:30,1762754850000,SENSEX,2025-11-10T11:47:30,1762755450000,10,,hybrid,714.9080535385312,727.8476530698567,733.9659634805066
2025-11-10T11:37:30,1762754850000,SENSEX,2025-11-10T11:48:30,1762755510000,11,,hybrid,714.6130405788991,723.577733487177,736.1578387014204
2025-11-10T11:37:30,1762754850000,SENSEX,2025-11-10T11:49:30,1762755570000,12,,hybrid,707.5603449905382,720.9406720998089,733.1398212476847
2025-11-10T11:37:30,1762754850000,SENSEX,2025-11-10T11:50:30,1762755630000,13,,hybrid,709.7475354689475,723.4065845298439,738.3997108325767
2025-11-10T11:37:30,1762754850000,SENSEX,2025-11-10T11:51:30,1762755690000,14,,hybrid,706.6235414096632,722.7082600041273,734.5073177538794
2025-11-10T11:37:30,1762754850000,SENSEX,2025-11-10T11:52:30,1762755750000,15,,hybrid,707.0576227347725,723.9564575093304,729.1656028097253
2025-11-10T11:37:30,1762754850000,SENSEX,2025-11-10T11:53:30,1762755810000,16,,hybrid,711.2460632501654,723.9379823334807,738.8128049201307
2025-11-10T11:37:30,1762754850000,SENSEX,2025-11-10T11:54:30,1762755870000,17,,hybrid,713.4668947223074,723.1144343011237,737.5527984839779
2025-11-10T11:37:30,1762754850000,SENSEX,2025-11-10T11:55:30,1762755930000,18,,hybrid,711.1149229654748,719.4586482973102,735.6589322334229
2025-11-10T11:37:30,1762754850000,SENSEX,2025-11-10T11:56:30,1762755990000,19,,hybrid,714.1817567386502,723.0489461066674,739.9452224970337
2025-11-10T11:37:30,1762754850000,SENSEX,2025-11-10T11:57:30,1762756050000,20,,hybrid,715.9847537865511,722.7638653426553,741.6824543735901
2025-11-10T11:37:30,1762754850000,SENSEX,2025-11-10T11:58:30,1762756110000,21,,hybrid,708.426816015032,719.6570601811875,738.4339620200209
2025-11-10T11:37:30,1762754850000,SENSEX,2025-11-10T11:59:30,1762756170000,22,,hybrid,712.8934360764958,723.1959492329834,743.0957304665628
2025-11-10T11:37:30,1762754850000,SENSEX,2025-11-10T12:00:30,1762756230000,23,,hybrid,713.5169698033321,723.028555725113,741.1844087812644
2025-11-10T11:37:30,1762754850000,SENSEX,2025-11-10T12:01:30,1762756290000,24,,hybrid,709.0927545223108,720.0278067721505,741.0499697421144
2025-11-10T11:37:30,1762754850000,SENSEX,2025-11-10T12:02:30,1762756350000,25,,hybrid,709.0305368848054,722.4935339159314,741.3458751479573
2025-11-10T11:37:30,1762754850000,SENSEX,2025-11-10T12:03:30,1762756410000,26,,hybrid,709.7039505352059,723.3801623440397,736.8430997384327
2025-11-10T11:37:30,1762754850000,SENSEX,2025-11-10T12:04:30,1762756470000,27,,hybrid,706.3167052881745,721.4621143442424,735.8346467575719
2025-11-10T11:37:30,1762754850000,SENSEX,2025-11-10T12:05:30,1762756530000,28,,hybrid,709.9705848565201,723.2106331759643,738.5436035712097
2025-11-10T11:37:30,1762754850000,SENSEX,2025-11-10T12:06:30,1762756590000,29,,hybrid,712.9842415455554,721.1049066195937,744.1416165163492
2025-11-10T11:37:30,1762754850000,SENSEX,2025-11-10T12:07:30,1762756650000,30,,hybrid,706.950393292358,717.4959714294191,739.7749060808819
2025-11-10T11:37:30,1762754850000,SENSEX,2025-11-10T12:08:30,1762756710000,31,,hybrid,708.9070759350129,722.2416951598345,740.425245943961
2025-11-10T11:37:30,1762754850000,SENSEX,2025-11-10T12:09:30,1762756770000,32,,hybrid,710.5453411988057,721.2451960232682,739.5592633946636
2025-11-10T11:37:30,1762754850000,SENSEX,2025-11-10T12:10:30,1762756830000,33,,hybrid,703.0898250398969,716.4387926122336,737.9036703259255
2025-11-10T11:37:30,1762754850000,SENSEX,2025-11-10T12:11:30,1762756890000,34,,hybrid,707.4562268731212,720.1329405998408,741.2538024661129
2025-11-10T11:37:30,1762754850000,SENSEX,2025-11-10T12:12:30,1762756950000,35,,hybrid,704.7539560878938,720.797635590675,731.3309611547767
2025-11-10T11:37:30,1762754850000,SENSEX,2025-11-10T12:13:30,1762757010000,36,,hybrid,705.6166747437487,716.3528959191278,735.7593026539728
2025-11-10T11:37:30,1762754850000,SENSEX,2025-11-10T12:14:30,1762757070000,37,,hybrid,703.0729719764976,721.122549997688,736.6489108720211
2025-11-10T11:37:30,1762754850000,SENSEX,2025-11-10T12:15:30,1762757130000,38,,hybrid,701.8905155124185,720.4959518039369,734.5570828664756
2025-11-10T11:37:30,1762754850000,SENSEX,2025-11-10T12:16:30,1762757190000,39,,hybrid,699.6754043543476,717.0219307516323,734.4458615706199
2025-11-10T11:37:30,1762754850000,SENSEX,2025-11-10T12:17:30,1762757250000,40,,hybrid,703.2575507680428,721.201522252983,738.9610191995582
2025-11-10T11:37:30,1762754850000,SENSEX,2025-11-10T12:18:30,1762757310000,41,,hybrid,703.8606695748175,720.6804931096129,734.6851694372234
2025-11-10T11:37:30,1762754850000,SENSEX,2025-11-10T12:19:30,1762757370000,42,,hybrid,701.3643351838917,716.7899514570702,735.6207460262469
2025-11-10T11:37:30,1762754850000,SENSEX,2025-11-10T12:20:30,1762757430000,43,,hybrid,701.8165915719566,722.1893982891831,736.8573001967371
2025-11-10T11:37:30,1762754850000,SENSEX,2025-11-10T12:21:30,1762757490000,44,,hybrid,703.8611443810374,721.4246692529135,737.0656286792575
2025-11-10T11:37:30,1762754850000,SENSEX,2025-11-10T12:22:30,1762757550000,45,,hybrid,692.1311291667926,718.0899207208344,736.2512017396843
2025-11-10T11:37:30,1762754850000,SENSEX,2025-11-10T12:23:30,1762757610000,46,,hybrid,695.1572609953864,722.1503556803634,738.4005878160476
2025-11-10T11:37:30,1762754850000,SENSEX,2025-11-10T12:24:30,1762757670000,47,,hybrid,694.3145031645759,721.781306299347,736.7890313648272
2025-11-10T11:37:30,1762754850000,SENSEX,2025-11-10T12:25:30,1762757730000,48,,hybrid,690.4097292207775,718.7273064404634,735.0537947500696
2025-11-10T11:37:30,1762754850000,SENSEX,2025-11-10T12:26:30,1762757790000,49,,hybrid,693.1238246263165,723.18214504853,739.9384996798697
2025-11-10T11:37:30,1762754850000,SENSEX,2025-11-10T12:27:30,1762757850000,50,,hybrid,702.8707209882274,722.2813681856061,736.5352981220869
2025-11-10T11:37:30,1762754850000,SENSEX,2025-11-10T12:28:30,1762757910000,51,,hybrid,687.9789291153007,719.7227442629336,735.2406811627856
2025-11-10T11:37:30,1762754850000,SENSEX,2025-11-10T12:29:30,1762757970000,52,,hybrid,691.3273900586273,723.5139436147704,737.9835531293289
2025-11-10T11:37:30,1762754850000,SENSEX,2025-11-10T12:30:30,1762758030000,53,,hybrid,692.4388165126768,723.4100944384168,735.2572055791518
2025-11-10T11:37:30,1762754850000,SENSEX,2025-11-10T12:31:30,1762758090000,54,,hybrid,688.3447178023755,719.3074454674977,728.7358940722243
2025-11-10T11:37:30,1762754850000,SENSEX,2025-11-10T12:32:30,1762758150000,55,,hybrid,690.8917458051063,723.8648453170528,734.7029159013352
2025-11-10T11:37:30,1762754850000,SENSEX,2025-11-10T12:33:30,1762758210000,56,,hybrid,701.8781563166541,720.5803279435621,733.0752883065657
2025-11-10T11:37:30,1762754850000,SENSEX,2025-11-10T12:34:30,1762758270000,57,,hybrid,686.005107990812,719.3604545075298,730.9468261071275
2025-11-10T11:37:30,1762754850000,SENSEX,2025-11-10T12:35:30,1762758330000,58,,hybrid,699.5019757815832,722.4474477352651,731.3490921145128
2025-11-10T11:37:30,1762754850000,SENSEX,2025-11-10T12:36:30,1762758390000,59,,hybrid,700.52132860559,720.8809327995837,730.8885400616871
2025-11-10T11:37:30,1762754850000,SENSEX,2025-11-10T12:37:30,1762758450000,60,,hybrid,700.0068132362824,717.6971034836452,732.0146251115639
2025-11-10T11:37:30,1762754850000,SENSEX,2025-11-10T11:38:30,1762754910000,1,,hybrid,719.6900688493339,723.95,736.0593238390932
2025-11-10T11:37:30,1762754850000,SENSEX,2025-11-10T11:39:30,1762754970000,2,,hybrid,718.764756030698,723.3360541252272,735.3607320090027
2025-11-10T11:37:30,1762754850000,SENSEX,2025-11-10T11:40:30,1762755030000,3,,hybrid,716.3928980460848,719.5024596119622,740.9030222035618
2025-11-10T11:37:30,1762754850000,SENSEX,2025-11-10T11:41:30,1762755090000,4,,hybrid,716.1685607555357,722.4254877033416,738.1873882266765
2025-11-10T11:37:30,1762754850000,SENSEX,2025-11-10T11:42:30,1762755150000,5,,hybrid,716.7293598765928,721.3578328132845,730.292255378592
2025-11-10T11:37:30,1762754850000,SENSEX,2025-11-10T11:43:30,1762755210000,6,,hybrid,711.244104325421,719.0827193521718,738.131530723214
2025-11-10T11:37:30,1762754850000,SENSEX,2025-11-10T11:44:30,1762755270000,7,,hybrid,714.5993021621414,722.4414874673498,741.3168390816861
2025-11-10T11:37:30,1762754850000,SENSEX,2025-11-10T11:45:30,1762755330000,8,,hybrid,718.0677676780386,723.3275034873787,738.1914914573238
2025-11-10T11:37:30,1762754850000,SENSEX,2025-11-10T11:46:30,1762755390000,9,,hybrid,713.927313179435,720.6789023199839,732.0158735541822
2025-11-10T11:37:30,1762754850000,SENSEX,2025-11-10T11:47:30,1762755450000,10,,hybrid,714.9080535385312,727.8476530698567,733.9659634805066
2025-11-10T11:37:30,1762754850000,SENSEX,2025-11-10T11:48:30,1762755510000,11,,hybrid,714.6130405788991,723.577733487177,736.1578387014204
2025-11-10T11:37:30,1762754850000,SENSEX,2025-11-10T11:49:30,1762755570000,12,,hybrid,707.5603449905382,720.9406720998089,733.1398212476847
2025-11-10T11:37:30,1762754850000,SENSEX,2025-11-10T11:50:30,1762755630000,13,,hybrid,709.7475354689475,723.4065845298439,738.3997108325767
2025-11-10T11:37:30,1762754850000,SENSEX,2025-11-10T11:51:30,1762755690000,14,,hybrid,706.6235414096632,722.7082600041273,734.5073177538794
2025-11-10T11:37:30,1762754850000,SENSEX,2025-11-10T11:52:30,1762755750000,15,,hybrid,707.0576227347725,723.9564575093304,729.1656028097253
2025-11-10T11:37:30,1762754850000,SENSEX,2025-11-10T11:53:30,1762755810000,16,,hybrid,711.2460632501654,723.9379823334807,738.8128049201307
2025-11-10T11:37:30,1762754850000,SENSEX,2025-11-10T11:54:30,1762755870000,17,,hybrid,713.4668947223074,723.1144343011237,737.5527984839779
2025-11-10T11:37:30,1762754850000,SENSEX,2025-11-10T11:55:30,1762755930000,18,,hybrid,711.1149229654748,719.4586482973102,735.6589322334229
2025-11-10T11:37:30,1762754850000,SENSEX,2025-11-10T11:56:30,1762755990000,19,,hybrid,714.1817567386502,723.0489461066674,739.9452224970337
2025-11-10T11:37:30,1762754850000,SENSEX,2025-11-10T11:57:30,1762756050000,20,,hybrid,715.9847537865511,722.7638653426553,741.6824543735901
2025-11-10T11:37:30,1762754850000,SENSEX,2025-11-10T11:58:30,1762756110000,21,,hybrid,708.426816015032,719.6570601811875,738.4339620200209
2025-11-10T11:37:30,1762754850000,SENSEX,2025-11-10T11:59:30,1762756170000,22,,hybrid,712.8934360764958,723.1959492329834,743.0957304665628
2025-11-10T11:37:30,1762754850000,SENSEX,2025-11-10T12:00:30,1762756230000,23,,hybrid,713.5169698033321,723.028555725113,741.1844087812644
2025-11-10T11:37:30,1762754850000,SENSEX,2025-11-10T12:01:30,1762756290000,24,,hybrid,709.0927545223108,720.0278067721505,741.0499697421144
2025-11-10T11:37:30,1762754850000,SENSEX,2025-11-10T12:02:30,1762756350000,25,,hybrid,709.0305368848054,722.4935339159314,741.3458751479573
2025-11-10T11:37:30,1762754850000,SENSEX,2025-11-10T12:03:30,1762756410000,26,,hybrid,709.7039505352059,723.3801623440397,736.8430997384327
2025-11-10T11:37:30,1762754850000,SENSEX,2025-11-10T12:04:30,1762756470000,27,,hybrid,706.3167052881745,721.4621143442424,735.8346467575719
2025-11-10T11:37:30,1762754850000,SENSEX,2025-11-10T12:05:30,1762756530000,28,,hybrid,709.9705848565201,723.2106331759643,738.5436035712097
2025-11-10T11:37:30,1762754850000,SENSEX,2025-11-10T12:06:30,1762756590000,29,,hybrid,712.9842415455554,721.1049066195937,744.1416165163492
2025-11-10T11:37:30,1762754850000,SENSEX,2025-11-10T12:07:30,1762756650000,30,,hybrid,706.950393292358,717.4959714294191,739.7749060808819
2025-11-10T11:37:30,1762754850000,SENSEX,2025-11-10T12:08:30,1762756710000,31,,hybrid,708.9070759350129,722.2416951598345,740.425245943961
2025-11-10T11:37:30,1762754850000,SENSEX,2025-11-10T12:09:30,1762756770000,32,,hybrid,710.5453411988057,721.2451960232682,739.5592633946636
2025-11-10T11:37:30,1762754850000,SENSEX,2025-11-10T12:10:30,1762756830000,33,,hybrid,703.0898250398969,716.4387926122336,737.9036703259255
2025-11-10T11:37:30,1762754850000,SENSEX,2025-11-10T12:11:30,1762756890000,34,,hybrid,707.4562268731212,720.1329405998408,741.2538024661129
2025-11-10T11:37:30,1762754850000,SENSEX,2025-11-10T12:12:30,1762756950000,35,,hybrid,704.7539560878938,720.797635590675,731.3309611547767
2025-11-10T11:37:30,1762754850000,SENSEX,2025-11-10T12:13:30,1762757010000,36,,hybrid,705.6166747437487,716.3528959191278,735.7593026539728
2025-11-10T11:37:30,1762754850000,SENSEX,2025-11-10T12:14:30,1762757070000,37,,hybrid,703.0729719764976,721.122549997688,736.6489108720211
2025-11-10T11:37:30,1762754850000,SENSEX,2025-11-10T12:15:30,1762757130000,38,,hybrid,701.8905155124185,720.4959518039369,734.5570828664756
2025-11-10T11:37:30,1762754850000,SENSEX,2025-11-10T12:16:30,1762757190000,39,,hybrid,699.6754043543476,717.0219307516323,734.4458615706199
2025-11-10T11:37:30,1762754850000,SENSEX,2025-11-10T12:17:30,1762757250000,40,,hybrid,703.2575507680428,721.201522252983,738.9610191995582
2025-11-10T11:37:30,1762754850000,SENSEX,2025-11-10T12:18:30,1762757310000,41,,hybrid,703.8606695748175,720.6804931096129,734.6851694372234
2025-11-10T11:37:30,1762754850000,SENSEX,2025-11-10T12:19:30,1762757370000,42,,hybrid,701.3643351838917,716.7899514570702,735.6207460262469
2025-11-10T11:37:30,1762754850000,SENSEX,2025-11-10T12:20:30,1762757430000,43,,hybrid,701.8165915719566,722.1893982891831,736.8573001967371
2025-11-10T11:37:30,1762754850000,SENSEX,2025-11-10T12:21:30,1762757490000,44,,hybrid,703.8611443810374,721.4246692529135,737.0656286792575
2025-11-10T11:37:30,1762754850000,SENSEX,2025-11-10T12:22:30,1762757550000,45,,hybrid,692.1311291667926,718.0899207208344,736.2512017396843
2025-11-10T11:37:30,1762754850000,SENSEX,2025-11-10T12:23:30,1762757610000,46,,hybrid,695.1572609953864,722.1503556803634,738.4005878160476
2025-11-10T11:37:30,1762754850000,SENSEX,2025-11-10T12:24:30,1762757670000,47,,hybrid,694.3145031645759,721.781306299347,736.7890313648272
2025-11-10T11:37:30,1762754850000,SENSEX,2025-11-10T12:25:30,1762757730000,48,,hybrid,690.4097292207775,718.7273064404634,735.0537947500696
2025-11-10T11:37:30,1762754850000,SENSEX,2025-11-10T12:26:30,1762757790000,49,,hybrid,693.1238246263165,723.18214504853,739.9384996798697
2025-11-10T11:37:30,1762754850000,SENSEX,2025-11-10T12:27:30,1762757850000,50,,hybrid,702.8707209882274,722.2813681856061,736.5352981220869
2025-11-10T11:37:30,1762754850000,SENSEX,2025-11-10T12:28:30,1762757910000,51,,hybrid,687.9789291153007,719.7227442629336,735.2406811627856
2025-11-10T11:37:30,1762754850000,SENSEX,2025-11-10T12:29:30,1762757970000,52,,hybrid,691.3273900586273,723.5139436147704,737.9835531293289
2025-11-10T11:37:30,1762754850000,SENSEX,2025-11-10T12:30:30,1762758030000,53,,hybrid,692.4388165126768,723.4100944384168,735.2572055791518
2025-11-10T11:37:30,1762754850000,SENSEX,2025-11-10T12:31:30,1762758090000,54,,hybrid,688.3447178023755,719.3074454674977,728.7358940722243
2025-11-10T11:37:30,1762754850000,SENSEX,2025-11-10T12:32:30,1762758150000,55,,hybrid,690.8917458051063,723.8648453170528,734.7029159013352
2025-11-10T11:37:30,1762754850000,SENSEX,2025-11-10T12:33:30,1762758210000,56,,hybrid,701.8781563166541,720.5803279435621,733.0752883065657
2025-11-10T11:37:30,1762754850000,SENSEX,2025-11-10T12:34:30,1762758270000,57,,hybrid,686.005107990812,719.3604545075298,730.9468261071275
2025-11-10T11:37:30,1762754850000,SENSEX,2025-11-10T12:35:30,1762758330000,58,,hybrid,699.5019757815832,722.4474477352651,731.3490921145128
2025-11-10T11:37:30,1762754850000,SENSEX,2025-11-10T12:36:30,1762758390000,59,,hybrid,700.52132860559,720.8809327995837,730.8885400616871
2025-11-10T11:37:30,1762754850000,SENSEX,2025-11-10T12:37:30,1762758450000,60,,hybrid,700.0068132362824,717.6971034836452,732.0146251115639
2025-11-10T11:37:30,1762754850000,SENSEX,2025-11-10T11:38:30,1762754910000,1,,hybrid,1217.914438836733,1224.9,1248.3744807074054
2025-11-10T11:37:30,1762754850000,SENSEX,2025-11-10T11:39:30,1762754970000,2,,hybrid,1218.2334207429883,1224.2772930268009,1246.4300803600506
2025-11-10T11:37:30,1762754850000,SENSEX,2025-11-10T11:40:30,1762755030000,3,,hybrid,1215.5720086368806,1220.179002777745,1252.0772571942246
2025-11-10T11:37:30,1762754850000,SENSEX,2025-11-10T11:41:30,1762755090000,4,,hybrid,1217.2711579288928,1223.1446644095547,1249.986116426235
2025-11-10T11:37:30,1762754850000,SENSEX,2025-11-10T11:42:30,1762755150000,5,,hybrid,1217.0152166952323,1222.3844159285077,1252.597173068706
2025-11-10T11:37:30,1762754850000,SENSEX,2025-11-10T11:43:30,1762755210000,6,,hybrid,1213.8060248289619,1219.5408405350015,1246.1072852645725
2025-11-10T11:37:30,1762754850000,SENSEX,2025-11-10T11:44:30,1762755270000,7,,hybrid,1214.7585650291348,1224.6188353139275,1248.3755910674447
2025-11-10T11:37:30,1762754850000,SENSEX,2025-11-10T11:45:30,1762755330000,8,,hybrid,1218.079725598402,1224.8825521387066,1242.3741239438198
2025-11-10T11:37:30,1762754850000,SENSEX,2025-11-10T11:46:30,1762755390000,9,,hybrid,1214.389701332681,1221.9064916174987,1236.16473291731
2025-11-10T11:37:30,1762754850000,SENSEX,2025-11-10T11:47:30,1762755450000,10,,hybrid,1219.0017041719136,1225.6365441594673,1243.229980987189
2025-11-10T11:37:30,1762754850000,SENSEX,2025-11-10T11:48:30,1762755510000,11,,hybrid,1218.783698669619,1225.6901071902535,1240.7743074932087
2025-11-10T11:37:30,1762754850000,SENSEX,2025-11-10T11:49:30,1762755570000,12,,hybrid,1210.6229487571682,1222.1704895264666,1236.3440729207068
2025-11-10T11:37:30,1762754850000,SENSEX,2025-11-10T11:50:30,1762755630000,13,,hybrid,1211.0615023068897,1224.2063633701023,1242.618044311276
2025-11-10T11:37:30,1762754850000,SENSEX,2025-11-10T11:51:30,1762755690000,14,,hybrid,1211.4626369958357,1223.243002963427,1237.871766733032
2025-11-10T11:37:30,1762754850000,SENSEX,2025-11-10T11:52:30,1762755750000,15,,hybrid,1213.2715605502456,1221.4326394119591,1235.9407749975064
2025-11-10T11:37:30,1762754850000,SENSEX,2025-11-10T11:53:30,1762755810000,16,,hybrid,1212.7795702668095,1222.6227599138597,1242.879974451902
2025-11-10T11:37:30,1762754850000,SENSEX,2025-11-10T11:54:30,1762755870000,17,,hybrid,1213.0014973363996,1222.5740076368372,1242.451021243949
2025-11-10T11:37:30,1762754850000,SENSEX,2025-11-10T11:55:30,1762755930000,18,,hybrid,1209.6719016719605,1218.499997336786,1239.7706975248748
2025-11-10T11:37:30,1762754850000,SENSEX,2025-11-10T11:56:30,1762755990000,19,,hybrid,1213.2181500013605,1222.5783625182623,1247.1574467087173
2025-11-10T11:37:30,1762754850000,SENSEX,2025-11-10T11:57:30,1762756050000,20,,hybrid,1214.0591479989735,1223.465465647037,1249.2672776115185
2025-11-10T11:37:30,1762754850000,SENSEX,2025-11-10T11:58:30,1762756110000,21,,hybrid,1210.6960702033646,1219.450187047263,1236.997499287669
2025-11-10T11:37:30,1762754850000,SENSEX,2025-11-10T11:59:30,1762756170000,22,,hybrid,1211.415428359166,1223.0377798468633,1251.0163651585246
2025-11-10T11:37:30,1762754850000,SENSEX,2025-11-10T12:00:30,1762756230000,23,,hybrid,1211.2481792198416,1223.6230740246249,1240.9369385718442
2025-11-10T11:37:30,1762754850000,SENSEX,2025-11-10T12:01:30,1762756290000,24,,hybrid,1206.6254286906526,1220.4542792201823,1244.6750498207373
2025-11-10T11:37:30,1762754850000,SENSEX,2025-11-10T12:02:30,1762756350000,25,,hybrid,1205.4996354378843,1222.2906267734854,1248.1106731614038
2025-11-10T11:37:30,1762754850000,SENSEX,2025-11-10T12:03:30,1762756410000,26,,hybrid,1204.6852440384928,1222.5652836566796,1240.8599142750033
2025-11-10T11:37:30,1762754850000,SENSEX,2025-11-10T12:04:30,1762756470000,27,,hybrid,1204.051879683691,1220.2654314184763,1238.8716267085088
2025-11-10T11:37:30,1762754850000,SENSEX,2025-11-10T12:05:30,1762756530000,28,,hybrid,1210.0738163475169,1220.424295866059,1241.717759810169
2025-11-10T11:37:30,1762754850000,SENSEX,2025-11-10T12:06:30,1762756590000,29,,hybrid,1211.8299512253234,1220.8790806706295,1245.0109153097314
2025-11-10T11:37:30,1762754850000,SENSEX,2025-11-10T12:07:30,1762756650000,30,,hybrid,1207.37366558082,1215.6331788977034,1242.2398296093354
2025-11-10T11:37:30,1762754850000,SENSEX,2025-11-10T12:08:30,1762756710000,31,,hybrid,1211.5058948891792,1219.798298226845,1246.740161311888
2025-11-10T11:37:30,1762754850000,SENSEX,2025-11-10T12:09:30,1762756770000,32,,hybrid,1208.88501848861,1219.8688886945035,1246.860581823238
2025-11-10T11:37:30,1762754850000,SENSEX,2025-11-10T12:10:30,1762756830000,33,,hybrid,1205.5923439958794,1214.772889557916,1245.4376366951399
2025-11-10T11:37:30,1762754850000,SENSEX,2025-11-10T12:11:30,1762756890000,34,,hybrid,1205.3628316090787,1218.0104636765286,1249.1872499963536
2025-11-10T11:37:30,1762754850000,SENSEX,2025-11-10T12:12:30,1762756950000,35,,hybrid,1203.701350740093,1219.043864283139,1240.3095785247242
2025-11-10T11:37:30,1762754850000,SENSEX,2025-11-10T12:13:30,1762757010000,36,,hybrid,1200.030074812646,1215.9306662701224,1240.7264052623243
2025-11-10T11:37:30,1762754850000,SENSEX,2025-11-10T12:14:30,1762757070000,37,,hybrid,1206.2815867548513,1218.417319185537,1243.2615588854937
2025-11-10T11:37:30,1762754850000,SENSEX,2025-11-10T12:15:30,1762757130000,38,,hybrid,1203.5949580071947,1218.9666909327611,1243.9283306193054
2025-11-10T11:37:30,1762754850000,SENSEX,2025-11-10T12:16:30,1762757190000,39,,hybrid,1200.722034840197,1214.8459323390423,1242.5767581553155
2025-11-10T11:37:30,1762754850000,SENSEX,2025-11-10T12:17:30,1762757250000,40,,hybrid,1206.0880016017284,1218.4563117127805,1244.4822706462664
2025-11-10T11:37:30,1762754850000,SENSEX,2025-11-10T12:18:30,1762757310000,41,,hybrid,1205.1628437356308,1219.7242782363828,1240.8269802097284
2025-11-10T11:37:30,1762754850000,SENSEX,2025-11-10T12:19:30,1762757370000,42,,hybrid,1200.608344257721,1216.1349925220973,1249.7076070913472
2025-11-10T11:37:30,1762754850000,SENSEX,2025-11-10T12:20:30,1762757430000,43,,hybrid,1206.1360729600754,1220.7893506951605,1247.2122607349093
2025-11-10T11:37:30,1762754850000,SENSEX,2025-11-10T12:21:30,1762757490000,44,,hybrid,1201.6677385532548,1221.1475964367937,1256.0244085639704
2025-11-10T11:37:30,1762754850000,SENSEX,2025-11-10T12:22:30,1762757550000,45,,hybrid,1196.717584337742,1217.197964753565,1253.9670447646254
2025-11-10T11:37:30,1762754850000,SENSEX,2025-11-10T12:23:30,1762757610000,46,,hybrid,1199.7161612283917,1222.3890442704069,1251.8078525907658
2025-11-10T11:37:30,1762754850000,SENSEX,2025-11-10T12:24:30,1762757670000,47,,hybrid,1198.55667574094,1221.9331348505,1250.7010583061187
2025-11-10T11:37:30,1762754850000,SENSEX,2025-11-10T12:25:30,1762757730000,48,,hybrid,1194.321923115287,1218.0513306938437,1249.859601172672
2025-11-10T11:37:30,1762754850000,SENSEX,2025-11-10T12:26:30,1762757790000,49,,hybrid,1197.1237281065346,1222.6939008741383,1254.0853744974825
2025-11-10T11:37:30,1762754850000,SENSEX,2025-11-10T12:27:30,1762757850000,50,,hybrid,1196.0144485383753,1221.9395390082764,1250.3334994715415
2025-11-10T11:37:30,1762754850000,SENSEX,2025-11-10T12:28:30,1762757910000,51,,hybrid,1190.8948063699468,1218.0032887970776,1249.4620289168872
2025-11-10T11:37:30,1762754850000,SENSEX,2025-11-10T12:29:30,1762757970000,52,,hybrid,1197.1266797693982,1222.1681663064192,1246.2562118062774
2025-11-10T11:37:30,1762754850000,SENSEX,2025-11-10T12:30:30,1762758030000,53,,hybrid,1197.255431351491,1222.1814029399618,1244.7509594191479
2025-11-10T11:37:30,1762754850000,SENSEX,2025-11-10T12:31:30,1762758090000,54,,hybrid,1195.9885991601698,1212.6331033210308,1242.4154414927607
2025-11-10T11:37:30,1762754850000,SENSEX,2025-11-10T12:32:30,1762758150000,55,,hybrid,1191.756280116581,1222.5122283415533,1243.6713092774264
2025-11-10T11:37:30,1762754850000,SENSEX,2025-11-10T12:33:30,1762758210000,56,,hybrid,1192.2206226468315,1222.2594632790986,1235.609865217398
2025-11-10T11:37:30,1762754850000,SENSEX,2025-11-10T12:34:30,1762758270000,57,,hybrid,1189.559893919394,1219.0039436590819,1229.660817566348
2025-11-10T11:37:30,1762754850000,SENSEX,2025-11-10T12:35:30,1762758330000,58,,hybrid,1195.462401518749,1217.6149950683784,1236.9984350893494
2025-11-10T11:37:30,1762754850000,SENSEX,2025-11-10T12:36:30,1762758390000,59,,hybrid,1192.1790841866543,1220.9081860073077,1233.547279502899
2025-11-10T11:37:30,1762754850000,SENSEX,2025-11-10T12:37:30,1762758450000,60,,hybrid,1199.705873883399,1213.7027587108723,1236.5972900560187
2025-11-10T11:37:30,1762754850000,SENSEX,2025-11-10T11:38:30,1762754910000,1,,hybrid,1217.914438836733,1224.9,1248.3744807074054
2025-11-10T11:37:30,1762754850000,SENSEX,2025-11-10T11:39:30,1762754970000,2,,hybrid,1218.2334207429883,1224.2772930268009,1246.4300803600506
2025-11-10T11:37:30,1762754850000,SENSEX,2025-11-10T11:40:30,1762755030000,3,,hybrid,1215.5720086368806,1220.179002777745,1252.0772571942246
2025-11-10T11:37:30,1762754850000,SENSEX,2025-11-10T11:41:30,1762755090000,4,,hybrid,1217.2711579288928,1223.1446644095547,1249.986116426235
2025-11-10T11:37:30,1762754850000,SENSEX,2025-11-10T11:42:30,1762755150000,5,,hybrid,1217.0152166952323,1222.3844159285077,1252.597173068706
2025-11-10T11:37:30,1762754850000,SENSEX,2025-11-10T11:43:30,1762755210000,6,,hybrid,1213.8060248289619,1219.5408405350015,1246.1072852645725
2025-11-10T11:37:30,1762754850000,SENSEX,2025-11-10T11:44:30,1762755270000,7,,hybrid,1214.7585650291348,1224.6188353139275,1248.3755910674447
2025-11-10T11:37:30,1762754850000,SENSEX,2025-11-10T11:45:30,1762755330000,8,,hybrid,1218.079725598402,1224.8825521387066,1242.3741239438198
2025-11-10T11:37:30,1762754850000,SENSEX,2025-11-10T11:46:30,1762755390000,9,,hybrid,1214.389701332681,1221.9064916174987,1236.16473291731
2025-11-10T11:37:30,1762754850000,SENSEX,2025-11-10T11:47:30,1762755450000,10,,hybrid,1219.0017041719136,1225.6365441594673,1243.229980987189
2025-11-10T11:37:30,1762754850000,SENSEX,2025-11-10T11:48:30,1762755510000,11,,hybrid,1218.783698669619,1225.6901071902535,1240.7743074932087
2025-11-10T11:37:30,1762754850000,SENSEX,2025-11-10T11:49:30,1762755570000,12,,hybrid,1210.6229487571682,1222.1704895264666,1236.3440729207068
2025-11-10T11:37:30,1762754850000,SENSEX,2025-11-10T11:50:30,1762755630000,13,,hybrid,1211.0615023068897,1224.2063633701023,1242.618044311276
2025-11-10T11:37:30,1762754850000,SENSEX,2025-11-10T11:51:30,1762755690000,14,,hybrid,1211.4626369958357,1223.243002963427,1237.871766733032
2025-11-10T11:37:30,1762754850000,SENSEX,2025-11-10T11:52:30,1762755750000,15,,hybrid,1213.2715605502456,1221.4326394119591,1235.9407749975064
2025-11-10T11:37:30,1762754850000,SENSEX,2025-11-10T11:53:30,1762755810000,16,,hybrid,1212.7795702668095,1222.6227599138597,1242.879974451902
2025-11-10T11:37:30,1762754850000,SENSEX,2025-11-10T11:54:30,1762755870000,17,,hybrid,1213.0014973363996,1222.5740076368372,1242.451021243949
2025-11-10T11:37:30,1762754850000,SENSEX,2025-11-10T11:55:30,1762755930000,18,,hybrid,1209.6719016719605,1218.499997336786,1239.7706975248748
2025-11-10T11:37:30,1762754850000,SENSEX,2025-11-10T11:56:30,1762755990000,19,,hybrid,1213.2181500013605,1222.5783625182623,1247.1574467087173
2025-11-10T11:37:30,1762754850000,SENSEX,2025-11-10T11:57:30,1762756050000,20,,hybrid,1214.0591479989735,1223.465465647037,1249.2672776115185
2025-11-10T11:37:30,1762754850000,SENSEX,2025-11-10T11:58:30,1762756110000,21,,hybrid,1210.6960702033646,1219.450187047263,1236.997499287669
2025-11-10T11:37:30,1762754850000,SENSEX,2025-11-10T11:59:30,1762756170000,22,,hybrid,1211.415428359166,1223.0377798468633,1251.0163651585246
2025-11-10T11:37:30,1762754850000,SENSEX,2025-11-10T12:00:30,1762756230000,23,,hybrid,1211.2481792198416,1223.6230740246249,1240.9369385718442
2025-11-10T11:37:30,1762754850000,SENSEX,2025-11-10T12:01:30,1762756290000,24,,hybrid,1206.6254286906526,1220.4542792201823,1244.6750498207373
2025-11-10T11:37:30,1762754850000,SENSEX,2025-11-10T12:02:30,1762756350000,25,,hybrid,1205.4996354378843,1222.2906267734854,1248.1106731614038
2025-11-10T11:37:30,1762754850000,SENSEX,2025-11-10T12:03:30,1762756410000,26,,hybrid,1204.6852440384928,1222.5652836566796,1240.8599142750033
2025-11-10T11:37:30,1762754850000,SENSEX,2025-11-10T12:04:30,1762756470000,27,,hybrid,1204.051879683691,1220.2654314184763,1238.8716267085088
2025-11-10T11:37:30,1762754850000,SENSEX,2025-11-10T12:05:30,1762756530000,28,,hybrid,1210.0738163475169,1220.424295866059,1241.717759810169
2025-11-10T11:37:30,1762754850000,SENSEX,2025-11-10T12:06:30,1762756590000,29,,hybrid,1211.8299512253234,1220.8790806706295,1245.0109153097314
2025-11-10T11:37:30,1762754850000,SENSEX,2025-11-10T12:07:30,1762756650000,30,,hybrid,1207.37366558082,1215.6331788977034,1242.2398296093354
2025-11-10T11:37:30,1762754850000,SENSEX,2025-11-10T12:08:30,1762756710000,31,,hybrid,1211.5058948891792,1219.798298226845,1246.740161311888
2025-11-10T11:37:30,1762754850000,SENSEX,2025-11-10T12:09:30,1762756770000,32,,hybrid,1208.88501848861,1219.8688886945035,1246.860581823238
2025-11-10T11:37:30,1762754850000,SENSEX,2025-11-10T12:10:30,1762756830000,33,,hybrid,1205.5923439958794,1214.772889557916,1245.4376366951399
2025-11-10T11:37:30,1762754850000,SENSEX,2025-11-10T12:11:30,1762756890000,34,,hybrid,1205.3628316090787,1218.0104636765286,1249.1872499963536
2025-11-10T11:37:30,1762754850000,SENSEX,2025-11-10T12:12:30,1762756950000,35,,hybrid,1203.701350740093,1219.043864283139,1240.3095785247242
2025-11-10T11:37:30,1762754850000,SENSEX,2025-11-10T12:13:30,1762757010000,36,,hybrid,1200.030074812646,1215.9306662701224,1240.7264052623243
2025-11-10T11:37:30,1762754850000,SENSEX,2025-11-10T12:14:30,1762757070000,37,,hybrid,1206.2815867548513,1218.417319185537,1243.2615588854937
2025-11-10T11:37:30,1762754850000,SENSEX,2025-11-10T12:15:30,1762757130000,38,,hybrid,1203.5949580071947,1218.9666909327611,1243.9283306193054
2025-11-10T11:37:30,1762754850000,SENSEX,2025-11-10T12:16:30,1762757190000,39,,hybrid,1200.722034840197,1214.8459323390423,1242.5767581553155
2025-11-10T11:37:30,1762754850000,SENSEX,2025-11-10T12:17:30,1762757250000,40,,hybrid,1206.0880016017284,1218.4563117127805,1244.4822706462664
2025-11-10T11:37:30,1762754850000,SENSEX,2025-11-10T12:18:30,1762757310000,41,,hybrid,1205.1628437356308,1219.7242782363828,1240.8269802097284
2025-11-10T11:37:30,1762754850000,SENSEX,2025-11-10T12:19:30,1762757370000,42,,hybrid,1200.608344257721,1216.1349925220973,1249.7076070913472
2025-11-10T11:37:30,1762754850000,SENSEX,2025-11-10T12:20:30,1762757430000,43,,hybrid,1206.1360729600754,1220.7893506951605,1247.2122607349093
2025-11-10T11:37:30,1762754850000,SENSEX,2025-11-10T12:21:30,1762757490000,44,,hybrid,1201.6677385532548,1221.1475964367937,1256.0244085639704
2025-11-10T11:37:30,1762754850000,SENSEX,2025-11-10T12:22:30,1762757550000,45,,hybrid,1196.717584337742,1217.197964753565,1253.9670447646254
2025-11-10T11:37:30,1762754850000,SENSEX,2025-11-10T12:23:30,1762757610000,46,,hybrid,1199.7161612283917,1222.3890442704069,1251.8078525907658
2025-11-10T11:37:30,1762754850000,SENSEX,2025-11-10T12:24:30,1762757670000,47,,hybrid,1198.55667574094,1221.9331348505,1250.7010583061187
2025-11-10T11:37:30,1762754850000,SENSEX,2025-11-10T12:25:30,1762757730000,48,,hybrid,1194.321923115287,1218.0513306938437,1249.859601172672
2025-11-10T11:37:30,1762754850000,SENSEX,2025-11-10T12:26:30,1762757790000,49,,hybrid,1197.1237281065346,1222.6939008741383,1254.0853744974825
2025-11-10T11:37:30,1762754850000,SENSEX,2025-11-10T12:27:30,1762757850000,50,,hybrid,1196.0144485383753,1221.9395390082764,1250.3334994715415
2025-11-10T11:37:30,1762754850000,SENSEX,2025-11-10T12:28:30,1762757910000,51,,hybrid,1190.8948063699468,1218.0032887970776,1249.4620289168872
2025-11-10T11:37:30,1762754850000,SENSEX,2025-11-10T12:29:30,1762757970000,52,,hybrid,1197.1266797693982,1222.1681663064192,1246.2562118062774
2025-11-10T11:37:30,1762754850000,SENSEX,2025-11-10T12:30:30,1762758030000,53,,hybrid,1197.255431351491,1222.1814029399618,1244.7509594191479
2025-11-10T11:37:30,1762754850000,SENSEX,2025-11-10T12:31:30,1762758090000,54,,hybrid,1195.9885991601698,1212.6331033210308,1242.4154414927607
2025-11-10T11:37:30,1762754850000,SENSEX,2025-11-10T12:32:30,1762758150000,55,,hybrid,1191.756280116581,1222.5122283415533,1243.6713092774264
2025-11-10T11:37:30,1762754850000,SENSEX,2025-11-10T12:33:30,1762758210000,56,,hybrid,1192.2206226468315,1222.2594632790986,1235.609865217398
2025-11-10T11:37:30,1762754850000,SENSEX,2025-11-10T12:34:30,1762758270000,57,,hybrid,1189.559893919394,1219.0039436590819,1229.660817566348
2025-11-10T11:37:30,1762754850000,SENSEX,2025-11-10T12:35:30,1762758330000,58,,hybrid,1195.462401518749,1217.6149950683784,1236.9984350893494
2025-11-10T11:37:30,1762754850000,SENSEX,2025-11-10T12:36:30,1762758390000,59,,hybrid,1192.1790841866543,1220.9081860073077,1233.547279502899
2025-11-10T11:37:30,1762754850000,SENSEX,2025-11-10T12:37:30,1762758450000,60,,hybrid,1199.705873883399,1213.7027587108723,1236.5972900560187
2025-11-10T11:37:30,1762754850000,SENSEX,2025-11-10T11:38:30,1762754910000,1,,hybrid,1217.914438836733,1224.9,1248.3744807074054
2025-11-10T11:37:30,1762754850000,SENSEX,2025-11-10T11:39:30,1762754970000,2,,hybrid,1218.2334207429883,1224.2772930268009,1246.4300803600506
2025-11-10T11:37:30,1762754850000,SENSEX,2025-11-10T11:40:30,1762755030000,3,,hybrid,1215.5720086368806,1220.179002777745,1252.0772571942246
2025-11-10T11:37:30,1762754850000,SENSEX,2025-11-10T11:41:30,1762755090000,4,,hybrid,1217.2711579288928,1223.1446644095547,1249.986116426235
2025-11-10T11:37:30,1762754850000,SENSEX,2025-11-10T11:42:30,1762755150000,5,,hybrid,1217.0152166952323,1222.3844159285077,1252.597173068706
2025-11-10T11:37:30,1762754850000,SENSEX,2025-11-10T11:43:30,1762755210000,6,,hybrid,1213.8060248289619,1219.5408405350015,1246.1072852645725
2025-11-10T11:37:30,1762754850000,SENSEX,2025-11-10T11:44:30,1762755270000,7,,hybrid,1214.7585650291348,1224.6188353139275,1248.3755910674447
2025-11-10T11:37:30,1762754850000,SENSEX,2025-11-10T11:45:30,1762755330000,8,,hybrid,1218.079725598402,1224.8825521387066,1242.3741239438198
2025-11-10T11:37:30,1762754850000,SENSEX,2025-11-10T11:46:30,1762755390000,9,,hybrid,1214.389701332681,1221.9064916174987,1236.16473291731
2025-11-10T11:37:30,1762754850000,SENSEX,2025-11-10T11:47:30,1762755450000,10,,hybrid,1219.0017041719136,1225.6365441594673,1243.229980987189
2025-11-10T11:37:30,1762754850000,SENSEX,2025-11-10T11:48:30,1762755510000,11,,hybrid,1218.783698669619,1225.6901071902535,1240.7743074932087
2025-11-10T11:37:30,1762754850000,SENSEX,2025-11-10T11:49:30,1762755570000,12,,hybrid,1210.6229487571682,1222.1704895264666,1236.3440729207068
2025-11-10T11:37:30,1762754850000,SENSEX,2025-11-10T11:50:30,1762755630000,13,,hybrid,1211.0615023068897,1224.2063633701023,1242.618044311276
2025-11-10T11:37:30,1762754850000,SENSEX,2025-11-10T11:51:30,1762755690000,14,,hybrid,1211.4626369958357,1223.243002963427,1237.871766733032
2025-11-10T11:37:30,1762754850000,SENSEX,2025-11-10T11:52:30,1762755750000,15,,hybrid,1213.2715605502456,1221.4326394119591,1235.9407749975064
2025-11-10T11:37:30,1762754850000,SENSEX,2025-11-10T11:53:30,1762755810000,16,,hybrid,1212.7795702668095,1222.6227599138597,1242.879974451902
2025-11-10T11:37:30,1762754850000,SENSEX,2025-11-10T11:54:30,1762755870000,17,,hybrid,1213.0014973363996,1222.5740076368372,1242.451021243949
2025-11-10T11:37:30,1762754850000,SENSEX,2025-11-10T11:55:30,1762755930000,18,,hybrid,1209.6719016719605,1218.499997336786,1239.7706975248748
2025-11-10T11:37:30,1762754850000,SENSEX,2025-11-10T11:56:30,1762755990000,19,,hybrid,1213.2181500013605,1222.5783625182623,1247.1574467087173
2025-11-10T11:37:30,1762754850000,SENSEX,2025-11-10T11:57:30,1762756050000,20,,hybrid,1214.0591479989735,1223.465465647037,1249.2672776115185
2025-11-10T11:37:30,1762754850000,SENSEX,2025-11-10T11:58:30,1762756110000,21,,hybrid,1210.6960702033646,1219.450187047263,1236.997499287669
2025-11-10T11:37:30,1762754850000,SENSEX,2025-11-10T11:59:30,1762756170000,22,,hybrid,1211.415428359166,1223.0377798468633,1251.0163651585246
2025-11-10T11:37:30,1762754850000,SENSEX,2025-11-10T12:00:30,1762756230000,23,,hybrid,1211.2481792198416,1223.6230740246249,1240.9369385718442
2025-11-10T11:37:30,1762754850000,SENSEX,2025-11-10T12:01:30,1762756290000,24,,hybrid,1206.6254286906526,1220.4542792201823,1244.6750498207373
2025-11-10T11:37:30,1762754850000,SENSEX,2025-11-10T12:02:30,1762756350000,25,,hybrid,1205.4996354378843,1222.2906267734854,1248.1106731614038
2025-11-10T11:37:30,1762754850000,SENSEX,2025-11-10T12:03:30,1762756410000,26,,hybrid,1204.6852440384928,1222.5652836566796,1240.8599142750033
2025-11-10T11:37:30,1762754850000,SENSEX,2025-11-10T12:04:30,1762756470000,27,,hybrid,1204.051879683691,1220.2654314184763,1238.8716267085088
2025-11-10T11:37:30,1762754850000,SENSEX,2025-11-10T12:05:30,1762756530000,28,,hybrid,1210.0738163475169,1220.424295866059,1241.717759810169
2025-11-10T11:37:30,1762754850000,SENSEX,2025-11-10T12:06:30,1762756590000,29,,hybrid,1211.8299512253234,1220.8790806706295,1245.0109153097314
2025-11-10T11:37:30,1762754850000,SENSEX,2025-11-10T12:07:30,1762756650000,30,,hybrid,1207.37366558082,1215.6331788977034,1242.2398296093354
2025-11-10T11:37:30,1762754850000,SENSEX,2025-11-10T12:08:30,1762756710000,31,,hybrid,1211.5058948891792,1219.798298226845,1246.740161311888
2025-11-10T11:37:30,1762754850000,SENSEX,2025-11-10T12:09:30,1762756770000,32,,hybrid,1208.88501848861,1219.8688886945035,1246.860581823238
2025-11-10T11:37:30,1762754850000,SENSEX,2025-11-10T12:10:30,1762756830000,33,,hybrid,1205.5923439958794,1214.772889557916,1245.4376366951399
2025-11-10T11:37:30,1762754850000,SENSEX,2025-11-10T12:11:30,1762756890000,34,,hybrid,1205.3628316090787,1218.0104636765286,1249.1872499963536
2025-11-10T11:37:30,1762754850000,SENSEX,2025-11-10T12:12:30,1762756950000,35,,hybrid,1203.701350740093,1219.043864283139,1240.3095785247242
2025-11-10T11:37:30,1762754850000,SENSEX,2025-11-10T12:13:30,1762757010000,36,,hybrid,1200.030074812646,1215.9306662701224,1240.7264052623243
2025-11-10T11:37:30,1762754850000,SENSEX,2025-11-10T12:14:30,1762757070000,37,,hybrid,1206.2815867548513,1218.417319185537,1243.2615588854937
2025-11-10T11:37:30,1762754850000,SENSEX,2025-11-10T12:15:30,1762757130000,38,,hybrid,1203.5949580071947,1218.9666909327611,1243.9283306193054
2025-11-10T11:37:30,1762754850000,SENSEX,2025-11-10T12:16:30,1762757190000,39,,hybrid,1200.722034840197,1214.8459323390423,1242.5767581553155
2025-11-10T11:37:30,1762754850000,SENSEX,2025-11-10T12:17:30,1762757250000,40,,hybrid,1206.0880016017284,1218.4563117127805,1244.4822706462664
2025-11-10T11:37:30,1762754850000,SENSEX,2025-11-10T12:18:30,1762757310000,41,,hybrid,1205.1628437356308,1219.7242782363828,1240.8269802097284
2025-11-10T11:37:30,1762754850000,SENSEX,2025-11-10T12:19:30,1762757370000,42,,hybrid,1200.608344257721,1216.1349925220973,1249.7076070913472
2025-11-10T11:37:30,1762754850000,SENSEX,2025-11-10T12:20:30,1762757430000,43,,hybrid,1206.1360729600754,1220.7893506951605,1247.2122607349093
2025-11-10T11:37:30,1762754850000,SENSEX,2025-11-10T12:21:30,1762757490000,44,,hybrid,1201.6677385532548,1221.1475964367937,1256.0244085639704
2025-11-10T11:37:30,1762754850000,SENSEX,2025-11-10T12:22:30,1762757550000,45,,hybrid,1196.717584337742,1217.197964753565,1253.9670447646254
2025-11-10T11:37:30,1762754850000,SENSEX,2025-11-10T12:23:30,1762757610000,46,,hybrid,1199.7161612283917,1222.3890442704069,1251.8078525907658
2025-11-10T11:37:30,1762754850000,SENSEX,2025-11-10T12:24:30,1762757670000,47,,hybrid,1198.55667574094,1221.9331348505,1250.7010583061187
2025-11-10T11:37:30,1762754850000,SENSEX,2025-11-10T12:25:30,1762757730000,48,,hybrid,1194.321923115287,1218.0513306938437,1249.859601172672
2025-11-10T11:37:30,1762754850000,SENSEX,2025-11-10T12:26:30,1762757790000,49,,hybrid,1197.1237281065346,1222.6939008741383,1254.0853744974825
2025-11-10T11:37:30,1762754850000,SENSEX,2025-11-10T12:27:30,1762757850000,50,,hybrid,1196.0144485383753,1221.9395390082764,1250.3334994715415
2025-11-10T11:37:30,1762754850000,SENSEX,2025-11-10T12:28:30,1762757910000,51,,hybrid,1190.8948063699468,1218.0032887970776,1249.4620289168872
2025-11-10T11:37:30,1762754850000,SENSEX,2025-11-10T12:29:30,1762757970000,52,,hybrid,1197.1266797693982,1222.1681663064192,1246.2562118062774
2025-11-10T11:37:30,1762754850000,SENSEX,2025-11-10T12:30:30,1762758030000,53,,hybrid,1197.255431351491,1222.1814029399618,1244.7509594191479
2025-11-10T11:37:30,1762754850000,SENSEX,2025-11-10T12:31:30,1762758090000,54,,hybrid,1195.9885991601698,1212.6331033210308,1242.4154414927607
2025-11-10T11:37:30,1762754850000,SENSEX,2025-11-10T12:32:30,1762758150000,55,,hybrid,1191.756280116581,1222.5122283415533,1243.6713092774264
2025-11-10T11:37:30,1762754850000,SENSEX,2025-11-10T12:33:30,1762758210000,56,,hybrid,1192.2206226468315,1222.2594632790986,1235.609865217398
2025-11-10T11:37:30,1762754850000,SENSEX,2025-11-10T12:34:30,1762758270000,57,,hybrid,1189.559893919394,1219.0039436590819,1229.660817566348
2025-11-10T11:37:30,1762754850000,SENSEX,2025-11-10T12:35:30,1762758330000,58,,hybrid,1195.462401518749,1217.6149950683784,1236.9984350893494
2025-11-10T11:37:30,1762754850000,SENSEX,2025-11-10T12:36:30,1762758390000,59,,hybrid,1192.1790841866543,1220.9081860073077,1233.547279502899
2025-11-10T11:37:30,1762754850000,SENSEX,2025-11-10T12:37:30,1762758450000,60,,hybrid,1199.705873883399,1213.7027587108723,1236.5972900560187
2025-11-10T11:37:30,1762754850000,SENSEX,2025-11-10T11:38:30,1762754910000,1,,hybrid,1217.914438836733,1224.9,1248.3744807074054
2025-11-10T11:37:30,1762754850000,SENSEX,2025-11-10T11:39:30,1762754970000,2,,hybrid,1218.2334207429883,1224.2772930268009,1246.4300803600506
2025-11-10T11:37:30,1762754850000,SENSEX,2025-11-10T11:40:30,1762755030000,3,,hybrid,1215.5720086368806,1220.179002777745,1252.0772571942246
2025-11-10T11:37:30,1762754850000,SENSEX,2025-11-10T11:41:30,1762755090000,4,,hybrid,1217.2711579288928,1223.1446644095547,1249.986116426235
2025-11-10T11:37:30,1762754850000,SENSEX,2025-11-10T11:42:30,1762755150000,5,,hybrid,1217.0152166952323,1222.3844159285077,1252.597173068706
2025-11-10T11:37:30,1762754850000,SENSEX,2025-11-10T11:43:30,1762755210000,6,,hybrid,1213.8060248289619,1219.5408405350015,1246.1072852645725
2025-11-10T11:37:30,1762754850000,SENSEX,2025-11-10T11:44:30,1762755270000,7,,hybrid,1214.7585650291348,1224.6188353139275,1248.3755910674447
2025-11-10T11:37:30,1762754850000,SENSEX,2025-11-10T11:45:30,1762755330000,8,,hybrid,1218.079725598402,1224.8825521387066,1242.3741239438198
2025-11-10T11:37:30,1762754850000,SENSEX,2025-11-10T11:46:30,1762755390000,9,,hybrid,1214.389701332681,1221.9064916174987,1236.16473291731
2025-11-10T11:37:30,1762754850000,SENSEX,2025-11-10T11:47:30,1762755450000,10,,hybrid,1219.0017041719136,1225.6365441594673,1243.229980987189
2025-11-10T11:37:30,1762754850000,SENSEX,2025-11-10T11:48:30,1762755510000,11,,hybrid,1218.783698669619,1225.6901071902535,1240.7743074932087
2025-11-10T11:37:30,1762754850000,SENSEX,2025-11-10T11:49:30,1762755570000,12,,hybrid,1210.6229487571682,1222.1704895264666,1236.3440729207068
2025-11-10T11:37:30,1762754850000,SENSEX,2025-11-10T11:50:30,1762755630000,13,,hybrid,1211.0615023068897,1224.2063633701023,1242.618044311276
2025-11-10T11:37:30,1762754850000,SENSEX,2025-11-10T11:51:30,1762755690000,14,,hybrid,1211.4626369958357,1223.243002963427,1237.871766733032
2025-11-10T11:37:30,1762754850000,SENSEX,2025-11-10T11:52:30,1762755750000,15,,hybrid,1213.2715605502456,1221.4326394119591,1235.9407749975064
2025-11-10T11:37:30,1762754850000,SENSEX,2025-11-10T11:53:30,1762755810000,16,,hybrid,1212.7795702668095,1222.6227599138597,1242.879974451902
2025-11-10T11:37:30,1762754850000,SENSEX,2025-11-10T11:54:30,1762755870000,17,,hybrid,1213.0014973363996,1222.5740076368372,1242.451021243949
2025-11-10T11:37:30,1762754850000,SENSEX,2025-11-10T11:55:30,1762755930000,18,,hybrid,1209.6719016719605,1218.499997336786,1239.7706975248748
2025-11-10T11:37:30,1762754850000,SENSEX,2025-11-10T11:56:30,1762755990000,19,,hybrid,1213.2181500013605,1222.5783625182623,1247.1574467087173
2025-11-10T11:37:30,1762754850000,SENSEX,2025-11-10T11:57:30,1762756050000,20,,hybrid,1214.0591479989735,1223.465465647037,1249.2672776115185
2025-11-10T11:37:30,1762754850000,SENSEX,2025-11-10T11:58:30,1762756110000,21,,hybrid,1210.6960702033646,1219.450187047263,1236.997499287669
2025-11-10T11:37:30,1762754850000,SENSEX,2025-11-10T11:59:30,1762756170000,22,,hybrid,1211.415428359166,1223.0377798468633,1251.0163651585246
2025-11-10T11:37:30,1762754850000,SENSEX,2025-11-10T12:00:30,1762756230000,23,,hybrid,1211.2481792198416,1223.6230740246249,1240.9369385718442
2025-11-10T11:37:30,1762754850000,SENSEX,2025-11-10T12:01:30,1762756290000,24,,hybrid,1206.6254286906526,1220.4542792201823,1244.6750498207373
2025-11-10T11:37:30,1762754850000,SENSEX,2025-11-10T12:02:30,1762756350000,25,,hybrid,1205.4996354378843,1222.2906267734854,1248.1106731614038
2025-11-10T11:37:30,1762754850000,SENSEX,2025-11-10T12:03:30,1762756410000,26,,hybrid,1204.6852440384928,1222.5652836566796,1240.8599142750033
2025-11-10T11:37:30,1762754850000,SENSEX,2025-11-10T12:04:30,1762756470000,27,,hybrid,1204.051879683691,1220.2654314184763,1238.8716267085088
2025-11-10T11:37:30,1762754850000,SENSEX,2025-11-10T12:05:30,1762756530000,28,,hybrid,1210.0738163475169,1220.424295866059,1241.717759810169
2025-11-10T11:37:30,1762754850000,SENSEX,2025-11-10T12:06:30,1762756590000,29,,hybrid,1211.8299512253234,1220.8790806706295,1245.0109153097314
2025-11-10T11:37:30,1762754850000,SENSEX,2025-11-10T12:07:30,1762756650000,30,,hybrid,1207.37366558082,1215.6331788977034,1242.2398296093354
2025-11-10T11:37:30,1762754850000,SENSEX,2025-11-10T12:08:30,1762756710000,31,,hybrid,1211.5058948891792,1219.798298226845,1246.740161311888
2025-11-10T11:37:30,1762754850000,SENSEX,2025-11-10T12:09:30,1762756770000,32,,hybrid,1208.88501848861,1219.8688886945035,1246.860581823238
2025-11-10T11:37:30,1762754850000,SENSEX,2025-11-10T12:10:30,1762756830000,33,,hybrid,1205.5923439958794,1214.772889557916,1245.4376366951399
2025-11-10T11:37:30,1762754850000,SENSEX,2025-11-10T12:11:30,1762756890000,34,,hybrid,1205.3628316090787,1218.0104636765286,1249.1872499963536
2025-11-10T11:37:30,1762754850000,SENSEX,2025-11-10T12:12:30,1762756950000,35,,hybrid,1203.701350740093,1219.043864283139,1240.3095785247242
2025-11-10T11:37:30,1762754850000,SENSEX,2025-11-10T12:13:30,1762757010000,36,,hybrid,1200.030074812646,1215.9306662701224,1240.7264052623243
2025-11-10T11:37:30,1762754850000,SENSEX,2025-11-10T12:14:30,1762757070000,37,,hybrid,1206.2815867548513,1218.417319185537,1243.2615588854937
2025-11-10T11:37:30,1762754850000,SENSEX,2025-11-10T12:15:30,1762757130000,38,,hybrid,1203.5949580071947,1218.9666909327611,1243.9283306193054
2025-11-10T11:37:30,1762754850000,SENSEX,2025-11-10T12:16:30,1762757190000,39,,hybrid,1200.722034840197,1214.8459323390423,1242.5767581553155
2025-11-10T11:37:30,1762754850000,SENSEX,2025-11-10T12:17:30,1762757250000,40,,hybrid,1206.0880016017284,1218.4563117127805,1244.4822706462664
2025-11-10T11:37:30,1762754850000,SENSEX,2025-11-10T12:18:30,1762757310000,41,,hybrid,1205.1628437356308,1219.7242782363828,1240.8269802097284
2025-11-10T11:37:30,1762754850000,SENSEX,2025-11-10T12:19:30,1762757370000,42,,hybrid,1200.608344257721,1216.1349925220973,1249.7076070913472
2025-11-10T11:37:30,1762754850000,SENSEX,2025-11-10T12:20:30,1762757430000,43,,hybrid,1206.1360729600754,1220.7893506951605,1247.2122607349093
2025-11-10T11:37:30,1762754850000,SENSEX,2025-11-10T12:21:30,1762757490000,44,,hybrid,1201.6677385532548,1221.1475964367937,1256.0244085639704
2025-11-10T11:37:30,1762754850000,SENSEX,2025-11-10T12:22:30,1762757550000,45,,hybrid,1196.717584337742,1217.197964753565,1253.9670447646254
2025-11-10T11:37:30,1762754850000,SENSEX,2025-11-10T12:23:30,1762757610000,46,,hybrid,1199.7161612283917,1222.3890442704069,1251.8078525907658
2025-11-10T11:37:30,1762754850000,SENSEX,2025-11-10T12:24:30,1762757670000,47,,hybrid,1198.55667574094,1221.9331348505,1250.7010583061187
2025-11-10T11:37:30,1762754850000,SENSEX,2025-11-10T12:25:30,1762757730000,48,,hybrid,1194.321923115287,1218.0513306938437,1249.859601172672
2025-11-10T11:37:30,1762754850000,SENSEX,2025-11-10T12:26:30,1762757790000,49,,hybrid,1197.1237281065346,1222.6939008741383,1254.0853744974825
2025-11-10T11:37:30,1762754850000,SENSEX,2025-11-10T12:27:30,1762757850000,50,,hybrid,1196.0144485383753,1221.9395390082764,1250.3334994715415
2025-11-10T11:37:30,1762754850000,SENSEX,2025-11-10T12:28:30,1762757910000,51,,hybrid,1190.8948063699468,1218.0032887970776,1249.4620289168872
2025-11-10T11:37:30,1762754850000,SENSEX,2025-11-10T12:29:30,1762757970000,52,,hybrid,1197.1266797693982,1222.1681663064192,1246.2562118062774
2025-11-10T11:37:30,1762754850000,SENSEX,2025-11-10T12:30:30,1762758030000,53,,hybrid,1197.255431351491,1222.1814029399618,1244.7509594191479
2025-11-10T11:37:30,1762754850000,SENSEX,2025-11-10T12:31:30,1762758090000,54,,hybrid,1195.9885991601698,1212.6331033210308,1242.4154414927607
2025-11-10T11:37:30,1762754850000,SENSEX,2025-11-10T12:32:30,1762758150000,55,,hybrid,1191.756280116581,1222.5122283415533,1243.6713092774264
2025-11-10T11:37:30,1762754850000,SENSEX,2025-11-10T12:33:30,1762758210000,56,,hybrid,1192.2206226468315,1222.2594632790986,1235.609865217398
2025-11-10T11:37:30,1762754850000,SENSEX,2025-11-10T12:34:30,1762758270000,57,,hybrid,1189.559893919394,1219.0039436590819,1229.660817566348
2025-11-10T11:37:30,1762754850000,SENSEX,2025-11-10T12:35:30,1762758330000,58,,hybrid,1195.462401518749,1217.6149950683784,1236.9984350893494
2025-11-10T11:37:30,1762754850000,SENSEX,2025-11-10T12:36:30,1762758390000,59,,hybrid,1192.1790841866543,1220.9081860073077,1233.547279502899
2025-11-10T11:37:30,1762754850000,SENSEX,2025-11-10T12:37:30,1762758450000,60,,hybrid,1199.705873883399,1213.7027587108723,1236.5972900560187
2025-11-10T11:37:30,1762754850000,SENSEX,2025-11-10T11:38:30,1762754910000,1,,hybrid,1217.914438836733,1224.9,1248.3744807074054
2025-11-10T11:37:30,1762754850000,SENSEX,2025-11-10T11:39:30,1762754970000,2,,hybrid,1218.2334207429883,1224.2772930268009,1246.4300803600506
2025-11-10T11:37:30,1762754850000,SENSEX,2025-11-10T11:40:30,1762755030000,3,,hybrid,1215.5720086368806,1220.179002777745,1252.0772571942246
2025-11-10T11:37:30,1762754850000,SENSEX,2025-11-10T11:41:30,1762755090000,4,,hybrid,1217.2711579288928,1223.1446644095547,1249.986116426235
2025-11-10T11:37:30,1762754850000,SENSEX,2025-11-10T11:42:30,1762755150000,5,,hybrid,1217.0152166952323,1222.3844159285077,1252.597173068706
2025-11-10T11:37:30,1762754850000,SENSEX,2025-11-10T11:43:30,1762755210000,6,,hybrid,1213.8060248289619,1219.5408405350015,1246.1072852645725
2025-11-10T11:37:30,1762754850000,SENSEX,2025-11-10T11:44:30,1762755270000,7,,hybrid,1214.7585650291348,1224.6188353139275,1248.3755910674447
2025-11-10T11:37:30,1762754850000,SENSEX,2025-11-10T11:45:30,1762755330000,8,,hybrid,1218.079725598402,1224.8825521387066,1242.3741239438198
2025-11-10T11:37:30,1762754850000,SENSEX,2025-11-10T11:46:30,1762755390000,9,,hybrid,1214.389701332681,1221.9064916174987,1236.16473291731
2025-11-10T11:37:30,1762754850000,SENSEX,2025-11-10T11:47:30,1762755450000,10,,hybrid,1219.0017041719136,1225.6365441594673,1243.229980987189
2025-11-10T11:37:30,1762754850000,SENSEX,2025-11-10T11:48:30,1762755510000,11,,hybrid,1218.783698669619,1225.6901071902535,1240.7743074932087
2025-11-10T11:37:30,1762754850000,SENSEX,2025-11-10T11:49:30,1762755570000,12,,hybrid,1210.6229487571682,1222.1704895264666,1236.3440729207068
2025-11-10T11:37:30,1762754850000,SENSEX,2025-11-10T11:50:30,1762755630000,13,,hybrid,1211.0615023068897,1224.2063633701023,1242.618044311276
2025-11-10T11:37:30,1762754850000,SENSEX,2025-11-10T11:51:30,1762755690000,14,,hybrid,1211.4626369958357,1223.243002963427,1237.871766733032
2025-11-10T11:37:30,1762754850000,SENSEX,2025-11-10T11:52:30,1762755750000,15,,hybrid,1213.2715605502456,1221.4326394119591,1235.9407749975064
2025-11-10T11:37:30,1762754850000,SENSEX,2025-11-10T11:53:30,1762755810000,16,,hybrid,1212.7795702668095,1222.6227599138597,1242.879974451902
2025-11-10T11:37:30,1762754850000,SENSEX,2025-11-10T11:54:30,1762755870000,17,,hybrid,1213.0014973363996,1222.5740076368372,1242.451021243949
2025-11-10T11:37:30,1762754850000,SENSEX,2025-11-10T11:55:30,1762755930000,18,,hybrid,1209.6719016719605,1218.499997336786,1239.7706975248748
2025-11-10T11:37:30,1762754850000,SENSEX,2025-11-10T11:56:30,1762755990000,19,,hybrid,1213.2181500013605,1222.5783625182623,1247.1574467087173
2025-11-10T11:37:30,1762754850000,SENSEX,2025-11-10T11:57:30,1762756050000,20,,hybrid,1214.0591479989735,1223.465465647037,1249.2672776115185
2025-11-10T11:37:30,1762754850000,SENSEX,2025-11-10T11:58:30,1762756110000,21,,hybrid,1210.6960702033646,1219.450187047263,1236.997499287669
2025-11-10T11:37:30,1762754850000,SENSEX,2025-11-10T11:59:30,1762756170000,22,,hybrid,1211.415428359166,1223.0377798468633,1251.0163651585246
2025-11-10T11:37:30,1762754850000,SENSEX,2025-11-10T12:00:30,1762756230000,23,,hybrid,1211.2481792198416,1223.6230740246249,1240.9369385718442
2025-11-10T11:37:30,1762754850000,SENSEX,2025-11-10T12:01:30,1762756290000,24,,hybrid,1206.6254286906526,1220.4542792201823,1244.6750498207373
2025-11-10T11:37:30,1762754850000,SENSEX,2025-11-10T12:02:30,1762756350000,25,,hybrid,1205.4996354378843,1222.2906267734854,1248.1106731614038
2025-11-10T11:37:30,1762754850000,SENSEX,2025-11-10T12:03:30,1762756410000,26,,hybrid,1204.6852440384928,1222.5652836566796,1240.8599142750033
2025-11-10T11:37:30,1762754850000,SENSEX,2025-11-10T12:04:30,1762756470000,27,,hybrid,1204.051879683691,1220.2654314184763,1238.8716267085088
2025-11-10T11:37:30,1762754850000,SENSEX,2025-11-10T12:05:30,1762756530000,28,,hybrid,1210.0738163475169,1220.424295866059,1241.717759810169
2025-11-10T11:37:30,1762754850000,SENSEX,2025-11-10T12:06:30,1762756590000,29,,hybrid,1211.8299512253234,1220.8790806706295,1245.0109153097314
2025-11-10T11:37:30,1762754850000,SENSEX,2025-11-10T12:07:30,1762756650000,30,,hybrid,1207.37366558082,1215.6331788977034,1242.2398296093354
2025-11-10T11:37:30,1762754850000,SENSEX,2025-11-10T12:08:30,1762756710000,31,,hybrid,1211.5058948891792,1219.798298226845,1246.740161311888
2025-11-10T11:37:30,1762754850000,SENSEX,2025-11-10T12:09:30,1762756770000,32,,hybrid,1208.88501848861,1219.8688886945035,1246.860581823238
2025-11-10T11:37:30,1762754850000,SENSEX,2025-11-10T12:10:30,1762756830000,33,,hybrid,1205.5923439958794,1214.772889557916,1245.4376366951399
2025-11-10T11:37:30,1762754850000,SENSEX,2025-11-10T12:11:30,1762756890000,34,,hybrid,1205.3628316090787,1218.0104636765286,1249.1872499963536
2025-11-10T11:37:30,1762754850000,SENSEX,2025-11-10T12:12:30,1762756950000,35,,hybrid,1203.701350740093,1219.043864283139,1240.3095785247242
2025-11-10T11:37:30,1762754850000,SENSEX,2025-11-10T12:13:30,1762757010000,36,,hybrid,1200.030074812646,1215.9306662701224,1240.7264052623243
2025-11-10T11:37:30,1762754850000,SENSEX,2025-11-10T12:14:30,1762757070000,37,,hybrid,1206.2815867548513,1218.417319185537,1243.2615588854937
2025-11-10T11:37:30,1762754850000,SENSEX,2025-11-10T12:15:30,1762757130000,38,,hybrid,1203.5949580071947,1218.9666909327611,1243.9283306193054
2025-11-10T11:37:30,1762754850000,SENSEX,2025-11-10T12:16:30,1762757190000,39,,hybrid,1200.722034840197,1214.8459323390423,1242.5767581553155
2025-11-10T11:37:30,1762754850000,SENSEX,2025-11-10T12:17:30,1762757250000,40,,hybrid,1206.0880016017284,1218.4563117127805,1244.4822706462664
2025-11-10T11:37:30,1762754850000,SENSEX,2025-11-10T12:18:30,1762757310000,41,,hybrid,1205.1628437356308,1219.7242782363828,1240.8269802097284
2025-11-10T11:37:30,1762754850000,SENSEX,2025-11-10T12:19:30,1762757370000,42,,hybrid,1200.608344257721,1216.1349925220973,1249.7076070913472
2025-11-10T11:37:30,1762754850000,SENSEX,2025-11-10T12:20:30,1762757430000,43,,hybrid,1206.1360729600754,1220.7893506951605,1247.2122607349093
2025-11-10T11:37:30,1762754850000,SENSEX,2025-11-10T12:21:30,1762757490000,44,,hybrid,1201.6677385532548,1221.1475964367937,1256.0244085639704
2025-11-10T11:37:30,1762754850000,SENSEX,2025-11-10T12:22:30,1762757550000,45,,hybrid,1196.717584337742,1217.197964753565,1253.9670447646254
2025-11-10T11:37:30,1762754850000,SENSEX,2025-11-10T12:23:30,1762757610000,46,,hybrid,1199.7161612283917,1222.3890442704069,1251.8078525907658
2025-11-10T11:37:30,1762754850000,SENSEX,2025-11-10T12:24:30,1762757670000,47,,hybrid,1198.55667574094,1221.9331348505,1250.7010583061187
2025-11-10T11:37:30,1762754850000,SENSEX,2025-11-10T12:25:30,1762757730000,48,,hybrid,1194.321923115287,1218.0513306938437,1249.859601172672
2025-11-10T11:37:30,1762754850000,SENSEX,2025-11-10T12:26:30,1762757790000,49,,hybrid,1197.1237281065346,1222.6939008741383,1254.0853744974825
2025-11-10T11:37:30,1762754850000,SENSEX,2025-11-10T12:27:30,1762757850000,50,,hybrid,1196.0144485383753,1221.9395390082764,1250.3334994715415
2025-11-10T11:37:30,1762754850000,SENSEX,2025-11-10T12:28:30,1762757910000,51,,hybrid,1190.8948063699468,1218.0032887970776,1249.4620289168872
2025-11-10T11:37:30,1762754850000,SENSEX,2025-11-10T12:29:30,1762757970000,52,,hybrid,1197.1266797693982,1222.1681663064192,1246.2562118062774
2025-11-10T11:37:30,1762754850000,SENSEX,2025-11-10T12:30:30,1762758030000,53,,hybrid,1197.255431351491,1222.1814029399618,1244.7509594191479
2025-11-10T11:37:30,1762754850000,SENSEX,2025-11-10T12:31:30,1762758090000,54,,hybrid,1195.9885991601698,1212.6331033210308,1242.4154414927607
2025-11-10T11:37:30,1762754850000,SENSEX,2025-11-10T12:32:30,1762758150000,55,,hybrid,1191.756280116581,1222.5122283415533,1243.6713092774264
2025-11-10T11:37:30,1762754850000,SENSEX,2025-11-10T12:33:30,1762758210000,56,,hybrid,1192.2206226468315,1222.2594632790986,1235.609865217398
2025-11-10T11:37:30,1762754850000,SENSEX,2025-11-10T12:34:30,1762758270000,57,,hybrid,1189.559893919394,1219.0039436590819,1229.660817566348
2025-11-10T11:37:30,1762754850000,SENSEX,2025-11-10T12:35:30,1762758330000,58,,hybrid,1195.462401518749,1217.6149950683784,1236.9984350893494
2025-11-10T11:37:30,1762754850000,SENSEX,2025-11-10T12:36:30,1762758390000,59,,hybrid,1192.1790841866543,1220.9081860073077,1233.547279502899
2025-11-10T11:37:30,1762754850000,SENSEX,2025-11-10T12:37:30,1762758450000,60,,hybrid,1199.705873883399,1213.7027587108723,1236.5972900560187
2025-11-10T11:37:30,1762754850000,SENSEX,2025-11-10T11:38:30,1762754910000,1,,hybrid,1217.914438836733,1224.9,1248.3744807074054
2025-11-10T11:37:30,1762754850000,SENSEX,2025-11-10T11:39:30,1762754970000,2,,hybrid,1218.2334207429883,1224.2772930268009,1246.4300803600506
2025-11-10T11:37:30,1762754850000,SENSEX,2025-11-10T11:40:30,1762755030000,3,,hybrid,1215.5720086368806,1220.179002777745,1252.0772571942246
2025-11-10T11:37:30,1762754850000,SENSEX,2025-11-10T11:41:30,1762755090000,4,,hybrid,1217.2711579288928,1223.1446644095547,1249.986116426235
2025-11-10T11:37:30,1762754850000,SENSEX,2025-11-10T11:42:30,1762755150000,5,,hybrid,1217.0152166952323,1222.3844159285077,1252.597173068706
2025-11-10T11:37:30,1762754850000,SENSEX,2025-11-10T11:43:30,1762755210000,6,,hybrid,1213.8060248289619,1219.5408405350015,1246.1072852645725
2025-11-10T11:37:30,1762754850000,SENSEX,2025-11-10T11:44:30,1762755270000,7,,hybrid,1214.7585650291348,1224.6188353139275,1248.3755910674447
2025-11-10T11:37:30,1762754850000,SENSEX,2025-11-10T11:45:30,1762755330000,8,,hybrid,1218.079725598402,1224.8825521387066,1242.3741239438198
2025-11-10T11:37:30,1762754850000,SENSEX,2025-11-10T11:46:30,1762755390000,9,,hybrid,1214.389701332681,1221.9064916174987,1236.16473291731
2025-11-10T11:37:30,1762754850000,SENSEX,2025-11-10T11:47:30,1762755450000,10,,hybrid,1219.0017041719136,1225.6365441594673,1243.229980987189
2025-11-10T11:37:30,1762754850000,SENSEX,2025-11-10T11:48:30,1762755510000,11,,hybrid,1218.783698669619,1225.6901071902535,1240.7743074932087
2025-11-10T11:37:30,1762754850000,SENSEX,2025-11-10T11:49:30,1762755570000,12,,hybrid,1210.6229487571682,1222.1704895264666,1236.3440729207068
2025-11-10T11:37:30,1762754850000,SENSEX,2025-11-10T11:50:30,1762755630000,13,,hybrid,1211.0615023068897,1224.2063633701023,1242.618044311276
2025-11-10T11:37:30,1762754850000,SENSEX,2025-11-10T11:51:30,1762755690000,14,,hybrid,1211.4626369958357,1223.243002963427,1237.871766733032
2025-11-10T11:37:30,1762754850000,SENSEX,2025-11-10T11:52:30,1762755750000,15,,hybrid,1213.2715605502456,1221.4326394119591,1235.9407749975064
2025-11-10T11:37:30,1762754850000,SENSEX,2025-11-10T11:53:30,1762755810000,16,,hybrid,1212.7795702668095,1222.6227599138597,1242.879974451902
2025-11-10T11:37:30,1762754850000,SENSEX,2025-11-10T11:54:30,1762755870000,17,,hybrid,1213.0014973363996,1222.5740076368372,1242.451021243949
2025-11-10T11:37:30,1762754850000,SENSEX,2025-11-10T11:55:30,1762755930000,18,,hybrid,1209.6719016719605,1218.499997336786,1239.7706975248748
2025-11-10T11:37:30,1762754850000,SENSEX,2025-11-10T11:56:30,1762755990000,19,,hybrid,1213.2181500013605,1222.5783625182623,1247.1574467087173
2025-11-10T11:37:30,1762754850000,SENSEX,2025-11-10T11:57:30,1762756050000,20,,hybrid,1214.0591479989735,1223.465465647037,1249.2672776115185
2025-11-10T11:37:30,1762754850000,SENSEX,2025-11-10T11:58:30,1762756110000,21,,hybrid,1210.6960702033646,1219.450187047263,1236.997499287669
2025-11-10T11:37:30,1762754850000,SENSEX,2025-11-10T11:59:30,1762756170000,22,,hybrid,1211.415428359166,1223.0377798468633,1251.0163651585246
2025-11-10T11:37:30,1762754850000,SENSEX,2025-11-10T12:00:30,1762756230000,23,,hybrid,1211.2481792198416,1223.6230740246249,1240.9369385718442
2025-11-10T11:37:30,1762754850000,SENSEX,2025-11-10T12:01:30,1762756290000,24,,hybrid,1206.6254286906526,1220.4542792201823,1244.6750498207373
2025-11-10T11:37:30,1762754850000,SENSEX,2025-11-10T12:02:30,1762756350000,25,,hybrid,1205.4996354378843,1222.2906267734854,1248.1106731614038
2025-11-10T11:37:30,1762754850000,SENSEX,2025-11-10T12:03:30,1762756410000,26,,hybrid,1204.6852440384928,1222.5652836566796,1240.8599142750033
2025-11-10T11:37:30,1762754850000,SENSEX,2025-11-10T12:04:30,1762756470000,27,,hybrid,1204.051879683691,1220.2654314184763,1238.8716267085088
2025-11-10T11:37:30,1762754850000,SENSEX,2025-11-10T12:05:30,1762756530000,28,,hybrid,1210.0738163475169,1220.424295866059,1241.717759810169
2025-11-10T11:37:30,1762754850000,SENSEX,2025-11-10T12:06:30,1762756590000,29,,hybrid,1211.8299512253234,1220.8790806706295,1245.0109153097314
2025-11-10T11:37:30,1762754850000,SENSEX,2025-11-10T12:07:30,1762756650000,30,,hybrid,1207.37366558082,1215.6331788977034,1242.2398296093354
2025-11-10T11:37:30,1762754850000,SENSEX,2025-11-10T12:08:30,1762756710000,31,,hybrid,1211.5058948891792,1219.798298226845,1246.740161311888
2025-11-10T11:37:30,1762754850000,SENSEX,2025-11-10T12:09:30,1762756770000,32,,hybrid,1208.88501848861,1219.8688886945035,1246.860581823238
2025-11-10T11:37:30,1762754850000,SENSEX,2025-11-10T12:10:30,1762756830000,33,,hybrid,1205.5923439958794,1214.772889557916,1245.4376366951399
2025-11-10T11:37:30,1762754850000,SENSEX,2025-11-10T12:11:30,1762756890000,34,,hybrid,1205.3628316090787,1218.0104636765286,1249.1872499963536
2025-11-10T11:37:30,1762754850000,SENSEX,2025-11-10T12:12:30,1762756950000,35,,hybrid,1203.701350740093,1219.043864283139,1240.3095785247242
2025-11-10T11:37:30,1762754850000,SENSEX,2025-11-10T12:13:30,1762757010000,36,,hybrid,1200.030074812646,1215.9306662701224,1240.7264052623243
2025-11-10T11:37:30,1762754850000,SENSEX,2025-11-10T12:14:30,1762757070000,37,,hybrid,1206.2815867548513,1218.417319185537,1243.2615588854937
2025-11-10T11:37:30,1762754850000,SENSEX,2025-11-10T12:15:30,1762757130000,38,,hybrid,1203.5949580071947,1218.9666909327611,1243.9283306193054
2025-11-10T11:37:30,1762754850000,SENSEX,2025-11-10T12:16:30,1762757190000,39,,hybrid,1200.722034840197,1214.8459323390423,1242.5767581553155
2025-11-10T11:37:30,1762754850000,SENSEX,2025-11-10T12:17:30,1762757250000,40,,hybrid,1206.0880016017284,1218.4563117127805,1244.4822706462664
2025-11-10T11:37:30,1762754850000,SENSEX,2025-11-10T12:18:30,1762757310000,41,,hybrid,1205.1628437356308,1219.7242782363828,1240.8269802097284
2025-11-10T11:37:30,1762754850000,SENSEX,2025-11-10T12:19:30,1762757370000,42,,hybrid,1200.608344257721,1216.1349925220973,1249.7076070913472
2025-11-10T11:37:30,1762754850000,SENSEX,2025-11-10T12:20:30,1762757430000,43,,hybrid,1206.1360729600754,1220.7893506951605,1247.2122607349093
2025-11-10T11:37:30,1762754850000,SENSEX,2025-11-10T12:21:30,1762757490000,44,,hybrid,1201.6677385532548,1221.1475964367937,1256.0244085639704
2025-11-10T11:37:30,1762754850000,SENSEX,2025-11-10T12:22:30,1762757550000,45,,hybrid,1196.717584337742,1217.197964753565,1253.9670447646254
2025-11-10T11:37:30,1762754850000,SENSEX,2025-11-10T12:23:30,1762757610000,46,,hybrid,1199.7161612283917,1222.3890442704069,1251.8078525907658
2025-11-10T11:37:30,1762754850000,SENSEX,2025-11-10T12:24:30,1762757670000,47,,hybrid,1198.55667574094,1221.9331348505,1250.7010583061187
2025-11-10T11:37:30,1762754850000,SENSEX,2025-11-10T12:25:30,1762757730000,48,,hybrid,1194.321923115287,1218.0513306938437,1249.859601172672
2025-11-10T11:37:30,1762754850000,SENSEX,2025-11-10T12:26:30,1762757790000,49,,hybrid,1197.1237281065346,1222.6939008741383,1254.0853744974825
2025-11-10T11:37:30,1762754850000,SENSEX,2025-11-10T12:27:30,1762757850000,50,,hybrid,1196.0144485383753,1221.9395390082764,1250.3334994715415
2025-11-10T11:37:30,1762754850000,SENSEX,2025-11-10T12:28:30,1762757910000,51,,hybrid,1190.8948063699468,1218.0032887970776,1249.4620289168872
2025-11-10T11:37:30,1762754850000,SENSEX,2025-11-10T12:29:30,1762757970000,52,,hybrid,1197.1266797693982,1222.1681663064192,1246.2562118062774
2025-11-10T11:37:30,1762754850000,SENSEX,2025-11-10T12:30:30,1762758030000,53,,hybrid,1197.255431351491,1222.1814029399618,1244.7509594191479
2025-11-10T11:37:30,1762754850000,SENSEX,2025-11-10T12:31:30,1762758090000,54,,hybrid,1195.9885991601698,1212.6331033210308,1242.4154414927607
2025-11-10T11:37:30,1762754850000,SENSEX,2025-11-10T12:32:30,1762758150000,55,,hybrid,1191.756280116581,1222.5122283415533,1243.6713092774264
2025-11-10T11:37:30,1762754850000,SENSEX,2025-11-10T12:33:30,1762758210000,56,,hybrid,1192.2206226468315,1222.2594632790986,1235.609865217398
2025-11-10T11:37:30,1762754850000,SENSEX,2025-11-10T12:34:30,1762758270000,57,,hybrid,1189.559893919394,1219.0039436590819,1229.660817566348
2025-11-10T11:37:30,1762754850000,SENSEX,2025-11-10T12:35:30,1762758330000,58,,hybrid,1195.462401518749,1217.6149950683784,1236.9984350893494
2025-11-10T11:37:30,1762754850000,SENSEX,2025-11-10T12:36:30,1762758390000,59,,hybrid,1192.1790841866543,1220.9081860073077,1233.547279502899
2025-11-10T11:37:30,1762754850000,SENSEX,2025-11-10T12:37:30,1762758450000,60,,hybrid,1199.705873883399,1213.7027587108723,1236.5972900560187
2025-11-10T11:38:00,1762754880000,SENSEX,2025-11-10T11:39:00,1762754940000,1,,hybrid,1616.6573946943652,1622.9,1643.01299548863
2025-11-10T11:38:00,1762754880000,SENSEX,2025-11-10T11:40:00,1762755000000,2,,hybrid,1610.6572423843145,1618.10522774657,1641.4527597867225
2025-11-10T11:38:00,1762754880000,SENSEX,2025-11-10T11:41:00,1762755060000,3,,hybrid,1613.8935323259716,1624.2242217979506,1639.425430208066
2025-11-10T11:38:00,1762754880000,SENSEX,2025-11-10T11:42:00,1762755120000,4,,hybrid,1614.1094431981141,1624.2412687705903,1640.1562959233543
2025-11-10T11:38:00,1762754880000,SENSEX,2025-11-10T11:43:00,1762755180000,5,,hybrid,1612.2761142004701,1617.5513949868382,1642.0866495162043
2025-11-10T11:38:00,1762754880000,SENSEX,2025-11-10T11:44:00,1762755240000,6,,hybrid,1612.5162980270188,1624.4543885907458,1634.638338072218
2025-11-10T11:38:00,1762754880000,SENSEX,2025-11-10T11:45:00,1762755300000,7,,hybrid,1615.0594708408144,1622.3176596384574,1636.7319859540123
2025-11-10T11:38:00,1762754880000,SENSEX,2025-11-10T11:46:00,1762755360000,8,,hybrid,1608.6789042926353,1618.9222782661284,1631.01955313526
2025-11-10T11:38:00,1762754880000,SENSEX,2025-11-10T11:47:00,1762755420000,9,,hybrid,1611.8640242806568,1624.4543521509167,1632.9115944743874
2025-11-10T11:38:00,1762754880000,SENSEX,2025-11-10T11:48:00,1762755480000,10,,hybrid,1616.1553802935566,1621.8360456903063,1635.5550521353753
2025-11-10T11:38:00,1762754880000,SENSEX,2025-11-10T11:49:00,1762755540000,11,,hybrid,1611.4652235496767,1618.636237376846,1628.8468493598082
2025-11-10T11:38:00,1762754880000,SENSEX,2025-11-10T11:50:00,1762755600000,12,,hybrid,1615.9487462877923,1623.2473828186578,1637.8765359381243
2025-11-10T11:38:00,1762754880000,SENSEX,2025-11-10T11:51:00,1762755660000,13,,hybrid,1607.2668762255867,1622.2964574922835,1641.5654617135976
2025-11-10T11:38:00,1762754880000,SENSEX,2025-11-10T11:52:00,1762755720000,14,,hybrid,1599.7320669137557,1617.944739020978,1637.0482702796392
2025-11-10T11:38:00,1762754880000,SENSEX,2025-11-10T11:53:00,1762755780000,15,,hybrid,1613.8816287336822,1622.17710267265,1633.8701697984422
2025-11-10T11:38:00,1762754880000,SENSEX,2025-11-10T11:54:00,1762755840000,16,,hybrid,1613.0824861724218,1622.3890265976313,1640.820942995204
2025-11-10T11:38:00,1762754880000,SENSEX,2025-11-10T11:55:00,1762755900000,17,,hybrid,1607.2441819046069,1617.0256634255882,1637.3298818099468
2025-11-10T11:38:00,1762754880000,SENSEX,2025-11-10T11:56:00,1762755960000,18,,hybrid,1609.6826989337778,1621.878592666894,1641.2100943186942
2025-11-10T11:38:00,1762754880000,SENSEX,2025-11-10T11:57:00,1762756020000,19,,hybrid,1609.7671485795238,1623.1264688127205,1637.722161806515
2025-11-10T11:38:00,1762754880000,SENSEX,2025-11-10T11:58:00,1762756080000,20,,hybrid,1606.7378103189214,1616.920710677191,1639.7006963691836
2025-11-10T11:38:00,1762754880000,SENSEX,2025-11-10T11:59:00,1762756140000,21,,hybrid,1608.820305610467,1623.8510482996019,1636.468477523643
2025-11-10T11:38:00,1762754880000,SENSEX,2025-11-10T12:00:00,1762756200000,22,,hybrid,1607.4128684795603,1623.8075314552827,1638.8470652690787
2025-11-10T11:38:00,1762754880000,SENSEX,2025-11-10T12:01:00,1762756260000,23,,hybrid,1609.0580295315006,1617.3664485887064,1637.2046733109755
2025-11-10T11:38:00,1762754880000,SENSEX,2025-11-10T12:02:00,1762756320000,24,,hybrid,1603.7720683054877,1624.4982450714288,1638.0882115595327
2025-11-10T11:38:00,1762754880000,SENSEX,2025-11-10T12:03:00,1762756380000,25,,hybrid,1601.3993023155222,1622.7918971083607,1638.0956448424672
2025-11-10T11:38:00,1762754880000,SENSEX,2025-11-10T12:04:00,1762756440000,26,,hybrid,1603.7358349246108,1617.2483172414588,1639.337475091597
2025-11-10T11:38:00,1762754880000,SENSEX,2025-11-10T12:05:00,1762756500000,27,,hybrid,1604.0020765807628,1622.3702189605613,1639.7249063355948
2025-11-10T11:38:00,1762754880000,SENSEX,2025-11-10T12:06:00,1762756560000,28,,hybrid,1605.5520963014992,1621.9002161304518,1634.2449514392458
2025-11-10T11:38:00,1762754880000,SENSEX,2025-11-10T12:07:00,1762756620000,29,,hybrid,1605.9354953109028,1614.810981290989,1639.8006330095402
2025-11-10T11:38:00,1762754880000,SENSEX,2025-11-10T12:08:00,1762756680000,30,,hybrid,1604.5641541658304,1623.632088031643,1634.7461617306985
2025-11-10T11:38:00,1762754880000,SENSEX,2025-11-10T12:09:00,1762756740000,31,,hybrid,1603.0178488627384,1622.4561743050804,1635.5779634914738
2025-11-10T11:38:00,1762754880000,SENSEX,2025-11-10T12:10:00,1762756800000,32,,hybrid,1603.6510259942256,1614.757760831479,1631.6847440419049
2025-11-10T11:38:00,1762754880000,SENSEX,2025-11-10T12:11:00,1762756860000,33,,hybrid,1594.544029579721,1622.0891843647987,1635.0190347885425
2025-11-10T11:38:00,1762754880000,SENSEX,2025-11-10T12:12:00,1762756920000,34,,hybrid,1597.019572596572,1621.7815293476174,1634.7266049566015
2025-11-10T11:38:00,1762754880000,SENSEX,2025-11-10T12:13:00,1762756980000,35,,hybrid,1591.1682827568252,1614.8644189070776,1631.0052913112513
2025-11-10T11:38:00,1762754880000,SENSEX,2025-11-10T12:14:00,1762757040000,36,,hybrid,1594.8011307970373,1621.2815237675218,1634.1149862135446
2025-11-10T11:38:00,1762754880000,SENSEX,2025-11-10T12:15:00,1762757100000,37,,hybrid,1592.947000559515,1621.40639389706,1633.9739573883235
2025-11-10T11:38:00,1762754880000,SENSEX,2025-11-10T12:16:00,1762757160000,38,,hybrid,1593.4104592767367,1614.4148012998082,1631.889681018553
2025-11-10T11:38:00,1762754880000,SENSEX,2025-11-10T12:17:00,1762757220000,39,,hybrid,1590.4103196928238,1621.54724892375,1634.8247560646685
2025-11-10T11:38:00,1762754880000,SENSEX,2025-11-10T12:18:00,1762757280000,40,,hybrid,1588.5267827878465,1621.3951470251043,1633.8207961292915
2025-11-10T11:38:00,1762754880000,SENSEX,2025-11-10T12:19:00,1762757340000,41,,hybrid,1587.8218422311943,1614.1485929744335,1631.7346588074274
2025-11-10T11:38:00,1762754880000,SENSEX,2025-11-10T12:20:00,1762757400000,42,,hybrid,1587.7191155528913,1621.5870235360806,1641.6107517638027
2025-11-10T11:38:00,1762754880000,SENSEX,2025-11-10T12:21:00,1762757460000,43,,hybrid,1589.8337708567976,1618.712932823867,1641.5187374657717
2025-11-10T11:38:00,1762754880000,SENSEX,2025-11-10T12:22:00,1762757520000,44,,hybrid,1587.3950478488628,1614.1078624390377,1640.5527383652095
2025-11-10T11:38:00,1762754880000,SENSEX,2025-11-10T12:23:00,1762757580000,45,,hybrid,1597.3733764903977,1619.2967461211556,1645.7436239120636
2025-11-10T11:38:00,1762754880000,SENSEX,2025-11-10T12:24:00,1762757640000,46,,hybrid,1597.4561413818585,1618.8609287269146,1642.6916440833184
2025-11-10T11:38:00,1762754880000,SENSEX,2025-11-10T12:25:00,1762757700000,47,,hybrid,1595.5148973444398,1614.7166029136354,1636.9625385224147
2025-11-10T11:38:00,1762754880000,SENSEX,2025-11-10T12:26:00,1762757760000,48,,hybrid,1599.914414161003,1619.1510519418875,1642.3430759927373
2025-11-10T11:38:00,1762754880000,SENSEX,2025-11-10T12:27:00,1762757820000,49,,hybrid,1601.7837134855,1618.935197491238,1641.166284817083
2025-11-10T11:38:00,1762754880000,SENSEX,2025-11-10T12:28:00,1762757880000,50,,hybrid,1597.9684734193345,1615.0381365827843,1635.290357385375
2025-11-10T11:38:00,1762754880000,SENSEX,2025-11-10T12:29:00,1762757940000,51,,hybrid,1601.469013659143,1618.9193843318512,1640.3693221469775
2025-11-10T11:38:00,1762754880000,SENSEX,2025-11-10T12:30:00,1762758000000,52,,hybrid,1602.5892985181824,1618.8382783506056,1638.3447154355028
2025-11-10T11:38:00,1762754880000,SENSEX,2025-11-10T12:31:00,1762758060000,53,,hybrid,1599.148156609254,1614.4723221961744,1632.8840970078008
2025-11-10T11:38:00,1762754880000,SENSEX,2025-11-10T12:32:00,1762758120000,54,,hybrid,1598.0748559355445,1619.533237842032,1634.9878982384748
2025-11-10T11:38:00,1762754880000,SENSEX,2025-11-10T12:33:00,1762758180000,55,,hybrid,1598.6977907339901,1619.3571290306772,1636.5403901830746
2025-11-10T11:38:00,1762754880000,SENSEX,2025-11-10T12:34:00,1762758240000,56,,hybrid,1597.6141126880452,1613.6179045965082,1625.748666302233
2025-11-10T11:38:00,1762754880000,SENSEX,2025-11-10T12:35:00,1762758300000,57,,hybrid,1598.1581819057585,1620.1530187984747,1631.7864235865397
2025-11-10T11:38:00,1762754880000,SENSEX,2025-11-10T12:36:00,1762758360000,58,,hybrid,1594.312978112474,1619.4319493055987,1631.23696991043
2025-11-10T11:38:00,1762754880000,SENSEX,2025-11-10T12:37:00,1762758420000,59,,hybrid,1594.4545355726802,1616.4359598999843,1627.109455537118
2025-11-10T11:38:00,1762754880000,SENSEX,2025-11-10T12:38:00,1762758480000,60,,hybrid,1594.3717096028463,1619.324064146067,1630.6474639983098
2025-11-10T11:38:00,1762754880000,SENSEX,2025-11-10T11:39:00,1762754940000,1,,hybrid,1616.6573946943652,1622.9,1643.01299548863
2025-11-10T11:38:00,1762754880000,SENSEX,2025-11-10T11:40:00,1762755000000,2,,hybrid,1610.6572423843145,1618.10522774657,1641.4527597867225
2025-11-10T11:38:00,1762754880000,SENSEX,2025-11-10T11:41:00,1762755060000,3,,hybrid,1613.8935323259716,1624.2242217979506,1639.425430208066
2025-11-10T11:38:00,1762754880000,SENSEX,2025-11-10T11:42:00,1762755120000,4,,hybrid,1614.1094431981141,1624.2412687705903,1640.1562959233543
2025-11-10T11:38:00,1762754880000,SENSEX,2025-11-10T11:43:00,1762755180000,5,,hybrid,1612.2761142004701,1617.5513949868382,1642.0866495162043
2025-11-10T11:38:00,1762754880000,SENSEX,2025-11-10T11:44:00,1762755240000,6,,hybrid,1612.5162980270188,1624.4543885907458,1634.638338072218
2025-11-10T11:38:00,1762754880000,SENSEX,2025-11-10T11:45:00,1762755300000,7,,hybrid,1615.0594708408144,1622.3176596384574,1636.7319859540123
2025-11-10T11:38:00,1762754880000,SENSEX,2025-11-10T11:46:00,1762755360000,8,,hybrid,1608.6789042926353,1618.9222782661284,1631.01955313526
2025-11-10T11:38:00,1762754880000,SENSEX,2025-11-10T11:47:00,1762755420000,9,,hybrid,1611.8640242806568,1624.4543521509167,1632.9115944743874
2025-11-10T11:38:00,1762754880000,SENSEX,2025-11-10T11:48:00,1762755480000,10,,hybrid,1616.1553802935566,1621.8360456903063,1635.5550521353753
2025-11-10T11:38:00,1762754880000,SENSEX,2025-11-10T11:49:00,1762755540000,11,,hybrid,1611.4652235496767,1618.636237376846,1628.8468493598082
2025-11-10T11:38:00,1762754880000,SENSEX,2025-11-10T11:50:00,1762755600000,12,,hybrid,1615.9487462877923,1623.2473828186578,1637.8765359381243
2025-11-10T11:38:00,1762754880000,SENSEX,2025-11-10T11:51:00,1762755660000,13,,hybrid,1607.2668762255867,1622.2964574922835,1641.5654617135976
2025-11-10T11:38:00,1762754880000,SENSEX,2025-11-10T11:52:00,1762755720000,14,,hybrid,1599.7320669137557,1617.944739020978,1637.0482702796392
2025-11-10T11:38:00,1762754880000,SENSEX,2025-11-10T11:53:00,1762755780000,15,,hybrid,1613.8816287336822,1622.17710267265,1633.8701697984422
2025-11-10T11:38:00,1762754880000,SENSEX,2025-11-10T11:54:00,1762755840000,16,,hybrid,1613.0824861724218,1622.3890265976313,1640.820942995204
2025-11-10T11:38:00,1762754880000,SENSEX,2025-11-10T11:55:00,1762755900000,17,,hybrid,1607.2441819046069,1617.0256634255882,1637.3298818099468
2025-11-10T11:38:00,1762754880000,SENSEX,2025-11-10T11:56:00,1762755960000,18,,hybrid,1609.6826989337778,1621.878592666894,1641.2100943186942
2025-11-10T11:38:00,1762754880000,SENSEX,2025-11-10T11:57:00,1762756020000,19,,hybrid,1609.7671485795238,1623.1264688127205,1637.722161806515
2025-11-10T11:38:00,1762754880000,SENSEX,2025-11-10T11:58:00,1762756080000,20,,hybrid,1606.7378103189214,1616.920710677191,1639.7006963691836
2025-11-10T11:38:00,1762754880000,SENSEX,2025-11-10T11:59:00,1762756140000,21,,hybrid,1608.820305610467,1623.8510482996019,1636.468477523643
2025-11-10T11:38:00,1762754880000,SENSEX,2025-11-10T12:00:00,1762756200000,22,,hybrid,1607.4128684795603,1623.8075314552827,1638.8470652690787
2025-11-10T11:38:00,1762754880000,SENSEX,2025-11-10T12:01:00,1762756260000,23,,hybrid,1609.0580295315006,1617.3664485887064,1637.2046733109755
2025-11-10T11:38:00,1762754880000,SENSEX,2025-11-10T12:02:00,1762756320000,24,,hybrid,1603.7720683054877,1624.4982450714288,1638.0882115595327
2025-11-10T11:38:00,1762754880000,SENSEX,2025-11-10T12:03:00,1762756380000,25,,hybrid,1601.3993023155222,1622.7918971083607,1638.0956448424672
2025-11-10T11:38:00,1762754880000,SENSEX,2025-11-10T12:04:00,1762756440000,26,,hybrid,1603.7358349246108,1617.2483172414588,1639.337475091597
2025-11-10T11:38:00,1762754880000,SENSEX,2025-11-10T12:05:00,1762756500000,27,,hybrid,1604.0020765807628,1622.3702189605613,1639.7249063355948
2025-11-10T11:38:00,1762754880000,SENSEX,2025-11-10T12:06:00,1762756560000,28,,hybrid,1605.5520963014992,1621.9002161304518,1634.2449514392458
2025-11-10T11:38:00,1762754880000,SENSEX,2025-11-10T12:07:00,1762756620000,29,,hybrid,1605.9354953109028,1614.810981290989,1639.8006330095402
2025-11-10T11:38:00,1762754880000,SENSEX,2025-11-10T12:08:00,1762756680000,30,,hybrid,1604.5641541658304,1623.632088031643,1634.7461617306985
2025-11-10T11:38:00,1762754880000,SENSEX,2025-11-10T12:09:00,1762756740000,31,,hybrid,1603.0178488627384,1622.4561743050804,1635.5779634914738
2025-11-10T11:38:00,1762754880000,SENSEX,2025-11-10T12:10:00,1762756800000,32,,hybrid,1603.6510259942256,1614.757760831479,1631.6847440419049
2025-11-10T11:38:00,1762754880000,SENSEX,2025-11-10T12:11:00,1762756860000,33,,hybrid,1594.544029579721,1622.0891843647987,1635.0190347885425
2025-11-10T11:38:00,1762754880000,SENSEX,2025-11-10T12:12:00,1762756920000,34,,hybrid,1597.019572596572,1621.7815293476174,1634.7266049566015
2025-11-10T11:38:00,1762754880000,SENSEX,2025-11-10T12:13:00,1762756980000,35,,hybrid,1591.1682827568252,1614.8644189070776,1631.0052913112513
2025-11-10T11:38:00,1762754880000,SENSEX,2025-11-10T12:14:00,1762757040000,36,,hybrid,1594.8011307970373,1621.2815237675218,1634.1149862135446
2025-11-10T11:38:00,1762754880000,SENSEX,2025-11-10T12:15:00,1762757100000,37,,hybrid,1592.947000559515,1621.40639389706,1633.9739573883235
2025-11-10T11:38:00,1762754880000,SENSEX,2025-11-10T12:16:00,1762757160000,38,,hybrid,1593.4104592767367,1614.4148012998082,1631.889681018553
2025-11-10T11:38:00,1762754880000,SENSEX,2025-11-10T12:17:00,1762757220000,39,,hybrid,1590.4103196928238,1621.54724892375,1634.8247560646685
2025-11-10T11:38:00,1762754880000,SENSEX,2025-11-10T12:18:00,1762757280000,40,,hybrid,1588.5267827878465,1621.3951470251043,1633.8207961292915
2025-11-10T11:38:00,1762754880000,SENSEX,2025-11-10T12:19:00,1762757340000,41,,hybrid,1587.8218422311943,1614.1485929744335,1631.7346588074274
2025-11-10T11:38:00,1762754880000,SENSEX,2025-11-10T12:20:00,1762757400000,42,,hybrid,1587.7191155528913,1621.5870235360806,1641.6107517638027
2025-11-10T11:38:00,1762754880000,SENSEX,2025-11-10T12:21:00,1762757460000,43,,hybrid,1589.8337708567976,1618.712932823867,1641.5187374657717
2025-11-10T11:38:00,1762754880000,SENSEX,2025-11-10T12:22:00,1762757520000,44,,hybrid,1587.3950478488628,1614.1078624390377,1640.5527383652095
2025-11-10T11:38:00,1762754880000,SENSEX,2025-11-10T12:23:00,1762757580000,45,,hybrid,1597.3733764903977,1619.2967461211556,1645.7436239120636
2025-11-10T11:38:00,1762754880000,SENSEX,2025-11-10T12:24:00,1762757640000,46,,hybrid,1597.4561413818585,1618.8609287269146,1642.6916440833184
2025-11-10T11:38:00,1762754880000,SENSEX,2025-11-10T12:25:00,1762757700000,47,,hybrid,1595.5148973444398,1614.7166029136354,1636.9625385224147
2025-11-10T11:38:00,1762754880000,SENSEX,2025-11-10T12:26:00,1762757760000,48,,hybrid,1599.914414161003,1619.1510519418875,1642.3430759927373
2025-11-10T11:38:00,1762754880000,SENSEX,2025-11-10T12:27:00,1762757820000,49,,hybrid,1601.7837134855,1618.935197491238,1641.166284817083
2025-11-10T11:38:00,1762754880000,SENSEX,2025-11-10T12:28:00,1762757880000,50,,hybrid,1597.9684734193345,1615.0381365827843,1635.290357385375
2025-11-10T11:38:00,1762754880000,SENSEX,2025-11-10T12:29:00,1762757940000,51,,hybrid,1601.469013659143,1618.9193843318512,1640.3693221469775
2025-11-10T11:38:00,1762754880000,SENSEX,2025-11-10T12:30:00,1762758000000,52,,hybrid,1602.5892985181824,1618.8382783506056,1638.3447154355028
2025-11-10T11:38:00,1762754880000,SENSEX,2025-11-10T12:31:00,1762758060000,53,,hybrid,1599.148156609254,1614.4723221961744,1632.8840970078008
2025-11-10T11:38:00,1762754880000,SENSEX,2025-11-10T12:32:00,1762758120000,54,,hybrid,1598.0748559355445,1619.533237842032,1634.9878982384748
2025-11-10T11:38:00,1762754880000,SENSEX,2025-11-10T12:33:00,1762758180000,55,,hybrid,1598.6977907339901,1619.3571290306772,1636.5403901830746
2025-11-10T11:38:00,1762754880000,SENSEX,2025-11-10T12:34:00,1762758240000,56,,hybrid,1597.6141126880452,1613.6179045965082,1625.748666302233
2025-11-10T11:38:00,1762754880000,SENSEX,2025-11-10T12:35:00,1762758300000,57,,hybrid,1598.1581819057585,1620.1530187984747,1631.7864235865397
2025-11-10T11:38:00,1762754880000,SENSEX,2025-11-10T12:36:00,1762758360000,58,,hybrid,1594.312978112474,1619.4319493055987,1631.23696991043
2025-11-10T11:38:00,1762754880000,SENSEX,2025-11-10T12:37:00,1762758420000,59,,hybrid,1594.4545355726802,1616.4359598999843,1627.109455537118
2025-11-10T11:38:00,1762754880000,SENSEX,2025-11-10T12:38:00,1762758480000,60,,hybrid,1594.3717096028463,1619.324064146067,1630.6474639983098
2025-11-10T11:38:00,1762754880000,SENSEX,2025-11-10T11:39:00,1762754940000,1,,hybrid,1616.6573946943652,1622.9,1643.01299548863
2025-11-10T11:38:00,1762754880000,SENSEX,2025-11-10T11:40:00,1762755000000,2,,hybrid,1610.6572423843145,1618.10522774657,1641.4527597867225
2025-11-10T11:38:00,1762754880000,SENSEX,2025-11-10T11:41:00,1762755060000,3,,hybrid,1613.8935323259716,1624.2242217979506,1639.425430208066
2025-11-10T11:38:00,1762754880000,SENSEX,2025-11-10T11:42:00,1762755120000,4,,hybrid,1614.1094431981141,1624.2412687705903,1640.1562959233543
2025-11-10T11:38:00,1762754880000,SENSEX,2025-11-10T11:43:00,1762755180000,5,,hybrid,1612.2761142004701,1617.5513949868382,1642.0866495162043
2025-11-10T11:38:00,1762754880000,SENSEX,2025-11-10T11:44:00,1762755240000,6,,hybrid,1612.5162980270188,1624.4543885907458,1634.638338072218
2025-11-10T11:38:00,1762754880000,SENSEX,2025-11-10T11:45:00,1762755300000,7,,hybrid,1615.0594708408144,1622.3176596384574,1636.7319859540123
2025-11-10T11:38:00,1762754880000,SENSEX,2025-11-10T11:46:00,1762755360000,8,,hybrid,1608.6789042926353,1618.9222782661284,1631.01955313526
2025-11-10T11:38:00,1762754880000,SENSEX,2025-11-10T11:47:00,1762755420000,9,,hybrid,1611.8640242806568,1624.4543521509167,1632.9115944743874
2025-11-10T11:38:00,1762754880000,SENSEX,2025-11-10T11:48:00,1762755480000,10,,hybrid,1616.1553802935566,1621.8360456903063,1635.5550521353753
2025-11-10T11:38:00,1762754880000,SENSEX,2025-11-10T11:49:00,1762755540000,11,,hybrid,1611.4652235496767,1618.636237376846,1628.8468493598082
2025-11-10T11:38:00,1762754880000,SENSEX,2025-11-10T11:50:00,1762755600000,12,,hybrid,1615.9487462877923,1623.2473828186578,1637.8765359381243
2025-11-10T11:38:00,1762754880000,SENSEX,2025-11-10T11:51:00,1762755660000,13,,hybrid,1607.2668762255867,1622.2964574922835,1641.5654617135976
2025-11-10T11:38:00,1762754880000,SENSEX,2025-11-10T11:52:00,1762755720000,14,,hybrid,1599.7320669137557,1617.944739020978,1637.0482702796392
2025-11-10T11:38:00,1762754880000,SENSEX,2025-11-10T11:53:00,1762755780000,15,,hybrid,1613.8816287336822,1622.17710267265,1633.8701697984422
2025-11-10T11:38:00,1762754880000,SENSEX,2025-11-10T11:54:00,1762755840000,16,,hybrid,1613.0824861724218,1622.3890265976313,1640.820942995204
2025-11-10T11:38:00,1762754880000,SENSEX,2025-11-10T11:55:00,1762755900000,17,,hybrid,1607.2441819046069,1617.0256634255882,1637.3298818099468
2025-11-10T11:38:00,1762754880000,SENSEX,2025-11-10T11:56:00,1762755960000,18,,hybrid,1609.6826989337778,1621.878592666894,1641.2100943186942
2025-11-10T11:38:00,1762754880000,SENSEX,2025-11-10T11:57:00,1762756020000,19,,hybrid,1609.7671485795238,1623.1264688127205,1637.722161806515
2025-11-10T11:38:00,1762754880000,SENSEX,2025-11-10T11:58:00,1762756080000,20,,hybrid,1606.7378103189214,1616.920710677191,1639.7006963691836
2025-11-10T11:38:00,1762754880000,SENSEX,2025-11-10T11:59:00,1762756140000,21,,hybrid,1608.820305610467,1623.8510482996019,1636.468477523643
2025-11-10T11:38:00,1762754880000,SENSEX,2025-11-10T12:00:00,1762756200000,22,,hybrid,1607.4128684795603,1623.8075314552827,1638.8470652690787
2025-11-10T11:38:00,1762754880000,SENSEX,2025-11-10T12:01:00,1762756260000,23,,hybrid,1609.0580295315006,1617.3664485887064,1637.2046733109755
2025-11-10T11:38:00,1762754880000,SENSEX,2025-11-10T12:02:00,1762756320000,24,,hybrid,1603.7720683054877,1624.4982450714288,1638.0882115595327
2025-11-10T11:38:00,1762754880000,SENSEX,2025-11-10T12:03:00,1762756380000,25,,hybrid,1601.3993023155222,1622.7918971083607,1638.0956448424672
2025-11-10T11:38:00,1762754880000,SENSEX,2025-11-10T12:04:00,1762756440000,26,,hybrid,1603.7358349246108,1617.2483172414588,1639.337475091597
2025-11-10T11:38:00,1762754880000,SENSEX,2025-11-10T12:05:00,1762756500000,27,,hybrid,1604.0020765807628,1622.3702189605613,1639.7249063355948
2025-11-10T11:38:00,1762754880000,SENSEX,2025-11-10T12:06:00,1762756560000,28,,hybrid,1605.5520963014992,1621.9002161304518,1634.2449514392458
2025-11-10T11:38:00,1762754880000,SENSEX,2025-11-10T12:07:00,1762756620000,29,,hybrid,1605.9354953109028,1614.810981290989,1639.8006330095402
2025-11-10T11:38:00,1762754880000,SENSEX,2025-11-10T12:08:00,1762756680000,30,,hybrid,1604.5641541658304,1623.632088031643,1634.7461617306985
2025-11-10T11:38:00,1762754880000,SENSEX,2025-11-10T12:09:00,1762756740000,31,,hybrid,1603.0178488627384,1622.4561743050804,1635.5779634914738
2025-11-10T11:38:00,1762754880000,SENSEX,2025-11-10T12:10:00,1762756800000,32,,hybrid,1603.6510259942256,1614.757760831479,1631.6847440419049
2025-11-10T11:38:00,1762754880000,SENSEX,2025-11-10T12:11:00,1762756860000,33,,hybrid,1594.544029579721,1622.0891843647987,1635.0190347885425
2025-11-10T11:38:00,1762754880000,SENSEX,2025-11-10T12:12:00,1762756920000,34,,hybrid,1597.019572596572,1621.7815293476174,1634.7266049566015
2025-11-10T11:38:00,1762754880000,SENSEX,2025-11-10T12:13:00,1762756980000,35,,hybrid,1591.1682827568252,1614.8644189070776,1631.0052913112513
2025-11-10T11:38:00,1762754880000,SENSEX,2025-11-10T12:14:00,1762757040000,36,,hybrid,1594.8011307970373,1621.2815237675218,1634.1149862135446
2025-11-10T11:38:00,1762754880000,SENSEX,2025-11-10T12:15:00,1762757100000,37,,hybrid,1592.947000559515,1621.40639389706,1633.9739573883235
2025-11-10T11:38:00,1762754880000,SENSEX,2025-11-10T12:16:00,1762757160000,38,,hybrid,1593.4104592767367,1614.4148012998082,1631.889681018553
2025-11-10T11:38:00,1762754880000,SENSEX,2025-11-10T12:17:00,1762757220000,39,,hybrid,1590.4103196928238,1621.54724892375,1634.8247560646685
2025-11-10T11:38:00,1762754880000,SENSEX,2025-11-10T12:18:00,1762757280000,40,,hybrid,1588.5267827878465,1621.3951470251043,1633.8207961292915
2025-11-10T11:38:00,1762754880000,SENSEX,2025-11-10T12:19:00,1762757340000,41,,hybrid,1587.8218422311943,1614.1485929744335,1631.7346588074274
2025-11-10T11:38:00,1762754880000,SENSEX,2025-11-10T12:20:00,1762757400000,42,,hybrid,1587.7191155528913,1621.5870235360806,1641.6107517638027
2025-11-10T11:38:00,1762754880000,SENSEX,2025-11-10T12:21:00,1762757460000,43,,hybrid,1589.8337708567976,1618.712932823867,1641.5187374657717
2025-11-10T11:38:00,1762754880000,SENSEX,2025-11-10T12:22:00,1762757520000,44,,hybrid,1587.3950478488628,1614.1078624390377,1640.5527383652095
2025-11-10T11:38:00,1762754880000,SENSEX,2025-11-10T12:23:00,1762757580000,45,,hybrid,1597.3733764903977,1619.2967461211556,1645.7436239120636
2025-11-10T11:38:00,1762754880000,SENSEX,2025-11-10T12:24:00,1762757640000,46,,hybrid,1597.4561413818585,1618.8609287269146,1642.6916440833184
2025-11-10T11:38:00,1762754880000,SENSEX,2025-11-10T12:25:00,1762757700000,47,,hybrid,1595.5148973444398,1614.7166029136354,1636.9625385224147
2025-11-10T11:38:00,1762754880000,SENSEX,2025-11-10T12:26:00,1762757760000,48,,hybrid,1599.914414161003,1619.1510519418875,1642.3430759927373
2025-11-10T11:38:00,1762754880000,SENSEX,2025-11-10T12:27:00,1762757820000,49,,hybrid,1601.7837134855,1618.935197491238,1641.166284817083
2025-11-10T11:38:00,1762754880000,SENSEX,2025-11-10T12:28:00,1762757880000,50,,hybrid,1597.9684734193345,1615.0381365827843,1635.290357385375
2025-11-10T11:38:00,1762754880000,SENSEX,2025-11-10T12:29:00,1762757940000,51,,hybrid,1601.469013659143,1618.9193843318512,1640.3693221469775
2025-11-10T11:38:00,1762754880000,SENSEX,2025-11-10T12:30:00,1762758000000,52,,hybrid,1602.5892985181824,1618.8382783506056,1638.3447154355028
2025-11-10T11:38:00,1762754880000,SENSEX,2025-11-10T12:31:00,1762758060000,53,,hybrid,1599.148156609254,1614.4723221961744,1632.8840970078008
2025-11-10T11:38:00,1762754880000,SENSEX,2025-11-10T12:32:00,1762758120000,54,,hybrid,1598.0748559355445,1619.533237842032,1634.9878982384748
2025-11-10T11:38:00,1762754880000,SENSEX,2025-11-10T12:33:00,1762758180000,55,,hybrid,1598.6977907339901,1619.3571290306772,1636.5403901830746
2025-11-10T11:38:00,1762754880000,SENSEX,2025-11-10T12:34:00,1762758240000,56,,hybrid,1597.6141126880452,1613.6179045965082,1625.748666302233
2025-11-10T11:38:00,1762754880000,SENSEX,2025-11-10T12:35:00,1762758300000,57,,hybrid,1598.1581819057585,1620.1530187984747,1631.7864235865397
2025-11-10T11:38:00,1762754880000,SENSEX,2025-11-10T12:36:00,1762758360000,58,,hybrid,1594.312978112474,1619.4319493055987,1631.23696991043
2025-11-10T11:38:00,1762754880000,SENSEX,2025-11-10T12:37:00,1762758420000,59,,hybrid,1594.4545355726802,1616.4359598999843,1627.109455537118
2025-11-10T11:38:00,1762754880000,SENSEX,2025-11-10T12:38:00,1762758480000,60,,hybrid,1594.3717096028463,1619.324064146067,1630.6474639983098
2025-11-10T11:38:00,1762754880000,SENSEX,2025-11-10T11:39:00,1762754940000,1,,hybrid,1616.6573946943652,1622.9,1643.01299548863
2025-11-10T11:38:00,1762754880000,SENSEX,2025-11-10T11:40:00,1762755000000,2,,hybrid,1610.6572423843145,1618.10522774657,1641.4527597867225
2025-11-10T11:38:00,1762754880000,SENSEX,2025-11-10T11:41:00,1762755060000,3,,hybrid,1613.8935323259716,1624.2242217979506,1639.425430208066
2025-11-10T11:38:00,1762754880000,SENSEX,2025-11-10T11:42:00,1762755120000,4,,hybrid,1614.1094431981141,1624.2412687705903,1640.1562959233543
2025-11-10T11:38:00,1762754880000,SENSEX,2025-11-10T11:43:00,1762755180000,5,,hybrid,1612.2761142004701,1617.5513949868382,1642.0866495162043
2025-11-10T11:38:00,1762754880000,SENSEX,2025-11-10T11:44:00,1762755240000,6,,hybrid,1612.5162980270188,1624.4543885907458,1634.638338072218
2025-11-10T11:38:00,1762754880000,SENSEX,2025-11-10T11:45:00,1762755300000,7,,hybrid,1615.0594708408144,1622.3176596384574,1636.7319859540123
2025-11-10T11:38:00,1762754880000,SENSEX,2025-11-10T11:46:00,1762755360000,8,,hybrid,1608.6789042926353,1618.9222782661284,1631.01955313526
2025-11-10T11:38:00,1762754880000,SENSEX,2025-11-10T11:47:00,1762755420000,9,,hybrid,1611.8640242806568,1624.4543521509167,1632.9115944743874
2025-11-10T11:38:00,1762754880000,SENSEX,2025-11-10T11:48:00,1762755480000,10,,hybrid,1616.1553802935566,1621.8360456903063,1635.5550521353753
2025-11-10T11:38:00,1762754880000,SENSEX,2025-11-10T11:49:00,1762755540000,11,,hybrid,1611.4652235496767,1618.636237376846,1628.8468493598082
2025-11-10T11:38:00,1762754880000,SENSEX,2025-11-10T11:50:00,1762755600000,12,,hybrid,1615.9487462877923,1623.2473828186578,1637.8765359381243
2025-11-10T11:38:00,1762754880000,SENSEX,2025-11-10T11:51:00,1762755660000,13,,hybrid,1607.2668762255867,1622.2964574922835,1641.5654617135976
2025-11-10T11:38:00,1762754880000,SENSEX,2025-11-10T11:52:00,1762755720000,14,,hybrid,1599.7320669137557,1617.944739020978,1637.0482702796392
2025-11-10T11:38:00,1762754880000,SENSEX,2025-11-10T11:53:00,1762755780000,15,,hybrid,1613.8816287336822,1622.17710267265,1633.8701697984422
2025-11-10T11:38:00,1762754880000,SENSEX,2025-11-10T11:54:00,1762755840000,16,,hybrid,1613.0824861724218,1622.3890265976313,1640.820942995204
2025-11-10T11:38:00,1762754880000,SENSEX,2025-11-10T11:55:00,1762755900000,17,,hybrid,1607.2441819046069,1617.0256634255882,1637.3298818099468
2025-11-10T11:38:00,1762754880000,SENSEX,2025-11-10T11:56:00,1762755960000,18,,hybrid,1609.6826989337778,1621.878592666894,1641.2100943186942
2025-11-10T11:38:00,1762754880000,SENSEX,2025-11-10T11:57:00,1762756020000,19,,hybrid,1609.7671485795238,1623.1264688127205,1637.722161806515
2025-11-10T11:38:00,1762754880000,SENSEX,2025-11-10T11:58:00,1762756080000,20,,hybrid,1606.7378103189214,1616.920710677191,1639.7006963691836
2025-11-10T11:38:00,1762754880000,SENSEX,2025-11-10T11:59:00,1762756140000,21,,hybrid,1608.820305610467,1623.8510482996019,1636.468477523643
2025-11-10T11:38:00,1762754880000,SENSEX,2025-11-10T12:00:00,1762756200000,22,,hybrid,1607.4128684795603,1623.8075314552827,1638.8470652690787
2025-11-10T11:38:00,1762754880000,SENSEX,2025-11-10T12:01:00,1762756260000,23,,hybrid,1609.0580295315006,1617.3664485887064,1637.2046733109755
2025-11-10T11:38:00,1762754880000,SENSEX,2025-11-10T12:02:00,1762756320000,24,,hybrid,1603.7720683054877,1624.4982450714288,1638.0882115595327
2025-11-10T11:38:00,1762754880000,SENSEX,2025-11-10T12:03:00,1762756380000,25,,hybrid,1601.3993023155222,1622.7918971083607,1638.0956448424672
2025-11-10T11:38:00,1762754880000,SENSEX,2025-11-10T12:04:00,1762756440000,26,,hybrid,1603.7358349246108,1617.2483172414588,1639.337475091597
2025-11-10T11:38:00,1762754880000,SENSEX,2025-11-10T12:05:00,1762756500000,27,,hybrid,1604.0020765807628,1622.3702189605613,1639.7249063355948
2025-11-10T11:38:00,1762754880000,SENSEX,2025-11-10T12:06:00,1762756560000,28,,hybrid,1605.5520963014992,1621.9002161304518,1634.2449514392458
2025-11-10T11:38:00,1762754880000,SENSEX,2025-11-10T12:07:00,1762756620000,29,,hybrid,1605.9354953109028,1614.810981290989,1639.8006330095402
2025-11-10T11:38:00,1762754880000,SENSEX,2025-11-10T12:08:00,1762756680000,30,,hybrid,1604.5641541658304,1623.632088031643,1634.7461617306985
2025-11-10T11:38:00,1762754880000,SENSEX,2025-11-10T12:09:00,1762756740000,31,,hybrid,1603.0178488627384,1622.4561743050804,1635.5779634914738
2025-11-10T11:38:00,1762754880000,SENSEX,2025-11-10T12:10:00,1762756800000,32,,hybrid,1603.6510259942256,1614.757760831479,1631.6847440419049
2025-11-10T11:38:00,1762754880000,SENSEX,2025-11-10T12:11:00,1762756860000,33,,hybrid,1594.544029579721,1622.0891843647987,1635.0190347885425
2025-11-10T11:38:00,1762754880000,SENSEX,2025-11-10T12:12:00,1762756920000,34,,hybrid,1597.019572596572,1621.7815293476174,1634.7266049566015
2025-11-10T11:38:00,1762754880000,SENSEX,2025-11-10T12:13:00,1762756980000,35,,hybrid,1591.1682827568252,1614.8644189070776,1631.0052913112513
2025-11-10T11:38:00,1762754880000,SENSEX,2025-11-10T12:14:00,1762757040000,36,,hybrid,1594.8011307970373,1621.2815237675218,1634.1149862135446
2025-11-10T11:38:00,1762754880000,SENSEX,2025-11-10T12:15:00,1762757100000,37,,hybrid,1592.947000559515,1621.40639389706,1633.9739573883235
2025-11-10T11:38:00,1762754880000,SENSEX,2025-11-10T12:16:00,1762757160000,38,,hybrid,1593.4104592767367,1614.4148012998082,1631.889681018553
2025-11-10T11:38:00,1762754880000,SENSEX,2025-11-10T12:17:00,1762757220000,39,,hybrid,1590.4103196928238,1621.54724892375,1634.8247560646685
2025-11-10T11:38:00,1762754880000,SENSEX,2025-11-10T12:18:00,1762757280000,40,,hybrid,1588.5267827878465,1621.3951470251043,1633.8207961292915
2025-11-10T11:38:00,1762754880000,SENSEX,2025-11-10T12:19:00,1762757340000,41,,hybrid,1587.8218422311943,1614.1485929744335,1631.7346588074274
2025-11-10T11:38:00,1762754880000,SENSEX,2025-11-10T12:20:00,1762757400000,42,,hybrid,1587.7191155528913,1621.5870235360806,1641.6107517638027
2025-11-10T11:38:00,1762754880000,SENSEX,2025-11-10T12:21:00,1762757460000,43,,hybrid,1589.8337708567976,1618.712932823867,1641.5187374657717
2025-11-10T11:38:00,1762754880000,SENSEX,2025-11-10T12:22:00,1762757520000,44,,hybrid,1587.3950478488628,1614.1078624390377,1640.5527383652095
2025-11-10T11:38:00,1762754880000,SENSEX,2025-11-10T12:23:00,1762757580000,45,,hybrid,1597.3733764903977,1619.2967461211556,1645.7436239120636
2025-11-10T11:38:00,1762754880000,SENSEX,2025-11-10T12:24:00,1762757640000,46,,hybrid,1597.4561413818585,1618.8609287269146,1642.6916440833184
2025-11-10T11:38:00,1762754880000,SENSEX,2025-11-10T12:25:00,1762757700000,47,,hybrid,1595.5148973444398,1614.7166029136354,1636.9625385224147
2025-11-10T11:38:00,1762754880000,SENSEX,2025-11-10T12:26:00,1762757760000,48,,hybrid,1599.914414161003,1619.1510519418875,1642.3430759927373
2025-11-10T11:38:00,1762754880000,SENSEX,2025-11-10T12:27:00,1762757820000,49,,hybrid,1601.7837134855,1618.935197491238,1641.166284817083
2025-11-10T11:38:00,1762754880000,SENSEX,2025-11-10T12:28:00,1762757880000,50,,hybrid,1597.9684734193345,1615.0381365827843,1635.290357385375
2025-11-10T11:38:00,1762754880000,SENSEX,2025-11-10T12:29:00,1762757940000,51,,hybrid,1601.469013659143,1618.9193843318512,1640.3693221469775
2025-11-10T11:38:00,1762754880000,SENSEX,2025-11-10T12:30:00,1762758000000,52,,hybrid,1602.5892985181824,1618.8382783506056,1638.3447154355028
2025-11-10T11:38:00,1762754880000,SENSEX,2025-11-10T12:31:00,1762758060000,53,,hybrid,1599.148156609254,1614.4723221961744,1632.8840970078008
2025-11-10T11:38:00,1762754880000,SENSEX,2025-11-10T12:32:00,1762758120000,54,,hybrid,1598.0748559355445,1619.533237842032,1634.9878982384748
2025-11-10T11:38:00,1762754880000,SENSEX,2025-11-10T12:33:00,1762758180000,55,,hybrid,1598.6977907339901,1619.3571290306772,1636.5403901830746
2025-11-10T11:38:00,1762754880000,SENSEX,2025-11-10T12:34:00,1762758240000,56,,hybrid,1597.6141126880452,1613.6179045965082,1625.748666302233
2025-11-10T11:38:00,1762754880000,SENSEX,2025-11-10T12:35:00,1762758300000,57,,hybrid,1598.1581819057585,1620.1530187984747,1631.7864235865397
2025-11-10T11:38:00,1762754880000,SENSEX,2025-11-10T12:36:00,1762758360000,58,,hybrid,1594.312978112474,1619.4319493055987,1631.23696991043
2025-11-10T11:38:00,1762754880000,SENSEX,2025-11-10T12:37:00,1762758420000,59,,hybrid,1594.4545355726802,1616.4359598999843,1627.109455537118
2025-11-10T11:38:00,1762754880000,SENSEX,2025-11-10T12:38:00,1762758480000,60,,hybrid,1594.3717096028463,1619.324064146067,1630.6474639983098
2025-11-10T11:38:00,1762754880000,SENSEX,2025-11-10T11:39:00,1762754940000,1,,hybrid,2619.625290061464,2620.75,2622.5306013782765
2025-11-10T11:38:00,1762754880000,SENSEX,2025-11-10T11:40:00,1762755000000,2,,hybrid,2616.437061364012,2617.364476836383,2619.941617013193
2025-11-10T11:38:00,1762754880000,SENSEX,2025-11-10T11:41:00,1762755060000,3,,hybrid,2619.63772562228,2620.7858832695197,2623.3132174980515
2025-11-10T11:38:00,1762754880000,SENSEX,2025-11-10T11:42:00,1762755120000,4,,hybrid,2619.6437385361305,2620.5509284667382,2623.6418290319543
2025-11-10T11:38:00,1762754880000,SENSEX,2025-11-10T11:43:00,1762755180000,5,,hybrid,2616.4251345774355,2617.205597462277,2619.9505491627633
2025-11-10T11:38:00,1762754880000,SENSEX,2025-11-10T11:44:00,1762755240000,6,,hybrid,2619.827079501322,2620.8011931032565,2623.493429879028
2025-11-10T11:38:00,1762754880000,SENSEX,2025-11-10T11:45:00,1762755300000,7,,hybrid,2619.737441959541,2620.9561913068183,2623.9143879919907
2025-11-10T11:38:00,1762754880000,SENSEX,2025-11-10T11:46:00,1762755360000,8,,hybrid,2616.3974477725596,2617.4478587052386,2619.9612571215403
2025-11-10T11:38:00,1762754880000,SENSEX,2025-11-10T11:47:00,1762755420000,9,,hybrid,2619.980537938321,2621.095663665197,2623.0969930348615
2025-11-10T11:38:00,1762754880000,SENSEX,2025-11-10T11:48:00,1762755480000,10,,hybrid,2620.1343075556397,2621.079713664139,2623.085214706502
2025-11-10T11:38:00,1762754880000,SENSEX,2025-11-10T11:49:00,1762755540000,11,,hybrid,2616.834718060695,2617.778921673968,2619.577307101777
2025-11-10T11:38:00,1762754880000,SENSEX,2025-11-10T11:50:00,1762755600000,12,,hybrid,2619.9728872948954,2621.0856818658535,2622.776618834978
2025-11-10T11:38:00,1762754880000,SENSEX,2025-11-10T11:51:00,1762755660000,13,,hybrid,2619.536027516811,2621.0374168863027,2623.011199097721
2025-11-10T11:38:00,1762754880000,SENSEX,2025-11-10T11:52:00,1762755720000,14,,hybrid,2615.8107683658586,2617.4716626050886,2618.9956141139482
2025-11-10T11:38:00,1762754880000,SENSEX,2025-11-10T11:53:00,1762755780000,15,,hybrid,2620.251744751629,2621.0901872099357,2623.2859075273363
2025-11-10T11:38:00,1762754880000,SENSEX,2025-11-10T11:54:00,1762755840000,16,,hybrid,2620.0055880759637,2620.988372391329,2623.137949248781
2025-11-10T11:38:00,1762754880000,SENSEX,2025-11-10T11:55:00,1762755900000,17,,hybrid,2615.4816110983406,2617.0872297591523,2619.2398605490407
2025-11-10T11:38:00,1762754880000,SENSEX,2025-11-10T11:56:00,1762755960000,18,,hybrid,2619.900561399727,2620.872847949426,2623.841804600236
2025-11-10T11:38:00,1762754880000,SENSEX,2025-11-10T11:57:00,1762756020000,19,,hybrid,2619.5452532519175,2620.8309643506436,2623.6937353494855
2025-11-10T11:38:00,1762754880000,SENSEX,2025-11-10T11:58:00,1762756080000,20,,hybrid,2616.654560083375,2617.4933368586194,2620.493611064692
2025-11-10T11:38:00,1762754880000,SENSEX,2025-11-10T11:59:00,1762756140000,21,,hybrid,2619.5934489451874,2620.970510966928,2622.75210745633
2025-11-10T11:38:00,1762754880000,SENSEX,2025-11-10T12:00:00,1762756200000,22,,hybrid,2619.30140602911,2620.848338909778,2623.7669936600973
2025-11-10T11:38:00,1762754880000,SENSEX,2025-11-10T12:01:00,1762756260000,23,,hybrid,2616.620769338677,2618.226004623996,2620.311296446507
2025-11-10T11:38:00,1762754880000,SENSEX,2025-11-10T12:02:00,1762756320000,24,,hybrid,2618.904512215788,2620.718406822729,2624.344165745994
2025-11-10T11:38:00,1762754880000,SENSEX,2025-11-10T12:03:00,1762756380000,25,,hybrid,2618.3041264688504,2620.681151827065,2623.692944992985
2025-11-10T11:38:00,1762754880000,SENSEX,2025-11-10T12:04:00,1762756440000,26,,hybrid,2615.98020030112,2618.2507241807944,2621.05344311576
2025-11-10T11:38:00,1762754880000,SENSEX,2025-11-10T12:05:00,1762756500000,27,,hybrid,2618.508243771324,2620.7266913254693,2623.902959527383
2025-11-10T11:38:00,1762754880000,SENSEX,2025-11-10T12:06:00,1762756560000,28,,hybrid,2618.78059282905,2620.198295925276,2623.4947688552825
2025-11-10T11:38:00,1762754880000,SENSEX,2025-11-10T12:07:00,1762756620000,29,,hybrid,2614.5747623220113,2615.995955018335,2619.1324681707406
2025-11-10T11:38:00,1762754880000,SENSEX,2025-11-10T12:08:00,1762756680000,30,,hybrid,2618.5888177160623,2620.1018659803804,2623.218455189033
2025-11-10T11:38:00,1762754880000,SENSEX,2025-11-10T12:09:00,1762756740000,31,,hybrid,2618.7406815554223,2620.052440673797,2623.1494321500018
2025-11-10T11:38:00,1762754880000,SENSEX,2025-11-10T12:10:00,1762756800000,32,,hybrid,2614.6586336904843,2616.34170397009,2618.57184268843
2025-11-10T11:38:00,1762754880000,SENSEX,2025-11-10T12:11:00,1762756860000,33,,hybrid,2618.4066357217603,2619.8147781213565,2623.085461930498
2025-11-10T11:38:00,1762754880000,SENSEX,2025-11-10T12:12:00,1762756920000,34,,hybrid,2617.731971717828,2619.960158224357,2623.0337967710875
2025-11-10T11:38:00,1762754880000,SENSEX,2025-11-10T12:13:00,1762756980000,35,,hybrid,2613.3421835906756,2615.952238836985,2618.1601988369403
2025-11-10T11:38:00,1762754880000,SENSEX,2025-11-10T12:14:00,1762757040000,36,,hybrid,2617.2324525596864,2619.950919939094,2622.50664955149
2025-11-10T11:38:00,1762754880000,SENSEX,2025-11-10T12:15:00,1762757100000,37,,hybrid,2617.1494580941658,2619.718270981186,2621.685822195152
2025-11-10T11:38:00,1762754880000,SENSEX,2025-11-10T12:16:00,1762757160000,38,,hybrid,2613.251526683775,2616.0429682259687,2618.2731269332885
2025-11-10T11:38:00,1762754880000,SENSEX,2025-11-10T12:17:00,1762757220000,39,,hybrid,2617.1562555532682,2619.802168735597,2622.2084901971175
2025-11-10T11:38:00,1762754880000,SENSEX,2025-11-10T12:18:00,1762757280000,40,,hybrid,2617.3629075903714,2619.8263486431747,2622.508920580478
2025-11-10T11:38:00,1762754880000,SENSEX,2025-11-10T12:19:00,1762757340000,41,,hybrid,2613.83746678121,2616.238508833338,2618.618260981855
2025-11-10T11:38:00,1762754880000,SENSEX,2025-11-10T12:20:00,1762757400000,42,,hybrid,2617.78287618746,2620.097601170098,2622.867613293954
2025-11-10T11:38:00,1762754880000,SENSEX,2025-11-10T12:21:00,1762757460000,43,,hybrid,2617.862246475419,2620.2523191709247,2622.1211112335104
2025-11-10T11:38:00,1762754880000,SENSEX,2025-11-10T12:22:00,1762757520000,44,,hybrid,2613.3677414079566,2616.234551901424,2619.536496940793
2025-11-10T11:38:00,1762754880000,SENSEX,2025-11-10T12:23:00,1762757580000,45,,hybrid,2617.533083418843,2620.5471170397295,2624.298405733311
2025-11-10T11:38:00,1762754880000,SENSEX,2025-11-10T12:24:00,1762757640000,46,,hybrid,2616.9607562190477,2620.1914418369984,2622.1840509222343
2025-11-10T11:38:00,1762754880000,SENSEX,2025-11-10T12:25:00,1762757700000,47,,hybrid,2613.274540662865,2616.271014350868,2619.458440876504
2025-11-10T11:38:00,1762754880000,SENSEX,2025-11-10T12:26:00,1762757760000,48,,hybrid,2617.2553205893087,2620.275890307679,2623.7410220027637
2025-11-10T11:38:00,1762754880000,SENSEX,2025-11-10T12:27:00,1762757820000,49,,hybrid,2616.7151014894866,2620.0288687816783,2623.161565074154
2025-11-10T11:38:00,1762754880000,SENSEX,2025-11-10T12:28:00,1762757880000,50,,hybrid,2612.9924426396074,2616.5493472991852,2619.5901215143085
2025-11-10T11:38:00,1762754880000,SENSEX,2025-11-10T12:29:00,1762757940000,51,,hybrid,2616.0197214527566,2620.1079337039296,2623.4134339666866
2025-11-10T11:38:00,1762754880000,SENSEX,2025-11-10T12:30:00,1762758000000,52,,hybrid,2616.447789881775,2620.062008772632,2623.4483143529687
2025-11-10T11:38:00,1762754880000,SENSEX,2025-11-10T12:31:00,1762758060000,53,,hybrid,2612.614182961021,2615.986894220112,2619.747162304161
2025-11-10T11:38:00,1762754880000,SENSEX,2025-11-10T12:32:00,1762758120000,54,,hybrid,2615.8006754117223,2619.941833662047,2622.3666261418352
2025-11-10T11:38:00,1762754880000,SENSEX,2025-11-10T12:33:00,1762758180000,55,,hybrid,2615.6378501694826,2620.0913391502636,2623.149910147669
2025-11-10T11:38:00,1762754880000,SENSEX,2025-11-10T12:34:00,1762758240000,56,,hybrid,2611.9521213764992,2616.1901222857196,2618.0045288457045
2025-11-10T11:38:00,1762754880000,SENSEX,2025-11-10T12:35:00,1762758300000,57,,hybrid,2615.665282764166,2620.1331609333315,2621.7774408780497
2025-11-10T11:38:00,1762754880000,SENSEX,2025-11-10T12:36:00,1762758360000,58,,hybrid,2615.1983452192458,2619.9033859848473,2621.592410962706
2025-11-10T11:38:00,1762754880000,SENSEX,2025-11-10T12:37:00,1762758420000,59,,hybrid,2613.76680519687,2618.0202960839783,2619.8098612511076
2025-11-10T11:38:00,1762754880000,SENSEX,2025-11-10T12:38:00,1762758480000,60,,hybrid,2615.5834048694596,2619.6447469422055,2620.8493756775492
2025-11-10T11:38:00,1762754880000,SENSEX,2025-11-10T11:39:00,1762754940000,1,,hybrid,2619.625290061464,2620.75,2622.5306013782765
2025-11-10T11:38:00,1762754880000,SENSEX,2025-11-10T11:40:00,1762755000000,2,,hybrid,2616.437061364012,2617.364476836383,2619.941617013193
2025-11-10T11:38:00,1762754880000,SENSEX,2025-11-10T11:41:00,1762755060000,3,,hybrid,2619.63772562228,2620.7858832695197,2623.3132174980515
2025-11-10T11:38:00,1762754880000,SENSEX,2025-11-10T11:42:00,1762755120000,4,,hybrid,2619.6437385361305,2620.5509284667382,2623.6418290319543
2025-11-10T11:38:00,1762754880000,SENSEX,2025-11-10T11:43:00,1762755180000,5,,hybrid,2616.4251345774355,2617.205597462277,2619.9505491627633
2025-11-10T11:38:00,1762754880000,SENSEX,2025-11-10T11:44:00,1762755240000,6,,hybrid,2619.827079501322,2620.8011931032565,2623.493429879028
2025-11-10T11:38:00,1762754880000,SENSEX,2025-11-10T11:45:00,1762755300000,7,,hybrid,2619.737441959541,2620.9561913068183,2623.9143879919907
2025-11-10T11:38:00,1762754880000,SENSEX,2025-11-10T11:46:00,1762755360000,8,,hybrid,2616.3974477725596,2617.4478587052386,2619.9612571215403
2025-11-10T11:38:00,1762754880000,SENSEX,2025-11-10T11:47:00,1762755420000,9,,hybrid,2619.980537938321,2621.095663665197,2623.0969930348615
2025-11-10T11:38:00,1762754880000,SENSEX,2025-11-10T11:48:00,1762755480000,10,,hybrid,2620.1343075556397,2621.079713664139,2623.085214706502
2025-11-10T11:38:00,1762754880000,SENSEX,2025-11-10T11:49:00,1762755540000,11,,hybrid,2616.834718060695,2617.778921673968,2619.577307101777
2025-11-10T11:38:00,1762754880000,SENSEX,2025-11-10T11:50:00,1762755600000,12,,hybrid,2619.9728872948954,2621.0856818658535,2622.776618834978
2025-11-10T11:38:00,1762754880000,SENSEX,2025-11-10T11:51:00,1762755660000,13,,hybrid,2619.536027516811,2621.0374168863027,2623.011199097721
2025-11-10T11:38:00,1762754880000,SENSEX,2025-11-10T11:52:00,1762755720000,14,,hybrid,2615.8107683658586,2617.4716626050886,2618.9956141139482
2025-11-10T11:38:00,1762754880000,SENSEX,2025-11-10T11:53:00,1762755780000,15,,hybrid,2620.251744751629,2621.0901872099357,2623.2859075273363
2025-11-10T11:38:00,1762754880000,SENSEX,2025-11-10T11:54:00,1762755840000,16,,hybrid,2620.0055880759637,2620.988372391329,2623.137949248781
2025-11-10T11:38:00,1762754880000,SENSEX,2025-11-10T11:55:00,1762755900000,17,,hybrid,2615.4816110983406,2617.0872297591523,2619.2398605490407
2025-11-10T11:38:00,1762754880000,SENSEX,2025-11-10T11:56:00,1762755960000,18,,hybrid,2619.900561399727,2620.872847949426,2623.841804600236
2025-11-10T11:38:00,1762754880000,SENSEX,2025-11-10T11:57:00,1762756020000,19,,hybrid,2619.5452532519175,2620.8309643506436,2623.6937353494855
2025-11-10T11:38:00,1762754880000,SENSEX,2025-11-10T11:58:00,1762756080000,20,,hybrid,2616.654560083375,2617.4933368586194,2620.493611064692
2025-11-10T11:38:00,1762754880000,SENSEX,2025-11-10T11:59:00,1762756140000,21,,hybrid,2619.5934489451874,2620.970510966928,2622.75210745633
2025-11-10T11:38:00,1762754880000,SENSEX,2025-11-10T12:00:00,1762756200000,22,,hybrid,2619.30140602911,2620.848338909778,2623.7669936600973
2025-11-10T11:38:00,1762754880000,SENSEX,2025-11-10T12:01:00,1762756260000,23,,hybrid,2616.620769338677,2618.226004623996,2620.311296446507
2025-11-10T11:38:00,1762754880000,SENSEX,2025-11-10T12:02:00,1762756320000,24,,hybrid,2618.904512215788,2620.718406822729,2624.344165745994
2025-11-10T11:38:00,1762754880000,SENSEX,2025-11-10T12:03:00,1762756380000,25,,hybrid,2618.3041264688504,2620.681151827065,2623.692944992985
2025-11-10T11:38:00,1762754880000,SENSEX,2025-11-10T12:04:00,1762756440000,26,,hybrid,2615.98020030112,2618.2507241807944,2621.05344311576
2025-11-10T11:38:00,1762754880000,SENSEX,2025-11-10T12:05:00,1762756500000,27,,hybrid,2618.508243771324,2620.7266913254693,2623.902959527383
2025-11-10T11:38:00,1762754880000,SENSEX,2025-11-10T12:06:00,1762756560000,28,,hybrid,2618.78059282905,2620.198295925276,2623.4947688552825
2025-11-10T11:38:00,1762754880000,SENSEX,2025-11-10T12:07:00,1762756620000,29,,hybrid,2614.5747623220113,2615.995955018335,2619.1324681707406
2025-11-10T11:38:00,1762754880000,SENSEX,2025-11-10T12:08:00,1762756680000,30,,hybrid,2618.5888177160623,2620.1018659803804,2623.218455189033
2025-11-10T11:38:00,1762754880000,SENSEX,2025-11-10T12:09:00,1762756740000,31,,hybrid,2618.7406815554223,2620.052440673797,2623.1494321500018
2025-11-10T11:38:00,1762754880000,SENSEX,2025-11-10T12:10:00,1762756800000,32,,hybrid,2614.6586336904843,2616.34170397009,2618.57184268843
2025-11-10T11:38:00,1762754880000,SENSEX,2025-11-10T12:11:00,1762756860000,33,,hybrid,2618.4066357217603,2619.8147781213565,2623.085461930498
2025-11-10T11:38:00,1762754880000,SENSEX,2025-11-10T12:12:00,1762756920000,34,,hybrid,2617.731971717828,2619.960158224357,2623.0337967710875
2025-11-10T11:38:00,1762754880000,SENSEX,2025-11-10T12:13:00,1762756980000,35,,hybrid,2613.3421835906756,2615.952238836985,2618.1601988369403
2025-11-10T11:38:00,1762754880000,SENSEX,2025-11-10T12:14:00,1762757040000,36,,hybrid,2617.2324525596864,2619.950919939094,2622.50664955149
2025-11-10T11:38:00,1762754880000,SENSEX,2025-11-10T12:15:00,1762757100000,37,,hybrid,2617.1494580941658,2619.718270981186,2621.685822195152
2025-11-10T11:38:00,1762754880000,SENSEX,2025-11-10T12:16:00,1762757160000,38,,hybrid,2613.251526683775,2616.0429682259687,2618.2731269332885
2025-11-10T11:38:00,1762754880000,SENSEX,2025-11-10T12:17:00,1762757220000,39,,hybrid,2617.1562555532682,2619.802168735597,2622.2084901971175
2025-11-10T11:38:00,1762754880000,SENSEX,2025-11-10T12:18:00,1762757280000,40,,hybrid,2617.3629075903714,2619.8263486431747,2622.508920580478
2025-11-10T11:38:00,1762754880000,SENSEX,2025-11-10T12:19:00,1762757340000,41,,hybrid,2613.83746678121,2616.238508833338,2618.618260981855
2025-11-10T11:38:00,1762754880000,SENSEX,2025-11-10T12:20:00,1762757400000,42,,hybrid,2617.78287618746,2620.097601170098,2622.867613293954
2025-11-10T11:38:00,1762754880000,SENSEX,2025-11-10T12:21:00,1762757460000,43,,hybrid,2617.862246475419,2620.2523191709247,2622.1211112335104
2025-11-10T11:38:00,1762754880000,SENSEX,2025-11-10T12:22:00,1762757520000,44,,hybrid,2613.3677414079566,2616.234551901424,2619.536496940793
2025-11-10T11:38:00,1762754880000,SENSEX,2025-11-10T12:23:00,1762757580000,45,,hybrid,2617.533083418843,2620.5471170397295,2624.298405733311
2025-11-10T11:38:00,1762754880000,SENSEX,2025-11-10T12:24:00,1762757640000,46,,hybrid,2616.9607562190477,2620.1914418369984,2622.1840509222343
2025-11-10T11:38:00,1762754880000,SENSEX,2025-11-10T12:25:00,1762757700000,47,,hybrid,2613.274540662865,2616.271014350868,2619.458440876504
2025-11-10T11:38:00,1762754880000,SENSEX,2025-11-10T12:26:00,1762757760000,48,,hybrid,2617.2553205893087,2620.275890307679,2623.7410220027637
2025-11-10T11:38:00,1762754880000,SENSEX,2025-11-10T12:27:00,1762757820000,49,,hybrid,2616.7151014894866,2620.0288687816783,2623.161565074154
2025-11-10T11:38:00,1762754880000,SENSEX,2025-11-10T12:28:00,1762757880000,50,,hybrid,2612.9924426396074,2616.5493472991852,2619.5901215143085
2025-11-10T11:38:00,1762754880000,SENSEX,2025-11-10T12:29:00,1762757940000,51,,hybrid,2616.0197214527566,2620.1079337039296,2623.4134339666866
2025-11-10T11:38:00,1762754880000,SENSEX,2025-11-10T12:30:00,1762758000000,52,,hybrid,2616.447789881775,2620.062008772632,2623.4483143529687
2025-11-10T11:38:00,1762754880000,SENSEX,2025-11-10T12:31:00,1762758060000,53,,hybrid,2612.614182961021,2615.986894220112,2619.747162304161
2025-11-10T11:38:00,1762754880000,SENSEX,2025-11-10T12:32:00,1762758120000,54,,hybrid,2615.8006754117223,2619.941833662047,2622.3666261418352
2025-11-10T11:38:00,1762754880000,SENSEX,2025-11-10T12:33:00,1762758180000,55,,hybrid,2615.6378501694826,2620.0913391502636,2623.149910147669
2025-11-10T11:38:00,1762754880000,SENSEX,2025-11-10T12:34:00,1762758240000,56,,hybrid,2611.9521213764992,2616.1901222857196,2618.0045288457045
2025-11-10T11:38:00,1762754880000,SENSEX,2025-11-10T12:35:00,1762758300000,57,,hybrid,2615.665282764166,2620.1331609333315,2621.7774408780497
2025-11-10T11:38:00,1762754880000,SENSEX,2025-11-10T12:36:00,1762758360000,58,,hybrid,2615.1983452192458,2619.9033859848473,2621.592410962706
2025-11-10T11:38:00,1762754880000,SENSEX,2025-11-10T12:37:00,1762758420000,59,,hybrid,2613.76680519687,2618.0202960839783,2619.8098612511076
2025-11-10T11:38:00,1762754880000,SENSEX,2025-11-10T12:38:00,1762758480000,60,,hybrid,2615.5834048694596,2619.6447469422055,2620.8493756775492
2025-11-10T11:49:30,1762755570000,SENSEX,2025-11-10T11:50:30,1762755630000,1,optimized,hybrid,696.027437790245,719.4,736.9716460727784
2025-11-10T11:49:30,1762755570000,SENSEX,2025-11-10T11:51:30,1762755690000,2,optimized,hybrid,697.9746520394547,719.2519215128024,747.9765896815043
2025-11-10T11:49:30,1762755570000,SENSEX,2025-11-10T11:52:30,1762755750000,3,optimized,hybrid,703.9885418138053,718.316963848379,740.0923381371916
2025-11-10T11:49:30,1762755570000,SENSEX,2025-11-10T11:53:30,1762755810000,4,optimized,hybrid,707.3962198358699,719.1353923897801,735.2205019062559
2025-11-10T11:49:30,1762755570000,SENSEX,2025-11-10T11:54:30,1762755870000,5,optimized,hybrid,701.1368521515788,719.0315074837172,735.444096831973
2025-11-10T11:49:30,1762755570000,SENSEX,2025-11-10T11:55:30,1762755930000,6,optimized,hybrid,702.3444902915002,717.4820941474001,735.7232060527886
2025-11-10T11:49:30,1762755570000,SENSEX,2025-11-10T11:56:30,1762755990000,7,optimized,hybrid,699.5996927001404,717.9703864508962,735.0710341203653
2025-11-10T11:49:30,1762755570000,SENSEX,2025-11-10T11:57:30,1762756050000,8,optimized,hybrid,701.0087661604243,718.8784863148067,734.0906499287466
2025-11-10T11:49:30,1762755570000,SENSEX,2025-11-10T11:58:30,1762756110000,9,optimized,hybrid,695.970687177481,718.0995214262829,729.7900063991472
2025-11-10T11:49:30,1762755570000,SENSEX,2025-11-10T11:59:30,1762756170000,10,optimized,hybrid,698.2388063638133,718.1315144119521,733.5756176356624
2025-11-10T11:49:30,1762755570000,SENSEX,2025-11-10T12:00:30,1762756230000,11,optimized,hybrid,699.7638006007064,719.0870493658367,742.0129490346211
2025-11-10T11:49:30,1762755570000,SENSEX,2025-11-10T12:01:30,1762756290000,12,optimized,hybrid,701.5751183167565,715.9133150244443,735.9421594351147
2025-11-10T11:49:30,1762755570000,SENSEX,2025-11-10T12:02:30,1762756350000,13,optimized,hybrid,699.9587566203093,717.6409415176964,736.1246752677737
2025-11-10T11:49:30,1762755570000,SENSEX,2025-11-10T12:03:30,1762756410000,14,optimized,hybrid,698.2559994784874,718.0067708548343,738.6956612140875
2025-11-10T11:49:30,1762755570000,SENSEX,2025-11-10T12:04:30,1762756470000,15,optimized,hybrid,697.6525799783674,713.9111984351025,733.8688993797182
2025-11-10T11:49:30,1762755570000,SENSEX,2025-11-10T12:05:30,1762756530000,16,optimized,hybrid,701.261497890499,715.5243997642466,739.1602975684746
2025-11-10T11:49:30,1762755570000,SENSEX,2025-11-10T12:06:30,1762756590000,17,optimized,hybrid,702.7836338750013,715.8856576620551,734.3171385424153
2025-11-10T11:49:30,1762755570000,SENSEX,2025-11-10T12:07:30,1762756650000,18,optimized,hybrid,702.0926371839467,713.2786313208832,754.0872975931755
2025-11-10T11:49:30,1762755570000,SENSEX,2025-11-10T12:08:30,1762756710000,19,optimized,hybrid,699.2319478643982,717.6598861305395,749.0695418084787
2025-11-10T11:49:30,1762755570000,SENSEX,2025-11-10T12:09:30,1762756770000,20,optimized,hybrid,701.9724702055556,718.2096292631444,749.6290370873784
2025-11-10T11:49:30,1762755570000,SENSEX,2025-11-10T12:10:30,1762756830000,21,optimized,hybrid,701.0082708849008,716.2125207555473,742.7699866593082
2025-11-10T11:49:30,1762755570000,SENSEX,2025-11-10T12:11:30,1762756890000,22,optimized,hybrid,704.1174403987354,716.9846581235998,745.7354302424068
2025-11-10T11:49:30,1762755570000,SENSEX,2025-11-10T12:12:30,1762756950000,23,optimized,hybrid,702.7927147674314,719.4855068122071,740.8342080106507
2025-11-10T11:49:30,1762755570000,SENSEX,2025-11-10T12:13:30,1762757010000,24,optimized,hybrid,698.4183455704803,717.432593486695,741.3946821754578
2025-11-10T11:49:30,1762755570000,SENSEX,2025-11-10T12:14:30,1762757070000,25,optimized,hybrid,694.8938249968257,718.5335784922719,736.6006808570364
2025-11-10T11:49:30,1762755570000,SENSEX,2025-11-10T12:15:30,1762757130000,26,optimized,hybrid,695.1217211965537,718.3520175015816,740.1632772480864
2025-11-10T11:49:30,1762755570000,SENSEX,2025-11-10T12:16:30,1762757190000,27,optimized,hybrid,696.0509209224409,717.892872083233,741.5819226260035
2025-11-10T11:49:30,1762755570000,SENSEX,2025-11-10T12:17:30,1762757250000,28,optimized,hybrid,695.6798313625567,717.5348479145193,739.7534109252495
2025-11-10T11:49:30,1762755570000,SENSEX,2025-11-10T12:18:30,1762757310000,29,optimized,hybrid,692.6873673962593,718.280459040746,739.0876243358621
2025-11-10T11:49:30,1762755570000,SENSEX,2025-11-10T12:19:30,1762757370000,30,optimized,hybrid,696.5750832537138,717.3859845999888,737.4645707466959
2025-11-10T11:49:30,1762755570000,SENSEX,2025-11-10T12:20:30,1762757430000,31,optimized,hybrid,693.9611815357453,717.2158630868622,738.1684176349926
2025-11-10T11:49:30,1762755570000,SENSEX,2025-11-10T12:21:30,1762757490000,32,optimized,hybrid,694.7455599937497,716.3806734647837,734.5055572265645
2025-11-10T11:49:30,1762755570000,SENSEX,2025-11-10T12:22:30,1762757550000,33,optimized,hybrid,695.1303131626424,715.1695370906364,737.4525505924507
2025-11-10T11:49:30,1762755570000,SENSEX,2025-11-10T12:23:30,1762757610000,34,optimized,hybrid,697.3339185707389,715.7768683628525,737.9304849774843
2025-11-10T11:49:30,1762755570000,SENSEX,2025-11-10T12:24:30,1762757670000,35,optimized,hybrid,695.5216694670492,717.4103415685241,735.1130315844163
2025-11-10T11:49:30,1762755570000,SENSEX,2025-11-10T12:25:30,1762757730000,36,optimized,hybrid,688.7994928461012,714.6542837527885,736.50866798448
2025-11-10T11:49:30,1762755570000,SENSEX,2025-11-10T12:26:30,1762757790000,37,optimized,hybrid,698.40999778548,717.1741214215416,738.0071142327829
2025-11-10T11:49:30,1762755570000,SENSEX,2025-11-10T12:27:30,1762757850000,38,optimized,hybrid,690.0972392154355,715.7362270965929,744.2005922517592
2025-11-10T11:49:30,1762755570000,SENSEX,2025-11-10T12:28:30,1762757910000,39,optimized,hybrid,685.6013117619815,714.6989609002411,741.9429751200771
2025-11-10T11:49:30,1762755570000,SENSEX,2025-11-10T12:29:30,1762757970000,40,optimized,hybrid,687.2115327651866,716.1482861363183,741.4376448404262
2025-11-10T11:49:30,1762755570000,SENSEX,2025-11-10T12:30:30,1762758030000,41,optimized,hybrid,701.5370103805094,713.9069684221718,744.6909666183504
2025-11-10T11:49:30,1762755570000,SENSEX,2025-11-10T12:31:30,1762758090000,42,optimized,hybrid,692.461569678869,713.0005600334673,742.0945337827859
2025-11-10T11:49:30,1762755570000,SENSEX,2025-11-10T12:32:30,1762758150000,43,optimized,hybrid,695.1818534965239,715.8791880187997,743.079529766906
2025-11-10T11:49:30,1762755570000,SENSEX,2025-11-10T12:33:30,1762758210000,44,optimized,hybrid,695.04819697339,718.8063752315741,741.2929014218511
2025-11-10T11:49:30,1762755570000,SENSEX,2025-11-10T12:34:30,1762758270000,45,optimized,hybrid,687.6634373009354,713.1481139435804,739.1530112817501
2025-11-10T11:49:30,1762755570000,SENSEX,2025-11-10T12:35:30,1762758330000,46,optimized,hybrid,695.0778951281741,715.3172618748425,744.9519507395721
2025-11-10T11:49:30,1762755570000,SENSEX,2025-11-10T12:36:30,1762758390000,47,optimized,hybrid,689.4691653861482,716.0069387631397,748.0451941916318
2025-11-10T11:49:30,1762755570000,SENSEX,2025-11-10T12:37:30,1762758450000,48,optimized,hybrid,689.3657848593017,714.4766094747769,743.5854329538673
2025-11-10T11:49:30,1762755570000,SENSEX,2025-11-10T12:38:30,1762758510000,49,optimized,hybrid,696.9723105630752,716.573874408412,744.9363623172808
2025-11-10T11:49:30,1762755570000,SENSEX,2025-11-10T12:39:30,1762758570000,50,optimized,hybrid,698.6917108224544,715.0979239430002,746.1909613560888
2025-11-10T11:49:30,1762755570000,SENSEX,2025-11-10T12:40:30,1762758630000,51,optimized,hybrid,696.3455997065929,711.5836149363648,747.6186791923917
2025-11-10T11:49:30,1762755570000,SENSEX,2025-11-10T12:41:30,1762758690000,52,optimized,hybrid,695.3486041050418,714.5328291260007,746.7641468667163
2025-11-10T11:49:30,1762755570000,SENSEX,2025-11-10T12:42:30,1762758750000,53,optimized,hybrid,688.7259262683702,714.3312940138095,746.6807185674955
2025-11-10T11:49:30,1762755570000,SENSEX,2025-11-10T12:43:30,1762758810000,54,optimized,hybrid,685.4183061127443,712.1974541707809,741.3037182659519
2025-11-10T11:49:30,1762755570000,SENSEX,2025-11-10T12:44:30,1762758870000,55,optimized,hybrid,687.376030573216,714.2447712488112,745.8723299499109
2025-11-10T11:49:30,1762755570000,SENSEX,2025-11-10T12:45:30,1762758930000,56,optimized,hybrid,687.8048132987071,712.9788340377862,746.7915599096713
2025-11-10T11:49:30,1762755570000,SENSEX,2025-11-10T12:46:30,1762758990000,57,optimized,hybrid,679.4657065687322,710.5480227753546,740.6106701190748
2025-11-10T11:49:30,1762755570000,SENSEX,2025-11-10T12:47:30,1762759050000,58,optimized,hybrid,683.1201159897153,713.936013343012,744.8940196759465
2025-11-10T11:49:30,1762755570000,SENSEX,2025-11-10T12:48:30,1762759110000,59,optimized,hybrid,684.331682190552,713.9706406914152,744.3656543137167
2025-11-10T11:49:30,1762755570000,SENSEX,2025-11-10T12:49:30,1762759170000,60,optimized,hybrid,681.1364910472003,709.9826769502574,740.778577058733
2025-11-10T12:05:30,1762756530000,SENSEX,2025-11-10T12:06:30,1762756590000,1,optimized,hybrid,690.8318596364537,714.2,733.3574755255815
2025-11-10T12:05:30,1762756530000,SENSEX,2025-11-10T12:07:30,1762756650000,2,optimized,hybrid,697.5521186300011,716.7491843266588,741.430583151009
2025-11-10T12:05:30,1762756530000,SENSEX,2025-11-10T12:08:30,1762756710000,3,optimized,hybrid,700.0225832205214,716.4829694904835,739.1863967870744
2025-11-10T12:05:30,1762756530000,SENSEX,2025-11-10T12:09:30,1762756770000,4,optimized,hybrid,695.0144832606128,714.5439232059682,732.8403678442584
2025-11-10T12:05:30,1762756530000,SENSEX,2025-11-10T12:10:30,1762756830000,5,optimized,hybrid,686.9718649430503,717.2066733331254,733.821108234377
2025-11-10T12:05:30,1762756530000,SENSEX,2025-11-10T12:11:30,1762756890000,6,optimized,hybrid,688.5589348056945,715.5460911543703,735.7519503873831
2025-11-10T12:05:30,1762756530000,SENSEX,2025-11-10T12:12:30,1762756950000,7,optimized,hybrid,685.1672245947054,713.4355672098943,730.5472590998404
2025-11-10T12:05:30,1762756530000,SENSEX,2025-11-10T12:13:30,1762757010000,8,optimized,hybrid,689.5707573129774,715.9074247026825,734.1844531081183
2025-11-10T12:05:30,1762756530000,SENSEX,2025-11-10T12:14:30,1762757070000,9,optimized,hybrid,688.8109242656398,715.9156944457244,729.2212182802258
2025-11-10T12:05:30,1762756530000,SENSEX,2025-11-10T12:15:30,1762757130000,10,optimized,hybrid,684.9150211903655,714.1527131699977,729.4189065297593
2025-11-10T12:05:30,1762756530000,SENSEX,2025-11-10T12:16:30,1762757190000,11,optimized,hybrid,697.436923614935,716.4429465455487,739.0599620316369
2025-11-10T12:05:30,1762756530000,SENSEX,2025-11-10T12:17:30,1762757250000,12,optimized,hybrid,703.0659372155427,715.8702681442226,737.0998042154663
2025-11-10T12:05:30,1762756530000,SENSEX,2025-11-10T12:18:30,1762757310000,13,optimized,hybrid,690.5569559742808,710.8106906995505,732.9084116654861
2025-11-10T12:05:30,1762756530000,SENSEX,2025-11-10T12:19:30,1762757370000,14,optimized,hybrid,693.7356240715403,715.302204615009,737.620111324776
2025-11-10T12:05:30,1762756530000,SENSEX,2025-11-10T12:20:30,1762757430000,15,optimized,hybrid,694.0223555027936,714.1092274559508,732.6319460434172
2025-11-10T12:05:30,1762756530000,SENSEX,2025-11-10T12:21:30,1762757490000,16,optimized,hybrid,697.0217706866921,709.9707485465507,733.5377076688154
2025-11-10T12:05:30,1762756530000,SENSEX,2025-11-10T12:22:30,1762757550000,17,optimized,hybrid,702.592514795812,713.1759327800993,733.8212616301436
2025-11-10T12:05:30,1762756530000,SENSEX,2025-11-10T12:23:30,1762757610000,18,optimized,hybrid,702.8254969530599,712.6704831127968,747.6681153397458
2025-11-10T12:05:30,1762756530000,SENSEX,2025-11-10T12:24:30,1762757670000,19,optimized,hybrid,697.9522291720468,710.969242287929,740.357720798732
2025-11-10T12:05:30,1762756530000,SENSEX,2025-11-10T12:25:30,1762757730000,20,optimized,hybrid,696.5435064172284,714.5738040428126,743.5267660966952
2025-11-10T12:05:30,1762756530000,SENSEX,2025-11-10T12:26:30,1762757790000,21,optimized,hybrid,696.9987852519171,714.4707582866703,739.5852630765377
2025-11-10T12:05:30,1762756530000,SENSEX,2025-11-10T12:27:30,1762757850000,22,optimized,hybrid,694.5948185985166,711.8539390024258,736.2356112520049
2025-11-10T12:05:30,1762756530000,SENSEX,2025-11-10T12:28:30,1762757910000,23,optimized,hybrid,703.136631981311,713.5378091658089,738.7395843948854
2025-11-10T12:05:30,1762756530000,SENSEX,2025-11-10T12:29:30,1762757970000,24,optimized,hybrid,698.4202487271006,713.4730517680866,742.6157416356981
2025-11-10T12:05:30,1762756530000,SENSEX,2025-11-10T12:30:30,1762758030000,25,optimized,hybrid,695.7672820144888,709.1759735313727,737.1545896595917
2025-11-10T12:05:30,1762756530000,SENSEX,2025-11-10T12:31:30,1762758090000,26,optimized,hybrid,697.304573062753,711.2868931357151,741.2834829983203
2025-11-10T12:05:30,1762756530000,SENSEX,2025-11-10T12:32:30,1762758150000,27,optimized,hybrid,697.365907377284,711.8063671540673,740.8849241679638
2025-11-10T12:05:30,1762756530000,SENSEX,2025-11-10T12:33:30,1762758210000,28,optimized,hybrid,690.9149236886384,708.5864713006966,737.6400279781586
2025-11-10T12:05:30,1762756530000,SENSEX,2025-11-10T12:34:30,1762758270000,29,optimized,hybrid,699.1519256790506,711.3092496845909,742.0835044506478
2025-11-10T12:05:30,1762756530000,SENSEX,2025-11-10T12:35:30,1762758330000,30,optimized,hybrid,688.1380156072416,713.5762353709446,738.4475317594191
2025-11-10T12:05:30,1762756530000,SENSEX,2025-11-10T12:36:30,1762758390000,31,optimized,hybrid,684.3773391214427,709.723713027623,737.1332543717728
2025-11-10T12:05:30,1762756530000,SENSEX,2025-11-10T12:37:30,1762758450000,32,optimized,hybrid,688.0870880248585,711.5077136142967,737.5817562708758
2025-11-10T12:05:30,1762756530000,SENSEX,2025-11-10T12:38:30,1762758510000,33,optimized,hybrid,692.2336528571497,712.18366796536,738.9272282015827
2025-11-10T12:05:30,1762756530000,SENSEX,2025-11-10T12:39:30,1762758570000,34,optimized,hybrid,682.5313431416748,707.7737712357227,736.5607365515077
2025-11-10T12:05:30,1762756530000,SENSEX,2025-11-10T12:40:30,1762758630000,35,optimized,hybrid,694.0611499408294,711.2311147311182,738.2866089124977
2025-11-10T12:05:30,1762756530000,SENSEX,2025-11-10T12:41:30,1762758690000,36,optimized,hybrid,684.3117726480639,710.4993499091047,739.4098610373472
2025-11-10T12:05:30,1762756530000,SENSEX,2025-11-10T12:42:30,1762758750000,37,optimized,hybrid,682.1918302374648,707.2758269230206,737.4785830882598
2025-11-10T12:05:30,1762756530000,SENSEX,2025-11-10T12:43:30,1762758810000,38,optimized,hybrid,686.4250448423204,711.1640234241479,744.8827031870745
2025-11-10T12:05:30,1762756530000,SENSEX,2025-11-10T12:44:30,1762758870000,39,optimized,hybrid,683.323272495679,711.0448495327222,743.6270493171235
2025-11-10T12:05:30,1762756530000,SENSEX,2025-11-10T12:45:30,1762758930000,40,optimized,hybrid,676.0079648267039,707.7473347419083,738.8770566092304
2025-11-10T12:05:30,1762756530000,SENSEX,2025-11-10T12:46:30,1762758990000,41,optimized,hybrid,691.8129180405933,711.0264367429718,743.1069730582619
2025-11-10T12:05:30,1762756530000,SENSEX,2025-11-10T12:47:30,1762759050000,42,optimized,hybrid,680.2689255167581,711.0753110686559,742.3101804439814
2025-11-10T12:05:30,1762756530000,SENSEX,2025-11-10T12:48:30,1762759110000,43,optimized,hybrid,669.3706393417671,708.633698416335,737.8110762218398
2025-11-10T12:05:30,1762756530000,SENSEX,2025-11-10T12:49:30,1762759170000,44,optimized,hybrid,680.1558736585537,712.0983257543747,739.9178899909787
2025-11-10T12:05:30,1762756530000,SENSEX,2025-11-10T12:50:30,1762759230000,45,optimized,hybrid,674.3298728918891,711.285233464073,739.5007593562252
2025-11-10T12:05:30,1762756530000,SENSEX,2025-11-10T12:51:30,1762759290000,46,optimized,hybrid,677.3776334925851,707.6797226209865,738.0739235362705
2025-11-10T12:05:30,1762756530000,SENSEX,2025-11-10T12:52:30,1762759350000,47,optimized,hybrid,665.0943224152255,711.7781113381238,744.6353725272753
2025-11-10T12:05:30,1762756530000,SENSEX,2025-11-10T12:53:30,1762759410000,48,optimized,hybrid,664.6971496833829,711.5331748465054,745.0494969362591
2025-11-10T12:05:30,1762756530000,SENSEX,2025-11-10T12:54:30,1762759470000,49,optimized,hybrid,685.9318028709973,707.3259858696415,740.2216717397056
2025-11-10T12:05:30,1762756530000,SENSEX,2025-11-10T12:55:30,1762759530000,50,optimized,hybrid,665.7077178432443,711.0084418858991,743.1387035683483
2025-11-10T12:05:30,1762756530000,SENSEX,2025-11-10T12:56:30,1762759590000,51,optimized,hybrid,668.5410582371195,711.3551326129767,747.1830659694863
2025-11-10T12:05:30,1762756530000,SENSEX,2025-11-10T12:57:30,1762759650000,52,optimized,hybrid,659.2337475374471,707.8566546778566,740.3009280140824
2025-11-10T12:05:30,1762756530000,SENSEX,2025-11-10T12:58:30,1762759710000,53,optimized,hybrid,670.6731616201591,711.3644021048501,743.2506611662988
2025-11-10T12:05:30,1762756530000,SENSEX,2025-11-10T12:59:30,1762759770000,54,optimized,hybrid,668.4082455344575,711.686386882892,742.1591775411537
2025-11-10T12:05:30,1762756530000,SENSEX,2025-11-10T13:00:30,1762759830000,55,optimized,hybrid,663.0100738961802,709.2023919863178,739.3291765030037
2025-11-10T12:05:30,1762756530000,SENSEX,2025-11-10T13:01:30,1762759890000,56,optimized,hybrid,670.7823803187441,711.0554823046364,742.9813324185877
2025-11-10T12:05:30,1762756530000,SENSEX,2025-11-10T13:02:30,1762759950000,57,optimized,hybrid,668.7161671543753,711.7534740475128,742.311760304095
2025-11-10T12:05:30,1762756530000,SENSEX,2025-11-10T13:03:30,1762760010000,58,optimized,hybrid,671.8072792811926,709.0916662170986,738.4312705606075
2025-11-10T12:05:30,1762756530000,SENSEX,2025-11-10T13:04:30,1762760070000,59,optimized,hybrid,676.710510017941,712.585472136014,740.950662853845
2025-11-10T12:05:30,1762756530000,SENSEX,2025-11-10T13:05:30,1762760130000,60,optimized,hybrid,674.6334321589092,712.3918581055531,741.5816142645264
2025-11-10T14:08:00,1762763880000,SENSEX,2025-11-10T14:09:00,1762763940000,1,optimized,hybrid,675.1048280309519,691.05,703.8791706051577
2025-11-10T14:08:00,1762763880000,SENSEX,2025-11-10T14:10:00,1762764000000,2,optimized,hybrid,663.6280728082729,680.4556840198194,698.7416657457651
2025-11-10T14:08:00,1762763880000,SENSEX,2025-11-10T14:11:00,1762764060000,3,optimized,hybrid,679.2763658623085,691.586132195771,706.1018283267754
2025-11-10T14:08:00,1762763880000,SENSEX,2025-11-10T14:12:00,1762764120000,4,optimized,hybrid,684.5606805150198,690.694005456859,705.7805046476808
2025-11-10T14:08:00,1762763880000,SENSEX,2025-11-10T14:13:00,1762764180000,5,optimized,hybrid,670.5944950704674,680.144829957481,692.4423523871795
2025-11-10T14:08:00,1762763880000,SENSEX,2025-11-10T14:14:00,1762764240000,6,optimized,hybrid,682.1994044659994,691.5211434332246,704.5201315813061
2025-11-10T14:08:00,1762763880000,SENSEX,2025-11-10T14:15:00,1762764300000,7,optimized,hybrid,682.5420706655493,691.5440902230301,705.3286096459858
2025-11-10T14:08:00,1762763880000,SENSEX,2025-11-10T14:16:00,1762764360000,8,optimized,hybrid,668.8398676639501,680.3792263182047,693.7168543904955
2025-11-10T14:08:00,1762763880000,SENSEX,2025-11-10T14:17:00,1762764420000,9,optimized,hybrid,675.8665278792976,691.7417469694152,704.3233690260995
2025-11-10T14:08:00,1762763880000,SENSEX,2025-11-10T14:18:00,1762764480000,10,optimized,hybrid,677.1943982491797,690.6737085928127,705.8928446222868
2025-11-10T14:08:00,1762763880000,SENSEX,2025-11-10T14:19:00,1762764540000,11,optimized,hybrid,665.6260678398454,679.9342822648406,697.1420400364086
2025-11-10T14:08:00,1762763880000,SENSEX,2025-11-10T14:20:00,1762764600000,12,optimized,hybrid,678.9719623685234,690.624606757812,705.8317353820938
2025-11-10T14:08:00,1762763880000,SENSEX,2025-11-10T14:21:00,1762764660000,13,optimized,hybrid,674.6907126077306,691.1608295864459,706.3259654082246
2025-11-10T14:08:00,1762763880000,SENSEX,2025-11-10T14:22:00,1762764720000,14,optimized,hybrid,663.4690637648341,680.4225569457317,695.4376419841408
2025-11-10T14:08:00,1762763880000,SENSEX,2025-11-10T14:23:00,1762764780000,15,optimized,hybrid,675.1429390636406,691.3600415112423,699.9894874070476
2025-11-10T14:08:00,1762763880000,SENSEX,2025-11-10T14:24:00,1762764840000,16,optimized,hybrid,675.7367450851999,690.1654770593885,705.3129240894028
2025-11-10T14:08:00,1762763880000,SENSEX,2025-11-10T14:25:00,1762764900000,17,optimized,hybrid,662.4341024642457,680.9021675227473,690.4344933256489
2025-11-10T14:08:00,1762763880000,SENSEX,2025-11-10T14:26:00,1762764960000,18,optimized,hybrid,674.1439793664053,690.596335145887,712.3501555052698
2025-11-10T14:08:00,1762763880000,SENSEX,2025-11-10T14:27:00,1762765020000,19,optimized,hybrid,674.9760423967178,690.3727259229034,711.1741790008216
2025-11-10T14:08:00,1762763880000,SENSEX,2025-11-10T14:28:00,1762765080000,20,optimized,hybrid,667.510757397143,678.9768488265881,700.5535549435549
2025-11-10T14:08:00,1762763880000,SENSEX,2025-11-10T14:29:00,1762765140000,21,optimized,hybrid,678.2446320093901,691.5618870794708,706.4800128209522
2025-11-10T14:08:00,1762763880000,SENSEX,2025-11-10T14:30:00,1762765200000,22,optimized,hybrid,679.4585864364112,690.0991576687724,707.9943945077024
2025-11-10T14:08:00,1762763880000,SENSEX,2025-11-10T14:31:00,1762765260000,23,optimized,hybrid,667.6853938990328,679.623198291961,694.5112685346544
2025-11-10T14:08:00,1762763880000,SENSEX,2025-11-10T14:32:00,1762765320000,24,optimized,hybrid,676.7424378366075,691.2219070553223,707.4279443814024
2025-11-10T14:08:00,1762763880000,SENSEX,2025-11-10T14:33:00,1762765380000,25,optimized,hybrid,674.6689662812468,692.5642655712008,705.3951962072745
2025-11-10T14:08:00,1762763880000,SENSEX,2025-11-10T14:34:00,1762765440000,26,optimized,hybrid,663.1953000697603,680.1614039012176,694.9577675178417
2025-11-10T14:08:00,1762763880000,SENSEX,2025-11-10T14:35:00,1762765500000,27,optimized,hybrid,675.3511321799336,692.3160638356577,707.6649907026346
2025-11-10T14:08:00,1762763880000,SENSEX,2025-11-10T14:36:00,1762765560000,28,optimized,hybrid,674.8432469265874,692.0204871648889,707.3392261559463
2025-11-10T14:08:00,1762763880000,SENSEX,2025-11-10T14:37:00,1762765620000,29,optimized,hybrid,660.9057581889955,679.4470495143358,694.9849789801984
2025-11-10T14:08:00,1762763880000,SENSEX,2025-11-10T14:38:00,1762765680000,30,optimized,hybrid,674.895352136287,690.8107731842109,705.2787867682232
2025-11-10T14:08:00,1762763880000,SENSEX,2025-11-10T14:39:00,1762765740000,31,optimized,hybrid,676.1383306208407,690.6488859684358,705.2578421284286
2025-11-10T14:08:00,1762763880000,SENSEX,2025-11-10T14:40:00,1762765800000,32,optimized,hybrid,661.1307417843099,679.4411080872238,691.2001823777772
2025-11-10T14:08:00,1762763880000,SENSEX,2025-11-10T14:41:00,1762765860000,33,optimized,hybrid,672.8394711431964,690.5411117969167,706.5415177200825
2025-11-10T14:08:00,1762763880000,SENSEX,2025-11-10T14:42:00,1762765920000,34,optimized,hybrid,672.0066236783919,690.953787255505,705.363598672733
2025-11-10T14:08:00,1762763880000,SENSEX,2025-11-10T14:43:00,1762765980000,35,optimized,hybrid,661.6048729744957,678.8611928430726,697.5480248090731
2025-11-10T14:08:00,1762763880000,SENSEX,2025-11-10T14:44:00,1762766040000,36,optimized,hybrid,670.4580391931494,689.5118825517744,707.2204263176282
2025-11-10T14:08:00,1762763880000,SENSEX,2025-11-10T14:45:00,1762766100000,37,optimized,hybrid,674.5348273114927,689.922927002178,706.8140328164825
2025-11-10T14:08:00,1762763880000,SENSEX,2025-11-10T14:46:00,1762766160000,38,optimized,hybrid,658.1078375980701,678.7201140873468,698.2943322122792
2025-11-10T14:08:00,1762763880000,SENSEX,2025-11-10T14:47:00,1762766220000,39,optimized,hybrid,667.1702188122888,689.4228994707669,709.0218720036447
2025-11-10T14:08:00,1762763880000,SENSEX,2025-11-10T14:48:00,1762766280000,40,optimized,hybrid,667.5830377519683,689.2327880031149,706.8327156809551
2025-11-10T14:08:00,1762763880000,SENSEX,2025-11-10T14:49:00,1762766340000,41,optimized,hybrid,664.912987309339,677.4676883431367,696.9950441112994
2025-11-10T14:08:00,1762763880000,SENSEX,2025-11-10T14:50:00,1762766400000,42,optimized,hybrid,674.0732296602133,689.2984964081663,706.3392655610718
2025-11-10T14:08:00,1762763880000,SENSEX,2025-11-10T14:51:00,1762766460000,43,optimized,hybrid,671.5489594245598,688.9509027500956,706.6132164620542
2025-11-10T14:08:00,1762763880000,SENSEX,2025-11-10T14:52:00,1762766520000,44,optimized,hybrid,661.1809800809045,677.8774973752726,696.11877913199
2025-11-10T14:08:00,1762763880000,SENSEX,2025-11-10T14:53:00,1762766580000,45,optimized,hybrid,668.6361572258259,689.4011805023019,706.8673147797709
2025-11-10T14:08:00,1762763880000,SENSEX,2025-11-10T14:54:00,1762766640000,46,optimized,hybrid,670.652231947536,688.9199793977472,707.4432267147208
2025-11-10T14:08:00,1762763880000,SENSEX,2025-11-10T14:55:00,1762766700000,47,optimized,hybrid,656.9981735310845,678.3145374277738,701.4828334674917
2025-11-10T14:08:00,1762763880000,SENSEX,2025-11-10T14:56:00,1762766760000,48,optimized,hybrid,671.891540209097,690.0700479318816,713.478039879448
2025-11-10T14:08:00,1762763880000,SENSEX,2025-11-10T14:57:00,1762766820000,49,optimized,hybrid,671.0882294759508,689.0182132834572,709.576558973599
2025-11-10T14:08:00,1762763880000,SENSEX,2025-11-10T14:58:00,1762766880000,50,optimized,hybrid,661.989758568596,676.8968299177847,701.3492483459868
2025-11-10T14:08:00,1762763880000,SENSEX,2025-11-10T14:59:00,1762766940000,51,optimized,hybrid,673.6228715137373,687.949316918526,713.1776294560171
2025-11-10T14:08:00,1762763880000,SENSEX,2025-11-10T15:00:00,1762767000000,52,optimized,hybrid,671.1346475825717,687.3018734859724,713.7594813824103
2025-11-10T14:08:00,1762763880000,SENSEX,2025-11-10T15:01:00,1762767060000,53,optimized,hybrid,656.5922575062614,677.2420011408506,702.2044054500924
2025-11-10T14:08:00,1762763880000,SENSEX,2025-11-10T15:02:00,1762767120000,54,optimized,hybrid,668.8033605763964,687.6754468014474,709.6374057624173
2025-11-10T14:08:00,1762763880000,SENSEX,2025-11-10T15:03:00,1762767180000,55,optimized,hybrid,669.1400857820295,687.560640709654,711.3187109779526
2025-11-10T14:08:00,1762763880000,SENSEX,2025-11-10T15:04:00,1762767240000,56,optimized,hybrid,659.1718916295129,675.4427065739302,699.5333760625219
2025-11-10T14:08:00,1762763880000,SENSEX,2025-11-10T15:05:00,1762767300000,57,optimized,hybrid,663.0553053453951,687.7713965811143,716.873863963608
2025-11-10T14:08:00,1762763880000,SENSEX,2025-11-10T15:06:00,1762767360000,58,optimized,hybrid,669.7919607485089,686.9331289828988,713.5069158916012
2025-11-10T14:08:00,1762763880000,SENSEX,2025-11-10T15:07:00,1762767420000,59,optimized,hybrid,659.5832626435997,676.1257084757739,703.0854252497501
2025-11-10T14:08:00,1762763880000,SENSEX,2025-11-10T15:08:00,1762767480000,60,optimized,hybrid,665.7742822439384,687.7911414261889,713.5190105158905
2025-11-10T14:08:00,1762763880000,SENSEX,2025-11-10T14:09:00,1762763940000,1,optimized,hybrid,675.1048280309519,691.05,703.8791706051577
2025-11-10T14:08:00,1762763880000,SENSEX,2025-11-10T14:10:00,1762764000000,2,optimized,hybrid,663.6280728082729,680.4556840198194,698.7416657457651
2025-11-10T14:08:00,1762763880000,SENSEX,2025-11-10T14:11:00,1762764060000,3,optimized,hybrid,679.2763658623085,691.586132195771,706.1018283267754
2025-11-10T14:08:00,1762763880000,SENSEX,2025-11-10T14:12:00,1762764120000,4,optimized,hybrid,684.5606805150198,690.694005456859,705.7805046476808
2025-11-10T14:08:00,1762763880000,SENSEX,2025-11-10T14:13:00,1762764180000,5,optimized,hybrid,670.5944950704674,680.144829957481,692.4423523871795
2025-11-10T14:08:00,1762763880000,SENSEX,2025-11-10T14:14:00,1762764240000,6,optimized,hybrid,682.1994044659994,691.5211434332246,704.5201315813061
2025-11-10T14:08:00,1762763880000,SENSEX,2025-11-10T14:15:00,1762764300000,7,optimized,hybrid,682.5420706655493,691.5440902230301,705.3286096459858
2025-11-10T14:08:00,1762763880000,SENSEX,2025-11-10T14:16:00,1762764360000,8,optimized,hybrid,668.8398676639501,680.3792263182047,693.7168543904955
2025-11-10T14:08:00,1762763880000,SENSEX,2025-11-10T14:17:00,1762764420000,9,optimized,hybrid,675.8665278792976,691.7417469694152,704.3233690260995
2025-11-10T14:08:00,1762763880000,SENSEX,2025-11-10T14:18:00,1762764480000,10,optimized,hybrid,677.1943982491797,690.6737085928127,705.8928446222868
2025-11-10T14:08:00,1762763880000,SENSEX,2025-11-10T14:19:00,1762764540000,11,optimized,hybrid,665.6260678398454,679.9342822648406,697.1420400364086
2025-11-10T14:08:00,1762763880000,SENSEX,2025-11-10T14:20:00,1762764600000,12,optimized,hybrid,678.9719623685234,690.624606757812,705.8317353820938
2025-11-10T14:08:00,1762763880000,SENSEX,2025-11-10T14:21:00,1762764660000,13,optimized,hybrid,674.6907126077306,691.1608295864459,706.3259654082246
2025-11-10T14:08:00,1762763880000,SENSEX,2025-11-10T14:22:00,1762764720000,14,optimized,hybrid,663.4690637648341,680.4225569457317,695.4376419841408
2025-11-10T14:08:00,1762763880000,SENSEX,2025-11-10T14:23:00,1762764780000,15,optimized,hybrid,675.1429390636406,691.3600415112423,699.9894874070476
2025-11-10T14:08:00,1762763880000,SENSEX,2025-11-10T14:24:00,1762764840000,16,optimized,hybrid,675.7367450851999,690.1654770593885,705.3129240894028
2025-11-10T14:08:00,1762763880000,SENSEX,2025-11-10T14:25:00,1762764900000,17,optimized,hybrid,662.4341024642457,680.9021675227473,690.4344933256489
2025-11-10T14:08:00,1762763880000,SENSEX,2025-11-10T14:26:00,1762764960000,18,optimized,hybrid,674.1439793664053,690.596335145887,712.3501555052698
2025-11-10T14:08:00,1762763880000,SENSEX,2025-11-10T14:27:00,1762765020000,19,optimized,hybrid,674.9760423967178,690.3727259229034,711.1741790008216
2025-11-10T14:08:00,1762763880000,SENSEX,2025-11-10T14:28:00,1762765080000,20,optimized,hybrid,667.510757397143,678.9768488265881,700.5535549435549
2025-11-10T14:08:00,1762763880000,SENSEX,2025-11-10T14:29:00,1762765140000,21,optimized,hybrid,678.2446320093901,691.5618870794708,706.4800128209522
2025-11-10T14:08:00,1762763880000,SENSEX,2025-11-10T14:30:00,1762765200000,22,optimized,hybrid,679.4585864364112,690.0991576687724,707.9943945077024
2025-11-10T14:08:00,1762763880000,SENSEX,2025-11-10T14:31:00,1762765260000,23,optimized,hybrid,667.6853938990328,679.623198291961,694.5112685346544
2025-11-10T14:08:00,1762763880000,SENSEX,2025-11-10T14:32:00,1762765320000,24,optimized,hybrid,676.7424378366075,691.2219070553223,707.4279443814024
2025-11-10T14:08:00,1762763880000,SENSEX,2025-11-10T14:33:00,1762765380000,25,optimized,hybrid,674.6689662812468,692.5642655712008,705.3951962072745
2025-11-10T14:08:00,1762763880000,SENSEX,2025-11-10T14:34:00,1762765440000,26,optimized,hybrid,663.1953000697603,680.1614039012176,694.9577675178417
2025-11-10T14:08:00,1762763880000,SENSEX,2025-11-10T14:35:00,1762765500000,27,optimized,hybrid,675.3511321799336,692.3160638356577,707.6649907026346
2025-11-10T14:08:00,1762763880000,SENSEX,2025-11-10T14:36:00,1762765560000,28,optimized,hybrid,674.8432469265874,692.0204871648889,707.3392261559463
2025-11-10T14:08:00,1762763880000,SENSEX,2025-11-10T14:37:00,1762765620000,29,optimized,hybrid,660.9057581889955,679.4470495143358,694.9849789801984
2025-11-10T14:08:00,1762763880000,SENSEX,2025-11-10T14:38:00,1762765680000,30,optimized,hybrid,674.895352136287,690.8107731842109,705.2787867682232
2025-11-10T14:08:00,1762763880000,SENSEX,2025-11-10T14:39:00,1762765740000,31,optimized,hybrid,676.1383306208407,690.6488859684358,705.2578421284286
2025-11-10T14:08:00,1762763880000,SENSEX,2025-11-10T14:40:00,1762765800000,32,optimized,hybrid,661.1307417843099,679.4411080872238,691.2001823777772
2025-11-10T14:08:00,1762763880000,SENSEX,2025-11-10T14:41:00,1762765860000,33,optimized,hybrid,672.8394711431964,690.5411117969167,706.5415177200825
2025-11-10T14:08:00,1762763880000,SENSEX,2025-11-10T14:42:00,1762765920000,34,optimized,hybrid,672.0066236783919,690.953787255505,705.363598672733
2025-11-10T14:08:00,1762763880000,SENSEX,2025-11-10T14:43:00,1762765980000,35,optimized,hybrid,661.6048729744957,678.8611928430726,697.5480248090731
2025-11-10T14:08:00,1762763880000,SENSEX,2025-11-10T14:44:00,1762766040000,36,optimized,hybrid,670.4580391931494,689.5118825517744,707.2204263176282
2025-11-10T14:08:00,1762763880000,SENSEX,2025-11-10T14:45:00,1762766100000,37,optimized,hybrid,674.5348273114927,689.922927002178,706.8140328164825
2025-11-10T14:08:00,1762763880000,SENSEX,2025-11-10T14:46:00,1762766160000,38,optimized,hybrid,658.1078375980701,678.7201140873468,698.2943322122792
2025-11-10T14:08:00,1762763880000,SENSEX,2025-11-10T14:47:00,1762766220000,39,optimized,hybrid,667.1702188122888,689.4228994707669,709.0218720036447
2025-11-10T14:08:00,1762763880000,SENSEX,2025-11-10T14:48:00,1762766280000,40,optimized,hybrid,667.5830377519683,689.2327880031149,706.8327156809551
2025-11-10T14:08:00,1762763880000,SENSEX,2025-11-10T14:49:00,1762766340000,41,optimized,hybrid,664.912987309339,677.4676883431367,696.9950441112994
2025-11-10T14:08:00,1762763880000,SENSEX,2025-11-10T14:50:00,1762766400000,42,optimized,hybrid,674.0732296602133,689.2984964081663,706.3392655610718
2025-11-10T14:08:00,1762763880000,SENSEX,2025-11-10T14:51:00,1762766460000,43,optimized,hybrid,671.5489594245598,688.9509027500956,706.6132164620542
2025-11-10T14:08:00,1762763880000,SENSEX,2025-11-10T14:52:00,1762766520000,44,optimized,hybrid,661.1809800809045,677.8774973752726,696.11877913199
2025-11-10T14:08:00,1762763880000,SENSEX,2025-11-10T14:53:00,1762766580000,45,optimized,hybrid,668.6361572258259,689.4011805023019,706.8673147797709
2025-11-10T14:08:00,1762763880000,SENSEX,2025-11-10T14:54:00,1762766640000,46,optimized,hybrid,670.652231947536,688.9199793977472,707.4432267147208
2025-11-10T14:08:00,1762763880000,SENSEX,2025-11-10T14:55:00,1762766700000,47,optimized,hybrid,656.9981735310845,678.3145374277738,701.4828334674917
2025-11-10T14:08:00,1762763880000,SENSEX,2025-11-10T14:56:00,1762766760000,48,optimized,hybrid,671.891540209097,690.0700479318816,713.478039879448
2025-11-10T14:08:00,1762763880000,SENSEX,2025-11-10T14:57:00,1762766820000,49,optimized,hybrid,671.0882294759508,689.0182132834572,709.576558973599
2025-11-10T14:08:00,1762763880000,SENSEX,2025-11-10T14:58:00,1762766880000,50,optimized,hybrid,661.989758568596,676.8968299177847,701.3492483459868
2025-11-10T14:08:00,1762763880000,SENSEX,2025-11-10T14:59:00,1762766940000,51,optimized,hybrid,673.6228715137373,687.949316918526,713.1776294560171
2025-11-10T14:08:00,1762763880000,SENSEX,2025-11-10T15:00:00,1762767000000,52,optimized,hybrid,671.1346475825717,687.3018734859724,713.7594813824103
2025-11-10T14:08:00,1762763880000,SENSEX,2025-11-10T15:01:00,1762767060000,53,optimized,hybrid,656.5922575062614,677.2420011408506,702.2044054500924
2025-11-10T14:08:00,1762763880000,SENSEX,2025-11-10T15:02:00,1762767120000,54,optimized,hybrid,668.8033605763964,687.6754468014474,709.6374057624173
2025-11-10T14:08:00,1762763880000,SENSEX,2025-11-10T15:03:00,1762767180000,55,optimized,hybrid,669.1400857820295,687.560640709654,711.3187109779526
2025-11-10T14:08:00,1762763880000,SENSEX,2025-11-10T15:04:00,1762767240000,56,optimized,hybrid,659.1718916295129,675.4427065739302,699.5333760625219
2025-11-10T14:08:00,1762763880000,SENSEX,2025-11-10T15:05:00,1762767300000,57,optimized,hybrid,663.0553053453951,687.7713965811143,716.873863963608
2025-11-10T14:08:00,1762763880000,SENSEX,2025-11-10T15:06:00,1762767360000,58,optimized,hybrid,669.7919607485089,686.9331289828988,713.5069158916012
2025-11-10T14:08:00,1762763880000,SENSEX,2025-11-10T15:07:00,1762767420000,59,optimized,hybrid,659.5832626435997,676.1257084757739,703.0854252497501
2025-11-10T14:08:00,1762763880000,SENSEX,2025-11-10T15:08:00,1762767480000,60,optimized,hybrid,665.7742822439384,687.7911414261889,713.5190105158905
2025-11-10T14:46:30,1762766190000,SENSEX,2025-11-10T14:47:30,1762766250000,1,optimized,hybrid,677.9982764280758,689.8,706.4339252635148
2025-11-10T14:46:30,1762766190000,SENSEX,2025-11-10T14:48:30,1762766310000,2,optimized,hybrid,674.2355177503947,685.5747223819983,704.404616695898
2025-11-10T14:46:30,1762766190000,SENSEX,2025-11-10T14:49:30,1762766370000,3,optimized,hybrid,678.9727210095784,690.6716451021863,703.4007569526497
2025-11-10T14:46:30,1762766190000,SENSEX,2025-11-10T14:50:30,1762766430000,4,optimized,hybrid,684.069939381816,690.2766191267815,702.9795041625093
2025-11-10T14:46:30,1762766190000,SENSEX,2025-11-10T14:51:30,1762766490000,5,optimized,hybrid,678.4971681469016,686.2423693158162,697.4241122808343
2025-11-10T14:46:30,1762766190000,SENSEX,2025-11-10T14:52:30,1762766550000,6,optimized,hybrid,681.5815861402887,689.5549853794614,702.5160562452035
2025-11-10T14:46:30,1762766190000,SENSEX,2025-11-10T14:53:30,1762766610000,7,optimized,hybrid,681.6343204371742,689.2164055026117,702.1315180259683
2025-11-10T14:46:30,1762766190000,SENSEX,2025-11-10T14:54:30,1762766670000,8,optimized,hybrid,677.1749863807443,686.2830270891203,698.3345959781132
2025-11-10T14:46:30,1762766190000,SENSEX,2025-11-10T14:55:30,1762766730000,9,optimized,hybrid,677.4157351629519,688.9368014786188,701.0894434882418
2025-11-10T14:46:30,1762766190000,SENSEX,2025-11-10T14:56:30,1762766790000,10,optimized,hybrid,677.9277703547699,687.7974441754533,702.0711243007777
2025-11-10T14:46:30,1762766190000,SENSEX,2025-11-10T14:57:30,1762766850000,11,optimized,hybrid,675.686254051626,685.292352428201,704.0737915536491
2025-11-10T14:46:30,1762766190000,SENSEX,2025-11-10T14:58:30,1762766910000,12,optimized,hybrid,678.2073126956712,687.7526135947548,701.8504599160559
2025-11-10T14:46:30,1762766190000,SENSEX,2025-11-10T14:59:30,1762766970000,13,optimized,hybrid,674.3419125235382,688.3756853829839,703.6517318140268
2025-11-10T14:46:30,1762766190000,SENSEX,2025-11-10T15:00:30,1762767030000,14,optimized,hybrid,671.9559030992804,685.2240785781165,699.7606056444421
2025-11-10T14:46:30,1762766190000,SENSEX,2025-11-10T15:01:30,1762767090000,15,optimized,hybrid,676.0507000764949,688.0964014526152,702.2611307647545
2025-11-10T14:46:30,1762766190000,SENSEX,2025-11-10T15:02:30,1762767150000,16,optimized,hybrid,677.4143360542809,688.1523782305862,701.4006455063171
2025-11-10T14:46:30,1762766190000,SENSEX,2025-11-10T15:03:30,1762767210000,17,optimized,hybrid,669.7684459483223,685.5766771179497,697.284616412875
2025-11-10T14:46:30,1762766190000,SENSEX,2025-11-10T15:04:30,1762767270000,18,optimized,hybrid,673.9188951044816,687.5220187330382,711.969983510061
2025-11-10T14:46:30,1762766190000,SENSEX,2025-11-10T15:05:30,1762767330000,19,optimized,hybrid,673.4799135040685,687.8132415531946,707.0440026265327
2025-11-10T14:46:30,1762766190000,SENSEX,2025-11-10T15:06:30,1762767390000,20,optimized,hybrid,674.4986941454644,684.6159490402531,706.3965657827263
2025-11-10T14:46:30,1762766190000,SENSEX,2025-11-10T15:07:30,1762767450000,21,optimized,hybrid,675.835649632167,688.7183126098195,704.777785444704
2025-11-10T14:46:30,1762766190000,SENSEX,2025-11-10T15:08:30,1762767510000,22,optimized,hybrid,676.5232009878256,688.0043342504896,705.4611241655977
2025-11-10T14:46:30,1762766190000,SENSEX,2025-11-10T15:09:30,1762767570000,23,optimized,hybrid,673.9507237672185,685.6752675433468,697.7608074919721
2025-11-10T14:46:30,1762766190000,SENSEX,2025-11-10T15:10:30,1762767630000,24,optimized,hybrid,675.2776361184222,689.0010599493953,704.2693010832371
2025-11-10T14:46:30,1762766190000,SENSEX,2025-11-10T15:11:30,1762767690000,25,optimized,hybrid,672.5425862834372,689.3469510925278,701.2358992751695
2025-11-10T14:46:30,1762766190000,SENSEX,2025-11-10T15:12:30,1762767750000,26,optimized,hybrid,672.7736794130581,688.9532015778942,701.2199366070034
2025-11-10T14:46:30,1762766190000,SENSEX,2025-11-10T15:13:30,1762767810000,27,optimized,hybrid,672.0584448793585,690.1808931341309,701.5405909647577
2025-11-10T14:46:30,1762766190000,SENSEX,2025-11-10T15:14:30,1762767870000,28,optimized,hybrid,670.9487527935723,688.754016470353,700.6680643955947
2025-11-10T14:46:30,1762766190000,SENSEX,2025-11-10T15:15:30,1762767930000,29,optimized,hybrid,669.0120817430754,687.3867921976421,698.9861364362899
2025-11-10T14:46:30,1762766190000,SENSEX,2025-11-10T15:16:30,1762767990000,30,optimized,hybrid,671.150855608694,689.5520512159427,700.0246763813658
2025-11-10T14:46:30,1762766190000,SENSEX,2025-11-10T15:17:30,1762768050000,31,optimized,hybrid,673.1287392134566,688.5847834092842,700.7271497610205
2025-11-10T14:46:30,1762766190000,SENSEX,2025-11-10T15:18:30,1762768110000,32,optimized,hybrid,670.5891246845916,686.8637614213638,700.1048295738548
2025-11-10T14:46:30,1762766190000,SENSEX,2025-11-10T15:19:30,1762768170000,33,optimized,hybrid,671.8179813326407,687.5055127583278,705.4972270051572
2025-11-10T14:46:30,1762766190000,SENSEX,2025-11-10T15:20:30,1762768230000,34,optimized,hybrid,670.8745525557566,688.2748211796653,704.2034057229268
2025-11-10T14:46:30,1762766190000,SENSEX,2025-11-10T15:21:30,1762768290000,35,optimized,hybrid,670.396980521899,688.0587795056111,702.3407682158318
2025-11-10T14:46:30,1762766190000,SENSEX,2025-11-10T15:22:30,1762768350000,36,optimized,hybrid,668.6011294549056,689.0202689302516,704.4887693051228
2025-11-10T14:46:30,1762766190000,SENSEX,2025-11-10T15:23:30,1762768410000,37,optimized,hybrid,674.4669491208934,688.719577740708,706.8146034222484
2025-11-10T14:46:30,1762766190000,SENSEX,2025-11-10T15:24:30,1762768470000,38,optimized,hybrid,668.6880289282971,687.5353060144082,703.9957470735545
2025-11-10T14:46:30,1762766190000,SENSEX,2025-11-10T15:25:30,1762768530000,39,optimized,hybrid,669.9976406243001,688.7125444239321,709.4818350218428
2025-11-10T14:46:30,1762766190000,SENSEX,2025-11-10T15:26:30,1762768590000,40,optimized,hybrid,670.5585156912451,689.1499474028982,709.1715450258134
2025-11-10T14:46:30,1762766190000,SENSEX,2025-11-10T15:27:30,1762768650000,41,optimized,hybrid,675.9722805308757,686.9165475784994,705.0740179718741
2025-11-10T14:46:30,1762766190000,SENSEX,2025-11-10T15:28:30,1762768710000,42,optimized,hybrid,675.0814160254993,688.2028971013738,706.8647152672788
2025-11-10T14:46:30,1762766190000,SENSEX,2025-11-10T15:29:30,1762768770000,43,optimized,hybrid,672.6539382548076,687.9702757945157,706.4255894446168
2025-11-10T14:46:30,1762766190000,SENSEX,2025-11-10T14:47:30,1762766250000,1,optimized,hybrid,677.9982764280758,689.8,706.4339252635148
2025-11-10T14:46:30,1762766190000,SENSEX,2025-11-10T14:48:30,1762766310000,2,optimized,hybrid,674.2355177503947,685.5747223819983,704.404616695898
2025-11-10T14:46:30,1762766190000,SENSEX,2025-11-10T14:49:30,1762766370000,3,optimized,hybrid,678.9727210095784,690.6716451021863,703.4007569526497
2025-11-10T14:46:30,1762766190000,SENSEX,2025-11-10T14:50:30,1762766430000,4,optimized,hybrid,684.069939381816,690.2766191267815,702.9795041625093
2025-11-10T14:46:30,1762766190000,SENSEX,2025-11-10T14:51:30,1762766490000,5,optimized,hybrid,678.4971681469016,686.2423693158162,697.4241122808343
2025-11-10T14:46:30,1762766190000,SENSEX,2025-11-10T14:52:30,1762766550000,6,optimized,hybrid,681.5815861402887,689.5549853794614,702.5160562452035
2025-11-10T14:46:30,1762766190000,SENSEX,2025-11-10T14:53:30,1762766610000,7,optimized,hybrid,681.6343204371742,689.2164055026117,702.1315180259683
2025-11-10T14:46:30,1762766190000,SENSEX,2025-11-10T14:54:30,1762766670000,8,optimized,hybrid,677.1749863807443,686.2830270891203,698.3345959781132
2025-11-10T14:46:30,1762766190000,SENSEX,2025-11-10T14:55:30,1762766730000,9,optimized,hybrid,677.4157351629519,688.9368014786188,701.0894434882418
2025-11-10T14:46:30,1762766190000,SENSEX,2025-11-10T14:56:30,1762766790000,10,optimized,hybrid,677.9277703547699,687.7974441754533,702.0711243007777
2025-11-10T14:46:30,1762766190000,SENSEX,2025-11-10T14:57:30,1762766850000,11,optimized,hybrid,675.686254051626,685.292352428201,704.0737915536491
2025-11-10T14:46:30,1762766190000,SENSEX,2025-11-10T14:58:30,1762766910000,12,optimized,hybrid,678.2073126956712,687.7526135947548,701.8504599160559
2025-11-10T14:46:30,1762766190000,SENSEX,2025-11-10T14:59:30,1762766970000,13,optimized,hybrid,674.3419125235382,688.3756853829839,703.6517318140268
2025-11-10T14:46:30,1762766190000,SENSEX,2025-11-10T15:00:30,1762767030000,14,optimized,hybrid,671.9559030992804,685.2240785781165,699.7606056444421
2025-11-10T14:46:30,1762766190000,SENSEX,2025-11-10T15:01:30,1762767090000,15,optimized,hybrid,676.0507000764949,688.0964014526152,702.2611307647545
2025-11-10T14:46:30,1762766190000,SENSEX,2025-11-10T15:02:30,1762767150000,16,optimized,hybrid,677.4143360542809,688.1523782305862,701.4006455063171
2025-11-10T14:46:30,1762766190000,SENSEX,2025-11-10T15:03:30,1762767210000,17,optimized,hybrid,669.7684459483223,685.5766771179497,697.284616412875
2025-11-10T14:46:30,1762766190000,SENSEX,2025-11-10T15:04:30,1762767270000,18,optimized,hybrid,673.9188951044816,687.5220187330382,711.969983510061
2025-11-10T14:46:30,1762766190000,SENSEX,2025-11-10T15:05:30,1762767330000,19,optimized,hybrid,673.4799135040685,687.8132415531946,707.0440026265327
2025-11-10T14:46:30,1762766190000,SENSEX,2025-11-10T15:06:30,1762767390000,20,optimized,hybrid,674.4986941454644,684.6159490402531,706.3965657827263
2025-11-10T14:46:30,1762766190000,SENSEX,2025-11-10T15:07:30,1762767450000,21,optimized,hybrid,675.835649632167,688.7183126098195,704.777785444704
2025-11-10T14:46:30,1762766190000,SENSEX,2025-11-10T15:08:30,1762767510000,22,optimized,hybrid,676.5232009878256,688.0043342504896,705.4611241655977
2025-11-10T14:46:30,1762766190000,SENSEX,2025-11-10T15:09:30,1762767570000,23,optimized,hybrid,673.9507237672185,685.6752675433468,697.7608074919721
2025-11-10T14:46:30,1762766190000,SENSEX,2025-11-10T15:10:30,1762767630000,24,optimized,hybrid,675.2776361184222,689.0010599493953,704.2693010832371
2025-11-10T14:46:30,1762766190000,SENSEX,2025-11-10T15:11:30,1762767690000,25,optimized,hybrid,672.5425862834372,689.3469510925278,701.2358992751695
2025-11-10T14:46:30,1762766190000,SENSEX,2025-11-10T15:12:30,1762767750000,26,optimized,hybrid,672.7736794130581,688.9532015778942,701.2199366070034
2025-11-10T14:46:30,1762766190000,SENSEX,2025-11-10T15:13:30,1762767810000,27,optimized,hybrid,672.0584448793585,690.1808931341309,701.5405909647577
2025-11-10T14:46:30,1762766190000,SENSEX,2025-11-10T15:14:30,1762767870000,28,optimized,hybrid,670.9487527935723,688.754016470353,700.6680643955947
2025-11-10T14:46:30,1762766190000,SENSEX,2025-11-10T15:15:30,1762767930000,29,optimized,hybrid,669.0120817430754,687.3867921976421,698.9861364362899
2025-11-10T14:46:30,1762766190000,SENSEX,2025-11-10T15:16:30,1762767990000,30,optimized,hybrid,671.150855608694,689.5520512159427,700.0246763813658
2025-11-10T14:46:30,1762766190000,SENSEX,2025-11-10T15:17:30,1762768050000,31,optimized,hybrid,673.1287392134566,688.5847834092842,700.7271497610205
2025-11-10T14:46:30,1762766190000,SENSEX,2025-11-10T15:18:30,1762768110000,32,optimized,hybrid,670.5891246845916,686.8637614213638,700.1048295738548
2025-11-10T14:46:30,1762766190000,SENSEX,2025-11-10T15:19:30,1762768170000,33,optimized,hybrid,671.8179813326407,687.5055127583278,705.4972270051572
2025-11-10T14:46:30,1762766190000,SENSEX,2025-11-10T15:20:30,1762768230000,34,optimized,hybrid,670.8745525557566,688.2748211796653,704.2034057229268
2025-11-10T14:46:30,1762766190000,SENSEX,2025-11-10T15:21:30,1762768290000,35,optimized,hybrid,670.396980521899,688.0587795056111,702.3407682158318
2025-11-10T14:46:30,1762766190000,SENSEX,2025-11-10T15:22:30,1762768350000,36,optimized,hybrid,668.6011294549056,689.0202689302516,704.4887693051228
2025-11-10T14:46:30,1762766190000,SENSEX,2025-11-10T15:23:30,1762768410000,37,optimized,hybrid,674.4669491208934,688.719577740708,706.8146034222484
2025-11-10T14:46:30,1762766190000,SENSEX,2025-11-10T15:24:30,1762768470000,38,optimized,hybrid,668.6880289282971,687.5353060144082,703.9957470735545
2025-11-10T14:46:30,1762766190000,SENSEX,2025-11-10T15:25:30,1762768530000,39,optimized,hybrid,669.9976406243001,688.7125444239321,709.4818350218428
2025-11-10T14:46:30,1762766190000,SENSEX,2025-11-10T15:26:30,1762768590000,40,optimized,hybrid,670.5585156912451,689.1499474028982,709.1715450258134
2025-11-10T14:46:30,1762766190000,SENSEX,2025-11-10T15:27:30,1762768650000,41,optimized,hybrid,675.9722805308757,686.9165475784994,705.0740179718741
2025-11-10T14:46:30,1762766190000,SENSEX,2025-11-10T15:28:30,1762768710000,42,optimized,hybrid,675.0814160254993,688.2028971013738,706.8647152672788
2025-11-10T14:46:30,1762766190000,SENSEX,2025-11-10T15:29:30,1762768770000,43,optimized,hybrid,672.6539382548076,687.9702757945157,706.4255894446168
2025-11-10T15:29:30,1762768770000,SENSEX,2025-11-10T15:30:30,1762768830000,1,optimized,hybrid,675.8875075419246,705.45,750.3622995622812
2025-11-10T15:29:30,1762768770000,SENSEX,2025-11-10T15:31:30,1762768890000,2,optimized,hybrid,636.8118521206093,667.231035863608,709.8275453919421
2025-11-10T15:29:30,1762768770000,SENSEX,2025-11-10T15:32:30,1762768950000,3,optimized,hybrid,681.3672671251842,708.1531603683791,724.11695242326
2025-11-10T15:29:30,1762768770000,SENSEX,2025-11-10T15:33:30,1762769010000,4,optimized,hybrid,687.4586982215026,704.4918909496283,723.7371763613386
2025-11-10T15:29:30,1762768770000,SENSEX,2025-11-10T15:34:30,1762769070000,5,optimized,hybrid,649.1484557899819,666.968625312475,683.7415256533569
2025-11-10T15:29:30,1762768770000,SENSEX,2025-11-10T15:35:30,1762769130000,6,optimized,hybrid,684.4622654495574,705.7353788105253,727.5932234206789
2025-11-10T15:29:30,1762768770000,SENSEX,2025-11-10T15:36:30,1762769190000,7,optimized,hybrid,686.1608374863912,706.13563371106,724.0077208399032
2025-11-10T15:29:30,1762768770000,SENSEX,2025-11-10T15:37:30,1762769250000,8,optimized,hybrid,644.7779841439769,665.5129779853191,687.4592464122642
2025-11-10T15:29:30,1762768770000,SENSEX,2025-11-10T15:38:30,1762769310000,9,optimized,hybrid,680.1321777881107,704.5261687323501,738.6756663714705
2025-11-10T15:29:30,1762768770000,SENSEX,2025-11-10T15:39:30,1762769370000,10,optimized,hybrid,679.8197219097129,702.9016888972794,740.5494189239321
2025-11-10T15:29:30,1762768770000,SENSEX,2025-11-10T15:40:30,1762769430000,11,optimized,hybrid,640.0312467587128,667.0952576733471,694.7268080023649
2025-11-10T15:29:30,1762768770000,SENSEX,2025-11-10T15:41:30,1762769490000,12,optimized,hybrid,682.3610576455907,706.0056180533664,736.4889447851988
2025-11-10T15:29:30,1762768770000,SENSEX,2025-11-10T15:42:30,1762769550000,13,optimized,hybrid,671.6687585824371,707.1354190343848,734.2436279693839
2025-11-10T15:29:30,1762768770000,SENSEX,2025-11-10T15:43:30,1762769610000,14,optimized,hybrid,636.3331450774813,662.705770154811,690.5315499812009
2025-11-10T15:29:30,1762768770000,SENSEX,2025-11-10T15:44:30,1762769670000,15,optimized,hybrid,675.7052228814341,702.357048091142,737.241433814201
2025-11-10T15:29:30,1762768770000,SENSEX,2025-11-10T15:45:30,1762769730000,16,optimized,hybrid,673.8804783567001,700.2974952606693,732.6255038690695
2025-11-10T15:29:30,1762768770000,SENSEX,2025-11-10T15:46:30,1762769790000,17,optimized,hybrid,636.1175645728592,662.1161105685784,689.9201210338327
2025-11-10T15:29:30,1762768770000,SENSEX,2025-11-10T15:47:30,1762769850000,18,optimized,hybrid,671.0353063726703,703.5819980469249,743.4672741936527
2025-11-10T15:29:30,1762768770000,SENSEX,2025-11-10T15:48:30,1762769910000,19,optimized,hybrid,675.0347527772999,700.385399135308,743.5565220775076
2025-11-10T15:29:30,1762768770000,SENSEX,2025-11-10T15:49:30,1762769970000,20,optimized,hybrid,643.1984629481376,660.2113701750144,713.0488237065605
2025-11-10T15:29:30,1762768770000,SENSEX,2025-11-10T15:50:30,1762770030000,21,optimized,hybrid,679.6074523496039,704.8103371285823,724.76058388992
2025-11-10T15:29:30,1762768770000,SENSEX,2025-11-10T15:51:30,1762770090000,22,optimized,hybrid,679.9228043584895,704.0355958414325,726.357471889826
2025-11-10T15:29:30,1762768770000,SENSEX,2025-11-10T15:52:30,1762770150000,23,optimized,hybrid,641.472104140867,662.4208662607142,682.3501233481749
2025-11-10T15:29:30,1762768770000,SENSEX,2025-11-10T15:53:30,1762770210000,24,optimized,hybrid,675.1131615767688,703.7689616981061,723.2422049651353
2025-11-10T15:29:30,1762768770000,SENSEX,2025-11-10T15:54:30,1762770270000,25,optimized,hybrid,671.6534417757142,704.0260823923804,720.8993502034757
2025-11-10T15:29:30,1762768770000,SENSEX,2025-11-10T15:55:30,1762770330000,26,optimized,hybrid,634.0117784719789,663.616737463874,683.1811275463102
2025-11-10T15:29:30,1762768770000,SENSEX,2025-11-10T15:56:30,1762770390000,27,optimized,hybrid,669.299247608923,706.70901168266,721.1559217104143
2025-11-10T15:29:30,1762768770000,SENSEX,2025-11-10T15:57:30,1762770450000,28,optimized,hybrid,669.3839479615337,706.6289320833549,720.0796149962182
2025-11-10T15:29:30,1762768770000,SENSEX,2025-11-10T15:58:30,1762770510000,29,optimized,hybrid,633.9593938438422,664.1850114764399,678.7074693133517
2025-11-10T15:29:30,1762768770000,SENSEX,2025-11-10T15:59:30,1762770570000,30,optimized,hybrid,671.8131674732044,706.0842288899538,721.4536093808421
2025-11-10T15:29:30,1762768770000,SENSEX,2025-11-10T16:00:30,1762770630000,31,optimized,hybrid,677.0033585994192,704.8418266355527,750.4689692918923
2025-11-10T15:29:30,1762768770000,SENSEX,2025-11-10T16:01:30,1762770690000,32,optimized,hybrid,632.0979705458317,661.6440692169997,704.8258558044067
2025-11-10T15:29:30,1762768770000,SENSEX,2025-11-10T16:02:30,1762770750000,33,optimized,hybrid,672.6917260863885,705.7180613211199,747.4705437376858
2025-11-10T15:29:30,1762768770000,SENSEX,2025-11-10T16:03:30,1762770810000,34,optimized,hybrid,667.867649975456,706.1904660068667,745.4477287413378
2025-11-10T15:29:30,1762768770000,SENSEX,2025-11-10T16:04:30,1762770870000,35,optimized,hybrid,630.1478549124174,664.4049498401027,703.4712140056649
2025-11-10T15:29:30,1762768770000,SENSEX,2025-11-10T16:05:30,1762770930000,36,optimized,hybrid,664.5766948288979,704.9022756543295,733.9284110062035
2025-11-10T15:29:30,1762768770000,SENSEX,2025-11-10T16:06:30,1762770990000,37,optimized,hybrid,669.2177498812073,704.3328668550624,727.3585205198441
2025-11-10T15:29:30,1762768770000,SENSEX,2025-11-10T16:07:30,1762771050000,38,optimized,hybrid,624.3770662819053,664.4792130369559,689.0685368927121
2025-11-10T15:29:30,1762768770000,SENSEX,2025-11-10T16:08:30,1762771110000,39,optimized,hybrid,627.4267423815709,665.7664561379302,697.8406043916187
2025-11-10T15:29:30,1762768770000,SENSEX,2025-11-10T16:09:30,1762771170000,40,optimized,hybrid,623.9541028349861,665.289648997278,695.9943398254379
2025-11-10T15:29:30,1762768770000,SENSEX,2025-11-10T16:10:30,1762771230000,41,optimized,hybrid,676.3398936730175,700.8648407203111,732.6387929778816
2025-11-10T15:29:30,1762768770000,SENSEX,2025-11-10T16:11:30,1762771290000,42,optimized,hybrid,672.4584920933165,703.6628002165305,735.090190455009
2025-11-10T15:29:30,1762768770000,SENSEX,2025-11-10T16:12:30,1762771350000,43,optimized,hybrid,627.5574970897426,666.8533875305009,691.4012712915418
2025-11-10T15:29:30,1762768770000,SENSEX,2025-11-10T16:13:30,1762771410000,44,optimized,hybrid,636.0677238313003,659.8683723810913,692.2529240461523
2025-11-10T15:29:30,1762768770000,SENSEX,2025-11-10T16:14:30,1762771470000,45,optimized,hybrid,622.472563901842,659.2778331126442,738.0076707763785
2025-11-10T15:29:30,1762768770000,SENSEX,2025-11-10T16:15:30,1762771530000,46,optimized,hybrid,667.738490706341,699.4431708567755,768.9701172693357
2025-11-10T15:29:30,1762768770000,SENSEX,2025-11-10T16:16:30,1762771590000,47,optimized,hybrid,662.4464737442843,702.565737307634,763.9794308119851
2025-11-10T15:29:30,1762768770000,SENSEX,2025-11-10T16:17:30,1762771650000,48,optimized,hybrid,623.0436979114686,667.5754257648106,710.7502762408453
2025-11-10T15:29:30,1762768770000,SENSEX,2025-11-10T16:18:30,1762771710000,49,optimized,hybrid,667.5694302117349,699.5695277004354,762.5127793242441
2025-11-10T15:29:30,1762768770000,SENSEX,2025-11-10T16:19:30,1762771770000,50,optimized,hybrid,665.1761065954432,701.9929077564104,754.2669921188473
2025-11-10T15:29:30,1762768770000,SENSEX,2025-11-10T16:20:30,1762771830000,51,optimized,hybrid,624.6067364686855,665.1095495218802,712.8851121634634
2025-11-10T15:29:30,1762768770000,SENSEX,2025-11-10T16:21:30,1762771890000,52,optimized,hybrid,662.3295936693755,701.7502446395838,757.8786616986137
2025-11-10T15:29:30,1762768770000,SENSEX,2025-11-10T16:22:30,1762771950000,53,optimized,hybrid,666.4400571967749,697.0381370217693,779.158737129257
2025-11-10T15:29:30,1762768770000,SENSEX,2025-11-10T16:23:30,1762772010000,54,optimized,hybrid,626.159595782235,661.3500096532068,698.3529408973022
2025-11-10T15:29:30,1762768770000,SENSEX,2025-11-10T16:24:30,1762772070000,55,optimized,hybrid,661.118144734733,703.2732051685457,771.666387457739
2025-11-10T15:29:30,1762768770000,SENSEX,2025-11-10T16:25:30,1762772130000,56,optimized,hybrid,666.6821884451258,696.4508611175922,743.2722987956854
2025-11-10T15:29:30,1762768770000,SENSEX,2025-11-10T16:26:30,1762772190000,57,optimized,hybrid,612.1060784079193,661.8916650898309,698.8930897647034
2025-11-10T15:29:30,1762768770000,SENSEX,2025-11-10T16:27:30,1762772250000,58,optimized,hybrid,662.2936180828628,701.781958133206,752.7789714417326
2025-11-10T15:29:30,1762768770000,SENSEX,2025-11-10T16:28:30,1762772310000,59,optimized,hybrid,672.8409034814181,697.0621600516275,776.8405333193657
2025-11-10T15:29:30,1762768770000,SENSEX,2025-11-10T16:29:30,1762772370000,60,optimized,hybrid,615.5278681397085,660.146863815418,741.955730226841
2025-11-10T15:29:30,1762768770000,SENSEX,2025-11-10T15:30:30,1762768830000,1,optimized,hybrid,675.8875075419246,705.45,750.3622995622812
2025-11-10T15:29:30,1762768770000,SENSEX,2025-11-10T15:31:30,1762768890000,2,optimized,hybrid,636.8118521206093,667.231035863608,709.8275453919421
2025-11-10T15:29:30,1762768770000,SENSEX,2025-11-10T15:32:30,1762768950000,3,optimized,hybrid,681.3672671251842,708.1531603683791,724.11695242326
2025-11-10T15:29:30,1762768770000,SENSEX,2025-11-10T15:33:30,1762769010000,4,optimized,hybrid,687.4586982215026,704.4918909496283,723.7371763613386
2025-11-10T15:29:30,1762768770000,SENSEX,2025-11-10T15:34:30,1762769070000,5,optimized,hybrid,649.1484557899819,666.968625312475,683.7415256533569
2025-11-10T15:29:30,1762768770000,SENSEX,2025-11-10T15:35:30,1762769130000,6,optimized,hybrid,684.4622654495574,705.7353788105253,727.5932234206789
2025-11-10T15:29:30,1762768770000,SENSEX,2025-11-10T15:36:30,1762769190000,7,optimized,hybrid,686.1608374863912,706.13563371106,724.0077208399032
2025-11-10T15:29:30,1762768770000,SENSEX,2025-11-10T15:37:30,1762769250000,8,optimized,hybrid,644.7779841439769,665.5129779853191,687.4592464122642
2025-11-10T15:29:30,1762768770000,SENSEX,2025-11-10T15:38:30,1762769310000,9,optimized,hybrid,680.1321777881107,704.5261687323501,738.6756663714705
2025-11-10T15:29:30,1762768770000,SENSEX,2025-11-10T15:39:30,1762769370000,10,optimized,hybrid,679.8197219097129,702.9016888972794,740.5494189239321
2025-11-10T15:29:30,1762768770000,SENSEX,2025-11-10T15:40:30,1762769430000,11,optimized,hybrid,640.0312467587128,667.0952576733471,694.7268080023649
2025-11-10T15:29:30,1762768770000,SENSEX,2025-11-10T15:41:30,1762769490000,12,optimized,hybrid,682.3610576455907,706.0056180533664,736.4889447851988
2025-11-10T15:29:30,1762768770000,SENSEX,2025-11-10T15:42:30,1762769550000,13,optimized,hybrid,671.6687585824371,707.1354190343848,734.2436279693839
2025-11-10T15:29:30,1762768770000,SENSEX,2025-11-10T15:43:30,1762769610000,14,optimized,hybrid,636.3331450774813,662.705770154811,690.5315499812009
2025-11-10T15:29:30,1762768770000,SENSEX,2025-11-10T15:44:30,1762769670000,15,optimized,hybrid,675.7052228814341,702.357048091142,737.241433814201
2025-11-10T15:29:30,1762768770000,SENSEX,2025-11-10T15:45:30,1762769730000,16,optimized,hybrid,673.8804783567001,700.2974952606693,732.6255038690695
2025-11-10T15:29:30,1762768770000,SENSEX,2025-11-10T15:46:30,1762769790000,17,optimized,hybrid,636.1175645728592,662.1161105685784,689.9201210338327
2025-11-10T15:29:30,1762768770000,SENSEX,2025-11-10T15:47:30,1762769850000,18,optimized,hybrid,671.0353063726703,703.5819980469249,743.4672741936527
2025-11-10T15:29:30,1762768770000,SENSEX,2025-11-10T15:48:30,1762769910000,19,optimized,hybrid,675.0347527772999,700.385399135308,743.5565220775076
2025-11-10T15:29:30,1762768770000,SENSEX,2025-11-10T15:49:30,1762769970000,20,optimized,hybrid,643.1984629481376,660.2113701750144,713.0488237065605
2025-11-10T15:29:30,1762768770000,SENSEX,2025-11-10T15:50:30,1762770030000,21,optimized,hybrid,679.6074523496039,704.8103371285823,724.76058388992
2025-11-10T15:29:30,1762768770000,SENSEX,2025-11-10T15:51:30,1762770090000,22,optimized,hybrid,679.9228043584895,704.0355958414325,726.357471889826
2025-11-10T15:29:30,1762768770000,SENSEX,2025-11-10T15:52:30,1762770150000,23,optimized,hybrid,641.472104140867,662.4208662607142,682.3501233481749
2025-11-10T15:29:30,1762768770000,SENSEX,2025-11-10T15:53:30,1762770210000,24,optimized,hybrid,675.1131615767688,703.7689616981061,723.2422049651353
2025-11-10T15:29:30,1762768770000,SENSEX,2025-11-10T15:54:30,1762770270000,25,optimized,hybrid,671.6534417757142,704.0260823923804,720.8993502034757
2025-11-10T15:29:30,1762768770000,SENSEX,2025-11-10T15:55:30,1762770330000,26,optimized,hybrid,634.0117784719789,663.616737463874,683.1811275463102
2025-11-10T15:29:30,1762768770000,SENSEX,2025-11-10T15:56:30,1762770390000,27,optimized,hybrid,669.299247608923,706.70901168266,721.1559217104143
2025-11-10T15:29:30,1762768770000,SENSEX,2025-11-10T15:57:30,1762770450000,28,optimized,hybrid,669.3839479615337,706.6289320833549,720.0796149962182
2025-11-10T15:29:30,1762768770000,SENSEX,2025-11-10T15:58:30,1762770510000,29,optimized,hybrid,633.9593938438422,664.1850114764399,678.7074693133517
2025-11-10T15:29:30,1762768770000,SENSEX,2025-11-10T15:59:30,1762770570000,30,optimized,hybrid,671.8131674732044,706.0842288899538,721.4536093808421
2025-11-10T15:29:30,1762768770000,SENSEX,2025-11-10T16:00:30,1762770630000,31,optimized,hybrid,677.0033585994192,704.8418266355527,750.4689692918923
2025-11-10T15:29:30,1762768770000,SENSEX,2025-11-10T16:01:30,1762770690000,32,optimized,hybrid,632.0979705458317,661.6440692169997,704.8258558044067
2025-11-10T15:29:30,1762768770000,SENSEX,2025-11-10T16:02:30,1762770750000,33,optimized,hybrid,672.6917260863885,705.7180613211199,747.4705437376858
2025-11-10T15:29:30,1762768770000,SENSEX,2025-11-10T16:03:30,1762770810000,34,optimized,hybrid,667.867649975456,706.1904660068667,745.4477287413378
2025-11-10T15:29:30,1762768770000,SENSEX,2025-11-10T16:04:30,1762770870000,35,optimized,hybrid,630.1478549124174,664.4049498401027,703.4712140056649
2025-11-10T15:29:30,1762768770000,SENSEX,2025-11-10T16:05:30,1762770930000,36,optimized,hybrid,664.5766948288979,704.9022756543295,733.9284110062035
2025-11-10T15:29:30,1762768770000,SENSEX,2025-11-10T16:06:30,1762770990000,37,optimized,hybrid,669.2177498812073,704.3328668550624,727.3585205198441
2025-11-10T15:29:30,1762768770000,SENSEX,2025-11-10T16:07:30,1762771050000,38,optimized,hybrid,624.3770662819053,664.4792130369559,689.0685368927121
2025-11-10T15:29:30,1762768770000,SENSEX,2025-11-10T16:08:30,1762771110000,39,optimized,hybrid,627.4267423815709,665.7664561379302,697.8406043916187
2025-11-10T15:29:30,1762768770000,SENSEX,2025-11-10T16:09:30,1762771170000,40,optimized,hybrid,623.9541028349861,665.289648997278,695.9943398254379
2025-11-10T15:29:30,1762768770000,SENSEX,2025-11-10T16:10:30,1762771230000,41,optimized,hybrid,676.3398936730175,700.8648407203111,732.6387929778816
2025-11-10T15:29:30,1762768770000,SENSEX,2025-11-10T16:11:30,1762771290000,42,optimized,hybrid,672.4584920933165,703.6628002165305,735.090190455009
2025-11-10T15:29:30,1762768770000,SENSEX,2025-11-10T16:12:30,1762771350000,43,optimized,hybrid,627.5574970897426,666.8533875305009,691.4012712915418
2025-11-10T15:29:30,1762768770000,SENSEX,2025-11-10T16:13:30,1762771410000,44,optimized,hybrid,636.0677238313003,659.8683723810913,692.2529240461523
2025-11-10T15:29:30,1762768770000,SENSEX,2025-11-10T16:14:30,1762771470000,45,optimized,hybrid,622.472563901842,659.2778331126442,738.0076707763785
2025-11-10T15:29:30,1762768770000,SENSEX,2025-11-10T16:15:30,1762771530000,46,optimized,hybrid,667.738490706341,699.4431708567755,768.9701172693357
2025-11-10T15:29:30,1762768770000,SENSEX,2025-11-10T16:16:30,1762771590000,47,optimized,hybrid,662.4464737442843,702.565737307634,763.9794308119851
2025-11-10T15:29:30,1762768770000,SENSEX,2025-11-10T16:17:30,1762771650000,48,optimized,hybrid,623.0436979114686,667.5754257648106,710.7502762408453
2025-11-10T15:29:30,1762768770000,SENSEX,2025-11-10T16:18:30,1762771710000,49,optimized,hybrid,667.5694302117349,699.5695277004354,762.5127793242441
2025-11-10T15:29:30,1762768770000,SENSEX,2025-11-10T16:19:30,1762771770000,50,optimized,hybrid,665.1761065954432,701.9929077564104,754.2669921188473
2025-11-10T15:29:30,1762768770000,SENSEX,2025-11-10T16:20:30,1762771830000,51,optimized,hybrid,624.6067364686855,665.1095495218802,712.8851121634634
2025-11-10T15:29:30,1762768770000,SENSEX,2025-11-10T16:21:30,1762771890000,52,optimized,hybrid,662.3295936693755,701.7502446395838,757.8786616986137
2025-11-10T15:29:30,1762768770000,SENSEX,2025-11-10T16:22:30,1762771950000,53,optimized,hybrid,666.4400571967749,697.0381370217693,779.158737129257
2025-11-10T15:29:30,1762768770000,SENSEX,2025-11-10T16:23:30,1762772010000,54,optimized,hybrid,626.159595782235,661.3500096532068,698.3529408973022
2025-11-10T15:29:30,1762768770000,SENSEX,2025-11-10T16:24:30,1762772070000,55,optimized,hybrid,661.118144734733,703.2732051685457,771.666387457739
2025-11-10T15:29:30,1762768770000,SENSEX,2025-11-10T16:25:30,1762772130000,56,optimized,hybrid,666.6821884451258,696.4508611175922,743.2722987956854
2025-11-10T15:29:30,1762768770000,SENSEX,2025-11-10T16:26:30,1762772190000,57,optimized,hybrid,612.1060784079193,661.8916650898309,698.8930897647034
2025-11-10T15:29:30,1762768770000,SENSEX,2025-11-10T16:27:30,1762772250000,58,optimized,hybrid,662.2936180828628,701.781958133206,752.7789714417326
2025-11-10T15:29:30,1762768770000,SENSEX,2025-11-10T16:28:30,1762772310000,59,optimized,hybrid,672.8409034814181,697.0621600516275,776.8405333193657
2025-11-10T15:29:30,1762768770000,SENSEX,2025-11-10T16:29:30,1762772370000,60,optimized,hybrid,615.5278681397085,660.146863815418,741.955730226841
2025-11-10T15:29:30,1762768770000,SENSEX,2025-11-10T15:30:30,1762768830000,1,optimized,hybrid,675.8875075419246,705.45,750.3622995622812
2025-11-10T15:29:30,1762768770000,SENSEX,2025-11-10T15:31:30,1762768890000,2,optimized,hybrid,636.8118521206093,667.231035863608,709.8275453919421
2025-11-10T15:29:30,1762768770000,SENSEX,2025-11-10T15:32:30,1762768950000,3,optimized,hybrid,681.3672671251842,708.1531603683791,724.11695242326
2025-11-10T15:29:30,1762768770000,SENSEX,2025-11-10T15:33:30,1762769010000,4,optimized,hybrid,687.4586982215026,704.4918909496283,723.7371763613386
2025-11-10T15:29:30,1762768770000,SENSEX,2025-11-10T15:34:30,1762769070000,5,optimized,hybrid,649.1484557899819,666.968625312475,683.7415256533569
2025-11-10T15:29:30,1762768770000,SENSEX,2025-11-10T15:35:30,1762769130000,6,optimized,hybrid,684.4622654495574,705.7353788105253,727.5932234206789
2025-11-10T15:29:30,1762768770000,SENSEX,2025-11-10T15:36:30,1762769190000,7,optimized,hybrid,686.1608374863912,706.13563371106,724.0077208399032
2025-11-10T15:29:30,1762768770000,SENSEX,2025-11-10T15:37:30,1762769250000,8,optimized,hybrid,644.7779841439769,665.5129779853191,687.4592464122642
2025-11-10T15:29:30,1762768770000,SENSEX,2025-11-10T15:38:30,1762769310000,9,optimized,hybrid,680.1321777881107,704.5261687323501,738.6756663714705
2025-11-10T15:29:30,1762768770000,SENSEX,2025-11-10T15:39:30,1762769370000,10,optimized,hybrid,679.8197219097129,702.9016888972794,740.5494189239321
2025-11-10T15:29:30,1762768770000,SENSEX,2025-11-10T15:40:30,1762769430000,11,optimized,hybrid,640.0312467587128,667.0952576733471,694.7268080023649
2025-11-10T15:29:30,1762768770000,SENSEX,2025-11-10T15:41:30,1762769490000,12,optimized,hybrid,682.3610576455907,706.0056180533664,736.4889447851988
2025-11-10T15:29:30,1762768770000,SENSEX,2025-11-10T15:42:30,1762769550000,13,optimized,hybrid,671.6687585824371,707.1354190343848,734.2436279693839
2025-11-10T15:29:30,1762768770000,SENSEX,2025-11-10T15:43:30,1762769610000,14,optimized,hybrid,636.3331450774813,662.705770154811,690.5315499812009
2025-11-10T15:29:30,1762768770000,SENSEX,2025-11-10T15:44:30,1762769670000,15,optimized,hybrid,675.7052228814341,702.357048091142,737.241433814201
2025-11-10T15:29:30,1762768770000,SENSEX,2025-11-10T15:45:30,1762769730000,16,optimized,hybrid,673.8804783567001,700.2974952606693,732.6255038690695
2025-11-10T15:29:30,1762768770000,SENSEX,2025-11-10T15:46:30,1762769790000,17,optimized,hybrid,636.1175645728592,662.1161105685784,689.9201210338327
2025-11-10T15:29:30,1762768770000,SENSEX,2025-11-10T15:47:30,1762769850000,18,optimized,hybrid,671.0353063726703,703.5819980469249,743.4672741936527
2025-11-10T15:29:30,1762768770000,SENSEX,2025-11-10T15:48:30,1762769910000,19,optimized,hybrid,675.0347527772999,700.385399135308,743.5565220775076
2025-11-10T15:29:30,1762768770000,SENSEX,2025-11-10T15:49:30,1762769970000,20,optimized,hybrid,643.1984629481376,660.2113701750144,713.0488237065605
2025-11-10T15:29:30,1762768770000,SENSEX,2025-11-10T15:50:30,1762770030000,21,optimized,hybrid,679.6074523496039,704.8103371285823,724.76058388992
2025-11-10T15:29:30,1762768770000,SENSEX,2025-11-10T15:51:30,1762770090000,22,optimized,hybrid,679.9228043584895,704.0355958414325,726.357471889826
2025-11-10T15:29:30,1762768770000,SENSEX,2025-11-10T15:52:30,1762770150000,23,optimized,hybrid,641.472104140867,662.4208662607142,682.3501233481749
2025-11-10T15:29:30,1762768770000,SENSEX,2025-11-10T15:53:30,1762770210000,24,optimized,hybrid,675.1131615767688,703.7689616981061,723.2422049651353
2025-11-10T15:29:30,1762768770000,SENSEX,2025-11-10T15:54:30,1762770270000,25,optimized,hybrid,671.6534417757142,704.0260823923804,720.8993502034757
2025-11-10T15:29:30,1762768770000,SENSEX,2025-11-10T15:55:30,1762770330000,26,optimized,hybrid,634.0117784719789,663.616737463874,683.1811275463102
2025-11-10T15:29:30,1762768770000,SENSEX,2025-11-10T15:56:30,1762770390000,27,optimized,hybrid,669.299247608923,706.70901168266,721.1559217104143
2025-11-10T15:29:30,1762768770000,SENSEX,2025-11-10T15:57:30,1762770450000,28,optimized,hybrid,669.3839479615337,706.6289320833549,720.0796149962182
2025-11-10T15:29:30,1762768770000,SENSEX,2025-11-10T15:58:30,1762770510000,29,optimized,hybrid,633.9593938438422,664.1850114764399,678.7074693133517
2025-11-10T15:29:30,1762768770000,SENSEX,2025-11-10T15:59:30,1762770570000,30,optimized,hybrid,671.8131674732044,706.0842288899538,721.4536093808421
2025-11-10T15:29:30,1762768770000,SENSEX,2025-11-10T16:00:30,1762770630000,31,optimized,hybrid,677.0033585994192,704.8418266355527,750.4689692918923
2025-11-10T15:29:30,1762768770000,SENSEX,2025-11-10T16:01:30,1762770690000,32,optimized,hybrid,632.0979705458317,661.6440692169997,704.8258558044067
2025-11-10T15:29:30,1762768770000,SENSEX,2025-11-10T16:02:30,1762770750000,33,optimized,hybrid,672.6917260863885,705.7180613211199,747.4705437376858
2025-11-10T15:29:30,1762768770000,SENSEX,2025-11-10T16:03:30,1762770810000,34,optimized,hybrid,667.867649975456,706.1904660068667,745.4477287413378
2025-11-10T15:29:30,1762768770000,SENSEX,2025-11-10T16:04:30,1762770870000,35,optimized,hybrid,630.1478549124174,664.4049498401027,703.4712140056649
2025-11-10T15:29:30,1762768770000,SENSEX,2025-11-10T16:05:30,1762770930000,36,optimized,hybrid,664.5766948288979,704.9022756543295,733.9284110062035
2025-11-10T15:29:30,1762768770000,SENSEX,2025-11-10T16:06:30,1762770990000,37,optimized,hybrid,669.2177498812073,704.3328668550624,727.3585205198441
2025-11-10T15:29:30,1762768770000,SENSEX,2025-11-10T16:07:30,1762771050000,38,optimized,hybrid,624.3770662819053,664.4792130369559,689.0685368927121
2025-11-10T15:29:30,1762768770000,SENSEX,2025-11-10T16:08:30,1762771110000,39,optimized,hybrid,627.4267423815709,665.7664561379302,697.8406043916187
2025-11-10T15:29:30,1762768770000,SENSEX,2025-11-10T16:09:30,1762771170000,40,optimized,hybrid,623.9541028349861,665.289648997278,695.9943398254379
2025-11-10T15:29:30,1762768770000,SENSEX,2025-11-10T16:10:30,1762771230000,41,optimized,hybrid,676.3398936730175,700.8648407203111,732.6387929778816
2025-11-10T15:29:30,1762768770000,SENSEX,2025-11-10T16:11:30,1762771290000,42,optimized,hybrid,672.4584920933165,703.6628002165305,735.090190455009
2025-11-10T15:29:30,1762768770000,SENSEX,2025-11-10T16:12:30,1762771350000,43,optimized,hybrid,627.5574970897426,666.8533875305009,691.4012712915418
2025-11-10T15:29:30,1762768770000,SENSEX,2025-11-10T16:13:30,1762771410000,44,optimized,hybrid,636.0677238313003,659.8683723810913,692.2529240461523
2025-11-10T15:29:30,1762768770000,SENSEX,2025-11-10T16:14:30,1762771470000,45,optimized,hybrid,622.472563901842,659.2778331126442,738.0076707763785
2025-11-10T15:29:30,1762768770000,SENSEX,2025-11-10T16:15:30,1762771530000,46,optimized,hybrid,667.738490706341,699.4431708567755,768.9701172693357
2025-11-10T15:29:30,1762768770000,SENSEX,2025-11-10T16:16:30,1762771590000,47,optimized,hybrid,662.4464737442843,702.565737307634,763.9794308119851
2025-11-10T15:29:30,1762768770000,SENSEX,2025-11-10T16:17:30,1762771650000,48,optimized,hybrid,623.0436979114686,667.5754257648106,710.7502762408453
2025-11-10T15:29:30,1762768770000,SENSEX,2025-11-10T16:18:30,1762771710000,49,optimized,hybrid,667.5694302117349,699.5695277004354,762.5127793242441
2025-11-10T15:29:30,1762768770000,SENSEX,2025-11-10T16:19:30,1762771770000,50,optimized,hybrid,665.1761065954432,701.9929077564104,754.2669921188473
2025-11-10T15:29:30,1762768770000,SENSEX,2025-11-10T16:20:30,1762771830000,51,optimized,hybrid,624.6067364686855,665.1095495218802,712.8851121634634
2025-11-10T15:29:30,1762768770000,SENSEX,2025-11-10T16:21:30,1762771890000,52,optimized,hybrid,662.3295936693755,701.7502446395838,757.8786616986137
2025-11-10T15:29:30,1762768770000,SENSEX,2025-11-10T16:22:30,1762771950000,53,optimized,hybrid,666.4400571967749,697.0381370217693,779.158737129257
2025-11-10T15:29:30,1762768770000,SENSEX,2025-11-10T16:23:30,1762772010000,54,optimized,hybrid,626.159595782235,661.3500096532068,698.3529408973022
2025-11-10T15:29:30,1762768770000,SENSEX,2025-11-10T16:24:30,1762772070000,55,optimized,hybrid,661.118144734733,703.2732051685457,771.666387457739
2025-11-10T15:29:30,1762768770000,SENSEX,2025-11-10T16:25:30,1762772130000,56,optimized,hybrid,666.6821884451258,696.4508611175922,743.2722987956854
2025-11-10T15:29:30,1762768770000,SENSEX,2025-11-10T16:26:30,1762772190000,57,optimized,hybrid,612.1060784079193,661.8916650898309,698.8930897647034
2025-11-10T15:29:30,1762768770000,SENSEX,2025-11-10T16:27:30,1762772250000,58,optimized,hybrid,662.2936180828628,701.781958133206,752.7789714417326
2025-11-10T15:29:30,1762768770000,SENSEX,2025-11-10T16:28:30,1762772310000,59,optimized,hybrid,672.8409034814181,697.0621600516275,776.8405333193657
2025-11-10T15:29:30,1762768770000,SENSEX,2025-11-10T16:29:30,1762772370000,60,optimized,hybrid,615.5278681397085,660.146863815418,741.955730226841
2025-11-10T09:40:00,1762747800000,SENSEX,2025-11-10T09:41:00,1762747860000,1,optimized,hybrid,729.2875075419245,758.8499999999999,803.7622995622811
2025-11-10T09:40:00,1762747800000,SENSEX,2025-11-10T09:42:00,1762747920000,2,optimized,hybrid,690.2118521206091,720.6310358636078,763.2275453919419
2025-11-10T09:40:00,1762747800000,SENSEX,2025-11-10T09:43:00,1762747980000,3,optimized,hybrid,734.767267125184,761.5531603683789,777.5169524232599
2025-11-10T09:40:00,1762747800000,SENSEX,2025-11-10T09:44:00,1762748040000,4,optimized,hybrid,740.8586982215024,757.8918909496282,777.1371763613384
2025-11-10T09:40:00,1762747800000,SENSEX,2025-11-10T09:45:00,1762748100000,5,optimized,hybrid,702.5484557899817,720.3686253124748,737.1415256533568
2025-11-10T09:40:00,1762747800000,SENSEX,2025-11-10T09:46:00,1762748160000,6,optimized,hybrid,737.8622654495573,759.1353788105251,780.9932234206788
2025-11-10T09:40:00,1762747800000,SENSEX,2025-11-10T09:47:00,1762748220000,7,optimized,hybrid,739.560837486391,759.5356337110599,777.407720839903
2025-11-10T09:40:00,1762747800000,SENSEX,2025-11-10T09:48:00,1762748280000,8,optimized,hybrid,698.1779841439768,718.912977985319,740.859246412264
2025-11-10T09:40:00,1762747800000,SENSEX,2025-11-10T09:49:00,1762748340000,9,optimized,hybrid,733.5321777881105,757.92616873235,792.0756663714703
2025-11-10T09:40:00,1762747800000,SENSEX,2025-11-10T09:50:00,1762748400000,10,optimized,hybrid,733.2197219097128,756.3016888972793,793.949418923932
2025-11-10T09:40:00,1762747800000,SENSEX,2025-11-10T09:51:00,1762748460000,11,optimized,hybrid,693.4312467587126,720.4952576733469,748.1268080023648
2025-11-10T09:40:00,1762747800000,SENSEX,2025-11-10T09:52:00,1762748520000,12,optimized,hybrid,735.7610576455905,759.4056180533663,789.8889447851986
2025-11-10T09:40:00,1762747800000,SENSEX,2025-11-10T09:53:00,1762748580000,13,optimized,hybrid,725.068758582437,760.5354190343846,787.6436279693837
2025-11-10T09:40:00,1762747800000,SENSEX,2025-11-10T09:54:00,1762748640000,14,optimized,hybrid,689.7331450774811,716.1057701548109,743.9315499812008
2025-11-10T09:40:00,1762747800000,SENSEX,2025-11-10T09:55:00,1762748700000,15,optimized,hybrid,729.105222881434,755.7570480911419,790.6414338142008
2025-11-10T09:40:00,1762747800000,SENSEX,2025-11-10T09:56:00,1762748760000,16,optimized,hybrid,727.2804783567,753.6974952606691,786.0255038690693
2025-11-10T09:40:00,1762747800000,SENSEX,2025-11-10T09:57:00,1762748820000,17,optimized,hybrid,689.5175645728591,715.5161105685783,743.3201210338326
2025-11-10T09:40:00,1762747800000,SENSEX,2025-11-10T09:58:00,1762748880000,18,optimized,hybrid,724.4353063726702,756.9819980469248,796.8672741936525
2025-11-10T09:40:00,1762747800000,SENSEX,2025-11-10T09:59:00,1762748940000,19,optimized,hybrid,728.4347527772998,753.7853991353079,796.9565220775074
2025-11-10T09:40:00,1762747800000,SENSEX,2025-11-10T10:00:00,1762749000000,20,optimized,hybrid,696.5984629481375,713.6113701750143,766.4488237065603
2025-11-10T09:40:00,1762747800000,SENSEX,2025-11-10T10:01:00,1762749060000,21,optimized,hybrid,733.0074523496038,758.2103371285822,778.1605838899198
2025-11-10T09:40:00,1762747800000,SENSEX,2025-11-10T10:02:00,1762749120000,22,optimized,hybrid,733.3228043584894,757.4355958414324,779.7574718898259
2025-11-10T09:40:00,1762747800000,SENSEX,2025-11-10T10:03:00,1762749180000,23,optimized,hybrid,694.8721041408669,715.8208662607141,735.7501233481747
2025-11-10T09:40:00,1762747800000,SENSEX,2025-11-10T10:04:00,1762749240000,24,optimized,hybrid,728.5131615767687,757.1689616981059,776.6422049651352
2025-11-10T09:40:00,1762747800000,SENSEX,2025-11-10T10:05:00,1762749300000,25,optimized,hybrid,725.0534417757141,757.4260823923803,774.2993502034756
2025-11-10T09:40:00,1762747800000,SENSEX,2025-11-10T10:06:00,1762749360000,26,optimized,hybrid,687.4117784719788,717.0167374638738,736.5811275463101
2025-11-10T09:40:00,1762747800000,SENSEX,2025-11-10T10:07:00,1762749420000,27,optimized,hybrid,722.6992476089229,760.1090116826599,774.5559217104142
2025-11-10T09:40:00,1762747800000,SENSEX,2025-11-10T10:08:00,1762749480000,28,optimized,hybrid,722.7839479615336,760.0289320833548,773.4796149962181
2025-11-10T09:40:00,1762747800000,SENSEX,2025-11-10T10:09:00,1762749540000,29,optimized,hybrid,687.3593938438421,717.5850114764397,732.1074693133515
2025-11-10T09:40:00,1762747800000,SENSEX,2025-11-10T10:10:00,1762749600000,30,optimized,hybrid,725.2131674732043,759.4842288899537,774.8536093808419
2025-11-10T09:40:00,1762747800000,SENSEX,2025-11-10T10:11:00,1762749660000,31,optimized,hybrid,730.4033585994191,758.2418266355526,803.8689692918922
2025-11-10T09:40:00,1762747800000,SENSEX,2025-11-10T10:12:00,1762749720000,32,optimized,hybrid,685.4979705458315,715.0440692169996,758.2258558044066
2025-11-10T09:40:00,1762747800000,SENSEX,2025-11-10T10:13:00,1762749780000,33,optimized,hybrid,726.0917260863883,759.1180613211197,800.8705437376857
2025-11-10T09:40:00,1762747800000,SENSEX,2025-11-10T10:14:00,1762749840000,34,optimized,hybrid,721.2676499754558,759.5904660068666,798.8477287413376
2025-11-10T09:40:00,1762747800000,SENSEX,2025-11-10T10:15:00,1762749900000,35,optimized,hybrid,683.5478549124173,717.8049498401026,756.8712140056648
2025-11-10T09:40:00,1762747800000,SENSEX,2025-11-10T10:16:00,1762749960000,36,optimized,hybrid,717.9766948288977,758.3022756543294,787.3284110062034
2025-11-10T09:40:00,1762747800000,SENSEX,2025-11-10T10:17:00,1762750020000,37,optimized,hybrid,722.6177498812071,757.7328668550623,780.758520519844
2025-11-10T09:40:00,1762747800000,SENSEX,2025-11-10T10:18:00,1762750080000,38,optimized,hybrid,677.7770662819051,717.8792130369558,742.468536892712
2025-11-10T09:40:00,1762747800000,SENSEX,2025-11-10T10:19:00,1762750140000,39,optimized,hybrid,680.8267423815707,719.16645613793,751.2406043916186
2025-11-10T09:40:00,1762747800000,SENSEX,2025-11-10T10:20:00,1762750200000,40,optimized,hybrid,677.354102834986,718.6896489972779,749.3943398254378
2025-11-10T09:40:00,1762747800000,SENSEX,2025-11-10T10:21:00,1762750260000,41,optimized,hybrid,729.7398936730174,754.264840720311,786.0387929778815
2025-11-10T09:40:00,1762747800000,SENSEX,2025-11-10T10:22:00,1762750320000,42,optimized,hybrid,725.8584920933164,757.0628002165304,788.4901904550088
2025-11-10T09:40:00,1762747800000,SENSEX,2025-11-10T10:23:00,1762750380000,43,optimized,hybrid,680.9574970897424,720.2533875305007,744.8012712915416
2025-11-10T09:40:00,1762747800000,SENSEX,2025-11-10T10:24:00,1762750440000,44,optimized,hybrid,689.4677238313002,713.2683723810911,745.6529240461522
2025-11-10T09:40:00,1762747800000,SENSEX,2025-11-10T10:25:00,1762750500000,45,optimized,hybrid,675.8725639018419,712.6778331126441,791.4076707763784
2025-11-10T09:40:00,1762747800000,SENSEX,2025-11-10T10:26:00,1762750560000,46,optimized,hybrid,721.1384907063409,752.8431708567754,822.3701172693355
2025-11-10T09:40:00,1762747800000,SENSEX,2025-11-10T10:27:00,1762750620000,47,optimized,hybrid,715.8464737442841,755.9657373076338,817.379430811985
2025-11-10T09:40:00,1762747800000,SENSEX,2025-11-10T10:28:00,1762750680000,48,optimized,hybrid,676.4436979114685,720.9754257648104,764.1502762408452
2025-11-10T09:40:00,1762747800000,SENSEX,2025-11-10T10:29:00,1762750740000,49,optimized,hybrid,720.9694302117348,752.9695277004353,815.912779324244
2025-11-10T09:40:00,1762747800000,SENSEX,2025-11-10T10:30:00,1762750800000,50,optimized,hybrid,718.5761065954431,755.3929077564103,807.6669921188471
2025-11-10T09:40:00,1762747800000,SENSEX,2025-11-10T10:31:00,1762750860000,51,optimized,hybrid,678.0067364686854,718.5095495218801,766.2851121634633
2025-11-10T09:40:00,1762747800000,SENSEX,2025-11-10T10:32:00,1762750920000,52,optimized,hybrid,715.7295936693754,755.1502446395837,811.2786616986135
2025-11-10T09:40:00,1762747800000,SENSEX,2025-11-10T10:33:00,1762750980000,53,optimized,hybrid,719.8400571967748,750.4381370217692,832.5587371292569
2025-11-10T09:40:00,1762747800000,SENSEX,2025-11-10T10:34:00,1762751040000,54,optimized,hybrid,679.5595957822349,714.7500096532067,751.7529408973021
2025-11-10T09:40:00,1762747800000,SENSEX,2025-11-10T10:35:00,1762751100000,55,optimized,hybrid,714.5181447347329,756.6732051685456,825.0663874577389
2025-11-10T09:40:00,1762747800000,SENSEX,2025-11-10T10:36:00,1762751160000,56,optimized,hybrid,720.0821884451257,749.8508611175921,796.6722987956853
2025-11-10T09:40:00,1762747800000,SENSEX,2025-11-10T10:37:00,1762751220000,57,optimized,hybrid,665.5060784079192,715.2916650898308,752.2930897647033
2025-11-10T09:40:00,1762747800000,SENSEX,2025-11-10T10:38:00,1762751280000,58,optimized,hybrid,715.6936180828627,755.1819581332059,806.1789714417324
2025-11-10T09:40:00,1762747800000,SENSEX,2025-11-10T10:39:00,1762751340000,59,optimized,hybrid,726.240903481418,750.4621600516274,830.2405333193656
2025-11-10T09:40:00,1762747800000,SENSEX,2025-11-10T10:40:00,1762751400000,60,optimized,hybrid,668.9278681397084,713.5468638154179,795.3557302268408
2025-11-10T15:29:30,1762768770000,SENSEX,2025-11-10T15:30:30,1762768830000,1,optimized,hybrid,675.8875075419246,705.45,750.3622995622812
2025-11-10T15:29:30,1762768770000,SENSEX,2025-11-10T15:31:30,1762768890000,2,optimized,hybrid,636.8118521206093,667.231035863608,709.8275453919421
2025-11-10T15:29:30,1762768770000,SENSEX,2025-11-10T15:32:30,1762768950000,3,optimized,hybrid,681.3672671251842,708.1531603683791,724.11695242326
2025-11-10T15:29:30,1762768770000,SENSEX,2025-11-10T15:33:30,1762769010000,4,optimized,hybrid,687.4586982215026,704.4918909496283,723.7371763613386
2025-11-10T15:29:30,1762768770000,SENSEX,2025-11-10T15:34:30,1762769070000,5,optimized,hybrid,649.1484557899819,666.968625312475,683.7415256533569
2025-11-10T15:29:30,1762768770000,SENSEX,2025-11-10T15:35:30,1762769130000,6,optimized,hybrid,684.4622654495574,705.7353788105253,727.5932234206789
2025-11-10T15:29:30,1762768770000,SENSEX,2025-11-10T15:36:30,1762769190000,7,optimized,hybrid,686.1608374863912,706.13563371106,724.0077208399032
2025-11-10T15:29:30,1762768770000,SENSEX,2025-11-10T15:37:30,1762769250000,8,optimized,hybrid,644.7779841439769,665.5129779853191,687.4592464122642
2025-11-10T15:29:30,1762768770000,SENSEX,2025-11-10T15:38:30,1762769310000,9,optimized,hybrid,680.1321777881107,704.5261687323501,738.6756663714705
2025-11-10T15:29:30,1762768770000,SENSEX,2025-11-10T15:39:30,1762769370000,10,optimized,hybrid,679.8197219097129,702.9016888972794,740.5494189239321
2025-11-10T15:29:30,1762768770000,SENSEX,2025-11-10T15:40:30,1762769430000,11,optimized,hybrid,640.0312467587128,667.0952576733471,694.7268080023649
2025-11-10T15:29:30,1762768770000,SENSEX,2025-11-10T15:41:30,1762769490000,12,optimized,hybrid,682.3610576455907,706.0056180533664,736.4889447851988
2025-11-10T15:29:30,1762768770000,SENSEX,2025-11-10T15:42:30,1762769550000,13,optimized,hybrid,671.6687585824371,707.1354190343848,734.2436279693839
2025-11-10T15:29:30,1762768770000,SENSEX,2025-11-10T15:43:30,1762769610000,14,optimized,hybrid,636.3331450774813,662.705770154811,690.5315499812009
2025-11-10T15:29:30,1762768770000,SENSEX,2025-11-10T15:44:30,1762769670000,15,optimized,hybrid,675.7052228814341,702.357048091142,737.241433814201
2025-11-10T15:29:30,1762768770000,SENSEX,2025-11-10T15:45:30,1762769730000,16,optimized,hybrid,673.8804783567001,700.2974952606693,732.6255038690695
2025-11-10T15:29:30,1762768770000,SENSEX,2025-11-10T15:46:30,1762769790000,17,optimized,hybrid,636.1175645728592,662.1161105685784,689.9201210338327
2025-11-10T15:29:30,1762768770000,SENSEX,2025-11-10T15:47:30,1762769850000,18,optimized,hybrid,671.0353063726703,703.5819980469249,743.4672741936527
2025-11-10T15:29:30,1762768770000,SENSEX,2025-11-10T15:48:30,1762769910000,19,optimized,hybrid,675.0347527772999,700.385399135308,743.5565220775076
2025-11-10T15:29:30,1762768770000,SENSEX,2025-11-10T15:49:30,1762769970000,20,optimized,hybrid,643.1984629481376,660.2113701750144,713.0488237065605
2025-11-10T15:29:30,1762768770000,SENSEX,2025-11-10T15:50:30,1762770030000,21,optimized,hybrid,679.6074523496039,704.8103371285823,724.76058388992
2025-11-10T15:29:30,1762768770000,SENSEX,2025-11-10T15:51:30,1762770090000,22,optimized,hybrid,679.9228043584895,704.0355958414325,726.357471889826
2025-11-10T15:29:30,1762768770000,SENSEX,2025-11-10T15:52:30,1762770150000,23,optimized,hybrid,641.472104140867,662.4208662607142,682.3501233481749
2025-11-10T15:29:30,1762768770000,SENSEX,2025-11-10T15:53:30,1762770210000,24,optimized,hybrid,675.1131615767688,703.7689616981061,723.2422049651353
2025-11-10T15:29:30,1762768770000,SENSEX,2025-11-10T15:54:30,1762770270000,25,optimized,hybrid,671.6534417757142,704.0260823923804,720.8993502034757
2025-11-10T15:29:30,1762768770000,SENSEX,2025-11-10T15:55:30,1762770330000,26,optimized,hybrid,634.0117784719789,663.616737463874,683.1811275463102
2025-11-10T15:29:30,1762768770000,SENSEX,2025-11-10T15:56:30,1762770390000,27,optimized,hybrid,669.299247608923,706.70901168266,721.1559217104143
2025-11-10T15:29:30,1762768770000,SENSEX,2025-11-10T15:57:30,1762770450000,28,optimized,hybrid,669.3839479615337,706.6289320833549,720.0796149962182
2025-11-10T15:29:30,1762768770000,SENSEX,2025-11-10T15:58:30,1762770510000,29,optimized,hybrid,633.9593938438422,664.1850114764399,678.7074693133517
2025-11-10T15:29:30,1762768770000,SENSEX,2025-11-10T15:59:30,1762770570000,30,optimized,hybrid,671.8131674732044,706.0842288899538,721.4536093808421
2025-11-10T15:29:30,1762768770000,SENSEX,2025-11-10T16:00:30,1762770630000,31,optimized,hybrid,677.0033585994192,704.8418266355527,750.4689692918923
2025-11-10T15:29:30,1762768770000,SENSEX,2025-11-10T16:01:30,1762770690000,32,optimized,hybrid,632.0979705458317,661.6440692169997,704.8258558044067
2025-11-10T15:29:30,1762768770000,SENSEX,2025-11-10T16:02:30,1762770750000,33,optimized,hybrid,672.6917260863885,705.7180613211199,747.4705437376858
2025-11-10T15:29:30,1762768770000,SENSEX,2025-11-10T16:03:30,1762770810000,34,optimized,hybrid,667.867649975456,706.1904660068667,745.4477287413378
2025-11-10T15:29:30,1762768770000,SENSEX,2025-11-10T16:04:30,1762770870000,35,optimized,hybrid,630.1478549124174,664.4049498401027,703.4712140056649
2025-11-10T15:29:30,1762768770000,SENSEX,2025-11-10T16:05:30,1762770930000,36,optimized,hybrid,664.5766948288979,704.9022756543295,733.9284110062035
2025-11-10T15:29:30,1762768770000,SENSEX,2025-11-10T16:06:30,1762770990000,37,optimized,hybrid,669.2177498812073,704.3328668550624,727.3585205198441
2025-11-10T15:29:30,1762768770000,SENSEX,2025-11-10T16:07:30,1762771050000,38,optimized,hybrid,624.3770662819053,664.4792130369559,689.0685368927121
2025-11-10T15:29:30,1762768770000,SENSEX,2025-11-10T16:08:30,1762771110000,39,optimized,hybrid,627.4267423815709,665.7664561379302,697.8406043916187
2025-11-10T15:29:30,1762768770000,SENSEX,2025-11-10T16:09:30,1762771170000,40,optimized,hybrid,623.9541028349861,665.289648997278,695.9943398254379
2025-11-10T15:29:30,1762768770000,SENSEX,2025-11-10T16:10:30,1762771230000,41,optimized,hybrid,676.3398936730175,700.8648407203111,732.6387929778816
2025-11-10T15:29:30,1762768770000,SENSEX,2025-11-10T16:11:30,1762771290000,42,optimized,hybrid,672.4584920933165,703.6628002165305,735.090190455009
2025-11-10T15:29:30,1762768770000,SENSEX,2025-11-10T16:12:30,1762771350000,43,optimized,hybrid,627.5574970897426,666.8533875305009,691.4012712915418
2025-11-10T15:29:30,1762768770000,SENSEX,2025-11-10T16:13:30,1762771410000,44,optimized,hybrid,636.0677238313003,659.8683723810913,692.2529240461523
2025-11-10T15:29:30,1762768770000,SENSEX,2025-11-10T16:14:30,1762771470000,45,optimized,hybrid,622.472563901842,659.2778331126442,738.0076707763785
2025-11-10T15:29:30,1762768770000,SENSEX,2025-11-10T16:15:30,1762771530000,46,optimized,hybrid,667.738490706341,699.4431708567755,768.9701172693357
2025-11-10T15:29:30,1762768770000,SENSEX,2025-11-10T16:16:30,1762771590000,47,optimized,hybrid,662.4464737442843,702.565737307634,763.9794308119851
2025-11-10T15:29:30,1762768770000,SENSEX,2025-11-10T16:17:30,1762771650000,48,optimized,hybrid,623.0436979114686,667.5754257648106,710.7502762408453
2025-11-10T15:29:30,1762768770000,SENSEX,2025-11-10T16:18:30,1762771710000,49,optimized,hybrid,667.5694302117349,699.5695277004354,762.5127793242441
2025-11-10T15:29:30,1762768770000,SENSEX,2025-11-10T16:19:30,1762771770000,50,optimized,hybrid,665.1761065954432,701.9929077564104,754.2669921188473
2025-11-10T15:29:30,1762768770000,SENSEX,2025-11-10T16:20:30,1762771830000,51,optimized,hybrid,624.6067364686855,665.1095495218802,712.8851121634634
2025-11-10T15:29:30,1762768770000,SENSEX,2025-11-10T16:21:30,1762771890000,52,optimized,hybrid,662.3295936693755,701.7502446395838,757.8786616986137
2025-11-10T15:29:30,1762768770000,SENSEX,2025-11-10T16:22:30,1762771950000,53,optimized,hybrid,666.4400571967749,697.0381370217693,779.158737129257
2025-11-10T15:29:30,1762768770000,SENSEX,2025-11-10T16:23:30,1762772010000,54,optimized,hybrid,626.159595782235,661.3500096532068,698.3529408973022
2025-11-10T15:29:30,1762768770000,SENSEX,2025-11-10T16:24:30,1762772070000,55,optimized,hybrid,661.118144734733,703.2732051685457,771.666387457739
2025-11-10T15:29:30,1762768770000,SENSEX,2025-11-10T16:25:30,1762772130000,56,optimized,hybrid,666.6821884451258,696.4508611175922,743.2722987956854
2025-11-10T15:29:30,1762768770000,SENSEX,2025-11-10T16:26:30,1762772190000,57,optimized,hybrid,612.1060784079193,661.8916650898309,698.8930897647034
2025-11-10T15:29:30,1762768770000,SENSEX,2025-11-10T16:27:30,1762772250000,58,optimized,hybrid,662.2936180828628,701.781958133206,752.7789714417326
2025-11-10T15:29:30,1762768770000,SENSEX,2025-11-10T16:28:30,1762772310000,59,optimized,hybrid,672.8409034814181,697.0621600516275,776.8405333193657
2025-11-10T15:29:30,1762768770000,SENSEX,2025-11-10T16:29:30,1762772370000,60,optimized,hybrid,615.5278681397085,660.146863815418,741.955730226841
2025-11-10T09:40:00,1762747800000,SENSEX,2025-11-10T09:41:00,1762747860000,1,optimized,hybrid,729.2875075419245,758.8499999999999,803.7622995622811
2025-11-10T09:40:00,1762747800000,SENSEX,2025-11-10T09:42:00,1762747920000,2,optimized,hybrid,690.2118521206091,720.6310358636078,763.2275453919419
2025-11-10T09:40:00,1762747800000,SENSEX,2025-11-10T09:43:00,1762747980000,3,optimized,hybrid,734.767267125184,761.5531603683789,777.5169524232599
2025-11-10T09:40:00,1762747800000,SENSEX,2025-11-10T09:44:00,1762748040000,4,optimized,hybrid,740.8586982215024,757.8918909496282,777.1371763613384
2025-11-10T09:40:00,1762747800000,SENSEX,2025-11-10T09:45:00,1762748100000,5,optimized,hybrid,702.5484557899817,720.3686253124748,737.1415256533568
2025-11-10T09:40:00,1762747800000,SENSEX,2025-11-10T09:46:00,1762748160000,6,optimized,hybrid,737.8622654495573,759.1353788105251,780.9932234206788
2025-11-10T09:40:00,1762747800000,SENSEX,2025-11-10T09:47:00,1762748220000,7,optimized,hybrid,739.560837486391,759.5356337110599,777.407720839903
2025-11-10T09:40:00,1762747800000,SENSEX,2025-11-10T09:48:00,1762748280000,8,optimized,hybrid,698.1779841439768,718.912977985319,740.859246412264
2025-11-10T09:40:00,1762747800000,SENSEX,2025-11-10T09:49:00,1762748340000,9,optimized,hybrid,733.5321777881105,757.92616873235,792.0756663714703
2025-11-10T09:40:00,1762747800000,SENSEX,2025-11-10T09:50:00,1762748400000,10,optimized,hybrid,733.2197219097128,756.3016888972793,793.949418923932
2025-11-10T09:40:00,1762747800000,SENSEX,2025-11-10T09:51:00,1762748460000,11,optimized,hybrid,693.4312467587126,720.4952576733469,748.1268080023648
2025-11-10T09:40:00,1762747800000,SENSEX,2025-11-10T09:52:00,1762748520000,12,optimized,hybrid,735.7610576455905,759.4056180533663,789.8889447851986
2025-11-10T09:40:00,1762747800000,SENSEX,2025-11-10T09:53:00,1762748580000,13,optimized,hybrid,725.068758582437,760.5354190343846,787.6436279693837
2025-11-10T09:40:00,1762747800000,SENSEX,2025-11-10T09:54:00,1762748640000,14,optimized,hybrid,689.7331450774811,716.1057701548109,743.9315499812008
2025-11-10T09:40:00,1762747800000,SENSEX,2025-11-10T09:55:00,1762748700000,15,optimized,hybrid,729.105222881434,755.7570480911419,790.6414338142008
2025-11-10T09:40:00,1762747800000,SENSEX,2025-11-10T09:56:00,1762748760000,16,optimized,hybrid,727.2804783567,753.6974952606691,786.0255038690693
2025-11-10T09:40:00,1762747800000,SENSEX,2025-11-10T09:57:00,1762748820000,17,optimized,hybrid,689.5175645728591,715.5161105685783,743.3201210338326
2025-11-10T09:40:00,1762747800000,SENSEX,2025-11-10T09:58:00,1762748880000,18,optimized,hybrid,724.4353063726702,756.9819980469248,796.8672741936525
2025-11-10T09:40:00,1762747800000,SENSEX,2025-11-10T09:59:00,1762748940000,19,optimized,hybrid,728.4347527772998,753.7853991353079,796.9565220775074
2025-11-10T09:40:00,1762747800000,SENSEX,2025-11-10T10:00:00,1762749000000,20,optimized,hybrid,696.5984629481375,713.6113701750143,766.4488237065603
2025-11-10T09:40:00,1762747800000,SENSEX,2025-11-10T10:01:00,1762749060000,21,optimized,hybrid,733.0074523496038,758.2103371285822,778.1605838899198
2025-11-10T09:40:00,1762747800000,SENSEX,2025-11-10T10:02:00,1762749120000,22,optimized,hybrid,733.3228043584894,757.4355958414324,779.7574718898259
2025-11-10T09:40:00,1762747800000,SENSEX,2025-11-10T10:03:00,1762749180000,23,optimized,hybrid,694.8721041408669,715.8208662607141,735.7501233481747
2025-11-10T09:40:00,1762747800000,SENSEX,2025-11-10T10:04:00,1762749240000,24,optimized,hybrid,728.5131615767687,757.1689616981059,776.6422049651352
2025-11-10T09:40:00,1762747800000,SENSEX,2025-11-10T10:05:00,1762749300000,25,optimized,hybrid,725.0534417757141,757.4260823923803,774.2993502034756
2025-11-10T09:40:00,1762747800000,SENSEX,2025-11-10T10:06:00,1762749360000,26,optimized,hybrid,687.4117784719788,717.0167374638738,736.5811275463101
2025-11-10T09:40:00,1762747800000,SENSEX,2025-11-10T10:07:00,1762749420000,27,optimized,hybrid,722.6992476089229,760.1090116826599,774.5559217104142
2025-11-10T09:40:00,1762747800000,SENSEX,2025-11-10T10:08:00,1762749480000,28,optimized,hybrid,722.7839479615336,760.0289320833548,773.4796149962181
2025-11-10T09:40:00,1762747800000,SENSEX,2025-11-10T10:09:00,1762749540000,29,optimized,hybrid,687.3593938438421,717.5850114764397,732.1074693133515
2025-11-10T09:40:00,1762747800000,SENSEX,2025-11-10T10:10:00,1762749600000,30,optimized,hybrid,725.2131674732043,759.4842288899537,774.8536093808419
2025-11-10T09:40:00,1762747800000,SENSEX,2025-11-10T10:11:00,1762749660000,31,optimized,hybrid,730.4033585994191,758.2418266355526,803.8689692918922
2025-11-10T09:40:00,1762747800000,SENSEX,2025-11-10T10:12:00,1762749720000,32,optimized,hybrid,685.4979705458315,715.0440692169996,758.2258558044066
2025-11-10T09:40:00,1762747800000,SENSEX,2025-11-10T10:13:00,1762749780000,33,optimized,hybrid,726.0917260863883,759.1180613211197,800.8705437376857
2025-11-10T09:40:00,1762747800000,SENSEX,2025-11-10T10:14:00,1762749840000,34,optimized,hybrid,721.2676499754558,759.5904660068666,798.8477287413376
2025-11-10T09:40:00,1762747800000,SENSEX,2025-11-10T10:15:00,1762749900000,35,optimized,hybrid,683.5478549124173,717.8049498401026,756.8712140056648
2025-11-10T09:40:00,1762747800000,SENSEX,2025-11-10T10:16:00,1762749960000,36,optimized,hybrid,717.9766948288977,758.3022756543294,787.3284110062034
2025-11-10T09:40:00,1762747800000,SENSEX,2025-11-10T10:17:00,1762750020000,37,optimized,hybrid,722.6177498812071,757.7328668550623,780.758520519844
2025-11-10T09:40:00,1762747800000,SENSEX,2025-11-10T10:18:00,1762750080000,38,optimized,hybrid,677.7770662819051,717.8792130369558,742.468536892712
2025-11-10T09:40:00,1762747800000,SENSEX,2025-11-10T10:19:00,1762750140000,39,optimized,hybrid,680.8267423815707,719.16645613793,751.2406043916186
2025-11-10T09:40:00,1762747800000,SENSEX,2025-11-10T10:20:00,1762750200000,40,optimized,hybrid,677.354102834986,718.6896489972779,749.3943398254378
2025-11-10T09:40:00,1762747800000,SENSEX,2025-11-10T10:21:00,1762750260000,41,optimized,hybrid,729.7398936730174,754.264840720311,786.0387929778815
2025-11-10T09:40:00,1762747800000,SENSEX,2025-11-10T10:22:00,1762750320000,42,optimized,hybrid,725.8584920933164,757.0628002165304,788.4901904550088
2025-11-10T09:40:00,1762747800000,SENSEX,2025-11-10T10:23:00,1762750380000,43,optimized,hybrid,680.9574970897424,720.2533875305007,744.8012712915416
2025-11-10T09:40:00,1762747800000,SENSEX,2025-11-10T10:24:00,1762750440000,44,optimized,hybrid,689.4677238313002,713.2683723810911,745.6529240461522
2025-11-10T09:40:00,1762747800000,SENSEX,2025-11-10T10:25:00,1762750500000,45,optimized,hybrid,675.8725639018419,712.6778331126441,791.4076707763784
2025-11-10T09:40:00,1762747800000,SENSEX,2025-11-10T10:26:00,1762750560000,46,optimized,hybrid,721.1384907063409,752.8431708567754,822.3701172693355
2025-11-10T09:40:00,1762747800000,SENSEX,2025-11-10T10:27:00,1762750620000,47,optimized,hybrid,715.8464737442841,755.9657373076338,817.379430811985
2025-11-10T09:40:00,1762747800000,SENSEX,2025-11-10T10:28:00,1762750680000,48,optimized,hybrid,676.4436979114685,720.9754257648104,764.1502762408452
2025-11-10T09:40:00,1762747800000,SENSEX,2025-11-10T10:29:00,1762750740000,49,optimized,hybrid,720.9694302117348,752.9695277004353,815.912779324244
2025-11-10T09:40:00,1762747800000,SENSEX,2025-11-10T10:30:00,1762750800000,50,optimized,hybrid,718.5761065954431,755.3929077564103,807.6669921188471
2025-11-10T09:40:00,1762747800000,SENSEX,2025-11-10T10:31:00,1762750860000,51,optimized,hybrid,678.0067364686854,718.5095495218801,766.2851121634633
2025-11-10T09:40:00,1762747800000,SENSEX,2025-11-10T10:32:00,1762750920000,52,optimized,hybrid,715.7295936693754,755.1502446395837,811.2786616986135
2025-11-10T09:40:00,1762747800000,SENSEX,2025-11-10T10:33:00,1762750980000,53,optimized,hybrid,719.8400571967748,750.4381370217692,832.5587371292569
2025-11-10T09:40:00,1762747800000,SENSEX,2025-11-10T10:34:00,1762751040000,54,optimized,hybrid,679.5595957822349,714.7500096532067,751.7529408973021
2025-11-10T09:40:00,1762747800000,SENSEX,2025-11-10T10:35:00,1762751100000,55,optimized,hybrid,714.5181447347329,756.6732051685456,825.0663874577389
2025-11-10T09:40:00,1762747800000,SENSEX,2025-11-10T10:36:00,1762751160000,56,optimized,hybrid,720.0821884451257,749.8508611175921,796.6722987956853
2025-11-10T09:40:00,1762747800000,SENSEX,2025-11-10T10:37:00,1762751220000,57,optimized,hybrid,665.5060784079192,715.2916650898308,752.2930897647033
2025-11-10T09:40:00,1762747800000,SENSEX,2025-11-10T10:38:00,1762751280000,58,optimized,hybrid,715.6936180828627,755.1819581332059,806.1789714417324
2025-11-10T09:40:00,1762747800000,SENSEX,2025-11-10T10:39:00,1762751340000,59,optimized,hybrid,726.240903481418,750.4621600516274,830.2405333193656
2025-11-10T09:40:00,1762747800000,SENSEX,2025-11-10T10:40:00,1762751400000,60,optimized,hybrid,668.9278681397084,713.5468638154179,795.3557302268408
2025-11-10T09:40:00,1762747800000,SENSEX,2025-11-10T09:41:00,1762747860000,1,optimized,hybrid,729.2875075419245,758.8499999999999,803.7622995622811
2025-11-10T09:40:00,1762747800000,SENSEX,2025-11-10T09:42:00,1762747920000,2,optimized,hybrid,690.2118521206091,720.6310358636078,763.2275453919419
2025-11-10T09:40:00,1762747800000,SENSEX,2025-11-10T09:43:00,1762747980000,3,optimized,hybrid,734.767267125184,761.5531603683789,777.5169524232599
2025-11-10T09:40:00,1762747800000,SENSEX,2025-11-10T09:44:00,1762748040000,4,optimized,hybrid,740.8586982215024,757.8918909496282,777.1371763613384
2025-11-10T09:40:00,1762747800000,SENSEX,2025-11-10T09:45:00,1762748100000,5,optimized,hybrid,702.5484557899817,720.3686253124748,737.1415256533568
2025-11-10T09:40:00,1762747800000,SENSEX,2025-11-10T09:46:00,1762748160000,6,optimized,hybrid,737.8622654495573,759.1353788105251,780.9932234206788
2025-11-10T09:40:00,1762747800000,SENSEX,2025-11-10T09:47:00,1762748220000,7,optimized,hybrid,739.560837486391,759.5356337110599,777.407720839903
2025-11-10T09:40:00,1762747800000,SENSEX,2025-11-10T09:48:00,1762748280000,8,optimized,hybrid,698.1779841439768,718.912977985319,740.859246412264
2025-11-10T09:40:00,1762747800000,SENSEX,2025-11-10T09:49:00,1762748340000,9,optimized,hybrid,733.5321777881105,757.92616873235,792.0756663714703
2025-11-10T09:40:00,1762747800000,SENSEX,2025-11-10T09:50:00,1762748400000,10,optimized,hybrid,733.2197219097128,756.3016888972793,793.949418923932
2025-11-10T09:40:00,1762747800000,SENSEX,2025-11-10T09:51:00,1762748460000,11,optimized,hybrid,693.4312467587126,720.4952576733469,748.1268080023648
2025-11-10T09:40:00,1762747800000,SENSEX,2025-11-10T09:52:00,1762748520000,12,optimized,hybrid,735.7610576455905,759.4056180533663,789.8889447851986
2025-11-10T09:40:00,1762747800000,SENSEX,2025-11-10T09:53:00,1762748580000,13,optimized,hybrid,725.068758582437,760.5354190343846,787.6436279693837
2025-11-10T09:40:00,1762747800000,SENSEX,2025-11-10T09:54:00,1762748640000,14,optimized,hybrid,689.7331450774811,716.1057701548109,743.9315499812008
2025-11-10T09:40:00,1762747800000,SENSEX,2025-11-10T09:55:00,1762748700000,15,optimized,hybrid,729.105222881434,755.7570480911419,790.6414338142008
2025-11-10T09:40:00,1762747800000,SENSEX,2025-11-10T09:56:00,1762748760000,16,optimized,hybrid,727.2804783567,753.6974952606691,786.0255038690693
2025-11-10T09:40:00,1762747800000,SENSEX,2025-11-10T09:57:00,1762748820000,17,optimized,hybrid,689.5175645728591,715.5161105685783,743.3201210338326
2025-11-10T09:40:00,1762747800000,SENSEX,2025-11-10T09:58:00,1762748880000,18,optimized,hybrid,724.4353063726702,756.9819980469248,796.8672741936525
2025-11-10T09:40:00,1762747800000,SENSEX,2025-11-10T09:59:00,1762748940000,19,optimized,hybrid,728.4347527772998,753.7853991353079,796.9565220775074
2025-11-10T09:40:00,1762747800000,SENSEX,2025-11-10T10:00:00,1762749000000,20,optimized,hybrid,696.5984629481375,713.6113701750143,766.4488237065603
2025-11-10T09:40:00,1762747800000,SENSEX,2025-11-10T10:01:00,1762749060000,21,optimized,hybrid,733.0074523496038,758.2103371285822,778.1605838899198
2025-11-10T09:40:00,1762747800000,SENSEX,2025-11-10T10:02:00,1762749120000,22,optimized,hybrid,733.3228043584894,757.4355958414324,779.7574718898259
2025-11-10T09:40:00,1762747800000,SENSEX,2025-11-10T10:03:00,1762749180000,23,optimized,hybrid,694.8721041408669,715.8208662607141,735.7501233481747
2025-11-10T09:40:00,1762747800000,SENSEX,2025-11-10T10:04:00,1762749240000,24,optimized,hybrid,728.5131615767687,757.1689616981059,776.6422049651352
2025-11-10T09:40:00,1762747800000,SENSEX,2025-11-10T10:05:00,1762749300000,25,optimized,hybrid,725.0534417757141,757.4260823923803,774.2993502034756
2025-11-10T09:40:00,1762747800000,SENSEX,2025-11-10T10:06:00,1762749360000,26,optimized,hybrid,687.4117784719788,717.0167374638738,736.5811275463101
2025-11-10T09:40:00,1762747800000,SENSEX,2025-11-10T10:07:00,1762749420000,27,optimized,hybrid,722.6992476089229,760.1090116826599,774.5559217104142
2025-11-10T09:40:00,1762747800000,SENSEX,2025-11-10T10:08:00,1762749480000,28,optimized,hybrid,722.7839479615336,760.0289320833548,773.4796149962181
2025-11-10T09:40:00,1762747800000,SENSEX,2025-11-10T10:09:00,1762749540000,29,optimized,hybrid,687.3593938438421,717.5850114764397,732.1074693133515
2025-11-10T09:40:00,1762747800000,SENSEX,2025-11-10T10:10:00,1762749600000,30,optimized,hybrid,725.2131674732043,759.4842288899537,774.8536093808419
2025-11-10T09:40:00,1762747800000,SENSEX,2025-11-10T10:11:00,1762749660000,31,optimized,hybrid,730.4033585994191,758.2418266355526,803.8689692918922
2025-11-10T09:40:00,1762747800000,SENSEX,2025-11-10T10:12:00,1762749720000,32,optimized,hybrid,685.4979705458315,715.0440692169996,758.2258558044066
2025-11-10T09:40:00,1762747800000,SENSEX,2025-11-10T10:13:00,1762749780000,33,optimized,hybrid,726.0917260863883,759.1180613211197,800.8705437376857
2025-11-10T09:40:00,1762747800000,SENSEX,2025-11-10T10:14:00,1762749840000,34,optimized,hybrid,721.2676499754558,759.5904660068666,798.8477287413376
2025-11-10T09:40:00,1762747800000,SENSEX,2025-11-10T10:15:00,1762749900000,35,optimized,hybrid,683.5478549124173,717.8049498401026,756.8712140056648
2025-11-10T09:40:00,1762747800000,SENSEX,2025-11-10T10:16:00,1762749960000,36,optimized,hybrid,717.9766948288977,758.3022756543294,787.3284110062034
2025-11-10T09:40:00,1762747800000,SENSEX,2025-11-10T10:17:00,1762750020000,37,optimized,hybrid,722.6177498812071,757.7328668550623,780.758520519844
2025-11-10T09:40:00,1762747800000,SENSEX,2025-11-10T10:18:00,1762750080000,38,optimized,hybrid,677.7770662819051,717.8792130369558,742.468536892712
2025-11-10T09:40:00,1762747800000,SENSEX,2025-11-10T10:19:00,1762750140000,39,optimized,hybrid,680.8267423815707,719.16645613793,751.2406043916186
2025-11-10T09:40:00,1762747800000,SENSEX,2025-11-10T10:20:00,1762750200000,40,optimized,hybrid,677.354102834986,718.6896489972779,749.3943398254378
2025-11-10T09:40:00,1762747800000,SENSEX,2025-11-10T10:21:00,1762750260000,41,optimized,hybrid,729.7398936730174,754.264840720311,786.0387929778815
2025-11-10T09:40:00,1762747800000,SENSEX,2025-11-10T10:22:00,1762750320000,42,optimized,hybrid,725.8584920933164,757.0628002165304,788.4901904550088
2025-11-10T09:40:00,1762747800000,SENSEX,2025-11-10T10:23:00,1762750380000,43,optimized,hybrid,680.9574970897424,720.2533875305007,744.8012712915416
2025-11-10T09:40:00,1762747800000,SENSEX,2025-11-10T10:24:00,1762750440000,44,optimized,hybrid,689.4677238313002,713.2683723810911,745.6529240461522
2025-11-10T09:40:00,1762747800000,SENSEX,2025-11-10T10:25:00,1762750500000,45,optimized,hybrid,675.8725639018419,712.6778331126441,791.4076707763784
2025-11-10T09:40:00,1762747800000,SENSEX,2025-11-10T10:26:00,1762750560000,46,optimized,hybrid,721.1384907063409,752.8431708567754,822.3701172693355
2025-11-10T09:40:00,1762747800000,SENSEX,2025-11-10T10:27:00,1762750620000,47,optimized,hybrid,715.8464737442841,755.9657373076338,817.379430811985
2025-11-10T09:40:00,1762747800000,SENSEX,2025-11-10T10:28:00,1762750680000,48,optimized,hybrid,676.4436979114685,720.9754257648104,764.1502762408452
2025-11-10T09:40:00,1762747800000,SENSEX,2025-11-10T10:29:00,1762750740000,49,optimized,hybrid,720.9694302117348,752.9695277004353,815.912779324244
2025-11-10T09:40:00,1762747800000,SENSEX,2025-11-10T10:30:00,1762750800000,50,optimized,hybrid,718.5761065954431,755.3929077564103,807.6669921188471
2025-11-10T09:40:00,1762747800000,SENSEX,2025-11-10T10:31:00,1762750860000,51,optimized,hybrid,678.0067364686854,718.5095495218801,766.2851121634633
2025-11-10T09:40:00,1762747800000,SENSEX,2025-11-10T10:32:00,1762750920000,52,optimized,hybrid,715.7295936693754,755.1502446395837,811.2786616986135
2025-11-10T09:40:00,1762747800000,SENSEX,2025-11-10T10:33:00,1762750980000,53,optimized,hybrid,719.8400571967748,750.4381370217692,832.5587371292569
2025-11-10T09:40:00,1762747800000,SENSEX,2025-11-10T10:34:00,1762751040000,54,optimized,hybrid,679.5595957822349,714.7500096532067,751.7529408973021
2025-11-10T09:40:00,1762747800000,SENSEX,2025-11-10T10:35:00,1762751100000,55,optimized,hybrid,714.5181447347329,756.6732051685456,825.0663874577389
2025-11-10T09:40:00,1762747800000,SENSEX,2025-11-10T10:36:00,1762751160000,56,optimized,hybrid,720.0821884451257,749.8508611175921,796.6722987956853
2025-11-10T09:40:00,1762747800000,SENSEX,2025-11-10T10:37:00,1762751220000,57,optimized,hybrid,665.5060784079192,715.2916650898308,752.2930897647033
2025-11-10T09:40:00,1762747800000,SENSEX,2025-11-10T10:38:00,1762751280000,58,optimized,hybrid,715.6936180828627,755.1819581332059,806.1789714417324
2025-11-10T09:40:00,1762747800000,SENSEX,2025-11-10T10:39:00,1762751340000,59,optimized,hybrid,726.240903481418,750.4621600516274,830.2405333193656
2025-11-10T09:40:00,1762747800000,SENSEX,2025-11-10T10:40:00,1762751400000,60,optimized,hybrid,668.9278681397084,713.5468638154179,795.3557302268408
