gen_time_iso,gen_ms,index,mode,alpha,prior_days,k_used,window_used,target_time_iso,target_ms,horizon_min,q50
2025-11-10T10:03:00,1762749180000,SENSEX,retrieval,,,20,180,2025-11-10T10:04:00,1762749240000,1,760.0
2025-11-10T10:03:00,1762749180000,SENSEX,retrieval,,,20,180,2025-11-10T10:05:00,1762749300000,2,760.0
2025-11-10T10:03:00,1762749180000,SENSEX,retrieval,,,20,180,2025-11-10T10:06:00,1762749360000,3,760.0
2025-11-10T10:03:00,1762749180000,SENSEX,retrieval,,,20,180,2025-11-10T10:07:00,1762749420000,4,760.0
2025-11-10T10:03:00,1762749180000,SENSEX,retrieval,,,20,180,2025-11-10T10:08:00,1762749480000,5,760.0
2025-11-10T10:03:00,1762749180000,SENSEX,retrieval,,,20,180,2025-11-10T10:09:00,1762749540000,6,760.0
2025-11-10T10:03:00,1762749180000,SENSEX,retrieval,,,20,180,2025-11-10T10:10:00,1762749600000,7,760.0
2025-11-10T10:03:00,1762749180000,SENSEX,retrieval,,,20,180,2025-11-10T10:11:00,1762749660000,8,760.0
2025-11-10T10:03:00,1762749180000,SENSEX,retrieval,,,20,180,2025-11-10T10:12:00,1762749720000,9,760.0
2025-11-10T10:03:00,1762749180000,SENSEX,retrieval,,,20,180,2025-11-10T10:13:00,1762749780000,10,760.0
2025-11-10T10:03:00,1762749180000,SENSEX,retrieval,,,20,180,2025-11-10T10:14:00,1762749840000,11,760.0
2025-11-10T10:03:00,1762749180000,SENSEX,retrieval,,,20,180,2025-11-10T10:15:00,1762749900000,12,760.0
2025-11-10T10:03:00,1762749180000,SENSEX,retrieval,,,20,180,2025-11-10T10:16:00,1762749960000,13,760.0
2025-11-10T10:03:00,1762749180000,SENSEX,retrieval,,,20,180,2025-11-10T10:17:00,1762750020000,14,760.0
2025-11-10T10:03:00,1762749180000,SENSEX,retrieval,,,20,180,2025-11-10T10:18:00,1762750080000,15,760.0
2025-11-10T10:03:00,1762749180000,SENSEX,retrieval,,,20,180,2025-11-10T10:19:00,1762750140000,16,760.0
2025-11-10T10:03:00,1762749180000,SENSEX,retrieval,,,20,180,2025-11-10T10:20:00,1762750200000,17,760.0
2025-11-10T10:03:00,1762749180000,SENSEX,retrieval,,,20,180,2025-11-10T10:21:00,1762750260000,18,760.0
2025-11-10T10:03:00,1762749180000,SENSEX,retrieval,,,20,180,2025-11-10T10:22:00,1762750320000,19,760.0
2025-11-10T10:03:00,1762749180000,SENSEX,retrieval,,,20,180,2025-11-10T10:23:00,1762750380000,20,760.0
2025-11-10T10:03:00,1762749180000,SENSEX,retrieval,,,20,180,2025-11-10T10:24:00,1762750440000,21,760.0
2025-11-10T10:03:00,1762749180000,SENSEX,retrieval,,,20,180,2025-11-10T10:25:00,1762750500000,22,760.0
2025-11-10T10:03:00,1762749180000,SENSEX,retrieval,,,20,180,2025-11-10T10:26:00,1762750560000,23,760.0
2025-11-10T10:03:00,1762749180000,SENSEX,retrieval,,,20,180,2025-11-10T10:27:00,1762750620000,24,760.0
2025-11-10T10:03:00,1762749180000,SENSEX,retrieval,,,20,180,2025-11-10T10:28:00,1762750680000,25,760.0
2025-11-10T10:03:00,1762749180000,SENSEX,retrieval,,,20,180,2025-11-10T10:29:00,1762750740000,26,760.0
2025-11-10T10:03:00,1762749180000,SENSEX,retrieval,,,20,180,2025-11-10T10:30:00,1762750800000,27,760.0
2025-11-10T10:03:00,1762749180000,SENSEX,retrieval,,,20,180,2025-11-10T10:31:00,1762750860000,28,760.0
2025-11-10T10:03:00,1762749180000,SENSEX,retrieval,,,20,180,2025-11-10T10:32:00,1762750920000,29,760.0
2025-11-10T10:03:00,1762749180000,SENSEX,retrieval,,,20,180,2025-11-10T10:33:00,1762750980000,30,760.0
2025-11-10T10:03:00,1762749180000,SENSEX,retrieval,,,20,180,2025-11-10T10:34:00,1762751040000,31,760.0
2025-11-10T10:03:00,1762749180000,SENSEX,retrieval,,,20,180,2025-11-10T10:35:00,1762751100000,32,760.0
2025-11-10T10:03:00,1762749180000,SENSEX,retrieval,,,20,180,2025-11-10T10:36:00,1762751160000,33,760.0
2025-11-10T10:03:00,1762749180000,SENSEX,retrieval,,,20,180,2025-11-10T10:37:00,1762751220000,34,760.0
2025-11-10T10:03:00,1762749180000,SENSEX,retrieval,,,20,180,2025-11-10T10:38:00,1762751280000,35,760.0
2025-11-10T10:03:00,1762749180000,SENSEX,retrieval,,,20,180,2025-11-10T10:39:00,1762751340000,36,760.0
2025-11-10T10:03:00,1762749180000,SENSEX,retrieval,,,20,180,2025-11-10T10:40:00,1762751400000,37,760.0
2025-11-10T10:03:00,1762749180000,SENSEX,retrieval,,,20,180,2025-11-10T10:41:00,1762751460000,38,760.0
2025-11-10T10:03:00,1762749180000,SENSEX,retrieval,,,20,180,2025-11-10T10:42:00,1762751520000,39,760.0
2025-11-10T10:03:00,1762749180000,SENSEX,retrieval,,,20,180,2025-11-10T10:43:00,1762751580000,40,760.0
2025-11-10T10:03:00,1762749180000,SENSEX,retrieval,,,20,180,2025-11-10T10:44:00,1762751640000,41,760.0
2025-11-10T10:03:00,1762749180000,SENSEX,retrieval,,,20,180,2025-11-10T10:45:00,1762751700000,42,760.0
2025-11-10T10:03:00,1762749180000,SENSEX,retrieval,,,20,180,2025-11-10T10:46:00,1762751760000,43,760.0
2025-11-10T10:03:00,1762749180000,SENSEX,retrieval,,,20,180,2025-11-10T10:47:00,1762751820000,44,760.0
2025-11-10T10:03:00,1762749180000,SENSEX,retrieval,,,20,180,2025-11-10T10:48:00,1762751880000,45,760.0
2025-11-10T10:03:00,1762749180000,SENSEX,retrieval,,,20,180,2025-11-10T10:49:00,1762751940000,46,760.0
2025-11-10T10:03:00,1762749180000,SENSEX,retrieval,,,20,180,2025-11-10T10:50:00,1762752000000,47,760.0
2025-11-10T10:03:00,1762749180000,SENSEX,retrieval,,,20,180,2025-11-10T10:51:00,1762752060000,48,760.0
2025-11-10T10:03:00,1762749180000,SENSEX,retrieval,,,20,180,2025-11-10T10:52:00,1762752120000,49,760.0
2025-11-10T10:03:00,1762749180000,SENSEX,retrieval,,,20,180,2025-11-10T10:53:00,1762752180000,50,760.0
2025-11-10T10:03:00,1762749180000,SENSEX,retrieval,,,20,180,2025-11-10T10:54:00,1762752240000,51,760.0
2025-11-10T10:03:00,1762749180000,SENSEX,retrieval,,,20,180,2025-11-10T10:55:00,1762752300000,52,760.0
2025-11-10T10:03:00,1762749180000,SENSEX,retrieval,,,20,180,2025-11-10T10:56:00,1762752360000,53,760.0
2025-11-10T10:03:00,1762749180000,SENSEX,retrieval,,,20,180,2025-11-10T10:57:00,1762752420000,54,760.0
2025-11-10T10:03:00,1762749180000,SENSEX,retrieval,,,20,180,2025-11-10T10:58:00,1762752480000,55,760.0
2025-11-10T10:03:00,1762749180000,SENSEX,retrieval,,,20,180,2025-11-10T10:59:00,1762752540000,56,760.0
2025-11-10T10:03:00,1762749180000,SENSEX,retrieval,,,20,180,2025-11-10T11:00:00,1762752600000,57,760.0
2025-11-10T10:03:00,1762749180000,SENSEX,retrieval,,,20,180,2025-11-10T11:01:00,1762752660000,58,760.0
2025-11-10T10:03:00,1762749180000,SENSEX,retrieval,,,20,180,2025-11-10T11:02:00,1762752720000,59,760.0
2025-11-10T10:03:00,1762749180000,SENSEX,retrieval,,,20,180,2025-11-10T11:03:00,1762752780000,60,760.0
2025-11-10T10:03:00,1762749180000,SENSEX,retrieval,,,15,120,2025-11-10T10:04:00,1762749240000,1,760.0
2025-11-10T10:03:00,1762749180000,SENSEX,retrieval,,,15,120,2025-11-10T10:05:00,1762749300000,2,760.0
2025-11-10T10:03:00,1762749180000,SENSEX,retrieval,,,15,120,2025-11-10T10:06:00,1762749360000,3,760.0
2025-11-10T10:03:00,1762749180000,SENSEX,retrieval,,,15,120,2025-11-10T10:07:00,1762749420000,4,760.0
2025-11-10T10:03:00,1762749180000,SENSEX,retrieval,,,15,120,2025-11-10T10:08:00,1762749480000,5,760.0
2025-11-10T10:03:00,1762749180000,SENSEX,retrieval,,,15,120,2025-11-10T10:09:00,1762749540000,6,760.0
2025-11-10T10:03:00,1762749180000,SENSEX,retrieval,,,15,120,2025-11-10T10:10:00,1762749600000,7,760.0
2025-11-10T10:03:00,1762749180000,SENSEX,retrieval,,,15,120,2025-11-10T10:11:00,1762749660000,8,760.0
2025-11-10T10:03:00,1762749180000,SENSEX,retrieval,,,15,120,2025-11-10T10:12:00,1762749720000,9,760.0
2025-11-10T10:03:00,1762749180000,SENSEX,retrieval,,,15,120,2025-11-10T10:13:00,1762749780000,10,760.0
2025-11-10T10:03:00,1762749180000,SENSEX,retrieval,,,15,120,2025-11-10T10:14:00,1762749840000,11,760.0
2025-11-10T10:03:00,1762749180000,SENSEX,retrieval,,,15,120,2025-11-10T10:15:00,1762749900000,12,760.0
2025-11-10T10:03:00,1762749180000,SENSEX,retrieval,,,15,120,2025-11-10T10:16:00,1762749960000,13,760.0
2025-11-10T10:03:00,1762749180000,SENSEX,retrieval,,,15,120,2025-11-10T10:17:00,1762750020000,14,760.0
2025-11-10T10:03:00,1762749180000,SENSEX,retrieval,,,15,120,2025-11-10T10:18:00,1762750080000,15,760.0
2025-11-10T10:03:00,1762749180000,SENSEX,retrieval,,,15,120,2025-11-10T10:19:00,1762750140000,16,760.0
2025-11-10T10:03:00,1762749180000,SENSEX,retrieval,,,15,120,2025-11-10T10:20:00,1762750200000,17,760.0
2025-11-10T10:03:00,1762749180000,SENSEX,retrieval,,,15,120,2025-11-10T10:21:00,1762750260000,18,760.0
2025-11-10T10:03:00,1762749180000,SENSEX,retrieval,,,15,120,2025-11-10T10:22:00,1762750320000,19,760.0
2025-11-10T10:03:00,1762749180000,SENSEX,retrieval,,,15,120,2025-11-10T10:23:00,1762750380000,20,760.0
2025-11-10T10:03:00,1762749180000,SENSEX,retrieval,,,15,120,2025-11-10T10:24:00,1762750440000,21,760.0
2025-11-10T10:03:00,1762749180000,SENSEX,retrieval,,,15,120,2025-11-10T10:25:00,1762750500000,22,760.0
2025-11-10T10:03:00,1762749180000,SENSEX,retrieval,,,15,120,2025-11-10T10:26:00,1762750560000,23,760.0
2025-11-10T10:03:00,1762749180000,SENSEX,retrieval,,,15,120,2025-11-10T10:27:00,1762750620000,24,760.0
2025-11-10T10:03:00,1762749180000,SENSEX,retrieval,,,15,120,2025-11-10T10:28:00,1762750680000,25,760.0
2025-11-10T10:03:00,1762749180000,SENSEX,retrieval,,,15,120,2025-11-10T10:29:00,1762750740000,26,760.0
2025-11-10T10:03:00,1762749180000,SENSEX,retrieval,,,15,120,2025-11-10T10:30:00,1762750800000,27,760.0
2025-11-10T10:03:00,1762749180000,SENSEX,retrieval,,,15,120,2025-11-10T10:31:00,1762750860000,28,760.0
2025-11-10T10:03:00,1762749180000,SENSEX,retrieval,,,15,120,2025-11-10T10:32:00,1762750920000,29,760.0
2025-11-10T10:03:00,1762749180000,SENSEX,retrieval,,,15,120,2025-11-10T10:33:00,1762750980000,30,760.0
2025-11-10T10:03:00,1762749180000,SENSEX,retrieval,,,15,120,2025-11-10T10:34:00,1762751040000,31,760.0
2025-11-10T10:03:00,1762749180000,SENSEX,retrieval,,,15,120,2025-11-10T10:35:00,1762751100000,32,760.0
2025-11-10T10:03:00,1762749180000,SENSEX,retrieval,,,15,120,2025-11-10T10:36:00,1762751160000,33,760.0
2025-11-10T10:03:00,1762749180000,SENSEX,retrieval,,,15,120,2025-11-10T10:37:00,1762751220000,34,760.0
2025-11-10T10:03:00,1762749180000,SENSEX,retrieval,,,15,120,2025-11-10T10:38:00,1762751280000,35,760.0
2025-11-10T10:03:00,1762749180000,SENSEX,retrieval,,,15,120,2025-11-10T10:39:00,1762751340000,36,760.0
2025-11-10T10:03:00,1762749180000,SENSEX,retrieval,,,15,120,2025-11-10T10:40:00,1762751400000,37,760.0
2025-11-10T10:03:00,1762749180000,SENSEX,retrieval,,,15,120,2025-11-10T10:41:00,1762751460000,38,760.0
2025-11-10T10:03:00,1762749180000,SENSEX,retrieval,,,15,120,2025-11-10T10:42:00,1762751520000,39,760.0
2025-11-10T10:03:00,1762749180000,SENSEX,retrieval,,,15,120,2025-11-10T10:43:00,1762751580000,40,760.0
2025-11-10T10:03:00,1762749180000,SENSEX,retrieval,,,15,120,2025-11-10T10:44:00,1762751640000,41,760.0
2025-11-10T10:03:00,1762749180000,SENSEX,retrieval,,,15,120,2025-11-10T10:45:00,1762751700000,42,760.0
2025-11-10T10:03:00,1762749180000,SENSEX,retrieval,,,15,120,2025-11-10T10:46:00,1762751760000,43,760.0
2025-11-10T10:03:00,1762749180000,SENSEX,retrieval,,,15,120,2025-11-10T10:47:00,1762751820000,44,760.0
2025-11-10T10:03:00,1762749180000,SENSEX,retrieval,,,15,120,2025-11-10T10:48:00,1762751880000,45,760.0
2025-11-10T10:03:00,1762749180000,SENSEX,retrieval,,,15,120,2025-11-10T10:49:00,1762751940000,46,760.0
2025-11-10T10:03:00,1762749180000,SENSEX,retrieval,,,15,120,2025-11-10T10:50:00,1762752000000,47,760.0
2025-11-10T10:03:00,1762749180000,SENSEX,retrieval,,,15,120,2025-11-10T10:51:00,1762752060000,48,760.0
2025-11-10T10:03:00,1762749180000,SENSEX,retrieval,,,15,120,2025-11-10T10:52:00,1762752120000,49,760.0
2025-11-10T10:03:00,1762749180000,SENSEX,retrieval,,,15,120,2025-11-10T10:53:00,1762752180000,50,760.0
2025-11-10T10:03:00,1762749180000,SENSEX,retrieval,,,15,120,2025-11-10T10:54:00,1762752240000,51,760.0
2025-11-10T10:03:00,1762749180000,SENSEX,retrieval,,,15,120,2025-11-10T10:55:00,1762752300000,52,760.0
2025-11-10T10:03:00,1762749180000,SENSEX,retrieval,,,15,120,2025-11-10T10:56:00,1762752360000,53,760.0
2025-11-10T10:03:00,1762749180000,SENSEX,retrieval,,,15,120,2025-11-10T10:57:00,1762752420000,54,760.0
2025-11-10T10:03:00,1762749180000,SENSEX,retrieval,,,15,120,2025-11-10T10:58:00,1762752480000,55,760.0
2025-11-10T10:03:00,1762749180000,SENSEX,retrieval,,,15,120,2025-11-10T10:59:00,1762752540000,56,760.0
2025-11-10T10:03:00,1762749180000,SENSEX,retrieval,,,15,120,2025-11-10T11:00:00,1762752600000,57,760.0
2025-11-10T10:03:00,1762749180000,SENSEX,retrieval,,,15,120,2025-11-10T11:01:00,1762752660000,58,760.0
2025-11-10T10:03:00,1762749180000,SENSEX,retrieval,,,15,120,2025-11-10T11:02:00,1762752720000,59,760.0
2025-11-10T10:03:00,1762749180000,SENSEX,retrieval,,,15,120,2025-11-10T11:03:00,1762752780000,60,760.0
2025-11-10T10:03:30,1762749210000,SENSEX,retrieval,,,15,120,2025-11-10T10:04:30,1762749270000,1,759.2
2025-11-10T10:03:30,1762749210000,SENSEX,retrieval,,,15,120,2025-11-10T10:05:30,1762749330000,2,759.2
2025-11-10T10:03:30,1762749210000,SENSEX,retrieval,,,15,120,2025-11-10T10:06:30,1762749390000,3,759.2
2025-11-10T10:03:30,1762749210000,SENSEX,retrieval,,,15,120,2025-11-10T10:07:30,1762749450000,4,759.2
2025-11-10T10:03:30,1762749210000,SENSEX,retrieval,,,15,120,2025-11-10T10:08:30,1762749510000,5,759.2
2025-11-10T10:03:30,1762749210000,SENSEX,retrieval,,,15,120,2025-11-10T10:09:30,1762749570000,6,759.2
2025-11-10T10:03:30,1762749210000,SENSEX,retrieval,,,15,120,2025-11-10T10:10:30,1762749630000,7,759.2
2025-11-10T10:03:30,1762749210000,SENSEX,retrieval,,,15,120,2025-11-10T10:11:30,1762749690000,8,759.2
2025-11-10T10:03:30,1762749210000,SENSEX,retrieval,,,15,120,2025-11-10T10:12:30,1762749750000,9,759.2
2025-11-10T10:03:30,1762749210000,SENSEX,retrieval,,,15,120,2025-11-10T10:13:30,1762749810000,10,759.2
2025-11-10T10:03:30,1762749210000,SENSEX,retrieval,,,15,120,2025-11-10T10:14:30,1762749870000,11,759.2
2025-11-10T10:03:30,1762749210000,SENSEX,retrieval,,,15,120,2025-11-10T10:15:30,1762749930000,12,759.2
2025-11-10T10:03:30,1762749210000,SENSEX,retrieval,,,15,120,2025-11-10T10:16:30,1762749990000,13,759.2
2025-11-10T10:03:30,1762749210000,SENSEX,retrieval,,,15,120,2025-11-10T10:17:30,1762750050000,14,759.2
2025-11-10T10:03:30,1762749210000,SENSEX,retrieval,,,15,120,2025-11-10T10:18:30,1762750110000,15,759.2
2025-11-10T10:03:30,1762749210000,SENSEX,retrieval,,,15,120,2025-11-10T10:19:30,1762750170000,16,759.2
2025-11-10T10:03:30,1762749210000,SENSEX,retrieval,,,15,120,2025-11-10T10:20:30,1762750230000,17,759.2
2025-11-10T10:03:30,1762749210000,SENSEX,retrieval,,,15,120,2025-11-10T10:21:30,1762750290000,18,759.2
2025-11-10T10:03:30,1762749210000,SENSEX,retrieval,,,15,120,2025-11-10T10:22:30,1762750350000,19,759.2
2025-11-10T10:03:30,1762749210000,SENSEX,retrieval,,,15,120,2025-11-10T10:23:30,1762750410000,20,759.2
2025-11-10T10:03:30,1762749210000,SENSEX,retrieval,,,15,120,2025-11-10T10:24:30,1762750470000,21,759.2
2025-11-10T10:03:30,1762749210000,SENSEX,retrieval,,,15,120,2025-11-10T10:25:30,1762750530000,22,759.2
2025-11-10T10:03:30,1762749210000,SENSEX,retrieval,,,15,120,2025-11-10T10:26:30,1762750590000,23,759.2
2025-11-10T10:03:30,1762749210000,SENSEX,retrieval,,,15,120,2025-11-10T10:27:30,1762750650000,24,759.2
2025-11-10T10:03:30,1762749210000,SENSEX,retrieval,,,15,120,2025-11-10T10:28:30,1762750710000,25,759.2
2025-11-10T10:03:30,1762749210000,SENSEX,retrieval,,,15,120,2025-11-10T10:29:30,1762750770000,26,759.2
2025-11-10T10:03:30,1762749210000,SENSEX,retrieval,,,15,120,2025-11-10T10:30:30,1762750830000,27,759.2
2025-11-10T10:03:30,1762749210000,SENSEX,retrieval,,,15,120,2025-11-10T10:31:30,1762750890000,28,759.2
2025-11-10T10:03:30,1762749210000,SENSEX,retrieval,,,15,120,2025-11-10T10:32:30,1762750950000,29,759.2
2025-11-10T10:03:30,1762749210000,SENSEX,retrieval,,,15,120,2025-11-10T10:33:30,1762751010000,30,759.2
2025-11-10T10:03:30,1762749210000,SENSEX,retrieval,,,15,120,2025-11-10T10:34:30,1762751070000,31,759.2
2025-11-10T10:03:30,1762749210000,SENSEX,retrieval,,,15,120,2025-11-10T10:35:30,1762751130000,32,759.2
2025-11-10T10:03:30,1762749210000,SENSEX,retrieval,,,15,120,2025-11-10T10:36:30,1762751190000,33,759.2
2025-11-10T10:03:30,1762749210000,SENSEX,retrieval,,,15,120,2025-11-10T10:37:30,1762751250000,34,759.2
2025-11-10T10:03:30,1762749210000,SENSEX,retrieval,,,15,120,2025-11-10T10:38:30,1762751310000,35,759.2
2025-11-10T10:03:30,1762749210000,SENSEX,retrieval,,,15,120,2025-11-10T10:39:30,1762751370000,36,759.2
2025-11-10T10:03:30,1762749210000,SENSEX,retrieval,,,15,120,2025-11-10T10:40:30,1762751430000,37,759.2
2025-11-10T10:03:30,1762749210000,SENSEX,retrieval,,,15,120,2025-11-10T10:41:30,1762751490000,38,759.2
2025-11-10T10:03:30,1762749210000,SENSEX,retrieval,,,15,120,2025-11-10T10:42:30,1762751550000,39,759.2
2025-11-10T10:03:30,1762749210000,SENSEX,retrieval,,,15,120,2025-11-10T10:43:30,1762751610000,40,759.2
2025-11-10T10:03:30,1762749210000,SENSEX,retrieval,,,15,120,2025-11-10T10:44:30,1762751670000,41,759.2
2025-11-10T10:03:30,1762749210000,SENSEX,retrieval,,,15,120,2025-11-10T10:45:30,1762751730000,42,759.2
2025-11-10T10:03:30,1762749210000,SENSEX,retrieval,,,15,120,2025-11-10T10:46:30,1762751790000,43,759.2
2025-11-10T10:03:30,1762749210000,SENSEX,retrieval,,,15,120,2025-11-10T10:47:30,1762751850000,44,759.2
2025-11-10T10:03:30,1762749210000,SENSEX,retrieval,,,15,120,2025-11-10T10:48:30,1762751910000,45,759.2
2025-11-10T10:03:30,1762749210000,SENSEX,retrieval,,,15,120,2025-11-10T10:49:30,1762751970000,46,759.2
2025-11-10T10:03:30,1762749210000,SENSEX,retrieval,,,15,120,2025-11-10T10:50:30,1762752030000,47,759.2
2025-11-10T10:03:30,1762749210000,SENSEX,retrieval,,,15,120,2025-11-10T10:51:30,1762752090000,48,759.2
2025-11-10T10:03:30,1762749210000,SENSEX,retrieval,,,15,120,2025-11-10T10:52:30,1762752150000,49,759.2
2025-11-10T10:03:30,1762749210000,SENSEX,retrieval,,,15,120,2025-11-10T10:53:30,1762752210000,50,759.2
2025-11-10T10:03:30,1762749210000,SENSEX,retrieval,,,15,120,2025-11-10T10:54:30,1762752270000,51,759.2
2025-11-10T10:03:30,1762749210000,SENSEX,retrieval,,,15,120,2025-11-10T10:55:30,1762752330000,52,759.2
2025-11-10T10:03:30,1762749210000,SENSEX,retrieval,,,15,120,2025-11-10T10:56:30,1762752390000,53,759.2
2025-11-10T10:03:30,1762749210000,SENSEX,retrieval,,,15,120,2025-11-10T10:57:30,1762752450000,54,759.2
2025-11-10T10:03:30,1762749210000,SENSEX,retrieval,,,15,120,2025-11-10T10:58:30,1762752510000,55,759.2
2025-11-10T10:03:30,1762749210000,SENSEX,retrieval,,,15,120,2025-11-10T10:59:30,1762752570000,56,759.2
2025-11-10T10:03:30,1762749210000,SENSEX,retrieval,,,15,120,2025-11-10T11:00:30,1762752630000,57,759.2
2025-11-10T10:03:30,1762749210000,SENSEX,retrieval,,,15,120,2025-11-10T11:01:30,1762752690000,58,759.2
2025-11-10T10:03:30,1762749210000,SENSEX,retrieval,,,15,120,2025-11-10T11:02:30,1762752750000,59,759.2
2025-11-10T10:03:30,1762749210000,SENSEX,retrieval,,,15,120,2025-11-10T11:03:30,1762752810000,60,759.2
2025-11-10T10:03:30,1762749210000,SENSEX,hybrid,0.8928571428571429,,10,1,2025-11-10T10:04:30,1762749270000,1,759.2
2025-11-10T10:03:30,1762749210000,SENSEX,hybrid,0.8928571428571429,,10,1,2025-11-10T10:05:30,1762749330000,2,756.8223214285715
2025-11-10T10:03:30,1762749210000,SENSEX,hybrid,0.8928571428571429,,10,1,2025-11-10T10:06:30,1762749390000,3,759.7178571428573
2025-11-10T10:03:30,1762749210000,SENSEX,hybrid,0.8928571428571429,,10,1,2025-11-10T10:07:30,1762749450000,4,759.8517857142858
2025-11-10T10:03:30,1762749210000,SENSEX,hybrid,0.8928571428571429,,10,1,2025-11-10T10:08:30,1762749510000,5,757.0276785714286
2025-11-10T10:03:30,1762749210000,SENSEX,hybrid,0.8928571428571429,,10,1,2025-11-10T10:09:30,1762749570000,6,759.4473214285716
2025-11-10T10:03:30,1762749210000,SENSEX,hybrid,0.8928571428571429,,10,1,2025-11-10T10:10:30,1762749630000,7,757.1205357142859
2025-11-10T10:03:30,1762749210000,SENSEX,hybrid,0.8928571428571429,,10,1,2025-11-10T10:11:30,1762749690000,8,754.36875
2025-11-10T10:03:30,1762749210000,SENSEX,hybrid,0.8928571428571429,,10,1,2025-11-10T10:12:30,1762749750000,9,759.1366071428572
2025-11-10T10:03:30,1762749210000,SENSEX,hybrid,0.8928571428571429,,10,1,2025-11-10T10:13:30,1762749810000,10,758.4151785714287
2025-11-10T10:03:30,1762749210000,SENSEX,hybrid,0.8928571428571429,,10,1,2025-11-10T10:14:30,1762749870000,11,753.5794642857143
2025-11-10T10:03:30,1762749210000,SENSEX,hybrid,0.8928571428571429,,10,1,2025-11-10T10:15:30,1762749930000,12,756.8571428571429
2025-11-10T10:03:30,1762749210000,SENSEX,hybrid,0.8928571428571429,,10,1,2025-11-10T10:16:30,1762749990000,13,758.5223214285713
2025-11-10T10:03:30,1762749210000,SENSEX,hybrid,0.8928571428571429,,10,1,2025-11-10T10:17:30,1762750050000,14,755.8383928571428
2025-11-10T10:03:30,1762749210000,SENSEX,hybrid,0.8928571428571429,,10,1,2025-11-10T10:18:30,1762750110000,15,755.7383928571428
2025-11-10T10:03:30,1762749210000,SENSEX,hybrid,0.8928571428571429,,10,1,2025-11-10T10:19:30,1762750170000,16,755.1410714285715
2025-11-10T10:03:30,1762749210000,SENSEX,hybrid,0.8928571428571429,,10,1,2025-11-10T10:20:30,1762750230000,17,752.4830357142857
2025-11-10T10:03:30,1762749210000,SENSEX,hybrid,0.8928571428571429,,10,1,2025-11-10T10:21:30,1762750290000,18,753.5589285714285
2025-11-10T10:03:30,1762749210000,SENSEX,hybrid,0.8928571428571429,,10,1,2025-11-10T10:22:30,1762750350000,19,755.9839285714286
2025-11-10T10:03:30,1762749210000,SENSEX,hybrid,0.8928571428571429,,10,1,2025-11-10T10:23:30,1762750410000,20,758.1973214285715
2025-11-10T10:03:30,1762749210000,SENSEX,hybrid,0.8928571428571429,,10,1,2025-11-10T10:24:30,1762750470000,21,757.9044642857143
2025-11-10T10:03:30,1762749210000,SENSEX,hybrid,0.8928571428571429,,10,1,2025-11-10T10:25:30,1762750530000,22,757.469642857143
2025-11-10T10:03:30,1762749210000,SENSEX,hybrid,0.8928571428571429,,10,1,2025-11-10T10:26:30,1762750590000,23,758.4089285714286
2025-11-10T10:03:30,1762749210000,SENSEX,hybrid,0.8928571428571429,,10,1,2025-11-10T10:27:30,1762750650000,24,757.7973214285714
2025-11-10T10:03:30,1762749210000,SENSEX,hybrid,0.8928571428571429,,10,1,2025-11-10T10:28:30,1762750710000,25,757.75625
2025-11-10T10:03:30,1762749210000,SENSEX,hybrid,0.8928571428571429,,10,1,2025-11-10T10:29:30,1762750770000,26,755.2223214285716
2025-11-10T10:03:30,1762749210000,SENSEX,hybrid,0.8928571428571429,,10,1,2025-11-10T10:30:30,1762750830000,27,761.9089285714286
2025-11-10T10:03:30,1762749210000,SENSEX,hybrid,0.8928571428571429,,10,1,2025-11-10T10:31:30,1762750890000,28,760.1901785714286
2025-11-10T10:03:30,1762749210000,SENSEX,hybrid,0.8928571428571429,,10,1,2025-11-10T10:32:30,1762750950000,29,754.8383928571429
2025-11-10T10:03:30,1762749210000,SENSEX,hybrid,0.8928571428571429,,10,1,2025-11-10T10:33:30,1762751010000,30,759.4589285714286
2025-11-10T10:03:30,1762749210000,SENSEX,hybrid,0.8928571428571429,,10,1,2025-11-10T10:34:30,1762751070000,31,758.5991071428572
2025-11-10T10:03:30,1762749210000,SENSEX,hybrid,0.8928571428571429,,10,1,2025-11-10T10:35:30,1762751130000,32,759.73125
2025-11-10T10:03:30,1762749210000,SENSEX,hybrid,0.8928571428571429,,10,1,2025-11-10T10:36:30,1762751190000,33,758.0276785714285
2025-11-10T10:03:30,1762749210000,SENSEX,hybrid,0.8928571428571429,,10,1,2025-11-10T10:37:30,1762751250000,34,756.9116071428572
2025-11-10T10:03:30,1762749210000,SENSEX,hybrid,0.8928571428571429,,10,1,2025-11-10T10:38:30,1762751310000,35,752.6928571428571
2025-11-10T10:03:30,1762749210000,SENSEX,hybrid,0.8928571428571429,,10,1,2025-11-10T10:39:30,1762751370000,36,756.1732142857143
2025-11-10T10:03:30,1762749210000,SENSEX,hybrid,0.8928571428571429,,10,1,2025-11-10T10:40:30,1762751430000,37,756.7089285714286
2025-11-10T10:03:30,1762749210000,SENSEX,hybrid,0.8928571428571429,,10,1,2025-11-10T10:41:30,1762751490000,38,754.3866071428571
2025-11-10T10:03:30,1762749210000,SENSEX,hybrid,0.8928571428571429,,10,1,2025-11-10T10:42:30,1762751550000,39,761.3910714285714
2025-11-10T10:03:30,1762749210000,SENSEX,hybrid,0.8928571428571429,,10,1,2025-11-10T10:43:30,1762751610000,40,757.3062500000001
2025-11-10T10:03:30,1762749210000,SENSEX,hybrid,0.8928571428571429,,10,1,2025-11-10T10:44:30,1762751670000,41,752.3482142857142
2025-11-10T10:03:30,1762749210000,SENSEX,hybrid,0.8928571428571429,,10,1,2025-11-10T10:45:30,1762751730000,42,753.8125000000001
2025-11-10T10:03:30,1762749210000,SENSEX,hybrid,0.8928571428571429,,10,1,2025-11-10T10:46:30,1762751790000,43,751.9223214285714
2025-11-10T10:03:30,1762749210000,SENSEX,hybrid,0.8928571428571429,,10,1,2025-11-10T10:47:30,1762751850000,44,749.686607142857
2025-11-10T10:03:30,1762749210000,SENSEX,hybrid,0.8928571428571429,,10,1,2025-11-10T10:48:30,1762751910000,45,749.6401785714286
2025-11-10T10:03:30,1762749210000,SENSEX,hybrid,0.8928571428571429,,10,1,2025-11-10T10:49:30,1762751970000,46,749.6401785714286
2025-11-10T10:03:30,1762749210000,SENSEX,hybrid,0.8928571428571429,,10,1,2025-11-10T10:50:30,1762752030000,47,746.2991071428572
2025-11-10T10:03:30,1762749210000,SENSEX,hybrid,0.8928571428571429,,10,1,2025-11-10T10:51:30,1762752090000,48,749.5705357142858
2025-11-10T10:03:30,1762749210000,SENSEX,hybrid,0.8928571428571429,,10,1,2025-11-10T10:52:30,1762752150000,49,748.6526785714285
2025-11-10T10:03:30,1762749210000,SENSEX,hybrid,0.8928571428571429,,10,1,2025-11-10T10:53:30,1762752210000,50,747.0937500000001
2025-11-10T10:03:30,1762749210000,SENSEX,hybrid,0.8928571428571429,,10,1,2025-11-10T10:54:30,1762752270000,51,747.9107142857143
2025-11-10T10:03:30,1762749210000,SENSEX,hybrid,0.8928571428571429,,10,1,2025-11-10T10:55:30,1762752330000,52,747.9133928571429
2025-11-10T10:03:30,1762749210000,SENSEX,hybrid,0.8928571428571429,,10,1,2025-11-10T10:56:30,1762752390000,53,745.9241071428572
2025-11-10T10:03:30,1762749210000,SENSEX,hybrid,0.8928571428571429,,10,1,2025-11-10T10:57:30,1762752450000,54,745.8607142857143
2025-11-10T10:03:30,1762749210000,SENSEX,hybrid,0.8928571428571429,,10,1,2025-11-10T10:58:30,1762752510000,55,746.4598214285714
2025-11-10T10:03:30,1762749210000,SENSEX,hybrid,0.8928571428571429,,10,1,2025-11-10T10:59:30,1762752570000,56,747.1276785714286
2025-11-10T10:03:30,1762749210000,SENSEX,hybrid,0.8928571428571429,,10,1,2025-11-10T11:00:30,1762752630000,57,749.9491071428571
2025-11-10T10:03:30,1762749210000,SENSEX,hybrid,0.8928571428571429,,10,1,2025-11-10T11:01:30,1762752690000,58,749.1642857142857
2025-11-10T10:03:30,1762749210000,SENSEX,hybrid,0.8928571428571429,,10,1,2025-11-10T11:02:30,1762752750000,59,748.0883928571429
2025-11-10T10:03:30,1762749210000,SENSEX,hybrid,0.8928571428571429,,10,1,2025-11-10T11:03:30,1762752810000,60,750.5812500000001
2025-11-10T10:03:30,1762749210000,SENSEX,retrieval,,,20,180,2025-11-10T10:04:30,1762749270000,1,759.2
2025-11-10T10:03:30,1762749210000,SENSEX,retrieval,,,20,180,2025-11-10T10:05:30,1762749330000,2,759.2
2025-11-10T10:03:30,1762749210000,SENSEX,retrieval,,,20,180,2025-11-10T10:06:30,1762749390000,3,759.2
2025-11-10T10:03:30,1762749210000,SENSEX,retrieval,,,20,180,2025-11-10T10:07:30,1762749450000,4,759.2
2025-11-10T10:03:30,1762749210000,SENSEX,retrieval,,,20,180,2025-11-10T10:08:30,1762749510000,5,759.2
2025-11-10T10:03:30,1762749210000,SENSEX,retrieval,,,20,180,2025-11-10T10:09:30,1762749570000,6,759.2
2025-11-10T10:03:30,1762749210000,SENSEX,retrieval,,,20,180,2025-11-10T10:10:30,1762749630000,7,759.2
2025-11-10T10:03:30,1762749210000,SENSEX,retrieval,,,20,180,2025-11-10T10:11:30,1762749690000,8,759.2
2025-11-10T10:03:30,1762749210000,SENSEX,retrieval,,,20,180,2025-11-10T10:12:30,1762749750000,9,759.2
2025-11-10T10:03:30,1762749210000,SENSEX,retrieval,,,20,180,2025-11-10T10:13:30,1762749810000,10,759.2
2025-11-10T10:03:30,1762749210000,SENSEX,retrieval,,,20,180,2025-11-10T10:14:30,1762749870000,11,759.2
2025-11-10T10:03:30,1762749210000,SENSEX,retrieval,,,20,180,2025-11-10T10:15:30,1762749930000,12,759.2
2025-11-10T10:03:30,1762749210000,SENSEX,retrieval,,,20,180,2025-11-10T10:16:30,1762749990000,13,759.2
2025-11-10T10:03:30,1762749210000,SENSEX,retrieval,,,20,180,2025-11-10T10:17:30,1762750050000,14,759.2
2025-11-10T10:03:30,1762749210000,SENSEX,retrieval,,,20,180,2025-11-10T10:18:30,1762750110000,15,759.2
2025-11-10T10:03:30,1762749210000,SENSEX,retrieval,,,20,180,2025-11-10T10:19:30,1762750170000,16,759.2
2025-11-10T10:03:30,1762749210000,SENSEX,retrieval,,,20,180,2025-11-10T10:20:30,1762750230000,17,759.2
2025-11-10T10:03:30,1762749210000,SENSEX,retrieval,,,20,180,2025-11-10T10:21:30,1762750290000,18,759.2
2025-11-10T10:03:30,1762749210000,SENSEX,retrieval,,,20,180,2025-11-10T10:22:30,1762750350000,19,759.2
2025-11-10T10:03:30,1762749210000,SENSEX,retrieval,,,20,180,2025-11-10T10:23:30,1762750410000,20,759.2
2025-11-10T10:03:30,1762749210000,SENSEX,retrieval,,,20,180,2025-11-10T10:24:30,1762750470000,21,759.2
2025-11-10T10:03:30,1762749210000,SENSEX,retrieval,,,20,180,2025-11-10T10:25:30,1762750530000,22,759.2
2025-11-10T10:03:30,1762749210000,SENSEX,retrieval,,,20,180,2025-11-10T10:26:30,1762750590000,23,759.2
2025-11-10T10:03:30,1762749210000,SENSEX,retrieval,,,20,180,2025-11-10T10:27:30,1762750650000,24,759.2
2025-11-10T10:03:30,1762749210000,SENSEX,retrieval,,,20,180,2025-11-10T10:28:30,1762750710000,25,759.2
2025-11-10T10:03:30,1762749210000,SENSEX,retrieval,,,20,180,2025-11-10T10:29:30,1762750770000,26,759.2
2025-11-10T10:03:30,1762749210000,SENSEX,retrieval,,,20,180,2025-11-10T10:30:30,1762750830000,27,759.2
2025-11-10T10:03:30,1762749210000,SENSEX,retrieval,,,20,180,2025-11-10T10:31:30,1762750890000,28,759.2
2025-11-10T10:03:30,1762749210000,SENSEX,retrieval,,,20,180,2025-11-10T10:32:30,1762750950000,29,759.2
2025-11-10T10:03:30,1762749210000,SENSEX,retrieval,,,20,180,2025-11-10T10:33:30,1762751010000,30,759.2
2025-11-10T10:03:30,1762749210000,SENSEX,retrieval,,,20,180,2025-11-10T10:34:30,1762751070000,31,759.2
2025-11-10T10:03:30,1762749210000,SENSEX,retrieval,,,20,180,2025-11-10T10:35:30,1762751130000,32,759.2
2025-11-10T10:03:30,1762749210000,SENSEX,retrieval,,,20,180,2025-11-10T10:36:30,1762751190000,33,759.2
2025-11-10T10:03:30,1762749210000,SENSEX,retrieval,,,20,180,2025-11-10T10:37:30,1762751250000,34,759.2
2025-11-10T10:03:30,1762749210000,SENSEX,retrieval,,,20,180,2025-11-10T10:38:30,1762751310000,35,759.2
2025-11-10T10:03:30,1762749210000,SENSEX,retrieval,,,20,180,2025-11-10T10:39:30,1762751370000,36,759.2
2025-11-10T10:03:30,1762749210000,SENSEX,retrieval,,,20,180,2025-11-10T10:40:30,1762751430000,37,759.2
2025-11-10T10:03:30,1762749210000,SENSEX,retrieval,,,20,180,2025-11-10T10:41:30,1762751490000,38,759.2
2025-11-10T10:03:30,1762749210000,SENSEX,retrieval,,,20,180,2025-11-10T10:42:30,1762751550000,39,759.2
2025-11-10T10:03:30,1762749210000,SENSEX,retrieval,,,20,180,2025-11-10T10:43:30,1762751610000,40,759.2
2025-11-10T10:03:30,1762749210000,SENSEX,retrieval,,,20,180,2025-11-10T10:44:30,1762751670000,41,759.2
2025-11-10T10:03:30,1762749210000,SENSEX,retrieval,,,20,180,2025-11-10T10:45:30,1762751730000,42,759.2
2025-11-10T10:03:30,1762749210000,SENSEX,retrieval,,,20,180,2025-11-10T10:46:30,1762751790000,43,759.2
2025-11-10T10:03:30,1762749210000,SENSEX,retrieval,,,20,180,2025-11-10T10:47:30,1762751850000,44,759.2
2025-11-10T10:03:30,1762749210000,SENSEX,retrieval,,,20,180,2025-11-10T10:48:30,1762751910000,45,759.2
2025-11-10T10:03:30,1762749210000,SENSEX,retrieval,,,20,180,2025-11-10T10:49:30,1762751970000,46,759.2
2025-11-10T10:03:30,1762749210000,SENSEX,retrieval,,,20,180,2025-11-10T10:50:30,1762752030000,47,759.2
2025-11-10T10:03:30,1762749210000,SENSEX,retrieval,,,20,180,2025-11-10T10:51:30,1762752090000,48,759.2
2025-11-10T10:03:30,1762749210000,SENSEX,retrieval,,,20,180,2025-11-10T10:52:30,1762752150000,49,759.2
2025-11-10T10:03:30,1762749210000,SENSEX,retrieval,,,20,180,2025-11-10T10:53:30,1762752210000,50,759.2
2025-11-10T10:03:30,1762749210000,SENSEX,retrieval,,,20,180,2025-11-10T10:54:30,1762752270000,51,759.2
2025-11-10T10:03:30,1762749210000,SENSEX,retrieval,,,20,180,2025-11-10T10:55:30,1762752330000,52,759.2
2025-11-10T10:03:30,1762749210000,SENSEX,retrieval,,,20,180,2025-11-10T10:56:30,1762752390000,53,759.2
2025-11-10T10:03:30,1762749210000,SENSEX,retrieval,,,20,180,2025-11-10T10:57:30,1762752450000,54,759.2
2025-11-10T10:03:30,1762749210000,SENSEX,retrieval,,,20,180,2025-11-10T10:58:30,1762752510000,55,759.2
2025-11-10T10:03:30,1762749210000,SENSEX,retrieval,,,20,180,2025-11-10T10:59:30,1762752570000,56,759.2
2025-11-10T10:03:30,1762749210000,SENSEX,retrieval,,,20,180,2025-11-10T11:00:30,1762752630000,57,759.2
2025-11-10T10:03:30,1762749210000,SENSEX,retrieval,,,20,180,2025-11-10T11:01:30,1762752690000,58,759.2
2025-11-10T10:03:30,1762749210000,SENSEX,retrieval,,,20,180,2025-11-10T11:02:30,1762752750000,59,759.2
2025-11-10T10:03:30,1762749210000,SENSEX,retrieval,,,20,180,2025-11-10T11:03:30,1762752810000,60,759.2
2025-11-10T10:03:30,1762749210000,SENSEX,retrieval,,,25,240,2025-11-10T10:04:30,1762749270000,1,759.2
2025-11-10T10:03:30,1762749210000,SENSEX,retrieval,,,25,240,2025-11-10T10:05:30,1762749330000,2,759.2
2025-11-10T10:03:30,1762749210000,SENSEX,retrieval,,,25,240,2025-11-10T10:06:30,1762749390000,3,759.2
2025-11-10T10:03:30,1762749210000,SENSEX,retrieval,,,25,240,2025-11-10T10:07:30,1762749450000,4,759.2
2025-11-10T10:03:30,1762749210000,SENSEX,retrieval,,,25,240,2025-11-10T10:08:30,1762749510000,5,759.2
2025-11-10T10:03:30,1762749210000,SENSEX,retrieval,,,25,240,2025-11-10T10:09:30,1762749570000,6,759.2
2025-11-10T10:03:30,1762749210000,SENSEX,retrieval,,,25,240,2025-11-10T10:10:30,1762749630000,7,759.2
2025-11-10T10:03:30,1762749210000,SENSEX,retrieval,,,25,240,2025-11-10T10:11:30,1762749690000,8,759.2
2025-11-10T10:03:30,1762749210000,SENSEX,retrieval,,,25,240,2025-11-10T10:12:30,1762749750000,9,759.2
2025-11-10T10:03:30,1762749210000,SENSEX,retrieval,,,25,240,2025-11-10T10:13:30,1762749810000,10,759.2
2025-11-10T10:03:30,1762749210000,SENSEX,retrieval,,,25,240,2025-11-10T10:14:30,1762749870000,11,759.2
2025-11-10T10:03:30,1762749210000,SENSEX,retrieval,,,25,240,2025-11-10T10:15:30,1762749930000,12,759.2
2025-11-10T10:03:30,1762749210000,SENSEX,retrieval,,,25,240,2025-11-10T10:16:30,1762749990000,13,759.2
2025-11-10T10:03:30,1762749210000,SENSEX,retrieval,,,25,240,2025-11-10T10:17:30,1762750050000,14,759.2
2025-11-10T10:03:30,1762749210000,SENSEX,retrieval,,,25,240,2025-11-10T10:18:30,1762750110000,15,759.2
2025-11-10T10:03:30,1762749210000,SENSEX,retrieval,,,25,240,2025-11-10T10:19:30,1762750170000,16,759.2
2025-11-10T10:03:30,1762749210000,SENSEX,retrieval,,,25,240,2025-11-10T10:20:30,1762750230000,17,759.2
2025-11-10T10:03:30,1762749210000,SENSEX,retrieval,,,25,240,2025-11-10T10:21:30,1762750290000,18,759.2
2025-11-10T10:03:30,1762749210000,SENSEX,retrieval,,,25,240,2025-11-10T10:22:30,1762750350000,19,759.2
2025-11-10T10:03:30,1762749210000,SENSEX,retrieval,,,25,240,2025-11-10T10:23:30,1762750410000,20,759.2
2025-11-10T10:03:30,1762749210000,SENSEX,retrieval,,,25,240,2025-11-10T10:24:30,1762750470000,21,759.2
2025-11-10T10:03:30,1762749210000,SENSEX,retrieval,,,25,240,2025-11-10T10:25:30,1762750530000,22,759.2
2025-11-10T10:03:30,1762749210000,SENSEX,retrieval,,,25,240,2025-11-10T10:26:30,1762750590000,23,759.2
2025-11-10T10:03:30,1762749210000,SENSEX,retrieval,,,25,240,2025-11-10T10:27:30,1762750650000,24,759.2
2025-11-10T10:03:30,1762749210000,SENSEX,retrieval,,,25,240,2025-11-10T10:28:30,1762750710000,25,759.2
2025-11-10T10:03:30,1762749210000,SENSEX,retrieval,,,25,240,2025-11-10T10:29:30,1762750770000,26,759.2
2025-11-10T10:03:30,1762749210000,SENSEX,retrieval,,,25,240,2025-11-10T10:30:30,1762750830000,27,759.2
2025-11-10T10:03:30,1762749210000,SENSEX,retrieval,,,25,240,2025-11-10T10:31:30,1762750890000,28,759.2
2025-11-10T10:03:30,1762749210000,SENSEX,retrieval,,,25,240,2025-11-10T10:32:30,1762750950000,29,759.2
2025-11-10T10:03:30,1762749210000,SENSEX,retrieval,,,25,240,2025-11-10T10:33:30,1762751010000,30,759.2
2025-11-10T10:03:30,1762749210000,SENSEX,retrieval,,,25,240,2025-11-10T10:34:30,1762751070000,31,759.2
2025-11-10T10:03:30,1762749210000,SENSEX,retrieval,,,25,240,2025-11-10T10:35:30,1762751130000,32,759.2
2025-11-10T10:03:30,1762749210000,SENSEX,retrieval,,,25,240,2025-11-10T10:36:30,1762751190000,33,759.2
2025-11-10T10:03:30,1762749210000,SENSEX,retrieval,,,25,240,2025-11-10T10:37:30,1762751250000,34,759.2
2025-11-10T10:03:30,1762749210000,SENSEX,retrieval,,,25,240,2025-11-10T10:38:30,1762751310000,35,759.2
2025-11-10T10:03:30,1762749210000,SENSEX,retrieval,,,25,240,2025-11-10T10:39:30,1762751370000,36,759.2
2025-11-10T10:03:30,1762749210000,SENSEX,retrieval,,,25,240,2025-11-10T10:40:30,1762751430000,37,759.2
2025-11-10T10:03:30,1762749210000,SENSEX,retrieval,,,25,240,2025-11-10T10:41:30,1762751490000,38,759.2
2025-11-10T10:03:30,1762749210000,SENSEX,retrieval,,,25,240,2025-11-10T10:42:30,1762751550000,39,759.2
2025-11-10T10:03:30,1762749210000,SENSEX,retrieval,,,25,240,2025-11-10T10:43:30,1762751610000,40,759.2
2025-11-10T10:03:30,1762749210000,SENSEX,retrieval,,,25,240,2025-11-10T10:44:30,1762751670000,41,759.2
2025-11-10T10:03:30,1762749210000,SENSEX,retrieval,,,25,240,2025-11-10T10:45:30,1762751730000,42,759.2
2025-11-10T10:03:30,1762749210000,SENSEX,retrieval,,,25,240,2025-11-10T10:46:30,1762751790000,43,759.2
2025-11-10T10:03:30,1762749210000,SENSEX,retrieval,,,25,240,2025-11-10T10:47:30,1762751850000,44,759.2
2025-11-10T10:03:30,1762749210000,SENSEX,retrieval,,,25,240,2025-11-10T10:48:30,1762751910000,45,759.2
2025-11-10T10:03:30,1762749210000,SENSEX,retrieval,,,25,240,2025-11-10T10:49:30,1762751970000,46,759.2
2025-11-10T10:03:30,1762749210000,SENSEX,retrieval,,,25,240,2025-11-10T10:50:30,1762752030000,47,759.2
2025-11-10T10:03:30,1762749210000,SENSEX,retrieval,,,25,240,2025-11-10T10:51:30,1762752090000,48,759.2
2025-11-10T10:03:30,1762749210000,SENSEX,retrieval,,,25,240,2025-11-10T10:52:30,1762752150000,49,759.2
2025-11-10T10:03:30,1762749210000,SENSEX,retrieval,,,25,240,2025-11-10T10:53:30,1762752210000,50,759.2
2025-11-10T10:03:30,1762749210000,SENSEX,retrieval,,,25,240,2025-11-10T10:54:30,1762752270000,51,759.2
2025-11-10T10:03:30,1762749210000,SENSEX,retrieval,,,25,240,2025-11-10T10:55:30,1762752330000,52,759.2
2025-11-10T10:03:30,1762749210000,SENSEX,retrieval,,,25,240,2025-11-10T10:56:30,1762752390000,53,759.2
2025-11-10T10:03:30,1762749210000,SENSEX,retrieval,,,25,240,2025-11-10T10:57:30,1762752450000,54,759.2
2025-11-10T10:03:30,1762749210000,SENSEX,retrieval,,,25,240,2025-11-10T10:58:30,1762752510000,55,759.2
2025-11-10T10:03:30,1762749210000,SENSEX,retrieval,,,25,240,2025-11-10T10:59:30,1762752570000,56,759.2
2025-11-10T10:03:30,1762749210000,SENSEX,retrieval,,,25,240,2025-11-10T11:00:30,1762752630000,57,759.2
2025-11-10T10:03:30,1762749210000,SENSEX,retrieval,,,25,240,2025-11-10T11:01:30,1762752690000,58,759.2
2025-11-10T10:03:30,1762749210000,SENSEX,retrieval,,,25,240,2025-11-10T11:02:30,1762752750000,59,759.2
2025-11-10T10:03:30,1762749210000,SENSEX,retrieval,,,25,240,2025-11-10T11:03:30,1762752810000,60,759.2
2025-11-10T10:03:30,1762749210000,SENSEX,retrieval,,,20,180,2025-11-10T10:04:30,1762749270000,1,759.2
2025-11-10T10:03:30,1762749210000,SENSEX,retrieval,,,20,180,2025-11-10T10:05:30,1762749330000,2,759.2
2025-11-10T10:03:30,1762749210000,SENSEX,retrieval,,,20,180,2025-11-10T10:06:30,1762749390000,3,759.2
2025-11-10T10:03:30,1762749210000,SENSEX,retrieval,,,20,180,2025-11-10T10:07:30,1762749450000,4,759.2
2025-11-10T10:03:30,1762749210000,SENSEX,retrieval,,,20,180,2025-11-10T10:08:30,1762749510000,5,759.2
2025-11-10T10:03:30,1762749210000,SENSEX,retrieval,,,20,180,2025-11-10T10:09:30,1762749570000,6,759.2
2025-11-10T10:03:30,1762749210000,SENSEX,retrieval,,,20,180,2025-11-10T10:10:30,1762749630000,7,759.2
2025-11-10T10:03:30,1762749210000,SENSEX,retrieval,,,20,180,2025-11-10T10:11:30,1762749690000,8,759.2
2025-11-10T10:03:30,1762749210000,SENSEX,retrieval,,,20,180,2025-11-10T10:12:30,1762749750000,9,759.2
2025-11-10T10:03:30,1762749210000,SENSEX,retrieval,,,20,180,2025-11-10T10:13:30,1762749810000,10,759.2
2025-11-10T10:03:30,1762749210000,SENSEX,retrieval,,,20,180,2025-11-10T10:14:30,1762749870000,11,759.2
2025-11-10T10:03:30,1762749210000,SENSEX,retrieval,,,20,180,2025-11-10T10:15:30,1762749930000,12,759.2
2025-11-10T10:03:30,1762749210000,SENSEX,retrieval,,,20,180,2025-11-10T10:16:30,1762749990000,13,759.2
2025-11-10T10:03:30,1762749210000,SENSEX,retrieval,,,20,180,2025-11-10T10:17:30,1762750050000,14,759.2
2025-11-10T10:03:30,1762749210000,SENSEX,retrieval,,,20,180,2025-11-10T10:18:30,1762750110000,15,759.2
2025-11-10T10:03:30,1762749210000,SENSEX,retrieval,,,20,180,2025-11-10T10:19:30,1762750170000,16,759.2
2025-11-10T10:03:30,1762749210000,SENSEX,retrieval,,,20,180,2025-11-10T10:20:30,1762750230000,17,759.2
2025-11-10T10:03:30,1762749210000,SENSEX,retrieval,,,20,180,2025-11-10T10:21:30,1762750290000,18,759.2
2025-11-10T10:03:30,1762749210000,SENSEX,retrieval,,,20,180,2025-11-10T10:22:30,1762750350000,19,759.2
2025-11-10T10:03:30,1762749210000,SENSEX,retrieval,,,20,180,2025-11-10T10:23:30,1762750410000,20,759.2
2025-11-10T10:03:30,1762749210000,SENSEX,retrieval,,,20,180,2025-11-10T10:24:30,1762750470000,21,759.2
2025-11-10T10:03:30,1762749210000,SENSEX,retrieval,,,20,180,2025-11-10T10:25:30,1762750530000,22,759.2
2025-11-10T10:03:30,1762749210000,SENSEX,retrieval,,,20,180,2025-11-10T10:26:30,1762750590000,23,759.2
2025-11-10T10:03:30,1762749210000,SENSEX,retrieval,,,20,180,2025-11-10T10:27:30,1762750650000,24,759.2
2025-11-10T10:03:30,1762749210000,SENSEX,retrieval,,,20,180,2025-11-10T10:28:30,1762750710000,25,759.2
2025-11-10T10:03:30,1762749210000,SENSEX,retrieval,,,20,180,2025-11-10T10:29:30,1762750770000,26,759.2
2025-11-10T10:03:30,1762749210000,SENSEX,retrieval,,,20,180,2025-11-10T10:30:30,1762750830000,27,759.2
2025-11-10T10:03:30,1762749210000,SENSEX,retrieval,,,20,180,2025-11-10T10:31:30,1762750890000,28,759.2
2025-11-10T10:03:30,1762749210000,SENSEX,retrieval,,,20,180,2025-11-10T10:32:30,1762750950000,29,759.2
2025-11-10T10:03:30,1762749210000,SENSEX,retrieval,,,20,180,2025-11-10T10:33:30,1762751010000,30,759.2
2025-11-10T10:03:30,1762749210000,SENSEX,retrieval,,,20,180,2025-11-10T10:34:30,1762751070000,31,759.2
2025-11-10T10:03:30,1762749210000,SENSEX,retrieval,,,20,180,2025-11-10T10:35:30,1762751130000,32,759.2
2025-11-10T10:03:30,1762749210000,SENSEX,retrieval,,,20,180,2025-11-10T10:36:30,1762751190000,33,759.2
2025-11-10T10:03:30,1762749210000,SENSEX,retrieval,,,20,180,2025-11-10T10:37:30,1762751250000,34,759.2
2025-11-10T10:03:30,1762749210000,SENSEX,retrieval,,,20,180,2025-11-10T10:38:30,1762751310000,35,759.2
2025-11-10T10:03:30,1762749210000,SENSEX,retrieval,,,20,180,2025-11-10T10:39:30,1762751370000,36,759.2
2025-11-10T10:03:30,1762749210000,SENSEX,retrieval,,,20,180,2025-11-10T10:40:30,1762751430000,37,759.2
2025-11-10T10:03:30,1762749210000,SENSEX,retrieval,,,20,180,2025-11-10T10:41:30,1762751490000,38,759.2
2025-11-10T10:03:30,1762749210000,SENSEX,retrieval,,,20,180,2025-11-10T10:42:30,1762751550000,39,759.2
2025-11-10T10:03:30,1762749210000,SENSEX,retrieval,,,20,180,2025-11-10T10:43:30,1762751610000,40,759.2
2025-11-10T10:03:30,1762749210000,SENSEX,retrieval,,,20,180,2025-11-10T10:44:30,1762751670000,41,759.2
2025-11-10T10:03:30,1762749210000,SENSEX,retrieval,,,20,180,2025-11-10T10:45:30,1762751730000,42,759.2
2025-11-10T10:03:30,1762749210000,SENSEX,retrieval,,,20,180,2025-11-10T10:46:30,1762751790000,43,759.2
2025-11-10T10:03:30,1762749210000,SENSEX,retrieval,,,20,180,2025-11-10T10:47:30,1762751850000,44,759.2
2025-11-10T10:03:30,1762749210000,SENSEX,retrieval,,,20,180,2025-11-10T10:48:30,1762751910000,45,759.2
2025-11-10T10:03:30,1762749210000,SENSEX,retrieval,,,20,180,2025-11-10T10:49:30,1762751970000,46,759.2
2025-11-10T10:03:30,1762749210000,SENSEX,retrieval,,,20,180,2025-11-10T10:50:30,1762752030000,47,759.2
2025-11-10T10:03:30,1762749210000,SENSEX,retrieval,,,20,180,2025-11-10T10:51:30,1762752090000,48,759.2
2025-11-10T10:03:30,1762749210000,SENSEX,retrieval,,,20,180,2025-11-10T10:52:30,1762752150000,49,759.2
2025-11-10T10:03:30,1762749210000,SENSEX,retrieval,,,20,180,2025-11-10T10:53:30,1762752210000,50,759.2
2025-11-10T10:03:30,1762749210000,SENSEX,retrieval,,,20,180,2025-11-10T10:54:30,1762752270000,51,759.2
2025-11-10T10:03:30,1762749210000,SENSEX,retrieval,,,20,180,2025-11-10T10:55:30,1762752330000,52,759.2
2025-11-10T10:03:30,1762749210000,SENSEX,retrieval,,,20,180,2025-11-10T10:56:30,1762752390000,53,759.2
2025-11-10T10:03:30,1762749210000,SENSEX,retrieval,,,20,180,2025-11-10T10:57:30,1762752450000,54,759.2
2025-11-10T10:03:30,1762749210000,SENSEX,retrieval,,,20,180,2025-11-10T10:58:30,1762752510000,55,759.2
2025-11-10T10:03:30,1762749210000,SENSEX,retrieval,,,20,180,2025-11-10T10:59:30,1762752570000,56,759.2
2025-11-10T10:03:30,1762749210000,SENSEX,retrieval,,,20,180,2025-11-10T11:00:30,1762752630000,57,759.2
2025-11-10T10:03:30,1762749210000,SENSEX,retrieval,,,20,180,2025-11-10T11:01:30,1762752690000,58,759.2
2025-11-10T10:03:30,1762749210000,SENSEX,retrieval,,,20,180,2025-11-10T11:02:30,1762752750000,59,759.2
2025-11-10T10:03:30,1762749210000,SENSEX,retrieval,,,20,180,2025-11-10T11:03:30,1762752810000,60,759.2
2025-11-10T10:11:30,1762749690000,SENSEX,retrieval,,,20,180,2025-11-10T10:12:30,1762749750000,1,744.95
2025-11-10T10:11:30,1762749690000,SENSEX,retrieval,,,20,180,2025-11-10T10:13:30,1762749810000,2,744.95
2025-11-10T10:11:30,1762749690000,SENSEX,retrieval,,,20,180,2025-11-10T10:14:30,1762749870000,3,744.95
2025-11-10T10:11:30,1762749690000,SENSEX,retrieval,,,20,180,2025-11-10T10:15:30,1762749930000,4,744.95
2025-11-10T10:11:30,1762749690000,SENSEX,retrieval,,,20,180,2025-11-10T10:16:30,1762749990000,5,744.95
2025-11-10T10:11:30,1762749690000,SENSEX,retrieval,,,20,180,2025-11-10T10:17:30,1762750050000,6,744.95
2025-11-10T10:11:30,1762749690000,SENSEX,retrieval,,,20,180,2025-11-10T10:18:30,1762750110000,7,744.95
2025-11-10T10:11:30,1762749690000,SENSEX,retrieval,,,20,180,2025-11-10T10:19:30,1762750170000,8,744.95
2025-11-10T10:11:30,1762749690000,SENSEX,retrieval,,,20,180,2025-11-10T10:20:30,1762750230000,9,744.95
2025-11-10T10:11:30,1762749690000,SENSEX,retrieval,,,20,180,2025-11-10T10:21:30,1762750290000,10,744.95
2025-11-10T10:11:30,1762749690000,SENSEX,retrieval,,,20,180,2025-11-10T10:22:30,1762750350000,11,744.95
2025-11-10T10:11:30,1762749690000,SENSEX,retrieval,,,20,180,2025-11-10T10:23:30,1762750410000,12,744.95
2025-11-10T10:11:30,1762749690000,SENSEX,retrieval,,,20,180,2025-11-10T10:24:30,1762750470000,13,744.95
2025-11-10T10:11:30,1762749690000,SENSEX,retrieval,,,20,180,2025-11-10T10:25:30,1762750530000,14,744.95
2025-11-10T10:11:30,1762749690000,SENSEX,retrieval,,,20,180,2025-11-10T10:26:30,1762750590000,15,744.95
2025-11-10T10:11:30,1762749690000,SENSEX,retrieval,,,20,180,2025-11-10T10:27:30,1762750650000,16,744.95
2025-11-10T10:11:30,1762749690000,SENSEX,retrieval,,,20,180,2025-11-10T10:28:30,1762750710000,17,744.95
2025-11-10T10:11:30,1762749690000,SENSEX,retrieval,,,20,180,2025-11-10T10:29:30,1762750770000,18,744.95
2025-11-10T10:11:30,1762749690000,SENSEX,retrieval,,,20,180,2025-11-10T10:30:30,1762750830000,19,744.95
2025-11-10T10:11:30,1762749690000,SENSEX,retrieval,,,20,180,2025-11-10T10:31:30,1762750890000,20,744.95
2025-11-10T10:11:30,1762749690000,SENSEX,retrieval,,,20,180,2025-11-10T10:32:30,1762750950000,21,744.95
2025-11-10T10:11:30,1762749690000,SENSEX,retrieval,,,20,180,2025-11-10T10:33:30,1762751010000,22,744.95
2025-11-10T10:11:30,1762749690000,SENSEX,retrieval,,,20,180,2025-11-10T10:34:30,1762751070000,23,744.95
2025-11-10T10:11:30,1762749690000,SENSEX,retrieval,,,20,180,2025-11-10T10:35:30,1762751130000,24,744.95
2025-11-10T10:11:30,1762749690000,SENSEX,retrieval,,,20,180,2025-11-10T10:36:30,1762751190000,25,744.95
2025-11-10T10:11:30,1762749690000,SENSEX,retrieval,,,20,180,2025-11-10T10:37:30,1762751250000,26,744.95
2025-11-10T10:11:30,1762749690000,SENSEX,retrieval,,,20,180,2025-11-10T10:38:30,1762751310000,27,744.95
2025-11-10T10:11:30,1762749690000,SENSEX,retrieval,,,20,180,2025-11-10T10:39:30,1762751370000,28,744.95
2025-11-10T10:11:30,1762749690000,SENSEX,retrieval,,,20,180,2025-11-10T10:40:30,1762751430000,29,744.95
2025-11-10T10:11:30,1762749690000,SENSEX,retrieval,,,20,180,2025-11-10T10:41:30,1762751490000,30,744.95
2025-11-10T10:11:30,1762749690000,SENSEX,retrieval,,,20,180,2025-11-10T10:42:30,1762751550000,31,744.95
2025-11-10T10:11:30,1762749690000,SENSEX,retrieval,,,20,180,2025-11-10T10:43:30,1762751610000,32,744.95
2025-11-10T10:11:30,1762749690000,SENSEX,retrieval,,,20,180,2025-11-10T10:44:30,1762751670000,33,744.95
2025-11-10T10:11:30,1762749690000,SENSEX,retrieval,,,20,180,2025-11-10T10:45:30,1762751730000,34,744.95
2025-11-10T10:11:30,1762749690000,SENSEX,retrieval,,,20,180,2025-11-10T10:46:30,1762751790000,35,744.95
2025-11-10T10:11:30,1762749690000,SENSEX,retrieval,,,20,180,2025-11-10T10:47:30,1762751850000,36,744.95
2025-11-10T10:11:30,1762749690000,SENSEX,retrieval,,,20,180,2025-11-10T10:48:30,1762751910000,37,744.95
2025-11-10T10:11:30,1762749690000,SENSEX,retrieval,,,20,180,2025-11-10T10:49:30,1762751970000,38,744.95
2025-11-10T10:11:30,1762749690000,SENSEX,retrieval,,,20,180,2025-11-10T10:50:30,1762752030000,39,744.95
2025-11-10T10:11:30,1762749690000,SENSEX,retrieval,,,20,180,2025-11-10T10:51:30,1762752090000,40,744.95
2025-11-10T10:11:30,1762749690000,SENSEX,retrieval,,,20,180,2025-11-10T10:52:30,1762752150000,41,744.95
2025-11-10T10:11:30,1762749690000,SENSEX,retrieval,,,20,180,2025-11-10T10:53:30,1762752210000,42,744.95
2025-11-10T10:11:30,1762749690000,SENSEX,retrieval,,,20,180,2025-11-10T10:54:30,1762752270000,43,744.95
2025-11-10T10:11:30,1762749690000,SENSEX,retrieval,,,20,180,2025-11-10T10:55:30,1762752330000,44,744.95
2025-11-10T10:11:30,1762749690000,SENSEX,retrieval,,,20,180,2025-11-10T10:56:30,1762752390000,45,744.95
2025-11-10T10:11:30,1762749690000,SENSEX,retrieval,,,20,180,2025-11-10T10:57:30,1762752450000,46,744.95
2025-11-10T10:11:30,1762749690000,SENSEX,retrieval,,,20,180,2025-11-10T10:58:30,1762752510000,47,744.95
2025-11-10T10:11:30,1762749690000,SENSEX,retrieval,,,20,180,2025-11-10T10:59:30,1762752570000,48,744.95
2025-11-10T10:11:30,1762749690000,SENSEX,retrieval,,,20,180,2025-11-10T11:00:30,1762752630000,49,744.95
2025-11-10T10:11:30,1762749690000,SENSEX,retrieval,,,20,180,2025-11-10T11:01:30,1762752690000,50,744.95
2025-11-10T10:11:30,1762749690000,SENSEX,retrieval,,,20,180,2025-11-10T11:02:30,1762752750000,51,744.95
2025-11-10T10:11:30,1762749690000,SENSEX,retrieval,,,20,180,2025-11-10T11:03:30,1762752810000,52,744.95
2025-11-10T10:11:30,1762749690000,SENSEX,retrieval,,,20,180,2025-11-10T11:04:30,1762752870000,53,744.95
2025-11-10T10:11:30,1762749690000,SENSEX,retrieval,,,20,180,2025-11-10T11:05:30,1762752930000,54,744.95
2025-11-10T10:11:30,1762749690000,SENSEX,retrieval,,,20,180,2025-11-10T11:06:30,1762752990000,55,744.95
2025-11-10T10:11:30,1762749690000,SENSEX,retrieval,,,20,180,2025-11-10T11:07:30,1762753050000,56,744.95
2025-11-10T10:11:30,1762749690000,SENSEX,retrieval,,,20,180,2025-11-10T11:08:30,1762753110000,57,744.95
2025-11-10T10:11:30,1762749690000,SENSEX,retrieval,,,20,180,2025-11-10T11:09:30,1762753170000,58,744.95
2025-11-10T10:11:30,1762749690000,SENSEX,retrieval,,,20,180,2025-11-10T11:10:30,1762753230000,59,744.95
2025-11-10T10:11:30,1762749690000,SENSEX,retrieval,,,20,180,2025-11-10T11:11:30,1762753290000,60,744.95
2025-11-10T10:11:30,1762749690000,SENSEX,retrieval,,,20,180,2025-11-10T10:12:30,1762749750000,1,744.95
2025-11-10T10:11:30,1762749690000,SENSEX,retrieval,,,20,180,2025-11-10T10:13:30,1762749810000,2,744.95
2025-11-10T10:11:30,1762749690000,SENSEX,retrieval,,,20,180,2025-11-10T10:14:30,1762749870000,3,744.95
2025-11-10T10:11:30,1762749690000,SENSEX,retrieval,,,20,180,2025-11-10T10:15:30,1762749930000,4,744.95
2025-11-10T10:11:30,1762749690000,SENSEX,retrieval,,,20,180,2025-11-10T10:16:30,1762749990000,5,744.95
2025-11-10T10:11:30,1762749690000,SENSEX,retrieval,,,20,180,2025-11-10T10:17:30,1762750050000,6,744.95
2025-11-10T10:11:30,1762749690000,SENSEX,retrieval,,,20,180,2025-11-10T10:18:30,1762750110000,7,744.95
2025-11-10T10:11:30,1762749690000,SENSEX,retrieval,,,20,180,2025-11-10T10:19:30,1762750170000,8,744.95
2025-11-10T10:11:30,1762749690000,SENSEX,retrieval,,,20,180,2025-11-10T10:20:30,1762750230000,9,744.95
2025-11-10T10:11:30,1762749690000,SENSEX,retrieval,,,20,180,2025-11-10T10:21:30,1762750290000,10,744.95
2025-11-10T10:11:30,1762749690000,SENSEX,retrieval,,,20,180,2025-11-10T10:22:30,1762750350000,11,744.95
2025-11-10T10:11:30,1762749690000,SENSEX,retrieval,,,20,180,2025-11-10T10:23:30,1762750410000,12,744.95
2025-11-10T10:11:30,1762749690000,SENSEX,retrieval,,,20,180,2025-11-10T10:24:30,1762750470000,13,744.95
2025-11-10T10:11:30,1762749690000,SENSEX,retrieval,,,20,180,2025-11-10T10:25:30,1762750530000,14,744.95
2025-11-10T10:11:30,1762749690000,SENSEX,retrieval,,,20,180,2025-11-10T10:26:30,1762750590000,15,744.95
2025-11-10T10:11:30,1762749690000,SENSEX,retrieval,,,20,180,2025-11-10T10:27:30,1762750650000,16,744.95
2025-11-10T10:11:30,1762749690000,SENSEX,retrieval,,,20,180,2025-11-10T10:28:30,1762750710000,17,744.95
2025-11-10T10:11:30,1762749690000,SENSEX,retrieval,,,20,180,2025-11-10T10:29:30,1762750770000,18,744.95
2025-11-10T10:11:30,1762749690000,SENSEX,retrieval,,,20,180,2025-11-10T10:30:30,1762750830000,19,744.95
2025-11-10T10:11:30,1762749690000,SENSEX,retrieval,,,20,180,2025-11-10T10:31:30,1762750890000,20,744.95
2025-11-10T10:11:30,1762749690000,SENSEX,retrieval,,,20,180,2025-11-10T10:32:30,1762750950000,21,744.95
2025-11-10T10:11:30,1762749690000,SENSEX,retrieval,,,20,180,2025-11-10T10:33:30,1762751010000,22,744.95
2025-11-10T10:11:30,1762749690000,SENSEX,retrieval,,,20,180,2025-11-10T10:34:30,1762751070000,23,744.95
2025-11-10T10:11:30,1762749690000,SENSEX,retrieval,,,20,180,2025-11-10T10:35:30,1762751130000,24,744.95
2025-11-10T10:11:30,1762749690000,SENSEX,retrieval,,,20,180,2025-11-10T10:36:30,1762751190000,25,744.95
2025-11-10T10:11:30,1762749690000,SENSEX,retrieval,,,20,180,2025-11-10T10:37:30,1762751250000,26,744.95
2025-11-10T10:11:30,1762749690000,SENSEX,retrieval,,,20,180,2025-11-10T10:38:30,1762751310000,27,744.95
2025-11-10T10:11:30,1762749690000,SENSEX,retrieval,,,20,180,2025-11-10T10:39:30,1762751370000,28,744.95
2025-11-10T10:11:30,1762749690000,SENSEX,retrieval,,,20,180,2025-11-10T10:40:30,1762751430000,29,744.95
2025-11-10T10:11:30,1762749690000,SENSEX,retrieval,,,20,180,2025-11-10T10:41:30,1762751490000,30,744.95
2025-11-10T10:11:30,1762749690000,SENSEX,retrieval,,,20,180,2025-11-10T10:42:30,1762751550000,31,744.95
2025-11-10T10:11:30,1762749690000,SENSEX,retrieval,,,20,180,2025-11-10T10:43:30,1762751610000,32,744.95
2025-11-10T10:11:30,1762749690000,SENSEX,retrieval,,,20,180,2025-11-10T10:44:30,1762751670000,33,744.95
2025-11-10T10:11:30,1762749690000,SENSEX,retrieval,,,20,180,2025-11-10T10:45:30,1762751730000,34,744.95
2025-11-10T10:11:30,1762749690000,SENSEX,retrieval,,,20,180,2025-11-10T10:46:30,1762751790000,35,744.95
2025-11-10T10:11:30,1762749690000,SENSEX,retrieval,,,20,180,2025-11-10T10:47:30,1762751850000,36,744.95
2025-11-10T10:11:30,1762749690000,SENSEX,retrieval,,,20,180,2025-11-10T10:48:30,1762751910000,37,744.95
2025-11-10T10:11:30,1762749690000,SENSEX,retrieval,,,20,180,2025-11-10T10:49:30,1762751970000,38,744.95
2025-11-10T10:11:30,1762749690000,SENSEX,retrieval,,,20,180,2025-11-10T10:50:30,1762752030000,39,744.95
2025-11-10T10:11:30,1762749690000,SENSEX,retrieval,,,20,180,2025-11-10T10:51:30,1762752090000,40,744.95
2025-11-10T10:11:30,1762749690000,SENSEX,retrieval,,,20,180,2025-11-10T10:52:30,1762752150000,41,744.95
2025-11-10T10:11:30,1762749690000,SENSEX,retrieval,,,20,180,2025-11-10T10:53:30,1762752210000,42,744.95
2025-11-10T10:11:30,1762749690000,SENSEX,retrieval,,,20,180,2025-11-10T10:54:30,1762752270000,43,744.95
2025-11-10T10:11:30,1762749690000,SENSEX,retrieval,,,20,180,2025-11-10T10:55:30,1762752330000,44,744.95
2025-11-10T10:11:30,1762749690000,SENSEX,retrieval,,,20,180,2025-11-10T10:56:30,1762752390000,45,744.95
2025-11-10T10:11:30,1762749690000,SENSEX,retrieval,,,20,180,2025-11-10T10:57:30,1762752450000,46,744.95
2025-11-10T10:11:30,1762749690000,SENSEX,retrieval,,,20,180,2025-11-10T10:58:30,1762752510000,47,744.95
2025-11-10T10:11:30,1762749690000,SENSEX,retrieval,,,20,180,2025-11-10T10:59:30,1762752570000,48,744.95
2025-11-10T10:11:30,1762749690000,SENSEX,retrieval,,,20,180,2025-11-10T11:00:30,1762752630000,49,744.95
2025-11-10T10:11:30,1762749690000,SENSEX,retrieval,,,20,180,2025-11-10T11:01:30,1762752690000,50,744.95
2025-11-10T10:11:30,1762749690000,SENSEX,retrieval,,,20,180,2025-11-10T11:02:30,1762752750000,51,744.95
2025-11-10T10:11:30,1762749690000,SENSEX,retrieval,,,20,180,2025-11-10T11:03:30,1762752810000,52,744.95
2025-11-10T10:11:30,1762749690000,SENSEX,retrieval,,,20,180,2025-11-10T11:04:30,1762752870000,53,744.95
2025-11-10T10:11:30,1762749690000,SENSEX,retrieval,,,20,180,2025-11-10T11:05:30,1762752930000,54,744.95
2025-11-10T10:11:30,1762749690000,SENSEX,retrieval,,,20,180,2025-11-10T11:06:30,1762752990000,55,744.95
2025-11-10T10:11:30,1762749690000,SENSEX,retrieval,,,20,180,2025-11-10T11:07:30,1762753050000,56,744.95
2025-11-10T10:11:30,1762749690000,SENSEX,retrieval,,,20,180,2025-11-10T11:08:30,1762753110000,57,744.95
2025-11-10T10:11:30,1762749690000,SENSEX,retrieval,,,20,180,2025-11-10T11:09:30,1762753170000,58,744.95
2025-11-10T10:11:30,1762749690000,SENSEX,retrieval,,,20,180,2025-11-10T11:10:30,1762753230000,59,744.95
2025-11-10T10:11:30,1762749690000,SENSEX,retrieval,,,20,180,2025-11-10T11:11:30,1762753290000,60,744.95
2025-11-10T10:11:30,1762749690000,SENSEX,retrieval,,,20,180,2025-11-10T10:12:30,1762749750000,1,744.95
2025-11-10T10:11:30,1762749690000,SENSEX,retrieval,,,20,180,2025-11-10T10:13:30,1762749810000,2,744.95
2025-11-10T10:11:30,1762749690000,SENSEX,retrieval,,,20,180,2025-11-10T10:14:30,1762749870000,3,744.95
2025-11-10T10:11:30,1762749690000,SENSEX,retrieval,,,20,180,2025-11-10T10:15:30,1762749930000,4,744.95
2025-11-10T10:11:30,1762749690000,SENSEX,retrieval,,,20,180,2025-11-10T10:16:30,1762749990000,5,744.95
2025-11-10T10:11:30,1762749690000,SENSEX,retrieval,,,20,180,2025-11-10T10:17:30,1762750050000,6,744.95
2025-11-10T10:11:30,1762749690000,SENSEX,retrieval,,,20,180,2025-11-10T10:18:30,1762750110000,7,744.95
2025-11-10T10:11:30,1762749690000,SENSEX,retrieval,,,20,180,2025-11-10T10:19:30,1762750170000,8,744.95
2025-11-10T10:11:30,1762749690000,SENSEX,retrieval,,,20,180,2025-11-10T10:20:30,1762750230000,9,744.95
2025-11-10T10:11:30,1762749690000,SENSEX,retrieval,,,20,180,2025-11-10T10:21:30,1762750290000,10,744.95
2025-11-10T10:11:30,1762749690000,SENSEX,retrieval,,,20,180,2025-11-10T10:22:30,1762750350000,11,744.95
2025-11-10T10:11:30,1762749690000,SENSEX,retrieval,,,20,180,2025-11-10T10:23:30,1762750410000,12,744.95
2025-11-10T10:11:30,1762749690000,SENSEX,retrieval,,,20,180,2025-11-10T10:24:30,1762750470000,13,744.95
2025-11-10T10:11:30,1762749690000,SENSEX,retrieval,,,20,180,2025-11-10T10:25:30,1762750530000,14,744.95
2025-11-10T10:11:30,1762749690000,SENSEX,retrieval,,,20,180,2025-11-10T10:26:30,1762750590000,15,744.95
2025-11-10T10:11:30,1762749690000,SENSEX,retrieval,,,20,180,2025-11-10T10:27:30,1762750650000,16,744.95
2025-11-10T10:11:30,1762749690000,SENSEX,retrieval,,,20,180,2025-11-10T10:28:30,1762750710000,17,744.95
2025-11-10T10:11:30,1762749690000,SENSEX,retrieval,,,20,180,2025-11-10T10:29:30,1762750770000,18,744.95
2025-11-10T10:11:30,1762749690000,SENSEX,retrieval,,,20,180,2025-11-10T10:30:30,1762750830000,19,744.95
2025-11-10T10:11:30,1762749690000,SENSEX,retrieval,,,20,180,2025-11-10T10:31:30,1762750890000,20,744.95
2025-11-10T10:11:30,1762749690000,SENSEX,retrieval,,,20,180,2025-11-10T10:32:30,1762750950000,21,744.95
2025-11-10T10:11:30,1762749690000,SENSEX,retrieval,,,20,180,2025-11-10T10:33:30,1762751010000,22,744.95
2025-11-10T10:11:30,1762749690000,SENSEX,retrieval,,,20,180,2025-11-10T10:34:30,1762751070000,23,744.95
2025-11-10T10:11:30,1762749690000,SENSEX,retrieval,,,20,180,2025-11-10T10:35:30,1762751130000,24,744.95
2025-11-10T10:11:30,1762749690000,SENSEX,retrieval,,,20,180,2025-11-10T10:36:30,1762751190000,25,744.95
2025-11-10T10:11:30,1762749690000,SENSEX,retrieval,,,20,180,2025-11-10T10:37:30,1762751250000,26,744.95
2025-11-10T10:11:30,1762749690000,SENSEX,retrieval,,,20,180,2025-11-10T10:38:30,1762751310000,27,744.95
2025-11-10T10:11:30,1762749690000,SENSEX,retrieval,,,20,180,2025-11-10T10:39:30,1762751370000,28,744.95
2025-11-10T10:11:30,1762749690000,SENSEX,retrieval,,,20,180,2025-11-10T10:40:30,1762751430000,29,744.95
2025-11-10T10:11:30,1762749690000,SENSEX,retrieval,,,20,180,2025-11-10T10:41:30,1762751490000,30,744.95
2025-11-10T10:11:30,1762749690000,SENSEX,retrieval,,,20,180,2025-11-10T10:42:30,1762751550000,31,744.95
2025-11-10T10:11:30,1762749690000,SENSEX,retrieval,,,20,180,2025-11-10T10:43:30,1762751610000,32,744.95
2025-11-10T10:11:30,1762749690000,SENSEX,retrieval,,,20,180,2025-11-10T10:44:30,1762751670000,33,744.95
2025-11-10T10:11:30,1762749690000,SENSEX,retrieval,,,20,180,2025-11-10T10:45:30,1762751730000,34,744.95
2025-11-10T10:11:30,1762749690000,SENSEX,retrieval,,,20,180,2025-11-10T10:46:30,1762751790000,35,744.95
2025-11-10T10:11:30,1762749690000,SENSEX,retrieval,,,20,180,2025-11-10T10:47:30,1762751850000,36,744.95
2025-11-10T10:11:30,1762749690000,SENSEX,retrieval,,,20,180,2025-11-10T10:48:30,1762751910000,37,744.95
2025-11-10T10:11:30,1762749690000,SENSEX,retrieval,,,20,180,2025-11-10T10:49:30,1762751970000,38,744.95
2025-11-10T10:11:30,1762749690000,SENSEX,retrieval,,,20,180,2025-11-10T10:50:30,1762752030000,39,744.95
2025-11-10T10:11:30,1762749690000,SENSEX,retrieval,,,20,180,2025-11-10T10:51:30,1762752090000,40,744.95
2025-11-10T10:11:30,1762749690000,SENSEX,retrieval,,,20,180,2025-11-10T10:52:30,1762752150000,41,744.95
2025-11-10T10:11:30,1762749690000,SENSEX,retrieval,,,20,180,2025-11-10T10:53:30,1762752210000,42,744.95
2025-11-10T10:11:30,1762749690000,SENSEX,retrieval,,,20,180,2025-11-10T10:54:30,1762752270000,43,744.95
2025-11-10T10:11:30,1762749690000,SENSEX,retrieval,,,20,180,2025-11-10T10:55:30,1762752330000,44,744.95
2025-11-10T10:11:30,1762749690000,SENSEX,retrieval,,,20,180,2025-11-10T10:56:30,1762752390000,45,744.95
2025-11-10T10:11:30,1762749690000,SENSEX,retrieval,,,20,180,2025-11-10T10:57:30,1762752450000,46,744.95
2025-11-10T10:11:30,1762749690000,SENSEX,retrieval,,,20,180,2025-11-10T10:58:30,1762752510000,47,744.95
2025-11-10T10:11:30,1762749690000,SENSEX,retrieval,,,20,180,2025-11-10T10:59:30,1762752570000,48,744.95
2025-11-10T10:11:30,1762749690000,SENSEX,retrieval,,,20,180,2025-11-10T11:00:30,1762752630000,49,744.95
2025-11-10T10:11:30,1762749690000,SENSEX,retrieval,,,20,180,2025-11-10T11:01:30,1762752690000,50,744.95
2025-11-10T10:11:30,1762749690000,SENSEX,retrieval,,,20,180,2025-11-10T11:02:30,1762752750000,51,744.95
2025-11-10T10:11:30,1762749690000,SENSEX,retrieval,,,20,180,2025-11-10T11:03:30,1762752810000,52,744.95
2025-11-10T10:11:30,1762749690000,SENSEX,retrieval,,,20,180,2025-11-10T11:04:30,1762752870000,53,744.95
2025-11-10T10:11:30,1762749690000,SENSEX,retrieval,,,20,180,2025-11-10T11:05:30,1762752930000,54,744.95
2025-11-10T10:11:30,1762749690000,SENSEX,retrieval,,,20,180,2025-11-10T11:06:30,1762752990000,55,744.95
2025-11-10T10:11:30,1762749690000,SENSEX,retrieval,,,20,180,2025-11-10T11:07:30,1762753050000,56,744.95
2025-11-10T10:11:30,1762749690000,SENSEX,retrieval,,,20,180,2025-11-10T11:08:30,1762753110000,57,744.95
2025-11-10T10:11:30,1762749690000,SENSEX,retrieval,,,20,180,2025-11-10T11:09:30,1762753170000,58,744.95
2025-11-10T10:11:30,1762749690000,SENSEX,retrieval,,,20,180,2025-11-10T11:10:30,1762753230000,59,744.95
2025-11-10T10:11:30,1762749690000,SENSEX,retrieval,,,20,180,2025-11-10T11:11:30,1762753290000,60,744.95
2025-11-10T10:11:30,1762749690000,SENSEX,retrieval,,,20,180,2025-11-10T10:12:30,1762749750000,1,744.95
2025-11-10T10:11:30,1762749690000,SENSEX,retrieval,,,20,180,2025-11-10T10:13:30,1762749810000,2,744.95
2025-11-10T10:11:30,1762749690000,SENSEX,retrieval,,,20,180,2025-11-10T10:14:30,1762749870000,3,744.95
2025-11-10T10:11:30,1762749690000,SENSEX,retrieval,,,20,180,2025-11-10T10:15:30,1762749930000,4,744.95
2025-11-10T10:11:30,1762749690000,SENSEX,retrieval,,,20,180,2025-11-10T10:16:30,1762749990000,5,744.95
2025-11-10T10:11:30,1762749690000,SENSEX,retrieval,,,20,180,2025-11-10T10:17:30,1762750050000,6,744.95
2025-11-10T10:11:30,1762749690000,SENSEX,retrieval,,,20,180,2025-11-10T10:18:30,1762750110000,7,744.95
2025-11-10T10:11:30,1762749690000,SENSEX,retrieval,,,20,180,2025-11-10T10:19:30,1762750170000,8,744.95
2025-11-10T10:11:30,1762749690000,SENSEX,retrieval,,,20,180,2025-11-10T10:20:30,1762750230000,9,744.95
2025-11-10T10:11:30,1762749690000,SENSEX,retrieval,,,20,180,2025-11-10T10:21:30,1762750290000,10,744.95
2025-11-10T10:11:30,1762749690000,SENSEX,retrieval,,,20,180,2025-11-10T10:22:30,1762750350000,11,744.95
2025-11-10T10:11:30,1762749690000,SENSEX,retrieval,,,20,180,2025-11-10T10:23:30,1762750410000,12,744.95
2025-11-10T10:11:30,1762749690000,SENSEX,retrieval,,,20,180,2025-11-10T10:24:30,1762750470000,13,744.95
2025-11-10T10:11:30,1762749690000,SENSEX,retrieval,,,20,180,2025-11-10T10:25:30,1762750530000,14,744.95
2025-11-10T10:11:30,1762749690000,SENSEX,retrieval,,,20,180,2025-11-10T10:26:30,1762750590000,15,744.95
2025-11-10T10:11:30,1762749690000,SENSEX,retrieval,,,20,180,2025-11-10T10:27:30,1762750650000,16,744.95
2025-11-10T10:11:30,1762749690000,SENSEX,retrieval,,,20,180,2025-11-10T10:28:30,1762750710000,17,744.95
2025-11-10T10:11:30,1762749690000,SENSEX,retrieval,,,20,180,2025-11-10T10:29:30,1762750770000,18,744.95
2025-11-10T10:11:30,1762749690000,SENSEX,retrieval,,,20,180,2025-11-10T10:30:30,1762750830000,19,744.95
2025-11-10T10:11:30,1762749690000,SENSEX,retrieval,,,20,180,2025-11-10T10:31:30,1762750890000,20,744.95
2025-11-10T10:11:30,1762749690000,SENSEX,retrieval,,,20,180,2025-11-10T10:32:30,1762750950000,21,744.95
2025-11-10T10:11:30,1762749690000,SENSEX,retrieval,,,20,180,2025-11-10T10:33:30,1762751010000,22,744.95
2025-11-10T10:11:30,1762749690000,SENSEX,retrieval,,,20,180,2025-11-10T10:34:30,1762751070000,23,744.95
2025-11-10T10:11:30,1762749690000,SENSEX,retrieval,,,20,180,2025-11-10T10:35:30,1762751130000,24,744.95
2025-11-10T10:11:30,1762749690000,SENSEX,retrieval,,,20,180,2025-11-10T10:36:30,1762751190000,25,744.95
2025-11-10T10:11:30,1762749690000,SENSEX,retrieval,,,20,180,2025-11-10T10:37:30,1762751250000,26,744.95
2025-11-10T10:11:30,1762749690000,SENSEX,retrieval,,,20,180,2025-11-10T10:38:30,1762751310000,27,744.95
2025-11-10T10:11:30,1762749690000,SENSEX,retrieval,,,20,180,2025-11-10T10:39:30,1762751370000,28,744.95
2025-11-10T10:11:30,1762749690000,SENSEX,retrieval,,,20,180,2025-11-10T10:40:30,1762751430000,29,744.95
2025-11-10T10:11:30,1762749690000,SENSEX,retrieval,,,20,180,2025-11-10T10:41:30,1762751490000,30,744.95
2025-11-10T10:11:30,1762749690000,SENSEX,retrieval,,,20,180,2025-11-10T10:42:30,1762751550000,31,744.95
2025-11-10T10:11:30,1762749690000,SENSEX,retrieval,,,20,180,2025-11-10T10:43:30,1762751610000,32,744.95
2025-11-10T10:11:30,1762749690000,SENSEX,retrieval,,,20,180,2025-11-10T10:44:30,1762751670000,33,744.95
2025-11-10T10:11:30,1762749690000,SENSEX,retrieval,,,20,180,2025-11-10T10:45:30,1762751730000,34,744.95
2025-11-10T10:11:30,1762749690000,SENSEX,retrieval,,,20,180,2025-11-10T10:46:30,1762751790000,35,744.95
2025-11-10T10:11:30,1762749690000,SENSEX,retrieval,,,20,180,2025-11-10T10:47:30,1762751850000,36,744.95
2025-11-10T10:11:30,1762749690000,SENSEX,retrieval,,,20,180,2025-11-10T10:48:30,1762751910000,37,744.95
2025-11-10T10:11:30,1762749690000,SENSEX,retrieval,,,20,180,2025-11-10T10:49:30,1762751970000,38,744.95
2025-11-10T10:11:30,1762749690000,SENSEX,retrieval,,,20,180,2025-11-10T10:50:30,1762752030000,39,744.95
2025-11-10T10:11:30,1762749690000,SENSEX,retrieval,,,20,180,2025-11-10T10:51:30,1762752090000,40,744.95
2025-11-10T10:11:30,1762749690000,SENSEX,retrieval,,,20,180,2025-11-10T10:52:30,1762752150000,41,744.95
2025-11-10T10:11:30,1762749690000,SENSEX,retrieval,,,20,180,2025-11-10T10:53:30,1762752210000,42,744.95
2025-11-10T10:11:30,1762749690000,SENSEX,retrieval,,,20,180,2025-11-10T10:54:30,1762752270000,43,744.95
2025-11-10T10:11:30,1762749690000,SENSEX,retrieval,,,20,180,2025-11-10T10:55:30,1762752330000,44,744.95
2025-11-10T10:11:30,1762749690000,SENSEX,retrieval,,,20,180,2025-11-10T10:56:30,1762752390000,45,744.95
2025-11-10T10:11:30,1762749690000,SENSEX,retrieval,,,20,180,2025-11-10T10:57:30,1762752450000,46,744.95
2025-11-10T10:11:30,1762749690000,SENSEX,retrieval,,,20,180,2025-11-10T10:58:30,1762752510000,47,744.95
2025-11-10T10:11:30,1762749690000,SENSEX,retrieval,,,20,180,2025-11-10T10:59:30,1762752570000,48,744.95
2025-11-10T10:11:30,1762749690000,SENSEX,retrieval,,,20,180,2025-11-10T11:00:30,1762752630000,49,744.95
2025-11-10T10:11:30,1762749690000,SENSEX,retrieval,,,20,180,2025-11-10T11:01:30,1762752690000,50,744.95
2025-11-10T10:11:30,1762749690000,SENSEX,retrieval,,,20,180,2025-11-10T11:02:30,1762752750000,51,744.95
2025-11-10T10:11:30,1762749690000,SENSEX,retrieval,,,20,180,2025-11-10T11:03:30,1762752810000,52,744.95
2025-11-10T10:11:30,1762749690000,SENSEX,retrieval,,,20,180,2025-11-10T11:04:30,1762752870000,53,744.95
2025-11-10T10:11:30,1762749690000,SENSEX,retrieval,,,20,180,2025-11-10T11:05:30,1762752930000,54,744.95
2025-11-10T10:11:30,1762749690000,SENSEX,retrieval,,,20,180,2025-11-10T11:06:30,1762752990000,55,744.95
2025-11-10T10:11:30,1762749690000,SENSEX,retrieval,,,20,180,2025-11-10T11:07:30,1762753050000,56,744.95
2025-11-10T10:11:30,1762749690000,SENSEX,retrieval,,,20,180,2025-11-10T11:08:30,1762753110000,57,744.95
2025-11-10T10:11:30,1762749690000,SENSEX,retrieval,,,20,180,2025-11-10T11:09:30,1762753170000,58,744.95
2025-11-10T10:11:30,1762749690000,SENSEX,retrieval,,,20,180,2025-11-10T11:10:30,1762753230000,59,744.95
2025-11-10T10:11:30,1762749690000,SENSEX,retrieval,,,20,180,2025-11-10T11:11:30,1762753290000,60,744.95
2025-11-10T10:12:00,1762749720000,SENSEX,retrieval,,,20,180,2025-11-10T10:13:00,1762749780000,1,743.0
2025-11-10T10:12:00,1762749720000,SENSEX,retrieval,,,20,180,2025-11-10T10:14:00,1762749840000,2,743.0
2025-11-10T10:12:00,1762749720000,SENSEX,retrieval,,,20,180,2025-11-10T10:15:00,1762749900000,3,743.0
2025-11-10T10:12:00,1762749720000,SENSEX,retrieval,,,20,180,2025-11-10T10:16:00,1762749960000,4,743.0
2025-11-10T10:12:00,1762749720000,SENSEX,retrieval,,,20,180,2025-11-10T10:17:00,1762750020000,5,743.0
2025-11-10T10:12:00,1762749720000,SENSEX,retrieval,,,20,180,2025-11-10T10:18:00,1762750080000,6,743.0
2025-11-10T10:12:00,1762749720000,SENSEX,retrieval,,,20,180,2025-11-10T10:19:00,1762750140000,7,743.0
2025-11-10T10:12:00,1762749720000,SENSEX,retrieval,,,20,180,2025-11-10T10:20:00,1762750200000,8,743.0
2025-11-10T10:12:00,1762749720000,SENSEX,retrieval,,,20,180,2025-11-10T10:21:00,1762750260000,9,743.0
2025-11-10T10:12:00,1762749720000,SENSEX,retrieval,,,20,180,2025-11-10T10:22:00,1762750320000,10,743.0
2025-11-10T10:12:00,1762749720000,SENSEX,retrieval,,,20,180,2025-11-10T10:23:00,1762750380000,11,743.0
2025-11-10T10:12:00,1762749720000,SENSEX,retrieval,,,20,180,2025-11-10T10:24:00,1762750440000,12,743.0
2025-11-10T10:12:00,1762749720000,SENSEX,retrieval,,,20,180,2025-11-10T10:25:00,1762750500000,13,743.0
2025-11-10T10:12:00,1762749720000,SENSEX,retrieval,,,20,180,2025-11-10T10:26:00,1762750560000,14,743.0
2025-11-10T10:12:00,1762749720000,SENSEX,retrieval,,,20,180,2025-11-10T10:27:00,1762750620000,15,743.0
2025-11-10T10:12:00,1762749720000,SENSEX,retrieval,,,20,180,2025-11-10T10:28:00,1762750680000,16,743.0
2025-11-10T10:12:00,1762749720000,SENSEX,retrieval,,,20,180,2025-11-10T10:29:00,1762750740000,17,743.0
2025-11-10T10:12:00,1762749720000,SENSEX,retrieval,,,20,180,2025-11-10T10:30:00,1762750800000,18,743.0
2025-11-10T10:12:00,1762749720000,SENSEX,retrieval,,,20,180,2025-11-10T10:31:00,1762750860000,19,743.0
2025-11-10T10:12:00,1762749720000,SENSEX,retrieval,,,20,180,2025-11-10T10:32:00,1762750920000,20,743.0
2025-11-10T10:12:00,1762749720000,SENSEX,retrieval,,,20,180,2025-11-10T10:33:00,1762750980000,21,743.0
2025-11-10T10:12:00,1762749720000,SENSEX,retrieval,,,20,180,2025-11-10T10:34:00,1762751040000,22,743.0
2025-11-10T10:12:00,1762749720000,SENSEX,retrieval,,,20,180,2025-11-10T10:35:00,1762751100000,23,743.0
2025-11-10T10:12:00,1762749720000,SENSEX,retrieval,,,20,180,2025-11-10T10:36:00,1762751160000,24,743.0
2025-11-10T10:12:00,1762749720000,SENSEX,retrieval,,,20,180,2025-11-10T10:37:00,1762751220000,25,743.0
2025-11-10T10:12:00,1762749720000,SENSEX,retrieval,,,20,180,2025-11-10T10:38:00,1762751280000,26,743.0
2025-11-10T10:12:00,1762749720000,SENSEX,retrieval,,,20,180,2025-11-10T10:39:00,1762751340000,27,743.0
2025-11-10T10:12:00,1762749720000,SENSEX,retrieval,,,20,180,2025-11-10T10:40:00,1762751400000,28,743.0
2025-11-10T10:12:00,1762749720000,SENSEX,retrieval,,,20,180,2025-11-10T10:41:00,1762751460000,29,743.0
2025-11-10T10:12:00,1762749720000,SENSEX,retrieval,,,20,180,2025-11-10T10:42:00,1762751520000,30,743.0
2025-11-10T10:12:00,1762749720000,SENSEX,retrieval,,,20,180,2025-11-10T10:43:00,1762751580000,31,743.0
2025-11-10T10:12:00,1762749720000,SENSEX,retrieval,,,20,180,2025-11-10T10:44:00,1762751640000,32,743.0
2025-11-10T10:12:00,1762749720000,SENSEX,retrieval,,,20,180,2025-11-10T10:45:00,1762751700000,33,743.0
2025-11-10T10:12:00,1762749720000,SENSEX,retrieval,,,20,180,2025-11-10T10:46:00,1762751760000,34,743.0
2025-11-10T10:12:00,1762749720000,SENSEX,retrieval,,,20,180,2025-11-10T10:47:00,1762751820000,35,743.0
2025-11-10T10:12:00,1762749720000,SENSEX,retrieval,,,20,180,2025-11-10T10:48:00,1762751880000,36,743.0
2025-11-10T10:12:00,1762749720000,SENSEX,retrieval,,,20,180,2025-11-10T10:49:00,1762751940000,37,743.0
2025-11-10T10:12:00,1762749720000,SENSEX,retrieval,,,20,180,2025-11-10T10:50:00,1762752000000,38,743.0
2025-11-10T10:12:00,1762749720000,SENSEX,retrieval,,,20,180,2025-11-10T10:51:00,1762752060000,39,743.0
2025-11-10T10:12:00,1762749720000,SENSEX,retrieval,,,20,180,2025-11-10T10:52:00,1762752120000,40,743.0
2025-11-10T10:12:00,1762749720000,SENSEX,retrieval,,,20,180,2025-11-10T10:53:00,1762752180000,41,743.0
2025-11-10T10:12:00,1762749720000,SENSEX,retrieval,,,20,180,2025-11-10T10:54:00,1762752240000,42,743.0
2025-11-10T10:12:00,1762749720000,SENSEX,retrieval,,,20,180,2025-11-10T10:55:00,1762752300000,43,743.0
2025-11-10T10:12:00,1762749720000,SENSEX,retrieval,,,20,180,2025-11-10T10:56:00,1762752360000,44,743.0
2025-11-10T10:12:00,1762749720000,SENSEX,retrieval,,,20,180,2025-11-10T10:57:00,1762752420000,45,743.0
2025-11-10T10:12:00,1762749720000,SENSEX,retrieval,,,20,180,2025-11-10T10:58:00,1762752480000,46,743.0
2025-11-10T10:12:00,1762749720000,SENSEX,retrieval,,,20,180,2025-11-10T10:59:00,1762752540000,47,743.0
2025-11-10T10:12:00,1762749720000,SENSEX,retrieval,,,20,180,2025-11-10T11:00:00,1762752600000,48,743.0
2025-11-10T10:12:00,1762749720000,SENSEX,retrieval,,,20,180,2025-11-10T11:01:00,1762752660000,49,743.0
2025-11-10T10:12:00,1762749720000,SENSEX,retrieval,,,20,180,2025-11-10T11:02:00,1762752720000,50,743.0
2025-11-10T10:12:00,1762749720000,SENSEX,retrieval,,,20,180,2025-11-10T11:03:00,1762752780000,51,743.0
2025-11-10T10:12:00,1762749720000,SENSEX,retrieval,,,20,180,2025-11-10T11:04:00,1762752840000,52,743.0
2025-11-10T10:12:00,1762749720000,SENSEX,retrieval,,,20,180,2025-11-10T11:05:00,1762752900000,53,743.0
2025-11-10T10:12:00,1762749720000,SENSEX,retrieval,,,20,180,2025-11-10T11:06:00,1762752960000,54,743.0
2025-11-10T10:12:00,1762749720000,SENSEX,retrieval,,,20,180,2025-11-10T11:07:00,1762753020000,55,743.0
2025-11-10T10:12:00,1762749720000,SENSEX,retrieval,,,20,180,2025-11-10T11:08:00,1762753080000,56,743.0
2025-11-10T10:12:00,1762749720000,SENSEX,retrieval,,,20,180,2025-11-10T11:09:00,1762753140000,57,743.0
2025-11-10T10:12:00,1762749720000,SENSEX,retrieval,,,20,180,2025-11-10T11:10:00,1762753200000,58,743.0
2025-11-10T10:12:00,1762749720000,SENSEX,retrieval,,,20,180,2025-11-10T11:11:00,1762753260000,59,743.0
2025-11-10T10:12:00,1762749720000,SENSEX,retrieval,,,20,180,2025-11-10T11:12:00,1762753320000,60,743.0
2025-11-10T10:12:00,1762749720000,SENSEX,hybrid,0.8928571428571429,,15,60,2025-11-10T10:13:00,1762749780000,1,743.0
2025-11-10T10:12:00,1762749720000,SENSEX,hybrid,0.8928571428571429,,15,60,2025-11-10T10:14:00,1762749840000,2,742.980978841134
2025-11-10T10:12:00,1762749720000,SENSEX,hybrid,0.8928571428571429,,15,60,2025-11-10T10:15:00,1762749900000,3,742.4334999418669
2025-11-10T10:12:00,1762749720000,SENSEX,hybrid,0.8928571428571429,,15,60,2025-11-10T10:16:00,1762749960000,4,742.0449835391368
2025-11-10T10:12:00,1762749720000,SENSEX,hybrid,0.8928571428571429,,15,60,2025-11-10T10:17:00,1762750020000,5,741.4496877377269
2025-11-10T10:12:00,1762749720000,SENSEX,hybrid,0.8928571428571429,,15,60,2025-11-10T10:18:00,1762750080000,6,740.453687502747
2025-11-10T10:12:00,1762749720000,SENSEX,hybrid,0.8928571428571429,,15,60,2025-11-10T10:19:00,1762750140000,7,743.2807572983644
2025-11-10T10:12:00,1762749720000,SENSEX,hybrid,0.8928571428571429,,15,60,2025-11-10T10:20:00,1762750200000,8,743.6418414096927
2025-11-10T10:12:00,1762749720000,SENSEX,hybrid,0.8928571428571429,,15,60,2025-11-10T10:21:00,1762750260000,9,741.3921415248093
2025-11-10T10:12:00,1762749720000,SENSEX,hybrid,0.8928571428571429,,15,60,2025-11-10T10:22:00,1762750320000,10,743.8349543449247
2025-11-10T10:12:00,1762749720000,SENSEX,hybrid,0.8928571428571429,,15,60,2025-11-10T10:23:00,1762750380000,11,743.6796330438278
2025-11-10T10:12:00,1762749720000,SENSEX,hybrid,0.8928571428571429,,15,60,2025-11-10T10:24:00,1762750440000,12,741.1403473295421
2025-11-10T10:12:00,1762749720000,SENSEX,hybrid,0.8928571428571429,,15,60,2025-11-10T10:25:00,1762750500000,13,742.5420541758623
2025-11-10T10:12:00,1762749720000,SENSEX,hybrid,0.8928571428571429,,15,60,2025-11-10T10:26:00,1762750560000,14,741.792173331846
2025-11-10T10:12:00,1762749720000,SENSEX,hybrid,0.8928571428571429,,15,60,2025-11-10T10:27:00,1762750620000,15,741.1615034175779
2025-11-10T10:12:00,1762749720000,SENSEX,hybrid,0.8928571428571429,,15,60,2025-11-10T10:28:00,1762750680000,16,741.3236017860145
2025-11-10T10:12:00,1762749720000,SENSEX,hybrid,0.8928571428571429,,15,60,2025-11-10T10:29:00,1762750740000,17,741.2470229631308
2025-11-10T10:12:00,1762749720000,SENSEX,hybrid,0.8928571428571429,,15,60,2025-11-10T10:30:00,1762750800000,18,739.0550619355555
2025-11-10T10:12:00,1762749720000,SENSEX,hybrid,0.8928571428571429,,15,60,2025-11-10T10:31:00,1762750860000,19,741.0789605108525
2025-11-10T10:12:00,1762749720000,SENSEX,hybrid,0.8928571428571429,,15,60,2025-11-10T10:32:00,1762750920000,20,741.5590608759411
2025-11-10T10:12:00,1762749720000,SENSEX,hybrid,0.8928571428571429,,15,60,2025-11-10T10:33:00,1762750980000,21,739.7163934328019
2025-11-10T10:12:00,1762749720000,SENSEX,hybrid,0.8928571428571429,,15,60,2025-11-10T10:34:00,1762751040000,22,741.5147899129589
2025-11-10T10:12:00,1762749720000,SENSEX,hybrid,0.8928571428571429,,15,60,2025-11-10T10:35:00,1762751100000,23,741.8858996064228
2025-11-10T10:12:00,1762749720000,SENSEX,hybrid,0.8928571428571429,,15,60,2025-11-10T10:36:00,1762751160000,24,739.8770210202683
2025-11-10T10:12:00,1762749720000,SENSEX,hybrid,0.8928571428571429,,15,60,2025-11-10T10:37:00,1762751220000,25,740.3827566708934
2025-11-10T10:12:00,1762749720000,SENSEX,hybrid,0.8928571428571429,,15,60,2025-11-10T10:38:00,1762751280000,26,739.9337360646932
2025-11-10T10:12:00,1762749720000,SENSEX,hybrid,0.8928571428571429,,15,60,2025-11-10T10:39:00,1762751340000,27,738.4481523007734
2025-11-10T10:12:00,1762749720000,SENSEX,hybrid,0.8928571428571429,,15,60,2025-11-10T10:40:00,1762751400000,28,737.7548959313816
2025-11-10T10:12:00,1762749720000,SENSEX,hybrid,0.8928571428571429,,15,60,2025-11-10T10:41:00,1762751460000,29,738.372709780127
2025-11-10T10:12:00,1762749720000,SENSEX,hybrid,0.8928571428571429,,15,60,2025-11-10T10:42:00,1762751520000,30,736.4017690106085
2025-11-10T10:12:00,1762749720000,SENSEX,hybrid,0.8928571428571429,,15,60,2025-11-10T10:43:00,1762751580000,31,737.8594349717987
2025-11-10T10:12:00,1762749720000,SENSEX,hybrid,0.8928571428571429,,15,60,2025-11-10T10:44:00,1762751640000,32,737.187579113453
2025-11-10T10:12:00,1762749720000,SENSEX,hybrid,0.8928571428571429,,15,60,2025-11-10T10:45:00,1762751700000,33,736.044935479376
2025-11-10T10:12:00,1762749720000,SENSEX,hybrid,0.8928571428571429,,15,60,2025-11-10T10:46:00,1762751760000,34,736.9080015612485
2025-11-10T10:12:00,1762749720000,SENSEX,hybrid,0.8928571428571429,,15,60,2025-11-10T10:47:00,1762751820000,35,736.4282477393224
2025-11-10T10:12:00,1762749720000,SENSEX,hybrid,0.8928571428571429,,15,60,2025-11-10T10:48:00,1762751880000,36,736.9892728291316
2025-11-10T10:12:00,1762749720000,SENSEX,hybrid,0.8928571428571429,,15,60,2025-11-10T10:49:00,1762751940000,37,736.102628122966
2025-11-10T10:12:00,1762749720000,SENSEX,hybrid,0.8928571428571429,,15,60,2025-11-10T10:50:00,1762752000000,38,736.7854958806638
2025-11-10T10:12:00,1762749720000,SENSEX,hybrid,0.8928571428571429,,15,60,2025-11-10T10:51:00,1762752060000,39,736.9587892459535
2025-11-10T10:12:00,1762749720000,SENSEX,hybrid,0.8928571428571429,,15,60,2025-11-10T10:52:00,1762752120000,40,736.9652516191602
2025-11-10T10:12:00,1762749720000,SENSEX,hybrid,0.8928571428571429,,15,60,2025-11-10T10:53:00,1762752180000,41,738.0237722783386
2025-11-10T10:12:00,1762749720000,SENSEX,hybrid,0.8928571428571429,,15,60,2025-11-10T10:54:00,1762752240000,42,737.7291294211958
2025-11-10T10:12:00,1762749720000,SENSEX,hybrid,0.8928571428571429,,15,60,2025-11-10T10:55:00,1762752300000,43,738.9150224491055
2025-11-10T10:12:00,1762749720000,SENSEX,hybrid,0.8928571428571429,,15,60,2025-11-10T10:56:00,1762752360000,44,739.2342412499004
2025-11-10T10:12:00,1762749720000,SENSEX,hybrid,0.8928571428571429,,15,60,2025-11-10T10:57:00,1762752420000,45,739.0639072902444
2025-11-10T10:12:00,1762749720000,SENSEX,hybrid,0.8928571428571429,,15,60,2025-11-10T10:58:00,1762752480000,46,740.0248424351382
2025-11-10T10:12:00,1762749720000,SENSEX,hybrid,0.8928571428571429,,15,60,2025-11-10T10:59:00,1762752540000,47,739.9994190780777
2025-11-10T10:12:00,1762749720000,SENSEX,hybrid,0.8928571428571429,,15,60,2025-11-10T11:00:00,1762752600000,48,740.0512717430759
2025-11-10T10:12:00,1762749720000,SENSEX,hybrid,0.8928571428571429,,15,60,2025-11-10T11:01:00,1762752660000,49,740.5939049250377
2025-11-10T10:12:00,1762749720000,SENSEX,hybrid,0.8928571428571429,,15,60,2025-11-10T11:02:00,1762752720000,50,740.2167362485811
2025-11-10T10:12:00,1762749720000,SENSEX,hybrid,0.8928571428571429,,15,60,2025-11-10T11:03:00,1762752780000,51,739.7974367459345
2025-11-10T10:12:00,1762749720000,SENSEX,hybrid,0.8928571428571429,,15,60,2025-11-10T11:04:00,1762752840000,52,740.5114950217296
2025-11-10T10:12:00,1762749720000,SENSEX,hybrid,0.8928571428571429,,15,60,2025-11-10T11:05:00,1762752900000,53,739.9520183583932
2025-11-10T10:12:00,1762749720000,SENSEX,hybrid,0.8928571428571429,,15,60,2025-11-10T11:06:00,1762752960000,54,733.9219053727304
2025-11-10T10:12:00,1762749720000,SENSEX,hybrid,0.8928571428571429,,15,60,2025-11-10T11:07:00,1762753020000,55,740.4310542303602
2025-11-10T10:12:00,1762749720000,SENSEX,hybrid,0.8928571428571429,,15,60,2025-11-10T11:08:00,1762753080000,56,738.4383305022951
2025-11-10T10:12:00,1762749720000,SENSEX,hybrid,0.8928571428571429,,15,60,2025-11-10T11:09:00,1762753140000,57,738.920710678171
2025-11-10T10:12:00,1762749720000,SENSEX,hybrid,0.8928571428571429,,15,60,2025-11-10T11:10:00,1762753200000,58,735.886648676887
2025-11-10T10:12:00,1762749720000,SENSEX,hybrid,0.8928571428571429,,15,60,2025-11-10T11:11:00,1762753260000,59,739.0133684145654
2025-11-10T10:12:00,1762749720000,SENSEX,hybrid,0.8928571428571429,,15,60,2025-11-10T11:12:00,1762753320000,60,735.949979048632
2025-11-10T10:12:00,1762749720000,SENSEX,hybrid,0.8928571428571429,,15,60,2025-11-10T10:13:00,1762749780000,1,743.0
2025-11-10T10:12:00,1762749720000,SENSEX,hybrid,0.8928571428571429,,15,60,2025-11-10T10:14:00,1762749840000,2,742.980978841134
2025-11-10T10:12:00,1762749720000,SENSEX,hybrid,0.8928571428571429,,15,60,2025-11-10T10:15:00,1762749900000,3,742.4334999418669
2025-11-10T10:12:00,1762749720000,SENSEX,hybrid,0.8928571428571429,,15,60,2025-11-10T10:16:00,1762749960000,4,742.0449835391368
2025-11-10T10:12:00,1762749720000,SENSEX,hybrid,0.8928571428571429,,15,60,2025-11-10T10:17:00,1762750020000,5,741.4496877377269
2025-11-10T10:12:00,1762749720000,SENSEX,hybrid,0.8928571428571429,,15,60,2025-11-10T10:18:00,1762750080000,6,740.453687502747
2025-11-10T10:12:00,1762749720000,SENSEX,hybrid,0.8928571428571429,,15,60,2025-11-10T10:19:00,1762750140000,7,743.2807572983644
2025-11-10T10:12:00,1762749720000,SENSEX,hybrid,0.8928571428571429,,15,60,2025-11-10T10:20:00,1762750200000,8,743.6418414096927
2025-11-10T10:12:00,1762749720000,SENSEX,hybrid,0.8928571428571429,,15,60,2025-11-10T10:21:00,1762750260000,9,741.3921415248093
2025-11-10T10:12:00,1762749720000,SENSEX,hybrid,0.8928571428571429,,15,60,2025-11-10T10:22:00,1762750320000,10,743.8349543449247
2025-11-10T10:12:00,1762749720000,SENSEX,hybrid,0.8928571428571429,,15,60,2025-11-10T10:23:00,1762750380000,11,743.6796330438278
2025-11-10T10:12:00,1762749720000,SENSEX,hybrid,0.8928571428571429,,15,60,2025-11-10T10:24:00,1762750440000,12,741.1403473295421
2025-11-10T10:12:00,1762749720000,SENSEX,hybrid,0.8928571428571429,,15,60,2025-11-10T10:25:00,1762750500000,13,742.5420541758623
2025-11-10T10:12:00,1762749720000,SENSEX,hybrid,0.8928571428571429,,15,60,2025-11-10T10:26:00,1762750560000,14,741.792173331846
2025-11-10T10:12:00,1762749720000,SENSEX,hybrid,0.8928571428571429,,15,60,2025-11-10T10:27:00,1762750620000,15,741.1615034175779
2025-11-10T10:12:00,1762749720000,SENSEX,hybrid,0.8928571428571429,,15,60,2025-11-10T10:28:00,1762750680000,16,741.3236017860145
2025-11-10T10:12:00,1762749720000,SENSEX,hybrid,0.8928571428571429,,15,60,2025-11-10T10:29:00,1762750740000,17,741.2470229631308
2025-11-10T10:12:00,1762749720000,SENSEX,hybrid,0.8928571428571429,,15,60,2025-11-10T10:30:00,1762750800000,18,739.0550619355555
2025-11-10T10:12:00,1762749720000,SENSEX,hybrid,0.8928571428571429,,15,60,2025-11-10T10:31:00,1762750860000,19,741.0789605108525
2025-11-10T10:12:00,1762749720000,SENSEX,hybrid,0.8928571428571429,,15,60,2025-11-10T10:32:00,1762750920000,20,741.5590608759411
2025-11-10T10:12:00,1762749720000,SENSEX,hybrid,0.8928571428571429,,15,60,2025-11-10T10:33:00,1762750980000,21,739.7163934328019
2025-11-10T10:12:00,1762749720000,SENSEX,hybrid,0.8928571428571429,,15,60,2025-11-10T10:34:00,1762751040000,22,741.5147899129589
2025-11-10T10:12:00,1762749720000,SENSEX,hybrid,0.8928571428571429,,15,60,2025-11-10T10:35:00,1762751100000,23,741.8858996064228
2025-11-10T10:12:00,1762749720000,SENSEX,hybrid,0.8928571428571429,,15,60,2025-11-10T10:36:00,1762751160000,24,739.8770210202683
2025-11-10T10:12:00,1762749720000,SENSEX,hybrid,0.8928571428571429,,15,60,2025-11-10T10:37:00,1762751220000,25,740.3827566708934
2025-11-10T10:12:00,1762749720000,SENSEX,hybrid,0.8928571428571429,,15,60,2025-11-10T10:38:00,1762751280000,26,739.9337360646932
2025-11-10T10:12:00,1762749720000,SENSEX,hybrid,0.8928571428571429,,15,60,2025-11-10T10:39:00,1762751340000,27,738.4481523007734
2025-11-10T10:12:00,1762749720000,SENSEX,hybrid,0.8928571428571429,,15,60,2025-11-10T10:40:00,1762751400000,28,737.7548959313816
2025-11-10T10:12:00,1762749720000,SENSEX,hybrid,0.8928571428571429,,15,60,2025-11-10T10:41:00,1762751460000,29,738.372709780127
2025-11-10T10:12:00,1762749720000,SENSEX,hybrid,0.8928571428571429,,15,60,2025-11-10T10:42:00,1762751520000,30,736.4017690106085
2025-11-10T10:12:00,1762749720000,SENSEX,hybrid,0.8928571428571429,,15,60,2025-11-10T10:43:00,1762751580000,31,737.8594349717987
2025-11-10T10:12:00,1762749720000,SENSEX,hybrid,0.8928571428571429,,15,60,2025-11-10T10:44:00,1762751640000,32,737.187579113453
2025-11-10T10:12:00,1762749720000,SENSEX,hybrid,0.8928571428571429,,15,60,2025-11-10T10:45:00,1762751700000,33,736.044935479376
2025-11-10T10:12:00,1762749720000,SENSEX,hybrid,0.8928571428571429,,15,60,2025-11-10T10:46:00,1762751760000,34,736.9080015612485
2025-11-10T10:12:00,1762749720000,SENSEX,hybrid,0.8928571428571429,,15,60,2025-11-10T10:47:00,1762751820000,35,736.4282477393224
2025-11-10T10:12:00,1762749720000,SENSEX,hybrid,0.8928571428571429,,15,60,2025-11-10T10:48:00,1762751880000,36,736.9892728291316
2025-11-10T10:12:00,1762749720000,SENSEX,hybrid,0.8928571428571429,,15,60,2025-11-10T10:49:00,1762751940000,37,736.102628122966
2025-11-10T10:12:00,1762749720000,SENSEX,hybrid,0.8928571428571429,,15,60,2025-11-10T10:50:00,1762752000000,38,736.7854958806638
2025-11-10T10:12:00,1762749720000,SENSEX,hybrid,0.8928571428571429,,15,60,2025-11-10T10:51:00,1762752060000,39,736.9587892459535
2025-11-10T10:12:00,1762749720000,SENSEX,hybrid,0.8928571428571429,,15,60,2025-11-10T10:52:00,1762752120000,40,736.9652516191602
2025-11-10T10:12:00,1762749720000,SENSEX,hybrid,0.8928571428571429,,15,60,2025-11-10T10:53:00,1762752180000,41,738.0237722783386
2025-11-10T10:12:00,1762749720000,SENSEX,hybrid,0.8928571428571429,,15,60,2025-11-10T10:54:00,1762752240000,42,737.7291294211958
2025-11-10T10:12:00,1762749720000,SENSEX,hybrid,0.8928571428571429,,15,60,2025-11-10T10:55:00,1762752300000,43,738.9150224491055
2025-11-10T10:12:00,1762749720000,SENSEX,hybrid,0.8928571428571429,,15,60,2025-11-10T10:56:00,1762752360000,44,739.2342412499004
2025-11-10T10:12:00,1762749720000,SENSEX,hybrid,0.8928571428571429,,15,60,2025-11-10T10:57:00,1762752420000,45,739.0639072902444
2025-11-10T10:12:00,1762749720000,SENSEX,hybrid,0.8928571428571429,,15,60,2025-11-10T10:58:00,1762752480000,46,740.0248424351382
2025-11-10T10:12:00,1762749720000,SENSEX,hybrid,0.8928571428571429,,15,60,2025-11-10T10:59:00,1762752540000,47,739.9994190780777
2025-11-10T10:12:00,1762749720000,SENSEX,hybrid,0.8928571428571429,,15,60,2025-11-10T11:00:00,1762752600000,48,740.0512717430759
2025-11-10T10:12:00,1762749720000,SENSEX,hybrid,0.8928571428571429,,15,60,2025-11-10T11:01:00,1762752660000,49,740.5939049250377
2025-11-10T10:12:00,1762749720000,SENSEX,hybrid,0.8928571428571429,,15,60,2025-11-10T11:02:00,1762752720000,50,740.2167362485811
2025-11-10T10:12:00,1762749720000,SENSEX,hybrid,0.8928571428571429,,15,60,2025-11-10T11:03:00,1762752780000,51,739.7974367459345
2025-11-10T10:12:00,1762749720000,SENSEX,hybrid,0.8928571428571429,,15,60,2025-11-10T11:04:00,1762752840000,52,740.5114950217296
2025-11-10T10:12:00,1762749720000,SENSEX,hybrid,0.8928571428571429,,15,60,2025-11-10T11:05:00,1762752900000,53,739.9520183583932
2025-11-10T10:12:00,1762749720000,SENSEX,hybrid,0.8928571428571429,,15,60,2025-11-10T11:06:00,1762752960000,54,733.9219053727304
2025-11-10T10:12:00,1762749720000,SENSEX,hybrid,0.8928571428571429,,15,60,2025-11-10T11:07:00,1762753020000,55,740.4310542303602
2025-11-10T10:12:00,1762749720000,SENSEX,hybrid,0.8928571428571429,,15,60,2025-11-10T11:08:00,1762753080000,56,738.4383305022951
2025-11-10T10:12:00,1762749720000,SENSEX,hybrid,0.8928571428571429,,15,60,2025-11-10T11:09:00,1762753140000,57,738.920710678171
2025-11-10T10:12:00,1762749720000,SENSEX,hybrid,0.8928571428571429,,15,60,2025-11-10T11:10:00,1762753200000,58,735.886648676887
2025-11-10T10:12:00,1762749720000,SENSEX,hybrid,0.8928571428571429,,15,60,2025-11-10T11:11:00,1762753260000,59,739.0133684145654
2025-11-10T10:12:00,1762749720000,SENSEX,hybrid,0.8928571428571429,,15,60,2025-11-10T11:12:00,1762753320000,60,735.949979048632
2025-11-10T10:12:00,1762749720000,SENSEX,hybrid,0.8928571428571429,,15,60,2025-11-10T10:13:00,1762749780000,1,743.0
2025-11-10T10:12:00,1762749720000,SENSEX,hybrid,0.8928571428571429,,15,60,2025-11-10T10:14:00,1762749840000,2,742.980978841134
2025-11-10T10:12:00,1762749720000,SENSEX,hybrid,0.8928571428571429,,15,60,2025-11-10T10:15:00,1762749900000,3,742.4334999418669
2025-11-10T10:12:00,1762749720000,SENSEX,hybrid,0.8928571428571429,,15,60,2025-11-10T10:16:00,1762749960000,4,742.0449835391368
2025-11-10T10:12:00,1762749720000,SENSEX,hybrid,0.8928571428571429,,15,60,2025-11-10T10:17:00,1762750020000,5,741.4496877377269
2025-11-10T10:12:00,1762749720000,SENSEX,hybrid,0.8928571428571429,,15,60,2025-11-10T10:18:00,1762750080000,6,740.453687502747
2025-11-10T10:12:00,1762749720000,SENSEX,hybrid,0.8928571428571429,,15,60,2025-11-10T10:19:00,1762750140000,7,743.2807572983644
2025-11-10T10:12:00,1762749720000,SENSEX,hybrid,0.8928571428571429,,15,60,2025-11-10T10:20:00,1762750200000,8,743.6418414096927
2025-11-10T10:12:00,1762749720000,SENSEX,hybrid,0.8928571428571429,,15,60,2025-11-10T10:21:00,1762750260000,9,741.3921415248093
2025-11-10T10:12:00,1762749720000,SENSEX,hybrid,0.8928571428571429,,15,60,2025-11-10T10:22:00,1762750320000,10,743.8349543449247
2025-11-10T10:12:00,1762749720000,SENSEX,hybrid,0.8928571428571429,,15,60,2025-11-10T10:23:00,1762750380000,11,743.6796330438278
2025-11-10T10:12:00,1762749720000,SENSEX,hybrid,0.8928571428571429,,15,60,2025-11-10T10:24:00,1762750440000,12,741.1403473295421
2025-11-10T10:12:00,1762749720000,SENSEX,hybrid,0.8928571428571429,,15,60,2025-11-10T10:25:00,1762750500000,13,742.5420541758623
2025-11-10T10:12:00,1762749720000,SENSEX,hybrid,0.8928571428571429,,15,60,2025-11-10T10:26:00,1762750560000,14,741.792173331846
2025-11-10T10:12:00,1762749720000,SENSEX,hybrid,0.8928571428571429,,15,60,2025-11-10T10:27:00,1762750620000,15,741.1615034175779
2025-11-10T10:12:00,1762749720000,SENSEX,hybrid,0.8928571428571429,,15,60,2025-11-10T10:28:00,1762750680000,16,741.3236017860145
2025-11-10T10:12:00,1762749720000,SENSEX,hybrid,0.8928571428571429,,15,60,2025-11-10T10:29:00,1762750740000,17,741.2470229631308
2025-11-10T10:12:00,1762749720000,SENSEX,hybrid,0.8928571428571429,,15,60,2025-11-10T10:30:00,1762750800000,18,739.0550619355555
2025-11-10T10:12:00,1762749720000,SENSEX,hybrid,0.8928571428571429,,15,60,2025-11-10T10:31:00,1762750860000,19,741.0789605108525
2025-11-10T10:12:00,1762749720000,SENSEX,hybrid,0.8928571428571429,,15,60,2025-11-10T10:32:00,1762750920000,20,741.5590608759411
2025-11-10T10:12:00,1762749720000,SENSEX,hybrid,0.8928571428571429,,15,60,2025-11-10T10:33:00,1762750980000,21,739.7163934328019
2025-11-10T10:12:00,1762749720000,SENSEX,hybrid,0.8928571428571429,,15,60,2025-11-10T10:34:00,1762751040000,22,741.5147899129589
2025-11-10T10:12:00,1762749720000,SENSEX,hybrid,0.8928571428571429,,15,60,2025-11-10T10:35:00,1762751100000,23,741.8858996064228
2025-11-10T10:12:00,1762749720000,SENSEX,hybrid,0.8928571428571429,,15,60,2025-11-10T10:36:00,1762751160000,24,739.8770210202683
2025-11-10T10:12:00,1762749720000,SENSEX,hybrid,0.8928571428571429,,15,60,2025-11-10T10:37:00,1762751220000,25,740.3827566708934
2025-11-10T10:12:00,1762749720000,SENSEX,hybrid,0.8928571428571429,,15,60,2025-11-10T10:38:00,1762751280000,26,739.9337360646932
2025-11-10T10:12:00,1762749720000,SENSEX,hybrid,0.8928571428571429,,15,60,2025-11-10T10:39:00,1762751340000,27,738.4481523007734
2025-11-10T10:12:00,1762749720000,SENSEX,hybrid,0.8928571428571429,,15,60,2025-11-10T10:40:00,1762751400000,28,737.7548959313816
2025-11-10T10:12:00,1762749720000,SENSEX,hybrid,0.8928571428571429,,15,60,2025-11-10T10:41:00,1762751460000,29,738.372709780127
2025-11-10T10:12:00,1762749720000,SENSEX,hybrid,0.8928571428571429,,15,60,2025-11-10T10:42:00,1762751520000,30,736.4017690106085
2025-11-10T10:12:00,1762749720000,SENSEX,hybrid,0.8928571428571429,,15,60,2025-11-10T10:43:00,1762751580000,31,737.8594349717987
2025-11-10T10:12:00,1762749720000,SENSEX,hybrid,0.8928571428571429,,15,60,2025-11-10T10:44:00,1762751640000,32,737.187579113453
2025-11-10T10:12:00,1762749720000,SENSEX,hybrid,0.8928571428571429,,15,60,2025-11-10T10:45:00,1762751700000,33,736.044935479376
2025-11-10T10:12:00,1762749720000,SENSEX,hybrid,0.8928571428571429,,15,60,2025-11-10T10:46:00,1762751760000,34,736.9080015612485
2025-11-10T10:12:00,1762749720000,SENSEX,hybrid,0.8928571428571429,,15,60,2025-11-10T10:47:00,1762751820000,35,736.4282477393224
2025-11-10T10:12:00,1762749720000,SENSEX,hybrid,0.8928571428571429,,15,60,2025-11-10T10:48:00,1762751880000,36,736.9892728291316
2025-11-10T10:12:00,1762749720000,SENSEX,hybrid,0.8928571428571429,,15,60,2025-11-10T10:49:00,1762751940000,37,736.102628122966
2025-11-10T10:12:00,1762749720000,SENSEX,hybrid,0.8928571428571429,,15,60,2025-11-10T10:50:00,1762752000000,38,736.7854958806638
2025-11-10T10:12:00,1762749720000,SENSEX,hybrid,0.8928571428571429,,15,60,2025-11-10T10:51:00,1762752060000,39,736.9587892459535
2025-11-10T10:12:00,1762749720000,SENSEX,hybrid,0.8928571428571429,,15,60,2025-11-10T10:52:00,1762752120000,40,736.9652516191602
2025-11-10T10:12:00,1762749720000,SENSEX,hybrid,0.8928571428571429,,15,60,2025-11-10T10:53:00,1762752180000,41,738.0237722783386
2025-11-10T10:12:00,1762749720000,SENSEX,hybrid,0.8928571428571429,,15,60,2025-11-10T10:54:00,1762752240000,42,737.7291294211958
2025-11-10T10:12:00,1762749720000,SENSEX,hybrid,0.8928571428571429,,15,60,2025-11-10T10:55:00,1762752300000,43,738.9150224491055
2025-11-10T10:12:00,1762749720000,SENSEX,hybrid,0.8928571428571429,,15,60,2025-11-10T10:56:00,1762752360000,44,739.2342412499004
2025-11-10T10:12:00,1762749720000,SENSEX,hybrid,0.8928571428571429,,15,60,2025-11-10T10:57:00,1762752420000,45,739.0639072902444
2025-11-10T10:12:00,1762749720000,SENSEX,hybrid,0.8928571428571429,,15,60,2025-11-10T10:58:00,1762752480000,46,740.0248424351382
2025-11-10T10:12:00,1762749720000,SENSEX,hybrid,0.8928571428571429,,15,60,2025-11-10T10:59:00,1762752540000,47,739.9994190780777
2025-11-10T10:12:00,1762749720000,SENSEX,hybrid,0.8928571428571429,,15,60,2025-11-10T11:00:00,1762752600000,48,740.0512717430759
2025-11-10T10:12:00,1762749720000,SENSEX,hybrid,0.8928571428571429,,15,60,2025-11-10T11:01:00,1762752660000,49,740.5939049250377
2025-11-10T10:12:00,1762749720000,SENSEX,hybrid,0.8928571428571429,,15,60,2025-11-10T11:02:00,1762752720000,50,740.2167362485811
2025-11-10T10:12:00,1762749720000,SENSEX,hybrid,0.8928571428571429,,15,60,2025-11-10T11:03:00,1762752780000,51,739.7974367459345
2025-11-10T10:12:00,1762749720000,SENSEX,hybrid,0.8928571428571429,,15,60,2025-11-10T11:04:00,1762752840000,52,740.5114950217296
2025-11-10T10:12:00,1762749720000,SENSEX,hybrid,0.8928571428571429,,15,60,2025-11-10T11:05:00,1762752900000,53,739.9520183583932
2025-11-10T10:12:00,1762749720000,SENSEX,hybrid,0.8928571428571429,,15,60,2025-11-10T11:06:00,1762752960000,54,733.9219053727304
2025-11-10T10:12:00,1762749720000,SENSEX,hybrid,0.8928571428571429,,15,60,2025-11-10T11:07:00,1762753020000,55,740.4310542303602
2025-11-10T10:12:00,1762749720000,SENSEX,hybrid,0.8928571428571429,,15,60,2025-11-10T11:08:00,1762753080000,56,738.4383305022951
2025-11-10T10:12:00,1762749720000,SENSEX,hybrid,0.8928571428571429,,15,60,2025-11-10T11:09:00,1762753140000,57,738.920710678171
2025-11-10T10:12:00,1762749720000,SENSEX,hybrid,0.8928571428571429,,15,60,2025-11-10T11:10:00,1762753200000,58,735.886648676887
2025-11-10T10:12:00,1762749720000,SENSEX,hybrid,0.8928571428571429,,15,60,2025-11-10T11:11:00,1762753260000,59,739.0133684145654
2025-11-10T10:12:00,1762749720000,SENSEX,hybrid,0.8928571428571429,,15,60,2025-11-10T11:12:00,1762753320000,60,735.949979048632
2025-11-10T10:12:00,1762749720000,SENSEX,hybrid,0.8928571428571429,,15,60,2025-11-10T10:13:00,1762749780000,1,743.0
2025-11-10T10:12:00,1762749720000,SENSEX,hybrid,0.8928571428571429,,15,60,2025-11-10T10:14:00,1762749840000,2,742.980978841134
2025-11-10T10:12:00,1762749720000,SENSEX,hybrid,0.8928571428571429,,15,60,2025-11-10T10:15:00,1762749900000,3,742.4334999418669
2025-11-10T10:12:00,1762749720000,SENSEX,hybrid,0.8928571428571429,,15,60,2025-11-10T10:16:00,1762749960000,4,742.0449835391368
2025-11-10T10:12:00,1762749720000,SENSEX,hybrid,0.8928571428571429,,15,60,2025-11-10T10:17:00,1762750020000,5,741.4496877377269
2025-11-10T10:12:00,1762749720000,SENSEX,hybrid,0.8928571428571429,,15,60,2025-11-10T10:18:00,1762750080000,6,740.453687502747
2025-11-10T10:12:00,1762749720000,SENSEX,hybrid,0.8928571428571429,,15,60,2025-11-10T10:19:00,1762750140000,7,743.2807572983644
2025-11-10T10:12:00,1762749720000,SENSEX,hybrid,0.8928571428571429,,15,60,2025-11-10T10:20:00,1762750200000,8,743.6418414096927
2025-11-10T10:12:00,1762749720000,SENSEX,hybrid,0.8928571428571429,,15,60,2025-11-10T10:21:00,1762750260000,9,741.3921415248093
2025-11-10T10:12:00,1762749720000,SENSEX,hybrid,0.8928571428571429,,15,60,2025-11-10T10:22:00,1762750320000,10,743.8349543449247
2025-11-10T10:12:00,1762749720000,SENSEX,hybrid,0.8928571428571429,,15,60,2025-11-10T10:23:00,1762750380000,11,743.6796330438278
2025-11-10T10:12:00,1762749720000,SENSEX,hybrid,0.8928571428571429,,15,60,2025-11-10T10:24:00,1762750440000,12,741.1403473295421
2025-11-10T10:12:00,1762749720000,SENSEX,hybrid,0.8928571428571429,,15,60,2025-11-10T10:25:00,1762750500000,13,742.5420541758623
2025-11-10T10:12:00,1762749720000,SENSEX,hybrid,0.8928571428571429,,15,60,2025-11-10T10:26:00,1762750560000,14,741.792173331846
2025-11-10T10:12:00,1762749720000,SENSEX,hybrid,0.8928571428571429,,15,60,2025-11-10T10:27:00,1762750620000,15,741.1615034175779
2025-11-10T10:12:00,1762749720000,SENSEX,hybrid,0.8928571428571429,,15,60,2025-11-10T10:28:00,1762750680000,16,741.3236017860145
2025-11-10T10:12:00,1762749720000,SENSEX,hybrid,0.8928571428571429,,15,60,2025-11-10T10:29:00,1762750740000,17,741.2470229631308
2025-11-10T10:12:00,1762749720000,SENSEX,hybrid,0.8928571428571429,,15,60,2025-11-10T10:30:00,1762750800000,18,739.0550619355555
2025-11-10T10:12:00,1762749720000,SENSEX,hybrid,0.8928571428571429,,15,60,2025-11-10T10:31:00,1762750860000,19,741.0789605108525
2025-11-10T10:12:00,1762749720000,SENSEX,hybrid,0.8928571428571429,,15,60,2025-11-10T10:32:00,1762750920000,20,741.5590608759411
2025-11-10T10:12:00,1762749720000,SENSEX,hybrid,0.8928571428571429,,15,60,2025-11-10T10:33:00,1762750980000,21,739.7163934328019
2025-11-10T10:12:00,1762749720000,SENSEX,hybrid,0.8928571428571429,,15,60,2025-11-10T10:34:00,1762751040000,22,741.5147899129589
2025-11-10T10:12:00,1762749720000,SENSEX,hybrid,0.8928571428571429,,15,60,2025-11-10T10:35:00,1762751100000,23,741.8858996064228
2025-11-10T10:12:00,1762749720000,SENSEX,hybrid,0.8928571428571429,,15,60,2025-11-10T10:36:00,1762751160000,24,739.8770210202683
2025-11-10T10:12:00,1762749720000,SENSEX,hybrid,0.8928571428571429,,15,60,2025-11-10T10:37:00,1762751220000,25,740.3827566708934
2025-11-10T10:12:00,1762749720000,SENSEX,hybrid,0.8928571428571429,,15,60,2025-11-10T10:38:00,1762751280000,26,739.9337360646932
2025-11-10T10:12:00,1762749720000,SENSEX,hybrid,0.8928571428571429,,15,60,2025-11-10T10:39:00,1762751340000,27,738.4481523007734
2025-11-10T10:12:00,1762749720000,SENSEX,hybrid,0.8928571428571429,,15,60,2025-11-10T10:40:00,1762751400000,28,737.7548959313816
2025-11-10T10:12:00,1762749720000,SENSEX,hybrid,0.8928571428571429,,15,60,2025-11-10T10:41:00,1762751460000,29,738.372709780127
2025-11-10T10:12:00,1762749720000,SENSEX,hybrid,0.8928571428571429,,15,60,2025-11-10T10:42:00,1762751520000,30,736.4017690106085
2025-11-10T10:12:00,1762749720000,SENSEX,hybrid,0.8928571428571429,,15,60,2025-11-10T10:43:00,1762751580000,31,737.8594349717987
2025-11-10T10:12:00,1762749720000,SENSEX,hybrid,0.8928571428571429,,15,60,2025-11-10T10:44:00,1762751640000,32,737.187579113453
2025-11-10T10:12:00,1762749720000,SENSEX,hybrid,0.8928571428571429,,15,60,2025-11-10T10:45:00,1762751700000,33,736.044935479376
2025-11-10T10:12:00,1762749720000,SENSEX,hybrid,0.8928571428571429,,15,60,2025-11-10T10:46:00,1762751760000,34,736.9080015612485
2025-11-10T10:12:00,1762749720000,SENSEX,hybrid,0.8928571428571429,,15,60,2025-11-10T10:47:00,1762751820000,35,736.4282477393224
2025-11-10T10:12:00,1762749720000,SENSEX,hybrid,0.8928571428571429,,15,60,2025-11-10T10:48:00,1762751880000,36,736.9892728291316
2025-11-10T10:12:00,1762749720000,SENSEX,hybrid,0.8928571428571429,,15,60,2025-11-10T10:49:00,1762751940000,37,736.102628122966
2025-11-10T10:12:00,1762749720000,SENSEX,hybrid,0.8928571428571429,,15,60,2025-11-10T10:50:00,1762752000000,38,736.7854958806638
2025-11-10T10:12:00,1762749720000,SENSEX,hybrid,0.8928571428571429,,15,60,2025-11-10T10:51:00,1762752060000,39,736.9587892459535
2025-11-10T10:12:00,1762749720000,SENSEX,hybrid,0.8928571428571429,,15,60,2025-11-10T10:52:00,1762752120000,40,736.9652516191602
2025-11-10T10:12:00,1762749720000,SENSEX,hybrid,0.8928571428571429,,15,60,2025-11-10T10:53:00,1762752180000,41,738.0237722783386
2025-11-10T10:12:00,1762749720000,SENSEX,hybrid,0.8928571428571429,,15,60,2025-11-10T10:54:00,1762752240000,42,737.7291294211958
2025-11-10T10:12:00,1762749720000,SENSEX,hybrid,0.8928571428571429,,15,60,2025-11-10T10:55:00,1762752300000,43,738.9150224491055
2025-11-10T10:12:00,1762749720000,SENSEX,hybrid,0.8928571428571429,,15,60,2025-11-10T10:56:00,1762752360000,44,739.2342412499004
2025-11-10T10:12:00,1762749720000,SENSEX,hybrid,0.8928571428571429,,15,60,2025-11-10T10:57:00,1762752420000,45,739.0639072902444
2025-11-10T10:12:00,1762749720000,SENSEX,hybrid,0.8928571428571429,,15,60,2025-11-10T10:58:00,1762752480000,46,740.0248424351382
2025-11-10T10:12:00,1762749720000,SENSEX,hybrid,0.8928571428571429,,15,60,2025-11-10T10:59:00,1762752540000,47,739.9994190780777
2025-11-10T10:12:00,1762749720000,SENSEX,hybrid,0.8928571428571429,,15,60,2025-11-10T11:00:00,1762752600000,48,740.0512717430759
2025-11-10T10:12:00,1762749720000,SENSEX,hybrid,0.8928571428571429,,15,60,2025-11-10T11:01:00,1762752660000,49,740.5939049250377
2025-11-10T10:12:00,1762749720000,SENSEX,hybrid,0.8928571428571429,,15,60,2025-11-10T11:02:00,1762752720000,50,740.2167362485811
2025-11-10T10:12:00,1762749720000,SENSEX,hybrid,0.8928571428571429,,15,60,2025-11-10T11:03:00,1762752780000,51,739.7974367459345
2025-11-10T10:12:00,1762749720000,SENSEX,hybrid,0.8928571428571429,,15,60,2025-11-10T11:04:00,1762752840000,52,740.5114950217296
2025-11-10T10:12:00,1762749720000,SENSEX,hybrid,0.8928571428571429,,15,60,2025-11-10T11:05:00,1762752900000,53,739.9520183583932
2025-11-10T10:12:00,1762749720000,SENSEX,hybrid,0.8928571428571429,,15,60,2025-11-10T11:06:00,1762752960000,54,733.9219053727304
2025-11-10T10:12:00,1762749720000,SENSEX,hybrid,0.8928571428571429,,15,60,2025-11-10T11:07:00,1762753020000,55,740.4310542303602
2025-11-10T10:12:00,1762749720000,SENSEX,hybrid,0.8928571428571429,,15,60,2025-11-10T11:08:00,1762753080000,56,738.4383305022951
2025-11-10T10:12:00,1762749720000,SENSEX,hybrid,0.8928571428571429,,15,60,2025-11-10T11:09:00,1762753140000,57,738.920710678171
2025-11-10T10:12:00,1762749720000,SENSEX,hybrid,0.8928571428571429,,15,60,2025-11-10T11:10:00,1762753200000,58,735.886648676887
2025-11-10T10:12:00,1762749720000,SENSEX,hybrid,0.8928571428571429,,15,60,2025-11-10T11:11:00,1762753260000,59,739.0133684145654
2025-11-10T10:12:00,1762749720000,SENSEX,hybrid,0.8928571428571429,,15,60,2025-11-10T11:12:00,1762753320000,60,735.949979048632
2025-11-10T10:16:30,1762749990000,SENSEX,hybrid,0.8928571428571429,25,15,60,2025-11-10T10:17:30,1762750050000,1,753.0
2025-11-10T10:16:30,1762749990000,SENSEX,hybrid,0.8928571428571429,25,15,60,2025-11-10T10:18:30,1762750110000,2,752.7448137596523
2025-11-10T10:16:30,1762749990000,SENSEX,hybrid,0.8928571428571429,25,15,60,2025-11-10T10:19:30,1762750170000,3,749.4290412638919
2025-11-10T10:16:30,1762749990000,SENSEX,hybrid,0.8928571428571429,25,15,60,2025-11-10T10:20:30,1762750230000,4,751.5489639588542
2025-11-10T10:16:30,1762749990000,SENSEX,hybrid,0.8928571428571429,25,15,60,2025-11-10T10:21:30,1762750290000,5,751.0864954451375
2025-11-10T10:16:30,1762749990000,SENSEX,hybrid,0.8928571428571429,25,15,60,2025-11-10T10:22:30,1762750350000,6,750.0072708421258
2025-11-10T10:16:30,1762749990000,SENSEX,hybrid,0.8928571428571429,25,15,60,2025-11-10T10:23:30,1762750410000,7,752.6322751536914
2025-11-10T10:16:30,1762749990000,SENSEX,hybrid,0.8928571428571429,25,15,60,2025-11-10T10:24:30,1762750470000,8,752.9177448948778
2025-11-10T10:16:30,1762749990000,SENSEX,hybrid,0.8928571428571429,25,15,60,2025-11-10T10:25:30,1762750530000,9,750.6410508004652
2025-11-10T10:16:30,1762749990000,SENSEX,hybrid,0.8928571428571429,25,15,60,2025-11-10T10:26:30,1762750590000,10,753.3869971776327
2025-11-10T10:16:30,1762749990000,SENSEX,hybrid,0.8928571428571429,25,15,60,2025-11-10T10:27:30,1762750650000,11,752.806672546902
2025-11-10T10:16:30,1762749990000,SENSEX,hybrid,0.8928571428571429,25,15,60,2025-11-10T10:28:30,1762750710000,12,750.7110922098461
2025-11-10T10:16:30,1762749990000,SENSEX,hybrid,0.8928571428571429,25,15,60,2025-11-10T10:29:30,1762750770000,13,752.238047937404
2025-11-10T10:16:30,1762749990000,SENSEX,hybrid,0.8928571428571429,25,15,60,2025-11-10T10:30:30,1762750830000,14,751.392495143303
2025-11-10T10:16:30,1762749990000,SENSEX,hybrid,0.8928571428571429,25,15,60,2025-11-10T10:31:30,1762750890000,15,750.8933646464002
2025-11-10T10:16:30,1762749990000,SENSEX,hybrid,0.8928571428571429,25,15,60,2025-11-10T10:32:30,1762750950000,16,750.2736500998095
2025-11-10T10:16:30,1762749990000,SENSEX,hybrid,0.8928571428571429,25,15,60,2025-11-10T10:33:30,1762751010000,17,749.4990547176261
2025-11-10T10:16:30,1762749990000,SENSEX,hybrid,0.8928571428571429,25,15,60,2025-11-10T10:34:30,1762751070000,18,747.7841806409097
2025-11-10T10:16:30,1762749990000,SENSEX,hybrid,0.8928571428571429,25,15,60,2025-11-10T10:35:30,1762751130000,19,749.9361116639603
2025-11-10T10:16:30,1762749990000,SENSEX,hybrid,0.8928571428571429,25,15,60,2025-11-10T10:36:30,1762751190000,20,749.8168443397168
2025-11-10T10:16:30,1762749990000,SENSEX,hybrid,0.8928571428571429,25,15,60,2025-11-10T10:37:30,1762751250000,21,748.7992132747131
2025-11-10T10:16:30,1762749990000,SENSEX,hybrid,0.8928571428571429,25,15,60,2025-11-10T10:38:30,1762751310000,22,749.8787757299945
2025-11-10T10:16:30,1762749990000,SENSEX,hybrid,0.8928571428571429,25,15,60,2025-11-10T10:39:30,1762751370000,23,749.4663726308818
2025-11-10T10:16:30,1762749990000,SENSEX,hybrid,0.8928571428571429,25,15,60,2025-11-10T10:40:30,1762751430000,24,748.672010644755
2025-11-10T10:16:30,1762749990000,SENSEX,hybrid,0.8928571428571429,25,15,60,2025-11-10T10:41:30,1762751490000,25,749.0378912355073
2025-11-10T10:16:30,1762749990000,SENSEX,hybrid,0.8928571428571429,25,15,60,2025-11-10T10:42:30,1762751550000,26,750.1534325354661
2025-11-10T10:16:30,1762749990000,SENSEX,hybrid,0.8928571428571429,25,15,60,2025-11-10T10:43:30,1762751610000,27,749.5064782072311
2025-11-10T10:16:30,1762749990000,SENSEX,hybrid,0.8928571428571429,25,15,60,2025-11-10T10:44:30,1762751670000,28,748.0689720781548
2025-11-10T10:16:30,1762749990000,SENSEX,hybrid,0.8928571428571429,25,15,60,2025-11-10T10:45:30,1762751730000,29,748.2142032977283
2025-11-10T10:16:30,1762749990000,SENSEX,hybrid,0.8928571428571429,25,15,60,2025-11-10T10:46:30,1762751790000,30,748.677708654172
2025-11-10T10:16:30,1762749990000,SENSEX,hybrid,0.8928571428571429,25,15,60,2025-11-10T10:47:30,1762751850000,31,748.885047632125
2025-11-10T10:16:30,1762749990000,SENSEX,hybrid,0.8928571428571429,25,15,60,2025-11-10T10:48:30,1762751910000,32,748.8902121990593
2025-11-10T10:16:30,1762749990000,SENSEX,hybrid,0.8928571428571429,25,15,60,2025-11-10T10:49:30,1762751970000,33,747.4274474812185
2025-11-10T10:16:30,1762749990000,SENSEX,hybrid,0.8928571428571429,25,15,60,2025-11-10T10:50:30,1762752030000,34,747.9980194057429
2025-11-10T10:16:30,1762749990000,SENSEX,hybrid,0.8928571428571429,25,15,60,2025-11-10T10:51:30,1762752090000,35,748.6739448809576
2025-11-10T10:16:30,1762749990000,SENSEX,hybrid,0.8928571428571429,25,15,60,2025-11-10T10:52:30,1762752150000,36,748.0175220999045
2025-11-10T10:16:30,1762749990000,SENSEX,hybrid,0.8928571428571429,25,15,60,2025-11-10T10:53:30,1762752210000,37,749.3150851378396
2025-11-10T10:16:30,1762749990000,SENSEX,hybrid,0.8928571428571429,25,15,60,2025-11-10T10:54:30,1762752270000,38,749.2867629117395
2025-11-10T10:16:30,1762749990000,SENSEX,hybrid,0.8928571428571429,25,15,60,2025-11-10T10:55:30,1762752330000,39,749.0058660669533
2025-11-10T10:16:30,1762749990000,SENSEX,hybrid,0.8928571428571429,25,15,60,2025-11-10T10:56:30,1762752390000,40,748.9138234323041
2025-11-10T10:16:30,1762749990000,SENSEX,hybrid,0.8928571428571429,25,15,60,2025-11-10T10:57:30,1762752450000,41,748.9860447377711
2025-11-10T10:16:30,1762749990000,SENSEX,hybrid,0.8928571428571429,25,15,60,2025-11-10T10:58:30,1762752510000,42,748.3497808938076
2025-11-10T10:16:30,1762749990000,SENSEX,hybrid,0.8928571428571429,25,15,60,2025-11-10T10:59:30,1762752570000,43,749.6458068689856
2025-11-10T10:16:30,1762749990000,SENSEX,hybrid,0.8928571428571429,25,15,60,2025-11-10T11:00:30,1762752630000,44,749.0843005499087
2025-11-10T10:16:30,1762749990000,SENSEX,hybrid,0.8928571428571429,25,15,60,2025-11-10T11:01:30,1762752690000,45,747.9723628201741
2025-11-10T10:16:30,1762749990000,SENSEX,hybrid,0.8928571428571429,25,15,60,2025-11-10T11:02:30,1762752750000,46,749.4021231174925
2025-11-10T10:16:30,1762749990000,SENSEX,hybrid,0.8928571428571429,25,15,60,2025-11-10T11:03:30,1762752810000,47,747.7891498726761
2025-11-10T10:16:30,1762749990000,SENSEX,hybrid,0.8928571428571429,25,15,60,2025-11-10T11:04:30,1762752870000,48,748.1827252872637
2025-11-10T10:16:30,1762749990000,SENSEX,hybrid,0.8928571428571429,25,15,60,2025-11-10T11:05:30,1762752930000,49,749.8794481688411
2025-11-10T10:16:30,1762749990000,SENSEX,hybrid,0.8928571428571429,25,15,60,2025-11-10T11:06:30,1762752990000,50,750.211388397756
2025-11-10T10:16:30,1762749990000,SENSEX,hybrid,0.8928571428571429,25,15,60,2025-11-10T11:07:30,1762753050000,51,748.5957182287052
2025-11-10T10:16:30,1762749990000,SENSEX,hybrid,0.8928571428571429,25,15,60,2025-11-10T11:08:30,1762753110000,52,749.4173366242094
2025-11-10T10:16:30,1762749990000,SENSEX,hybrid,0.8928571428571429,25,15,60,2025-11-10T11:09:30,1762753170000,53,749.2097318747518
2025-11-10T10:16:30,1762749990000,SENSEX,hybrid,0.8928571428571429,25,15,60,2025-11-10T11:10:30,1762753230000,54,748.2764984227999
2025-11-10T10:16:30,1762749990000,SENSEX,hybrid,0.8928571428571429,25,15,60,2025-11-10T11:11:30,1762753290000,55,748.6481588486197
2025-11-10T10:16:30,1762749990000,SENSEX,hybrid,0.8928571428571429,25,15,60,2025-11-10T11:12:30,1762753350000,56,749.3865052128415
2025-11-10T10:16:30,1762749990000,SENSEX,hybrid,0.8928571428571429,25,15,60,2025-11-10T11:13:30,1762753410000,57,750.43300201772
2025-11-10T10:16:30,1762749990000,SENSEX,hybrid,0.8928571428571429,25,15,60,2025-11-10T11:14:30,1762753470000,58,748.4876985693476
2025-11-10T10:16:30,1762749990000,SENSEX,hybrid,0.8928571428571429,25,15,60,2025-11-10T11:15:30,1762753530000,59,747.4648180352714
2025-11-10T10:16:30,1762749990000,SENSEX,hybrid,0.8928571428571429,25,15,60,2025-11-10T11:16:30,1762753590000,60,745.3177497207042
2025-11-10T10:16:30,1762749990000,SENSEX,hybrid,0.8928571428571429,,15,60,2025-11-10T10:17:30,1762750050000,1,753.0
2025-11-10T10:16:30,1762749990000,SENSEX,hybrid,0.8928571428571429,,15,60,2025-11-10T10:18:30,1762750110000,2,752.7448137596523
2025-11-10T10:16:30,1762749990000,SENSEX,hybrid,0.8928571428571429,,15,60,2025-11-10T10:19:30,1762750170000,3,749.4290412638919
2025-11-10T10:16:30,1762749990000,SENSEX,hybrid,0.8928571428571429,,15,60,2025-11-10T10:20:30,1762750230000,4,751.5489639588542
2025-11-10T10:16:30,1762749990000,SENSEX,hybrid,0.8928571428571429,,15,60,2025-11-10T10:21:30,1762750290000,5,751.0864954451375
2025-11-10T10:16:30,1762749990000,SENSEX,hybrid,0.8928571428571429,,15,60,2025-11-10T10:22:30,1762750350000,6,750.0072708421258
2025-11-10T10:16:30,1762749990000,SENSEX,hybrid,0.8928571428571429,,15,60,2025-11-10T10:23:30,1762750410000,7,752.6322751536914
2025-11-10T10:16:30,1762749990000,SENSEX,hybrid,0.8928571428571429,,15,60,2025-11-10T10:24:30,1762750470000,8,752.9177448948778
2025-11-10T10:16:30,1762749990000,SENSEX,hybrid,0.8928571428571429,,15,60,2025-11-10T10:25:30,1762750530000,9,750.6410508004652
2025-11-10T10:16:30,1762749990000,SENSEX,hybrid,0.8928571428571429,,15,60,2025-11-10T10:26:30,1762750590000,10,753.3869971776327
2025-11-10T10:16:30,1762749990000,SENSEX,hybrid,0.8928571428571429,,15,60,2025-11-10T10:27:30,1762750650000,11,752.806672546902
2025-11-10T10:16:30,1762749990000,SENSEX,hybrid,0.8928571428571429,,15,60,2025-11-10T10:28:30,1762750710000,12,750.7110922098461
2025-11-10T10:16:30,1762749990000,SENSEX,hybrid,0.8928571428571429,,15,60,2025-11-10T10:29:30,1762750770000,13,752.238047937404
2025-11-10T10:16:30,1762749990000,SENSEX,hybrid,0.8928571428571429,,15,60,2025-11-10T10:30:30,1762750830000,14,751.392495143303
2025-11-10T10:16:30,1762749990000,SENSEX,hybrid,0.8928571428571429,,15,60,2025-11-10T10:31:30,1762750890000,15,750.8933646464002
2025-11-10T10:16:30,1762749990000,SENSEX,hybrid,0.8928571428571429,,15,60,2025-11-10T10:32:30,1762750950000,16,750.2736500998095
2025-11-10T10:16:30,1762749990000,SENSEX,hybrid,0.8928571428571429,,15,60,2025-11-10T10:33:30,1762751010000,17,749.4990547176261
2025-11-10T10:16:30,1762749990000,SENSEX,hybrid,0.8928571428571429,,15,60,2025-11-10T10:34:30,1762751070000,18,747.7841806409097
2025-11-10T10:16:30,1762749990000,SENSEX,hybrid,0.8928571428571429,,15,60,2025-11-10T10:35:30,1762751130000,19,749.9361116639603
2025-11-10T10:16:30,1762749990000,SENSEX,hybrid,0.8928571428571429,,15,60,2025-11-10T10:36:30,1762751190000,20,749.8168443397168
2025-11-10T10:16:30,1762749990000,SENSEX,hybrid,0.8928571428571429,,15,60,2025-11-10T10:37:30,1762751250000,21,748.7992132747131
2025-11-10T10:16:30,1762749990000,SENSEX,hybrid,0.8928571428571429,,15,60,2025-11-10T10:38:30,1762751310000,22,749.8787757299945
2025-11-10T10:16:30,1762749990000,SENSEX,hybrid,0.8928571428571429,,15,60,2025-11-10T10:39:30,1762751370000,23,749.4663726308818
2025-11-10T10:16:30,1762749990000,SENSEX,hybrid,0.8928571428571429,,15,60,2025-11-10T10:40:30,1762751430000,24,748.672010644755
2025-11-10T10:16:30,1762749990000,SENSEX,hybrid,0.8928571428571429,,15,60,2025-11-10T10:41:30,1762751490000,25,749.0378912355073
2025-11-10T10:16:30,1762749990000,SENSEX,hybrid,0.8928571428571429,,15,60,2025-11-10T10:42:30,1762751550000,26,750.1534325354661
2025-11-10T10:16:30,1762749990000,SENSEX,hybrid,0.8928571428571429,,15,60,2025-11-10T10:43:30,1762751610000,27,749.5064782072311
2025-11-10T10:16:30,1762749990000,SENSEX,hybrid,0.8928571428571429,,15,60,2025-11-10T10:44:30,1762751670000,28,748.0689720781548
2025-11-10T10:16:30,1762749990000,SENSEX,hybrid,0.8928571428571429,,15,60,2025-11-10T10:45:30,1762751730000,29,748.2142032977283
2025-11-10T10:16:30,1762749990000,SENSEX,hybrid,0.8928571428571429,,15,60,2025-11-10T10:46:30,1762751790000,30,748.677708654172
2025-11-10T10:16:30,1762749990000,SENSEX,hybrid,0.8928571428571429,,15,60,2025-11-10T10:47:30,1762751850000,31,748.885047632125
2025-11-10T10:16:30,1762749990000,SENSEX,hybrid,0.8928571428571429,,15,60,2025-11-10T10:48:30,1762751910000,32,748.8902121990593
2025-11-10T10:16:30,1762749990000,SENSEX,hybrid,0.8928571428571429,,15,60,2025-11-10T10:49:30,1762751970000,33,747.4274474812185
2025-11-10T10:16:30,1762749990000,SENSEX,hybrid,0.8928571428571429,,15,60,2025-11-10T10:50:30,1762752030000,34,747.9980194057429
2025-11-10T10:16:30,1762749990000,SENSEX,hybrid,0.8928571428571429,,15,60,2025-11-10T10:51:30,1762752090000,35,748.6739448809576
2025-11-10T10:16:30,1762749990000,SENSEX,hybrid,0.8928571428571429,,15,60,2025-11-10T10:52:30,1762752150000,36,748.0175220999045
2025-11-10T10:16:30,1762749990000,SENSEX,hybrid,0.8928571428571429,,15,60,2025-11-10T10:53:30,1762752210000,37,749.3150851378396
2025-11-10T10:16:30,1762749990000,SENSEX,hybrid,0.8928571428571429,,15,60,2025-11-10T10:54:30,1762752270000,38,749.2867629117395
2025-11-10T10:16:30,1762749990000,SENSEX,hybrid,0.8928571428571429,,15,60,2025-11-10T10:55:30,1762752330000,39,749.0058660669533
2025-11-10T10:16:30,1762749990000,SENSEX,hybrid,0.8928571428571429,,15,60,2025-11-10T10:56:30,1762752390000,40,748.9138234323041
2025-11-10T10:16:30,1762749990000,SENSEX,hybrid,0.8928571428571429,,15,60,2025-11-10T10:57:30,1762752450000,41,748.9860447377711
2025-11-10T10:16:30,1762749990000,SENSEX,hybrid,0.8928571428571429,,15,60,2025-11-10T10:58:30,1762752510000,42,748.3497808938076
2025-11-10T10:16:30,1762749990000,SENSEX,hybrid,0.8928571428571429,,15,60,2025-11-10T10:59:30,1762752570000,43,749.6458068689856
2025-11-10T10:16:30,1762749990000,SENSEX,hybrid,0.8928571428571429,,15,60,2025-11-10T11:00:30,1762752630000,44,749.0843005499087
2025-11-10T10:16:30,1762749990000,SENSEX,hybrid,0.8928571428571429,,15,60,2025-11-10T11:01:30,1762752690000,45,747.9723628201741
2025-11-10T10:16:30,1762749990000,SENSEX,hybrid,0.8928571428571429,,15,60,2025-11-10T11:02:30,1762752750000,46,749.4021231174925
2025-11-10T10:16:30,1762749990000,SENSEX,hybrid,0.8928571428571429,,15,60,2025-11-10T11:03:30,1762752810000,47,747.7891498726761
2025-11-10T10:16:30,1762749990000,SENSEX,hybrid,0.8928571428571429,,15,60,2025-11-10T11:04:30,1762752870000,48,748.1827252872637
2025-11-10T10:16:30,1762749990000,SENSEX,hybrid,0.8928571428571429,,15,60,2025-11-10T11:05:30,1762752930000,49,749.8794481688411
2025-11-10T10:16:30,1762749990000,SENSEX,hybrid,0.8928571428571429,,15,60,2025-11-10T11:06:30,1762752990000,50,750.211388397756
2025-11-10T10:16:30,1762749990000,SENSEX,hybrid,0.8928571428571429,,15,60,2025-11-10T11:07:30,1762753050000,51,748.5957182287052
2025-11-10T10:16:30,1762749990000,SENSEX,hybrid,0.8928571428571429,,15,60,2025-11-10T11:08:30,1762753110000,52,749.4173366242094
2025-11-10T10:16:30,1762749990000,SENSEX,hybrid,0.8928571428571429,,15,60,2025-11-10T11:09:30,1762753170000,53,749.2097318747518
2025-11-10T10:16:30,1762749990000,SENSEX,hybrid,0.8928571428571429,,15,60,2025-11-10T11:10:30,1762753230000,54,748.2764984227999
2025-11-10T10:16:30,1762749990000,SENSEX,hybrid,0.8928571428571429,,15,60,2025-11-10T11:11:30,1762753290000,55,748.6481588486197
2025-11-10T10:16:30,1762749990000,SENSEX,hybrid,0.8928571428571429,,15,60,2025-11-10T11:12:30,1762753350000,56,749.3865052128415
2025-11-10T10:16:30,1762749990000,SENSEX,hybrid,0.8928571428571429,,15,60,2025-11-10T11:13:30,1762753410000,57,750.43300201772
2025-11-10T10:16:30,1762749990000,SENSEX,hybrid,0.8928571428571429,,15,60,2025-11-10T11:14:30,1762753470000,58,748.4876985693476
2025-11-10T10:16:30,1762749990000,SENSEX,hybrid,0.8928571428571429,,15,60,2025-11-10T11:15:30,1762753530000,59,747.4648180352714
2025-11-10T10:16:30,1762749990000,SENSEX,hybrid,0.8928571428571429,,15,60,2025-11-10T11:16:30,1762753590000,60,745.3177497207042
2025-11-10T10:17:00,1762750020000,SENSEX,hybrid,0.8928571428571429,25,15,60,2025-11-10T10:18:00,1762750080000,1,741.0
2025-11-10T10:17:00,1762750020000,SENSEX,hybrid,0.8928571428571429,25,15,60,2025-11-10T10:19:00,1762750140000,2,738.1508430259856
2025-11-10T10:17:00,1762750020000,SENSEX,hybrid,0.8928571428571429,25,15,60,2025-11-10T10:20:00,1762750200000,3,739.7547131346719
2025-11-10T10:17:00,1762750020000,SENSEX,hybrid,0.8928571428571429,25,15,60,2025-11-10T10:21:00,1762750260000,4,739.6466516068022
2025-11-10T10:17:00,1762750020000,SENSEX,hybrid,0.8928571428571429,25,15,60,2025-11-10T10:22:00,1762750320000,5,737.7199980248652
2025-11-10T10:17:00,1762750020000,SENSEX,hybrid,0.8928571428571429,25,15,60,2025-11-10T10:23:00,1762750380000,6,739.3470481711199
2025-11-10T10:17:00,1762750020000,SENSEX,hybrid,0.8928571428571429,25,15,60,2025-11-10T10:24:00,1762750440000,7,740.6635643082193
2025-11-10T10:17:00,1762750020000,SENSEX,hybrid,0.8928571428571429,25,15,60,2025-11-10T10:25:00,1762750500000,8,738.9349927063053
2025-11-10T10:17:00,1762750020000,SENSEX,hybrid,0.8928571428571429,25,15,60,2025-11-10T10:26:00,1762750560000,9,741.2275529749622
2025-11-10T10:17:00,1762750020000,SENSEX,hybrid,0.8928571428571429,25,15,60,2025-11-10T10:27:00,1762750620000,10,741.0879546128797
2025-11-10T10:17:00,1762750020000,SENSEX,hybrid,0.8928571428571429,25,15,60,2025-11-10T10:28:00,1762750680000,11,739.679563975138
2025-11-10T10:17:00,1762750020000,SENSEX,hybrid,0.8928571428571429,25,15,60,2025-11-10T10:29:00,1762750740000,12,741.0205698180935
2025-11-10T10:17:00,1762750020000,SENSEX,hybrid,0.8928571428571429,25,15,60,2025-11-10T10:30:00,1762750800000,13,740.785933289426
2025-11-10T10:17:00,1762750020000,SENSEX,hybrid,0.8928571428571429,25,15,60,2025-11-10T10:31:00,1762750860000,14,737.9274106878688
2025-11-10T10:17:00,1762750020000,SENSEX,hybrid,0.8928571428571429,25,15,60,2025-11-10T10:32:00,1762750920000,15,740.1857026894457
2025-11-10T10:17:00,1762750020000,SENSEX,hybrid,0.8928571428571429,25,15,60,2025-11-10T10:33:00,1762750980000,16,738.5052321184687
2025-11-10T10:17:00,1762750020000,SENSEX,hybrid,0.8928571428571429,25,15,60,2025-11-10T10:34:00,1762751040000,17,736.6640291591473
2025-11-10T10:17:00,1762750020000,SENSEX,hybrid,0.8928571428571429,25,15,60,2025-11-10T10:35:00,1762751100000,18,738.2961408496041
2025-11-10T10:17:00,1762750020000,SENSEX,hybrid,0.8928571428571429,25,15,60,2025-11-10T10:36:00,1762751160000,19,738.0199186231747
2025-11-10T10:17:00,1762750020000,SENSEX,hybrid,0.8928571428571429,25,15,60,2025-11-10T10:37:00,1762751220000,20,736.8118163693073
2025-11-10T10:17:00,1762750020000,SENSEX,hybrid,0.8928571428571429,25,15,60,2025-11-10T10:38:00,1762751280000,21,738.3569940200754
2025-11-10T10:17:00,1762750020000,SENSEX,hybrid,0.8928571428571429,25,15,60,2025-11-10T10:39:00,1762751340000,22,737.671966243124
2025-11-10T10:17:00,1762750020000,SENSEX,hybrid,0.8928571428571429,25,15,60,2025-11-10T10:40:00,1762751400000,23,738.0222904698425
2025-11-10T10:17:00,1762750020000,SENSEX,hybrid,0.8928571428571429,25,15,60,2025-11-10T10:41:00,1762751460000,24,737.2527710973405
2025-11-10T10:17:00,1762750020000,SENSEX,hybrid,0.8928571428571429,25,15,60,2025-11-10T10:42:00,1762751520000,25,737.0942717909415
2025-11-10T10:17:00,1762750020000,SENSEX,hybrid,0.8928571428571429,25,15,60,2025-11-10T10:43:00,1762751580000,26,737.7534784814583
2025-11-10T10:17:00,1762750020000,SENSEX,hybrid,0.8928571428571429,25,15,60,2025-11-10T10:44:00,1762751640000,27,738.7449741973613
2025-11-10T10:17:00,1762750020000,SENSEX,hybrid,0.8928571428571429,25,15,60,2025-11-10T10:45:00,1762751700000,28,736.0564978491602
2025-11-10T10:17:00,1762750020000,SENSEX,hybrid,0.8928571428571429,25,15,60,2025-11-10T10:46:00,1762751760000,29,736.87842662968
2025-11-10T10:17:00,1762750020000,SENSEX,hybrid,0.8928571428571429,25,15,60,2025-11-10T10:47:00,1762751820000,30,736.7660579543838
2025-11-10T10:17:00,1762750020000,SENSEX,hybrid,0.8928571428571429,25,15,60,2025-11-10T10:48:00,1762751880000,31,736.7380262841509
2025-11-10T10:17:00,1762750020000,SENSEX,hybrid,0.8928571428571429,25,15,60,2025-11-10T10:49:00,1762751940000,32,736.5564060737038
2025-11-10T10:17:00,1762750020000,SENSEX,hybrid,0.8928571428571429,25,15,60,2025-11-10T10:50:00,1762752000000,33,735.8825458706768
2025-11-10T10:17:00,1762750020000,SENSEX,hybrid,0.8928571428571429,25,15,60,2025-11-10T10:51:00,1762752060000,34,736.3630065055195
2025-11-10T10:17:00,1762750020000,SENSEX,hybrid,0.8928571428571429,25,15,60,2025-11-10T10:52:00,1762752120000,35,737.0162609429782
2025-11-10T10:17:00,1762750020000,SENSEX,hybrid,0.8928571428571429,25,15,60,2025-11-10T10:53:00,1762752180000,36,737.8324233610516
2025-11-10T10:17:00,1762750020000,SENSEX,hybrid,0.8928571428571429,25,15,60,2025-11-10T10:54:00,1762752240000,37,737.5722369854225
2025-11-10T10:17:00,1762750020000,SENSEX,hybrid,0.8928571428571429,25,15,60,2025-11-10T10:55:00,1762752300000,38,737.4823424799956
2025-11-10T10:17:00,1762750020000,SENSEX,hybrid,0.8928571428571429,25,15,60,2025-11-10T10:56:00,1762752360000,39,737.512441408126
2025-11-10T10:17:00,1762750020000,SENSEX,hybrid,0.8928571428571429,25,15,60,2025-11-10T10:57:00,1762752420000,40,737.2936337815601
2025-11-10T10:17:00,1762750020000,SENSEX,hybrid,0.8928571428571429,25,15,60,2025-11-10T10:58:00,1762752480000,41,737.1321845117345
2025-11-10T10:17:00,1762750020000,SENSEX,hybrid,0.8928571428571429,25,15,60,2025-11-10T10:59:00,1762752540000,42,737.1453184689211
2025-11-10T10:17:00,1762750020000,SENSEX,hybrid,0.8928571428571429,25,15,60,2025-11-10T11:00:00,1762752600000,43,737.4295961252283
2025-11-10T10:17:00,1762750020000,SENSEX,hybrid,0.8928571428571429,25,15,60,2025-11-10T11:01:00,1762752660000,44,735.7920168062903
2025-11-10T10:17:00,1762750020000,SENSEX,hybrid,0.8928571428571429,25,15,60,2025-11-10T11:02:00,1762752720000,45,737.3162625841073
2025-11-10T10:17:00,1762750020000,SENSEX,hybrid,0.8928571428571429,25,15,60,2025-11-10T11:03:00,1762752780000,46,735.9213186446261
2025-11-10T10:17:00,1762750020000,SENSEX,hybrid,0.8928571428571429,25,15,60,2025-11-10T11:04:00,1762752840000,47,735.6294179371366
2025-11-10T10:17:00,1762750020000,SENSEX,hybrid,0.8928571428571429,25,15,60,2025-11-10T11:05:00,1762752900000,48,737.6168518419645
2025-11-10T10:17:00,1762750020000,SENSEX,hybrid,0.8928571428571429,25,15,60,2025-11-10T11:06:00,1762752960000,49,738.7027657446713
2025-11-10T10:17:00,1762750020000,SENSEX,hybrid,0.8928571428571429,25,15,60,2025-11-10T11:07:00,1762753020000,50,737.2494296301235
2025-11-10T10:17:00,1762750020000,SENSEX,hybrid,0.8928571428571429,25,15,60,2025-11-10T11:08:00,1762753080000,51,737.48994307897
2025-11-10T10:17:00,1762750020000,SENSEX,hybrid,0.8928571428571429,25,15,60,2025-11-10T11:09:00,1762753140000,52,737.3613716503985
2025-11-10T10:17:00,1762750020000,SENSEX,hybrid,0.8928571428571429,25,15,60,2025-11-10T11:10:00,1762753200000,53,736.1999991468462
2025-11-10T10:17:00,1762750020000,SENSEX,hybrid,0.8928571428571429,25,15,60,2025-11-10T11:11:00,1762753260000,54,736.3506600402193
2025-11-10T10:17:00,1762750020000,SENSEX,hybrid,0.8928571428571429,25,15,60,2025-11-10T11:12:00,1762753320000,55,737.9018397431422
2025-11-10T10:17:00,1762750020000,SENSEX,hybrid,0.8928571428571429,25,15,60,2025-11-10T11:13:00,1762753380000,56,737.5046036022511
2025-11-10T10:17:00,1762750020000,SENSEX,hybrid,0.8928571428571429,25,15,60,2025-11-10T11:14:00,1762753440000,57,737.4378314833575
2025-11-10T10:17:00,1762750020000,SENSEX,hybrid,0.8928571428571429,25,15,60,2025-11-10T11:15:00,1762753500000,58,736.759394166334
2025-11-10T10:17:00,1762750020000,SENSEX,hybrid,0.8928571428571429,25,15,60,2025-11-10T11:16:00,1762753560000,59,735.9697618792014
2025-11-10T10:17:00,1762750020000,SENSEX,hybrid,0.8928571428571429,25,15,60,2025-11-10T11:17:00,1762753620000,60,736.1510859597078
2025-11-10T10:17:00,1762750020000,SENSEX,hybrid,0.8928571428571429,,15,60,2025-11-10T10:18:00,1762750080000,1,741.0
2025-11-10T10:17:00,1762750020000,SENSEX,hybrid,0.8928571428571429,,15,60,2025-11-10T10:19:00,1762750140000,2,738.1508430259856
2025-11-10T10:17:00,1762750020000,SENSEX,hybrid,0.8928571428571429,,15,60,2025-11-10T10:20:00,1762750200000,3,739.7547131346719
2025-11-10T10:17:00,1762750020000,SENSEX,hybrid,0.8928571428571429,,15,60,2025-11-10T10:21:00,1762750260000,4,739.6466516068022
2025-11-10T10:17:00,1762750020000,SENSEX,hybrid,0.8928571428571429,,15,60,2025-11-10T10:22:00,1762750320000,5,737.7199980248652
2025-11-10T10:17:00,1762750020000,SENSEX,hybrid,0.8928571428571429,,15,60,2025-11-10T10:23:00,1762750380000,6,739.3470481711199
2025-11-10T10:17:00,1762750020000,SENSEX,hybrid,0.8928571428571429,,15,60,2025-11-10T10:24:00,1762750440000,7,740.6635643082193
2025-11-10T10:17:00,1762750020000,SENSEX,hybrid,0.8928571428571429,,15,60,2025-11-10T10:25:00,1762750500000,8,738.9349927063053
2025-11-10T10:17:00,1762750020000,SENSEX,hybrid,0.8928571428571429,,15,60,2025-11-10T10:26:00,1762750560000,9,741.2275529749622
2025-11-10T10:17:00,1762750020000,SENSEX,hybrid,0.8928571428571429,,15,60,2025-11-10T10:27:00,1762750620000,10,741.0879546128797
2025-11-10T10:17:00,1762750020000,SENSEX,hybrid,0.8928571428571429,,15,60,2025-11-10T10:28:00,1762750680000,11,739.679563975138
2025-11-10T10:17:00,1762750020000,SENSEX,hybrid,0.8928571428571429,,15,60,2025-11-10T10:29:00,1762750740000,12,741.0205698180935
2025-11-10T10:17:00,1762750020000,SENSEX,hybrid,0.8928571428571429,,15,60,2025-11-10T10:30:00,1762750800000,13,740.785933289426
2025-11-10T10:17:00,1762750020000,SENSEX,hybrid,0.8928571428571429,,15,60,2025-11-10T10:31:00,1762750860000,14,737.9274106878688
2025-11-10T10:17:00,1762750020000,SENSEX,hybrid,0.8928571428571429,,15,60,2025-11-10T10:32:00,1762750920000,15,740.1857026894457
2025-11-10T10:17:00,1762750020000,SENSEX,hybrid,0.8928571428571429,,15,60,2025-11-10T10:33:00,1762750980000,16,738.5052321184687
2025-11-10T10:17:00,1762750020000,SENSEX,hybrid,0.8928571428571429,,15,60,2025-11-10T10:34:00,1762751040000,17,736.6640291591473
2025-11-10T10:17:00,1762750020000,SENSEX,hybrid,0.8928571428571429,,15,60,2025-11-10T10:35:00,1762751100000,18,738.2961408496041
2025-11-10T10:17:00,1762750020000,SENSEX,hybrid,0.8928571428571429,,15,60,2025-11-10T10:36:00,1762751160000,19,738.0199186231747
2025-11-10T10:17:00,1762750020000,SENSEX,hybrid,0.8928571428571429,,15,60,2025-11-10T10:37:00,1762751220000,20,736.8118163693073
2025-11-10T10:17:00,1762750020000,SENSEX,hybrid,0.8928571428571429,,15,60,2025-11-10T10:38:00,1762751280000,21,738.3569940200754
2025-11-10T10:17:00,1762750020000,SENSEX,hybrid,0.8928571428571429,,15,60,2025-11-10T10:39:00,1762751340000,22,737.671966243124
2025-11-10T10:17:00,1762750020000,SENSEX,hybrid,0.8928571428571429,,15,60,2025-11-10T10:40:00,1762751400000,23,738.0222904698425
2025-11-10T10:17:00,1762750020000,SENSEX,hybrid,0.8928571428571429,,15,60,2025-11-10T10:41:00,1762751460000,24,737.2527710973405
2025-11-10T10:17:00,1762750020000,SENSEX,hybrid,0.8928571428571429,,15,60,2025-11-10T10:42:00,1762751520000,25,737.0942717909415
2025-11-10T10:17:00,1762750020000,SENSEX,hybrid,0.8928571428571429,,15,60,2025-11-10T10:43:00,1762751580000,26,737.7534784814583
2025-11-10T10:17:00,1762750020000,SENSEX,hybrid,0.8928571428571429,,15,60,2025-11-10T10:44:00,1762751640000,27,738.7449741973613
2025-11-10T10:17:00,1762750020000,SENSEX,hybrid,0.8928571428571429,,15,60,2025-11-10T10:45:00,1762751700000,28,736.0564978491602
2025-11-10T10:17:00,1762750020000,SENSEX,hybrid,0.8928571428571429,,15,60,2025-11-10T10:46:00,1762751760000,29,736.87842662968
2025-11-10T10:17:00,1762750020000,SENSEX,hybrid,0.8928571428571429,,15,60,2025-11-10T10:47:00,1762751820000,30,736.7660579543838
2025-11-10T10:17:00,1762750020000,SENSEX,hybrid,0.8928571428571429,,15,60,2025-11-10T10:48:00,1762751880000,31,736.7380262841509
2025-11-10T10:17:00,1762750020000,SENSEX,hybrid,0.8928571428571429,,15,60,2025-11-10T10:49:00,1762751940000,32,736.5564060737038
2025-11-10T10:17:00,1762750020000,SENSEX,hybrid,0.8928571428571429,,15,60,2025-11-10T10:50:00,1762752000000,33,735.8825458706768
2025-11-10T10:17:00,1762750020000,SENSEX,hybrid,0.8928571428571429,,15,60,2025-11-10T10:51:00,1762752060000,34,736.3630065055195
2025-11-10T10:17:00,1762750020000,SENSEX,hybrid,0.8928571428571429,,15,60,2025-11-10T10:52:00,1762752120000,35,737.0162609429782
2025-11-10T10:17:00,1762750020000,SENSEX,hybrid,0.8928571428571429,,15,60,2025-11-10T10:53:00,1762752180000,36,737.8324233610516
2025-11-10T10:17:00,1762750020000,SENSEX,hybrid,0.8928571428571429,,15,60,2025-11-10T10:54:00,1762752240000,37,737.5722369854225
2025-11-10T10:17:00,1762750020000,SENSEX,hybrid,0.8928571428571429,,15,60,2025-11-10T10:55:00,1762752300000,38,737.4823424799956
2025-11-10T10:17:00,1762750020000,SENSEX,hybrid,0.8928571428571429,,15,60,2025-11-10T10:56:00,1762752360000,39,737.512441408126
2025-11-10T10:17:00,1762750020000,SENSEX,hybrid,0.8928571428571429,,15,60,2025-11-10T10:57:00,1762752420000,40,737.2936337815601
2025-11-10T10:17:00,1762750020000,SENSEX,hybrid,0.8928571428571429,,15,60,2025-11-10T10:58:00,1762752480000,41,737.1321845117345
2025-11-10T10:17:00,1762750020000,SENSEX,hybrid,0.8928571428571429,,15,60,2025-11-10T10:59:00,1762752540000,42,737.1453184689211
2025-11-10T10:17:00,1762750020000,SENSEX,hybrid,0.8928571428571429,,15,60,2025-11-10T11:00:00,1762752600000,43,737.4295961252283
2025-11-10T10:17:00,1762750020000,SENSEX,hybrid,0.8928571428571429,,15,60,2025-11-10T11:01:00,1762752660000,44,735.7920168062903
2025-11-10T10:17:00,1762750020000,SENSEX,hybrid,0.8928571428571429,,15,60,2025-11-10T11:02:00,1762752720000,45,737.3162625841073
2025-11-10T10:17:00,1762750020000,SENSEX,hybrid,0.8928571428571429,,15,60,2025-11-10T11:03:00,1762752780000,46,735.9213186446261
2025-11-10T10:17:00,1762750020000,SENSEX,hybrid,0.8928571428571429,,15,60,2025-11-10T11:04:00,1762752840000,47,735.6294179371366
2025-11-10T10:17:00,1762750020000,SENSEX,hybrid,0.8928571428571429,,15,60,2025-11-10T11:05:00,1762752900000,48,737.6168518419645
2025-11-10T10:17:00,1762750020000,SENSEX,hybrid,0.8928571428571429,,15,60,2025-11-10T11:06:00,1762752960000,49,738.7027657446713
2025-11-10T10:17:00,1762750020000,SENSEX,hybrid,0.8928571428571429,,15,60,2025-11-10T11:07:00,1762753020000,50,737.2494296301235
2025-11-10T10:17:00,1762750020000,SENSEX,hybrid,0.8928571428571429,,15,60,2025-11-10T11:08:00,1762753080000,51,737.48994307897
2025-11-10T10:17:00,1762750020000,SENSEX,hybrid,0.8928571428571429,,15,60,2025-11-10T11:09:00,1762753140000,52,737.3613716503985
2025-11-10T10:17:00,1762750020000,SENSEX,hybrid,0.8928571428571429,,15,60,2025-11-10T11:10:00,1762753200000,53,736.1999991468462
2025-11-10T10:17:00,1762750020000,SENSEX,hybrid,0.8928571428571429,,15,60,2025-11-10T11:11:00,1762753260000,54,736.3506600402193
2025-11-10T10:17:00,1762750020000,SENSEX,hybrid,0.8928571428571429,,15,60,2025-11-10T11:12:00,1762753320000,55,737.9018397431422
2025-11-10T10:17:00,1762750020000,SENSEX,hybrid,0.8928571428571429,,15,60,2025-11-10T11:13:00,1762753380000,56,737.5046036022511
2025-11-10T10:17:00,1762750020000,SENSEX,hybrid,0.8928571428571429,,15,60,2025-11-10T11:14:00,1762753440000,57,737.4378314833575
2025-11-10T10:17:00,1762750020000,SENSEX,hybrid,0.8928571428571429,,15,60,2025-11-10T11:15:00,1762753500000,58,736.759394166334
2025-11-10T10:17:00,1762750020000,SENSEX,hybrid,0.8928571428571429,,15,60,2025-11-10T11:16:00,1762753560000,59,735.9697618792014
2025-11-10T10:17:00,1762750020000,SENSEX,hybrid,0.8928571428571429,,15,60,2025-11-10T11:17:00,1762753620000,60,736.1510859597078
2025-11-10T10:17:00,1762750020000,SENSEX,hybrid,0.8928571428571429,,15,60,2025-11-10T10:18:00,1762750080000,1,741.0
2025-11-10T10:17:00,1762750020000,SENSEX,hybrid,0.8928571428571429,,15,60,2025-11-10T10:19:00,1762750140000,2,738.1508430259856
2025-11-10T10:17:00,1762750020000,SENSEX,hybrid,0.8928571428571429,,15,60,2025-11-10T10:20:00,1762750200000,3,739.7547131346719
2025-11-10T10:17:00,1762750020000,SENSEX,hybrid,0.8928571428571429,,15,60,2025-11-10T10:21:00,1762750260000,4,739.6466516068022
2025-11-10T10:17:00,1762750020000,SENSEX,hybrid,0.8928571428571429,,15,60,2025-11-10T10:22:00,1762750320000,5,737.7199980248652
2025-11-10T10:17:00,1762750020000,SENSEX,hybrid,0.8928571428571429,,15,60,2025-11-10T10:23:00,1762750380000,6,739.3470481711199
2025-11-10T10:17:00,1762750020000,SENSEX,hybrid,0.8928571428571429,,15,60,2025-11-10T10:24:00,1762750440000,7,740.6635643082193
2025-11-10T10:17:00,1762750020000,SENSEX,hybrid,0.8928571428571429,,15,60,2025-11-10T10:25:00,1762750500000,8,738.9349927063053
2025-11-10T10:17:00,1762750020000,SENSEX,hybrid,0.8928571428571429,,15,60,2025-11-10T10:26:00,1762750560000,9,741.2275529749622
2025-11-10T10:17:00,1762750020000,SENSEX,hybrid,0.8928571428571429,,15,60,2025-11-10T10:27:00,1762750620000,10,741.0879546128797
2025-11-10T10:17:00,1762750020000,SENSEX,hybrid,0.8928571428571429,,15,60,2025-11-10T10:28:00,1762750680000,11,739.679563975138
2025-11-10T10:17:00,1762750020000,SENSEX,hybrid,0.8928571428571429,,15,60,2025-11-10T10:29:00,1762750740000,12,741.0205698180935
2025-11-10T10:17:00,1762750020000,SENSEX,hybrid,0.8928571428571429,,15,60,2025-11-10T10:30:00,1762750800000,13,740.785933289426
2025-11-10T10:17:00,1762750020000,SENSEX,hybrid,0.8928571428571429,,15,60,2025-11-10T10:31:00,1762750860000,14,737.9274106878688
2025-11-10T10:17:00,1762750020000,SENSEX,hybrid,0.8928571428571429,,15,60,2025-11-10T10:32:00,1762750920000,15,740.1857026894457
2025-11-10T10:17:00,1762750020000,SENSEX,hybrid,0.8928571428571429,,15,60,2025-11-10T10:33:00,1762750980000,16,738.5052321184687
2025-11-10T10:17:00,1762750020000,SENSEX,hybrid,0.8928571428571429,,15,60,2025-11-10T10:34:00,1762751040000,17,736.6640291591473
2025-11-10T10:17:00,1762750020000,SENSEX,hybrid,0.8928571428571429,,15,60,2025-11-10T10:35:00,1762751100000,18,738.2961408496041
2025-11-10T10:17:00,1762750020000,SENSEX,hybrid,0.8928571428571429,,15,60,2025-11-10T10:36:00,1762751160000,19,738.0199186231747
2025-11-10T10:17:00,1762750020000,SENSEX,hybrid,0.8928571428571429,,15,60,2025-11-10T10:37:00,1762751220000,20,736.8118163693073
2025-11-10T10:17:00,1762750020000,SENSEX,hybrid,0.8928571428571429,,15,60,2025-11-10T10:38:00,1762751280000,21,738.3569940200754
2025-11-10T10:17:00,1762750020000,SENSEX,hybrid,0.8928571428571429,,15,60,2025-11-10T10:39:00,1762751340000,22,737.671966243124
2025-11-10T10:17:00,1762750020000,SENSEX,hybrid,0.8928571428571429,,15,60,2025-11-10T10:40:00,1762751400000,23,738.0222904698425
2025-11-10T10:17:00,1762750020000,SENSEX,hybrid,0.8928571428571429,,15,60,2025-11-10T10:41:00,1762751460000,24,737.2527710973405
2025-11-10T10:17:00,1762750020000,SENSEX,hybrid,0.8928571428571429,,15,60,2025-11-10T10:42:00,1762751520000,25,737.0942717909415
2025-11-10T10:17:00,1762750020000,SENSEX,hybrid,0.8928571428571429,,15,60,2025-11-10T10:43:00,1762751580000,26,737.7534784814583
2025-11-10T10:17:00,1762750020000,SENSEX,hybrid,0.8928571428571429,,15,60,2025-11-10T10:44:00,1762751640000,27,738.7449741973613
2025-11-10T10:17:00,1762750020000,SENSEX,hybrid,0.8928571428571429,,15,60,2025-11-10T10:45:00,1762751700000,28,736.0564978491602
2025-11-10T10:17:00,1762750020000,SENSEX,hybrid,0.8928571428571429,,15,60,2025-11-10T10:46:00,1762751760000,29,736.87842662968
2025-11-10T10:17:00,1762750020000,SENSEX,hybrid,0.8928571428571429,,15,60,2025-11-10T10:47:00,1762751820000,30,736.7660579543838
2025-11-10T10:17:00,1762750020000,SENSEX,hybrid,0.8928571428571429,,15,60,2025-11-10T10:48:00,1762751880000,31,736.7380262841509
2025-11-10T10:17:00,1762750020000,SENSEX,hybrid,0.8928571428571429,,15,60,2025-11-10T10:49:00,1762751940000,32,736.5564060737038
2025-11-10T10:17:00,1762750020000,SENSEX,hybrid,0.8928571428571429,,15,60,2025-11-10T10:50:00,1762752000000,33,735.8825458706768
2025-11-10T10:17:00,1762750020000,SENSEX,hybrid,0.8928571428571429,,15,60,2025-11-10T10:51:00,1762752060000,34,736.3630065055195
2025-11-10T10:17:00,1762750020000,SENSEX,hybrid,0.8928571428571429,,15,60,2025-11-10T10:52:00,1762752120000,35,737.0162609429782
2025-11-10T10:17:00,1762750020000,SENSEX,hybrid,0.8928571428571429,,15,60,2025-11-10T10:53:00,1762752180000,36,737.8324233610516
2025-11-10T10:17:00,1762750020000,SENSEX,hybrid,0.8928571428571429,,15,60,2025-11-10T10:54:00,1762752240000,37,737.5722369854225
2025-11-10T10:17:00,1762750020000,SENSEX,hybrid,0.8928571428571429,,15,60,2025-11-10T10:55:00,1762752300000,38,737.4823424799956
2025-11-10T10:17:00,1762750020000,SENSEX,hybrid,0.8928571428571429,,15,60,2025-11-10T10:56:00,1762752360000,39,737.512441408126
2025-11-10T10:17:00,1762750020000,SENSEX,hybrid,0.8928571428571429,,15,60,2025-11-10T10:57:00,1762752420000,40,737.2936337815601
2025-11-10T10:17:00,1762750020000,SENSEX,hybrid,0.8928571428571429,,15,60,2025-11-10T10:58:00,1762752480000,41,737.1321845117345
2025-11-10T10:17:00,1762750020000,SENSEX,hybrid,0.8928571428571429,,15,60,2025-11-10T10:59:00,1762752540000,42,737.1453184689211
2025-11-10T10:17:00,1762750020000,SENSEX,hybrid,0.8928571428571429,,15,60,2025-11-10T11:00:00,1762752600000,43,737.4295961252283
2025-11-10T10:17:00,1762750020000,SENSEX,hybrid,0.8928571428571429,,15,60,2025-11-10T11:01:00,1762752660000,44,735.7920168062903
2025-11-10T10:17:00,1762750020000,SENSEX,hybrid,0.8928571428571429,,15,60,2025-11-10T11:02:00,1762752720000,45,737.3162625841073
2025-11-10T10:17:00,1762750020000,SENSEX,hybrid,0.8928571428571429,,15,60,2025-11-10T11:03:00,1762752780000,46,735.9213186446261
2025-11-10T10:17:00,1762750020000,SENSEX,hybrid,0.8928571428571429,,15,60,2025-11-10T11:04:00,1762752840000,47,735.6294179371366
2025-11-10T10:17:00,1762750020000,SENSEX,hybrid,0.8928571428571429,,15,60,2025-11-10T11:05:00,1762752900000,48,737.6168518419645
2025-11-10T10:17:00,1762750020000,SENSEX,hybrid,0.8928571428571429,,15,60,2025-11-10T11:06:00,1762752960000,49,738.7027657446713
2025-11-10T10:17:00,1762750020000,SENSEX,hybrid,0.8928571428571429,,15,60,2025-11-10T11:07:00,1762753020000,50,737.2494296301235
2025-11-10T10:17:00,1762750020000,SENSEX,hybrid,0.8928571428571429,,15,60,2025-11-10T11:08:00,1762753080000,51,737.48994307897
2025-11-10T10:17:00,1762750020000,SENSEX,hybrid,0.8928571428571429,,15,60,2025-11-10T11:09:00,1762753140000,52,737.3613716503985
2025-11-10T10:17:00,1762750020000,SENSEX,hybrid,0.8928571428571429,,15,60,2025-11-10T11:10:00,1762753200000,53,736.1999991468462
2025-11-10T10:17:00,1762750020000,SENSEX,hybrid,0.8928571428571429,,15,60,2025-11-10T11:11:00,1762753260000,54,736.3506600402193
2025-11-10T10:17:00,1762750020000,SENSEX,hybrid,0.8928571428571429,,15,60,2025-11-10T11:12:00,1762753320000,55,737.9018397431422
2025-11-10T10:17:00,1762750020000,SENSEX,hybrid,0.8928571428571429,,15,60,2025-11-10T11:13:00,1762753380000,56,737.5046036022511
2025-11-10T10:17:00,1762750020000,SENSEX,hybrid,0.8928571428571429,,15,60,2025-11-10T11:14:00,1762753440000,57,737.4378314833575
2025-11-10T10:17:00,1762750020000,SENSEX,hybrid,0.8928571428571429,,15,60,2025-11-10T11:15:00,1762753500000,58,736.759394166334
2025-11-10T10:17:00,1762750020000,SENSEX,hybrid,0.8928571428571429,,15,60,2025-11-10T11:16:00,1762753560000,59,735.9697618792014
2025-11-10T10:17:00,1762750020000,SENSEX,hybrid,0.8928571428571429,,15,60,2025-11-10T11:17:00,1762753620000,60,736.1510859597078
2025-11-10T10:17:00,1762750020000,SENSEX,hybrid,0.8928571428571429,,15,60,2025-11-10T10:18:00,1762750080000,1,741.0
2025-11-10T10:17:00,1762750020000,SENSEX,hybrid,0.8928571428571429,,15,60,2025-11-10T10:19:00,1762750140000,2,738.1508430259856
2025-11-10T10:17:00,1762750020000,SENSEX,hybrid,0.8928571428571429,,15,60,2025-11-10T10:20:00,1762750200000,3,739.7547131346719
2025-11-10T10:17:00,1762750020000,SENSEX,hybrid,0.8928571428571429,,15,60,2025-11-10T10:21:00,1762750260000,4,739.6466516068022
2025-11-10T10:17:00,1762750020000,SENSEX,hybrid,0.8928571428571429,,15,60,2025-11-10T10:22:00,1762750320000,5,737.7199980248652
2025-11-10T10:17:00,1762750020000,SENSEX,hybrid,0.8928571428571429,,15,60,2025-11-10T10:23:00,1762750380000,6,739.3470481711199
2025-11-10T10:17:00,1762750020000,SENSEX,hybrid,0.8928571428571429,,15,60,2025-11-10T10:24:00,1762750440000,7,740.6635643082193
2025-11-10T10:17:00,1762750020000,SENSEX,hybrid,0.8928571428571429,,15,60,2025-11-10T10:25:00,1762750500000,8,738.9349927063053
2025-11-10T10:17:00,1762750020000,SENSEX,hybrid,0.8928571428571429,,15,60,2025-11-10T10:26:00,1762750560000,9,741.2275529749622
2025-11-10T10:17:00,1762750020000,SENSEX,hybrid,0.8928571428571429,,15,60,2025-11-10T10:27:00,1762750620000,10,741.0879546128797
2025-11-10T10:17:00,1762750020000,SENSEX,hybrid,0.8928571428571429,,15,60,2025-11-10T10:28:00,1762750680000,11,739.679563975138
2025-11-10T10:17:00,1762750020000,SENSEX,hybrid,0.8928571428571429,,15,60,2025-11-10T10:29:00,1762750740000,12,741.0205698180935
2025-11-10T10:17:00,1762750020000,SENSEX,hybrid,0.8928571428571429,,15,60,2025-11-10T10:30:00,1762750800000,13,740.785933289426
2025-11-10T10:17:00,1762750020000,SENSEX,hybrid,0.8928571428571429,,15,60,2025-11-10T10:31:00,1762750860000,14,737.9274106878688
2025-11-10T10:17:00,1762750020000,SENSEX,hybrid,0.8928571428571429,,15,60,2025-11-10T10:32:00,1762750920000,15,740.1857026894457
2025-11-10T10:17:00,1762750020000,SENSEX,hybrid,0.8928571428571429,,15,60,2025-11-10T10:33:00,1762750980000,16,738.5052321184687
2025-11-10T10:17:00,1762750020000,SENSEX,hybrid,0.8928571428571429,,15,60,2025-11-10T10:34:00,1762751040000,17,736.6640291591473
2025-11-10T10:17:00,1762750020000,SENSEX,hybrid,0.8928571428571429,,15,60,2025-11-10T10:35:00,1762751100000,18,738.2961408496041
2025-11-10T10:17:00,1762750020000,SENSEX,hybrid,0.8928571428571429,,15,60,2025-11-10T10:36:00,1762751160000,19,738.0199186231747
2025-11-10T10:17:00,1762750020000,SENSEX,hybrid,0.8928571428571429,,15,60,2025-11-10T10:37:00,1762751220000,20,736.8118163693073
2025-11-10T10:17:00,1762750020000,SENSEX,hybrid,0.8928571428571429,,15,60,2025-11-10T10:38:00,1762751280000,21,738.3569940200754
2025-11-10T10:17:00,1762750020000,SENSEX,hybrid,0.8928571428571429,,15,60,2025-11-10T10:39:00,1762751340000,22,737.671966243124
2025-11-10T10:17:00,1762750020000,SENSEX,hybrid,0.8928571428571429,,15,60,2025-11-10T10:40:00,1762751400000,23,738.0222904698425
2025-11-10T10:17:00,1762750020000,SENSEX,hybrid,0.8928571428571429,,15,60,2025-11-10T10:41:00,1762751460000,24,737.2527710973405
2025-11-10T10:17:00,1762750020000,SENSEX,hybrid,0.8928571428571429,,15,60,2025-11-10T10:42:00,1762751520000,25,737.0942717909415
2025-11-10T10:17:00,1762750020000,SENSEX,hybrid,0.8928571428571429,,15,60,2025-11-10T10:43:00,1762751580000,26,737.7534784814583
2025-11-10T10:17:00,1762750020000,SENSEX,hybrid,0.8928571428571429,,15,60,2025-11-10T10:44:00,1762751640000,27,738.7449741973613
2025-11-10T10:17:00,1762750020000,SENSEX,hybrid,0.8928571428571429,,15,60,2025-11-10T10:45:00,1762751700000,28,736.0564978491602
2025-11-10T10:17:00,1762750020000,SENSEX,hybrid,0.8928571428571429,,15,60,2025-11-10T10:46:00,1762751760000,29,736.87842662968
2025-11-10T10:17:00,1762750020000,SENSEX,hybrid,0.8928571428571429,,15,60,2025-11-10T10:47:00,1762751820000,30,736.7660579543838
2025-11-10T10:17:00,1762750020000,SENSEX,hybrid,0.8928571428571429,,15,60,2025-11-10T10:48:00,1762751880000,31,736.7380262841509
2025-11-10T10:17:00,1762750020000,SENSEX,hybrid,0.8928571428571429,,15,60,2025-11-10T10:49:00,1762751940000,32,736.5564060737038
2025-11-10T10:17:00,1762750020000,SENSEX,hybrid,0.8928571428571429,,15,60,2025-11-10T10:50:00,1762752000000,33,735.8825458706768
2025-11-10T10:17:00,1762750020000,SENSEX,hybrid,0.8928571428571429,,15,60,2025-11-10T10:51:00,1762752060000,34,736.3630065055195
2025-11-10T10:17:00,1762750020000,SENSEX,hybrid,0.8928571428571429,,15,60,2025-11-10T10:52:00,1762752120000,35,737.0162609429782
2025-11-10T10:17:00,1762750020000,SENSEX,hybrid,0.8928571428571429,,15,60,2025-11-10T10:53:00,1762752180000,36,737.8324233610516
2025-11-10T10:17:00,1762750020000,SENSEX,hybrid,0.8928571428571429,,15,60,2025-11-10T10:54:00,1762752240000,37,737.5722369854225
2025-11-10T10:17:00,1762750020000,SENSEX,hybrid,0.8928571428571429,,15,60,2025-11-10T10:55:00,1762752300000,38,737.4823424799956
2025-11-10T10:17:00,1762750020000,SENSEX,hybrid,0.8928571428571429,,15,60,2025-11-10T10:56:00,1762752360000,39,737.512441408126
2025-11-10T10:17:00,1762750020000,SENSEX,hybrid,0.8928571428571429,,15,60,2025-11-10T10:57:00,1762752420000,40,737.2936337815601
2025-11-10T10:17:00,1762750020000,SENSEX,hybrid,0.8928571428571429,,15,60,2025-11-10T10:58:00,1762752480000,41,737.1321845117345
2025-11-10T10:17:00,1762750020000,SENSEX,hybrid,0.8928571428571429,,15,60,2025-11-10T10:59:00,1762752540000,42,737.1453184689211
2025-11-10T10:17:00,1762750020000,SENSEX,hybrid,0.8928571428571429,,15,60,2025-11-10T11:00:00,1762752600000,43,737.4295961252283
2025-11-10T10:17:00,1762750020000,SENSEX,hybrid,0.8928571428571429,,15,60,2025-11-10T11:01:00,1762752660000,44,735.7920168062903
2025-11-10T10:17:00,1762750020000,SENSEX,hybrid,0.8928571428571429,,15,60,2025-11-10T11:02:00,1762752720000,45,737.3162625841073
2025-11-10T10:17:00,1762750020000,SENSEX,hybrid,0.8928571428571429,,15,60,2025-11-10T11:03:00,1762752780000,46,735.9213186446261
2025-11-10T10:17:00,1762750020000,SENSEX,hybrid,0.8928571428571429,,15,60,2025-11-10T11:04:00,1762752840000,47,735.6294179371366
2025-11-10T10:17:00,1762750020000,SENSEX,hybrid,0.8928571428571429,,15,60,2025-11-10T11:05:00,1762752900000,48,737.6168518419645
2025-11-10T10:17:00,1762750020000,SENSEX,hybrid,0.8928571428571429,,15,60,2025-11-10T11:06:00,1762752960000,49,738.7027657446713
2025-11-10T10:17:00,1762750020000,SENSEX,hybrid,0.8928571428571429,,15,60,2025-11-10T11:07:00,1762753020000,50,737.2494296301235
2025-11-10T10:17:00,1762750020000,SENSEX,hybrid,0.8928571428571429,,15,60,2025-11-10T11:08:00,1762753080000,51,737.48994307897
2025-11-10T10:17:00,1762750020000,SENSEX,hybrid,0.8928571428571429,,15,60,2025-11-10T11:09:00,1762753140000,52,737.3613716503985
2025-11-10T10:17:00,1762750020000,SENSEX,hybrid,0.8928571428571429,,15,60,2025-11-10T11:10:00,1762753200000,53,736.1999991468462
2025-11-10T10:17:00,1762750020000,SENSEX,hybrid,0.8928571428571429,,15,60,2025-11-10T11:11:00,1762753260000,54,736.3506600402193
2025-11-10T10:17:00,1762750020000,SENSEX,hybrid,0.8928571428571429,,15,60,2025-11-10T11:12:00,1762753320000,55,737.9018397431422
2025-11-10T10:17:00,1762750020000,SENSEX,hybrid,0.8928571428571429,,15,60,2025-11-10T11:13:00,1762753380000,56,737.5046036022511
2025-11-10T10:17:00,1762750020000,SENSEX,hybrid,0.8928571428571429,,15,60,2025-11-10T11:14:00,1762753440000,57,737.4378314833575
2025-11-10T10:17:00,1762750020000,SENSEX,hybrid,0.8928571428571429,,15,60,2025-11-10T11:15:00,1762753500000,58,736.759394166334
2025-11-10T10:17:00,1762750020000,SENSEX,hybrid,0.8928571428571429,,15,60,2025-11-10T11:16:00,1762753560000,59,735.9697618792014
2025-11-10T10:17:00,1762750020000,SENSEX,hybrid,0.8928571428571429,,15,60,2025-11-10T11:17:00,1762753620000,60,736.1510859597078
2025-11-10T10:17:00,1762750020000,SENSEX,retrieval,,,20,180,2025-11-10T10:18:00,1762750080000,1,741.0
2025-11-10T10:17:00,1762750020000,SENSEX,retrieval,,,20,180,2025-11-10T10:19:00,1762750140000,2,741.0
2025-11-10T10:17:00,1762750020000,SENSEX,retrieval,,,20,180,2025-11-10T10:20:00,1762750200000,3,741.0
2025-11-10T10:17:00,1762750020000,SENSEX,retrieval,,,20,180,2025-11-10T10:21:00,1762750260000,4,741.0
2025-11-10T10:17:00,1762750020000,SENSEX,retrieval,,,20,180,2025-11-10T10:22:00,1762750320000,5,741.0
2025-11-10T10:17:00,1762750020000,SENSEX,retrieval,,,20,180,2025-11-10T10:23:00,1762750380000,6,741.0
2025-11-10T10:17:00,1762750020000,SENSEX,retrieval,,,20,180,2025-11-10T10:24:00,1762750440000,7,741.0
2025-11-10T10:17:00,1762750020000,SENSEX,retrieval,,,20,180,2025-11-10T10:25:00,1762750500000,8,741.0
2025-11-10T10:17:00,1762750020000,SENSEX,retrieval,,,20,180,2025-11-10T10:26:00,1762750560000,9,741.0
2025-11-10T10:17:00,1762750020000,SENSEX,retrieval,,,20,180,2025-11-10T10:27:00,1762750620000,10,741.0
2025-11-10T10:17:00,1762750020000,SENSEX,retrieval,,,20,180,2025-11-10T10:28:00,1762750680000,11,741.0
2025-11-10T10:17:00,1762750020000,SENSEX,retrieval,,,20,180,2025-11-10T10:29:00,1762750740000,12,741.0
2025-11-10T10:17:00,1762750020000,SENSEX,retrieval,,,20,180,2025-11-10T10:30:00,1762750800000,13,741.0
2025-11-10T10:17:00,1762750020000,SENSEX,retrieval,,,20,180,2025-11-10T10:31:00,1762750860000,14,741.0
2025-11-10T10:17:00,1762750020000,SENSEX,retrieval,,,20,180,2025-11-10T10:32:00,1762750920000,15,741.0
2025-11-10T10:17:00,1762750020000,SENSEX,retrieval,,,20,180,2025-11-10T10:33:00,1762750980000,16,741.0
2025-11-10T10:17:00,1762750020000,SENSEX,retrieval,,,20,180,2025-11-10T10:34:00,1762751040000,17,741.0
2025-11-10T10:17:00,1762750020000,SENSEX,retrieval,,,20,180,2025-11-10T10:35:00,1762751100000,18,741.0
2025-11-10T10:17:00,1762750020000,SENSEX,retrieval,,,20,180,2025-11-10T10:36:00,1762751160000,19,741.0
2025-11-10T10:17:00,1762750020000,SENSEX,retrieval,,,20,180,2025-11-10T10:37:00,1762751220000,20,741.0
2025-11-10T10:17:00,1762750020000,SENSEX,retrieval,,,20,180,2025-11-10T10:38:00,1762751280000,21,741.0
2025-11-10T10:17:00,1762750020000,SENSEX,retrieval,,,20,180,2025-11-10T10:39:00,1762751340000,22,741.0
2025-11-10T10:17:00,1762750020000,SENSEX,retrieval,,,20,180,2025-11-10T10:40:00,1762751400000,23,741.0
2025-11-10T10:17:00,1762750020000,SENSEX,retrieval,,,20,180,2025-11-10T10:41:00,1762751460000,24,741.0
2025-11-10T10:17:00,1762750020000,SENSEX,retrieval,,,20,180,2025-11-10T10:42:00,1762751520000,25,741.0
2025-11-10T10:17:00,1762750020000,SENSEX,retrieval,,,20,180,2025-11-10T10:43:00,1762751580000,26,741.0
2025-11-10T10:17:00,1762750020000,SENSEX,retrieval,,,20,180,2025-11-10T10:44:00,1762751640000,27,741.0
2025-11-10T10:17:00,1762750020000,SENSEX,retrieval,,,20,180,2025-11-10T10:45:00,1762751700000,28,741.0
2025-11-10T10:17:00,1762750020000,SENSEX,retrieval,,,20,180,2025-11-10T10:46:00,1762751760000,29,741.0
2025-11-10T10:17:00,1762750020000,SENSEX,retrieval,,,20,180,2025-11-10T10:47:00,1762751820000,30,741.0
2025-11-10T10:17:00,1762750020000,SENSEX,retrieval,,,20,180,2025-11-10T10:48:00,1762751880000,31,741.0
2025-11-10T10:17:00,1762750020000,SENSEX,retrieval,,,20,180,2025-11-10T10:49:00,1762751940000,32,741.0
2025-11-10T10:17:00,1762750020000,SENSEX,retrieval,,,20,180,2025-11-10T10:50:00,1762752000000,33,741.0
2025-11-10T10:17:00,1762750020000,SENSEX,retrieval,,,20,180,2025-11-10T10:51:00,1762752060000,34,741.0
2025-11-10T10:17:00,1762750020000,SENSEX,retrieval,,,20,180,2025-11-10T10:52:00,1762752120000,35,741.0
2025-11-10T10:17:00,1762750020000,SENSEX,retrieval,,,20,180,2025-11-10T10:53:00,1762752180000,36,741.0
2025-11-10T10:17:00,1762750020000,SENSEX,retrieval,,,20,180,2025-11-10T10:54:00,1762752240000,37,741.0
2025-11-10T10:17:00,1762750020000,SENSEX,retrieval,,,20,180,2025-11-10T10:55:00,1762752300000,38,741.0
2025-11-10T10:17:00,1762750020000,SENSEX,retrieval,,,20,180,2025-11-10T10:56:00,1762752360000,39,741.0
2025-11-10T10:17:00,1762750020000,SENSEX,retrieval,,,20,180,2025-11-10T10:57:00,1762752420000,40,741.0
2025-11-10T10:17:00,1762750020000,SENSEX,retrieval,,,20,180,2025-11-10T10:58:00,1762752480000,41,741.0
2025-11-10T10:17:00,1762750020000,SENSEX,retrieval,,,20,180,2025-11-10T10:59:00,1762752540000,42,741.0
2025-11-10T10:17:00,1762750020000,SENSEX,retrieval,,,20,180,2025-11-10T11:00:00,1762752600000,43,741.0
2025-11-10T10:17:00,1762750020000,SENSEX,retrieval,,,20,180,2025-11-10T11:01:00,1762752660000,44,741.0
2025-11-10T10:17:00,1762750020000,SENSEX,retrieval,,,20,180,2025-11-10T11:02:00,1762752720000,45,741.0
2025-11-10T10:17:00,1762750020000,SENSEX,retrieval,,,20,180,2025-11-10T11:03:00,1762752780000,46,741.0
2025-11-10T10:17:00,1762750020000,SENSEX,retrieval,,,20,180,2025-11-10T11:04:00,1762752840000,47,741.0
2025-11-10T10:17:00,1762750020000,SENSEX,retrieval,,,20,180,2025-11-10T11:05:00,1762752900000,48,741.0
2025-11-10T10:17:00,1762750020000,SENSEX,retrieval,,,20,180,2025-11-10T11:06:00,1762752960000,49,741.0
2025-11-10T10:17:00,1762750020000,SENSEX,retrieval,,,20,180,2025-11-10T11:07:00,1762753020000,50,741.0
2025-11-10T10:17:00,1762750020000,SENSEX,retrieval,,,20,180,2025-11-10T11:08:00,1762753080000,51,741.0
2025-11-10T10:17:00,1762750020000,SENSEX,retrieval,,,20,180,2025-11-10T11:09:00,1762753140000,52,741.0
2025-11-10T10:17:00,1762750020000,SENSEX,retrieval,,,20,180,2025-11-10T11:10:00,1762753200000,53,741.0
2025-11-10T10:17:00,1762750020000,SENSEX,retrieval,,,20,180,2025-11-10T11:11:00,1762753260000,54,741.0
2025-11-10T10:17:00,1762750020000,SENSEX,retrieval,,,20,180,2025-11-10T11:12:00,1762753320000,55,741.0
2025-11-10T10:17:00,1762750020000,SENSEX,retrieval,,,20,180,2025-11-10T11:13:00,1762753380000,56,741.0
2025-11-10T10:17:00,1762750020000,SENSEX,retrieval,,,20,180,2025-11-10T11:14:00,1762753440000,57,741.0
2025-11-10T10:17:00,1762750020000,SENSEX,retrieval,,,20,180,2025-11-10T11:15:00,1762753500000,58,741.0
2025-11-10T10:17:00,1762750020000,SENSEX,retrieval,,,20,180,2025-11-10T11:16:00,1762753560000,59,741.0
2025-11-10T10:17:00,1762750020000,SENSEX,retrieval,,,20,180,2025-11-10T11:17:00,1762753620000,60,741.0
2025-11-10T10:18:30,1762750110000,SENSEX,hybrid,0.8928571428571429,,15,60,2025-11-10T10:19:30,1762750170000,1,738.9
2025-11-10T10:18:30,1762750110000,SENSEX,hybrid,0.8928571428571429,,15,60,2025-11-10T10:20:30,1762750230000,2,737.2816379524215
2025-11-10T10:18:30,1762750110000,SENSEX,hybrid,0.8928571428571429,,15,60,2025-11-10T10:21:30,1762750290000,3,737.7866658745619
2025-11-10T10:18:30,1762750110000,SENSEX,hybrid,0.8928571428571429,,15,60,2025-11-10T10:22:30,1762750350000,4,737.4727893064152
2025-11-10T10:18:30,1762750110000,SENSEX,hybrid,0.8928571428571429,,15,60,2025-11-10T10:23:30,1762750410000,5,734.8514223815889
2025-11-10T10:18:30,1762750110000,SENSEX,hybrid,0.8928571428571429,,15,60,2025-11-10T10:24:30,1762750470000,6,737.034812237108
2025-11-10T10:18:30,1762750110000,SENSEX,hybrid,0.8928571428571429,,15,60,2025-11-10T10:25:30,1762750530000,7,738.1637900275932
2025-11-10T10:18:30,1762750110000,SENSEX,hybrid,0.8928571428571429,,15,60,2025-11-10T10:26:30,1762750590000,8,737.0094654668687
2025-11-10T10:18:30,1762750110000,SENSEX,hybrid,0.8928571428571429,,15,60,2025-11-10T10:27:30,1762750650000,9,738.3508322416458
2025-11-10T10:18:30,1762750110000,SENSEX,hybrid,0.8928571428571429,,15,60,2025-11-10T10:28:30,1762750710000,10,739.2573980856209
2025-11-10T10:18:30,1762750110000,SENSEX,hybrid,0.8928571428571429,,15,60,2025-11-10T10:29:30,1762750770000,11,737.0966731981749
2025-11-10T10:18:30,1762750110000,SENSEX,hybrid,0.8928571428571429,,15,60,2025-11-10T10:30:30,1762750830000,12,737.5535555754561
2025-11-10T10:18:30,1762750110000,SENSEX,hybrid,0.8928571428571429,,15,60,2025-11-10T10:31:30,1762750890000,13,737.2923646823381
2025-11-10T10:18:30,1762750110000,SENSEX,hybrid,0.8928571428571429,,15,60,2025-11-10T10:32:30,1762750950000,14,734.5252739133058
2025-11-10T10:18:30,1762750110000,SENSEX,hybrid,0.8928571428571429,,15,60,2025-11-10T10:33:30,1762751010000,15,737.0814294486801
2025-11-10T10:18:30,1762750110000,SENSEX,hybrid,0.8928571428571429,,15,60,2025-11-10T10:34:30,1762751070000,16,736.0487203811946
2025-11-10T10:18:30,1762750110000,SENSEX,hybrid,0.8928571428571429,,15,60,2025-11-10T10:35:30,1762751130000,17,734.7426078016575
2025-11-10T10:18:30,1762750110000,SENSEX,hybrid,0.8928571428571429,,15,60,2025-11-10T10:36:30,1762751190000,18,736.448898310178
2025-11-10T10:18:30,1762750110000,SENSEX,hybrid,0.8928571428571429,,15,60,2025-11-10T10:37:30,1762751250000,19,735.4165384402712
2025-11-10T10:18:30,1762750110000,SENSEX,hybrid,0.8928571428571429,,15,60,2025-11-10T10:38:30,1762751310000,20,734.6898857396467
2025-11-10T10:18:30,1762750110000,SENSEX,hybrid,0.8928571428571429,,15,60,2025-11-10T10:39:30,1762751370000,21,735.2824861930502
2025-11-10T10:18:30,1762750110000,SENSEX,hybrid,0.8928571428571429,,15,60,2025-11-10T10:40:30,1762751430000,22,735.4096971879043
2025-11-10T10:18:30,1762750110000,SENSEX,hybrid,0.8928571428571429,,15,60,2025-11-10T10:41:30,1762751490000,23,736.1032352563137
2025-11-10T10:18:30,1762750110000,SENSEX,hybrid,0.8928571428571429,,15,60,2025-11-10T10:42:30,1762751550000,24,735.0912823045957
2025-11-10T10:18:30,1762750110000,SENSEX,hybrid,0.8928571428571429,,15,60,2025-11-10T10:43:30,1762751610000,25,734.9349357945299
2025-11-10T10:18:30,1762750110000,SENSEX,hybrid,0.8928571428571429,,15,60,2025-11-10T10:44:30,1762751670000,26,737.1989799189813
2025-11-10T10:18:30,1762750110000,SENSEX,hybrid,0.8928571428571429,,15,60,2025-11-10T10:45:30,1762751730000,27,737.4751525580215
2025-11-10T10:18:30,1762750110000,SENSEX,hybrid,0.8928571428571429,,15,60,2025-11-10T10:46:30,1762751790000,28,736.4915920769482
2025-11-10T10:18:30,1762750110000,SENSEX,hybrid,0.8928571428571429,,15,60,2025-11-10T10:47:30,1762751850000,29,734.4470595573611
2025-11-10T10:18:30,1762750110000,SENSEX,hybrid,0.8928571428571429,,15,60,2025-11-10T10:48:30,1762751910000,30,735.2711899874713
2025-11-10T10:18:30,1762750110000,SENSEX,hybrid,0.8928571428571429,,15,60,2025-11-10T10:49:30,1762751970000,31,735.9885338893527
2025-11-10T10:18:30,1762750110000,SENSEX,hybrid,0.8928571428571429,,15,60,2025-11-10T10:50:30,1762752030000,32,734.6184425297365
2025-11-10T10:18:30,1762750110000,SENSEX,hybrid,0.8928571428571429,,15,60,2025-11-10T10:51:30,1762752090000,33,735.6359840369807
2025-11-10T10:18:30,1762750110000,SENSEX,hybrid,0.8928571428571429,,15,60,2025-11-10T10:52:30,1762752150000,34,733.9998767771101
2025-11-10T10:18:30,1762750110000,SENSEX,hybrid,0.8928571428571429,,15,60,2025-11-10T10:53:30,1762752210000,35,734.9190370052842
2025-11-10T10:18:30,1762750110000,SENSEX,hybrid,0.8928571428571429,,15,60,2025-11-10T10:54:30,1762752270000,36,735.5414340959794
2025-11-10T10:18:30,1762750110000,SENSEX,hybrid,0.8928571428571429,,15,60,2025-11-10T10:55:30,1762752330000,37,735.2955559825184
2025-11-10T10:18:30,1762750110000,SENSEX,hybrid,0.8928571428571429,,15,60,2025-11-10T10:56:30,1762752390000,38,735.118512670027
2025-11-10T10:18:30,1762750110000,SENSEX,hybrid,0.8928571428571429,,15,60,2025-11-10T10:57:30,1762752450000,39,735.5051988119936
2025-11-10T10:18:30,1762750110000,SENSEX,hybrid,0.8928571428571429,,15,60,2025-11-10T10:58:30,1762752510000,40,734.878048630646
2025-11-10T10:18:30,1762750110000,SENSEX,hybrid,0.8928571428571429,,15,60,2025-11-10T10:59:30,1762752570000,41,733.3335590030456
2025-11-10T10:18:30,1762750110000,SENSEX,hybrid,0.8928571428571429,,15,60,2025-11-10T11:00:30,1762752630000,42,734.2970725302603
2025-11-10T10:18:30,1762750110000,SENSEX,hybrid,0.8928571428571429,,15,60,2025-11-10T11:01:30,1762752690000,43,733.3864874454603
2025-11-10T10:18:30,1762750110000,SENSEX,hybrid,0.8928571428571429,,15,60,2025-11-10T11:02:30,1762752750000,44,733.0490926250142
2025-11-10T10:18:30,1762750110000,SENSEX,hybrid,0.8928571428571429,,15,60,2025-11-10T11:03:30,1762752810000,45,734.8874362066882
2025-11-10T10:18:30,1762750110000,SENSEX,hybrid,0.8928571428571429,,15,60,2025-11-10T11:04:30,1762752870000,46,735.1739253101865
2025-11-10T10:18:30,1762750110000,SENSEX,hybrid,0.8928571428571429,,15,60,2025-11-10T11:05:30,1762752930000,47,733.8645904244245
2025-11-10T10:18:30,1762750110000,SENSEX,hybrid,0.8928571428571429,,15,60,2025-11-10T11:06:30,1762752990000,48,735.2496191284743
2025-11-10T10:18:30,1762750110000,SENSEX,hybrid,0.8928571428571429,,15,60,2025-11-10T11:07:30,1762753050000,49,736.1538482145227
2025-11-10T10:18:30,1762750110000,SENSEX,hybrid,0.8928571428571429,,15,60,2025-11-10T11:08:30,1762753110000,50,734.6058076075749
2025-11-10T10:18:30,1762750110000,SENSEX,hybrid,0.8928571428571429,,15,60,2025-11-10T11:09:30,1762753170000,51,734.020547700772
2025-11-10T10:18:30,1762750110000,SENSEX,hybrid,0.8928571428571429,,15,60,2025-11-10T11:10:30,1762753230000,52,735.2151905579149
2025-11-10T10:18:30,1762750110000,SENSEX,hybrid,0.8928571428571429,,15,60,2025-11-10T11:11:30,1762753290000,53,735.1815014952886
2025-11-10T10:18:30,1762750110000,SENSEX,hybrid,0.8928571428571429,,15,60,2025-11-10T11:12:30,1762753350000,54,734.0132372357984
2025-11-10T10:18:30,1762750110000,SENSEX,hybrid,0.8928571428571429,,15,60,2025-11-10T11:13:30,1762753410000,55,734.2950973212082
2025-11-10T10:18:30,1762750110000,SENSEX,hybrid,0.8928571428571429,,15,60,2025-11-10T11:14:30,1762753470000,56,733.9267431244373
2025-11-10T10:18:30,1762750110000,SENSEX,hybrid,0.8928571428571429,,15,60,2025-11-10T11:15:30,1762753530000,57,735.3460080115467
2025-11-10T10:18:30,1762750110000,SENSEX,hybrid,0.8928571428571429,,15,60,2025-11-10T11:16:30,1762753590000,58,735.2909917316866
2025-11-10T10:18:30,1762750110000,SENSEX,hybrid,0.8928571428571429,,15,60,2025-11-10T11:17:30,1762753650000,59,734.3051460807609
2025-11-10T10:18:30,1762750110000,SENSEX,hybrid,0.8928571428571429,,15,60,2025-11-10T11:18:30,1762753710000,60,734.1067167294888
2025-11-10T10:18:30,1762750110000,SENSEX,hybrid,0.8928571428571429,,15,60,2025-11-10T10:19:30,1762750170000,1,738.9
2025-11-10T10:18:30,1762750110000,SENSEX,hybrid,0.8928571428571429,,15,60,2025-11-10T10:20:30,1762750230000,2,737.2816379524215
2025-11-10T10:18:30,1762750110000,SENSEX,hybrid,0.8928571428571429,,15,60,2025-11-10T10:21:30,1762750290000,3,737.7866658745619
2025-11-10T10:18:30,1762750110000,SENSEX,hybrid,0.8928571428571429,,15,60,2025-11-10T10:22:30,1762750350000,4,737.4727893064152
2025-11-10T10:18:30,1762750110000,SENSEX,hybrid,0.8928571428571429,,15,60,2025-11-10T10:23:30,1762750410000,5,734.8514223815889
2025-11-10T10:18:30,1762750110000,SENSEX,hybrid,0.8928571428571429,,15,60,2025-11-10T10:24:30,1762750470000,6,737.034812237108
2025-11-10T10:18:30,1762750110000,SENSEX,hybrid,0.8928571428571429,,15,60,2025-11-10T10:25:30,1762750530000,7,738.1637900275932
2025-11-10T10:18:30,1762750110000,SENSEX,hybrid,0.8928571428571429,,15,60,2025-11-10T10:26:30,1762750590000,8,737.0094654668687
2025-11-10T10:18:30,1762750110000,SENSEX,hybrid,0.8928571428571429,,15,60,2025-11-10T10:27:30,1762750650000,9,738.3508322416458
2025-11-10T10:18:30,1762750110000,SENSEX,hybrid,0.8928571428571429,,15,60,2025-11-10T10:28:30,1762750710000,10,739.2573980856209
2025-11-10T10:18:30,1762750110000,SENSEX,hybrid,0.8928571428571429,,15,60,2025-11-10T10:29:30,1762750770000,11,737.0966731981749
2025-11-10T10:18:30,1762750110000,SENSEX,hybrid,0.8928571428571429,,15,60,2025-11-10T10:30:30,1762750830000,12,737.5535555754561
2025-11-10T10:18:30,1762750110000,SENSEX,hybrid,0.8928571428571429,,15,60,2025-11-10T10:31:30,1762750890000,13,737.2923646823381
2025-11-10T10:18:30,1762750110000,SENSEX,hybrid,0.8928571428571429,,15,60,2025-11-10T10:32:30,1762750950000,14,734.5252739133058
2025-11-10T10:18:30,1762750110000,SENSEX,hybrid,0.8928571428571429,,15,60,2025-11-10T10:33:30,1762751010000,15,737.0814294486801
2025-11-10T10:18:30,1762750110000,SENSEX,hybrid,0.8928571428571429,,15,60,2025-11-10T10:34:30,1762751070000,16,736.0487203811946
2025-11-10T10:18:30,1762750110000,SENSEX,hybrid,0.8928571428571429,,15,60,2025-11-10T10:35:30,1762751130000,17,734.7426078016575
2025-11-10T10:18:30,1762750110000,SENSEX,hybrid,0.8928571428571429,,15,60,2025-11-10T10:36:30,1762751190000,18,736.448898310178
2025-11-10T10:18:30,1762750110000,SENSEX,hybrid,0.8928571428571429,,15,60,2025-11-10T10:37:30,1762751250000,19,735.4165384402712
2025-11-10T10:18:30,1762750110000,SENSEX,hybrid,0.8928571428571429,,15,60,2025-11-10T10:38:30,1762751310000,20,734.6898857396467
2025-11-10T10:18:30,1762750110000,SENSEX,hybrid,0.8928571428571429,,15,60,2025-11-10T10:39:30,1762751370000,21,735.2824861930502
2025-11-10T10:18:30,1762750110000,SENSEX,hybrid,0.8928571428571429,,15,60,2025-11-10T10:40:30,1762751430000,22,735.4096971879043
2025-11-10T10:18:30,1762750110000,SENSEX,hybrid,0.8928571428571429,,15,60,2025-11-10T10:41:30,1762751490000,23,736.1032352563137
2025-11-10T10:18:30,1762750110000,SENSEX,hybrid,0.8928571428571429,,15,60,2025-11-10T10:42:30,1762751550000,24,735.0912823045957
2025-11-10T10:18:30,1762750110000,SENSEX,hybrid,0.8928571428571429,,15,60,2025-11-10T10:43:30,1762751610000,25,734.9349357945299
2025-11-10T10:18:30,1762750110000,SENSEX,hybrid,0.8928571428571429,,15,60,2025-11-10T10:44:30,1762751670000,26,737.1989799189813
2025-11-10T10:18:30,1762750110000,SENSEX,hybrid,0.8928571428571429,,15,60,2025-11-10T10:45:30,1762751730000,27,737.4751525580215
2025-11-10T10:18:30,1762750110000,SENSEX,hybrid,0.8928571428571429,,15,60,2025-11-10T10:46:30,1762751790000,28,736.4915920769482
2025-11-10T10:18:30,1762750110000,SENSEX,hybrid,0.8928571428571429,,15,60,2025-11-10T10:47:30,1762751850000,29,734.4470595573611
2025-11-10T10:18:30,1762750110000,SENSEX,hybrid,0.8928571428571429,,15,60,2025-11-10T10:48:30,1762751910000,30,735.2711899874713
2025-11-10T10:18:30,1762750110000,SENSEX,hybrid,0.8928571428571429,,15,60,2025-11-10T10:49:30,1762751970000,31,735.9885338893527
2025-11-10T10:18:30,1762750110000,SENSEX,hybrid,0.8928571428571429,,15,60,2025-11-10T10:50:30,1762752030000,32,734.6184425297365
2025-11-10T10:18:30,1762750110000,SENSEX,hybrid,0.8928571428571429,,15,60,2025-11-10T10:51:30,1762752090000,33,735.6359840369807
2025-11-10T10:18:30,1762750110000,SENSEX,hybrid,0.8928571428571429,,15,60,2025-11-10T10:52:30,1762752150000,34,733.9998767771101
2025-11-10T10:18:30,1762750110000,SENSEX,hybrid,0.8928571428571429,,15,60,2025-11-10T10:53:30,1762752210000,35,734.9190370052842
2025-11-10T10:18:30,1762750110000,SENSEX,hybrid,0.8928571428571429,,15,60,2025-11-10T10:54:30,1762752270000,36,735.5414340959794
2025-11-10T10:18:30,1762750110000,SENSEX,hybrid,0.8928571428571429,,15,60,2025-11-10T10:55:30,1762752330000,37,735.2955559825184
2025-11-10T10:18:30,1762750110000,SENSEX,hybrid,0.8928571428571429,,15,60,2025-11-10T10:56:30,1762752390000,38,735.118512670027
2025-11-10T10:18:30,1762750110000,SENSEX,hybrid,0.8928571428571429,,15,60,2025-11-10T10:57:30,1762752450000,39,735.5051988119936
2025-11-10T10:18:30,1762750110000,SENSEX,hybrid,0.8928571428571429,,15,60,2025-11-10T10:58:30,1762752510000,40,734.878048630646
2025-11-10T10:18:30,1762750110000,SENSEX,hybrid,0.8928571428571429,,15,60,2025-11-10T10:59:30,1762752570000,41,733.3335590030456
2025-11-10T10:18:30,1762750110000,SENSEX,hybrid,0.8928571428571429,,15,60,2025-11-10T11:00:30,1762752630000,42,734.2970725302603
2025-11-10T10:18:30,1762750110000,SENSEX,hybrid,0.8928571428571429,,15,60,2025-11-10T11:01:30,1762752690000,43,733.3864874454603
2025-11-10T10:18:30,1762750110000,SENSEX,hybrid,0.8928571428571429,,15,60,2025-11-10T11:02:30,1762752750000,44,733.0490926250142
2025-11-10T10:18:30,1762750110000,SENSEX,hybrid,0.8928571428571429,,15,60,2025-11-10T11:03:30,1762752810000,45,734.8874362066882
2025-11-10T10:18:30,1762750110000,SENSEX,hybrid,0.8928571428571429,,15,60,2025-11-10T11:04:30,1762752870000,46,735.1739253101865
2025-11-10T10:18:30,1762750110000,SENSEX,hybrid,0.8928571428571429,,15,60,2025-11-10T11:05:30,1762752930000,47,733.8645904244245
2025-11-10T10:18:30,1762750110000,SENSEX,hybrid,0.8928571428571429,,15,60,2025-11-10T11:06:30,1762752990000,48,735.2496191284743
2025-11-10T10:18:30,1762750110000,SENSEX,hybrid,0.8928571428571429,,15,60,2025-11-10T11:07:30,1762753050000,49,736.1538482145227
2025-11-10T10:18:30,1762750110000,SENSEX,hybrid,0.8928571428571429,,15,60,2025-11-10T11:08:30,1762753110000,50,734.6058076075749
2025-11-10T10:18:30,1762750110000,SENSEX,hybrid,0.8928571428571429,,15,60,2025-11-10T11:09:30,1762753170000,51,734.020547700772
2025-11-10T10:18:30,1762750110000,SENSEX,hybrid,0.8928571428571429,,15,60,2025-11-10T11:10:30,1762753230000,52,735.2151905579149
2025-11-10T10:18:30,1762750110000,SENSEX,hybrid,0.8928571428571429,,15,60,2025-11-10T11:11:30,1762753290000,53,735.1815014952886
2025-11-10T10:18:30,1762750110000,SENSEX,hybrid,0.8928571428571429,,15,60,2025-11-10T11:12:30,1762753350000,54,734.0132372357984
2025-11-10T10:18:30,1762750110000,SENSEX,hybrid,0.8928571428571429,,15,60,2025-11-10T11:13:30,1762753410000,55,734.2950973212082
2025-11-10T10:18:30,1762750110000,SENSEX,hybrid,0.8928571428571429,,15,60,2025-11-10T11:14:30,1762753470000,56,733.9267431244373
2025-11-10T10:18:30,1762750110000,SENSEX,hybrid,0.8928571428571429,,15,60,2025-11-10T11:15:30,1762753530000,57,735.3460080115467
2025-11-10T10:18:30,1762750110000,SENSEX,hybrid,0.8928571428571429,,15,60,2025-11-10T11:16:30,1762753590000,58,735.2909917316866
2025-11-10T10:18:30,1762750110000,SENSEX,hybrid,0.8928571428571429,,15,60,2025-11-10T11:17:30,1762753650000,59,734.3051460807609
2025-11-10T10:18:30,1762750110000,SENSEX,hybrid,0.8928571428571429,,15,60,2025-11-10T11:18:30,1762753710000,60,734.1067167294888
2025-11-10T10:18:30,1762750110000,SENSEX,hybrid,0.8928571428571429,,15,60,2025-11-10T10:19:30,1762750170000,1,738.9
2025-11-10T10:18:30,1762750110000,SENSEX,hybrid,0.8928571428571429,,15,60,2025-11-10T10:20:30,1762750230000,2,737.2816379524215
2025-11-10T10:18:30,1762750110000,SENSEX,hybrid,0.8928571428571429,,15,60,2025-11-10T10:21:30,1762750290000,3,737.7866658745619
2025-11-10T10:18:30,1762750110000,SENSEX,hybrid,0.8928571428571429,,15,60,2025-11-10T10:22:30,1762750350000,4,737.4727893064152
2025-11-10T10:18:30,1762750110000,SENSEX,hybrid,0.8928571428571429,,15,60,2025-11-10T10:23:30,1762750410000,5,734.8514223815889
2025-11-10T10:18:30,1762750110000,SENSEX,hybrid,0.8928571428571429,,15,60,2025-11-10T10:24:30,1762750470000,6,737.034812237108
2025-11-10T10:18:30,1762750110000,SENSEX,hybrid,0.8928571428571429,,15,60,2025-11-10T10:25:30,1762750530000,7,738.1637900275932
2025-11-10T10:18:30,1762750110000,SENSEX,hybrid,0.8928571428571429,,15,60,2025-11-10T10:26:30,1762750590000,8,737.0094654668687
2025-11-10T10:18:30,1762750110000,SENSEX,hybrid,0.8928571428571429,,15,60,2025-11-10T10:27:30,1762750650000,9,738.3508322416458
2025-11-10T10:18:30,1762750110000,SENSEX,hybrid,0.8928571428571429,,15,60,2025-11-10T10:28:30,1762750710000,10,739.2573980856209
2025-11-10T10:18:30,1762750110000,SENSEX,hybrid,0.8928571428571429,,15,60,2025-11-10T10:29:30,1762750770000,11,737.0966731981749
2025-11-10T10:18:30,1762750110000,SENSEX,hybrid,0.8928571428571429,,15,60,2025-11-10T10:30:30,1762750830000,12,737.5535555754561
2025-11-10T10:18:30,1762750110000,SENSEX,hybrid,0.8928571428571429,,15,60,2025-11-10T10:31:30,1762750890000,13,737.2923646823381
2025-11-10T10:18:30,1762750110000,SENSEX,hybrid,0.8928571428571429,,15,60,2025-11-10T10:32:30,1762750950000,14,734.5252739133058
2025-11-10T10:18:30,1762750110000,SENSEX,hybrid,0.8928571428571429,,15,60,2025-11-10T10:33:30,1762751010000,15,737.0814294486801
2025-11-10T10:18:30,1762750110000,SENSEX,hybrid,0.8928571428571429,,15,60,2025-11-10T10:34:30,1762751070000,16,736.0487203811946
2025-11-10T10:18:30,1762750110000,SENSEX,hybrid,0.8928571428571429,,15,60,2025-11-10T10:35:30,1762751130000,17,734.7426078016575
2025-11-10T10:18:30,1762750110000,SENSEX,hybrid,0.8928571428571429,,15,60,2025-11-10T10:36:30,1762751190000,18,736.448898310178
2025-11-10T10:18:30,1762750110000,SENSEX,hybrid,0.8928571428571429,,15,60,2025-11-10T10:37:30,1762751250000,19,735.4165384402712
2025-11-10T10:18:30,1762750110000,SENSEX,hybrid,0.8928571428571429,,15,60,2025-11-10T10:38:30,1762751310000,20,734.6898857396467
2025-11-10T10:18:30,1762750110000,SENSEX,hybrid,0.8928571428571429,,15,60,2025-11-10T10:39:30,1762751370000,21,735.2824861930502
2025-11-10T10:18:30,1762750110000,SENSEX,hybrid,0.8928571428571429,,15,60,2025-11-10T10:40:30,1762751430000,22,735.4096971879043
2025-11-10T10:18:30,1762750110000,SENSEX,hybrid,0.8928571428571429,,15,60,2025-11-10T10:41:30,1762751490000,23,736.1032352563137
2025-11-10T10:18:30,1762750110000,SENSEX,hybrid,0.8928571428571429,,15,60,2025-11-10T10:42:30,1762751550000,24,735.0912823045957
2025-11-10T10:18:30,1762750110000,SENSEX,hybrid,0.8928571428571429,,15,60,2025-11-10T10:43:30,1762751610000,25,734.9349357945299
2025-11-10T10:18:30,1762750110000,SENSEX,hybrid,0.8928571428571429,,15,60,2025-11-10T10:44:30,1762751670000,26,737.1989799189813
2025-11-10T10:18:30,1762750110000,SENSEX,hybrid,0.8928571428571429,,15,60,2025-11-10T10:45:30,1762751730000,27,737.4751525580215
2025-11-10T10:18:30,1762750110000,SENSEX,hybrid,0.8928571428571429,,15,60,2025-11-10T10:46:30,1762751790000,28,736.4915920769482
2025-11-10T10:18:30,1762750110000,SENSEX,hybrid,0.8928571428571429,,15,60,2025-11-10T10:47:30,1762751850000,29,734.4470595573611
2025-11-10T10:18:30,1762750110000,SENSEX,hybrid,0.8928571428571429,,15,60,2025-11-10T10:48:30,1762751910000,30,735.2711899874713
2025-11-10T10:18:30,1762750110000,SENSEX,hybrid,0.8928571428571429,,15,60,2025-11-10T10:49:30,1762751970000,31,735.9885338893527
2025-11-10T10:18:30,1762750110000,SENSEX,hybrid,0.8928571428571429,,15,60,2025-11-10T10:50:30,1762752030000,32,734.6184425297365
2025-11-10T10:18:30,1762750110000,SENSEX,hybrid,0.8928571428571429,,15,60,2025-11-10T10:51:30,1762752090000,33,735.6359840369807
2025-11-10T10:18:30,1762750110000,SENSEX,hybrid,0.8928571428571429,,15,60,2025-11-10T10:52:30,1762752150000,34,733.9998767771101
2025-11-10T10:18:30,1762750110000,SENSEX,hybrid,0.8928571428571429,,15,60,2025-11-10T10:53:30,1762752210000,35,734.9190370052842
2025-11-10T10:18:30,1762750110000,SENSEX,hybrid,0.8928571428571429,,15,60,2025-11-10T10:54:30,1762752270000,36,735.5414340959794
2025-11-10T10:18:30,1762750110000,SENSEX,hybrid,0.8928571428571429,,15,60,2025-11-10T10:55:30,1762752330000,37,735.2955559825184
2025-11-10T10:18:30,1762750110000,SENSEX,hybrid,0.8928571428571429,,15,60,2025-11-10T10:56:30,1762752390000,38,735.118512670027
2025-11-10T10:18:30,1762750110000,SENSEX,hybrid,0.8928571428571429,,15,60,2025-11-10T10:57:30,1762752450000,39,735.5051988119936
2025-11-10T10:18:30,1762750110000,SENSEX,hybrid,0.8928571428571429,,15,60,2025-11-10T10:58:30,1762752510000,40,734.878048630646
2025-11-10T10:18:30,1762750110000,SENSEX,hybrid,0.8928571428571429,,15,60,2025-11-10T10:59:30,1762752570000,41,733.3335590030456
2025-11-10T10:18:30,1762750110000,SENSEX,hybrid,0.8928571428571429,,15,60,2025-11-10T11:00:30,1762752630000,42,734.2970725302603
2025-11-10T10:18:30,1762750110000,SENSEX,hybrid,0.8928571428571429,,15,60,2025-11-10T11:01:30,1762752690000,43,733.3864874454603
2025-11-10T10:18:30,1762750110000,SENSEX,hybrid,0.8928571428571429,,15,60,2025-11-10T11:02:30,1762752750000,44,733.0490926250142
2025-11-10T10:18:30,1762750110000,SENSEX,hybrid,0.8928571428571429,,15,60,2025-11-10T11:03:30,1762752810000,45,734.8874362066882
2025-11-10T10:18:30,1762750110000,SENSEX,hybrid,0.8928571428571429,,15,60,2025-11-10T11:04:30,1762752870000,46,735.1739253101865
2025-11-10T10:18:30,1762750110000,SENSEX,hybrid,0.8928571428571429,,15,60,2025-11-10T11:05:30,1762752930000,47,733.8645904244245
2025-11-10T10:18:30,1762750110000,SENSEX,hybrid,0.8928571428571429,,15,60,2025-11-10T11:06:30,1762752990000,48,735.2496191284743
2025-11-10T10:18:30,1762750110000,SENSEX,hybrid,0.8928571428571429,,15,60,2025-11-10T11:07:30,1762753050000,49,736.1538482145227
2025-11-10T10:18:30,1762750110000,SENSEX,hybrid,0.8928571428571429,,15,60,2025-11-10T11:08:30,1762753110000,50,734.6058076075749
2025-11-10T10:18:30,1762750110000,SENSEX,hybrid,0.8928571428571429,,15,60,2025-11-10T11:09:30,1762753170000,51,734.020547700772
2025-11-10T10:18:30,1762750110000,SENSEX,hybrid,0.8928571428571429,,15,60,2025-11-10T11:10:30,1762753230000,52,735.2151905579149
2025-11-10T10:18:30,1762750110000,SENSEX,hybrid,0.8928571428571429,,15,60,2025-11-10T11:11:30,1762753290000,53,735.1815014952886
2025-11-10T10:18:30,1762750110000,SENSEX,hybrid,0.8928571428571429,,15,60,2025-11-10T11:12:30,1762753350000,54,734.0132372357984
2025-11-10T10:18:30,1762750110000,SENSEX,hybrid,0.8928571428571429,,15,60,2025-11-10T11:13:30,1762753410000,55,734.2950973212082
2025-11-10T10:18:30,1762750110000,SENSEX,hybrid,0.8928571428571429,,15,60,2025-11-10T11:14:30,1762753470000,56,733.9267431244373
2025-11-10T10:18:30,1762750110000,SENSEX,hybrid,0.8928571428571429,,15,60,2025-11-10T11:15:30,1762753530000,57,735.3460080115467
2025-11-10T10:18:30,1762750110000,SENSEX,hybrid,0.8928571428571429,,15,60,2025-11-10T11:16:30,1762753590000,58,735.2909917316866
2025-11-10T10:18:30,1762750110000,SENSEX,hybrid,0.8928571428571429,,15,60,2025-11-10T11:17:30,1762753650000,59,734.3051460807609
2025-11-10T10:18:30,1762750110000,SENSEX,hybrid,0.8928571428571429,,15,60,2025-11-10T11:18:30,1762753710000,60,734.1067167294888
2025-11-10T10:19:00,1762750140000,SENSEX,hybrid,0.8928571428571429,25,15,60,2025-11-10T10:20:00,1762750200000,1,743.3
2025-11-10T10:19:00,1762750140000,SENSEX,hybrid,0.8928571428571429,25,15,60,2025-11-10T10:21:00,1762750260000,2,744.3779452254938
2025-11-10T10:19:00,1762750140000,SENSEX,hybrid,0.8928571428571429,25,15,60,2025-11-10T10:22:00,1762750320000,3,743.4952804779535
2025-11-10T10:19:00,1762750140000,SENSEX,hybrid,0.8928571428571429,25,15,60,2025-11-10T10:23:00,1762750380000,4,741.1685482868977
2025-11-10T10:19:00,1762750140000,SENSEX,hybrid,0.8928571428571429,25,15,60,2025-11-10T10:24:00,1762750440000,5,742.4663045835606
2025-11-10T10:19:00,1762750140000,SENSEX,hybrid,0.8928571428571429,25,15,60,2025-11-10T10:25:00,1762750500000,6,742.4673023530395
2025-11-10T10:19:00,1762750140000,SENSEX,hybrid,0.8928571428571429,25,15,60,2025-11-10T10:26:00,1762750560000,7,742.4298280047122
2025-11-10T10:19:00,1762750140000,SENSEX,hybrid,0.8928571428571429,25,15,60,2025-11-10T10:27:00,1762750620000,8,744.4452965433751
2025-11-10T10:19:00,1762750140000,SENSEX,hybrid,0.8928571428571429,25,15,60,2025-11-10T10:28:00,1762750680000,9,744.0677118466162
2025-11-10T10:19:00,1762750140000,SENSEX,hybrid,0.8928571428571429,25,15,60,2025-11-10T10:29:00,1762750740000,10,743.1749058595268
2025-11-10T10:19:00,1762750140000,SENSEX,hybrid,0.8928571428571429,25,15,60,2025-11-10T10:30:00,1762750800000,11,743.9723018313892
2025-11-10T10:19:00,1762750140000,SENSEX,hybrid,0.8928571428571429,25,15,60,2025-11-10T10:31:00,1762750860000,12,742.5615613877967
2025-11-10T10:19:00,1762750140000,SENSEX,hybrid,0.8928571428571429,25,15,60,2025-11-10T10:32:00,1762750920000,13,741.3577357153637
2025-11-10T10:19:00,1762750140000,SENSEX,hybrid,0.8928571428571429,25,15,60,2025-11-10T10:33:00,1762750980000,14,741.6142355449116
2025-11-10T10:19:00,1762750140000,SENSEX,hybrid,0.8928571428571429,25,15,60,2025-11-10T10:34:00,1762751040000,15,742.8029368259063
2025-11-10T10:19:00,1762750140000,SENSEX,hybrid,0.8928571428571429,25,15,60,2025-11-10T10:35:00,1762751100000,16,740.6483784975111
2025-11-10T10:19:00,1762750140000,SENSEX,hybrid,0.8928571428571429,25,15,60,2025-11-10T10:36:00,1762751160000,17,741.8897988598069
2025-11-10T10:19:00,1762750140000,SENSEX,hybrid,0.8928571428571429,25,15,60,2025-11-10T10:37:00,1762751220000,18,741.4190505011436
2025-11-10T10:19:00,1762750140000,SENSEX,hybrid,0.8928571428571429,25,15,60,2025-11-10T10:38:00,1762751280000,19,740.5008809909904
2025-11-10T10:19:00,1762750140000,SENSEX,hybrid,0.8928571428571429,25,15,60,2025-11-10T10:39:00,1762751340000,20,740.8764832123409
2025-11-10T10:19:00,1762750140000,SENSEX,hybrid,0.8928571428571429,25,15,60,2025-11-10T10:40:00,1762751400000,21,741.0579656506104
2025-11-10T10:19:00,1762750140000,SENSEX,hybrid,0.8928571428571429,25,15,60,2025-11-10T10:41:00,1762751460000,22,740.7787540492885
2025-11-10T10:19:00,1762750140000,SENSEX,hybrid,0.8928571428571429,25,15,60,2025-11-10T10:42:00,1762751520000,23,742.1387633291263
2025-11-10T10:19:00,1762750140000,SENSEX,hybrid,0.8928571428571429,25,15,60,2025-11-10T10:43:00,1762751580000,24,740.8798377218369
2025-11-10T10:19:00,1762750140000,SENSEX,hybrid,0.8928571428571429,25,15,60,2025-11-10T10:44:00,1762751640000,25,741.2133198227056
2025-11-10T10:19:00,1762750140000,SENSEX,hybrid,0.8928571428571429,25,15,60,2025-11-10T10:45:00,1762751700000,26,743.1073802285881
2025-11-10T10:19:00,1762750140000,SENSEX,hybrid,0.8928571428571429,25,15,60,2025-11-10T10:46:00,1762751760000,27,743.1489480053427
2025-11-10T10:19:00,1762750140000,SENSEX,hybrid,0.8928571428571429,25,15,60,2025-11-10T10:47:00,1762751820000,28,741.9072564142191
2025-11-10T10:19:00,1762750140000,SENSEX,hybrid,0.8928571428571429,25,15,60,2025-11-10T10:48:00,1762751880000,29,740.7086873777288
2025-11-10T10:19:00,1762750140000,SENSEX,hybrid,0.8928571428571429,25,15,60,2025-11-10T10:49:00,1762751940000,30,740.9305999901701
2025-11-10T10:19:00,1762750140000,SENSEX,hybrid,0.8928571428571429,25,15,60,2025-11-10T10:50:00,1762752000000,31,741.4966067736231
2025-11-10T10:19:00,1762750140000,SENSEX,hybrid,0.8928571428571429,25,15,60,2025-11-10T10:51:00,1762752060000,32,740.4332150765491
2025-11-10T10:19:00,1762750140000,SENSEX,hybrid,0.8928571428571429,25,15,60,2025-11-10T10:52:00,1762752120000,33,741.3654503184489
2025-11-10T10:19:00,1762750140000,SENSEX,hybrid,0.8928571428571429,25,15,60,2025-11-10T10:53:00,1762752180000,34,739.6977565423227
2025-11-10T10:19:00,1762750140000,SENSEX,hybrid,0.8928571428571429,25,15,60,2025-11-10T10:54:00,1762752240000,35,740.4995772680693
2025-11-10T10:19:00,1762750140000,SENSEX,hybrid,0.8928571428571429,25,15,60,2025-11-10T10:55:00,1762752300000,36,741.3025305339169
2025-11-10T10:19:00,1762750140000,SENSEX,hybrid,0.8928571428571429,25,15,60,2025-11-10T10:56:00,1762752360000,37,740.9295575350328
2025-11-10T10:19:00,1762750140000,SENSEX,hybrid,0.8928571428571429,25,15,60,2025-11-10T10:57:00,1762752420000,38,741.0510364356791
2025-11-10T10:19:00,1762750140000,SENSEX,hybrid,0.8928571428571429,25,15,60,2025-11-10T10:58:00,1762752480000,39,740.8716872862227
2025-11-10T10:19:00,1762750140000,SENSEX,hybrid,0.8928571428571429,25,15,60,2025-11-10T10:59:00,1762752540000,40,739.1318505379645
2025-11-10T10:19:00,1762750140000,SENSEX,hybrid,0.8928571428571429,25,15,60,2025-11-10T11:00:00,1762752600000,41,740.2270714015136
2025-11-10T10:19:00,1762750140000,SENSEX,hybrid,0.8928571428571429,25,15,60,2025-11-10T11:01:00,1762752660000,42,738.4232733997586
2025-11-10T10:19:00,1762750140000,SENSEX,hybrid,0.8928571428571429,25,15,60,2025-11-10T11:02:00,1762752720000,43,738.9565143188049
2025-11-10T10:19:00,1762750140000,SENSEX,hybrid,0.8928571428571429,25,15,60,2025-11-10T11:03:00,1762752780000,44,740.2396540746861
2025-11-10T10:19:00,1762750140000,SENSEX,hybrid,0.8928571428571429,25,15,60,2025-11-10T11:04:00,1762752840000,45,740.6947308256953
2025-11-10T10:19:00,1762750140000,SENSEX,hybrid,0.8928571428571429,25,15,60,2025-11-10T11:05:00,1762752900000,46,739.7405396425784
2025-11-10T10:19:00,1762750140000,SENSEX,hybrid,0.8928571428571429,25,15,60,2025-11-10T11:06:00,1762752960000,47,740.4271797711685
2025-11-10T10:19:00,1762750140000,SENSEX,hybrid,0.8928571428571429,25,15,60,2025-11-10T11:07:00,1762753020000,48,740.8222504707295
2025-11-10T10:19:00,1762750140000,SENSEX,hybrid,0.8928571428571429,25,15,60,2025-11-10T11:08:00,1762753080000,49,740.6626156761097
2025-11-10T10:19:00,1762750140000,SENSEX,hybrid,0.8928571428571429,25,15,60,2025-11-10T11:09:00,1762753140000,50,740.3960018873122
2025-11-10T10:19:00,1762750140000,SENSEX,hybrid,0.8928571428571429,25,15,60,2025-11-10T11:10:00,1762753200000,51,740.9166998593159
2025-11-10T10:19:00,1762750140000,SENSEX,hybrid,0.8928571428571429,25,15,60,2025-11-10T11:11:00,1762753260000,52,740.8363427164588
2025-11-10T10:19:00,1762750140000,SENSEX,hybrid,0.8928571428571429,25,15,60,2025-11-10T11:12:00,1762753320000,53,739.6407375392581
2025-11-10T10:19:00,1762750140000,SENSEX,hybrid,0.8928571428571429,25,15,60,2025-11-10T11:13:00,1762753380000,54,739.6198351164439
2025-11-10T10:19:00,1762750140000,SENSEX,hybrid,0.8928571428571429,25,15,60,2025-11-10T11:14:00,1762753440000,55,739.9707138563481
2025-11-10T10:19:00,1762750140000,SENSEX,hybrid,0.8928571428571429,25,15,60,2025-11-10T11:15:00,1762753500000,56,739.8017245962562
2025-11-10T10:19:00,1762750140000,SENSEX,hybrid,0.8928571428571429,25,15,60,2025-11-10T11:16:00,1762753560000,57,741.6276731555649
2025-11-10T10:19:00,1762750140000,SENSEX,hybrid,0.8928571428571429,25,15,60,2025-11-10T11:17:00,1762753620000,58,740.8202879935344
2025-11-10T10:19:00,1762750140000,SENSEX,hybrid,0.8928571428571429,25,15,60,2025-11-10T11:18:00,1762753680000,59,739.7976011397438
2025-11-10T10:19:00,1762750140000,SENSEX,hybrid,0.8928571428571429,25,15,60,2025-11-10T11:19:00,1762753740000,60,739.8243031489562
2025-11-10T10:19:00,1762750140000,SENSEX,hybrid,0.8928571428571429,,15,60,2025-11-10T10:20:00,1762750200000,1,743.3
2025-11-10T10:19:00,1762750140000,SENSEX,hybrid,0.8928571428571429,,15,60,2025-11-10T10:21:00,1762750260000,2,744.3779452254938
2025-11-10T10:19:00,1762750140000,SENSEX,hybrid,0.8928571428571429,,15,60,2025-11-10T10:22:00,1762750320000,3,743.4952804779535
2025-11-10T10:19:00,1762750140000,SENSEX,hybrid,0.8928571428571429,,15,60,2025-11-10T10:23:00,1762750380000,4,741.1685482868977
2025-11-10T10:19:00,1762750140000,SENSEX,hybrid,0.8928571428571429,,15,60,2025-11-10T10:24:00,1762750440000,5,742.4663045835606
2025-11-10T10:19:00,1762750140000,SENSEX,hybrid,0.8928571428571429,,15,60,2025-11-10T10:25:00,1762750500000,6,742.4673023530395
2025-11-10T10:19:00,1762750140000,SENSEX,hybrid,0.8928571428571429,,15,60,2025-11-10T10:26:00,1762750560000,7,742.4298280047122
2025-11-10T10:19:00,1762750140000,SENSEX,hybrid,0.8928571428571429,,15,60,2025-11-10T10:27:00,1762750620000,8,744.4452965433751
2025-11-10T10:19:00,1762750140000,SENSEX,hybrid,0.8928571428571429,,15,60,2025-11-10T10:28:00,1762750680000,9,744.0677118466162
2025-11-10T10:19:00,1762750140000,SENSEX,hybrid,0.8928571428571429,,15,60,2025-11-10T10:29:00,1762750740000,10,743.1749058595268
2025-11-10T10:19:00,1762750140000,SENSEX,hybrid,0.8928571428571429,,15,60,2025-11-10T10:30:00,1762750800000,11,743.9723018313892
2025-11-10T10:19:00,1762750140000,SENSEX,hybrid,0.8928571428571429,,15,60,2025-11-10T10:31:00,1762750860000,12,742.5615613877967
2025-11-10T10:19:00,1762750140000,SENSEX,hybrid,0.8928571428571429,,15,60,2025-11-10T10:32:00,1762750920000,13,741.3577357153637
2025-11-10T10:19:00,1762750140000,SENSEX,hybrid,0.8928571428571429,,15,60,2025-11-10T10:33:00,1762750980000,14,741.6142355449116
2025-11-10T10:19:00,1762750140000,SENSEX,hybrid,0.8928571428571429,,15,60,2025-11-10T10:34:00,1762751040000,15,742.8029368259063
2025-11-10T10:19:00,1762750140000,SENSEX,hybrid,0.8928571428571429,,15,60,2025-11-10T10:35:00,1762751100000,16,740.6483784975111
2025-11-10T10:19:00,1762750140000,SENSEX,hybrid,0.8928571428571429,,15,60,2025-11-10T10:36:00,1762751160000,17,741.8897988598069
2025-11-10T10:19:00,1762750140000,SENSEX,hybrid,0.8928571428571429,,15,60,2025-11-10T10:37:00,1762751220000,18,741.4190505011436
2025-11-10T10:19:00,1762750140000,SENSEX,hybrid,0.8928571428571429,,15,60,2025-11-10T10:38:00,1762751280000,19,740.5008809909904
2025-11-10T10:19:00,1762750140000,SENSEX,hybrid,0.8928571428571429,,15,60,2025-11-10T10:39:00,1762751340000,20,740.8764832123409
2025-11-10T10:19:00,1762750140000,SENSEX,hybrid,0.8928571428571429,,15,60,2025-11-10T10:40:00,1762751400000,21,741.0579656506104
2025-11-10T10:19:00,1762750140000,SENSEX,hybrid,0.8928571428571429,,15,60,2025-11-10T10:41:00,1762751460000,22,740.7787540492885
2025-11-10T10:19:00,1762750140000,SENSEX,hybrid,0.8928571428571429,,15,60,2025-11-10T10:42:00,1762751520000,23,742.1387633291263
2025-11-10T10:19:00,1762750140000,SENSEX,hybrid,0.8928571428571429,,15,60,2025-11-10T10:43:00,1762751580000,24,740.8798377218369
2025-11-10T10:19:00,1762750140000,SENSEX,hybrid,0.8928571428571429,,15,60,2025-11-10T10:44:00,1762751640000,25,741.2133198227056
2025-11-10T10:19:00,1762750140000,SENSEX,hybrid,0.8928571428571429,,15,60,2025-11-10T10:45:00,1762751700000,26,743.1073802285881
2025-11-10T10:19:00,1762750140000,SENSEX,hybrid,0.8928571428571429,,15,60,2025-11-10T10:46:00,1762751760000,27,743.1489480053427
2025-11-10T10:19:00,1762750140000,SENSEX,hybrid,0.8928571428571429,,15,60,2025-11-10T10:47:00,1762751820000,28,741.9072564142191
2025-11-10T10:19:00,1762750140000,SENSEX,hybrid,0.8928571428571429,,15,60,2025-11-10T10:48:00,1762751880000,29,740.7086873777288
2025-11-10T10:19:00,1762750140000,SENSEX,hybrid,0.8928571428571429,,15,60,2025-11-10T10:49:00,1762751940000,30,740.9305999901701
2025-11-10T10:19:00,1762750140000,SENSEX,hybrid,0.8928571428571429,,15,60,2025-11-10T10:50:00,1762752000000,31,741.4966067736231
2025-11-10T10:19:00,1762750140000,SENSEX,hybrid,0.8928571428571429,,15,60,2025-11-10T10:51:00,1762752060000,32,740.4332150765491
2025-11-10T10:19:00,1762750140000,SENSEX,hybrid,0.8928571428571429,,15,60,2025-11-10T10:52:00,1762752120000,33,741.3654503184489
2025-11-10T10:19:00,1762750140000,SENSEX,hybrid,0.8928571428571429,,15,60,2025-11-10T10:53:00,1762752180000,34,739.6977565423227
2025-11-10T10:19:00,1762750140000,SENSEX,hybrid,0.8928571428571429,,15,60,2025-11-10T10:54:00,1762752240000,35,740.4995772680693
2025-11-10T10:19:00,1762750140000,SENSEX,hybrid,0.8928571428571429,,15,60,2025-11-10T10:55:00,1762752300000,36,741.3025305339169
2025-11-10T10:19:00,1762750140000,SENSEX,hybrid,0.8928571428571429,,15,60,2025-11-10T10:56:00,1762752360000,37,740.9295575350328
2025-11-10T10:19:00,1762750140000,SENSEX,hybrid,0.8928571428571429,,15,60,2025-11-10T10:57:00,1762752420000,38,741.0510364356791
2025-11-10T10:19:00,1762750140000,SENSEX,hybrid,0.8928571428571429,,15,60,2025-11-10T10:58:00,1762752480000,39,740.8716872862227
2025-11-10T10:19:00,1762750140000,SENSEX,hybrid,0.8928571428571429,,15,60,2025-11-10T10:59:00,1762752540000,40,739.1318505379645
2025-11-10T10:19:00,1762750140000,SENSEX,hybrid,0.8928571428571429,,15,60,2025-11-10T11:00:00,1762752600000,41,740.2270714015136
2025-11-10T10:19:00,1762750140000,SENSEX,hybrid,0.8928571428571429,,15,60,2025-11-10T11:01:00,1762752660000,42,738.4232733997586
2025-11-10T10:19:00,1762750140000,SENSEX,hybrid,0.8928571428571429,,15,60,2025-11-10T11:02:00,1762752720000,43,738.9565143188049
2025-11-10T10:19:00,1762750140000,SENSEX,hybrid,0.8928571428571429,,15,60,2025-11-10T11:03:00,1762752780000,44,740.2396540746861
2025-11-10T10:19:00,1762750140000,SENSEX,hybrid,0.8928571428571429,,15,60,2025-11-10T11:04:00,1762752840000,45,740.6947308256953
2025-11-10T10:19:00,1762750140000,SENSEX,hybrid,0.8928571428571429,,15,60,2025-11-10T11:05:00,1762752900000,46,739.7405396425784
2025-11-10T10:19:00,1762750140000,SENSEX,hybrid,0.8928571428571429,,15,60,2025-11-10T11:06:00,1762752960000,47,740.4271797711685
2025-11-10T10:19:00,1762750140000,SENSEX,hybrid,0.8928571428571429,,15,60,2025-11-10T11:07:00,1762753020000,48,740.8222504707295
2025-11-10T10:19:00,1762750140000,SENSEX,hybrid,0.8928571428571429,,15,60,2025-11-10T11:08:00,1762753080000,49,740.6626156761097
2025-11-10T10:19:00,1762750140000,SENSEX,hybrid,0.8928571428571429,,15,60,2025-11-10T11:09:00,1762753140000,50,740.3960018873122
2025-11-10T10:19:00,1762750140000,SENSEX,hybrid,0.8928571428571429,,15,60,2025-11-10T11:10:00,1762753200000,51,740.9166998593159
2025-11-10T10:19:00,1762750140000,SENSEX,hybrid,0.8928571428571429,,15,60,2025-11-10T11:11:00,1762753260000,52,740.8363427164588
2025-11-10T10:19:00,1762750140000,SENSEX,hybrid,0.8928571428571429,,15,60,2025-11-10T11:12:00,1762753320000,53,739.6407375392581
2025-11-10T10:19:00,1762750140000,SENSEX,hybrid,0.8928571428571429,,15,60,2025-11-10T11:13:00,1762753380000,54,739.6198351164439
2025-11-10T10:19:00,1762750140000,SENSEX,hybrid,0.8928571428571429,,15,60,2025-11-10T11:14:00,1762753440000,55,739.9707138563481
2025-11-10T10:19:00,1762750140000,SENSEX,hybrid,0.8928571428571429,,15,60,2025-11-10T11:15:00,1762753500000,56,739.8017245962562
2025-11-10T10:19:00,1762750140000,SENSEX,hybrid,0.8928571428571429,,15,60,2025-11-10T11:16:00,1762753560000,57,741.6276731555649
2025-11-10T10:19:00,1762750140000,SENSEX,hybrid,0.8928571428571429,,15,60,2025-11-10T11:17:00,1762753620000,58,740.8202879935344
2025-11-10T10:19:00,1762750140000,SENSEX,hybrid,0.8928571428571429,,15,60,2025-11-10T11:18:00,1762753680000,59,739.7976011397438
2025-11-10T10:19:00,1762750140000,SENSEX,hybrid,0.8928571428571429,,15,60,2025-11-10T11:19:00,1762753740000,60,739.8243031489562
2025-11-10T10:19:00,1762750140000,SENSEX,hybrid,0.8928571428571429,,15,60,2025-11-10T10:20:00,1762750200000,1,743.3
2025-11-10T10:19:00,1762750140000,SENSEX,hybrid,0.8928571428571429,,15,60,2025-11-10T10:21:00,1762750260000,2,744.3779452254938
2025-11-10T10:19:00,1762750140000,SENSEX,hybrid,0.8928571428571429,,15,60,2025-11-10T10:22:00,1762750320000,3,743.4952804779535
2025-11-10T10:19:00,1762750140000,SENSEX,hybrid,0.8928571428571429,,15,60,2025-11-10T10:23:00,1762750380000,4,741.1685482868977
2025-11-10T10:19:00,1762750140000,SENSEX,hybrid,0.8928571428571429,,15,60,2025-11-10T10:24:00,1762750440000,5,742.4663045835606
2025-11-10T10:19:00,1762750140000,SENSEX,hybrid,0.8928571428571429,,15,60,2025-11-10T10:25:00,1762750500000,6,742.4673023530395
2025-11-10T10:19:00,1762750140000,SENSEX,hybrid,0.8928571428571429,,15,60,2025-11-10T10:26:00,1762750560000,7,742.4298280047122
2025-11-10T10:19:00,1762750140000,SENSEX,hybrid,0.8928571428571429,,15,60,2025-11-10T10:27:00,1762750620000,8,744.4452965433751
2025-11-10T10:19:00,1762750140000,SENSEX,hybrid,0.8928571428571429,,15,60,2025-11-10T10:28:00,1762750680000,9,744.0677118466162
2025-11-10T10:19:00,1762750140000,SENSEX,hybrid,0.8928571428571429,,15,60,2025-11-10T10:29:00,1762750740000,10,743.1749058595268
2025-11-10T10:19:00,1762750140000,SENSEX,hybrid,0.8928571428571429,,15,60,2025-11-10T10:30:00,1762750800000,11,743.9723018313892
2025-11-10T10:19:00,1762750140000,SENSEX,hybrid,0.8928571428571429,,15,60,2025-11-10T10:31:00,1762750860000,12,742.5615613877967
2025-11-10T10:19:00,1762750140000,SENSEX,hybrid,0.8928571428571429,,15,60,2025-11-10T10:32:00,1762750920000,13,741.3577357153637
2025-11-10T10:19:00,1762750140000,SENSEX,hybrid,0.8928571428571429,,15,60,2025-11-10T10:33:00,1762750980000,14,741.6142355449116
2025-11-10T10:19:00,1762750140000,SENSEX,hybrid,0.8928571428571429,,15,60,2025-11-10T10:34:00,1762751040000,15,742.8029368259063
2025-11-10T10:19:00,1762750140000,SENSEX,hybrid,0.8928571428571429,,15,60,2025-11-10T10:35:00,1762751100000,16,740.6483784975111
2025-11-10T10:19:00,1762750140000,SENSEX,hybrid,0.8928571428571429,,15,60,2025-11-10T10:36:00,1762751160000,17,741.8897988598069
2025-11-10T10:19:00,1762750140000,SENSEX,hybrid,0.8928571428571429,,15,60,2025-11-10T10:37:00,1762751220000,18,741.4190505011436
2025-11-10T10:19:00,1762750140000,SENSEX,hybrid,0.8928571428571429,,15,60,2025-11-10T10:38:00,1762751280000,19,740.5008809909904
2025-11-10T10:19:00,1762750140000,SENSEX,hybrid,0.8928571428571429,,15,60,2025-11-10T10:39:00,1762751340000,20,740.8764832123409
2025-11-10T10:19:00,1762750140000,SENSEX,hybrid,0.8928571428571429,,15,60,2025-11-10T10:40:00,1762751400000,21,741.0579656506104
2025-11-10T10:19:00,1762750140000,SENSEX,hybrid,0.8928571428571429,,15,60,2025-11-10T10:41:00,1762751460000,22,740.7787540492885
2025-11-10T10:19:00,1762750140000,SENSEX,hybrid,0.8928571428571429,,15,60,2025-11-10T10:42:00,1762751520000,23,742.1387633291263
2025-11-10T10:19:00,1762750140000,SENSEX,hybrid,0.8928571428571429,,15,60,2025-11-10T10:43:00,1762751580000,24,740.8798377218369
2025-11-10T10:19:00,1762750140000,SENSEX,hybrid,0.8928571428571429,,15,60,2025-11-10T10:44:00,1762751640000,25,741.2133198227056
2025-11-10T10:19:00,1762750140000,SENSEX,hybrid,0.8928571428571429,,15,60,2025-11-10T10:45:00,1762751700000,26,743.1073802285881
2025-11-10T10:19:00,1762750140000,SENSEX,hybrid,0.8928571428571429,,15,60,2025-11-10T10:46:00,1762751760000,27,743.1489480053427
2025-11-10T10:19:00,1762750140000,SENSEX,hybrid,0.8928571428571429,,15,60,2025-11-10T10:47:00,1762751820000,28,741.9072564142191
2025-11-10T10:19:00,1762750140000,SENSEX,hybrid,0.8928571428571429,,15,60,2025-11-10T10:48:00,1762751880000,29,740.7086873777288
2025-11-10T10:19:00,1762750140000,SENSEX,hybrid,0.8928571428571429,,15,60,2025-11-10T10:49:00,1762751940000,30,740.9305999901701
2025-11-10T10:19:00,1762750140000,SENSEX,hybrid,0.8928571428571429,,15,60,2025-11-10T10:50:00,1762752000000,31,741.4966067736231
2025-11-10T10:19:00,1762750140000,SENSEX,hybrid,0.8928571428571429,,15,60,2025-11-10T10:51:00,1762752060000,32,740.4332150765491
2025-11-10T10:19:00,1762750140000,SENSEX,hybrid,0.8928571428571429,,15,60,2025-11-10T10:52:00,1762752120000,33,741.3654503184489
2025-11-10T10:19:00,1762750140000,SENSEX,hybrid,0.8928571428571429,,15,60,2025-11-10T10:53:00,1762752180000,34,739.6977565423227
2025-11-10T10:19:00,1762750140000,SENSEX,hybrid,0.8928571428571429,,15,60,2025-11-10T10:54:00,1762752240000,35,740.4995772680693
2025-11-10T10:19:00,1762750140000,SENSEX,hybrid,0.8928571428571429,,15,60,2025-11-10T10:55:00,1762752300000,36,741.3025305339169
2025-11-10T10:19:00,1762750140000,SENSEX,hybrid,0.8928571428571429,,15,60,2025-11-10T10:56:00,1762752360000,37,740.9295575350328
2025-11-10T10:19:00,1762750140000,SENSEX,hybrid,0.8928571428571429,,15,60,2025-11-10T10:57:00,1762752420000,38,741.0510364356791
2025-11-10T10:19:00,1762750140000,SENSEX,hybrid,0.8928571428571429,,15,60,2025-11-10T10:58:00,1762752480000,39,740.8716872862227
2025-11-10T10:19:00,1762750140000,SENSEX,hybrid,0.8928571428571429,,15,60,2025-11-10T10:59:00,1762752540000,40,739.1318505379645
2025-11-10T10:19:00,1762750140000,SENSEX,hybrid,0.8928571428571429,,15,60,2025-11-10T11:00:00,1762752600000,41,740.2270714015136
2025-11-10T10:19:00,1762750140000,SENSEX,hybrid,0.8928571428571429,,15,60,2025-11-10T11:01:00,1762752660000,42,738.4232733997586
2025-11-10T10:19:00,1762750140000,SENSEX,hybrid,0.8928571428571429,,15,60,2025-11-10T11:02:00,1762752720000,43,738.9565143188049
2025-11-10T10:19:00,1762750140000,SENSEX,hybrid,0.8928571428571429,,15,60,2025-11-10T11:03:00,1762752780000,44,740.2396540746861
2025-11-10T10:19:00,1762750140000,SENSEX,hybrid,0.8928571428571429,,15,60,2025-11-10T11:04:00,1762752840000,45,740.6947308256953
2025-11-10T10:19:00,1762750140000,SENSEX,hybrid,0.8928571428571429,,15,60,2025-11-10T11:05:00,1762752900000,46,739.7405396425784
2025-11-10T10:19:00,1762750140000,SENSEX,hybrid,0.8928571428571429,,15,60,2025-11-10T11:06:00,1762752960000,47,740.4271797711685
2025-11-10T10:19:00,1762750140000,SENSEX,hybrid,0.8928571428571429,,15,60,2025-11-10T11:07:00,1762753020000,48,740.8222504707295
2025-11-10T10:19:00,1762750140000,SENSEX,hybrid,0.8928571428571429,,15,60,2025-11-10T11:08:00,1762753080000,49,740.6626156761097
2025-11-10T10:19:00,1762750140000,SENSEX,hybrid,0.8928571428571429,,15,60,2025-11-10T11:09:00,1762753140000,50,740.3960018873122
2025-11-10T10:19:00,1762750140000,SENSEX,hybrid,0.8928571428571429,,15,60,2025-11-10T11:10:00,1762753200000,51,740.9166998593159
2025-11-10T10:19:00,1762750140000,SENSEX,hybrid,0.8928571428571429,,15,60,2025-11-10T11:11:00,1762753260000,52,740.8363427164588
2025-11-10T10:19:00,1762750140000,SENSEX,hybrid,0.8928571428571429,,15,60,2025-11-10T11:12:00,1762753320000,53,739.6407375392581
2025-11-10T10:19:00,1762750140000,SENSEX,hybrid,0.8928571428571429,,15,60,2025-11-10T11:13:00,1762753380000,54,739.6198351164439
2025-11-10T10:19:00,1762750140000,SENSEX,hybrid,0.8928571428571429,,15,60,2025-11-10T11:14:00,1762753440000,55,739.9707138563481
2025-11-10T10:19:00,1762750140000,SENSEX,hybrid,0.8928571428571429,,15,60,2025-11-10T11:15:00,1762753500000,56,739.8017245962562
2025-11-10T10:19:00,1762750140000,SENSEX,hybrid,0.8928571428571429,,15,60,2025-11-10T11:16:00,1762753560000,57,741.6276731555649
2025-11-10T10:19:00,1762750140000,SENSEX,hybrid,0.8928571428571429,,15,60,2025-11-10T11:17:00,1762753620000,58,740.8202879935344
2025-11-10T10:19:00,1762750140000,SENSEX,hybrid,0.8928571428571429,,15,60,2025-11-10T11:18:00,1762753680000,59,739.7976011397438
2025-11-10T10:19:00,1762750140000,SENSEX,hybrid,0.8928571428571429,,15,60,2025-11-10T11:19:00,1762753740000,60,739.8243031489562
2025-11-10T10:19:00,1762750140000,SENSEX,hybrid,0.8928571428571429,,15,60,2025-11-10T10:20:00,1762750200000,1,743.3
2025-11-10T10:19:00,1762750140000,SENSEX,hybrid,0.8928571428571429,,15,60,2025-11-10T10:21:00,1762750260000,2,744.3779452254938
2025-11-10T10:19:00,1762750140000,SENSEX,hybrid,0.8928571428571429,,15,60,2025-11-10T10:22:00,1762750320000,3,743.4952804779535
2025-11-10T10:19:00,1762750140000,SENSEX,hybrid,0.8928571428571429,,15,60,2025-11-10T10:23:00,1762750380000,4,741.1685482868977
2025-11-10T10:19:00,1762750140000,SENSEX,hybrid,0.8928571428571429,,15,60,2025-11-10T10:24:00,1762750440000,5,742.4663045835606
2025-11-10T10:19:00,1762750140000,SENSEX,hybrid,0.8928571428571429,,15,60,2025-11-10T10:25:00,1762750500000,6,742.4673023530395
2025-11-10T10:19:00,1762750140000,SENSEX,hybrid,0.8928571428571429,,15,60,2025-11-10T10:26:00,1762750560000,7,742.4298280047122
2025-11-10T10:19:00,1762750140000,SENSEX,hybrid,0.8928571428571429,,15,60,2025-11-10T10:27:00,1762750620000,8,744.4452965433751
2025-11-10T10:19:00,1762750140000,SENSEX,hybrid,0.8928571428571429,,15,60,2025-11-10T10:28:00,1762750680000,9,744.0677118466162
2025-11-10T10:19:00,1762750140000,SENSEX,hybrid,0.8928571428571429,,15,60,2025-11-10T10:29:00,1762750740000,10,743.1749058595268
2025-11-10T10:19:00,1762750140000,SENSEX,hybrid,0.8928571428571429,,15,60,2025-11-10T10:30:00,1762750800000,11,743.9723018313892
2025-11-10T10:19:00,1762750140000,SENSEX,hybrid,0.8928571428571429,,15,60,2025-11-10T10:31:00,1762750860000,12,742.5615613877967
2025-11-10T10:19:00,1762750140000,SENSEX,hybrid,0.8928571428571429,,15,60,2025-11-10T10:32:00,1762750920000,13,741.3577357153637
2025-11-10T10:19:00,1762750140000,SENSEX,hybrid,0.8928571428571429,,15,60,2025-11-10T10:33:00,1762750980000,14,741.6142355449116
2025-11-10T10:19:00,1762750140000,SENSEX,hybrid,0.8928571428571429,,15,60,2025-11-10T10:34:00,1762751040000,15,742.8029368259063
2025-11-10T10:19:00,1762750140000,SENSEX,hybrid,0.8928571428571429,,15,60,2025-11-10T10:35:00,1762751100000,16,740.6483784975111
2025-11-10T10:19:00,1762750140000,SENSEX,hybrid,0.8928571428571429,,15,60,2025-11-10T10:36:00,1762751160000,17,741.8897988598069
2025-11-10T10:19:00,1762750140000,SENSEX,hybrid,0.8928571428571429,,15,60,2025-11-10T10:37:00,1762751220000,18,741.4190505011436
2025-11-10T10:19:00,1762750140000,SENSEX,hybrid,0.8928571428571429,,15,60,2025-11-10T10:38:00,1762751280000,19,740.5008809909904
2025-11-10T10:19:00,1762750140000,SENSEX,hybrid,0.8928571428571429,,15,60,2025-11-10T10:39:00,1762751340000,20,740.8764832123409
2025-11-10T10:19:00,1762750140000,SENSEX,hybrid,0.8928571428571429,,15,60,2025-11-10T10:40:00,1762751400000,21,741.0579656506104
2025-11-10T10:19:00,1762750140000,SENSEX,hybrid,0.8928571428571429,,15,60,2025-11-10T10:41:00,1762751460000,22,740.7787540492885
2025-11-10T10:19:00,1762750140000,SENSEX,hybrid,0.8928571428571429,,15,60,2025-11-10T10:42:00,1762751520000,23,742.1387633291263
2025-11-10T10:19:00,1762750140000,SENSEX,hybrid,0.8928571428571429,,15,60,2025-11-10T10:43:00,1762751580000,24,740.8798377218369
2025-11-10T10:19:00,1762750140000,SENSEX,hybrid,0.8928571428571429,,15,60,2025-11-10T10:44:00,1762751640000,25,741.2133198227056
2025-11-10T10:19:00,1762750140000,SENSEX,hybrid,0.8928571428571429,,15,60,2025-11-10T10:45:00,1762751700000,26,743.1073802285881
2025-11-10T10:19:00,1762750140000,SENSEX,hybrid,0.8928571428571429,,15,60,2025-11-10T10:46:00,1762751760000,27,743.1489480053427
2025-11-10T10:19:00,1762750140000,SENSEX,hybrid,0.8928571428571429,,15,60,2025-11-10T10:47:00,1762751820000,28,741.9072564142191
2025-11-10T10:19:00,1762750140000,SENSEX,hybrid,0.8928571428571429,,15,60,2025-11-10T10:48:00,1762751880000,29,740.7086873777288
2025-11-10T10:19:00,1762750140000,SENSEX,hybrid,0.8928571428571429,,15,60,2025-11-10T10:49:00,1762751940000,30,740.9305999901701
2025-11-10T10:19:00,1762750140000,SENSEX,hybrid,0.8928571428571429,,15,60,2025-11-10T10:50:00,1762752000000,31,741.4966067736231
2025-11-10T10:19:00,1762750140000,SENSEX,hybrid,0.8928571428571429,,15,60,2025-11-10T10:51:00,1762752060000,32,740.4332150765491
2025-11-10T10:19:00,1762750140000,SENSEX,hybrid,0.8928571428571429,,15,60,2025-11-10T10:52:00,1762752120000,33,741.3654503184489
2025-11-10T10:19:00,1762750140000,SENSEX,hybrid,0.8928571428571429,,15,60,2025-11-10T10:53:00,1762752180000,34,739.6977565423227
2025-11-10T10:19:00,1762750140000,SENSEX,hybrid,0.8928571428571429,,15,60,2025-11-10T10:54:00,1762752240000,35,740.4995772680693
2025-11-10T10:19:00,1762750140000,SENSEX,hybrid,0.8928571428571429,,15,60,2025-11-10T10:55:00,1762752300000,36,741.3025305339169
2025-11-10T10:19:00,1762750140000,SENSEX,hybrid,0.8928571428571429,,15,60,2025-11-10T10:56:00,1762752360000,37,740.9295575350328
2025-11-10T10:19:00,1762750140000,SENSEX,hybrid,0.8928571428571429,,15,60,2025-11-10T10:57:00,1762752420000,38,741.0510364356791
2025-11-10T10:19:00,1762750140000,SENSEX,hybrid,0.8928571428571429,,15,60,2025-11-10T10:58:00,1762752480000,39,740.8716872862227
2025-11-10T10:19:00,1762750140000,SENSEX,hybrid,0.8928571428571429,,15,60,2025-11-10T10:59:00,1762752540000,40,739.1318505379645
2025-11-10T10:19:00,1762750140000,SENSEX,hybrid,0.8928571428571429,,15,60,2025-11-10T11:00:00,1762752600000,41,740.2270714015136
2025-11-10T10:19:00,1762750140000,SENSEX,hybrid,0.8928571428571429,,15,60,2025-11-10T11:01:00,1762752660000,42,738.4232733997586
2025-11-10T10:19:00,1762750140000,SENSEX,hybrid,0.8928571428571429,,15,60,2025-11-10T11:02:00,1762752720000,43,738.9565143188049
2025-11-10T10:19:00,1762750140000,SENSEX,hybrid,0.8928571428571429,,15,60,2025-11-10T11:03:00,1762752780000,44,740.2396540746861
2025-11-10T10:19:00,1762750140000,SENSEX,hybrid,0.8928571428571429,,15,60,2025-11-10T11:04:00,1762752840000,45,740.6947308256953
2025-11-10T10:19:00,1762750140000,SENSEX,hybrid,0.8928571428571429,,15,60,2025-11-10T11:05:00,1762752900000,46,739.7405396425784
2025-11-10T10:19:00,1762750140000,SENSEX,hybrid,0.8928571428571429,,15,60,2025-11-10T11:06:00,1762752960000,47,740.4271797711685
2025-11-10T10:19:00,1762750140000,SENSEX,hybrid,0.8928571428571429,,15,60,2025-11-10T11:07:00,1762753020000,48,740.8222504707295
2025-11-10T10:19:00,1762750140000,SENSEX,hybrid,0.8928571428571429,,15,60,2025-11-10T11:08:00,1762753080000,49,740.6626156761097
2025-11-10T10:19:00,1762750140000,SENSEX,hybrid,0.8928571428571429,,15,60,2025-11-10T11:09:00,1762753140000,50,740.3960018873122
2025-11-10T10:19:00,1762750140000,SENSEX,hybrid,0.8928571428571429,,15,60,2025-11-10T11:10:00,1762753200000,51,740.9166998593159
2025-11-10T10:19:00,1762750140000,SENSEX,hybrid,0.8928571428571429,,15,60,2025-11-10T11:11:00,1762753260000,52,740.8363427164588
2025-11-10T10:19:00,1762750140000,SENSEX,hybrid,0.8928571428571429,,15,60,2025-11-10T11:12:00,1762753320000,53,739.6407375392581
2025-11-10T10:19:00,1762750140000,SENSEX,hybrid,0.8928571428571429,,15,60,2025-11-10T11:13:00,1762753380000,54,739.6198351164439
2025-11-10T10:19:00,1762750140000,SENSEX,hybrid,0.8928571428571429,,15,60,2025-11-10T11:14:00,1762753440000,55,739.9707138563481
2025-11-10T10:19:00,1762750140000,SENSEX,hybrid,0.8928571428571429,,15,60,2025-11-10T11:15:00,1762753500000,56,739.8017245962562
2025-11-10T10:19:00,1762750140000,SENSEX,hybrid,0.8928571428571429,,15,60,2025-11-10T11:16:00,1762753560000,57,741.6276731555649
2025-11-10T10:19:00,1762750140000,SENSEX,hybrid,0.8928571428571429,,15,60,2025-11-10T11:17:00,1762753620000,58,740.8202879935344
2025-11-10T10:19:00,1762750140000,SENSEX,hybrid,0.8928571428571429,,15,60,2025-11-10T11:18:00,1762753680000,59,739.7976011397438
2025-11-10T10:19:00,1762750140000,SENSEX,hybrid,0.8928571428571429,,15,60,2025-11-10T11:19:00,1762753740000,60,739.8243031489562
2025-11-10T10:19:00,1762750140000,SENSEX,hybrid,0.8928571428571429,,15,60,2025-11-10T10:20:00,1762750200000,1,743.3
2025-11-10T10:19:00,1762750140000,SENSEX,hybrid,0.8928571428571429,,15,60,2025-11-10T10:21:00,1762750260000,2,744.3779452254938
2025-11-10T10:19:00,1762750140000,SENSEX,hybrid,0.8928571428571429,,15,60,2025-11-10T10:22:00,1762750320000,3,743.4952804779535
2025-11-10T10:19:00,1762750140000,SENSEX,hybrid,0.8928571428571429,,15,60,2025-11-10T10:23:00,1762750380000,4,741.1685482868977
2025-11-10T10:19:00,1762750140000,SENSEX,hybrid,0.8928571428571429,,15,60,2025-11-10T10:24:00,1762750440000,5,742.4663045835606
2025-11-10T10:19:00,1762750140000,SENSEX,hybrid,0.8928571428571429,,15,60,2025-11-10T10:25:00,1762750500000,6,742.4673023530395
2025-11-10T10:19:00,1762750140000,SENSEX,hybrid,0.8928571428571429,,15,60,2025-11-10T10:26:00,1762750560000,7,742.4298280047122
2025-11-10T10:19:00,1762750140000,SENSEX,hybrid,0.8928571428571429,,15,60,2025-11-10T10:27:00,1762750620000,8,744.4452965433751
2025-11-10T10:19:00,1762750140000,SENSEX,hybrid,0.8928571428571429,,15,60,2025-11-10T10:28:00,1762750680000,9,744.0677118466162
2025-11-10T10:19:00,1762750140000,SENSEX,hybrid,0.8928571428571429,,15,60,2025-11-10T10:29:00,1762750740000,10,743.1749058595268
2025-11-10T10:19:00,1762750140000,SENSEX,hybrid,0.8928571428571429,,15,60,2025-11-10T10:30:00,1762750800000,11,743.9723018313892
2025-11-10T10:19:00,1762750140000,SENSEX,hybrid,0.8928571428571429,,15,60,2025-11-10T10:31:00,1762750860000,12,742.5615613877967
2025-11-10T10:19:00,1762750140000,SENSEX,hybrid,0.8928571428571429,,15,60,2025-11-10T10:32:00,1762750920000,13,741.3577357153637
2025-11-10T10:19:00,1762750140000,SENSEX,hybrid,0.8928571428571429,,15,60,2025-11-10T10:33:00,1762750980000,14,741.6142355449116
2025-11-10T10:19:00,1762750140000,SENSEX,hybrid,0.8928571428571429,,15,60,2025-11-10T10:34:00,1762751040000,15,742.8029368259063
2025-11-10T10:19:00,1762750140000,SENSEX,hybrid,0.8928571428571429,,15,60,2025-11-10T10:35:00,1762751100000,16,740.6483784975111
2025-11-10T10:19:00,1762750140000,SENSEX,hybrid,0.8928571428571429,,15,60,2025-11-10T10:36:00,1762751160000,17,741.8897988598069
2025-11-10T10:19:00,1762750140000,SENSEX,hybrid,0.8928571428571429,,15,60,2025-11-10T10:37:00,1762751220000,18,741.4190505011436
2025-11-10T10:19:00,1762750140000,SENSEX,hybrid,0.8928571428571429,,15,60,2025-11-10T10:38:00,1762751280000,19,740.5008809909904
2025-11-10T10:19:00,1762750140000,SENSEX,hybrid,0.8928571428571429,,15,60,2025-11-10T10:39:00,1762751340000,20,740.8764832123409
2025-11-10T10:19:00,1762750140000,SENSEX,hybrid,0.8928571428571429,,15,60,2025-11-10T10:40:00,1762751400000,21,741.0579656506104
2025-11-10T10:19:00,1762750140000,SENSEX,hybrid,0.8928571428571429,,15,60,2025-11-10T10:41:00,1762751460000,22,740.7787540492885
2025-11-10T10:19:00,1762750140000,SENSEX,hybrid,0.8928571428571429,,15,60,2025-11-10T10:42:00,1762751520000,23,742.1387633291263
2025-11-10T10:19:00,1762750140000,SENSEX,hybrid,0.8928571428571429,,15,60,2025-11-10T10:43:00,1762751580000,24,740.8798377218369
2025-11-10T10:19:00,1762750140000,SENSEX,hybrid,0.8928571428571429,,15,60,2025-11-10T10:44:00,1762751640000,25,741.2133198227056
2025-11-10T10:19:00,1762750140000,SENSEX,hybrid,0.8928571428571429,,15,60,2025-11-10T10:45:00,1762751700000,26,743.1073802285881
2025-11-10T10:19:00,1762750140000,SENSEX,hybrid,0.8928571428571429,,15,60,2025-11-10T10:46:00,1762751760000,27,743.1489480053427
2025-11-10T10:19:00,1762750140000,SENSEX,hybrid,0.8928571428571429,,15,60,2025-11-10T10:47:00,1762751820000,28,741.9072564142191
2025-11-10T10:19:00,1762750140000,SENSEX,hybrid,0.8928571428571429,,15,60,2025-11-10T10:48:00,1762751880000,29,740.7086873777288
2025-11-10T10:19:00,1762750140000,SENSEX,hybrid,0.8928571428571429,,15,60,2025-11-10T10:49:00,1762751940000,30,740.9305999901701
2025-11-10T10:19:00,1762750140000,SENSEX,hybrid,0.8928571428571429,,15,60,2025-11-10T10:50:00,1762752000000,31,741.4966067736231
2025-11-10T10:19:00,1762750140000,SENSEX,hybrid,0.8928571428571429,,15,60,2025-11-10T10:51:00,1762752060000,32,740.4332150765491
2025-11-10T10:19:00,1762750140000,SENSEX,hybrid,0.8928571428571429,,15,60,2025-11-10T10:52:00,1762752120000,33,741.3654503184489
2025-11-10T10:19:00,1762750140000,SENSEX,hybrid,0.8928571428571429,,15,60,2025-11-10T10:53:00,1762752180000,34,739.6977565423227
2025-11-10T10:19:00,1762750140000,SENSEX,hybrid,0.8928571428571429,,15,60,2025-11-10T10:54:00,1762752240000,35,740.4995772680693
2025-11-10T10:19:00,1762750140000,SENSEX,hybrid,0.8928571428571429,,15,60,2025-11-10T10:55:00,1762752300000,36,741.3025305339169
2025-11-10T10:19:00,1762750140000,SENSEX,hybrid,0.8928571428571429,,15,60,2025-11-10T10:56:00,1762752360000,37,740.9295575350328
2025-11-10T10:19:00,1762750140000,SENSEX,hybrid,0.8928571428571429,,15,60,2025-11-10T10:57:00,1762752420000,38,741.0510364356791
2025-11-10T10:19:00,1762750140000,SENSEX,hybrid,0.8928571428571429,,15,60,2025-11-10T10:58:00,1762752480000,39,740.8716872862227
2025-11-10T10:19:00,1762750140000,SENSEX,hybrid,0.8928571428571429,,15,60,2025-11-10T10:59:00,1762752540000,40,739.1318505379645
2025-11-10T10:19:00,1762750140000,SENSEX,hybrid,0.8928571428571429,,15,60,2025-11-10T11:00:00,1762752600000,41,740.2270714015136
2025-11-10T10:19:00,1762750140000,SENSEX,hybrid,0.8928571428571429,,15,60,2025-11-10T11:01:00,1762752660000,42,738.4232733997586
2025-11-10T10:19:00,1762750140000,SENSEX,hybrid,0.8928571428571429,,15,60,2025-11-10T11:02:00,1762752720000,43,738.9565143188049
2025-11-10T10:19:00,1762750140000,SENSEX,hybrid,0.8928571428571429,,15,60,2025-11-10T11:03:00,1762752780000,44,740.2396540746861
2025-11-10T10:19:00,1762750140000,SENSEX,hybrid,0.8928571428571429,,15,60,2025-11-10T11:04:00,1762752840000,45,740.6947308256953
2025-11-10T10:19:00,1762750140000,SENSEX,hybrid,0.8928571428571429,,15,60,2025-11-10T11:05:00,1762752900000,46,739.7405396425784
2025-11-10T10:19:00,1762750140000,SENSEX,hybrid,0.8928571428571429,,15,60,2025-11-10T11:06:00,1762752960000,47,740.4271797711685
2025-11-10T10:19:00,1762750140000,SENSEX,hybrid,0.8928571428571429,,15,60,2025-11-10T11:07:00,1762753020000,48,740.8222504707295
2025-11-10T10:19:00,1762750140000,SENSEX,hybrid,0.8928571428571429,,15,60,2025-11-10T11:08:00,1762753080000,49,740.6626156761097
2025-11-10T10:19:00,1762750140000,SENSEX,hybrid,0.8928571428571429,,15,60,2025-11-10T11:09:00,1762753140000,50,740.3960018873122
2025-11-10T10:19:00,1762750140000,SENSEX,hybrid,0.8928571428571429,,15,60,2025-11-10T11:10:00,1762753200000,51,740.9166998593159
2025-11-10T10:19:00,1762750140000,SENSEX,hybrid,0.8928571428571429,,15,60,2025-11-10T11:11:00,1762753260000,52,740.8363427164588
2025-11-10T10:19:00,1762750140000,SENSEX,hybrid,0.8928571428571429,,15,60,2025-11-10T11:12:00,1762753320000,53,739.6407375392581
2025-11-10T10:19:00,1762750140000,SENSEX,hybrid,0.8928571428571429,,15,60,2025-11-10T11:13:00,1762753380000,54,739.6198351164439
2025-11-10T10:19:00,1762750140000,SENSEX,hybrid,0.8928571428571429,,15,60,2025-11-10T11:14:00,1762753440000,55,739.9707138563481
2025-11-10T10:19:00,1762750140000,SENSEX,hybrid,0.8928571428571429,,15,60,2025-11-10T11:15:00,1762753500000,56,739.8017245962562
2025-11-10T10:19:00,1762750140000,SENSEX,hybrid,0.8928571428571429,,15,60,2025-11-10T11:16:00,1762753560000,57,741.6276731555649
2025-11-10T10:19:00,1762750140000,SENSEX,hybrid,0.8928571428571429,,15,60,2025-11-10T11:17:00,1762753620000,58,740.8202879935344
2025-11-10T10:19:00,1762750140000,SENSEX,hybrid,0.8928571428571429,,15,60,2025-11-10T11:18:00,1762753680000,59,739.7976011397438
2025-11-10T10:19:00,1762750140000,SENSEX,hybrid,0.8928571428571429,,15,60,2025-11-10T11:19:00,1762753740000,60,739.8243031489562
2025-11-10T10:19:00,1762750140000,SENSEX,hybrid,0.8928571428571429,,15,60,2025-11-10T10:20:00,1762750200000,1,743.3
2025-11-10T10:19:00,1762750140000,SENSEX,hybrid,0.8928571428571429,,15,60,2025-11-10T10:21:00,1762750260000,2,744.3779452254938
2025-11-10T10:19:00,1762750140000,SENSEX,hybrid,0.8928571428571429,,15,60,2025-11-10T10:22:00,1762750320000,3,743.4952804779535
2025-11-10T10:19:00,1762750140000,SENSEX,hybrid,0.8928571428571429,,15,60,2025-11-10T10:23:00,1762750380000,4,741.1685482868977
2025-11-10T10:19:00,1762750140000,SENSEX,hybrid,0.8928571428571429,,15,60,2025-11-10T10:24:00,1762750440000,5,742.4663045835606
2025-11-10T10:19:00,1762750140000,SENSEX,hybrid,0.8928571428571429,,15,60,2025-11-10T10:25:00,1762750500000,6,742.4673023530395
2025-11-10T10:19:00,1762750140000,SENSEX,hybrid,0.8928571428571429,,15,60,2025-11-10T10:26:00,1762750560000,7,742.4298280047122
2025-11-10T10:19:00,1762750140000,SENSEX,hybrid,0.8928571428571429,,15,60,2025-11-10T10:27:00,1762750620000,8,744.4452965433751
2025-11-10T10:19:00,1762750140000,SENSEX,hybrid,0.8928571428571429,,15,60,2025-11-10T10:28:00,1762750680000,9,744.0677118466162
2025-11-10T10:19:00,1762750140000,SENSEX,hybrid,0.8928571428571429,,15,60,2025-11-10T10:29:00,1762750740000,10,743.1749058595268
2025-11-10T10:19:00,1762750140000,SENSEX,hybrid,0.8928571428571429,,15,60,2025-11-10T10:30:00,1762750800000,11,743.9723018313892
2025-11-10T10:19:00,1762750140000,SENSEX,hybrid,0.8928571428571429,,15,60,2025-11-10T10:31:00,1762750860000,12,742.5615613877967
2025-11-10T10:19:00,1762750140000,SENSEX,hybrid,0.8928571428571429,,15,60,2025-11-10T10:32:00,1762750920000,13,741.3577357153637
2025-11-10T10:19:00,1762750140000,SENSEX,hybrid,0.8928571428571429,,15,60,2025-11-10T10:33:00,1762750980000,14,741.6142355449116
2025-11-10T10:19:00,1762750140000,SENSEX,hybrid,0.8928571428571429,,15,60,2025-11-10T10:34:00,1762751040000,15,742.8029368259063
2025-11-10T10:19:00,1762750140000,SENSEX,hybrid,0.8928571428571429,,15,60,2025-11-10T10:35:00,1762751100000,16,740.6483784975111
2025-11-10T10:19:00,1762750140000,SENSEX,hybrid,0.8928571428571429,,15,60,2025-11-10T10:36:00,1762751160000,17,741.8897988598069
2025-11-10T10:19:00,1762750140000,SENSEX,hybrid,0.8928571428571429,,15,60,2025-11-10T10:37:00,1762751220000,18,741.4190505011436
2025-11-10T10:19:00,1762750140000,SENSEX,hybrid,0.8928571428571429,,15,60,2025-11-10T10:38:00,1762751280000,19,740.5008809909904
2025-11-10T10:19:00,1762750140000,SENSEX,hybrid,0.8928571428571429,,15,60,2025-11-10T10:39:00,1762751340000,20,740.8764832123409
2025-11-10T10:19:00,1762750140000,SENSEX,hybrid,0.8928571428571429,,15,60,2025-11-10T10:40:00,1762751400000,21,741.0579656506104
2025-11-10T10:19:00,1762750140000,SENSEX,hybrid,0.8928571428571429,,15,60,2025-11-10T10:41:00,1762751460000,22,740.7787540492885
2025-11-10T10:19:00,1762750140000,SENSEX,hybrid,0.8928571428571429,,15,60,2025-11-10T10:42:00,1762751520000,23,742.1387633291263
2025-11-10T10:19:00,1762750140000,SENSEX,hybrid,0.8928571428571429,,15,60,2025-11-10T10:43:00,1762751580000,24,740.8798377218369
2025-11-10T10:19:00,1762750140000,SENSEX,hybrid,0.8928571428571429,,15,60,2025-11-10T10:44:00,1762751640000,25,741.2133198227056
2025-11-10T10:19:00,1762750140000,SENSEX,hybrid,0.8928571428571429,,15,60,2025-11-10T10:45:00,1762751700000,26,743.1073802285881
2025-11-10T10:19:00,1762750140000,SENSEX,hybrid,0.8928571428571429,,15,60,2025-11-10T10:46:00,1762751760000,27,743.1489480053427
2025-11-10T10:19:00,1762750140000,SENSEX,hybrid,0.8928571428571429,,15,60,2025-11-10T10:47:00,1762751820000,28,741.9072564142191
2025-11-10T10:19:00,1762750140000,SENSEX,hybrid,0.8928571428571429,,15,60,2025-11-10T10:48:00,1762751880000,29,740.7086873777288
2025-11-10T10:19:00,1762750140000,SENSEX,hybrid,0.8928571428571429,,15,60,2025-11-10T10:49:00,1762751940000,30,740.9305999901701
2025-11-10T10:19:00,1762750140000,SENSEX,hybrid,0.8928571428571429,,15,60,2025-11-10T10:50:00,1762752000000,31,741.4966067736231
2025-11-10T10:19:00,1762750140000,SENSEX,hybrid,0.8928571428571429,,15,60,2025-11-10T10:51:00,1762752060000,32,740.4332150765491
2025-11-10T10:19:00,1762750140000,SENSEX,hybrid,0.8928571428571429,,15,60,2025-11-10T10:52:00,1762752120000,33,741.3654503184489
2025-11-10T10:19:00,1762750140000,SENSEX,hybrid,0.8928571428571429,,15,60,2025-11-10T10:53:00,1762752180000,34,739.6977565423227
2025-11-10T10:19:00,1762750140000,SENSEX,hybrid,0.8928571428571429,,15,60,2025-11-10T10:54:00,1762752240000,35,740.4995772680693
2025-11-10T10:19:00,1762750140000,SENSEX,hybrid,0.8928571428571429,,15,60,2025-11-10T10:55:00,1762752300000,36,741.3025305339169
2025-11-10T10:19:00,1762750140000,SENSEX,hybrid,0.8928571428571429,,15,60,2025-11-10T10:56:00,1762752360000,37,740.9295575350328
2025-11-10T10:19:00,1762750140000,SENSEX,hybrid,0.8928571428571429,,15,60,2025-11-10T10:57:00,1762752420000,38,741.0510364356791
2025-11-10T10:19:00,1762750140000,SENSEX,hybrid,0.8928571428571429,,15,60,2025-11-10T10:58:00,1762752480000,39,740.8716872862227
2025-11-10T10:19:00,1762750140000,SENSEX,hybrid,0.8928571428571429,,15,60,2025-11-10T10:59:00,1762752540000,40,739.1318505379645
2025-11-10T10:19:00,1762750140000,SENSEX,hybrid,0.8928571428571429,,15,60,2025-11-10T11:00:00,1762752600000,41,740.2270714015136
2025-11-10T10:19:00,1762750140000,SENSEX,hybrid,0.8928571428571429,,15,60,2025-11-10T11:01:00,1762752660000,42,738.4232733997586
2025-11-10T10:19:00,1762750140000,SENSEX,hybrid,0.8928571428571429,,15,60,2025-11-10T11:02:00,1762752720000,43,738.9565143188049
2025-11-10T10:19:00,1762750140000,SENSEX,hybrid,0.8928571428571429,,15,60,2025-11-10T11:03:00,1762752780000,44,740.2396540746861
2025-11-10T10:19:00,1762750140000,SENSEX,hybrid,0.8928571428571429,,15,60,2025-11-10T11:04:00,1762752840000,45,740.6947308256953
2025-11-10T10:19:00,1762750140000,SENSEX,hybrid,0.8928571428571429,,15,60,2025-11-10T11:05:00,1762752900000,46,739.7405396425784
2025-11-10T10:19:00,1762750140000,SENSEX,hybrid,0.8928571428571429,,15,60,2025-11-10T11:06:00,1762752960000,47,740.4271797711685
2025-11-10T10:19:00,1762750140000,SENSEX,hybrid,0.8928571428571429,,15,60,2025-11-10T11:07:00,1762753020000,48,740.8222504707295
2025-11-10T10:19:00,1762750140000,SENSEX,hybrid,0.8928571428571429,,15,60,2025-11-10T11:08:00,1762753080000,49,740.6626156761097
2025-11-10T10:19:00,1762750140000,SENSEX,hybrid,0.8928571428571429,,15,60,2025-11-10T11:09:00,1762753140000,50,740.3960018873122
2025-11-10T10:19:00,1762750140000,SENSEX,hybrid,0.8928571428571429,,15,60,2025-11-10T11:10:00,1762753200000,51,740.9166998593159
2025-11-10T10:19:00,1762750140000,SENSEX,hybrid,0.8928571428571429,,15,60,2025-11-10T11:11:00,1762753260000,52,740.8363427164588
2025-11-10T10:19:00,1762750140000,SENSEX,hybrid,0.8928571428571429,,15,60,2025-11-10T11:12:00,1762753320000,53,739.6407375392581
2025-11-10T10:19:00,1762750140000,SENSEX,hybrid,0.8928571428571429,,15,60,2025-11-10T11:13:00,1762753380000,54,739.6198351164439
2025-11-10T10:19:00,1762750140000,SENSEX,hybrid,0.8928571428571429,,15,60,2025-11-10T11:14:00,1762753440000,55,739.9707138563481
2025-11-10T10:19:00,1762750140000,SENSEX,hybrid,0.8928571428571429,,15,60,2025-11-10T11:15:00,1762753500000,56,739.8017245962562
2025-11-10T10:19:00,1762750140000,SENSEX,hybrid,0.8928571428571429,,15,60,2025-11-10T11:16:00,1762753560000,57,741.6276731555649
2025-11-10T10:19:00,1762750140000,SENSEX,hybrid,0.8928571428571429,,15,60,2025-11-10T11:17:00,1762753620000,58,740.8202879935344
2025-11-10T10:19:00,1762750140000,SENSEX,hybrid,0.8928571428571429,,15,60,2025-11-10T11:18:00,1762753680000,59,739.7976011397438
2025-11-10T10:19:00,1762750140000,SENSEX,hybrid,0.8928571428571429,,15,60,2025-11-10T11:19:00,1762753740000,60,739.8243031489562
2025-11-10T10:19:00,1762750140000,SENSEX,hybrid,0.8928571428571429,,15,60,2025-11-10T10:20:00,1762750200000,1,743.3
2025-11-10T10:19:00,1762750140000,SENSEX,hybrid,0.8928571428571429,,15,60,2025-11-10T10:21:00,1762750260000,2,744.3779452254938
2025-11-10T10:19:00,1762750140000,SENSEX,hybrid,0.8928571428571429,,15,60,2025-11-10T10:22:00,1762750320000,3,743.4952804779535
2025-11-10T10:19:00,1762750140000,SENSEX,hybrid,0.8928571428571429,,15,60,2025-11-10T10:23:00,1762750380000,4,741.1685482868977
2025-11-10T10:19:00,1762750140000,SENSEX,hybrid,0.8928571428571429,,15,60,2025-11-10T10:24:00,1762750440000,5,742.4663045835606
2025-11-10T10:19:00,1762750140000,SENSEX,hybrid,0.8928571428571429,,15,60,2025-11-10T10:25:00,1762750500000,6,742.4673023530395
2025-11-10T10:19:00,1762750140000,SENSEX,hybrid,0.8928571428571429,,15,60,2025-11-10T10:26:00,1762750560000,7,742.4298280047122
2025-11-10T10:19:00,1762750140000,SENSEX,hybrid,0.8928571428571429,,15,60,2025-11-10T10:27:00,1762750620000,8,744.4452965433751
2025-11-10T10:19:00,1762750140000,SENSEX,hybrid,0.8928571428571429,,15,60,2025-11-10T10:28:00,1762750680000,9,744.0677118466162
2025-11-10T10:19:00,1762750140000,SENSEX,hybrid,0.8928571428571429,,15,60,2025-11-10T10:29:00,1762750740000,10,743.1749058595268
2025-11-10T10:19:00,1762750140000,SENSEX,hybrid,0.8928571428571429,,15,60,2025-11-10T10:30:00,1762750800000,11,743.9723018313892
2025-11-10T10:19:00,1762750140000,SENSEX,hybrid,0.8928571428571429,,15,60,2025-11-10T10:31:00,1762750860000,12,742.5615613877967
2025-11-10T10:19:00,1762750140000,SENSEX,hybrid,0.8928571428571429,,15,60,2025-11-10T10:32:00,1762750920000,13,741.3577357153637
2025-11-10T10:19:00,1762750140000,SENSEX,hybrid,0.8928571428571429,,15,60,2025-11-10T10:33:00,1762750980000,14,741.6142355449116
2025-11-10T10:19:00,1762750140000,SENSEX,hybrid,0.8928571428571429,,15,60,2025-11-10T10:34:00,1762751040000,15,742.8029368259063
2025-11-10T10:19:00,1762750140000,SENSEX,hybrid,0.8928571428571429,,15,60,2025-11-10T10:35:00,1762751100000,16,740.6483784975111
2025-11-10T10:19:00,1762750140000,SENSEX,hybrid,0.8928571428571429,,15,60,2025-11-10T10:36:00,1762751160000,17,741.8897988598069
2025-11-10T10:19:00,1762750140000,SENSEX,hybrid,0.8928571428571429,,15,60,2025-11-10T10:37:00,1762751220000,18,741.4190505011436
2025-11-10T10:19:00,1762750140000,SENSEX,hybrid,0.8928571428571429,,15,60,2025-11-10T10:38:00,1762751280000,19,740.5008809909904
2025-11-10T10:19:00,1762750140000,SENSEX,hybrid,0.8928571428571429,,15,60,2025-11-10T10:39:00,1762751340000,20,740.8764832123409
2025-11-10T10:19:00,1762750140000,SENSEX,hybrid,0.8928571428571429,,15,60,2025-11-10T10:40:00,1762751400000,21,741.0579656506104
2025-11-10T10:19:00,1762750140000,SENSEX,hybrid,0.8928571428571429,,15,60,2025-11-10T10:41:00,1762751460000,22,740.7787540492885
2025-11-10T10:19:00,1762750140000,SENSEX,hybrid,0.8928571428571429,,15,60,2025-11-10T10:42:00,1762751520000,23,742.1387633291263
2025-11-10T10:19:00,1762750140000,SENSEX,hybrid,0.8928571428571429,,15,60,2025-11-10T10:43:00,1762751580000,24,740.8798377218369
2025-11-10T10:19:00,1762750140000,SENSEX,hybrid,0.8928571428571429,,15,60,2025-11-10T10:44:00,1762751640000,25,741.2133198227056
2025-11-10T10:19:00,1762750140000,SENSEX,hybrid,0.8928571428571429,,15,60,2025-11-10T10:45:00,1762751700000,26,743.1073802285881
2025-11-10T10:19:00,1762750140000,SENSEX,hybrid,0.8928571428571429,,15,60,2025-11-10T10:46:00,1762751760000,27,743.1489480053427
2025-11-10T10:19:00,1762750140000,SENSEX,hybrid,0.8928571428571429,,15,60,2025-11-10T10:47:00,1762751820000,28,741.9072564142191
2025-11-10T10:19:00,1762750140000,SENSEX,hybrid,0.8928571428571429,,15,60,2025-11-10T10:48:00,1762751880000,29,740.7086873777288
2025-11-10T10:19:00,1762750140000,SENSEX,hybrid,0.8928571428571429,,15,60,2025-11-10T10:49:00,1762751940000,30,740.9305999901701
2025-11-10T10:19:00,1762750140000,SENSEX,hybrid,0.8928571428571429,,15,60,2025-11-10T10:50:00,1762752000000,31,741.4966067736231
2025-11-10T10:19:00,1762750140000,SENSEX,hybrid,0.8928571428571429,,15,60,2025-11-10T10:51:00,1762752060000,32,740.4332150765491
2025-11-10T10:19:00,1762750140000,SENSEX,hybrid,0.8928571428571429,,15,60,2025-11-10T10:52:00,1762752120000,33,741.3654503184489
2025-11-10T10:19:00,1762750140000,SENSEX,hybrid,0.8928571428571429,,15,60,2025-11-10T10:53:00,1762752180000,34,739.6977565423227
2025-11-10T10:19:00,1762750140000,SENSEX,hybrid,0.8928571428571429,,15,60,2025-11-10T10:54:00,1762752240000,35,740.4995772680693
2025-11-10T10:19:00,1762750140000,SENSEX,hybrid,0.8928571428571429,,15,60,2025-11-10T10:55:00,1762752300000,36,741.3025305339169
2025-11-10T10:19:00,1762750140000,SENSEX,hybrid,0.8928571428571429,,15,60,2025-11-10T10:56:00,1762752360000,37,740.9295575350328
2025-11-10T10:19:00,1762750140000,SENSEX,hybrid,0.8928571428571429,,15,60,2025-11-10T10:57:00,1762752420000,38,741.0510364356791
2025-11-10T10:19:00,1762750140000,SENSEX,hybrid,0.8928571428571429,,15,60,2025-11-10T10:58:00,1762752480000,39,740.8716872862227
2025-11-10T10:19:00,1762750140000,SENSEX,hybrid,0.8928571428571429,,15,60,2025-11-10T10:59:00,1762752540000,40,739.1318505379645
2025-11-10T10:19:00,1762750140000,SENSEX,hybrid,0.8928571428571429,,15,60,2025-11-10T11:00:00,1762752600000,41,740.2270714015136
2025-11-10T10:19:00,1762750140000,SENSEX,hybrid,0.8928571428571429,,15,60,2025-11-10T11:01:00,1762752660000,42,738.4232733997586
2025-11-10T10:19:00,1762750140000,SENSEX,hybrid,0.8928571428571429,,15,60,2025-11-10T11:02:00,1762752720000,43,738.9565143188049
2025-11-10T10:19:00,1762750140000,SENSEX,hybrid,0.8928571428571429,,15,60,2025-11-10T11:03:00,1762752780000,44,740.2396540746861
2025-11-10T10:19:00,1762750140000,SENSEX,hybrid,0.8928571428571429,,15,60,2025-11-10T11:04:00,1762752840000,45,740.6947308256953
2025-11-10T10:19:00,1762750140000,SENSEX,hybrid,0.8928571428571429,,15,60,2025-11-10T11:05:00,1762752900000,46,739.7405396425784
2025-11-10T10:19:00,1762750140000,SENSEX,hybrid,0.8928571428571429,,15,60,2025-11-10T11:06:00,1762752960000,47,740.4271797711685
2025-11-10T10:19:00,1762750140000,SENSEX,hybrid,0.8928571428571429,,15,60,2025-11-10T11:07:00,1762753020000,48,740.8222504707295
2025-11-10T10:19:00,1762750140000,SENSEX,hybrid,0.8928571428571429,,15,60,2025-11-10T11:08:00,1762753080000,49,740.6626156761097
2025-11-10T10:19:00,1762750140000,SENSEX,hybrid,0.8928571428571429,,15,60,2025-11-10T11:09:00,1762753140000,50,740.3960018873122
2025-11-10T10:19:00,1762750140000,SENSEX,hybrid,0.8928571428571429,,15,60,2025-11-10T11:10:00,1762753200000,51,740.9166998593159
2025-11-10T10:19:00,1762750140000,SENSEX,hybrid,0.8928571428571429,,15,60,2025-11-10T11:11:00,1762753260000,52,740.8363427164588
2025-11-10T10:19:00,1762750140000,SENSEX,hybrid,0.8928571428571429,,15,60,2025-11-10T11:12:00,1762753320000,53,739.6407375392581
2025-11-10T10:19:00,1762750140000,SENSEX,hybrid,0.8928571428571429,,15,60,2025-11-10T11:13:00,1762753380000,54,739.6198351164439
2025-11-10T10:19:00,1762750140000,SENSEX,hybrid,0.8928571428571429,,15,60,2025-11-10T11:14:00,1762753440000,55,739.9707138563481
2025-11-10T10:19:00,1762750140000,SENSEX,hybrid,0.8928571428571429,,15,60,2025-11-10T11:15:00,1762753500000,56,739.8017245962562
2025-11-10T10:19:00,1762750140000,SENSEX,hybrid,0.8928571428571429,,15,60,2025-11-10T11:16:00,1762753560000,57,741.6276731555649
2025-11-10T10:19:00,1762750140000,SENSEX,hybrid,0.8928571428571429,,15,60,2025-11-10T11:17:00,1762753620000,58,740.8202879935344
2025-11-10T10:19:00,1762750140000,SENSEX,hybrid,0.8928571428571429,,15,60,2025-11-10T11:18:00,1762753680000,59,739.7976011397438
2025-11-10T10:19:00,1762750140000,SENSEX,hybrid,0.8928571428571429,,15,60,2025-11-10T11:19:00,1762753740000,60,739.8243031489562
2025-11-10T10:19:00,1762750140000,SENSEX,hybrid,0.8928571428571429,,15,60,2025-11-10T10:20:00,1762750200000,1,743.3
2025-11-10T10:19:00,1762750140000,SENSEX,hybrid,0.8928571428571429,,15,60,2025-11-10T10:21:00,1762750260000,2,744.3779452254938
2025-11-10T10:19:00,1762750140000,SENSEX,hybrid,0.8928571428571429,,15,60,2025-11-10T10:22:00,1762750320000,3,743.4952804779535
2025-11-10T10:19:00,1762750140000,SENSEX,hybrid,0.8928571428571429,,15,60,2025-11-10T10:23:00,1762750380000,4,741.1685482868977
2025-11-10T10:19:00,1762750140000,SENSEX,hybrid,0.8928571428571429,,15,60,2025-11-10T10:24:00,1762750440000,5,742.4663045835606
2025-11-10T10:19:00,1762750140000,SENSEX,hybrid,0.8928571428571429,,15,60,2025-11-10T10:25:00,1762750500000,6,742.4673023530395
2025-11-10T10:19:00,1762750140000,SENSEX,hybrid,0.8928571428571429,,15,60,2025-11-10T10:26:00,1762750560000,7,742.4298280047122
2025-11-10T10:19:00,1762750140000,SENSEX,hybrid,0.8928571428571429,,15,60,2025-11-10T10:27:00,1762750620000,8,744.4452965433751
2025-11-10T10:19:00,1762750140000,SENSEX,hybrid,0.8928571428571429,,15,60,2025-11-10T10:28:00,1762750680000,9,744.0677118466162
2025-11-10T10:19:00,1762750140000,SENSEX,hybrid,0.8928571428571429,,15,60,2025-11-10T10:29:00,1762750740000,10,743.1749058595268
2025-11-10T10:19:00,1762750140000,SENSEX,hybrid,0.8928571428571429,,15,60,2025-11-10T10:30:00,1762750800000,11,743.9723018313892
2025-11-10T10:19:00,1762750140000,SENSEX,hybrid,0.8928571428571429,,15,60,2025-11-10T10:31:00,1762750860000,12,742.5615613877967
2025-11-10T10:19:00,1762750140000,SENSEX,hybrid,0.8928571428571429,,15,60,2025-11-10T10:32:00,1762750920000,13,741.3577357153637
2025-11-10T10:19:00,1762750140000,SENSEX,hybrid,0.8928571428571429,,15,60,2025-11-10T10:33:00,1762750980000,14,741.6142355449116
2025-11-10T10:19:00,1762750140000,SENSEX,hybrid,0.8928571428571429,,15,60,2025-11-10T10:34:00,1762751040000,15,742.8029368259063
2025-11-10T10:19:00,1762750140000,SENSEX,hybrid,0.8928571428571429,,15,60,2025-11-10T10:35:00,1762751100000,16,740.6483784975111
2025-11-10T10:19:00,1762750140000,SENSEX,hybrid,0.8928571428571429,,15,60,2025-11-10T10:36:00,1762751160000,17,741.8897988598069
2025-11-10T10:19:00,1762750140000,SENSEX,hybrid,0.8928571428571429,,15,60,2025-11-10T10:37:00,1762751220000,18,741.4190505011436
2025-11-10T10:19:00,1762750140000,SENSEX,hybrid,0.8928571428571429,,15,60,2025-11-10T10:38:00,1762751280000,19,740.5008809909904
2025-11-10T10:19:00,1762750140000,SENSEX,hybrid,0.8928571428571429,,15,60,2025-11-10T10:39:00,1762751340000,20,740.8764832123409
2025-11-10T10:19:00,1762750140000,SENSEX,hybrid,0.8928571428571429,,15,60,2025-11-10T10:40:00,1762751400000,21,741.0579656506104
2025-11-10T10:19:00,1762750140000,SENSEX,hybrid,0.8928571428571429,,15,60,2025-11-10T10:41:00,1762751460000,22,740.7787540492885
2025-11-10T10:19:00,1762750140000,SENSEX,hybrid,0.8928571428571429,,15,60,2025-11-10T10:42:00,1762751520000,23,742.1387633291263
2025-11-10T10:19:00,1762750140000,SENSEX,hybrid,0.8928571428571429,,15,60,2025-11-10T10:43:00,1762751580000,24,740.8798377218369
2025-11-10T10:19:00,1762750140000,SENSEX,hybrid,0.8928571428571429,,15,60,2025-11-10T10:44:00,1762751640000,25,741.2133198227056
2025-11-10T10:19:00,1762750140000,SENSEX,hybrid,0.8928571428571429,,15,60,2025-11-10T10:45:00,1762751700000,26,743.1073802285881
2025-11-10T10:19:00,1762750140000,SENSEX,hybrid,0.8928571428571429,,15,60,2025-11-10T10:46:00,1762751760000,27,743.1489480053427
2025-11-10T10:19:00,1762750140000,SENSEX,hybrid,0.8928571428571429,,15,60,2025-11-10T10:47:00,1762751820000,28,741.9072564142191
2025-11-10T10:19:00,1762750140000,SENSEX,hybrid,0.8928571428571429,,15,60,2025-11-10T10:48:00,1762751880000,29,740.7086873777288
2025-11-10T10:19:00,1762750140000,SENSEX,hybrid,0.8928571428571429,,15,60,2025-11-10T10:49:00,1762751940000,30,740.9305999901701
2025-11-10T10:19:00,1762750140000,SENSEX,hybrid,0.8928571428571429,,15,60,2025-11-10T10:50:00,1762752000000,31,741.4966067736231
2025-11-10T10:19:00,1762750140000,SENSEX,hybrid,0.8928571428571429,,15,60,2025-11-10T10:51:00,1762752060000,32,740.4332150765491
2025-11-10T10:19:00,1762750140000,SENSEX,hybrid,0.8928571428571429,,15,60,2025-11-10T10:52:00,1762752120000,33,741.3654503184489
2025-11-10T10:19:00,1762750140000,SENSEX,hybrid,0.8928571428571429,,15,60,2025-11-10T10:53:00,1762752180000,34,739.6977565423227
2025-11-10T10:19:00,1762750140000,SENSEX,hybrid,0.8928571428571429,,15,60,2025-11-10T10:54:00,1762752240000,35,740.4995772680693
2025-11-10T10:19:00,1762750140000,SENSEX,hybrid,0.8928571428571429,,15,60,2025-11-10T10:55:00,1762752300000,36,741.3025305339169
2025-11-10T10:19:00,1762750140000,SENSEX,hybrid,0.8928571428571429,,15,60,2025-11-10T10:56:00,1762752360000,37,740.9295575350328
2025-11-10T10:19:00,1762750140000,SENSEX,hybrid,0.8928571428571429,,15,60,2025-11-10T10:57:00,1762752420000,38,741.0510364356791
2025-11-10T10:19:00,1762750140000,SENSEX,hybrid,0.8928571428571429,,15,60,2025-11-10T10:58:00,1762752480000,39,740.8716872862227
2025-11-10T10:19:00,1762750140000,SENSEX,hybrid,0.8928571428571429,,15,60,2025-11-10T10:59:00,1762752540000,40,739.1318505379645
2025-11-10T10:19:00,1762750140000,SENSEX,hybrid,0.8928571428571429,,15,60,2025-11-10T11:00:00,1762752600000,41,740.2270714015136
2025-11-10T10:19:00,1762750140000,SENSEX,hybrid,0.8928571428571429,,15,60,2025-11-10T11:01:00,1762752660000,42,738.4232733997586
2025-11-10T10:19:00,1762750140000,SENSEX,hybrid,0.8928571428571429,,15,60,2025-11-10T11:02:00,1762752720000,43,738.9565143188049
2025-11-10T10:19:00,1762750140000,SENSEX,hybrid,0.8928571428571429,,15,60,2025-11-10T11:03:00,1762752780000,44,740.2396540746861
2025-11-10T10:19:00,1762750140000,SENSEX,hybrid,0.8928571428571429,,15,60,2025-11-10T11:04:00,1762752840000,45,740.6947308256953
2025-11-10T10:19:00,1762750140000,SENSEX,hybrid,0.8928571428571429,,15,60,2025-11-10T11:05:00,1762752900000,46,739.7405396425784
2025-11-10T10:19:00,1762750140000,SENSEX,hybrid,0.8928571428571429,,15,60,2025-11-10T11:06:00,1762752960000,47,740.4271797711685
2025-11-10T10:19:00,1762750140000,SENSEX,hybrid,0.8928571428571429,,15,60,2025-11-10T11:07:00,1762753020000,48,740.8222504707295
2025-11-10T10:19:00,1762750140000,SENSEX,hybrid,0.8928571428571429,,15,60,2025-11-10T11:08:00,1762753080000,49,740.6626156761097
2025-11-10T10:19:00,1762750140000,SENSEX,hybrid,0.8928571428571429,,15,60,2025-11-10T11:09:00,1762753140000,50,740.3960018873122
2025-11-10T10:19:00,1762750140000,SENSEX,hybrid,0.8928571428571429,,15,60,2025-11-10T11:10:00,1762753200000,51,740.9166998593159
2025-11-10T10:19:00,1762750140000,SENSEX,hybrid,0.8928571428571429,,15,60,2025-11-10T11:11:00,1762753260000,52,740.8363427164588
2025-11-10T10:19:00,1762750140000,SENSEX,hybrid,0.8928571428571429,,15,60,2025-11-10T11:12:00,1762753320000,53,739.6407375392581
2025-11-10T10:19:00,1762750140000,SENSEX,hybrid,0.8928571428571429,,15,60,2025-11-10T11:13:00,1762753380000,54,739.6198351164439
2025-11-10T10:19:00,1762750140000,SENSEX,hybrid,0.8928571428571429,,15,60,2025-11-10T11:14:00,1762753440000,55,739.9707138563481
2025-11-10T10:19:00,1762750140000,SENSEX,hybrid,0.8928571428571429,,15,60,2025-11-10T11:15:00,1762753500000,56,739.8017245962562
2025-11-10T10:19:00,1762750140000,SENSEX,hybrid,0.8928571428571429,,15,60,2025-11-10T11:16:00,1762753560000,57,741.6276731555649
2025-11-10T10:19:00,1762750140000,SENSEX,hybrid,0.8928571428571429,,15,60,2025-11-10T11:17:00,1762753620000,58,740.8202879935344
2025-11-10T10:19:00,1762750140000,SENSEX,hybrid,0.8928571428571429,,15,60,2025-11-10T11:18:00,1762753680000,59,739.7976011397438
2025-11-10T10:19:00,1762750140000,SENSEX,hybrid,0.8928571428571429,,15,60,2025-11-10T11:19:00,1762753740000,60,739.8243031489562
2025-11-10T10:19:00,1762750140000,SENSEX,hybrid,0.8928571428571429,,15,60,2025-11-10T10:20:00,1762750200000,1,743.3
2025-11-10T10:19:00,1762750140000,SENSEX,hybrid,0.8928571428571429,,15,60,2025-11-10T10:21:00,1762750260000,2,744.3779452254938
2025-11-10T10:19:00,1762750140000,SENSEX,hybrid,0.8928571428571429,,15,60,2025-11-10T10:22:00,1762750320000,3,743.4952804779535
2025-11-10T10:19:00,1762750140000,SENSEX,hybrid,0.8928571428571429,,15,60,2025-11-10T10:23:00,1762750380000,4,741.1685482868977
2025-11-10T10:19:00,1762750140000,SENSEX,hybrid,0.8928571428571429,,15,60,2025-11-10T10:24:00,1762750440000,5,742.4663045835606
2025-11-10T10:19:00,1762750140000,SENSEX,hybrid,0.8928571428571429,,15,60,2025-11-10T10:25:00,1762750500000,6,742.4673023530395
2025-11-10T10:19:00,1762750140000,SENSEX,hybrid,0.8928571428571429,,15,60,2025-11-10T10:26:00,1762750560000,7,742.4298280047122
2025-11-10T10:19:00,1762750140000,SENSEX,hybrid,0.8928571428571429,,15,60,2025-11-10T10:27:00,1762750620000,8,744.4452965433751
2025-11-10T10:19:00,1762750140000,SENSEX,hybrid,0.8928571428571429,,15,60,2025-11-10T10:28:00,1762750680000,9,744.0677118466162
2025-11-10T10:19:00,1762750140000,SENSEX,hybrid,0.8928571428571429,,15,60,2025-11-10T10:29:00,1762750740000,10,743.1749058595268
2025-11-10T10:19:00,1762750140000,SENSEX,hybrid,0.8928571428571429,,15,60,2025-11-10T10:30:00,1762750800000,11,743.9723018313892
2025-11-10T10:19:00,1762750140000,SENSEX,hybrid,0.8928571428571429,,15,60,2025-11-10T10:31:00,1762750860000,12,742.5615613877967
2025-11-10T10:19:00,1762750140000,SENSEX,hybrid,0.8928571428571429,,15,60,2025-11-10T10:32:00,1762750920000,13,741.3577357153637
2025-11-10T10:19:00,1762750140000,SENSEX,hybrid,0.8928571428571429,,15,60,2025-11-10T10:33:00,1762750980000,14,741.6142355449116
2025-11-10T10:19:00,1762750140000,SENSEX,hybrid,0.8928571428571429,,15,60,2025-11-10T10:34:00,1762751040000,15,742.8029368259063
2025-11-10T10:19:00,1762750140000,SENSEX,hybrid,0.8928571428571429,,15,60,2025-11-10T10:35:00,1762751100000,16,740.6483784975111
2025-11-10T10:19:00,1762750140000,SENSEX,hybrid,0.8928571428571429,,15,60,2025-11-10T10:36:00,1762751160000,17,741.8897988598069
2025-11-10T10:19:00,1762750140000,SENSEX,hybrid,0.8928571428571429,,15,60,2025-11-10T10:37:00,1762751220000,18,741.4190505011436
2025-11-10T10:19:00,1762750140000,SENSEX,hybrid,0.8928571428571429,,15,60,2025-11-10T10:38:00,1762751280000,19,740.5008809909904
2025-11-10T10:19:00,1762750140000,SENSEX,hybrid,0.8928571428571429,,15,60,2025-11-10T10:39:00,1762751340000,20,740.8764832123409
2025-11-10T10:19:00,1762750140000,SENSEX,hybrid,0.8928571428571429,,15,60,2025-11-10T10:40:00,1762751400000,21,741.0579656506104
2025-11-10T10:19:00,1762750140000,SENSEX,hybrid,0.8928571428571429,,15,60,2025-11-10T10:41:00,1762751460000,22,740.7787540492885
2025-11-10T10:19:00,1762750140000,SENSEX,hybrid,0.8928571428571429,,15,60,2025-11-10T10:42:00,1762751520000,23,742.1387633291263
2025-11-10T10:19:00,1762750140000,SENSEX,hybrid,0.8928571428571429,,15,60,2025-11-10T10:43:00,1762751580000,24,740.8798377218369
2025-11-10T10:19:00,1762750140000,SENSEX,hybrid,0.8928571428571429,,15,60,2025-11-10T10:44:00,1762751640000,25,741.2133198227056
2025-11-10T10:19:00,1762750140000,SENSEX,hybrid,0.8928571428571429,,15,60,2025-11-10T10:45:00,1762751700000,26,743.1073802285881
2025-11-10T10:19:00,1762750140000,SENSEX,hybrid,0.8928571428571429,,15,60,2025-11-10T10:46:00,1762751760000,27,743.1489480053427
2025-11-10T10:19:00,1762750140000,SENSEX,hybrid,0.8928571428571429,,15,60,2025-11-10T10:47:00,1762751820000,28,741.9072564142191
2025-11-10T10:19:00,1762750140000,SENSEX,hybrid,0.8928571428571429,,15,60,2025-11-10T10:48:00,1762751880000,29,740.7086873777288
2025-11-10T10:19:00,1762750140000,SENSEX,hybrid,0.8928571428571429,,15,60,2025-11-10T10:49:00,1762751940000,30,740.9305999901701
2025-11-10T10:19:00,1762750140000,SENSEX,hybrid,0.8928571428571429,,15,60,2025-11-10T10:50:00,1762752000000,31,741.4966067736231
2025-11-10T10:19:00,1762750140000,SENSEX,hybrid,0.8928571428571429,,15,60,2025-11-10T10:51:00,1762752060000,32,740.4332150765491
2025-11-10T10:19:00,1762750140000,SENSEX,hybrid,0.8928571428571429,,15,60,2025-11-10T10:52:00,1762752120000,33,741.3654503184489
2025-11-10T10:19:00,1762750140000,SENSEX,hybrid,0.8928571428571429,,15,60,2025-11-10T10:53:00,1762752180000,34,739.6977565423227
2025-11-10T10:19:00,1762750140000,SENSEX,hybrid,0.8928571428571429,,15,60,2025-11-10T10:54:00,1762752240000,35,740.4995772680693
2025-11-10T10:19:00,1762750140000,SENSEX,hybrid,0.8928571428571429,,15,60,2025-11-10T10:55:00,1762752300000,36,741.3025305339169
2025-11-10T10:19:00,1762750140000,SENSEX,hybrid,0.8928571428571429,,15,60,2025-11-10T10:56:00,1762752360000,37,740.9295575350328
2025-11-10T10:19:00,1762750140000,SENSEX,hybrid,0.8928571428571429,,15,60,2025-11-10T10:57:00,1762752420000,38,741.0510364356791
2025-11-10T10:19:00,1762750140000,SENSEX,hybrid,0.8928571428571429,,15,60,2025-11-10T10:58:00,1762752480000,39,740.8716872862227
2025-11-10T10:19:00,1762750140000,SENSEX,hybrid,0.8928571428571429,,15,60,2025-11-10T10:59:00,1762752540000,40,739.1318505379645
2025-11-10T10:19:00,1762750140000,SENSEX,hybrid,0.8928571428571429,,15,60,2025-11-10T11:00:00,1762752600000,41,740.2270714015136
2025-11-10T10:19:00,1762750140000,SENSEX,hybrid,0.8928571428571429,,15,60,2025-11-10T11:01:00,1762752660000,42,738.4232733997586
2025-11-10T10:19:00,1762750140000,SENSEX,hybrid,0.8928571428571429,,15,60,2025-11-10T11:02:00,1762752720000,43,738.9565143188049
2025-11-10T10:19:00,1762750140000,SENSEX,hybrid,0.8928571428571429,,15,60,2025-11-10T11:03:00,1762752780000,44,740.2396540746861
2025-11-10T10:19:00,1762750140000,SENSEX,hybrid,0.8928571428571429,,15,60,2025-11-10T11:04:00,1762752840000,45,740.6947308256953
2025-11-10T10:19:00,1762750140000,SENSEX,hybrid,0.8928571428571429,,15,60,2025-11-10T11:05:00,1762752900000,46,739.7405396425784
2025-11-10T10:19:00,1762750140000,SENSEX,hybrid,0.8928571428571429,,15,60,2025-11-10T11:06:00,1762752960000,47,740.4271797711685
2025-11-10T10:19:00,1762750140000,SENSEX,hybrid,0.8928571428571429,,15,60,2025-11-10T11:07:00,1762753020000,48,740.8222504707295
2025-11-10T10:19:00,1762750140000,SENSEX,hybrid,0.8928571428571429,,15,60,2025-11-10T11:08:00,1762753080000,49,740.6626156761097
2025-11-10T10:19:00,1762750140000,SENSEX,hybrid,0.8928571428571429,,15,60,2025-11-10T11:09:00,1762753140000,50,740.3960018873122
2025-11-10T10:19:00,1762750140000,SENSEX,hybrid,0.8928571428571429,,15,60,2025-11-10T11:10:00,1762753200000,51,740.9166998593159
2025-11-10T10:19:00,1762750140000,SENSEX,hybrid,0.8928571428571429,,15,60,2025-11-10T11:11:00,1762753260000,52,740.8363427164588
2025-11-10T10:19:00,1762750140000,SENSEX,hybrid,0.8928571428571429,,15,60,2025-11-10T11:12:00,1762753320000,53,739.6407375392581
2025-11-10T10:19:00,1762750140000,SENSEX,hybrid,0.8928571428571429,,15,60,2025-11-10T11:13:00,1762753380000,54,739.6198351164439
2025-11-10T10:19:00,1762750140000,SENSEX,hybrid,0.8928571428571429,,15,60,2025-11-10T11:14:00,1762753440000,55,739.9707138563481
2025-11-10T10:19:00,1762750140000,SENSEX,hybrid,0.8928571428571429,,15,60,2025-11-10T11:15:00,1762753500000,56,739.8017245962562
2025-11-10T10:19:00,1762750140000,SENSEX,hybrid,0.8928571428571429,,15,60,2025-11-10T11:16:00,1762753560000,57,741.6276731555649
2025-11-10T10:19:00,1762750140000,SENSEX,hybrid,0.8928571428571429,,15,60,2025-11-10T11:17:00,1762753620000,58,740.8202879935344
2025-11-10T10:19:00,1762750140000,SENSEX,hybrid,0.8928571428571429,,15,60,2025-11-10T11:18:00,1762753680000,59,739.7976011397438
2025-11-10T10:19:00,1762750140000,SENSEX,hybrid,0.8928571428571429,,15,60,2025-11-10T11:19:00,1762753740000,60,739.8243031489562
2025-11-10T10:19:00,1762750140000,SENSEX,hybrid,0.8928571428571429,,15,60,2025-11-10T10:20:00,1762750200000,1,743.3
2025-11-10T10:19:00,1762750140000,SENSEX,hybrid,0.8928571428571429,,15,60,2025-11-10T10:21:00,1762750260000,2,744.3779452254938
2025-11-10T10:19:00,1762750140000,SENSEX,hybrid,0.8928571428571429,,15,60,2025-11-10T10:22:00,1762750320000,3,743.4952804779535
2025-11-10T10:19:00,1762750140000,SENSEX,hybrid,0.8928571428571429,,15,60,2025-11-10T10:23:00,1762750380000,4,741.1685482868977
2025-11-10T10:19:00,1762750140000,SENSEX,hybrid,0.8928571428571429,,15,60,2025-11-10T10:24:00,1762750440000,5,742.4663045835606
2025-11-10T10:19:00,1762750140000,SENSEX,hybrid,0.8928571428571429,,15,60,2025-11-10T10:25:00,1762750500000,6,742.4673023530395
2025-11-10T10:19:00,1762750140000,SENSEX,hybrid,0.8928571428571429,,15,60,2025-11-10T10:26:00,1762750560000,7,742.4298280047122
2025-11-10T10:19:00,1762750140000,SENSEX,hybrid,0.8928571428571429,,15,60,2025-11-10T10:27:00,1762750620000,8,744.4452965433751
2025-11-10T10:19:00,1762750140000,SENSEX,hybrid,0.8928571428571429,,15,60,2025-11-10T10:28:00,1762750680000,9,744.0677118466162
2025-11-10T10:19:00,1762750140000,SENSEX,hybrid,0.8928571428571429,,15,60,2025-11-10T10:29:00,1762750740000,10,743.1749058595268
2025-11-10T10:19:00,1762750140000,SENSEX,hybrid,0.8928571428571429,,15,60,2025-11-10T10:30:00,1762750800000,11,743.9723018313892
2025-11-10T10:19:00,1762750140000,SENSEX,hybrid,0.8928571428571429,,15,60,2025-11-10T10:31:00,1762750860000,12,742.5615613877967
2025-11-10T10:19:00,1762750140000,SENSEX,hybrid,0.8928571428571429,,15,60,2025-11-10T10:32:00,1762750920000,13,741.3577357153637
2025-11-10T10:19:00,1762750140000,SENSEX,hybrid,0.8928571428571429,,15,60,2025-11-10T10:33:00,1762750980000,14,741.6142355449116
2025-11-10T10:19:00,1762750140000,SENSEX,hybrid,0.8928571428571429,,15,60,2025-11-10T10:34:00,1762751040000,15,742.8029368259063
2025-11-10T10:19:00,1762750140000,SENSEX,hybrid,0.8928571428571429,,15,60,2025-11-10T10:35:00,1762751100000,16,740.6483784975111
2025-11-10T10:19:00,1762750140000,SENSEX,hybrid,0.8928571428571429,,15,60,2025-11-10T10:36:00,1762751160000,17,741.8897988598069
2025-11-10T10:19:00,1762750140000,SENSEX,hybrid,0.8928571428571429,,15,60,2025-11-10T10:37:00,1762751220000,18,741.4190505011436
2025-11-10T10:19:00,1762750140000,SENSEX,hybrid,0.8928571428571429,,15,60,2025-11-10T10:38:00,1762751280000,19,740.5008809909904
2025-11-10T10:19:00,1762750140000,SENSEX,hybrid,0.8928571428571429,,15,60,2025-11-10T10:39:00,1762751340000,20,740.8764832123409
2025-11-10T10:19:00,1762750140000,SENSEX,hybrid,0.8928571428571429,,15,60,2025-11-10T10:40:00,1762751400000,21,741.0579656506104
2025-11-10T10:19:00,1762750140000,SENSEX,hybrid,0.8928571428571429,,15,60,2025-11-10T10:41:00,1762751460000,22,740.7787540492885
2025-11-10T10:19:00,1762750140000,SENSEX,hybrid,0.8928571428571429,,15,60,2025-11-10T10:42:00,1762751520000,23,742.1387633291263
2025-11-10T10:19:00,1762750140000,SENSEX,hybrid,0.8928571428571429,,15,60,2025-11-10T10:43:00,1762751580000,24,740.8798377218369
2025-11-10T10:19:00,1762750140000,SENSEX,hybrid,0.8928571428571429,,15,60,2025-11-10T10:44:00,1762751640000,25,741.2133198227056
2025-11-10T10:19:00,1762750140000,SENSEX,hybrid,0.8928571428571429,,15,60,2025-11-10T10:45:00,1762751700000,26,743.1073802285881
2025-11-10T10:19:00,1762750140000,SENSEX,hybrid,0.8928571428571429,,15,60,2025-11-10T10:46:00,1762751760000,27,743.1489480053427
2025-11-10T10:19:00,1762750140000,SENSEX,hybrid,0.8928571428571429,,15,60,2025-11-10T10:47:00,1762751820000,28,741.9072564142191
2025-11-10T10:19:00,1762750140000,SENSEX,hybrid,0.8928571428571429,,15,60,2025-11-10T10:48:00,1762751880000,29,740.7086873777288
2025-11-10T10:19:00,1762750140000,SENSEX,hybrid,0.8928571428571429,,15,60,2025-11-10T10:49:00,1762751940000,30,740.9305999901701
2025-11-10T10:19:00,1762750140000,SENSEX,hybrid,0.8928571428571429,,15,60,2025-11-10T10:50:00,1762752000000,31,741.4966067736231
2025-11-10T10:19:00,1762750140000,SENSEX,hybrid,0.8928571428571429,,15,60,2025-11-10T10:51:00,1762752060000,32,740.4332150765491
2025-11-10T10:19:00,1762750140000,SENSEX,hybrid,0.8928571428571429,,15,60,2025-11-10T10:52:00,1762752120000,33,741.3654503184489
2025-11-10T10:19:00,1762750140000,SENSEX,hybrid,0.8928571428571429,,15,60,2025-11-10T10:53:00,1762752180000,34,739.6977565423227
2025-11-10T10:19:00,1762750140000,SENSEX,hybrid,0.8928571428571429,,15,60,2025-11-10T10:54:00,1762752240000,35,740.4995772680693
2025-11-10T10:19:00,1762750140000,SENSEX,hybrid,0.8928571428571429,,15,60,2025-11-10T10:55:00,1762752300000,36,741.3025305339169
2025-11-10T10:19:00,1762750140000,SENSEX,hybrid,0.8928571428571429,,15,60,2025-11-10T10:56:00,1762752360000,37,740.9295575350328
2025-11-10T10:19:00,1762750140000,SENSEX,hybrid,0.8928571428571429,,15,60,2025-11-10T10:57:00,1762752420000,38,741.0510364356791
2025-11-10T10:19:00,1762750140000,SENSEX,hybrid,0.8928571428571429,,15,60,2025-11-10T10:58:00,1762752480000,39,740.8716872862227
2025-11-10T10:19:00,1762750140000,SENSEX,hybrid,0.8928571428571429,,15,60,2025-11-10T10:59:00,1762752540000,40,739.1318505379645
2025-11-10T10:19:00,1762750140000,SENSEX,hybrid,0.8928571428571429,,15,60,2025-11-10T11:00:00,1762752600000,41,740.2270714015136
2025-11-10T10:19:00,1762750140000,SENSEX,hybrid,0.8928571428571429,,15,60,2025-11-10T11:01:00,1762752660000,42,738.4232733997586
2025-11-10T10:19:00,1762750140000,SENSEX,hybrid,0.8928571428571429,,15,60,2025-11-10T11:02:00,1762752720000,43,738.9565143188049
2025-11-10T10:19:00,1762750140000,SENSEX,hybrid,0.8928571428571429,,15,60,2025-11-10T11:03:00,1762752780000,44,740.2396540746861
2025-11-10T10:19:00,1762750140000,SENSEX,hybrid,0.8928571428571429,,15,60,2025-11-10T11:04:00,1762752840000,45,740.6947308256953
2025-11-10T10:19:00,1762750140000,SENSEX,hybrid,0.8928571428571429,,15,60,2025-11-10T11:05:00,1762752900000,46,739.7405396425784
2025-11-10T10:19:00,1762750140000,SENSEX,hybrid,0.8928571428571429,,15,60,2025-11-10T11:06:00,1762752960000,47,740.4271797711685
2025-11-10T10:19:00,1762750140000,SENSEX,hybrid,0.8928571428571429,,15,60,2025-11-10T11:07:00,1762753020000,48,740.8222504707295
2025-11-10T10:19:00,1762750140000,SENSEX,hybrid,0.8928571428571429,,15,60,2025-11-10T11:08:00,1762753080000,49,740.6626156761097
2025-11-10T10:19:00,1762750140000,SENSEX,hybrid,0.8928571428571429,,15,60,2025-11-10T11:09:00,1762753140000,50,740.3960018873122
2025-11-10T10:19:00,1762750140000,SENSEX,hybrid,0.8928571428571429,,15,60,2025-11-10T11:10:00,1762753200000,51,740.9166998593159
2025-11-10T10:19:00,1762750140000,SENSEX,hybrid,0.8928571428571429,,15,60,2025-11-10T11:11:00,1762753260000,52,740.8363427164588
2025-11-10T10:19:00,1762750140000,SENSEX,hybrid,0.8928571428571429,,15,60,2025-11-10T11:12:00,1762753320000,53,739.6407375392581
2025-11-10T10:19:00,1762750140000,SENSEX,hybrid,0.8928571428571429,,15,60,2025-11-10T11:13:00,1762753380000,54,739.6198351164439
2025-11-10T10:19:00,1762750140000,SENSEX,hybrid,0.8928571428571429,,15,60,2025-11-10T11:14:00,1762753440000,55,739.9707138563481
2025-11-10T10:19:00,1762750140000,SENSEX,hybrid,0.8928571428571429,,15,60,2025-11-10T11:15:00,1762753500000,56,739.8017245962562
2025-11-10T10:19:00,1762750140000,SENSEX,hybrid,0.8928571428571429,,15,60,2025-11-10T11:16:00,1762753560000,57,741.6276731555649
2025-11-10T10:19:00,1762750140000,SENSEX,hybrid,0.8928571428571429,,15,60,2025-11-10T11:17:00,1762753620000,58,740.8202879935344
2025-11-10T10:19:00,1762750140000,SENSEX,hybrid,0.8928571428571429,,15,60,2025-11-10T11:18:00,1762753680000,59,739.7976011397438
2025-11-10T10:19:00,1762750140000,SENSEX,hybrid,0.8928571428571429,,15,60,2025-11-10T11:19:00,1762753740000,60,739.8243031489562
2025-11-10T10:19:00,1762750140000,SENSEX,hybrid,0.8928571428571429,,15,60,2025-11-10T10:20:00,1762750200000,1,743.3
2025-11-10T10:19:00,1762750140000,SENSEX,hybrid,0.8928571428571429,,15,60,2025-11-10T10:21:00,1762750260000,2,744.3779452254938
2025-11-10T10:19:00,1762750140000,SENSEX,hybrid,0.8928571428571429,,15,60,2025-11-10T10:22:00,1762750320000,3,743.4952804779535
2025-11-10T10:19:00,1762750140000,SENSEX,hybrid,0.8928571428571429,,15,60,2025-11-10T10:23:00,1762750380000,4,741.1685482868977
2025-11-10T10:19:00,1762750140000,SENSEX,hybrid,0.8928571428571429,,15,60,2025-11-10T10:24:00,1762750440000,5,742.4663045835606
2025-11-10T10:19:00,1762750140000,SENSEX,hybrid,0.8928571428571429,,15,60,2025-11-10T10:25:00,1762750500000,6,742.4673023530395
2025-11-10T10:19:00,1762750140000,SENSEX,hybrid,0.8928571428571429,,15,60,2025-11-10T10:26:00,1762750560000,7,742.4298280047122
2025-11-10T10:19:00,1762750140000,SENSEX,hybrid,0.8928571428571429,,15,60,2025-11-10T10:27:00,1762750620000,8,744.4452965433751
2025-11-10T10:19:00,1762750140000,SENSEX,hybrid,0.8928571428571429,,15,60,2025-11-10T10:28:00,1762750680000,9,744.0677118466162
2025-11-10T10:19:00,1762750140000,SENSEX,hybrid,0.8928571428571429,,15,60,2025-11-10T10:29:00,1762750740000,10,743.1749058595268
2025-11-10T10:19:00,1762750140000,SENSEX,hybrid,0.8928571428571429,,15,60,2025-11-10T10:30:00,1762750800000,11,743.9723018313892
2025-11-10T10:19:00,1762750140000,SENSEX,hybrid,0.8928571428571429,,15,60,2025-11-10T10:31:00,1762750860000,12,742.5615613877967
2025-11-10T10:19:00,1762750140000,SENSEX,hybrid,0.8928571428571429,,15,60,2025-11-10T10:32:00,1762750920000,13,741.3577357153637
2025-11-10T10:19:00,1762750140000,SENSEX,hybrid,0.8928571428571429,,15,60,2025-11-10T10:33:00,1762750980000,14,741.6142355449116
2025-11-10T10:19:00,1762750140000,SENSEX,hybrid,0.8928571428571429,,15,60,2025-11-10T10:34:00,1762751040000,15,742.8029368259063
2025-11-10T10:19:00,1762750140000,SENSEX,hybrid,0.8928571428571429,,15,60,2025-11-10T10:35:00,1762751100000,16,740.6483784975111
2025-11-10T10:19:00,1762750140000,SENSEX,hybrid,0.8928571428571429,,15,60,2025-11-10T10:36:00,1762751160000,17,741.8897988598069
2025-11-10T10:19:00,1762750140000,SENSEX,hybrid,0.8928571428571429,,15,60,2025-11-10T10:37:00,1762751220000,18,741.4190505011436
2025-11-10T10:19:00,1762750140000,SENSEX,hybrid,0.8928571428571429,,15,60,2025-11-10T10:38:00,1762751280000,19,740.5008809909904
2025-11-10T10:19:00,1762750140000,SENSEX,hybrid,0.8928571428571429,,15,60,2025-11-10T10:39:00,1762751340000,20,740.8764832123409
2025-11-10T10:19:00,1762750140000,SENSEX,hybrid,0.8928571428571429,,15,60,2025-11-10T10:40:00,1762751400000,21,741.0579656506104
2025-11-10T10:19:00,1762750140000,SENSEX,hybrid,0.8928571428571429,,15,60,2025-11-10T10:41:00,1762751460000,22,740.7787540492885
2025-11-10T10:19:00,1762750140000,SENSEX,hybrid,0.8928571428571429,,15,60,2025-11-10T10:42:00,1762751520000,23,742.1387633291263
2025-11-10T10:19:00,1762750140000,SENSEX,hybrid,0.8928571428571429,,15,60,2025-11-10T10:43:00,1762751580000,24,740.8798377218369
2025-11-10T10:19:00,1762750140000,SENSEX,hybrid,0.8928571428571429,,15,60,2025-11-10T10:44:00,1762751640000,25,741.2133198227056
2025-11-10T10:19:00,1762750140000,SENSEX,hybrid,0.8928571428571429,,15,60,2025-11-10T10:45:00,1762751700000,26,743.1073802285881
2025-11-10T10:19:00,1762750140000,SENSEX,hybrid,0.8928571428571429,,15,60,2025-11-10T10:46:00,1762751760000,27,743.1489480053427
2025-11-10T10:19:00,1762750140000,SENSEX,hybrid,0.8928571428571429,,15,60,2025-11-10T10:47:00,1762751820000,28,741.9072564142191
2025-11-10T10:19:00,1762750140000,SENSEX,hybrid,0.8928571428571429,,15,60,2025-11-10T10:48:00,1762751880000,29,740.7086873777288
2025-11-10T10:19:00,1762750140000,SENSEX,hybrid,0.8928571428571429,,15,60,2025-11-10T10:49:00,1762751940000,30,740.9305999901701
2025-11-10T10:19:00,1762750140000,SENSEX,hybrid,0.8928571428571429,,15,60,2025-11-10T10:50:00,1762752000000,31,741.4966067736231
2025-11-10T10:19:00,1762750140000,SENSEX,hybrid,0.8928571428571429,,15,60,2025-11-10T10:51:00,1762752060000,32,740.4332150765491
2025-11-10T10:19:00,1762750140000,SENSEX,hybrid,0.8928571428571429,,15,60,2025-11-10T10:52:00,1762752120000,33,741.3654503184489
2025-11-10T10:19:00,1762750140000,SENSEX,hybrid,0.8928571428571429,,15,60,2025-11-10T10:53:00,1762752180000,34,739.6977565423227
2025-11-10T10:19:00,1762750140000,SENSEX,hybrid,0.8928571428571429,,15,60,2025-11-10T10:54:00,1762752240000,35,740.4995772680693
2025-11-10T10:19:00,1762750140000,SENSEX,hybrid,0.8928571428571429,,15,60,2025-11-10T10:55:00,1762752300000,36,741.3025305339169
2025-11-10T10:19:00,1762750140000,SENSEX,hybrid,0.8928571428571429,,15,60,2025-11-10T10:56:00,1762752360000,37,740.9295575350328
2025-11-10T10:19:00,1762750140000,SENSEX,hybrid,0.8928571428571429,,15,60,2025-11-10T10:57:00,1762752420000,38,741.0510364356791
2025-11-10T10:19:00,1762750140000,SENSEX,hybrid,0.8928571428571429,,15,60,2025-11-10T10:58:00,1762752480000,39,740.8716872862227
2025-11-10T10:19:00,1762750140000,SENSEX,hybrid,0.8928571428571429,,15,60,2025-11-10T10:59:00,1762752540000,40,739.1318505379645
2025-11-10T10:19:00,1762750140000,SENSEX,hybrid,0.8928571428571429,,15,60,2025-11-10T11:00:00,1762752600000,41,740.2270714015136
2025-11-10T10:19:00,1762750140000,SENSEX,hybrid,0.8928571428571429,,15,60,2025-11-10T11:01:00,1762752660000,42,738.4232733997586
2025-11-10T10:19:00,1762750140000,SENSEX,hybrid,0.8928571428571429,,15,60,2025-11-10T11:02:00,1762752720000,43,738.9565143188049
2025-11-10T10:19:00,1762750140000,SENSEX,hybrid,0.8928571428571429,,15,60,2025-11-10T11:03:00,1762752780000,44,740.2396540746861
2025-11-10T10:19:00,1762750140000,SENSEX,hybrid,0.8928571428571429,,15,60,2025-11-10T11:04:00,1762752840000,45,740.6947308256953
2025-11-10T10:19:00,1762750140000,SENSEX,hybrid,0.8928571428571429,,15,60,2025-11-10T11:05:00,1762752900000,46,739.7405396425784
2025-11-10T10:19:00,1762750140000,SENSEX,hybrid,0.8928571428571429,,15,60,2025-11-10T11:06:00,1762752960000,47,740.4271797711685
2025-11-10T10:19:00,1762750140000,SENSEX,hybrid,0.8928571428571429,,15,60,2025-11-10T11:07:00,1762753020000,48,740.8222504707295
2025-11-10T10:19:00,1762750140000,SENSEX,hybrid,0.8928571428571429,,15,60,2025-11-10T11:08:00,1762753080000,49,740.6626156761097
2025-11-10T10:19:00,1762750140000,SENSEX,hybrid,0.8928571428571429,,15,60,2025-11-10T11:09:00,1762753140000,50,740.3960018873122
2025-11-10T10:19:00,1762750140000,SENSEX,hybrid,0.8928571428571429,,15,60,2025-11-10T11:10:00,1762753200000,51,740.9166998593159
2025-11-10T10:19:00,1762750140000,SENSEX,hybrid,0.8928571428571429,,15,60,2025-11-10T11:11:00,1762753260000,52,740.8363427164588
2025-11-10T10:19:00,1762750140000,SENSEX,hybrid,0.8928571428571429,,15,60,2025-11-10T11:12:00,1762753320000,53,739.6407375392581
2025-11-10T10:19:00,1762750140000,SENSEX,hybrid,0.8928571428571429,,15,60,2025-11-10T11:13:00,1762753380000,54,739.6198351164439
2025-11-10T10:19:00,1762750140000,SENSEX,hybrid,0.8928571428571429,,15,60,2025-11-10T11:14:00,1762753440000,55,739.9707138563481
2025-11-10T10:19:00,1762750140000,SENSEX,hybrid,0.8928571428571429,,15,60,2025-11-10T11:15:00,1762753500000,56,739.8017245962562
2025-11-10T10:19:00,1762750140000,SENSEX,hybrid,0.8928571428571429,,15,60,2025-11-10T11:16:00,1762753560000,57,741.6276731555649
2025-11-10T10:19:00,1762750140000,SENSEX,hybrid,0.8928571428571429,,15,60,2025-11-10T11:17:00,1762753620000,58,740.8202879935344
2025-11-10T10:19:00,1762750140000,SENSEX,hybrid,0.8928571428571429,,15,60,2025-11-10T11:18:00,1762753680000,59,739.7976011397438
2025-11-10T10:19:00,1762750140000,SENSEX,hybrid,0.8928571428571429,,15,60,2025-11-10T11:19:00,1762753740000,60,739.8243031489562
2025-11-10T10:19:00,1762750140000,SENSEX,hybrid,0.8928571428571429,,15,60,2025-11-10T10:20:00,1762750200000,1,743.3
2025-11-10T10:19:00,1762750140000,SENSEX,hybrid,0.8928571428571429,,15,60,2025-11-10T10:21:00,1762750260000,2,744.3779452254938
2025-11-10T10:19:00,1762750140000,SENSEX,hybrid,0.8928571428571429,,15,60,2025-11-10T10:22:00,1762750320000,3,743.4952804779535
2025-11-10T10:19:00,1762750140000,SENSEX,hybrid,0.8928571428571429,,15,60,2025-11-10T10:23:00,1762750380000,4,741.1685482868977
2025-11-10T10:19:00,1762750140000,SENSEX,hybrid,0.8928571428571429,,15,60,2025-11-10T10:24:00,1762750440000,5,742.4663045835606
2025-11-10T10:19:00,1762750140000,SENSEX,hybrid,0.8928571428571429,,15,60,2025-11-10T10:25:00,1762750500000,6,742.4673023530395
2025-11-10T10:19:00,1762750140000,SENSEX,hybrid,0.8928571428571429,,15,60,2025-11-10T10:26:00,1762750560000,7,742.4298280047122
2025-11-10T10:19:00,1762750140000,SENSEX,hybrid,0.8928571428571429,,15,60,2025-11-10T10:27:00,1762750620000,8,744.4452965433751
2025-11-10T10:19:00,1762750140000,SENSEX,hybrid,0.8928571428571429,,15,60,2025-11-10T10:28:00,1762750680000,9,744.0677118466162
2025-11-10T10:19:00,1762750140000,SENSEX,hybrid,0.8928571428571429,,15,60,2025-11-10T10:29:00,1762750740000,10,743.1749058595268
2025-11-10T10:19:00,1762750140000,SENSEX,hybrid,0.8928571428571429,,15,60,2025-11-10T10:30:00,1762750800000,11,743.9723018313892
2025-11-10T10:19:00,1762750140000,SENSEX,hybrid,0.8928571428571429,,15,60,2025-11-10T10:31:00,1762750860000,12,742.5615613877967
2025-11-10T10:19:00,1762750140000,SENSEX,hybrid,0.8928571428571429,,15,60,2025-11-10T10:32:00,1762750920000,13,741.3577357153637
2025-11-10T10:19:00,1762750140000,SENSEX,hybrid,0.8928571428571429,,15,60,2025-11-10T10:33:00,1762750980000,14,741.6142355449116
2025-11-10T10:19:00,1762750140000,SENSEX,hybrid,0.8928571428571429,,15,60,2025-11-10T10:34:00,1762751040000,15,742.8029368259063
2025-11-10T10:19:00,1762750140000,SENSEX,hybrid,0.8928571428571429,,15,60,2025-11-10T10:35:00,1762751100000,16,740.6483784975111
2025-11-10T10:19:00,1762750140000,SENSEX,hybrid,0.8928571428571429,,15,60,2025-11-10T10:36:00,1762751160000,17,741.8897988598069
2025-11-10T10:19:00,1762750140000,SENSEX,hybrid,0.8928571428571429,,15,60,2025-11-10T10:37:00,1762751220000,18,741.4190505011436
2025-11-10T10:19:00,1762750140000,SENSEX,hybrid,0.8928571428571429,,15,60,2025-11-10T10:38:00,1762751280000,19,740.5008809909904
2025-11-10T10:19:00,1762750140000,SENSEX,hybrid,0.8928571428571429,,15,60,2025-11-10T10:39:00,1762751340000,20,740.8764832123409
2025-11-10T10:19:00,1762750140000,SENSEX,hybrid,0.8928571428571429,,15,60,2025-11-10T10:40:00,1762751400000,21,741.0579656506104
2025-11-10T10:19:00,1762750140000,SENSEX,hybrid,0.8928571428571429,,15,60,2025-11-10T10:41:00,1762751460000,22,740.7787540492885
2025-11-10T10:19:00,1762750140000,SENSEX,hybrid,0.8928571428571429,,15,60,2025-11-10T10:42:00,1762751520000,23,742.1387633291263
2025-11-10T10:19:00,1762750140000,SENSEX,hybrid,0.8928571428571429,,15,60,2025-11-10T10:43:00,1762751580000,24,740.8798377218369
2025-11-10T10:19:00,1762750140000,SENSEX,hybrid,0.8928571428571429,,15,60,2025-11-10T10:44:00,1762751640000,25,741.2133198227056
2025-11-10T10:19:00,1762750140000,SENSEX,hybrid,0.8928571428571429,,15,60,2025-11-10T10:45:00,1762751700000,26,743.1073802285881
2025-11-10T10:19:00,1762750140000,SENSEX,hybrid,0.8928571428571429,,15,60,2025-11-10T10:46:00,1762751760000,27,743.1489480053427
2025-11-10T10:19:00,1762750140000,SENSEX,hybrid,0.8928571428571429,,15,60,2025-11-10T10:47:00,1762751820000,28,741.9072564142191
2025-11-10T10:19:00,1762750140000,SENSEX,hybrid,0.8928571428571429,,15,60,2025-11-10T10:48:00,1762751880000,29,740.7086873777288
2025-11-10T10:19:00,1762750140000,SENSEX,hybrid,0.8928571428571429,,15,60,2025-11-10T10:49:00,1762751940000,30,740.9305999901701
2025-11-10T10:19:00,1762750140000,SENSEX,hybrid,0.8928571428571429,,15,60,2025-11-10T10:50:00,1762752000000,31,741.4966067736231
2025-11-10T10:19:00,1762750140000,SENSEX,hybrid,0.8928571428571429,,15,60,2025-11-10T10:51:00,1762752060000,32,740.4332150765491
2025-11-10T10:19:00,1762750140000,SENSEX,hybrid,0.8928571428571429,,15,60,2025-11-10T10:52:00,1762752120000,33,741.3654503184489
2025-11-10T10:19:00,1762750140000,SENSEX,hybrid,0.8928571428571429,,15,60,2025-11-10T10:53:00,1762752180000,34,739.6977565423227
2025-11-10T10:19:00,1762750140000,SENSEX,hybrid,0.8928571428571429,,15,60,2025-11-10T10:54:00,1762752240000,35,740.4995772680693
2025-11-10T10:19:00,1762750140000,SENSEX,hybrid,0.8928571428571429,,15,60,2025-11-10T10:55:00,1762752300000,36,741.3025305339169
2025-11-10T10:19:00,1762750140000,SENSEX,hybrid,0.8928571428571429,,15,60,2025-11-10T10:56:00,1762752360000,37,740.9295575350328
2025-11-10T10:19:00,1762750140000,SENSEX,hybrid,0.8928571428571429,,15,60,2025-11-10T10:57:00,1762752420000,38,741.0510364356791
2025-11-10T10:19:00,1762750140000,SENSEX,hybrid,0.8928571428571429,,15,60,2025-11-10T10:58:00,1762752480000,39,740.8716872862227
2025-11-10T10:19:00,1762750140000,SENSEX,hybrid,0.8928571428571429,,15,60,2025-11-10T10:59:00,1762752540000,40,739.1318505379645
2025-11-10T10:19:00,1762750140000,SENSEX,hybrid,0.8928571428571429,,15,60,2025-11-10T11:00:00,1762752600000,41,740.2270714015136
2025-11-10T10:19:00,1762750140000,SENSEX,hybrid,0.8928571428571429,,15,60,2025-11-10T11:01:00,1762752660000,42,738.4232733997586
2025-11-10T10:19:00,1762750140000,SENSEX,hybrid,0.8928571428571429,,15,60,2025-11-10T11:02:00,1762752720000,43,738.9565143188049
2025-11-10T10:19:00,1762750140000,SENSEX,hybrid,0.8928571428571429,,15,60,2025-11-10T11:03:00,1762752780000,44,740.2396540746861
2025-11-10T10:19:00,1762750140000,SENSEX,hybrid,0.8928571428571429,,15,60,2025-11-10T11:04:00,1762752840000,45,740.6947308256953
2025-11-10T10:19:00,1762750140000,SENSEX,hybrid,0.8928571428571429,,15,60,2025-11-10T11:05:00,1762752900000,46,739.7405396425784
2025-11-10T10:19:00,1762750140000,SENSEX,hybrid,0.8928571428571429,,15,60,2025-11-10T11:06:00,1762752960000,47,740.4271797711685
2025-11-10T10:19:00,1762750140000,SENSEX,hybrid,0.8928571428571429,,15,60,2025-11-10T11:07:00,1762753020000,48,740.8222504707295
2025-11-10T10:19:00,1762750140000,SENSEX,hybrid,0.8928571428571429,,15,60,2025-11-10T11:08:00,1762753080000,49,740.6626156761097
2025-11-10T10:19:00,1762750140000,SENSEX,hybrid,0.8928571428571429,,15,60,2025-11-10T11:09:00,1762753140000,50,740.3960018873122
2025-11-10T10:19:00,1762750140000,SENSEX,hybrid,0.8928571428571429,,15,60,2025-11-10T11:10:00,1762753200000,51,740.9166998593159
2025-11-10T10:19:00,1762750140000,SENSEX,hybrid,0.8928571428571429,,15,60,2025-11-10T11:11:00,1762753260000,52,740.8363427164588
2025-11-10T10:19:00,1762750140000,SENSEX,hybrid,0.8928571428571429,,15,60,2025-11-10T11:12:00,1762753320000,53,739.6407375392581
2025-11-10T10:19:00,1762750140000,SENSEX,hybrid,0.8928571428571429,,15,60,2025-11-10T11:13:00,1762753380000,54,739.6198351164439
2025-11-10T10:19:00,1762750140000,SENSEX,hybrid,0.8928571428571429,,15,60,2025-11-10T11:14:00,1762753440000,55,739.9707138563481
2025-11-10T10:19:00,1762750140000,SENSEX,hybrid,0.8928571428571429,,15,60,2025-11-10T11:15:00,1762753500000,56,739.8017245962562
2025-11-10T10:19:00,1762750140000,SENSEX,hybrid,0.8928571428571429,,15,60,2025-11-10T11:16:00,1762753560000,57,741.6276731555649
2025-11-10T10:19:00,1762750140000,SENSEX,hybrid,0.8928571428571429,,15,60,2025-11-10T11:17:00,1762753620000,58,740.8202879935344
2025-11-10T10:19:00,1762750140000,SENSEX,hybrid,0.8928571428571429,,15,60,2025-11-10T11:18:00,1762753680000,59,739.7976011397438
2025-11-10T10:19:00,1762750140000,SENSEX,hybrid,0.8928571428571429,,15,60,2025-11-10T11:19:00,1762753740000,60,739.8243031489562
2025-11-10T10:19:00,1762750140000,SENSEX,hybrid,0.8928571428571429,,15,60,2025-11-10T10:20:00,1762750200000,1,743.3
2025-11-10T10:19:00,1762750140000,SENSEX,hybrid,0.8928571428571429,,15,60,2025-11-10T10:21:00,1762750260000,2,744.3779452254938
2025-11-10T10:19:00,1762750140000,SENSEX,hybrid,0.8928571428571429,,15,60,2025-11-10T10:22:00,1762750320000,3,743.4952804779535
2025-11-10T10:19:00,1762750140000,SENSEX,hybrid,0.8928571428571429,,15,60,2025-11-10T10:23:00,1762750380000,4,741.1685482868977
2025-11-10T10:19:00,1762750140000,SENSEX,hybrid,0.8928571428571429,,15,60,2025-11-10T10:24:00,1762750440000,5,742.4663045835606
2025-11-10T10:19:00,1762750140000,SENSEX,hybrid,0.8928571428571429,,15,60,2025-11-10T10:25:00,1762750500000,6,742.4673023530395
2025-11-10T10:19:00,1762750140000,SENSEX,hybrid,0.8928571428571429,,15,60,2025-11-10T10:26:00,1762750560000,7,742.4298280047122
2025-11-10T10:19:00,1762750140000,SENSEX,hybrid,0.8928571428571429,,15,60,2025-11-10T10:27:00,1762750620000,8,744.4452965433751
2025-11-10T10:19:00,1762750140000,SENSEX,hybrid,0.8928571428571429,,15,60,2025-11-10T10:28:00,1762750680000,9,744.0677118466162
2025-11-10T10:19:00,1762750140000,SENSEX,hybrid,0.8928571428571429,,15,60,2025-11-10T10:29:00,1762750740000,10,743.1749058595268
2025-11-10T10:19:00,1762750140000,SENSEX,hybrid,0.8928571428571429,,15,60,2025-11-10T10:30:00,1762750800000,11,743.9723018313892
2025-11-10T10:19:00,1762750140000,SENSEX,hybrid,0.8928571428571429,,15,60,2025-11-10T10:31:00,1762750860000,12,742.5615613877967
2025-11-10T10:19:00,1762750140000,SENSEX,hybrid,0.8928571428571429,,15,60,2025-11-10T10:32:00,1762750920000,13,741.3577357153637
2025-11-10T10:19:00,1762750140000,SENSEX,hybrid,0.8928571428571429,,15,60,2025-11-10T10:33:00,1762750980000,14,741.6142355449116
2025-11-10T10:19:00,1762750140000,SENSEX,hybrid,0.8928571428571429,,15,60,2025-11-10T10:34:00,1762751040000,15,742.8029368259063
2025-11-10T10:19:00,1762750140000,SENSEX,hybrid,0.8928571428571429,,15,60,2025-11-10T10:35:00,1762751100000,16,740.6483784975111
2025-11-10T10:19:00,1762750140000,SENSEX,hybrid,0.8928571428571429,,15,60,2025-11-10T10:36:00,1762751160000,17,741.8897988598069
2025-11-10T10:19:00,1762750140000,SENSEX,hybrid,0.8928571428571429,,15,60,2025-11-10T10:37:00,1762751220000,18,741.4190505011436
2025-11-10T10:19:00,1762750140000,SENSEX,hybrid,0.8928571428571429,,15,60,2025-11-10T10:38:00,1762751280000,19,740.5008809909904
2025-11-10T10:19:00,1762750140000,SENSEX,hybrid,0.8928571428571429,,15,60,2025-11-10T10:39:00,1762751340000,20,740.8764832123409
2025-11-10T10:19:00,1762750140000,SENSEX,hybrid,0.8928571428571429,,15,60,2025-11-10T10:40:00,1762751400000,21,741.0579656506104
2025-11-10T10:19:00,1762750140000,SENSEX,hybrid,0.8928571428571429,,15,60,2025-11-10T10:41:00,1762751460000,22,740.7787540492885
2025-11-10T10:19:00,1762750140000,SENSEX,hybrid,0.8928571428571429,,15,60,2025-11-10T10:42:00,1762751520000,23,742.1387633291263
2025-11-10T10:19:00,1762750140000,SENSEX,hybrid,0.8928571428571429,,15,60,2025-11-10T10:43:00,1762751580000,24,740.8798377218369
2025-11-10T10:19:00,1762750140000,SENSEX,hybrid,0.8928571428571429,,15,60,2025-11-10T10:44:00,1762751640000,25,741.2133198227056
2025-11-10T10:19:00,1762750140000,SENSEX,hybrid,0.8928571428571429,,15,60,2025-11-10T10:45:00,1762751700000,26,743.1073802285881
2025-11-10T10:19:00,1762750140000,SENSEX,hybrid,0.8928571428571429,,15,60,2025-11-10T10:46:00,1762751760000,27,743.1489480053427
2025-11-10T10:19:00,1762750140000,SENSEX,hybrid,0.8928571428571429,,15,60,2025-11-10T10:47:00,1762751820000,28,741.9072564142191
2025-11-10T10:19:00,1762750140000,SENSEX,hybrid,0.8928571428571429,,15,60,2025-11-10T10:48:00,1762751880000,29,740.7086873777288
2025-11-10T10:19:00,1762750140000,SENSEX,hybrid,0.8928571428571429,,15,60,2025-11-10T10:49:00,1762751940000,30,740.9305999901701
2025-11-10T10:19:00,1762750140000,SENSEX,hybrid,0.8928571428571429,,15,60,2025-11-10T10:50:00,1762752000000,31,741.4966067736231
2025-11-10T10:19:00,1762750140000,SENSEX,hybrid,0.8928571428571429,,15,60,2025-11-10T10:51:00,1762752060000,32,740.4332150765491
2025-11-10T10:19:00,1762750140000,SENSEX,hybrid,0.8928571428571429,,15,60,2025-11-10T10:52:00,1762752120000,33,741.3654503184489
2025-11-10T10:19:00,1762750140000,SENSEX,hybrid,0.8928571428571429,,15,60,2025-11-10T10:53:00,1762752180000,34,739.6977565423227
2025-11-10T10:19:00,1762750140000,SENSEX,hybrid,0.8928571428571429,,15,60,2025-11-10T10:54:00,1762752240000,35,740.4995772680693
2025-11-10T10:19:00,1762750140000,SENSEX,hybrid,0.8928571428571429,,15,60,2025-11-10T10:55:00,1762752300000,36,741.3025305339169
2025-11-10T10:19:00,1762750140000,SENSEX,hybrid,0.8928571428571429,,15,60,2025-11-10T10:56:00,1762752360000,37,740.9295575350328
2025-11-10T10:19:00,1762750140000,SENSEX,hybrid,0.8928571428571429,,15,60,2025-11-10T10:57:00,1762752420000,38,741.0510364356791
2025-11-10T10:19:00,1762750140000,SENSEX,hybrid,0.8928571428571429,,15,60,2025-11-10T10:58:00,1762752480000,39,740.8716872862227
2025-11-10T10:19:00,1762750140000,SENSEX,hybrid,0.8928571428571429,,15,60,2025-11-10T10:59:00,1762752540000,40,739.1318505379645
2025-11-10T10:19:00,1762750140000,SENSEX,hybrid,0.8928571428571429,,15,60,2025-11-10T11:00:00,1762752600000,41,740.2270714015136
2025-11-10T10:19:00,1762750140000,SENSEX,hybrid,0.8928571428571429,,15,60,2025-11-10T11:01:00,1762752660000,42,738.4232733997586
2025-11-10T10:19:00,1762750140000,SENSEX,hybrid,0.8928571428571429,,15,60,2025-11-10T11:02:00,1762752720000,43,738.9565143188049
2025-11-10T10:19:00,1762750140000,SENSEX,hybrid,0.8928571428571429,,15,60,2025-11-10T11:03:00,1762752780000,44,740.2396540746861
2025-11-10T10:19:00,1762750140000,SENSEX,hybrid,0.8928571428571429,,15,60,2025-11-10T11:04:00,1762752840000,45,740.6947308256953
2025-11-10T10:19:00,1762750140000,SENSEX,hybrid,0.8928571428571429,,15,60,2025-11-10T11:05:00,1762752900000,46,739.7405396425784
2025-11-10T10:19:00,1762750140000,SENSEX,hybrid,0.8928571428571429,,15,60,2025-11-10T11:06:00,1762752960000,47,740.4271797711685
2025-11-10T10:19:00,1762750140000,SENSEX,hybrid,0.8928571428571429,,15,60,2025-11-10T11:07:00,1762753020000,48,740.8222504707295
2025-11-10T10:19:00,1762750140000,SENSEX,hybrid,0.8928571428571429,,15,60,2025-11-10T11:08:00,1762753080000,49,740.6626156761097
2025-11-10T10:19:00,1762750140000,SENSEX,hybrid,0.8928571428571429,,15,60,2025-11-10T11:09:00,1762753140000,50,740.3960018873122
2025-11-10T10:19:00,1762750140000,SENSEX,hybrid,0.8928571428571429,,15,60,2025-11-10T11:10:00,1762753200000,51,740.9166998593159
2025-11-10T10:19:00,1762750140000,SENSEX,hybrid,0.8928571428571429,,15,60,2025-11-10T11:11:00,1762753260000,52,740.8363427164588
2025-11-10T10:19:00,1762750140000,SENSEX,hybrid,0.8928571428571429,,15,60,2025-11-10T11:12:00,1762753320000,53,739.6407375392581
2025-11-10T10:19:00,1762750140000,SENSEX,hybrid,0.8928571428571429,,15,60,2025-11-10T11:13:00,1762753380000,54,739.6198351164439
2025-11-10T10:19:00,1762750140000,SENSEX,hybrid,0.8928571428571429,,15,60,2025-11-10T11:14:00,1762753440000,55,739.9707138563481
2025-11-10T10:19:00,1762750140000,SENSEX,hybrid,0.8928571428571429,,15,60,2025-11-10T11:15:00,1762753500000,56,739.8017245962562
2025-11-10T10:19:00,1762750140000,SENSEX,hybrid,0.8928571428571429,,15,60,2025-11-10T11:16:00,1762753560000,57,741.6276731555649
2025-11-10T10:19:00,1762750140000,SENSEX,hybrid,0.8928571428571429,,15,60,2025-11-10T11:17:00,1762753620000,58,740.8202879935344
2025-11-10T10:19:00,1762750140000,SENSEX,hybrid,0.8928571428571429,,15,60,2025-11-10T11:18:00,1762753680000,59,739.7976011397438
2025-11-10T10:19:00,1762750140000,SENSEX,hybrid,0.8928571428571429,,15,60,2025-11-10T11:19:00,1762753740000,60,739.8243031489562
2025-11-10T10:20:00,1762750200000,SENSEX,retrieval,,,20,180,2025-11-10T10:21:00,1762750260000,1,739.15
2025-11-10T10:20:00,1762750200000,SENSEX,retrieval,,,20,180,2025-11-10T10:22:00,1762750320000,2,739.15
2025-11-10T10:20:00,1762750200000,SENSEX,retrieval,,,20,180,2025-11-10T10:23:00,1762750380000,3,739.15
2025-11-10T10:20:00,1762750200000,SENSEX,retrieval,,,20,180,2025-11-10T10:24:00,1762750440000,4,739.15
2025-11-10T10:20:00,1762750200000,SENSEX,retrieval,,,20,180,2025-11-10T10:25:00,1762750500000,5,739.15
2025-11-10T10:20:00,1762750200000,SENSEX,retrieval,,,20,180,2025-11-10T10:26:00,1762750560000,6,739.15
2025-11-10T10:20:00,1762750200000,SENSEX,retrieval,,,20,180,2025-11-10T10:27:00,1762750620000,7,739.15
2025-11-10T10:20:00,1762750200000,SENSEX,retrieval,,,20,180,2025-11-10T10:28:00,1762750680000,8,739.15
2025-11-10T10:20:00,1762750200000,SENSEX,retrieval,,,20,180,2025-11-10T10:29:00,1762750740000,9,739.15
2025-11-10T10:20:00,1762750200000,SENSEX,retrieval,,,20,180,2025-11-10T10:30:00,1762750800000,10,739.15
2025-11-10T10:20:00,1762750200000,SENSEX,retrieval,,,20,180,2025-11-10T10:31:00,1762750860000,11,739.15
2025-11-10T10:20:00,1762750200000,SENSEX,retrieval,,,20,180,2025-11-10T10:32:00,1762750920000,12,739.15
2025-11-10T10:20:00,1762750200000,SENSEX,retrieval,,,20,180,2025-11-10T10:33:00,1762750980000,13,739.15
2025-11-10T10:20:00,1762750200000,SENSEX,retrieval,,,20,180,2025-11-10T10:34:00,1762751040000,14,739.15
2025-11-10T10:20:00,1762750200000,SENSEX,retrieval,,,20,180,2025-11-10T10:35:00,1762751100000,15,739.15
2025-11-10T10:20:00,1762750200000,SENSEX,retrieval,,,20,180,2025-11-10T10:36:00,1762751160000,16,739.15
2025-11-10T10:20:00,1762750200000,SENSEX,retrieval,,,20,180,2025-11-10T10:37:00,1762751220000,17,739.15
2025-11-10T10:20:00,1762750200000,SENSEX,retrieval,,,20,180,2025-11-10T10:38:00,1762751280000,18,739.15
2025-11-10T10:20:00,1762750200000,SENSEX,retrieval,,,20,180,2025-11-10T10:39:00,1762751340000,19,739.15
2025-11-10T10:20:00,1762750200000,SENSEX,retrieval,,,20,180,2025-11-10T10:40:00,1762751400000,20,739.15
2025-11-10T10:20:00,1762750200000,SENSEX,retrieval,,,20,180,2025-11-10T10:41:00,1762751460000,21,739.15
2025-11-10T10:20:00,1762750200000,SENSEX,retrieval,,,20,180,2025-11-10T10:42:00,1762751520000,22,739.15
2025-11-10T10:20:00,1762750200000,SENSEX,retrieval,,,20,180,2025-11-10T10:43:00,1762751580000,23,739.15
2025-11-10T10:20:00,1762750200000,SENSEX,retrieval,,,20,180,2025-11-10T10:44:00,1762751640000,24,739.15
2025-11-10T10:20:00,1762750200000,SENSEX,retrieval,,,20,180,2025-11-10T10:45:00,1762751700000,25,739.15
2025-11-10T10:20:00,1762750200000,SENSEX,retrieval,,,20,180,2025-11-10T10:46:00,1762751760000,26,739.15
2025-11-10T10:20:00,1762750200000,SENSEX,retrieval,,,20,180,2025-11-10T10:47:00,1762751820000,27,739.15
2025-11-10T10:20:00,1762750200000,SENSEX,retrieval,,,20,180,2025-11-10T10:48:00,1762751880000,28,739.15
2025-11-10T10:20:00,1762750200000,SENSEX,retrieval,,,20,180,2025-11-10T10:49:00,1762751940000,29,739.15
2025-11-10T10:20:00,1762750200000,SENSEX,retrieval,,,20,180,2025-11-10T10:50:00,1762752000000,30,739.15
2025-11-10T10:20:00,1762750200000,SENSEX,retrieval,,,20,180,2025-11-10T10:51:00,1762752060000,31,739.15
2025-11-10T10:20:00,1762750200000,SENSEX,retrieval,,,20,180,2025-11-10T10:52:00,1762752120000,32,739.15
2025-11-10T10:20:00,1762750200000,SENSEX,retrieval,,,20,180,2025-11-10T10:53:00,1762752180000,33,739.15
2025-11-10T10:20:00,1762750200000,SENSEX,retrieval,,,20,180,2025-11-10T10:54:00,1762752240000,34,739.15
2025-11-10T10:20:00,1762750200000,SENSEX,retrieval,,,20,180,2025-11-10T10:55:00,1762752300000,35,739.15
2025-11-10T10:20:00,1762750200000,SENSEX,retrieval,,,20,180,2025-11-10T10:56:00,1762752360000,36,739.15
2025-11-10T10:20:00,1762750200000,SENSEX,retrieval,,,20,180,2025-11-10T10:57:00,1762752420000,37,739.15
2025-11-10T10:20:00,1762750200000,SENSEX,retrieval,,,20,180,2025-11-10T10:58:00,1762752480000,38,739.15
2025-11-10T10:20:00,1762750200000,SENSEX,retrieval,,,20,180,2025-11-10T10:59:00,1762752540000,39,739.15
2025-11-10T10:20:00,1762750200000,SENSEX,retrieval,,,20,180,2025-11-10T11:00:00,1762752600000,40,739.15
2025-11-10T10:20:00,1762750200000,SENSEX,retrieval,,,20,180,2025-11-10T11:01:00,1762752660000,41,739.15
2025-11-10T10:20:00,1762750200000,SENSEX,retrieval,,,20,180,2025-11-10T11:02:00,1762752720000,42,739.15
2025-11-10T10:20:00,1762750200000,SENSEX,retrieval,,,20,180,2025-11-10T11:03:00,1762752780000,43,739.15
2025-11-10T10:20:00,1762750200000,SENSEX,retrieval,,,20,180,2025-11-10T11:04:00,1762752840000,44,739.15
2025-11-10T10:20:00,1762750200000,SENSEX,retrieval,,,20,180,2025-11-10T11:05:00,1762752900000,45,739.15
2025-11-10T10:20:00,1762750200000,SENSEX,retrieval,,,20,180,2025-11-10T11:06:00,1762752960000,46,739.15
2025-11-10T10:20:00,1762750200000,SENSEX,retrieval,,,20,180,2025-11-10T11:07:00,1762753020000,47,739.15
2025-11-10T10:20:00,1762750200000,SENSEX,retrieval,,,20,180,2025-11-10T11:08:00,1762753080000,48,739.15
2025-11-10T10:20:00,1762750200000,SENSEX,retrieval,,,20,180,2025-11-10T11:09:00,1762753140000,49,739.15
2025-11-10T10:20:00,1762750200000,SENSEX,retrieval,,,20,180,2025-11-10T11:10:00,1762753200000,50,739.15
2025-11-10T10:20:00,1762750200000,SENSEX,retrieval,,,20,180,2025-11-10T11:11:00,1762753260000,51,739.15
2025-11-10T10:20:00,1762750200000,SENSEX,retrieval,,,20,180,2025-11-10T11:12:00,1762753320000,52,739.15
2025-11-10T10:20:00,1762750200000,SENSEX,retrieval,,,20,180,2025-11-10T11:13:00,1762753380000,53,739.15
2025-11-10T10:20:00,1762750200000,SENSEX,retrieval,,,20,180,2025-11-10T11:14:00,1762753440000,54,739.15
2025-11-10T10:20:00,1762750200000,SENSEX,retrieval,,,20,180,2025-11-10T11:15:00,1762753500000,55,739.15
2025-11-10T10:20:00,1762750200000,SENSEX,retrieval,,,20,180,2025-11-10T11:16:00,1762753560000,56,739.15
2025-11-10T10:20:00,1762750200000,SENSEX,retrieval,,,20,180,2025-11-10T11:17:00,1762753620000,57,739.15
2025-11-10T10:20:00,1762750200000,SENSEX,retrieval,,,20,180,2025-11-10T11:18:00,1762753680000,58,739.15
2025-11-10T10:20:00,1762750200000,SENSEX,retrieval,,,20,180,2025-11-10T11:19:00,1762753740000,59,739.15
2025-11-10T10:20:00,1762750200000,SENSEX,retrieval,,,20,180,2025-11-10T11:20:00,1762753800000,60,739.15
2025-11-10T10:37:30,1762751250000,SENSEX,hybrid,0.8928571428571429,,15,60,2025-11-10T10:38:30,1762751310000,1,744.6
2025-11-10T10:37:30,1762751250000,SENSEX,hybrid,0.8928571428571429,,15,60,2025-11-10T10:39:30,1762751370000,2,744.4731702407831
2025-11-10T10:37:30,1762751250000,SENSEX,hybrid,0.8928571428571429,,15,60,2025-11-10T10:40:30,1762751430000,3,742.7114767595315
2025-11-10T10:37:30,1762751250000,SENSEX,hybrid,0.8928571428571429,,15,60,2025-11-10T10:41:30,1762751490000,4,742.9089750231714
2025-11-10T10:37:30,1762751250000,SENSEX,hybrid,0.8928571428571429,,15,60,2025-11-10T10:42:30,1762751550000,5,741.9687811497936
2025-11-10T10:37:30,1762751250000,SENSEX,hybrid,0.8928571428571429,,15,60,2025-11-10T10:43:30,1762751610000,6,741.5605245452765
2025-11-10T10:37:30,1762751250000,SENSEX,hybrid,0.8928571428571429,,15,60,2025-11-10T10:44:30,1762751670000,7,743.2435882131135
2025-11-10T10:37:30,1762751250000,SENSEX,hybrid,0.8928571428571429,,15,60,2025-11-10T10:45:30,1762751730000,8,744.900968839157
2025-11-10T10:37:30,1762751250000,SENSEX,hybrid,0.8928571428571429,,15,60,2025-11-10T10:46:30,1762751790000,9,742.9794282543494
2025-11-10T10:37:30,1762751250000,SENSEX,hybrid,0.8928571428571429,,15,60,2025-11-10T10:47:30,1762751850000,10,746.4126797517671
2025-11-10T10:37:30,1762751250000,SENSEX,hybrid,0.8928571428571429,,15,60,2025-11-10T10:48:30,1762751910000,11,745.7448273743537
2025-11-10T10:37:30,1762751250000,SENSEX,hybrid,0.8928571428571429,,15,60,2025-11-10T10:49:30,1762751970000,12,743.9343813892593
2025-11-10T10:37:30,1762751250000,SENSEX,hybrid,0.8928571428571429,,15,60,2025-11-10T10:50:30,1762752030000,13,743.0653285167764
2025-11-10T10:37:30,1762751250000,SENSEX,hybrid,0.8928571428571429,,15,60,2025-11-10T10:51:30,1762752090000,14,743.858339992211
2025-11-10T10:37:30,1762751250000,SENSEX,hybrid,0.8928571428571429,,15,60,2025-11-10T10:52:30,1762752150000,15,744.4038153900717
2025-11-10T10:37:30,1762751250000,SENSEX,hybrid,0.8928571428571429,,15,60,2025-11-10T10:53:30,1762752210000,16,743.014228335189
2025-11-10T10:37:30,1762751250000,SENSEX,hybrid,0.8928571428571429,,15,60,2025-11-10T10:54:30,1762752270000,17,742.3834766167695
2025-11-10T10:37:30,1762751250000,SENSEX,hybrid,0.8928571428571429,,15,60,2025-11-10T10:55:30,1762752330000,18,744.6502797391489
2025-11-10T10:37:30,1762751250000,SENSEX,hybrid,0.8928571428571429,,15,60,2025-11-10T10:56:30,1762752390000,19,743.7930623243946
2025-11-10T10:37:30,1762751250000,SENSEX,hybrid,0.8928571428571429,,15,60,2025-11-10T10:57:30,1762752450000,20,745.6367394866752
2025-11-10T10:37:30,1762751250000,SENSEX,hybrid,0.8928571428571429,,15,60,2025-11-10T10:58:30,1762752510000,21,744.4239391854481
2025-11-10T10:37:30,1762751250000,SENSEX,hybrid,0.8928571428571429,,15,60,2025-11-10T10:59:30,1762752570000,22,744.2511756270904
2025-11-10T10:37:30,1762751250000,SENSEX,hybrid,0.8928571428571429,,15,60,2025-11-10T11:00:30,1762752630000,23,743.7123836817418
2025-11-10T10:37:30,1762751250000,SENSEX,hybrid,0.8928571428571429,,15,60,2025-11-10T11:01:30,1762752690000,24,743.9195365145156
2025-11-10T10:37:30,1762751250000,SENSEX,hybrid,0.8928571428571429,,15,60,2025-11-10T11:02:30,1762752750000,25,743.1437024902544
2025-11-10T10:37:30,1762751250000,SENSEX,hybrid,0.8928571428571429,,15,60,2025-11-10T11:03:30,1762752810000,26,743.2721880053473
2025-11-10T10:37:30,1762751250000,SENSEX,hybrid,0.8928571428571429,,15,60,2025-11-10T11:04:30,1762752870000,27,745.4998831305678
2025-11-10T10:37:30,1762751250000,SENSEX,hybrid,0.8928571428571429,,15,60,2025-11-10T11:05:30,1762752930000,28,745.3839548398182
2025-11-10T10:37:30,1762751250000,SENSEX,hybrid,0.8928571428571429,,15,60,2025-11-10T11:06:30,1762752990000,29,743.3920381671905
2025-11-10T10:37:30,1762751250000,SENSEX,hybrid,0.8928571428571429,,15,60,2025-11-10T11:07:30,1762753050000,30,744.7115911648086
2025-11-10T10:37:30,1762751250000,SENSEX,hybrid,0.8928571428571429,,15,60,2025-11-10T11:08:30,1762753110000,31,743.3610599134478
2025-11-10T10:37:30,1762751250000,SENSEX,hybrid,0.8928571428571429,,15,60,2025-11-10T11:09:30,1762753170000,32,744.3346991783952
2025-11-10T10:37:30,1762751250000,SENSEX,hybrid,0.8928571428571429,,15,60,2025-11-10T11:10:30,1762753230000,33,742.829809283858
2025-11-10T10:37:30,1762751250000,SENSEX,hybrid,0.8928571428571429,,15,60,2025-11-10T11:11:30,1762753290000,34,741.2012378552865
2025-11-10T10:37:30,1762751250000,SENSEX,hybrid,0.8928571428571429,,15,60,2025-11-10T11:12:30,1762753350000,35,740.8482361601451
2025-11-10T10:37:30,1762751250000,SENSEX,hybrid,0.8928571428571429,,15,60,2025-11-10T11:13:30,1762753410000,36,740.9875218744309
2025-11-10T10:37:30,1762751250000,SENSEX,hybrid,0.8928571428571429,,15,60,2025-11-10T11:14:30,1762753470000,37,740.0834448209584
2025-11-10T10:37:30,1762751250000,SENSEX,hybrid,0.8928571428571429,,15,60,2025-11-10T11:15:30,1762753530000,38,740.8870162495299
2025-11-10T10:37:30,1762751250000,SENSEX,hybrid,0.8928571428571429,,15,60,2025-11-10T11:16:30,1762753590000,39,740.8101594376402
2025-11-10T10:37:30,1762751250000,SENSEX,hybrid,0.8928571428571429,,15,60,2025-11-10T11:17:30,1762753650000,40,739.3611794873499
2025-11-10T10:37:30,1762751250000,SENSEX,hybrid,0.8928571428571429,,15,60,2025-11-10T11:18:30,1762753710000,41,740.6641028576629
2025-11-10T10:37:30,1762751250000,SENSEX,hybrid,0.8928571428571429,,15,60,2025-11-10T11:19:30,1762753770000,42,740.2837457148057
2025-11-10T10:37:30,1762751250000,SENSEX,hybrid,0.8928571428571429,,15,60,2025-11-10T11:20:30,1762753830000,43,739.836460034288
2025-11-10T10:37:30,1762751250000,SENSEX,hybrid,0.8928571428571429,,15,60,2025-11-10T11:21:30,1762753890000,44,740.5155712147154
2025-11-10T10:37:30,1762751250000,SENSEX,hybrid,0.8928571428571429,,15,60,2025-11-10T11:22:30,1762753950000,45,740.1898200418584
2025-11-10T10:37:30,1762751250000,SENSEX,hybrid,0.8928571428571429,,15,60,2025-11-10T11:23:30,1762754010000,46,740.1527605748291
2025-11-10T10:37:30,1762751250000,SENSEX,hybrid,0.8928571428571429,,15,60,2025-11-10T11:24:30,1762754070000,47,740.988520101327
2025-11-10T10:37:30,1762751250000,SENSEX,hybrid,0.8928571428571429,,15,60,2025-11-10T11:25:30,1762754130000,48,740.3896221916425
2025-11-10T10:37:30,1762751250000,SENSEX,hybrid,0.8928571428571429,,15,60,2025-11-10T11:26:30,1762754190000,49,740.769481503636
2025-11-10T10:37:30,1762751250000,SENSEX,hybrid,0.8928571428571429,,15,60,2025-11-10T11:27:30,1762754250000,50,740.7499474647046
2025-11-10T10:37:30,1762751250000,SENSEX,hybrid,0.8928571428571429,,15,60,2025-11-10T11:28:30,1762754310000,51,741.378439517636
2025-11-10T10:37:30,1762751250000,SENSEX,hybrid,0.8928571428571429,,15,60,2025-11-10T11:29:30,1762754370000,52,741.623894857927
2025-11-10T10:37:30,1762751250000,SENSEX,hybrid,0.8928571428571429,,15,60,2025-11-10T11:30:30,1762754430000,53,742.0867007662574
2025-11-10T10:37:30,1762751250000,SENSEX,hybrid,0.8928571428571429,,15,60,2025-11-10T11:31:30,1762754490000,54,741.020577752264
2025-11-10T10:37:30,1762751250000,SENSEX,hybrid,0.8928571428571429,,15,60,2025-11-10T11:32:30,1762754550000,55,742.3070369095759
2025-11-10T10:37:30,1762751250000,SENSEX,hybrid,0.8928571428571429,,15,60,2025-11-10T11:33:30,1762754610000,56,741.1600137686902
2025-11-10T10:37:30,1762751250000,SENSEX,hybrid,0.8928571428571429,,15,60,2025-11-10T11:34:30,1762754670000,57,741.1022901315363
2025-11-10T10:37:30,1762751250000,SENSEX,hybrid,0.8928571428571429,,15,60,2025-11-10T11:35:30,1762754730000,58,740.7715330557888
2025-11-10T10:37:30,1762751250000,SENSEX,hybrid,0.8928571428571429,,15,60,2025-11-10T11:36:30,1762754790000,59,739.9613715037284
2025-11-10T10:37:30,1762751250000,SENSEX,hybrid,0.8928571428571429,,15,60,2025-11-10T11:37:30,1762754850000,60,739.651074283096
2025-11-10T10:37:30,1762751250000,SENSEX,hybrid,0.8928571428571429,,15,60,2025-11-10T10:38:30,1762751310000,1,744.6
2025-11-10T10:37:30,1762751250000,SENSEX,hybrid,0.8928571428571429,,15,60,2025-11-10T10:39:30,1762751370000,2,744.4731702407831
2025-11-10T10:37:30,1762751250000,SENSEX,hybrid,0.8928571428571429,,15,60,2025-11-10T10:40:30,1762751430000,3,742.7114767595315
2025-11-10T10:37:30,1762751250000,SENSEX,hybrid,0.8928571428571429,,15,60,2025-11-10T10:41:30,1762751490000,4,742.9089750231714
2025-11-10T10:37:30,1762751250000,SENSEX,hybrid,0.8928571428571429,,15,60,2025-11-10T10:42:30,1762751550000,5,741.9687811497936
2025-11-10T10:37:30,1762751250000,SENSEX,hybrid,0.8928571428571429,,15,60,2025-11-10T10:43:30,1762751610000,6,741.5605245452765
2025-11-10T10:37:30,1762751250000,SENSEX,hybrid,0.8928571428571429,,15,60,2025-11-10T10:44:30,1762751670000,7,743.2435882131135
2025-11-10T10:37:30,1762751250000,SENSEX,hybrid,0.8928571428571429,,15,60,2025-11-10T10:45:30,1762751730000,8,744.900968839157
2025-11-10T10:37:30,1762751250000,SENSEX,hybrid,0.8928571428571429,,15,60,2025-11-10T10:46:30,1762751790000,9,742.9794282543494
2025-11-10T10:37:30,1762751250000,SENSEX,hybrid,0.8928571428571429,,15,60,2025-11-10T10:47:30,1762751850000,10,746.4126797517671
2025-11-10T10:37:30,1762751250000,SENSEX,hybrid,0.8928571428571429,,15,60,2025-11-10T10:48:30,1762751910000,11,745.7448273743537
2025-11-10T10:37:30,1762751250000,SENSEX,hybrid,0.8928571428571429,,15,60,2025-11-10T10:49:30,1762751970000,12,743.9343813892593
2025-11-10T10:37:30,1762751250000,SENSEX,hybrid,0.8928571428571429,,15,60,2025-11-10T10:50:30,1762752030000,13,743.0653285167764
2025-11-10T10:37:30,1762751250000,SENSEX,hybrid,0.8928571428571429,,15,60,2025-11-10T10:51:30,1762752090000,14,743.858339992211
2025-11-10T10:37:30,1762751250000,SENSEX,hybrid,0.8928571428571429,,15,60,2025-11-10T10:52:30,1762752150000,15,744.4038153900717
2025-11-10T10:37:30,1762751250000,SENSEX,hybrid,0.8928571428571429,,15,60,2025-11-10T10:53:30,1762752210000,16,743.014228335189
2025-11-10T10:37:30,1762751250000,SENSEX,hybrid,0.8928571428571429,,15,60,2025-11-10T10:54:30,1762752270000,17,742.3834766167695
2025-11-10T10:37:30,1762751250000,SENSEX,hybrid,0.8928571428571429,,15,60,2025-11-10T10:55:30,1762752330000,18,744.6502797391489
2025-11-10T10:37:30,1762751250000,SENSEX,hybrid,0.8928571428571429,,15,60,2025-11-10T10:56:30,1762752390000,19,743.7930623243946
2025-11-10T10:37:30,1762751250000,SENSEX,hybrid,0.8928571428571429,,15,60,2025-11-10T10:57:30,1762752450000,20,745.6367394866752
2025-11-10T10:37:30,1762751250000,SENSEX,hybrid,0.8928571428571429,,15,60,2025-11-10T10:58:30,1762752510000,21,744.4239391854481
2025-11-10T10:37:30,1762751250000,SENSEX,hybrid,0.8928571428571429,,15,60,2025-11-10T10:59:30,1762752570000,22,744.2511756270904
2025-11-10T10:37:30,1762751250000,SENSEX,hybrid,0.8928571428571429,,15,60,2025-11-10T11:00:30,1762752630000,23,743.7123836817418
2025-11-10T10:37:30,1762751250000,SENSEX,hybrid,0.8928571428571429,,15,60,2025-11-10T11:01:30,1762752690000,24,743.9195365145156
2025-11-10T10:37:30,1762751250000,SENSEX,hybrid,0.8928571428571429,,15,60,2025-11-10T11:02:30,1762752750000,25,743.1437024902544
2025-11-10T10:37:30,1762751250000,SENSEX,hybrid,0.8928571428571429,,15,60,2025-11-10T11:03:30,1762752810000,26,743.2721880053473
2025-11-10T10:37:30,1762751250000,SENSEX,hybrid,0.8928571428571429,,15,60,2025-11-10T11:04:30,1762752870000,27,745.4998831305678
2025-11-10T10:37:30,1762751250000,SENSEX,hybrid,0.8928571428571429,,15,60,2025-11-10T11:05:30,1762752930000,28,745.3839548398182
2025-11-10T10:37:30,1762751250000,SENSEX,hybrid,0.8928571428571429,,15,60,2025-11-10T11:06:30,1762752990000,29,743.3920381671905
2025-11-10T10:37:30,1762751250000,SENSEX,hybrid,0.8928571428571429,,15,60,2025-11-10T11:07:30,1762753050000,30,744.7115911648086
2025-11-10T10:37:30,1762751250000,SENSEX,hybrid,0.8928571428571429,,15,60,2025-11-10T11:08:30,1762753110000,31,743.3610599134478
2025-11-10T10:37:30,1762751250000,SENSEX,hybrid,0.8928571428571429,,15,60,2025-11-10T11:09:30,1762753170000,32,744.3346991783952
2025-11-10T10:37:30,1762751250000,SENSEX,hybrid,0.8928571428571429,,15,60,2025-11-10T11:10:30,1762753230000,33,742.829809283858
2025-11-10T10:37:30,1762751250000,SENSEX,hybrid,0.8928571428571429,,15,60,2025-11-10T11:11:30,1762753290000,34,741.2012378552865
2025-11-10T10:37:30,1762751250000,SENSEX,hybrid,0.8928571428571429,,15,60,2025-11-10T11:12:30,1762753350000,35,740.8482361601451
2025-11-10T10:37:30,1762751250000,SENSEX,hybrid,0.8928571428571429,,15,60,2025-11-10T11:13:30,1762753410000,36,740.9875218744309
2025-11-10T10:37:30,1762751250000,SENSEX,hybrid,0.8928571428571429,,15,60,2025-11-10T11:14:30,1762753470000,37,740.0834448209584
2025-11-10T10:37:30,1762751250000,SENSEX,hybrid,0.8928571428571429,,15,60,2025-11-10T11:15:30,1762753530000,38,740.8870162495299
2025-11-10T10:37:30,1762751250000,SENSEX,hybrid,0.8928571428571429,,15,60,2025-11-10T11:16:30,1762753590000,39,740.8101594376402
2025-11-10T10:37:30,1762751250000,SENSEX,hybrid,0.8928571428571429,,15,60,2025-11-10T11:17:30,1762753650000,40,739.3611794873499
2025-11-10T10:37:30,1762751250000,SENSEX,hybrid,0.8928571428571429,,15,60,2025-11-10T11:18:30,1762753710000,41,740.6641028576629
2025-11-10T10:37:30,1762751250000,SENSEX,hybrid,0.8928571428571429,,15,60,2025-11-10T11:19:30,1762753770000,42,740.2837457148057
2025-11-10T10:37:30,1762751250000,SENSEX,hybrid,0.8928571428571429,,15,60,2025-11-10T11:20:30,1762753830000,43,739.836460034288
2025-11-10T10:37:30,1762751250000,SENSEX,hybrid,0.8928571428571429,,15,60,2025-11-10T11:21:30,1762753890000,44,740.5155712147154
2025-11-10T10:37:30,1762751250000,SENSEX,hybrid,0.8928571428571429,,15,60,2025-11-10T11:22:30,1762753950000,45,740.1898200418584
2025-11-10T10:37:30,1762751250000,SENSEX,hybrid,0.8928571428571429,,15,60,2025-11-10T11:23:30,1762754010000,46,740.1527605748291
2025-11-10T10:37:30,1762751250000,SENSEX,hybrid,0.8928571428571429,,15,60,2025-11-10T11:24:30,1762754070000,47,740.988520101327
2025-11-10T10:37:30,1762751250000,SENSEX,hybrid,0.8928571428571429,,15,60,2025-11-10T11:25:30,1762754130000,48,740.3896221916425
2025-11-10T10:37:30,1762751250000,SENSEX,hybrid,0.8928571428571429,,15,60,2025-11-10T11:26:30,1762754190000,49,740.769481503636
2025-11-10T10:37:30,1762751250000,SENSEX,hybrid,0.8928571428571429,,15,60,2025-11-10T11:27:30,1762754250000,50,740.7499474647046
2025-11-10T10:37:30,1762751250000,SENSEX,hybrid,0.8928571428571429,,15,60,2025-11-10T11:28:30,1762754310000,51,741.378439517636
2025-11-10T10:37:30,1762751250000,SENSEX,hybrid,0.8928571428571429,,15,60,2025-11-10T11:29:30,1762754370000,52,741.623894857927
2025-11-10T10:37:30,1762751250000,SENSEX,hybrid,0.8928571428571429,,15,60,2025-11-10T11:30:30,1762754430000,53,742.0867007662574
2025-11-10T10:37:30,1762751250000,SENSEX,hybrid,0.8928571428571429,,15,60,2025-11-10T11:31:30,1762754490000,54,741.020577752264
2025-11-10T10:37:30,1762751250000,SENSEX,hybrid,0.8928571428571429,,15,60,2025-11-10T11:32:30,1762754550000,55,742.3070369095759
2025-11-10T10:37:30,1762751250000,SENSEX,hybrid,0.8928571428571429,,15,60,2025-11-10T11:33:30,1762754610000,56,741.1600137686902
2025-11-10T10:37:30,1762751250000,SENSEX,hybrid,0.8928571428571429,,15,60,2025-11-10T11:34:30,1762754670000,57,741.1022901315363
2025-11-10T10:37:30,1762751250000,SENSEX,hybrid,0.8928571428571429,,15,60,2025-11-10T11:35:30,1762754730000,58,740.7715330557888
2025-11-10T10:37:30,1762751250000,SENSEX,hybrid,0.8928571428571429,,15,60,2025-11-10T11:36:30,1762754790000,59,739.9613715037284
2025-11-10T10:37:30,1762751250000,SENSEX,hybrid,0.8928571428571429,,15,60,2025-11-10T11:37:30,1762754850000,60,739.651074283096
2025-11-10T10:37:30,1762751250000,SENSEX,hybrid,0.8928571428571429,,15,60,2025-11-10T10:38:30,1762751310000,1,744.6
2025-11-10T10:37:30,1762751250000,SENSEX,hybrid,0.8928571428571429,,15,60,2025-11-10T10:39:30,1762751370000,2,744.4731702407831
2025-11-10T10:37:30,1762751250000,SENSEX,hybrid,0.8928571428571429,,15,60,2025-11-10T10:40:30,1762751430000,3,742.7114767595315
2025-11-10T10:37:30,1762751250000,SENSEX,hybrid,0.8928571428571429,,15,60,2025-11-10T10:41:30,1762751490000,4,742.9089750231714
2025-11-10T10:37:30,1762751250000,SENSEX,hybrid,0.8928571428571429,,15,60,2025-11-10T10:42:30,1762751550000,5,741.9687811497936
2025-11-10T10:37:30,1762751250000,SENSEX,hybrid,0.8928571428571429,,15,60,2025-11-10T10:43:30,1762751610000,6,741.5605245452765
2025-11-10T10:37:30,1762751250000,SENSEX,hybrid,0.8928571428571429,,15,60,2025-11-10T10:44:30,1762751670000,7,743.2435882131135
2025-11-10T10:37:30,1762751250000,SENSEX,hybrid,0.8928571428571429,,15,60,2025-11-10T10:45:30,1762751730000,8,744.900968839157
2025-11-10T10:37:30,1762751250000,SENSEX,hybrid,0.8928571428571429,,15,60,2025-11-10T10:46:30,1762751790000,9,742.9794282543494
2025-11-10T10:37:30,1762751250000,SENSEX,hybrid,0.8928571428571429,,15,60,2025-11-10T10:47:30,1762751850000,10,746.4126797517671
2025-11-10T10:37:30,1762751250000,SENSEX,hybrid,0.8928571428571429,,15,60,2025-11-10T10:48:30,1762751910000,11,745.7448273743537
2025-11-10T10:37:30,1762751250000,SENSEX,hybrid,0.8928571428571429,,15,60,2025-11-10T10:49:30,1762751970000,12,743.9343813892593
2025-11-10T10:37:30,1762751250000,SENSEX,hybrid,0.8928571428571429,,15,60,2025-11-10T10:50:30,1762752030000,13,743.0653285167764
2025-11-10T10:37:30,1762751250000,SENSEX,hybrid,0.8928571428571429,,15,60,2025-11-10T10:51:30,1762752090000,14,743.858339992211
2025-11-10T10:37:30,1762751250000,SENSEX,hybrid,0.8928571428571429,,15,60,2025-11-10T10:52:30,1762752150000,15,744.4038153900717
2025-11-10T10:37:30,1762751250000,SENSEX,hybrid,0.8928571428571429,,15,60,2025-11-10T10:53:30,1762752210000,16,743.014228335189
2025-11-10T10:37:30,1762751250000,SENSEX,hybrid,0.8928571428571429,,15,60,2025-11-10T10:54:30,1762752270000,17,742.3834766167695
2025-11-10T10:37:30,1762751250000,SENSEX,hybrid,0.8928571428571429,,15,60,2025-11-10T10:55:30,1762752330000,18,744.6502797391489
2025-11-10T10:37:30,1762751250000,SENSEX,hybrid,0.8928571428571429,,15,60,2025-11-10T10:56:30,1762752390000,19,743.7930623243946
2025-11-10T10:37:30,1762751250000,SENSEX,hybrid,0.8928571428571429,,15,60,2025-11-10T10:57:30,1762752450000,20,745.6367394866752
2025-11-10T10:37:30,1762751250000,SENSEX,hybrid,0.8928571428571429,,15,60,2025-11-10T10:58:30,1762752510000,21,744.4239391854481
2025-11-10T10:37:30,1762751250000,SENSEX,hybrid,0.8928571428571429,,15,60,2025-11-10T10:59:30,1762752570000,22,744.2511756270904
2025-11-10T10:37:30,1762751250000,SENSEX,hybrid,0.8928571428571429,,15,60,2025-11-10T11:00:30,1762752630000,23,743.7123836817418
2025-11-10T10:37:30,1762751250000,SENSEX,hybrid,0.8928571428571429,,15,60,2025-11-10T11:01:30,1762752690000,24,743.9195365145156
2025-11-10T10:37:30,1762751250000,SENSEX,hybrid,0.8928571428571429,,15,60,2025-11-10T11:02:30,1762752750000,25,743.1437024902544
2025-11-10T10:37:30,1762751250000,SENSEX,hybrid,0.8928571428571429,,15,60,2025-11-10T11:03:30,1762752810000,26,743.2721880053473
2025-11-10T10:37:30,1762751250000,SENSEX,hybrid,0.8928571428571429,,15,60,2025-11-10T11:04:30,1762752870000,27,745.4998831305678
2025-11-10T10:37:30,1762751250000,SENSEX,hybrid,0.8928571428571429,,15,60,2025-11-10T11:05:30,1762752930000,28,745.3839548398182
2025-11-10T10:37:30,1762751250000,SENSEX,hybrid,0.8928571428571429,,15,60,2025-11-10T11:06:30,1762752990000,29,743.3920381671905
2025-11-10T10:37:30,1762751250000,SENSEX,hybrid,0.8928571428571429,,15,60,2025-11-10T11:07:30,1762753050000,30,744.7115911648086
2025-11-10T10:37:30,1762751250000,SENSEX,hybrid,0.8928571428571429,,15,60,2025-11-10T11:08:30,1762753110000,31,743.3610599134478
2025-11-10T10:37:30,1762751250000,SENSEX,hybrid,0.8928571428571429,,15,60,2025-11-10T11:09:30,1762753170000,32,744.3346991783952
2025-11-10T10:37:30,1762751250000,SENSEX,hybrid,0.8928571428571429,,15,60,2025-11-10T11:10:30,1762753230000,33,742.829809283858
2025-11-10T10:37:30,1762751250000,SENSEX,hybrid,0.8928571428571429,,15,60,2025-11-10T11:11:30,1762753290000,34,741.2012378552865
2025-11-10T10:37:30,1762751250000,SENSEX,hybrid,0.8928571428571429,,15,60,2025-11-10T11:12:30,1762753350000,35,740.8482361601451
2025-11-10T10:37:30,1762751250000,SENSEX,hybrid,0.8928571428571429,,15,60,2025-11-10T11:13:30,1762753410000,36,740.9875218744309
2025-11-10T10:37:30,1762751250000,SENSEX,hybrid,0.8928571428571429,,15,60,2025-11-10T11:14:30,1762753470000,37,740.0834448209584
2025-11-10T10:37:30,1762751250000,SENSEX,hybrid,0.8928571428571429,,15,60,2025-11-10T11:15:30,1762753530000,38,740.8870162495299
2025-11-10T10:37:30,1762751250000,SENSEX,hybrid,0.8928571428571429,,15,60,2025-11-10T11:16:30,1762753590000,39,740.8101594376402
2025-11-10T10:37:30,1762751250000,SENSEX,hybrid,0.8928571428571429,,15,60,2025-11-10T11:17:30,1762753650000,40,739.3611794873499
2025-11-10T10:37:30,1762751250000,SENSEX,hybrid,0.8928571428571429,,15,60,2025-11-10T11:18:30,1762753710000,41,740.6641028576629
2025-11-10T10:37:30,1762751250000,SENSEX,hybrid,0.8928571428571429,,15,60,2025-11-10T11:19:30,1762753770000,42,740.2837457148057
2025-11-10T10:37:30,1762751250000,SENSEX,hybrid,0.8928571428571429,,15,60,2025-11-10T11:20:30,1762753830000,43,739.836460034288
2025-11-10T10:37:30,1762751250000,SENSEX,hybrid,0.8928571428571429,,15,60,2025-11-10T11:21:30,1762753890000,44,740.5155712147154
2025-11-10T10:37:30,1762751250000,SENSEX,hybrid,0.8928571428571429,,15,60,2025-11-10T11:22:30,1762753950000,45,740.1898200418584
2025-11-10T10:37:30,1762751250000,SENSEX,hybrid,0.8928571428571429,,15,60,2025-11-10T11:23:30,1762754010000,46,740.1527605748291
2025-11-10T10:37:30,1762751250000,SENSEX,hybrid,0.8928571428571429,,15,60,2025-11-10T11:24:30,1762754070000,47,740.988520101327
2025-11-10T10:37:30,1762751250000,SENSEX,hybrid,0.8928571428571429,,15,60,2025-11-10T11:25:30,1762754130000,48,740.3896221916425
2025-11-10T10:37:30,1762751250000,SENSEX,hybrid,0.8928571428571429,,15,60,2025-11-10T11:26:30,1762754190000,49,740.769481503636
2025-11-10T10:37:30,1762751250000,SENSEX,hybrid,0.8928571428571429,,15,60,2025-11-10T11:27:30,1762754250000,50,740.7499474647046
2025-11-10T10:37:30,1762751250000,SENSEX,hybrid,0.8928571428571429,,15,60,2025-11-10T11:28:30,1762754310000,51,741.378439517636
2025-11-10T10:37:30,1762751250000,SENSEX,hybrid,0.8928571428571429,,15,60,2025-11-10T11:29:30,1762754370000,52,741.623894857927
2025-11-10T10:37:30,1762751250000,SENSEX,hybrid,0.8928571428571429,,15,60,2025-11-10T11:30:30,1762754430000,53,742.0867007662574
2025-11-10T10:37:30,1762751250000,SENSEX,hybrid,0.8928571428571429,,15,60,2025-11-10T11:31:30,1762754490000,54,741.020577752264
2025-11-10T10:37:30,1762751250000,SENSEX,hybrid,0.8928571428571429,,15,60,2025-11-10T11:32:30,1762754550000,55,742.3070369095759
2025-11-10T10:37:30,1762751250000,SENSEX,hybrid,0.8928571428571429,,15,60,2025-11-10T11:33:30,1762754610000,56,741.1600137686902
2025-11-10T10:37:30,1762751250000,SENSEX,hybrid,0.8928571428571429,,15,60,2025-11-10T11:34:30,1762754670000,57,741.1022901315363
2025-11-10T10:37:30,1762751250000,SENSEX,hybrid,0.8928571428571429,,15,60,2025-11-10T11:35:30,1762754730000,58,740.7715330557888
2025-11-10T10:37:30,1762751250000,SENSEX,hybrid,0.8928571428571429,,15,60,2025-11-10T11:36:30,1762754790000,59,739.9613715037284
2025-11-10T10:37:30,1762751250000,SENSEX,hybrid,0.8928571428571429,,15,60,2025-11-10T11:37:30,1762754850000,60,739.651074283096
2025-11-10T10:37:30,1762751250000,SENSEX,hybrid,0.8928571428571429,,15,60,2025-11-10T10:38:30,1762751310000,1,744.6
2025-11-10T10:37:30,1762751250000,SENSEX,hybrid,0.8928571428571429,,15,60,2025-11-10T10:39:30,1762751370000,2,744.4731702407831
2025-11-10T10:37:30,1762751250000,SENSEX,hybrid,0.8928571428571429,,15,60,2025-11-10T10:40:30,1762751430000,3,742.7114767595315
2025-11-10T10:37:30,1762751250000,SENSEX,hybrid,0.8928571428571429,,15,60,2025-11-10T10:41:30,1762751490000,4,742.9089750231714
2025-11-10T10:37:30,1762751250000,SENSEX,hybrid,0.8928571428571429,,15,60,2025-11-10T10:42:30,1762751550000,5,741.9687811497936
2025-11-10T10:37:30,1762751250000,SENSEX,hybrid,0.8928571428571429,,15,60,2025-11-10T10:43:30,1762751610000,6,741.5605245452765
2025-11-10T10:37:30,1762751250000,SENSEX,hybrid,0.8928571428571429,,15,60,2025-11-10T10:44:30,1762751670000,7,743.2435882131135
2025-11-10T10:37:30,1762751250000,SENSEX,hybrid,0.8928571428571429,,15,60,2025-11-10T10:45:30,1762751730000,8,744.900968839157
2025-11-10T10:37:30,1762751250000,SENSEX,hybrid,0.8928571428571429,,15,60,2025-11-10T10:46:30,1762751790000,9,742.9794282543494
2025-11-10T10:37:30,1762751250000,SENSEX,hybrid,0.8928571428571429,,15,60,2025-11-10T10:47:30,1762751850000,10,746.4126797517671
2025-11-10T10:37:30,1762751250000,SENSEX,hybrid,0.8928571428571429,,15,60,2025-11-10T10:48:30,1762751910000,11,745.7448273743537
2025-11-10T10:37:30,1762751250000,SENSEX,hybrid,0.8928571428571429,,15,60,2025-11-10T10:49:30,1762751970000,12,743.9343813892593
2025-11-10T10:37:30,1762751250000,SENSEX,hybrid,0.8928571428571429,,15,60,2025-11-10T10:50:30,1762752030000,13,743.0653285167764
2025-11-10T10:37:30,1762751250000,SENSEX,hybrid,0.8928571428571429,,15,60,2025-11-10T10:51:30,1762752090000,14,743.858339992211
2025-11-10T10:37:30,1762751250000,SENSEX,hybrid,0.8928571428571429,,15,60,2025-11-10T10:52:30,1762752150000,15,744.4038153900717
2025-11-10T10:37:30,1762751250000,SENSEX,hybrid,0.8928571428571429,,15,60,2025-11-10T10:53:30,1762752210000,16,743.014228335189
2025-11-10T10:37:30,1762751250000,SENSEX,hybrid,0.8928571428571429,,15,60,2025-11-10T10:54:30,1762752270000,17,742.3834766167695
2025-11-10T10:37:30,1762751250000,SENSEX,hybrid,0.8928571428571429,,15,60,2025-11-10T10:55:30,1762752330000,18,744.6502797391489
2025-11-10T10:37:30,1762751250000,SENSEX,hybrid,0.8928571428571429,,15,60,2025-11-10T10:56:30,1762752390000,19,743.7930623243946
2025-11-10T10:37:30,1762751250000,SENSEX,hybrid,0.8928571428571429,,15,60,2025-11-10T10:57:30,1762752450000,20,745.6367394866752
2025-11-10T10:37:30,1762751250000,SENSEX,hybrid,0.8928571428571429,,15,60,2025-11-10T10:58:30,1762752510000,21,744.4239391854481
2025-11-10T10:37:30,1762751250000,SENSEX,hybrid,0.8928571428571429,,15,60,2025-11-10T10:59:30,1762752570000,22,744.2511756270904
2025-11-10T10:37:30,1762751250000,SENSEX,hybrid,0.8928571428571429,,15,60,2025-11-10T11:00:30,1762752630000,23,743.7123836817418
2025-11-10T10:37:30,1762751250000,SENSEX,hybrid,0.8928571428571429,,15,60,2025-11-10T11:01:30,1762752690000,24,743.9195365145156
2025-11-10T10:37:30,1762751250000,SENSEX,hybrid,0.8928571428571429,,15,60,2025-11-10T11:02:30,1762752750000,25,743.1437024902544
2025-11-10T10:37:30,1762751250000,SENSEX,hybrid,0.8928571428571429,,15,60,2025-11-10T11:03:30,1762752810000,26,743.2721880053473
2025-11-10T10:37:30,1762751250000,SENSEX,hybrid,0.8928571428571429,,15,60,2025-11-10T11:04:30,1762752870000,27,745.4998831305678
2025-11-10T10:37:30,1762751250000,SENSEX,hybrid,0.8928571428571429,,15,60,2025-11-10T11:05:30,1762752930000,28,745.3839548398182
2025-11-10T10:37:30,1762751250000,SENSEX,hybrid,0.8928571428571429,,15,60,2025-11-10T11:06:30,1762752990000,29,743.3920381671905
2025-11-10T10:37:30,1762751250000,SENSEX,hybrid,0.8928571428571429,,15,60,2025-11-10T11:07:30,1762753050000,30,744.7115911648086
2025-11-10T10:37:30,1762751250000,SENSEX,hybrid,0.8928571428571429,,15,60,2025-11-10T11:08:30,1762753110000,31,743.3610599134478
2025-11-10T10:37:30,1762751250000,SENSEX,hybrid,0.8928571428571429,,15,60,2025-11-10T11:09:30,1762753170000,32,744.3346991783952
2025-11-10T10:37:30,1762751250000,SENSEX,hybrid,0.8928571428571429,,15,60,2025-11-10T11:10:30,1762753230000,33,742.829809283858
2025-11-10T10:37:30,1762751250000,SENSEX,hybrid,0.8928571428571429,,15,60,2025-11-10T11:11:30,1762753290000,34,741.2012378552865
2025-11-10T10:37:30,1762751250000,SENSEX,hybrid,0.8928571428571429,,15,60,2025-11-10T11:12:30,1762753350000,35,740.8482361601451
2025-11-10T10:37:30,1762751250000,SENSEX,hybrid,0.8928571428571429,,15,60,2025-11-10T11:13:30,1762753410000,36,740.9875218744309
2025-11-10T10:37:30,1762751250000,SENSEX,hybrid,0.8928571428571429,,15,60,2025-11-10T11:14:30,1762753470000,37,740.0834448209584
2025-11-10T10:37:30,1762751250000,SENSEX,hybrid,0.8928571428571429,,15,60,2025-11-10T11:15:30,1762753530000,38,740.8870162495299
2025-11-10T10:37:30,1762751250000,SENSEX,hybrid,0.8928571428571429,,15,60,2025-11-10T11:16:30,1762753590000,39,740.8101594376402
2025-11-10T10:37:30,1762751250000,SENSEX,hybrid,0.8928571428571429,,15,60,2025-11-10T11:17:30,1762753650000,40,739.3611794873499
2025-11-10T10:37:30,1762751250000,SENSEX,hybrid,0.8928571428571429,,15,60,2025-11-10T11:18:30,1762753710000,41,740.6641028576629
2025-11-10T10:37:30,1762751250000,SENSEX,hybrid,0.8928571428571429,,15,60,2025-11-10T11:19:30,1762753770000,42,740.2837457148057
2025-11-10T10:37:30,1762751250000,SENSEX,hybrid,0.8928571428571429,,15,60,2025-11-10T11:20:30,1762753830000,43,739.836460034288
2025-11-10T10:37:30,1762751250000,SENSEX,hybrid,0.8928571428571429,,15,60,2025-11-10T11:21:30,1762753890000,44,740.5155712147154
2025-11-10T10:37:30,1762751250000,SENSEX,hybrid,0.8928571428571429,,15,60,2025-11-10T11:22:30,1762753950000,45,740.1898200418584
2025-11-10T10:37:30,1762751250000,SENSEX,hybrid,0.8928571428571429,,15,60,2025-11-10T11:23:30,1762754010000,46,740.1527605748291
2025-11-10T10:37:30,1762751250000,SENSEX,hybrid,0.8928571428571429,,15,60,2025-11-10T11:24:30,1762754070000,47,740.988520101327
2025-11-10T10:37:30,1762751250000,SENSEX,hybrid,0.8928571428571429,,15,60,2025-11-10T11:25:30,1762754130000,48,740.3896221916425
2025-11-10T10:37:30,1762751250000,SENSEX,hybrid,0.8928571428571429,,15,60,2025-11-10T11:26:30,1762754190000,49,740.769481503636
2025-11-10T10:37:30,1762751250000,SENSEX,hybrid,0.8928571428571429,,15,60,2025-11-10T11:27:30,1762754250000,50,740.7499474647046
2025-11-10T10:37:30,1762751250000,SENSEX,hybrid,0.8928571428571429,,15,60,2025-11-10T11:28:30,1762754310000,51,741.378439517636
2025-11-10T10:37:30,1762751250000,SENSEX,hybrid,0.8928571428571429,,15,60,2025-11-10T11:29:30,1762754370000,52,741.623894857927
2025-11-10T10:37:30,1762751250000,SENSEX,hybrid,0.8928571428571429,,15,60,2025-11-10T11:30:30,1762754430000,53,742.0867007662574
2025-11-10T10:37:30,1762751250000,SENSEX,hybrid,0.8928571428571429,,15,60,2025-11-10T11:31:30,1762754490000,54,741.020577752264
2025-11-10T10:37:30,1762751250000,SENSEX,hybrid,0.8928571428571429,,15,60,2025-11-10T11:32:30,1762754550000,55,742.3070369095759
2025-11-10T10:37:30,1762751250000,SENSEX,hybrid,0.8928571428571429,,15,60,2025-11-10T11:33:30,1762754610000,56,741.1600137686902
2025-11-10T10:37:30,1762751250000,SENSEX,hybrid,0.8928571428571429,,15,60,2025-11-10T11:34:30,1762754670000,57,741.1022901315363
2025-11-10T10:37:30,1762751250000,SENSEX,hybrid,0.8928571428571429,,15,60,2025-11-10T11:35:30,1762754730000,58,740.7715330557888
2025-11-10T10:37:30,1762751250000,SENSEX,hybrid,0.8928571428571429,,15,60,2025-11-10T11:36:30,1762754790000,59,739.9613715037284
2025-11-10T10:37:30,1762751250000,SENSEX,hybrid,0.8928571428571429,,15,60,2025-11-10T11:37:30,1762754850000,60,739.651074283096
2025-11-10T10:38:00,1762751280000,SENSEX,retrieval,,,20,180,2025-11-10T10:39:00,1762751340000,1,740.15
2025-11-10T10:38:00,1762751280000,SENSEX,retrieval,,,20,180,2025-11-10T10:40:00,1762751400000,2,740.15
2025-11-10T10:38:00,1762751280000,SENSEX,retrieval,,,20,180,2025-11-10T10:41:00,1762751460000,3,740.15
2025-11-10T10:38:00,1762751280000,SENSEX,retrieval,,,20,180,2025-11-10T10:42:00,1762751520000,4,740.15
2025-11-10T10:38:00,1762751280000,SENSEX,retrieval,,,20,180,2025-11-10T10:43:00,1762751580000,5,740.15
2025-11-10T10:38:00,1762751280000,SENSEX,retrieval,,,20,180,2025-11-10T10:44:00,1762751640000,6,740.15
2025-11-10T10:38:00,1762751280000,SENSEX,retrieval,,,20,180,2025-11-10T10:45:00,1762751700000,7,740.15
2025-11-10T10:38:00,1762751280000,SENSEX,retrieval,,,20,180,2025-11-10T10:46:00,1762751760000,8,740.15
2025-11-10T10:38:00,1762751280000,SENSEX,retrieval,,,20,180,2025-11-10T10:47:00,1762751820000,9,740.15
2025-11-10T10:38:00,1762751280000,SENSEX,retrieval,,,20,180,2025-11-10T10:48:00,1762751880000,10,740.15
2025-11-10T10:38:00,1762751280000,SENSEX,retrieval,,,20,180,2025-11-10T10:49:00,1762751940000,11,740.15
2025-11-10T10:38:00,1762751280000,SENSEX,retrieval,,,20,180,2025-11-10T10:50:00,1762752000000,12,740.15
2025-11-10T10:38:00,1762751280000,SENSEX,retrieval,,,20,180,2025-11-10T10:51:00,1762752060000,13,740.15
2025-11-10T10:38:00,1762751280000,SENSEX,retrieval,,,20,180,2025-11-10T10:52:00,1762752120000,14,740.15
2025-11-10T10:38:00,1762751280000,SENSEX,retrieval,,,20,180,2025-11-10T10:53:00,1762752180000,15,740.15
2025-11-10T10:38:00,1762751280000,SENSEX,retrieval,,,20,180,2025-11-10T10:54:00,1762752240000,16,740.15
2025-11-10T10:38:00,1762751280000,SENSEX,retrieval,,,20,180,2025-11-10T10:55:00,1762752300000,17,740.15
2025-11-10T10:38:00,1762751280000,SENSEX,retrieval,,,20,180,2025-11-10T10:56:00,1762752360000,18,740.15
2025-11-10T10:38:00,1762751280000,SENSEX,retrieval,,,20,180,2025-11-10T10:57:00,1762752420000,19,740.15
2025-11-10T10:38:00,1762751280000,SENSEX,retrieval,,,20,180,2025-11-10T10:58:00,1762752480000,20,740.15
2025-11-10T10:38:00,1762751280000,SENSEX,retrieval,,,20,180,2025-11-10T10:59:00,1762752540000,21,740.15
2025-11-10T10:38:00,1762751280000,SENSEX,retrieval,,,20,180,2025-11-10T11:00:00,1762752600000,22,740.15
2025-11-10T10:38:00,1762751280000,SENSEX,retrieval,,,20,180,2025-11-10T11:01:00,1762752660000,23,740.15
2025-11-10T10:38:00,1762751280000,SENSEX,retrieval,,,20,180,2025-11-10T11:02:00,1762752720000,24,740.15
2025-11-10T10:38:00,1762751280000,SENSEX,retrieval,,,20,180,2025-11-10T11:03:00,1762752780000,25,740.15
2025-11-10T10:38:00,1762751280000,SENSEX,retrieval,,,20,180,2025-11-10T11:04:00,1762752840000,26,740.15
2025-11-10T10:38:00,1762751280000,SENSEX,retrieval,,,20,180,2025-11-10T11:05:00,1762752900000,27,740.15
2025-11-10T10:38:00,1762751280000,SENSEX,retrieval,,,20,180,2025-11-10T11:06:00,1762752960000,28,740.15
2025-11-10T10:38:00,1762751280000,SENSEX,retrieval,,,20,180,2025-11-10T11:07:00,1762753020000,29,740.15
2025-11-10T10:38:00,1762751280000,SENSEX,retrieval,,,20,180,2025-11-10T11:08:00,1762753080000,30,740.15
2025-11-10T10:38:00,1762751280000,SENSEX,retrieval,,,20,180,2025-11-10T11:09:00,1762753140000,31,740.15
2025-11-10T10:38:00,1762751280000,SENSEX,retrieval,,,20,180,2025-11-10T11:10:00,1762753200000,32,740.15
2025-11-10T10:38:00,1762751280000,SENSEX,retrieval,,,20,180,2025-11-10T11:11:00,1762753260000,33,740.15
2025-11-10T10:38:00,1762751280000,SENSEX,retrieval,,,20,180,2025-11-10T11:12:00,1762753320000,34,740.15
2025-11-10T10:38:00,1762751280000,SENSEX,retrieval,,,20,180,2025-11-10T11:13:00,1762753380000,35,740.15
2025-11-10T10:38:00,1762751280000,SENSEX,retrieval,,,20,180,2025-11-10T11:14:00,1762753440000,36,740.15
2025-11-10T10:38:00,1762751280000,SENSEX,retrieval,,,20,180,2025-11-10T11:15:00,1762753500000,37,740.15
2025-11-10T10:38:00,1762751280000,SENSEX,retrieval,,,20,180,2025-11-10T11:16:00,1762753560000,38,740.15
2025-11-10T10:38:00,1762751280000,SENSEX,retrieval,,,20,180,2025-11-10T11:17:00,1762753620000,39,740.15
2025-11-10T10:38:00,1762751280000,SENSEX,retrieval,,,20,180,2025-11-10T11:18:00,1762753680000,40,740.15
2025-11-10T10:38:00,1762751280000,SENSEX,retrieval,,,20,180,2025-11-10T11:19:00,1762753740000,41,740.15
2025-11-10T10:38:00,1762751280000,SENSEX,retrieval,,,20,180,2025-11-10T11:20:00,1762753800000,42,740.15
2025-11-10T10:38:00,1762751280000,SENSEX,retrieval,,,20,180,2025-11-10T11:21:00,1762753860000,43,740.15
2025-11-10T10:38:00,1762751280000,SENSEX,retrieval,,,20,180,2025-11-10T11:22:00,1762753920000,44,740.15
2025-11-10T10:38:00,1762751280000,SENSEX,retrieval,,,20,180,2025-11-10T11:23:00,1762753980000,45,740.15
2025-11-10T10:38:00,1762751280000,SENSEX,retrieval,,,20,180,2025-11-10T11:24:00,1762754040000,46,740.15
2025-11-10T10:38:00,1762751280000,SENSEX,retrieval,,,20,180,2025-11-10T11:25:00,1762754100000,47,740.15
2025-11-10T10:38:00,1762751280000,SENSEX,retrieval,,,20,180,2025-11-10T11:26:00,1762754160000,48,740.15
2025-11-10T10:38:00,1762751280000,SENSEX,retrieval,,,20,180,2025-11-10T11:27:00,1762754220000,49,740.15
2025-11-10T10:38:00,1762751280000,SENSEX,retrieval,,,20,180,2025-11-10T11:28:00,1762754280000,50,740.15
2025-11-10T10:38:00,1762751280000,SENSEX,retrieval,,,20,180,2025-11-10T11:29:00,1762754340000,51,740.15
2025-11-10T10:38:00,1762751280000,SENSEX,retrieval,,,20,180,2025-11-10T11:30:00,1762754400000,52,740.15
2025-11-10T10:38:00,1762751280000,SENSEX,retrieval,,,20,180,2025-11-10T11:31:00,1762754460000,53,740.15
2025-11-10T10:38:00,1762751280000,SENSEX,retrieval,,,20,180,2025-11-10T11:32:00,1762754520000,54,740.15
2025-11-10T10:38:00,1762751280000,SENSEX,retrieval,,,20,180,2025-11-10T11:33:00,1762754580000,55,740.15
2025-11-10T10:38:00,1762751280000,SENSEX,retrieval,,,20,180,2025-11-10T11:34:00,1762754640000,56,740.15
2025-11-10T10:38:00,1762751280000,SENSEX,retrieval,,,20,180,2025-11-10T11:35:00,1762754700000,57,740.15
2025-11-10T10:38:00,1762751280000,SENSEX,retrieval,,,20,180,2025-11-10T11:36:00,1762754760000,58,740.15
2025-11-10T10:38:00,1762751280000,SENSEX,retrieval,,,20,180,2025-11-10T11:37:00,1762754820000,59,740.15
2025-11-10T10:38:00,1762751280000,SENSEX,retrieval,,,20,180,2025-11-10T11:38:00,1762754880000,60,740.15
2025-11-10T10:38:00,1762751280000,SENSEX,hybrid,0.8928571428571429,,15,60,2025-11-10T10:39:00,1762751340000,1,740.15
2025-11-10T10:38:00,1762751280000,SENSEX,hybrid,0.8928571428571429,,15,60,2025-11-10T10:40:00,1762751400000,2,738.4776790492326
2025-11-10T10:38:00,1762751280000,SENSEX,hybrid,0.8928571428571429,,15,60,2025-11-10T10:41:00,1762751460000,3,739.7820927231813
2025-11-10T10:38:00,1762751280000,SENSEX,hybrid,0.8928571428571429,,15,60,2025-11-10T10:42:00,1762751520000,4,737.3068675627969
2025-11-10T10:38:00,1762751280000,SENSEX,hybrid,0.8928571428571429,,15,60,2025-11-10T10:43:00,1762751580000,5,737.7823136488954
2025-11-10T10:38:00,1762751280000,SENSEX,hybrid,0.8928571428571429,,15,60,2025-11-10T10:44:00,1762751640000,6,739.0065192880903
2025-11-10T10:38:00,1762751280000,SENSEX,hybrid,0.8928571428571429,,15,60,2025-11-10T10:45:00,1762751700000,7,739.2961436093833
2025-11-10T10:38:00,1762751280000,SENSEX,hybrid,0.8928571428571429,,15,60,2025-11-10T10:46:00,1762751760000,8,739.6605447416117
2025-11-10T10:38:00,1762751280000,SENSEX,hybrid,0.8928571428571429,,15,60,2025-11-10T10:47:00,1762751820000,9,739.7628877230318
2025-11-10T10:38:00,1762751280000,SENSEX,hybrid,0.8928571428571429,,15,60,2025-11-10T10:48:00,1762751880000,10,742.1164785895222
2025-11-10T10:38:00,1762751280000,SENSEX,hybrid,0.8928571428571429,,15,60,2025-11-10T10:49:00,1762751940000,11,740.3893370140764
2025-11-10T10:38:00,1762751280000,SENSEX,hybrid,0.8928571428571429,,15,60,2025-11-10T10:50:00,1762752000000,12,739.8842369126335
2025-11-10T10:38:00,1762751280000,SENSEX,hybrid,0.8928571428571429,,15,60,2025-11-10T10:51:00,1762752060000,13,740.1602725628798
2025-11-10T10:38:00,1762751280000,SENSEX,hybrid,0.8928571428571429,,15,60,2025-11-10T10:52:00,1762752120000,14,739.9862182230042
2025-11-10T10:38:00,1762751280000,SENSEX,hybrid,0.8928571428571429,,15,60,2025-11-10T10:53:00,1762752180000,15,740.8631321162602
2025-11-10T10:38:00,1762751280000,SENSEX,hybrid,0.8928571428571429,,15,60,2025-11-10T10:54:00,1762752240000,16,738.8155874633514
2025-11-10T10:38:00,1762751280000,SENSEX,hybrid,0.8928571428571429,,15,60,2025-11-10T10:55:00,1762752300000,17,740.020247606851
2025-11-10T10:38:00,1762751280000,SENSEX,hybrid,0.8928571428571429,,15,60,2025-11-10T10:56:00,1762752360000,18,741.0068417923391
2025-11-10T10:38:00,1762751280000,SENSEX,hybrid,0.8928571428571429,,15,60,2025-11-10T10:57:00,1762752420000,19,740.2294718749768
2025-11-10T10:38:00,1762751280000,SENSEX,hybrid,0.8928571428571429,,15,60,2025-11-10T10:58:00,1762752480000,20,741.2869394659718
2025-11-10T10:38:00,1762751280000,SENSEX,hybrid,0.8928571428571429,,15,60,2025-11-10T10:59:00,1762752540000,21,740.0807922633091
2025-11-10T10:38:00,1762751280000,SENSEX,hybrid,0.8928571428571429,,15,60,2025-11-10T11:00:00,1762752600000,22,740.131855361557
2025-11-10T10:38:00,1762751280000,SENSEX,hybrid,0.8928571428571429,,15,60,2025-11-10T11:01:00,1762752660000,23,741.2717797768355
2025-11-10T10:38:00,1762751280000,SENSEX,hybrid,0.8928571428571429,,15,60,2025-11-10T11:02:00,1762752720000,24,737.8944707537199
2025-11-10T10:38:00,1762751280000,SENSEX,hybrid,0.8928571428571429,,15,60,2025-11-10T11:03:00,1762752780000,25,738.8964395237313
2025-11-10T10:38:00,1762751280000,SENSEX,hybrid,0.8928571428571429,,15,60,2025-11-10T11:04:00,1762752840000,26,740.1037374267788
2025-11-10T10:38:00,1762751280000,SENSEX,hybrid,0.8928571428571429,,15,60,2025-11-10T11:05:00,1762752900000,27,741.3417065879064
2025-11-10T10:38:00,1762751280000,SENSEX,hybrid,0.8928571428571429,,15,60,2025-11-10T11:06:00,1762752960000,28,740.5331109214975
2025-11-10T10:38:00,1762751280000,SENSEX,hybrid,0.8928571428571429,,15,60,2025-11-10T11:07:00,1762753020000,29,739.3899351031516
2025-11-10T10:38:00,1762751280000,SENSEX,hybrid,0.8928571428571429,,15,60,2025-11-10T11:08:00,1762753080000,30,740.5383683913302
2025-11-10T10:38:00,1762751280000,SENSEX,hybrid,0.8928571428571429,,15,60,2025-11-10T11:09:00,1762753140000,31,741.3192876552799
2025-11-10T10:38:00,1762751280000,SENSEX,hybrid,0.8928571428571429,,15,60,2025-11-10T11:10:00,1762753200000,32,741.3755916514365
2025-11-10T10:38:00,1762751280000,SENSEX,hybrid,0.8928571428571429,,15,60,2025-11-10T11:11:00,1762753260000,33,738.9435809798327
2025-11-10T10:38:00,1762751280000,SENSEX,hybrid,0.8928571428571429,,15,60,2025-11-10T11:12:00,1762753320000,34,738.7509678203195
2025-11-10T10:38:00,1762751280000,SENSEX,hybrid,0.8928571428571429,,15,60,2025-11-10T11:13:00,1762753380000,35,738.9059735499152
2025-11-10T10:38:00,1762751280000,SENSEX,hybrid,0.8928571428571429,,15,60,2025-11-10T11:14:00,1762753440000,36,737.8366804924701
2025-11-10T10:38:00,1762751280000,SENSEX,hybrid,0.8928571428571429,,15,60,2025-11-10T11:15:00,1762753500000,37,738.4543646649297
2025-11-10T10:38:00,1762751280000,SENSEX,hybrid,0.8928571428571429,,15,60,2025-11-10T11:16:00,1762753560000,38,738.8473534197811
2025-11-10T10:38:00,1762751280000,SENSEX,hybrid,0.8928571428571429,,15,60,2025-11-10T11:17:00,1762753620000,39,737.763474982314
2025-11-10T10:38:00,1762751280000,SENSEX,hybrid,0.8928571428571429,,15,60,2025-11-10T11:18:00,1762753680000,40,738.8357559535383
2025-11-10T10:38:00,1762751280000,SENSEX,hybrid,0.8928571428571429,,15,60,2025-11-10T11:19:00,1762753740000,41,738.199756016656
2025-11-10T10:38:00,1762751280000,SENSEX,hybrid,0.8928571428571429,,15,60,2025-11-10T11:20:00,1762753800000,42,738.0301489694856
2025-11-10T10:38:00,1762751280000,SENSEX,hybrid,0.8928571428571429,,15,60,2025-11-10T11:21:00,1762753860000,43,736.3043613857578
2025-11-10T10:38:00,1762751280000,SENSEX,hybrid,0.8928571428571429,,15,60,2025-11-10T11:22:00,1762753920000,44,737.9846600459296
2025-11-10T10:38:00,1762751280000,SENSEX,hybrid,0.8928571428571429,,15,60,2025-11-10T11:23:00,1762753980000,45,737.8197073150934
2025-11-10T10:38:00,1762751280000,SENSEX,hybrid,0.8928571428571429,,15,60,2025-11-10T11:24:00,1762754040000,46,737.063344273145
2025-11-10T10:38:00,1762751280000,SENSEX,hybrid,0.8928571428571429,,15,60,2025-11-10T11:25:00,1762754100000,47,737.6031627193539
2025-11-10T10:38:00,1762751280000,SENSEX,hybrid,0.8928571428571429,,15,60,2025-11-10T11:26:00,1762754160000,48,736.3626494096815
2025-11-10T10:38:00,1762751280000,SENSEX,hybrid,0.8928571428571429,,15,60,2025-11-10T11:27:00,1762754220000,49,737.1200825843599
2025-11-10T10:38:00,1762751280000,SENSEX,hybrid,0.8928571428571429,,15,60,2025-11-10T11:28:00,1762754280000,50,736.9872859906054
2025-11-10T10:38:00,1762751280000,SENSEX,hybrid,0.8928571428571429,,15,60,2025-11-10T11:29:00,1762754340000,51,737.8304001148242
2025-11-10T10:38:00,1762751280000,SENSEX,hybrid,0.8928571428571429,,15,60,2025-11-10T11:30:00,1762754400000,52,738.0554236860164
2025-11-10T10:38:00,1762751280000,SENSEX,hybrid,0.8928571428571429,,15,60,2025-11-10T11:31:00,1762754460000,53,737.8557392395116
2025-11-10T10:38:00,1762751280000,SENSEX,hybrid,0.8928571428571429,,15,60,2025-11-10T11:32:00,1762754520000,54,737.6792169591384
2025-11-10T10:38:00,1762751280000,SENSEX,hybrid,0.8928571428571429,,15,60,2025-11-10T11:33:00,1762754580000,55,738.9396573505752
2025-11-10T10:38:00,1762751280000,SENSEX,hybrid,0.8928571428571429,,15,60,2025-11-10T11:34:00,1762754640000,56,737.7382058559629
2025-11-10T10:38:00,1762751280000,SENSEX,hybrid,0.8928571428571429,,15,60,2025-11-10T11:35:00,1762754700000,57,737.4791598506321
2025-11-10T10:38:00,1762751280000,SENSEX,hybrid,0.8928571428571429,,15,60,2025-11-10T11:36:00,1762754760000,58,737.8492814496959
2025-11-10T10:38:00,1762751280000,SENSEX,hybrid,0.8928571428571429,,15,60,2025-11-10T11:37:00,1762754820000,59,735.7528949083022
2025-11-10T10:38:00,1762751280000,SENSEX,hybrid,0.8928571428571429,,15,60,2025-11-10T11:38:00,1762754880000,60,736.2630402374965
2025-11-10T10:38:00,1762751280000,SENSEX,hybrid,0.8928571428571429,,15,60,2025-11-10T10:39:00,1762751340000,1,740.15
2025-11-10T10:38:00,1762751280000,SENSEX,hybrid,0.8928571428571429,,15,60,2025-11-10T10:40:00,1762751400000,2,738.4776790492326
2025-11-10T10:38:00,1762751280000,SENSEX,hybrid,0.8928571428571429,,15,60,2025-11-10T10:41:00,1762751460000,3,739.7820927231813
2025-11-10T10:38:00,1762751280000,SENSEX,hybrid,0.8928571428571429,,15,60,2025-11-10T10:42:00,1762751520000,4,737.3068675627969
2025-11-10T10:38:00,1762751280000,SENSEX,hybrid,0.8928571428571429,,15,60,2025-11-10T10:43:00,1762751580000,5,737.7823136488954
2025-11-10T10:38:00,1762751280000,SENSEX,hybrid,0.8928571428571429,,15,60,2025-11-10T10:44:00,1762751640000,6,739.0065192880903
2025-11-10T10:38:00,1762751280000,SENSEX,hybrid,0.8928571428571429,,15,60,2025-11-10T10:45:00,1762751700000,7,739.2961436093833
2025-11-10T10:38:00,1762751280000,SENSEX,hybrid,0.8928571428571429,,15,60,2025-11-10T10:46:00,1762751760000,8,739.6605447416117
2025-11-10T10:38:00,1762751280000,SENSEX,hybrid,0.8928571428571429,,15,60,2025-11-10T10:47:00,1762751820000,9,739.7628877230318
2025-11-10T10:38:00,1762751280000,SENSEX,hybrid,0.8928571428571429,,15,60,2025-11-10T10:48:00,1762751880000,10,742.1164785895222
2025-11-10T10:38:00,1762751280000,SENSEX,hybrid,0.8928571428571429,,15,60,2025-11-10T10:49:00,1762751940000,11,740.3893370140764
2025-11-10T10:38:00,1762751280000,SENSEX,hybrid,0.8928571428571429,,15,60,2025-11-10T10:50:00,1762752000000,12,739.8842369126335
2025-11-10T10:38:00,1762751280000,SENSEX,hybrid,0.8928571428571429,,15,60,2025-11-10T10:51:00,1762752060000,13,740.1602725628798
2025-11-10T10:38:00,1762751280000,SENSEX,hybrid,0.8928571428571429,,15,60,2025-11-10T10:52:00,1762752120000,14,739.9862182230042
2025-11-10T10:38:00,1762751280000,SENSEX,hybrid,0.8928571428571429,,15,60,2025-11-10T10:53:00,1762752180000,15,740.8631321162602
2025-11-10T10:38:00,1762751280000,SENSEX,hybrid,0.8928571428571429,,15,60,2025-11-10T10:54:00,1762752240000,16,738.8155874633514
2025-11-10T10:38:00,1762751280000,SENSEX,hybrid,0.8928571428571429,,15,60,2025-11-10T10:55:00,1762752300000,17,740.020247606851
2025-11-10T10:38:00,1762751280000,SENSEX,hybrid,0.8928571428571429,,15,60,2025-11-10T10:56:00,1762752360000,18,741.0068417923391
2025-11-10T10:38:00,1762751280000,SENSEX,hybrid,0.8928571428571429,,15,60,2025-11-10T10:57:00,1762752420000,19,740.2294718749768
2025-11-10T10:38:00,1762751280000,SENSEX,hybrid,0.8928571428571429,,15,60,2025-11-10T10:58:00,1762752480000,20,741.2869394659718
2025-11-10T10:38:00,1762751280000,SENSEX,hybrid,0.8928571428571429,,15,60,2025-11-10T10:59:00,1762752540000,21,740.0807922633091
2025-11-10T10:38:00,1762751280000,SENSEX,hybrid,0.8928571428571429,,15,60,2025-11-10T11:00:00,1762752600000,22,740.131855361557
2025-11-10T10:38:00,1762751280000,SENSEX,hybrid,0.8928571428571429,,15,60,2025-11-10T11:01:00,1762752660000,23,741.2717797768355
2025-11-10T10:38:00,1762751280000,SENSEX,hybrid,0.8928571428571429,,15,60,2025-11-10T11:02:00,1762752720000,24,737.8944707537199
2025-11-10T10:38:00,1762751280000,SENSEX,hybrid,0.8928571428571429,,15,60,2025-11-10T11:03:00,1762752780000,25,738.8964395237313
2025-11-10T10:38:00,1762751280000,SENSEX,hybrid,0.8928571428571429,,15,60,2025-11-10T11:04:00,1762752840000,26,740.1037374267788
2025-11-10T10:38:00,1762751280000,SENSEX,hybrid,0.8928571428571429,,15,60,2025-11-10T11:05:00,1762752900000,27,741.3417065879064
2025-11-10T10:38:00,1762751280000,SENSEX,hybrid,0.8928571428571429,,15,60,2025-11-10T11:06:00,1762752960000,28,740.5331109214975
2025-11-10T10:38:00,1762751280000,SENSEX,hybrid,0.8928571428571429,,15,60,2025-11-10T11:07:00,1762753020000,29,739.3899351031516
2025-11-10T10:38:00,1762751280000,SENSEX,hybrid,0.8928571428571429,,15,60,2025-11-10T11:08:00,1762753080000,30,740.5383683913302
2025-11-10T10:38:00,1762751280000,SENSEX,hybrid,0.8928571428571429,,15,60,2025-11-10T11:09:00,1762753140000,31,741.3192876552799
2025-11-10T10:38:00,1762751280000,SENSEX,hybrid,0.8928571428571429,,15,60,2025-11-10T11:10:00,1762753200000,32,741.3755916514365
2025-11-10T10:38:00,1762751280000,SENSEX,hybrid,0.8928571428571429,,15,60,2025-11-10T11:11:00,1762753260000,33,738.9435809798327
2025-11-10T10:38:00,1762751280000,SENSEX,hybrid,0.8928571428571429,,15,60,2025-11-10T11:12:00,1762753320000,34,738.7509678203195
2025-11-10T10:38:00,1762751280000,SENSEX,hybrid,0.8928571428571429,,15,60,2025-11-10T11:13:00,1762753380000,35,738.9059735499152
2025-11-10T10:38:00,1762751280000,SENSEX,hybrid,0.8928571428571429,,15,60,2025-11-10T11:14:00,1762753440000,36,737.8366804924701
2025-11-10T10:38:00,1762751280000,SENSEX,hybrid,0.8928571428571429,,15,60,2025-11-10T11:15:00,1762753500000,37,738.4543646649297
2025-11-10T10:38:00,1762751280000,SENSEX,hybrid,0.8928571428571429,,15,60,2025-11-10T11:16:00,1762753560000,38,738.8473534197811
2025-11-10T10:38:00,1762751280000,SENSEX,hybrid,0.8928571428571429,,15,60,2025-11-10T11:17:00,1762753620000,39,737.763474982314
2025-11-10T10:38:00,1762751280000,SENSEX,hybrid,0.8928571428571429,,15,60,2025-11-10T11:18:00,1762753680000,40,738.8357559535383
2025-11-10T10:38:00,1762751280000,SENSEX,hybrid,0.8928571428571429,,15,60,2025-11-10T11:19:00,1762753740000,41,738.199756016656
2025-11-10T10:38:00,1762751280000,SENSEX,hybrid,0.8928571428571429,,15,60,2025-11-10T11:20:00,1762753800000,42,738.0301489694856
2025-11-10T10:38:00,1762751280000,SENSEX,hybrid,0.8928571428571429,,15,60,2025-11-10T11:21:00,1762753860000,43,736.3043613857578
2025-11-10T10:38:00,1762751280000,SENSEX,hybrid,0.8928571428571429,,15,60,2025-11-10T11:22:00,1762753920000,44,737.9846600459296
2025-11-10T10:38:00,1762751280000,SENSEX,hybrid,0.8928571428571429,,15,60,2025-11-10T11:23:00,1762753980000,45,737.8197073150934
2025-11-10T10:38:00,1762751280000,SENSEX,hybrid,0.8928571428571429,,15,60,2025-11-10T11:24:00,1762754040000,46,737.063344273145
2025-11-10T10:38:00,1762751280000,SENSEX,hybrid,0.8928571428571429,,15,60,2025-11-10T11:25:00,1762754100000,47,737.6031627193539
2025-11-10T10:38:00,1762751280000,SENSEX,hybrid,0.8928571428571429,,15,60,2025-11-10T11:26:00,1762754160000,48,736.3626494096815
2025-11-10T10:38:00,1762751280000,SENSEX,hybrid,0.8928571428571429,,15,60,2025-11-10T11:27:00,1762754220000,49,737.1200825843599
2025-11-10T10:38:00,1762751280000,SENSEX,hybrid,0.8928571428571429,,15,60,2025-11-10T11:28:00,1762754280000,50,736.9872859906054
2025-11-10T10:38:00,1762751280000,SENSEX,hybrid,0.8928571428571429,,15,60,2025-11-10T11:29:00,1762754340000,51,737.8304001148242
2025-11-10T10:38:00,1762751280000,SENSEX,hybrid,0.8928571428571429,,15,60,2025-11-10T11:30:00,1762754400000,52,738.0554236860164
2025-11-10T10:38:00,1762751280000,SENSEX,hybrid,0.8928571428571429,,15,60,2025-11-10T11:31:00,1762754460000,53,737.8557392395116
2025-11-10T10:38:00,1762751280000,SENSEX,hybrid,0.8928571428571429,,15,60,2025-11-10T11:32:00,1762754520000,54,737.6792169591384
2025-11-10T10:38:00,1762751280000,SENSEX,hybrid,0.8928571428571429,,15,60,2025-11-10T11:33:00,1762754580000,55,738.9396573505752
2025-11-10T10:38:00,1762751280000,SENSEX,hybrid,0.8928571428571429,,15,60,2025-11-10T11:34:00,1762754640000,56,737.7382058559629
2025-11-10T10:38:00,1762751280000,SENSEX,hybrid,0.8928571428571429,,15,60,2025-11-10T11:35:00,1762754700000,57,737.4791598506321
2025-11-10T10:38:00,1762751280000,SENSEX,hybrid,0.8928571428571429,,15,60,2025-11-10T11:36:00,1762754760000,58,737.8492814496959
2025-11-10T10:38:00,1762751280000,SENSEX,hybrid,0.8928571428571429,,15,60,2025-11-10T11:37:00,1762754820000,59,735.7528949083022
2025-11-10T10:38:00,1762751280000,SENSEX,hybrid,0.8928571428571429,,15,60,2025-11-10T11:38:00,1762754880000,60,736.2630402374965
2025-11-10T10:41:00,1762751460000,SENSEX,retrieval,,,20,180,2025-11-10T10:42:00,1762751520000,1,737.0
2025-11-10T10:41:00,1762751460000,SENSEX,retrieval,,,20,180,2025-11-10T10:43:00,1762751580000,2,737.0
2025-11-10T10:41:00,1762751460000,SENSEX,retrieval,,,20,180,2025-11-10T10:44:00,1762751640000,3,737.0
2025-11-10T10:41:00,1762751460000,SENSEX,retrieval,,,20,180,2025-11-10T10:45:00,1762751700000,4,737.0
2025-11-10T10:41:00,1762751460000,SENSEX,retrieval,,,20,180,2025-11-10T10:46:00,1762751760000,5,737.0
2025-11-10T10:41:00,1762751460000,SENSEX,retrieval,,,20,180,2025-11-10T10:47:00,1762751820000,6,737.0
2025-11-10T10:41:00,1762751460000,SENSEX,retrieval,,,20,180,2025-11-10T10:48:00,1762751880000,7,737.0
2025-11-10T10:41:00,1762751460000,SENSEX,retrieval,,,20,180,2025-11-10T10:49:00,1762751940000,8,737.0
2025-11-10T10:41:00,1762751460000,SENSEX,retrieval,,,20,180,2025-11-10T10:50:00,1762752000000,9,737.0
2025-11-10T10:41:00,1762751460000,SENSEX,retrieval,,,20,180,2025-11-10T10:51:00,1762752060000,10,737.0
2025-11-10T10:41:00,1762751460000,SENSEX,retrieval,,,20,180,2025-11-10T10:52:00,1762752120000,11,737.0
2025-11-10T10:41:00,1762751460000,SENSEX,retrieval,,,20,180,2025-11-10T10:53:00,1762752180000,12,737.0
2025-11-10T10:41:00,1762751460000,SENSEX,retrieval,,,20,180,2025-11-10T10:54:00,1762752240000,13,737.0
2025-11-10T10:41:00,1762751460000,SENSEX,retrieval,,,20,180,2025-11-10T10:55:00,1762752300000,14,737.0
2025-11-10T10:41:00,1762751460000,SENSEX,retrieval,,,20,180,2025-11-10T10:56:00,1762752360000,15,737.0
2025-11-10T10:41:00,1762751460000,SENSEX,retrieval,,,20,180,2025-11-10T10:57:00,1762752420000,16,737.0
2025-11-10T10:41:00,1762751460000,SENSEX,retrieval,,,20,180,2025-11-10T10:58:00,1762752480000,17,737.0
2025-11-10T10:41:00,1762751460000,SENSEX,retrieval,,,20,180,2025-11-10T10:59:00,1762752540000,18,737.0
2025-11-10T10:41:00,1762751460000,SENSEX,retrieval,,,20,180,2025-11-10T11:00:00,1762752600000,19,737.0
2025-11-10T10:41:00,1762751460000,SENSEX,retrieval,,,20,180,2025-11-10T11:01:00,1762752660000,20,737.0
2025-11-10T10:41:00,1762751460000,SENSEX,retrieval,,,20,180,2025-11-10T11:02:00,1762752720000,21,737.0
2025-11-10T10:41:00,1762751460000,SENSEX,retrieval,,,20,180,2025-11-10T11:03:00,1762752780000,22,737.0
2025-11-10T10:41:00,1762751460000,SENSEX,retrieval,,,20,180,2025-11-10T11:04:00,1762752840000,23,737.0
2025-11-10T10:41:00,1762751460000,SENSEX,retrieval,,,20,180,2025-11-10T11:05:00,1762752900000,24,737.0
2025-11-10T10:41:00,1762751460000,SENSEX,retrieval,,,20,180,2025-11-10T11:06:00,1762752960000,25,737.0
2025-11-10T10:41:00,1762751460000,SENSEX,retrieval,,,20,180,2025-11-10T11:07:00,1762753020000,26,737.0
2025-11-10T10:41:00,1762751460000,SENSEX,retrieval,,,20,180,2025-11-10T11:08:00,1762753080000,27,737.0
2025-11-10T10:41:00,1762751460000,SENSEX,retrieval,,,20,180,2025-11-10T11:09:00,1762753140000,28,737.0
2025-11-10T10:41:00,1762751460000,SENSEX,retrieval,,,20,180,2025-11-10T11:10:00,1762753200000,29,737.0
2025-11-10T10:41:00,1762751460000,SENSEX,retrieval,,,20,180,2025-11-10T11:11:00,1762753260000,30,737.0
2025-11-10T10:41:00,1762751460000,SENSEX,retrieval,,,20,180,2025-11-10T11:12:00,1762753320000,31,737.0
2025-11-10T10:41:00,1762751460000,SENSEX,retrieval,,,20,180,2025-11-10T11:13:00,1762753380000,32,737.0
2025-11-10T10:41:00,1762751460000,SENSEX,retrieval,,,20,180,2025-11-10T11:14:00,1762753440000,33,737.0
2025-11-10T10:41:00,1762751460000,SENSEX,retrieval,,,20,180,2025-11-10T11:15:00,1762753500000,34,737.0
2025-11-10T10:41:00,1762751460000,SENSEX,retrieval,,,20,180,2025-11-10T11:16:00,1762753560000,35,737.0
2025-11-10T10:41:00,1762751460000,SENSEX,retrieval,,,20,180,2025-11-10T11:17:00,1762753620000,36,737.0
2025-11-10T10:41:00,1762751460000,SENSEX,retrieval,,,20,180,2025-11-10T11:18:00,1762753680000,37,737.0
2025-11-10T10:41:00,1762751460000,SENSEX,retrieval,,,20,180,2025-11-10T11:19:00,1762753740000,38,737.0
2025-11-10T10:41:00,1762751460000,SENSEX,retrieval,,,20,180,2025-11-10T11:20:00,1762753800000,39,737.0
2025-11-10T10:41:00,1762751460000,SENSEX,retrieval,,,20,180,2025-11-10T11:21:00,1762753860000,40,737.0
2025-11-10T10:41:00,1762751460000,SENSEX,retrieval,,,20,180,2025-11-10T11:22:00,1762753920000,41,737.0
2025-11-10T10:41:00,1762751460000,SENSEX,retrieval,,,20,180,2025-11-10T11:23:00,1762753980000,42,737.0
2025-11-10T10:41:00,1762751460000,SENSEX,retrieval,,,20,180,2025-11-10T11:24:00,1762754040000,43,737.0
2025-11-10T10:41:00,1762751460000,SENSEX,retrieval,,,20,180,2025-11-10T11:25:00,1762754100000,44,737.0
2025-11-10T10:41:00,1762751460000,SENSEX,retrieval,,,20,180,2025-11-10T11:26:00,1762754160000,45,737.0
2025-11-10T10:41:00,1762751460000,SENSEX,retrieval,,,20,180,2025-11-10T11:27:00,1762754220000,46,737.0
2025-11-10T10:41:00,1762751460000,SENSEX,retrieval,,,20,180,2025-11-10T11:28:00,1762754280000,47,737.0
2025-11-10T10:41:00,1762751460000,SENSEX,retrieval,,,20,180,2025-11-10T11:29:00,1762754340000,48,737.0
2025-11-10T10:41:00,1762751460000,SENSEX,retrieval,,,20,180,2025-11-10T11:30:00,1762754400000,49,737.0
2025-11-10T10:41:00,1762751460000,SENSEX,retrieval,,,20,180,2025-11-10T11:31:00,1762754460000,50,737.0
2025-11-10T10:41:00,1762751460000,SENSEX,retrieval,,,20,180,2025-11-10T11:32:00,1762754520000,51,737.0
2025-11-10T10:41:00,1762751460000,SENSEX,retrieval,,,20,180,2025-11-10T11:33:00,1762754580000,52,737.0
2025-11-10T10:41:00,1762751460000,SENSEX,retrieval,,,20,180,2025-11-10T11:34:00,1762754640000,53,737.0
2025-11-10T10:41:00,1762751460000,SENSEX,retrieval,,,20,180,2025-11-10T11:35:00,1762754700000,54,737.0
2025-11-10T10:41:00,1762751460000,SENSEX,retrieval,,,20,180,2025-11-10T11:36:00,1762754760000,55,737.0
2025-11-10T10:41:00,1762751460000,SENSEX,retrieval,,,20,180,2025-11-10T11:37:00,1762754820000,56,737.0
2025-11-10T10:41:00,1762751460000,SENSEX,retrieval,,,20,180,2025-11-10T11:38:00,1762754880000,57,737.0
2025-11-10T10:41:00,1762751460000,SENSEX,retrieval,,,20,180,2025-11-10T11:39:00,1762754940000,58,737.0
2025-11-10T10:41:00,1762751460000,SENSEX,retrieval,,,20,180,2025-11-10T11:40:00,1762755000000,59,737.0
2025-11-10T10:41:00,1762751460000,SENSEX,retrieval,,,20,180,2025-11-10T11:41:00,1762755060000,60,737.0
2025-11-10T10:54:30,1762752270000,SENSEX,hybrid,0.8928571428571429,24,15,60,2025-11-10T10:55:30,1762752330000,1,731.55
2025-11-10T10:54:30,1762752270000,SENSEX,hybrid,0.8928571428571429,24,15,60,2025-11-10T10:56:30,1762752390000,2,731.6430696348325
2025-11-10T10:54:30,1762752270000,SENSEX,hybrid,0.8928571428571429,24,15,60,2025-11-10T10:57:30,1762752450000,3,730.7492302935307
2025-11-10T10:54:30,1762752270000,SENSEX,hybrid,0.8928571428571429,24,15,60,2025-11-10T10:58:30,1762752510000,4,730.093891335145
2025-11-10T10:54:30,1762752270000,SENSEX,hybrid,0.8928571428571429,24,15,60,2025-11-10T10:59:30,1762752570000,5,729.221539665045
2025-11-10T10:54:30,1762752270000,SENSEX,hybrid,0.8928571428571429,24,15,60,2025-11-10T11:00:30,1762752630000,6,729.5049720041612
2025-11-10T10:54:30,1762752270000,SENSEX,hybrid,0.8928571428571429,24,15,60,2025-11-10T11:01:30,1762752690000,7,731.8747735128132
2025-11-10T10:54:30,1762752270000,SENSEX,hybrid,0.8928571428571429,24,15,60,2025-11-10T11:02:30,1762752750000,8,731.706466063552
2025-11-10T10:54:30,1762752270000,SENSEX,hybrid,0.8928571428571429,24,15,60,2025-11-10T11:03:30,1762752810000,9,730.3375106478417
2025-11-10T10:54:30,1762752270000,SENSEX,hybrid,0.8928571428571429,24,15,60,2025-11-10T11:04:30,1762752870000,10,732.1394203319043
2025-11-10T10:54:30,1762752270000,SENSEX,hybrid,0.8928571428571429,24,15,60,2025-11-10T11:05:30,1762752930000,11,731.7791394227027
2025-11-10T10:54:30,1762752270000,SENSEX,hybrid,0.8928571428571429,24,15,60,2025-11-10T11:06:30,1762752990000,12,729.2809441870587
2025-11-10T10:54:30,1762752270000,SENSEX,hybrid,0.8928571428571429,24,15,60,2025-11-10T11:07:30,1762753050000,13,730.4571863307575
2025-11-10T10:54:30,1762752270000,SENSEX,hybrid,0.8928571428571429,24,15,60,2025-11-10T11:08:30,1762753110000,14,729.6871569617194
2025-11-10T10:54:30,1762752270000,SENSEX,hybrid,0.8928571428571429,24,15,60,2025-11-10T11:09:30,1762753170000,15,729.6519690902365
2025-11-10T10:54:30,1762752270000,SENSEX,hybrid,0.8928571428571429,24,15,60,2025-11-10T11:10:30,1762753230000,16,727.4794084953821
2025-11-10T10:54:30,1762752270000,SENSEX,hybrid,0.8928571428571429,24,15,60,2025-11-10T11:11:30,1762753290000,17,728.5259738743677
2025-11-10T10:54:30,1762752270000,SENSEX,hybrid,0.8928571428571429,24,15,60,2025-11-10T11:12:30,1762753350000,18,728.551777360027
2025-11-10T10:54:30,1762752270000,SENSEX,hybrid,0.8928571428571429,24,15,60,2025-11-10T11:13:30,1762753410000,19,729.6897067650942
2025-11-10T10:54:30,1762752270000,SENSEX,hybrid,0.8928571428571429,24,15,60,2025-11-10T11:14:30,1762753470000,20,728.1579694733525
2025-11-10T10:54:30,1762752270000,SENSEX,hybrid,0.8928571428571429,24,15,60,2025-11-10T11:15:30,1762753530000,21,729.5911331976528
2025-11-10T10:54:30,1762752270000,SENSEX,hybrid,0.8928571428571429,24,15,60,2025-11-10T11:16:30,1762753590000,22,728.8963790927712
2025-11-10T10:54:30,1762752270000,SENSEX,hybrid,0.8928571428571429,24,15,60,2025-11-10T11:17:30,1762753650000,23,728.5462619863891
2025-11-10T10:54:30,1762752270000,SENSEX,hybrid,0.8928571428571429,24,15,60,2025-11-10T11:18:30,1762753710000,24,728.7757395429487
2025-11-10T10:54:30,1762752270000,SENSEX,hybrid,0.8928571428571429,24,15,60,2025-11-10T11:19:30,1762753770000,25,728.6086881839736
2025-11-10T10:54:30,1762752270000,SENSEX,hybrid,0.8928571428571429,24,15,60,2025-11-10T11:20:30,1762753830000,26,728.3436827275685
2025-11-10T10:54:30,1762752270000,SENSEX,hybrid,0.8928571428571429,24,15,60,2025-11-10T11:21:30,1762753890000,27,729.4587982866697
2025-11-10T10:54:30,1762752270000,SENSEX,hybrid,0.8928571428571429,24,15,60,2025-11-10T11:22:30,1762753950000,28,727.017961020427
2025-11-10T10:54:30,1762752270000,SENSEX,hybrid,0.8928571428571429,24,15,60,2025-11-10T11:23:30,1762754010000,29,725.896621820482
2025-11-10T10:54:30,1762752270000,SENSEX,hybrid,0.8928571428571429,24,15,60,2025-11-10T11:24:30,1762754070000,30,726.9124014165662
2025-11-10T10:54:30,1762752270000,SENSEX,hybrid,0.8928571428571429,24,15,60,2025-11-10T11:25:30,1762754130000,31,726.8850502546799
2025-11-10T10:54:30,1762752270000,SENSEX,hybrid,0.8928571428571429,24,15,60,2025-11-10T11:26:30,1762754190000,32,725.6779200630666
2025-11-10T10:54:30,1762752270000,SENSEX,hybrid,0.8928571428571429,24,15,60,2025-11-10T11:27:30,1762754250000,33,728.2971681282364
2025-11-10T10:54:30,1762752270000,SENSEX,hybrid,0.8928571428571429,24,15,60,2025-11-10T11:28:30,1762754310000,34,726.2919806742791
2025-11-10T10:54:30,1762752270000,SENSEX,hybrid,0.8928571428571429,24,15,60,2025-11-10T11:29:30,1762754370000,35,725.3905032833605
2025-11-10T10:54:30,1762752270000,SENSEX,hybrid,0.8928571428571429,24,15,60,2025-11-10T11:30:30,1762754430000,36,727.9710991659828
2025-11-10T10:54:30,1762752270000,SENSEX,hybrid,0.8928571428571429,24,15,60,2025-11-10T11:31:30,1762754490000,37,727.3889038437173
2025-11-10T10:54:30,1762752270000,SENSEX,hybrid,0.8928571428571429,24,15,60,2025-11-10T11:32:30,1762754550000,38,725.9723827752786
2025-11-10T10:54:30,1762752270000,SENSEX,hybrid,0.8928571428571429,24,15,60,2025-11-10T11:33:30,1762754610000,39,726.7085274330849
2025-11-10T10:54:30,1762752270000,SENSEX,hybrid,0.8928571428571429,24,15,60,2025-11-10T11:34:30,1762754670000,40,726.6936632755846
2025-11-10T10:54:30,1762752270000,SENSEX,hybrid,0.8928571428571429,24,15,60,2025-11-10T11:35:30,1762754730000,41,725.78272281083
2025-11-10T10:54:30,1762752270000,SENSEX,hybrid,0.8928571428571429,24,15,60,2025-11-10T11:36:30,1762754790000,42,725.8500424197834
2025-11-10T10:54:30,1762752270000,SENSEX,hybrid,0.8928571428571429,24,15,60,2025-11-10T11:37:30,1762754850000,43,727.1746845715729
2025-11-10T10:54:30,1762752270000,SENSEX,hybrid,0.8928571428571429,24,15,60,2025-11-10T11:38:30,1762754910000,44,725.9858936917458
2025-11-10T10:54:30,1762752270000,SENSEX,hybrid,0.8928571428571429,24,15,60,2025-11-10T11:39:30,1762754970000,45,727.4798857351897
2025-11-10T10:54:30,1762752270000,SENSEX,hybrid,0.8928571428571429,24,15,60,2025-11-10T11:40:30,1762755030000,46,727.5541476572741
2025-11-10T10:54:30,1762752270000,SENSEX,hybrid,0.8928571428571429,24,15,60,2025-11-10T11:41:30,1762755090000,47,726.472897864173
2025-11-10T10:54:30,1762752270000,SENSEX,hybrid,0.8928571428571429,24,15,60,2025-11-10T11:42:30,1762755150000,48,727.9514508081767
2025-11-10T10:54:30,1762752270000,SENSEX,hybrid,0.8928571428571429,24,15,60,2025-11-10T11:43:30,1762755210000,49,728.3132361267863
2025-11-10T10:54:30,1762752270000,SENSEX,hybrid,0.8928571428571429,24,15,60,2025-11-10T11:44:30,1762755270000,50,727.3229030636554
2025-11-10T10:54:30,1762752270000,SENSEX,hybrid,0.8928571428571429,24,15,60,2025-11-10T11:45:30,1762755330000,51,727.7341656809672
2025-11-10T10:54:30,1762752270000,SENSEX,hybrid,0.8928571428571429,24,15,60,2025-11-10T11:46:30,1762755390000,52,727.8150183363528
2025-11-10T10:54:30,1762752270000,SENSEX,hybrid,0.8928571428571429,24,15,60,2025-11-10T11:47:30,1762755450000,53,726.4864564803783
2025-11-10T10:54:30,1762752270000,SENSEX,hybrid,0.8928571428571429,24,15,60,2025-11-10T11:48:30,1762755510000,54,727.9657527311437
2025-11-10T10:54:30,1762752270000,SENSEX,hybrid,0.8928571428571429,24,15,60,2025-11-10T11:49:30,1762755570000,55,728.4793263399454
2025-11-10T10:54:30,1762752270000,SENSEX,hybrid,0.8928571428571429,24,15,60,2025-11-10T11:50:30,1762755630000,56,726.2744744919056
2025-11-10T10:54:30,1762752270000,SENSEX,hybrid,0.8928571428571429,24,15,60,2025-11-10T11:51:30,1762755690000,57,729.6039642110399
2025-11-10T10:54:30,1762752270000,SENSEX,hybrid,0.8928571428571429,24,15,60,2025-11-10T11:52:30,1762755750000,58,728.7211088808865
2025-11-10T10:54:30,1762752270000,SENSEX,hybrid,0.8928571428571429,24,15,60,2025-11-10T11:53:30,1762755810000,59,725.6913026969114
2025-11-10T10:54:30,1762752270000,SENSEX,hybrid,0.8928571428571429,24,15,60,2025-11-10T11:54:30,1762755870000,60,728.4395239920641
2025-11-10T10:54:30,1762752270000,SENSEX,hybrid,0.8928571428571429,,15,60,2025-11-10T10:55:30,1762752330000,1,731.55
2025-11-10T10:54:30,1762752270000,SENSEX,hybrid,0.8928571428571429,,15,60,2025-11-10T10:56:30,1762752390000,2,731.6430696348325
2025-11-10T10:54:30,1762752270000,SENSEX,hybrid,0.8928571428571429,,15,60,2025-11-10T10:57:30,1762752450000,3,730.7492302935307
2025-11-10T10:54:30,1762752270000,SENSEX,hybrid,0.8928571428571429,,15,60,2025-11-10T10:58:30,1762752510000,4,730.093891335145
2025-11-10T10:54:30,1762752270000,SENSEX,hybrid,0.8928571428571429,,15,60,2025-11-10T10:59:30,1762752570000,5,729.221539665045
2025-11-10T10:54:30,1762752270000,SENSEX,hybrid,0.8928571428571429,,15,60,2025-11-10T11:00:30,1762752630000,6,729.5049720041612
2025-11-10T10:54:30,1762752270000,SENSEX,hybrid,0.8928571428571429,,15,60,2025-11-10T11:01:30,1762752690000,7,731.8747735128132
2025-11-10T10:54:30,1762752270000,SENSEX,hybrid,0.8928571428571429,,15,60,2025-11-10T11:02:30,1762752750000,8,731.706466063552
2025-11-10T10:54:30,1762752270000,SENSEX,hybrid,0.8928571428571429,,15,60,2025-11-10T11:03:30,1762752810000,9,730.3375106478417
2025-11-10T10:54:30,1762752270000,SENSEX,hybrid,0.8928571428571429,,15,60,2025-11-10T11:04:30,1762752870000,10,732.1394203319043
2025-11-10T10:54:30,1762752270000,SENSEX,hybrid,0.8928571428571429,,15,60,2025-11-10T11:05:30,1762752930000,11,731.7791394227027
2025-11-10T10:54:30,1762752270000,SENSEX,hybrid,0.8928571428571429,,15,60,2025-11-10T11:06:30,1762752990000,12,729.2809441870587
2025-11-10T10:54:30,1762752270000,SENSEX,hybrid,0.8928571428571429,,15,60,2025-11-10T11:07:30,1762753050000,13,730.4571863307575
2025-11-10T10:54:30,1762752270000,SENSEX,hybrid,0.8928571428571429,,15,60,2025-11-10T11:08:30,1762753110000,14,729.6871569617194
2025-11-10T10:54:30,1762752270000,SENSEX,hybrid,0.8928571428571429,,15,60,2025-11-10T11:09:30,1762753170000,15,729.6519690902365
2025-11-10T10:54:30,1762752270000,SENSEX,hybrid,0.8928571428571429,,15,60,2025-11-10T11:10:30,1762753230000,16,727.4794084953821
2025-11-10T10:54:30,1762752270000,SENSEX,hybrid,0.8928571428571429,,15,60,2025-11-10T11:11:30,1762753290000,17,728.5259738743677
2025-11-10T10:54:30,1762752270000,SENSEX,hybrid,0.8928571428571429,,15,60,2025-11-10T11:12:30,1762753350000,18,728.551777360027
2025-11-10T10:54:30,1762752270000,SENSEX,hybrid,0.8928571428571429,,15,60,2025-11-10T11:13:30,1762753410000,19,729.6897067650942
2025-11-10T10:54:30,1762752270000,SENSEX,hybrid,0.8928571428571429,,15,60,2025-11-10T11:14:30,1762753470000,20,728.1579694733525
2025-11-10T10:54:30,1762752270000,SENSEX,hybrid,0.8928571428571429,,15,60,2025-11-10T11:15:30,1762753530000,21,729.5911331976528
2025-11-10T10:54:30,1762752270000,SENSEX,hybrid,0.8928571428571429,,15,60,2025-11-10T11:16:30,1762753590000,22,728.8963790927712
2025-11-10T10:54:30,1762752270000,SENSEX,hybrid,0.8928571428571429,,15,60,2025-11-10T11:17:30,1762753650000,23,728.5462619863891
2025-11-10T10:54:30,1762752270000,SENSEX,hybrid,0.8928571428571429,,15,60,2025-11-10T11:18:30,1762753710000,24,728.7757395429487
2025-11-10T10:54:30,1762752270000,SENSEX,hybrid,0.8928571428571429,,15,60,2025-11-10T11:19:30,1762753770000,25,728.6086881839736
2025-11-10T10:54:30,1762752270000,SENSEX,hybrid,0.8928571428571429,,15,60,2025-11-10T11:20:30,1762753830000,26,728.3436827275685
2025-11-10T10:54:30,1762752270000,SENSEX,hybrid,0.8928571428571429,,15,60,2025-11-10T11:21:30,1762753890000,27,729.4587982866697
2025-11-10T10:54:30,1762752270000,SENSEX,hybrid,0.8928571428571429,,15,60,2025-11-10T11:22:30,1762753950000,28,727.017961020427
2025-11-10T10:54:30,1762752270000,SENSEX,hybrid,0.8928571428571429,,15,60,2025-11-10T11:23:30,1762754010000,29,725.896621820482
2025-11-10T10:54:30,1762752270000,SENSEX,hybrid,0.8928571428571429,,15,60,2025-11-10T11:24:30,1762754070000,30,726.9124014165662
2025-11-10T10:54:30,1762752270000,SENSEX,hybrid,0.8928571428571429,,15,60,2025-11-10T11:25:30,1762754130000,31,726.8850502546799
2025-11-10T10:54:30,1762752270000,SENSEX,hybrid,0.8928571428571429,,15,60,2025-11-10T11:26:30,1762754190000,32,725.6779200630666
2025-11-10T10:54:30,1762752270000,SENSEX,hybrid,0.8928571428571429,,15,60,2025-11-10T11:27:30,1762754250000,33,728.2971681282364
2025-11-10T10:54:30,1762752270000,SENSEX,hybrid,0.8928571428571429,,15,60,2025-11-10T11:28:30,1762754310000,34,726.2919806742791
2025-11-10T10:54:30,1762752270000,SENSEX,hybrid,0.8928571428571429,,15,60,2025-11-10T11:29:30,1762754370000,35,725.3905032833605
2025-11-10T10:54:30,1762752270000,SENSEX,hybrid,0.8928571428571429,,15,60,2025-11-10T11:30:30,1762754430000,36,727.9710991659828
2025-11-10T10:54:30,1762752270000,SENSEX,hybrid,0.8928571428571429,,15,60,2025-11-10T11:31:30,1762754490000,37,727.3889038437173
2025-11-10T10:54:30,1762752270000,SENSEX,hybrid,0.8928571428571429,,15,60,2025-11-10T11:32:30,1762754550000,38,725.9723827752786
2025-11-10T10:54:30,1762752270000,SENSEX,hybrid,0.8928571428571429,,15,60,2025-11-10T11:33:30,1762754610000,39,726.7085274330849
2025-11-10T10:54:30,1762752270000,SENSEX,hybrid,0.8928571428571429,,15,60,2025-11-10T11:34:30,1762754670000,40,726.6936632755846
2025-11-10T10:54:30,1762752270000,SENSEX,hybrid,0.8928571428571429,,15,60,2025-11-10T11:35:30,1762754730000,41,725.78272281083
2025-11-10T10:54:30,1762752270000,SENSEX,hybrid,0.8928571428571429,,15,60,2025-11-10T11:36:30,1762754790000,42,725.8500424197834
2025-11-10T10:54:30,1762752270000,SENSEX,hybrid,0.8928571428571429,,15,60,2025-11-10T11:37:30,1762754850000,43,727.1746845715729
2025-11-10T10:54:30,1762752270000,SENSEX,hybrid,0.8928571428571429,,15,60,2025-11-10T11:38:30,1762754910000,44,725.9858936917458
2025-11-10T10:54:30,1762752270000,SENSEX,hybrid,0.8928571428571429,,15,60,2025-11-10T11:39:30,1762754970000,45,727.4798857351897
2025-11-10T10:54:30,1762752270000,SENSEX,hybrid,0.8928571428571429,,15,60,2025-11-10T11:40:30,1762755030000,46,727.5541476572741
2025-11-10T10:54:30,1762752270000,SENSEX,hybrid,0.8928571428571429,,15,60,2025-11-10T11:41:30,1762755090000,47,726.472897864173
2025-11-10T10:54:30,1762752270000,SENSEX,hybrid,0.8928571428571429,,15,60,2025-11-10T11:42:30,1762755150000,48,727.9514508081767
2025-11-10T10:54:30,1762752270000,SENSEX,hybrid,0.8928571428571429,,15,60,2025-11-10T11:43:30,1762755210000,49,728.3132361267863
2025-11-10T10:54:30,1762752270000,SENSEX,hybrid,0.8928571428571429,,15,60,2025-11-10T11:44:30,1762755270000,50,727.3229030636554
2025-11-10T10:54:30,1762752270000,SENSEX,hybrid,0.8928571428571429,,15,60,2025-11-10T11:45:30,1762755330000,51,727.7341656809672
2025-11-10T10:54:30,1762752270000,SENSEX,hybrid,0.8928571428571429,,15,60,2025-11-10T11:46:30,1762755390000,52,727.8150183363528
2025-11-10T10:54:30,1762752270000,SENSEX,hybrid,0.8928571428571429,,15,60,2025-11-10T11:47:30,1762755450000,53,726.4864564803783
2025-11-10T10:54:30,1762752270000,SENSEX,hybrid,0.8928571428571429,,15,60,2025-11-10T11:48:30,1762755510000,54,727.9657527311437
2025-11-10T10:54:30,1762752270000,SENSEX,hybrid,0.8928571428571429,,15,60,2025-11-10T11:49:30,1762755570000,55,728.4793263399454
2025-11-10T10:54:30,1762752270000,SENSEX,hybrid,0.8928571428571429,,15,60,2025-11-10T11:50:30,1762755630000,56,726.2744744919056
2025-11-10T10:54:30,1762752270000,SENSEX,hybrid,0.8928571428571429,,15,60,2025-11-10T11:51:30,1762755690000,57,729.6039642110399
2025-11-10T10:54:30,1762752270000,SENSEX,hybrid,0.8928571428571429,,15,60,2025-11-10T11:52:30,1762755750000,58,728.7211088808865
2025-11-10T10:54:30,1762752270000,SENSEX,hybrid,0.8928571428571429,,15,60,2025-11-10T11:53:30,1762755810000,59,725.6913026969114
2025-11-10T10:54:30,1762752270000,SENSEX,hybrid,0.8928571428571429,,15,60,2025-11-10T11:54:30,1762755870000,60,728.4395239920641
2025-11-10T10:54:30,1762752270000,SENSEX,hybrid,0.8928571428571429,,15,60,2025-11-10T10:55:30,1762752330000,1,731.55
2025-11-10T10:54:30,1762752270000,SENSEX,hybrid,0.8928571428571429,,15,60,2025-11-10T10:56:30,1762752390000,2,731.6430696348325
2025-11-10T10:54:30,1762752270000,SENSEX,hybrid,0.8928571428571429,,15,60,2025-11-10T10:57:30,1762752450000,3,730.7492302935307
2025-11-10T10:54:30,1762752270000,SENSEX,hybrid,0.8928571428571429,,15,60,2025-11-10T10:58:30,1762752510000,4,730.093891335145
2025-11-10T10:54:30,1762752270000,SENSEX,hybrid,0.8928571428571429,,15,60,2025-11-10T10:59:30,1762752570000,5,729.221539665045
2025-11-10T10:54:30,1762752270000,SENSEX,hybrid,0.8928571428571429,,15,60,2025-11-10T11:00:30,1762752630000,6,729.5049720041612
2025-11-10T10:54:30,1762752270000,SENSEX,hybrid,0.8928571428571429,,15,60,2025-11-10T11:01:30,1762752690000,7,731.8747735128132
2025-11-10T10:54:30,1762752270000,SENSEX,hybrid,0.8928571428571429,,15,60,2025-11-10T11:02:30,1762752750000,8,731.706466063552
2025-11-10T10:54:30,1762752270000,SENSEX,hybrid,0.8928571428571429,,15,60,2025-11-10T11:03:30,1762752810000,9,730.3375106478417
2025-11-10T10:54:30,1762752270000,SENSEX,hybrid,0.8928571428571429,,15,60,2025-11-10T11:04:30,1762752870000,10,732.1394203319043
2025-11-10T10:54:30,1762752270000,SENSEX,hybrid,0.8928571428571429,,15,60,2025-11-10T11:05:30,1762752930000,11,731.7791394227027
2025-11-10T10:54:30,1762752270000,SENSEX,hybrid,0.8928571428571429,,15,60,2025-11-10T11:06:30,1762752990000,12,729.2809441870587
2025-11-10T10:54:30,1762752270000,SENSEX,hybrid,0.8928571428571429,,15,60,2025-11-10T11:07:30,1762753050000,13,730.4571863307575
2025-11-10T10:54:30,1762752270000,SENSEX,hybrid,0.8928571428571429,,15,60,2025-11-10T11:08:30,1762753110000,14,729.6871569617194
2025-11-10T10:54:30,1762752270000,SENSEX,hybrid,0.8928571428571429,,15,60,2025-11-10T11:09:30,1762753170000,15,729.6519690902365
2025-11-10T10:54:30,1762752270000,SENSEX,hybrid,0.8928571428571429,,15,60,2025-11-10T11:10:30,1762753230000,16,727.4794084953821
2025-11-10T10:54:30,1762752270000,SENSEX,hybrid,0.8928571428571429,,15,60,2025-11-10T11:11:30,1762753290000,17,728.5259738743677
2025-11-10T10:54:30,1762752270000,SENSEX,hybrid,0.8928571428571429,,15,60,2025-11-10T11:12:30,1762753350000,18,728.551777360027
2025-11-10T10:54:30,1762752270000,SENSEX,hybrid,0.8928571428571429,,15,60,2025-11-10T11:13:30,1762753410000,19,729.6897067650942
2025-11-10T10:54:30,1762752270000,SENSEX,hybrid,0.8928571428571429,,15,60,2025-11-10T11:14:30,1762753470000,20,728.1579694733525
2025-11-10T10:54:30,1762752270000,SENSEX,hybrid,0.8928571428571429,,15,60,2025-11-10T11:15:30,1762753530000,21,729.5911331976528
2025-11-10T10:54:30,1762752270000,SENSEX,hybrid,0.8928571428571429,,15,60,2025-11-10T11:16:30,1762753590000,22,728.8963790927712
2025-11-10T10:54:30,1762752270000,SENSEX,hybrid,0.8928571428571429,,15,60,2025-11-10T11:17:30,1762753650000,23,728.5462619863891
2025-11-10T10:54:30,1762752270000,SENSEX,hybrid,0.8928571428571429,,15,60,2025-11-10T11:18:30,1762753710000,24,728.7757395429487
2025-11-10T10:54:30,1762752270000,SENSEX,hybrid,0.8928571428571429,,15,60,2025-11-10T11:19:30,1762753770000,25,728.6086881839736
2025-11-10T10:54:30,1762752270000,SENSEX,hybrid,0.8928571428571429,,15,60,2025-11-10T11:20:30,1762753830000,26,728.3436827275685
2025-11-10T10:54:30,1762752270000,SENSEX,hybrid,0.8928571428571429,,15,60,2025-11-10T11:21:30,1762753890000,27,729.4587982866697
2025-11-10T10:54:30,1762752270000,SENSEX,hybrid,0.8928571428571429,,15,60,2025-11-10T11:22:30,1762753950000,28,727.017961020427
2025-11-10T10:54:30,1762752270000,SENSEX,hybrid,0.8928571428571429,,15,60,2025-11-10T11:23:30,1762754010000,29,725.896621820482
2025-11-10T10:54:30,1762752270000,SENSEX,hybrid,0.8928571428571429,,15,60,2025-11-10T11:24:30,1762754070000,30,726.9124014165662
2025-11-10T10:54:30,1762752270000,SENSEX,hybrid,0.8928571428571429,,15,60,2025-11-10T11:25:30,1762754130000,31,726.8850502546799
2025-11-10T10:54:30,1762752270000,SENSEX,hybrid,0.8928571428571429,,15,60,2025-11-10T11:26:30,1762754190000,32,725.6779200630666
2025-11-10T10:54:30,1762752270000,SENSEX,hybrid,0.8928571428571429,,15,60,2025-11-10T11:27:30,1762754250000,33,728.2971681282364
2025-11-10T10:54:30,1762752270000,SENSEX,hybrid,0.8928571428571429,,15,60,2025-11-10T11:28:30,1762754310000,34,726.2919806742791
2025-11-10T10:54:30,1762752270000,SENSEX,hybrid,0.8928571428571429,,15,60,2025-11-10T11:29:30,1762754370000,35,725.3905032833605
2025-11-10T10:54:30,1762752270000,SENSEX,hybrid,0.8928571428571429,,15,60,2025-11-10T11:30:30,1762754430000,36,727.9710991659828
2025-11-10T10:54:30,1762752270000,SENSEX,hybrid,0.8928571428571429,,15,60,2025-11-10T11:31:30,1762754490000,37,727.3889038437173
2025-11-10T10:54:30,1762752270000,SENSEX,hybrid,0.8928571428571429,,15,60,2025-11-10T11:32:30,1762754550000,38,725.9723827752786
2025-11-10T10:54:30,1762752270000,SENSEX,hybrid,0.8928571428571429,,15,60,2025-11-10T11:33:30,1762754610000,39,726.7085274330849
2025-11-10T10:54:30,1762752270000,SENSEX,hybrid,0.8928571428571429,,15,60,2025-11-10T11:34:30,1762754670000,40,726.6936632755846
2025-11-10T10:54:30,1762752270000,SENSEX,hybrid,0.8928571428571429,,15,60,2025-11-10T11:35:30,1762754730000,41,725.78272281083
2025-11-10T10:54:30,1762752270000,SENSEX,hybrid,0.8928571428571429,,15,60,2025-11-10T11:36:30,1762754790000,42,725.8500424197834
2025-11-10T10:54:30,1762752270000,SENSEX,hybrid,0.8928571428571429,,15,60,2025-11-10T11:37:30,1762754850000,43,727.1746845715729
2025-11-10T10:54:30,1762752270000,SENSEX,hybrid,0.8928571428571429,,15,60,2025-11-10T11:38:30,1762754910000,44,725.9858936917458
2025-11-10T10:54:30,1762752270000,SENSEX,hybrid,0.8928571428571429,,15,60,2025-11-10T11:39:30,1762754970000,45,727.4798857351897
2025-11-10T10:54:30,1762752270000,SENSEX,hybrid,0.8928571428571429,,15,60,2025-11-10T11:40:30,1762755030000,46,727.5541476572741
2025-11-10T10:54:30,1762752270000,SENSEX,hybrid,0.8928571428571429,,15,60,2025-11-10T11:41:30,1762755090000,47,726.472897864173
2025-11-10T10:54:30,1762752270000,SENSEX,hybrid,0.8928571428571429,,15,60,2025-11-10T11:42:30,1762755150000,48,727.9514508081767
2025-11-10T10:54:30,1762752270000,SENSEX,hybrid,0.8928571428571429,,15,60,2025-11-10T11:43:30,1762755210000,49,728.3132361267863
2025-11-10T10:54:30,1762752270000,SENSEX,hybrid,0.8928571428571429,,15,60,2025-11-10T11:44:30,1762755270000,50,727.3229030636554
2025-11-10T10:54:30,1762752270000,SENSEX,hybrid,0.8928571428571429,,15,60,2025-11-10T11:45:30,1762755330000,51,727.7341656809672
2025-11-10T10:54:30,1762752270000,SENSEX,hybrid,0.8928571428571429,,15,60,2025-11-10T11:46:30,1762755390000,52,727.8150183363528
2025-11-10T10:54:30,1762752270000,SENSEX,hybrid,0.8928571428571429,,15,60,2025-11-10T11:47:30,1762755450000,53,726.4864564803783
2025-11-10T10:54:30,1762752270000,SENSEX,hybrid,0.8928571428571429,,15,60,2025-11-10T11:48:30,1762755510000,54,727.9657527311437
2025-11-10T10:54:30,1762752270000,SENSEX,hybrid,0.8928571428571429,,15,60,2025-11-10T11:49:30,1762755570000,55,728.4793263399454
2025-11-10T10:54:30,1762752270000,SENSEX,hybrid,0.8928571428571429,,15,60,2025-11-10T11:50:30,1762755630000,56,726.2744744919056
2025-11-10T10:54:30,1762752270000,SENSEX,hybrid,0.8928571428571429,,15,60,2025-11-10T11:51:30,1762755690000,57,729.6039642110399
2025-11-10T10:54:30,1762752270000,SENSEX,hybrid,0.8928571428571429,,15,60,2025-11-10T11:52:30,1762755750000,58,728.7211088808865
2025-11-10T10:54:30,1762752270000,SENSEX,hybrid,0.8928571428571429,,15,60,2025-11-10T11:53:30,1762755810000,59,725.6913026969114
2025-11-10T10:54:30,1762752270000,SENSEX,hybrid,0.8928571428571429,,15,60,2025-11-10T11:54:30,1762755870000,60,728.4395239920641
2025-11-10T10:54:30,1762752270000,SENSEX,retrieval,,,20,180,2025-11-10T10:55:30,1762752330000,1,731.55
2025-11-10T10:54:30,1762752270000,SENSEX,retrieval,,,20,180,2025-11-10T10:56:30,1762752390000,2,731.55
2025-11-10T10:54:30,1762752270000,SENSEX,retrieval,,,20,180,2025-11-10T10:57:30,1762752450000,3,731.55
2025-11-10T10:54:30,1762752270000,SENSEX,retrieval,,,20,180,2025-11-10T10:58:30,1762752510000,4,731.55
2025-11-10T10:54:30,1762752270000,SENSEX,retrieval,,,20,180,2025-11-10T10:59:30,1762752570000,5,731.55
2025-11-10T10:54:30,1762752270000,SENSEX,retrieval,,,20,180,2025-11-10T11:00:30,1762752630000,6,731.55
2025-11-10T10:54:30,1762752270000,SENSEX,retrieval,,,20,180,2025-11-10T11:01:30,1762752690000,7,731.55
2025-11-10T10:54:30,1762752270000,SENSEX,retrieval,,,20,180,2025-11-10T11:02:30,1762752750000,8,731.55
2025-11-10T10:54:30,1762752270000,SENSEX,retrieval,,,20,180,2025-11-10T11:03:30,1762752810000,9,731.55
2025-11-10T10:54:30,1762752270000,SENSEX,retrieval,,,20,180,2025-11-10T11:04:30,1762752870000,10,731.55
2025-11-10T10:54:30,1762752270000,SENSEX,retrieval,,,20,180,2025-11-10T11:05:30,1762752930000,11,731.55
2025-11-10T10:54:30,1762752270000,SENSEX,retrieval,,,20,180,2025-11-10T11:06:30,1762752990000,12,731.55
2025-11-10T10:54:30,1762752270000,SENSEX,retrieval,,,20,180,2025-11-10T11:07:30,1762753050000,13,731.55
2025-11-10T10:54:30,1762752270000,SENSEX,retrieval,,,20,180,2025-11-10T11:08:30,1762753110000,14,731.55
2025-11-10T10:54:30,1762752270000,SENSEX,retrieval,,,20,180,2025-11-10T11:09:30,1762753170000,15,731.55
2025-11-10T10:54:30,1762752270000,SENSEX,retrieval,,,20,180,2025-11-10T11:10:30,1762753230000,16,731.55
2025-11-10T10:54:30,1762752270000,SENSEX,retrieval,,,20,180,2025-11-10T11:11:30,1762753290000,17,731.55
2025-11-10T10:54:30,1762752270000,SENSEX,retrieval,,,20,180,2025-11-10T11:12:30,1762753350000,18,731.55
2025-11-10T10:54:30,1762752270000,SENSEX,retrieval,,,20,180,2025-11-10T11:13:30,1762753410000,19,731.55
2025-11-10T10:54:30,1762752270000,SENSEX,retrieval,,,20,180,2025-11-10T11:14:30,1762753470000,20,731.55
2025-11-10T10:54:30,1762752270000,SENSEX,retrieval,,,20,180,2025-11-10T11:15:30,1762753530000,21,731.55
2025-11-10T10:54:30,1762752270000,SENSEX,retrieval,,,20,180,2025-11-10T11:16:30,1762753590000,22,731.55
2025-11-10T10:54:30,1762752270000,SENSEX,retrieval,,,20,180,2025-11-10T11:17:30,1762753650000,23,731.55
2025-11-10T10:54:30,1762752270000,SENSEX,retrieval,,,20,180,2025-11-10T11:18:30,1762753710000,24,731.55
2025-11-10T10:54:30,1762752270000,SENSEX,retrieval,,,20,180,2025-11-10T11:19:30,1762753770000,25,731.55
2025-11-10T10:54:30,1762752270000,SENSEX,retrieval,,,20,180,2025-11-10T11:20:30,1762753830000,26,731.55
2025-11-10T10:54:30,1762752270000,SENSEX,retrieval,,,20,180,2025-11-10T11:21:30,1762753890000,27,731.55
2025-11-10T10:54:30,1762752270000,SENSEX,retrieval,,,20,180,2025-11-10T11:22:30,1762753950000,28,731.55
2025-11-10T10:54:30,1762752270000,SENSEX,retrieval,,,20,180,2025-11-10T11:23:30,1762754010000,29,731.55
2025-11-10T10:54:30,1762752270000,SENSEX,retrieval,,,20,180,2025-11-10T11:24:30,1762754070000,30,731.55
2025-11-10T10:54:30,1762752270000,SENSEX,retrieval,,,20,180,2025-11-10T11:25:30,1762754130000,31,731.55
2025-11-10T10:54:30,1762752270000,SENSEX,retrieval,,,20,180,2025-11-10T11:26:30,1762754190000,32,731.55
2025-11-10T10:54:30,1762752270000,SENSEX,retrieval,,,20,180,2025-11-10T11:27:30,1762754250000,33,731.55
2025-11-10T10:54:30,1762752270000,SENSEX,retrieval,,,20,180,2025-11-10T11:28:30,1762754310000,34,731.55
2025-11-10T10:54:30,1762752270000,SENSEX,retrieval,,,20,180,2025-11-10T11:29:30,1762754370000,35,731.55
2025-11-10T10:54:30,1762752270000,SENSEX,retrieval,,,20,180,2025-11-10T11:30:30,1762754430000,36,731.55
2025-11-10T10:54:30,1762752270000,SENSEX,retrieval,,,20,180,2025-11-10T11:31:30,1762754490000,37,731.55
2025-11-10T10:54:30,1762752270000,SENSEX,retrieval,,,20,180,2025-11-10T11:32:30,1762754550000,38,731.55
2025-11-10T10:54:30,1762752270000,SENSEX,retrieval,,,20,180,2025-11-10T11:33:30,1762754610000,39,731.55
2025-11-10T10:54:30,1762752270000,SENSEX,retrieval,,,20,180,2025-11-10T11:34:30,1762754670000,40,731.55
2025-11-10T10:54:30,1762752270000,SENSEX,retrieval,,,20,180,2025-11-10T11:35:30,1762754730000,41,731.55
2025-11-10T10:54:30,1762752270000,SENSEX,retrieval,,,20,180,2025-11-10T11:36:30,1762754790000,42,731.55
2025-11-10T10:54:30,1762752270000,SENSEX,retrieval,,,20,180,2025-11-10T11:37:30,1762754850000,43,731.55
2025-11-10T10:54:30,1762752270000,SENSEX,retrieval,,,20,180,2025-11-10T11:38:30,1762754910000,44,731.55
2025-11-10T10:54:30,1762752270000,SENSEX,retrieval,,,20,180,2025-11-10T11:39:30,1762754970000,45,731.55
2025-11-10T10:54:30,1762752270000,SENSEX,retrieval,,,20,180,2025-11-10T11:40:30,1762755030000,46,731.55
2025-11-10T10:54:30,1762752270000,SENSEX,retrieval,,,20,180,2025-11-10T11:41:30,1762755090000,47,731.55
2025-11-10T10:54:30,1762752270000,SENSEX,retrieval,,,20,180,2025-11-10T11:42:30,1762755150000,48,731.55
2025-11-10T10:54:30,1762752270000,SENSEX,retrieval,,,20,180,2025-11-10T11:43:30,1762755210000,49,731.55
2025-11-10T10:54:30,1762752270000,SENSEX,retrieval,,,20,180,2025-11-10T11:44:30,1762755270000,50,731.55
2025-11-10T10:54:30,1762752270000,SENSEX,retrieval,,,20,180,2025-11-10T11:45:30,1762755330000,51,731.55
2025-11-10T10:54:30,1762752270000,SENSEX,retrieval,,,20,180,2025-11-10T11:46:30,1762755390000,52,731.55
2025-11-10T10:54:30,1762752270000,SENSEX,retrieval,,,20,180,2025-11-10T11:47:30,1762755450000,53,731.55
2025-11-10T10:54:30,1762752270000,SENSEX,retrieval,,,20,180,2025-11-10T11:48:30,1762755510000,54,731.55
2025-11-10T10:54:30,1762752270000,SENSEX,retrieval,,,20,180,2025-11-10T11:49:30,1762755570000,55,731.55
2025-11-10T10:54:30,1762752270000,SENSEX,retrieval,,,20,180,2025-11-10T11:50:30,1762755630000,56,731.55
2025-11-10T10:54:30,1762752270000,SENSEX,retrieval,,,20,180,2025-11-10T11:51:30,1762755690000,57,731.55
2025-11-10T10:54:30,1762752270000,SENSEX,retrieval,,,20,180,2025-11-10T11:52:30,1762755750000,58,731.55
2025-11-10T10:54:30,1762752270000,SENSEX,retrieval,,,20,180,2025-11-10T11:53:30,1762755810000,59,731.55
2025-11-10T10:54:30,1762752270000,SENSEX,retrieval,,,20,180,2025-11-10T11:54:30,1762755870000,60,731.55
2025-11-10T10:54:30,1762752270000,SENSEX,retrieval,,,20,180,2025-11-10T10:55:30,1762752330000,1,731.55
2025-11-10T10:54:30,1762752270000,SENSEX,retrieval,,,20,180,2025-11-10T10:56:30,1762752390000,2,731.55
2025-11-10T10:54:30,1762752270000,SENSEX,retrieval,,,20,180,2025-11-10T10:57:30,1762752450000,3,731.55
2025-11-10T10:54:30,1762752270000,SENSEX,retrieval,,,20,180,2025-11-10T10:58:30,1762752510000,4,731.55
2025-11-10T10:54:30,1762752270000,SENSEX,retrieval,,,20,180,2025-11-10T10:59:30,1762752570000,5,731.55
2025-11-10T10:54:30,1762752270000,SENSEX,retrieval,,,20,180,2025-11-10T11:00:30,1762752630000,6,731.55
2025-11-10T10:54:30,1762752270000,SENSEX,retrieval,,,20,180,2025-11-10T11:01:30,1762752690000,7,731.55
2025-11-10T10:54:30,1762752270000,SENSEX,retrieval,,,20,180,2025-11-10T11:02:30,1762752750000,8,731.55
2025-11-10T10:54:30,1762752270000,SENSEX,retrieval,,,20,180,2025-11-10T11:03:30,1762752810000,9,731.55
2025-11-10T10:54:30,1762752270000,SENSEX,retrieval,,,20,180,2025-11-10T11:04:30,1762752870000,10,731.55
2025-11-10T10:54:30,1762752270000,SENSEX,retrieval,,,20,180,2025-11-10T11:05:30,1762752930000,11,731.55
2025-11-10T10:54:30,1762752270000,SENSEX,retrieval,,,20,180,2025-11-10T11:06:30,1762752990000,12,731.55
2025-11-10T10:54:30,1762752270000,SENSEX,retrieval,,,20,180,2025-11-10T11:07:30,1762753050000,13,731.55
2025-11-10T10:54:30,1762752270000,SENSEX,retrieval,,,20,180,2025-11-10T11:08:30,1762753110000,14,731.55
2025-11-10T10:54:30,1762752270000,SENSEX,retrieval,,,20,180,2025-11-10T11:09:30,1762753170000,15,731.55
2025-11-10T10:54:30,1762752270000,SENSEX,retrieval,,,20,180,2025-11-10T11:10:30,1762753230000,16,731.55
2025-11-10T10:54:30,1762752270000,SENSEX,retrieval,,,20,180,2025-11-10T11:11:30,1762753290000,17,731.55
2025-11-10T10:54:30,1762752270000,SENSEX,retrieval,,,20,180,2025-11-10T11:12:30,1762753350000,18,731.55
2025-11-10T10:54:30,1762752270000,SENSEX,retrieval,,,20,180,2025-11-10T11:13:30,1762753410000,19,731.55
2025-11-10T10:54:30,1762752270000,SENSEX,retrieval,,,20,180,2025-11-10T11:14:30,1762753470000,20,731.55
2025-11-10T10:54:30,1762752270000,SENSEX,retrieval,,,20,180,2025-11-10T11:15:30,1762753530000,21,731.55
2025-11-10T10:54:30,1762752270000,SENSEX,retrieval,,,20,180,2025-11-10T11:16:30,1762753590000,22,731.55
2025-11-10T10:54:30,1762752270000,SENSEX,retrieval,,,20,180,2025-11-10T11:17:30,1762753650000,23,731.55
2025-11-10T10:54:30,1762752270000,SENSEX,retrieval,,,20,180,2025-11-10T11:18:30,1762753710000,24,731.55
2025-11-10T10:54:30,1762752270000,SENSEX,retrieval,,,20,180,2025-11-10T11:19:30,1762753770000,25,731.55
2025-11-10T10:54:30,1762752270000,SENSEX,retrieval,,,20,180,2025-11-10T11:20:30,1762753830000,26,731.55
2025-11-10T10:54:30,1762752270000,SENSEX,retrieval,,,20,180,2025-11-10T11:21:30,1762753890000,27,731.55
2025-11-10T10:54:30,1762752270000,SENSEX,retrieval,,,20,180,2025-11-10T11:22:30,1762753950000,28,731.55
2025-11-10T10:54:30,1762752270000,SENSEX,retrieval,,,20,180,2025-11-10T11:23:30,1762754010000,29,731.55
2025-11-10T10:54:30,1762752270000,SENSEX,retrieval,,,20,180,2025-11-10T11:24:30,1762754070000,30,731.55
2025-11-10T10:54:30,1762752270000,SENSEX,retrieval,,,20,180,2025-11-10T11:25:30,1762754130000,31,731.55
2025-11-10T10:54:30,1762752270000,SENSEX,retrieval,,,20,180,2025-11-10T11:26:30,1762754190000,32,731.55
2025-11-10T10:54:30,1762752270000,SENSEX,retrieval,,,20,180,2025-11-10T11:27:30,1762754250000,33,731.55
2025-11-10T10:54:30,1762752270000,SENSEX,retrieval,,,20,180,2025-11-10T11:28:30,1762754310000,34,731.55
2025-11-10T10:54:30,1762752270000,SENSEX,retrieval,,,20,180,2025-11-10T11:29:30,1762754370000,35,731.55
2025-11-10T10:54:30,1762752270000,SENSEX,retrieval,,,20,180,2025-11-10T11:30:30,1762754430000,36,731.55
2025-11-10T10:54:30,1762752270000,SENSEX,retrieval,,,20,180,2025-11-10T11:31:30,1762754490000,37,731.55
2025-11-10T10:54:30,1762752270000,SENSEX,retrieval,,,20,180,2025-11-10T11:32:30,1762754550000,38,731.55
2025-11-10T10:54:30,1762752270000,SENSEX,retrieval,,,20,180,2025-11-10T11:33:30,1762754610000,39,731.55
2025-11-10T10:54:30,1762752270000,SENSEX,retrieval,,,20,180,2025-11-10T11:34:30,1762754670000,40,731.55
2025-11-10T10:54:30,1762752270000,SENSEX,retrieval,,,20,180,2025-11-10T11:35:30,1762754730000,41,731.55
2025-11-10T10:54:30,1762752270000,SENSEX,retrieval,,,20,180,2025-11-10T11:36:30,1762754790000,42,731.55
2025-11-10T10:54:30,1762752270000,SENSEX,retrieval,,,20,180,2025-11-10T11:37:30,1762754850000,43,731.55
2025-11-10T10:54:30,1762752270000,SENSEX,retrieval,,,20,180,2025-11-10T11:38:30,1762754910000,44,731.55
2025-11-10T10:54:30,1762752270000,SENSEX,retrieval,,,20,180,2025-11-10T11:39:30,1762754970000,45,731.55
2025-11-10T10:54:30,1762752270000,SENSEX,retrieval,,,20,180,2025-11-10T11:40:30,1762755030000,46,731.55
2025-11-10T10:54:30,1762752270000,SENSEX,retrieval,,,20,180,2025-11-10T11:41:30,1762755090000,47,731.55
2025-11-10T10:54:30,1762752270000,SENSEX,retrieval,,,20,180,2025-11-10T11:42:30,1762755150000,48,731.55
2025-11-10T10:54:30,1762752270000,SENSEX,retrieval,,,20,180,2025-11-10T11:43:30,1762755210000,49,731.55
2025-11-10T10:54:30,1762752270000,SENSEX,retrieval,,,20,180,2025-11-10T11:44:30,1762755270000,50,731.55
2025-11-10T10:54:30,1762752270000,SENSEX,retrieval,,,20,180,2025-11-10T11:45:30,1762755330000,51,731.55
2025-11-10T10:54:30,1762752270000,SENSEX,retrieval,,,20,180,2025-11-10T11:46:30,1762755390000,52,731.55
2025-11-10T10:54:30,1762752270000,SENSEX,retrieval,,,20,180,2025-11-10T11:47:30,1762755450000,53,731.55
2025-11-10T10:54:30,1762752270000,SENSEX,retrieval,,,20,180,2025-11-10T11:48:30,1762755510000,54,731.55
2025-11-10T10:54:30,1762752270000,SENSEX,retrieval,,,20,180,2025-11-10T11:49:30,1762755570000,55,731.55
2025-11-10T10:54:30,1762752270000,SENSEX,retrieval,,,20,180,2025-11-10T11:50:30,1762755630000,56,731.55
2025-11-10T10:54:30,1762752270000,SENSEX,retrieval,,,20,180,2025-11-10T11:51:30,1762755690000,57,731.55
2025-11-10T10:54:30,1762752270000,SENSEX,retrieval,,,20,180,2025-11-10T11:52:30,1762755750000,58,731.55
2025-11-10T10:54:30,1762752270000,SENSEX,retrieval,,,20,180,2025-11-10T11:53:30,1762755810000,59,731.55
2025-11-10T10:54:30,1762752270000,SENSEX,retrieval,,,20,180,2025-11-10T11:54:30,1762755870000,60,731.55
2025-11-10T10:55:00,1762752300000,SENSEX,retrieval,,,20,180,2025-11-10T10:56:00,1762752360000,1,731.0
2025-11-10T10:55:00,1762752300000,SENSEX,retrieval,,,20,180,2025-11-10T10:57:00,1762752420000,2,731.0
2025-11-10T10:55:00,1762752300000,SENSEX,retrieval,,,20,180,2025-11-10T10:58:00,1762752480000,3,731.0
2025-11-10T10:55:00,1762752300000,SENSEX,retrieval,,,20,180,2025-11-10T10:59:00,1762752540000,4,731.0
2025-11-10T10:55:00,1762752300000,SENSEX,retrieval,,,20,180,2025-11-10T11:00:00,1762752600000,5,731.0
2025-11-10T10:55:00,1762752300000,SENSEX,retrieval,,,20,180,2025-11-10T11:01:00,1762752660000,6,731.0
2025-11-10T10:55:00,1762752300000,SENSEX,retrieval,,,20,180,2025-11-10T11:02:00,1762752720000,7,731.0
2025-11-10T10:55:00,1762752300000,SENSEX,retrieval,,,20,180,2025-11-10T11:03:00,1762752780000,8,731.0
2025-11-10T10:55:00,1762752300000,SENSEX,retrieval,,,20,180,2025-11-10T11:04:00,1762752840000,9,731.0
2025-11-10T10:55:00,1762752300000,SENSEX,retrieval,,,20,180,2025-11-10T11:05:00,1762752900000,10,731.0
2025-11-10T10:55:00,1762752300000,SENSEX,retrieval,,,20,180,2025-11-10T11:06:00,1762752960000,11,731.0
2025-11-10T10:55:00,1762752300000,SENSEX,retrieval,,,20,180,2025-11-10T11:07:00,1762753020000,12,731.0
2025-11-10T10:55:00,1762752300000,SENSEX,retrieval,,,20,180,2025-11-10T11:08:00,1762753080000,13,731.0
2025-11-10T10:55:00,1762752300000,SENSEX,retrieval,,,20,180,2025-11-10T11:09:00,1762753140000,14,731.0
2025-11-10T10:55:00,1762752300000,SENSEX,retrieval,,,20,180,2025-11-10T11:10:00,1762753200000,15,731.0
2025-11-10T10:55:00,1762752300000,SENSEX,retrieval,,,20,180,2025-11-10T11:11:00,1762753260000,16,731.0
2025-11-10T10:55:00,1762752300000,SENSEX,retrieval,,,20,180,2025-11-10T11:12:00,1762753320000,17,731.0
2025-11-10T10:55:00,1762752300000,SENSEX,retrieval,,,20,180,2025-11-10T11:13:00,1762753380000,18,731.0
2025-11-10T10:55:00,1762752300000,SENSEX,retrieval,,,20,180,2025-11-10T11:14:00,1762753440000,19,731.0
2025-11-10T10:55:00,1762752300000,SENSEX,retrieval,,,20,180,2025-11-10T11:15:00,1762753500000,20,731.0
2025-11-10T10:55:00,1762752300000,SENSEX,retrieval,,,20,180,2025-11-10T11:16:00,1762753560000,21,731.0
2025-11-10T10:55:00,1762752300000,SENSEX,retrieval,,,20,180,2025-11-10T11:17:00,1762753620000,22,731.0
2025-11-10T10:55:00,1762752300000,SENSEX,retrieval,,,20,180,2025-11-10T11:18:00,1762753680000,23,731.0
2025-11-10T10:55:00,1762752300000,SENSEX,retrieval,,,20,180,2025-11-10T11:19:00,1762753740000,24,731.0
2025-11-10T10:55:00,1762752300000,SENSEX,retrieval,,,20,180,2025-11-10T11:20:00,1762753800000,25,731.0
2025-11-10T10:55:00,1762752300000,SENSEX,retrieval,,,20,180,2025-11-10T11:21:00,1762753860000,26,731.0
2025-11-10T10:55:00,1762752300000,SENSEX,retrieval,,,20,180,2025-11-10T11:22:00,1762753920000,27,731.0
2025-11-10T10:55:00,1762752300000,SENSEX,retrieval,,,20,180,2025-11-10T11:23:00,1762753980000,28,731.0
2025-11-10T10:55:00,1762752300000,SENSEX,retrieval,,,20,180,2025-11-10T11:24:00,1762754040000,29,731.0
2025-11-10T10:55:00,1762752300000,SENSEX,retrieval,,,20,180,2025-11-10T11:25:00,1762754100000,30,731.0
2025-11-10T10:55:00,1762752300000,SENSEX,retrieval,,,20,180,2025-11-10T11:26:00,1762754160000,31,731.0
2025-11-10T10:55:00,1762752300000,SENSEX,retrieval,,,20,180,2025-11-10T11:27:00,1762754220000,32,731.0
2025-11-10T10:55:00,1762752300000,SENSEX,retrieval,,,20,180,2025-11-10T11:28:00,1762754280000,33,731.0
2025-11-10T10:55:00,1762752300000,SENSEX,retrieval,,,20,180,2025-11-10T11:29:00,1762754340000,34,731.0
2025-11-10T10:55:00,1762752300000,SENSEX,retrieval,,,20,180,2025-11-10T11:30:00,1762754400000,35,731.0
2025-11-10T10:55:00,1762752300000,SENSEX,retrieval,,,20,180,2025-11-10T11:31:00,1762754460000,36,731.0
2025-11-10T10:55:00,1762752300000,SENSEX,retrieval,,,20,180,2025-11-10T11:32:00,1762754520000,37,731.0
2025-11-10T10:55:00,1762752300000,SENSEX,retrieval,,,20,180,2025-11-10T11:33:00,1762754580000,38,731.0
2025-11-10T10:55:00,1762752300000,SENSEX,retrieval,,,20,180,2025-11-10T11:34:00,1762754640000,39,731.0
2025-11-10T10:55:00,1762752300000,SENSEX,retrieval,,,20,180,2025-11-10T11:35:00,1762754700000,40,731.0
2025-11-10T10:55:00,1762752300000,SENSEX,retrieval,,,20,180,2025-11-10T11:36:00,1762754760000,41,731.0
2025-11-10T10:55:00,1762752300000,SENSEX,retrieval,,,20,180,2025-11-10T11:37:00,1762754820000,42,731.0
2025-11-10T10:55:00,1762752300000,SENSEX,retrieval,,,20,180,2025-11-10T11:38:00,1762754880000,43,731.0
2025-11-10T10:55:00,1762752300000,SENSEX,retrieval,,,20,180,2025-11-10T11:39:00,1762754940000,44,731.0
2025-11-10T10:55:00,1762752300000,SENSEX,retrieval,,,20,180,2025-11-10T11:40:00,1762755000000,45,731.0
2025-11-10T10:55:00,1762752300000,SENSEX,retrieval,,,20,180,2025-11-10T11:41:00,1762755060000,46,731.0
2025-11-10T10:55:00,1762752300000,SENSEX,retrieval,,,20,180,2025-11-10T11:42:00,1762755120000,47,731.0
2025-11-10T10:55:00,1762752300000,SENSEX,retrieval,,,20,180,2025-11-10T11:43:00,1762755180000,48,731.0
2025-11-10T10:55:00,1762752300000,SENSEX,retrieval,,,20,180,2025-11-10T11:44:00,1762755240000,49,731.0
2025-11-10T10:55:00,1762752300000,SENSEX,retrieval,,,20,180,2025-11-10T11:45:00,1762755300000,50,731.0
2025-11-10T10:55:00,1762752300000,SENSEX,retrieval,,,20,180,2025-11-10T11:46:00,1762755360000,51,731.0
2025-11-10T10:55:00,1762752300000,SENSEX,retrieval,,,20,180,2025-11-10T11:47:00,1762755420000,52,731.0
2025-11-10T10:55:00,1762752300000,SENSEX,retrieval,,,20,180,2025-11-10T11:48:00,1762755480000,53,731.0
2025-11-10T10:55:00,1762752300000,SENSEX,retrieval,,,20,180,2025-11-10T11:49:00,1762755540000,54,731.0
2025-11-10T10:55:00,1762752300000,SENSEX,retrieval,,,20,180,2025-11-10T11:50:00,1762755600000,55,731.0
2025-11-10T10:55:00,1762752300000,SENSEX,retrieval,,,20,180,2025-11-10T11:51:00,1762755660000,56,731.0
2025-11-10T10:55:00,1762752300000,SENSEX,retrieval,,,20,180,2025-11-10T11:52:00,1762755720000,57,731.0
2025-11-10T10:55:00,1762752300000,SENSEX,retrieval,,,20,180,2025-11-10T11:53:00,1762755780000,58,731.0
2025-11-10T10:55:00,1762752300000,SENSEX,retrieval,,,20,180,2025-11-10T11:54:00,1762755840000,59,731.0
2025-11-10T10:55:00,1762752300000,SENSEX,retrieval,,,20,180,2025-11-10T11:55:00,1762755900000,60,731.0
2025-11-10T11:26:00,1762754160000,SENSEX,hybrid,0.8846153846153846,21,20,180,2025-11-10T11:27:00,1762754220000,1,730.1
2025-11-10T11:26:00,1762754160000,SENSEX,hybrid,0.8846153846153846,21,20,180,2025-11-10T11:28:00,1762754280000,2,726.9577144401065
2025-11-10T11:26:00,1762754160000,SENSEX,hybrid,0.8846153846153846,21,20,180,2025-11-10T11:29:00,1762754340000,3,730.0011531286615
2025-11-10T11:26:00,1762754160000,SENSEX,hybrid,0.8846153846153846,21,20,180,2025-11-10T11:30:00,1762754400000,4,729.5115983666791
2025-11-10T11:26:00,1762754160000,SENSEX,hybrid,0.8846153846153846,21,20,180,2025-11-10T11:31:00,1762754460000,5,725.5992295807528
2025-11-10T11:26:00,1762754160000,SENSEX,hybrid,0.8846153846153846,21,20,180,2025-11-10T11:32:00,1762754520000,6,729.9383601902001
2025-11-10T11:26:00,1762754160000,SENSEX,hybrid,0.8846153846153846,21,20,180,2025-11-10T11:33:00,1762754580000,7,729.2359701633327
2025-11-10T11:26:00,1762754160000,SENSEX,hybrid,0.8846153846153846,21,20,180,2025-11-10T11:34:00,1762754640000,8,726.7985330555714
2025-11-10T11:26:00,1762754160000,SENSEX,hybrid,0.8846153846153846,21,20,180,2025-11-10T11:35:00,1762754700000,9,729.4777309201882
2025-11-10T11:26:00,1762754160000,SENSEX,hybrid,0.8846153846153846,21,20,180,2025-11-10T11:36:00,1762754760000,10,728.457869383038
2025-11-10T11:26:00,1762754160000,SENSEX,hybrid,0.8846153846153846,21,20,180,2025-11-10T11:37:00,1762754820000,11,726.1227959418442
2025-11-10T11:26:00,1762754160000,SENSEX,hybrid,0.8846153846153846,21,20,180,2025-11-10T11:38:00,1762754880000,12,727.9281747708525
2025-11-10T11:26:00,1762754160000,SENSEX,hybrid,0.8846153846153846,21,20,180,2025-11-10T11:39:00,1762754940000,13,728.614818353931
2025-11-10T11:26:00,1762754160000,SENSEX,hybrid,0.8846153846153846,21,20,180,2025-11-10T11:40:00,1762755000000,14,725.4708486166088
2025-11-10T11:26:00,1762754160000,SENSEX,hybrid,0.8846153846153846,21,20,180,2025-11-10T11:41:00,1762755060000,15,725.31936215465
2025-11-10T11:26:00,1762754160000,SENSEX,hybrid,0.8846153846153846,21,20,180,2025-11-10T11:42:00,1762755120000,16,725.8642531192492
2025-11-10T11:26:00,1762754160000,SENSEX,hybrid,0.8846153846153846,21,20,180,2025-11-10T11:43:00,1762755180000,17,722.7571036407674
2025-11-10T11:26:00,1762754160000,SENSEX,hybrid,0.8846153846153846,21,20,180,2025-11-10T11:44:00,1762755240000,18,724.3508551691668
2025-11-10T11:26:00,1762754160000,SENSEX,hybrid,0.8846153846153846,21,20,180,2025-11-10T11:45:00,1762755300000,19,727.0117595423011
2025-11-10T11:26:00,1762754160000,SENSEX,hybrid,0.8846153846153846,21,20,180,2025-11-10T11:46:00,1762755360000,20,724.1873215283009
2025-11-10T11:26:00,1762754160000,SENSEX,hybrid,0.8846153846153846,21,20,180,2025-11-10T11:47:00,1762755420000,21,728.0522713247238
2025-11-10T11:26:00,1762754160000,SENSEX,hybrid,0.8846153846153846,21,20,180,2025-11-10T11:48:00,1762755480000,22,727.0516576271351
2025-11-10T11:26:00,1762754160000,SENSEX,hybrid,0.8846153846153846,21,20,180,2025-11-10T11:49:00,1762755540000,23,725.7244119477541
2025-11-10T11:26:00,1762754160000,SENSEX,hybrid,0.8846153846153846,21,20,180,2025-11-10T11:50:00,1762755600000,24,729.7213855919485
2025-11-10T11:26:00,1762754160000,SENSEX,hybrid,0.8846153846153846,21,20,180,2025-11-10T11:51:00,1762755660000,25,730.6020964911144
2025-11-10T11:26:00,1762754160000,SENSEX,hybrid,0.8846153846153846,21,20,180,2025-11-10T11:52:00,1762755720000,26,726.7799767220769
2025-11-10T11:26:00,1762754160000,SENSEX,hybrid,0.8846153846153846,21,20,180,2025-11-10T11:53:00,1762755780000,27,730.5490655112694
2025-11-10T11:26:00,1762754160000,SENSEX,hybrid,0.8846153846153846,21,20,180,2025-11-10T11:54:00,1762755840000,28,729.9291824135956
2025-11-10T11:26:00,1762754160000,SENSEX,hybrid,0.8846153846153846,21,20,180,2025-11-10T11:55:00,1762755900000,29,726.5322519020075
2025-11-10T11:26:00,1762754160000,SENSEX,hybrid,0.8846153846153846,21,20,180,2025-11-10T11:56:00,1762755960000,30,729.8277222064439
2025-11-10T11:26:00,1762754160000,SENSEX,hybrid,0.8846153846153846,21,20,180,2025-11-10T11:57:00,1762756020000,31,729.6828905530296
2025-11-10T11:26:00,1762754160000,SENSEX,hybrid,0.8846153846153846,21,20,180,2025-11-10T11:58:00,1762756080000,32,725.4435310209409
2025-11-10T11:26:00,1762754160000,SENSEX,hybrid,0.8846153846153846,21,20,180,2025-11-10T11:59:00,1762756140000,33,728.5557909582336
2025-11-10T11:26:00,1762754160000,SENSEX,hybrid,0.8846153846153846,21,20,180,2025-11-10T12:00:00,1762756200000,34,729.2633780321833
2025-11-10T11:26:00,1762754160000,SENSEX,hybrid,0.8846153846153846,21,20,180,2025-11-10T12:01:00,1762756260000,35,725.0218611826081
2025-11-10T11:26:00,1762754160000,SENSEX,hybrid,0.8846153846153846,21,20,180,2025-11-10T12:02:00,1762756320000,36,727.7402713505124
2025-11-10T11:26:00,1762754160000,SENSEX,hybrid,0.8846153846153846,21,20,180,2025-11-10T12:03:00,1762756380000,37,728.5942358241869
2025-11-10T11:26:00,1762754160000,SENSEX,hybrid,0.8846153846153846,21,20,180,2025-11-10T12:04:00,1762756440000,38,724.5879034620446
2025-11-10T11:26:00,1762754160000,SENSEX,hybrid,0.8846153846153846,21,20,180,2025-11-10T12:05:00,1762756500000,39,728.1262479042017
2025-11-10T11:26:00,1762754160000,SENSEX,hybrid,0.8846153846153846,21,20,180,2025-11-10T12:06:00,1762756560000,40,728.0262657124068
2025-11-10T11:26:00,1762754160000,SENSEX,hybrid,0.8846153846153846,21,20,180,2025-11-10T12:07:00,1762756620000,41,721.2013346079702
2025-11-10T11:26:00,1762754160000,SENSEX,hybrid,0.8846153846153846,21,20,180,2025-11-10T12:08:00,1762756680000,42,725.36252760858
2025-11-10T11:26:00,1762754160000,SENSEX,hybrid,0.8846153846153846,21,20,180,2025-11-10T12:09:00,1762756740000,43,725.8919562628149
2025-11-10T11:26:00,1762754160000,SENSEX,hybrid,0.8846153846153846,21,20,180,2025-11-10T12:10:00,1762756800000,44,724.6421965737902
2025-11-10T11:26:00,1762754160000,SENSEX,hybrid,0.8846153846153846,21,20,180,2025-11-10T12:11:00,1762756860000,45,726.3103337045709
2025-11-10T11:26:00,1762754160000,SENSEX,hybrid,0.8846153846153846,21,20,180,2025-11-10T12:12:00,1762756920000,46,725.3490480162961
2025-11-10T11:26:00,1762754160000,SENSEX,hybrid,0.8846153846153846,21,20,180,2025-11-10T12:13:00,1762756980000,47,724.2735071555347
2025-11-10T11:26:00,1762754160000,SENSEX,hybrid,0.8846153846153846,21,20,180,2025-11-10T12:14:00,1762757040000,48,727.9540476394403
2025-11-10T11:26:00,1762754160000,SENSEX,hybrid,0.8846153846153846,21,20,180,2025-11-10T12:15:00,1762757100000,49,727.1704354810015
2025-11-10T11:26:00,1762754160000,SENSEX,hybrid,0.8846153846153846,21,20,180,2025-11-10T12:16:00,1762757160000,50,722.524459613923
2025-11-10T11:26:00,1762754160000,SENSEX,hybrid,0.8846153846153846,21,20,180,2025-11-10T12:17:00,1762757220000,51,724.347793291671
2025-11-10T11:26:00,1762754160000,SENSEX,hybrid,0.8846153846153846,21,20,180,2025-11-10T12:18:00,1762757280000,52,723.5874435051034
2025-11-10T11:26:00,1762754160000,SENSEX,hybrid,0.8846153846153846,21,20,180,2025-11-10T12:19:00,1762757340000,53,719.3158698648281
2025-11-10T11:26:00,1762754160000,SENSEX,hybrid,0.8846153846153846,21,20,180,2025-11-10T12:20:00,1762757400000,54,724.6789540070696
2025-11-10T11:26:00,1762754160000,SENSEX,hybrid,0.8846153846153846,21,20,180,2025-11-10T12:21:00,1762757460000,55,723.5079754484134
2025-11-10T11:26:00,1762754160000,SENSEX,hybrid,0.8846153846153846,21,20,180,2025-11-10T12:22:00,1762757520000,56,717.8446332378588
2025-11-10T11:26:00,1762754160000,SENSEX,hybrid,0.8846153846153846,21,20,180,2025-11-10T12:23:00,1762757580000,57,724.3352617937691
2025-11-10T11:26:00,1762754160000,SENSEX,hybrid,0.8846153846153846,21,20,180,2025-11-10T12:24:00,1762757640000,58,723.2616627852619
2025-11-10T11:26:00,1762754160000,SENSEX,hybrid,0.8846153846153846,21,20,180,2025-11-10T12:25:00,1762757700000,59,719.094687520027
2025-11-10T11:26:00,1762754160000,SENSEX,hybrid,0.8846153846153846,21,20,180,2025-11-10T12:26:00,1762757760000,60,723.1782099156226
2025-11-10T11:26:00,1762754160000,SENSEX,hybrid,0.8928571428571429,,15,120,2025-11-10T11:27:00,1762754220000,1,730.1
2025-11-10T11:26:00,1762754160000,SENSEX,hybrid,0.8928571428571429,,15,120,2025-11-10T11:28:00,1762754280000,2,725.4010248677782
2025-11-10T11:26:00,1762754160000,SENSEX,hybrid,0.8928571428571429,,15,120,2025-11-10T11:29:00,1762754340000,3,731.3555371183878
2025-11-10T11:26:00,1762754160000,SENSEX,hybrid,0.8928571428571429,,15,120,2025-11-10T11:30:00,1762754400000,4,732.9768045148368
2025-11-10T11:26:00,1762754160000,SENSEX,hybrid,0.8928571428571429,,15,120,2025-11-10T11:31:00,1762754460000,5,727.7539588355221
2025-11-10T11:26:00,1762754160000,SENSEX,hybrid,0.8928571428571429,,15,120,2025-11-10T11:32:00,1762754520000,6,732.0998779457195
2025-11-10T11:26:00,1762754160000,SENSEX,hybrid,0.8928571428571429,,15,120,2025-11-10T11:33:00,1762754580000,7,732.2565244770686
2025-11-10T11:26:00,1762754160000,SENSEX,hybrid,0.8928571428571429,,15,120,2025-11-10T11:34:00,1762754640000,8,727.0190248002921
2025-11-10T11:26:00,1762754160000,SENSEX,hybrid,0.8928571428571429,,15,120,2025-11-10T11:35:00,1762754700000,9,730.2249230039779
2025-11-10T11:26:00,1762754160000,SENSEX,hybrid,0.8928571428571429,,15,120,2025-11-10T11:36:00,1762754760000,10,731.76517699506
2025-11-10T11:26:00,1762754160000,SENSEX,hybrid,0.8928571428571429,,15,120,2025-11-10T11:37:00,1762754820000,11,728.3440966250763
2025-11-10T11:26:00,1762754160000,SENSEX,hybrid,0.8928571428571429,,15,120,2025-11-10T11:38:00,1762754880000,12,734.0898977994442
2025-11-10T11:26:00,1762754160000,SENSEX,hybrid,0.8928571428571429,,15,120,2025-11-10T11:39:00,1762754940000,13,729.3761035452661
2025-11-10T11:26:00,1762754160000,SENSEX,hybrid,0.8928571428571429,,15,120,2025-11-10T11:40:00,1762755000000,14,726.0841657926131
2025-11-10T11:26:00,1762754160000,SENSEX,hybrid,0.8928571428571429,,15,120,2025-11-10T11:41:00,1762755060000,15,728.570567797945
2025-11-10T11:26:00,1762754160000,SENSEX,hybrid,0.8928571428571429,,15,120,2025-11-10T11:42:00,1762755120000,16,724.6145137249101
2025-11-10T11:26:00,1762754160000,SENSEX,hybrid,0.8928571428571429,,15,120,2025-11-10T11:43:00,1762755180000,17,722.6615029830381
2025-11-10T11:26:00,1762754160000,SENSEX,hybrid,0.8928571428571429,,15,120,2025-11-10T11:44:00,1762755240000,18,726.974624824334
2025-11-10T11:26:00,1762754160000,SENSEX,hybrid,0.8928571428571429,,15,120,2025-11-10T11:45:00,1762755300000,19,732.9452539049487
2025-11-10T11:26:00,1762754160000,SENSEX,hybrid,0.8928571428571429,,15,120,2025-11-10T11:46:00,1762755360000,20,729.152865998136
2025-11-10T11:26:00,1762754160000,SENSEX,hybrid,0.8928571428571429,,15,120,2025-11-10T11:47:00,1762755420000,21,732.3861363304438
2025-11-10T11:26:00,1762754160000,SENSEX,hybrid,0.8928571428571429,,15,120,2025-11-10T11:48:00,1762755480000,22,732.7152946509431
2025-11-10T11:26:00,1762754160000,SENSEX,hybrid,0.8928571428571429,,15,120,2025-11-10T11:49:00,1762755540000,23,724.0397271022947
2025-11-10T11:26:00,1762754160000,SENSEX,hybrid,0.8928571428571429,,15,120,2025-11-10T11:50:00,1762755600000,24,728.6616282271126
2025-11-10T11:26:00,1762754160000,SENSEX,hybrid,0.8928571428571429,,15,120,2025-11-10T11:51:00,1762755660000,25,729.1187619953654
2025-11-10T11:26:00,1762754160000,SENSEX,hybrid,0.8928571428571429,,15,120,2025-11-10T11:52:00,1762755720000,26,721.8053306691295
2025-11-10T11:26:00,1762754160000,SENSEX,hybrid,0.8928571428571429,,15,120,2025-11-10T11:53:00,1762755780000,27,724.3542399910772
2025-11-10T11:26:00,1762754160000,SENSEX,hybrid,0.8928571428571429,,15,120,2025-11-10T11:54:00,1762755840000,28,725.156506355904
2025-11-10T11:26:00,1762754160000,SENSEX,hybrid,0.8928571428571429,,15,120,2025-11-10T11:55:00,1762755900000,29,723.1087451306217
2025-11-10T11:26:00,1762754160000,SENSEX,hybrid,0.8928571428571429,,15,120,2025-11-10T11:56:00,1762755960000,30,729.6901860223489
2025-11-10T11:26:00,1762754160000,SENSEX,hybrid,0.8928571428571429,,15,120,2025-11-10T11:57:00,1762756020000,31,725.2309147283391
2025-11-10T11:26:00,1762754160000,SENSEX,hybrid,0.8928571428571429,,15,120,2025-11-10T11:58:00,1762756080000,32,727.8570127949978
2025-11-10T11:26:00,1762754160000,SENSEX,hybrid,0.8928571428571429,,15,120,2025-11-10T11:59:00,1762756140000,33,726.2011195960106
2025-11-10T11:26:00,1762754160000,SENSEX,hybrid,0.8928571428571429,,15,120,2025-11-10T12:00:00,1762756200000,34,729.5786876151565
2025-11-10T11:26:00,1762754160000,SENSEX,hybrid,0.8928571428571429,,15,120,2025-11-10T12:01:00,1762756260000,35,725.3767128977947
2025-11-10T11:26:00,1762754160000,SENSEX,hybrid,0.8928571428571429,,15,120,2025-11-10T12:02:00,1762756320000,36,729.1176102256437
2025-11-10T11:26:00,1762754160000,SENSEX,hybrid,0.8928571428571429,,15,120,2025-11-10T12:03:00,1762756380000,37,732.4864319898318
2025-11-10T11:26:00,1762754160000,SENSEX,hybrid,0.8928571428571429,,15,120,2025-11-10T12:04:00,1762756440000,38,726.0662746655178
2025-11-10T11:26:00,1762754160000,SENSEX,hybrid,0.8928571428571429,,15,120,2025-11-10T12:05:00,1762756500000,39,731.091947806992
2025-11-10T11:26:00,1762754160000,SENSEX,hybrid,0.8928571428571429,,15,120,2025-11-10T12:06:00,1762756560000,40,730.6201561317648
2025-11-10T11:26:00,1762754160000,SENSEX,hybrid,0.8928571428571429,,15,120,2025-11-10T12:07:00,1762756620000,41,727.452575042345
2025-11-10T11:26:00,1762754160000,SENSEX,hybrid,0.8928571428571429,,15,120,2025-11-10T12:08:00,1762756680000,42,731.6024879919837
2025-11-10T11:26:00,1762754160000,SENSEX,hybrid,0.8928571428571429,,15,120,2025-11-10T12:09:00,1762756740000,43,729.6166037850782
2025-11-10T11:26:00,1762754160000,SENSEX,hybrid,0.8928571428571429,,15,120,2025-11-10T12:10:00,1762756800000,44,727.5912115115335
2025-11-10T11:26:00,1762754160000,SENSEX,hybrid,0.8928571428571429,,15,120,2025-11-10T12:11:00,1762756860000,45,730.5039636685938
2025-11-10T11:26:00,1762754160000,SENSEX,hybrid,0.8928571428571429,,15,120,2025-11-10T12:12:00,1762756920000,46,732.0130553838501
2025-11-10T11:26:00,1762754160000,SENSEX,hybrid,0.8928571428571429,,15,120,2025-11-10T12:13:00,1762756980000,47,728.8126169760145
2025-11-10T11:26:00,1762754160000,SENSEX,hybrid,0.8928571428571429,,15,120,2025-11-10T12:14:00,1762757040000,48,732.2608602819591
2025-11-10T11:26:00,1762754160000,SENSEX,hybrid,0.8928571428571429,,15,120,2025-11-10T12:15:00,1762757100000,49,729.9765197151876
2025-11-10T11:26:00,1762754160000,SENSEX,hybrid,0.8928571428571429,,15,120,2025-11-10T12:16:00,1762757160000,50,726.6790698008398
2025-11-10T11:26:00,1762754160000,SENSEX,hybrid,0.8928571428571429,,15,120,2025-11-10T12:17:00,1762757220000,51,731.5218208646382
2025-11-10T11:26:00,1762754160000,SENSEX,hybrid,0.8928571428571429,,15,120,2025-11-10T12:18:00,1762757280000,52,731.2347427748842
2025-11-10T11:26:00,1762754160000,SENSEX,hybrid,0.8928571428571429,,15,120,2025-11-10T12:19:00,1762757340000,53,726.0396095512291
2025-11-10T11:26:00,1762754160000,SENSEX,hybrid,0.8928571428571429,,15,120,2025-11-10T12:20:00,1762757400000,54,727.6387287593966
2025-11-10T11:26:00,1762754160000,SENSEX,hybrid,0.8928571428571429,,15,120,2025-11-10T12:21:00,1762757460000,55,730.8707808975417
2025-11-10T11:26:00,1762754160000,SENSEX,hybrid,0.8928571428571429,,15,120,2025-11-10T12:22:00,1762757520000,56,725.6463601151622
2025-11-10T11:26:00,1762754160000,SENSEX,hybrid,0.8928571428571429,,15,120,2025-11-10T12:23:00,1762757580000,57,730.8387624702074
2025-11-10T11:26:00,1762754160000,SENSEX,hybrid,0.8928571428571429,,15,120,2025-11-10T12:24:00,1762757640000,58,731.0984555984953
2025-11-10T11:26:00,1762754160000,SENSEX,hybrid,0.8928571428571429,,15,120,2025-11-10T12:25:00,1762757700000,59,726.6859104323192
2025-11-10T11:26:00,1762754160000,SENSEX,hybrid,0.8928571428571429,,15,120,2025-11-10T12:26:00,1762757760000,60,731.1060620627488
2025-11-10T11:26:00,1762754160000,SENSEX,hybrid,0.8846153846153846,,20,180,2025-11-10T11:27:00,1762754220000,1,730.1
2025-11-10T11:26:00,1762754160000,SENSEX,hybrid,0.8846153846153846,,20,180,2025-11-10T11:28:00,1762754280000,2,727.1494825987927
2025-11-10T11:26:00,1762754160000,SENSEX,hybrid,0.8846153846153846,,20,180,2025-11-10T11:29:00,1762754340000,3,730.7060821074577
2025-11-10T11:26:00,1762754160000,SENSEX,hybrid,0.8846153846153846,,20,180,2025-11-10T11:30:00,1762754400000,4,729.2414388270712
2025-11-10T11:26:00,1762754160000,SENSEX,hybrid,0.8846153846153846,,20,180,2025-11-10T11:31:00,1762754460000,5,725.6493705115811
2025-11-10T11:26:00,1762754160000,SENSEX,hybrid,0.8846153846153846,,20,180,2025-11-10T11:32:00,1762754520000,6,729.5747174745758
2025-11-10T11:26:00,1762754160000,SENSEX,hybrid,0.8846153846153846,,20,180,2025-11-10T11:33:00,1762754580000,7,728.9497817845406
2025-11-10T11:26:00,1762754160000,SENSEX,hybrid,0.8846153846153846,,20,180,2025-11-10T11:34:00,1762754640000,8,726.3588031628459
2025-11-10T11:26:00,1762754160000,SENSEX,hybrid,0.8846153846153846,,20,180,2025-11-10T11:35:00,1762754700000,9,729.2741153497541
2025-11-10T11:26:00,1762754160000,SENSEX,hybrid,0.8846153846153846,,20,180,2025-11-10T11:36:00,1762754760000,10,727.9131333996671
2025-11-10T11:26:00,1762754160000,SENSEX,hybrid,0.8846153846153846,,20,180,2025-11-10T11:37:00,1762754820000,11,725.7423852744499
2025-11-10T11:26:00,1762754160000,SENSEX,hybrid,0.8846153846153846,,20,180,2025-11-10T11:38:00,1762754880000,12,727.9981518498736
2025-11-10T11:26:00,1762754160000,SENSEX,hybrid,0.8846153846153846,,20,180,2025-11-10T11:39:00,1762754940000,13,729.0038063420872
2025-11-10T11:26:00,1762754160000,SENSEX,hybrid,0.8846153846153846,,20,180,2025-11-10T11:40:00,1762755000000,14,725.7809957006303
2025-11-10T11:26:00,1762754160000,SENSEX,hybrid,0.8846153846153846,,20,180,2025-11-10T11:41:00,1762755060000,15,726.8463922325317
2025-11-10T11:26:00,1762754160000,SENSEX,hybrid,0.8846153846153846,,20,180,2025-11-10T11:42:00,1762755120000,16,724.7551053277836
2025-11-10T11:26:00,1762754160000,SENSEX,hybrid,0.8846153846153846,,20,180,2025-11-10T11:43:00,1762755180000,17,724.2315603097843
2025-11-10T11:26:00,1762754160000,SENSEX,hybrid,0.8846153846153846,,20,180,2025-11-10T11:44:00,1762755240000,18,724.3167232376113
2025-11-10T11:26:00,1762754160000,SENSEX,hybrid,0.8846153846153846,,20,180,2025-11-10T11:45:00,1762755300000,19,726.371844810666
2025-11-10T11:26:00,1762754160000,SENSEX,hybrid,0.8846153846153846,,20,180,2025-11-10T11:46:00,1762755360000,20,723.5644148490787
2025-11-10T11:26:00,1762754160000,SENSEX,hybrid,0.8846153846153846,,20,180,2025-11-10T11:47:00,1762755420000,21,727.5450935523202
2025-11-10T11:26:00,1762754160000,SENSEX,hybrid,0.8846153846153846,,20,180,2025-11-10T11:48:00,1762755480000,22,726.292108948074
2025-11-10T11:26:00,1762754160000,SENSEX,hybrid,0.8846153846153846,,20,180,2025-11-10T11:49:00,1762755540000,23,725.0843565112052
2025-11-10T11:26:00,1762754160000,SENSEX,hybrid,0.8846153846153846,,20,180,2025-11-10T11:50:00,1762755600000,24,729.0188245731634
2025-11-10T11:26:00,1762754160000,SENSEX,hybrid,0.8846153846153846,,20,180,2025-11-10T11:51:00,1762755660000,25,729.9948441099317
2025-11-10T11:26:00,1762754160000,SENSEX,hybrid,0.8846153846153846,,20,180,2025-11-10T11:52:00,1762755720000,26,726.1721568459701
2025-11-10T11:26:00,1762754160000,SENSEX,hybrid,0.8846153846153846,,20,180,2025-11-10T11:53:00,1762755780000,27,729.9503763409466
2025-11-10T11:26:00,1762754160000,SENSEX,hybrid,0.8846153846153846,,20,180,2025-11-10T11:54:00,1762755840000,28,729.2794962931597
2025-11-10T11:26:00,1762754160000,SENSEX,hybrid,0.8846153846153846,,20,180,2025-11-10T11:55:00,1762755900000,29,725.9198297046258
2025-11-10T11:26:00,1762754160000,SENSEX,hybrid,0.8846153846153846,,20,180,2025-11-10T11:56:00,1762755960000,30,729.1997921711368
2025-11-10T11:26:00,1762754160000,SENSEX,hybrid,0.8846153846153846,,20,180,2025-11-10T11:57:00,1762756020000,31,729.0350367753053
2025-11-10T11:26:00,1762754160000,SENSEX,hybrid,0.8846153846153846,,20,180,2025-11-10T11:58:00,1762756080000,32,725.555561170527
2025-11-10T11:26:00,1762754160000,SENSEX,hybrid,0.8846153846153846,,20,180,2025-11-10T11:59:00,1762756140000,33,729.1043503953315
2025-11-10T11:26:00,1762754160000,SENSEX,hybrid,0.8846153846153846,,20,180,2025-11-10T12:00:00,1762756200000,34,729.936170744593
2025-11-10T11:26:00,1762754160000,SENSEX,hybrid,0.8846153846153846,,20,180,2025-11-10T12:01:00,1762756260000,35,726.0197478819279
2025-11-10T11:26:00,1762754160000,SENSEX,hybrid,0.8846153846153846,,20,180,2025-11-10T12:02:00,1762756320000,36,729.1570634554852
2025-11-10T11:26:00,1762754160000,SENSEX,hybrid,0.8846153846153846,,20,180,2025-11-10T12:03:00,1762756380000,37,728.9594995101202
2025-11-10T11:26:00,1762754160000,SENSEX,hybrid,0.8846153846153846,,20,180,2025-11-10T12:04:00,1762756440000,38,725.3150048397538
2025-11-10T11:26:00,1762754160000,SENSEX,hybrid,0.8846153846153846,,20,180,2025-11-10T12:05:00,1762756500000,39,727.8371429699592
2025-11-10T11:26:00,1762754160000,SENSEX,hybrid,0.8846153846153846,,20,180,2025-11-10T12:06:00,1762756560000,40,727.9822786810954
2025-11-10T11:26:00,1762754160000,SENSEX,hybrid,0.8846153846153846,,20,180,2025-11-10T12:07:00,1762756620000,41,722.1418813987957
2025-11-10T11:26:00,1762754160000,SENSEX,hybrid,0.8846153846153846,,20,180,2025-11-10T12:08:00,1762756680000,42,726.6248581649322
2025-11-10T11:26:00,1762754160000,SENSEX,hybrid,0.8846153846153846,,20,180,2025-11-10T12:09:00,1762756740000,43,726.1922628796952
2025-11-10T11:26:00,1762754160000,SENSEX,hybrid,0.8846153846153846,,20,180,2025-11-10T12:10:00,1762756800000,44,724.1111386628846
2025-11-10T11:26:00,1762754160000,SENSEX,hybrid,0.8846153846153846,,20,180,2025-11-10T12:11:00,1762756860000,45,726.5199828738765
2025-11-10T11:26:00,1762754160000,SENSEX,hybrid,0.8846153846153846,,20,180,2025-11-10T12:12:00,1762756920000,46,726.6156035837693
2025-11-10T11:26:00,1762754160000,SENSEX,hybrid,0.8846153846153846,,20,180,2025-11-10T12:13:00,1762756980000,47,724.8762959793117
2025-11-10T11:26:00,1762754160000,SENSEX,hybrid,0.8846153846153846,,20,180,2025-11-10T12:14:00,1762757040000,48,728.3747481079944
2025-11-10T11:26:00,1762754160000,SENSEX,hybrid,0.8846153846153846,,20,180,2025-11-10T12:15:00,1762757100000,49,727.0884925592502
2025-11-10T11:26:00,1762754160000,SENSEX,hybrid,0.8846153846153846,,20,180,2025-11-10T12:16:00,1762757160000,50,723.4303275121697
2025-11-10T11:26:00,1762754160000,SENSEX,hybrid,0.8846153846153846,,20,180,2025-11-10T12:17:00,1762757220000,51,725.4968300484213
2025-11-10T11:26:00,1762754160000,SENSEX,hybrid,0.8846153846153846,,20,180,2025-11-10T12:18:00,1762757280000,52,723.2800929661515
2025-11-10T11:26:00,1762754160000,SENSEX,hybrid,0.8846153846153846,,20,180,2025-11-10T12:19:00,1762757340000,53,719.5114293814322
2025-11-10T11:26:00,1762754160000,SENSEX,hybrid,0.8846153846153846,,20,180,2025-11-10T12:20:00,1762757400000,54,724.2482433277439
2025-11-10T11:26:00,1762754160000,SENSEX,hybrid,0.8846153846153846,,20,180,2025-11-10T12:21:00,1762757460000,55,723.4340879444356
2025-11-10T11:26:00,1762754160000,SENSEX,hybrid,0.8846153846153846,,20,180,2025-11-10T12:22:00,1762757520000,56,717.7697663581964
2025-11-10T11:26:00,1762754160000,SENSEX,hybrid,0.8846153846153846,,20,180,2025-11-10T12:23:00,1762757580000,57,724.7244400170332
2025-11-10T11:26:00,1762754160000,SENSEX,hybrid,0.8846153846153846,,20,180,2025-11-10T12:24:00,1762757640000,58,722.723658653511
2025-11-10T11:26:00,1762754160000,SENSEX,hybrid,0.8846153846153846,,20,180,2025-11-10T12:25:00,1762757700000,59,718.7495263929385
2025-11-10T11:26:00,1762754160000,SENSEX,hybrid,0.8846153846153846,,20,180,2025-11-10T12:26:00,1762757760000,60,722.6343785872092
2025-11-10T11:26:30,1762754190000,SENSEX,hybrid,0.8846153846153846,,20,180,2025-11-10T11:27:30,1762754250000,1,732.4000000000001
2025-11-10T11:26:30,1762754190000,SENSEX,hybrid,0.8846153846153846,,20,180,2025-11-10T11:28:30,1762754310000,2,735.6981262392878
2025-11-10T11:26:30,1762754190000,SENSEX,hybrid,0.8846153846153846,,20,180,2025-11-10T11:29:30,1762754370000,3,735.8574216101171
2025-11-10T11:26:30,1762754190000,SENSEX,hybrid,0.8846153846153846,,20,180,2025-11-10T11:30:30,1762754430000,4,731.3620564029586
2025-11-10T11:26:30,1762754190000,SENSEX,hybrid,0.8846153846153846,,20,180,2025-11-10T11:31:30,1762754490000,5,735.7153633298884
2025-11-10T11:26:30,1762754190000,SENSEX,hybrid,0.8846153846153846,,20,180,2025-11-10T11:32:30,1762754550000,6,735.6099414413471
2025-11-10T11:26:30,1762754190000,SENSEX,hybrid,0.8846153846153846,,20,180,2025-11-10T11:33:30,1762754610000,7,732.0317260761319
2025-11-10T11:26:30,1762754190000,SENSEX,hybrid,0.8846153846153846,,20,180,2025-11-10T11:34:30,1762754670000,8,735.4868914367211
2025-11-10T11:26:30,1762754190000,SENSEX,hybrid,0.8846153846153846,,20,180,2025-11-10T11:35:30,1762754730000,9,735.3389056878372
2025-11-10T11:26:30,1762754190000,SENSEX,hybrid,0.8846153846153846,,20,180,2025-11-10T11:36:30,1762754790000,10,731.2462199508377
2025-11-10T11:26:30,1762754190000,SENSEX,hybrid,0.8846153846153846,,20,180,2025-11-10T11:37:30,1762754850000,11,734.6098646201231
2025-11-10T11:26:30,1762754190000,SENSEX,hybrid,0.8846153846153846,,20,180,2025-11-10T11:38:30,1762754910000,12,733.4854694102341
2025-11-10T11:26:30,1762754190000,SENSEX,hybrid,0.8846153846153846,,20,180,2025-11-10T11:39:30,1762754970000,13,731.3253240093248
2025-11-10T11:26:30,1762754190000,SENSEX,hybrid,0.8846153846153846,,20,180,2025-11-10T11:40:30,1762755030000,14,734.6708993212968
2025-11-10T11:26:30,1762754190000,SENSEX,hybrid,0.8846153846153846,,20,180,2025-11-10T11:41:30,1762755090000,15,730.7299330859767
2025-11-10T11:26:30,1762754190000,SENSEX,hybrid,0.8846153846153846,,20,180,2025-11-10T11:42:30,1762755150000,16,728.2937928344497
2025-11-10T11:26:30,1762754190000,SENSEX,hybrid,0.8846153846153846,,20,180,2025-11-10T11:43:30,1762755210000,17,731.8493603013229
2025-11-10T11:26:30,1762754190000,SENSEX,hybrid,0.8846153846153846,,20,180,2025-11-10T11:44:30,1762755270000,18,729.9512567702301
2025-11-10T11:26:30,1762754190000,SENSEX,hybrid,0.8846153846153846,,20,180,2025-11-10T11:45:30,1762755330000,19,729.2344858552476
2025-11-10T11:26:30,1762754190000,SENSEX,hybrid,0.8846153846153846,,20,180,2025-11-10T11:46:30,1762755390000,20,733.6580585199101
2025-11-10T11:26:30,1762754190000,SENSEX,hybrid,0.8846153846153846,,20,180,2025-11-10T11:47:30,1762755450000,21,733.9932927736196
2025-11-10T11:26:30,1762754190000,SENSEX,hybrid,0.8846153846153846,,20,180,2025-11-10T11:48:30,1762755510000,22,728.8466664431725
2025-11-10T11:26:30,1762754190000,SENSEX,hybrid,0.8846153846153846,,20,180,2025-11-10T11:49:30,1762755570000,23,735.3958526977615
2025-11-10T11:26:30,1762754190000,SENSEX,hybrid,0.8846153846153846,,20,180,2025-11-10T11:50:30,1762755630000,24,735.3312683885297
2025-11-10T11:26:30,1762754190000,SENSEX,hybrid,0.8846153846153846,,20,180,2025-11-10T11:51:30,1762755690000,25,732.7810413008184
2025-11-10T11:26:30,1762754190000,SENSEX,hybrid,0.8846153846153846,,20,180,2025-11-10T11:52:30,1762755750000,26,736.0299793494544
2025-11-10T11:26:30,1762754190000,SENSEX,hybrid,0.8846153846153846,,20,180,2025-11-10T11:53:30,1762755810000,27,736.3585639315991
2025-11-10T11:26:30,1762754190000,SENSEX,hybrid,0.8846153846153846,,20,180,2025-11-10T11:54:30,1762755870000,28,732.2371836954422
2025-11-10T11:26:30,1762754190000,SENSEX,hybrid,0.8846153846153846,,20,180,2025-11-10T11:55:30,1762755930000,29,735.8770657956525
2025-11-10T11:26:30,1762754190000,SENSEX,hybrid,0.8846153846153846,,20,180,2025-11-10T11:56:30,1762755990000,30,735.5387687058643
2025-11-10T11:26:30,1762754190000,SENSEX,hybrid,0.8846153846153846,,20,180,2025-11-10T11:57:30,1762756050000,31,731.6238619269386
2025-11-10T11:26:30,1762754190000,SENSEX,hybrid,0.8846153846153846,,20,180,2025-11-10T11:58:30,1762756110000,32,735.2099517492517
2025-11-10T11:26:30,1762754190000,SENSEX,hybrid,0.8846153846153846,,20,180,2025-11-10T11:59:30,1762756170000,33,734.5358751801003
2025-11-10T11:26:30,1762754190000,SENSEX,hybrid,0.8846153846153846,,20,180,2025-11-10T12:00:30,1762756230000,34,732.0644429001776
2025-11-10T11:26:30,1762754190000,SENSEX,hybrid,0.8846153846153846,,20,180,2025-11-10T12:01:30,1762756290000,35,734.3125001906561
2025-11-10T11:26:30,1762754190000,SENSEX,hybrid,0.8846153846153846,,20,180,2025-11-10T12:02:30,1762756350000,36,733.6098506407659
2025-11-10T11:26:30,1762754190000,SENSEX,hybrid,0.8846153846153846,,20,180,2025-11-10T12:03:30,1762756410000,37,730.6187560036669
2025-11-10T11:26:30,1762754190000,SENSEX,hybrid,0.8846153846153846,,20,180,2025-11-10T12:04:30,1762756470000,38,734.2392963503016
2025-11-10T11:26:30,1762754190000,SENSEX,hybrid,0.8846153846153846,,20,180,2025-11-10T12:05:30,1762756530000,39,734.0969472164201
2025-11-10T11:26:30,1762754190000,SENSEX,hybrid,0.8846153846153846,,20,180,2025-11-10T12:06:30,1762756590000,40,729.7098620972166
2025-11-10T11:26:30,1762754190000,SENSEX,hybrid,0.8846153846153846,,20,180,2025-11-10T12:07:30,1762756650000,41,731.3567704403637
2025-11-10T11:26:30,1762754190000,SENSEX,hybrid,0.8846153846153846,,20,180,2025-11-10T12:08:30,1762756710000,42,730.9811584248384
2025-11-10T11:26:30,1762754190000,SENSEX,hybrid,0.8846153846153846,,20,180,2025-11-10T12:09:30,1762756770000,43,728.0259137568572
2025-11-10T11:26:30,1762754190000,SENSEX,hybrid,0.8846153846153846,,20,180,2025-11-10T12:10:30,1762756830000,44,734.1180765582164
2025-11-10T11:26:30,1762754190000,SENSEX,hybrid,0.8846153846153846,,20,180,2025-11-10T12:11:30,1762756890000,45,731.9820038831791
2025-11-10T11:26:30,1762754190000,SENSEX,hybrid,0.8846153846153846,,20,180,2025-11-10T12:12:30,1762756950000,46,728.502434771027
2025-11-10T11:26:30,1762754190000,SENSEX,hybrid,0.8846153846153846,,20,180,2025-11-10T12:13:30,1762757010000,47,733.1771348435395
2025-11-10T11:26:30,1762754190000,SENSEX,hybrid,0.8846153846153846,,20,180,2025-11-10T12:14:30,1762757070000,48,733.8808143769968
2025-11-10T11:26:30,1762754190000,SENSEX,hybrid,0.8846153846153846,,20,180,2025-11-10T12:15:30,1762757130000,49,730.2383927688988
2025-11-10T11:26:30,1762754190000,SENSEX,hybrid,0.8846153846153846,,20,180,2025-11-10T12:16:30,1762757190000,50,731.1672154932877
2025-11-10T11:26:30,1762754190000,SENSEX,hybrid,0.8846153846153846,,20,180,2025-11-10T12:17:30,1762757250000,51,729.8674657324602
2025-11-10T11:26:30,1762754190000,SENSEX,hybrid,0.8846153846153846,,20,180,2025-11-10T12:18:30,1762757310000,52,724.7130817514678
2025-11-10T11:26:30,1762754190000,SENSEX,hybrid,0.8846153846153846,,20,180,2025-11-10T12:19:30,1762757370000,53,729.593260209568
2025-11-10T11:26:30,1762754190000,SENSEX,hybrid,0.8846153846153846,,20,180,2025-11-10T12:20:30,1762757430000,54,730.4293357536267
2025-11-10T11:26:30,1762754190000,SENSEX,hybrid,0.8846153846153846,,20,180,2025-11-10T12:21:30,1762757490000,55,725.1462953742575
2025-11-10T11:26:30,1762754190000,SENSEX,hybrid,0.8846153846153846,,20,180,2025-11-10T12:22:30,1762757550000,56,727.501979737045
2025-11-10T11:26:30,1762754190000,SENSEX,hybrid,0.8846153846153846,,20,180,2025-11-10T12:23:30,1762757610000,57,730.166735186738
2025-11-10T11:26:30,1762754190000,SENSEX,hybrid,0.8846153846153846,,20,180,2025-11-10T12:24:30,1762757670000,58,724.5919178647583
2025-11-10T11:26:30,1762754190000,SENSEX,hybrid,0.8846153846153846,,20,180,2025-11-10T12:25:30,1762757730000,59,728.8399915036401
2025-11-10T11:26:30,1762754190000,SENSEX,hybrid,0.8846153846153846,,20,180,2025-11-10T12:26:30,1762757790000,60,728.7301063002433
2025-11-10T11:26:30,1762754190000,SENSEX,hybrid,0.8846153846153846,,20,180,2025-11-10T11:27:30,1762754250000,1,732.4000000000001
2025-11-10T11:26:30,1762754190000,SENSEX,hybrid,0.8846153846153846,,20,180,2025-11-10T11:28:30,1762754310000,2,735.6981262392878
2025-11-10T11:26:30,1762754190000,SENSEX,hybrid,0.8846153846153846,,20,180,2025-11-10T11:29:30,1762754370000,3,735.8574216101171
2025-11-10T11:26:30,1762754190000,SENSEX,hybrid,0.8846153846153846,,20,180,2025-11-10T11:30:30,1762754430000,4,731.3620564029586
2025-11-10T11:26:30,1762754190000,SENSEX,hybrid,0.8846153846153846,,20,180,2025-11-10T11:31:30,1762754490000,5,735.7153633298884
2025-11-10T11:26:30,1762754190000,SENSEX,hybrid,0.8846153846153846,,20,180,2025-11-10T11:32:30,1762754550000,6,735.6099414413471
2025-11-10T11:26:30,1762754190000,SENSEX,hybrid,0.8846153846153846,,20,180,2025-11-10T11:33:30,1762754610000,7,732.0317260761319
2025-11-10T11:26:30,1762754190000,SENSEX,hybrid,0.8846153846153846,,20,180,2025-11-10T11:34:30,1762754670000,8,735.4868914367211
2025-11-10T11:26:30,1762754190000,SENSEX,hybrid,0.8846153846153846,,20,180,2025-11-10T11:35:30,1762754730000,9,735.3389056878372
2025-11-10T11:26:30,1762754190000,SENSEX,hybrid,0.8846153846153846,,20,180,2025-11-10T11:36:30,1762754790000,10,731.2462199508377
2025-11-10T11:26:30,1762754190000,SENSEX,hybrid,0.8846153846153846,,20,180,2025-11-10T11:37:30,1762754850000,11,734.6098646201231
2025-11-10T11:26:30,1762754190000,SENSEX,hybrid,0.8846153846153846,,20,180,2025-11-10T11:38:30,1762754910000,12,733.4854694102341
2025-11-10T11:26:30,1762754190000,SENSEX,hybrid,0.8846153846153846,,20,180,2025-11-10T11:39:30,1762754970000,13,731.3253240093248
2025-11-10T11:26:30,1762754190000,SENSEX,hybrid,0.8846153846153846,,20,180,2025-11-10T11:40:30,1762755030000,14,734.6708993212968
2025-11-10T11:26:30,1762754190000,SENSEX,hybrid,0.8846153846153846,,20,180,2025-11-10T11:41:30,1762755090000,15,730.7299330859767
2025-11-10T11:26:30,1762754190000,SENSEX,hybrid,0.8846153846153846,,20,180,2025-11-10T11:42:30,1762755150000,16,728.2937928344497
2025-11-10T11:26:30,1762754190000,SENSEX,hybrid,0.8846153846153846,,20,180,2025-11-10T11:43:30,1762755210000,17,731.8493603013229
2025-11-10T11:26:30,1762754190000,SENSEX,hybrid,0.8846153846153846,,20,180,2025-11-10T11:44:30,1762755270000,18,729.9512567702301
2025-11-10T11:26:30,1762754190000,SENSEX,hybrid,0.8846153846153846,,20,180,2025-11-10T11:45:30,1762755330000,19,729.2344858552476
2025-11-10T11:26:30,1762754190000,SENSEX,hybrid,0.8846153846153846,,20,180,2025-11-10T11:46:30,1762755390000,20,733.6580585199101
2025-11-10T11:26:30,1762754190000,SENSEX,hybrid,0.8846153846153846,,20,180,2025-11-10T11:47:30,1762755450000,21,733.9932927736196
2025-11-10T11:26:30,1762754190000,SENSEX,hybrid,0.8846153846153846,,20,180,2025-11-10T11:48:30,1762755510000,22,728.8466664431725
2025-11-10T11:26:30,1762754190000,SENSEX,hybrid,0.8846153846153846,,20,180,2025-11-10T11:49:30,1762755570000,23,735.3958526977615
2025-11-10T11:26:30,1762754190000,SENSEX,hybrid,0.8846153846153846,,20,180,2025-11-10T11:50:30,1762755630000,24,735.3312683885297
2025-11-10T11:26:30,1762754190000,SENSEX,hybrid,0.8846153846153846,,20,180,2025-11-10T11:51:30,1762755690000,25,732.7810413008184
2025-11-10T11:26:30,1762754190000,SENSEX,hybrid,0.8846153846153846,,20,180,2025-11-10T11:52:30,1762755750000,26,736.0299793494544
2025-11-10T11:26:30,1762754190000,SENSEX,hybrid,0.8846153846153846,,20,180,2025-11-10T11:53:30,1762755810000,27,736.3585639315991
2025-11-10T11:26:30,1762754190000,SENSEX,hybrid,0.8846153846153846,,20,180,2025-11-10T11:54:30,1762755870000,28,732.2371836954422
2025-11-10T11:26:30,1762754190000,SENSEX,hybrid,0.8846153846153846,,20,180,2025-11-10T11:55:30,1762755930000,29,735.8770657956525
2025-11-10T11:26:30,1762754190000,SENSEX,hybrid,0.8846153846153846,,20,180,2025-11-10T11:56:30,1762755990000,30,735.5387687058643
2025-11-10T11:26:30,1762754190000,SENSEX,hybrid,0.8846153846153846,,20,180,2025-11-10T11:57:30,1762756050000,31,731.6238619269386
2025-11-10T11:26:30,1762754190000,SENSEX,hybrid,0.8846153846153846,,20,180,2025-11-10T11:58:30,1762756110000,32,735.2099517492517
2025-11-10T11:26:30,1762754190000,SENSEX,hybrid,0.8846153846153846,,20,180,2025-11-10T11:59:30,1762756170000,33,734.5358751801003
2025-11-10T11:26:30,1762754190000,SENSEX,hybrid,0.8846153846153846,,20,180,2025-11-10T12:00:30,1762756230000,34,732.0644429001776
2025-11-10T11:26:30,1762754190000,SENSEX,hybrid,0.8846153846153846,,20,180,2025-11-10T12:01:30,1762756290000,35,734.3125001906561
2025-11-10T11:26:30,1762754190000,SENSEX,hybrid,0.8846153846153846,,20,180,2025-11-10T12:02:30,1762756350000,36,733.6098506407659
2025-11-10T11:26:30,1762754190000,SENSEX,hybrid,0.8846153846153846,,20,180,2025-11-10T12:03:30,1762756410000,37,730.6187560036669
2025-11-10T11:26:30,1762754190000,SENSEX,hybrid,0.8846153846153846,,20,180,2025-11-10T12:04:30,1762756470000,38,734.2392963503016
2025-11-10T11:26:30,1762754190000,SENSEX,hybrid,0.8846153846153846,,20,180,2025-11-10T12:05:30,1762756530000,39,734.0969472164201
2025-11-10T11:26:30,1762754190000,SENSEX,hybrid,0.8846153846153846,,20,180,2025-11-10T12:06:30,1762756590000,40,729.7098620972166
2025-11-10T11:26:30,1762754190000,SENSEX,hybrid,0.8846153846153846,,20,180,2025-11-10T12:07:30,1762756650000,41,731.3567704403637
2025-11-10T11:26:30,1762754190000,SENSEX,hybrid,0.8846153846153846,,20,180,2025-11-10T12:08:30,1762756710000,42,730.9811584248384
2025-11-10T11:26:30,1762754190000,SENSEX,hybrid,0.8846153846153846,,20,180,2025-11-10T12:09:30,1762756770000,43,728.0259137568572
2025-11-10T11:26:30,1762754190000,SENSEX,hybrid,0.8846153846153846,,20,180,2025-11-10T12:10:30,1762756830000,44,734.1180765582164
2025-11-10T11:26:30,1762754190000,SENSEX,hybrid,0.8846153846153846,,20,180,2025-11-10T12:11:30,1762756890000,45,731.9820038831791
2025-11-10T11:26:30,1762754190000,SENSEX,hybrid,0.8846153846153846,,20,180,2025-11-10T12:12:30,1762756950000,46,728.502434771027
2025-11-10T11:26:30,1762754190000,SENSEX,hybrid,0.8846153846153846,,20,180,2025-11-10T12:13:30,1762757010000,47,733.1771348435395
2025-11-10T11:26:30,1762754190000,SENSEX,hybrid,0.8846153846153846,,20,180,2025-11-10T12:14:30,1762757070000,48,733.8808143769968
2025-11-10T11:26:30,1762754190000,SENSEX,hybrid,0.8846153846153846,,20,180,2025-11-10T12:15:30,1762757130000,49,730.2383927688988
2025-11-10T11:26:30,1762754190000,SENSEX,hybrid,0.8846153846153846,,20,180,2025-11-10T12:16:30,1762757190000,50,731.1672154932877
2025-11-10T11:26:30,1762754190000,SENSEX,hybrid,0.8846153846153846,,20,180,2025-11-10T12:17:30,1762757250000,51,729.8674657324602
2025-11-10T11:26:30,1762754190000,SENSEX,hybrid,0.8846153846153846,,20,180,2025-11-10T12:18:30,1762757310000,52,724.7130817514678
2025-11-10T11:26:30,1762754190000,SENSEX,hybrid,0.8846153846153846,,20,180,2025-11-10T12:19:30,1762757370000,53,729.593260209568
2025-11-10T11:26:30,1762754190000,SENSEX,hybrid,0.8846153846153846,,20,180,2025-11-10T12:20:30,1762757430000,54,730.4293357536267
2025-11-10T11:26:30,1762754190000,SENSEX,hybrid,0.8846153846153846,,20,180,2025-11-10T12:21:30,1762757490000,55,725.1462953742575
2025-11-10T11:26:30,1762754190000,SENSEX,hybrid,0.8846153846153846,,20,180,2025-11-10T12:22:30,1762757550000,56,727.501979737045
2025-11-10T11:26:30,1762754190000,SENSEX,hybrid,0.8846153846153846,,20,180,2025-11-10T12:23:30,1762757610000,57,730.166735186738
2025-11-10T11:26:30,1762754190000,SENSEX,hybrid,0.8846153846153846,,20,180,2025-11-10T12:24:30,1762757670000,58,724.5919178647583
2025-11-10T11:26:30,1762754190000,SENSEX,hybrid,0.8846153846153846,,20,180,2025-11-10T12:25:30,1762757730000,59,728.8399915036401
2025-11-10T11:26:30,1762754190000,SENSEX,hybrid,0.8846153846153846,,20,180,2025-11-10T12:26:30,1762757790000,60,728.7301063002433
2025-11-10T11:26:30,1762754190000,SENSEX,hybrid,0.8846153846153846,,20,180,2025-11-10T11:27:30,1762754250000,1,732.4000000000001
2025-11-10T11:26:30,1762754190000,SENSEX,hybrid,0.8846153846153846,,20,180,2025-11-10T11:28:30,1762754310000,2,735.6981262392878
2025-11-10T11:26:30,1762754190000,SENSEX,hybrid,0.8846153846153846,,20,180,2025-11-10T11:29:30,1762754370000,3,735.8574216101171
2025-11-10T11:26:30,1762754190000,SENSEX,hybrid,0.8846153846153846,,20,180,2025-11-10T11:30:30,1762754430000,4,731.3620564029586
2025-11-10T11:26:30,1762754190000,SENSEX,hybrid,0.8846153846153846,,20,180,2025-11-10T11:31:30,1762754490000,5,735.7153633298884
2025-11-10T11:26:30,1762754190000,SENSEX,hybrid,0.8846153846153846,,20,180,2025-11-10T11:32:30,1762754550000,6,735.6099414413471
2025-11-10T11:26:30,1762754190000,SENSEX,hybrid,0.8846153846153846,,20,180,2025-11-10T11:33:30,1762754610000,7,732.0317260761319
2025-11-10T11:26:30,1762754190000,SENSEX,hybrid,0.8846153846153846,,20,180,2025-11-10T11:34:30,1762754670000,8,735.4868914367211
2025-11-10T11:26:30,1762754190000,SENSEX,hybrid,0.8846153846153846,,20,180,2025-11-10T11:35:30,1762754730000,9,735.3389056878372
2025-11-10T11:26:30,1762754190000,SENSEX,hybrid,0.8846153846153846,,20,180,2025-11-10T11:36:30,1762754790000,10,731.2462199508377
2025-11-10T11:26:30,1762754190000,SENSEX,hybrid,0.8846153846153846,,20,180,2025-11-10T11:37:30,1762754850000,11,734.6098646201231
2025-11-10T11:26:30,1762754190000,SENSEX,hybrid,0.8846153846153846,,20,180,2025-11-10T11:38:30,1762754910000,12,733.4854694102341
2025-11-10T11:26:30,1762754190000,SENSEX,hybrid,0.8846153846153846,,20,180,2025-11-10T11:39:30,1762754970000,13,731.3253240093248
2025-11-10T11:26:30,1762754190000,SENSEX,hybrid,0.8846153846153846,,20,180,2025-11-10T11:40:30,1762755030000,14,734.6708993212968
2025-11-10T11:26:30,1762754190000,SENSEX,hybrid,0.8846153846153846,,20,180,2025-11-10T11:41:30,1762755090000,15,730.7299330859767
2025-11-10T11:26:30,1762754190000,SENSEX,hybrid,0.8846153846153846,,20,180,2025-11-10T11:42:30,1762755150000,16,728.2937928344497
2025-11-10T11:26:30,1762754190000,SENSEX,hybrid,0.8846153846153846,,20,180,2025-11-10T11:43:30,1762755210000,17,731.8493603013229
2025-11-10T11:26:30,1762754190000,SENSEX,hybrid,0.8846153846153846,,20,180,2025-11-10T11:44:30,1762755270000,18,729.9512567702301
2025-11-10T11:26:30,1762754190000,SENSEX,hybrid,0.8846153846153846,,20,180,2025-11-10T11:45:30,1762755330000,19,729.2344858552476
2025-11-10T11:26:30,1762754190000,SENSEX,hybrid,0.8846153846153846,,20,180,2025-11-10T11:46:30,1762755390000,20,733.6580585199101
2025-11-10T11:26:30,1762754190000,SENSEX,hybrid,0.8846153846153846,,20,180,2025-11-10T11:47:30,1762755450000,21,733.9932927736196
2025-11-10T11:26:30,1762754190000,SENSEX,hybrid,0.8846153846153846,,20,180,2025-11-10T11:48:30,1762755510000,22,728.8466664431725
2025-11-10T11:26:30,1762754190000,SENSEX,hybrid,0.8846153846153846,,20,180,2025-11-10T11:49:30,1762755570000,23,735.3958526977615
2025-11-10T11:26:30,1762754190000,SENSEX,hybrid,0.8846153846153846,,20,180,2025-11-10T11:50:30,1762755630000,24,735.3312683885297
2025-11-10T11:26:30,1762754190000,SENSEX,hybrid,0.8846153846153846,,20,180,2025-11-10T11:51:30,1762755690000,25,732.7810413008184
2025-11-10T11:26:30,1762754190000,SENSEX,hybrid,0.8846153846153846,,20,180,2025-11-10T11:52:30,1762755750000,26,736.0299793494544
2025-11-10T11:26:30,1762754190000,SENSEX,hybrid,0.8846153846153846,,20,180,2025-11-10T11:53:30,1762755810000,27,736.3585639315991
2025-11-10T11:26:30,1762754190000,SENSEX,hybrid,0.8846153846153846,,20,180,2025-11-10T11:54:30,1762755870000,28,732.2371836954422
2025-11-10T11:26:30,1762754190000,SENSEX,hybrid,0.8846153846153846,,20,180,2025-11-10T11:55:30,1762755930000,29,735.8770657956525
2025-11-10T11:26:30,1762754190000,SENSEX,hybrid,0.8846153846153846,,20,180,2025-11-10T11:56:30,1762755990000,30,735.5387687058643
2025-11-10T11:26:30,1762754190000,SENSEX,hybrid,0.8846153846153846,,20,180,2025-11-10T11:57:30,1762756050000,31,731.6238619269386
2025-11-10T11:26:30,1762754190000,SENSEX,hybrid,0.8846153846153846,,20,180,2025-11-10T11:58:30,1762756110000,32,735.2099517492517
2025-11-10T11:26:30,1762754190000,SENSEX,hybrid,0.8846153846153846,,20,180,2025-11-10T11:59:30,1762756170000,33,734.5358751801003
2025-11-10T11:26:30,1762754190000,SENSEX,hybrid,0.8846153846153846,,20,180,2025-11-10T12:00:30,1762756230000,34,732.0644429001776
2025-11-10T11:26:30,1762754190000,SENSEX,hybrid,0.8846153846153846,,20,180,2025-11-10T12:01:30,1762756290000,35,734.3125001906561
2025-11-10T11:26:30,1762754190000,SENSEX,hybrid,0.8846153846153846,,20,180,2025-11-10T12:02:30,1762756350000,36,733.6098506407659
2025-11-10T11:26:30,1762754190000,SENSEX,hybrid,0.8846153846153846,,20,180,2025-11-10T12:03:30,1762756410000,37,730.6187560036669
2025-11-10T11:26:30,1762754190000,SENSEX,hybrid,0.8846153846153846,,20,180,2025-11-10T12:04:30,1762756470000,38,734.2392963503016
2025-11-10T11:26:30,1762754190000,SENSEX,hybrid,0.8846153846153846,,20,180,2025-11-10T12:05:30,1762756530000,39,734.0969472164201
2025-11-10T11:26:30,1762754190000,SENSEX,hybrid,0.8846153846153846,,20,180,2025-11-10T12:06:30,1762756590000,40,729.7098620972166
2025-11-10T11:26:30,1762754190000,SENSEX,hybrid,0.8846153846153846,,20,180,2025-11-10T12:07:30,1762756650000,41,731.3567704403637
2025-11-10T11:26:30,1762754190000,SENSEX,hybrid,0.8846153846153846,,20,180,2025-11-10T12:08:30,1762756710000,42,730.9811584248384
2025-11-10T11:26:30,1762754190000,SENSEX,hybrid,0.8846153846153846,,20,180,2025-11-10T12:09:30,1762756770000,43,728.0259137568572
2025-11-10T11:26:30,1762754190000,SENSEX,hybrid,0.8846153846153846,,20,180,2025-11-10T12:10:30,1762756830000,44,734.1180765582164
2025-11-10T11:26:30,1762754190000,SENSEX,hybrid,0.8846153846153846,,20,180,2025-11-10T12:11:30,1762756890000,45,731.9820038831791
2025-11-10T11:26:30,1762754190000,SENSEX,hybrid,0.8846153846153846,,20,180,2025-11-10T12:12:30,1762756950000,46,728.502434771027
2025-11-10T11:26:30,1762754190000,SENSEX,hybrid,0.8846153846153846,,20,180,2025-11-10T12:13:30,1762757010000,47,733.1771348435395
2025-11-10T11:26:30,1762754190000,SENSEX,hybrid,0.8846153846153846,,20,180,2025-11-10T12:14:30,1762757070000,48,733.8808143769968
2025-11-10T11:26:30,1762754190000,SENSEX,hybrid,0.8846153846153846,,20,180,2025-11-10T12:15:30,1762757130000,49,730.2383927688988
2025-11-10T11:26:30,1762754190000,SENSEX,hybrid,0.8846153846153846,,20,180,2025-11-10T12:16:30,1762757190000,50,731.1672154932877
2025-11-10T11:26:30,1762754190000,SENSEX,hybrid,0.8846153846153846,,20,180,2025-11-10T12:17:30,1762757250000,51,729.8674657324602
2025-11-10T11:26:30,1762754190000,SENSEX,hybrid,0.8846153846153846,,20,180,2025-11-10T12:18:30,1762757310000,52,724.7130817514678
2025-11-10T11:26:30,1762754190000,SENSEX,hybrid,0.8846153846153846,,20,180,2025-11-10T12:19:30,1762757370000,53,729.593260209568
2025-11-10T11:26:30,1762754190000,SENSEX,hybrid,0.8846153846153846,,20,180,2025-11-10T12:20:30,1762757430000,54,730.4293357536267
2025-11-10T11:26:30,1762754190000,SENSEX,hybrid,0.8846153846153846,,20,180,2025-11-10T12:21:30,1762757490000,55,725.1462953742575
2025-11-10T11:26:30,1762754190000,SENSEX,hybrid,0.8846153846153846,,20,180,2025-11-10T12:22:30,1762757550000,56,727.501979737045
2025-11-10T11:26:30,1762754190000,SENSEX,hybrid,0.8846153846153846,,20,180,2025-11-10T12:23:30,1762757610000,57,730.166735186738
2025-11-10T11:26:30,1762754190000,SENSEX,hybrid,0.8846153846153846,,20,180,2025-11-10T12:24:30,1762757670000,58,724.5919178647583
2025-11-10T11:26:30,1762754190000,SENSEX,hybrid,0.8846153846153846,,20,180,2025-11-10T12:25:30,1762757730000,59,728.8399915036401
2025-11-10T11:26:30,1762754190000,SENSEX,hybrid,0.8846153846153846,,20,180,2025-11-10T12:26:30,1762757790000,60,728.7301063002433
2025-11-10T11:27:00,1762754220000,SENSEX,hybrid,0.8846153846153846,21,20,180,2025-11-10T11:28:00,1762754280000,1,732.8
2025-11-10T11:27:00,1762754220000,SENSEX,hybrid,0.8846153846153846,21,20,180,2025-11-10T11:29:00,1762754340000,2,733.5209407423353
2025-11-10T11:27:00,1762754220000,SENSEX,hybrid,0.8846153846153846,21,20,180,2025-11-10T11:30:00,1762754400000,3,730.0414162198712
2025-11-10T11:27:00,1762754220000,SENSEX,hybrid,0.8846153846153846,21,20,180,2025-11-10T11:31:00,1762754460000,4,733.7711734001671
2025-11-10T11:27:00,1762754220000,SENSEX,hybrid,0.8846153846153846,21,20,180,2025-11-10T11:32:00,1762754520000,5,733.4834463289977
2025-11-10T11:27:00,1762754220000,SENSEX,hybrid,0.8846153846153846,21,20,180,2025-11-10T11:33:00,1762754580000,6,730.1056745601186
2025-11-10T11:27:00,1762754220000,SENSEX,hybrid,0.8846153846153846,21,20,180,2025-11-10T11:34:00,1762754640000,7,732.5697449249279
2025-11-10T11:27:00,1762754220000,SENSEX,hybrid,0.8846153846153846,21,20,180,2025-11-10T11:35:00,1762754700000,8,733.1191767665641
2025-11-10T11:27:00,1762754220000,SENSEX,hybrid,0.8846153846153846,21,20,180,2025-11-10T11:36:00,1762754760000,9,730.1621481607029
2025-11-10T11:27:00,1762754220000,SENSEX,hybrid,0.8846153846153846,21,20,180,2025-11-10T11:37:00,1762754820000,10,731.4146640865242
2025-11-10T11:27:00,1762754220000,SENSEX,hybrid,0.8846153846153846,21,20,180,2025-11-10T11:38:00,1762754880000,11,732.0100546690263
2025-11-10T11:27:00,1762754220000,SENSEX,hybrid,0.8846153846153846,21,20,180,2025-11-10T11:39:00,1762754940000,12,728.2112996683096
2025-11-10T11:27:00,1762754220000,SENSEX,hybrid,0.8846153846153846,21,20,180,2025-11-10T11:40:00,1762755000000,13,732.637638409037
2025-11-10T11:27:00,1762754220000,SENSEX,hybrid,0.8846153846153846,21,20,180,2025-11-10T11:41:00,1762755060000,14,732.4134513831783
2025-11-10T11:27:00,1762754220000,SENSEX,hybrid,0.8846153846153846,21,20,180,2025-11-10T11:42:00,1762755120000,15,726.8504294997135
2025-11-10T11:27:00,1762754220000,SENSEX,hybrid,0.8846153846153846,21,20,180,2025-11-10T11:43:00,1762755180000,16,730.0589618837591
2025-11-10T11:27:00,1762754220000,SENSEX,hybrid,0.8846153846153846,21,20,180,2025-11-10T11:44:00,1762755240000,17,731.3170535395788
2025-11-10T11:27:00,1762754220000,SENSEX,hybrid,0.8846153846153846,21,20,180,2025-11-10T11:45:00,1762755300000,18,724.5477697897353
2025-11-10T11:27:00,1762754220000,SENSEX,hybrid,0.8846153846153846,21,20,180,2025-11-10T11:46:00,1762755360000,19,730.7888747169284
2025-11-10T11:27:00,1762754220000,SENSEX,hybrid,0.8846153846153846,21,20,180,2025-11-10T11:47:00,1762755420000,20,731.2530390597456
2025-11-10T11:27:00,1762754220000,SENSEX,hybrid,0.8846153846153846,21,20,180,2025-11-10T11:48:00,1762755480000,21,728.710733473719
2025-11-10T11:27:00,1762754220000,SENSEX,hybrid,0.8846153846153846,21,20,180,2025-11-10T11:49:00,1762755540000,22,731.4176004667487
2025-11-10T11:27:00,1762754220000,SENSEX,hybrid,0.8846153846153846,21,20,180,2025-11-10T11:50:00,1762755600000,23,733.2663425619929
2025-11-10T11:27:00,1762754220000,SENSEX,hybrid,0.8846153846153846,21,20,180,2025-11-10T11:51:00,1762755660000,24,729.6258891838352
2025-11-10T11:27:00,1762754220000,SENSEX,hybrid,0.8846153846153846,21,20,180,2025-11-10T11:52:00,1762755720000,25,734.0600571862282
2025-11-10T11:27:00,1762754220000,SENSEX,hybrid,0.8846153846153846,21,20,180,2025-11-10T11:53:00,1762755780000,26,733.382901694049
2025-11-10T11:27:00,1762754220000,SENSEX,hybrid,0.8846153846153846,21,20,180,2025-11-10T11:54:00,1762755840000,27,731.1938469450099
2025-11-10T11:27:00,1762754220000,SENSEX,hybrid,0.8846153846153846,21,20,180,2025-11-10T11:55:00,1762755900000,28,733.8419483980948
2025-11-10T11:27:00,1762754220000,SENSEX,hybrid,0.8846153846153846,21,20,180,2025-11-10T11:56:00,1762755960000,29,733.7750303245359
2025-11-10T11:27:00,1762754220000,SENSEX,hybrid,0.8846153846153846,21,20,180,2025-11-10T11:57:00,1762756020000,30,729.9311780043053
2025-11-10T11:27:00,1762754220000,SENSEX,hybrid,0.8846153846153846,21,20,180,2025-11-10T11:58:00,1762756080000,31,733.4864645464426
2025-11-10T11:27:00,1762754220000,SENSEX,hybrid,0.8846153846153846,21,20,180,2025-11-10T11:59:00,1762756140000,32,733.011846549761
2025-11-10T11:27:00,1762754220000,SENSEX,hybrid,0.8846153846153846,21,20,180,2025-11-10T12:00:00,1762756200000,33,728.9868706270831
2025-11-10T11:27:00,1762754220000,SENSEX,hybrid,0.8846153846153846,21,20,180,2025-11-10T12:01:00,1762756260000,34,733.5887383353578
2025-11-10T11:27:00,1762754220000,SENSEX,hybrid,0.8846153846153846,21,20,180,2025-11-10T12:02:00,1762756320000,35,732.7920466444062
2025-11-10T11:27:00,1762754220000,SENSEX,hybrid,0.8846153846153846,21,20,180,2025-11-10T12:03:00,1762756380000,36,728.4684622458896
2025-11-10T11:27:00,1762754220000,SENSEX,hybrid,0.8846153846153846,21,20,180,2025-11-10T12:04:00,1762756440000,37,732.3970460091117
2025-11-10T11:27:00,1762754220000,SENSEX,hybrid,0.8846153846153846,21,20,180,2025-11-10T12:05:00,1762756500000,38,732.418185157051
2025-11-10T11:27:00,1762754220000,SENSEX,hybrid,0.8846153846153846,21,20,180,2025-11-10T12:06:00,1762756560000,39,727.3056373271914
2025-11-10T11:27:00,1762754220000,SENSEX,hybrid,0.8846153846153846,21,20,180,2025-11-10T12:07:00,1762756620000,40,731.6556290908356
2025-11-10T11:27:00,1762754220000,SENSEX,hybrid,0.8846153846153846,21,20,180,2025-11-10T12:08:00,1762756680000,41,730.2263079523932
2025-11-10T11:27:00,1762754220000,SENSEX,hybrid,0.8846153846153846,21,20,180,2025-11-10T12:09:00,1762756740000,42,726.6277325287365
2025-11-10T11:27:00,1762754220000,SENSEX,hybrid,0.8846153846153846,21,20,180,2025-11-10T12:10:00,1762756800000,43,730.0852069054016
2025-11-10T11:27:00,1762754220000,SENSEX,hybrid,0.8846153846153846,21,20,180,2025-11-10T12:11:00,1762756860000,44,731.329912460137
2025-11-10T11:27:00,1762754220000,SENSEX,hybrid,0.8846153846153846,21,20,180,2025-11-10T12:12:00,1762756920000,45,727.5378560634491
2025-11-10T11:27:00,1762754220000,SENSEX,hybrid,0.8846153846153846,21,20,180,2025-11-10T12:13:00,1762756980000,46,730.2774764025579
2025-11-10T11:27:00,1762754220000,SENSEX,hybrid,0.8846153846153846,21,20,180,2025-11-10T12:14:00,1762757040000,47,731.1929383824977
2025-11-10T11:27:00,1762754220000,SENSEX,hybrid,0.8846153846153846,21,20,180,2025-11-10T12:15:00,1762757100000,48,729.1739158187356
2025-11-10T11:27:00,1762754220000,SENSEX,hybrid,0.8846153846153846,21,20,180,2025-11-10T12:16:00,1762757160000,49,730.8314021195537
2025-11-10T11:27:00,1762754220000,SENSEX,hybrid,0.8846153846153846,21,20,180,2025-11-10T12:17:00,1762757220000,50,729.5850957660592
2025-11-10T11:27:00,1762754220000,SENSEX,hybrid,0.8846153846153846,21,20,180,2025-11-10T12:18:00,1762757280000,51,724.4149277792994
2025-11-10T11:27:00,1762754220000,SENSEX,hybrid,0.8846153846153846,21,20,180,2025-11-10T12:19:00,1762757340000,52,726.9151651910241
2025-11-10T11:27:00,1762754220000,SENSEX,hybrid,0.8846153846153846,21,20,180,2025-11-10T12:20:00,1762757400000,53,727.9910980351652
2025-11-10T11:27:00,1762754220000,SENSEX,hybrid,0.8846153846153846,21,20,180,2025-11-10T12:21:00,1762757460000,54,724.0988665551537
2025-11-10T11:27:00,1762754220000,SENSEX,hybrid,0.8846153846153846,21,20,180,2025-11-10T12:22:00,1762757520000,55,727.2500476180312
2025-11-10T11:27:00,1762754220000,SENSEX,hybrid,0.8846153846153846,21,20,180,2025-11-10T12:23:00,1762757580000,56,725.1927363487989
2025-11-10T11:27:00,1762754220000,SENSEX,hybrid,0.8846153846153846,21,20,180,2025-11-10T12:24:00,1762757640000,57,724.1284265674357
2025-11-10T11:27:00,1762754220000,SENSEX,hybrid,0.8846153846153846,21,20,180,2025-11-10T12:25:00,1762757700000,58,726.0833701660057
2025-11-10T11:27:00,1762754220000,SENSEX,hybrid,0.8846153846153846,21,20,180,2025-11-10T12:26:00,1762757760000,59,726.3604060110976
2025-11-10T11:27:00,1762754220000,SENSEX,hybrid,0.8846153846153846,21,20,180,2025-11-10T12:27:00,1762757820000,60,722.2162123506232
2025-11-10T11:27:00,1762754220000,SENSEX,hybrid,0.8846153846153846,,20,180,2025-11-10T11:28:00,1762754280000,1,732.8
2025-11-10T11:27:00,1762754220000,SENSEX,hybrid,0.8846153846153846,,20,180,2025-11-10T11:29:00,1762754340000,2,733.5209407423353
2025-11-10T11:27:00,1762754220000,SENSEX,hybrid,0.8846153846153846,,20,180,2025-11-10T11:30:00,1762754400000,3,730.0414162198712
2025-11-10T11:27:00,1762754220000,SENSEX,hybrid,0.8846153846153846,,20,180,2025-11-10T11:31:00,1762754460000,4,733.7711734001671
2025-11-10T11:27:00,1762754220000,SENSEX,hybrid,0.8846153846153846,,20,180,2025-11-10T11:32:00,1762754520000,5,733.4834463289977
2025-11-10T11:27:00,1762754220000,SENSEX,hybrid,0.8846153846153846,,20,180,2025-11-10T11:33:00,1762754580000,6,730.1056745601186
2025-11-10T11:27:00,1762754220000,SENSEX,hybrid,0.8846153846153846,,20,180,2025-11-10T11:34:00,1762754640000,7,732.5697449249279
2025-11-10T11:27:00,1762754220000,SENSEX,hybrid,0.8846153846153846,,20,180,2025-11-10T11:35:00,1762754700000,8,733.1191767665641
2025-11-10T11:27:00,1762754220000,SENSEX,hybrid,0.8846153846153846,,20,180,2025-11-10T11:36:00,1762754760000,9,730.1621481607029
2025-11-10T11:27:00,1762754220000,SENSEX,hybrid,0.8846153846153846,,20,180,2025-11-10T11:37:00,1762754820000,10,731.4146640865242
2025-11-10T11:27:00,1762754220000,SENSEX,hybrid,0.8846153846153846,,20,180,2025-11-10T11:38:00,1762754880000,11,732.0100546690263
2025-11-10T11:27:00,1762754220000,SENSEX,hybrid,0.8846153846153846,,20,180,2025-11-10T11:39:00,1762754940000,12,728.2112996683096
2025-11-10T11:27:00,1762754220000,SENSEX,hybrid,0.8846153846153846,,20,180,2025-11-10T11:40:00,1762755000000,13,732.637638409037
2025-11-10T11:27:00,1762754220000,SENSEX,hybrid,0.8846153846153846,,20,180,2025-11-10T11:41:00,1762755060000,14,732.4134513831783
2025-11-10T11:27:00,1762754220000,SENSEX,hybrid,0.8846153846153846,,20,180,2025-11-10T11:42:00,1762755120000,15,726.8504294997135
2025-11-10T11:27:00,1762754220000,SENSEX,hybrid,0.8846153846153846,,20,180,2025-11-10T11:43:00,1762755180000,16,730.0589618837591
2025-11-10T11:27:00,1762754220000,SENSEX,hybrid,0.8846153846153846,,20,180,2025-11-10T11:44:00,1762755240000,17,731.3170535395788
2025-11-10T11:27:00,1762754220000,SENSEX,hybrid,0.8846153846153846,,20,180,2025-11-10T11:45:00,1762755300000,18,724.5477697897353
2025-11-10T11:27:00,1762754220000,SENSEX,hybrid,0.8846153846153846,,20,180,2025-11-10T11:46:00,1762755360000,19,730.7888747169284
2025-11-10T11:27:00,1762754220000,SENSEX,hybrid,0.8846153846153846,,20,180,2025-11-10T11:47:00,1762755420000,20,731.2530390597456
2025-11-10T11:27:00,1762754220000,SENSEX,hybrid,0.8846153846153846,,20,180,2025-11-10T11:48:00,1762755480000,21,728.710733473719
2025-11-10T11:27:00,1762754220000,SENSEX,hybrid,0.8846153846153846,,20,180,2025-11-10T11:49:00,1762755540000,22,731.4176004667487
2025-11-10T11:27:00,1762754220000,SENSEX,hybrid,0.8846153846153846,,20,180,2025-11-10T11:50:00,1762755600000,23,733.2663425619929
2025-11-10T11:27:00,1762754220000,SENSEX,hybrid,0.8846153846153846,,20,180,2025-11-10T11:51:00,1762755660000,24,729.6258891838352
2025-11-10T11:27:00,1762754220000,SENSEX,hybrid,0.8846153846153846,,20,180,2025-11-10T11:52:00,1762755720000,25,734.0600571862282
2025-11-10T11:27:00,1762754220000,SENSEX,hybrid,0.8846153846153846,,20,180,2025-11-10T11:53:00,1762755780000,26,733.382901694049
2025-11-10T11:27:00,1762754220000,SENSEX,hybrid,0.8846153846153846,,20,180,2025-11-10T11:54:00,1762755840000,27,731.1938469450099
2025-11-10T11:27:00,1762754220000,SENSEX,hybrid,0.8846153846153846,,20,180,2025-11-10T11:55:00,1762755900000,28,733.8419483980948
2025-11-10T11:27:00,1762754220000,SENSEX,hybrid,0.8846153846153846,,20,180,2025-11-10T11:56:00,1762755960000,29,733.7750303245359
2025-11-10T11:27:00,1762754220000,SENSEX,hybrid,0.8846153846153846,,20,180,2025-11-10T11:57:00,1762756020000,30,729.9311780043053
2025-11-10T11:27:00,1762754220000,SENSEX,hybrid,0.8846153846153846,,20,180,2025-11-10T11:58:00,1762756080000,31,733.4864645464426
2025-11-10T11:27:00,1762754220000,SENSEX,hybrid,0.8846153846153846,,20,180,2025-11-10T11:59:00,1762756140000,32,733.011846549761
2025-11-10T11:27:00,1762754220000,SENSEX,hybrid,0.8846153846153846,,20,180,2025-11-10T12:00:00,1762756200000,33,728.9868706270831
2025-11-10T11:27:00,1762754220000,SENSEX,hybrid,0.8846153846153846,,20,180,2025-11-10T12:01:00,1762756260000,34,733.5887383353578
2025-11-10T11:27:00,1762754220000,SENSEX,hybrid,0.8846153846153846,,20,180,2025-11-10T12:02:00,1762756320000,35,732.7920466444062
2025-11-10T11:27:00,1762754220000,SENSEX,hybrid,0.8846153846153846,,20,180,2025-11-10T12:03:00,1762756380000,36,728.4684622458896
2025-11-10T11:27:00,1762754220000,SENSEX,hybrid,0.8846153846153846,,20,180,2025-11-10T12:04:00,1762756440000,37,732.3970460091117
2025-11-10T11:27:00,1762754220000,SENSEX,hybrid,0.8846153846153846,,20,180,2025-11-10T12:05:00,1762756500000,38,732.418185157051
2025-11-10T11:27:00,1762754220000,SENSEX,hybrid,0.8846153846153846,,20,180,2025-11-10T12:06:00,1762756560000,39,727.3056373271914
2025-11-10T11:27:00,1762754220000,SENSEX,hybrid,0.8846153846153846,,20,180,2025-11-10T12:07:00,1762756620000,40,731.6556290908356
2025-11-10T11:27:00,1762754220000,SENSEX,hybrid,0.8846153846153846,,20,180,2025-11-10T12:08:00,1762756680000,41,730.2263079523932
2025-11-10T11:27:00,1762754220000,SENSEX,hybrid,0.8846153846153846,,20,180,2025-11-10T12:09:00,1762756740000,42,726.6277325287365
2025-11-10T11:27:00,1762754220000,SENSEX,hybrid,0.8846153846153846,,20,180,2025-11-10T12:10:00,1762756800000,43,730.0852069054016
2025-11-10T11:27:00,1762754220000,SENSEX,hybrid,0.8846153846153846,,20,180,2025-11-10T12:11:00,1762756860000,44,731.329912460137
2025-11-10T11:27:00,1762754220000,SENSEX,hybrid,0.8846153846153846,,20,180,2025-11-10T12:12:00,1762756920000,45,727.5378560634491
2025-11-10T11:27:00,1762754220000,SENSEX,hybrid,0.8846153846153846,,20,180,2025-11-10T12:13:00,1762756980000,46,730.2774764025579
2025-11-10T11:27:00,1762754220000,SENSEX,hybrid,0.8846153846153846,,20,180,2025-11-10T12:14:00,1762757040000,47,731.1929383824977
2025-11-10T11:27:00,1762754220000,SENSEX,hybrid,0.8846153846153846,,20,180,2025-11-10T12:15:00,1762757100000,48,729.1739158187356
2025-11-10T11:27:00,1762754220000,SENSEX,hybrid,0.8846153846153846,,20,180,2025-11-10T12:16:00,1762757160000,49,730.8314021195537
2025-11-10T11:27:00,1762754220000,SENSEX,hybrid,0.8846153846153846,,20,180,2025-11-10T12:17:00,1762757220000,50,729.5850957660592
2025-11-10T11:27:00,1762754220000,SENSEX,hybrid,0.8846153846153846,,20,180,2025-11-10T12:18:00,1762757280000,51,724.4149277792994
2025-11-10T11:27:00,1762754220000,SENSEX,hybrid,0.8846153846153846,,20,180,2025-11-10T12:19:00,1762757340000,52,726.9151651910241
2025-11-10T11:27:00,1762754220000,SENSEX,hybrid,0.8846153846153846,,20,180,2025-11-10T12:20:00,1762757400000,53,727.9910980351652
2025-11-10T11:27:00,1762754220000,SENSEX,hybrid,0.8846153846153846,,20,180,2025-11-10T12:21:00,1762757460000,54,724.0988665551537
2025-11-10T11:27:00,1762754220000,SENSEX,hybrid,0.8846153846153846,,20,180,2025-11-10T12:22:00,1762757520000,55,727.2500476180312
2025-11-10T11:27:00,1762754220000,SENSEX,hybrid,0.8846153846153846,,20,180,2025-11-10T12:23:00,1762757580000,56,725.1927363487989
2025-11-10T11:27:00,1762754220000,SENSEX,hybrid,0.8846153846153846,,20,180,2025-11-10T12:24:00,1762757640000,57,724.1284265674357
2025-11-10T11:27:00,1762754220000,SENSEX,hybrid,0.8846153846153846,,20,180,2025-11-10T12:25:00,1762757700000,58,726.0833701660057
2025-11-10T11:27:00,1762754220000,SENSEX,hybrid,0.8846153846153846,,20,180,2025-11-10T12:26:00,1762757760000,59,726.3604060110976
2025-11-10T11:27:00,1762754220000,SENSEX,hybrid,0.8846153846153846,,20,180,2025-11-10T12:27:00,1762757820000,60,722.2162123506232
2025-11-10T11:27:00,1762754220000,SENSEX,hybrid,0.8846153846153846,,20,180,2025-11-10T11:28:00,1762754280000,1,732.8
2025-11-10T11:27:00,1762754220000,SENSEX,hybrid,0.8846153846153846,,20,180,2025-11-10T11:29:00,1762754340000,2,733.5209407423353
2025-11-10T11:27:00,1762754220000,SENSEX,hybrid,0.8846153846153846,,20,180,2025-11-10T11:30:00,1762754400000,3,730.0414162198712
2025-11-10T11:27:00,1762754220000,SENSEX,hybrid,0.8846153846153846,,20,180,2025-11-10T11:31:00,1762754460000,4,733.7711734001671
2025-11-10T11:27:00,1762754220000,SENSEX,hybrid,0.8846153846153846,,20,180,2025-11-10T11:32:00,1762754520000,5,733.4834463289977
2025-11-10T11:27:00,1762754220000,SENSEX,hybrid,0.8846153846153846,,20,180,2025-11-10T11:33:00,1762754580000,6,730.1056745601186
2025-11-10T11:27:00,1762754220000,SENSEX,hybrid,0.8846153846153846,,20,180,2025-11-10T11:34:00,1762754640000,7,732.5697449249279
2025-11-10T11:27:00,1762754220000,SENSEX,hybrid,0.8846153846153846,,20,180,2025-11-10T11:35:00,1762754700000,8,733.1191767665641
2025-11-10T11:27:00,1762754220000,SENSEX,hybrid,0.8846153846153846,,20,180,2025-11-10T11:36:00,1762754760000,9,730.1621481607029
2025-11-10T11:27:00,1762754220000,SENSEX,hybrid,0.8846153846153846,,20,180,2025-11-10T11:37:00,1762754820000,10,731.4146640865242
2025-11-10T11:27:00,1762754220000,SENSEX,hybrid,0.8846153846153846,,20,180,2025-11-10T11:38:00,1762754880000,11,732.0100546690263
2025-11-10T11:27:00,1762754220000,SENSEX,hybrid,0.8846153846153846,,20,180,2025-11-10T11:39:00,1762754940000,12,728.2112996683096
2025-11-10T11:27:00,1762754220000,SENSEX,hybrid,0.8846153846153846,,20,180,2025-11-10T11:40:00,1762755000000,13,732.637638409037
2025-11-10T11:27:00,1762754220000,SENSEX,hybrid,0.8846153846153846,,20,180,2025-11-10T11:41:00,1762755060000,14,732.4134513831783
2025-11-10T11:27:00,1762754220000,SENSEX,hybrid,0.8846153846153846,,20,180,2025-11-10T11:42:00,1762755120000,15,726.8504294997135
2025-11-10T11:27:00,1762754220000,SENSEX,hybrid,0.8846153846153846,,20,180,2025-11-10T11:43:00,1762755180000,16,730.0589618837591
2025-11-10T11:27:00,1762754220000,SENSEX,hybrid,0.8846153846153846,,20,180,2025-11-10T11:44:00,1762755240000,17,731.3170535395788
2025-11-10T11:27:00,1762754220000,SENSEX,hybrid,0.8846153846153846,,20,180,2025-11-10T11:45:00,1762755300000,18,724.5477697897353
2025-11-10T11:27:00,1762754220000,SENSEX,hybrid,0.8846153846153846,,20,180,2025-11-10T11:46:00,1762755360000,19,730.7888747169284
2025-11-10T11:27:00,1762754220000,SENSEX,hybrid,0.8846153846153846,,20,180,2025-11-10T11:47:00,1762755420000,20,731.2530390597456
2025-11-10T11:27:00,1762754220000,SENSEX,hybrid,0.8846153846153846,,20,180,2025-11-10T11:48:00,1762755480000,21,728.710733473719
2025-11-10T11:27:00,1762754220000,SENSEX,hybrid,0.8846153846153846,,20,180,2025-11-10T11:49:00,1762755540000,22,731.4176004667487
2025-11-10T11:27:00,1762754220000,SENSEX,hybrid,0.8846153846153846,,20,180,2025-11-10T11:50:00,1762755600000,23,733.2663425619929
2025-11-10T11:27:00,1762754220000,SENSEX,hybrid,0.8846153846153846,,20,180,2025-11-10T11:51:00,1762755660000,24,729.6258891838352
2025-11-10T11:27:00,1762754220000,SENSEX,hybrid,0.8846153846153846,,20,180,2025-11-10T11:52:00,1762755720000,25,734.0600571862282
2025-11-10T11:27:00,1762754220000,SENSEX,hybrid,0.8846153846153846,,20,180,2025-11-10T11:53:00,1762755780000,26,733.382901694049
2025-11-10T11:27:00,1762754220000,SENSEX,hybrid,0.8846153846153846,,20,180,2025-11-10T11:54:00,1762755840000,27,731.1938469450099
2025-11-10T11:27:00,1762754220000,SENSEX,hybrid,0.8846153846153846,,20,180,2025-11-10T11:55:00,1762755900000,28,733.8419483980948
2025-11-10T11:27:00,1762754220000,SENSEX,hybrid,0.8846153846153846,,20,180,2025-11-10T11:56:00,1762755960000,29,733.7750303245359
2025-11-10T11:27:00,1762754220000,SENSEX,hybrid,0.8846153846153846,,20,180,2025-11-10T11:57:00,1762756020000,30,729.9311780043053
2025-11-10T11:27:00,1762754220000,SENSEX,hybrid,0.8846153846153846,,20,180,2025-11-10T11:58:00,1762756080000,31,733.4864645464426
2025-11-10T11:27:00,1762754220000,SENSEX,hybrid,0.8846153846153846,,20,180,2025-11-10T11:59:00,1762756140000,32,733.011846549761
2025-11-10T11:27:00,1762754220000,SENSEX,hybrid,0.8846153846153846,,20,180,2025-11-10T12:00:00,1762756200000,33,728.9868706270831
2025-11-10T11:27:00,1762754220000,SENSEX,hybrid,0.8846153846153846,,20,180,2025-11-10T12:01:00,1762756260000,34,733.5887383353578
2025-11-10T11:27:00,1762754220000,SENSEX,hybrid,0.8846153846153846,,20,180,2025-11-10T12:02:00,1762756320000,35,732.7920466444062
2025-11-10T11:27:00,1762754220000,SENSEX,hybrid,0.8846153846153846,,20,180,2025-11-10T12:03:00,1762756380000,36,728.4684622458896
2025-11-10T11:27:00,1762754220000,SENSEX,hybrid,0.8846153846153846,,20,180,2025-11-10T12:04:00,1762756440000,37,732.3970460091117
2025-11-10T11:27:00,1762754220000,SENSEX,hybrid,0.8846153846153846,,20,180,2025-11-10T12:05:00,1762756500000,38,732.418185157051
2025-11-10T11:27:00,1762754220000,SENSEX,hybrid,0.8846153846153846,,20,180,2025-11-10T12:06:00,1762756560000,39,727.3056373271914
2025-11-10T11:27:00,1762754220000,SENSEX,hybrid,0.8846153846153846,,20,180,2025-11-10T12:07:00,1762756620000,40,731.6556290908356
2025-11-10T11:27:00,1762754220000,SENSEX,hybrid,0.8846153846153846,,20,180,2025-11-10T12:08:00,1762756680000,41,730.2263079523932
2025-11-10T11:27:00,1762754220000,SENSEX,hybrid,0.8846153846153846,,20,180,2025-11-10T12:09:00,1762756740000,42,726.6277325287365
2025-11-10T11:27:00,1762754220000,SENSEX,hybrid,0.8846153846153846,,20,180,2025-11-10T12:10:00,1762756800000,43,730.0852069054016
2025-11-10T11:27:00,1762754220000,SENSEX,hybrid,0.8846153846153846,,20,180,2025-11-10T12:11:00,1762756860000,44,731.329912460137
2025-11-10T11:27:00,1762754220000,SENSEX,hybrid,0.8846153846153846,,20,180,2025-11-10T12:12:00,1762756920000,45,727.5378560634491
2025-11-10T11:27:00,1762754220000,SENSEX,hybrid,0.8846153846153846,,20,180,2025-11-10T12:13:00,1762756980000,46,730.2774764025579
2025-11-10T11:27:00,1762754220000,SENSEX,hybrid,0.8846153846153846,,20,180,2025-11-10T12:14:00,1762757040000,47,731.1929383824977
2025-11-10T11:27:00,1762754220000,SENSEX,hybrid,0.8846153846153846,,20,180,2025-11-10T12:15:00,1762757100000,48,729.1739158187356
2025-11-10T11:27:00,1762754220000,SENSEX,hybrid,0.8846153846153846,,20,180,2025-11-10T12:16:00,1762757160000,49,730.8314021195537
2025-11-10T11:27:00,1762754220000,SENSEX,hybrid,0.8846153846153846,,20,180,2025-11-10T12:17:00,1762757220000,50,729.5850957660592
2025-11-10T11:27:00,1762754220000,SENSEX,hybrid,0.8846153846153846,,20,180,2025-11-10T12:18:00,1762757280000,51,724.4149277792994
2025-11-10T11:27:00,1762754220000,SENSEX,hybrid,0.8846153846153846,,20,180,2025-11-10T12:19:00,1762757340000,52,726.9151651910241
2025-11-10T11:27:00,1762754220000,SENSEX,hybrid,0.8846153846153846,,20,180,2025-11-10T12:20:00,1762757400000,53,727.9910980351652
2025-11-10T11:27:00,1762754220000,SENSEX,hybrid,0.8846153846153846,,20,180,2025-11-10T12:21:00,1762757460000,54,724.0988665551537
2025-11-10T11:27:00,1762754220000,SENSEX,hybrid,0.8846153846153846,,20,180,2025-11-10T12:22:00,1762757520000,55,727.2500476180312
2025-11-10T11:27:00,1762754220000,SENSEX,hybrid,0.8846153846153846,,20,180,2025-11-10T12:23:00,1762757580000,56,725.1927363487989
2025-11-10T11:27:00,1762754220000,SENSEX,hybrid,0.8846153846153846,,20,180,2025-11-10T12:24:00,1762757640000,57,724.1284265674357
2025-11-10T11:27:00,1762754220000,SENSEX,hybrid,0.8846153846153846,,20,180,2025-11-10T12:25:00,1762757700000,58,726.0833701660057
2025-11-10T11:27:00,1762754220000,SENSEX,hybrid,0.8846153846153846,,20,180,2025-11-10T12:26:00,1762757760000,59,726.3604060110976
2025-11-10T11:27:00,1762754220000,SENSEX,hybrid,0.8846153846153846,,20,180,2025-11-10T12:27:00,1762757820000,60,722.2162123506232
2025-11-10T11:27:30,1762754250000,SENSEX,hybrid,0.8846153846153846,21,20,180,2025-11-10T11:28:30,1762754310000,1,731.55
2025-11-10T11:27:30,1762754250000,SENSEX,hybrid,0.8846153846153846,21,20,180,2025-11-10T11:29:30,1762754370000,2,728.2023544084801
2025-11-10T11:27:30,1762754250000,SENSEX,hybrid,0.8846153846153846,21,20,180,2025-11-10T11:30:30,1762754430000,3,733.5931526002221
2025-11-10T11:27:30,1762754250000,SENSEX,hybrid,0.8846153846153846,21,20,180,2025-11-10T11:31:30,1762754490000,4,732.6104109822652
2025-11-10T11:27:30,1762754250000,SENSEX,hybrid,0.8846153846153846,21,20,180,2025-11-10T11:32:30,1762754550000,5,729.194336139301
2025-11-10T11:27:30,1762754250000,SENSEX,hybrid,0.8846153846153846,21,20,180,2025-11-10T11:33:30,1762754610000,6,731.715592901828
2025-11-10T11:27:30,1762754250000,SENSEX,hybrid,0.8846153846153846,21,20,180,2025-11-10T11:34:30,1762754670000,7,731.3301400658313
2025-11-10T11:27:30,1762754250000,SENSEX,hybrid,0.8846153846153846,21,20,180,2025-11-10T11:35:30,1762754730000,8,728.8487637159943
2025-11-10T11:27:30,1762754250000,SENSEX,hybrid,0.8846153846153846,21,20,180,2025-11-10T11:36:30,1762754790000,9,731.7855054814764
2025-11-10T11:27:30,1762754250000,SENSEX,hybrid,0.8846153846153846,21,20,180,2025-11-10T11:37:30,1762754850000,10,729.8305336964588
2025-11-10T11:27:30,1762754250000,SENSEX,hybrid,0.8846153846153846,21,20,180,2025-11-10T11:38:30,1762754910000,11,727.4084175091836
2025-11-10T11:27:30,1762754250000,SENSEX,hybrid,0.8846153846153846,21,20,180,2025-11-10T11:39:30,1762754970000,12,730.257874831521
2025-11-10T11:27:30,1762754250000,SENSEX,hybrid,0.8846153846153846,21,20,180,2025-11-10T11:40:30,1762755030000,13,730.9030622784566
2025-11-10T11:27:30,1762754250000,SENSEX,hybrid,0.8846153846153846,21,20,180,2025-11-10T11:41:30,1762755090000,14,727.8848062881755
2025-11-10T11:27:30,1762754250000,SENSEX,hybrid,0.8846153846153846,21,20,180,2025-11-10T11:42:30,1762755150000,15,730.951879956165
2025-11-10T11:27:30,1762754250000,SENSEX,hybrid,0.8846153846153846,21,20,180,2025-11-10T11:43:30,1762755210000,16,728.5714156829689
2025-11-10T11:27:30,1762754250000,SENSEX,hybrid,0.8846153846153846,21,20,180,2025-11-10T11:44:30,1762755270000,17,728.0035201729153
2025-11-10T11:27:30,1762754250000,SENSEX,hybrid,0.8846153846153846,21,20,180,2025-11-10T11:45:30,1762755330000,18,728.200842889201
2025-11-10T11:27:30,1762754250000,SENSEX,hybrid,0.8846153846153846,21,20,180,2025-11-10T11:46:30,1762755390000,19,729.5287000585719
2025-11-10T11:27:30,1762754250000,SENSEX,hybrid,0.8846153846153846,21,20,180,2025-11-10T11:47:30,1762755450000,20,725.8583395161538
2025-11-10T11:27:30,1762754250000,SENSEX,hybrid,0.8846153846153846,21,20,180,2025-11-10T11:48:30,1762755510000,21,731.2823988999331
2025-11-10T11:27:30,1762754250000,SENSEX,hybrid,0.8846153846153846,21,20,180,2025-11-10T11:49:30,1762755570000,22,729.8725840510994
2025-11-10T11:27:30,1762754250000,SENSEX,hybrid,0.8846153846153846,21,20,180,2025-11-10T11:50:30,1762755630000,23,728.2614458650015
2025-11-10T11:27:30,1762754250000,SENSEX,hybrid,0.8846153846153846,21,20,180,2025-11-10T11:51:30,1762755690000,24,731.7095860632221
2025-11-10T11:27:30,1762754250000,SENSEX,hybrid,0.8846153846153846,21,20,180,2025-11-10T11:52:30,1762755750000,25,732.5710668724745
2025-11-10T11:27:30,1762754250000,SENSEX,hybrid,0.8846153846153846,21,20,180,2025-11-10T11:53:30,1762755810000,26,728.4179756237064
2025-11-10T11:27:30,1762754250000,SENSEX,hybrid,0.8846153846153846,21,20,180,2025-11-10T11:54:30,1762755870000,27,733.5834268616192
2025-11-10T11:27:30,1762754250000,SENSEX,hybrid,0.8846153846153846,21,20,180,2025-11-10T11:55:30,1762755930000,28,732.4442674603353
2025-11-10T11:27:30,1762754250000,SENSEX,hybrid,0.8846153846153846,21,20,180,2025-11-10T11:56:30,1762755990000,29,728.6453172848503
2025-11-10T11:27:30,1762754250000,SENSEX,hybrid,0.8846153846153846,21,20,180,2025-11-10T11:57:30,1762756050000,30,732.4780887637108
2025-11-10T11:27:30,1762754250000,SENSEX,hybrid,0.8846153846153846,21,20,180,2025-11-10T11:58:30,1762756110000,31,732.0849374672068
2025-11-10T11:27:30,1762754250000,SENSEX,hybrid,0.8846153846153846,21,20,180,2025-11-10T11:59:30,1762756170000,32,728.054926715702
2025-11-10T11:27:30,1762754250000,SENSEX,hybrid,0.8846153846153846,21,20,180,2025-11-10T12:00:30,1762756230000,33,731.2874687697991
2025-11-10T11:27:30,1762754250000,SENSEX,hybrid,0.8846153846153846,21,20,180,2025-11-10T12:01:30,1762756290000,34,732.4939760179134
2025-11-10T11:27:30,1762754250000,SENSEX,hybrid,0.8846153846153846,21,20,180,2025-11-10T12:02:30,1762756350000,35,728.8247313502263
2025-11-10T11:27:30,1762754250000,SENSEX,hybrid,0.8846153846153846,21,20,180,2025-11-10T12:03:30,1762756410000,36,732.1967621815701
2025-11-10T11:27:30,1762754250000,SENSEX,hybrid,0.8846153846153846,21,20,180,2025-11-10T12:04:30,1762756470000,37,731.6707376989852
2025-11-10T11:27:30,1762754250000,SENSEX,hybrid,0.8846153846153846,21,20,180,2025-11-10T12:05:30,1762756530000,38,727.3124374782359
2025-11-10T11:27:30,1762754250000,SENSEX,hybrid,0.8846153846153846,21,20,180,2025-11-10T12:06:30,1762756590000,39,730.2037418345923
2025-11-10T11:27:30,1762754250000,SENSEX,hybrid,0.8846153846153846,21,20,180,2025-11-10T12:07:30,1762756650000,40,730.1476635252614
2025-11-10T11:27:30,1762754250000,SENSEX,hybrid,0.8846153846153846,21,20,180,2025-11-10T12:08:30,1762756710000,41,726.1404689658865
2025-11-10T11:27:30,1762754250000,SENSEX,hybrid,0.8846153846153846,21,20,180,2025-11-10T12:09:30,1762756770000,42,730.5233991684981
2025-11-10T11:27:30,1762754250000,SENSEX,hybrid,0.8846153846153846,21,20,180,2025-11-10T12:10:30,1762756830000,43,729.2354412728572
2025-11-10T11:27:30,1762754250000,SENSEX,hybrid,0.8846153846153846,21,20,180,2025-11-10T12:11:30,1762756890000,44,726.9971048729051
2025-11-10T11:27:30,1762754250000,SENSEX,hybrid,0.8846153846153846,21,20,180,2025-11-10T12:12:30,1762756950000,45,729.4071824011193
2025-11-10T11:27:30,1762754250000,SENSEX,hybrid,0.8846153846153846,21,20,180,2025-11-10T12:13:30,1762757010000,46,730.0578092057722
2025-11-10T11:27:30,1762754250000,SENSEX,hybrid,0.8846153846153846,21,20,180,2025-11-10T12:14:30,1762757070000,47,727.2728089298896
2025-11-10T11:27:30,1762754250000,SENSEX,hybrid,0.8846153846153846,21,20,180,2025-11-10T12:15:30,1762757130000,48,730.7015975301867
2025-11-10T11:27:30,1762754250000,SENSEX,hybrid,0.8846153846153846,21,20,180,2025-11-10T12:16:30,1762757190000,49,729.4555759101845
2025-11-10T11:27:30,1762754250000,SENSEX,hybrid,0.8846153846153846,21,20,180,2025-11-10T12:17:30,1762757250000,50,724.4942774756634
2025-11-10T11:27:30,1762754250000,SENSEX,hybrid,0.8846153846153846,21,20,180,2025-11-10T12:18:30,1762757310000,51,728.887464769432
2025-11-10T11:27:30,1762754250000,SENSEX,hybrid,0.8846153846153846,21,20,180,2025-11-10T12:19:30,1762757370000,52,726.7213221680983
2025-11-10T11:27:30,1762754250000,SENSEX,hybrid,0.8846153846153846,21,20,180,2025-11-10T12:20:30,1762757430000,53,723.3877227199011
2025-11-10T11:27:30,1762754250000,SENSEX,hybrid,0.8846153846153846,21,20,180,2025-11-10T12:21:30,1762757490000,54,727.2137183589879
2025-11-10T11:27:30,1762754250000,SENSEX,hybrid,0.8846153846153846,21,20,180,2025-11-10T12:22:30,1762757550000,55,726.7420934912778
2025-11-10T11:27:30,1762754250000,SENSEX,hybrid,0.8846153846153846,21,20,180,2025-11-10T12:23:30,1762757610000,56,719.8048436123703
2025-11-10T11:27:30,1762754250000,SENSEX,hybrid,0.8846153846153846,21,20,180,2025-11-10T12:24:30,1762757670000,57,727.64741760305
2025-11-10T11:27:30,1762754250000,SENSEX,hybrid,0.8846153846153846,21,20,180,2025-11-10T12:25:30,1762757730000,58,725.1826298064544
2025-11-10T11:27:30,1762754250000,SENSEX,hybrid,0.8846153846153846,21,20,180,2025-11-10T12:26:30,1762757790000,59,721.5804081867578
2025-11-10T11:27:30,1762754250000,SENSEX,hybrid,0.8846153846153846,21,20,180,2025-11-10T12:27:30,1762757850000,60,725.7279178483111
2025-11-10T11:27:30,1762754250000,SENSEX,hybrid,0.8846153846153846,,20,180,2025-11-10T11:28:30,1762754310000,1,731.55
2025-11-10T11:27:30,1762754250000,SENSEX,hybrid,0.8846153846153846,,20,180,2025-11-10T11:29:30,1762754370000,2,728.2023544084801
2025-11-10T11:27:30,1762754250000,SENSEX,hybrid,0.8846153846153846,,20,180,2025-11-10T11:30:30,1762754430000,3,733.5931526002221
2025-11-10T11:27:30,1762754250000,SENSEX,hybrid,0.8846153846153846,,20,180,2025-11-10T11:31:30,1762754490000,4,732.6104109822652
2025-11-10T11:27:30,1762754250000,SENSEX,hybrid,0.8846153846153846,,20,180,2025-11-10T11:32:30,1762754550000,5,729.194336139301
2025-11-10T11:27:30,1762754250000,SENSEX,hybrid,0.8846153846153846,,20,180,2025-11-10T11:33:30,1762754610000,6,731.715592901828
2025-11-10T11:27:30,1762754250000,SENSEX,hybrid,0.8846153846153846,,20,180,2025-11-10T11:34:30,1762754670000,7,731.3301400658313
2025-11-10T11:27:30,1762754250000,SENSEX,hybrid,0.8846153846153846,,20,180,2025-11-10T11:35:30,1762754730000,8,728.8487637159943
2025-11-10T11:27:30,1762754250000,SENSEX,hybrid,0.8846153846153846,,20,180,2025-11-10T11:36:30,1762754790000,9,731.7855054814764
2025-11-10T11:27:30,1762754250000,SENSEX,hybrid,0.8846153846153846,,20,180,2025-11-10T11:37:30,1762754850000,10,729.8305336964588
2025-11-10T11:27:30,1762754250000,SENSEX,hybrid,0.8846153846153846,,20,180,2025-11-10T11:38:30,1762754910000,11,727.4084175091836
2025-11-10T11:27:30,1762754250000,SENSEX,hybrid,0.8846153846153846,,20,180,2025-11-10T11:39:30,1762754970000,12,730.257874831521
2025-11-10T11:27:30,1762754250000,SENSEX,hybrid,0.8846153846153846,,20,180,2025-11-10T11:40:30,1762755030000,13,730.9030622784566
2025-11-10T11:27:30,1762754250000,SENSEX,hybrid,0.8846153846153846,,20,180,2025-11-10T11:41:30,1762755090000,14,727.8848062881755
2025-11-10T11:27:30,1762754250000,SENSEX,hybrid,0.8846153846153846,,20,180,2025-11-10T11:42:30,1762755150000,15,730.951879956165
2025-11-10T11:27:30,1762754250000,SENSEX,hybrid,0.8846153846153846,,20,180,2025-11-10T11:43:30,1762755210000,16,728.5714156829689
2025-11-10T11:27:30,1762754250000,SENSEX,hybrid,0.8846153846153846,,20,180,2025-11-10T11:44:30,1762755270000,17,728.0035201729153
2025-11-10T11:27:30,1762754250000,SENSEX,hybrid,0.8846153846153846,,20,180,2025-11-10T11:45:30,1762755330000,18,728.200842889201
2025-11-10T11:27:30,1762754250000,SENSEX,hybrid,0.8846153846153846,,20,180,2025-11-10T11:46:30,1762755390000,19,729.5287000585719
2025-11-10T11:27:30,1762754250000,SENSEX,hybrid,0.8846153846153846,,20,180,2025-11-10T11:47:30,1762755450000,20,725.8583395161538
2025-11-10T11:27:30,1762754250000,SENSEX,hybrid,0.8846153846153846,,20,180,2025-11-10T11:48:30,1762755510000,21,731.2823988999331
2025-11-10T11:27:30,1762754250000,SENSEX,hybrid,0.8846153846153846,,20,180,2025-11-10T11:49:30,1762755570000,22,729.8725840510994
2025-11-10T11:27:30,1762754250000,SENSEX,hybrid,0.8846153846153846,,20,180,2025-11-10T11:50:30,1762755630000,23,728.2614458650015
2025-11-10T11:27:30,1762754250000,SENSEX,hybrid,0.8846153846153846,,20,180,2025-11-10T11:51:30,1762755690000,24,731.7095860632221
2025-11-10T11:27:30,1762754250000,SENSEX,hybrid,0.8846153846153846,,20,180,2025-11-10T11:52:30,1762755750000,25,732.5710668724745
2025-11-10T11:27:30,1762754250000,SENSEX,hybrid,0.8846153846153846,,20,180,2025-11-10T11:53:30,1762755810000,26,728.4179756237064
2025-11-10T11:27:30,1762754250000,SENSEX,hybrid,0.8846153846153846,,20,180,2025-11-10T11:54:30,1762755870000,27,733.5834268616192
2025-11-10T11:27:30,1762754250000,SENSEX,hybrid,0.8846153846153846,,20,180,2025-11-10T11:55:30,1762755930000,28,732.4442674603353
2025-11-10T11:27:30,1762754250000,SENSEX,hybrid,0.8846153846153846,,20,180,2025-11-10T11:56:30,1762755990000,29,728.6453172848503
2025-11-10T11:27:30,1762754250000,SENSEX,hybrid,0.8846153846153846,,20,180,2025-11-10T11:57:30,1762756050000,30,732.4780887637108
2025-11-10T11:27:30,1762754250000,SENSEX,hybrid,0.8846153846153846,,20,180,2025-11-10T11:58:30,1762756110000,31,732.0849374672068
2025-11-10T11:27:30,1762754250000,SENSEX,hybrid,0.8846153846153846,,20,180,2025-11-10T11:59:30,1762756170000,32,728.054926715702
2025-11-10T11:27:30,1762754250000,SENSEX,hybrid,0.8846153846153846,,20,180,2025-11-10T12:00:30,1762756230000,33,731.2874687697991
2025-11-10T11:27:30,1762754250000,SENSEX,hybrid,0.8846153846153846,,20,180,2025-11-10T12:01:30,1762756290000,34,732.4939760179134
2025-11-10T11:27:30,1762754250000,SENSEX,hybrid,0.8846153846153846,,20,180,2025-11-10T12:02:30,1762756350000,35,728.8247313502263
2025-11-10T11:27:30,1762754250000,SENSEX,hybrid,0.8846153846153846,,20,180,2025-11-10T12:03:30,1762756410000,36,732.1967621815701
2025-11-10T11:27:30,1762754250000,SENSEX,hybrid,0.8846153846153846,,20,180,2025-11-10T12:04:30,1762756470000,37,731.6707376989852
2025-11-10T11:27:30,1762754250000,SENSEX,hybrid,0.8846153846153846,,20,180,2025-11-10T12:05:30,1762756530000,38,727.3124374782359
2025-11-10T11:27:30,1762754250000,SENSEX,hybrid,0.8846153846153846,,20,180,2025-11-10T12:06:30,1762756590000,39,730.2037418345923
2025-11-10T11:27:30,1762754250000,SENSEX,hybrid,0.8846153846153846,,20,180,2025-11-10T12:07:30,1762756650000,40,730.1476635252614
2025-11-10T11:27:30,1762754250000,SENSEX,hybrid,0.8846153846153846,,20,180,2025-11-10T12:08:30,1762756710000,41,726.1404689658865
2025-11-10T11:27:30,1762754250000,SENSEX,hybrid,0.8846153846153846,,20,180,2025-11-10T12:09:30,1762756770000,42,730.5233991684981
2025-11-10T11:27:30,1762754250000,SENSEX,hybrid,0.8846153846153846,,20,180,2025-11-10T12:10:30,1762756830000,43,729.2354412728572
2025-11-10T11:27:30,1762754250000,SENSEX,hybrid,0.8846153846153846,,20,180,2025-11-10T12:11:30,1762756890000,44,726.9971048729051
2025-11-10T11:27:30,1762754250000,SENSEX,hybrid,0.8846153846153846,,20,180,2025-11-10T12:12:30,1762756950000,45,729.4071824011193
2025-11-10T11:27:30,1762754250000,SENSEX,hybrid,0.8846153846153846,,20,180,2025-11-10T12:13:30,1762757010000,46,730.0578092057722
2025-11-10T11:27:30,1762754250000,SENSEX,hybrid,0.8846153846153846,,20,180,2025-11-10T12:14:30,1762757070000,47,727.2728089298896
2025-11-10T11:27:30,1762754250000,SENSEX,hybrid,0.8846153846153846,,20,180,2025-11-10T12:15:30,1762757130000,48,730.7015975301867
2025-11-10T11:27:30,1762754250000,SENSEX,hybrid,0.8846153846153846,,20,180,2025-11-10T12:16:30,1762757190000,49,729.4555759101845
2025-11-10T11:27:30,1762754250000,SENSEX,hybrid,0.8846153846153846,,20,180,2025-11-10T12:17:30,1762757250000,50,724.4942774756634
2025-11-10T11:27:30,1762754250000,SENSEX,hybrid,0.8846153846153846,,20,180,2025-11-10T12:18:30,1762757310000,51,728.887464769432
2025-11-10T11:27:30,1762754250000,SENSEX,hybrid,0.8846153846153846,,20,180,2025-11-10T12:19:30,1762757370000,52,726.7213221680983
2025-11-10T11:27:30,1762754250000,SENSEX,hybrid,0.8846153846153846,,20,180,2025-11-10T12:20:30,1762757430000,53,723.3877227199011
2025-11-10T11:27:30,1762754250000,SENSEX,hybrid,0.8846153846153846,,20,180,2025-11-10T12:21:30,1762757490000,54,727.2137183589879
2025-11-10T11:27:30,1762754250000,SENSEX,hybrid,0.8846153846153846,,20,180,2025-11-10T12:22:30,1762757550000,55,726.7420934912778
2025-11-10T11:27:30,1762754250000,SENSEX,hybrid,0.8846153846153846,,20,180,2025-11-10T12:23:30,1762757610000,56,719.8048436123703
2025-11-10T11:27:30,1762754250000,SENSEX,hybrid,0.8846153846153846,,20,180,2025-11-10T12:24:30,1762757670000,57,727.64741760305
2025-11-10T11:27:30,1762754250000,SENSEX,hybrid,0.8846153846153846,,20,180,2025-11-10T12:25:30,1762757730000,58,725.1826298064544
2025-11-10T11:27:30,1762754250000,SENSEX,hybrid,0.8846153846153846,,20,180,2025-11-10T12:26:30,1762757790000,59,721.5804081867578
2025-11-10T11:27:30,1762754250000,SENSEX,hybrid,0.8846153846153846,,20,180,2025-11-10T12:27:30,1762757850000,60,725.7279178483111
2025-11-10T11:27:30,1762754250000,SENSEX,hybrid,0.8846153846153846,,20,180,2025-11-10T11:28:30,1762754310000,1,731.55
2025-11-10T11:27:30,1762754250000,SENSEX,hybrid,0.8846153846153846,,20,180,2025-11-10T11:29:30,1762754370000,2,728.2023544084801
2025-11-10T11:27:30,1762754250000,SENSEX,hybrid,0.8846153846153846,,20,180,2025-11-10T11:30:30,1762754430000,3,733.5931526002221
2025-11-10T11:27:30,1762754250000,SENSEX,hybrid,0.8846153846153846,,20,180,2025-11-10T11:31:30,1762754490000,4,732.6104109822652
2025-11-10T11:27:30,1762754250000,SENSEX,hybrid,0.8846153846153846,,20,180,2025-11-10T11:32:30,1762754550000,5,729.194336139301
2025-11-10T11:27:30,1762754250000,SENSEX,hybrid,0.8846153846153846,,20,180,2025-11-10T11:33:30,1762754610000,6,731.715592901828
2025-11-10T11:27:30,1762754250000,SENSEX,hybrid,0.8846153846153846,,20,180,2025-11-10T11:34:30,1762754670000,7,731.3301400658313
2025-11-10T11:27:30,1762754250000,SENSEX,hybrid,0.8846153846153846,,20,180,2025-11-10T11:35:30,1762754730000,8,728.8487637159943
2025-11-10T11:27:30,1762754250000,SENSEX,hybrid,0.8846153846153846,,20,180,2025-11-10T11:36:30,1762754790000,9,731.7855054814764
2025-11-10T11:27:30,1762754250000,SENSEX,hybrid,0.8846153846153846,,20,180,2025-11-10T11:37:30,1762754850000,10,729.8305336964588
2025-11-10T11:27:30,1762754250000,SENSEX,hybrid,0.8846153846153846,,20,180,2025-11-10T11:38:30,1762754910000,11,727.4084175091836
2025-11-10T11:27:30,1762754250000,SENSEX,hybrid,0.8846153846153846,,20,180,2025-11-10T11:39:30,1762754970000,12,730.257874831521
2025-11-10T11:27:30,1762754250000,SENSEX,hybrid,0.8846153846153846,,20,180,2025-11-10T11:40:30,1762755030000,13,730.9030622784566
2025-11-10T11:27:30,1762754250000,SENSEX,hybrid,0.8846153846153846,,20,180,2025-11-10T11:41:30,1762755090000,14,727.8848062881755
2025-11-10T11:27:30,1762754250000,SENSEX,hybrid,0.8846153846153846,,20,180,2025-11-10T11:42:30,1762755150000,15,730.951879956165
2025-11-10T11:27:30,1762754250000,SENSEX,hybrid,0.8846153846153846,,20,180,2025-11-10T11:43:30,1762755210000,16,728.5714156829689
2025-11-10T11:27:30,1762754250000,SENSEX,hybrid,0.8846153846153846,,20,180,2025-11-10T11:44:30,1762755270000,17,728.0035201729153
2025-11-10T11:27:30,1762754250000,SENSEX,hybrid,0.8846153846153846,,20,180,2025-11-10T11:45:30,1762755330000,18,728.200842889201
2025-11-10T11:27:30,1762754250000,SENSEX,hybrid,0.8846153846153846,,20,180,2025-11-10T11:46:30,1762755390000,19,729.5287000585719
2025-11-10T11:27:30,1762754250000,SENSEX,hybrid,0.8846153846153846,,20,180,2025-11-10T11:47:30,1762755450000,20,725.8583395161538
2025-11-10T11:27:30,1762754250000,SENSEX,hybrid,0.8846153846153846,,20,180,2025-11-10T11:48:30,1762755510000,21,731.2823988999331
2025-11-10T11:27:30,1762754250000,SENSEX,hybrid,0.8846153846153846,,20,180,2025-11-10T11:49:30,1762755570000,22,729.8725840510994
2025-11-10T11:27:30,1762754250000,SENSEX,hybrid,0.8846153846153846,,20,180,2025-11-10T11:50:30,1762755630000,23,728.2614458650015
2025-11-10T11:27:30,1762754250000,SENSEX,hybrid,0.8846153846153846,,20,180,2025-11-10T11:51:30,1762755690000,24,731.7095860632221
2025-11-10T11:27:30,1762754250000,SENSEX,hybrid,0.8846153846153846,,20,180,2025-11-10T11:52:30,1762755750000,25,732.5710668724745
2025-11-10T11:27:30,1762754250000,SENSEX,hybrid,0.8846153846153846,,20,180,2025-11-10T11:53:30,1762755810000,26,728.4179756237064
2025-11-10T11:27:30,1762754250000,SENSEX,hybrid,0.8846153846153846,,20,180,2025-11-10T11:54:30,1762755870000,27,733.5834268616192
2025-11-10T11:27:30,1762754250000,SENSEX,hybrid,0.8846153846153846,,20,180,2025-11-10T11:55:30,1762755930000,28,732.4442674603353
2025-11-10T11:27:30,1762754250000,SENSEX,hybrid,0.8846153846153846,,20,180,2025-11-10T11:56:30,1762755990000,29,728.6453172848503
2025-11-10T11:27:30,1762754250000,SENSEX,hybrid,0.8846153846153846,,20,180,2025-11-10T11:57:30,1762756050000,30,732.4780887637108
2025-11-10T11:27:30,1762754250000,SENSEX,hybrid,0.8846153846153846,,20,180,2025-11-10T11:58:30,1762756110000,31,732.0849374672068
2025-11-10T11:27:30,1762754250000,SENSEX,hybrid,0.8846153846153846,,20,180,2025-11-10T11:59:30,1762756170000,32,728.054926715702
2025-11-10T11:27:30,1762754250000,SENSEX,hybrid,0.8846153846153846,,20,180,2025-11-10T12:00:30,1762756230000,33,731.2874687697991
2025-11-10T11:27:30,1762754250000,SENSEX,hybrid,0.8846153846153846,,20,180,2025-11-10T12:01:30,1762756290000,34,732.4939760179134
2025-11-10T11:27:30,1762754250000,SENSEX,hybrid,0.8846153846153846,,20,180,2025-11-10T12:02:30,1762756350000,35,728.8247313502263
2025-11-10T11:27:30,1762754250000,SENSEX,hybrid,0.8846153846153846,,20,180,2025-11-10T12:03:30,1762756410000,36,732.1967621815701
2025-11-10T11:27:30,1762754250000,SENSEX,hybrid,0.8846153846153846,,20,180,2025-11-10T12:04:30,1762756470000,37,731.6707376989852
2025-11-10T11:27:30,1762754250000,SENSEX,hybrid,0.8846153846153846,,20,180,2025-11-10T12:05:30,1762756530000,38,727.3124374782359
2025-11-10T11:27:30,1762754250000,SENSEX,hybrid,0.8846153846153846,,20,180,2025-11-10T12:06:30,1762756590000,39,730.2037418345923
2025-11-10T11:27:30,1762754250000,SENSEX,hybrid,0.8846153846153846,,20,180,2025-11-10T12:07:30,1762756650000,40,730.1476635252614
2025-11-10T11:27:30,1762754250000,SENSEX,hybrid,0.8846153846153846,,20,180,2025-11-10T12:08:30,1762756710000,41,726.1404689658865
2025-11-10T11:27:30,1762754250000,SENSEX,hybrid,0.8846153846153846,,20,180,2025-11-10T12:09:30,1762756770000,42,730.5233991684981
2025-11-10T11:27:30,1762754250000,SENSEX,hybrid,0.8846153846153846,,20,180,2025-11-10T12:10:30,1762756830000,43,729.2354412728572
2025-11-10T11:27:30,1762754250000,SENSEX,hybrid,0.8846153846153846,,20,180,2025-11-10T12:11:30,1762756890000,44,726.9971048729051
2025-11-10T11:27:30,1762754250000,SENSEX,hybrid,0.8846153846153846,,20,180,2025-11-10T12:12:30,1762756950000,45,729.4071824011193
2025-11-10T11:27:30,1762754250000,SENSEX,hybrid,0.8846153846153846,,20,180,2025-11-10T12:13:30,1762757010000,46,730.0578092057722
2025-11-10T11:27:30,1762754250000,SENSEX,hybrid,0.8846153846153846,,20,180,2025-11-10T12:14:30,1762757070000,47,727.2728089298896
2025-11-10T11:27:30,1762754250000,SENSEX,hybrid,0.8846153846153846,,20,180,2025-11-10T12:15:30,1762757130000,48,730.7015975301867
2025-11-10T11:27:30,1762754250000,SENSEX,hybrid,0.8846153846153846,,20,180,2025-11-10T12:16:30,1762757190000,49,729.4555759101845
2025-11-10T11:27:30,1762754250000,SENSEX,hybrid,0.8846153846153846,,20,180,2025-11-10T12:17:30,1762757250000,50,724.4942774756634
2025-11-10T11:27:30,1762754250000,SENSEX,hybrid,0.8846153846153846,,20,180,2025-11-10T12:18:30,1762757310000,51,728.887464769432
2025-11-10T11:27:30,1762754250000,SENSEX,hybrid,0.8846153846153846,,20,180,2025-11-10T12:19:30,1762757370000,52,726.7213221680983
2025-11-10T11:27:30,1762754250000,SENSEX,hybrid,0.8846153846153846,,20,180,2025-11-10T12:20:30,1762757430000,53,723.3877227199011
2025-11-10T11:27:30,1762754250000,SENSEX,hybrid,0.8846153846153846,,20,180,2025-11-10T12:21:30,1762757490000,54,727.2137183589879
2025-11-10T11:27:30,1762754250000,SENSEX,hybrid,0.8846153846153846,,20,180,2025-11-10T12:22:30,1762757550000,55,726.7420934912778
2025-11-10T11:27:30,1762754250000,SENSEX,hybrid,0.8846153846153846,,20,180,2025-11-10T12:23:30,1762757610000,56,719.8048436123703
2025-11-10T11:27:30,1762754250000,SENSEX,hybrid,0.8846153846153846,,20,180,2025-11-10T12:24:30,1762757670000,57,727.64741760305
2025-11-10T11:27:30,1762754250000,SENSEX,hybrid,0.8846153846153846,,20,180,2025-11-10T12:25:30,1762757730000,58,725.1826298064544
2025-11-10T11:27:30,1762754250000,SENSEX,hybrid,0.8846153846153846,,20,180,2025-11-10T12:26:30,1762757790000,59,721.5804081867578
2025-11-10T11:27:30,1762754250000,SENSEX,hybrid,0.8846153846153846,,20,180,2025-11-10T12:27:30,1762757850000,60,725.7279178483111
2025-11-10T11:28:00,1762754280000,SENSEX,hybrid,0.8846153846153846,21,20,180,2025-11-10T11:29:00,1762754340000,1,732.7
2025-11-10T11:28:00,1762754280000,SENSEX,hybrid,0.8846153846153846,21,20,180,2025-11-10T11:30:00,1762754400000,2,737.5461427555625
2025-11-10T11:28:00,1762754280000,SENSEX,hybrid,0.8846153846153846,21,20,180,2025-11-10T11:31:00,1762754460000,3,738.8690823904575
2025-11-10T11:28:00,1762754280000,SENSEX,hybrid,0.8846153846153846,21,20,180,2025-11-10T11:32:00,1762754520000,4,734.7006585765004
2025-11-10T11:28:00,1762754280000,SENSEX,hybrid,0.8846153846153846,21,20,180,2025-11-10T11:33:00,1762754580000,5,737.0295134778182
2025-11-10T11:28:00,1762754280000,SENSEX,hybrid,0.8846153846153846,21,20,180,2025-11-10T11:34:00,1762754640000,6,736.8860019900726
2025-11-10T11:28:00,1762754280000,SENSEX,hybrid,0.8846153846153846,21,20,180,2025-11-10T11:35:00,1762754700000,7,733.4649756348422
2025-11-10T11:28:00,1762754280000,SENSEX,hybrid,0.8846153846153846,21,20,180,2025-11-10T11:36:00,1762754760000,8,736.55092723432
2025-11-10T11:28:00,1762754280000,SENSEX,hybrid,0.8846153846153846,21,20,180,2025-11-10T11:37:00,1762754820000,9,736.6527407760864
2025-11-10T11:28:00,1762754280000,SENSEX,hybrid,0.8846153846153846,21,20,180,2025-11-10T11:38:00,1762754880000,10,731.5583314349576
2025-11-10T11:28:00,1762754280000,SENSEX,hybrid,0.8846153846153846,21,20,180,2025-11-10T11:39:00,1762754940000,11,735.5512703699453
2025-11-10T11:28:00,1762754280000,SENSEX,hybrid,0.8846153846153846,21,20,180,2025-11-10T11:40:00,1762755000000,12,735.1399956100727
2025-11-10T11:28:00,1762754280000,SENSEX,hybrid,0.8846153846153846,21,20,180,2025-11-10T11:41:00,1762755060000,13,732.7443722366537
2025-11-10T11:28:00,1762754280000,SENSEX,hybrid,0.8846153846153846,21,20,180,2025-11-10T11:42:00,1762755120000,14,736.131893168169
2025-11-10T11:28:00,1762754280000,SENSEX,hybrid,0.8846153846153846,21,20,180,2025-11-10T11:43:00,1762755180000,15,735.7672425016331
2025-11-10T11:28:00,1762754280000,SENSEX,hybrid,0.8846153846153846,21,20,180,2025-11-10T11:44:00,1762755240000,16,731.2911015671069
2025-11-10T11:28:00,1762754280000,SENSEX,hybrid,0.8846153846153846,21,20,180,2025-11-10T11:45:00,1762755300000,17,736.1180006356424
2025-11-10T11:28:00,1762754280000,SENSEX,hybrid,0.8846153846153846,21,20,180,2025-11-10T11:46:00,1762755360000,18,734.1796042440332
2025-11-10T11:28:00,1762754280000,SENSEX,hybrid,0.8846153846153846,21,20,180,2025-11-10T11:47:00,1762755420000,19,731.4165011224586
2025-11-10T11:28:00,1762754280000,SENSEX,hybrid,0.8846153846153846,21,20,180,2025-11-10T11:48:00,1762755480000,20,734.8320077059927
2025-11-10T11:28:00,1762754280000,SENSEX,hybrid,0.8846153846153846,21,20,180,2025-11-10T11:49:00,1762755540000,21,736.7540712195716
2025-11-10T11:28:00,1762754280000,SENSEX,hybrid,0.8846153846153846,21,20,180,2025-11-10T11:50:00,1762755600000,22,732.4683554579963
2025-11-10T11:28:00,1762754280000,SENSEX,hybrid,0.8846153846153846,21,20,180,2025-11-10T11:51:00,1762755660000,23,737.0763365027941
2025-11-10T11:28:00,1762754280000,SENSEX,hybrid,0.8846153846153846,21,20,180,2025-11-10T11:52:00,1762755720000,24,737.2044382877951
2025-11-10T11:28:00,1762754280000,SENSEX,hybrid,0.8846153846153846,21,20,180,2025-11-10T11:53:00,1762755780000,25,734.5151250431028
2025-11-10T11:28:00,1762754280000,SENSEX,hybrid,0.8846153846153846,21,20,180,2025-11-10T11:54:00,1762755840000,26,737.4025448267248
2025-11-10T11:28:00,1762754280000,SENSEX,hybrid,0.8846153846153846,21,20,180,2025-11-10T11:55:00,1762755900000,27,739.8324238653008
2025-11-10T11:28:00,1762754280000,SENSEX,hybrid,0.8846153846153846,21,20,180,2025-11-10T11:56:00,1762755960000,28,734.3340933188745
2025-11-10T11:28:00,1762754280000,SENSEX,hybrid,0.8846153846153846,21,20,180,2025-11-10T11:57:00,1762756020000,29,738.0528182958244
2025-11-10T11:28:00,1762754280000,SENSEX,hybrid,0.8846153846153846,21,20,180,2025-11-10T11:58:00,1762756080000,30,738.8231799598533
2025-11-10T11:28:00,1762754280000,SENSEX,hybrid,0.8846153846153846,21,20,180,2025-11-10T11:59:00,1762756140000,31,734.3846515226127
2025-11-10T11:28:00,1762754280000,SENSEX,hybrid,0.8846153846153846,21,20,180,2025-11-10T12:00:00,1762756200000,32,736.6353121564737
2025-11-10T11:28:00,1762754280000,SENSEX,hybrid,0.8846153846153846,21,20,180,2025-11-10T12:01:00,1762756260000,33,736.4551466978539
2025-11-10T11:28:00,1762754280000,SENSEX,hybrid,0.8846153846153846,21,20,180,2025-11-10T12:02:00,1762756320000,34,734.066148090805
2025-11-10T11:28:00,1762754280000,SENSEX,hybrid,0.8846153846153846,21,20,180,2025-11-10T12:03:00,1762756380000,35,737.1388065598817
2025-11-10T11:28:00,1762754280000,SENSEX,hybrid,0.8846153846153846,21,20,180,2025-11-10T12:04:00,1762756440000,36,737.9745677450842
2025-11-10T11:28:00,1762754280000,SENSEX,hybrid,0.8846153846153846,21,20,180,2025-11-10T12:05:00,1762756500000,37,732.6152374663653
2025-11-10T11:28:00,1762754280000,SENSEX,hybrid,0.8846153846153846,21,20,180,2025-11-10T12:06:00,1762756560000,38,736.3660211222672
2025-11-10T11:28:00,1762754280000,SENSEX,hybrid,0.8846153846153846,21,20,180,2025-11-10T12:07:00,1762756620000,39,735.0945157543571
2025-11-10T11:28:00,1762754280000,SENSEX,hybrid,0.8846153846153846,21,20,180,2025-11-10T12:08:00,1762756680000,40,731.6304775596083
2025-11-10T11:28:00,1762754280000,SENSEX,hybrid,0.8846153846153846,21,20,180,2025-11-10T12:09:00,1762756740000,41,734.8369814115675
2025-11-10T11:28:00,1762754280000,SENSEX,hybrid,0.8846153846153846,21,20,180,2025-11-10T12:10:00,1762756800000,42,735.357073637269
2025-11-10T11:28:00,1762754280000,SENSEX,hybrid,0.8846153846153846,21,20,180,2025-11-10T12:11:00,1762756860000,43,731.5994259683041
2025-11-10T11:28:00,1762754280000,SENSEX,hybrid,0.8846153846153846,21,20,180,2025-11-10T12:12:00,1762756920000,44,734.693878753614
2025-11-10T11:28:00,1762754280000,SENSEX,hybrid,0.8846153846153846,21,20,180,2025-11-10T12:13:00,1762756980000,45,734.5282791068674
2025-11-10T11:28:00,1762754280000,SENSEX,hybrid,0.8846153846153846,21,20,180,2025-11-10T12:14:00,1762757040000,46,732.4703368246834
2025-11-10T11:28:00,1762754280000,SENSEX,hybrid,0.8846153846153846,21,20,180,2025-11-10T12:15:00,1762757100000,47,734.8022234661435
2025-11-10T11:28:00,1762754280000,SENSEX,hybrid,0.8846153846153846,21,20,180,2025-11-10T12:16:00,1762757160000,48,735.5147004256914
2025-11-10T11:28:00,1762754280000,SENSEX,hybrid,0.8846153846153846,21,20,180,2025-11-10T12:17:00,1762757220000,49,729.8307201170319
2025-11-10T11:28:00,1762754280000,SENSEX,hybrid,0.8846153846153846,21,20,180,2025-11-10T12:18:00,1762757280000,50,733.8016269555964
2025-11-10T11:28:00,1762754280000,SENSEX,hybrid,0.8846153846153846,21,20,180,2025-11-10T12:19:00,1762757340000,51,734.1478819410346
2025-11-10T11:28:00,1762754280000,SENSEX,hybrid,0.8846153846153846,21,20,180,2025-11-10T12:20:00,1762757400000,52,728.7397035868144
2025-11-10T11:28:00,1762754280000,SENSEX,hybrid,0.8846153846153846,21,20,180,2025-11-10T12:21:00,1762757460000,53,732.4831334990918
2025-11-10T11:28:00,1762754280000,SENSEX,hybrid,0.8846153846153846,21,20,180,2025-11-10T12:22:00,1762757520000,54,732.6830180223814
2025-11-10T11:28:00,1762754280000,SENSEX,hybrid,0.8846153846153846,21,20,180,2025-11-10T12:23:00,1762757580000,55,727.9435938207567
2025-11-10T11:28:00,1762754280000,SENSEX,hybrid,0.8846153846153846,21,20,180,2025-11-10T12:24:00,1762757640000,56,729.0461302820565
2025-11-10T11:28:00,1762754280000,SENSEX,hybrid,0.8846153846153846,21,20,180,2025-11-10T12:25:00,1762757700000,57,733.2841510516121
2025-11-10T11:28:00,1762754280000,SENSEX,hybrid,0.8846153846153846,21,20,180,2025-11-10T12:26:00,1762757760000,58,726.8664350098668
2025-11-10T11:28:00,1762754280000,SENSEX,hybrid,0.8846153846153846,21,20,180,2025-11-10T12:27:00,1762757820000,59,731.3037573006262
2025-11-10T11:28:00,1762754280000,SENSEX,hybrid,0.8846153846153846,21,20,180,2025-11-10T12:28:00,1762757880000,60,731.5576191529213
2025-11-10T11:28:00,1762754280000,SENSEX,hybrid,0.8846153846153846,,20,180,2025-11-10T11:29:00,1762754340000,1,732.7
2025-11-10T11:28:00,1762754280000,SENSEX,hybrid,0.8846153846153846,,20,180,2025-11-10T11:30:00,1762754400000,2,737.5461427555625
2025-11-10T11:28:00,1762754280000,SENSEX,hybrid,0.8846153846153846,,20,180,2025-11-10T11:31:00,1762754460000,3,738.8690823904575
2025-11-10T11:28:00,1762754280000,SENSEX,hybrid,0.8846153846153846,,20,180,2025-11-10T11:32:00,1762754520000,4,734.7006585765004
2025-11-10T11:28:00,1762754280000,SENSEX,hybrid,0.8846153846153846,,20,180,2025-11-10T11:33:00,1762754580000,5,737.0295134778182
2025-11-10T11:28:00,1762754280000,SENSEX,hybrid,0.8846153846153846,,20,180,2025-11-10T11:34:00,1762754640000,6,736.8860019900726
2025-11-10T11:28:00,1762754280000,SENSEX,hybrid,0.8846153846153846,,20,180,2025-11-10T11:35:00,1762754700000,7,733.4649756348422
2025-11-10T11:28:00,1762754280000,SENSEX,hybrid,0.8846153846153846,,20,180,2025-11-10T11:36:00,1762754760000,8,736.55092723432
2025-11-10T11:28:00,1762754280000,SENSEX,hybrid,0.8846153846153846,,20,180,2025-11-10T11:37:00,1762754820000,9,736.6527407760864
2025-11-10T11:28:00,1762754280000,SENSEX,hybrid,0.8846153846153846,,20,180,2025-11-10T11:38:00,1762754880000,10,731.5583314349576
2025-11-10T11:28:00,1762754280000,SENSEX,hybrid,0.8846153846153846,,20,180,2025-11-10T11:39:00,1762754940000,11,735.5512703699453
2025-11-10T11:28:00,1762754280000,SENSEX,hybrid,0.8846153846153846,,20,180,2025-11-10T11:40:00,1762755000000,12,735.1399956100727
2025-11-10T11:28:00,1762754280000,SENSEX,hybrid,0.8846153846153846,,20,180,2025-11-10T11:41:00,1762755060000,13,732.7443722366537
2025-11-10T11:28:00,1762754280000,SENSEX,hybrid,0.8846153846153846,,20,180,2025-11-10T11:42:00,1762755120000,14,736.131893168169
2025-11-10T11:28:00,1762754280000,SENSEX,hybrid,0.8846153846153846,,20,180,2025-11-10T11:43:00,1762755180000,15,735.7672425016331
2025-11-10T11:28:00,1762754280000,SENSEX,hybrid,0.8846153846153846,,20,180,2025-11-10T11:44:00,1762755240000,16,731.2911015671069
2025-11-10T11:28:00,1762754280000,SENSEX,hybrid,0.8846153846153846,,20,180,2025-11-10T11:45:00,1762755300000,17,736.1180006356424
2025-11-10T11:28:00,1762754280000,SENSEX,hybrid,0.8846153846153846,,20,180,2025-11-10T11:46:00,1762755360000,18,734.1796042440332
2025-11-10T11:28:00,1762754280000,SENSEX,hybrid,0.8846153846153846,,20,180,2025-11-10T11:47:00,1762755420000,19,731.4165011224586
2025-11-10T11:28:00,1762754280000,SENSEX,hybrid,0.8846153846153846,,20,180,2025-11-10T11:48:00,1762755480000,20,734.8320077059927
2025-11-10T11:28:00,1762754280000,SENSEX,hybrid,0.8846153846153846,,20,180,2025-11-10T11:49:00,1762755540000,21,736.7540712195716
2025-11-10T11:28:00,1762754280000,SENSEX,hybrid,0.8846153846153846,,20,180,2025-11-10T11:50:00,1762755600000,22,732.4683554579963
2025-11-10T11:28:00,1762754280000,SENSEX,hybrid,0.8846153846153846,,20,180,2025-11-10T11:51:00,1762755660000,23,737.0763365027941
2025-11-10T11:28:00,1762754280000,SENSEX,hybrid,0.8846153846153846,,20,180,2025-11-10T11:52:00,1762755720000,24,737.2044382877951
2025-11-10T11:28:00,1762754280000,SENSEX,hybrid,0.8846153846153846,,20,180,2025-11-10T11:53:00,1762755780000,25,734.5151250431028
2025-11-10T11:28:00,1762754280000,SENSEX,hybrid,0.8846153846153846,,20,180,2025-11-10T11:54:00,1762755840000,26,737.4025448267248
2025-11-10T11:28:00,1762754280000,SENSEX,hybrid,0.8846153846153846,,20,180,2025-11-10T11:55:00,1762755900000,27,739.8324238653008
2025-11-10T11:28:00,1762754280000,SENSEX,hybrid,0.8846153846153846,,20,180,2025-11-10T11:56:00,1762755960000,28,734.3340933188745
2025-11-10T11:28:00,1762754280000,SENSEX,hybrid,0.8846153846153846,,20,180,2025-11-10T11:57:00,1762756020000,29,738.0528182958244
2025-11-10T11:28:00,1762754280000,SENSEX,hybrid,0.8846153846153846,,20,180,2025-11-10T11:58:00,1762756080000,30,738.8231799598533
2025-11-10T11:28:00,1762754280000,SENSEX,hybrid,0.8846153846153846,,20,180,2025-11-10T11:59:00,1762756140000,31,734.3846515226127
2025-11-10T11:28:00,1762754280000,SENSEX,hybrid,0.8846153846153846,,20,180,2025-11-10T12:00:00,1762756200000,32,736.6353121564737
2025-11-10T11:28:00,1762754280000,SENSEX,hybrid,0.8846153846153846,,20,180,2025-11-10T12:01:00,1762756260000,33,736.4551466978539
2025-11-10T11:28:00,1762754280000,SENSEX,hybrid,0.8846153846153846,,20,180,2025-11-10T12:02:00,1762756320000,34,734.066148090805
2025-11-10T11:28:00,1762754280000,SENSEX,hybrid,0.8846153846153846,,20,180,2025-11-10T12:03:00,1762756380000,35,737.1388065598817
2025-11-10T11:28:00,1762754280000,SENSEX,hybrid,0.8846153846153846,,20,180,2025-11-10T12:04:00,1762756440000,36,737.9745677450842
2025-11-10T11:28:00,1762754280000,SENSEX,hybrid,0.8846153846153846,,20,180,2025-11-10T12:05:00,1762756500000,37,732.6152374663653
2025-11-10T11:28:00,1762754280000,SENSEX,hybrid,0.8846153846153846,,20,180,2025-11-10T12:06:00,1762756560000,38,736.3660211222672
2025-11-10T11:28:00,1762754280000,SENSEX,hybrid,0.8846153846153846,,20,180,2025-11-10T12:07:00,1762756620000,39,735.0945157543571
2025-11-10T11:28:00,1762754280000,SENSEX,hybrid,0.8846153846153846,,20,180,2025-11-10T12:08:00,1762756680000,40,731.6304775596083
2025-11-10T11:28:00,1762754280000,SENSEX,hybrid,0.8846153846153846,,20,180,2025-11-10T12:09:00,1762756740000,41,734.8369814115675
2025-11-10T11:28:00,1762754280000,SENSEX,hybrid,0.8846153846153846,,20,180,2025-11-10T12:10:00,1762756800000,42,735.357073637269
2025-11-10T11:28:00,1762754280000,SENSEX,hybrid,0.8846153846153846,,20,180,2025-11-10T12:11:00,1762756860000,43,731.5994259683041
2025-11-10T11:28:00,1762754280000,SENSEX,hybrid,0.8846153846153846,,20,180,2025-11-10T12:12:00,1762756920000,44,734.693878753614
2025-11-10T11:28:00,1762754280000,SENSEX,hybrid,0.8846153846153846,,20,180,2025-11-10T12:13:00,1762756980000,45,734.5282791068674
2025-11-10T11:28:00,1762754280000,SENSEX,hybrid,0.8846153846153846,,20,180,2025-11-10T12:14:00,1762757040000,46,732.4703368246834
2025-11-10T11:28:00,1762754280000,SENSEX,hybrid,0.8846153846153846,,20,180,2025-11-10T12:15:00,1762757100000,47,734.8022234661435
2025-11-10T11:28:00,1762754280000,SENSEX,hybrid,0.8846153846153846,,20,180,2025-11-10T12:16:00,1762757160000,48,735.5147004256914
2025-11-10T11:28:00,1762754280000,SENSEX,hybrid,0.8846153846153846,,20,180,2025-11-10T12:17:00,1762757220000,49,729.8307201170319
2025-11-10T11:28:00,1762754280000,SENSEX,hybrid,0.8846153846153846,,20,180,2025-11-10T12:18:00,1762757280000,50,733.8016269555964
2025-11-10T11:28:00,1762754280000,SENSEX,hybrid,0.8846153846153846,,20,180,2025-11-10T12:19:00,1762757340000,51,734.1478819410346
2025-11-10T11:28:00,1762754280000,SENSEX,hybrid,0.8846153846153846,,20,180,2025-11-10T12:20:00,1762757400000,52,728.7397035868144
2025-11-10T11:28:00,1762754280000,SENSEX,hybrid,0.8846153846153846,,20,180,2025-11-10T12:21:00,1762757460000,53,732.4831334990918
2025-11-10T11:28:00,1762754280000,SENSEX,hybrid,0.8846153846153846,,20,180,2025-11-10T12:22:00,1762757520000,54,732.6830180223814
2025-11-10T11:28:00,1762754280000,SENSEX,hybrid,0.8846153846153846,,20,180,2025-11-10T12:23:00,1762757580000,55,727.9435938207567
2025-11-10T11:28:00,1762754280000,SENSEX,hybrid,0.8846153846153846,,20,180,2025-11-10T12:24:00,1762757640000,56,729.0461302820565
2025-11-10T11:28:00,1762754280000,SENSEX,hybrid,0.8846153846153846,,20,180,2025-11-10T12:25:00,1762757700000,57,733.2841510516121
2025-11-10T11:28:00,1762754280000,SENSEX,hybrid,0.8846153846153846,,20,180,2025-11-10T12:26:00,1762757760000,58,726.8664350098668
2025-11-10T11:28:00,1762754280000,SENSEX,hybrid,0.8846153846153846,,20,180,2025-11-10T12:27:00,1762757820000,59,731.3037573006262
2025-11-10T11:28:00,1762754280000,SENSEX,hybrid,0.8846153846153846,,20,180,2025-11-10T12:28:00,1762757880000,60,731.5576191529213
2025-11-10T11:30:00,1762754400000,SENSEX,hybrid,0.8846153846153846,21,20,180,2025-11-10T11:31:00,1762754460000,1,732.4
2025-11-10T11:30:00,1762754400000,SENSEX,hybrid,0.8846153846153846,21,20,180,2025-11-10T11:32:00,1762754520000,2,734.1358658784319
2025-11-10T11:30:00,1762754400000,SENSEX,hybrid,0.8846153846153846,21,20,180,2025-11-10T11:33:00,1762754580000,3,731.4117167883525
2025-11-10T11:30:00,1762754400000,SENSEX,hybrid,0.8846153846153846,21,20,180,2025-11-10T11:34:00,1762754640000,4,733.8654993673066
2025-11-10T11:30:00,1762754400000,SENSEX,hybrid,0.8846153846153846,21,20,180,2025-11-10T11:35:00,1762754700000,5,732.5982048745773
2025-11-10T11:30:00,1762754400000,SENSEX,hybrid,0.8846153846153846,21,20,180,2025-11-10T11:36:00,1762754760000,6,728.409361672302
2025-11-10T11:30:00,1762754400000,SENSEX,hybrid,0.8846153846153846,21,20,180,2025-11-10T11:37:00,1762754820000,7,732.2914378895944
2025-11-10T11:30:00,1762754400000,SENSEX,hybrid,0.8846153846153846,21,20,180,2025-11-10T11:38:00,1762754880000,8,732.3921801094885
2025-11-10T11:30:00,1762754400000,SENSEX,hybrid,0.8846153846153846,21,20,180,2025-11-10T11:39:00,1762754940000,9,728.1823994329168
2025-11-10T11:30:00,1762754400000,SENSEX,hybrid,0.8846153846153846,21,20,180,2025-11-10T11:40:00,1762755000000,10,730.348856421104
2025-11-10T11:30:00,1762754400000,SENSEX,hybrid,0.8846153846153846,21,20,180,2025-11-10T11:41:00,1762755060000,11,730.8306613458694
2025-11-10T11:30:00,1762754400000,SENSEX,hybrid,0.8846153846153846,21,20,180,2025-11-10T11:42:00,1762755120000,12,727.7793182530996
2025-11-10T11:30:00,1762754400000,SENSEX,hybrid,0.8846153846153846,21,20,180,2025-11-10T11:43:00,1762755180000,13,731.879480484605
2025-11-10T11:30:00,1762754400000,SENSEX,hybrid,0.8846153846153846,21,20,180,2025-11-10T11:44:00,1762755240000,14,731.9426802194849
2025-11-10T11:30:00,1762754400000,SENSEX,hybrid,0.8846153846153846,21,20,180,2025-11-10T11:45:00,1762755300000,15,727.4342984735662
2025-11-10T11:30:00,1762754400000,SENSEX,hybrid,0.8846153846153846,21,20,180,2025-11-10T11:46:00,1762755360000,16,731.160688548328
2025-11-10T11:30:00,1762754400000,SENSEX,hybrid,0.8846153846153846,21,20,180,2025-11-10T11:47:00,1762755420000,17,731.7858891264278
2025-11-10T11:30:00,1762754400000,SENSEX,hybrid,0.8846153846153846,21,20,180,2025-11-10T11:48:00,1762755480000,18,728.0013790935384
2025-11-10T11:30:00,1762754400000,SENSEX,hybrid,0.8846153846153846,21,20,180,2025-11-10T11:49:00,1762755540000,19,731.0277432412295
2025-11-10T11:30:00,1762754400000,SENSEX,hybrid,0.8846153846153846,21,20,180,2025-11-10T11:50:00,1762755600000,20,729.8087587067025
2025-11-10T11:30:00,1762754400000,SENSEX,hybrid,0.8846153846153846,21,20,180,2025-11-10T11:51:00,1762755660000,21,729.6013006851562
2025-11-10T11:30:00,1762754400000,SENSEX,hybrid,0.8846153846153846,21,20,180,2025-11-10T11:52:00,1762755720000,22,731.9760010210581
2025-11-10T11:30:00,1762754400000,SENSEX,hybrid,0.8846153846153846,21,20,180,2025-11-10T11:53:00,1762755780000,23,732.7096829600921
2025-11-10T11:30:00,1762754400000,SENSEX,hybrid,0.8846153846153846,21,20,180,2025-11-10T11:54:00,1762755840000,24,729.5780375038876
2025-11-10T11:30:00,1762754400000,SENSEX,hybrid,0.8846153846153846,21,20,180,2025-11-10T11:55:00,1762755900000,25,733.856650038299
2025-11-10T11:30:00,1762754400000,SENSEX,hybrid,0.8846153846153846,21,20,180,2025-11-10T11:56:00,1762755960000,26,732.9853040468462
2025-11-10T11:30:00,1762754400000,SENSEX,hybrid,0.8846153846153846,21,20,180,2025-11-10T11:57:00,1762756020000,27,731.6197548606377
2025-11-10T11:30:00,1762754400000,SENSEX,hybrid,0.8846153846153846,21,20,180,2025-11-10T11:58:00,1762756080000,28,734.2334853527356
2025-11-10T11:30:00,1762754400000,SENSEX,hybrid,0.8846153846153846,21,20,180,2025-11-10T11:59:00,1762756140000,29,734.2215425547301
2025-11-10T11:30:00,1762754400000,SENSEX,hybrid,0.8846153846153846,21,20,180,2025-11-10T12:00:00,1762756200000,30,731.4687154938089
2025-11-10T11:30:00,1762754400000,SENSEX,hybrid,0.8846153846153846,21,20,180,2025-11-10T12:01:00,1762756260000,31,733.9489580122676
2025-11-10T11:30:00,1762754400000,SENSEX,hybrid,0.8846153846153846,21,20,180,2025-11-10T12:02:00,1762756320000,32,732.0243185728997
2025-11-10T11:30:00,1762754400000,SENSEX,hybrid,0.8846153846153846,21,20,180,2025-11-10T12:03:00,1762756380000,33,727.4383998903974
2025-11-10T11:30:00,1762754400000,SENSEX,hybrid,0.8846153846153846,21,20,180,2025-11-10T12:04:00,1762756440000,34,733.7292313903823
2025-11-10T11:30:00,1762754400000,SENSEX,hybrid,0.8846153846153846,21,20,180,2025-11-10T12:05:00,1762756500000,35,733.5486308553195
2025-11-10T11:30:00,1762754400000,SENSEX,hybrid,0.8846153846153846,21,20,180,2025-11-10T12:06:00,1762756560000,36,729.8668599039947
2025-11-10T11:30:00,1762754400000,SENSEX,hybrid,0.8846153846153846,21,20,180,2025-11-10T12:07:00,1762756620000,37,732.5867690957463
2025-11-10T11:30:00,1762754400000,SENSEX,hybrid,0.8846153846153846,21,20,180,2025-11-10T12:08:00,1762756680000,38,732.3067513352801
2025-11-10T11:30:00,1762754400000,SENSEX,hybrid,0.8846153846153846,21,20,180,2025-11-10T12:09:00,1762756740000,39,728.0508167208743
2025-11-10T11:30:00,1762754400000,SENSEX,hybrid,0.8846153846153846,21,20,180,2025-11-10T12:10:00,1762756800000,40,730.8499328547435
2025-11-10T11:30:00,1762754400000,SENSEX,hybrid,0.8846153846153846,21,20,180,2025-11-10T12:11:00,1762756860000,41,729.7360845471962
2025-11-10T11:30:00,1762754400000,SENSEX,hybrid,0.8846153846153846,21,20,180,2025-11-10T12:12:00,1762756920000,42,728.3750217059788
2025-11-10T11:30:00,1762754400000,SENSEX,hybrid,0.8846153846153846,21,20,180,2025-11-10T12:13:00,1762756980000,43,730.1961168219432
2025-11-10T11:30:00,1762754400000,SENSEX,hybrid,0.8846153846153846,21,20,180,2025-11-10T12:14:00,1762757040000,44,729.3218178722286
2025-11-10T11:30:00,1762754400000,SENSEX,hybrid,0.8846153846153846,21,20,180,2025-11-10T12:15:00,1762757100000,45,724.8998258509187
2025-11-10T11:30:00,1762754400000,SENSEX,hybrid,0.8846153846153846,21,20,180,2025-11-10T12:16:00,1762757160000,46,730.0879139595454
2025-11-10T11:30:00,1762754400000,SENSEX,hybrid,0.8846153846153846,21,20,180,2025-11-10T12:17:00,1762757220000,47,729.3659758585293
2025-11-10T11:30:00,1762754400000,SENSEX,hybrid,0.8846153846153846,21,20,180,2025-11-10T12:18:00,1762757280000,48,726.5765453220611
2025-11-10T11:30:00,1762754400000,SENSEX,hybrid,0.8846153846153846,21,20,180,2025-11-10T12:19:00,1762757340000,49,729.1172976676819
2025-11-10T11:30:00,1762754400000,SENSEX,hybrid,0.8846153846153846,21,20,180,2025-11-10T12:20:00,1762757400000,50,728.6834803994357
2025-11-10T11:30:00,1762754400000,SENSEX,hybrid,0.8846153846153846,21,20,180,2025-11-10T12:21:00,1762757460000,51,727.004558939254
2025-11-10T11:30:00,1762754400000,SENSEX,hybrid,0.8846153846153846,21,20,180,2025-11-10T12:22:00,1762757520000,52,729.3052929154258
2025-11-10T11:30:00,1762754400000,SENSEX,hybrid,0.8846153846153846,21,20,180,2025-11-10T12:23:00,1762757580000,53,728.1568163113693
2025-11-10T11:30:00,1762754400000,SENSEX,hybrid,0.8846153846153846,21,20,180,2025-11-10T12:24:00,1762757640000,54,724.703601683641
2025-11-10T11:30:00,1762754400000,SENSEX,hybrid,0.8846153846153846,21,20,180,2025-11-10T12:25:00,1762757700000,55,729.132960846903
2025-11-10T11:30:00,1762754400000,SENSEX,hybrid,0.8846153846153846,21,20,180,2025-11-10T12:26:00,1762757760000,56,726.2263626192431
2025-11-10T11:30:00,1762754400000,SENSEX,hybrid,0.8846153846153846,21,20,180,2025-11-10T12:27:00,1762757820000,57,726.9107040337643
2025-11-10T11:30:00,1762754400000,SENSEX,hybrid,0.8846153846153846,21,20,180,2025-11-10T12:28:00,1762757880000,58,728.0267521150895
2025-11-10T11:30:00,1762754400000,SENSEX,hybrid,0.8846153846153846,21,20,180,2025-11-10T12:29:00,1762757940000,59,728.1073823538673
2025-11-10T11:30:00,1762754400000,SENSEX,hybrid,0.8846153846153846,21,20,180,2025-11-10T12:30:00,1762758000000,60,724.2887355363298
2025-11-10T11:30:00,1762754400000,SENSEX,hybrid,0.8846153846153846,,20,180,2025-11-10T11:31:00,1762754460000,1,732.4
2025-11-10T11:30:00,1762754400000,SENSEX,hybrid,0.8846153846153846,,20,180,2025-11-10T11:32:00,1762754520000,2,734.1358658784319
2025-11-10T11:30:00,1762754400000,SENSEX,hybrid,0.8846153846153846,,20,180,2025-11-10T11:33:00,1762754580000,3,731.4117167883525
2025-11-10T11:30:00,1762754400000,SENSEX,hybrid,0.8846153846153846,,20,180,2025-11-10T11:34:00,1762754640000,4,733.8654993673066
2025-11-10T11:30:00,1762754400000,SENSEX,hybrid,0.8846153846153846,,20,180,2025-11-10T11:35:00,1762754700000,5,732.5982048745773
2025-11-10T11:30:00,1762754400000,SENSEX,hybrid,0.8846153846153846,,20,180,2025-11-10T11:36:00,1762754760000,6,728.409361672302
2025-11-10T11:30:00,1762754400000,SENSEX,hybrid,0.8846153846153846,,20,180,2025-11-10T11:37:00,1762754820000,7,732.2914378895944
2025-11-10T11:30:00,1762754400000,SENSEX,hybrid,0.8846153846153846,,20,180,2025-11-10T11:38:00,1762754880000,8,732.3921801094885
2025-11-10T11:30:00,1762754400000,SENSEX,hybrid,0.8846153846153846,,20,180,2025-11-10T11:39:00,1762754940000,9,728.1823994329168
2025-11-10T11:30:00,1762754400000,SENSEX,hybrid,0.8846153846153846,,20,180,2025-11-10T11:40:00,1762755000000,10,730.348856421104
2025-11-10T11:30:00,1762754400000,SENSEX,hybrid,0.8846153846153846,,20,180,2025-11-10T11:41:00,1762755060000,11,730.8306613458694
2025-11-10T11:30:00,1762754400000,SENSEX,hybrid,0.8846153846153846,,20,180,2025-11-10T11:42:00,1762755120000,12,727.7793182530996
2025-11-10T11:30:00,1762754400000,SENSEX,hybrid,0.8846153846153846,,20,180,2025-11-10T11:43:00,1762755180000,13,731.879480484605
2025-11-10T11:30:00,1762754400000,SENSEX,hybrid,0.8846153846153846,,20,180,2025-11-10T11:44:00,1762755240000,14,731.9426802194849
2025-11-10T11:30:00,1762754400000,SENSEX,hybrid,0.8846153846153846,,20,180,2025-11-10T11:45:00,1762755300000,15,727.4342984735662
2025-11-10T11:30:00,1762754400000,SENSEX,hybrid,0.8846153846153846,,20,180,2025-11-10T11:46:00,1762755360000,16,731.160688548328
2025-11-10T11:30:00,1762754400000,SENSEX,hybrid,0.8846153846153846,,20,180,2025-11-10T11:47:00,1762755420000,17,731.7858891264278
2025-11-10T11:30:00,1762754400000,SENSEX,hybrid,0.8846153846153846,,20,180,2025-11-10T11:48:00,1762755480000,18,728.0013790935384
2025-11-10T11:30:00,1762754400000,SENSEX,hybrid,0.8846153846153846,,20,180,2025-11-10T11:49:00,1762755540000,19,731.0277432412295
2025-11-10T11:30:00,1762754400000,SENSEX,hybrid,0.8846153846153846,,20,180,2025-11-10T11:50:00,1762755600000,20,729.8087587067025
2025-11-10T11:30:00,1762754400000,SENSEX,hybrid,0.8846153846153846,,20,180,2025-11-10T11:51:00,1762755660000,21,729.6013006851562
2025-11-10T11:30:00,1762754400000,SENSEX,hybrid,0.8846153846153846,,20,180,2025-11-10T11:52:00,1762755720000,22,731.9760010210581
2025-11-10T11:30:00,1762754400000,SENSEX,hybrid,0.8846153846153846,,20,180,2025-11-10T11:53:00,1762755780000,23,732.7096829600921
2025-11-10T11:30:00,1762754400000,SENSEX,hybrid,0.8846153846153846,,20,180,2025-11-10T11:54:00,1762755840000,24,729.5780375038876
2025-11-10T11:30:00,1762754400000,SENSEX,hybrid,0.8846153846153846,,20,180,2025-11-10T11:55:00,1762755900000,25,733.856650038299
2025-11-10T11:30:00,1762754400000,SENSEX,hybrid,0.8846153846153846,,20,180,2025-11-10T11:56:00,1762755960000,26,732.9853040468462
2025-11-10T11:30:00,1762754400000,SENSEX,hybrid,0.8846153846153846,,20,180,2025-11-10T11:57:00,1762756020000,27,731.6197548606377
2025-11-10T11:30:00,1762754400000,SENSEX,hybrid,0.8846153846153846,,20,180,2025-11-10T11:58:00,1762756080000,28,734.2334853527356
2025-11-10T11:30:00,1762754400000,SENSEX,hybrid,0.8846153846153846,,20,180,2025-11-10T11:59:00,1762756140000,29,734.2215425547301
2025-11-10T11:30:00,1762754400000,SENSEX,hybrid,0.8846153846153846,,20,180,2025-11-10T12:00:00,1762756200000,30,731.4687154938089
2025-11-10T11:30:00,1762754400000,SENSEX,hybrid,0.8846153846153846,,20,180,2025-11-10T12:01:00,1762756260000,31,733.9489580122676
2025-11-10T11:30:00,1762754400000,SENSEX,hybrid,0.8846153846153846,,20,180,2025-11-10T12:02:00,1762756320000,32,732.0243185728997
2025-11-10T11:30:00,1762754400000,SENSEX,hybrid,0.8846153846153846,,20,180,2025-11-10T12:03:00,1762756380000,33,727.4383998903974
2025-11-10T11:30:00,1762754400000,SENSEX,hybrid,0.8846153846153846,,20,180,2025-11-10T12:04:00,1762756440000,34,733.7292313903823
2025-11-10T11:30:00,1762754400000,SENSEX,hybrid,0.8846153846153846,,20,180,2025-11-10T12:05:00,1762756500000,35,733.5486308553195
2025-11-10T11:30:00,1762754400000,SENSEX,hybrid,0.8846153846153846,,20,180,2025-11-10T12:06:00,1762756560000,36,729.8668599039947
2025-11-10T11:30:00,1762754400000,SENSEX,hybrid,0.8846153846153846,,20,180,2025-11-10T12:07:00,1762756620000,37,732.5867690957463
2025-11-10T11:30:00,1762754400000,SENSEX,hybrid,0.8846153846153846,,20,180,2025-11-10T12:08:00,1762756680000,38,732.3067513352801
2025-11-10T11:30:00,1762754400000,SENSEX,hybrid,0.8846153846153846,,20,180,2025-11-10T12:09:00,1762756740000,39,728.0508167208743
2025-11-10T11:30:00,1762754400000,SENSEX,hybrid,0.8846153846153846,,20,180,2025-11-10T12:10:00,1762756800000,40,730.8499328547435
2025-11-10T11:30:00,1762754400000,SENSEX,hybrid,0.8846153846153846,,20,180,2025-11-10T12:11:00,1762756860000,41,729.7360845471962
2025-11-10T11:30:00,1762754400000,SENSEX,hybrid,0.8846153846153846,,20,180,2025-11-10T12:12:00,1762756920000,42,728.3750217059788
2025-11-10T11:30:00,1762754400000,SENSEX,hybrid,0.8846153846153846,,20,180,2025-11-10T12:13:00,1762756980000,43,730.1961168219432
2025-11-10T11:30:00,1762754400000,SENSEX,hybrid,0.8846153846153846,,20,180,2025-11-10T12:14:00,1762757040000,44,729.3218178722286
2025-11-10T11:30:00,1762754400000,SENSEX,hybrid,0.8846153846153846,,20,180,2025-11-10T12:15:00,1762757100000,45,724.8998258509187
2025-11-10T11:30:00,1762754400000,SENSEX,hybrid,0.8846153846153846,,20,180,2025-11-10T12:16:00,1762757160000,46,730.0879139595454
2025-11-10T11:30:00,1762754400000,SENSEX,hybrid,0.8846153846153846,,20,180,2025-11-10T12:17:00,1762757220000,47,729.3659758585293
2025-11-10T11:30:00,1762754400000,SENSEX,hybrid,0.8846153846153846,,20,180,2025-11-10T12:18:00,1762757280000,48,726.5765453220611
2025-11-10T11:30:00,1762754400000,SENSEX,hybrid,0.8846153846153846,,20,180,2025-11-10T12:19:00,1762757340000,49,729.1172976676819
2025-11-10T11:30:00,1762754400000,SENSEX,hybrid,0.8846153846153846,,20,180,2025-11-10T12:20:00,1762757400000,50,728.6834803994357
2025-11-10T11:30:00,1762754400000,SENSEX,hybrid,0.8846153846153846,,20,180,2025-11-10T12:21:00,1762757460000,51,727.004558939254
2025-11-10T11:30:00,1762754400000,SENSEX,hybrid,0.8846153846153846,,20,180,2025-11-10T12:22:00,1762757520000,52,729.3052929154258
2025-11-10T11:30:00,1762754400000,SENSEX,hybrid,0.8846153846153846,,20,180,2025-11-10T12:23:00,1762757580000,53,728.1568163113693
2025-11-10T11:30:00,1762754400000,SENSEX,hybrid,0.8846153846153846,,20,180,2025-11-10T12:24:00,1762757640000,54,724.703601683641
2025-11-10T11:30:00,1762754400000,SENSEX,hybrid,0.8846153846153846,,20,180,2025-11-10T12:25:00,1762757700000,55,729.132960846903
2025-11-10T11:30:00,1762754400000,SENSEX,hybrid,0.8846153846153846,,20,180,2025-11-10T12:26:00,1762757760000,56,726.2263626192431
2025-11-10T11:30:00,1762754400000,SENSEX,hybrid,0.8846153846153846,,20,180,2025-11-10T12:27:00,1762757820000,57,726.9107040337643
2025-11-10T11:30:00,1762754400000,SENSEX,hybrid,0.8846153846153846,,20,180,2025-11-10T12:28:00,1762757880000,58,728.0267521150895
2025-11-10T11:30:00,1762754400000,SENSEX,hybrid,0.8846153846153846,,20,180,2025-11-10T12:29:00,1762757940000,59,728.1073823538673
2025-11-10T11:30:00,1762754400000,SENSEX,hybrid,0.8846153846153846,,20,180,2025-11-10T12:30:00,1762758000000,60,724.2887355363298
2025-11-10T11:33:00,1762754580000,SENSEX,hybrid,0.8846153846153846,21,20,180,2025-11-10T11:34:00,1762754640000,1,722.05
2025-11-10T11:33:00,1762754580000,SENSEX,hybrid,0.8846153846153846,21,20,180,2025-11-10T11:35:00,1762754700000,2,719.514695548156
2025-11-10T11:33:00,1762754580000,SENSEX,hybrid,0.8846153846153846,21,20,180,2025-11-10T11:36:00,1762754760000,3,723.1027750005567
2025-11-10T11:33:00,1762754580000,SENSEX,hybrid,0.8846153846153846,21,20,180,2025-11-10T11:37:00,1762754820000,4,722.1839289211374
2025-11-10T11:33:00,1762754580000,SENSEX,hybrid,0.8846153846153846,21,20,180,2025-11-10T11:38:00,1762754880000,5,718.8106729630484
2025-11-10T11:33:00,1762754580000,SENSEX,hybrid,0.8846153846153846,21,20,180,2025-11-10T11:39:00,1762754940000,6,722.3064937416628
2025-11-10T11:33:00,1762754580000,SENSEX,hybrid,0.8846153846153846,21,20,180,2025-11-10T11:40:00,1762755000000,7,721.9255860221209
2025-11-10T11:33:00,1762754580000,SENSEX,hybrid,0.8846153846153846,21,20,180,2025-11-10T11:41:00,1762755060000,8,718.3557269058215
2025-11-10T11:33:00,1762754580000,SENSEX,hybrid,0.8846153846153846,21,20,180,2025-11-10T11:42:00,1762755120000,9,722.4661243840548
2025-11-10T11:33:00,1762754580000,SENSEX,hybrid,0.8846153846153846,21,20,180,2025-11-10T11:43:00,1762755180000,10,720.7381509031213
2025-11-10T11:33:00,1762754580000,SENSEX,hybrid,0.8846153846153846,21,20,180,2025-11-10T11:44:00,1762755240000,11,717.7863854662164
2025-11-10T11:33:00,1762754580000,SENSEX,hybrid,0.8846153846153846,21,20,180,2025-11-10T11:45:00,1762755300000,12,720.9533506050734
2025-11-10T11:33:00,1762754580000,SENSEX,hybrid,0.8846153846153846,21,20,180,2025-11-10T11:46:00,1762755360000,13,722.043810116628
2025-11-10T11:33:00,1762754580000,SENSEX,hybrid,0.8846153846153846,21,20,180,2025-11-10T11:47:00,1762755420000,14,718.6166223293694
2025-11-10T11:33:00,1762754580000,SENSEX,hybrid,0.8846153846153846,21,20,180,2025-11-10T11:48:00,1762755480000,15,720.9650961653842
2025-11-10T11:33:00,1762754580000,SENSEX,hybrid,0.8846153846153846,21,20,180,2025-11-10T11:49:00,1762755540000,16,720.2435840766257
2025-11-10T11:33:00,1762754580000,SENSEX,hybrid,0.8846153846153846,21,20,180,2025-11-10T11:50:00,1762755600000,17,718.9465818389193
2025-11-10T11:33:00,1762754580000,SENSEX,hybrid,0.8846153846153846,21,20,180,2025-11-10T11:51:00,1762755660000,18,719.016641994213
2025-11-10T11:33:00,1762754580000,SENSEX,hybrid,0.8846153846153846,21,20,180,2025-11-10T11:52:00,1762755720000,19,720.8108462240707
2025-11-10T11:33:00,1762754580000,SENSEX,hybrid,0.8846153846153846,21,20,180,2025-11-10T11:53:00,1762755780000,20,717.0283892372147
2025-11-10T11:33:00,1762754580000,SENSEX,hybrid,0.8846153846153846,21,20,180,2025-11-10T11:54:00,1762755840000,21,722.5745350809436
2025-11-10T11:33:00,1762754580000,SENSEX,hybrid,0.8846153846153846,21,20,180,2025-11-10T11:55:00,1762755900000,22,720.6029381168744
2025-11-10T11:33:00,1762754580000,SENSEX,hybrid,0.8846153846153846,21,20,180,2025-11-10T11:56:00,1762755960000,23,718.5112507161898
2025-11-10T11:33:00,1762754580000,SENSEX,hybrid,0.8846153846153846,21,20,180,2025-11-10T11:57:00,1762756020000,24,722.5577492873474
2025-11-10T11:33:00,1762754580000,SENSEX,hybrid,0.8846153846153846,21,20,180,2025-11-10T11:58:00,1762756080000,25,723.406898680787
2025-11-10T11:33:00,1762754580000,SENSEX,hybrid,0.8846153846153846,21,20,180,2025-11-10T11:59:00,1762756140000,26,718.6789815505288
2025-11-10T11:33:00,1762754580000,SENSEX,hybrid,0.8846153846153846,21,20,180,2025-11-10T12:00:00,1762756200000,27,723.6246894357708
2025-11-10T11:33:00,1762754580000,SENSEX,hybrid,0.8846153846153846,21,20,180,2025-11-10T12:01:00,1762756260000,28,722.6115466677942
2025-11-10T11:33:00,1762754580000,SENSEX,hybrid,0.8846153846153846,21,20,180,2025-11-10T12:02:00,1762756320000,29,718.7768782101651
2025-11-10T11:33:00,1762754580000,SENSEX,hybrid,0.8846153846153846,21,20,180,2025-11-10T12:03:00,1762756380000,30,722.369877374454
2025-11-10T11:33:00,1762754580000,SENSEX,hybrid,0.8846153846153846,21,20,180,2025-11-10T12:04:00,1762756440000,31,722.1694410418555
2025-11-10T11:33:00,1762754580000,SENSEX,hybrid,0.8846153846153846,21,20,180,2025-11-10T12:05:00,1762756500000,32,719.1789065347986
2025-11-10T11:33:00,1762754580000,SENSEX,hybrid,0.8846153846153846,21,20,180,2025-11-10T12:06:00,1762756560000,33,721.5310787976221
2025-11-10T11:33:00,1762754580000,SENSEX,hybrid,0.8846153846153846,21,20,180,2025-11-10T12:07:00,1762756620000,34,722.4111176443693
2025-11-10T11:33:00,1762754580000,SENSEX,hybrid,0.8846153846153846,21,20,180,2025-11-10T12:08:00,1762756680000,35,718.1919524422592
2025-11-10T11:33:00,1762754580000,SENSEX,hybrid,0.8846153846153846,21,20,180,2025-11-10T12:09:00,1762756740000,36,720.2080518434894
2025-11-10T11:33:00,1762754580000,SENSEX,hybrid,0.8846153846153846,21,20,180,2025-11-10T12:10:00,1762756800000,37,720.6353683300038
2025-11-10T11:33:00,1762754580000,SENSEX,hybrid,0.8846153846153846,21,20,180,2025-11-10T12:11:00,1762756860000,38,716.0993217491256
2025-11-10T11:33:00,1762754580000,SENSEX,hybrid,0.8846153846153846,21,20,180,2025-11-10T12:12:00,1762756920000,39,720.0109867482365
2025-11-10T11:33:00,1762754580000,SENSEX,hybrid,0.8846153846153846,21,20,180,2025-11-10T12:13:00,1762756980000,40,720.0630438586611
2025-11-10T11:33:00,1762754580000,SENSEX,hybrid,0.8846153846153846,21,20,180,2025-11-10T12:14:00,1762757040000,41,715.7965380183114
2025-11-10T11:33:00,1762754580000,SENSEX,hybrid,0.8846153846153846,21,20,180,2025-11-10T12:15:00,1762757100000,42,720.3797574775903
2025-11-10T11:33:00,1762754580000,SENSEX,hybrid,0.8846153846153846,21,20,180,2025-11-10T12:16:00,1762757160000,43,719.2419353187772
2025-11-10T11:33:00,1762754580000,SENSEX,hybrid,0.8846153846153846,21,20,180,2025-11-10T12:17:00,1762757220000,44,715.572240004935
2025-11-10T11:33:00,1762754580000,SENSEX,hybrid,0.8846153846153846,21,20,180,2025-11-10T12:18:00,1762757280000,45,718.8953147653025
2025-11-10T11:33:00,1762754580000,SENSEX,hybrid,0.8846153846153846,21,20,180,2025-11-10T12:19:00,1762757340000,46,717.9141608007964
2025-11-10T11:33:00,1762754580000,SENSEX,hybrid,0.8846153846153846,21,20,180,2025-11-10T12:20:00,1762757400000,47,715.4515727408766
2025-11-10T11:33:00,1762754580000,SENSEX,hybrid,0.8846153846153846,21,20,180,2025-11-10T12:21:00,1762757460000,48,720.0241455063776
2025-11-10T11:33:00,1762754580000,SENSEX,hybrid,0.8846153846153846,21,20,180,2025-11-10T12:22:00,1762757520000,49,719.4451858745417
2025-11-10T11:33:00,1762754580000,SENSEX,hybrid,0.8846153846153846,21,20,180,2025-11-10T12:23:00,1762757580000,50,713.9576174111343
2025-11-10T11:33:00,1762754580000,SENSEX,hybrid,0.8846153846153846,21,20,180,2025-11-10T12:24:00,1762757640000,51,717.4780558808044
2025-11-10T11:33:00,1762754580000,SENSEX,hybrid,0.8846153846153846,21,20,180,2025-11-10T12:25:00,1762757700000,52,716.3484788483851
2025-11-10T11:33:00,1762754580000,SENSEX,hybrid,0.8846153846153846,21,20,180,2025-11-10T12:26:00,1762757760000,53,713.2211044825239
2025-11-10T11:33:00,1762754580000,SENSEX,hybrid,0.8846153846153846,21,20,180,2025-11-10T12:27:00,1762757820000,54,717.8892535538766
2025-11-10T11:33:00,1762754580000,SENSEX,hybrid,0.8846153846153846,21,20,180,2025-11-10T12:28:00,1762757880000,55,716.7643544674364
2025-11-10T11:33:00,1762754580000,SENSEX,hybrid,0.8846153846153846,21,20,180,2025-11-10T12:29:00,1762757940000,56,710.5450937615049
2025-11-10T11:33:00,1762754580000,SENSEX,hybrid,0.8846153846153846,21,20,180,2025-11-10T12:30:00,1762758000000,57,717.3184810046941
2025-11-10T11:33:00,1762754580000,SENSEX,hybrid,0.8846153846153846,21,20,180,2025-11-10T12:31:00,1762758060000,58,715.4492324418994
2025-11-10T11:33:00,1762754580000,SENSEX,hybrid,0.8846153846153846,21,20,180,2025-11-10T12:32:00,1762758120000,59,712.0153529479926
2025-11-10T11:33:00,1762754580000,SENSEX,hybrid,0.8846153846153846,21,20,180,2025-11-10T12:33:00,1762758180000,60,715.7586865486311
2025-11-10T11:33:30,1762754610000,SENSEX,hybrid,0.8846153846153846,,20,180,2025-11-10T11:34:30,1762754670000,1,721.3
2025-11-10T11:33:30,1762754610000,SENSEX,hybrid,0.8846153846153846,,20,180,2025-11-10T11:35:30,1762754730000,2,718.764695548156
2025-11-10T11:33:30,1762754610000,SENSEX,hybrid,0.8846153846153846,,20,180,2025-11-10T11:36:30,1762754790000,3,722.3527750005567
2025-11-10T11:33:30,1762754610000,SENSEX,hybrid,0.8846153846153846,,20,180,2025-11-10T11:37:30,1762754850000,4,721.4339289211374
2025-11-10T11:33:30,1762754610000,SENSEX,hybrid,0.8846153846153846,,20,180,2025-11-10T11:38:30,1762754910000,5,718.0606729630484
2025-11-10T11:33:30,1762754610000,SENSEX,hybrid,0.8846153846153846,,20,180,2025-11-10T11:39:30,1762754970000,6,721.5564937416628
2025-11-10T11:33:30,1762754610000,SENSEX,hybrid,0.8846153846153846,,20,180,2025-11-10T11:40:30,1762755030000,7,721.1755860221209
2025-11-10T11:33:30,1762754610000,SENSEX,hybrid,0.8846153846153846,,20,180,2025-11-10T11:41:30,1762755090000,8,717.6057269058215
2025-11-10T11:33:30,1762754610000,SENSEX,hybrid,0.8846153846153846,,20,180,2025-11-10T11:42:30,1762755150000,9,721.7161243840548
2025-11-10T11:33:30,1762754610000,SENSEX,hybrid,0.8846153846153846,,20,180,2025-11-10T11:43:30,1762755210000,10,719.9881509031213
2025-11-10T11:33:30,1762754610000,SENSEX,hybrid,0.8846153846153846,,20,180,2025-11-10T11:44:30,1762755270000,11,717.0363854662164
2025-11-10T11:33:30,1762754610000,SENSEX,hybrid,0.8846153846153846,,20,180,2025-11-10T11:45:30,1762755330000,12,720.2033506050734
2025-11-10T11:33:30,1762754610000,SENSEX,hybrid,0.8846153846153846,,20,180,2025-11-10T11:46:30,1762755390000,13,721.293810116628
2025-11-10T11:33:30,1762754610000,SENSEX,hybrid,0.8846153846153846,,20,180,2025-11-10T11:47:30,1762755450000,14,717.8666223293694
2025-11-10T11:33:30,1762754610000,SENSEX,hybrid,0.8846153846153846,,20,180,2025-11-10T11:48:30,1762755510000,15,720.2150961653842
2025-11-10T11:33:30,1762754610000,SENSEX,hybrid,0.8846153846153846,,20,180,2025-11-10T11:49:30,1762755570000,16,719.4935840766257
2025-11-10T11:33:30,1762754610000,SENSEX,hybrid,0.8846153846153846,,20,180,2025-11-10T11:50:30,1762755630000,17,718.1965818389193
2025-11-10T11:33:30,1762754610000,SENSEX,hybrid,0.8846153846153846,,20,180,2025-11-10T11:51:30,1762755690000,18,718.266641994213
2025-11-10T11:33:30,1762754610000,SENSEX,hybrid,0.8846153846153846,,20,180,2025-11-10T11:52:30,1762755750000,19,720.0608462240707
2025-11-10T11:33:30,1762754610000,SENSEX,hybrid,0.8846153846153846,,20,180,2025-11-10T11:53:30,1762755810000,20,716.2783892372147
2025-11-10T11:33:30,1762754610000,SENSEX,hybrid,0.8846153846153846,,20,180,2025-11-10T11:54:30,1762755870000,21,721.8245350809436
2025-11-10T11:33:30,1762754610000,SENSEX,hybrid,0.8846153846153846,,20,180,2025-11-10T11:55:30,1762755930000,22,719.8529381168744
2025-11-10T11:33:30,1762754610000,SENSEX,hybrid,0.8846153846153846,,20,180,2025-11-10T11:56:30,1762755990000,23,717.7612507161898
2025-11-10T11:33:30,1762754610000,SENSEX,hybrid,0.8846153846153846,,20,180,2025-11-10T11:57:30,1762756050000,24,721.8077492873474
2025-11-10T11:33:30,1762754610000,SENSEX,hybrid,0.8846153846153846,,20,180,2025-11-10T11:58:30,1762756110000,25,722.656898680787
2025-11-10T11:33:30,1762754610000,SENSEX,hybrid,0.8846153846153846,,20,180,2025-11-10T11:59:30,1762756170000,26,717.9289815505288
2025-11-10T11:33:30,1762754610000,SENSEX,hybrid,0.8846153846153846,,20,180,2025-11-10T12:00:30,1762756230000,27,722.8746894357708
2025-11-10T11:33:30,1762754610000,SENSEX,hybrid,0.8846153846153846,,20,180,2025-11-10T12:01:30,1762756290000,28,721.8615466677942
2025-11-10T11:33:30,1762754610000,SENSEX,hybrid,0.8846153846153846,,20,180,2025-11-10T12:02:30,1762756350000,29,718.0268782101651
2025-11-10T11:33:30,1762754610000,SENSEX,hybrid,0.8846153846153846,,20,180,2025-11-10T12:03:30,1762756410000,30,721.619877374454
2025-11-10T11:33:30,1762754610000,SENSEX,hybrid,0.8846153846153846,,20,180,2025-11-10T12:04:30,1762756470000,31,721.4194410418555
2025-11-10T11:33:30,1762754610000,SENSEX,hybrid,0.8846153846153846,,20,180,2025-11-10T12:05:30,1762756530000,32,718.4289065347986
2025-11-10T11:33:30,1762754610000,SENSEX,hybrid,0.8846153846153846,,20,180,2025-11-10T12:06:30,1762756590000,33,720.7810787976221
2025-11-10T11:33:30,1762754610000,SENSEX,hybrid,0.8846153846153846,,20,180,2025-11-10T12:07:30,1762756650000,34,721.6611176443693
2025-11-10T11:33:30,1762754610000,SENSEX,hybrid,0.8846153846153846,,20,180,2025-11-10T12:08:30,1762756710000,35,717.4419524422592
2025-11-10T11:33:30,1762754610000,SENSEX,hybrid,0.8846153846153846,,20,180,2025-11-10T12:09:30,1762756770000,36,719.4580518434894
2025-11-10T11:33:30,1762754610000,SENSEX,hybrid,0.8846153846153846,,20,180,2025-11-10T12:10:30,1762756830000,37,719.8853683300038
2025-11-10T11:33:30,1762754610000,SENSEX,hybrid,0.8846153846153846,,20,180,2025-11-10T12:11:30,1762756890000,38,715.3493217491256
2025-11-10T11:33:30,1762754610000,SENSEX,hybrid,0.8846153846153846,,20,180,2025-11-10T12:12:30,1762756950000,39,719.2609867482365
2025-11-10T11:33:30,1762754610000,SENSEX,hybrid,0.8846153846153846,,20,180,2025-11-10T12:13:30,1762757010000,40,719.3130438586611
2025-11-10T11:33:30,1762754610000,SENSEX,hybrid,0.8846153846153846,,20,180,2025-11-10T12:14:30,1762757070000,41,715.0465380183114
2025-11-10T11:33:30,1762754610000,SENSEX,hybrid,0.8846153846153846,,20,180,2025-11-10T12:15:30,1762757130000,42,719.6297574775903
2025-11-10T11:33:30,1762754610000,SENSEX,hybrid,0.8846153846153846,,20,180,2025-11-10T12:16:30,1762757190000,43,718.4919353187772
2025-11-10T11:33:30,1762754610000,SENSEX,hybrid,0.8846153846153846,,20,180,2025-11-10T12:17:30,1762757250000,44,714.822240004935
2025-11-10T11:33:30,1762754610000,SENSEX,hybrid,0.8846153846153846,,20,180,2025-11-10T12:18:30,1762757310000,45,718.1453147653025
2025-11-10T11:33:30,1762754610000,SENSEX,hybrid,0.8846153846153846,,20,180,2025-11-10T12:19:30,1762757370000,46,717.1641608007964
2025-11-10T11:33:30,1762754610000,SENSEX,hybrid,0.8846153846153846,,20,180,2025-11-10T12:20:30,1762757430000,47,714.7015727408766
2025-11-10T11:33:30,1762754610000,SENSEX,hybrid,0.8846153846153846,,20,180,2025-11-10T12:21:30,1762757490000,48,719.2741455063776
2025-11-10T11:33:30,1762754610000,SENSEX,hybrid,0.8846153846153846,,20,180,2025-11-10T12:22:30,1762757550000,49,718.6951858745417
2025-11-10T11:33:30,1762754610000,SENSEX,hybrid,0.8846153846153846,,20,180,2025-11-10T12:23:30,1762757610000,50,713.2076174111343
2025-11-10T11:33:30,1762754610000,SENSEX,hybrid,0.8846153846153846,,20,180,2025-11-10T12:24:30,1762757670000,51,716.7280558808044
2025-11-10T11:33:30,1762754610000,SENSEX,hybrid,0.8846153846153846,,20,180,2025-11-10T12:25:30,1762757730000,52,715.5984788483851
2025-11-10T11:33:30,1762754610000,SENSEX,hybrid,0.8846153846153846,,20,180,2025-11-10T12:26:30,1762757790000,53,712.4711044825239
2025-11-10T11:33:30,1762754610000,SENSEX,hybrid,0.8846153846153846,,20,180,2025-11-10T12:27:30,1762757850000,54,717.1392535538766
2025-11-10T11:33:30,1762754610000,SENSEX,hybrid,0.8846153846153846,,20,180,2025-11-10T12:28:30,1762757910000,55,716.0143544674364
2025-11-10T11:33:30,1762754610000,SENSEX,hybrid,0.8846153846153846,,20,180,2025-11-10T12:29:30,1762757970000,56,709.7950937615049
2025-11-10T11:33:30,1762754610000,SENSEX,hybrid,0.8846153846153846,,20,180,2025-11-10T12:30:30,1762758030000,57,716.5684810046941
2025-11-10T11:33:30,1762754610000,SENSEX,hybrid,0.8846153846153846,,20,180,2025-11-10T12:31:30,1762758090000,58,714.6992324418994
2025-11-10T11:33:30,1762754610000,SENSEX,hybrid,0.8846153846153846,,20,180,2025-11-10T12:32:30,1762758150000,59,711.2653529479926
2025-11-10T11:33:30,1762754610000,SENSEX,hybrid,0.8846153846153846,,20,180,2025-11-10T12:33:30,1762758210000,60,715.0086865486311
2025-11-10T11:34:00,1762754640000,SENSEX,hybrid,0.8928571428571429,,15,60,2025-11-10T11:35:00,1762754700000,1,718.5999999999999
2025-11-10T11:34:00,1762754640000,SENSEX,hybrid,0.8928571428571429,,15,60,2025-11-10T11:36:00,1762754760000,2,721.1304431957241
2025-11-10T11:34:00,1762754640000,SENSEX,hybrid,0.8928571428571429,,15,60,2025-11-10T11:37:00,1762754820000,3,721.493494160067
2025-11-10T11:34:00,1762754640000,SENSEX,hybrid,0.8928571428571429,,15,60,2025-11-10T11:38:00,1762754880000,4,717.3073164124294
2025-11-10T11:34:00,1762754640000,SENSEX,hybrid,0.8928571428571429,,15,60,2025-11-10T11:39:00,1762754940000,5,720.0468899200373
2025-11-10T11:34:00,1762754640000,SENSEX,hybrid,0.8928571428571429,,15,60,2025-11-10T11:40:00,1762755000000,6,721.3147787532635
2025-11-10T11:34:00,1762754640000,SENSEX,hybrid,0.8928571428571429,,15,60,2025-11-10T11:41:00,1762755060000,7,718.3565228197677
2025-11-10T11:34:00,1762754640000,SENSEX,hybrid,0.8928571428571429,,15,60,2025-11-10T11:42:00,1762755120000,8,721.811607572555
2025-11-10T11:34:00,1762754640000,SENSEX,hybrid,0.8928571428571429,,15,60,2025-11-10T11:43:00,1762755180000,9,722.0895093992092
2025-11-10T11:34:00,1762754640000,SENSEX,hybrid,0.8928571428571429,,15,60,2025-11-10T11:44:00,1762755240000,10,718.8061280987877
2025-11-10T11:34:00,1762754640000,SENSEX,hybrid,0.8928571428571429,,15,60,2025-11-10T11:45:00,1762755300000,11,722.1883476563803
2025-11-10T11:34:00,1762754640000,SENSEX,hybrid,0.8928571428571429,,15,60,2025-11-10T11:46:00,1762755360000,12,722.2753105611919
2025-11-10T11:34:00,1762754640000,SENSEX,hybrid,0.8928571428571429,,15,60,2025-11-10T11:47:00,1762755420000,13,718.011660246484
2025-11-10T11:34:00,1762754640000,SENSEX,hybrid,0.8928571428571429,,15,60,2025-11-10T11:48:00,1762755480000,14,721.0821842882558
2025-11-10T11:34:00,1762754640000,SENSEX,hybrid,0.8928571428571429,,15,60,2025-11-10T11:49:00,1762755540000,15,721.8282905688887
2025-11-10T11:34:00,1762754640000,SENSEX,hybrid,0.8928571428571429,,15,60,2025-11-10T11:50:00,1762755600000,16,718.4396549229249
2025-11-10T11:34:00,1762754640000,SENSEX,hybrid,0.8928571428571429,,15,60,2025-11-10T11:51:00,1762755660000,17,721.2179938673628
2025-11-10T11:34:00,1762754640000,SENSEX,hybrid,0.8928571428571429,,15,60,2025-11-10T11:52:00,1762755720000,18,721.2735913152036
2025-11-10T11:34:00,1762754640000,SENSEX,hybrid,0.8928571428571429,,15,60,2025-11-10T11:53:00,1762755780000,19,717.7399071917624
2025-11-10T11:34:00,1762754640000,SENSEX,hybrid,0.8928571428571429,,15,60,2025-11-10T11:54:00,1762755840000,20,720.7166017556586
2025-11-10T11:34:00,1762754640000,SENSEX,hybrid,0.8928571428571429,,15,60,2025-11-10T11:55:00,1762755900000,21,721.2206745102932
2025-11-10T11:34:00,1762754640000,SENSEX,hybrid,0.8928571428571429,,15,60,2025-11-10T11:56:00,1762755960000,22,717.7769721569895
2025-11-10T11:34:00,1762754640000,SENSEX,hybrid,0.8928571428571429,,15,60,2025-11-10T11:57:00,1762756020000,23,721.0053778578746
2025-11-10T11:34:00,1762754640000,SENSEX,hybrid,0.8928571428571429,,15,60,2025-11-10T11:58:00,1762756080000,24,720.8995401050498
2025-11-10T11:34:00,1762754640000,SENSEX,hybrid,0.8928571428571429,,15,60,2025-11-10T11:59:00,1762756140000,25,716.5643769735174
2025-11-10T11:34:00,1762754640000,SENSEX,hybrid,0.8928571428571429,,15,60,2025-11-10T12:00:00,1762756200000,26,720.4571008118055
2025-11-10T11:34:00,1762754640000,SENSEX,hybrid,0.8928571428571429,,15,60,2025-11-10T12:01:00,1762756260000,27,722.1184164731252
2025-11-10T11:34:00,1762754640000,SENSEX,hybrid,0.8928571428571429,,15,60,2025-11-10T12:02:00,1762756320000,28,719.6262471001132
2025-11-10T11:34:00,1762754640000,SENSEX,hybrid,0.8928571428571429,,15,60,2025-11-10T12:03:00,1762756380000,29,719.7773011751912
2025-11-10T11:34:00,1762754640000,SENSEX,hybrid,0.8928571428571429,,15,60,2025-11-10T12:04:00,1762756440000,30,720.6399958505234
2025-11-10T11:34:00,1762754640000,SENSEX,hybrid,0.8928571428571429,,15,60,2025-11-10T12:05:00,1762756500000,31,716.9109916044031
2025-11-10T11:34:00,1762754640000,SENSEX,hybrid,0.8928571428571429,,15,60,2025-11-10T12:06:00,1762756560000,32,719.5193484872214
2025-11-10T11:34:00,1762754640000,SENSEX,hybrid,0.8928571428571429,,15,60,2025-11-10T12:07:00,1762756620000,33,718.8485978228539
2025-11-10T11:34:00,1762754640000,SENSEX,hybrid,0.8928571428571429,,15,60,2025-11-10T12:08:00,1762756680000,34,716.7713059764103
2025-11-10T11:34:00,1762754640000,SENSEX,hybrid,0.8928571428571429,,15,60,2025-11-10T12:09:00,1762756740000,35,719.43324638069
2025-11-10T11:34:00,1762754640000,SENSEX,hybrid,0.8928571428571429,,15,60,2025-11-10T12:10:00,1762756800000,36,718.8632479412655
2025-11-10T11:34:00,1762754640000,SENSEX,hybrid,0.8928571428571429,,15,60,2025-11-10T12:11:00,1762756860000,37,715.4964663670977
2025-11-10T11:34:00,1762754640000,SENSEX,hybrid,0.8928571428571429,,15,60,2025-11-10T12:12:00,1762756920000,38,719.1639439007552
2025-11-10T11:34:00,1762754640000,SENSEX,hybrid,0.8928571428571429,,15,60,2025-11-10T12:13:00,1762756980000,39,719.339616496537
2025-11-10T11:34:00,1762754640000,SENSEX,hybrid,0.8928571428571429,,15,60,2025-11-10T12:14:00,1762757040000,40,715.8889770598101
2025-11-10T11:34:00,1762754640000,SENSEX,hybrid,0.8928571428571429,,15,60,2025-11-10T12:15:00,1762757100000,41,719.0692773218076
2025-11-10T11:34:00,1762754640000,SENSEX,hybrid,0.8928571428571429,,15,60,2025-11-10T12:16:00,1762757160000,42,718.8362149467166
2025-11-10T11:34:00,1762754640000,SENSEX,hybrid,0.8928571428571429,,15,60,2025-11-10T12:17:00,1762757220000,43,715.6578941942602
2025-11-10T11:34:00,1762754640000,SENSEX,hybrid,0.8928571428571429,,15,60,2025-11-10T12:18:00,1762757280000,44,718.7843364618456
2025-11-10T11:34:00,1762754640000,SENSEX,hybrid,0.8928571428571429,,15,60,2025-11-10T12:19:00,1762757340000,45,719.3685263868429
2025-11-10T11:34:00,1762754640000,SENSEX,hybrid,0.8928571428571429,,15,60,2025-11-10T12:20:00,1762757400000,46,715.863770647565
2025-11-10T11:34:00,1762754640000,SENSEX,hybrid,0.8928571428571429,,15,60,2025-11-10T12:21:00,1762757460000,47,718.8056638044208
2025-11-10T11:34:00,1762754640000,SENSEX,hybrid,0.8928571428571429,,15,60,2025-11-10T12:22:00,1762757520000,48,718.7423050832316
2025-11-10T11:34:00,1762754640000,SENSEX,hybrid,0.8928571428571429,,15,60,2025-11-10T12:23:00,1762757580000,49,716.0550616484469
2025-11-10T11:34:00,1762754640000,SENSEX,hybrid,0.8928571428571429,,15,60,2025-11-10T12:24:00,1762757640000,50,719.1748005172968
2025-11-10T11:34:00,1762754640000,SENSEX,hybrid,0.8928571428571429,,15,60,2025-11-10T12:25:00,1762757700000,51,720.3849512858934
2025-11-10T11:34:00,1762754640000,SENSEX,hybrid,0.8928571428571429,,15,60,2025-11-10T12:26:00,1762757760000,52,716.3719803144866
2025-11-10T11:34:00,1762754640000,SENSEX,hybrid,0.8928571428571429,,15,60,2025-11-10T12:27:00,1762757820000,53,719.4127528763194
2025-11-10T11:34:00,1762754640000,SENSEX,hybrid,0.8928571428571429,,15,60,2025-11-10T12:28:00,1762757880000,54,720.3930449240119
2025-11-10T11:34:00,1762754640000,SENSEX,hybrid,0.8928571428571429,,15,60,2025-11-10T12:29:00,1762757940000,55,716.5657357939624
2025-11-10T11:34:00,1762754640000,SENSEX,hybrid,0.8928571428571429,,15,60,2025-11-10T12:30:00,1762758000000,56,719.0420566286689
2025-11-10T11:34:00,1762754640000,SENSEX,hybrid,0.8928571428571429,,15,60,2025-11-10T12:31:00,1762758060000,57,720.3435744404645
2025-11-10T11:34:00,1762754640000,SENSEX,hybrid,0.8928571428571429,,15,60,2025-11-10T12:32:00,1762758120000,58,716.8132172976074
2025-11-10T11:34:00,1762754640000,SENSEX,hybrid,0.8928571428571429,,15,60,2025-11-10T12:33:00,1762758180000,59,718.899175764007
2025-11-10T11:34:00,1762754640000,SENSEX,hybrid,0.8928571428571429,,15,60,2025-11-10T12:34:00,1762758240000,60,720.1596716858447
2025-11-10T11:34:00,1762754640000,SENSEX,hybrid,0.8928571428571429,,15,60,2025-11-10T11:35:00,1762754700000,1,718.5999999999999
2025-11-10T11:34:00,1762754640000,SENSEX,hybrid,0.8928571428571429,,15,60,2025-11-10T11:36:00,1762754760000,2,721.1304431957241
2025-11-10T11:34:00,1762754640000,SENSEX,hybrid,0.8928571428571429,,15,60,2025-11-10T11:37:00,1762754820000,3,721.493494160067
2025-11-10T11:34:00,1762754640000,SENSEX,hybrid,0.8928571428571429,,15,60,2025-11-10T11:38:00,1762754880000,4,717.3073164124294
2025-11-10T11:34:00,1762754640000,SENSEX,hybrid,0.8928571428571429,,15,60,2025-11-10T11:39:00,1762754940000,5,720.0468899200373
2025-11-10T11:34:00,1762754640000,SENSEX,hybrid,0.8928571428571429,,15,60,2025-11-10T11:40:00,1762755000000,6,721.3147787532635
2025-11-10T11:34:00,1762754640000,SENSEX,hybrid,0.8928571428571429,,15,60,2025-11-10T11:41:00,1762755060000,7,718.3565228197677
2025-11-10T11:34:00,1762754640000,SENSEX,hybrid,0.8928571428571429,,15,60,2025-11-10T11:42:00,1762755120000,8,721.811607572555
2025-11-10T11:34:00,1762754640000,SENSEX,hybrid,0.8928571428571429,,15,60,2025-11-10T11:43:00,1762755180000,9,722.0895093992092
2025-11-10T11:34:00,1762754640000,SENSEX,hybrid,0.8928571428571429,,15,60,2025-11-10T11:44:00,1762755240000,10,718.8061280987877
2025-11-10T11:34:00,1762754640000,SENSEX,hybrid,0.8928571428571429,,15,60,2025-11-10T11:45:00,1762755300000,11,722.1883476563803
2025-11-10T11:34:00,1762754640000,SENSEX,hybrid,0.8928571428571429,,15,60,2025-11-10T11:46:00,1762755360000,12,722.2753105611919
2025-11-10T11:34:00,1762754640000,SENSEX,hybrid,0.8928571428571429,,15,60,2025-11-10T11:47:00,1762755420000,13,718.011660246484
2025-11-10T11:34:00,1762754640000,SENSEX,hybrid,0.8928571428571429,,15,60,2025-11-10T11:48:00,1762755480000,14,721.0821842882558
2025-11-10T11:34:00,1762754640000,SENSEX,hybrid,0.8928571428571429,,15,60,2025-11-10T11:49:00,1762755540000,15,721.8282905688887
2025-11-10T11:34:00,1762754640000,SENSEX,hybrid,0.8928571428571429,,15,60,2025-11-10T11:50:00,1762755600000,16,718.4396549229249
2025-11-10T11:34:00,1762754640000,SENSEX,hybrid,0.8928571428571429,,15,60,2025-11-10T11:51:00,1762755660000,17,721.2179938673628
2025-11-10T11:34:00,1762754640000,SENSEX,hybrid,0.8928571428571429,,15,60,2025-11-10T11:52:00,1762755720000,18,721.2735913152036
2025-11-10T11:34:00,1762754640000,SENSEX,hybrid,0.8928571428571429,,15,60,2025-11-10T11:53:00,1762755780000,19,717.7399071917624
2025-11-10T11:34:00,1762754640000,SENSEX,hybrid,0.8928571428571429,,15,60,2025-11-10T11:54:00,1762755840000,20,720.7166017556586
2025-11-10T11:34:00,1762754640000,SENSEX,hybrid,0.8928571428571429,,15,60,2025-11-10T11:55:00,1762755900000,21,721.2206745102932
2025-11-10T11:34:00,1762754640000,SENSEX,hybrid,0.8928571428571429,,15,60,2025-11-10T11:56:00,1762755960000,22,717.7769721569895
2025-11-10T11:34:00,1762754640000,SENSEX,hybrid,0.8928571428571429,,15,60,2025-11-10T11:57:00,1762756020000,23,721.0053778578746
2025-11-10T11:34:00,1762754640000,SENSEX,hybrid,0.8928571428571429,,15,60,2025-11-10T11:58:00,1762756080000,24,720.8995401050498
2025-11-10T11:34:00,1762754640000,SENSEX,hybrid,0.8928571428571429,,15,60,2025-11-10T11:59:00,1762756140000,25,716.5643769735174
2025-11-10T11:34:00,1762754640000,SENSEX,hybrid,0.8928571428571429,,15,60,2025-11-10T12:00:00,1762756200000,26,720.4571008118055
2025-11-10T11:34:00,1762754640000,SENSEX,hybrid,0.8928571428571429,,15,60,2025-11-10T12:01:00,1762756260000,27,722.1184164731252
2025-11-10T11:34:00,1762754640000,SENSEX,hybrid,0.8928571428571429,,15,60,2025-11-10T12:02:00,1762756320000,28,719.6262471001132
2025-11-10T11:34:00,1762754640000,SENSEX,hybrid,0.8928571428571429,,15,60,2025-11-10T12:03:00,1762756380000,29,719.7773011751912
2025-11-10T11:34:00,1762754640000,SENSEX,hybrid,0.8928571428571429,,15,60,2025-11-10T12:04:00,1762756440000,30,720.6399958505234
2025-11-10T11:34:00,1762754640000,SENSEX,hybrid,0.8928571428571429,,15,60,2025-11-10T12:05:00,1762756500000,31,716.9109916044031
2025-11-10T11:34:00,1762754640000,SENSEX,hybrid,0.8928571428571429,,15,60,2025-11-10T12:06:00,1762756560000,32,719.5193484872214
2025-11-10T11:34:00,1762754640000,SENSEX,hybrid,0.8928571428571429,,15,60,2025-11-10T12:07:00,1762756620000,33,718.8485978228539
2025-11-10T11:34:00,1762754640000,SENSEX,hybrid,0.8928571428571429,,15,60,2025-11-10T12:08:00,1762756680000,34,716.7713059764103
2025-11-10T11:34:00,1762754640000,SENSEX,hybrid,0.8928571428571429,,15,60,2025-11-10T12:09:00,1762756740000,35,719.43324638069
2025-11-10T11:34:00,1762754640000,SENSEX,hybrid,0.8928571428571429,,15,60,2025-11-10T12:10:00,1762756800000,36,718.8632479412655
2025-11-10T11:34:00,1762754640000,SENSEX,hybrid,0.8928571428571429,,15,60,2025-11-10T12:11:00,1762756860000,37,715.4964663670977
2025-11-10T11:34:00,1762754640000,SENSEX,hybrid,0.8928571428571429,,15,60,2025-11-10T12:12:00,1762756920000,38,719.1639439007552
2025-11-10T11:34:00,1762754640000,SENSEX,hybrid,0.8928571428571429,,15,60,2025-11-10T12:13:00,1762756980000,39,719.339616496537
2025-11-10T11:34:00,1762754640000,SENSEX,hybrid,0.8928571428571429,,15,60,2025-11-10T12:14:00,1762757040000,40,715.8889770598101
2025-11-10T11:34:00,1762754640000,SENSEX,hybrid,0.8928571428571429,,15,60,2025-11-10T12:15:00,1762757100000,41,719.0692773218076
2025-11-10T11:34:00,1762754640000,SENSEX,hybrid,0.8928571428571429,,15,60,2025-11-10T12:16:00,1762757160000,42,718.8362149467166
2025-11-10T11:34:00,1762754640000,SENSEX,hybrid,0.8928571428571429,,15,60,2025-11-10T12:17:00,1762757220000,43,715.6578941942602
2025-11-10T11:34:00,1762754640000,SENSEX,hybrid,0.8928571428571429,,15,60,2025-11-10T12:18:00,1762757280000,44,718.7843364618456
2025-11-10T11:34:00,1762754640000,SENSEX,hybrid,0.8928571428571429,,15,60,2025-11-10T12:19:00,1762757340000,45,719.3685263868429
2025-11-10T11:34:00,1762754640000,SENSEX,hybrid,0.8928571428571429,,15,60,2025-11-10T12:20:00,1762757400000,46,715.863770647565
2025-11-10T11:34:00,1762754640000,SENSEX,hybrid,0.8928571428571429,,15,60,2025-11-10T12:21:00,1762757460000,47,718.8056638044208
2025-11-10T11:34:00,1762754640000,SENSEX,hybrid,0.8928571428571429,,15,60,2025-11-10T12:22:00,1762757520000,48,718.7423050832316
2025-11-10T11:34:00,1762754640000,SENSEX,hybrid,0.8928571428571429,,15,60,2025-11-10T12:23:00,1762757580000,49,716.0550616484469
2025-11-10T11:34:00,1762754640000,SENSEX,hybrid,0.8928571428571429,,15,60,2025-11-10T12:24:00,1762757640000,50,719.1748005172968
2025-11-10T11:34:00,1762754640000,SENSEX,hybrid,0.8928571428571429,,15,60,2025-11-10T12:25:00,1762757700000,51,720.3849512858934
2025-11-10T11:34:00,1762754640000,SENSEX,hybrid,0.8928571428571429,,15,60,2025-11-10T12:26:00,1762757760000,52,716.3719803144866
2025-11-10T11:34:00,1762754640000,SENSEX,hybrid,0.8928571428571429,,15,60,2025-11-10T12:27:00,1762757820000,53,719.4127528763194
2025-11-10T11:34:00,1762754640000,SENSEX,hybrid,0.8928571428571429,,15,60,2025-11-10T12:28:00,1762757880000,54,720.3930449240119
2025-11-10T11:34:00,1762754640000,SENSEX,hybrid,0.8928571428571429,,15,60,2025-11-10T12:29:00,1762757940000,55,716.5657357939624
2025-11-10T11:34:00,1762754640000,SENSEX,hybrid,0.8928571428571429,,15,60,2025-11-10T12:30:00,1762758000000,56,719.0420566286689
2025-11-10T11:34:00,1762754640000,SENSEX,hybrid,0.8928571428571429,,15,60,2025-11-10T12:31:00,1762758060000,57,720.3435744404645
2025-11-10T11:34:00,1762754640000,SENSEX,hybrid,0.8928571428571429,,15,60,2025-11-10T12:32:00,1762758120000,58,716.8132172976074
2025-11-10T11:34:00,1762754640000,SENSEX,hybrid,0.8928571428571429,,15,60,2025-11-10T12:33:00,1762758180000,59,718.899175764007
2025-11-10T11:34:00,1762754640000,SENSEX,hybrid,0.8928571428571429,,15,60,2025-11-10T12:34:00,1762758240000,60,720.1596716858447
2025-11-10T11:34:00,1762754640000,SENSEX,hybrid,0.8928571428571429,,15,60,2025-11-10T11:35:00,1762754700000,1,718.5999999999999
2025-11-10T11:34:00,1762754640000,SENSEX,hybrid,0.8928571428571429,,15,60,2025-11-10T11:36:00,1762754760000,2,721.1304431957241
2025-11-10T11:34:00,1762754640000,SENSEX,hybrid,0.8928571428571429,,15,60,2025-11-10T11:37:00,1762754820000,3,721.493494160067
2025-11-10T11:34:00,1762754640000,SENSEX,hybrid,0.8928571428571429,,15,60,2025-11-10T11:38:00,1762754880000,4,717.3073164124294
2025-11-10T11:34:00,1762754640000,SENSEX,hybrid,0.8928571428571429,,15,60,2025-11-10T11:39:00,1762754940000,5,720.0468899200373
2025-11-10T11:34:00,1762754640000,SENSEX,hybrid,0.8928571428571429,,15,60,2025-11-10T11:40:00,1762755000000,6,721.3147787532635
2025-11-10T11:34:00,1762754640000,SENSEX,hybrid,0.8928571428571429,,15,60,2025-11-10T11:41:00,1762755060000,7,718.3565228197677
2025-11-10T11:34:00,1762754640000,SENSEX,hybrid,0.8928571428571429,,15,60,2025-11-10T11:42:00,1762755120000,8,721.811607572555
2025-11-10T11:34:00,1762754640000,SENSEX,hybrid,0.8928571428571429,,15,60,2025-11-10T11:43:00,1762755180000,9,722.0895093992092
2025-11-10T11:34:00,1762754640000,SENSEX,hybrid,0.8928571428571429,,15,60,2025-11-10T11:44:00,1762755240000,10,718.8061280987877
2025-11-10T11:34:00,1762754640000,SENSEX,hybrid,0.8928571428571429,,15,60,2025-11-10T11:45:00,1762755300000,11,722.1883476563803
2025-11-10T11:34:00,1762754640000,SENSEX,hybrid,0.8928571428571429,,15,60,2025-11-10T11:46:00,1762755360000,12,722.2753105611919
2025-11-10T11:34:00,1762754640000,SENSEX,hybrid,0.8928571428571429,,15,60,2025-11-10T11:47:00,1762755420000,13,718.011660246484
2025-11-10T11:34:00,1762754640000,SENSEX,hybrid,0.8928571428571429,,15,60,2025-11-10T11:48:00,1762755480000,14,721.0821842882558
2025-11-10T11:34:00,1762754640000,SENSEX,hybrid,0.8928571428571429,,15,60,2025-11-10T11:49:00,1762755540000,15,721.8282905688887
2025-11-10T11:34:00,1762754640000,SENSEX,hybrid,0.8928571428571429,,15,60,2025-11-10T11:50:00,1762755600000,16,718.4396549229249
2025-11-10T11:34:00,1762754640000,SENSEX,hybrid,0.8928571428571429,,15,60,2025-11-10T11:51:00,1762755660000,17,721.2179938673628
2025-11-10T11:34:00,1762754640000,SENSEX,hybrid,0.8928571428571429,,15,60,2025-11-10T11:52:00,1762755720000,18,721.2735913152036
2025-11-10T11:34:00,1762754640000,SENSEX,hybrid,0.8928571428571429,,15,60,2025-11-10T11:53:00,1762755780000,19,717.7399071917624
2025-11-10T11:34:00,1762754640000,SENSEX,hybrid,0.8928571428571429,,15,60,2025-11-10T11:54:00,1762755840000,20,720.7166017556586
2025-11-10T11:34:00,1762754640000,SENSEX,hybrid,0.8928571428571429,,15,60,2025-11-10T11:55:00,1762755900000,21,721.2206745102932
2025-11-10T11:34:00,1762754640000,SENSEX,hybrid,0.8928571428571429,,15,60,2025-11-10T11:56:00,1762755960000,22,717.7769721569895
2025-11-10T11:34:00,1762754640000,SENSEX,hybrid,0.8928571428571429,,15,60,2025-11-10T11:57:00,1762756020000,23,721.0053778578746
2025-11-10T11:34:00,1762754640000,SENSEX,hybrid,0.8928571428571429,,15,60,2025-11-10T11:58:00,1762756080000,24,720.8995401050498
2025-11-10T11:34:00,1762754640000,SENSEX,hybrid,0.8928571428571429,,15,60,2025-11-10T11:59:00,1762756140000,25,716.5643769735174
2025-11-10T11:34:00,1762754640000,SENSEX,hybrid,0.8928571428571429,,15,60,2025-11-10T12:00:00,1762756200000,26,720.4571008118055
2025-11-10T11:34:00,1762754640000,SENSEX,hybrid,0.8928571428571429,,15,60,2025-11-10T12:01:00,1762756260000,27,722.1184164731252
2025-11-10T11:34:00,1762754640000,SENSEX,hybrid,0.8928571428571429,,15,60,2025-11-10T12:02:00,1762756320000,28,719.6262471001132
2025-11-10T11:34:00,1762754640000,SENSEX,hybrid,0.8928571428571429,,15,60,2025-11-10T12:03:00,1762756380000,29,719.7773011751912
2025-11-10T11:34:00,1762754640000,SENSEX,hybrid,0.8928571428571429,,15,60,2025-11-10T12:04:00,1762756440000,30,720.6399958505234
2025-11-10T11:34:00,1762754640000,SENSEX,hybrid,0.8928571428571429,,15,60,2025-11-10T12:05:00,1762756500000,31,716.9109916044031
2025-11-10T11:34:00,1762754640000,SENSEX,hybrid,0.8928571428571429,,15,60,2025-11-10T12:06:00,1762756560000,32,719.5193484872214
2025-11-10T11:34:00,1762754640000,SENSEX,hybrid,0.8928571428571429,,15,60,2025-11-10T12:07:00,1762756620000,33,718.8485978228539
2025-11-10T11:34:00,1762754640000,SENSEX,hybrid,0.8928571428571429,,15,60,2025-11-10T12:08:00,1762756680000,34,716.7713059764103
2025-11-10T11:34:00,1762754640000,SENSEX,hybrid,0.8928571428571429,,15,60,2025-11-10T12:09:00,1762756740000,35,719.43324638069
2025-11-10T11:34:00,1762754640000,SENSEX,hybrid,0.8928571428571429,,15,60,2025-11-10T12:10:00,1762756800000,36,718.8632479412655
2025-11-10T11:34:00,1762754640000,SENSEX,hybrid,0.8928571428571429,,15,60,2025-11-10T12:11:00,1762756860000,37,715.4964663670977
2025-11-10T11:34:00,1762754640000,SENSEX,hybrid,0.8928571428571429,,15,60,2025-11-10T12:12:00,1762756920000,38,719.1639439007552
2025-11-10T11:34:00,1762754640000,SENSEX,hybrid,0.8928571428571429,,15,60,2025-11-10T12:13:00,1762756980000,39,719.339616496537
2025-11-10T11:34:00,1762754640000,SENSEX,hybrid,0.8928571428571429,,15,60,2025-11-10T12:14:00,1762757040000,40,715.8889770598101
2025-11-10T11:34:00,1762754640000,SENSEX,hybrid,0.8928571428571429,,15,60,2025-11-10T12:15:00,1762757100000,41,719.0692773218076
2025-11-10T11:34:00,1762754640000,SENSEX,hybrid,0.8928571428571429,,15,60,2025-11-10T12:16:00,1762757160000,42,718.8362149467166
2025-11-10T11:34:00,1762754640000,SENSEX,hybrid,0.8928571428571429,,15,60,2025-11-10T12:17:00,1762757220000,43,715.6578941942602
2025-11-10T11:34:00,1762754640000,SENSEX,hybrid,0.8928571428571429,,15,60,2025-11-10T12:18:00,1762757280000,44,718.7843364618456
2025-11-10T11:34:00,1762754640000,SENSEX,hybrid,0.8928571428571429,,15,60,2025-11-10T12:19:00,1762757340000,45,719.3685263868429
2025-11-10T11:34:00,1762754640000,SENSEX,hybrid,0.8928571428571429,,15,60,2025-11-10T12:20:00,1762757400000,46,715.863770647565
2025-11-10T11:34:00,1762754640000,SENSEX,hybrid,0.8928571428571429,,15,60,2025-11-10T12:21:00,1762757460000,47,718.8056638044208
2025-11-10T11:34:00,1762754640000,SENSEX,hybrid,0.8928571428571429,,15,60,2025-11-10T12:22:00,1762757520000,48,718.7423050832316
2025-11-10T11:34:00,1762754640000,SENSEX,hybrid,0.8928571428571429,,15,60,2025-11-10T12:23:00,1762757580000,49,716.0550616484469
2025-11-10T11:34:00,1762754640000,SENSEX,hybrid,0.8928571428571429,,15,60,2025-11-10T12:24:00,1762757640000,50,719.1748005172968
2025-11-10T11:34:00,1762754640000,SENSEX,hybrid,0.8928571428571429,,15,60,2025-11-10T12:25:00,1762757700000,51,720.3849512858934
2025-11-10T11:34:00,1762754640000,SENSEX,hybrid,0.8928571428571429,,15,60,2025-11-10T12:26:00,1762757760000,52,716.3719803144866
2025-11-10T11:34:00,1762754640000,SENSEX,hybrid,0.8928571428571429,,15,60,2025-11-10T12:27:00,1762757820000,53,719.4127528763194
2025-11-10T11:34:00,1762754640000,SENSEX,hybrid,0.8928571428571429,,15,60,2025-11-10T12:28:00,1762757880000,54,720.3930449240119
2025-11-10T11:34:00,1762754640000,SENSEX,hybrid,0.8928571428571429,,15,60,2025-11-10T12:29:00,1762757940000,55,716.5657357939624
2025-11-10T11:34:00,1762754640000,SENSEX,hybrid,0.8928571428571429,,15,60,2025-11-10T12:30:00,1762758000000,56,719.0420566286689
2025-11-10T11:34:00,1762754640000,SENSEX,hybrid,0.8928571428571429,,15,60,2025-11-10T12:31:00,1762758060000,57,720.3435744404645
2025-11-10T11:34:00,1762754640000,SENSEX,hybrid,0.8928571428571429,,15,60,2025-11-10T12:32:00,1762758120000,58,716.8132172976074
2025-11-10T11:34:00,1762754640000,SENSEX,hybrid,0.8928571428571429,,15,60,2025-11-10T12:33:00,1762758180000,59,718.899175764007
2025-11-10T11:34:00,1762754640000,SENSEX,hybrid,0.8928571428571429,,15,60,2025-11-10T12:34:00,1762758240000,60,720.1596716858447
2025-11-10T11:34:00,1762754640000,SENSEX,hybrid,0.8928571428571429,,15,60,2025-11-10T11:35:00,1762754700000,1,718.5999999999999
2025-11-10T11:34:00,1762754640000,SENSEX,hybrid,0.8928571428571429,,15,60,2025-11-10T11:36:00,1762754760000,2,721.1304431957241
2025-11-10T11:34:00,1762754640000,SENSEX,hybrid,0.8928571428571429,,15,60,2025-11-10T11:37:00,1762754820000,3,721.493494160067
2025-11-10T11:34:00,1762754640000,SENSEX,hybrid,0.8928571428571429,,15,60,2025-11-10T11:38:00,1762754880000,4,717.3073164124294
2025-11-10T11:34:00,1762754640000,SENSEX,hybrid,0.8928571428571429,,15,60,2025-11-10T11:39:00,1762754940000,5,720.0468899200373
2025-11-10T11:34:00,1762754640000,SENSEX,hybrid,0.8928571428571429,,15,60,2025-11-10T11:40:00,1762755000000,6,721.3147787532635
2025-11-10T11:34:00,1762754640000,SENSEX,hybrid,0.8928571428571429,,15,60,2025-11-10T11:41:00,1762755060000,7,718.3565228197677
2025-11-10T11:34:00,1762754640000,SENSEX,hybrid,0.8928571428571429,,15,60,2025-11-10T11:42:00,1762755120000,8,721.811607572555
2025-11-10T11:34:00,1762754640000,SENSEX,hybrid,0.8928571428571429,,15,60,2025-11-10T11:43:00,1762755180000,9,722.0895093992092
2025-11-10T11:34:00,1762754640000,SENSEX,hybrid,0.8928571428571429,,15,60,2025-11-10T11:44:00,1762755240000,10,718.8061280987877
2025-11-10T11:34:00,1762754640000,SENSEX,hybrid,0.8928571428571429,,15,60,2025-11-10T11:45:00,1762755300000,11,722.1883476563803
2025-11-10T11:34:00,1762754640000,SENSEX,hybrid,0.8928571428571429,,15,60,2025-11-10T11:46:00,1762755360000,12,722.2753105611919
2025-11-10T11:34:00,1762754640000,SENSEX,hybrid,0.8928571428571429,,15,60,2025-11-10T11:47:00,1762755420000,13,718.011660246484
2025-11-10T11:34:00,1762754640000,SENSEX,hybrid,0.8928571428571429,,15,60,2025-11-10T11:48:00,1762755480000,14,721.0821842882558
2025-11-10T11:34:00,1762754640000,SENSEX,hybrid,0.8928571428571429,,15,60,2025-11-10T11:49:00,1762755540000,15,721.8282905688887
2025-11-10T11:34:00,1762754640000,SENSEX,hybrid,0.8928571428571429,,15,60,2025-11-10T11:50:00,1762755600000,16,718.4396549229249
2025-11-10T11:34:00,1762754640000,SENSEX,hybrid,0.8928571428571429,,15,60,2025-11-10T11:51:00,1762755660000,17,721.2179938673628
2025-11-10T11:34:00,1762754640000,SENSEX,hybrid,0.8928571428571429,,15,60,2025-11-10T11:52:00,1762755720000,18,721.2735913152036
2025-11-10T11:34:00,1762754640000,SENSEX,hybrid,0.8928571428571429,,15,60,2025-11-10T11:53:00,1762755780000,19,717.7399071917624
2025-11-10T11:34:00,1762754640000,SENSEX,hybrid,0.8928571428571429,,15,60,2025-11-10T11:54:00,1762755840000,20,720.7166017556586
2025-11-10T11:34:00,1762754640000,SENSEX,hybrid,0.8928571428571429,,15,60,2025-11-10T11:55:00,1762755900000,21,721.2206745102932
2025-11-10T11:34:00,1762754640000,SENSEX,hybrid,0.8928571428571429,,15,60,2025-11-10T11:56:00,1762755960000,22,717.7769721569895
2025-11-10T11:34:00,1762754640000,SENSEX,hybrid,0.8928571428571429,,15,60,2025-11-10T11:57:00,1762756020000,23,721.0053778578746
2025-11-10T11:34:00,1762754640000,SENSEX,hybrid,0.8928571428571429,,15,60,2025-11-10T11:58:00,1762756080000,24,720.8995401050498
2025-11-10T11:34:00,1762754640000,SENSEX,hybrid,0.8928571428571429,,15,60,2025-11-10T11:59:00,1762756140000,25,716.5643769735174
2025-11-10T11:34:00,1762754640000,SENSEX,hybrid,0.8928571428571429,,15,60,2025-11-10T12:00:00,1762756200000,26,720.4571008118055
2025-11-10T11:34:00,1762754640000,SENSEX,hybrid,0.8928571428571429,,15,60,2025-11-10T12:01:00,1762756260000,27,722.1184164731252
2025-11-10T11:34:00,1762754640000,SENSEX,hybrid,0.8928571428571429,,15,60,2025-11-10T12:02:00,1762756320000,28,719.6262471001132
2025-11-10T11:34:00,1762754640000,SENSEX,hybrid,0.8928571428571429,,15,60,2025-11-10T12:03:00,1762756380000,29,719.7773011751912
2025-11-10T11:34:00,1762754640000,SENSEX,hybrid,0.8928571428571429,,15,60,2025-11-10T12:04:00,1762756440000,30,720.6399958505234
2025-11-10T11:34:00,1762754640000,SENSEX,hybrid,0.8928571428571429,,15,60,2025-11-10T12:05:00,1762756500000,31,716.9109916044031
2025-11-10T11:34:00,1762754640000,SENSEX,hybrid,0.8928571428571429,,15,60,2025-11-10T12:06:00,1762756560000,32,719.5193484872214
2025-11-10T11:34:00,1762754640000,SENSEX,hybrid,0.8928571428571429,,15,60,2025-11-10T12:07:00,1762756620000,33,718.8485978228539
2025-11-10T11:34:00,1762754640000,SENSEX,hybrid,0.8928571428571429,,15,60,2025-11-10T12:08:00,1762756680000,34,716.7713059764103
2025-11-10T11:34:00,1762754640000,SENSEX,hybrid,0.8928571428571429,,15,60,2025-11-10T12:09:00,1762756740000,35,719.43324638069
2025-11-10T11:34:00,1762754640000,SENSEX,hybrid,0.8928571428571429,,15,60,2025-11-10T12:10:00,1762756800000,36,718.8632479412655
2025-11-10T11:34:00,1762754640000,SENSEX,hybrid,0.8928571428571429,,15,60,2025-11-10T12:11:00,1762756860000,37,715.4964663670977
2025-11-10T11:34:00,1762754640000,SENSEX,hybrid,0.8928571428571429,,15,60,2025-11-10T12:12:00,1762756920000,38,719.1639439007552
2025-11-10T11:34:00,1762754640000,SENSEX,hybrid,0.8928571428571429,,15,60,2025-11-10T12:13:00,1762756980000,39,719.339616496537
2025-11-10T11:34:00,1762754640000,SENSEX,hybrid,0.8928571428571429,,15,60,2025-11-10T12:14:00,1762757040000,40,715.8889770598101
2025-11-10T11:34:00,1762754640000,SENSEX,hybrid,0.8928571428571429,,15,60,2025-11-10T12:15:00,1762757100000,41,719.0692773218076
2025-11-10T11:34:00,1762754640000,SENSEX,hybrid,0.8928571428571429,,15,60,2025-11-10T12:16:00,1762757160000,42,718.8362149467166
2025-11-10T11:34:00,1762754640000,SENSEX,hybrid,0.8928571428571429,,15,60,2025-11-10T12:17:00,1762757220000,43,715.6578941942602
2025-11-10T11:34:00,1762754640000,SENSEX,hybrid,0.8928571428571429,,15,60,2025-11-10T12:18:00,1762757280000,44,718.7843364618456
2025-11-10T11:34:00,1762754640000,SENSEX,hybrid,0.8928571428571429,,15,60,2025-11-10T12:19:00,1762757340000,45,719.3685263868429
2025-11-10T11:34:00,1762754640000,SENSEX,hybrid,0.8928571428571429,,15,60,2025-11-10T12:20:00,1762757400000,46,715.863770647565
2025-11-10T11:34:00,1762754640000,SENSEX,hybrid,0.8928571428571429,,15,60,2025-11-10T12:21:00,1762757460000,47,718.8056638044208
2025-11-10T11:34:00,1762754640000,SENSEX,hybrid,0.8928571428571429,,15,60,2025-11-10T12:22:00,1762757520000,48,718.7423050832316
2025-11-10T11:34:00,1762754640000,SENSEX,hybrid,0.8928571428571429,,15,60,2025-11-10T12:23:00,1762757580000,49,716.0550616484469
2025-11-10T11:34:00,1762754640000,SENSEX,hybrid,0.8928571428571429,,15,60,2025-11-10T12:24:00,1762757640000,50,719.1748005172968
2025-11-10T11:34:00,1762754640000,SENSEX,hybrid,0.8928571428571429,,15,60,2025-11-10T12:25:00,1762757700000,51,720.3849512858934
2025-11-10T11:34:00,1762754640000,SENSEX,hybrid,0.8928571428571429,,15,60,2025-11-10T12:26:00,1762757760000,52,716.3719803144866
2025-11-10T11:34:00,1762754640000,SENSEX,hybrid,0.8928571428571429,,15,60,2025-11-10T12:27:00,1762757820000,53,719.4127528763194
2025-11-10T11:34:00,1762754640000,SENSEX,hybrid,0.8928571428571429,,15,60,2025-11-10T12:28:00,1762757880000,54,720.3930449240119
2025-11-10T11:34:00,1762754640000,SENSEX,hybrid,0.8928571428571429,,15,60,2025-11-10T12:29:00,1762757940000,55,716.5657357939624
2025-11-10T11:34:00,1762754640000,SENSEX,hybrid,0.8928571428571429,,15,60,2025-11-10T12:30:00,1762758000000,56,719.0420566286689
2025-11-10T11:34:00,1762754640000,SENSEX,hybrid,0.8928571428571429,,15,60,2025-11-10T12:31:00,1762758060000,57,720.3435744404645
2025-11-10T11:34:00,1762754640000,SENSEX,hybrid,0.8928571428571429,,15,60,2025-11-10T12:32:00,1762758120000,58,716.8132172976074
2025-11-10T11:34:00,1762754640000,SENSEX,hybrid,0.8928571428571429,,15,60,2025-11-10T12:33:00,1762758180000,59,718.899175764007
2025-11-10T11:34:00,1762754640000,SENSEX,hybrid,0.8928571428571429,,15,60,2025-11-10T12:34:00,1762758240000,60,720.1596716858447
2025-11-10T11:34:00,1762754640000,SENSEX,hybrid,0.8928571428571429,,15,60,2025-11-10T11:35:00,1762754700000,1,718.5999999999999
2025-11-10T11:34:00,1762754640000,SENSEX,hybrid,0.8928571428571429,,15,60,2025-11-10T11:36:00,1762754760000,2,721.1304431957241
2025-11-10T11:34:00,1762754640000,SENSEX,hybrid,0.8928571428571429,,15,60,2025-11-10T11:37:00,1762754820000,3,721.493494160067
2025-11-10T11:34:00,1762754640000,SENSEX,hybrid,0.8928571428571429,,15,60,2025-11-10T11:38:00,1762754880000,4,717.3073164124294
2025-11-10T11:34:00,1762754640000,SENSEX,hybrid,0.8928571428571429,,15,60,2025-11-10T11:39:00,1762754940000,5,720.0468899200373
2025-11-10T11:34:00,1762754640000,SENSEX,hybrid,0.8928571428571429,,15,60,2025-11-10T11:40:00,1762755000000,6,721.3147787532635
2025-11-10T11:34:00,1762754640000,SENSEX,hybrid,0.8928571428571429,,15,60,2025-11-10T11:41:00,1762755060000,7,718.3565228197677
2025-11-10T11:34:00,1762754640000,SENSEX,hybrid,0.8928571428571429,,15,60,2025-11-10T11:42:00,1762755120000,8,721.811607572555
2025-11-10T11:34:00,1762754640000,SENSEX,hybrid,0.8928571428571429,,15,60,2025-11-10T11:43:00,1762755180000,9,722.0895093992092
2025-11-10T11:34:00,1762754640000,SENSEX,hybrid,0.8928571428571429,,15,60,2025-11-10T11:44:00,1762755240000,10,718.8061280987877
2025-11-10T11:34:00,1762754640000,SENSEX,hybrid,0.8928571428571429,,15,60,2025-11-10T11:45:00,1762755300000,11,722.1883476563803
2025-11-10T11:34:00,1762754640000,SENSEX,hybrid,0.8928571428571429,,15,60,2025-11-10T11:46:00,1762755360000,12,722.2753105611919
2025-11-10T11:34:00,1762754640000,SENSEX,hybrid,0.8928571428571429,,15,60,2025-11-10T11:47:00,1762755420000,13,718.011660246484
2025-11-10T11:34:00,1762754640000,SENSEX,hybrid,0.8928571428571429,,15,60,2025-11-10T11:48:00,1762755480000,14,721.0821842882558
2025-11-10T11:34:00,1762754640000,SENSEX,hybrid,0.8928571428571429,,15,60,2025-11-10T11:49:00,1762755540000,15,721.8282905688887
2025-11-10T11:34:00,1762754640000,SENSEX,hybrid,0.8928571428571429,,15,60,2025-11-10T11:50:00,1762755600000,16,718.4396549229249
2025-11-10T11:34:00,1762754640000,SENSEX,hybrid,0.8928571428571429,,15,60,2025-11-10T11:51:00,1762755660000,17,721.2179938673628
2025-11-10T11:34:00,1762754640000,SENSEX,hybrid,0.8928571428571429,,15,60,2025-11-10T11:52:00,1762755720000,18,721.2735913152036
2025-11-10T11:34:00,1762754640000,SENSEX,hybrid,0.8928571428571429,,15,60,2025-11-10T11:53:00,1762755780000,19,717.7399071917624
2025-11-10T11:34:00,1762754640000,SENSEX,hybrid,0.8928571428571429,,15,60,2025-11-10T11:54:00,1762755840000,20,720.7166017556586
2025-11-10T11:34:00,1762754640000,SENSEX,hybrid,0.8928571428571429,,15,60,2025-11-10T11:55:00,1762755900000,21,721.2206745102932
2025-11-10T11:34:00,1762754640000,SENSEX,hybrid,0.8928571428571429,,15,60,2025-11-10T11:56:00,1762755960000,22,717.7769721569895
2025-11-10T11:34:00,1762754640000,SENSEX,hybrid,0.8928571428571429,,15,60,2025-11-10T11:57:00,1762756020000,23,721.0053778578746
2025-11-10T11:34:00,1762754640000,SENSEX,hybrid,0.8928571428571429,,15,60,2025-11-10T11:58:00,1762756080000,24,720.8995401050498
2025-11-10T11:34:00,1762754640000,SENSEX,hybrid,0.8928571428571429,,15,60,2025-11-10T11:59:00,1762756140000,25,716.5643769735174
2025-11-10T11:34:00,1762754640000,SENSEX,hybrid,0.8928571428571429,,15,60,2025-11-10T12:00:00,1762756200000,26,720.4571008118055
2025-11-10T11:34:00,1762754640000,SENSEX,hybrid,0.8928571428571429,,15,60,2025-11-10T12:01:00,1762756260000,27,722.1184164731252
2025-11-10T11:34:00,1762754640000,SENSEX,hybrid,0.8928571428571429,,15,60,2025-11-10T12:02:00,1762756320000,28,719.6262471001132
2025-11-10T11:34:00,1762754640000,SENSEX,hybrid,0.8928571428571429,,15,60,2025-11-10T12:03:00,1762756380000,29,719.7773011751912
2025-11-10T11:34:00,1762754640000,SENSEX,hybrid,0.8928571428571429,,15,60,2025-11-10T12:04:00,1762756440000,30,720.6399958505234
2025-11-10T11:34:00,1762754640000,SENSEX,hybrid,0.8928571428571429,,15,60,2025-11-10T12:05:00,1762756500000,31,716.9109916044031
2025-11-10T11:34:00,1762754640000,SENSEX,hybrid,0.8928571428571429,,15,60,2025-11-10T12:06:00,1762756560000,32,719.5193484872214
2025-11-10T11:34:00,1762754640000,SENSEX,hybrid,0.8928571428571429,,15,60,2025-11-10T12:07:00,1762756620000,33,718.8485978228539
2025-11-10T11:34:00,1762754640000,SENSEX,hybrid,0.8928571428571429,,15,60,2025-11-10T12:08:00,1762756680000,34,716.7713059764103
2025-11-10T11:34:00,1762754640000,SENSEX,hybrid,0.8928571428571429,,15,60,2025-11-10T12:09:00,1762756740000,35,719.43324638069
2025-11-10T11:34:00,1762754640000,SENSEX,hybrid,0.8928571428571429,,15,60,2025-11-10T12:10:00,1762756800000,36,718.8632479412655
2025-11-10T11:34:00,1762754640000,SENSEX,hybrid,0.8928571428571429,,15,60,2025-11-10T12:11:00,1762756860000,37,715.4964663670977
2025-11-10T11:34:00,1762754640000,SENSEX,hybrid,0.8928571428571429,,15,60,2025-11-10T12:12:00,1762756920000,38,719.1639439007552
2025-11-10T11:34:00,1762754640000,SENSEX,hybrid,0.8928571428571429,,15,60,2025-11-10T12:13:00,1762756980000,39,719.339616496537
2025-11-10T11:34:00,1762754640000,SENSEX,hybrid,0.8928571428571429,,15,60,2025-11-10T12:14:00,1762757040000,40,715.8889770598101
2025-11-10T11:34:00,1762754640000,SENSEX,hybrid,0.8928571428571429,,15,60,2025-11-10T12:15:00,1762757100000,41,719.0692773218076
2025-11-10T11:34:00,1762754640000,SENSEX,hybrid,0.8928571428571429,,15,60,2025-11-10T12:16:00,1762757160000,42,718.8362149467166
2025-11-10T11:34:00,1762754640000,SENSEX,hybrid,0.8928571428571429,,15,60,2025-11-10T12:17:00,1762757220000,43,715.6578941942602
2025-11-10T11:34:00,1762754640000,SENSEX,hybrid,0.8928571428571429,,15,60,2025-11-10T12:18:00,1762757280000,44,718.7843364618456
2025-11-10T11:34:00,1762754640000,SENSEX,hybrid,0.8928571428571429,,15,60,2025-11-10T12:19:00,1762757340000,45,719.3685263868429
2025-11-10T11:34:00,1762754640000,SENSEX,hybrid,0.8928571428571429,,15,60,2025-11-10T12:20:00,1762757400000,46,715.863770647565
2025-11-10T11:34:00,1762754640000,SENSEX,hybrid,0.8928571428571429,,15,60,2025-11-10T12:21:00,1762757460000,47,718.8056638044208
2025-11-10T11:34:00,1762754640000,SENSEX,hybrid,0.8928571428571429,,15,60,2025-11-10T12:22:00,1762757520000,48,718.7423050832316
2025-11-10T11:34:00,1762754640000,SENSEX,hybrid,0.8928571428571429,,15,60,2025-11-10T12:23:00,1762757580000,49,716.0550616484469
2025-11-10T11:34:00,1762754640000,SENSEX,hybrid,0.8928571428571429,,15,60,2025-11-10T12:24:00,1762757640000,50,719.1748005172968
2025-11-10T11:34:00,1762754640000,SENSEX,hybrid,0.8928571428571429,,15,60,2025-11-10T12:25:00,1762757700000,51,720.3849512858934
2025-11-10T11:34:00,1762754640000,SENSEX,hybrid,0.8928571428571429,,15,60,2025-11-10T12:26:00,1762757760000,52,716.3719803144866
2025-11-10T11:34:00,1762754640000,SENSEX,hybrid,0.8928571428571429,,15,60,2025-11-10T12:27:00,1762757820000,53,719.4127528763194
2025-11-10T11:34:00,1762754640000,SENSEX,hybrid,0.8928571428571429,,15,60,2025-11-10T12:28:00,1762757880000,54,720.3930449240119
2025-11-10T11:34:00,1762754640000,SENSEX,hybrid,0.8928571428571429,,15,60,2025-11-10T12:29:00,1762757940000,55,716.5657357939624
2025-11-10T11:34:00,1762754640000,SENSEX,hybrid,0.8928571428571429,,15,60,2025-11-10T12:30:00,1762758000000,56,719.0420566286689
2025-11-10T11:34:00,1762754640000,SENSEX,hybrid,0.8928571428571429,,15,60,2025-11-10T12:31:00,1762758060000,57,720.3435744404645
2025-11-10T11:34:00,1762754640000,SENSEX,hybrid,0.8928571428571429,,15,60,2025-11-10T12:32:00,1762758120000,58,716.8132172976074
2025-11-10T11:34:00,1762754640000,SENSEX,hybrid,0.8928571428571429,,15,60,2025-11-10T12:33:00,1762758180000,59,718.899175764007
2025-11-10T11:34:00,1762754640000,SENSEX,hybrid,0.8928571428571429,,15,60,2025-11-10T12:34:00,1762758240000,60,720.1596716858447
2025-11-10T11:34:00,1762754640000,SENSEX,hybrid,0.8928571428571429,,15,60,2025-11-10T11:35:00,1762754700000,1,718.5999999999999
2025-11-10T11:34:00,1762754640000,SENSEX,hybrid,0.8928571428571429,,15,60,2025-11-10T11:36:00,1762754760000,2,721.1304431957241
2025-11-10T11:34:00,1762754640000,SENSEX,hybrid,0.8928571428571429,,15,60,2025-11-10T11:37:00,1762754820000,3,721.493494160067
2025-11-10T11:34:00,1762754640000,SENSEX,hybrid,0.8928571428571429,,15,60,2025-11-10T11:38:00,1762754880000,4,717.3073164124294
2025-11-10T11:34:00,1762754640000,SENSEX,hybrid,0.8928571428571429,,15,60,2025-11-10T11:39:00,1762754940000,5,720.0468899200373
2025-11-10T11:34:00,1762754640000,SENSEX,hybrid,0.8928571428571429,,15,60,2025-11-10T11:40:00,1762755000000,6,721.3147787532635
2025-11-10T11:34:00,1762754640000,SENSEX,hybrid,0.8928571428571429,,15,60,2025-11-10T11:41:00,1762755060000,7,718.3565228197677
2025-11-10T11:34:00,1762754640000,SENSEX,hybrid,0.8928571428571429,,15,60,2025-11-10T11:42:00,1762755120000,8,721.811607572555
2025-11-10T11:34:00,1762754640000,SENSEX,hybrid,0.8928571428571429,,15,60,2025-11-10T11:43:00,1762755180000,9,722.0895093992092
2025-11-10T11:34:00,1762754640000,SENSEX,hybrid,0.8928571428571429,,15,60,2025-11-10T11:44:00,1762755240000,10,718.8061280987877
2025-11-10T11:34:00,1762754640000,SENSEX,hybrid,0.8928571428571429,,15,60,2025-11-10T11:45:00,1762755300000,11,722.1883476563803
2025-11-10T11:34:00,1762754640000,SENSEX,hybrid,0.8928571428571429,,15,60,2025-11-10T11:46:00,1762755360000,12,722.2753105611919
2025-11-10T11:34:00,1762754640000,SENSEX,hybrid,0.8928571428571429,,15,60,2025-11-10T11:47:00,1762755420000,13,718.011660246484
2025-11-10T11:34:00,1762754640000,SENSEX,hybrid,0.8928571428571429,,15,60,2025-11-10T11:48:00,1762755480000,14,721.0821842882558
2025-11-10T11:34:00,1762754640000,SENSEX,hybrid,0.8928571428571429,,15,60,2025-11-10T11:49:00,1762755540000,15,721.8282905688887
2025-11-10T11:34:00,1762754640000,SENSEX,hybrid,0.8928571428571429,,15,60,2025-11-10T11:50:00,1762755600000,16,718.4396549229249
2025-11-10T11:34:00,1762754640000,SENSEX,hybrid,0.8928571428571429,,15,60,2025-11-10T11:51:00,1762755660000,17,721.2179938673628
2025-11-10T11:34:00,1762754640000,SENSEX,hybrid,0.8928571428571429,,15,60,2025-11-10T11:52:00,1762755720000,18,721.2735913152036
2025-11-10T11:34:00,1762754640000,SENSEX,hybrid,0.8928571428571429,,15,60,2025-11-10T11:53:00,1762755780000,19,717.7399071917624
2025-11-10T11:34:00,1762754640000,SENSEX,hybrid,0.8928571428571429,,15,60,2025-11-10T11:54:00,1762755840000,20,720.7166017556586
2025-11-10T11:34:00,1762754640000,SENSEX,hybrid,0.8928571428571429,,15,60,2025-11-10T11:55:00,1762755900000,21,721.2206745102932
2025-11-10T11:34:00,1762754640000,SENSEX,hybrid,0.8928571428571429,,15,60,2025-11-10T11:56:00,1762755960000,22,717.7769721569895
2025-11-10T11:34:00,1762754640000,SENSEX,hybrid,0.8928571428571429,,15,60,2025-11-10T11:57:00,1762756020000,23,721.0053778578746
2025-11-10T11:34:00,1762754640000,SENSEX,hybrid,0.8928571428571429,,15,60,2025-11-10T11:58:00,1762756080000,24,720.8995401050498
2025-11-10T11:34:00,1762754640000,SENSEX,hybrid,0.8928571428571429,,15,60,2025-11-10T11:59:00,1762756140000,25,716.5643769735174
2025-11-10T11:34:00,1762754640000,SENSEX,hybrid,0.8928571428571429,,15,60,2025-11-10T12:00:00,1762756200000,26,720.4571008118055
2025-11-10T11:34:00,1762754640000,SENSEX,hybrid,0.8928571428571429,,15,60,2025-11-10T12:01:00,1762756260000,27,722.1184164731252
2025-11-10T11:34:00,1762754640000,SENSEX,hybrid,0.8928571428571429,,15,60,2025-11-10T12:02:00,1762756320000,28,719.6262471001132
2025-11-10T11:34:00,1762754640000,SENSEX,hybrid,0.8928571428571429,,15,60,2025-11-10T12:03:00,1762756380000,29,719.7773011751912
2025-11-10T11:34:00,1762754640000,SENSEX,hybrid,0.8928571428571429,,15,60,2025-11-10T12:04:00,1762756440000,30,720.6399958505234
2025-11-10T11:34:00,1762754640000,SENSEX,hybrid,0.8928571428571429,,15,60,2025-11-10T12:05:00,1762756500000,31,716.9109916044031
2025-11-10T11:34:00,1762754640000,SENSEX,hybrid,0.8928571428571429,,15,60,2025-11-10T12:06:00,1762756560000,32,719.5193484872214
2025-11-10T11:34:00,1762754640000,SENSEX,hybrid,0.8928571428571429,,15,60,2025-11-10T12:07:00,1762756620000,33,718.8485978228539
2025-11-10T11:34:00,1762754640000,SENSEX,hybrid,0.8928571428571429,,15,60,2025-11-10T12:08:00,1762756680000,34,716.7713059764103
2025-11-10T11:34:00,1762754640000,SENSEX,hybrid,0.8928571428571429,,15,60,2025-11-10T12:09:00,1762756740000,35,719.43324638069
2025-11-10T11:34:00,1762754640000,SENSEX,hybrid,0.8928571428571429,,15,60,2025-11-10T12:10:00,1762756800000,36,718.8632479412655
2025-11-10T11:34:00,1762754640000,SENSEX,hybrid,0.8928571428571429,,15,60,2025-11-10T12:11:00,1762756860000,37,715.4964663670977
2025-11-10T11:34:00,1762754640000,SENSEX,hybrid,0.8928571428571429,,15,60,2025-11-10T12:12:00,1762756920000,38,719.1639439007552
2025-11-10T11:34:00,1762754640000,SENSEX,hybrid,0.8928571428571429,,15,60,2025-11-10T12:13:00,1762756980000,39,719.339616496537
2025-11-10T11:34:00,1762754640000,SENSEX,hybrid,0.8928571428571429,,15,60,2025-11-10T12:14:00,1762757040000,40,715.8889770598101
2025-11-10T11:34:00,1762754640000,SENSEX,hybrid,0.8928571428571429,,15,60,2025-11-10T12:15:00,1762757100000,41,719.0692773218076
2025-11-10T11:34:00,1762754640000,SENSEX,hybrid,0.8928571428571429,,15,60,2025-11-10T12:16:00,1762757160000,42,718.8362149467166
2025-11-10T11:34:00,1762754640000,SENSEX,hybrid,0.8928571428571429,,15,60,2025-11-10T12:17:00,1762757220000,43,715.6578941942602
2025-11-10T11:34:00,1762754640000,SENSEX,hybrid,0.8928571428571429,,15,60,2025-11-10T12:18:00,1762757280000,44,718.7843364618456
2025-11-10T11:34:00,1762754640000,SENSEX,hybrid,0.8928571428571429,,15,60,2025-11-10T12:19:00,1762757340000,45,719.3685263868429
2025-11-10T11:34:00,1762754640000,SENSEX,hybrid,0.8928571428571429,,15,60,2025-11-10T12:20:00,1762757400000,46,715.863770647565
2025-11-10T11:34:00,1762754640000,SENSEX,hybrid,0.8928571428571429,,15,60,2025-11-10T12:21:00,1762757460000,47,718.8056638044208
2025-11-10T11:34:00,1762754640000,SENSEX,hybrid,0.8928571428571429,,15,60,2025-11-10T12:22:00,1762757520000,48,718.7423050832316
2025-11-10T11:34:00,1762754640000,SENSEX,hybrid,0.8928571428571429,,15,60,2025-11-10T12:23:00,1762757580000,49,716.0550616484469
2025-11-10T11:34:00,1762754640000,SENSEX,hybrid,0.8928571428571429,,15,60,2025-11-10T12:24:00,1762757640000,50,719.1748005172968
2025-11-10T11:34:00,1762754640000,SENSEX,hybrid,0.8928571428571429,,15,60,2025-11-10T12:25:00,1762757700000,51,720.3849512858934
2025-11-10T11:34:00,1762754640000,SENSEX,hybrid,0.8928571428571429,,15,60,2025-11-10T12:26:00,1762757760000,52,716.3719803144866
2025-11-10T11:34:00,1762754640000,SENSEX,hybrid,0.8928571428571429,,15,60,2025-11-10T12:27:00,1762757820000,53,719.4127528763194
2025-11-10T11:34:00,1762754640000,SENSEX,hybrid,0.8928571428571429,,15,60,2025-11-10T12:28:00,1762757880000,54,720.3930449240119
2025-11-10T11:34:00,1762754640000,SENSEX,hybrid,0.8928571428571429,,15,60,2025-11-10T12:29:00,1762757940000,55,716.5657357939624
2025-11-10T11:34:00,1762754640000,SENSEX,hybrid,0.8928571428571429,,15,60,2025-11-10T12:30:00,1762758000000,56,719.0420566286689
2025-11-10T11:34:00,1762754640000,SENSEX,hybrid,0.8928571428571429,,15,60,2025-11-10T12:31:00,1762758060000,57,720.3435744404645
2025-11-10T11:34:00,1762754640000,SENSEX,hybrid,0.8928571428571429,,15,60,2025-11-10T12:32:00,1762758120000,58,716.8132172976074
2025-11-10T11:34:00,1762754640000,SENSEX,hybrid,0.8928571428571429,,15,60,2025-11-10T12:33:00,1762758180000,59,718.899175764007
2025-11-10T11:34:00,1762754640000,SENSEX,hybrid,0.8928571428571429,,15,60,2025-11-10T12:34:00,1762758240000,60,720.1596716858447
2025-11-10T11:34:30,1762754670000,SENSEX,hybrid,0.8928571428571429,21,15,60,2025-11-10T11:35:30,1762754730000,1,717.45
2025-11-10T11:34:30,1762754670000,SENSEX,hybrid,0.8928571428571429,21,15,60,2025-11-10T11:36:30,1762754790000,2,716.7798884837279
2025-11-10T11:34:30,1762754670000,SENSEX,hybrid,0.8928571428571429,21,15,60,2025-11-10T11:37:30,1762754850000,3,714.8969299359143
2025-11-10T11:34:30,1762754670000,SENSEX,hybrid,0.8928571428571429,21,15,60,2025-11-10T11:38:30,1762754910000,4,717.1283721719182
2025-11-10T11:34:30,1762754670000,SENSEX,hybrid,0.8928571428571429,21,15,60,2025-11-10T11:39:30,1762754970000,5,715.6662119165527
2025-11-10T11:34:30,1762754670000,SENSEX,hybrid,0.8928571428571429,21,15,60,2025-11-10T11:40:30,1762755030000,6,713.3559101612051
2025-11-10T11:34:30,1762754670000,SENSEX,hybrid,0.8928571428571429,21,15,60,2025-11-10T11:41:30,1762755090000,7,717.2471723433999
2025-11-10T11:34:30,1762754670000,SENSEX,hybrid,0.8928571428571429,21,15,60,2025-11-10T11:42:30,1762755150000,8,717.3615112950964
2025-11-10T11:34:30,1762754670000,SENSEX,hybrid,0.8928571428571429,21,15,60,2025-11-10T11:43:30,1762755210000,9,714.6034300927271
2025-11-10T11:34:30,1762754670000,SENSEX,hybrid,0.8928571428571429,21,15,60,2025-11-10T11:44:30,1762755270000,10,717.8217010689823
2025-11-10T11:34:30,1762754670000,SENSEX,hybrid,0.8928571428571429,21,15,60,2025-11-10T11:45:30,1762755330000,11,717.5744993648924
2025-11-10T11:34:30,1762754670000,SENSEX,hybrid,0.8928571428571429,21,15,60,2025-11-10T11:46:30,1762755390000,12,714.9504160921829
2025-11-10T11:34:30,1762754670000,SENSEX,hybrid,0.8928571428571429,21,15,60,2025-11-10T11:47:30,1762755450000,13,717.0885113288965
2025-11-10T11:34:30,1762754670000,SENSEX,hybrid,0.8928571428571429,21,15,60,2025-11-10T11:48:30,1762755510000,14,716.7373581779212
2025-11-10T11:34:30,1762754670000,SENSEX,hybrid,0.8928571428571429,21,15,60,2025-11-10T11:49:30,1762755570000,15,713.9454569027075
2025-11-10T11:34:30,1762754670000,SENSEX,hybrid,0.8928571428571429,21,15,60,2025-11-10T11:50:30,1762755630000,16,717.6912842576901
2025-11-10T11:34:30,1762754670000,SENSEX,hybrid,0.8928571428571429,21,15,60,2025-11-10T11:51:30,1762755690000,17,716.8486613201113
2025-11-10T11:34:30,1762754670000,SENSEX,hybrid,0.8928571428571429,21,15,60,2025-11-10T11:52:30,1762755750000,18,713.6114807741111
2025-11-10T11:34:30,1762754670000,SENSEX,hybrid,0.8928571428571429,21,15,60,2025-11-10T11:53:30,1762755810000,19,716.7416377108738
2025-11-10T11:34:30,1762754670000,SENSEX,hybrid,0.8928571428571429,21,15,60,2025-11-10T11:54:30,1762755870000,20,716.4673149085896
2025-11-10T11:34:30,1762754670000,SENSEX,hybrid,0.8928571428571429,21,15,60,2025-11-10T11:55:30,1762755930000,21,713.3760800614928
2025-11-10T11:34:30,1762754670000,SENSEX,hybrid,0.8928571428571429,21,15,60,2025-11-10T11:56:30,1762755990000,22,716.8763744897308
2025-11-10T11:34:30,1762754670000,SENSEX,hybrid,0.8928571428571429,21,15,60,2025-11-10T11:57:30,1762756050000,23,716.6810176473032
2025-11-10T11:34:30,1762754670000,SENSEX,hybrid,0.8928571428571429,21,15,60,2025-11-10T11:58:30,1762756110000,24,712.6660930250179
2025-11-10T11:34:30,1762754670000,SENSEX,hybrid,0.8928571428571429,21,15,60,2025-11-10T11:59:30,1762756170000,25,716.1455560507559
2025-11-10T11:34:30,1762754670000,SENSEX,hybrid,0.8928571428571429,21,15,60,2025-11-10T12:00:30,1762756230000,26,716.6267130885888
2025-11-10T11:34:30,1762754670000,SENSEX,hybrid,0.8928571428571429,21,15,60,2025-11-10T12:01:30,1762756290000,27,714.4386978072511
2025-11-10T11:34:30,1762754670000,SENSEX,hybrid,0.8928571428571429,21,15,60,2025-11-10T12:02:30,1762756350000,28,718.8098746189144
2025-11-10T11:34:30,1762754670000,SENSEX,hybrid,0.8928571428571429,21,15,60,2025-11-10T12:03:30,1762756410000,29,715.2727230787369
2025-11-10T11:34:30,1762754670000,SENSEX,hybrid,0.8928571428571429,21,15,60,2025-11-10T12:04:30,1762756470000,30,713.6178182567828
2025-11-10T11:34:30,1762754670000,SENSEX,hybrid,0.8928571428571429,21,15,60,2025-11-10T12:05:30,1762756530000,31,716.4021004236961
2025-11-10T11:34:30,1762754670000,SENSEX,hybrid,0.8928571428571429,21,15,60,2025-11-10T12:06:30,1762756590000,32,715.4184560299589
2025-11-10T11:34:30,1762754670000,SENSEX,hybrid,0.8928571428571429,21,15,60,2025-11-10T12:07:30,1762756650000,33,713.6699405979099
2025-11-10T11:34:30,1762754670000,SENSEX,hybrid,0.8928571428571429,21,15,60,2025-11-10T12:08:30,1762756710000,34,714.8641448040004
2025-11-10T11:34:30,1762754670000,SENSEX,hybrid,0.8928571428571429,21,15,60,2025-11-10T12:09:30,1762756770000,35,714.792891916555
2025-11-10T11:34:30,1762754670000,SENSEX,hybrid,0.8928571428571429,21,15,60,2025-11-10T12:10:30,1762756830000,36,710.1804060452564
2025-11-10T11:34:30,1762754670000,SENSEX,hybrid,0.8928571428571429,21,15,60,2025-11-10T12:11:30,1762756890000,37,715.2586853819241
2025-11-10T11:34:30,1762754670000,SENSEX,hybrid,0.8928571428571429,21,15,60,2025-11-10T12:12:30,1762756950000,38,714.7619146337438
2025-11-10T11:34:30,1762754670000,SENSEX,hybrid,0.8928571428571429,21,15,60,2025-11-10T12:13:30,1762757010000,39,711.1494405793261
2025-11-10T11:34:30,1762754670000,SENSEX,hybrid,0.8928571428571429,21,15,60,2025-11-10T12:14:30,1762757070000,40,715.202488087119
2025-11-10T11:34:30,1762754670000,SENSEX,hybrid,0.8928571428571429,21,15,60,2025-11-10T12:15:30,1762757130000,41,714.7265012657967
2025-11-10T11:34:30,1762754670000,SENSEX,hybrid,0.8928571428571429,21,15,60,2025-11-10T12:16:30,1762757190000,42,710.3877662368931
2025-11-10T11:34:30,1762754670000,SENSEX,hybrid,0.8928571428571429,21,15,60,2025-11-10T12:17:30,1762757250000,43,715.0373448015453
2025-11-10T11:34:30,1762754670000,SENSEX,hybrid,0.8928571428571429,21,15,60,2025-11-10T12:18:30,1762757310000,44,714.2633543934223
2025-11-10T11:34:30,1762754670000,SENSEX,hybrid,0.8928571428571429,21,15,60,2025-11-10T12:19:30,1762757370000,45,711.3248799337156
2025-11-10T11:34:30,1762754670000,SENSEX,hybrid,0.8928571428571429,21,15,60,2025-11-10T12:20:30,1762757430000,46,715.3028466800762
2025-11-10T11:34:30,1762754670000,SENSEX,hybrid,0.8928571428571429,21,15,60,2025-11-10T12:21:30,1762757490000,47,714.4291825633278
2025-11-10T11:34:30,1762754670000,SENSEX,hybrid,0.8928571428571429,21,15,60,2025-11-10T12:22:30,1762757550000,48,710.7529033447693
2025-11-10T11:34:30,1762754670000,SENSEX,hybrid,0.8928571428571429,21,15,60,2025-11-10T12:23:30,1762757610000,49,715.6427029712625
2025-11-10T11:34:30,1762754670000,SENSEX,hybrid,0.8928571428571429,21,15,60,2025-11-10T12:24:30,1762757670000,50,714.7386805557119
2025-11-10T11:34:30,1762754670000,SENSEX,hybrid,0.8928571428571429,21,15,60,2025-11-10T12:25:30,1762757730000,51,712.1310986522703
2025-11-10T11:34:30,1762754670000,SENSEX,hybrid,0.8928571428571429,21,15,60,2025-11-10T12:26:30,1762757790000,52,716.3846700808418
2025-11-10T11:34:30,1762754670000,SENSEX,hybrid,0.8928571428571429,21,15,60,2025-11-10T12:27:30,1762757850000,53,714.6229803262702
2025-11-10T11:34:30,1762754670000,SENSEX,hybrid,0.8928571428571429,21,15,60,2025-11-10T12:28:30,1762757910000,54,712.1139560004996
2025-11-10T11:34:30,1762754670000,SENSEX,hybrid,0.8928571428571429,21,15,60,2025-11-10T12:29:30,1762757970000,55,716.1157422282153
2025-11-10T11:34:30,1762754670000,SENSEX,hybrid,0.8928571428571429,21,15,60,2025-11-10T12:30:30,1762758030000,56,714.386882219165
2025-11-10T11:34:30,1762754670000,SENSEX,hybrid,0.8928571428571429,21,15,60,2025-11-10T12:31:30,1762758090000,57,712.4557429470173
2025-11-10T11:34:30,1762754670000,SENSEX,hybrid,0.8928571428571429,21,15,60,2025-11-10T12:32:30,1762758150000,58,716.0878858041601
2025-11-10T11:34:30,1762754670000,SENSEX,hybrid,0.8928571428571429,21,15,60,2025-11-10T12:33:30,1762758210000,59,714.4639688512179
2025-11-10T11:34:30,1762754670000,SENSEX,hybrid,0.8928571428571429,21,15,60,2025-11-10T12:34:30,1762758270000,60,712.3451799978928
2025-11-10T11:34:30,1762754670000,SENSEX,hybrid,0.8928571428571429,,15,60,2025-11-10T11:35:30,1762754730000,1,717.45
2025-11-10T11:34:30,1762754670000,SENSEX,hybrid,0.8928571428571429,,15,60,2025-11-10T11:36:30,1762754790000,2,716.7798884837279
2025-11-10T11:34:30,1762754670000,SENSEX,hybrid,0.8928571428571429,,15,60,2025-11-10T11:37:30,1762754850000,3,714.8969299359143
2025-11-10T11:34:30,1762754670000,SENSEX,hybrid,0.8928571428571429,,15,60,2025-11-10T11:38:30,1762754910000,4,717.1283721719182
2025-11-10T11:34:30,1762754670000,SENSEX,hybrid,0.8928571428571429,,15,60,2025-11-10T11:39:30,1762754970000,5,715.6662119165527
2025-11-10T11:34:30,1762754670000,SENSEX,hybrid,0.8928571428571429,,15,60,2025-11-10T11:40:30,1762755030000,6,713.3559101612051
2025-11-10T11:34:30,1762754670000,SENSEX,hybrid,0.8928571428571429,,15,60,2025-11-10T11:41:30,1762755090000,7,717.2471723433999
2025-11-10T11:34:30,1762754670000,SENSEX,hybrid,0.8928571428571429,,15,60,2025-11-10T11:42:30,1762755150000,8,717.3615112950964
2025-11-10T11:34:30,1762754670000,SENSEX,hybrid,0.8928571428571429,,15,60,2025-11-10T11:43:30,1762755210000,9,714.6034300927271
2025-11-10T11:34:30,1762754670000,SENSEX,hybrid,0.8928571428571429,,15,60,2025-11-10T11:44:30,1762755270000,10,717.8217010689823
2025-11-10T11:34:30,1762754670000,SENSEX,hybrid,0.8928571428571429,,15,60,2025-11-10T11:45:30,1762755330000,11,717.5744993648924
2025-11-10T11:34:30,1762754670000,SENSEX,hybrid,0.8928571428571429,,15,60,2025-11-10T11:46:30,1762755390000,12,714.9504160921829
2025-11-10T11:34:30,1762754670000,SENSEX,hybrid,0.8928571428571429,,15,60,2025-11-10T11:47:30,1762755450000,13,717.0885113288965
2025-11-10T11:34:30,1762754670000,SENSEX,hybrid,0.8928571428571429,,15,60,2025-11-10T11:48:30,1762755510000,14,716.7373581779212
2025-11-10T11:34:30,1762754670000,SENSEX,hybrid,0.8928571428571429,,15,60,2025-11-10T11:49:30,1762755570000,15,713.9454569027075
2025-11-10T11:34:30,1762754670000,SENSEX,hybrid,0.8928571428571429,,15,60,2025-11-10T11:50:30,1762755630000,16,717.6912842576901
2025-11-10T11:34:30,1762754670000,SENSEX,hybrid,0.8928571428571429,,15,60,2025-11-10T11:51:30,1762755690000,17,716.8486613201113
2025-11-10T11:34:30,1762754670000,SENSEX,hybrid,0.8928571428571429,,15,60,2025-11-10T11:52:30,1762755750000,18,713.6114807741111
2025-11-10T11:34:30,1762754670000,SENSEX,hybrid,0.8928571428571429,,15,60,2025-11-10T11:53:30,1762755810000,19,716.7416377108738
2025-11-10T11:34:30,1762754670000,SENSEX,hybrid,0.8928571428571429,,15,60,2025-11-10T11:54:30,1762755870000,20,716.4673149085896
2025-11-10T11:34:30,1762754670000,SENSEX,hybrid,0.8928571428571429,,15,60,2025-11-10T11:55:30,1762755930000,21,713.3760800614928
2025-11-10T11:34:30,1762754670000,SENSEX,hybrid,0.8928571428571429,,15,60,2025-11-10T11:56:30,1762755990000,22,716.8763744897308
2025-11-10T11:34:30,1762754670000,SENSEX,hybrid,0.8928571428571429,,15,60,2025-11-10T11:57:30,1762756050000,23,716.6810176473032
2025-11-10T11:34:30,1762754670000,SENSEX,hybrid,0.8928571428571429,,15,60,2025-11-10T11:58:30,1762756110000,24,712.6660930250179
2025-11-10T11:34:30,1762754670000,SENSEX,hybrid,0.8928571428571429,,15,60,2025-11-10T11:59:30,1762756170000,25,716.1455560507559
2025-11-10T11:34:30,1762754670000,SENSEX,hybrid,0.8928571428571429,,15,60,2025-11-10T12:00:30,1762756230000,26,716.6267130885888
2025-11-10T11:34:30,1762754670000,SENSEX,hybrid,0.8928571428571429,,15,60,2025-11-10T12:01:30,1762756290000,27,714.4386978072511
2025-11-10T11:34:30,1762754670000,SENSEX,hybrid,0.8928571428571429,,15,60,2025-11-10T12:02:30,1762756350000,28,718.8098746189144
2025-11-10T11:34:30,1762754670000,SENSEX,hybrid,0.8928571428571429,,15,60,2025-11-10T12:03:30,1762756410000,29,715.2727230787369
2025-11-10T11:34:30,1762754670000,SENSEX,hybrid,0.8928571428571429,,15,60,2025-11-10T12:04:30,1762756470000,30,713.6178182567828
2025-11-10T11:34:30,1762754670000,SENSEX,hybrid,0.8928571428571429,,15,60,2025-11-10T12:05:30,1762756530000,31,716.4021004236961
2025-11-10T11:34:30,1762754670000,SENSEX,hybrid,0.8928571428571429,,15,60,2025-11-10T12:06:30,1762756590000,32,715.4184560299589
2025-11-10T11:34:30,1762754670000,SENSEX,hybrid,0.8928571428571429,,15,60,2025-11-10T12:07:30,1762756650000,33,713.6699405979099
2025-11-10T11:34:30,1762754670000,SENSEX,hybrid,0.8928571428571429,,15,60,2025-11-10T12:08:30,1762756710000,34,714.8641448040004
2025-11-10T11:34:30,1762754670000,SENSEX,hybrid,0.8928571428571429,,15,60,2025-11-10T12:09:30,1762756770000,35,714.792891916555
2025-11-10T11:34:30,1762754670000,SENSEX,hybrid,0.8928571428571429,,15,60,2025-11-10T12:10:30,1762756830000,36,710.1804060452564
2025-11-10T11:34:30,1762754670000,SENSEX,hybrid,0.8928571428571429,,15,60,2025-11-10T12:11:30,1762756890000,37,715.2586853819241
2025-11-10T11:34:30,1762754670000,SENSEX,hybrid,0.8928571428571429,,15,60,2025-11-10T12:12:30,1762756950000,38,714.7619146337438
2025-11-10T11:34:30,1762754670000,SENSEX,hybrid,0.8928571428571429,,15,60,2025-11-10T12:13:30,1762757010000,39,711.1494405793261
2025-11-10T11:34:30,1762754670000,SENSEX,hybrid,0.8928571428571429,,15,60,2025-11-10T12:14:30,1762757070000,40,715.202488087119
2025-11-10T11:34:30,1762754670000,SENSEX,hybrid,0.8928571428571429,,15,60,2025-11-10T12:15:30,1762757130000,41,714.7265012657967
2025-11-10T11:34:30,1762754670000,SENSEX,hybrid,0.8928571428571429,,15,60,2025-11-10T12:16:30,1762757190000,42,710.3877662368931
2025-11-10T11:34:30,1762754670000,SENSEX,hybrid,0.8928571428571429,,15,60,2025-11-10T12:17:30,1762757250000,43,715.0373448015453
2025-11-10T11:34:30,1762754670000,SENSEX,hybrid,0.8928571428571429,,15,60,2025-11-10T12:18:30,1762757310000,44,714.2633543934223
2025-11-10T11:34:30,1762754670000,SENSEX,hybrid,0.8928571428571429,,15,60,2025-11-10T12:19:30,1762757370000,45,711.3248799337156
2025-11-10T11:34:30,1762754670000,SENSEX,hybrid,0.8928571428571429,,15,60,2025-11-10T12:20:30,1762757430000,46,715.3028466800762
2025-11-10T11:34:30,1762754670000,SENSEX,hybrid,0.8928571428571429,,15,60,2025-11-10T12:21:30,1762757490000,47,714.4291825633278
2025-11-10T11:34:30,1762754670000,SENSEX,hybrid,0.8928571428571429,,15,60,2025-11-10T12:22:30,1762757550000,48,710.7529033447693
2025-11-10T11:34:30,1762754670000,SENSEX,hybrid,0.8928571428571429,,15,60,2025-11-10T12:23:30,1762757610000,49,715.6427029712625
2025-11-10T11:34:30,1762754670000,SENSEX,hybrid,0.8928571428571429,,15,60,2025-11-10T12:24:30,1762757670000,50,714.7386805557119
2025-11-10T11:34:30,1762754670000,SENSEX,hybrid,0.8928571428571429,,15,60,2025-11-10T12:25:30,1762757730000,51,712.1310986522703
2025-11-10T11:34:30,1762754670000,SENSEX,hybrid,0.8928571428571429,,15,60,2025-11-10T12:26:30,1762757790000,52,716.3846700808418
2025-11-10T11:34:30,1762754670000,SENSEX,hybrid,0.8928571428571429,,15,60,2025-11-10T12:27:30,1762757850000,53,714.6229803262702
2025-11-10T11:34:30,1762754670000,SENSEX,hybrid,0.8928571428571429,,15,60,2025-11-10T12:28:30,1762757910000,54,712.1139560004996
2025-11-10T11:34:30,1762754670000,SENSEX,hybrid,0.8928571428571429,,15,60,2025-11-10T12:29:30,1762757970000,55,716.1157422282153
2025-11-10T11:34:30,1762754670000,SENSEX,hybrid,0.8928571428571429,,15,60,2025-11-10T12:30:30,1762758030000,56,714.386882219165
2025-11-10T11:34:30,1762754670000,SENSEX,hybrid,0.8928571428571429,,15,60,2025-11-10T12:31:30,1762758090000,57,712.4557429470173
2025-11-10T11:34:30,1762754670000,SENSEX,hybrid,0.8928571428571429,,15,60,2025-11-10T12:32:30,1762758150000,58,716.0878858041601
2025-11-10T11:34:30,1762754670000,SENSEX,hybrid,0.8928571428571429,,15,60,2025-11-10T12:33:30,1762758210000,59,714.4639688512179
2025-11-10T11:34:30,1762754670000,SENSEX,hybrid,0.8928571428571429,,15,60,2025-11-10T12:34:30,1762758270000,60,712.3451799978928
2025-11-10T11:34:30,1762754670000,SENSEX,hybrid,0.8846153846153846,,20,180,2025-11-10T11:35:30,1762754730000,1,717.45
2025-11-10T11:34:30,1762754670000,SENSEX,hybrid,0.8846153846153846,,20,180,2025-11-10T11:36:30,1762754790000,2,717.1700169136266
2025-11-10T11:34:30,1762754670000,SENSEX,hybrid,0.8846153846153846,,20,180,2025-11-10T11:37:30,1762754850000,3,713.7518775889982
2025-11-10T11:34:30,1762754670000,SENSEX,hybrid,0.8846153846153846,,20,180,2025-11-10T11:38:30,1762754910000,4,717.2167283153293
2025-11-10T11:34:30,1762754670000,SENSEX,hybrid,0.8846153846153846,,20,180,2025-11-10T11:39:30,1762754970000,5,717.8677956427135
2025-11-10T11:34:30,1762754670000,SENSEX,hybrid,0.8846153846153846,,20,180,2025-11-10T11:40:30,1762755030000,6,713.8739410620711
2025-11-10T11:34:30,1762754670000,SENSEX,hybrid,0.8846153846153846,,20,180,2025-11-10T11:41:30,1762755090000,7,716.9361318382663
2025-11-10T11:34:30,1762754670000,SENSEX,hybrid,0.8846153846153846,,20,180,2025-11-10T11:42:30,1762755150000,8,717.6444123752701
2025-11-10T11:34:30,1762754670000,SENSEX,hybrid,0.8846153846153846,,20,180,2025-11-10T11:43:30,1762755210000,9,713.8105441582908
2025-11-10T11:34:30,1762754670000,SENSEX,hybrid,0.8846153846153846,,20,180,2025-11-10T11:44:30,1762755270000,10,716.2933382012112
2025-11-10T11:34:30,1762754670000,SENSEX,hybrid,0.8846153846153846,,20,180,2025-11-10T11:45:30,1762755330000,11,716.7295737844514
2025-11-10T11:34:30,1762754670000,SENSEX,hybrid,0.8846153846153846,,20,180,2025-11-10T11:46:30,1762755390000,12,712.662212425012
2025-11-10T11:34:30,1762754670000,SENSEX,hybrid,0.8846153846153846,,20,180,2025-11-10T11:47:30,1762755450000,13,716.7067888775688
2025-11-10T11:34:30,1762754670000,SENSEX,hybrid,0.8846153846153846,,20,180,2025-11-10T11:48:30,1762755510000,14,716.8508657015178
2025-11-10T11:34:30,1762754670000,SENSEX,hybrid,0.8846153846153846,,20,180,2025-11-10T11:49:30,1762755570000,15,709.9417068197088
2025-11-10T11:34:30,1762754670000,SENSEX,hybrid,0.8846153846153846,,20,180,2025-11-10T11:50:30,1762755630000,16,714.6156150036584
2025-11-10T11:34:30,1762754670000,SENSEX,hybrid,0.8846153846153846,,20,180,2025-11-10T11:51:30,1762755690000,17,714.3985307313942
2025-11-10T11:34:30,1762754670000,SENSEX,hybrid,0.8846153846153846,,20,180,2025-11-10T11:52:30,1762755750000,18,709.1680448049484
2025-11-10T11:34:30,1762754670000,SENSEX,hybrid,0.8846153846153846,,20,180,2025-11-10T11:53:30,1762755810000,19,715.6591846654117
2025-11-10T11:34:30,1762754670000,SENSEX,hybrid,0.8846153846153846,,20,180,2025-11-10T11:54:30,1762755870000,20,716.2617854155109
2025-11-10T11:34:30,1762754670000,SENSEX,hybrid,0.8846153846153846,,20,180,2025-11-10T11:55:30,1762755930000,21,713.7228465635972
2025-11-10T11:34:30,1762754670000,SENSEX,hybrid,0.8846153846153846,,20,180,2025-11-10T11:56:30,1762755990000,22,715.1561204252553
2025-11-10T11:34:30,1762754670000,SENSEX,hybrid,0.8846153846153846,,20,180,2025-11-10T11:57:30,1762756050000,23,717.6350078748128
2025-11-10T11:34:30,1762754670000,SENSEX,hybrid,0.8846153846153846,,20,180,2025-11-10T11:58:30,1762756110000,24,713.3914309330613
2025-11-10T11:34:30,1762754670000,SENSEX,hybrid,0.8846153846153846,,20,180,2025-11-10T11:59:30,1762756170000,25,718.6556060087765
2025-11-10T11:34:30,1762754670000,SENSEX,hybrid,0.8846153846153846,,20,180,2025-11-10T12:00:30,1762756230000,26,718.255208053537
2025-11-10T11:34:30,1762754670000,SENSEX,hybrid,0.8846153846153846,,20,180,2025-11-10T12:01:30,1762756290000,27,714.6446185525705
2025-11-10T11:34:30,1762754670000,SENSEX,hybrid,0.8846153846153846,,20,180,2025-11-10T12:02:30,1762756350000,28,717.7679396050041
2025-11-10T11:34:30,1762754670000,SENSEX,hybrid,0.8846153846153846,,20,180,2025-11-10T12:03:30,1762756410000,29,717.8887622678347
2025-11-10T11:34:30,1762754670000,SENSEX,hybrid,0.8846153846153846,,20,180,2025-11-10T12:04:30,1762756470000,30,714.5844409363415
2025-11-10T11:34:30,1762754670000,SENSEX,hybrid,0.8846153846153846,,20,180,2025-11-10T12:05:30,1762756530000,31,717.0859903269429
2025-11-10T11:34:30,1762754670000,SENSEX,hybrid,0.8846153846153846,,20,180,2025-11-10T12:06:30,1762756590000,32,716.3962833408981
2025-11-10T11:34:30,1762754670000,SENSEX,hybrid,0.8846153846153846,,20,180,2025-11-10T12:07:30,1762756650000,33,712.825604284742
2025-11-10T11:34:30,1762754670000,SENSEX,hybrid,0.8846153846153846,,20,180,2025-11-10T12:08:30,1762756710000,34,715.3681313851271
2025-11-10T11:34:30,1762754670000,SENSEX,hybrid,0.8846153846153846,,20,180,2025-11-10T12:09:30,1762756770000,35,715.9313602990055
2025-11-10T11:34:30,1762754670000,SENSEX,hybrid,0.8846153846153846,,20,180,2025-11-10T12:10:30,1762756830000,36,710.3532326528406
2025-11-10T11:34:30,1762754670000,SENSEX,hybrid,0.8846153846153846,,20,180,2025-11-10T12:11:30,1762756890000,37,715.4285483449748
2025-11-10T11:34:30,1762754670000,SENSEX,hybrid,0.8846153846153846,,20,180,2025-11-10T12:12:30,1762756950000,38,714.9029529459925
2025-11-10T11:34:30,1762754670000,SENSEX,hybrid,0.8846153846153846,,20,180,2025-11-10T12:13:30,1762757010000,39,710.6691942584102
2025-11-10T11:34:30,1762754670000,SENSEX,hybrid,0.8846153846153846,,20,180,2025-11-10T12:14:30,1762757070000,40,714.6117736288701
2025-11-10T11:34:30,1762754670000,SENSEX,hybrid,0.8846153846153846,,20,180,2025-11-10T12:15:30,1762757130000,41,713.1310134135105
2025-11-10T11:34:30,1762754670000,SENSEX,hybrid,0.8846153846153846,,20,180,2025-11-10T12:16:30,1762757190000,42,708.8385483604427
2025-11-10T11:34:30,1762754670000,SENSEX,hybrid,0.8846153846153846,,20,180,2025-11-10T12:17:30,1762757250000,43,713.1870514468283
2025-11-10T11:34:30,1762754670000,SENSEX,hybrid,0.8846153846153846,,20,180,2025-11-10T12:18:30,1762757310000,44,714.981160666346
2025-11-10T11:34:30,1762754670000,SENSEX,hybrid,0.8846153846153846,,20,180,2025-11-10T12:19:30,1762757370000,45,708.722240182814
2025-11-10T11:34:30,1762754670000,SENSEX,hybrid,0.8846153846153846,,20,180,2025-11-10T12:20:30,1762757430000,46,711.331211299392
2025-11-10T11:34:30,1762754670000,SENSEX,hybrid,0.8846153846153846,,20,180,2025-11-10T12:21:30,1762757490000,47,713.0461184663619
2025-11-10T11:34:30,1762754670000,SENSEX,hybrid,0.8846153846153846,,20,180,2025-11-10T12:22:30,1762757550000,48,710.4971285451393
2025-11-10T11:34:30,1762754670000,SENSEX,hybrid,0.8846153846153846,,20,180,2025-11-10T12:23:30,1762757610000,49,714.0974488551434
2025-11-10T11:34:30,1762754670000,SENSEX,hybrid,0.8846153846153846,,20,180,2025-11-10T12:24:30,1762757670000,50,711.8500342051042
2025-11-10T11:34:30,1762754670000,SENSEX,hybrid,0.8846153846153846,,20,180,2025-11-10T12:25:30,1762757730000,51,707.2801183045898
2025-11-10T11:34:30,1762754670000,SENSEX,hybrid,0.8846153846153846,,20,180,2025-11-10T12:26:30,1762757790000,52,711.6480621498456
2025-11-10T11:34:30,1762754670000,SENSEX,hybrid,0.8846153846153846,,20,180,2025-11-10T12:27:30,1762757850000,53,711.4717311310972
2025-11-10T11:34:30,1762754670000,SENSEX,hybrid,0.8846153846153846,,20,180,2025-11-10T12:28:30,1762757910000,54,708.1622414617301
2025-11-10T11:34:30,1762754670000,SENSEX,hybrid,0.8846153846153846,,20,180,2025-11-10T12:29:30,1762757970000,55,711.3359459617923
2025-11-10T11:34:30,1762754670000,SENSEX,hybrid,0.8846153846153846,,20,180,2025-11-10T12:30:30,1762758030000,56,709.5284647532386
2025-11-10T11:34:30,1762754670000,SENSEX,hybrid,0.8846153846153846,,20,180,2025-11-10T12:31:30,1762758090000,57,707.8896106557247
2025-11-10T11:34:30,1762754670000,SENSEX,hybrid,0.8846153846153846,,20,180,2025-11-10T12:32:30,1762758150000,58,710.9766946272775
2025-11-10T11:34:30,1762754670000,SENSEX,hybrid,0.8846153846153846,,20,180,2025-11-10T12:33:30,1762758210000,59,711.1029784599136
2025-11-10T11:34:30,1762754670000,SENSEX,hybrid,0.8846153846153846,,20,180,2025-11-10T12:34:30,1762758270000,60,706.7731965812321
2025-11-10T11:35:30,1762754730000,SENSEX,hybrid,0.8846153846153846,21,20,180,2025-11-10T11:36:30,1762754790000,1,720.0999999999999
2025-11-10T11:35:30,1762754730000,SENSEX,hybrid,0.8846153846153846,21,20,180,2025-11-10T11:37:30,1762754850000,2,723.6759021651924
2025-11-10T11:35:30,1762754730000,SENSEX,hybrid,0.8846153846153846,21,20,180,2025-11-10T11:38:30,1762754910000,3,723.3189117155327
2025-11-10T11:35:30,1762754730000,SENSEX,hybrid,0.8846153846153846,21,20,180,2025-11-10T11:39:30,1762754970000,4,719.5186215057303
2025-11-10T11:35:30,1762754730000,SENSEX,hybrid,0.8846153846153846,21,20,180,2025-11-10T11:40:30,1762755030000,5,724.1569103985265
2025-11-10T11:35:30,1762754730000,SENSEX,hybrid,0.8846153846153846,21,20,180,2025-11-10T11:41:30,1762755090000,6,723.4561884912368
2025-11-10T11:35:30,1762754730000,SENSEX,hybrid,0.8846153846153846,21,20,180,2025-11-10T11:42:30,1762755150000,7,719.4513828531955
2025-11-10T11:35:30,1762754730000,SENSEX,hybrid,0.8846153846153846,21,20,180,2025-11-10T11:43:30,1762755210000,8,723.9164033893135
2025-11-10T11:35:30,1762754730000,SENSEX,hybrid,0.8846153846153846,21,20,180,2025-11-10T11:44:30,1762755270000,9,723.6782399429064
2025-11-10T11:35:30,1762754730000,SENSEX,hybrid,0.8846153846153846,21,20,180,2025-11-10T11:45:30,1762755330000,10,719.1939536247867
2025-11-10T11:35:30,1762754730000,SENSEX,hybrid,0.8846153846153846,21,20,180,2025-11-10T11:46:30,1762755390000,11,723.2477444792601
2025-11-10T11:35:30,1762754730000,SENSEX,hybrid,0.8846153846153846,21,20,180,2025-11-10T11:47:30,1762755450000,12,722.3533758588546
2025-11-10T11:35:30,1762754730000,SENSEX,hybrid,0.8846153846153846,21,20,180,2025-11-10T11:48:30,1762755510000,13,718.3950354518805
2025-11-10T11:35:30,1762754730000,SENSEX,hybrid,0.8846153846153846,21,20,180,2025-11-10T11:49:30,1762755570000,14,722.5659542560979
2025-11-10T11:35:30,1762754730000,SENSEX,hybrid,0.8846153846153846,21,20,180,2025-11-10T11:50:30,1762755630000,15,720.0379580611697
2025-11-10T11:35:30,1762754730000,SENSEX,hybrid,0.8846153846153846,21,20,180,2025-11-10T11:51:30,1762755690000,16,717.086751533255
2025-11-10T11:35:30,1762754730000,SENSEX,hybrid,0.8846153846153846,21,20,180,2025-11-10T11:52:30,1762755750000,17,720.4826912319519
2025-11-10T11:35:30,1762754730000,SENSEX,hybrid,0.8846153846153846,21,20,180,2025-11-10T11:53:30,1762755810000,18,719.0397136119152
2025-11-10T11:35:30,1762754730000,SENSEX,hybrid,0.8846153846153846,21,20,180,2025-11-10T11:54:30,1762755870000,19,718.2852448749427
2025-11-10T11:35:30,1762754730000,SENSEX,hybrid,0.8846153846153846,21,20,180,2025-11-10T11:55:30,1762755930000,20,722.5662073916587
2025-11-10T11:35:30,1762754730000,SENSEX,hybrid,0.8846153846153846,21,20,180,2025-11-10T11:56:30,1762755990000,21,723.1255648256886
2025-11-10T11:35:30,1762754730000,SENSEX,hybrid,0.8846153846153846,21,20,180,2025-11-10T11:57:30,1762756050000,22,717.2703993466806
2025-11-10T11:35:30,1762754730000,SENSEX,hybrid,0.8846153846153846,21,20,180,2025-11-10T11:58:30,1762756110000,23,724.0173195608061
2025-11-10T11:35:30,1762754730000,SENSEX,hybrid,0.8846153846153846,21,20,180,2025-11-10T11:59:30,1762756170000,24,723.6143739997566
2025-11-10T11:35:30,1762754730000,SENSEX,hybrid,0.8846153846153846,21,20,180,2025-11-10T12:00:30,1762756230000,25,721.0564767986981
2025-11-10T11:35:30,1762754730000,SENSEX,hybrid,0.8846153846153846,21,20,180,2025-11-10T12:01:30,1762756290000,26,724.7373538680956
2025-11-10T11:35:30,1762754730000,SENSEX,hybrid,0.8846153846153846,21,20,180,2025-11-10T12:02:30,1762756350000,27,724.4252221174879
2025-11-10T11:35:30,1762754730000,SENSEX,hybrid,0.8846153846153846,21,20,180,2025-11-10T12:03:30,1762756410000,28,720.6698418016847
2025-11-10T11:35:30,1762754730000,SENSEX,hybrid,0.8846153846153846,21,20,180,2025-11-10T12:04:30,1762756470000,29,724.1270772529926
2025-11-10T11:35:30,1762754730000,SENSEX,hybrid,0.8846153846153846,21,20,180,2025-11-10T12:05:30,1762756530000,30,723.4069419198345
2025-11-10T11:35:30,1762754730000,SENSEX,hybrid,0.8846153846153846,21,20,180,2025-11-10T12:06:30,1762756590000,31,720.3467628117663
2025-11-10T11:35:30,1762754730000,SENSEX,hybrid,0.8846153846153846,21,20,180,2025-11-10T12:07:30,1762756650000,32,722.2337677932929
2025-11-10T11:35:30,1762754730000,SENSEX,hybrid,0.8846153846153846,21,20,180,2025-11-10T12:08:30,1762756710000,33,721.0694063404069
2025-11-10T11:35:30,1762754730000,SENSEX,hybrid,0.8846153846153846,21,20,180,2025-11-10T12:09:30,1762756770000,34,715.9416084513848
2025-11-10T11:35:30,1762754730000,SENSEX,hybrid,0.8846153846153846,21,20,180,2025-11-10T12:10:30,1762756830000,35,721.8454858983592
2025-11-10T11:35:30,1762754730000,SENSEX,hybrid,0.8846153846153846,21,20,180,2025-11-10T12:11:30,1762756890000,36,720.8427651356235
2025-11-10T11:35:30,1762754730000,SENSEX,hybrid,0.8846153846153846,21,20,180,2025-11-10T12:12:30,1762756950000,37,717.264471236897
2025-11-10T11:35:30,1762754730000,SENSEX,hybrid,0.8846153846153846,21,20,180,2025-11-10T12:13:30,1762757010000,38,720.6259681353346
2025-11-10T11:35:30,1762754730000,SENSEX,hybrid,0.8846153846153846,21,20,180,2025-11-10T12:14:30,1762757070000,39,720.538714641475
2025-11-10T11:35:30,1762754730000,SENSEX,hybrid,0.8846153846153846,21,20,180,2025-11-10T12:15:30,1762757130000,40,716.1840953363313
2025-11-10T11:35:30,1762754730000,SENSEX,hybrid,0.8846153846153846,21,20,180,2025-11-10T12:16:30,1762757190000,41,718.4675311933216
2025-11-10T11:35:30,1762754730000,SENSEX,hybrid,0.8846153846153846,21,20,180,2025-11-10T12:17:30,1762757250000,42,718.3497427173987
2025-11-10T11:35:30,1762754730000,SENSEX,hybrid,0.8846153846153846,21,20,180,2025-11-10T12:18:30,1762757310000,43,714.9956723249298
2025-11-10T11:35:30,1762754730000,SENSEX,hybrid,0.8846153846153846,21,20,180,2025-11-10T12:19:30,1762757370000,44,721.3322620505943
2025-11-10T11:35:30,1762754730000,SENSEX,hybrid,0.8846153846153846,21,20,180,2025-11-10T12:20:30,1762757430000,45,718.5641797603174
2025-11-10T11:35:30,1762754730000,SENSEX,hybrid,0.8846153846153846,21,20,180,2025-11-10T12:21:30,1762757490000,46,713.323484857721
2025-11-10T11:35:30,1762754730000,SENSEX,hybrid,0.8846153846153846,21,20,180,2025-11-10T12:22:30,1762757550000,47,719.141471853246
2025-11-10T11:35:30,1762754730000,SENSEX,hybrid,0.8846153846153846,21,20,180,2025-11-10T12:23:30,1762757610000,48,720.6244058438377
2025-11-10T11:35:30,1762754730000,SENSEX,hybrid,0.8846153846153846,21,20,180,2025-11-10T12:24:30,1762757670000,49,714.9815558262139
2025-11-10T11:35:30,1762754730000,SENSEX,hybrid,0.8846153846153846,21,20,180,2025-11-10T12:25:30,1762757730000,50,718.0736827997498
2025-11-10T11:35:30,1762754730000,SENSEX,hybrid,0.8846153846153846,21,20,180,2025-11-10T12:26:30,1762757790000,51,717.6585628380788
2025-11-10T11:35:30,1762754730000,SENSEX,hybrid,0.8846153846153846,21,20,180,2025-11-10T12:27:30,1762757850000,52,713.2925716908569
2025-11-10T11:35:30,1762754730000,SENSEX,hybrid,0.8846153846153846,21,20,180,2025-11-10T12:28:30,1762757910000,53,717.5798736867011
2025-11-10T11:35:30,1762754730000,SENSEX,hybrid,0.8846153846153846,21,20,180,2025-11-10T12:29:30,1762757970000,54,718.2923530724311
2025-11-10T11:35:30,1762754730000,SENSEX,hybrid,0.8846153846153846,21,20,180,2025-11-10T12:30:30,1762758030000,55,713.517667709068
2025-11-10T11:35:30,1762754730000,SENSEX,hybrid,0.8846153846153846,21,20,180,2025-11-10T12:31:30,1762758090000,56,716.043039062455
2025-11-10T11:35:30,1762754730000,SENSEX,hybrid,0.8846153846153846,21,20,180,2025-11-10T12:32:30,1762758150000,57,718.0145642089578
2025-11-10T11:35:30,1762754730000,SENSEX,hybrid,0.8846153846153846,21,20,180,2025-11-10T12:33:30,1762758210000,58,712.9200166797852
2025-11-10T11:35:30,1762754730000,SENSEX,hybrid,0.8846153846153846,21,20,180,2025-11-10T12:34:30,1762758270000,59,717.3147627532958
2025-11-10T11:35:30,1762754730000,SENSEX,hybrid,0.8846153846153846,21,20,180,2025-11-10T12:35:30,1762758330000,60,717.4399216318718
2025-11-10T11:35:30,1762754730000,SENSEX,hybrid,0.8928571428571429,,10,1,2025-11-10T11:36:30,1762754790000,1,720.0999999999999
2025-11-10T11:35:30,1762754730000,SENSEX,hybrid,0.8928571428571429,,10,1,2025-11-10T11:37:30,1762754850000,2,723.1839285714285
2025-11-10T11:35:30,1762754730000,SENSEX,hybrid,0.8928571428571429,,10,1,2025-11-10T11:38:30,1762754910000,3,722.9767857142856
2025-11-10T11:35:30,1762754730000,SENSEX,hybrid,0.8928571428571429,,10,1,2025-11-10T11:39:30,1762754970000,4,718.8696428571428
2025-11-10T11:35:30,1762754730000,SENSEX,hybrid,0.8928571428571429,,10,1,2025-11-10T11:40:30,1762755030000,5,721.4607142857142
2025-11-10T11:35:30,1762754730000,SENSEX,hybrid,0.8928571428571429,,10,1,2025-11-10T11:41:30,1762755090000,6,721.9008928571428
2025-11-10T11:35:30,1762754730000,SENSEX,hybrid,0.8928571428571429,,10,1,2025-11-10T11:42:30,1762755150000,7,718.9741071428572
2025-11-10T11:35:30,1762754730000,SENSEX,hybrid,0.8928571428571429,,10,1,2025-11-10T11:43:30,1762755210000,8,723.1821428571429
2025-11-10T11:35:30,1762754730000,SENSEX,hybrid,0.8928571428571429,,10,1,2025-11-10T11:44:30,1762755270000,9,723.2651785714286
2025-11-10T11:35:30,1762754730000,SENSEX,hybrid,0.8928571428571429,,10,1,2025-11-10T11:45:30,1762755330000,10,719.1633928571428
2025-11-10T11:35:30,1762754730000,SENSEX,hybrid,0.8928571428571429,,10,1,2025-11-10T11:46:30,1762755390000,11,723.1223214285714
2025-11-10T11:35:30,1762754730000,SENSEX,hybrid,0.8928571428571429,,10,1,2025-11-10T11:47:30,1762755450000,12,721.3026785714285
2025-11-10T11:35:30,1762754730000,SENSEX,hybrid,0.8928571428571429,,10,1,2025-11-10T11:48:30,1762755510000,13,717.9571428571428
2025-11-10T11:35:30,1762754730000,SENSEX,hybrid,0.8928571428571429,,10,1,2025-11-10T11:49:30,1762755570000,14,721.2955357142856
2025-11-10T11:35:30,1762754730000,SENSEX,hybrid,0.8928571428571429,,10,1,2025-11-10T11:50:30,1762755630000,15,725.5875
2025-11-10T11:35:30,1762754730000,SENSEX,hybrid,0.8928571428571429,,10,1,2025-11-10T11:51:30,1762755690000,16,718.3928571428571
2025-11-10T11:35:30,1762754730000,SENSEX,hybrid,0.8928571428571429,,10,1,2025-11-10T11:52:30,1762755750000,17,720.9258928571427
2025-11-10T11:35:30,1762754730000,SENSEX,hybrid,0.8928571428571429,,10,1,2025-11-10T11:53:30,1762755810000,18,722.91875
2025-11-10T11:35:30,1762754730000,SENSEX,hybrid,0.8928571428571429,,10,1,2025-11-10T11:54:30,1762755870000,19,718.2035714285714
2025-11-10T11:35:30,1762754730000,SENSEX,hybrid,0.8928571428571429,,10,1,2025-11-10T11:55:30,1762755930000,20,723.1991071428572
2025-11-10T11:35:30,1762754730000,SENSEX,hybrid,0.8928571428571429,,10,1,2025-11-10T11:56:30,1762755990000,21,721.9196428571428
2025-11-10T11:35:30,1762754730000,SENSEX,hybrid,0.8928571428571429,,10,1,2025-11-10T11:57:30,1762756050000,22,718.0071428571428
2025-11-10T11:35:30,1762754730000,SENSEX,hybrid,0.8928571428571429,,10,1,2025-11-10T11:58:30,1762756110000,23,722.2116071428571
2025-11-10T11:35:30,1762754730000,SENSEX,hybrid,0.8928571428571429,,10,1,2025-11-10T11:59:30,1762756170000,24,722.6544642857142
2025-11-10T11:35:30,1762754730000,SENSEX,hybrid,0.8928571428571429,,10,1,2025-11-10T12:00:30,1762756230000,25,719.3508928571428
2025-11-10T11:35:30,1762754730000,SENSEX,hybrid,0.8928571428571429,,10,1,2025-11-10T12:01:30,1762756290000,26,722.7767857142857
2025-11-10T11:35:30,1762754730000,SENSEX,hybrid,0.8928571428571429,,10,1,2025-11-10T12:02:30,1762756350000,27,723.8982142857143
2025-11-10T11:35:30,1762754730000,SENSEX,hybrid,0.8928571428571429,,10,1,2025-11-10T12:03:30,1762756410000,28,718.5232142857142
2025-11-10T11:35:30,1762754730000,SENSEX,hybrid,0.8928571428571429,,10,1,2025-11-10T12:04:30,1762756470000,29,720.4196428571428
2025-11-10T11:35:30,1762754730000,SENSEX,hybrid,0.8928571428571429,,10,1,2025-11-10T12:05:30,1762756530000,30,720.0464285714286
2025-11-10T11:35:30,1762754730000,SENSEX,hybrid,0.8928571428571429,,10,1,2025-11-10T12:06:30,1762756590000,31,717.8232142857142
2025-11-10T11:35:30,1762754730000,SENSEX,hybrid,0.8928571428571429,,10,1,2025-11-10T12:07:30,1762756650000,32,717.0607142857142
2025-11-10T11:35:30,1762754730000,SENSEX,hybrid,0.8928571428571429,,10,1,2025-11-10T12:08:30,1762756710000,33,718.7392857142856
2025-11-10T11:35:30,1762754730000,SENSEX,hybrid,0.8928571428571429,,10,1,2025-11-10T12:09:30,1762756770000,34,713.7276785714284
2025-11-10T11:35:30,1762754730000,SENSEX,hybrid,0.8928571428571429,,10,1,2025-11-10T12:10:30,1762756830000,35,717.249107142857
2025-11-10T11:35:30,1762754730000,SENSEX,hybrid,0.8928571428571429,,10,1,2025-11-10T12:11:30,1762756890000,36,717.6901785714284
2025-11-10T11:35:30,1762754730000,SENSEX,hybrid,0.8928571428571429,,10,1,2025-11-10T12:12:30,1762756950000,37,715.1419642857142
2025-11-10T11:35:30,1762754730000,SENSEX,hybrid,0.8928571428571429,,10,1,2025-11-10T12:13:30,1762757010000,38,715.4232142857142
2025-11-10T11:35:30,1762754730000,SENSEX,hybrid,0.8928571428571429,,10,1,2025-11-10T12:14:30,1762757070000,39,717.217857142857
2025-11-10T11:35:30,1762754730000,SENSEX,hybrid,0.8928571428571429,,10,1,2025-11-10T12:15:30,1762757130000,40,712.4589285714286
2025-11-10T11:35:30,1762754730000,SENSEX,hybrid,0.8928571428571429,,10,1,2025-11-10T12:16:30,1762757190000,41,714.6794642857143
2025-11-10T11:35:30,1762754730000,SENSEX,hybrid,0.8928571428571429,,10,1,2025-11-10T12:17:30,1762757250000,42,716.8776785714285
2025-11-10T11:35:30,1762754730000,SENSEX,hybrid,0.8928571428571429,,10,1,2025-11-10T12:18:30,1762757310000,43,711.4276785714285
2025-11-10T11:35:30,1762754730000,SENSEX,hybrid,0.8928571428571429,,10,1,2025-11-10T12:19:30,1762757370000,44,713.0098214285714
2025-11-10T11:35:30,1762754730000,SENSEX,hybrid,0.8928571428571429,,10,1,2025-11-10T12:20:30,1762757430000,45,717.3392857142857
2025-11-10T11:35:30,1762754730000,SENSEX,hybrid,0.8928571428571429,,10,1,2025-11-10T12:21:30,1762757490000,46,716.3169642857143
2025-11-10T11:35:30,1762754730000,SENSEX,hybrid,0.8928571428571429,,10,1,2025-11-10T12:22:30,1762757550000,47,714.7455357142857
2025-11-10T11:35:30,1762754730000,SENSEX,hybrid,0.8928571428571429,,10,1,2025-11-10T12:23:30,1762757610000,48,721.0473214285713
2025-11-10T11:35:30,1762754730000,SENSEX,hybrid,0.8928571428571429,,10,1,2025-11-10T12:24:30,1762757670000,49,717.9875
2025-11-10T11:35:30,1762754730000,SENSEX,hybrid,0.8928571428571429,,10,1,2025-11-10T12:25:30,1762757730000,50,715.9464285714286
2025-11-10T11:35:30,1762754730000,SENSEX,hybrid,0.8928571428571429,,10,1,2025-11-10T12:26:30,1762757790000,51,716.8723214285714
2025-11-10T11:35:30,1762754730000,SENSEX,hybrid,0.8928571428571429,,10,1,2025-11-10T12:27:30,1762757850000,52,715.3
2025-11-10T11:35:30,1762754730000,SENSEX,hybrid,0.8928571428571429,,10,1,2025-11-10T12:28:30,1762757910000,53,717.6482142857142
2025-11-10T11:35:30,1762754730000,SENSEX,hybrid,0.8928571428571429,,10,1,2025-11-10T12:29:30,1762757970000,54,719.8464285714284
2025-11-10T11:35:30,1762754730000,SENSEX,hybrid,0.8928571428571429,,10,1,2025-11-10T12:30:30,1762758030000,55,719.8651785714284
2025-11-10T11:35:30,1762754730000,SENSEX,hybrid,0.8928571428571429,,10,1,2025-11-10T12:31:30,1762758090000,56,718.3187499999998
2025-11-10T11:35:30,1762754730000,SENSEX,hybrid,0.8928571428571429,,10,1,2025-11-10T12:32:30,1762758150000,57,723.7276785714286
2025-11-10T11:35:30,1762754730000,SENSEX,hybrid,0.8928571428571429,,10,1,2025-11-10T12:33:30,1762758210000,58,717.0107142857142
2025-11-10T11:35:30,1762754730000,SENSEX,hybrid,0.8928571428571429,,10,1,2025-11-10T12:34:30,1762758270000,59,721.3178571428571
2025-11-10T11:35:30,1762754730000,SENSEX,hybrid,0.8928571428571429,,10,1,2025-11-10T12:35:30,1762758330000,60,719.5169642857143
2025-11-10T11:36:30,1762754790000,SENSEX,hybrid,0.8846153846153846,21,20,180,2025-11-10T11:37:30,1762754850000,1,722.8
2025-11-10T11:36:30,1762754790000,SENSEX,hybrid,0.8846153846153846,21,20,180,2025-11-10T11:38:30,1762754910000,2,719.3205774166119
2025-11-10T11:36:30,1762754790000,SENSEX,hybrid,0.8846153846153846,21,20,180,2025-11-10T11:39:30,1762754970000,3,723.9036127274792
2025-11-10T11:36:30,1762754790000,SENSEX,hybrid,0.8846153846153846,21,20,180,2025-11-10T11:40:30,1762755030000,4,722.4513077780588
2025-11-10T11:36:30,1762754790000,SENSEX,hybrid,0.8846153846153846,21,20,180,2025-11-10T11:41:30,1762755090000,5,719.2215555054007
2025-11-10T11:36:30,1762754790000,SENSEX,hybrid,0.8846153846153846,21,20,180,2025-11-10T11:42:30,1762755150000,6,722.3366554958191
2025-11-10T11:36:30,1762754790000,SENSEX,hybrid,0.8846153846153846,21,20,180,2025-11-10T11:43:30,1762755210000,7,721.769411745878
2025-11-10T11:36:30,1762754790000,SENSEX,hybrid,0.8846153846153846,21,20,180,2025-11-10T11:44:30,1762755270000,8,718.6766915298626
2025-11-10T11:36:30,1762754790000,SENSEX,hybrid,0.8846153846153846,21,20,180,2025-11-10T11:45:30,1762755330000,9,722.2740453255425
2025-11-10T11:36:30,1762754790000,SENSEX,hybrid,0.8846153846153846,21,20,180,2025-11-10T11:46:30,1762755390000,10,720.8423954664494
2025-11-10T11:36:30,1762754790000,SENSEX,hybrid,0.8846153846153846,21,20,180,2025-11-10T11:47:30,1762755450000,11,717.6634046478966
2025-11-10T11:36:30,1762754790000,SENSEX,hybrid,0.8846153846153846,21,20,180,2025-11-10T11:48:30,1762755510000,12,721.0257417120886
2025-11-10T11:36:30,1762754790000,SENSEX,hybrid,0.8846153846153846,21,20,180,2025-11-10T11:49:30,1762755570000,13,722.0581322695631
2025-11-10T11:36:30,1762754790000,SENSEX,hybrid,0.8846153846153846,21,20,180,2025-11-10T11:50:30,1762755630000,14,718.5161650097026
2025-11-10T11:36:30,1762754790000,SENSEX,hybrid,0.8846153846153846,21,20,180,2025-11-10T11:51:30,1762755690000,15,720.0570451221722
2025-11-10T11:36:30,1762754790000,SENSEX,hybrid,0.8846153846153846,21,20,180,2025-11-10T11:52:30,1762755750000,16,718.459598761377
2025-11-10T11:36:30,1762754790000,SENSEX,hybrid,0.8846153846153846,21,20,180,2025-11-10T11:53:30,1762755810000,17,717.1487809194391
2025-11-10T11:36:30,1762754790000,SENSEX,hybrid,0.8846153846153846,21,20,180,2025-11-10T11:54:30,1762755870000,18,717.826187159047
2025-11-10T11:36:30,1762754790000,SENSEX,hybrid,0.8846153846153846,21,20,180,2025-11-10T11:55:30,1762755930000,19,719.9263689783387
2025-11-10T11:36:30,1762754790000,SENSEX,hybrid,0.8846153846153846,21,20,180,2025-11-10T11:56:30,1762755990000,20,716.3511856096137
2025-11-10T11:36:30,1762754790000,SENSEX,hybrid,0.8846153846153846,21,20,180,2025-11-10T11:57:30,1762756050000,21,720.780321864932
2025-11-10T11:36:30,1762754790000,SENSEX,hybrid,0.8846153846153846,21,20,180,2025-11-10T11:58:30,1762756110000,22,719.2731563698698
2025-11-10T11:36:30,1762754790000,SENSEX,hybrid,0.8846153846153846,21,20,180,2025-11-10T11:59:30,1762756170000,23,718.1572754084822
2025-11-10T11:36:30,1762754790000,SENSEX,hybrid,0.8846153846153846,21,20,180,2025-11-10T12:00:30,1762756230000,24,721.8652068055684
2025-11-10T11:36:30,1762754790000,SENSEX,hybrid,0.8846153846153846,21,20,180,2025-11-10T12:01:30,1762756290000,25,722.748977176648
2025-11-10T11:36:30,1762754790000,SENSEX,hybrid,0.8846153846153846,21,20,180,2025-11-10T12:02:30,1762756350000,26,719.6279988288469
2025-11-10T11:36:30,1762754790000,SENSEX,hybrid,0.8846153846153846,21,20,180,2025-11-10T12:03:30,1762756410000,27,722.5619852378849
2025-11-10T11:36:30,1762754790000,SENSEX,hybrid,0.8846153846153846,21,20,180,2025-11-10T12:04:30,1762756470000,28,721.9068497393549
2025-11-10T11:36:30,1762754790000,SENSEX,hybrid,0.8846153846153846,21,20,180,2025-11-10T12:05:30,1762756530000,29,719.3132275122498
2025-11-10T11:36:30,1762754790000,SENSEX,hybrid,0.8846153846153846,21,20,180,2025-11-10T12:06:30,1762756590000,30,721.6248653151773
2025-11-10T11:36:30,1762754790000,SENSEX,hybrid,0.8846153846153846,21,20,180,2025-11-10T12:07:30,1762756650000,31,721.2018568362863
2025-11-10T11:36:30,1762754790000,SENSEX,hybrid,0.8846153846153846,21,20,180,2025-11-10T12:08:30,1762756710000,32,716.9129033760611
2025-11-10T11:36:30,1762754790000,SENSEX,hybrid,0.8846153846153846,21,20,180,2025-11-10T12:09:30,1762756770000,33,721.0902073470545
2025-11-10T11:36:30,1762754790000,SENSEX,hybrid,0.8846153846153846,21,20,180,2025-11-10T12:10:30,1762756830000,34,721.8714289974092
2025-11-10T11:36:30,1762754790000,SENSEX,hybrid,0.8846153846153846,21,20,180,2025-11-10T12:11:30,1762756890000,35,717.4556942746074
2025-11-10T11:36:30,1762754790000,SENSEX,hybrid,0.8846153846153846,21,20,180,2025-11-10T12:12:30,1762756950000,36,720.9915960625705
2025-11-10T11:36:30,1762754790000,SENSEX,hybrid,0.8846153846153846,21,20,180,2025-11-10T12:13:30,1762757010000,37,720.7485465326573
2025-11-10T11:36:30,1762754790000,SENSEX,hybrid,0.8846153846153846,21,20,180,2025-11-10T12:14:30,1762757070000,38,716.4959090559358
2025-11-10T11:36:30,1762754790000,SENSEX,hybrid,0.8846153846153846,21,20,180,2025-11-10T12:15:30,1762757130000,39,719.4346344441212
2025-11-10T11:36:30,1762754790000,SENSEX,hybrid,0.8846153846153846,21,20,180,2025-11-10T12:16:30,1762757190000,40,719.3990277973755
2025-11-10T11:36:30,1762754790000,SENSEX,hybrid,0.8846153846153846,21,20,180,2025-11-10T12:17:30,1762757250000,41,713.9004347075554
2025-11-10T11:36:30,1762754790000,SENSEX,hybrid,0.8846153846153846,21,20,180,2025-11-10T12:18:30,1762757310000,42,718.21157864326
2025-11-10T11:36:30,1762754790000,SENSEX,hybrid,0.8846153846153846,21,20,180,2025-11-10T12:19:30,1762757370000,43,718.0155163466095
2025-11-10T11:36:30,1762754790000,SENSEX,hybrid,0.8846153846153846,21,20,180,2025-11-10T12:20:30,1762757430000,44,715.56320686736
2025-11-10T11:36:30,1762754790000,SENSEX,hybrid,0.8846153846153846,21,20,180,2025-11-10T12:21:30,1762757490000,45,718.5787303180083
2025-11-10T11:36:30,1762754790000,SENSEX,hybrid,0.8846153846153846,21,20,180,2025-11-10T12:22:30,1762757550000,46,718.7552983715609
2025-11-10T11:36:30,1762754790000,SENSEX,hybrid,0.8846153846153846,21,20,180,2025-11-10T12:23:30,1762757610000,47,715.5092907739235
2025-11-10T11:36:30,1762754790000,SENSEX,hybrid,0.8846153846153846,21,20,180,2025-11-10T12:24:30,1762757670000,48,720.77126574034
2025-11-10T11:36:30,1762754790000,SENSEX,hybrid,0.8846153846153846,21,20,180,2025-11-10T12:25:30,1762757730000,49,719.1740226087684
2025-11-10T11:36:30,1762754790000,SENSEX,hybrid,0.8846153846153846,21,20,180,2025-11-10T12:26:30,1762757790000,50,714.0526249405073
2025-11-10T11:36:30,1762754790000,SENSEX,hybrid,0.8846153846153846,21,20,180,2025-11-10T12:27:30,1762757850000,51,717.6877178729738
2025-11-10T11:36:30,1762754790000,SENSEX,hybrid,0.8846153846153846,21,20,180,2025-11-10T12:28:30,1762757910000,52,715.5968905862009
2025-11-10T11:36:30,1762754790000,SENSEX,hybrid,0.8846153846153846,21,20,180,2025-11-10T12:29:30,1762757970000,53,712.5690334142995
2025-11-10T11:36:30,1762754790000,SENSEX,hybrid,0.8846153846153846,21,20,180,2025-11-10T12:30:30,1762758030000,54,716.7321386571145
2025-11-10T11:36:30,1762754790000,SENSEX,hybrid,0.8846153846153846,21,20,180,2025-11-10T12:31:30,1762758090000,55,715.9425236555805
2025-11-10T11:36:30,1762754790000,SENSEX,hybrid,0.8846153846153846,21,20,180,2025-11-10T12:32:30,1762758150000,56,710.1106867070574
2025-11-10T11:36:30,1762754790000,SENSEX,hybrid,0.8846153846153846,21,20,180,2025-11-10T12:33:30,1762758210000,57,717.0727371482532
2025-11-10T11:36:30,1762754790000,SENSEX,hybrid,0.8846153846153846,21,20,180,2025-11-10T12:34:30,1762758270000,58,715.268743813857
2025-11-10T11:36:30,1762754790000,SENSEX,hybrid,0.8846153846153846,21,20,180,2025-11-10T12:35:30,1762758330000,59,711.5320688874016
2025-11-10T11:36:30,1762754790000,SENSEX,hybrid,0.8846153846153846,21,20,180,2025-11-10T12:36:30,1762758390000,60,715.3828523571956
2025-11-10T11:37:00,1762754820000,SENSEX,retrieval,,,15,180,2025-11-10T11:38:00,1762754880000,1,721.4000000000001
2025-11-10T11:37:00,1762754820000,SENSEX,retrieval,,,15,180,2025-11-10T11:39:00,1762754940000,2,721.4000000000001
2025-11-10T11:37:00,1762754820000,SENSEX,retrieval,,,15,180,2025-11-10T11:40:00,1762755000000,3,721.4000000000001
2025-11-10T11:37:00,1762754820000,SENSEX,retrieval,,,15,180,2025-11-10T11:41:00,1762755060000,4,721.4000000000001
2025-11-10T11:37:00,1762754820000,SENSEX,retrieval,,,15,180,2025-11-10T11:42:00,1762755120000,5,721.4000000000001
2025-11-10T11:37:00,1762754820000,SENSEX,retrieval,,,15,180,2025-11-10T11:43:00,1762755180000,6,721.4000000000001
2025-11-10T11:37:00,1762754820000,SENSEX,retrieval,,,15,180,2025-11-10T11:44:00,1762755240000,7,721.4000000000001
2025-11-10T11:37:00,1762754820000,SENSEX,retrieval,,,15,180,2025-11-10T11:45:00,1762755300000,8,721.4000000000001
2025-11-10T11:37:00,1762754820000,SENSEX,retrieval,,,15,180,2025-11-10T11:46:00,1762755360000,9,721.4000000000001
2025-11-10T11:37:00,1762754820000,SENSEX,retrieval,,,15,180,2025-11-10T11:47:00,1762755420000,10,721.4000000000001
2025-11-10T11:37:00,1762754820000,SENSEX,retrieval,,,15,180,2025-11-10T11:48:00,1762755480000,11,721.4000000000001
2025-11-10T11:37:00,1762754820000,SENSEX,retrieval,,,15,180,2025-11-10T11:49:00,1762755540000,12,721.4000000000001
2025-11-10T11:37:00,1762754820000,SENSEX,retrieval,,,15,180,2025-11-10T11:50:00,1762755600000,13,721.4000000000001
2025-11-10T11:37:00,1762754820000,SENSEX,retrieval,,,15,180,2025-11-10T11:51:00,1762755660000,14,721.4000000000001
2025-11-10T11:37:00,1762754820000,SENSEX,retrieval,,,15,180,2025-11-10T11:52:00,1762755720000,15,721.4000000000001
2025-11-10T11:37:00,1762754820000,SENSEX,retrieval,,,15,180,2025-11-10T11:53:00,1762755780000,16,721.4000000000001
2025-11-10T11:37:00,1762754820000,SENSEX,retrieval,,,15,180,2025-11-10T11:54:00,1762755840000,17,721.4000000000001
2025-11-10T11:37:00,1762754820000,SENSEX,retrieval,,,15,180,2025-11-10T11:55:00,1762755900000,18,721.4000000000001
2025-11-10T11:37:00,1762754820000,SENSEX,retrieval,,,15,180,2025-11-10T11:56:00,1762755960000,19,721.4000000000001
2025-11-10T11:37:00,1762754820000,SENSEX,retrieval,,,15,180,2025-11-10T11:57:00,1762756020000,20,721.4000000000001
2025-11-10T11:37:00,1762754820000,SENSEX,retrieval,,,15,180,2025-11-10T11:58:00,1762756080000,21,721.4000000000001
2025-11-10T11:37:00,1762754820000,SENSEX,retrieval,,,15,180,2025-11-10T11:59:00,1762756140000,22,721.4000000000001
2025-11-10T11:37:00,1762754820000,SENSEX,retrieval,,,15,180,2025-11-10T12:00:00,1762756200000,23,721.4000000000001
2025-11-10T11:37:00,1762754820000,SENSEX,retrieval,,,15,180,2025-11-10T12:01:00,1762756260000,24,721.4000000000001
2025-11-10T11:37:00,1762754820000,SENSEX,retrieval,,,15,180,2025-11-10T12:02:00,1762756320000,25,721.4000000000001
2025-11-10T11:37:00,1762754820000,SENSEX,retrieval,,,15,180,2025-11-10T12:03:00,1762756380000,26,721.4000000000001
2025-11-10T11:37:00,1762754820000,SENSEX,retrieval,,,15,180,2025-11-10T12:04:00,1762756440000,27,721.4000000000001
2025-11-10T11:37:00,1762754820000,SENSEX,retrieval,,,15,180,2025-11-10T12:05:00,1762756500000,28,721.4000000000001
2025-11-10T11:37:00,1762754820000,SENSEX,retrieval,,,15,180,2025-11-10T12:06:00,1762756560000,29,721.4000000000001
2025-11-10T11:37:00,1762754820000,SENSEX,retrieval,,,15,180,2025-11-10T12:07:00,1762756620000,30,721.4000000000001
2025-11-10T11:37:00,1762754820000,SENSEX,retrieval,,,15,180,2025-11-10T12:08:00,1762756680000,31,721.4000000000001
2025-11-10T11:37:00,1762754820000,SENSEX,retrieval,,,15,180,2025-11-10T12:09:00,1762756740000,32,721.4000000000001
2025-11-10T11:37:00,1762754820000,SENSEX,retrieval,,,15,180,2025-11-10T12:10:00,1762756800000,33,721.4000000000001
2025-11-10T11:37:00,1762754820000,SENSEX,retrieval,,,15,180,2025-11-10T12:11:00,1762756860000,34,721.4000000000001
2025-11-10T11:37:00,1762754820000,SENSEX,retrieval,,,15,180,2025-11-10T12:12:00,1762756920000,35,721.4000000000001
2025-11-10T11:37:00,1762754820000,SENSEX,retrieval,,,15,180,2025-11-10T12:13:00,1762756980000,36,721.4000000000001
2025-11-10T11:37:00,1762754820000,SENSEX,retrieval,,,15,180,2025-11-10T12:14:00,1762757040000,37,721.4000000000001
2025-11-10T11:37:00,1762754820000,SENSEX,retrieval,,,15,180,2025-11-10T12:15:00,1762757100000,38,721.4000000000001
2025-11-10T11:37:00,1762754820000,SENSEX,retrieval,,,15,180,2025-11-10T12:16:00,1762757160000,39,721.4000000000001
2025-11-10T11:37:00,1762754820000,SENSEX,retrieval,,,15,180,2025-11-10T12:17:00,1762757220000,40,721.4000000000001
2025-11-10T11:37:00,1762754820000,SENSEX,retrieval,,,15,180,2025-11-10T12:18:00,1762757280000,41,721.4000000000001
2025-11-10T11:37:00,1762754820000,SENSEX,retrieval,,,15,180,2025-11-10T12:19:00,1762757340000,42,721.4000000000001
2025-11-10T11:37:00,1762754820000,SENSEX,retrieval,,,15,180,2025-11-10T12:20:00,1762757400000,43,721.4000000000001
2025-11-10T11:37:00,1762754820000,SENSEX,retrieval,,,15,180,2025-11-10T12:21:00,1762757460000,44,721.4000000000001
2025-11-10T11:37:00,1762754820000,SENSEX,retrieval,,,15,180,2025-11-10T12:22:00,1762757520000,45,721.4000000000001
2025-11-10T11:37:00,1762754820000,SENSEX,retrieval,,,15,180,2025-11-10T12:23:00,1762757580000,46,721.4000000000001
2025-11-10T11:37:00,1762754820000,SENSEX,retrieval,,,15,180,2025-11-10T12:24:00,1762757640000,47,721.4000000000001
2025-11-10T11:37:00,1762754820000,SENSEX,retrieval,,,15,180,2025-11-10T12:25:00,1762757700000,48,721.4000000000001
2025-11-10T11:37:00,1762754820000,SENSEX,retrieval,,,15,180,2025-11-10T12:26:00,1762757760000,49,721.4000000000001
2025-11-10T11:37:00,1762754820000,SENSEX,retrieval,,,15,180,2025-11-10T12:27:00,1762757820000,50,721.4000000000001
2025-11-10T11:37:00,1762754820000,SENSEX,retrieval,,,15,180,2025-11-10T12:28:00,1762757880000,51,721.4000000000001
2025-11-10T11:37:00,1762754820000,SENSEX,retrieval,,,15,180,2025-11-10T12:29:00,1762757940000,52,721.4000000000001
2025-11-10T11:37:00,1762754820000,SENSEX,retrieval,,,15,180,2025-11-10T12:30:00,1762758000000,53,721.4000000000001
2025-11-10T11:37:00,1762754820000,SENSEX,retrieval,,,15,180,2025-11-10T12:31:00,1762758060000,54,721.4000000000001
2025-11-10T11:37:00,1762754820000,SENSEX,retrieval,,,15,180,2025-11-10T12:32:00,1762758120000,55,721.4000000000001
2025-11-10T11:37:00,1762754820000,SENSEX,retrieval,,,15,180,2025-11-10T12:33:00,1762758180000,56,721.4000000000001
2025-11-10T11:37:00,1762754820000,SENSEX,retrieval,,,15,180,2025-11-10T12:34:00,1762758240000,57,721.4000000000001
2025-11-10T11:37:00,1762754820000,SENSEX,retrieval,,,15,180,2025-11-10T12:35:00,1762758300000,58,721.4000000000001
2025-11-10T11:37:00,1762754820000,SENSEX,retrieval,,,15,180,2025-11-10T12:36:00,1762758360000,59,721.4000000000001
2025-11-10T11:37:00,1762754820000,SENSEX,retrieval,,,15,180,2025-11-10T12:37:00,1762758420000,60,721.4000000000001
2025-11-10T11:37:00,1762754820000,SENSEX,hybrid,0.8928571428571429,21,15,120,2025-11-10T11:38:00,1762754880000,1,721.4000000000001
2025-11-10T11:37:00,1762754820000,SENSEX,hybrid,0.8928571428571429,21,15,120,2025-11-10T11:39:00,1762754940000,2,724.8146044972304
2025-11-10T11:37:00,1762754820000,SENSEX,hybrid,0.8928571428571429,21,15,120,2025-11-10T11:40:00,1762755000000,3,725.5892474288901
2025-11-10T11:37:00,1762754820000,SENSEX,hybrid,0.8928571428571429,21,15,120,2025-11-10T11:41:00,1762755060000,4,722.8022782217274
2025-11-10T11:37:00,1762754820000,SENSEX,hybrid,0.8928571428571429,21,15,120,2025-11-10T11:42:00,1762755120000,5,726.1722734656505
2025-11-10T11:37:00,1762754820000,SENSEX,hybrid,0.8928571428571429,21,15,120,2025-11-10T11:43:00,1762755180000,6,726.429645475558
2025-11-10T11:37:00,1762754820000,SENSEX,hybrid,0.8928571428571429,21,15,120,2025-11-10T11:44:00,1762755240000,7,723.3632653023597
2025-11-10T11:37:00,1762754820000,SENSEX,hybrid,0.8928571428571429,21,15,120,2025-11-10T11:45:00,1762755300000,8,725.1423502051001
2025-11-10T11:37:00,1762754820000,SENSEX,hybrid,0.8928571428571429,21,15,120,2025-11-10T11:46:00,1762755360000,9,725.4303701465693
2025-11-10T11:37:00,1762754820000,SENSEX,hybrid,0.8928571428571429,21,15,120,2025-11-10T11:47:00,1762755420000,10,722.0543611218242
2025-11-10T11:37:00,1762754820000,SENSEX,hybrid,0.8928571428571429,21,15,120,2025-11-10T11:48:00,1762755480000,11,725.806313815507
2025-11-10T11:37:00,1762754820000,SENSEX,hybrid,0.8928571428571429,21,15,120,2025-11-10T11:49:00,1762755540000,12,726.5373987336396
2025-11-10T11:37:00,1762754820000,SENSEX,hybrid,0.8928571428571429,21,15,120,2025-11-10T11:50:00,1762755600000,13,722.0639863371653
2025-11-10T11:37:00,1762754820000,SENSEX,hybrid,0.8928571428571429,21,15,120,2025-11-10T11:51:00,1762755660000,14,725.0595940030662
2025-11-10T11:37:00,1762754820000,SENSEX,hybrid,0.8928571428571429,21,15,120,2025-11-10T11:52:00,1762755720000,15,725.0638789158147
2025-11-10T11:37:00,1762754820000,SENSEX,hybrid,0.8928571428571429,21,15,120,2025-11-10T11:53:00,1762755780000,16,722.513208222832
2025-11-10T11:37:00,1762754820000,SENSEX,hybrid,0.8928571428571429,21,15,120,2025-11-10T11:54:00,1762755840000,17,722.500493697387
2025-11-10T11:37:00,1762754820000,SENSEX,hybrid,0.8928571428571429,21,15,120,2025-11-10T11:55:00,1762755900000,18,726.7258078624276
2025-11-10T11:37:00,1762754820000,SENSEX,hybrid,0.8928571428571429,21,15,120,2025-11-10T11:56:00,1762755960000,19,722.4224197089259
2025-11-10T11:37:00,1762754820000,SENSEX,hybrid,0.8928571428571429,21,15,120,2025-11-10T11:57:00,1762756020000,20,727.3690435605156
2025-11-10T11:37:00,1762754820000,SENSEX,hybrid,0.8928571428571429,21,15,120,2025-11-10T11:58:00,1762756080000,21,725.8917585294541
2025-11-10T11:37:00,1762754820000,SENSEX,hybrid,0.8928571428571429,21,15,120,2025-11-10T11:59:00,1762756140000,22,722.035384893494
2025-11-10T11:37:00,1762754820000,SENSEX,hybrid,0.8928571428571429,21,15,120,2025-11-10T12:00:00,1762756200000,23,725.4580718728829
2025-11-10T11:37:00,1762754820000,SENSEX,hybrid,0.8928571428571429,21,15,120,2025-11-10T12:01:00,1762756260000,24,724.537559173407
2025-11-10T11:37:00,1762754820000,SENSEX,hybrid,0.8928571428571429,21,15,120,2025-11-10T12:02:00,1762756320000,25,722.546795587569
2025-11-10T11:37:00,1762754820000,SENSEX,hybrid,0.8928571428571429,21,15,120,2025-11-10T12:03:00,1762756380000,26,724.279344368013
2025-11-10T11:37:00,1762754820000,SENSEX,hybrid,0.8928571428571429,21,15,120,2025-11-10T12:04:00,1762756440000,27,721.1255329478921
2025-11-10T11:37:00,1762754820000,SENSEX,hybrid,0.8928571428571429,21,15,120,2025-11-10T12:05:00,1762756500000,28,719.9589070247647
2025-11-10T11:37:00,1762754820000,SENSEX,hybrid,0.8928571428571429,21,15,120,2025-11-10T12:06:00,1762756560000,29,722.4791711682657
2025-11-10T11:37:00,1762754820000,SENSEX,hybrid,0.8928571428571429,21,15,120,2025-11-10T12:07:00,1762756620000,30,724.1653660702193
2025-11-10T11:37:00,1762754820000,SENSEX,hybrid,0.8928571428571429,21,15,120,2025-11-10T12:08:00,1762756680000,31,716.6499478514493
2025-11-10T11:37:00,1762754820000,SENSEX,hybrid,0.8928571428571429,21,15,120,2025-11-10T12:09:00,1762756740000,32,722.5255066345608
2025-11-10T11:37:00,1762754820000,SENSEX,hybrid,0.8928571428571429,21,15,120,2025-11-10T12:10:00,1762756800000,33,721.5289391591923
2025-11-10T11:37:00,1762754820000,SENSEX,hybrid,0.8928571428571429,21,15,120,2025-11-10T12:11:00,1762756860000,34,719.6951974743577
2025-11-10T11:37:00,1762754820000,SENSEX,hybrid,0.8928571428571429,21,15,120,2025-11-10T12:12:00,1762756920000,35,724.1666583420949
2025-11-10T11:37:00,1762754820000,SENSEX,hybrid,0.8928571428571429,21,15,120,2025-11-10T12:13:00,1762756980000,36,724.3208477669288
2025-11-10T11:37:00,1762754820000,SENSEX,hybrid,0.8928571428571429,21,15,120,2025-11-10T12:14:00,1762757040000,37,720.3951415059423
2025-11-10T11:37:00,1762754820000,SENSEX,hybrid,0.8928571428571429,21,15,120,2025-11-10T12:15:00,1762757100000,38,722.7293452854452
2025-11-10T11:37:00,1762754820000,SENSEX,hybrid,0.8928571428571429,21,15,120,2025-11-10T12:16:00,1762757160000,39,723.5383562377606
2025-11-10T11:37:00,1762754820000,SENSEX,hybrid,0.8928571428571429,21,15,120,2025-11-10T12:17:00,1762757220000,40,720.1541158718273
2025-11-10T11:37:00,1762754820000,SENSEX,hybrid,0.8928571428571429,21,15,120,2025-11-10T12:18:00,1762757280000,41,724.3876705615036
2025-11-10T11:37:00,1762754820000,SENSEX,hybrid,0.8928571428571429,21,15,120,2025-11-10T12:19:00,1762757340000,42,724.6622977308737
2025-11-10T11:37:00,1762754820000,SENSEX,hybrid,0.8928571428571429,21,15,120,2025-11-10T12:20:00,1762757400000,43,719.6961921310016
2025-11-10T11:37:00,1762754820000,SENSEX,hybrid,0.8928571428571429,21,15,120,2025-11-10T12:21:00,1762757460000,44,724.0909114845027
2025-11-10T11:37:00,1762754820000,SENSEX,hybrid,0.8928571428571429,21,15,120,2025-11-10T12:22:00,1762757520000,45,724.2887489295789
2025-11-10T11:37:00,1762754820000,SENSEX,hybrid,0.8928571428571429,21,15,120,2025-11-10T12:23:00,1762757580000,46,720.92890586781
2025-11-10T11:37:00,1762754820000,SENSEX,hybrid,0.8928571428571429,21,15,120,2025-11-10T12:24:00,1762757640000,47,725.083312323829
2025-11-10T11:37:00,1762754820000,SENSEX,hybrid,0.8928571428571429,21,15,120,2025-11-10T12:25:00,1762757700000,48,724.9160578089164
2025-11-10T11:37:00,1762754820000,SENSEX,hybrid,0.8928571428571429,21,15,120,2025-11-10T12:26:00,1762757760000,49,718.6808701710357
2025-11-10T11:37:00,1762754820000,SENSEX,hybrid,0.8928571428571429,21,15,120,2025-11-10T12:27:00,1762757820000,50,721.6505070559749
2025-11-10T11:37:00,1762754820000,SENSEX,hybrid,0.8928571428571429,21,15,120,2025-11-10T12:28:00,1762757880000,51,723.972083958548
2025-11-10T11:37:00,1762754820000,SENSEX,hybrid,0.8928571428571429,21,15,120,2025-11-10T12:29:00,1762757940000,52,720.351641048108
2025-11-10T11:37:00,1762754820000,SENSEX,hybrid,0.8928571428571429,21,15,120,2025-11-10T12:30:00,1762758000000,53,723.9244495729542
2025-11-10T11:37:00,1762754820000,SENSEX,hybrid,0.8928571428571429,21,15,120,2025-11-10T12:31:00,1762758060000,54,722.3653876968029
2025-11-10T11:37:00,1762754820000,SENSEX,hybrid,0.8928571428571429,21,15,120,2025-11-10T12:32:00,1762758120000,55,718.3690470767872
2025-11-10T11:37:00,1762754820000,SENSEX,hybrid,0.8928571428571429,21,15,120,2025-11-10T12:33:00,1762758180000,56,722.0722728520087
2025-11-10T11:37:00,1762754820000,SENSEX,hybrid,0.8928571428571429,21,15,120,2025-11-10T12:34:00,1762758240000,57,724.0819009432583
2025-11-10T11:37:00,1762754820000,SENSEX,hybrid,0.8928571428571429,21,15,120,2025-11-10T12:35:00,1762758300000,58,720.6093823133876
2025-11-10T11:37:00,1762754820000,SENSEX,hybrid,0.8928571428571429,21,15,120,2025-11-10T12:36:00,1762758360000,59,724.7607508202694
2025-11-10T11:37:00,1762754820000,SENSEX,hybrid,0.8928571428571429,21,15,120,2025-11-10T12:37:00,1762758420000,60,724.646502001521
2025-11-10T11:37:30,1762754850000,SENSEX,hybrid,0.8928571428571429,21,15,60,2025-11-10T11:38:30,1762754910000,1,723.95
2025-11-10T11:37:30,1762754850000,SENSEX,hybrid,0.8928571428571429,21,15,60,2025-11-10T11:39:30,1762754970000,2,723.3360541252272
2025-11-10T11:37:30,1762754850000,SENSEX,hybrid,0.8928571428571429,21,15,60,2025-11-10T11:40:30,1762755030000,3,719.5024596119622
2025-11-10T11:37:30,1762754850000,SENSEX,hybrid,0.8928571428571429,21,15,60,2025-11-10T11:41:30,1762755090000,4,722.4254877033416
2025-11-10T11:37:30,1762754850000,SENSEX,hybrid,0.8928571428571429,21,15,60,2025-11-10T11:42:30,1762755150000,5,721.3578328132845
2025-11-10T11:37:30,1762754850000,SENSEX,hybrid,0.8928571428571429,21,15,60,2025-11-10T11:43:30,1762755210000,6,719.0827193521718
2025-11-10T11:37:30,1762754850000,SENSEX,hybrid,0.8928571428571429,21,15,60,2025-11-10T11:44:30,1762755270000,7,722.4414874673498
2025-11-10T11:37:30,1762754850000,SENSEX,hybrid,0.8928571428571429,21,15,60,2025-11-10T11:45:30,1762755330000,8,723.3275034873787
2025-11-10T11:37:30,1762754850000,SENSEX,hybrid,0.8928571428571429,21,15,60,2025-11-10T11:46:30,1762755390000,9,720.6789023199839
2025-11-10T11:37:30,1762754850000,SENSEX,hybrid,0.8928571428571429,21,15,60,2025-11-10T11:47:30,1762755450000,10,727.8476530698567
2025-11-10T11:37:30,1762754850000,SENSEX,hybrid,0.8928571428571429,21,15,60,2025-11-10T11:48:30,1762755510000,11,723.577733487177
2025-11-10T11:37:30,1762754850000,SENSEX,hybrid,0.8928571428571429,21,15,60,2025-11-10T11:49:30,1762755570000,12,720.9406720998089
2025-11-10T11:37:30,1762754850000,SENSEX,hybrid,0.8928571428571429,21,15,60,2025-11-10T11:50:30,1762755630000,13,723.4065845298439
2025-11-10T11:37:30,1762754850000,SENSEX,hybrid,0.8928571428571429,21,15,60,2025-11-10T11:51:30,1762755690000,14,722.7082600041273
2025-11-10T11:37:30,1762754850000,SENSEX,hybrid,0.8928571428571429,21,15,60,2025-11-10T11:52:30,1762755750000,15,723.9564575093304
2025-11-10T11:37:30,1762754850000,SENSEX,hybrid,0.8928571428571429,21,15,60,2025-11-10T11:53:30,1762755810000,16,723.9379823334807
2025-11-10T11:37:30,1762754850000,SENSEX,hybrid,0.8928571428571429,21,15,60,2025-11-10T11:54:30,1762755870000,17,723.1144343011237
2025-11-10T11:37:30,1762754850000,SENSEX,hybrid,0.8928571428571429,21,15,60,2025-11-10T11:55:30,1762755930000,18,719.4586482973102
2025-11-10T11:37:30,1762754850000,SENSEX,hybrid,0.8928571428571429,21,15,60,2025-11-10T11:56:30,1762755990000,19,723.0489461066674
2025-11-10T11:37:30,1762754850000,SENSEX,hybrid,0.8928571428571429,21,15,60,2025-11-10T11:57:30,1762756050000,20,722.7638653426553
2025-11-10T11:37:30,1762754850000,SENSEX,hybrid,0.8928571428571429,21,15,60,2025-11-10T11:58:30,1762756110000,21,719.6570601811875
2025-11-10T11:37:30,1762754850000,SENSEX,hybrid,0.8928571428571429,21,15,60,2025-11-10T11:59:30,1762756170000,22,723.1959492329834
2025-11-10T11:37:30,1762754850000,SENSEX,hybrid,0.8928571428571429,21,15,60,2025-11-10T12:00:30,1762756230000,23,723.028555725113
2025-11-10T11:37:30,1762754850000,SENSEX,hybrid,0.8928571428571429,21,15,60,2025-11-10T12:01:30,1762756290000,24,720.0278067721505
2025-11-10T11:37:30,1762754850000,SENSEX,hybrid,0.8928571428571429,21,15,60,2025-11-10T12:02:30,1762756350000,25,722.4935339159314
2025-11-10T11:37:30,1762754850000,SENSEX,hybrid,0.8928571428571429,21,15,60,2025-11-10T12:03:30,1762756410000,26,723.3801623440397
2025-11-10T11:37:30,1762754850000,SENSEX,hybrid,0.8928571428571429,21,15,60,2025-11-10T12:04:30,1762756470000,27,721.4621143442424
2025-11-10T11:37:30,1762754850000,SENSEX,hybrid,0.8928571428571429,21,15,60,2025-11-10T12:05:30,1762756530000,28,723.2106331759643
2025-11-10T11:37:30,1762754850000,SENSEX,hybrid,0.8928571428571429,21,15,60,2025-11-10T12:06:30,1762756590000,29,721.1049066195937
2025-11-10T11:37:30,1762754850000,SENSEX,hybrid,0.8928571428571429,21,15,60,2025-11-10T12:07:30,1762756650000,30,717.4959714294191
2025-11-10T11:37:30,1762754850000,SENSEX,hybrid,0.8928571428571429,21,15,60,2025-11-10T12:08:30,1762756710000,31,722.2416951598345
2025-11-10T11:37:30,1762754850000,SENSEX,hybrid,0.8928571428571429,21,15,60,2025-11-10T12:09:30,1762756770000,32,721.2451960232682
2025-11-10T11:37:30,1762754850000,SENSEX,hybrid,0.8928571428571429,21,15,60,2025-11-10T12:10:30,1762756830000,33,716.4387926122336
2025-11-10T11:37:30,1762754850000,SENSEX,hybrid,0.8928571428571429,21,15,60,2025-11-10T12:11:30,1762756890000,34,720.1329405998408
2025-11-10T11:37:30,1762754850000,SENSEX,hybrid,0.8928571428571429,21,15,60,2025-11-10T12:12:30,1762756950000,35,720.797635590675
2025-11-10T11:37:30,1762754850000,SENSEX,hybrid,0.8928571428571429,21,15,60,2025-11-10T12:13:30,1762757010000,36,716.3528959191278
2025-11-10T11:37:30,1762754850000,SENSEX,hybrid,0.8928571428571429,21,15,60,2025-11-10T12:14:30,1762757070000,37,721.122549997688
2025-11-10T11:37:30,1762754850000,SENSEX,hybrid,0.8928571428571429,21,15,60,2025-11-10T12:15:30,1762757130000,38,720.4959518039369
2025-11-10T11:37:30,1762754850000,SENSEX,hybrid,0.8928571428571429,21,15,60,2025-11-10T12:16:30,1762757190000,39,717.0219307516323
2025-11-10T11:37:30,1762754850000,SENSEX,hybrid,0.8928571428571429,21,15,60,2025-11-10T12:17:30,1762757250000,40,721.201522252983
2025-11-10T11:37:30,1762754850000,SENSEX,hybrid,0.8928571428571429,21,15,60,2025-11-10T12:18:30,1762757310000,41,720.6804931096129
2025-11-10T11:37:30,1762754850000,SENSEX,hybrid,0.8928571428571429,21,15,60,2025-11-10T12:19:30,1762757370000,42,716.7899514570702
2025-11-10T11:37:30,1762754850000,SENSEX,hybrid,0.8928571428571429,21,15,60,2025-11-10T12:20:30,1762757430000,43,722.1893982891831
2025-11-10T11:37:30,1762754850000,SENSEX,hybrid,0.8928571428571429,21,15,60,2025-11-10T12:21:30,1762757490000,44,721.4246692529135
2025-11-10T11:37:30,1762754850000,SENSEX,hybrid,0.8928571428571429,21,15,60,2025-11-10T12:22:30,1762757550000,45,718.0899207208344
2025-11-10T11:37:30,1762754850000,SENSEX,hybrid,0.8928571428571429,21,15,60,2025-11-10T12:23:30,1762757610000,46,722.1503556803634
2025-11-10T11:37:30,1762754850000,SENSEX,hybrid,0.8928571428571429,21,15,60,2025-11-10T12:24:30,1762757670000,47,721.781306299347
2025-11-10T11:37:30,1762754850000,SENSEX,hybrid,0.8928571428571429,21,15,60,2025-11-10T12:25:30,1762757730000,48,718.7273064404634
2025-11-10T11:37:30,1762754850000,SENSEX,hybrid,0.8928571428571429,21,15,60,2025-11-10T12:26:30,1762757790000,49,723.18214504853
2025-11-10T11:37:30,1762754850000,SENSEX,hybrid,0.8928571428571429,21,15,60,2025-11-10T12:27:30,1762757850000,50,722.2813681856061
2025-11-10T11:37:30,1762754850000,SENSEX,hybrid,0.8928571428571429,21,15,60,2025-11-10T12:28:30,1762757910000,51,719.7227442629336
2025-11-10T11:37:30,1762754850000,SENSEX,hybrid,0.8928571428571429,21,15,60,2025-11-10T12:29:30,1762757970000,52,723.5139436147704
2025-11-10T11:37:30,1762754850000,SENSEX,hybrid,0.8928571428571429,21,15,60,2025-11-10T12:30:30,1762758030000,53,723.4100944384168
2025-11-10T11:37:30,1762754850000,SENSEX,hybrid,0.8928571428571429,21,15,60,2025-11-10T12:31:30,1762758090000,54,719.3074454674977
2025-11-10T11:37:30,1762754850000,SENSEX,hybrid,0.8928571428571429,21,15,60,2025-11-10T12:32:30,1762758150000,55,723.8648453170528
2025-11-10T11:37:30,1762754850000,SENSEX,hybrid,0.8928571428571429,21,15,60,2025-11-10T12:33:30,1762758210000,56,720.5803279435621
2025-11-10T11:37:30,1762754850000,SENSEX,hybrid,0.8928571428571429,21,15,60,2025-11-10T12:34:30,1762758270000,57,719.3604545075298
2025-11-10T11:37:30,1762754850000,SENSEX,hybrid,0.8928571428571429,21,15,60,2025-11-10T12:35:30,1762758330000,58,722.4474477352651
2025-11-10T11:37:30,1762754850000,SENSEX,hybrid,0.8928571428571429,21,15,60,2025-11-10T12:36:30,1762758390000,59,720.8809327995837
2025-11-10T11:37:30,1762754850000,SENSEX,hybrid,0.8928571428571429,21,15,60,2025-11-10T12:37:30,1762758450000,60,717.6971034836452
2025-11-10T11:37:30,1762754850000,SENSEX,hybrid,0.8928571428571429,,15,60,2025-11-10T11:38:30,1762754910000,1,723.95
2025-11-10T11:37:30,1762754850000,SENSEX,hybrid,0.8928571428571429,,15,60,2025-11-10T11:39:30,1762754970000,2,723.3360541252272
2025-11-10T11:37:30,1762754850000,SENSEX,hybrid,0.8928571428571429,,15,60,2025-11-10T11:40:30,1762755030000,3,719.5024596119622
2025-11-10T11:37:30,1762754850000,SENSEX,hybrid,0.8928571428571429,,15,60,2025-11-10T11:41:30,1762755090000,4,722.4254877033416
2025-11-10T11:37:30,1762754850000,SENSEX,hybrid,0.8928571428571429,,15,60,2025-11-10T11:42:30,1762755150000,5,721.3578328132845
2025-11-10T11:37:30,1762754850000,SENSEX,hybrid,0.8928571428571429,,15,60,2025-11-10T11:43:30,1762755210000,6,719.0827193521718
2025-11-10T11:37:30,1762754850000,SENSEX,hybrid,0.8928571428571429,,15,60,2025-11-10T11:44:30,1762755270000,7,722.4414874673498
2025-11-10T11:37:30,1762754850000,SENSEX,hybrid,0.8928571428571429,,15,60,2025-11-10T11:45:30,1762755330000,8,723.3275034873787
2025-11-10T11:37:30,1762754850000,SENSEX,hybrid,0.8928571428571429,,15,60,2025-11-10T11:46:30,1762755390000,9,720.6789023199839
2025-11-10T11:37:30,1762754850000,SENSEX,hybrid,0.8928571428571429,,15,60,2025-11-10T11:47:30,1762755450000,10,727.8476530698567
2025-11-10T11:37:30,1762754850000,SENSEX,hybrid,0.8928571428571429,,15,60,2025-11-10T11:48:30,1762755510000,11,723.577733487177
2025-11-10T11:37:30,1762754850000,SENSEX,hybrid,0.8928571428571429,,15,60,2025-11-10T11:49:30,1762755570000,12,720.9406720998089
2025-11-10T11:37:30,1762754850000,SENSEX,hybrid,0.8928571428571429,,15,60,2025-11-10T11:50:30,1762755630000,13,723.4065845298439
2025-11-10T11:37:30,1762754850000,SENSEX,hybrid,0.8928571428571429,,15,60,2025-11-10T11:51:30,1762755690000,14,722.7082600041273
2025-11-10T11:37:30,1762754850000,SENSEX,hybrid,0.8928571428571429,,15,60,2025-11-10T11:52:30,1762755750000,15,723.9564575093304
2025-11-10T11:37:30,1762754850000,SENSEX,hybrid,0.8928571428571429,,15,60,2025-11-10T11:53:30,1762755810000,16,723.9379823334807
2025-11-10T11:37:30,1762754850000,SENSEX,hybrid,0.8928571428571429,,15,60,2025-11-10T11:54:30,1762755870000,17,723.1144343011237
2025-11-10T11:37:30,1762754850000,SENSEX,hybrid,0.8928571428571429,,15,60,2025-11-10T11:55:30,1762755930000,18,719.4586482973102
2025-11-10T11:37:30,1762754850000,SENSEX,hybrid,0.8928571428571429,,15,60,2025-11-10T11:56:30,1762755990000,19,723.0489461066674
2025-11-10T11:37:30,1762754850000,SENSEX,hybrid,0.8928571428571429,,15,60,2025-11-10T11:57:30,1762756050000,20,722.7638653426553
2025-11-10T11:37:30,1762754850000,SENSEX,hybrid,0.8928571428571429,,15,60,2025-11-10T11:58:30,1762756110000,21,719.6570601811875
2025-11-10T11:37:30,1762754850000,SENSEX,hybrid,0.8928571428571429,,15,60,2025-11-10T11:59:30,1762756170000,22,723.1959492329834
2025-11-10T11:37:30,1762754850000,SENSEX,hybrid,0.8928571428571429,,15,60,2025-11-10T12:00:30,1762756230000,23,723.028555725113
2025-11-10T11:37:30,1762754850000,SENSEX,hybrid,0.8928571428571429,,15,60,2025-11-10T12:01:30,1762756290000,24,720.0278067721505
2025-11-10T11:37:30,1762754850000,SENSEX,hybrid,0.8928571428571429,,15,60,2025-11-10T12:02:30,1762756350000,25,722.4935339159314
2025-11-10T11:37:30,1762754850000,SENSEX,hybrid,0.8928571428571429,,15,60,2025-11-10T12:03:30,1762756410000,26,723.3801623440397
2025-11-10T11:37:30,1762754850000,SENSEX,hybrid,0.8928571428571429,,15,60,2025-11-10T12:04:30,1762756470000,27,721.4621143442424
2025-11-10T11:37:30,1762754850000,SENSEX,hybrid,0.8928571428571429,,15,60,2025-11-10T12:05:30,1762756530000,28,723.2106331759643
2025-11-10T11:37:30,1762754850000,SENSEX,hybrid,0.8928571428571429,,15,60,2025-11-10T12:06:30,1762756590000,29,721.1049066195937
2025-11-10T11:37:30,1762754850000,SENSEX,hybrid,0.8928571428571429,,15,60,2025-11-10T12:07:30,1762756650000,30,717.4959714294191
2025-11-10T11:37:30,1762754850000,SENSEX,hybrid,0.8928571428571429,,15,60,2025-11-10T12:08:30,1762756710000,31,722.2416951598345
2025-11-10T11:37:30,1762754850000,SENSEX,hybrid,0.8928571428571429,,15,60,2025-11-10T12:09:30,1762756770000,32,721.2451960232682
2025-11-10T11:37:30,1762754850000,SENSEX,hybrid,0.8928571428571429,,15,60,2025-11-10T12:10:30,1762756830000,33,716.4387926122336
2025-11-10T11:37:30,1762754850000,SENSEX,hybrid,0.8928571428571429,,15,60,2025-11-10T12:11:30,1762756890000,34,720.1329405998408
2025-11-10T11:37:30,1762754850000,SENSEX,hybrid,0.8928571428571429,,15,60,2025-11-10T12:12:30,1762756950000,35,720.797635590675
2025-11-10T11:37:30,1762754850000,SENSEX,hybrid,0.8928571428571429,,15,60,2025-11-10T12:13:30,1762757010000,36,716.3528959191278
2025-11-10T11:37:30,1762754850000,SENSEX,hybrid,0.8928571428571429,,15,60,2025-11-10T12:14:30,1762757070000,37,721.122549997688
2025-11-10T11:37:30,1762754850000,SENSEX,hybrid,0.8928571428571429,,15,60,2025-11-10T12:15:30,1762757130000,38,720.4959518039369
2025-11-10T11:37:30,1762754850000,SENSEX,hybrid,0.8928571428571429,,15,60,2025-11-10T12:16:30,1762757190000,39,717.0219307516323
2025-11-10T11:37:30,1762754850000,SENSEX,hybrid,0.8928571428571429,,15,60,2025-11-10T12:17:30,1762757250000,40,721.201522252983
2025-11-10T11:37:30,1762754850000,SENSEX,hybrid,0.8928571428571429,,15,60,2025-11-10T12:18:30,1762757310000,41,720.6804931096129
2025-11-10T11:37:30,1762754850000,SENSEX,hybrid,0.8928571428571429,,15,60,2025-11-10T12:19:30,1762757370000,42,716.7899514570702
2025-11-10T11:37:30,1762754850000,SENSEX,hybrid,0.8928571428571429,,15,60,2025-11-10T12:20:30,1762757430000,43,722.1893982891831
2025-11-10T11:37:30,1762754850000,SENSEX,hybrid,0.8928571428571429,,15,60,2025-11-10T12:21:30,1762757490000,44,721.4246692529135
2025-11-10T11:37:30,1762754850000,SENSEX,hybrid,0.8928571428571429,,15,60,2025-11-10T12:22:30,1762757550000,45,718.0899207208344
2025-11-10T11:37:30,1762754850000,SENSEX,hybrid,0.8928571428571429,,15,60,2025-11-10T12:23:30,1762757610000,46,722.1503556803634
2025-11-10T11:37:30,1762754850000,SENSEX,hybrid,0.8928571428571429,,15,60,2025-11-10T12:24:30,1762757670000,47,721.781306299347
2025-11-10T11:37:30,1762754850000,SENSEX,hybrid,0.8928571428571429,,15,60,2025-11-10T12:25:30,1762757730000,48,718.7273064404634
2025-11-10T11:37:30,1762754850000,SENSEX,hybrid,0.8928571428571429,,15,60,2025-11-10T12:26:30,1762757790000,49,723.18214504853
2025-11-10T11:37:30,1762754850000,SENSEX,hybrid,0.8928571428571429,,15,60,2025-11-10T12:27:30,1762757850000,50,722.2813681856061
2025-11-10T11:37:30,1762754850000,SENSEX,hybrid,0.8928571428571429,,15,60,2025-11-10T12:28:30,1762757910000,51,719.7227442629336
2025-11-10T11:37:30,1762754850000,SENSEX,hybrid,0.8928571428571429,,15,60,2025-11-10T12:29:30,1762757970000,52,723.5139436147704
2025-11-10T11:37:30,1762754850000,SENSEX,hybrid,0.8928571428571429,,15,60,2025-11-10T12:30:30,1762758030000,53,723.4100944384168
2025-11-10T11:37:30,1762754850000,SENSEX,hybrid,0.8928571428571429,,15,60,2025-11-10T12:31:30,1762758090000,54,719.3074454674977
2025-11-10T11:37:30,1762754850000,SENSEX,hybrid,0.8928571428571429,,15,60,2025-11-10T12:32:30,1762758150000,55,723.8648453170528
2025-11-10T11:37:30,1762754850000,SENSEX,hybrid,0.8928571428571429,,15,60,2025-11-10T12:33:30,1762758210000,56,720.5803279435621
2025-11-10T11:37:30,1762754850000,SENSEX,hybrid,0.8928571428571429,,15,60,2025-11-10T12:34:30,1762758270000,57,719.3604545075298
2025-11-10T11:37:30,1762754850000,SENSEX,hybrid,0.8928571428571429,,15,60,2025-11-10T12:35:30,1762758330000,58,722.4474477352651
2025-11-10T11:37:30,1762754850000,SENSEX,hybrid,0.8928571428571429,,15,60,2025-11-10T12:36:30,1762758390000,59,720.8809327995837
2025-11-10T11:37:30,1762754850000,SENSEX,hybrid,0.8928571428571429,,15,60,2025-11-10T12:37:30,1762758450000,60,717.6971034836452
2025-11-10T11:37:30,1762754850000,SENSEX,hybrid,0.8928571428571429,,15,60,2025-11-10T11:38:30,1762754910000,1,723.95
2025-11-10T11:37:30,1762754850000,SENSEX,hybrid,0.8928571428571429,,15,60,2025-11-10T11:39:30,1762754970000,2,723.3360541252272
2025-11-10T11:37:30,1762754850000,SENSEX,hybrid,0.8928571428571429,,15,60,2025-11-10T11:40:30,1762755030000,3,719.5024596119622
2025-11-10T11:37:30,1762754850000,SENSEX,hybrid,0.8928571428571429,,15,60,2025-11-10T11:41:30,1762755090000,4,722.4254877033416
2025-11-10T11:37:30,1762754850000,SENSEX,hybrid,0.8928571428571429,,15,60,2025-11-10T11:42:30,1762755150000,5,721.3578328132845
2025-11-10T11:37:30,1762754850000,SENSEX,hybrid,0.8928571428571429,,15,60,2025-11-10T11:43:30,1762755210000,6,719.0827193521718
2025-11-10T11:37:30,1762754850000,SENSEX,hybrid,0.8928571428571429,,15,60,2025-11-10T11:44:30,1762755270000,7,722.4414874673498
2025-11-10T11:37:30,1762754850000,SENSEX,hybrid,0.8928571428571429,,15,60,2025-11-10T11:45:30,1762755330000,8,723.3275034873787
2025-11-10T11:37:30,1762754850000,SENSEX,hybrid,0.8928571428571429,,15,60,2025-11-10T11:46:30,1762755390000,9,720.6789023199839
2025-11-10T11:37:30,1762754850000,SENSEX,hybrid,0.8928571428571429,,15,60,2025-11-10T11:47:30,1762755450000,10,727.8476530698567
2025-11-10T11:37:30,1762754850000,SENSEX,hybrid,0.8928571428571429,,15,60,2025-11-10T11:48:30,1762755510000,11,723.577733487177
2025-11-10T11:37:30,1762754850000,SENSEX,hybrid,0.8928571428571429,,15,60,2025-11-10T11:49:30,1762755570000,12,720.9406720998089
2025-11-10T11:37:30,1762754850000,SENSEX,hybrid,0.8928571428571429,,15,60,2025-11-10T11:50:30,1762755630000,13,723.4065845298439
2025-11-10T11:37:30,1762754850000,SENSEX,hybrid,0.8928571428571429,,15,60,2025-11-10T11:51:30,1762755690000,14,722.7082600041273
2025-11-10T11:37:30,1762754850000,SENSEX,hybrid,0.8928571428571429,,15,60,2025-11-10T11:52:30,1762755750000,15,723.9564575093304
2025-11-10T11:37:30,1762754850000,SENSEX,hybrid,0.8928571428571429,,15,60,2025-11-10T11:53:30,1762755810000,16,723.9379823334807
2025-11-10T11:37:30,1762754850000,SENSEX,hybrid,0.8928571428571429,,15,60,2025-11-10T11:54:30,1762755870000,17,723.1144343011237
2025-11-10T11:37:30,1762754850000,SENSEX,hybrid,0.8928571428571429,,15,60,2025-11-10T11:55:30,1762755930000,18,719.4586482973102
2025-11-10T11:37:30,1762754850000,SENSEX,hybrid,0.8928571428571429,,15,60,2025-11-10T11:56:30,1762755990000,19,723.0489461066674
2025-11-10T11:37:30,1762754850000,SENSEX,hybrid,0.8928571428571429,,15,60,2025-11-10T11:57:30,1762756050000,20,722.7638653426553
2025-11-10T11:37:30,1762754850000,SENSEX,hybrid,0.8928571428571429,,15,60,2025-11-10T11:58:30,1762756110000,21,719.6570601811875
2025-11-10T11:37:30,1762754850000,SENSEX,hybrid,0.8928571428571429,,15,60,2025-11-10T11:59:30,1762756170000,22,723.1959492329834
2025-11-10T11:37:30,1762754850000,SENSEX,hybrid,0.8928571428571429,,15,60,2025-11-10T12:00:30,1762756230000,23,723.028555725113
2025-11-10T11:37:30,1762754850000,SENSEX,hybrid,0.8928571428571429,,15,60,2025-11-10T12:01:30,1762756290000,24,720.0278067721505
2025-11-10T11:37:30,1762754850000,SENSEX,hybrid,0.8928571428571429,,15,60,2025-11-10T12:02:30,1762756350000,25,722.4935339159314
2025-11-10T11:37:30,1762754850000,SENSEX,hybrid,0.8928571428571429,,15,60,2025-11-10T12:03:30,1762756410000,26,723.3801623440397
2025-11-10T11:37:30,1762754850000,SENSEX,hybrid,0.8928571428571429,,15,60,2025-11-10T12:04:30,1762756470000,27,721.4621143442424
2025-11-10T11:37:30,1762754850000,SENSEX,hybrid,0.8928571428571429,,15,60,2025-11-10T12:05:30,1762756530000,28,723.2106331759643
2025-11-10T11:37:30,1762754850000,SENSEX,hybrid,0.8928571428571429,,15,60,2025-11-10T12:06:30,1762756590000,29,721.1049066195937
2025-11-10T11:37:30,1762754850000,SENSEX,hybrid,0.8928571428571429,,15,60,2025-11-10T12:07:30,1762756650000,30,717.4959714294191
2025-11-10T11:37:30,1762754850000,SENSEX,hybrid,0.8928571428571429,,15,60,2025-11-10T12:08:30,1762756710000,31,722.2416951598345
2025-11-10T11:37:30,1762754850000,SENSEX,hybrid,0.8928571428571429,,15,60,2025-11-10T12:09:30,1762756770000,32,721.2451960232682
2025-11-10T11:37:30,1762754850000,SENSEX,hybrid,0.8928571428571429,,15,60,2025-11-10T12:10:30,1762756830000,33,716.4387926122336
2025-11-10T11:37:30,1762754850000,SENSEX,hybrid,0.8928571428571429,,15,60,2025-11-10T12:11:30,1762756890000,34,720.1329405998408
2025-11-10T11:37:30,1762754850000,SENSEX,hybrid,0.8928571428571429,,15,60,2025-11-10T12:12:30,1762756950000,35,720.797635590675
2025-11-10T11:37:30,1762754850000,SENSEX,hybrid,0.8928571428571429,,15,60,2025-11-10T12:13:30,1762757010000,36,716.3528959191278
2025-11-10T11:37:30,1762754850000,SENSEX,hybrid,0.8928571428571429,,15,60,2025-11-10T12:14:30,1762757070000,37,721.122549997688
2025-11-10T11:37:30,1762754850000,SENSEX,hybrid,0.8928571428571429,,15,60,2025-11-10T12:15:30,1762757130000,38,720.4959518039369
2025-11-10T11:37:30,1762754850000,SENSEX,hybrid,0.8928571428571429,,15,60,2025-11-10T12:16:30,1762757190000,39,717.0219307516323
2025-11-10T11:37:30,1762754850000,SENSEX,hybrid,0.8928571428571429,,15,60,2025-11-10T12:17:30,1762757250000,40,721.201522252983
2025-11-10T11:37:30,1762754850000,SENSEX,hybrid,0.8928571428571429,,15,60,2025-11-10T12:18:30,1762757310000,41,720.6804931096129
2025-11-10T11:37:30,1762754850000,SENSEX,hybrid,0.8928571428571429,,15,60,2025-11-10T12:19:30,1762757370000,42,716.7899514570702
2025-11-10T11:37:30,1762754850000,SENSEX,hybrid,0.8928571428571429,,15,60,2025-11-10T12:20:30,1762757430000,43,722.1893982891831
2025-11-10T11:37:30,1762754850000,SENSEX,hybrid,0.8928571428571429,,15,60,2025-11-10T12:21:30,1762757490000,44,721.4246692529135
2025-11-10T11:37:30,1762754850000,SENSEX,hybrid,0.8928571428571429,,15,60,2025-11-10T12:22:30,1762757550000,45,718.0899207208344
2025-11-10T11:37:30,1762754850000,SENSEX,hybrid,0.8928571428571429,,15,60,2025-11-10T12:23:30,1762757610000,46,722.1503556803634
2025-11-10T11:37:30,1762754850000,SENSEX,hybrid,0.8928571428571429,,15,60,2025-11-10T12:24:30,1762757670000,47,721.781306299347
2025-11-10T11:37:30,1762754850000,SENSEX,hybrid,0.8928571428571429,,15,60,2025-11-10T12:25:30,1762757730000,48,718.7273064404634
2025-11-10T11:37:30,1762754850000,SENSEX,hybrid,0.8928571428571429,,15,60,2025-11-10T12:26:30,1762757790000,49,723.18214504853
2025-11-10T11:37:30,1762754850000,SENSEX,hybrid,0.8928571428571429,,15,60,2025-11-10T12:27:30,1762757850000,50,722.2813681856061
2025-11-10T11:37:30,1762754850000,SENSEX,hybrid,0.8928571428571429,,15,60,2025-11-10T12:28:30,1762757910000,51,719.7227442629336
2025-11-10T11:37:30,1762754850000,SENSEX,hybrid,0.8928571428571429,,15,60,2025-11-10T12:29:30,1762757970000,52,723.5139436147704
2025-11-10T11:37:30,1762754850000,SENSEX,hybrid,0.8928571428571429,,15,60,2025-11-10T12:30:30,1762758030000,53,723.4100944384168
2025-11-10T11:37:30,1762754850000,SENSEX,hybrid,0.8928571428571429,,15,60,2025-11-10T12:31:30,1762758090000,54,719.3074454674977
2025-11-10T11:37:30,1762754850000,SENSEX,hybrid,0.8928571428571429,,15,60,2025-11-10T12:32:30,1762758150000,55,723.8648453170528
2025-11-10T11:37:30,1762754850000,SENSEX,hybrid,0.8928571428571429,,15,60,2025-11-10T12:33:30,1762758210000,56,720.5803279435621
2025-11-10T11:37:30,1762754850000,SENSEX,hybrid,0.8928571428571429,,15,60,2025-11-10T12:34:30,1762758270000,57,719.3604545075298
2025-11-10T11:37:30,1762754850000,SENSEX,hybrid,0.8928571428571429,,15,60,2025-11-10T12:35:30,1762758330000,58,722.4474477352651
2025-11-10T11:37:30,1762754850000,SENSEX,hybrid,0.8928571428571429,,15,60,2025-11-10T12:36:30,1762758390000,59,720.8809327995837
2025-11-10T11:37:30,1762754850000,SENSEX,hybrid,0.8928571428571429,,15,60,2025-11-10T12:37:30,1762758450000,60,717.6971034836452
2025-11-10T11:37:30,1762754850000,SENSEX,hybrid,0.8928571428571429,,15,60,2025-11-10T11:38:30,1762754910000,1,723.95
2025-11-10T11:37:30,1762754850000,SENSEX,hybrid,0.8928571428571429,,15,60,2025-11-10T11:39:30,1762754970000,2,723.3360541252272
2025-11-10T11:37:30,1762754850000,SENSEX,hybrid,0.8928571428571429,,15,60,2025-11-10T11:40:30,1762755030000,3,719.5024596119622
2025-11-10T11:37:30,1762754850000,SENSEX,hybrid,0.8928571428571429,,15,60,2025-11-10T11:41:30,1762755090000,4,722.4254877033416
2025-11-10T11:37:30,1762754850000,SENSEX,hybrid,0.8928571428571429,,15,60,2025-11-10T11:42:30,1762755150000,5,721.3578328132845
2025-11-10T11:37:30,1762754850000,SENSEX,hybrid,0.8928571428571429,,15,60,2025-11-10T11:43:30,1762755210000,6,719.0827193521718
2025-11-10T11:37:30,1762754850000,SENSEX,hybrid,0.8928571428571429,,15,60,2025-11-10T11:44:30,1762755270000,7,722.4414874673498
2025-11-10T11:37:30,1762754850000,SENSEX,hybrid,0.8928571428571429,,15,60,2025-11-10T11:45:30,1762755330000,8,723.3275034873787
2025-11-10T11:37:30,1762754850000,SENSEX,hybrid,0.8928571428571429,,15,60,2025-11-10T11:46:30,1762755390000,9,720.6789023199839
2025-11-10T11:37:30,1762754850000,SENSEX,hybrid,0.8928571428571429,,15,60,2025-11-10T11:47:30,1762755450000,10,727.8476530698567
2025-11-10T11:37:30,1762754850000,SENSEX,hybrid,0.8928571428571429,,15,60,2025-11-10T11:48:30,1762755510000,11,723.577733487177
2025-11-10T11:37:30,1762754850000,SENSEX,hybrid,0.8928571428571429,,15,60,2025-11-10T11:49:30,1762755570000,12,720.9406720998089
2025-11-10T11:37:30,1762754850000,SENSEX,hybrid,0.8928571428571429,,15,60,2025-11-10T11:50:30,1762755630000,13,723.4065845298439
2025-11-10T11:37:30,1762754850000,SENSEX,hybrid,0.8928571428571429,,15,60,2025-11-10T11:51:30,1762755690000,14,722.7082600041273
2025-11-10T11:37:30,1762754850000,SENSEX,hybrid,0.8928571428571429,,15,60,2025-11-10T11:52:30,1762755750000,15,723.9564575093304
2025-11-10T11:37:30,1762754850000,SENSEX,hybrid,0.8928571428571429,,15,60,2025-11-10T11:53:30,1762755810000,16,723.9379823334807
2025-11-10T11:37:30,1762754850000,SENSEX,hybrid,0.8928571428571429,,15,60,2025-11-10T11:54:30,1762755870000,17,723.1144343011237
2025-11-10T11:37:30,1762754850000,SENSEX,hybrid,0.8928571428571429,,15,60,2025-11-10T11:55:30,1762755930000,18,719.4586482973102
2025-11-10T11:37:30,1762754850000,SENSEX,hybrid,0.8928571428571429,,15,60,2025-11-10T11:56:30,1762755990000,19,723.0489461066674
2025-11-10T11:37:30,1762754850000,SENSEX,hybrid,0.8928571428571429,,15,60,2025-11-10T11:57:30,1762756050000,20,722.7638653426553
2025-11-10T11:37:30,1762754850000,SENSEX,hybrid,0.8928571428571429,,15,60,2025-11-10T11:58:30,1762756110000,21,719.6570601811875
2025-11-10T11:37:30,1762754850000,SENSEX,hybrid,0.8928571428571429,,15,60,2025-11-10T11:59:30,1762756170000,22,723.1959492329834
2025-11-10T11:37:30,1762754850000,SENSEX,hybrid,0.8928571428571429,,15,60,2025-11-10T12:00:30,1762756230000,23,723.028555725113
2025-11-10T11:37:30,1762754850000,SENSEX,hybrid,0.8928571428571429,,15,60,2025-11-10T12:01:30,1762756290000,24,720.0278067721505
2025-11-10T11:37:30,1762754850000,SENSEX,hybrid,0.8928571428571429,,15,60,2025-11-10T12:02:30,1762756350000,25,722.4935339159314
2025-11-10T11:37:30,1762754850000,SENSEX,hybrid,0.8928571428571429,,15,60,2025-11-10T12:03:30,1762756410000,26,723.3801623440397
2025-11-10T11:37:30,1762754850000,SENSEX,hybrid,0.8928571428571429,,15,60,2025-11-10T12:04:30,1762756470000,27,721.4621143442424
2025-11-10T11:37:30,1762754850000,SENSEX,hybrid,0.8928571428571429,,15,60,2025-11-10T12:05:30,1762756530000,28,723.2106331759643
2025-11-10T11:37:30,1762754850000,SENSEX,hybrid,0.8928571428571429,,15,60,2025-11-10T12:06:30,1762756590000,29,721.1049066195937
2025-11-10T11:37:30,1762754850000,SENSEX,hybrid,0.8928571428571429,,15,60,2025-11-10T12:07:30,1762756650000,30,717.4959714294191
2025-11-10T11:37:30,1762754850000,SENSEX,hybrid,0.8928571428571429,,15,60,2025-11-10T12:08:30,1762756710000,31,722.2416951598345
2025-11-10T11:37:30,1762754850000,SENSEX,hybrid,0.8928571428571429,,15,60,2025-11-10T12:09:30,1762756770000,32,721.2451960232682
2025-11-10T11:37:30,1762754850000,SENSEX,hybrid,0.8928571428571429,,15,60,2025-11-10T12:10:30,1762756830000,33,716.4387926122336
2025-11-10T11:37:30,1762754850000,SENSEX,hybrid,0.8928571428571429,,15,60,2025-11-10T12:11:30,1762756890000,34,720.1329405998408
2025-11-10T11:37:30,1762754850000,SENSEX,hybrid,0.8928571428571429,,15,60,2025-11-10T12:12:30,1762756950000,35,720.797635590675
2025-11-10T11:37:30,1762754850000,SENSEX,hybrid,0.8928571428571429,,15,60,2025-11-10T12:13:30,1762757010000,36,716.3528959191278
2025-11-10T11:37:30,1762754850000,SENSEX,hybrid,0.8928571428571429,,15,60,2025-11-10T12:14:30,1762757070000,37,721.122549997688
2025-11-10T11:37:30,1762754850000,SENSEX,hybrid,0.8928571428571429,,15,60,2025-11-10T12:15:30,1762757130000,38,720.4959518039369
2025-11-10T11:37:30,1762754850000,SENSEX,hybrid,0.8928571428571429,,15,60,2025-11-10T12:16:30,1762757190000,39,717.0219307516323
2025-11-10T11:37:30,1762754850000,SENSEX,hybrid,0.8928571428571429,,15,60,2025-11-10T12:17:30,1762757250000,40,721.201522252983
2025-11-10T11:37:30,1762754850000,SENSEX,hybrid,0.8928571428571429,,15,60,2025-11-10T12:18:30,1762757310000,41,720.6804931096129
2025-11-10T11:37:30,1762754850000,SENSEX,hybrid,0.8928571428571429,,15,60,2025-11-10T12:19:30,1762757370000,42,716.7899514570702
2025-11-10T11:37:30,1762754850000,SENSEX,hybrid,0.8928571428571429,,15,60,2025-11-10T12:20:30,1762757430000,43,722.1893982891831
2025-11-10T11:37:30,1762754850000,SENSEX,hybrid,0.8928571428571429,,15,60,2025-11-10T12:21:30,1762757490000,44,721.4246692529135
2025-11-10T11:37:30,1762754850000,SENSEX,hybrid,0.8928571428571429,,15,60,2025-11-10T12:22:30,1762757550000,45,718.0899207208344
2025-11-10T11:37:30,1762754850000,SENSEX,hybrid,0.8928571428571429,,15,60,2025-11-10T12:23:30,1762757610000,46,722.1503556803634
2025-11-10T11:37:30,1762754850000,SENSEX,hybrid,0.8928571428571429,,15,60,2025-11-10T12:24:30,1762757670000,47,721.781306299347
2025-11-10T11:37:30,1762754850000,SENSEX,hybrid,0.8928571428571429,,15,60,2025-11-10T12:25:30,1762757730000,48,718.7273064404634
2025-11-10T11:37:30,1762754850000,SENSEX,hybrid,0.8928571428571429,,15,60,2025-11-10T12:26:30,1762757790000,49,723.18214504853
2025-11-10T11:37:30,1762754850000,SENSEX,hybrid,0.8928571428571429,,15,60,2025-11-10T12:27:30,1762757850000,50,722.2813681856061
2025-11-10T11:37:30,1762754850000,SENSEX,hybrid,0.8928571428571429,,15,60,2025-11-10T12:28:30,1762757910000,51,719.7227442629336
2025-11-10T11:37:30,1762754850000,SENSEX,hybrid,0.8928571428571429,,15,60,2025-11-10T12:29:30,1762757970000,52,723.5139436147704
2025-11-10T11:37:30,1762754850000,SENSEX,hybrid,0.8928571428571429,,15,60,2025-11-10T12:30:30,1762758030000,53,723.4100944384168
2025-11-10T11:37:30,1762754850000,SENSEX,hybrid,0.8928571428571429,,15,60,2025-11-10T12:31:30,1762758090000,54,719.3074454674977
2025-11-10T11:37:30,1762754850000,SENSEX,hybrid,0.8928571428571429,,15,60,2025-11-10T12:32:30,1762758150000,55,723.8648453170528
2025-11-10T11:37:30,1762754850000,SENSEX,hybrid,0.8928571428571429,,15,60,2025-11-10T12:33:30,1762758210000,56,720.5803279435621
2025-11-10T11:37:30,1762754850000,SENSEX,hybrid,0.8928571428571429,,15,60,2025-11-10T12:34:30,1762758270000,57,719.3604545075298
2025-11-10T11:37:30,1762754850000,SENSEX,hybrid,0.8928571428571429,,15,60,2025-11-10T12:35:30,1762758330000,58,722.4474477352651
2025-11-10T11:37:30,1762754850000,SENSEX,hybrid,0.8928571428571429,,15,60,2025-11-10T12:36:30,1762758390000,59,720.8809327995837
2025-11-10T11:37:30,1762754850000,SENSEX,hybrid,0.8928571428571429,,15,60,2025-11-10T12:37:30,1762758450000,60,717.6971034836452
2025-11-10T11:37:30,1762754850000,SENSEX,hybrid,0.8928571428571429,,15,60,2025-11-10T11:38:30,1762754910000,1,723.95
2025-11-10T11:37:30,1762754850000,SENSEX,hybrid,0.8928571428571429,,15,60,2025-11-10T11:39:30,1762754970000,2,723.3360541252272
2025-11-10T11:37:30,1762754850000,SENSEX,hybrid,0.8928571428571429,,15,60,2025-11-10T11:40:30,1762755030000,3,719.5024596119622
2025-11-10T11:37:30,1762754850000,SENSEX,hybrid,0.8928571428571429,,15,60,2025-11-10T11:41:30,1762755090000,4,722.4254877033416
2025-11-10T11:37:30,1762754850000,SENSEX,hybrid,0.8928571428571429,,15,60,2025-11-10T11:42:30,1762755150000,5,721.3578328132845
2025-11-10T11:37:30,1762754850000,SENSEX,hybrid,0.8928571428571429,,15,60,2025-11-10T11:43:30,1762755210000,6,719.0827193521718
2025-11-10T11:37:30,1762754850000,SENSEX,hybrid,0.8928571428571429,,15,60,2025-11-10T11:44:30,1762755270000,7,722.4414874673498
2025-11-10T11:37:30,1762754850000,SENSEX,hybrid,0.8928571428571429,,15,60,2025-11-10T11:45:30,1762755330000,8,723.3275034873787
2025-11-10T11:37:30,1762754850000,SENSEX,hybrid,0.8928571428571429,,15,60,2025-11-10T11:46:30,1762755390000,9,720.6789023199839
2025-11-10T11:37:30,1762754850000,SENSEX,hybrid,0.8928571428571429,,15,60,2025-11-10T11:47:30,1762755450000,10,727.8476530698567
2025-11-10T11:37:30,1762754850000,SENSEX,hybrid,0.8928571428571429,,15,60,2025-11-10T11:48:30,1762755510000,11,723.577733487177
2025-11-10T11:37:30,1762754850000,SENSEX,hybrid,0.8928571428571429,,15,60,2025-11-10T11:49:30,1762755570000,12,720.9406720998089
2025-11-10T11:37:30,1762754850000,SENSEX,hybrid,0.8928571428571429,,15,60,2025-11-10T11:50:30,1762755630000,13,723.4065845298439
2025-11-10T11:37:30,1762754850000,SENSEX,hybrid,0.8928571428571429,,15,60,2025-11-10T11:51:30,1762755690000,14,722.7082600041273
2025-11-10T11:37:30,1762754850000,SENSEX,hybrid,0.8928571428571429,,15,60,2025-11-10T11:52:30,1762755750000,15,723.9564575093304
2025-11-10T11:37:30,1762754850000,SENSEX,hybrid,0.8928571428571429,,15,60,2025-11-10T11:53:30,1762755810000,16,723.9379823334807
2025-11-10T11:37:30,1762754850000,SENSEX,hybrid,0.8928571428571429,,15,60,2025-11-10T11:54:30,1762755870000,17,723.1144343011237
2025-11-10T11:37:30,1762754850000,SENSEX,hybrid,0.8928571428571429,,15,60,2025-11-10T11:55:30,1762755930000,18,719.4586482973102
2025-11-10T11:37:30,1762754850000,SENSEX,hybrid,0.8928571428571429,,15,60,2025-11-10T11:56:30,1762755990000,19,723.0489461066674
2025-11-10T11:37:30,1762754850000,SENSEX,hybrid,0.8928571428571429,,15,60,2025-11-10T11:57:30,1762756050000,20,722.7638653426553
2025-11-10T11:37:30,1762754850000,SENSEX,hybrid,0.8928571428571429,,15,60,2025-11-10T11:58:30,1762756110000,21,719.6570601811875
2025-11-10T11:37:30,1762754850000,SENSEX,hybrid,0.8928571428571429,,15,60,2025-11-10T11:59:30,1762756170000,22,723.1959492329834
2025-11-10T11:37:30,1762754850000,SENSEX,hybrid,0.8928571428571429,,15,60,2025-11-10T12:00:30,1762756230000,23,723.028555725113
2025-11-10T11:37:30,1762754850000,SENSEX,hybrid,0.8928571428571429,,15,60,2025-11-10T12:01:30,1762756290000,24,720.0278067721505
2025-11-10T11:37:30,1762754850000,SENSEX,hybrid,0.8928571428571429,,15,60,2025-11-10T12:02:30,1762756350000,25,722.4935339159314
2025-11-10T11:37:30,1762754850000,SENSEX,hybrid,0.8928571428571429,,15,60,2025-11-10T12:03:30,1762756410000,26,723.3801623440397
2025-11-10T11:37:30,1762754850000,SENSEX,hybrid,0.8928571428571429,,15,60,2025-11-10T12:04:30,1762756470000,27,721.4621143442424
2025-11-10T11:37:30,1762754850000,SENSEX,hybrid,0.8928571428571429,,15,60,2025-11-10T12:05:30,1762756530000,28,723.2106331759643
2025-11-10T11:37:30,1762754850000,SENSEX,hybrid,0.8928571428571429,,15,60,2025-11-10T12:06:30,1762756590000,29,721.1049066195937
2025-11-10T11:37:30,1762754850000,SENSEX,hybrid,0.8928571428571429,,15,60,2025-11-10T12:07:30,1762756650000,30,717.4959714294191
2025-11-10T11:37:30,1762754850000,SENSEX,hybrid,0.8928571428571429,,15,60,2025-11-10T12:08:30,1762756710000,31,722.2416951598345
2025-11-10T11:37:30,1762754850000,SENSEX,hybrid,0.8928571428571429,,15,60,2025-11-10T12:09:30,1762756770000,32,721.2451960232682
2025-11-10T11:37:30,1762754850000,SENSEX,hybrid,0.8928571428571429,,15,60,2025-11-10T12:10:30,1762756830000,33,716.4387926122336
2025-11-10T11:37:30,1762754850000,SENSEX,hybrid,0.8928571428571429,,15,60,2025-11-10T12:11:30,1762756890000,34,720.1329405998408
2025-11-10T11:37:30,1762754850000,SENSEX,hybrid,0.8928571428571429,,15,60,2025-11-10T12:12:30,1762756950000,35,720.797635590675
2025-11-10T11:37:30,1762754850000,SENSEX,hybrid,0.8928571428571429,,15,60,2025-11-10T12:13:30,1762757010000,36,716.3528959191278
2025-11-10T11:37:30,1762754850000,SENSEX,hybrid,0.8928571428571429,,15,60,2025-11-10T12:14:30,1762757070000,37,721.122549997688
2025-11-10T11:37:30,1762754850000,SENSEX,hybrid,0.8928571428571429,,15,60,2025-11-10T12:15:30,1762757130000,38,720.4959518039369
2025-11-10T11:37:30,1762754850000,SENSEX,hybrid,0.8928571428571429,,15,60,2025-11-10T12:16:30,1762757190000,39,717.0219307516323
2025-11-10T11:37:30,1762754850000,SENSEX,hybrid,0.8928571428571429,,15,60,2025-11-10T12:17:30,1762757250000,40,721.201522252983
2025-11-10T11:37:30,1762754850000,SENSEX,hybrid,0.8928571428571429,,15,60,2025-11-10T12:18:30,1762757310000,41,720.6804931096129
2025-11-10T11:37:30,1762754850000,SENSEX,hybrid,0.8928571428571429,,15,60,2025-11-10T12:19:30,1762757370000,42,716.7899514570702
2025-11-10T11:37:30,1762754850000,SENSEX,hybrid,0.8928571428571429,,15,60,2025-11-10T12:20:30,1762757430000,43,722.1893982891831
2025-11-10T11:37:30,1762754850000,SENSEX,hybrid,0.8928571428571429,,15,60,2025-11-10T12:21:30,1762757490000,44,721.4246692529135
2025-11-10T11:37:30,1762754850000,SENSEX,hybrid,0.8928571428571429,,15,60,2025-11-10T12:22:30,1762757550000,45,718.0899207208344
2025-11-10T11:37:30,1762754850000,SENSEX,hybrid,0.8928571428571429,,15,60,2025-11-10T12:23:30,1762757610000,46,722.1503556803634
2025-11-10T11:37:30,1762754850000,SENSEX,hybrid,0.8928571428571429,,15,60,2025-11-10T12:24:30,1762757670000,47,721.781306299347
2025-11-10T11:37:30,1762754850000,SENSEX,hybrid,0.8928571428571429,,15,60,2025-11-10T12:25:30,1762757730000,48,718.7273064404634
2025-11-10T11:37:30,1762754850000,SENSEX,hybrid,0.8928571428571429,,15,60,2025-11-10T12:26:30,1762757790000,49,723.18214504853
2025-11-10T11:37:30,1762754850000,SENSEX,hybrid,0.8928571428571429,,15,60,2025-11-10T12:27:30,1762757850000,50,722.2813681856061
2025-11-10T11:37:30,1762754850000,SENSEX,hybrid,0.8928571428571429,,15,60,2025-11-10T12:28:30,1762757910000,51,719.7227442629336
2025-11-10T11:37:30,1762754850000,SENSEX,hybrid,0.8928571428571429,,15,60,2025-11-10T12:29:30,1762757970000,52,723.5139436147704
2025-11-10T11:37:30,1762754850000,SENSEX,hybrid,0.8928571428571429,,15,60,2025-11-10T12:30:30,1762758030000,53,723.4100944384168
2025-11-10T11:37:30,1762754850000,SENSEX,hybrid,0.8928571428571429,,15,60,2025-11-10T12:31:30,1762758090000,54,719.3074454674977
2025-11-10T11:37:30,1762754850000,SENSEX,hybrid,0.8928571428571429,,15,60,2025-11-10T12:32:30,1762758150000,55,723.8648453170528
2025-11-10T11:37:30,1762754850000,SENSEX,hybrid,0.8928571428571429,,15,60,2025-11-10T12:33:30,1762758210000,56,720.5803279435621
2025-11-10T11:37:30,1762754850000,SENSEX,hybrid,0.8928571428571429,,15,60,2025-11-10T12:34:30,1762758270000,57,719.3604545075298
2025-11-10T11:37:30,1762754850000,SENSEX,hybrid,0.8928571428571429,,15,60,2025-11-10T12:35:30,1762758330000,58,722.4474477352651
2025-11-10T11:37:30,1762754850000,SENSEX,hybrid,0.8928571428571429,,15,60,2025-11-10T12:36:30,1762758390000,59,720.8809327995837
2025-11-10T11:37:30,1762754850000,SENSEX,hybrid,0.8928571428571429,,15,60,2025-11-10T12:37:30,1762758450000,60,717.6971034836452
2025-11-10T11:37:30,1762754850000,SENSEX,hybrid,0.8928571428571429,,15,60,2025-11-10T11:38:30,1762754910000,1,1224.9
2025-11-10T11:37:30,1762754850000,SENSEX,hybrid,0.8928571428571429,,15,60,2025-11-10T11:39:30,1762754970000,2,1224.2772930268009
2025-11-10T11:37:30,1762754850000,SENSEX,hybrid,0.8928571428571429,,15,60,2025-11-10T11:40:30,1762755030000,3,1220.179002777745
2025-11-10T11:37:30,1762754850000,SENSEX,hybrid,0.8928571428571429,,15,60,2025-11-10T11:41:30,1762755090000,4,1223.1446644095547
2025-11-10T11:37:30,1762754850000,SENSEX,hybrid,0.8928571428571429,,15,60,2025-11-10T11:42:30,1762755150000,5,1222.3844159285077
2025-11-10T11:37:30,1762754850000,SENSEX,hybrid,0.8928571428571429,,15,60,2025-11-10T11:43:30,1762755210000,6,1219.5408405350015
2025-11-10T11:37:30,1762754850000,SENSEX,hybrid,0.8928571428571429,,15,60,2025-11-10T11:44:30,1762755270000,7,1224.6188353139275
2025-11-10T11:37:30,1762754850000,SENSEX,hybrid,0.8928571428571429,,15,60,2025-11-10T11:45:30,1762755330000,8,1224.8825521387066
2025-11-10T11:37:30,1762754850000,SENSEX,hybrid,0.8928571428571429,,15,60,2025-11-10T11:46:30,1762755390000,9,1221.9064916174987
2025-11-10T11:37:30,1762754850000,SENSEX,hybrid,0.8928571428571429,,15,60,2025-11-10T11:47:30,1762755450000,10,1225.6365441594673
2025-11-10T11:37:30,1762754850000,SENSEX,hybrid,0.8928571428571429,,15,60,2025-11-10T11:48:30,1762755510000,11,1225.6901071902535
2025-11-10T11:37:30,1762754850000,SENSEX,hybrid,0.8928571428571429,,15,60,2025-11-10T11:49:30,1762755570000,12,1222.1704895264666
2025-11-10T11:37:30,1762754850000,SENSEX,hybrid,0.8928571428571429,,15,60,2025-11-10T11:50:30,1762755630000,13,1224.2063633701023
2025-11-10T11:37:30,1762754850000,SENSEX,hybrid,0.8928571428571429,,15,60,2025-11-10T11:51:30,1762755690000,14,1223.243002963427
2025-11-10T11:37:30,1762754850000,SENSEX,hybrid,0.8928571428571429,,15,60,2025-11-10T11:52:30,1762755750000,15,1221.4326394119591
2025-11-10T11:37:30,1762754850000,SENSEX,hybrid,0.8928571428571429,,15,60,2025-11-10T11:53:30,1762755810000,16,1222.6227599138597
2025-11-10T11:37:30,1762754850000,SENSEX,hybrid,0.8928571428571429,,15,60,2025-11-10T11:54:30,1762755870000,17,1222.5740076368372
2025-11-10T11:37:30,1762754850000,SENSEX,hybrid,0.8928571428571429,,15,60,2025-11-10T11:55:30,1762755930000,18,1218.499997336786
2025-11-10T11:37:30,1762754850000,SENSEX,hybrid,0.8928571428571429,,15,60,2025-11-10T11:56:30,1762755990000,19,1222.5783625182623
2025-11-10T11:37:30,1762754850000,SENSEX,hybrid,0.8928571428571429,,15,60,2025-11-10T11:57:30,1762756050000,20,1223.465465647037
2025-11-10T11:37:30,1762754850000,SENSEX,hybrid,0.8928571428571429,,15,60,2025-11-10T11:58:30,1762756110000,21,1219.450187047263
2025-11-10T11:37:30,1762754850000,SENSEX,hybrid,0.8928571428571429,,15,60,2025-11-10T11:59:30,1762756170000,22,1223.0377798468633
2025-11-10T11:37:30,1762754850000,SENSEX,hybrid,0.8928571428571429,,15,60,2025-11-10T12:00:30,1762756230000,23,1223.6230740246249
2025-11-10T11:37:30,1762754850000,SENSEX,hybrid,0.8928571428571429,,15,60,2025-11-10T12:01:30,1762756290000,24,1220.4542792201823
2025-11-10T11:37:30,1762754850000,SENSEX,hybrid,0.8928571428571429,,15,60,2025-11-10T12:02:30,1762756350000,25,1222.2906267734854
2025-11-10T11:37:30,1762754850000,SENSEX,hybrid,0.8928571428571429,,15,60,2025-11-10T12:03:30,1762756410000,26,1222.5652836566796
2025-11-10T11:37:30,1762754850000,SENSEX,hybrid,0.8928571428571429,,15,60,2025-11-10T12:04:30,1762756470000,27,1220.2654314184763
2025-11-10T11:37:30,1762754850000,SENSEX,hybrid,0.8928571428571429,,15,60,2025-11-10T12:05:30,1762756530000,28,1220.424295866059
2025-11-10T11:37:30,1762754850000,SENSEX,hybrid,0.8928571428571429,,15,60,2025-11-10T12:06:30,1762756590000,29,1220.8790806706295
2025-11-10T11:37:30,1762754850000,SENSEX,hybrid,0.8928571428571429,,15,60,2025-11-10T12:07:30,1762756650000,30,1215.6331788977034
2025-11-10T11:37:30,1762754850000,SENSEX,hybrid,0.8928571428571429,,15,60,2025-11-10T12:08:30,1762756710000,31,1219.798298226845
2025-11-10T11:37:30,1762754850000,SENSEX,hybrid,0.8928571428571429,,15,60,2025-11-10T12:09:30,1762756770000,32,1219.8688886945035
2025-11-10T11:37:30,1762754850000,SENSEX,hybrid,0.8928571428571429,,15,60,2025-11-10T12:10:30,1762756830000,33,1214.772889557916
2025-11-10T11:37:30,1762754850000,SENSEX,hybrid,0.8928571428571429,,15,60,2025-11-10T12:11:30,1762756890000,34,1218.0104636765286
2025-11-10T11:37:30,1762754850000,SENSEX,hybrid,0.8928571428571429,,15,60,2025-11-10T12:12:30,1762756950000,35,1219.043864283139
2025-11-10T11:37:30,1762754850000,SENSEX,hybrid,0.8928571428571429,,15,60,2025-11-10T12:13:30,1762757010000,36,1215.9306662701224
2025-11-10T11:37:30,1762754850000,SENSEX,hybrid,0.8928571428571429,,15,60,2025-11-10T12:14:30,1762757070000,37,1218.417319185537
2025-11-10T11:37:30,1762754850000,SENSEX,hybrid,0.8928571428571429,,15,60,2025-11-10T12:15:30,1762757130000,38,1218.9666909327611
2025-11-10T11:37:30,1762754850000,SENSEX,hybrid,0.8928571428571429,,15,60,2025-11-10T12:16:30,1762757190000,39,1214.8459323390423
2025-11-10T11:37:30,1762754850000,SENSEX,hybrid,0.8928571428571429,,15,60,2025-11-10T12:17:30,1762757250000,40,1218.4563117127805
2025-11-10T11:37:30,1762754850000,SENSEX,hybrid,0.8928571428571429,,15,60,2025-11-10T12:18:30,1762757310000,41,1219.7242782363828
2025-11-10T11:37:30,1762754850000,SENSEX,hybrid,0.8928571428571429,,15,60,2025-11-10T12:19:30,1762757370000,42,1216.1349925220973
2025-11-10T11:37:30,1762754850000,SENSEX,hybrid,0.8928571428571429,,15,60,2025-11-10T12:20:30,1762757430000,43,1220.7893506951605
2025-11-10T11:37:30,1762754850000,SENSEX,hybrid,0.8928571428571429,,15,60,2025-11-10T12:21:30,1762757490000,44,1221.1475964367937
2025-11-10T11:37:30,1762754850000,SENSEX,hybrid,0.8928571428571429,,15,60,2025-11-10T12:22:30,1762757550000,45,1217.197964753565
2025-11-10T11:37:30,1762754850000,SENSEX,hybrid,0.8928571428571429,,15,60,2025-11-10T12:23:30,1762757610000,46,1222.3890442704069
2025-11-10T11:37:30,1762754850000,SENSEX,hybrid,0.8928571428571429,,15,60,2025-11-10T12:24:30,1762757670000,47,1221.9331348505
2025-11-10T11:37:30,1762754850000,SENSEX,hybrid,0.8928571428571429,,15,60,2025-11-10T12:25:30,1762757730000,48,1218.0513306938437
2025-11-10T11:37:30,1762754850000,SENSEX,hybrid,0.8928571428571429,,15,60,2025-11-10T12:26:30,1762757790000,49,1222.6939008741383
2025-11-10T11:37:30,1762754850000,SENSEX,hybrid,0.8928571428571429,,15,60,2025-11-10T12:27:30,1762757850000,50,1221.9395390082764
2025-11-10T11:37:30,1762754850000,SENSEX,hybrid,0.8928571428571429,,15,60,2025-11-10T12:28:30,1762757910000,51,1218.0032887970776
2025-11-10T11:37:30,1762754850000,SENSEX,hybrid,0.8928571428571429,,15,60,2025-11-10T12:29:30,1762757970000,52,1222.1681663064192
2025-11-10T11:37:30,1762754850000,SENSEX,hybrid,0.8928571428571429,,15,60,2025-11-10T12:30:30,1762758030000,53,1222.1814029399618
2025-11-10T11:37:30,1762754850000,SENSEX,hybrid,0.8928571428571429,,15,60,2025-11-10T12:31:30,1762758090000,54,1212.6331033210308
2025-11-10T11:37:30,1762754850000,SENSEX,hybrid,0.8928571428571429,,15,60,2025-11-10T12:32:30,1762758150000,55,1222.5122283415533
2025-11-10T11:37:30,1762754850000,SENSEX,hybrid,0.8928571428571429,,15,60,2025-11-10T12:33:30,1762758210000,56,1222.2594632790986
2025-11-10T11:37:30,1762754850000,SENSEX,hybrid,0.8928571428571429,,15,60,2025-11-10T12:34:30,1762758270000,57,1219.0039436590819
2025-11-10T11:37:30,1762754850000,SENSEX,hybrid,0.8928571428571429,,15,60,2025-11-10T12:35:30,1762758330000,58,1217.6149950683784
2025-11-10T11:37:30,1762754850000,SENSEX,hybrid,0.8928571428571429,,15,60,2025-11-10T12:36:30,1762758390000,59,1220.9081860073077
2025-11-10T11:37:30,1762754850000,SENSEX,hybrid,0.8928571428571429,,15,60,2025-11-10T12:37:30,1762758450000,60,1213.7027587108723
2025-11-10T11:37:30,1762754850000,SENSEX,hybrid,0.8928571428571429,,15,60,2025-11-10T11:38:30,1762754910000,1,1224.9
2025-11-10T11:37:30,1762754850000,SENSEX,hybrid,0.8928571428571429,,15,60,2025-11-10T11:39:30,1762754970000,2,1224.2772930268009
2025-11-10T11:37:30,1762754850000,SENSEX,hybrid,0.8928571428571429,,15,60,2025-11-10T11:40:30,1762755030000,3,1220.179002777745
2025-11-10T11:37:30,1762754850000,SENSEX,hybrid,0.8928571428571429,,15,60,2025-11-10T11:41:30,1762755090000,4,1223.1446644095547
2025-11-10T11:37:30,1762754850000,SENSEX,hybrid,0.8928571428571429,,15,60,2025-11-10T11:42:30,1762755150000,5,1222.3844159285077
2025-11-10T11:37:30,1762754850000,SENSEX,hybrid,0.8928571428571429,,15,60,2025-11-10T11:43:30,1762755210000,6,1219.5408405350015
2025-11-10T11:37:30,1762754850000,SENSEX,hybrid,0.8928571428571429,,15,60,2025-11-10T11:44:30,1762755270000,7,1224.6188353139275
2025-11-10T11:37:30,1762754850000,SENSEX,hybrid,0.8928571428571429,,15,60,2025-11-10T11:45:30,1762755330000,8,1224.8825521387066
2025-11-10T11:37:30,1762754850000,SENSEX,hybrid,0.8928571428571429,,15,60,2025-11-10T11:46:30,1762755390000,9,1221.9064916174987
2025-11-10T11:37:30,1762754850000,SENSEX,hybrid,0.8928571428571429,,15,60,2025-11-10T11:47:30,1762755450000,10,1225.6365441594673
2025-11-10T11:37:30,1762754850000,SENSEX,hybrid,0.8928571428571429,,15,60,2025-11-10T11:48:30,1762755510000,11,1225.6901071902535
2025-11-10T11:37:30,1762754850000,SENSEX,hybrid,0.8928571428571429,,15,60,2025-11-10T11:49:30,1762755570000,12,1222.1704895264666
2025-11-10T11:37:30,1762754850000,SENSEX,hybrid,0.8928571428571429,,15,60,2025-11-10T11:50:30,1762755630000,13,1224.2063633701023
2025-11-10T11:37:30,1762754850000,SENSEX,hybrid,0.8928571428571429,,15,60,2025-11-10T11:51:30,1762755690000,14,1223.243002963427
2025-11-10T11:37:30,1762754850000,SENSEX,hybrid,0.8928571428571429,,15,60,2025-11-10T11:52:30,1762755750000,15,1221.4326394119591
2025-11-10T11:37:30,1762754850000,SENSEX,hybrid,0.8928571428571429,,15,60,2025-11-10T11:53:30,1762755810000,16,1222.6227599138597
2025-11-10T11:37:30,1762754850000,SENSEX,hybrid,0.8928571428571429,,15,60,2025-11-10T11:54:30,1762755870000,17,1222.5740076368372
2025-11-10T11:37:30,1762754850000,SENSEX,hybrid,0.8928571428571429,,15,60,2025-11-10T11:55:30,1762755930000,18,1218.499997336786
2025-11-10T11:37:30,1762754850000,SENSEX,hybrid,0.8928571428571429,,15,60,2025-11-10T11:56:30,1762755990000,19,1222.5783625182623
2025-11-10T11:37:30,1762754850000,SENSEX,hybrid,0.8928571428571429,,15,60,2025-11-10T11:57:30,1762756050000,20,1223.465465647037
2025-11-10T11:37:30,1762754850000,SENSEX,hybrid,0.8928571428571429,,15,60,2025-11-10T11:58:30,1762756110000,21,1219.450187047263
2025-11-10T11:37:30,1762754850000,SENSEX,hybrid,0.8928571428571429,,15,60,2025-11-10T11:59:30,1762756170000,22,1223.0377798468633
2025-11-10T11:37:30,1762754850000,SENSEX,hybrid,0.8928571428571429,,15,60,2025-11-10T12:00:30,1762756230000,23,1223.6230740246249
2025-11-10T11:37:30,1762754850000,SENSEX,hybrid,0.8928571428571429,,15,60,2025-11-10T12:01:30,1762756290000,24,1220.4542792201823
2025-11-10T11:37:30,1762754850000,SENSEX,hybrid,0.8928571428571429,,15,60,2025-11-10T12:02:30,1762756350000,25,1222.2906267734854
2025-11-10T11:37:30,1762754850000,SENSEX,hybrid,0.8928571428571429,,15,60,2025-11-10T12:03:30,1762756410000,26,1222.5652836566796
2025-11-10T11:37:30,1762754850000,SENSEX,hybrid,0.8928571428571429,,15,60,2025-11-10T12:04:30,1762756470000,27,1220.2654314184763
2025-11-10T11:37:30,1762754850000,SENSEX,hybrid,0.8928571428571429,,15,60,2025-11-10T12:05:30,1762756530000,28,1220.424295866059
2025-11-10T11:37:30,1762754850000,SENSEX,hybrid,0.8928571428571429,,15,60,2025-11-10T12:06:30,1762756590000,29,1220.8790806706295
2025-11-10T11:37:30,1762754850000,SENSEX,hybrid,0.8928571428571429,,15,60,2025-11-10T12:07:30,1762756650000,30,1215.6331788977034
2025-11-10T11:37:30,1762754850000,SENSEX,hybrid,0.8928571428571429,,15,60,2025-11-10T12:08:30,1762756710000,31,1219.798298226845
2025-11-10T11:37:30,1762754850000,SENSEX,hybrid,0.8928571428571429,,15,60,2025-11-10T12:09:30,1762756770000,32,1219.8688886945035
2025-11-10T11:37:30,1762754850000,SENSEX,hybrid,0.8928571428571429,,15,60,2025-11-10T12:10:30,1762756830000,33,1214.772889557916
2025-11-10T11:37:30,1762754850000,SENSEX,hybrid,0.8928571428571429,,15,60,2025-11-10T12:11:30,1762756890000,34,1218.0104636765286
2025-11-10T11:37:30,1762754850000,SENSEX,hybrid,0.8928571428571429,,15,60,2025-11-10T12:12:30,1762756950000,35,1219.043864283139
2025-11-10T11:37:30,1762754850000,SENSEX,hybrid,0.8928571428571429,,15,60,2025-11-10T12:13:30,1762757010000,36,1215.9306662701224
2025-11-10T11:37:30,1762754850000,SENSEX,hybrid,0.8928571428571429,,15,60,2025-11-10T12:14:30,1762757070000,37,1218.417319185537
2025-11-10T11:37:30,1762754850000,SENSEX,hybrid,0.8928571428571429,,15,60,2025-11-10T12:15:30,1762757130000,38,1218.9666909327611
2025-11-10T11:37:30,1762754850000,SENSEX,hybrid,0.8928571428571429,,15,60,2025-11-10T12:16:30,1762757190000,39,1214.8459323390423
2025-11-10T11:37:30,1762754850000,SENSEX,hybrid,0.8928571428571429,,15,60,2025-11-10T12:17:30,1762757250000,40,1218.4563117127805
2025-11-10T11:37:30,1762754850000,SENSEX,hybrid,0.8928571428571429,,15,60,2025-11-10T12:18:30,1762757310000,41,1219.7242782363828
2025-11-10T11:37:30,1762754850000,SENSEX,hybrid,0.8928571428571429,,15,60,2025-11-10T12:19:30,1762757370000,42,1216.1349925220973
2025-11-10T11:37:30,1762754850000,SENSEX,hybrid,0.8928571428571429,,15,60,2025-11-10T12:20:30,1762757430000,43,1220.7893506951605
2025-11-10T11:37:30,1762754850000,SENSEX,hybrid,0.8928571428571429,,15,60,2025-11-10T12:21:30,1762757490000,44,1221.1475964367937
2025-11-10T11:37:30,1762754850000,SENSEX,hybrid,0.8928571428571429,,15,60,2025-11-10T12:22:30,1762757550000,45,1217.197964753565
2025-11-10T11:37:30,1762754850000,SENSEX,hybrid,0.8928571428571429,,15,60,2025-11-10T12:23:30,1762757610000,46,1222.3890442704069
2025-11-10T11:37:30,1762754850000,SENSEX,hybrid,0.8928571428571429,,15,60,2025-11-10T12:24:30,1762757670000,47,1221.9331348505
2025-11-10T11:37:30,1762754850000,SENSEX,hybrid,0.8928571428571429,,15,60,2025-11-10T12:25:30,1762757730000,48,1218.0513306938437
2025-11-10T11:37:30,1762754850000,SENSEX,hybrid,0.8928571428571429,,15,60,2025-11-10T12:26:30,1762757790000,49,1222.6939008741383
2025-11-10T11:37:30,1762754850000,SENSEX,hybrid,0.8928571428571429,,15,60,2025-11-10T12:27:30,1762757850000,50,1221.9395390082764
2025-11-10T11:37:30,1762754850000,SENSEX,hybrid,0.8928571428571429,,15,60,2025-11-10T12:28:30,1762757910000,51,1218.0032887970776
2025-11-10T11:37:30,1762754850000,SENSEX,hybrid,0.8928571428571429,,15,60,2025-11-10T12:29:30,1762757970000,52,1222.1681663064192
2025-11-10T11:37:30,1762754850000,SENSEX,hybrid,0.8928571428571429,,15,60,2025-11-10T12:30:30,1762758030000,53,1222.1814029399618
2025-11-10T11:37:30,1762754850000,SENSEX,hybrid,0.8928571428571429,,15,60,2025-11-10T12:31:30,1762758090000,54,1212.6331033210308
2025-11-10T11:37:30,1762754850000,SENSEX,hybrid,0.8928571428571429,,15,60,2025-11-10T12:32:30,1762758150000,55,1222.5122283415533
2025-11-10T11:37:30,1762754850000,SENSEX,hybrid,0.8928571428571429,,15,60,2025-11-10T12:33:30,1762758210000,56,1222.2594632790986
2025-11-10T11:37:30,1762754850000,SENSEX,hybrid,0.8928571428571429,,15,60,2025-11-10T12:34:30,1762758270000,57,1219.0039436590819
2025-11-10T11:37:30,1762754850000,SENSEX,hybrid,0.8928571428571429,,15,60,2025-11-10T12:35:30,1762758330000,58,1217.6149950683784
2025-11-10T11:37:30,1762754850000,SENSEX,hybrid,0.8928571428571429,,15,60,2025-11-10T12:36:30,1762758390000,59,1220.9081860073077
2025-11-10T11:37:30,1762754850000,SENSEX,hybrid,0.8928571428571429,,15,60,2025-11-10T12:37:30,1762758450000,60,1213.7027587108723
2025-11-10T11:37:30,1762754850000,SENSEX,hybrid,0.8928571428571429,,15,60,2025-11-10T11:38:30,1762754910000,1,1224.9
2025-11-10T11:37:30,1762754850000,SENSEX,hybrid,0.8928571428571429,,15,60,2025-11-10T11:39:30,1762754970000,2,1224.2772930268009
2025-11-10T11:37:30,1762754850000,SENSEX,hybrid,0.8928571428571429,,15,60,2025-11-10T11:40:30,1762755030000,3,1220.179002777745
2025-11-10T11:37:30,1762754850000,SENSEX,hybrid,0.8928571428571429,,15,60,2025-11-10T11:41:30,1762755090000,4,1223.1446644095547
2025-11-10T11:37:30,1762754850000,SENSEX,hybrid,0.8928571428571429,,15,60,2025-11-10T11:42:30,1762755150000,5,1222.3844159285077
2025-11-10T11:37:30,1762754850000,SENSEX,hybrid,0.8928571428571429,,15,60,2025-11-10T11:43:30,1762755210000,6,1219.5408405350015
2025-11-10T11:37:30,1762754850000,SENSEX,hybrid,0.8928571428571429,,15,60,2025-11-10T11:44:30,1762755270000,7,1224.6188353139275
2025-11-10T11:37:30,1762754850000,SENSEX,hybrid,0.8928571428571429,,15,60,2025-11-10T11:45:30,1762755330000,8,1224.8825521387066
2025-11-10T11:37:30,1762754850000,SENSEX,hybrid,0.8928571428571429,,15,60,2025-11-10T11:46:30,1762755390000,9,1221.9064916174987
2025-11-10T11:37:30,1762754850000,SENSEX,hybrid,0.8928571428571429,,15,60,2025-11-10T11:47:30,1762755450000,10,1225.6365441594673
2025-11-10T11:37:30,1762754850000,SENSEX,hybrid,0.8928571428571429,,15,60,2025-11-10T11:48:30,1762755510000,11,1225.6901071902535
2025-11-10T11:37:30,1762754850000,SENSEX,hybrid,0.8928571428571429,,15,60,2025-11-10T11:49:30,1762755570000,12,1222.1704895264666
2025-11-10T11:37:30,1762754850000,SENSEX,hybrid,0.8928571428571429,,15,60,2025-11-10T11:50:30,1762755630000,13,1224.2063633701023
2025-11-10T11:37:30,1762754850000,SENSEX,hybrid,0.8928571428571429,,15,60,2025-11-10T11:51:30,1762755690000,14,1223.243002963427
2025-11-10T11:37:30,1762754850000,SENSEX,hybrid,0.8928571428571429,,15,60,2025-11-10T11:52:30,1762755750000,15,1221.4326394119591
2025-11-10T11:37:30,1762754850000,SENSEX,hybrid,0.8928571428571429,,15,60,2025-11-10T11:53:30,1762755810000,16,1222.6227599138597
2025-11-10T11:37:30,1762754850000,SENSEX,hybrid,0.8928571428571429,,15,60,2025-11-10T11:54:30,1762755870000,17,1222.5740076368372
2025-11-10T11:37:30,1762754850000,SENSEX,hybrid,0.8928571428571429,,15,60,2025-11-10T11:55:30,1762755930000,18,1218.499997336786
2025-11-10T11:37:30,1762754850000,SENSEX,hybrid,0.8928571428571429,,15,60,2025-11-10T11:56:30,1762755990000,19,1222.5783625182623
2025-11-10T11:37:30,1762754850000,SENSEX,hybrid,0.8928571428571429,,15,60,2025-11-10T11:57:30,1762756050000,20,1223.465465647037
2025-11-10T11:37:30,1762754850000,SENSEX,hybrid,0.8928571428571429,,15,60,2025-11-10T11:58:30,1762756110000,21,1219.450187047263
2025-11-10T11:37:30,1762754850000,SENSEX,hybrid,0.8928571428571429,,15,60,2025-11-10T11:59:30,1762756170000,22,1223.0377798468633
2025-11-10T11:37:30,1762754850000,SENSEX,hybrid,0.8928571428571429,,15,60,2025-11-10T12:00:30,1762756230000,23,1223.6230740246249
2025-11-10T11:37:30,1762754850000,SENSEX,hybrid,0.8928571428571429,,15,60,2025-11-10T12:01:30,1762756290000,24,1220.4542792201823
2025-11-10T11:37:30,1762754850000,SENSEX,hybrid,0.8928571428571429,,15,60,2025-11-10T12:02:30,1762756350000,25,1222.2906267734854
2025-11-10T11:37:30,1762754850000,SENSEX,hybrid,0.8928571428571429,,15,60,2025-11-10T12:03:30,1762756410000,26,1222.5652836566796
2025-11-10T11:37:30,1762754850000,SENSEX,hybrid,0.8928571428571429,,15,60,2025-11-10T12:04:30,1762756470000,27,1220.2654314184763
2025-11-10T11:37:30,1762754850000,SENSEX,hybrid,0.8928571428571429,,15,60,2025-11-10T12:05:30,1762756530000,28,1220.424295866059
2025-11-10T11:37:30,1762754850000,SENSEX,hybrid,0.8928571428571429,,15,60,2025-11-10T12:06:30,1762756590000,29,1220.8790806706295
2025-11-10T11:37:30,1762754850000,SENSEX,hybrid,0.8928571428571429,,15,60,2025-11-10T12:07:30,1762756650000,30,1215.6331788977034
2025-11-10T11:37:30,1762754850000,SENSEX,hybrid,0.8928571428571429,,15,60,2025-11-10T12:08:30,1762756710000,31,1219.798298226845
2025-11-10T11:37:30,1762754850000,SENSEX,hybrid,0.8928571428571429,,15,60,2025-11-10T12:09:30,1762756770000,32,1219.8688886945035
2025-11-10T11:37:30,1762754850000,SENSEX,hybrid,0.8928571428571429,,15,60,2025-11-10T12:10:30,1762756830000,33,1214.772889557916
2025-11-10T11:37:30,1762754850000,SENSEX,hybrid,0.8928571428571429,,15,60,2025-11-10T12:11:30,1762756890000,34,1218.0104636765286
2025-11-10T11:37:30,1762754850000,SENSEX,hybrid,0.8928571428571429,,15,60,2025-11-10T12:12:30,1762756950000,35,1219.043864283139
2025-11-10T11:37:30,1762754850000,SENSEX,hybrid,0.8928571428571429,,15,60,2025-11-10T12:13:30,1762757010000,36,1215.9306662701224
2025-11-10T11:37:30,1762754850000,SENSEX,hybrid,0.8928571428571429,,15,60,2025-11-10T12:14:30,1762757070000,37,1218.417319185537
2025-11-10T11:37:30,1762754850000,SENSEX,hybrid,0.8928571428571429,,15,60,2025-11-10T12:15:30,1762757130000,38,1218.9666909327611
2025-11-10T11:37:30,1762754850000,SENSEX,hybrid,0.8928571428571429,,15,60,2025-11-10T12:16:30,1762757190000,39,1214.8459323390423
2025-11-10T11:37:30,1762754850000,SENSEX,hybrid,0.8928571428571429,,15,60,2025-11-10T12:17:30,1762757250000,40,1218.4563117127805
2025-11-10T11:37:30,1762754850000,SENSEX,hybrid,0.8928571428571429,,15,60,2025-11-10T12:18:30,1762757310000,41,1219.7242782363828
2025-11-10T11:37:30,1762754850000,SENSEX,hybrid,0.8928571428571429,,15,60,2025-11-10T12:19:30,1762757370000,42,1216.1349925220973
2025-11-10T11:37:30,1762754850000,SENSEX,hybrid,0.8928571428571429,,15,60,2025-11-10T12:20:30,1762757430000,43,1220.7893506951605
2025-11-10T11:37:30,1762754850000,SENSEX,hybrid,0.8928571428571429,,15,60,2025-11-10T12:21:30,1762757490000,44,1221.1475964367937
2025-11-10T11:37:30,1762754850000,SENSEX,hybrid,0.8928571428571429,,15,60,2025-11-10T12:22:30,1762757550000,45,1217.197964753565
2025-11-10T11:37:30,1762754850000,SENSEX,hybrid,0.8928571428571429,,15,60,2025-11-10T12:23:30,1762757610000,46,1222.3890442704069
2025-11-10T11:37:30,1762754850000,SENSEX,hybrid,0.8928571428571429,,15,60,2025-11-10T12:24:30,1762757670000,47,1221.9331348505
2025-11-10T11:37:30,1762754850000,SENSEX,hybrid,0.8928571428571429,,15,60,2025-11-10T12:25:30,1762757730000,48,1218.0513306938437
2025-11-10T11:37:30,1762754850000,SENSEX,hybrid,0.8928571428571429,,15,60,2025-11-10T12:26:30,1762757790000,49,1222.6939008741383
2025-11-10T11:37:30,1762754850000,SENSEX,hybrid,0.8928571428571429,,15,60,2025-11-10T12:27:30,1762757850000,50,1221.9395390082764
2025-11-10T11:37:30,1762754850000,SENSEX,hybrid,0.8928571428571429,,15,60,2025-11-10T12:28:30,1762757910000,51,1218.0032887970776
2025-11-10T11:37:30,1762754850000,SENSEX,hybrid,0.8928571428571429,,15,60,2025-11-10T12:29:30,1762757970000,52,1222.1681663064192
2025-11-10T11:37:30,1762754850000,SENSEX,hybrid,0.8928571428571429,,15,60,2025-11-10T12:30:30,1762758030000,53,1222.1814029399618
2025-11-10T11:37:30,1762754850000,SENSEX,hybrid,0.8928571428571429,,15,60,2025-11-10T12:31:30,1762758090000,54,1212.6331033210308
2025-11-10T11:37:30,1762754850000,SENSEX,hybrid,0.8928571428571429,,15,60,2025-11-10T12:32:30,1762758150000,55,1222.5122283415533
2025-11-10T11:37:30,1762754850000,SENSEX,hybrid,0.8928571428571429,,15,60,2025-11-10T12:33:30,1762758210000,56,1222.2594632790986
2025-11-10T11:37:30,1762754850000,SENSEX,hybrid,0.8928571428571429,,15,60,2025-11-10T12:34:30,1762758270000,57,1219.0039436590819
2025-11-10T11:37:30,1762754850000,SENSEX,hybrid,0.8928571428571429,,15,60,2025-11-10T12:35:30,1762758330000,58,1217.6149950683784
2025-11-10T11:37:30,1762754850000,SENSEX,hybrid,0.8928571428571429,,15,60,2025-11-10T12:36:30,1762758390000,59,1220.9081860073077
2025-11-10T11:37:30,1762754850000,SENSEX,hybrid,0.8928571428571429,,15,60,2025-11-10T12:37:30,1762758450000,60,1213.7027587108723
2025-11-10T11:37:30,1762754850000,SENSEX,hybrid,0.8928571428571429,,15,60,2025-11-10T11:38:30,1762754910000,1,1224.9
2025-11-10T11:37:30,1762754850000,SENSEX,hybrid,0.8928571428571429,,15,60,2025-11-10T11:39:30,1762754970000,2,1224.2772930268009
2025-11-10T11:37:30,1762754850000,SENSEX,hybrid,0.8928571428571429,,15,60,2025-11-10T11:40:30,1762755030000,3,1220.179002777745
2025-11-10T11:37:30,1762754850000,SENSEX,hybrid,0.8928571428571429,,15,60,2025-11-10T11:41:30,1762755090000,4,1223.1446644095547
2025-11-10T11:37:30,1762754850000,SENSEX,hybrid,0.8928571428571429,,15,60,2025-11-10T11:42:30,1762755150000,5,1222.3844159285077
2025-11-10T11:37:30,1762754850000,SENSEX,hybrid,0.8928571428571429,,15,60,2025-11-10T11:43:30,1762755210000,6,1219.5408405350015
2025-11-10T11:37:30,1762754850000,SENSEX,hybrid,0.8928571428571429,,15,60,2025-11-10T11:44:30,1762755270000,7,1224.6188353139275
2025-11-10T11:37:30,1762754850000,SENSEX,hybrid,0.8928571428571429,,15,60,2025-11-10T11:45:30,1762755330000,8,1224.8825521387066
2025-11-10T11:37:30,1762754850000,SENSEX,hybrid,0.8928571428571429,,15,60,2025-11-10T11:46:30,1762755390000,9,1221.9064916174987
2025-11-10T11:37:30,1762754850000,SENSEX,hybrid,0.8928571428571429,,15,60,2025-11-10T11:47:30,1762755450000,10,1225.6365441594673
2025-11-10T11:37:30,1762754850000,SENSEX,hybrid,0.8928571428571429,,15,60,2025-11-10T11:48:30,1762755510000,11,1225.6901071902535
2025-11-10T11:37:30,1762754850000,SENSEX,hybrid,0.8928571428571429,,15,60,2025-11-10T11:49:30,1762755570000,12,1222.1704895264666
2025-11-10T11:37:30,1762754850000,SENSEX,hybrid,0.8928571428571429,,15,60,2025-11-10T11:50:30,1762755630000,13,1224.2063633701023
2025-11-10T11:37:30,1762754850000,SENSEX,hybrid,0.8928571428571429,,15,60,2025-11-10T11:51:30,1762755690000,14,1223.243002963427
2025-11-10T11:37:30,1762754850000,SENSEX,hybrid,0.8928571428571429,,15,60,2025-11-10T11:52:30,1762755750000,15,1221.4326394119591
2025-11-10T11:37:30,1762754850000,SENSEX,hybrid,0.8928571428571429,,15,60,2025-11-10T11:53:30,1762755810000,16,1222.6227599138597
2025-11-10T11:37:30,1762754850000,SENSEX,hybrid,0.8928571428571429,,15,60,2025-11-10T11:54:30,1762755870000,17,1222.5740076368372
2025-11-10T11:37:30,1762754850000,SENSEX,hybrid,0.8928571428571429,,15,60,2025-11-10T11:55:30,1762755930000,18,1218.499997336786
2025-11-10T11:37:30,1762754850000,SENSEX,hybrid,0.8928571428571429,,15,60,2025-11-10T11:56:30,1762755990000,19,1222.5783625182623
2025-11-10T11:37:30,1762754850000,SENSEX,hybrid,0.8928571428571429,,15,60,2025-11-10T11:57:30,1762756050000,20,1223.465465647037
2025-11-10T11:37:30,1762754850000,SENSEX,hybrid,0.8928571428571429,,15,60,2025-11-10T11:58:30,1762756110000,21,1219.450187047263
2025-11-10T11:37:30,1762754850000,SENSEX,hybrid,0.8928571428571429,,15,60,2025-11-10T11:59:30,1762756170000,22,1223.0377798468633
2025-11-10T11:37:30,1762754850000,SENSEX,hybrid,0.8928571428571429,,15,60,2025-11-10T12:00:30,1762756230000,23,1223.6230740246249
2025-11-10T11:37:30,1762754850000,SENSEX,hybrid,0.8928571428571429,,15,60,2025-11-10T12:01:30,1762756290000,24,1220.4542792201823
2025-11-10T11:37:30,1762754850000,SENSEX,hybrid,0.8928571428571429,,15,60,2025-11-10T12:02:30,1762756350000,25,1222.2906267734854
2025-11-10T11:37:30,1762754850000,SENSEX,hybrid,0.8928571428571429,,15,60,2025-11-10T12:03:30,1762756410000,26,1222.5652836566796
2025-11-10T11:37:30,1762754850000,SENSEX,hybrid,0.8928571428571429,,15,60,2025-11-10T12:04:30,1762756470000,27,1220.2654314184763
2025-11-10T11:37:30,1762754850000,SENSEX,hybrid,0.8928571428571429,,15,60,2025-11-10T12:05:30,1762756530000,28,1220.424295866059
2025-11-10T11:37:30,1762754850000,SENSEX,hybrid,0.8928571428571429,,15,60,2025-11-10T12:06:30,1762756590000,29,1220.8790806706295
2025-11-10T11:37:30,1762754850000,SENSEX,hybrid,0.8928571428571429,,15,60,2025-11-10T12:07:30,1762756650000,30,1215.6331788977034
2025-11-10T11:37:30,1762754850000,SENSEX,hybrid,0.8928571428571429,,15,60,2025-11-10T12:08:30,1762756710000,31,1219.798298226845
2025-11-10T11:37:30,1762754850000,SENSEX,hybrid,0.8928571428571429,,15,60,2025-11-10T12:09:30,1762756770000,32,1219.8688886945035
2025-11-10T11:37:30,1762754850000,SENSEX,hybrid,0.8928571428571429,,15,60,2025-11-10T12:10:30,1762756830000,33,1214.772889557916
2025-11-10T11:37:30,1762754850000,SENSEX,hybrid,0.8928571428571429,,15,60,2025-11-10T12:11:30,1762756890000,34,1218.0104636765286
2025-11-10T11:37:30,1762754850000,SENSEX,hybrid,0.8928571428571429,,15,60,2025-11-10T12:12:30,1762756950000,35,1219.043864283139
2025-11-10T11:37:30,1762754850000,SENSEX,hybrid,0.8928571428571429,,15,60,2025-11-10T12:13:30,1762757010000,36,1215.9306662701224
2025-11-10T11:37:30,1762754850000,SENSEX,hybrid,0.8928571428571429,,15,60,2025-11-10T12:14:30,1762757070000,37,1218.417319185537
2025-11-10T11:37:30,1762754850000,SENSEX,hybrid,0.8928571428571429,,15,60,2025-11-10T12:15:30,1762757130000,38,1218.9666909327611
2025-11-10T11:37:30,1762754850000,SENSEX,hybrid,0.8928571428571429,,15,60,2025-11-10T12:16:30,1762757190000,39,1214.8459323390423
2025-11-10T11:37:30,1762754850000,SENSEX,hybrid,0.8928571428571429,,15,60,2025-11-10T12:17:30,1762757250000,40,1218.4563117127805
2025-11-10T11:37:30,1762754850000,SENSEX,hybrid,0.8928571428571429,,15,60,2025-11-10T12:18:30,1762757310000,41,1219.7242782363828
2025-11-10T11:37:30,1762754850000,SENSEX,hybrid,0.8928571428571429,,15,60,2025-11-10T12:19:30,1762757370000,42,1216.1349925220973
2025-11-10T11:37:30,1762754850000,SENSEX,hybrid,0.8928571428571429,,15,60,2025-11-10T12:20:30,1762757430000,43,1220.7893506951605
2025-11-10T11:37:30,1762754850000,SENSEX,hybrid,0.8928571428571429,,15,60,2025-11-10T12:21:30,1762757490000,44,1221.1475964367937
2025-11-10T11:37:30,1762754850000,SENSEX,hybrid,0.8928571428571429,,15,60,2025-11-10T12:22:30,1762757550000,45,1217.197964753565
2025-11-10T11:37:30,1762754850000,SENSEX,hybrid,0.8928571428571429,,15,60,2025-11-10T12:23:30,1762757610000,46,1222.3890442704069
2025-11-10T11:37:30,1762754850000,SENSEX,hybrid,0.8928571428571429,,15,60,2025-11-10T12:24:30,1762757670000,47,1221.9331348505
2025-11-10T11:37:30,1762754850000,SENSEX,hybrid,0.8928571428571429,,15,60,2025-11-10T12:25:30,1762757730000,48,1218.0513306938437
2025-11-10T11:37:30,1762754850000,SENSEX,hybrid,0.8928571428571429,,15,60,2025-11-10T12:26:30,1762757790000,49,1222.6939008741383
2025-11-10T11:37:30,1762754850000,SENSEX,hybrid,0.8928571428571429,,15,60,2025-11-10T12:27:30,1762757850000,50,1221.9395390082764
2025-11-10T11:37:30,1762754850000,SENSEX,hybrid,0.8928571428571429,,15,60,2025-11-10T12:28:30,1762757910000,51,1218.0032887970776
2025-11-10T11:37:30,1762754850000,SENSEX,hybrid,0.8928571428571429,,15,60,2025-11-10T12:29:30,1762757970000,52,1222.1681663064192
2025-11-10T11:37:30,1762754850000,SENSEX,hybrid,0.8928571428571429,,15,60,2025-11-10T12:30:30,1762758030000,53,1222.1814029399618
2025-11-10T11:37:30,1762754850000,SENSEX,hybrid,0.8928571428571429,,15,60,2025-11-10T12:31:30,1762758090000,54,1212.6331033210308
2025-11-10T11:37:30,1762754850000,SENSEX,hybrid,0.8928571428571429,,15,60,2025-11-10T12:32:30,1762758150000,55,1222.5122283415533
2025-11-10T11:37:30,1762754850000,SENSEX,hybrid,0.8928571428571429,,15,60,2025-11-10T12:33:30,1762758210000,56,1222.2594632790986
2025-11-10T11:37:30,1762754850000,SENSEX,hybrid,0.8928571428571429,,15,60,2025-11-10T12:34:30,1762758270000,57,1219.0039436590819
2025-11-10T11:37:30,1762754850000,SENSEX,hybrid,0.8928571428571429,,15,60,2025-11-10T12:35:30,1762758330000,58,1217.6149950683784
2025-11-10T11:37:30,1762754850000,SENSEX,hybrid,0.8928571428571429,,15,60,2025-11-10T12:36:30,1762758390000,59,1220.9081860073077
2025-11-10T11:37:30,1762754850000,SENSEX,hybrid,0.8928571428571429,,15,60,2025-11-10T12:37:30,1762758450000,60,1213.7027587108723
2025-11-10T11:37:30,1762754850000,SENSEX,hybrid,0.8928571428571429,,15,60,2025-11-10T11:38:30,1762754910000,1,1224.9
2025-11-10T11:37:30,1762754850000,SENSEX,hybrid,0.8928571428571429,,15,60,2025-11-10T11:39:30,1762754970000,2,1224.2772930268009
2025-11-10T11:37:30,1762754850000,SENSEX,hybrid,0.8928571428571429,,15,60,2025-11-10T11:40:30,1762755030000,3,1220.179002777745
2025-11-10T11:37:30,1762754850000,SENSEX,hybrid,0.8928571428571429,,15,60,2025-11-10T11:41:30,1762755090000,4,1223.1446644095547
2025-11-10T11:37:30,1762754850000,SENSEX,hybrid,0.8928571428571429,,15,60,2025-11-10T11:42:30,1762755150000,5,1222.3844159285077
2025-11-10T11:37:30,1762754850000,SENSEX,hybrid,0.8928571428571429,,15,60,2025-11-10T11:43:30,1762755210000,6,1219.5408405350015
2025-11-10T11:37:30,1762754850000,SENSEX,hybrid,0.8928571428571429,,15,60,2025-11-10T11:44:30,1762755270000,7,1224.6188353139275
2025-11-10T11:37:30,1762754850000,SENSEX,hybrid,0.8928571428571429,,15,60,2025-11-10T11:45:30,1762755330000,8,1224.8825521387066
2025-11-10T11:37:30,1762754850000,SENSEX,hybrid,0.8928571428571429,,15,60,2025-11-10T11:46:30,1762755390000,9,1221.9064916174987
2025-11-10T11:37:30,1762754850000,SENSEX,hybrid,0.8928571428571429,,15,60,2025-11-10T11:47:30,1762755450000,10,1225.6365441594673
2025-11-10T11:37:30,1762754850000,SENSEX,hybrid,0.8928571428571429,,15,60,2025-11-10T11:48:30,1762755510000,11,1225.6901071902535
2025-11-10T11:37:30,1762754850000,SENSEX,hybrid,0.8928571428571429,,15,60,2025-11-10T11:49:30,1762755570000,12,1222.1704895264666
2025-11-10T11:37:30,1762754850000,SENSEX,hybrid,0.8928571428571429,,15,60,2025-11-10T11:50:30,1762755630000,13,1224.2063633701023
2025-11-10T11:37:30,1762754850000,SENSEX,hybrid,0.8928571428571429,,15,60,2025-11-10T11:51:30,1762755690000,14,1223.243002963427
2025-11-10T11:37:30,1762754850000,SENSEX,hybrid,0.8928571428571429,,15,60,2025-11-10T11:52:30,1762755750000,15,1221.4326394119591
2025-11-10T11:37:30,1762754850000,SENSEX,hybrid,0.8928571428571429,,15,60,2025-11-10T11:53:30,1762755810000,16,1222.6227599138597
2025-11-10T11:37:30,1762754850000,SENSEX,hybrid,0.8928571428571429,,15,60,2025-11-10T11:54:30,1762755870000,17,1222.5740076368372
2025-11-10T11:37:30,1762754850000,SENSEX,hybrid,0.8928571428571429,,15,60,2025-11-10T11:55:30,1762755930000,18,1218.499997336786
2025-11-10T11:37:30,1762754850000,SENSEX,hybrid,0.8928571428571429,,15,60,2025-11-10T11:56:30,1762755990000,19,1222.5783625182623
2025-11-10T11:37:30,1762754850000,SENSEX,hybrid,0.8928571428571429,,15,60,2025-11-10T11:57:30,1762756050000,20,1223.465465647037
2025-11-10T11:37:30,1762754850000,SENSEX,hybrid,0.8928571428571429,,15,60,2025-11-10T11:58:30,1762756110000,21,1219.450187047263
2025-11-10T11:37:30,1762754850000,SENSEX,hybrid,0.8928571428571429,,15,60,2025-11-10T11:59:30,1762756170000,22,1223.0377798468633
2025-11-10T11:37:30,1762754850000,SENSEX,hybrid,0.8928571428571429,,15,60,2025-11-10T12:00:30,1762756230000,23,1223.6230740246249
2025-11-10T11:37:30,1762754850000,SENSEX,hybrid,0.8928571428571429,,15,60,2025-11-10T12:01:30,1762756290000,24,1220.4542792201823
2025-11-10T11:37:30,1762754850000,SENSEX,hybrid,0.8928571428571429,,15,60,2025-11-10T12:02:30,1762756350000,25,1222.2906267734854
2025-11-10T11:37:30,1762754850000,SENSEX,hybrid,0.8928571428571429,,15,60,2025-11-10T12:03:30,1762756410000,26,1222.5652836566796
2025-11-10T11:37:30,1762754850000,SENSEX,hybrid,0.8928571428571429,,15,60,2025-11-10T12:04:30,1762756470000,27,1220.2654314184763
2025-11-10T11:37:30,1762754850000,SENSEX,hybrid,0.8928571428571429,,15,60,2025-11-10T12:05:30,1762756530000,28,1220.424295866059
2025-11-10T11:37:30,1762754850000,SENSEX,hybrid,0.8928571428571429,,15,60,2025-11-10T12:06:30,1762756590000,29,1220.8790806706295
2025-11-10T11:37:30,1762754850000,SENSEX,hybrid,0.8928571428571429,,15,60,2025-11-10T12:07:30,1762756650000,30,1215.6331788977034
2025-11-10T11:37:30,1762754850000,SENSEX,hybrid,0.8928571428571429,,15,60,2025-11-10T12:08:30,1762756710000,31,1219.798298226845
2025-11-10T11:37:30,1762754850000,SENSEX,hybrid,0.8928571428571429,,15,60,2025-11-10T12:09:30,1762756770000,32,1219.8688886945035
2025-11-10T11:37:30,1762754850000,SENSEX,hybrid,0.8928571428571429,,15,60,2025-11-10T12:10:30,1762756830000,33,1214.772889557916
2025-11-10T11:37:30,1762754850000,SENSEX,hybrid,0.8928571428571429,,15,60,2025-11-10T12:11:30,1762756890000,34,1218.0104636765286
2025-11-10T11:37:30,1762754850000,SENSEX,hybrid,0.8928571428571429,,15,60,2025-11-10T12:12:30,1762756950000,35,1219.043864283139
2025-11-10T11:37:30,1762754850000,SENSEX,hybrid,0.8928571428571429,,15,60,2025-11-10T12:13:30,1762757010000,36,1215.9306662701224
2025-11-10T11:37:30,1762754850000,SENSEX,hybrid,0.8928571428571429,,15,60,2025-11-10T12:14:30,1762757070000,37,1218.417319185537
2025-11-10T11:37:30,1762754850000,SENSEX,hybrid,0.8928571428571429,,15,60,2025-11-10T12:15:30,1762757130000,38,1218.9666909327611
2025-11-10T11:37:30,1762754850000,SENSEX,hybrid,0.8928571428571429,,15,60,2025-11-10T12:16:30,1762757190000,39,1214.8459323390423
2025-11-10T11:37:30,1762754850000,SENSEX,hybrid,0.8928571428571429,,15,60,2025-11-10T12:17:30,1762757250000,40,1218.4563117127805
2025-11-10T11:37:30,1762754850000,SENSEX,hybrid,0.8928571428571429,,15,60,2025-11-10T12:18:30,1762757310000,41,1219.7242782363828
2025-11-10T11:37:30,1762754850000,SENSEX,hybrid,0.8928571428571429,,15,60,2025-11-10T12:19:30,1762757370000,42,1216.1349925220973
2025-11-10T11:37:30,1762754850000,SENSEX,hybrid,0.8928571428571429,,15,60,2025-11-10T12:20:30,1762757430000,43,1220.7893506951605
2025-11-10T11:37:30,1762754850000,SENSEX,hybrid,0.8928571428571429,,15,60,2025-11-10T12:21:30,1762757490000,44,1221.1475964367937
2025-11-10T11:37:30,1762754850000,SENSEX,hybrid,0.8928571428571429,,15,60,2025-11-10T12:22:30,1762757550000,45,1217.197964753565
2025-11-10T11:37:30,1762754850000,SENSEX,hybrid,0.8928571428571429,,15,60,2025-11-10T12:23:30,1762757610000,46,1222.3890442704069
2025-11-10T11:37:30,1762754850000,SENSEX,hybrid,0.8928571428571429,,15,60,2025-11-10T12:24:30,1762757670000,47,1221.9331348505
2025-11-10T11:37:30,1762754850000,SENSEX,hybrid,0.8928571428571429,,15,60,2025-11-10T12:25:30,1762757730000,48,1218.0513306938437
2025-11-10T11:37:30,1762754850000,SENSEX,hybrid,0.8928571428571429,,15,60,2025-11-10T12:26:30,1762757790000,49,1222.6939008741383
2025-11-10T11:37:30,1762754850000,SENSEX,hybrid,0.8928571428571429,,15,60,2025-11-10T12:27:30,1762757850000,50,1221.9395390082764
2025-11-10T11:37:30,1762754850000,SENSEX,hybrid,0.8928571428571429,,15,60,2025-11-10T12:28:30,1762757910000,51,1218.0032887970776
2025-11-10T11:37:30,1762754850000,SENSEX,hybrid,0.8928571428571429,,15,60,2025-11-10T12:29:30,1762757970000,52,1222.1681663064192
2025-11-10T11:37:30,1762754850000,SENSEX,hybrid,0.8928571428571429,,15,60,2025-11-10T12:30:30,1762758030000,53,1222.1814029399618
2025-11-10T11:37:30,1762754850000,SENSEX,hybrid,0.8928571428571429,,15,60,2025-11-10T12:31:30,1762758090000,54,1212.6331033210308
2025-11-10T11:37:30,1762754850000,SENSEX,hybrid,0.8928571428571429,,15,60,2025-11-10T12:32:30,1762758150000,55,1222.5122283415533
2025-11-10T11:37:30,1762754850000,SENSEX,hybrid,0.8928571428571429,,15,60,2025-11-10T12:33:30,1762758210000,56,1222.2594632790986
2025-11-10T11:37:30,1762754850000,SENSEX,hybrid,0.8928571428571429,,15,60,2025-11-10T12:34:30,1762758270000,57,1219.0039436590819
2025-11-10T11:37:30,1762754850000,SENSEX,hybrid,0.8928571428571429,,15,60,2025-11-10T12:35:30,1762758330000,58,1217.6149950683784
2025-11-10T11:37:30,1762754850000,SENSEX,hybrid,0.8928571428571429,,15,60,2025-11-10T12:36:30,1762758390000,59,1220.9081860073077
2025-11-10T11:37:30,1762754850000,SENSEX,hybrid,0.8928571428571429,,15,60,2025-11-10T12:37:30,1762758450000,60,1213.7027587108723
2025-11-10T11:37:30,1762754850000,SENSEX,hybrid,0.8928571428571429,,15,60,2025-11-10T11:38:30,1762754910000,1,1224.9
2025-11-10T11:37:30,1762754850000,SENSEX,hybrid,0.8928571428571429,,15,60,2025-11-10T11:39:30,1762754970000,2,1224.2772930268009
2025-11-10T11:37:30,1762754850000,SENSEX,hybrid,0.8928571428571429,,15,60,2025-11-10T11:40:30,1762755030000,3,1220.179002777745
2025-11-10T11:37:30,1762754850000,SENSEX,hybrid,0.8928571428571429,,15,60,2025-11-10T11:41:30,1762755090000,4,1223.1446644095547
2025-11-10T11:37:30,1762754850000,SENSEX,hybrid,0.8928571428571429,,15,60,2025-11-10T11:42:30,1762755150000,5,1222.3844159285077
2025-11-10T11:37:30,1762754850000,SENSEX,hybrid,0.8928571428571429,,15,60,2025-11-10T11:43:30,1762755210000,6,1219.5408405350015
2025-11-10T11:37:30,1762754850000,SENSEX,hybrid,0.8928571428571429,,15,60,2025-11-10T11:44:30,1762755270000,7,1224.6188353139275
2025-11-10T11:37:30,1762754850000,SENSEX,hybrid,0.8928571428571429,,15,60,2025-11-10T11:45:30,1762755330000,8,1224.8825521387066
2025-11-10T11:37:30,1762754850000,SENSEX,hybrid,0.8928571428571429,,15,60,2025-11-10T11:46:30,1762755390000,9,1221.9064916174987
2025-11-10T11:37:30,1762754850000,SENSEX,hybrid,0.8928571428571429,,15,60,2025-11-10T11:47:30,1762755450000,10,1225.6365441594673
2025-11-10T11:37:30,1762754850000,SENSEX,hybrid,0.8928571428571429,,15,60,2025-11-10T11:48:30,1762755510000,11,1225.6901071902535
2025-11-10T11:37:30,1762754850000,SENSEX,hybrid,0.8928571428571429,,15,60,2025-11-10T11:49:30,1762755570000,12,1222.1704895264666
2025-11-10T11:37:30,1762754850000,SENSEX,hybrid,0.8928571428571429,,15,60,2025-11-10T11:50:30,1762755630000,13,1224.2063633701023
2025-11-10T11:37:30,1762754850000,SENSEX,hybrid,0.8928571428571429,,15,60,2025-11-10T11:51:30,1762755690000,14,1223.243002963427
2025-11-10T11:37:30,1762754850000,SENSEX,hybrid,0.8928571428571429,,15,60,2025-11-10T11:52:30,1762755750000,15,1221.4326394119591
2025-11-10T11:37:30,1762754850000,SENSEX,hybrid,0.8928571428571429,,15,60,2025-11-10T11:53:30,1762755810000,16,1222.6227599138597
2025-11-10T11:37:30,1762754850000,SENSEX,hybrid,0.8928571428571429,,15,60,2025-11-10T11:54:30,1762755870000,17,1222.5740076368372
2025-11-10T11:37:30,1762754850000,SENSEX,hybrid,0.8928571428571429,,15,60,2025-11-10T11:55:30,1762755930000,18,1218.499997336786
2025-11-10T11:37:30,1762754850000,SENSEX,hybrid,0.8928571428571429,,15,60,2025-11-10T11:56:30,1762755990000,19,1222.5783625182623
2025-11-10T11:37:30,1762754850000,SENSEX,hybrid,0.8928571428571429,,15,60,2025-11-10T11:57:30,1762756050000,20,1223.465465647037
2025-11-10T11:37:30,1762754850000,SENSEX,hybrid,0.8928571428571429,,15,60,2025-11-10T11:58:30,1762756110000,21,1219.450187047263
2025-11-10T11:37:30,1762754850000,SENSEX,hybrid,0.8928571428571429,,15,60,2025-11-10T11:59:30,1762756170000,22,1223.0377798468633
2025-11-10T11:37:30,1762754850000,SENSEX,hybrid,0.8928571428571429,,15,60,2025-11-10T12:00:30,1762756230000,23,1223.6230740246249
2025-11-10T11:37:30,1762754850000,SENSEX,hybrid,0.8928571428571429,,15,60,2025-11-10T12:01:30,1762756290000,24,1220.4542792201823
2025-11-10T11:37:30,1762754850000,SENSEX,hybrid,0.8928571428571429,,15,60,2025-11-10T12:02:30,1762756350000,25,1222.2906267734854
2025-11-10T11:37:30,1762754850000,SENSEX,hybrid,0.8928571428571429,,15,60,2025-11-10T12:03:30,1762756410000,26,1222.5652836566796
2025-11-10T11:37:30,1762754850000,SENSEX,hybrid,0.8928571428571429,,15,60,2025-11-10T12:04:30,1762756470000,27,1220.2654314184763
2025-11-10T11:37:30,1762754850000,SENSEX,hybrid,0.8928571428571429,,15,60,2025-11-10T12:05:30,1762756530000,28,1220.424295866059
2025-11-10T11:37:30,1762754850000,SENSEX,hybrid,0.8928571428571429,,15,60,2025-11-10T12:06:30,1762756590000,29,1220.8790806706295
2025-11-10T11:37:30,1762754850000,SENSEX,hybrid,0.8928571428571429,,15,60,2025-11-10T12:07:30,1762756650000,30,1215.6331788977034
2025-11-10T11:37:30,1762754850000,SENSEX,hybrid,0.8928571428571429,,15,60,2025-11-10T12:08:30,1762756710000,31,1219.798298226845
2025-11-10T11:37:30,1762754850000,SENSEX,hybrid,0.8928571428571429,,15,60,2025-11-10T12:09:30,1762756770000,32,1219.8688886945035
2025-11-10T11:37:30,1762754850000,SENSEX,hybrid,0.8928571428571429,,15,60,2025-11-10T12:10:30,1762756830000,33,1214.772889557916
2025-11-10T11:37:30,1762754850000,SENSEX,hybrid,0.8928571428571429,,15,60,2025-11-10T12:11:30,1762756890000,34,1218.0104636765286
2025-11-10T11:37:30,1762754850000,SENSEX,hybrid,0.8928571428571429,,15,60,2025-11-10T12:12:30,1762756950000,35,1219.043864283139
2025-11-10T11:37:30,1762754850000,SENSEX,hybrid,0.8928571428571429,,15,60,2025-11-10T12:13:30,1762757010000,36,1215.9306662701224
2025-11-10T11:37:30,1762754850000,SENSEX,hybrid,0.8928571428571429,,15,60,2025-11-10T12:14:30,1762757070000,37,1218.417319185537
2025-11-10T11:37:30,1762754850000,SENSEX,hybrid,0.8928571428571429,,15,60,2025-11-10T12:15:30,1762757130000,38,1218.9666909327611
2025-11-10T11:37:30,1762754850000,SENSEX,hybrid,0.8928571428571429,,15,60,2025-11-10T12:16:30,1762757190000,39,1214.8459323390423
2025-11-10T11:37:30,1762754850000,SENSEX,hybrid,0.8928571428571429,,15,60,2025-11-10T12:17:30,1762757250000,40,1218.4563117127805
2025-11-10T11:37:30,1762754850000,SENSEX,hybrid,0.8928571428571429,,15,60,2025-11-10T12:18:30,1762757310000,41,1219.7242782363828
2025-11-10T11:37:30,1762754850000,SENSEX,hybrid,0.8928571428571429,,15,60,2025-11-10T12:19:30,1762757370000,42,1216.1349925220973
2025-11-10T11:37:30,1762754850000,SENSEX,hybrid,0.8928571428571429,,15,60,2025-11-10T12:20:30,1762757430000,43,1220.7893506951605
2025-11-10T11:37:30,1762754850000,SENSEX,hybrid,0.8928571428571429,,15,60,2025-11-10T12:21:30,1762757490000,44,1221.1475964367937
2025-11-10T11:37:30,1762754850000,SENSEX,hybrid,0.8928571428571429,,15,60,2025-11-10T12:22:30,1762757550000,45,1217.197964753565
2025-11-10T11:37:30,1762754850000,SENSEX,hybrid,0.8928571428571429,,15,60,2025-11-10T12:23:30,1762757610000,46,1222.3890442704069
2025-11-10T11:37:30,1762754850000,SENSEX,hybrid,0.8928571428571429,,15,60,2025-11-10T12:24:30,1762757670000,47,1221.9331348505
2025-11-10T11:37:30,1762754850000,SENSEX,hybrid,0.8928571428571429,,15,60,2025-11-10T12:25:30,1762757730000,48,1218.0513306938437
2025-11-10T11:37:30,1762754850000,SENSEX,hybrid,0.8928571428571429,,15,60,2025-11-10T12:26:30,1762757790000,49,1222.6939008741383
2025-11-10T11:37:30,1762754850000,SENSEX,hybrid,0.8928571428571429,,15,60,2025-11-10T12:27:30,1762757850000,50,1221.9395390082764
2025-11-10T11:37:30,1762754850000,SENSEX,hybrid,0.8928571428571429,,15,60,2025-11-10T12:28:30,1762757910000,51,1218.0032887970776
2025-11-10T11:37:30,1762754850000,SENSEX,hybrid,0.8928571428571429,,15,60,2025-11-10T12:29:30,1762757970000,52,1222.1681663064192
2025-11-10T11:37:30,1762754850000,SENSEX,hybrid,0.8928571428571429,,15,60,2025-11-10T12:30:30,1762758030000,53,1222.1814029399618
2025-11-10T11:37:30,1762754850000,SENSEX,hybrid,0.8928571428571429,,15,60,2025-11-10T12:31:30,1762758090000,54,1212.6331033210308
2025-11-10T11:37:30,1762754850000,SENSEX,hybrid,0.8928571428571429,,15,60,2025-11-10T12:32:30,1762758150000,55,1222.5122283415533
2025-11-10T11:37:30,1762754850000,SENSEX,hybrid,0.8928571428571429,,15,60,2025-11-10T12:33:30,1762758210000,56,1222.2594632790986
2025-11-10T11:37:30,1762754850000,SENSEX,hybrid,0.8928571428571429,,15,60,2025-11-10T12:34:30,1762758270000,57,1219.0039436590819
2025-11-10T11:37:30,1762754850000,SENSEX,hybrid,0.8928571428571429,,15,60,2025-11-10T12:35:30,1762758330000,58,1217.6149950683784
2025-11-10T11:37:30,1762754850000,SENSEX,hybrid,0.8928571428571429,,15,60,2025-11-10T12:36:30,1762758390000,59,1220.9081860073077
2025-11-10T11:37:30,1762754850000,SENSEX,hybrid,0.8928571428571429,,15,60,2025-11-10T12:37:30,1762758450000,60,1213.7027587108723
2025-11-10T11:38:00,1762754880000,SENSEX,hybrid,0.8928571428571429,21,15,60,2025-11-10T11:39:00,1762754940000,1,1622.9
2025-11-10T11:38:00,1762754880000,SENSEX,hybrid,0.8928571428571429,21,15,60,2025-11-10T11:40:00,1762755000000,2,1618.10522774657
2025-11-10T11:38:00,1762754880000,SENSEX,hybrid,0.8928571428571429,21,15,60,2025-11-10T11:41:00,1762755060000,3,1624.2242217979506
2025-11-10T11:38:00,1762754880000,SENSEX,hybrid,0.8928571428571429,21,15,60,2025-11-10T11:42:00,1762755120000,4,1624.2412687705903
2025-11-10T11:38:00,1762754880000,SENSEX,hybrid,0.8928571428571429,21,15,60,2025-11-10T11:43:00,1762755180000,5,1617.5513949868382
2025-11-10T11:38:00,1762754880000,SENSEX,hybrid,0.8928571428571429,21,15,60,2025-11-10T11:44:00,1762755240000,6,1624.4543885907458
2025-11-10T11:38:00,1762754880000,SENSEX,hybrid,0.8928571428571429,21,15,60,2025-11-10T11:45:00,1762755300000,7,1622.3176596384574
2025-11-10T11:38:00,1762754880000,SENSEX,hybrid,0.8928571428571429,21,15,60,2025-11-10T11:46:00,1762755360000,8,1618.9222782661284
2025-11-10T11:38:00,1762754880000,SENSEX,hybrid,0.8928571428571429,21,15,60,2025-11-10T11:47:00,1762755420000,9,1624.4543521509167
2025-11-10T11:38:00,1762754880000,SENSEX,hybrid,0.8928571428571429,21,15,60,2025-11-10T11:48:00,1762755480000,10,1621.8360456903063
2025-11-10T11:38:00,1762754880000,SENSEX,hybrid,0.8928571428571429,21,15,60,2025-11-10T11:49:00,1762755540000,11,1618.636237376846
2025-11-10T11:38:00,1762754880000,SENSEX,hybrid,0.8928571428571429,21,15,60,2025-11-10T11:50:00,1762755600000,12,1623.2473828186578
2025-11-10T11:38:00,1762754880000,SENSEX,hybrid,0.8928571428571429,21,15,60,2025-11-10T11:51:00,1762755660000,13,1622.2964574922835
2025-11-10T11:38:00,1762754880000,SENSEX,hybrid,0.8928571428571429,21,15,60,2025-11-10T11:52:00,1762755720000,14,1617.944739020978
2025-11-10T11:38:00,1762754880000,SENSEX,hybrid,0.8928571428571429,21,15,60,2025-11-10T11:53:00,1762755780000,15,1622.17710267265
2025-11-10T11:38:00,1762754880000,SENSEX,hybrid,0.8928571428571429,21,15,60,2025-11-10T11:54:00,1762755840000,16,1622.3890265976313
2025-11-10T11:38:00,1762754880000,SENSEX,hybrid,0.8928571428571429,21,15,60,2025-11-10T11:55:00,1762755900000,17,1617.0256634255882
2025-11-10T11:38:00,1762754880000,SENSEX,hybrid,0.8928571428571429,21,15,60,2025-11-10T11:56:00,1762755960000,18,1621.878592666894
2025-11-10T11:38:00,1762754880000,SENSEX,hybrid,0.8928571428571429,21,15,60,2025-11-10T11:57:00,1762756020000,19,1623.1264688127205
2025-11-10T11:38:00,1762754880000,SENSEX,hybrid,0.8928571428571429,21,15,60,2025-11-10T11:58:00,1762756080000,20,1616.920710677191
2025-11-10T11:38:00,1762754880000,SENSEX,hybrid,0.8928571428571429,21,15,60,2025-11-10T11:59:00,1762756140000,21,1623.8510482996019
2025-11-10T11:38:00,1762754880000,SENSEX,hybrid,0.8928571428571429,21,15,60,2025-11-10T12:00:00,1762756200000,22,1623.8075314552827
2025-11-10T11:38:00,1762754880000,SENSEX,hybrid,0.8928571428571429,21,15,60,2025-11-10T12:01:00,1762756260000,23,1617.3664485887064
2025-11-10T11:38:00,1762754880000,SENSEX,hybrid,0.8928571428571429,21,15,60,2025-11-10T12:02:00,1762756320000,24,1624.4982450714288
2025-11-10T11:38:00,1762754880000,SENSEX,hybrid,0.8928571428571429,21,15,60,2025-11-10T12:03:00,1762756380000,25,1622.7918971083607
2025-11-10T11:38:00,1762754880000,SENSEX,hybrid,0.8928571428571429,21,15,60,2025-11-10T12:04:00,1762756440000,26,1617.2483172414588
2025-11-10T11:38:00,1762754880000,SENSEX,hybrid,0.8928571428571429,21,15,60,2025-11-10T12:05:00,1762756500000,27,1622.3702189605613
2025-11-10T11:38:00,1762754880000,SENSEX,hybrid,0.8928571428571429,21,15,60,2025-11-10T12:06:00,1762756560000,28,1621.9002161304518
2025-11-10T11:38:00,1762754880000,SENSEX,hybrid,0.8928571428571429,21,15,60,2025-11-10T12:07:00,1762756620000,29,1614.810981290989
2025-11-10T11:38:00,1762754880000,SENSEX,hybrid,0.8928571428571429,21,15,60,2025-11-10T12:08:00,1762756680000,30,1623.632088031643
2025-11-10T11:38:00,1762754880000,SENSEX,hybrid,0.8928571428571429,21,15,60,2025-11-10T12:09:00,1762756740000,31,1622.4561743050804
2025-11-10T11:38:00,1762754880000,SENSEX,hybrid,0.8928571428571429,21,15,60,2025-11-10T12:10:00,1762756800000,32,1614.757760831479
2025-11-10T11:38:00,1762754880000,SENSEX,hybrid,0.8928571428571429,21,15,60,2025-11-10T12:11:00,1762756860000,33,1622.0891843647987
2025-11-10T11:38:00,1762754880000,SENSEX,hybrid,0.8928571428571429,21,15,60,2025-11-10T12:12:00,1762756920000,34,1621.7815293476174
2025-11-10T11:38:00,1762754880000,SENSEX,hybrid,0.8928571428571429,21,15,60,2025-11-10T12:13:00,1762756980000,35,1614.8644189070776
2025-11-10T11:38:00,1762754880000,SENSEX,hybrid,0.8928571428571429,21,15,60,2025-11-10T12:14:00,1762757040000,36,1621.2815237675218
2025-11-10T11:38:00,1762754880000,SENSEX,hybrid,0.8928571428571429,21,15,60,2025-11-10T12:15:00,1762757100000,37,1621.40639389706
2025-11-10T11:38:00,1762754880000,SENSEX,hybrid,0.8928571428571429,21,15,60,2025-11-10T12:16:00,1762757160000,38,1614.4148012998082
2025-11-10T11:38:00,1762754880000,SENSEX,hybrid,0.8928571428571429,21,15,60,2025-11-10T12:17:00,1762757220000,39,1621.54724892375
2025-11-10T11:38:00,1762754880000,SENSEX,hybrid,0.8928571428571429,21,15,60,2025-11-10T12:18:00,1762757280000,40,1621.3951470251043
2025-11-10T11:38:00,1762754880000,SENSEX,hybrid,0.8928571428571429,21,15,60,2025-11-10T12:19:00,1762757340000,41,1614.1485929744335
2025-11-10T11:38:00,1762754880000,SENSEX,hybrid,0.8928571428571429,21,15,60,2025-11-10T12:20:00,1762757400000,42,1621.5870235360806
2025-11-10T11:38:00,1762754880000,SENSEX,hybrid,0.8928571428571429,21,15,60,2025-11-10T12:21:00,1762757460000,43,1618.712932823867
2025-11-10T11:38:00,1762754880000,SENSEX,hybrid,0.8928571428571429,21,15,60,2025-11-10T12:22:00,1762757520000,44,1614.1078624390377
2025-11-10T11:38:00,1762754880000,SENSEX,hybrid,0.8928571428571429,21,15,60,2025-11-10T12:23:00,1762757580000,45,1619.2967461211556
2025-11-10T11:38:00,1762754880000,SENSEX,hybrid,0.8928571428571429,21,15,60,2025-11-10T12:24:00,1762757640000,46,1618.8609287269146
2025-11-10T11:38:00,1762754880000,SENSEX,hybrid,0.8928571428571429,21,15,60,2025-11-10T12:25:00,1762757700000,47,1614.7166029136354
2025-11-10T11:38:00,1762754880000,SENSEX,hybrid,0.8928571428571429,21,15,60,2025-11-10T12:26:00,1762757760000,48,1619.1510519418875
2025-11-10T11:38:00,1762754880000,SENSEX,hybrid,0.8928571428571429,21,15,60,2025-11-10T12:27:00,1762757820000,49,1618.935197491238
2025-11-10T11:38:00,1762754880000,SENSEX,hybrid,0.8928571428571429,21,15,60,2025-11-10T12:28:00,1762757880000,50,1615.0381365827843
2025-11-10T11:38:00,1762754880000,SENSEX,hybrid,0.8928571428571429,21,15,60,2025-11-10T12:29:00,1762757940000,51,1618.9193843318512
2025-11-10T11:38:00,1762754880000,SENSEX,hybrid,0.8928571428571429,21,15,60,2025-11-10T12:30:00,1762758000000,52,1618.8382783506056
2025-11-10T11:38:00,1762754880000,SENSEX,hybrid,0.8928571428571429,21,15,60,2025-11-10T12:31:00,1762758060000,53,1614.4723221961744
2025-11-10T11:38:00,1762754880000,SENSEX,hybrid,0.8928571428571429,21,15,60,2025-11-10T12:32:00,1762758120000,54,1619.533237842032
2025-11-10T11:38:00,1762754880000,SENSEX,hybrid,0.8928571428571429,21,15,60,2025-11-10T12:33:00,1762758180000,55,1619.3571290306772
2025-11-10T11:38:00,1762754880000,SENSEX,hybrid,0.8928571428571429,21,15,60,2025-11-10T12:34:00,1762758240000,56,1613.6179045965082
2025-11-10T11:38:00,1762754880000,SENSEX,hybrid,0.8928571428571429,21,15,60,2025-11-10T12:35:00,1762758300000,57,1620.1530187984747
2025-11-10T11:38:00,1762754880000,SENSEX,hybrid,0.8928571428571429,21,15,60,2025-11-10T12:36:00,1762758360000,58,1619.4319493055987
2025-11-10T11:38:00,1762754880000,SENSEX,hybrid,0.8928571428571429,21,15,60,2025-11-10T12:37:00,1762758420000,59,1616.4359598999843
2025-11-10T11:38:00,1762754880000,SENSEX,hybrid,0.8928571428571429,21,15,60,2025-11-10T12:38:00,1762758480000,60,1619.324064146067
2025-11-10T11:38:00,1762754880000,SENSEX,hybrid,0.8928571428571429,,15,60,2025-11-10T11:39:00,1762754940000,1,1622.9
2025-11-10T11:38:00,1762754880000,SENSEX,hybrid,0.8928571428571429,,15,60,2025-11-10T11:40:00,1762755000000,2,1618.10522774657
2025-11-10T11:38:00,1762754880000,SENSEX,hybrid,0.8928571428571429,,15,60,2025-11-10T11:41:00,1762755060000,3,1624.2242217979506
2025-11-10T11:38:00,1762754880000,SENSEX,hybrid,0.8928571428571429,,15,60,2025-11-10T11:42:00,1762755120000,4,1624.2412687705903
2025-11-10T11:38:00,1762754880000,SENSEX,hybrid,0.8928571428571429,,15,60,2025-11-10T11:43:00,1762755180000,5,1617.5513949868382
2025-11-10T11:38:00,1762754880000,SENSEX,hybrid,0.8928571428571429,,15,60,2025-11-10T11:44:00,1762755240000,6,1624.4543885907458
2025-11-10T11:38:00,1762754880000,SENSEX,hybrid,0.8928571428571429,,15,60,2025-11-10T11:45:00,1762755300000,7,1622.3176596384574
2025-11-10T11:38:00,1762754880000,SENSEX,hybrid,0.8928571428571429,,15,60,2025-11-10T11:46:00,1762755360000,8,1618.9222782661284
2025-11-10T11:38:00,1762754880000,SENSEX,hybrid,0.8928571428571429,,15,60,2025-11-10T11:47:00,1762755420000,9,1624.4543521509167
2025-11-10T11:38:00,1762754880000,SENSEX,hybrid,0.8928571428571429,,15,60,2025-11-10T11:48:00,1762755480000,10,1621.8360456903063
2025-11-10T11:38:00,1762754880000,SENSEX,hybrid,0.8928571428571429,,15,60,2025-11-10T11:49:00,1762755540000,11,1618.636237376846
2025-11-10T11:38:00,1762754880000,SENSEX,hybrid,0.8928571428571429,,15,60,2025-11-10T11:50:00,1762755600000,12,1623.2473828186578
2025-11-10T11:38:00,1762754880000,SENSEX,hybrid,0.8928571428571429,,15,60,2025-11-10T11:51:00,1762755660000,13,1622.2964574922835
2025-11-10T11:38:00,1762754880000,SENSEX,hybrid,0.8928571428571429,,15,60,2025-11-10T11:52:00,1762755720000,14,1617.944739020978
2025-11-10T11:38:00,1762754880000,SENSEX,hybrid,0.8928571428571429,,15,60,2025-11-10T11:53:00,1762755780000,15,1622.17710267265
2025-11-10T11:38:00,1762754880000,SENSEX,hybrid,0.8928571428571429,,15,60,2025-11-10T11:54:00,1762755840000,16,1622.3890265976313
2025-11-10T11:38:00,1762754880000,SENSEX,hybrid,0.8928571428571429,,15,60,2025-11-10T11:55:00,1762755900000,17,1617.0256634255882
2025-11-10T11:38:00,1762754880000,SENSEX,hybrid,0.8928571428571429,,15,60,2025-11-10T11:56:00,1762755960000,18,1621.878592666894
2025-11-10T11:38:00,1762754880000,SENSEX,hybrid,0.8928571428571429,,15,60,2025-11-10T11:57:00,1762756020000,19,1623.1264688127205
2025-11-10T11:38:00,1762754880000,SENSEX,hybrid,0.8928571428571429,,15,60,2025-11-10T11:58:00,1762756080000,20,1616.920710677191
2025-11-10T11:38:00,1762754880000,SENSEX,hybrid,0.8928571428571429,,15,60,2025-11-10T11:59:00,1762756140000,21,1623.8510482996019
2025-11-10T11:38:00,1762754880000,SENSEX,hybrid,0.8928571428571429,,15,60,2025-11-10T12:00:00,1762756200000,22,1623.8075314552827
2025-11-10T11:38:00,1762754880000,SENSEX,hybrid,0.8928571428571429,,15,60,2025-11-10T12:01:00,1762756260000,23,1617.3664485887064
2025-11-10T11:38:00,1762754880000,SENSEX,hybrid,0.8928571428571429,,15,60,2025-11-10T12:02:00,1762756320000,24,1624.4982450714288
2025-11-10T11:38:00,1762754880000,SENSEX,hybrid,0.8928571428571429,,15,60,2025-11-10T12:03:00,1762756380000,25,1622.7918971083607
2025-11-10T11:38:00,1762754880000,SENSEX,hybrid,0.8928571428571429,,15,60,2025-11-10T12:04:00,1762756440000,26,1617.2483172414588
2025-11-10T11:38:00,1762754880000,SENSEX,hybrid,0.8928571428571429,,15,60,2025-11-10T12:05:00,1762756500000,27,1622.3702189605613
2025-11-10T11:38:00,1762754880000,SENSEX,hybrid,0.8928571428571429,,15,60,2025-11-10T12:06:00,1762756560000,28,1621.9002161304518
2025-11-10T11:38:00,1762754880000,SENSEX,hybrid,0.8928571428571429,,15,60,2025-11-10T12:07:00,1762756620000,29,1614.810981290989
2025-11-10T11:38:00,1762754880000,SENSEX,hybrid,0.8928571428571429,,15,60,2025-11-10T12:08:00,1762756680000,30,1623.632088031643
2025-11-10T11:38:00,1762754880000,SENSEX,hybrid,0.8928571428571429,,15,60,2025-11-10T12:09:00,1762756740000,31,1622.4561743050804
2025-11-10T11:38:00,1762754880000,SENSEX,hybrid,0.8928571428571429,,15,60,2025-11-10T12:10:00,1762756800000,32,1614.757760831479
2025-11-10T11:38:00,1762754880000,SENSEX,hybrid,0.8928571428571429,,15,60,2025-11-10T12:11:00,1762756860000,33,1622.0891843647987
2025-11-10T11:38:00,1762754880000,SENSEX,hybrid,0.8928571428571429,,15,60,2025-11-10T12:12:00,1762756920000,34,1621.7815293476174
2025-11-10T11:38:00,1762754880000,SENSEX,hybrid,0.8928571428571429,,15,60,2025-11-10T12:13:00,1762756980000,35,1614.8644189070776
2025-11-10T11:38:00,1762754880000,SENSEX,hybrid,0.8928571428571429,,15,60,2025-11-10T12:14:00,1762757040000,36,1621.2815237675218
2025-11-10T11:38:00,1762754880000,SENSEX,hybrid,0.8928571428571429,,15,60,2025-11-10T12:15:00,1762757100000,37,1621.40639389706
2025-11-10T11:38:00,1762754880000,SENSEX,hybrid,0.8928571428571429,,15,60,2025-11-10T12:16:00,1762757160000,38,1614.4148012998082
2025-11-10T11:38:00,1762754880000,SENSEX,hybrid,0.8928571428571429,,15,60,2025-11-10T12:17:00,1762757220000,39,1621.54724892375
2025-11-10T11:38:00,1762754880000,SENSEX,hybrid,0.8928571428571429,,15,60,2025-11-10T12:18:00,1762757280000,40,1621.3951470251043
2025-11-10T11:38:00,1762754880000,SENSEX,hybrid,0.8928571428571429,,15,60,2025-11-10T12:19:00,1762757340000,41,1614.1485929744335
2025-11-10T11:38:00,1762754880000,SENSEX,hybrid,0.8928571428571429,,15,60,2025-11-10T12:20:00,1762757400000,42,1621.5870235360806
2025-11-10T11:38:00,1762754880000,SENSEX,hybrid,0.8928571428571429,,15,60,2025-11-10T12:21:00,1762757460000,43,1618.712932823867
2025-11-10T11:38:00,1762754880000,SENSEX,hybrid,0.8928571428571429,,15,60,2025-11-10T12:22:00,1762757520000,44,1614.1078624390377
2025-11-10T11:38:00,1762754880000,SENSEX,hybrid,0.8928571428571429,,15,60,2025-11-10T12:23:00,1762757580000,45,1619.2967461211556
2025-11-10T11:38:00,1762754880000,SENSEX,hybrid,0.8928571428571429,,15,60,2025-11-10T12:24:00,1762757640000,46,1618.8609287269146
2025-11-10T11:38:00,1762754880000,SENSEX,hybrid,0.8928571428571429,,15,60,2025-11-10T12:25:00,1762757700000,47,1614.7166029136354
2025-11-10T11:38:00,1762754880000,SENSEX,hybrid,0.8928571428571429,,15,60,2025-11-10T12:26:00,1762757760000,48,1619.1510519418875
2025-11-10T11:38:00,1762754880000,SENSEX,hybrid,0.8928571428571429,,15,60,2025-11-10T12:27:00,1762757820000,49,1618.935197491238
2025-11-10T11:38:00,1762754880000,SENSEX,hybrid,0.8928571428571429,,15,60,2025-11-10T12:28:00,1762757880000,50,1615.0381365827843
2025-11-10T11:38:00,1762754880000,SENSEX,hybrid,0.8928571428571429,,15,60,2025-11-10T12:29:00,1762757940000,51,1618.9193843318512
2025-11-10T11:38:00,1762754880000,SENSEX,hybrid,0.8928571428571429,,15,60,2025-11-10T12:30:00,1762758000000,52,1618.8382783506056
2025-11-10T11:38:00,1762754880000,SENSEX,hybrid,0.8928571428571429,,15,60,2025-11-10T12:31:00,1762758060000,53,1614.4723221961744
2025-11-10T11:38:00,1762754880000,SENSEX,hybrid,0.8928571428571429,,15,60,2025-11-10T12:32:00,1762758120000,54,1619.533237842032
2025-11-10T11:38:00,1762754880000,SENSEX,hybrid,0.8928571428571429,,15,60,2025-11-10T12:33:00,1762758180000,55,1619.3571290306772
2025-11-10T11:38:00,1762754880000,SENSEX,hybrid,0.8928571428571429,,15,60,2025-11-10T12:34:00,1762758240000,56,1613.6179045965082
2025-11-10T11:38:00,1762754880000,SENSEX,hybrid,0.8928571428571429,,15,60,2025-11-10T12:35:00,1762758300000,57,1620.1530187984747
2025-11-10T11:38:00,1762754880000,SENSEX,hybrid,0.8928571428571429,,15,60,2025-11-10T12:36:00,1762758360000,58,1619.4319493055987
2025-11-10T11:38:00,1762754880000,SENSEX,hybrid,0.8928571428571429,,15,60,2025-11-10T12:37:00,1762758420000,59,1616.4359598999843
2025-11-10T11:38:00,1762754880000,SENSEX,hybrid,0.8928571428571429,,15,60,2025-11-10T12:38:00,1762758480000,60,1619.324064146067
2025-11-10T11:38:00,1762754880000,SENSEX,hybrid,0.8928571428571429,,15,60,2025-11-10T11:39:00,1762754940000,1,1622.9
2025-11-10T11:38:00,1762754880000,SENSEX,hybrid,0.8928571428571429,,15,60,2025-11-10T11:40:00,1762755000000,2,1618.10522774657
2025-11-10T11:38:00,1762754880000,SENSEX,hybrid,0.8928571428571429,,15,60,2025-11-10T11:41:00,1762755060000,3,1624.2242217979506
2025-11-10T11:38:00,1762754880000,SENSEX,hybrid,0.8928571428571429,,15,60,2025-11-10T11:42:00,1762755120000,4,1624.2412687705903
2025-11-10T11:38:00,1762754880000,SENSEX,hybrid,0.8928571428571429,,15,60,2025-11-10T11:43:00,1762755180000,5,1617.5513949868382
2025-11-10T11:38:00,1762754880000,SENSEX,hybrid,0.8928571428571429,,15,60,2025-11-10T11:44:00,1762755240000,6,1624.4543885907458
2025-11-10T11:38:00,1762754880000,SENSEX,hybrid,0.8928571428571429,,15,60,2025-11-10T11:45:00,1762755300000,7,1622.3176596384574
2025-11-10T11:38:00,1762754880000,SENSEX,hybrid,0.8928571428571429,,15,60,2025-11-10T11:46:00,1762755360000,8,1618.9222782661284
2025-11-10T11:38:00,1762754880000,SENSEX,hybrid,0.8928571428571429,,15,60,2025-11-10T11:47:00,1762755420000,9,1624.4543521509167
2025-11-10T11:38:00,1762754880000,SENSEX,hybrid,0.8928571428571429,,15,60,2025-11-10T11:48:00,1762755480000,10,1621.8360456903063
2025-11-10T11:38:00,1762754880000,SENSEX,hybrid,0.8928571428571429,,15,60,2025-11-10T11:49:00,1762755540000,11,1618.636237376846
2025-11-10T11:38:00,1762754880000,SENSEX,hybrid,0.8928571428571429,,15,60,2025-11-10T11:50:00,1762755600000,12,1623.2473828186578
2025-11-10T11:38:00,1762754880000,SENSEX,hybrid,0.8928571428571429,,15,60,2025-11-10T11:51:00,1762755660000,13,1622.2964574922835
2025-11-10T11:38:00,1762754880000,SENSEX,hybrid,0.8928571428571429,,15,60,2025-11-10T11:52:00,1762755720000,14,1617.944739020978
2025-11-10T11:38:00,1762754880000,SENSEX,hybrid,0.8928571428571429,,15,60,2025-11-10T11:53:00,1762755780000,15,1622.17710267265
2025-11-10T11:38:00,1762754880000,SENSEX,hybrid,0.8928571428571429,,15,60,2025-11-10T11:54:00,1762755840000,16,1622.3890265976313
2025-11-10T11:38:00,1762754880000,SENSEX,hybrid,0.8928571428571429,,15,60,2025-11-10T11:55:00,1762755900000,17,1617.0256634255882
2025-11-10T11:38:00,1762754880000,SENSEX,hybrid,0.8928571428571429,,15,60,2025-11-10T11:56:00,1762755960000,18,1621.878592666894
2025-11-10T11:38:00,1762754880000,SENSEX,hybrid,0.8928571428571429,,15,60,2025-11-10T11:57:00,1762756020000,19,1623.1264688127205
2025-11-10T11:38:00,1762754880000,SENSEX,hybrid,0.8928571428571429,,15,60,2025-11-10T11:58:00,1762756080000,20,1616.920710677191
2025-11-10T11:38:00,1762754880000,SENSEX,hybrid,0.8928571428571429,,15,60,2025-11-10T11:59:00,1762756140000,21,1623.8510482996019
2025-11-10T11:38:00,1762754880000,SENSEX,hybrid,0.8928571428571429,,15,60,2025-11-10T12:00:00,1762756200000,22,1623.8075314552827
2025-11-10T11:38:00,1762754880000,SENSEX,hybrid,0.8928571428571429,,15,60,2025-11-10T12:01:00,1762756260000,23,1617.3664485887064
2025-11-10T11:38:00,1762754880000,SENSEX,hybrid,0.8928571428571429,,15,60,2025-11-10T12:02:00,1762756320000,24,1624.4982450714288
2025-11-10T11:38:00,1762754880000,SENSEX,hybrid,0.8928571428571429,,15,60,2025-11-10T12:03:00,1762756380000,25,1622.7918971083607
2025-11-10T11:38:00,1762754880000,SENSEX,hybrid,0.8928571428571429,,15,60,2025-11-10T12:04:00,1762756440000,26,1617.2483172414588
2025-11-10T11:38:00,1762754880000,SENSEX,hybrid,0.8928571428571429,,15,60,2025-11-10T12:05:00,1762756500000,27,1622.3702189605613
2025-11-10T11:38:00,1762754880000,SENSEX,hybrid,0.8928571428571429,,15,60,2025-11-10T12:06:00,1762756560000,28,1621.9002161304518
2025-11-10T11:38:00,1762754880000,SENSEX,hybrid,0.8928571428571429,,15,60,2025-11-10T12:07:00,1762756620000,29,1614.810981290989
2025-11-10T11:38:00,1762754880000,SENSEX,hybrid,0.8928571428571429,,15,60,2025-11-10T12:08:00,1762756680000,30,1623.632088031643
2025-11-10T11:38:00,1762754880000,SENSEX,hybrid,0.8928571428571429,,15,60,2025-11-10T12:09:00,1762756740000,31,1622.4561743050804
2025-11-10T11:38:00,1762754880000,SENSEX,hybrid,0.8928571428571429,,15,60,2025-11-10T12:10:00,1762756800000,32,1614.757760831479
2025-11-10T11:38:00,1762754880000,SENSEX,hybrid,0.8928571428571429,,15,60,2025-11-10T12:11:00,1762756860000,33,1622.0891843647987
2025-11-10T11:38:00,1762754880000,SENSEX,hybrid,0.8928571428571429,,15,60,2025-11-10T12:12:00,1762756920000,34,1621.7815293476174
2025-11-10T11:38:00,1762754880000,SENSEX,hybrid,0.8928571428571429,,15,60,2025-11-10T12:13:00,1762756980000,35,1614.8644189070776
2025-11-10T11:38:00,1762754880000,SENSEX,hybrid,0.8928571428571429,,15,60,2025-11-10T12:14:00,1762757040000,36,1621.2815237675218
2025-11-10T11:38:00,1762754880000,SENSEX,hybrid,0.8928571428571429,,15,60,2025-11-10T12:15:00,1762757100000,37,1621.40639389706
2025-11-10T11:38:00,1762754880000,SENSEX,hybrid,0.8928571428571429,,15,60,2025-11-10T12:16:00,1762757160000,38,1614.4148012998082
2025-11-10T11:38:00,1762754880000,SENSEX,hybrid,0.8928571428571429,,15,60,2025-11-10T12:17:00,1762757220000,39,1621.54724892375
2025-11-10T11:38:00,1762754880000,SENSEX,hybrid,0.8928571428571429,,15,60,2025-11-10T12:18:00,1762757280000,40,1621.3951470251043
2025-11-10T11:38:00,1762754880000,SENSEX,hybrid,0.8928571428571429,,15,60,2025-11-10T12:19:00,1762757340000,41,1614.1485929744335
2025-11-10T11:38:00,1762754880000,SENSEX,hybrid,0.8928571428571429,,15,60,2025-11-10T12:20:00,1762757400000,42,1621.5870235360806
2025-11-10T11:38:00,1762754880000,SENSEX,hybrid,0.8928571428571429,,15,60,2025-11-10T12:21:00,1762757460000,43,1618.712932823867
2025-11-10T11:38:00,1762754880000,SENSEX,hybrid,0.8928571428571429,,15,60,2025-11-10T12:22:00,1762757520000,44,1614.1078624390377
2025-11-10T11:38:00,1762754880000,SENSEX,hybrid,0.8928571428571429,,15,60,2025-11-10T12:23:00,1762757580000,45,1619.2967461211556
2025-11-10T11:38:00,1762754880000,SENSEX,hybrid,0.8928571428571429,,15,60,2025-11-10T12:24:00,1762757640000,46,1618.8609287269146
2025-11-10T11:38:00,1762754880000,SENSEX,hybrid,0.8928571428571429,,15,60,2025-11-10T12:25:00,1762757700000,47,1614.7166029136354
2025-11-10T11:38:00,1762754880000,SENSEX,hybrid,0.8928571428571429,,15,60,2025-11-10T12:26:00,1762757760000,48,1619.1510519418875
2025-11-10T11:38:00,1762754880000,SENSEX,hybrid,0.8928571428571429,,15,60,2025-11-10T12:27:00,1762757820000,49,1618.935197491238
2025-11-10T11:38:00,1762754880000,SENSEX,hybrid,0.8928571428571429,,15,60,2025-11-10T12:28:00,1762757880000,50,1615.0381365827843
2025-11-10T11:38:00,1762754880000,SENSEX,hybrid,0.8928571428571429,,15,60,2025-11-10T12:29:00,1762757940000,51,1618.9193843318512
2025-11-10T11:38:00,1762754880000,SENSEX,hybrid,0.8928571428571429,,15,60,2025-11-10T12:30:00,1762758000000,52,1618.8382783506056
2025-11-10T11:38:00,1762754880000,SENSEX,hybrid,0.8928571428571429,,15,60,2025-11-10T12:31:00,1762758060000,53,1614.4723221961744
2025-11-10T11:38:00,1762754880000,SENSEX,hybrid,0.8928571428571429,,15,60,2025-11-10T12:32:00,1762758120000,54,1619.533237842032
2025-11-10T11:38:00,1762754880000,SENSEX,hybrid,0.8928571428571429,,15,60,2025-11-10T12:33:00,1762758180000,55,1619.3571290306772
2025-11-10T11:38:00,1762754880000,SENSEX,hybrid,0.8928571428571429,,15,60,2025-11-10T12:34:00,1762758240000,56,1613.6179045965082
2025-11-10T11:38:00,1762754880000,SENSEX,hybrid,0.8928571428571429,,15,60,2025-11-10T12:35:00,1762758300000,57,1620.1530187984747
2025-11-10T11:38:00,1762754880000,SENSEX,hybrid,0.8928571428571429,,15,60,2025-11-10T12:36:00,1762758360000,58,1619.4319493055987
2025-11-10T11:38:00,1762754880000,SENSEX,hybrid,0.8928571428571429,,15,60,2025-11-10T12:37:00,1762758420000,59,1616.4359598999843
2025-11-10T11:38:00,1762754880000,SENSEX,hybrid,0.8928571428571429,,15,60,2025-11-10T12:38:00,1762758480000,60,1619.324064146067
2025-11-10T11:38:00,1762754880000,SENSEX,hybrid,0.8928571428571429,,15,60,2025-11-10T11:39:00,1762754940000,1,1622.9
2025-11-10T11:38:00,1762754880000,SENSEX,hybrid,0.8928571428571429,,15,60,2025-11-10T11:40:00,1762755000000,2,1618.10522774657
2025-11-10T11:38:00,1762754880000,SENSEX,hybrid,0.8928571428571429,,15,60,2025-11-10T11:41:00,1762755060000,3,1624.2242217979506
2025-11-10T11:38:00,1762754880000,SENSEX,hybrid,0.8928571428571429,,15,60,2025-11-10T11:42:00,1762755120000,4,1624.2412687705903
2025-11-10T11:38:00,1762754880000,SENSEX,hybrid,0.8928571428571429,,15,60,2025-11-10T11:43:00,1762755180000,5,1617.5513949868382
2025-11-10T11:38:00,1762754880000,SENSEX,hybrid,0.8928571428571429,,15,60,2025-11-10T11:44:00,1762755240000,6,1624.4543885907458
2025-11-10T11:38:00,1762754880000,SENSEX,hybrid,0.8928571428571429,,15,60,2025-11-10T11:45:00,1762755300000,7,1622.3176596384574
2025-11-10T11:38:00,1762754880000,SENSEX,hybrid,0.8928571428571429,,15,60,2025-11-10T11:46:00,1762755360000,8,1618.9222782661284
2025-11-10T11:38:00,1762754880000,SENSEX,hybrid,0.8928571428571429,,15,60,2025-11-10T11:47:00,1762755420000,9,1624.4543521509167
2025-11-10T11:38:00,1762754880000,SENSEX,hybrid,0.8928571428571429,,15,60,2025-11-10T11:48:00,1762755480000,10,1621.8360456903063
2025-11-10T11:38:00,1762754880000,SENSEX,hybrid,0.8928571428571429,,15,60,2025-11-10T11:49:00,1762755540000,11,1618.636237376846
2025-11-10T11:38:00,1762754880000,SENSEX,hybrid,0.8928571428571429,,15,60,2025-11-10T11:50:00,1762755600000,12,1623.2473828186578
2025-11-10T11:38:00,1762754880000,SENSEX,hybrid,0.8928571428571429,,15,60,2025-11-10T11:51:00,1762755660000,13,1622.2964574922835
2025-11-10T11:38:00,1762754880000,SENSEX,hybrid,0.8928571428571429,,15,60,2025-11-10T11:52:00,1762755720000,14,1617.944739020978
2025-11-10T11:38:00,1762754880000,SENSEX,hybrid,0.8928571428571429,,15,60,2025-11-10T11:53:00,1762755780000,15,1622.17710267265
2025-11-10T11:38:00,1762754880000,SENSEX,hybrid,0.8928571428571429,,15,60,2025-11-10T11:54:00,1762755840000,16,1622.3890265976313
2025-11-10T11:38:00,1762754880000,SENSEX,hybrid,0.8928571428571429,,15,60,2025-11-10T11:55:00,1762755900000,17,1617.0256634255882
2025-11-10T11:38:00,1762754880000,SENSEX,hybrid,0.8928571428571429,,15,60,2025-11-10T11:56:00,1762755960000,18,1621.878592666894
2025-11-10T11:38:00,1762754880000,SENSEX,hybrid,0.8928571428571429,,15,60,2025-11-10T11:57:00,1762756020000,19,1623.1264688127205
2025-11-10T11:38:00,1762754880000,SENSEX,hybrid,0.8928571428571429,,15,60,2025-11-10T11:58:00,1762756080000,20,1616.920710677191
2025-11-10T11:38:00,1762754880000,SENSEX,hybrid,0.8928571428571429,,15,60,2025-11-10T11:59:00,1762756140000,21,1623.8510482996019
2025-11-10T11:38:00,1762754880000,SENSEX,hybrid,0.8928571428571429,,15,60,2025-11-10T12:00:00,1762756200000,22,1623.8075314552827
2025-11-10T11:38:00,1762754880000,SENSEX,hybrid,0.8928571428571429,,15,60,2025-11-10T12:01:00,1762756260000,23,1617.3664485887064
2025-11-10T11:38:00,1762754880000,SENSEX,hybrid,0.8928571428571429,,15,60,2025-11-10T12:02:00,1762756320000,24,1624.4982450714288
2025-11-10T11:38:00,1762754880000,SENSEX,hybrid,0.8928571428571429,,15,60,2025-11-10T12:03:00,1762756380000,25,1622.7918971083607
2025-11-10T11:38:00,1762754880000,SENSEX,hybrid,0.8928571428571429,,15,60,2025-11-10T12:04:00,1762756440000,26,1617.2483172414588
2025-11-10T11:38:00,1762754880000,SENSEX,hybrid,0.8928571428571429,,15,60,2025-11-10T12:05:00,1762756500000,27,1622.3702189605613
2025-11-10T11:38:00,1762754880000,SENSEX,hybrid,0.8928571428571429,,15,60,2025-11-10T12:06:00,1762756560000,28,1621.9002161304518
2025-11-10T11:38:00,1762754880000,SENSEX,hybrid,0.8928571428571429,,15,60,2025-11-10T12:07:00,1762756620000,29,1614.810981290989
2025-11-10T11:38:00,1762754880000,SENSEX,hybrid,0.8928571428571429,,15,60,2025-11-10T12:08:00,1762756680000,30,1623.632088031643
2025-11-10T11:38:00,1762754880000,SENSEX,hybrid,0.8928571428571429,,15,60,2025-11-10T12:09:00,1762756740000,31,1622.4561743050804
2025-11-10T11:38:00,1762754880000,SENSEX,hybrid,0.8928571428571429,,15,60,2025-11-10T12:10:00,1762756800000,32,1614.757760831479
2025-11-10T11:38:00,1762754880000,SENSEX,hybrid,0.8928571428571429,,15,60,2025-11-10T12:11:00,1762756860000,33,1622.0891843647987
2025-11-10T11:38:00,1762754880000,SENSEX,hybrid,0.8928571428571429,,15,60,2025-11-10T12:12:00,1762756920000,34,1621.7815293476174
2025-11-10T11:38:00,1762754880000,SENSEX,hybrid,0.8928571428571429,,15,60,2025-11-10T12:13:00,1762756980000,35,1614.8644189070776
2025-11-10T11:38:00,1762754880000,SENSEX,hybrid,0.8928571428571429,,15,60,2025-11-10T12:14:00,1762757040000,36,1621.2815237675218
2025-11-10T11:38:00,1762754880000,SENSEX,hybrid,0.8928571428571429,,15,60,2025-11-10T12:15:00,1762757100000,37,1621.40639389706
2025-11-10T11:38:00,1762754880000,SENSEX,hybrid,0.8928571428571429,,15,60,2025-11-10T12:16:00,1762757160000,38,1614.4148012998082
2025-11-10T11:38:00,1762754880000,SENSEX,hybrid,0.8928571428571429,,15,60,2025-11-10T12:17:00,1762757220000,39,1621.54724892375
2025-11-10T11:38:00,1762754880000,SENSEX,hybrid,0.8928571428571429,,15,60,2025-11-10T12:18:00,1762757280000,40,1621.3951470251043
2025-11-10T11:38:00,1762754880000,SENSEX,hybrid,0.8928571428571429,,15,60,2025-11-10T12:19:00,1762757340000,41,1614.1485929744335
2025-11-10T11:38:00,1762754880000,SENSEX,hybrid,0.8928571428571429,,15,60,2025-11-10T12:20:00,1762757400000,42,1621.5870235360806
2025-11-10T11:38:00,1762754880000,SENSEX,hybrid,0.8928571428571429,,15,60,2025-11-10T12:21:00,1762757460000,43,1618.712932823867
2025-11-10T11:38:00,1762754880000,SENSEX,hybrid,0.8928571428571429,,15,60,2025-11-10T12:22:00,1762757520000,44,1614.1078624390377
2025-11-10T11:38:00,1762754880000,SENSEX,hybrid,0.8928571428571429,,15,60,2025-11-10T12:23:00,1762757580000,45,1619.2967461211556
2025-11-10T11:38:00,1762754880000,SENSEX,hybrid,0.8928571428571429,,15,60,2025-11-10T12:24:00,1762757640000,46,1618.8609287269146
2025-11-10T11:38:00,1762754880000,SENSEX,hybrid,0.8928571428571429,,15,60,2025-11-10T12:25:00,1762757700000,47,1614.7166029136354
2025-11-10T11:38:00,1762754880000,SENSEX,hybrid,0.8928571428571429,,15,60,2025-11-10T12:26:00,1762757760000,48,1619.1510519418875
2025-11-10T11:38:00,1762754880000,SENSEX,hybrid,0.8928571428571429,,15,60,2025-11-10T12:27:00,1762757820000,49,1618.935197491238
2025-11-10T11:38:00,1762754880000,SENSEX,hybrid,0.8928571428571429,,15,60,2025-11-10T12:28:00,1762757880000,50,1615.0381365827843
2025-11-10T11:38:00,1762754880000,SENSEX,hybrid,0.8928571428571429,,15,60,2025-11-10T12:29:00,1762757940000,51,1618.9193843318512
2025-11-10T11:38:00,1762754880000,SENSEX,hybrid,0.8928571428571429,,15,60,2025-11-10T12:30:00,1762758000000,52,1618.8382783506056
2025-11-10T11:38:00,1762754880000,SENSEX,hybrid,0.8928571428571429,,15,60,2025-11-10T12:31:00,1762758060000,53,1614.4723221961744
2025-11-10T11:38:00,1762754880000,SENSEX,hybrid,0.8928571428571429,,15,60,2025-11-10T12:32:00,1762758120000,54,1619.533237842032
2025-11-10T11:38:00,1762754880000,SENSEX,hybrid,0.8928571428571429,,15,60,2025-11-10T12:33:00,1762758180000,55,1619.3571290306772
2025-11-10T11:38:00,1762754880000,SENSEX,hybrid,0.8928571428571429,,15,60,2025-11-10T12:34:00,1762758240000,56,1613.6179045965082
2025-11-10T11:38:00,1762754880000,SENSEX,hybrid,0.8928571428571429,,15,60,2025-11-10T12:35:00,1762758300000,57,1620.1530187984747
2025-11-10T11:38:00,1762754880000,SENSEX,hybrid,0.8928571428571429,,15,60,2025-11-10T12:36:00,1762758360000,58,1619.4319493055987
2025-11-10T11:38:00,1762754880000,SENSEX,hybrid,0.8928571428571429,,15,60,2025-11-10T12:37:00,1762758420000,59,1616.4359598999843
2025-11-10T11:38:00,1762754880000,SENSEX,hybrid,0.8928571428571429,,15,60,2025-11-10T12:38:00,1762758480000,60,1619.324064146067
2025-11-10T11:38:00,1762754880000,SENSEX,hybrid,0.8928571428571429,,15,60,2025-11-10T11:39:00,1762754940000,1,2620.75
2025-11-10T11:38:00,1762754880000,SENSEX,hybrid,0.8928571428571429,,15,60,2025-11-10T11:40:00,1762755000000,2,2617.364476836383
2025-11-10T11:38:00,1762754880000,SENSEX,hybrid,0.8928571428571429,,15,60,2025-11-10T11:41:00,1762755060000,3,2620.7858832695197
2025-11-10T11:38:00,1762754880000,SENSEX,hybrid,0.8928571428571429,,15,60,2025-11-10T11:42:00,1762755120000,4,2620.5509284667382
2025-11-10T11:38:00,1762754880000,SENSEX,hybrid,0.8928571428571429,,15,60,2025-11-10T11:43:00,1762755180000,5,2617.205597462277
2025-11-10T11:38:00,1762754880000,SENSEX,hybrid,0.8928571428571429,,15,60,2025-11-10T11:44:00,1762755240000,6,2620.8011931032565
2025-11-10T11:38:00,1762754880000,SENSEX,hybrid,0.8928571428571429,,15,60,2025-11-10T11:45:00,1762755300000,7,2620.9561913068183
2025-11-10T11:38:00,1762754880000,SENSEX,hybrid,0.8928571428571429,,15,60,2025-11-10T11:46:00,1762755360000,8,2617.4478587052386
2025-11-10T11:38:00,1762754880000,SENSEX,hybrid,0.8928571428571429,,15,60,2025-11-10T11:47:00,1762755420000,9,2621.095663665197
2025-11-10T11:38:00,1762754880000,SENSEX,hybrid,0.8928571428571429,,15,60,2025-11-10T11:48:00,1762755480000,10,2621.079713664139
2025-11-10T11:38:00,1762754880000,SENSEX,hybrid,0.8928571428571429,,15,60,2025-11-10T11:49:00,1762755540000,11,2617.778921673968
2025-11-10T11:38:00,1762754880000,SENSEX,hybrid,0.8928571428571429,,15,60,2025-11-10T11:50:00,1762755600000,12,2621.0856818658535
2025-11-10T11:38:00,1762754880000,SENSEX,hybrid,0.8928571428571429,,15,60,2025-11-10T11:51:00,1762755660000,13,2621.0374168863027
2025-11-10T11:38:00,1762754880000,SENSEX,hybrid,0.8928571428571429,,15,60,2025-11-10T11:52:00,1762755720000,14,2617.4716626050886
2025-11-10T11:38:00,1762754880000,SENSEX,hybrid,0.8928571428571429,,15,60,2025-11-10T11:53:00,1762755780000,15,2621.0901872099357
2025-11-10T11:38:00,1762754880000,SENSEX,hybrid,0.8928571428571429,,15,60,2025-11-10T11:54:00,1762755840000,16,2620.988372391329
2025-11-10T11:38:00,1762754880000,SENSEX,hybrid,0.8928571428571429,,15,60,2025-11-10T11:55:00,1762755900000,17,2617.0872297591523
2025-11-10T11:38:00,1762754880000,SENSEX,hybrid,0.8928571428571429,,15,60,2025-11-10T11:56:00,1762755960000,18,2620.872847949426
2025-11-10T11:38:00,1762754880000,SENSEX,hybrid,0.8928571428571429,,15,60,2025-11-10T11:57:00,1762756020000,19,2620.8309643506436
2025-11-10T11:38:00,1762754880000,SENSEX,hybrid,0.8928571428571429,,15,60,2025-11-10T11:58:00,1762756080000,20,2617.4933368586194
2025-11-10T11:38:00,1762754880000,SENSEX,hybrid,0.8928571428571429,,15,60,2025-11-10T11:59:00,1762756140000,21,2620.970510966928
2025-11-10T11:38:00,1762754880000,SENSEX,hybrid,0.8928571428571429,,15,60,2025-11-10T12:00:00,1762756200000,22,2620.848338909778
2025-11-10T11:38:00,1762754880000,SENSEX,hybrid,0.8928571428571429,,15,60,2025-11-10T12:01:00,1762756260000,23,2618.226004623996
2025-11-10T11:38:00,1762754880000,SENSEX,hybrid,0.8928571428571429,,15,60,2025-11-10T12:02:00,1762756320000,24,2620.718406822729
2025-11-10T11:38:00,1762754880000,SENSEX,hybrid,0.8928571428571429,,15,60,2025-11-10T12:03:00,1762756380000,25,2620.681151827065
2025-11-10T11:38:00,1762754880000,SENSEX,hybrid,0.8928571428571429,,15,60,2025-11-10T12:04:00,1762756440000,26,2618.2507241807944
2025-11-10T11:38:00,1762754880000,SENSEX,hybrid,0.8928571428571429,,15,60,2025-11-10T12:05:00,1762756500000,27,2620.7266913254693
2025-11-10T11:38:00,1762754880000,SENSEX,hybrid,0.8928571428571429,,15,60,2025-11-10T12:06:00,1762756560000,28,2620.198295925276
2025-11-10T11:38:00,1762754880000,SENSEX,hybrid,0.8928571428571429,,15,60,2025-11-10T12:07:00,1762756620000,29,2615.995955018335
2025-11-10T11:38:00,1762754880000,SENSEX,hybrid,0.8928571428571429,,15,60,2025-11-10T12:08:00,1762756680000,30,2620.1018659803804
2025-11-10T11:38:00,1762754880000,SENSEX,hybrid,0.8928571428571429,,15,60,2025-11-10T12:09:00,1762756740000,31,2620.052440673797
2025-11-10T11:38:00,1762754880000,SENSEX,hybrid,0.8928571428571429,,15,60,2025-11-10T12:10:00,1762756800000,32,2616.34170397009
2025-11-10T11:38:00,1762754880000,SENSEX,hybrid,0.8928571428571429,,15,60,2025-11-10T12:11:00,1762756860000,33,2619.8147781213565
2025-11-10T11:38:00,1762754880000,SENSEX,hybrid,0.8928571428571429,,15,60,2025-11-10T12:12:00,1762756920000,34,2619.960158224357
2025-11-10T11:38:00,1762754880000,SENSEX,hybrid,0.8928571428571429,,15,60,2025-11-10T12:13:00,1762756980000,35,2615.952238836985
2025-11-10T11:38:00,1762754880000,SENSEX,hybrid,0.8928571428571429,,15,60,2025-11-10T12:14:00,1762757040000,36,2619.950919939094
2025-11-10T11:38:00,1762754880000,SENSEX,hybrid,0.8928571428571429,,15,60,2025-11-10T12:15:00,1762757100000,37,2619.718270981186
2025-11-10T11:38:00,1762754880000,SENSEX,hybrid,0.8928571428571429,,15,60,2025-11-10T12:16:00,1762757160000,38,2616.0429682259687
2025-11-10T11:38:00,1762754880000,SENSEX,hybrid,0.8928571428571429,,15,60,2025-11-10T12:17:00,1762757220000,39,2619.802168735597
2025-11-10T11:38:00,1762754880000,SENSEX,hybrid,0.8928571428571429,,15,60,2025-11-10T12:18:00,1762757280000,40,2619.8263486431747
2025-11-10T11:38:00,1762754880000,SENSEX,hybrid,0.8928571428571429,,15,60,2025-11-10T12:19:00,1762757340000,41,2616.238508833338
2025-11-10T11:38:00,1762754880000,SENSEX,hybrid,0.8928571428571429,,15,60,2025-11-10T12:20:00,1762757400000,42,2620.097601170098
2025-11-10T11:38:00,1762754880000,SENSEX,hybrid,0.8928571428571429,,15,60,2025-11-10T12:21:00,1762757460000,43,2620.2523191709247
2025-11-10T11:38:00,1762754880000,SENSEX,hybrid,0.8928571428571429,,15,60,2025-11-10T12:22:00,1762757520000,44,2616.234551901424
2025-11-10T11:38:00,1762754880000,SENSEX,hybrid,0.8928571428571429,,15,60,2025-11-10T12:23:00,1762757580000,45,2620.5471170397295
2025-11-10T11:38:00,1762754880000,SENSEX,hybrid,0.8928571428571429,,15,60,2025-11-10T12:24:00,1762757640000,46,2620.1914418369984
2025-11-10T11:38:00,1762754880000,SENSEX,hybrid,0.8928571428571429,,15,60,2025-11-10T12:25:00,1762757700000,47,2616.271014350868
2025-11-10T11:38:00,1762754880000,SENSEX,hybrid,0.8928571428571429,,15,60,2025-11-10T12:26:00,1762757760000,48,2620.275890307679
2025-11-10T11:38:00,1762754880000,SENSEX,hybrid,0.8928571428571429,,15,60,2025-11-10T12:27:00,1762757820000,49,2620.0288687816783
2025-11-10T11:38:00,1762754880000,SENSEX,hybrid,0.8928571428571429,,15,60,2025-11-10T12:28:00,1762757880000,50,2616.5493472991852
2025-11-10T11:38:00,1762754880000,SENSEX,hybrid,0.8928571428571429,,15,60,2025-11-10T12:29:00,1762757940000,51,2620.1079337039296
2025-11-10T11:38:00,1762754880000,SENSEX,hybrid,0.8928571428571429,,15,60,2025-11-10T12:30:00,1762758000000,52,2620.062008772632
2025-11-10T11:38:00,1762754880000,SENSEX,hybrid,0.8928571428571429,,15,60,2025-11-10T12:31:00,1762758060000,53,2615.986894220112
2025-11-10T11:38:00,1762754880000,SENSEX,hybrid,0.8928571428571429,,15,60,2025-11-10T12:32:00,1762758120000,54,2619.941833662047
2025-11-10T11:38:00,1762754880000,SENSEX,hybrid,0.8928571428571429,,15,60,2025-11-10T12:33:00,1762758180000,55,2620.0913391502636
2025-11-10T11:38:00,1762754880000,SENSEX,hybrid,0.8928571428571429,,15,60,2025-11-10T12:34:00,1762758240000,56,2616.1901222857196
2025-11-10T11:38:00,1762754880000,SENSEX,hybrid,0.8928571428571429,,15,60,2025-11-10T12:35:00,1762758300000,57,2620.1331609333315
2025-11-10T11:38:00,1762754880000,SENSEX,hybrid,0.8928571428571429,,15,60,2025-11-10T12:36:00,1762758360000,58,2619.9033859848473
2025-11-10T11:38:00,1762754880000,SENSEX,hybrid,0.8928571428571429,,15,60,2025-11-10T12:37:00,1762758420000,59,2618.0202960839783
2025-11-10T11:38:00,1762754880000,SENSEX,hybrid,0.8928571428571429,,15,60,2025-11-10T12:38:00,1762758480000,60,2619.6447469422055
2025-11-10T11:38:00,1762754880000,SENSEX,hybrid,0.8928571428571429,,15,60,2025-11-10T11:39:00,1762754940000,1,2620.75
2025-11-10T11:38:00,1762754880000,SENSEX,hybrid,0.8928571428571429,,15,60,2025-11-10T11:40:00,1762755000000,2,2617.364476836383
2025-11-10T11:38:00,1762754880000,SENSEX,hybrid,0.8928571428571429,,15,60,2025-11-10T11:41:00,1762755060000,3,2620.7858832695197
2025-11-10T11:38:00,1762754880000,SENSEX,hybrid,0.8928571428571429,,15,60,2025-11-10T11:42:00,1762755120000,4,2620.5509284667382
2025-11-10T11:38:00,1762754880000,SENSEX,hybrid,0.8928571428571429,,15,60,2025-11-10T11:43:00,1762755180000,5,2617.205597462277
2025-11-10T11:38:00,1762754880000,SENSEX,hybrid,0.8928571428571429,,15,60,2025-11-10T11:44:00,1762755240000,6,2620.8011931032565
2025-11-10T11:38:00,1762754880000,SENSEX,hybrid,0.8928571428571429,,15,60,2025-11-10T11:45:00,1762755300000,7,2620.9561913068183
2025-11-10T11:38:00,1762754880000,SENSEX,hybrid,0.8928571428571429,,15,60,2025-11-10T11:46:00,1762755360000,8,2617.4478587052386
2025-11-10T11:38:00,1762754880000,SENSEX,hybrid,0.8928571428571429,,15,60,2025-11-10T11:47:00,1762755420000,9,2621.095663665197
2025-11-10T11:38:00,1762754880000,SENSEX,hybrid,0.8928571428571429,,15,60,2025-11-10T11:48:00,1762755480000,10,2621.079713664139
2025-11-10T11:38:00,1762754880000,SENSEX,hybrid,0.8928571428571429,,15,60,2025-11-10T11:49:00,1762755540000,11,2617.778921673968
2025-11-10T11:38:00,1762754880000,SENSEX,hybrid,0.8928571428571429,,15,60,2025-11-10T11:50:00,1762755600000,12,2621.0856818658535
2025-11-10T11:38:00,1762754880000,SENSEX,hybrid,0.8928571428571429,,15,60,2025-11-10T11:51:00,1762755660000,13,2621.0374168863027
2025-11-10T11:38:00,1762754880000,SENSEX,hybrid,0.8928571428571429,,15,60,2025-11-10T11:52:00,1762755720000,14,2617.4716626050886
2025-11-10T11:38:00,1762754880000,SENSEX,hybrid,0.8928571428571429,,15,60,2025-11-10T11:53:00,1762755780000,15,2621.0901872099357
2025-11-10T11:38:00,1762754880000,SENSEX,hybrid,0.8928571428571429,,15,60,2025-11-10T11:54:00,1762755840000,16,2620.988372391329
2025-11-10T11:38:00,1762754880000,SENSEX,hybrid,0.8928571428571429,,15,60,2025-11-10T11:55:00,1762755900000,17,2617.0872297591523
2025-11-10T11:38:00,1762754880000,SENSEX,hybrid,0.8928571428571429,,15,60,2025-11-10T11:56:00,1762755960000,18,2620.872847949426
2025-11-10T11:38:00,1762754880000,SENSEX,hybrid,0.8928571428571429,,15,60,2025-11-10T11:57:00,1762756020000,19,2620.8309643506436
2025-11-10T11:38:00,1762754880000,SENSEX,hybrid,0.8928571428571429,,15,60,2025-11-10T11:58:00,1762756080000,20,2617.4933368586194
2025-11-10T11:38:00,1762754880000,SENSEX,hybrid,0.8928571428571429,,15,60,2025-11-10T11:59:00,1762756140000,21,2620.970510966928
2025-11-10T11:38:00,1762754880000,SENSEX,hybrid,0.8928571428571429,,15,60,2025-11-10T12:00:00,1762756200000,22,2620.848338909778
2025-11-10T11:38:00,1762754880000,SENSEX,hybrid,0.8928571428571429,,15,60,2025-11-10T12:01:00,1762756260000,23,2618.226004623996
2025-11-10T11:38:00,1762754880000,SENSEX,hybrid,0.8928571428571429,,15,60,2025-11-10T12:02:00,1762756320000,24,2620.718406822729
2025-11-10T11:38:00,1762754880000,SENSEX,hybrid,0.8928571428571429,,15,60,2025-11-10T12:03:00,1762756380000,25,2620.681151827065
2025-11-10T11:38:00,1762754880000,SENSEX,hybrid,0.8928571428571429,,15,60,2025-11-10T12:04:00,1762756440000,26,2618.2507241807944
2025-11-10T11:38:00,1762754880000,SENSEX,hybrid,0.8928571428571429,,15,60,2025-11-10T12:05:00,1762756500000,27,2620.7266913254693
2025-11-10T11:38:00,1762754880000,SENSEX,hybrid,0.8928571428571429,,15,60,2025-11-10T12:06:00,1762756560000,28,2620.198295925276
2025-11-10T11:38:00,1762754880000,SENSEX,hybrid,0.8928571428571429,,15,60,2025-11-10T12:07:00,1762756620000,29,2615.995955018335
2025-11-10T11:38:00,1762754880000,SENSEX,hybrid,0.8928571428571429,,15,60,2025-11-10T12:08:00,1762756680000,30,2620.1018659803804
2025-11-10T11:38:00,1762754880000,SENSEX,hybrid,0.8928571428571429,,15,60,2025-11-10T12:09:00,1762756740000,31,2620.052440673797
2025-11-10T11:38:00,1762754880000,SENSEX,hybrid,0.8928571428571429,,15,60,2025-11-10T12:10:00,1762756800000,32,2616.34170397009
2025-11-10T11:38:00,1762754880000,SENSEX,hybrid,0.8928571428571429,,15,60,2025-11-10T12:11:00,1762756860000,33,2619.8147781213565
2025-11-10T11:38:00,1762754880000,SENSEX,hybrid,0.8928571428571429,,15,60,2025-11-10T12:12:00,1762756920000,34,2619.960158224357
2025-11-10T11:38:00,1762754880000,SENSEX,hybrid,0.8928571428571429,,15,60,2025-11-10T12:13:00,1762756980000,35,2615.952238836985
2025-11-10T11:38:00,1762754880000,SENSEX,hybrid,0.8928571428571429,,15,60,2025-11-10T12:14:00,1762757040000,36,2619.950919939094
2025-11-10T11:38:00,1762754880000,SENSEX,hybrid,0.8928571428571429,,15,60,2025-11-10T12:15:00,1762757100000,37,2619.718270981186
2025-11-10T11:38:00,1762754880000,SENSEX,hybrid,0.8928571428571429,,15,60,2025-11-10T12:16:00,1762757160000,38,2616.0429682259687
2025-11-10T11:38:00,1762754880000,SENSEX,hybrid,0.8928571428571429,,15,60,2025-11-10T12:17:00,1762757220000,39,2619.802168735597
2025-11-10T11:38:00,1762754880000,SENSEX,hybrid,0.8928571428571429,,15,60,2025-11-10T12:18:00,1762757280000,40,2619.8263486431747
2025-11-10T11:38:00,1762754880000,SENSEX,hybrid,0.8928571428571429,,15,60,2025-11-10T12:19:00,1762757340000,41,2616.238508833338
2025-11-10T11:38:00,1762754880000,SENSEX,hybrid,0.8928571428571429,,15,60,2025-11-10T12:20:00,1762757400000,42,2620.097601170098
2025-11-10T11:38:00,1762754880000,SENSEX,hybrid,0.8928571428571429,,15,60,2025-11-10T12:21:00,1762757460000,43,2620.2523191709247
2025-11-10T11:38:00,1762754880000,SENSEX,hybrid,0.8928571428571429,,15,60,2025-11-10T12:22:00,1762757520000,44,2616.234551901424
2025-11-10T11:38:00,1762754880000,SENSEX,hybrid,0.8928571428571429,,15,60,2025-11-10T12:23:00,1762757580000,45,2620.5471170397295
2025-11-10T11:38:00,1762754880000,SENSEX,hybrid,0.8928571428571429,,15,60,2025-11-10T12:24:00,1762757640000,46,2620.1914418369984
2025-11-10T11:38:00,1762754880000,SENSEX,hybrid,0.8928571428571429,,15,60,2025-11-10T12:25:00,1762757700000,47,2616.271014350868
2025-11-10T11:38:00,1762754880000,SENSEX,hybrid,0.8928571428571429,,15,60,2025-11-10T12:26:00,1762757760000,48,2620.275890307679
2025-11-10T11:38:00,1762754880000,SENSEX,hybrid,0.8928571428571429,,15,60,2025-11-10T12:27:00,1762757820000,49,2620.0288687816783
2025-11-10T11:38:00,1762754880000,SENSEX,hybrid,0.8928571428571429,,15,60,2025-11-10T12:28:00,1762757880000,50,2616.5493472991852
2025-11-10T11:38:00,1762754880000,SENSEX,hybrid,0.8928571428571429,,15,60,2025-11-10T12:29:00,1762757940000,51,2620.1079337039296
2025-11-10T11:38:00,1762754880000,SENSEX,hybrid,0.8928571428571429,,15,60,2025-11-10T12:30:00,1762758000000,52,2620.062008772632
2025-11-10T11:38:00,1762754880000,SENSEX,hybrid,0.8928571428571429,,15,60,2025-11-10T12:31:00,1762758060000,53,2615.986894220112
2025-11-10T11:38:00,1762754880000,SENSEX,hybrid,0.8928571428571429,,15,60,2025-11-10T12:32:00,1762758120000,54,2619.941833662047
2025-11-10T11:38:00,1762754880000,SENSEX,hybrid,0.8928571428571429,,15,60,2025-11-10T12:33:00,1762758180000,55,2620.0913391502636
2025-11-10T11:38:00,1762754880000,SENSEX,hybrid,0.8928571428571429,,15,60,2025-11-10T12:34:00,1762758240000,56,2616.1901222857196
2025-11-10T11:38:00,1762754880000,SENSEX,hybrid,0.8928571428571429,,15,60,2025-11-10T12:35:00,1762758300000,57,2620.1331609333315
2025-11-10T11:38:00,1762754880000,SENSEX,hybrid,0.8928571428571429,,15,60,2025-11-10T12:36:00,1762758360000,58,2619.9033859848473
2025-11-10T11:38:00,1762754880000,SENSEX,hybrid,0.8928571428571429,,15,60,2025-11-10T12:37:00,1762758420000,59,2618.0202960839783
2025-11-10T11:38:00,1762754880000,SENSEX,hybrid,0.8928571428571429,,15,60,2025-11-10T12:38:00,1762758480000,60,2619.6447469422055
2025-11-10T11:49:30,1762755570000,SENSEX,hybrid,0.8846153846153846,19,20,180,2025-11-10T11:50:30,1762755630000,1,719.4
2025-11-10T11:49:30,1762755570000,SENSEX,hybrid,0.8846153846153846,19,20,180,2025-11-10T11:51:30,1762755690000,2,719.2519215128024
2025-11-10T11:49:30,1762755570000,SENSEX,hybrid,0.8846153846153846,19,20,180,2025-11-10T11:52:30,1762755750000,3,718.316963848379
2025-11-10T11:49:30,1762755570000,SENSEX,hybrid,0.8846153846153846,19,20,180,2025-11-10T11:53:30,1762755810000,4,719.1353923897801
2025-11-10T11:49:30,1762755570000,SENSEX,hybrid,0.8846153846153846,19,20,180,2025-11-10T11:54:30,1762755870000,5,719.0315074837172
2025-11-10T11:49:30,1762755570000,SENSEX,hybrid,0.8846153846153846,19,20,180,2025-11-10T11:55:30,1762755930000,6,717.4820941474001
2025-11-10T11:49:30,1762755570000,SENSEX,hybrid,0.8846153846153846,19,20,180,2025-11-10T11:56:30,1762755990000,7,717.9703864508962
2025-11-10T11:49:30,1762755570000,SENSEX,hybrid,0.8846153846153846,19,20,180,2025-11-10T11:57:30,1762756050000,8,718.8784863148067
2025-11-10T11:49:30,1762755570000,SENSEX,hybrid,0.8846153846153846,19,20,180,2025-11-10T11:58:30,1762756110000,9,718.0995214262829
2025-11-10T11:49:30,1762755570000,SENSEX,hybrid,0.8846153846153846,19,20,180,2025-11-10T11:59:30,1762756170000,10,718.1315144119521
2025-11-10T11:49:30,1762755570000,SENSEX,hybrid,0.8846153846153846,19,20,180,2025-11-10T12:00:30,1762756230000,11,719.0870493658367
2025-11-10T11:49:30,1762755570000,SENSEX,hybrid,0.8846153846153846,19,20,180,2025-11-10T12:01:30,1762756290000,12,715.9133150244443
2025-11-10T11:49:30,1762755570000,SENSEX,hybrid,0.8846153846153846,19,20,180,2025-11-10T12:02:30,1762756350000,13,717.6409415176964
2025-11-10T11:49:30,1762755570000,SENSEX,hybrid,0.8846153846153846,19,20,180,2025-11-10T12:03:30,1762756410000,14,718.0067708548343
2025-11-10T11:49:30,1762755570000,SENSEX,hybrid,0.8846153846153846,19,20,180,2025-11-10T12:04:30,1762756470000,15,713.9111984351025
2025-11-10T11:49:30,1762755570000,SENSEX,hybrid,0.8846153846153846,19,20,180,2025-11-10T12:05:30,1762756530000,16,715.5243997642466
2025-11-10T11:49:30,1762755570000,SENSEX,hybrid,0.8846153846153846,19,20,180,2025-11-10T12:06:30,1762756590000,17,715.8856576620551
2025-11-10T11:49:30,1762755570000,SENSEX,hybrid,0.8846153846153846,19,20,180,2025-11-10T12:07:30,1762756650000,18,713.2786313208832
2025-11-10T11:49:30,1762755570000,SENSEX,hybrid,0.8846153846153846,19,20,180,2025-11-10T12:08:30,1762756710000,19,717.6598861305395
2025-11-10T11:49:30,1762755570000,SENSEX,hybrid,0.8846153846153846,19,20,180,2025-11-10T12:09:30,1762756770000,20,718.2096292631444
2025-11-10T11:49:30,1762755570000,SENSEX,hybrid,0.8846153846153846,19,20,180,2025-11-10T12:10:30,1762756830000,21,716.2125207555473
2025-11-10T11:49:30,1762755570000,SENSEX,hybrid,0.8846153846153846,19,20,180,2025-11-10T12:11:30,1762756890000,22,716.9846581235998
2025-11-10T11:49:30,1762755570000,SENSEX,hybrid,0.8846153846153846,19,20,180,2025-11-10T12:12:30,1762756950000,23,719.4855068122071
2025-11-10T11:49:30,1762755570000,SENSEX,hybrid,0.8846153846153846,19,20,180,2025-11-10T12:13:30,1762757010000,24,717.432593486695
2025-11-10T11:49:30,1762755570000,SENSEX,hybrid,0.8846153846153846,19,20,180,2025-11-10T12:14:30,1762757070000,25,718.5335784922719
2025-11-10T11:49:30,1762755570000,SENSEX,hybrid,0.8846153846153846,19,20,180,2025-11-10T12:15:30,1762757130000,26,718.3520175015816
2025-11-10T11:49:30,1762755570000,SENSEX,hybrid,0.8846153846153846,19,20,180,2025-11-10T12:16:30,1762757190000,27,717.892872083233
2025-11-10T11:49:30,1762755570000,SENSEX,hybrid,0.8846153846153846,19,20,180,2025-11-10T12:17:30,1762757250000,28,717.5348479145193
2025-11-10T11:49:30,1762755570000,SENSEX,hybrid,0.8846153846153846,19,20,180,2025-11-10T12:18:30,1762757310000,29,718.280459040746
2025-11-10T11:49:30,1762755570000,SENSEX,hybrid,0.8846153846153846,19,20,180,2025-11-10T12:19:30,1762757370000,30,717.3859845999888
2025-11-10T11:49:30,1762755570000,SENSEX,hybrid,0.8846153846153846,19,20,180,2025-11-10T12:20:30,1762757430000,31,717.2158630868622
2025-11-10T11:49:30,1762755570000,SENSEX,hybrid,0.8846153846153846,19,20,180,2025-11-10T12:21:30,1762757490000,32,716.3806734647837
2025-11-10T11:49:30,1762755570000,SENSEX,hybrid,0.8846153846153846,19,20,180,2025-11-10T12:22:30,1762757550000,33,715.1695370906364
2025-11-10T11:49:30,1762755570000,SENSEX,hybrid,0.8846153846153846,19,20,180,2025-11-10T12:23:30,1762757610000,34,715.7768683628525
2025-11-10T11:49:30,1762755570000,SENSEX,hybrid,0.8846153846153846,19,20,180,2025-11-10T12:24:30,1762757670000,35,717.4103415685241
2025-11-10T11:49:30,1762755570000,SENSEX,hybrid,0.8846153846153846,19,20,180,2025-11-10T12:25:30,1762757730000,36,714.6542837527885
2025-11-10T11:49:30,1762755570000,SENSEX,hybrid,0.8846153846153846,19,20,180,2025-11-10T12:26:30,1762757790000,37,717.1741214215416
2025-11-10T11:49:30,1762755570000,SENSEX,hybrid,0.8846153846153846,19,20,180,2025-11-10T12:27:30,1762757850000,38,715.7362270965929
2025-11-10T11:49:30,1762755570000,SENSEX,hybrid,0.8846153846153846,19,20,180,2025-11-10T12:28:30,1762757910000,39,714.6989609002411
2025-11-10T11:49:30,1762755570000,SENSEX,hybrid,0.8846153846153846,19,20,180,2025-11-10T12:29:30,1762757970000,40,716.1482861363183
2025-11-10T11:49:30,1762755570000,SENSEX,hybrid,0.8846153846153846,19,20,180,2025-11-10T12:30:30,1762758030000,41,713.9069684221718
2025-11-10T11:49:30,1762755570000,SENSEX,hybrid,0.8846153846153846,19,20,180,2025-11-10T12:31:30,1762758090000,42,713.0005600334673
2025-11-10T11:49:30,1762755570000,SENSEX,hybrid,0.8846153846153846,19,20,180,2025-11-10T12:32:30,1762758150000,43,715.8791880187997
2025-11-10T11:49:30,1762755570000,SENSEX,hybrid,0.8846153846153846,19,20,180,2025-11-10T12:33:30,1762758210000,44,718.8063752315741
2025-11-10T11:49:30,1762755570000,SENSEX,hybrid,0.8846153846153846,19,20,180,2025-11-10T12:34:30,1762758270000,45,713.1481139435804
2025-11-10T11:49:30,1762755570000,SENSEX,hybrid,0.8846153846153846,19,20,180,2025-11-10T12:35:30,1762758330000,46,715.3172618748425
2025-11-10T11:49:30,1762755570000,SENSEX,hybrid,0.8846153846153846,19,20,180,2025-11-10T12:36:30,1762758390000,47,716.0069387631397
2025-11-10T11:49:30,1762755570000,SENSEX,hybrid,0.8846153846153846,19,20,180,2025-11-10T12:37:30,1762758450000,48,714.4766094747769
2025-11-10T11:49:30,1762755570000,SENSEX,hybrid,0.8846153846153846,19,20,180,2025-11-10T12:38:30,1762758510000,49,716.573874408412
2025-11-10T11:49:30,1762755570000,SENSEX,hybrid,0.8846153846153846,19,20,180,2025-11-10T12:39:30,1762758570000,50,715.0979239430002
2025-11-10T11:49:30,1762755570000,SENSEX,hybrid,0.8846153846153846,19,20,180,2025-11-10T12:40:30,1762758630000,51,711.5836149363648
2025-11-10T11:49:30,1762755570000,SENSEX,hybrid,0.8846153846153846,19,20,180,2025-11-10T12:41:30,1762758690000,52,714.5328291260007
2025-11-10T11:49:30,1762755570000,SENSEX,hybrid,0.8846153846153846,19,20,180,2025-11-10T12:42:30,1762758750000,53,714.3312940138095
2025-11-10T11:49:30,1762755570000,SENSEX,hybrid,0.8846153846153846,19,20,180,2025-11-10T12:43:30,1762758810000,54,712.1974541707809
2025-11-10T11:49:30,1762755570000,SENSEX,hybrid,0.8846153846153846,19,20,180,2025-11-10T12:44:30,1762758870000,55,714.2447712488112
2025-11-10T11:49:30,1762755570000,SENSEX,hybrid,0.8846153846153846,19,20,180,2025-11-10T12:45:30,1762758930000,56,712.9788340377862
2025-11-10T11:49:30,1762755570000,SENSEX,hybrid,0.8846153846153846,19,20,180,2025-11-10T12:46:30,1762758990000,57,710.5480227753546
2025-11-10T11:49:30,1762755570000,SENSEX,hybrid,0.8846153846153846,19,20,180,2025-11-10T12:47:30,1762759050000,58,713.936013343012
2025-11-10T11:49:30,1762755570000,SENSEX,hybrid,0.8846153846153846,19,20,180,2025-11-10T12:48:30,1762759110000,59,713.9706406914152
2025-11-10T11:49:30,1762755570000,SENSEX,hybrid,0.8846153846153846,19,20,180,2025-11-10T12:49:30,1762759170000,60,709.9826769502574
2025-11-10T12:05:30,1762756530000,SENSEX,hybrid,0.8846153846153846,18,20,180,2025-11-10T12:06:30,1762756590000,1,714.2
2025-11-10T12:05:30,1762756530000,SENSEX,hybrid,0.8846153846153846,18,20,180,2025-11-10T12:07:30,1762756650000,2,716.7491843266588
2025-11-10T12:05:30,1762756530000,SENSEX,hybrid,0.8846153846153846,18,20,180,2025-11-10T12:08:30,1762756710000,3,716.4829694904835
2025-11-10T12:05:30,1762756530000,SENSEX,hybrid,0.8846153846153846,18,20,180,2025-11-10T12:09:30,1762756770000,4,714.5439232059682
2025-11-10T12:05:30,1762756530000,SENSEX,hybrid,0.8846153846153846,18,20,180,2025-11-10T12:10:30,1762756830000,5,717.2066733331254
2025-11-10T12:05:30,1762756530000,SENSEX,hybrid,0.8846153846153846,18,20,180,2025-11-10T12:11:30,1762756890000,6,715.5460911543703
2025-11-10T12:05:30,1762756530000,SENSEX,hybrid,0.8846153846153846,18,20,180,2025-11-10T12:12:30,1762756950000,7,713.4355672098943
2025-11-10T12:05:30,1762756530000,SENSEX,hybrid,0.8846153846153846,18,20,180,2025-11-10T12:13:30,1762757010000,8,715.9074247026825
2025-11-10T12:05:30,1762756530000,SENSEX,hybrid,0.8846153846153846,18,20,180,2025-11-10T12:14:30,1762757070000,9,715.9156944457244
2025-11-10T12:05:30,1762756530000,SENSEX,hybrid,0.8846153846153846,18,20,180,2025-11-10T12:15:30,1762757130000,10,714.1527131699977
2025-11-10T12:05:30,1762756530000,SENSEX,hybrid,0.8846153846153846,18,20,180,2025-11-10T12:16:30,1762757190000,11,716.4429465455487
2025-11-10T12:05:30,1762756530000,SENSEX,hybrid,0.8846153846153846,18,20,180,2025-11-10T12:17:30,1762757250000,12,715.8702681442226
2025-11-10T12:05:30,1762756530000,SENSEX,hybrid,0.8846153846153846,18,20,180,2025-11-10T12:18:30,1762757310000,13,710.8106906995505
2025-11-10T12:05:30,1762756530000,SENSEX,hybrid,0.8846153846153846,18,20,180,2025-11-10T12:19:30,1762757370000,14,715.302204615009
2025-11-10T12:05:30,1762756530000,SENSEX,hybrid,0.8846153846153846,18,20,180,2025-11-10T12:20:30,1762757430000,15,714.1092274559508
2025-11-10T12:05:30,1762756530000,SENSEX,hybrid,0.8846153846153846,18,20,180,2025-11-10T12:21:30,1762757490000,16,709.9707485465507
2025-11-10T12:05:30,1762756530000,SENSEX,hybrid,0.8846153846153846,18,20,180,2025-11-10T12:22:30,1762757550000,17,713.1759327800993
2025-11-10T12:05:30,1762756530000,SENSEX,hybrid,0.8846153846153846,18,20,180,2025-11-10T12:23:30,1762757610000,18,712.6704831127968
2025-11-10T12:05:30,1762756530000,SENSEX,hybrid,0.8846153846153846,18,20,180,2025-11-10T12:24:30,1762757670000,19,710.969242287929
2025-11-10T12:05:30,1762756530000,SENSEX,hybrid,0.8846153846153846,18,20,180,2025-11-10T12:25:30,1762757730000,20,714.5738040428126
2025-11-10T12:05:30,1762756530000,SENSEX,hybrid,0.8846153846153846,18,20,180,2025-11-10T12:26:30,1762757790000,21,714.4707582866703
2025-11-10T12:05:30,1762756530000,SENSEX,hybrid,0.8846153846153846,18,20,180,2025-11-10T12:27:30,1762757850000,22,711.8539390024258
2025-11-10T12:05:30,1762756530000,SENSEX,hybrid,0.8846153846153846,18,20,180,2025-11-10T12:28:30,1762757910000,23,713.5378091658089
2025-11-10T12:05:30,1762756530000,SENSEX,hybrid,0.8846153846153846,18,20,180,2025-11-10T12:29:30,1762757970000,24,713.4730517680866
2025-11-10T12:05:30,1762756530000,SENSEX,hybrid,0.8846153846153846,18,20,180,2025-11-10T12:30:30,1762758030000,25,709.1759735313727
2025-11-10T12:05:30,1762756530000,SENSEX,hybrid,0.8846153846153846,18,20,180,2025-11-10T12:31:30,1762758090000,26,711.2868931357151
2025-11-10T12:05:30,1762756530000,SENSEX,hybrid,0.8846153846153846,18,20,180,2025-11-10T12:32:30,1762758150000,27,711.8063671540673
2025-11-10T12:05:30,1762756530000,SENSEX,hybrid,0.8846153846153846,18,20,180,2025-11-10T12:33:30,1762758210000,28,708.5864713006966
2025-11-10T12:05:30,1762756530000,SENSEX,hybrid,0.8846153846153846,18,20,180,2025-11-10T12:34:30,1762758270000,29,711.3092496845909
2025-11-10T12:05:30,1762756530000,SENSEX,hybrid,0.8846153846153846,18,20,180,2025-11-10T12:35:30,1762758330000,30,713.5762353709446
2025-11-10T12:05:30,1762756530000,SENSEX,hybrid,0.8846153846153846,18,20,180,2025-11-10T12:36:30,1762758390000,31,709.723713027623
2025-11-10T12:05:30,1762756530000,SENSEX,hybrid,0.8846153846153846,18,20,180,2025-11-10T12:37:30,1762758450000,32,711.5077136142967
2025-11-10T12:05:30,1762756530000,SENSEX,hybrid,0.8846153846153846,18,20,180,2025-11-10T12:38:30,1762758510000,33,712.18366796536
2025-11-10T12:05:30,1762756530000,SENSEX,hybrid,0.8846153846153846,18,20,180,2025-11-10T12:39:30,1762758570000,34,707.7737712357227
2025-11-10T12:05:30,1762756530000,SENSEX,hybrid,0.8846153846153846,18,20,180,2025-11-10T12:40:30,1762758630000,35,711.2311147311182
2025-11-10T12:05:30,1762756530000,SENSEX,hybrid,0.8846153846153846,18,20,180,2025-11-10T12:41:30,1762758690000,36,710.4993499091047
2025-11-10T12:05:30,1762756530000,SENSEX,hybrid,0.8846153846153846,18,20,180,2025-11-10T12:42:30,1762758750000,37,707.2758269230206
2025-11-10T12:05:30,1762756530000,SENSEX,hybrid,0.8846153846153846,18,20,180,2025-11-10T12:43:30,1762758810000,38,711.1640234241479
2025-11-10T12:05:30,1762756530000,SENSEX,hybrid,0.8846153846153846,18,20,180,2025-11-10T12:44:30,1762758870000,39,711.0448495327222
2025-11-10T12:05:30,1762756530000,SENSEX,hybrid,0.8846153846153846,18,20,180,2025-11-10T12:45:30,1762758930000,40,707.7473347419083
2025-11-10T12:05:30,1762756530000,SENSEX,hybrid,0.8846153846153846,18,20,180,2025-11-10T12:46:30,1762758990000,41,711.0264367429718
2025-11-10T12:05:30,1762756530000,SENSEX,hybrid,0.8846153846153846,18,20,180,2025-11-10T12:47:30,1762759050000,42,711.0753110686559
2025-11-10T12:05:30,1762756530000,SENSEX,hybrid,0.8846153846153846,18,20,180,2025-11-10T12:48:30,1762759110000,43,708.633698416335
2025-11-10T12:05:30,1762756530000,SENSEX,hybrid,0.8846153846153846,18,20,180,2025-11-10T12:49:30,1762759170000,44,712.0983257543747
2025-11-10T12:05:30,1762756530000,SENSEX,hybrid,0.8846153846153846,18,20,180,2025-11-10T12:50:30,1762759230000,45,711.285233464073
2025-11-10T12:05:30,1762756530000,SENSEX,hybrid,0.8846153846153846,18,20,180,2025-11-10T12:51:30,1762759290000,46,707.6797226209865
2025-11-10T12:05:30,1762756530000,SENSEX,hybrid,0.8846153846153846,18,20,180,2025-11-10T12:52:30,1762759350000,47,711.7781113381238
2025-11-10T12:05:30,1762756530000,SENSEX,hybrid,0.8846153846153846,18,20,180,2025-11-10T12:53:30,1762759410000,48,711.5331748465054
2025-11-10T12:05:30,1762756530000,SENSEX,hybrid,0.8846153846153846,18,20,180,2025-11-10T12:54:30,1762759470000,49,707.3259858696415
2025-11-10T12:05:30,1762756530000,SENSEX,hybrid,0.8846153846153846,18,20,180,2025-11-10T12:55:30,1762759530000,50,711.0084418858991
2025-11-10T12:05:30,1762756530000,SENSEX,hybrid,0.8846153846153846,18,20,180,2025-11-10T12:56:30,1762759590000,51,711.3551326129767
2025-11-10T12:05:30,1762756530000,SENSEX,hybrid,0.8846153846153846,18,20,180,2025-11-10T12:57:30,1762759650000,52,707.8566546778566
2025-11-10T12:05:30,1762756530000,SENSEX,hybrid,0.8846153846153846,18,20,180,2025-11-10T12:58:30,1762759710000,53,711.3644021048501
2025-11-10T12:05:30,1762756530000,SENSEX,hybrid,0.8846153846153846,18,20,180,2025-11-10T12:59:30,1762759770000,54,711.686386882892
2025-11-10T12:05:30,1762756530000,SENSEX,hybrid,0.8846153846153846,18,20,180,2025-11-10T13:00:30,1762759830000,55,709.2023919863178
2025-11-10T12:05:30,1762756530000,SENSEX,hybrid,0.8846153846153846,18,20,180,2025-11-10T13:01:30,1762759890000,56,711.0554823046364
2025-11-10T12:05:30,1762756530000,SENSEX,hybrid,0.8846153846153846,18,20,180,2025-11-10T13:02:30,1762759950000,57,711.7534740475128
2025-11-10T12:05:30,1762756530000,SENSEX,hybrid,0.8846153846153846,18,20,180,2025-11-10T13:03:30,1762760010000,58,709.0916662170986
2025-11-10T12:05:30,1762756530000,SENSEX,hybrid,0.8846153846153846,18,20,180,2025-11-10T13:04:30,1762760070000,59,712.585472136014
2025-11-10T12:05:30,1762756530000,SENSEX,hybrid,0.8846153846153846,18,20,180,2025-11-10T13:05:30,1762760130000,60,712.3918581055531
2025-11-10T14:08:00,1762763880000,SENSEX,hybrid,0.8846153846153846,10,20,180,2025-11-10T14:09:00,1762763940000,1,691.05
2025-11-10T14:08:00,1762763880000,SENSEX,hybrid,0.8846153846153846,10,20,180,2025-11-10T14:10:00,1762764000000,2,680.4556840198194
2025-11-10T14:08:00,1762763880000,SENSEX,hybrid,0.8846153846153846,10,20,180,2025-11-10T14:11:00,1762764060000,3,691.586132195771
2025-11-10T14:08:00,1762763880000,SENSEX,hybrid,0.8846153846153846,10,20,180,2025-11-10T14:12:00,1762764120000,4,690.694005456859
2025-11-10T14:08:00,1762763880000,SENSEX,hybrid,0.8846153846153846,10,20,180,2025-11-10T14:13:00,1762764180000,5,680.144829957481
2025-11-10T14:08:00,1762763880000,SENSEX,hybrid,0.8846153846153846,10,20,180,2025-11-10T14:14:00,1762764240000,6,691.5211434332246
2025-11-10T14:08:00,1762763880000,SENSEX,hybrid,0.8846153846153846,10,20,180,2025-11-10T14:15:00,1762764300000,7,691.5440902230301
2025-11-10T14:08:00,1762763880000,SENSEX,hybrid,0.8846153846153846,10,20,180,2025-11-10T14:16:00,1762764360000,8,680.3792263182047
2025-11-10T14:08:00,1762763880000,SENSEX,hybrid,0.8846153846153846,10,20,180,2025-11-10T14:17:00,1762764420000,9,691.7417469694152
2025-11-10T14:08:00,1762763880000,SENSEX,hybrid,0.8846153846153846,10,20,180,2025-11-10T14:18:00,1762764480000,10,690.6737085928127
2025-11-10T14:08:00,1762763880000,SENSEX,hybrid,0.8846153846153846,10,20,180,2025-11-10T14:19:00,1762764540000,11,679.9342822648406
2025-11-10T14:08:00,1762763880000,SENSEX,hybrid,0.8846153846153846,10,20,180,2025-11-10T14:20:00,1762764600000,12,690.624606757812
2025-11-10T14:08:00,1762763880000,SENSEX,hybrid,0.8846153846153846,10,20,180,2025-11-10T14:21:00,1762764660000,13,691.1608295864459
2025-11-10T14:08:00,1762763880000,SENSEX,hybrid,0.8846153846153846,10,20,180,2025-11-10T14:22:00,1762764720000,14,680.4225569457317
2025-11-10T14:08:00,1762763880000,SENSEX,hybrid,0.8846153846153846,10,20,180,2025-11-10T14:23:00,1762764780000,15,691.3600415112423
2025-11-10T14:08:00,1762763880000,SENSEX,hybrid,0.8846153846153846,10,20,180,2025-11-10T14:24:00,1762764840000,16,690.1654770593885
2025-11-10T14:08:00,1762763880000,SENSEX,hybrid,0.8846153846153846,10,20,180,2025-11-10T14:25:00,1762764900000,17,680.9021675227473
2025-11-10T14:08:00,1762763880000,SENSEX,hybrid,0.8846153846153846,10,20,180,2025-11-10T14:26:00,1762764960000,18,690.596335145887
2025-11-10T14:08:00,1762763880000,SENSEX,hybrid,0.8846153846153846,10,20,180,2025-11-10T14:27:00,1762765020000,19,690.3727259229034
2025-11-10T14:08:00,1762763880000,SENSEX,hybrid,0.8846153846153846,10,20,180,2025-11-10T14:28:00,1762765080000,20,678.9768488265881
2025-11-10T14:08:00,1762763880000,SENSEX,hybrid,0.8846153846153846,10,20,180,2025-11-10T14:29:00,1762765140000,21,691.5618870794708
2025-11-10T14:08:00,1762763880000,SENSEX,hybrid,0.8846153846153846,10,20,180,2025-11-10T14:30:00,1762765200000,22,690.0991576687724
2025-11-10T14:08:00,1762763880000,SENSEX,hybrid,0.8846153846153846,10,20,180,2025-11-10T14:31:00,1762765260000,23,679.623198291961
2025-11-10T14:08:00,1762763880000,SENSEX,hybrid,0.8846153846153846,10,20,180,2025-11-10T14:32:00,1762765320000,24,691.2219070553223
2025-11-10T14:08:00,1762763880000,SENSEX,hybrid,0.8846153846153846,10,20,180,2025-11-10T14:33:00,1762765380000,25,692.5642655712008
2025-11-10T14:08:00,1762763880000,SENSEX,hybrid,0.8846153846153846,10,20,180,2025-11-10T14:34:00,1762765440000,26,680.1614039012176
2025-11-10T14:08:00,1762763880000,SENSEX,hybrid,0.8846153846153846,10,20,180,2025-11-10T14:35:00,1762765500000,27,692.3160638356577
2025-11-10T14:08:00,1762763880000,SENSEX,hybrid,0.8846153846153846,10,20,180,2025-11-10T14:36:00,1762765560000,28,692.0204871648889
2025-11-10T14:08:00,1762763880000,SENSEX,hybrid,0.8846153846153846,10,20,180,2025-11-10T14:37:00,1762765620000,29,679.4470495143358
2025-11-10T14:08:00,1762763880000,SENSEX,hybrid,0.8846153846153846,10,20,180,2025-11-10T14:38:00,1762765680000,30,690.8107731842109
2025-11-10T14:08:00,1762763880000,SENSEX,hybrid,0.8846153846153846,10,20,180,2025-11-10T14:39:00,1762765740000,31,690.6488859684358
2025-11-10T14:08:00,1762763880000,SENSEX,hybrid,0.8846153846153846,10,20,180,2025-11-10T14:40:00,1762765800000,32,679.4411080872238
2025-11-10T14:08:00,1762763880000,SENSEX,hybrid,0.8846153846153846,10,20,180,2025-11-10T14:41:00,1762765860000,33,690.5411117969167
2025-11-10T14:08:00,1762763880000,SENSEX,hybrid,0.8846153846153846,10,20,180,2025-11-10T14:42:00,1762765920000,34,690.953787255505
2025-11-10T14:08:00,1762763880000,SENSEX,hybrid,0.8846153846153846,10,20,180,2025-11-10T14:43:00,1762765980000,35,678.8611928430726
2025-11-10T14:08:00,1762763880000,SENSEX,hybrid,0.8846153846153846,10,20,180,2025-11-10T14:44:00,1762766040000,36,689.5118825517744
2025-11-10T14:08:00,1762763880000,SENSEX,hybrid,0.8846153846153846,10,20,180,2025-11-10T14:45:00,1762766100000,37,689.922927002178
2025-11-10T14:08:00,1762763880000,SENSEX,hybrid,0.8846153846153846,10,20,180,2025-11-10T14:46:00,1762766160000,38,678.7201140873468
2025-11-10T14:08:00,1762763880000,SENSEX,hybrid,0.8846153846153846,10,20,180,2025-11-10T14:47:00,1762766220000,39,689.4228994707669
2025-11-10T14:08:00,1762763880000,SENSEX,hybrid,0.8846153846153846,10,20,180,2025-11-10T14:48:00,1762766280000,40,689.2327880031149
2025-11-10T14:08:00,1762763880000,SENSEX,hybrid,0.8846153846153846,10,20,180,2025-11-10T14:49:00,1762766340000,41,677.4676883431367
2025-11-10T14:08:00,1762763880000,SENSEX,hybrid,0.8846153846153846,10,20,180,2025-11-10T14:50:00,1762766400000,42,689.2984964081663
2025-11-10T14:08:00,1762763880000,SENSEX,hybrid,0.8846153846153846,10,20,180,2025-11-10T14:51:00,1762766460000,43,688.9509027500956
2025-11-10T14:08:00,1762763880000,SENSEX,hybrid,0.8846153846153846,10,20,180,2025-11-10T14:52:00,1762766520000,44,677.8774973752726
2025-11-10T14:08:00,1762763880000,SENSEX,hybrid,0.8846153846153846,10,20,180,2025-11-10T14:53:00,1762766580000,45,689.4011805023019
2025-11-10T14:08:00,1762763880000,SENSEX,hybrid,0.8846153846153846,10,20,180,2025-11-10T14:54:00,1762766640000,46,688.9199793977472
2025-11-10T14:08:00,1762763880000,SENSEX,hybrid,0.8846153846153846,10,20,180,2025-11-10T14:55:00,1762766700000,47,678.3145374277738
2025-11-10T14:08:00,1762763880000,SENSEX,hybrid,0.8846153846153846,10,20,180,2025-11-10T14:56:00,1762766760000,48,690.0700479318816
2025-11-10T14:08:00,1762763880000,SENSEX,hybrid,0.8846153846153846,10,20,180,2025-11-10T14:57:00,1762766820000,49,689.0182132834572
2025-11-10T14:08:00,1762763880000,SENSEX,hybrid,0.8846153846153846,10,20,180,2025-11-10T14:58:00,1762766880000,50,676.8968299177847
2025-11-10T14:08:00,1762763880000,SENSEX,hybrid,0.8846153846153846,10,20,180,2025-11-10T14:59:00,1762766940000,51,687.949316918526
2025-11-10T14:08:00,1762763880000,SENSEX,hybrid,0.8846153846153846,10,20,180,2025-11-10T15:00:00,1762767000000,52,687.3018734859724
2025-11-10T14:08:00,1762763880000,SENSEX,hybrid,0.8846153846153846,10,20,180,2025-11-10T15:01:00,1762767060000,53,677.2420011408506
2025-11-10T14:08:00,1762763880000,SENSEX,hybrid,0.8846153846153846,10,20,180,2025-11-10T15:02:00,1762767120000,54,687.6754468014474
2025-11-10T14:08:00,1762763880000,SENSEX,hybrid,0.8846153846153846,10,20,180,2025-11-10T15:03:00,1762767180000,55,687.560640709654
2025-11-10T14:08:00,1762763880000,SENSEX,hybrid,0.8846153846153846,10,20,180,2025-11-10T15:04:00,1762767240000,56,675.4427065739302
2025-11-10T14:08:00,1762763880000,SENSEX,hybrid,0.8846153846153846,10,20,180,2025-11-10T15:05:00,1762767300000,57,687.7713965811143
2025-11-10T14:08:00,1762763880000,SENSEX,hybrid,0.8846153846153846,10,20,180,2025-11-10T15:06:00,1762767360000,58,686.9331289828988
2025-11-10T14:08:00,1762763880000,SENSEX,hybrid,0.8846153846153846,10,20,180,2025-11-10T15:07:00,1762767420000,59,676.1257084757739
2025-11-10T14:08:00,1762763880000,SENSEX,hybrid,0.8846153846153846,10,20,180,2025-11-10T15:08:00,1762767480000,60,687.7911414261889
2025-11-10T14:08:00,1762763880000,SENSEX,hybrid,0.8846153846153846,,20,180,2025-11-10T14:09:00,1762763940000,1,691.05
2025-11-10T14:08:00,1762763880000,SENSEX,hybrid,0.8846153846153846,,20,180,2025-11-10T14:10:00,1762764000000,2,680.4556840198194
2025-11-10T14:08:00,1762763880000,SENSEX,hybrid,0.8846153846153846,,20,180,2025-11-10T14:11:00,1762764060000,3,691.586132195771
2025-11-10T14:08:00,1762763880000,SENSEX,hybrid,0.8846153846153846,,20,180,2025-11-10T14:12:00,1762764120000,4,690.694005456859
2025-11-10T14:08:00,1762763880000,SENSEX,hybrid,0.8846153846153846,,20,180,2025-11-10T14:13:00,1762764180000,5,680.144829957481
2025-11-10T14:08:00,1762763880000,SENSEX,hybrid,0.8846153846153846,,20,180,2025-11-10T14:14:00,1762764240000,6,691.5211434332246
2025-11-10T14:08:00,1762763880000,SENSEX,hybrid,0.8846153846153846,,20,180,2025-11-10T14:15:00,1762764300000,7,691.5440902230301
2025-11-10T14:08:00,1762763880000,SENSEX,hybrid,0.8846153846153846,,20,180,2025-11-10T14:16:00,1762764360000,8,680.3792263182047
2025-11-10T14:08:00,1762763880000,SENSEX,hybrid,0.8846153846153846,,20,180,2025-11-10T14:17:00,1762764420000,9,691.7417469694152
2025-11-10T14:08:00,1762763880000,SENSEX,hybrid,0.8846153846153846,,20,180,2025-11-10T14:18:00,1762764480000,10,690.6737085928127
2025-11-10T14:08:00,1762763880000,SENSEX,hybrid,0.8846153846153846,,20,180,2025-11-10T14:19:00,1762764540000,11,679.9342822648406
2025-11-10T14:08:00,1762763880000,SENSEX,hybrid,0.8846153846153846,,20,180,2025-11-10T14:20:00,1762764600000,12,690.624606757812
2025-11-10T14:08:00,1762763880000,SENSEX,hybrid,0.8846153846153846,,20,180,2025-11-10T14:21:00,1762764660000,13,691.1608295864459
2025-11-10T14:08:00,1762763880000,SENSEX,hybrid,0.8846153846153846,,20,180,2025-11-10T14:22:00,1762764720000,14,680.4225569457317
2025-11-10T14:08:00,1762763880000,SENSEX,hybrid,0.8846153846153846,,20,180,2025-11-10T14:23:00,1762764780000,15,691.3600415112423
2025-11-10T14:08:00,1762763880000,SENSEX,hybrid,0.8846153846153846,,20,180,2025-11-10T14:24:00,1762764840000,16,690.1654770593885
2025-11-10T14:08:00,1762763880000,SENSEX,hybrid,0.8846153846153846,,20,180,2025-11-10T14:25:00,1762764900000,17,680.9021675227473
2025-11-10T14:08:00,1762763880000,SENSEX,hybrid,0.8846153846153846,,20,180,2025-11-10T14:26:00,1762764960000,18,690.596335145887
2025-11-10T14:08:00,1762763880000,SENSEX,hybrid,0.8846153846153846,,20,180,2025-11-10T14:27:00,1762765020000,19,690.3727259229034
2025-11-10T14:08:00,1762763880000,SENSEX,hybrid,0.8846153846153846,,20,180,2025-11-10T14:28:00,1762765080000,20,678.9768488265881
2025-11-10T14:08:00,1762763880000,SENSEX,hybrid,0.8846153846153846,,20,180,2025-11-10T14:29:00,1762765140000,21,691.5618870794708
2025-11-10T14:08:00,1762763880000,SENSEX,hybrid,0.8846153846153846,,20,180,2025-11-10T14:30:00,1762765200000,22,690.0991576687724
2025-11-10T14:08:00,1762763880000,SENSEX,hybrid,0.8846153846153846,,20,180,2025-11-10T14:31:00,1762765260000,23,679.623198291961
2025-11-10T14:08:00,1762763880000,SENSEX,hybrid,0.8846153846153846,,20,180,2025-11-10T14:32:00,1762765320000,24,691.2219070553223
2025-11-10T14:08:00,1762763880000,SENSEX,hybrid,0.8846153846153846,,20,180,2025-11-10T14:33:00,1762765380000,25,692.5642655712008
2025-11-10T14:08:00,1762763880000,SENSEX,hybrid,0.8846153846153846,,20,180,2025-11-10T14:34:00,1762765440000,26,680.1614039012176
2025-11-10T14:08:00,1762763880000,SENSEX,hybrid,0.8846153846153846,,20,180,2025-11-10T14:35:00,1762765500000,27,692.3160638356577
2025-11-10T14:08:00,1762763880000,SENSEX,hybrid,0.8846153846153846,,20,180,2025-11-10T14:36:00,1762765560000,28,692.0204871648889
2025-11-10T14:08:00,1762763880000,SENSEX,hybrid,0.8846153846153846,,20,180,2025-11-10T14:37:00,1762765620000,29,679.4470495143358
2025-11-10T14:08:00,1762763880000,SENSEX,hybrid,0.8846153846153846,,20,180,2025-11-10T14:38:00,1762765680000,30,690.8107731842109
2025-11-10T14:08:00,1762763880000,SENSEX,hybrid,0.8846153846153846,,20,180,2025-11-10T14:39:00,1762765740000,31,690.6488859684358
2025-11-10T14:08:00,1762763880000,SENSEX,hybrid,0.8846153846153846,,20,180,2025-11-10T14:40:00,1762765800000,32,679.4411080872238
2025-11-10T14:08:00,1762763880000,SENSEX,hybrid,0.8846153846153846,,20,180,2025-11-10T14:41:00,1762765860000,33,690.5411117969167
2025-11-10T14:08:00,1762763880000,SENSEX,hybrid,0.8846153846153846,,20,180,2025-11-10T14:42:00,1762765920000,34,690.953787255505
2025-11-10T14:08:00,1762763880000,SENSEX,hybrid,0.8846153846153846,,20,180,2025-11-10T14:43:00,1762765980000,35,678.8611928430726
2025-11-10T14:08:00,1762763880000,SENSEX,hybrid,0.8846153846153846,,20,180,2025-11-10T14:44:00,1762766040000,36,689.5118825517744
2025-11-10T14:08:00,1762763880000,SENSEX,hybrid,0.8846153846153846,,20,180,2025-11-10T14:45:00,1762766100000,37,689.922927002178
2025-11-10T14:08:00,1762763880000,SENSEX,hybrid,0.8846153846153846,,20,180,2025-11-10T14:46:00,1762766160000,38,678.7201140873468
2025-11-10T14:08:00,1762763880000,SENSEX,hybrid,0.8846153846153846,,20,180,2025-11-10T14:47:00,1762766220000,39,689.4228994707669
2025-11-10T14:08:00,1762763880000,SENSEX,hybrid,0.8846153846153846,,20,180,2025-11-10T14:48:00,1762766280000,40,689.2327880031149
2025-11-10T14:08:00,1762763880000,SENSEX,hybrid,0.8846153846153846,,20,180,2025-11-10T14:49:00,1762766340000,41,677.4676883431367
2025-11-10T14:08:00,1762763880000,SENSEX,hybrid,0.8846153846153846,,20,180,2025-11-10T14:50:00,1762766400000,42,689.2984964081663
2025-11-10T14:08:00,1762763880000,SENSEX,hybrid,0.8846153846153846,,20,180,2025-11-10T14:51:00,1762766460000,43,688.9509027500956
2025-11-10T14:08:00,1762763880000,SENSEX,hybrid,0.8846153846153846,,20,180,2025-11-10T14:52:00,1762766520000,44,677.8774973752726
2025-11-10T14:08:00,1762763880000,SENSEX,hybrid,0.8846153846153846,,20,180,2025-11-10T14:53:00,1762766580000,45,689.4011805023019
2025-11-10T14:08:00,1762763880000,SENSEX,hybrid,0.8846153846153846,,20,180,2025-11-10T14:54:00,1762766640000,46,688.9199793977472
2025-11-10T14:08:00,1762763880000,SENSEX,hybrid,0.8846153846153846,,20,180,2025-11-10T14:55:00,1762766700000,47,678.3145374277738
2025-11-10T14:08:00,1762763880000,SENSEX,hybrid,0.8846153846153846,,20,180,2025-11-10T14:56:00,1762766760000,48,690.0700479318816
2025-11-10T14:08:00,1762763880000,SENSEX,hybrid,0.8846153846153846,,20,180,2025-11-10T14:57:00,1762766820000,49,689.0182132834572
2025-11-10T14:08:00,1762763880000,SENSEX,hybrid,0.8846153846153846,,20,180,2025-11-10T14:58:00,1762766880000,50,676.8968299177847
2025-11-10T14:08:00,1762763880000,SENSEX,hybrid,0.8846153846153846,,20,180,2025-11-10T14:59:00,1762766940000,51,687.949316918526
2025-11-10T14:08:00,1762763880000,SENSEX,hybrid,0.8846153846153846,,20,180,2025-11-10T15:00:00,1762767000000,52,687.3018734859724
2025-11-10T14:08:00,1762763880000,SENSEX,hybrid,0.8846153846153846,,20,180,2025-11-10T15:01:00,1762767060000,53,677.2420011408506
2025-11-10T14:08:00,1762763880000,SENSEX,hybrid,0.8846153846153846,,20,180,2025-11-10T15:02:00,1762767120000,54,687.6754468014474
2025-11-10T14:08:00,1762763880000,SENSEX,hybrid,0.8846153846153846,,20,180,2025-11-10T15:03:00,1762767180000,55,687.560640709654
2025-11-10T14:08:00,1762763880000,SENSEX,hybrid,0.8846153846153846,,20,180,2025-11-10T15:04:00,1762767240000,56,675.4427065739302
2025-11-10T14:08:00,1762763880000,SENSEX,hybrid,0.8846153846153846,,20,180,2025-11-10T15:05:00,1762767300000,57,687.7713965811143
2025-11-10T14:08:00,1762763880000,SENSEX,hybrid,0.8846153846153846,,20,180,2025-11-10T15:06:00,1762767360000,58,686.9331289828988
2025-11-10T14:08:00,1762763880000,SENSEX,hybrid,0.8846153846153846,,20,180,2025-11-10T15:07:00,1762767420000,59,676.1257084757739
2025-11-10T14:08:00,1762763880000,SENSEX,hybrid,0.8846153846153846,,20,180,2025-11-10T15:08:00,1762767480000,60,687.7911414261889
2025-11-10T14:46:30,1762766190000,SENSEX,hybrid,0.8846153846153846,7,20,180,2025-11-10T14:47:30,1762766250000,1,689.8
2025-11-10T14:46:30,1762766190000,SENSEX,hybrid,0.8846153846153846,7,20,180,2025-11-10T14:48:30,1762766310000,2,685.5747223819983
2025-11-10T14:46:30,1762766190000,SENSEX,hybrid,0.8846153846153846,7,20,180,2025-11-10T14:49:30,1762766370000,3,690.6716451021863
2025-11-10T14:46:30,1762766190000,SENSEX,hybrid,0.8846153846153846,7,20,180,2025-11-10T14:50:30,1762766430000,4,690.2766191267815
2025-11-10T14:46:30,1762766190000,SENSEX,hybrid,0.8846153846153846,7,20,180,2025-11-10T14:51:30,1762766490000,5,686.2423693158162
2025-11-10T14:46:30,1762766190000,SENSEX,hybrid,0.8846153846153846,7,20,180,2025-11-10T14:52:30,1762766550000,6,689.5549853794614
2025-11-10T14:46:30,1762766190000,SENSEX,hybrid,0.8846153846153846,7,20,180,2025-11-10T14:53:30,1762766610000,7,689.2164055026117
2025-11-10T14:46:30,1762766190000,SENSEX,hybrid,0.8846153846153846,7,20,180,2025-11-10T14:54:30,1762766670000,8,686.2830270891203
2025-11-10T14:46:30,1762766190000,SENSEX,hybrid,0.8846153846153846,7,20,180,2025-11-10T14:55:30,1762766730000,9,688.9368014786188
2025-11-10T14:46:30,1762766190000,SENSEX,hybrid,0.8846153846153846,7,20,180,2025-11-10T14:56:30,1762766790000,10,687.7974441754533
2025-11-10T14:46:30,1762766190000,SENSEX,hybrid,0.8846153846153846,7,20,180,2025-11-10T14:57:30,1762766850000,11,685.292352428201
2025-11-10T14:46:30,1762766190000,SENSEX,hybrid,0.8846153846153846,7,20,180,2025-11-10T14:58:30,1762766910000,12,687.7526135947548
2025-11-10T14:46:30,1762766190000,SENSEX,hybrid,0.8846153846153846,7,20,180,2025-11-10T14:59:30,1762766970000,13,688.3756853829839
2025-11-10T14:46:30,1762766190000,SENSEX,hybrid,0.8846153846153846,7,20,180,2025-11-10T15:00:30,1762767030000,14,685.2240785781165
2025-11-10T14:46:30,1762766190000,SENSEX,hybrid,0.8846153846153846,7,20,180,2025-11-10T15:01:30,1762767090000,15,688.0964014526152
2025-11-10T14:46:30,1762766190000,SENSEX,hybrid,0.8846153846153846,7,20,180,2025-11-10T15:02:30,1762767150000,16,688.1523782305862
2025-11-10T14:46:30,1762766190000,SENSEX,hybrid,0.8846153846153846,7,20,180,2025-11-10T15:03:30,1762767210000,17,685.5766771179497
2025-11-10T14:46:30,1762766190000,SENSEX,hybrid,0.8846153846153846,7,20,180,2025-11-10T15:04:30,1762767270000,18,687.5220187330382
2025-11-10T14:46:30,1762766190000,SENSEX,hybrid,0.8846153846153846,7,20,180,2025-11-10T15:05:30,1762767330000,19,687.8132415531946
2025-11-10T14:46:30,1762766190000,SENSEX,hybrid,0.8846153846153846,7,20,180,2025-11-10T15:06:30,1762767390000,20,684.6159490402531
2025-11-10T14:46:30,1762766190000,SENSEX,hybrid,0.8846153846153846,7,20,180,2025-11-10T15:07:30,1762767450000,21,688.7183126098195
2025-11-10T14:46:30,1762766190000,SENSEX,hybrid,0.8846153846153846,7,20,180,2025-11-10T15:08:30,1762767510000,22,688.0043342504896
2025-11-10T14:46:30,1762766190000,SENSEX,hybrid,0.8846153846153846,7,20,180,2025-11-10T15:09:30,1762767570000,23,685.6752675433468
2025-11-10T14:46:30,1762766190000,SENSEX,hybrid,0.8846153846153846,7,20,180,2025-11-10T15:10:30,1762767630000,24,689.0010599493953
2025-11-10T14:46:30,1762766190000,SENSEX,hybrid,0.8846153846153846,7,20,180,2025-11-10T15:11:30,1762767690000,25,689.3469510925278
2025-11-10T14:46:30,1762766190000,SENSEX,hybrid,0.8846153846153846,7,20,180,2025-11-10T15:12:30,1762767750000,26,688.9532015778942
2025-11-10T14:46:30,1762766190000,SENSEX,hybrid,0.8846153846153846,7,20,180,2025-11-10T15:13:30,1762767810000,27,690.1808931341309
2025-11-10T14:46:30,1762766190000,SENSEX,hybrid,0.8846153846153846,7,20,180,2025-11-10T15:14:30,1762767870000,28,688.754016470353
2025-11-10T14:46:30,1762766190000,SENSEX,hybrid,0.8846153846153846,7,20,180,2025-11-10T15:15:30,1762767930000,29,687.3867921976421
2025-11-10T14:46:30,1762766190000,SENSEX,hybrid,0.8846153846153846,7,20,180,2025-11-10T15:16:30,1762767990000,30,689.5520512159427
2025-11-10T14:46:30,1762766190000,SENSEX,hybrid,0.8846153846153846,7,20,180,2025-11-10T15:17:30,1762768050000,31,688.5847834092842
2025-11-10T14:46:30,1762766190000,SENSEX,hybrid,0.8846153846153846,7,20,180,2025-11-10T15:18:30,1762768110000,32,686.8637614213638
2025-11-10T14:46:30,1762766190000,SENSEX,hybrid,0.8846153846153846,7,20,180,2025-11-10T15:19:30,1762768170000,33,687.5055127583278
2025-11-10T14:46:30,1762766190000,SENSEX,hybrid,0.8846153846153846,7,20,180,2025-11-10T15:20:30,1762768230000,34,688.2748211796653
2025-11-10T14:46:30,1762766190000,SENSEX,hybrid,0.8846153846153846,7,20,180,2025-11-10T15:21:30,1762768290000,35,688.0587795056111
2025-11-10T14:46:30,1762766190000,SENSEX,hybrid,0.8846153846153846,7,20,180,2025-11-10T15:22:30,1762768350000,36,689.0202689302516
2025-11-10T14:46:30,1762766190000,SENSEX,hybrid,0.8846153846153846,7,20,180,2025-11-10T15:23:30,1762768410000,37,688.719577740708
2025-11-10T14:46:30,1762766190000,SENSEX,hybrid,0.8846153846153846,7,20,180,2025-11-10T15:24:30,1762768470000,38,687.5353060144082
2025-11-10T14:46:30,1762766190000,SENSEX,hybrid,0.8846153846153846,7,20,180,2025-11-10T15:25:30,1762768530000,39,688.7125444239321
2025-11-10T14:46:30,1762766190000,SENSEX,hybrid,0.8846153846153846,7,20,180,2025-11-10T15:26:30,1762768590000,40,689.1499474028982
2025-11-10T14:46:30,1762766190000,SENSEX,hybrid,0.8846153846153846,7,20,180,2025-11-10T15:27:30,1762768650000,41,686.9165475784994
2025-11-10T14:46:30,1762766190000,SENSEX,hybrid,0.8846153846153846,7,20,180,2025-11-10T15:28:30,1762768710000,42,688.2028971013738
2025-11-10T14:46:30,1762766190000,SENSEX,hybrid,0.8846153846153846,7,20,180,2025-11-10T15:29:30,1762768770000,43,687.9702757945157
2025-11-10T14:46:30,1762766190000,SENSEX,hybrid,0.8846153846153846,,20,180,2025-11-10T14:47:30,1762766250000,1,689.8
2025-11-10T14:46:30,1762766190000,SENSEX,hybrid,0.8846153846153846,,20,180,2025-11-10T14:48:30,1762766310000,2,685.5747223819983
2025-11-10T14:46:30,1762766190000,SENSEX,hybrid,0.8846153846153846,,20,180,2025-11-10T14:49:30,1762766370000,3,690.6716451021863
2025-11-10T14:46:30,1762766190000,SENSEX,hybrid,0.8846153846153846,,20,180,2025-11-10T14:50:30,1762766430000,4,690.2766191267815
2025-11-10T14:46:30,1762766190000,SENSEX,hybrid,0.8846153846153846,,20,180,2025-11-10T14:51:30,1762766490000,5,686.2423693158162
2025-11-10T14:46:30,1762766190000,SENSEX,hybrid,0.8846153846153846,,20,180,2025-11-10T14:52:30,1762766550000,6,689.5549853794614
2025-11-10T14:46:30,1762766190000,SENSEX,hybrid,0.8846153846153846,,20,180,2025-11-10T14:53:30,1762766610000,7,689.2164055026117
2025-11-10T14:46:30,1762766190000,SENSEX,hybrid,0.8846153846153846,,20,180,2025-11-10T14:54:30,1762766670000,8,686.2830270891203
2025-11-10T14:46:30,1762766190000,SENSEX,hybrid,0.8846153846153846,,20,180,2025-11-10T14:55:30,1762766730000,9,688.9368014786188
2025-11-10T14:46:30,1762766190000,SENSEX,hybrid,0.8846153846153846,,20,180,2025-11-10T14:56:30,1762766790000,10,687.7974441754533
2025-11-10T14:46:30,1762766190000,SENSEX,hybrid,0.8846153846153846,,20,180,2025-11-10T14:57:30,1762766850000,11,685.292352428201
2025-11-10T14:46:30,1762766190000,SENSEX,hybrid,0.8846153846153846,,20,180,2025-11-10T14:58:30,1762766910000,12,687.7526135947548
2025-11-10T14:46:30,1762766190000,SENSEX,hybrid,0.8846153846153846,,20,180,2025-11-10T14:59:30,1762766970000,13,688.3756853829839
2025-11-10T14:46:30,1762766190000,SENSEX,hybrid,0.8846153846153846,,20,180,2025-11-10T15:00:30,1762767030000,14,685.2240785781165
2025-11-10T14:46:30,1762766190000,SENSEX,hybrid,0.8846153846153846,,20,180,2025-11-10T15:01:30,1762767090000,15,688.0964014526152
2025-11-10T14:46:30,1762766190000,SENSEX,hybrid,0.8846153846153846,,20,180,2025-11-10T15:02:30,1762767150000,16,688.1523782305862
2025-11-10T14:46:30,1762766190000,SENSEX,hybrid,0.8846153846153846,,20,180,2025-11-10T15:03:30,1762767210000,17,685.5766771179497
2025-11-10T14:46:30,1762766190000,SENSEX,hybrid,0.8846153846153846,,20,180,2025-11-10T15:04:30,1762767270000,18,687.5220187330382
2025-11-10T14:46:30,1762766190000,SENSEX,hybrid,0.8846153846153846,,20,180,2025-11-10T15:05:30,1762767330000,19,687.8132415531946
2025-11-10T14:46:30,1762766190000,SENSEX,hybrid,0.8846153846153846,,20,180,2025-11-10T15:06:30,1762767390000,20,684.6159490402531
2025-11-10T14:46:30,1762766190000,SENSEX,hybrid,0.8846153846153846,,20,180,2025-11-10T15:07:30,1762767450000,21,688.7183126098195
2025-11-10T14:46:30,1762766190000,SENSEX,hybrid,0.8846153846153846,,20,180,2025-11-10T15:08:30,1762767510000,22,688.0043342504896
2025-11-10T14:46:30,1762766190000,SENSEX,hybrid,0.8846153846153846,,20,180,2025-11-10T15:09:30,1762767570000,23,685.6752675433468
2025-11-10T14:46:30,1762766190000,SENSEX,hybrid,0.8846153846153846,,20,180,2025-11-10T15:10:30,1762767630000,24,689.0010599493953
2025-11-10T14:46:30,1762766190000,SENSEX,hybrid,0.8846153846153846,,20,180,2025-11-10T15:11:30,1762767690000,25,689.3469510925278
2025-11-10T14:46:30,1762766190000,SENSEX,hybrid,0.8846153846153846,,20,180,2025-11-10T15:12:30,1762767750000,26,688.9532015778942
2025-11-10T14:46:30,1762766190000,SENSEX,hybrid,0.8846153846153846,,20,180,2025-11-10T15:13:30,1762767810000,27,690.1808931341309
2025-11-10T14:46:30,1762766190000,SENSEX,hybrid,0.8846153846153846,,20,180,2025-11-10T15:14:30,1762767870000,28,688.754016470353
2025-11-10T14:46:30,1762766190000,SENSEX,hybrid,0.8846153846153846,,20,180,2025-11-10T15:15:30,1762767930000,29,687.3867921976421
2025-11-10T14:46:30,1762766190000,SENSEX,hybrid,0.8846153846153846,,20,180,2025-11-10T15:16:30,1762767990000,30,689.5520512159427
2025-11-10T14:46:30,1762766190000,SENSEX,hybrid,0.8846153846153846,,20,180,2025-11-10T15:17:30,1762768050000,31,688.5847834092842
2025-11-10T14:46:30,1762766190000,SENSEX,hybrid,0.8846153846153846,,20,180,2025-11-10T15:18:30,1762768110000,32,686.8637614213638
2025-11-10T14:46:30,1762766190000,SENSEX,hybrid,0.8846153846153846,,20,180,2025-11-10T15:19:30,1762768170000,33,687.5055127583278
2025-11-10T14:46:30,1762766190000,SENSEX,hybrid,0.8846153846153846,,20,180,2025-11-10T15:20:30,1762768230000,34,688.2748211796653
2025-11-10T14:46:30,1762766190000,SENSEX,hybrid,0.8846153846153846,,20,180,2025-11-10T15:21:30,1762768290000,35,688.0587795056111
2025-11-10T14:46:30,1762766190000,SENSEX,hybrid,0.8846153846153846,,20,180,2025-11-10T15:22:30,1762768350000,36,689.0202689302516
2025-11-10T14:46:30,1762766190000,SENSEX,hybrid,0.8846153846153846,,20,180,2025-11-10T15:23:30,1762768410000,37,688.719577740708
2025-11-10T14:46:30,1762766190000,SENSEX,hybrid,0.8846153846153846,,20,180,2025-11-10T15:24:30,1762768470000,38,687.5353060144082
2025-11-10T14:46:30,1762766190000,SENSEX,hybrid,0.8846153846153846,,20,180,2025-11-10T15:25:30,1762768530000,39,688.7125444239321
2025-11-10T14:46:30,1762766190000,SENSEX,hybrid,0.8846153846153846,,20,180,2025-11-10T15:26:30,1762768590000,40,689.1499474028982
2025-11-10T14:46:30,1762766190000,SENSEX,hybrid,0.8846153846153846,,20,180,2025-11-10T15:27:30,1762768650000,41,686.9165475784994
2025-11-10T14:46:30,1762766190000,SENSEX,hybrid,0.8846153846153846,,20,180,2025-11-10T15:28:30,1762768710000,42,688.2028971013738
2025-11-10T14:46:30,1762766190000,SENSEX,hybrid,0.8846153846153846,,20,180,2025-11-10T15:29:30,1762768770000,43,687.9702757945157
2025-11-10T15:29:30,1762768770000,SENSEX,hybrid,0.8846153846153846,2,20,180,2025-11-10T15:30:30,1762768830000,1,705.45
2025-11-10T15:29:30,1762768770000,SENSEX,hybrid,0.8846153846153846,2,20,180,2025-11-10T15:31:30,1762768890000,2,667.231035863608
2025-11-10T15:29:30,1762768770000,SENSEX,hybrid,0.8846153846153846,2,20,180,2025-11-10T15:32:30,1762768950000,3,708.1531603683791
2025-11-10T15:29:30,1762768770000,SENSEX,hybrid,0.8846153846153846,2,20,180,2025-11-10T15:33:30,1762769010000,4,704.4918909496283
2025-11-10T15:29:30,1762768770000,SENSEX,hybrid,0.8846153846153846,2,20,180,2025-11-10T15:34:30,1762769070000,5,666.968625312475
2025-11-10T15:29:30,1762768770000,SENSEX,hybrid,0.8846153846153846,2,20,180,2025-11-10T15:35:30,1762769130000,6,705.7353788105253
2025-11-10T15:29:30,1762768770000,SENSEX,hybrid,0.8846153846153846,2,20,180,2025-11-10T15:36:30,1762769190000,7,706.13563371106
2025-11-10T15:29:30,1762768770000,SENSEX,hybrid,0.8846153846153846,2,20,180,2025-11-10T15:37:30,1762769250000,8,665.5129779853191
2025-11-10T15:29:30,1762768770000,SENSEX,hybrid,0.8846153846153846,2,20,180,2025-11-10T15:38:30,1762769310000,9,704.5261687323501
2025-11-10T15:29:30,1762768770000,SENSEX,hybrid,0.8846153846153846,2,20,180,2025-11-10T15:39:30,1762769370000,10,702.9016888972794
2025-11-10T15:29:30,1762768770000,SENSEX,hybrid,0.8846153846153846,2,20,180,2025-11-10T15:40:30,1762769430000,11,667.0952576733471
2025-11-10T15:29:30,1762768770000,SENSEX,hybrid,0.8846153846153846,2,20,180,2025-11-10T15:41:30,1762769490000,12,706.0056180533664
2025-11-10T15:29:30,1762768770000,SENSEX,hybrid,0.8846153846153846,2,20,180,2025-11-10T15:42:30,1762769550000,13,707.1354190343848
2025-11-10T15:29:30,1762768770000,SENSEX,hybrid,0.8846153846153846,2,20,180,2025-11-10T15:43:30,1762769610000,14,662.705770154811
2025-11-10T15:29:30,1762768770000,SENSEX,hybrid,0.8846153846153846,2,20,180,2025-11-10T15:44:30,1762769670000,15,702.357048091142
2025-11-10T15:29:30,1762768770000,SENSEX,hybrid,0.8846153846153846,2,20,180,2025-11-10T15:45:30,1762769730000,16,700.2974952606693
2025-11-10T15:29:30,1762768770000,SENSEX,hybrid,0.8846153846153846,2,20,180,2025-11-10T15:46:30,1762769790000,17,662.1161105685784
2025-11-10T15:29:30,1762768770000,SENSEX,hybrid,0.8846153846153846,2,20,180,2025-11-10T15:47:30,1762769850000,18,703.5819980469249
2025-11-10T15:29:30,1762768770000,SENSEX,hybrid,0.8846153846153846,2,20,180,2025-11-10T15:48:30,1762769910000,19,700.385399135308
2025-11-10T15:29:30,1762768770000,SENSEX,hybrid,0.8846153846153846,2,20,180,2025-11-10T15:49:30,1762769970000,20,660.2113701750144
2025-11-10T15:29:30,1762768770000,SENSEX,hybrid,0.8846153846153846,2,20,180,2025-11-10T15:50:30,1762770030000,21,704.8103371285823
2025-11-10T15:29:30,1762768770000,SENSEX,hybrid,0.8846153846153846,2,20,180,2025-11-10T15:51:30,1762770090000,22,704.0355958414325
2025-11-10T15:29:30,1762768770000,SENSEX,hybrid,0.8846153846153846,2,20,180,2025-11-10T15:52:30,1762770150000,23,662.4208662607142
2025-11-10T15:29:30,1762768770000,SENSEX,hybrid,0.8846153846153846,2,20,180,2025-11-10T15:53:30,1762770210000,24,703.7689616981061
2025-11-10T15:29:30,1762768770000,SENSEX,hybrid,0.8846153846153846,2,20,180,2025-11-10T15:54:30,1762770270000,25,704.0260823923804
2025-11-10T15:29:30,1762768770000,SENSEX,hybrid,0.8846153846153846,2,20,180,2025-11-10T15:55:30,1762770330000,26,663.616737463874
2025-11-10T15:29:30,1762768770000,SENSEX,hybrid,0.8846153846153846,2,20,180,2025-11-10T15:56:30,1762770390000,27,706.70901168266
2025-11-10T15:29:30,1762768770000,SENSEX,hybrid,0.8846153846153846,2,20,180,2025-11-10T15:57:30,1762770450000,28,706.6289320833549
2025-11-10T15:29:30,1762768770000,SENSEX,hybrid,0.8846153846153846,2,20,180,2025-11-10T15:58:30,1762770510000,29,664.1850114764399
2025-11-10T15:29:30,1762768770000,SENSEX,hybrid,0.8846153846153846,2,20,180,2025-11-10T15:59:30,1762770570000,30,706.0842288899538
2025-11-10T15:29:30,1762768770000,SENSEX,hybrid,0.8846153846153846,2,20,180,2025-11-10T16:00:30,1762770630000,31,704.8418266355527
2025-11-10T15:29:30,1762768770000,SENSEX,hybrid,0.8846153846153846,2,20,180,2025-11-10T16:01:30,1762770690000,32,661.6440692169997
2025-11-10T15:29:30,1762768770000,SENSEX,hybrid,0.8846153846153846,2,20,180,2025-11-10T16:02:30,1762770750000,33,705.7180613211199
2025-11-10T15:29:30,1762768770000,SENSEX,hybrid,0.8846153846153846,2,20,180,2025-11-10T16:03:30,1762770810000,34,706.1904660068667
2025-11-10T15:29:30,1762768770000,SENSEX,hybrid,0.8846153846153846,2,20,180,2025-11-10T16:04:30,1762770870000,35,664.4049498401027
2025-11-10T15:29:30,1762768770000,SENSEX,hybrid,0.8846153846153846,2,20,180,2025-11-10T16:05:30,1762770930000,36,704.9022756543295
2025-11-10T15:29:30,1762768770000,SENSEX,hybrid,0.8846153846153846,2,20,180,2025-11-10T16:06:30,1762770990000,37,704.3328668550624
2025-11-10T15:29:30,1762768770000,SENSEX,hybrid,0.8846153846153846,2,20,180,2025-11-10T16:07:30,1762771050000,38,664.4792130369559
2025-11-10T15:29:30,1762768770000,SENSEX,hybrid,0.8846153846153846,2,20,180,2025-11-10T16:08:30,1762771110000,39,665.7664561379302
2025-11-10T15:29:30,1762768770000,SENSEX,hybrid,0.8846153846153846,2,20,180,2025-11-10T16:09:30,1762771170000,40,665.289648997278
2025-11-10T15:29:30,1762768770000,SENSEX,hybrid,0.8846153846153846,2,20,180,2025-11-10T16:10:30,1762771230000,41,700.8648407203111
2025-11-10T15:29:30,1762768770000,SENSEX,hybrid,0.8846153846153846,2,20,180,2025-11-10T16:11:30,1762771290000,42,703.6628002165305
2025-11-10T15:29:30,1762768770000,SENSEX,hybrid,0.8846153846153846,2,20,180,2025-11-10T16:12:30,1762771350000,43,666.8533875305009
2025-11-10T15:29:30,1762768770000,SENSEX,hybrid,0.8846153846153846,2,20,180,2025-11-10T16:13:30,1762771410000,44,659.8683723810913
2025-11-10T15:29:30,1762768770000,SENSEX,hybrid,0.8846153846153846,2,20,180,2025-11-10T16:14:30,1762771470000,45,659.2778331126442
2025-11-10T15:29:30,1762768770000,SENSEX,hybrid,0.8846153846153846,2,20,180,2025-11-10T16:15:30,1762771530000,46,699.4431708567755
2025-11-10T15:29:30,1762768770000,SENSEX,hybrid,0.8846153846153846,2,20,180,2025-11-10T16:16:30,1762771590000,47,702.565737307634
2025-11-10T15:29:30,1762768770000,SENSEX,hybrid,0.8846153846153846,2,20,180,2025-11-10T16:17:30,1762771650000,48,667.5754257648106
2025-11-10T15:29:30,1762768770000,SENSEX,hybrid,0.8846153846153846,2,20,180,2025-11-10T16:18:30,1762771710000,49,699.5695277004354
2025-11-10T15:29:30,1762768770000,SENSEX,hybrid,0.8846153846153846,2,20,180,2025-11-10T16:19:30,1762771770000,50,701.9929077564104
2025-11-10T15:29:30,1762768770000,SENSEX,hybrid,0.8846153846153846,2,20,180,2025-11-10T16:20:30,1762771830000,51,665.1095495218802
2025-11-10T15:29:30,1762768770000,SENSEX,hybrid,0.8846153846153846,2,20,180,2025-11-10T16:21:30,1762771890000,52,701.7502446395838
2025-11-10T15:29:30,1762768770000,SENSEX,hybrid,0.8846153846153846,2,20,180,2025-11-10T16:22:30,1762771950000,53,697.0381370217693
2025-11-10T15:29:30,1762768770000,SENSEX,hybrid,0.8846153846153846,2,20,180,2025-11-10T16:23:30,1762772010000,54,661.3500096532068
2025-11-10T15:29:30,1762768770000,SENSEX,hybrid,0.8846153846153846,2,20,180,2025-11-10T16:24:30,1762772070000,55,703.2732051685457
2025-11-10T15:29:30,1762768770000,SENSEX,hybrid,0.8846153846153846,2,20,180,2025-11-10T16:25:30,1762772130000,56,696.4508611175922
2025-11-10T15:29:30,1762768770000,SENSEX,hybrid,0.8846153846153846,2,20,180,2025-11-10T16:26:30,1762772190000,57,661.8916650898309
2025-11-10T15:29:30,1762768770000,SENSEX,hybrid,0.8846153846153846,2,20,180,2025-11-10T16:27:30,1762772250000,58,701.781958133206
2025-11-10T15:29:30,1762768770000,SENSEX,hybrid,0.8846153846153846,2,20,180,2025-11-10T16:28:30,1762772310000,59,697.0621600516275
2025-11-10T15:29:30,1762768770000,SENSEX,hybrid,0.8846153846153846,2,20,180,2025-11-10T16:29:30,1762772370000,60,660.146863815418
2025-11-10T15:29:30,1762768770000,SENSEX,hybrid,0.8846153846153846,,20,180,2025-11-10T15:30:30,1762768830000,1,705.45
2025-11-10T15:29:30,1762768770000,SENSEX,hybrid,0.8846153846153846,,20,180,2025-11-10T15:31:30,1762768890000,2,667.231035863608
2025-11-10T15:29:30,1762768770000,SENSEX,hybrid,0.8846153846153846,,20,180,2025-11-10T15:32:30,1762768950000,3,708.1531603683791
2025-11-10T15:29:30,1762768770000,SENSEX,hybrid,0.8846153846153846,,20,180,2025-11-10T15:33:30,1762769010000,4,704.4918909496283
2025-11-10T15:29:30,1762768770000,SENSEX,hybrid,0.8846153846153846,,20,180,2025-11-10T15:34:30,1762769070000,5,666.968625312475
2025-11-10T15:29:30,1762768770000,SENSEX,hybrid,0.8846153846153846,,20,180,2025-11-10T15:35:30,1762769130000,6,705.7353788105253
2025-11-10T15:29:30,1762768770000,SENSEX,hybrid,0.8846153846153846,,20,180,2025-11-10T15:36:30,1762769190000,7,706.13563371106
2025-11-10T15:29:30,1762768770000,SENSEX,hybrid,0.8846153846153846,,20,180,2025-11-10T15:37:30,1762769250000,8,665.5129779853191
2025-11-10T15:29:30,1762768770000,SENSEX,hybrid,0.8846153846153846,,20,180,2025-11-10T15:38:30,1762769310000,9,704.5261687323501
2025-11-10T15:29:30,1762768770000,SENSEX,hybrid,0.8846153846153846,,20,180,2025-11-10T15:39:30,1762769370000,10,702.9016888972794
2025-11-10T15:29:30,1762768770000,SENSEX,hybrid,0.8846153846153846,,20,180,2025-11-10T15:40:30,1762769430000,11,667.0952576733471
2025-11-10T15:29:30,1762768770000,SENSEX,hybrid,0.8846153846153846,,20,180,2025-11-10T15:41:30,1762769490000,12,706.0056180533664
2025-11-10T15:29:30,1762768770000,SENSEX,hybrid,0.8846153846153846,,20,180,2025-11-10T15:42:30,1762769550000,13,707.1354190343848
2025-11-10T15:29:30,1762768770000,SENSEX,hybrid,0.8846153846153846,,20,180,2025-11-10T15:43:30,1762769610000,14,662.705770154811
2025-11-10T15:29:30,1762768770000,SENSEX,hybrid,0.8846153846153846,,20,180,2025-11-10T15:44:30,1762769670000,15,702.357048091142
2025-11-10T15:29:30,1762768770000,SENSEX,hybrid,0.8846153846153846,,20,180,2025-11-10T15:45:30,1762769730000,16,700.2974952606693
2025-11-10T15:29:30,1762768770000,SENSEX,hybrid,0.8846153846153846,,20,180,2025-11-10T15:46:30,1762769790000,17,662.1161105685784
2025-11-10T15:29:30,1762768770000,SENSEX,hybrid,0.8846153846153846,,20,180,2025-11-10T15:47:30,1762769850000,18,703.5819980469249
2025-11-10T15:29:30,1762768770000,SENSEX,hybrid,0.8846153846153846,,20,180,2025-11-10T15:48:30,1762769910000,19,700.385399135308
2025-11-10T15:29:30,1762768770000,SENSEX,hybrid,0.8846153846153846,,20,180,2025-11-10T15:49:30,1762769970000,20,660.2113701750144
2025-11-10T15:29:30,1762768770000,SENSEX,hybrid,0.8846153846153846,,20,180,2025-11-10T15:50:30,1762770030000,21,704.8103371285823
2025-11-10T15:29:30,1762768770000,SENSEX,hybrid,0.8846153846153846,,20,180,2025-11-10T15:51:30,1762770090000,22,704.0355958414325
2025-11-10T15:29:30,1762768770000,SENSEX,hybrid,0.8846153846153846,,20,180,2025-11-10T15:52:30,1762770150000,23,662.4208662607142
2025-11-10T15:29:30,1762768770000,SENSEX,hybrid,0.8846153846153846,,20,180,2025-11-10T15:53:30,1762770210000,24,703.7689616981061
2025-11-10T15:29:30,1762768770000,SENSEX,hybrid,0.8846153846153846,,20,180,2025-11-10T15:54:30,1762770270000,25,704.0260823923804
2025-11-10T15:29:30,1762768770000,SENSEX,hybrid,0.8846153846153846,,20,180,2025-11-10T15:55:30,1762770330000,26,663.616737463874
2025-11-10T15:29:30,1762768770000,SENSEX,hybrid,0.8846153846153846,,20,180,2025-11-10T15:56:30,1762770390000,27,706.70901168266
2025-11-10T15:29:30,1762768770000,SENSEX,hybrid,0.8846153846153846,,20,180,2025-11-10T15:57:30,1762770450000,28,706.6289320833549
2025-11-10T15:29:30,1762768770000,SENSEX,hybrid,0.8846153846153846,,20,180,2025-11-10T15:58:30,1762770510000,29,664.1850114764399
2025-11-10T15:29:30,1762768770000,SENSEX,hybrid,0.8846153846153846,,20,180,2025-11-10T15:59:30,1762770570000,30,706.0842288899538
2025-11-10T15:29:30,1762768770000,SENSEX,hybrid,0.8846153846153846,,20,180,2025-11-10T16:00:30,1762770630000,31,704.8418266355527
2025-11-10T15:29:30,1762768770000,SENSEX,hybrid,0.8846153846153846,,20,180,2025-11-10T16:01:30,1762770690000,32,661.6440692169997
2025-11-10T15:29:30,1762768770000,SENSEX,hybrid,0.8846153846153846,,20,180,2025-11-10T16:02:30,1762770750000,33,705.7180613211199
2025-11-10T15:29:30,1762768770000,SENSEX,hybrid,0.8846153846153846,,20,180,2025-11-10T16:03:30,1762770810000,34,706.1904660068667
2025-11-10T15:29:30,1762768770000,SENSEX,hybrid,0.8846153846153846,,20,180,2025-11-10T16:04:30,1762770870000,35,664.4049498401027
2025-11-10T15:29:30,1762768770000,SENSEX,hybrid,0.8846153846153846,,20,180,2025-11-10T16:05:30,1762770930000,36,704.9022756543295
2025-11-10T15:29:30,1762768770000,SENSEX,hybrid,0.8846153846153846,,20,180,2025-11-10T16:06:30,1762770990000,37,704.3328668550624
2025-11-10T15:29:30,1762768770000,SENSEX,hybrid,0.8846153846153846,,20,180,2025-11-10T16:07:30,1762771050000,38,664.4792130369559
2025-11-10T15:29:30,1762768770000,SENSEX,hybrid,0.8846153846153846,,20,180,2025-11-10T16:08:30,1762771110000,39,665.7664561379302
2025-11-10T15:29:30,1762768770000,SENSEX,hybrid,0.8846153846153846,,20,180,2025-11-10T16:09:30,1762771170000,40,665.289648997278
2025-11-10T15:29:30,1762768770000,SENSEX,hybrid,0.8846153846153846,,20,180,2025-11-10T16:10:30,1762771230000,41,700.8648407203111
2025-11-10T15:29:30,1762768770000,SENSEX,hybrid,0.8846153846153846,,20,180,2025-11-10T16:11:30,1762771290000,42,703.6628002165305
2025-11-10T15:29:30,1762768770000,SENSEX,hybrid,0.8846153846153846,,20,180,2025-11-10T16:12:30,1762771350000,43,666.8533875305009
2025-11-10T15:29:30,1762768770000,SENSEX,hybrid,0.8846153846153846,,20,180,2025-11-10T16:13:30,1762771410000,44,659.8683723810913
2025-11-10T15:29:30,1762768770000,SENSEX,hybrid,0.8846153846153846,,20,180,2025-11-10T16:14:30,1762771470000,45,659.2778331126442
2025-11-10T15:29:30,1762768770000,SENSEX,hybrid,0.8846153846153846,,20,180,2025-11-10T16:15:30,1762771530000,46,699.4431708567755
2025-11-10T15:29:30,1762768770000,SENSEX,hybrid,0.8846153846153846,,20,180,2025-11-10T16:16:30,1762771590000,47,702.565737307634
2025-11-10T15:29:30,1762768770000,SENSEX,hybrid,0.8846153846153846,,20,180,2025-11-10T16:17:30,1762771650000,48,667.5754257648106
2025-11-10T15:29:30,1762768770000,SENSEX,hybrid,0.8846153846153846,,20,180,2025-11-10T16:18:30,1762771710000,49,699.5695277004354
2025-11-10T15:29:30,1762768770000,SENSEX,hybrid,0.8846153846153846,,20,180,2025-11-10T16:19:30,1762771770000,50,701.9929077564104
2025-11-10T15:29:30,1762768770000,SENSEX,hybrid,0.8846153846153846,,20,180,2025-11-10T16:20:30,1762771830000,51,665.1095495218802
2025-11-10T15:29:30,1762768770000,SENSEX,hybrid,0.8846153846153846,,20,180,2025-11-10T16:21:30,1762771890000,52,701.7502446395838
2025-11-10T15:29:30,1762768770000,SENSEX,hybrid,0.8846153846153846,,20,180,2025-11-10T16:22:30,1762771950000,53,697.0381370217693
2025-11-10T15:29:30,1762768770000,SENSEX,hybrid,0.8846153846153846,,20,180,2025-11-10T16:23:30,1762772010000,54,661.3500096532068
2025-11-10T15:29:30,1762768770000,SENSEX,hybrid,0.8846153846153846,,20,180,2025-11-10T16:24:30,1762772070000,55,703.2732051685457
2025-11-10T15:29:30,1762768770000,SENSEX,hybrid,0.8846153846153846,,20,180,2025-11-10T16:25:30,1762772130000,56,696.4508611175922
2025-11-10T15:29:30,1762768770000,SENSEX,hybrid,0.8846153846153846,,20,180,2025-11-10T16:26:30,1762772190000,57,661.8916650898309
2025-11-10T15:29:30,1762768770000,SENSEX,hybrid,0.8846153846153846,,20,180,2025-11-10T16:27:30,1762772250000,58,701.781958133206
2025-11-10T15:29:30,1762768770000,SENSEX,hybrid,0.8846153846153846,,20,180,2025-11-10T16:28:30,1762772310000,59,697.0621600516275
2025-11-10T15:29:30,1762768770000,SENSEX,hybrid,0.8846153846153846,,20,180,2025-11-10T16:29:30,1762772370000,60,660.146863815418
2025-11-10T15:29:30,1762768770000,SENSEX,hybrid,0.8846153846153846,,20,180,2025-11-10T15:30:30,1762768830000,1,705.45
2025-11-10T15:29:30,1762768770000,SENSEX,hybrid,0.8846153846153846,,20,180,2025-11-10T15:31:30,1762768890000,2,667.231035863608
2025-11-10T15:29:30,1762768770000,SENSEX,hybrid,0.8846153846153846,,20,180,2025-11-10T15:32:30,1762768950000,3,708.1531603683791
2025-11-10T15:29:30,1762768770000,SENSEX,hybrid,0.8846153846153846,,20,180,2025-11-10T15:33:30,1762769010000,4,704.4918909496283
2025-11-10T15:29:30,1762768770000,SENSEX,hybrid,0.8846153846153846,,20,180,2025-11-10T15:34:30,1762769070000,5,666.968625312475
2025-11-10T15:29:30,1762768770000,SENSEX,hybrid,0.8846153846153846,,20,180,2025-11-10T15:35:30,1762769130000,6,705.7353788105253
2025-11-10T15:29:30,1762768770000,SENSEX,hybrid,0.8846153846153846,,20,180,2025-11-10T15:36:30,1762769190000,7,706.13563371106
2025-11-10T15:29:30,1762768770000,SENSEX,hybrid,0.8846153846153846,,20,180,2025-11-10T15:37:30,1762769250000,8,665.5129779853191
2025-11-10T15:29:30,1762768770000,SENSEX,hybrid,0.8846153846153846,,20,180,2025-11-10T15:38:30,1762769310000,9,704.5261687323501
2025-11-10T15:29:30,1762768770000,SENSEX,hybrid,0.8846153846153846,,20,180,2025-11-10T15:39:30,1762769370000,10,702.9016888972794
2025-11-10T15:29:30,1762768770000,SENSEX,hybrid,0.8846153846153846,,20,180,2025-11-10T15:40:30,1762769430000,11,667.0952576733471
2025-11-10T15:29:30,1762768770000,SENSEX,hybrid,0.8846153846153846,,20,180,2025-11-10T15:41:30,1762769490000,12,706.0056180533664
2025-11-10T15:29:30,1762768770000,SENSEX,hybrid,0.8846153846153846,,20,180,2025-11-10T15:42:30,1762769550000,13,707.1354190343848
2025-11-10T15:29:30,1762768770000,SENSEX,hybrid,0.8846153846153846,,20,180,2025-11-10T15:43:30,1762769610000,14,662.705770154811
2025-11-10T15:29:30,1762768770000,SENSEX,hybrid,0.8846153846153846,,20,180,2025-11-10T15:44:30,1762769670000,15,702.357048091142
2025-11-10T15:29:30,1762768770000,SENSEX,hybrid,0.8846153846153846,,20,180,2025-11-10T15:45:30,1762769730000,16,700.2974952606693
2025-11-10T15:29:30,1762768770000,SENSEX,hybrid,0.8846153846153846,,20,180,2025-11-10T15:46:30,1762769790000,17,662.1161105685784
2025-11-10T15:29:30,1762768770000,SENSEX,hybrid,0.8846153846153846,,20,180,2025-11-10T15:47:30,1762769850000,18,703.5819980469249
2025-11-10T15:29:30,1762768770000,SENSEX,hybrid,0.8846153846153846,,20,180,2025-11-10T15:48:30,1762769910000,19,700.385399135308
2025-11-10T15:29:30,1762768770000,SENSEX,hybrid,0.8846153846153846,,20,180,2025-11-10T15:49:30,1762769970000,20,660.2113701750144
2025-11-10T15:29:30,1762768770000,SENSEX,hybrid,0.8846153846153846,,20,180,2025-11-10T15:50:30,1762770030000,21,704.8103371285823
2025-11-10T15:29:30,1762768770000,SENSEX,hybrid,0.8846153846153846,,20,180,2025-11-10T15:51:30,1762770090000,22,704.0355958414325
2025-11-10T15:29:30,1762768770000,SENSEX,hybrid,0.8846153846153846,,20,180,2025-11-10T15:52:30,1762770150000,23,662.4208662607142
2025-11-10T15:29:30,1762768770000,SENSEX,hybrid,0.8846153846153846,,20,180,2025-11-10T15:53:30,1762770210000,24,703.7689616981061
2025-11-10T15:29:30,1762768770000,SENSEX,hybrid,0.8846153846153846,,20,180,2025-11-10T15:54:30,1762770270000,25,704.0260823923804
2025-11-10T15:29:30,1762768770000,SENSEX,hybrid,0.8846153846153846,,20,180,2025-11-10T15:55:30,1762770330000,26,663.616737463874
2025-11-10T15:29:30,1762768770000,SENSEX,hybrid,0.8846153846153846,,20,180,2025-11-10T15:56:30,1762770390000,27,706.70901168266
2025-11-10T15:29:30,1762768770000,SENSEX,hybrid,0.8846153846153846,,20,180,2025-11-10T15:57:30,1762770450000,28,706.6289320833549
2025-11-10T15:29:30,1762768770000,SENSEX,hybrid,0.8846153846153846,,20,180,2025-11-10T15:58:30,1762770510000,29,664.1850114764399
2025-11-10T15:29:30,1762768770000,SENSEX,hybrid,0.8846153846153846,,20,180,2025-11-10T15:59:30,1762770570000,30,706.0842288899538
2025-11-10T15:29:30,1762768770000,SENSEX,hybrid,0.8846153846153846,,20,180,2025-11-10T16:00:30,1762770630000,31,704.8418266355527
2025-11-10T15:29:30,1762768770000,SENSEX,hybrid,0.8846153846153846,,20,180,2025-11-10T16:01:30,1762770690000,32,661.6440692169997
2025-11-10T15:29:30,1762768770000,SENSEX,hybrid,0.8846153846153846,,20,180,2025-11-10T16:02:30,1762770750000,33,705.7180613211199
2025-11-10T15:29:30,1762768770000,SENSEX,hybrid,0.8846153846153846,,20,180,2025-11-10T16:03:30,1762770810000,34,706.1904660068667
2025-11-10T15:29:30,1762768770000,SENSEX,hybrid,0.8846153846153846,,20,180,2025-11-10T16:04:30,1762770870000,35,664.4049498401027
2025-11-10T15:29:30,1762768770000,SENSEX,hybrid,0.8846153846153846,,20,180,2025-11-10T16:05:30,1762770930000,36,704.9022756543295
2025-11-10T15:29:30,1762768770000,SENSEX,hybrid,0.8846153846153846,,20,180,2025-11-10T16:06:30,1762770990000,37,704.3328668550624
2025-11-10T15:29:30,1762768770000,SENSEX,hybrid,0.8846153846153846,,20,180,2025-11-10T16:07:30,1762771050000,38,664.4792130369559
2025-11-10T15:29:30,1762768770000,SENSEX,hybrid,0.8846153846153846,,20,180,2025-11-10T16:08:30,1762771110000,39,665.7664561379302
2025-11-10T15:29:30,1762768770000,SENSEX,hybrid,0.8846153846153846,,20,180,2025-11-10T16:09:30,1762771170000,40,665.289648997278
2025-11-10T15:29:30,1762768770000,SENSEX,hybrid,0.8846153846153846,,20,180,2025-11-10T16:10:30,1762771230000,41,700.8648407203111
2025-11-10T15:29:30,1762768770000,SENSEX,hybrid,0.8846153846153846,,20,180,2025-11-10T16:11:30,1762771290000,42,703.6628002165305
2025-11-10T15:29:30,1762768770000,SENSEX,hybrid,0.8846153846153846,,20,180,2025-11-10T16:12:30,1762771350000,43,666.8533875305009
2025-11-10T15:29:30,1762768770000,SENSEX,hybrid,0.8846153846153846,,20,180,2025-11-10T16:13:30,1762771410000,44,659.8683723810913
2025-11-10T15:29:30,1762768770000,SENSEX,hybrid,0.8846153846153846,,20,180,2025-11-10T16:14:30,1762771470000,45,659.2778331126442
2025-11-10T15:29:30,1762768770000,SENSEX,hybrid,0.8846153846153846,,20,180,2025-11-10T16:15:30,1762771530000,46,699.4431708567755
2025-11-10T15:29:30,1762768770000,SENSEX,hybrid,0.8846153846153846,,20,180,2025-11-10T16:16:30,1762771590000,47,702.565737307634
2025-11-10T15:29:30,1762768770000,SENSEX,hybrid,0.8846153846153846,,20,180,2025-11-10T16:17:30,1762771650000,48,667.5754257648106
2025-11-10T15:29:30,1762768770000,SENSEX,hybrid,0.8846153846153846,,20,180,2025-11-10T16:18:30,1762771710000,49,699.5695277004354
2025-11-10T15:29:30,1762768770000,SENSEX,hybrid,0.8846153846153846,,20,180,2025-11-10T16:19:30,1762771770000,50,701.9929077564104
2025-11-10T15:29:30,1762768770000,SENSEX,hybrid,0.8846153846153846,,20,180,2025-11-10T16:20:30,1762771830000,51,665.1095495218802
2025-11-10T15:29:30,1762768770000,SENSEX,hybrid,0.8846153846153846,,20,180,2025-11-10T16:21:30,1762771890000,52,701.7502446395838
2025-11-10T15:29:30,1762768770000,SENSEX,hybrid,0.8846153846153846,,20,180,2025-11-10T16:22:30,1762771950000,53,697.0381370217693
2025-11-10T15:29:30,1762768770000,SENSEX,hybrid,0.8846153846153846,,20,180,2025-11-10T16:23:30,1762772010000,54,661.3500096532068
2025-11-10T15:29:30,1762768770000,SENSEX,hybrid,0.8846153846153846,,20,180,2025-11-10T16:24:30,1762772070000,55,703.2732051685457
2025-11-10T15:29:30,1762768770000,SENSEX,hybrid,0.8846153846153846,,20,180,2025-11-10T16:25:30,1762772130000,56,696.4508611175922
2025-11-10T15:29:30,1762768770000,SENSEX,hybrid,0.8846153846153846,,20,180,2025-11-10T16:26:30,1762772190000,57,661.8916650898309
2025-11-10T15:29:30,1762768770000,SENSEX,hybrid,0.8846153846153846,,20,180,2025-11-10T16:27:30,1762772250000,58,701.781958133206
2025-11-10T15:29:30,1762768770000,SENSEX,hybrid,0.8846153846153846,,20,180,2025-11-10T16:28:30,1762772310000,59,697.0621600516275
2025-11-10T15:29:30,1762768770000,SENSEX,hybrid,0.8846153846153846,,20,180,2025-11-10T16:29:30,1762772370000,60,660.146863815418
2025-11-10T09:40:00,1762747800000,SENSEX,hybrid,0.8846153846153846,,20,180,2025-11-10T09:41:00,1762747860000,1,758.8499999999999
2025-11-10T09:40:00,1762747800000,SENSEX,hybrid,0.8846153846153846,,20,180,2025-11-10T09:42:00,1762747920000,2,720.6310358636078
2025-11-10T09:40:00,1762747800000,SENSEX,hybrid,0.8846153846153846,,20,180,2025-11-10T09:43:00,1762747980000,3,761.5531603683789
2025-11-10T09:40:00,1762747800000,SENSEX,hybrid,0.8846153846153846,,20,180,2025-11-10T09:44:00,1762748040000,4,757.8918909496282
2025-11-10T09:40:00,1762747800000,SENSEX,hybrid,0.8846153846153846,,20,180,2025-11-10T09:45:00,1762748100000,5,720.3686253124748
2025-11-10T09:40:00,1762747800000,SENSEX,hybrid,0.8846153846153846,,20,180,2025-11-10T09:46:00,1762748160000,6,759.1353788105251
2025-11-10T09:40:00,1762747800000,SENSEX,hybrid,0.8846153846153846,,20,180,2025-11-10T09:47:00,1762748220000,7,759.5356337110599
2025-11-10T09:40:00,1762747800000,SENSEX,hybrid,0.8846153846153846,,20,180,2025-11-10T09:48:00,1762748280000,8,718.912977985319
2025-11-10T09:40:00,1762747800000,SENSEX,hybrid,0.8846153846153846,,20,180,2025-11-10T09:49:00,1762748340000,9,757.92616873235
2025-11-10T09:40:00,1762747800000,SENSEX,hybrid,0.8846153846153846,,20,180,2025-11-10T09:50:00,1762748400000,10,756.3016888972793
2025-11-10T09:40:00,1762747800000,SENSEX,hybrid,0.8846153846153846,,20,180,2025-11-10T09:51:00,1762748460000,11,720.4952576733469
2025-11-10T09:40:00,1762747800000,SENSEX,hybrid,0.8846153846153846,,20,180,2025-11-10T09:52:00,1762748520000,12,759.4056180533663
2025-11-10T09:40:00,1762747800000,SENSEX,hybrid,0.8846153846153846,,20,180,2025-11-10T09:53:00,1762748580000,13,760.5354190343846
2025-11-10T09:40:00,1762747800000,SENSEX,hybrid,0.8846153846153846,,20,180,2025-11-10T09:54:00,1762748640000,14,716.1057701548109
2025-11-10T09:40:00,1762747800000,SENSEX,hybrid,0.8846153846153846,,20,180,2025-11-10T09:55:00,1762748700000,15,755.7570480911419
2025-11-10T09:40:00,1762747800000,SENSEX,hybrid,0.8846153846153846,,20,180,2025-11-10T09:56:00,1762748760000,16,753.6974952606691
2025-11-10T09:40:00,1762747800000,SENSEX,hybrid,0.8846153846153846,,20,180,2025-11-10T09:57:00,1762748820000,17,715.5161105685783
2025-11-10T09:40:00,1762747800000,SENSEX,hybrid,0.8846153846153846,,20,180,2025-11-10T09:58:00,1762748880000,18,756.9819980469248
2025-11-10T09:40:00,1762747800000,SENSEX,hybrid,0.8846153846153846,,20,180,2025-11-10T09:59:00,1762748940000,19,753.7853991353079
2025-11-10T09:40:00,1762747800000,SENSEX,hybrid,0.8846153846153846,,20,180,2025-11-10T10:00:00,1762749000000,20,713.6113701750143
2025-11-10T09:40:00,1762747800000,SENSEX,hybrid,0.8846153846153846,,20,180,2025-11-10T10:01:00,1762749060000,21,758.2103371285822
2025-11-10T09:40:00,1762747800000,SENSEX,hybrid,0.8846153846153846,,20,180,2025-11-10T10:02:00,1762749120000,22,757.4355958414324
2025-11-10T09:40:00,1762747800000,SENSEX,hybrid,0.8846153846153846,,20,180,2025-11-10T10:03:00,1762749180000,23,715.8208662607141
2025-11-10T09:40:00,1762747800000,SENSEX,hybrid,0.8846153846153846,,20,180,2025-11-10T10:04:00,1762749240000,24,757.1689616981059
2025-11-10T09:40:00,1762747800000,SENSEX,hybrid,0.8846153846153846,,20,180,2025-11-10T10:05:00,1762749300000,25,757.4260823923803
2025-11-10T09:40:00,1762747800000,SENSEX,hybrid,0.8846153846153846,,20,180,2025-11-10T10:06:00,1762749360000,26,717.0167374638738
2025-11-10T09:40:00,1762747800000,SENSEX,hybrid,0.8846153846153846,,20,180,2025-11-10T10:07:00,1762749420000,27,760.1090116826599
2025-11-10T09:40:00,1762747800000,SENSEX,hybrid,0.8846153846153846,,20,180,2025-11-10T10:08:00,1762749480000,28,760.0289320833548
2025-11-10T09:40:00,1762747800000,SENSEX,hybrid,0.8846153846153846,,20,180,2025-11-10T10:09:00,1762749540000,29,717.5850114764397
2025-11-10T09:40:00,1762747800000,SENSEX,hybrid,0.8846153846153846,,20,180,2025-11-10T10:10:00,1762749600000,30,759.4842288899537
2025-11-10T09:40:00,1762747800000,SENSEX,hybrid,0.8846153846153846,,20,180,2025-11-10T10:11:00,1762749660000,31,758.2418266355526
2025-11-10T09:40:00,1762747800000,SENSEX,hybrid,0.8846153846153846,,20,180,2025-11-10T10:12:00,1762749720000,32,715.0440692169996
2025-11-10T09:40:00,1762747800000,SENSEX,hybrid,0.8846153846153846,,20,180,2025-11-10T10:13:00,1762749780000,33,759.1180613211197
2025-11-10T09:40:00,1762747800000,SENSEX,hybrid,0.8846153846153846,,20,180,2025-11-10T10:14:00,1762749840000,34,759.5904660068666
2025-11-10T09:40:00,1762747800000,SENSEX,hybrid,0.8846153846153846,,20,180,2025-11-10T10:15:00,1762749900000,35,717.8049498401026
2025-11-10T09:40:00,1762747800000,SENSEX,hybrid,0.8846153846153846,,20,180,2025-11-10T10:16:00,1762749960000,36,758.3022756543294
2025-11-10T09:40:00,1762747800000,SENSEX,hybrid,0.8846153846153846,,20,180,2025-11-10T10:17:00,1762750020000,37,757.7328668550623
2025-11-10T09:40:00,1762747800000,SENSEX,hybrid,0.8846153846153846,,20,180,2025-11-10T10:18:00,1762750080000,38,717.8792130369558
2025-11-10T09:40:00,1762747800000,SENSEX,hybrid,0.8846153846153846,,20,180,2025-11-10T10:19:00,1762750140000,39,719.16645613793
2025-11-10T09:40:00,1762747800000,SENSEX,hybrid,0.8846153846153846,,20,180,2025-11-10T10:20:00,1762750200000,40,718.6896489972779
2025-11-10T09:40:00,1762747800000,SENSEX,hybrid,0.8846153846153846,,20,180,2025-11-10T10:21:00,1762750260000,41,754.264840720311
2025-11-10T09:40:00,1762747800000,SENSEX,hybrid,0.8846153846153846,,20,180,2025-11-10T10:22:00,1762750320000,42,757.0628002165304
2025-11-10T09:40:00,1762747800000,SENSEX,hybrid,0.8846153846153846,,20,180,2025-11-10T10:23:00,1762750380000,43,720.2533875305007
2025-11-10T09:40:00,1762747800000,SENSEX,hybrid,0.8846153846153846,,20,180,2025-11-10T10:24:00,1762750440000,44,713.2683723810911
2025-11-10T09:40:00,1762747800000,SENSEX,hybrid,0.8846153846153846,,20,180,2025-11-10T10:25:00,1762750500000,45,712.6778331126441
2025-11-10T09:40:00,1762747800000,SENSEX,hybrid,0.8846153846153846,,20,180,2025-11-10T10:26:00,1762750560000,46,752.8431708567754
2025-11-10T09:40:00,1762747800000,SENSEX,hybrid,0.8846153846153846,,20,180,2025-11-10T10:27:00,1762750620000,47,755.9657373076338
2025-11-10T09:40:00,1762747800000,SENSEX,hybrid,0.8846153846153846,,20,180,2025-11-10T10:28:00,1762750680000,48,720.9754257648104
2025-11-10T09:40:00,1762747800000,SENSEX,hybrid,0.8846153846153846,,20,180,2025-11-10T10:29:00,1762750740000,49,752.9695277004353
2025-11-10T09:40:00,1762747800000,SENSEX,hybrid,0.8846153846153846,,20,180,2025-11-10T10:30:00,1762750800000,50,755.3929077564103
2025-11-10T09:40:00,1762747800000,SENSEX,hybrid,0.8846153846153846,,20,180,2025-11-10T10:31:00,1762750860000,51,718.5095495218801
2025-11-10T09:40:00,1762747800000,SENSEX,hybrid,0.8846153846153846,,20,180,2025-11-10T10:32:00,1762750920000,52,755.1502446395837
2025-11-10T09:40:00,1762747800000,SENSEX,hybrid,0.8846153846153846,,20,180,2025-11-10T10:33:00,1762750980000,53,750.4381370217692
2025-11-10T09:40:00,1762747800000,SENSEX,hybrid,0.8846153846153846,,20,180,2025-11-10T10:34:00,1762751040000,54,714.7500096532067
2025-11-10T09:40:00,1762747800000,SENSEX,hybrid,0.8846153846153846,,20,180,2025-11-10T10:35:00,1762751100000,55,756.6732051685456
2025-11-10T09:40:00,1762747800000,SENSEX,hybrid,0.8846153846153846,,20,180,2025-11-10T10:36:00,1762751160000,56,749.8508611175921
2025-11-10T09:40:00,1762747800000,SENSEX,hybrid,0.8846153846153846,,20,180,2025-11-10T10:37:00,1762751220000,57,715.2916650898308
2025-11-10T09:40:00,1762747800000,SENSEX,hybrid,0.8846153846153846,,20,180,2025-11-10T10:38:00,1762751280000,58,755.1819581332059
2025-11-10T09:40:00,1762747800000,SENSEX,hybrid,0.8846153846153846,,20,180,2025-11-10T10:39:00,1762751340000,59,750.4621600516274
2025-11-10T09:40:00,1762747800000,SENSEX,hybrid,0.8846153846153846,,20,180,2025-11-10T10:40:00,1762751400000,60,713.5468638154179
2025-11-10T15:29:30,1762768770000,SENSEX,hybrid,0.8846153846153846,,20,180,2025-11-10T15:30:30,1762768830000,1,705.45
2025-11-10T15:29:30,1762768770000,SENSEX,hybrid,0.8846153846153846,,20,180,2025-11-10T15:31:30,1762768890000,2,667.231035863608
2025-11-10T15:29:30,1762768770000,SENSEX,hybrid,0.8846153846153846,,20,180,2025-11-10T15:32:30,1762768950000,3,708.1531603683791
2025-11-10T15:29:30,1762768770000,SENSEX,hybrid,0.8846153846153846,,20,180,2025-11-10T15:33:30,1762769010000,4,704.4918909496283
2025-11-10T15:29:30,1762768770000,SENSEX,hybrid,0.8846153846153846,,20,180,2025-11-10T15:34:30,1762769070000,5,666.968625312475
2025-11-10T15:29:30,1762768770000,SENSEX,hybrid,0.8846153846153846,,20,180,2025-11-10T15:35:30,1762769130000,6,705.7353788105253
2025-11-10T15:29:30,1762768770000,SENSEX,hybrid,0.8846153846153846,,20,180,2025-11-10T15:36:30,1762769190000,7,706.13563371106
2025-11-10T15:29:30,1762768770000,SENSEX,hybrid,0.8846153846153846,,20,180,2025-11-10T15:37:30,1762769250000,8,665.5129779853191
2025-11-10T15:29:30,1762768770000,SENSEX,hybrid,0.8846153846153846,,20,180,2025-11-10T15:38:30,1762769310000,9,704.5261687323501
2025-11-10T15:29:30,1762768770000,SENSEX,hybrid,0.8846153846153846,,20,180,2025-11-10T15:39:30,1762769370000,10,702.9016888972794
2025-11-10T15:29:30,1762768770000,SENSEX,hybrid,0.8846153846153846,,20,180,2025-11-10T15:40:30,1762769430000,11,667.0952576733471
2025-11-10T15:29:30,1762768770000,SENSEX,hybrid,0.8846153846153846,,20,180,2025-11-10T15:41:30,1762769490000,12,706.0056180533664
2025-11-10T15:29:30,1762768770000,SENSEX,hybrid,0.8846153846153846,,20,180,2025-11-10T15:42:30,1762769550000,13,707.1354190343848
2025-11-10T15:29:30,1762768770000,SENSEX,hybrid,0.8846153846153846,,20,180,2025-11-10T15:43:30,1762769610000,14,662.705770154811
2025-11-10T15:29:30,1762768770000,SENSEX,hybrid,0.8846153846153846,,20,180,2025-11-10T15:44:30,1762769670000,15,702.357048091142
2025-11-10T15:29:30,1762768770000,SENSEX,hybrid,0.8846153846153846,,20,180,2025-11-10T15:45:30,1762769730000,16,700.2974952606693
2025-11-10T15:29:30,1762768770000,SENSEX,hybrid,0.8846153846153846,,20,180,2025-11-10T15:46:30,1762769790000,17,662.1161105685784
2025-11-10T15:29:30,1762768770000,SENSEX,hybrid,0.8846153846153846,,20,180,2025-11-10T15:47:30,1762769850000,18,703.5819980469249
2025-11-10T15:29:30,1762768770000,SENSEX,hybrid,0.8846153846153846,,20,180,2025-11-10T15:48:30,1762769910000,19,700.385399135308
2025-11-10T15:29:30,1762768770000,SENSEX,hybrid,0.8846153846153846,,20,180,2025-11-10T15:49:30,1762769970000,20,660.2113701750144
2025-11-10T15:29:30,1762768770000,SENSEX,hybrid,0.8846153846153846,,20,180,2025-11-10T15:50:30,1762770030000,21,704.8103371285823
2025-11-10T15:29:30,1762768770000,SENSEX,hybrid,0.8846153846153846,,20,180,2025-11-10T15:51:30,1762770090000,22,704.0355958414325
2025-11-10T15:29:30,1762768770000,SENSEX,hybrid,0.8846153846153846,,20,180,2025-11-10T15:52:30,1762770150000,23,662.4208662607142
2025-11-10T15:29:30,1762768770000,SENSEX,hybrid,0.8846153846153846,,20,180,2025-11-10T15:53:30,1762770210000,24,703.7689616981061
2025-11-10T15:29:30,1762768770000,SENSEX,hybrid,0.8846153846153846,,20,180,2025-11-10T15:54:30,1762770270000,25,704.0260823923804
2025-11-10T15:29:30,1762768770000,SENSEX,hybrid,0.8846153846153846,,20,180,2025-11-10T15:55:30,1762770330000,26,663.616737463874
2025-11-10T15:29:30,1762768770000,SENSEX,hybrid,0.8846153846153846,,20,180,2025-11-10T15:56:30,1762770390000,27,706.70901168266
2025-11-10T15:29:30,1762768770000,SENSEX,hybrid,0.8846153846153846,,20,180,2025-11-10T15:57:30,1762770450000,28,706.6289320833549
2025-11-10T15:29:30,1762768770000,SENSEX,hybrid,0.8846153846153846,,20,180,2025-11-10T15:58:30,1762770510000,29,664.1850114764399
2025-11-10T15:29:30,1762768770000,SENSEX,hybrid,0.8846153846153846,,20,180,2025-11-10T15:59:30,1762770570000,30,706.0842288899538
2025-11-10T15:29:30,1762768770000,SENSEX,hybrid,0.8846153846153846,,20,180,2025-11-10T16:00:30,1762770630000,31,704.8418266355527
2025-11-10T15:29:30,1762768770000,SENSEX,hybrid,0.8846153846153846,,20,180,2025-11-10T16:01:30,1762770690000,32,661.6440692169997
2025-11-10T15:29:30,1762768770000,SENSEX,hybrid,0.8846153846153846,,20,180,2025-11-10T16:02:30,1762770750000,33,705.7180613211199
2025-11-10T15:29:30,1762768770000,SENSEX,hybrid,0.8846153846153846,,20,180,2025-11-10T16:03:30,1762770810000,34,706.1904660068667
2025-11-10T15:29:30,1762768770000,SENSEX,hybrid,0.8846153846153846,,20,180,2025-11-10T16:04:30,1762770870000,35,664.4049498401027
2025-11-10T15:29:30,1762768770000,SENSEX,hybrid,0.8846153846153846,,20,180,2025-11-10T16:05:30,1762770930000,36,704.9022756543295
2025-11-10T15:29:30,1762768770000,SENSEX,hybrid,0.8846153846153846,,20,180,2025-11-10T16:06:30,1762770990000,37,704.3328668550624
2025-11-10T15:29:30,1762768770000,SENSEX,hybrid,0.8846153846153846,,20,180,2025-11-10T16:07:30,1762771050000,38,664.4792130369559
2025-11-10T15:29:30,1762768770000,SENSEX,hybrid,0.8846153846153846,,20,180,2025-11-10T16:08:30,1762771110000,39,665.7664561379302
2025-11-10T15:29:30,1762768770000,SENSEX,hybrid,0.8846153846153846,,20,180,2025-11-10T16:09:30,1762771170000,40,665.289648997278
2025-11-10T15:29:30,1762768770000,SENSEX,hybrid,0.8846153846153846,,20,180,2025-11-10T16:10:30,1762771230000,41,700.8648407203111
2025-11-10T15:29:30,1762768770000,SENSEX,hybrid,0.8846153846153846,,20,180,2025-11-10T16:11:30,1762771290000,42,703.6628002165305
2025-11-10T15:29:30,1762768770000,SENSEX,hybrid,0.8846153846153846,,20,180,2025-11-10T16:12:30,1762771350000,43,666.8533875305009
2025-11-10T15:29:30,1762768770000,SENSEX,hybrid,0.8846153846153846,,20,180,2025-11-10T16:13:30,1762771410000,44,659.8683723810913
2025-11-10T15:29:30,1762768770000,SENSEX,hybrid,0.8846153846153846,,20,180,2025-11-10T16:14:30,1762771470000,45,659.2778331126442
2025-11-10T15:29:30,1762768770000,SENSEX,hybrid,0.8846153846153846,,20,180,2025-11-10T16:15:30,1762771530000,46,699.4431708567755
2025-11-10T15:29:30,1762768770000,SENSEX,hybrid,0.8846153846153846,,20,180,2025-11-10T16:16:30,1762771590000,47,702.565737307634
2025-11-10T15:29:30,1762768770000,SENSEX,hybrid,0.8846153846153846,,20,180,2025-11-10T16:17:30,1762771650000,48,667.5754257648106
2025-11-10T15:29:30,1762768770000,SENSEX,hybrid,0.8846153846153846,,20,180,2025-11-10T16:18:30,1762771710000,49,699.5695277004354
2025-11-10T15:29:30,1762768770000,SENSEX,hybrid,0.8846153846153846,,20,180,2025-11-10T16:19:30,1762771770000,50,701.9929077564104
2025-11-10T15:29:30,1762768770000,SENSEX,hybrid,0.8846153846153846,,20,180,2025-11-10T16:20:30,1762771830000,51,665.1095495218802
2025-11-10T15:29:30,1762768770000,SENSEX,hybrid,0.8846153846153846,,20,180,2025-11-10T16:21:30,1762771890000,52,701.7502446395838
2025-11-10T15:29:30,1762768770000,SENSEX,hybrid,0.8846153846153846,,20,180,2025-11-10T16:22:30,1762771950000,53,697.0381370217693
2025-11-10T15:29:30,1762768770000,SENSEX,hybrid,0.8846153846153846,,20,180,2025-11-10T16:23:30,1762772010000,54,661.3500096532068
2025-11-10T15:29:30,1762768770000,SENSEX,hybrid,0.8846153846153846,,20,180,2025-11-10T16:24:30,1762772070000,55,703.2732051685457
2025-11-10T15:29:30,1762768770000,SENSEX,hybrid,0.8846153846153846,,20,180,2025-11-10T16:25:30,1762772130000,56,696.4508611175922
2025-11-10T15:29:30,1762768770000,SENSEX,hybrid,0.8846153846153846,,20,180,2025-11-10T16:26:30,1762772190000,57,661.8916650898309
2025-11-10T15:29:30,1762768770000,SENSEX,hybrid,0.8846153846153846,,20,180,2025-11-10T16:27:30,1762772250000,58,701.781958133206
2025-11-10T15:29:30,1762768770000,SENSEX,hybrid,0.8846153846153846,,20,180,2025-11-10T16:28:30,1762772310000,59,697.0621600516275
2025-11-10T15:29:30,1762768770000,SENSEX,hybrid,0.8846153846153846,,20,180,2025-11-10T16:29:30,1762772370000,60,660.146863815418
2025-11-10T09:40:00,1762747800000,SENSEX,hybrid,0.8846153846153846,,20,180,2025-11-10T09:41:00,1762747860000,1,758.8499999999999
2025-11-10T09:40:00,1762747800000,SENSEX,hybrid,0.8846153846153846,,20,180,2025-11-10T09:42:00,1762747920000,2,720.6310358636078
2025-11-10T09:40:00,1762747800000,SENSEX,hybrid,0.8846153846153846,,20,180,2025-11-10T09:43:00,1762747980000,3,761.5531603683789
2025-11-10T09:40:00,1762747800000,SENSEX,hybrid,0.8846153846153846,,20,180,2025-11-10T09:44:00,1762748040000,4,757.8918909496282
2025-11-10T09:40:00,1762747800000,SENSEX,hybrid,0.8846153846153846,,20,180,2025-11-10T09:45:00,1762748100000,5,720.3686253124748
2025-11-10T09:40:00,1762747800000,SENSEX,hybrid,0.8846153846153846,,20,180,2025-11-10T09:46:00,1762748160000,6,759.1353788105251
2025-11-10T09:40:00,1762747800000,SENSEX,hybrid,0.8846153846153846,,20,180,2025-11-10T09:47:00,1762748220000,7,759.5356337110599
2025-11-10T09:40:00,1762747800000,SENSEX,hybrid,0.8846153846153846,,20,180,2025-11-10T09:48:00,1762748280000,8,718.912977985319
2025-11-10T09:40:00,1762747800000,SENSEX,hybrid,0.8846153846153846,,20,180,2025-11-10T09:49:00,1762748340000,9,757.92616873235
2025-11-10T09:40:00,1762747800000,SENSEX,hybrid,0.8846153846153846,,20,180,2025-11-10T09:50:00,1762748400000,10,756.3016888972793
2025-11-10T09:40:00,1762747800000,SENSEX,hybrid,0.8846153846153846,,20,180,2025-11-10T09:51:00,1762748460000,11,720.4952576733469
2025-11-10T09:40:00,1762747800000,SENSEX,hybrid,0.8846153846153846,,20,180,2025-11-10T09:52:00,1762748520000,12,759.4056180533663
2025-11-10T09:40:00,1762747800000,SENSEX,hybrid,0.8846153846153846,,20,180,2025-11-10T09:53:00,1762748580000,13,760.5354190343846
2025-11-10T09:40:00,1762747800000,SENSEX,hybrid,0.8846153846153846,,20,180,2025-11-10T09:54:00,1762748640000,14,716.1057701548109
2025-11-10T09:40:00,1762747800000,SENSEX,hybrid,0.8846153846153846,,20,180,2025-11-10T09:55:00,1762748700000,15,755.7570480911419
2025-11-10T09:40:00,1762747800000,SENSEX,hybrid,0.8846153846153846,,20,180,2025-11-10T09:56:00,1762748760000,16,753.6974952606691
2025-11-10T09:40:00,1762747800000,SENSEX,hybrid,0.8846153846153846,,20,180,2025-11-10T09:57:00,1762748820000,17,715.5161105685783
2025-11-10T09:40:00,1762747800000,SENSEX,hybrid,0.8846153846153846,,20,180,2025-11-10T09:58:00,1762748880000,18,756.9819980469248
2025-11-10T09:40:00,1762747800000,SENSEX,hybrid,0.8846153846153846,,20,180,2025-11-10T09:59:00,1762748940000,19,753.7853991353079
2025-11-10T09:40:00,1762747800000,SENSEX,hybrid,0.8846153846153846,,20,180,2025-11-10T10:00:00,1762749000000,20,713.6113701750143
2025-11-10T09:40:00,1762747800000,SENSEX,hybrid,0.8846153846153846,,20,180,2025-11-10T10:01:00,1762749060000,21,758.2103371285822
2025-11-10T09:40:00,1762747800000,SENSEX,hybrid,0.8846153846153846,,20,180,2025-11-10T10:02:00,1762749120000,22,757.4355958414324
2025-11-10T09:40:00,1762747800000,SENSEX,hybrid,0.8846153846153846,,20,180,2025-11-10T10:03:00,1762749180000,23,715.8208662607141
2025-11-10T09:40:00,1762747800000,SENSEX,hybrid,0.8846153846153846,,20,180,2025-11-10T10:04:00,1762749240000,24,757.1689616981059
2025-11-10T09:40:00,1762747800000,SENSEX,hybrid,0.8846153846153846,,20,180,2025-11-10T10:05:00,1762749300000,25,757.4260823923803
2025-11-10T09:40:00,1762747800000,SENSEX,hybrid,0.8846153846153846,,20,180,2025-11-10T10:06:00,1762749360000,26,717.0167374638738
2025-11-10T09:40:00,1762747800000,SENSEX,hybrid,0.8846153846153846,,20,180,2025-11-10T10:07:00,1762749420000,27,760.1090116826599
2025-11-10T09:40:00,1762747800000,SENSEX,hybrid,0.8846153846153846,,20,180,2025-11-10T10:08:00,1762749480000,28,760.0289320833548
2025-11-10T09:40:00,1762747800000,SENSEX,hybrid,0.8846153846153846,,20,180,2025-11-10T10:09:00,1762749540000,29,717.5850114764397
2025-11-10T09:40:00,1762747800000,SENSEX,hybrid,0.8846153846153846,,20,180,2025-11-10T10:10:00,1762749600000,30,759.4842288899537
2025-11-10T09:40:00,1762747800000,SENSEX,hybrid,0.8846153846153846,,20,180,2025-11-10T10:11:00,1762749660000,31,758.2418266355526
2025-11-10T09:40:00,1762747800000,SENSEX,hybrid,0.8846153846153846,,20,180,2025-11-10T10:12:00,1762749720000,32,715.0440692169996
2025-11-10T09:40:00,1762747800000,SENSEX,hybrid,0.8846153846153846,,20,180,2025-11-10T10:13:00,1762749780000,33,759.1180613211197
2025-11-10T09:40:00,1762747800000,SENSEX,hybrid,0.8846153846153846,,20,180,2025-11-10T10:14:00,1762749840000,34,759.5904660068666
2025-11-10T09:40:00,1762747800000,SENSEX,hybrid,0.8846153846153846,,20,180,2025-11-10T10:15:00,1762749900000,35,717.8049498401026
2025-11-10T09:40:00,1762747800000,SENSEX,hybrid,0.8846153846153846,,20,180,2025-11-10T10:16:00,1762749960000,36,758.3022756543294
2025-11-10T09:40:00,1762747800000,SENSEX,hybrid,0.8846153846153846,,20,180,2025-11-10T10:17:00,1762750020000,37,757.7328668550623
2025-11-10T09:40:00,1762747800000,SENSEX,hybrid,0.8846153846153846,,20,180,2025-11-10T10:18:00,1762750080000,38,717.8792130369558
2025-11-10T09:40:00,1762747800000,SENSEX,hybrid,0.8846153846153846,,20,180,2025-11-10T10:19:00,1762750140000,39,719.16645613793
2025-11-10T09:40:00,1762747800000,SENSEX,hybrid,0.8846153846153846,,20,180,2025-11-10T10:20:00,1762750200000,40,718.6896489972779
2025-11-10T09:40:00,1762747800000,SENSEX,hybrid,0.8846153846153846,,20,180,2025-11-10T10:21:00,1762750260000,41,754.264840720311
2025-11-10T09:40:00,1762747800000,SENSEX,hybrid,0.8846153846153846,,20,180,2025-11-10T10:22:00,1762750320000,42,757.0628002165304
2025-11-10T09:40:00,1762747800000,SENSEX,hybrid,0.8846153846153846,,20,180,2025-11-10T10:23:00,1762750380000,43,720.2533875305007
2025-11-10T09:40:00,1762747800000,SENSEX,hybrid,0.8846153846153846,,20,180,2025-11-10T10:24:00,1762750440000,44,713.2683723810911
2025-11-10T09:40:00,1762747800000,SENSEX,hybrid,0.8846153846153846,,20,180,2025-11-10T10:25:00,1762750500000,45,712.6778331126441
2025-11-10T09:40:00,1762747800000,SENSEX,hybrid,0.8846153846153846,,20,180,2025-11-10T10:26:00,1762750560000,46,752.8431708567754
2025-11-10T09:40:00,1762747800000,SENSEX,hybrid,0.8846153846153846,,20,180,2025-11-10T10:27:00,1762750620000,47,755.9657373076338
2025-11-10T09:40:00,1762747800000,SENSEX,hybrid,0.8846153846153846,,20,180,2025-11-10T10:28:00,1762750680000,48,720.9754257648104
2025-11-10T09:40:00,1762747800000,SENSEX,hybrid,0.8846153846153846,,20,180,2025-11-10T10:29:00,1762750740000,49,752.9695277004353
2025-11-10T09:40:00,1762747800000,SENSEX,hybrid,0.8846153846153846,,20,180,2025-11-10T10:30:00,1762750800000,50,755.3929077564103
2025-11-10T09:40:00,1762747800000,SENSEX,hybrid,0.8846153846153846,,20,180,2025-11-10T10:31:00,1762750860000,51,718.5095495218801
2025-11-10T09:40:00,1762747800000,SENSEX,hybrid,0.8846153846153846,,20,180,2025-11-10T10:32:00,1762750920000,52,755.1502446395837
2025-11-10T09:40:00,1762747800000,SENSEX,hybrid,0.8846153846153846,,20,180,2025-11-10T10:33:00,1762750980000,53,750.4381370217692
2025-11-10T09:40:00,1762747800000,SENSEX,hybrid,0.8846153846153846,,20,180,2025-11-10T10:34:00,1762751040000,54,714.7500096532067
2025-11-10T09:40:00,1762747800000,SENSEX,hybrid,0.8846153846153846,,20,180,2025-11-10T10:35:00,1762751100000,55,756.6732051685456
2025-11-10T09:40:00,1762747800000,SENSEX,hybrid,0.8846153846153846,,20,180,2025-11-10T10:36:00,1762751160000,56,749.8508611175921
2025-11-10T09:40:00,1762747800000,SENSEX,hybrid,0.8846153846153846,,20,180,2025-11-10T10:37:00,1762751220000,57,715.2916650898308
2025-11-10T09:40:00,1762747800000,SENSEX,hybrid,0.8846153846153846,,20,180,2025-11-10T10:38:00,1762751280000,58,755.1819581332059
2025-11-10T09:40:00,1762747800000,SENSEX,hybrid,0.8846153846153846,,20,180,2025-11-10T10:39:00,1762751340000,59,750.4621600516274
2025-11-10T09:40:00,1762747800000,SENSEX,hybrid,0.8846153846153846,,20,180,2025-11-10T10:40:00,1762751400000,60,713.5468638154179
2025-11-10T09:40:00,1762747800000,SENSEX,hybrid,0.8846153846153846,,20,180,2025-11-10T09:41:00,1762747860000,1,758.8499999999999
2025-11-10T09:40:00,1762747800000,SENSEX,hybrid,0.8846153846153846,,20,180,2025-11-10T09:42:00,1762747920000,2,720.6310358636078
2025-11-10T09:40:00,1762747800000,SENSEX,hybrid,0.8846153846153846,,20,180,2025-11-10T09:43:00,1762747980000,3,761.5531603683789
2025-11-10T09:40:00,1762747800000,SENSEX,hybrid,0.8846153846153846,,20,180,2025-11-10T09:44:00,1762748040000,4,757.8918909496282
2025-11-10T09:40:00,1762747800000,SENSEX,hybrid,0.8846153846153846,,20,180,2025-11-10T09:45:00,1762748100000,5,720.3686253124748
2025-11-10T09:40:00,1762747800000,SENSEX,hybrid,0.8846153846153846,,20,180,2025-11-10T09:46:00,1762748160000,6,759.1353788105251
2025-11-10T09:40:00,1762747800000,SENSEX,hybrid,0.8846153846153846,,20,180,2025-11-10T09:47:00,1762748220000,7,759.5356337110599
2025-11-10T09:40:00,1762747800000,SENSEX,hybrid,0.8846153846153846,,20,180,2025-11-10T09:48:00,1762748280000,8,718.912977985319
2025-11-10T09:40:00,1762747800000,SENSEX,hybrid,0.8846153846153846,,20,180,2025-11-10T09:49:00,1762748340000,9,757.92616873235
2025-11-10T09:40:00,1762747800000,SENSEX,hybrid,0.8846153846153846,,20,180,2025-11-10T09:50:00,1762748400000,10,756.3016888972793
2025-11-10T09:40:00,1762747800000,SENSEX,hybrid,0.8846153846153846,,20,180,2025-11-10T09:51:00,1762748460000,11,720.4952576733469
2025-11-10T09:40:00,1762747800000,SENSEX,hybrid,0.8846153846153846,,20,180,2025-11-10T09:52:00,1762748520000,12,759.4056180533663
2025-11-10T09:40:00,1762747800000,SENSEX,hybrid,0.8846153846153846,,20,180,2025-11-10T09:53:00,1762748580000,13,760.5354190343846
2025-11-10T09:40:00,1762747800000,SENSEX,hybrid,0.8846153846153846,,20,180,2025-11-10T09:54:00,1762748640000,14,716.1057701548109
2025-11-10T09:40:00,1762747800000,SENSEX,hybrid,0.8846153846153846,,20,180,2025-11-10T09:55:00,1762748700000,15,755.7570480911419
2025-11-10T09:40:00,1762747800000,SENSEX,hybrid,0.8846153846153846,,20,180,2025-11-10T09:56:00,1762748760000,16,753.6974952606691
2025-11-10T09:40:00,1762747800000,SENSEX,hybrid,0.8846153846153846,,20,180,2025-11-10T09:57:00,1762748820000,17,715.5161105685783
2025-11-10T09:40:00,1762747800000,SENSEX,hybrid,0.8846153846153846,,20,180,2025-11-10T09:58:00,1762748880000,18,756.9819980469248
2025-11-10T09:40:00,1762747800000,SENSEX,hybrid,0.8846153846153846,,20,180,2025-11-10T09:59:00,1762748940000,19,753.7853991353079
2025-11-10T09:40:00,1762747800000,SENSEX,hybrid,0.8846153846153846,,20,180,2025-11-10T10:00:00,1762749000000,20,713.6113701750143
2025-11-10T09:40:00,1762747800000,SENSEX,hybrid,0.8846153846153846,,20,180,2025-11-10T10:01:00,1762749060000,21,758.2103371285822
2025-11-10T09:40:00,1762747800000,SENSEX,hybrid,0.8846153846153846,,20,180,2025-11-10T10:02:00,1762749120000,22,757.4355958414324
2025-11-10T09:40:00,1762747800000,SENSEX,hybrid,0.8846153846153846,,20,180,2025-11-10T10:03:00,1762749180000,23,715.8208662607141
2025-11-10T09:40:00,1762747800000,SENSEX,hybrid,0.8846153846153846,,20,180,2025-11-10T10:04:00,1762749240000,24,757.1689616981059
2025-11-10T09:40:00,1762747800000,SENSEX,hybrid,0.8846153846153846,,20,180,2025-11-10T10:05:00,1762749300000,25,757.4260823923803
2025-11-10T09:40:00,1762747800000,SENSEX,hybrid,0.8846153846153846,,20,180,2025-11-10T10:06:00,1762749360000,26,717.0167374638738
2025-11-10T09:40:00,1762747800000,SENSEX,hybrid,0.8846153846153846,,20,180,2025-11-10T10:07:00,1762749420000,27,760.1090116826599
2025-11-10T09:40:00,1762747800000,SENSEX,hybrid,0.8846153846153846,,20,180,2025-11-10T10:08:00,1762749480000,28,760.0289320833548
2025-11-10T09:40:00,1762747800000,SENSEX,hybrid,0.8846153846153846,,20,180,2025-11-10T10:09:00,1762749540000,29,717.5850114764397
2025-11-10T09:40:00,1762747800000,SENSEX,hybrid,0.8846153846153846,,20,180,2025-11-10T10:10:00,1762749600000,30,759.4842288899537
2025-11-10T09:40:00,1762747800000,SENSEX,hybrid,0.8846153846153846,,20,180,2025-11-10T10:11:00,1762749660000,31,758.2418266355526
2025-11-10T09:40:00,1762747800000,SENSEX,hybrid,0.8846153846153846,,20,180,2025-11-10T10:12:00,1762749720000,32,715.0440692169996
2025-11-10T09:40:00,1762747800000,SENSEX,hybrid,0.8846153846153846,,20,180,2025-11-10T10:13:00,1762749780000,33,759.1180613211197
2025-11-10T09:40:00,1762747800000,SENSEX,hybrid,0.8846153846153846,,20,180,2025-11-10T10:14:00,1762749840000,34,759.5904660068666
2025-11-10T09:40:00,1762747800000,SENSEX,hybrid,0.8846153846153846,,20,180,2025-11-10T10:15:00,1762749900000,35,717.8049498401026
2025-11-10T09:40:00,1762747800000,SENSEX,hybrid,0.8846153846153846,,20,180,2025-11-10T10:16:00,1762749960000,36,758.3022756543294
2025-11-10T09:40:00,1762747800000,SENSEX,hybrid,0.8846153846153846,,20,180,2025-11-10T10:17:00,1762750020000,37,757.7328668550623
2025-11-10T09:40:00,1762747800000,SENSEX,hybrid,0.8846153846153846,,20,180,2025-11-10T10:18:00,1762750080000,38,717.8792130369558
2025-11-10T09:40:00,1762747800000,SENSEX,hybrid,0.8846153846153846,,20,180,2025-11-10T10:19:00,1762750140000,39,719.16645613793
2025-11-10T09:40:00,1762747800000,SENSEX,hybrid,0.8846153846153846,,20,180,2025-11-10T10:20:00,1762750200000,40,718.6896489972779
2025-11-10T09:40:00,1762747800000,SENSEX,hybrid,0.8846153846153846,,20,180,2025-11-10T10:21:00,1762750260000,41,754.264840720311
2025-11-10T09:40:00,1762747800000,SENSEX,hybrid,0.8846153846153846,,20,180,2025-11-10T10:22:00,1762750320000,42,757.0628002165304
2025-11-10T09:40:00,1762747800000,SENSEX,hybrid,0.8846153846153846,,20,180,2025-11-10T10:23:00,1762750380000,43,720.2533875305007
2025-11-10T09:40:00,1762747800000,SENSEX,hybrid,0.8846153846153846,,20,180,2025-11-10T10:24:00,1762750440000,44,713.2683723810911
2025-11-10T09:40:00,1762747800000,SENSEX,hybrid,0.8846153846153846,,20,180,2025-11-10T10:25:00,1762750500000,45,712.6778331126441
2025-11-10T09:40:00,1762747800000,SENSEX,hybrid,0.8846153846153846,,20,180,2025-11-10T10:26:00,1762750560000,46,752.8431708567754
2025-11-10T09:40:00,1762747800000,SENSEX,hybrid,0.8846153846153846,,20,180,2025-11-10T10:27:00,1762750620000,47,755.9657373076338
2025-11-10T09:40:00,1762747800000,SENSEX,hybrid,0.8846153846153846,,20,180,2025-11-10T10:28:00,1762750680000,48,720.9754257648104
2025-11-10T09:40:00,1762747800000,SENSEX,hybrid,0.8846153846153846,,20,180,2025-11-10T10:29:00,1762750740000,49,752.9695277004353
2025-11-10T09:40:00,1762747800000,SENSEX,hybrid,0.8846153846153846,,20,180,2025-11-10T10:30:00,1762750800000,50,755.3929077564103
2025-11-10T09:40:00,1762747800000,SENSEX,hybrid,0.8846153846153846,,20,180,2025-11-10T10:31:00,1762750860000,51,718.5095495218801
2025-11-10T09:40:00,1762747800000,SENSEX,hybrid,0.8846153846153846,,20,180,2025-11-10T10:32:00,1762750920000,52,755.1502446395837
2025-11-10T09:40:00,1762747800000,SENSEX,hybrid,0.8846153846153846,,20,180,2025-11-10T10:33:00,1762750980000,53,750.4381370217692
2025-11-10T09:40:00,1762747800000,SENSEX,hybrid,0.8846153846153846,,20,180,2025-11-10T10:34:00,1762751040000,54,714.7500096532067
2025-11-10T09:40:00,1762747800000,SENSEX,hybrid,0.8846153846153846,,20,180,2025-11-10T10:35:00,1762751100000,55,756.6732051685456
2025-11-10T09:40:00,1762747800000,SENSEX,hybrid,0.8846153846153846,,20,180,2025-11-10T10:36:00,1762751160000,56,749.8508611175921
2025-11-10T09:40:00,1762747800000,SENSEX,hybrid,0.8846153846153846,,20,180,2025-11-10T10:37:00,1762751220000,57,715.2916650898308
2025-11-10T09:40:00,1762747800000,SENSEX,hybrid,0.8846153846153846,,20,180,2025-11-10T10:38:00,1762751280000,58,755.1819581332059
2025-11-10T09:40:00,1762747800000,SENSEX,hybrid,0.8846153846153846,,20,180,2025-11-10T10:39:00,1762751340000,59,750.4621600516274
2025-11-10T09:40:00,1762747800000,SENSEX,hybrid,0.8846153846153846,,20,180,2025-11-10T10:40:00,1762751400000,60,713.5468638154179
