gen_time_iso,gen_ms,index,target_time_iso,target_ms,horizon_min,profile,mode,q10,q50,q90
2025-11-12T09:15:30,1762919130000,SENSEX,2025-11-12T09:16:30,1762919190000,1,base,retrieval,521.7,521.7,521.70019
2025-11-12T09:15:30,1762919130000,SENSEX,2025-11-12T09:17:30,1762919250000,2,base,retrieval,521.7,521.7,521.70019
2025-11-12T09:15:30,1762919130000,SENSEX,2025-11-12T09:18:30,1762919310000,3,base,retrieval,521.7,521.7,521.70019
2025-11-12T09:15:30,1762919130000,SENSEX,2025-11-12T09:19:30,1762919370000,4,base,retrieval,521.7,521.7,521.70019
2025-11-12T09:15:30,1762919130000,SENSEX,2025-11-12T09:20:30,1762919430000,5,base,retrieval,521.7,521.7,521.70019
2025-11-12T09:15:30,1762919130000,SENSEX,2025-11-12T09:21:30,1762919490000,6,base,retrieval,521.7,521.7,521.70019
2025-11-12T09:15:30,1762919130000,SENSEX,2025-11-12T09:22:30,1762919550000,7,base,retrieval,521.7,521.7,521.70019
2025-11-12T09:15:30,1762919130000,SENSEX,2025-11-12T09:23:30,1762919610000,8,base,retrieval,521.7,521.7,521.70019
2025-11-12T09:15:30,1762919130000,SENSEX,2025-11-12T09:24:30,1762919670000,9,base,retrieval,521.7,521.7,521.70019
2025-11-12T09:15:30,1762919130000,SENSEX,2025-11-12T09:25:30,1762919730000,10,base,retrieval,521.7,521.7,521.70019
2025-11-12T09:15:30,1762919130000,SENSEX,2025-11-12T09:26:30,1762919790000,11,base,retrieval,521.7,521.7,521.70019
2025-11-12T09:15:30,1762919130000,SENSEX,2025-11-12T09:27:30,1762919850000,12,base,retrieval,521.7,521.7,521.70019
2025-11-12T09:15:30,1762919130000,SENSEX,2025-11-12T09:28:30,1762919910000,13,base,retrieval,521.7,521.7,521.70019
2025-11-12T09:15:30,1762919130000,SENSEX,2025-11-12T09:29:30,1762919970000,14,base,retrieval,521.7,521.7,521.70019
2025-11-12T09:15:30,1762919130000,SENSEX,2025-11-12T09:30:30,1762920030000,15,base,retrieval,521.7,521.7,521.70019
2025-11-12T09:15:30,1762919130000,SENSEX,2025-11-12T09:31:30,1762920090000,16,base,retrieval,521.7,521.7,521.70019
2025-11-12T09:15:30,1762919130000,SENSEX,2025-11-12T09:32:30,1762920150000,17,base,retrieval,521.7,521.7,521.70019
2025-11-12T09:15:30,1762919130000,SENSEX,2025-11-12T09:33:30,1762920210000,18,base,retrieval,521.7,521.7,521.70019
2025-11-12T09:15:30,1762919130000,SENSEX,2025-11-12T09:34:30,1762920270000,19,base,retrieval,521.7,521.7,521.70019
2025-11-12T09:15:30,1762919130000,SENSEX,2025-11-12T09:35:30,1762920330000,20,base,retrieval,521.7,521.7,521.70019
2025-11-12T09:15:30,1762919130000,SENSEX,2025-11-12T09:36:30,1762920390000,21,base,retrieval,521.7,521.7,521.70019
2025-11-12T09:15:30,1762919130000,SENSEX,2025-11-12T09:37:30,1762920450000,22,base,retrieval,521.7,521.7,521.70019
2025-11-12T09:15:30,1762919130000,SENSEX,2025-11-12T09:38:30,1762920510000,23,base,retrieval,521.7,521.7,521.70019
2025-11-12T09:15:30,1762919130000,SENSEX,2025-11-12T09:39:30,1762920570000,24,base,retrieval,521.7,521.7,521.70019
2025-11-12T09:15:30,1762919130000,SENSEX,2025-11-12T09:40:30,1762920630000,25,base,retrieval,521.7,521.7,521.70019
2025-11-12T09:15:30,1762919130000,SENSEX,2025-11-12T09:41:30,1762920690000,26,base,retrieval,521.7,521.7,521.70019
2025-11-12T09:15:30,1762919130000,SENSEX,2025-11-12T09:42:30,1762920750000,27,base,retrieval,521.7,521.7,521.70019
2025-11-12T09:15:30,1762919130000,SENSEX,2025-11-12T09:43:30,1762920810000,28,base,retrieval,521.7,521.7,521.70019
2025-11-12T09:15:30,1762919130000,SENSEX,2025-11-12T09:44:30,1762920870000,29,base,retrieval,521.7,521.7,521.70019
2025-11-12T09:15:30,1762919130000,SENSEX,2025-11-12T09:45:30,1762920930000,30,base,retrieval,521.7,521.7,521.70019
2025-11-12T09:15:30,1762919130000,SENSEX,2025-11-12T09:46:30,1762920990000,31,base,retrieval,521.7,521.7,521.70019
2025-11-12T09:15:30,1762919130000,SENSEX,2025-11-12T09:47:30,1762921050000,32,base,retrieval,521.7,521.7,521.70019
2025-11-12T09:15:30,1762919130000,SENSEX,2025-11-12T09:48:30,1762921110000,33,base,retrieval,521.7,521.7,521.70019
2025-11-12T09:15:30,1762919130000,SENSEX,2025-11-12T09:49:30,1762921170000,34,base,retrieval,521.7,521.7,521.70019
2025-11-12T09:15:30,1762919130000,SENSEX,2025-11-12T09:50:30,1762921230000,35,base,retrieval,521.7,521.7,521.70019
2025-11-12T09:15:30,1762919130000,SENSEX,2025-11-12T09:51:30,1762921290000,36,base,retrieval,521.7,521.7,521.70019
2025-11-12T09:15:30,1762919130000,SENSEX,2025-11-12T09:52:30,1762921350000,37,base,retrieval,521.7,521.7,521.70019
2025-11-12T09:15:30,1762919130000,SENSEX,2025-11-12T09:53:30,1762921410000,38,base,retrieval,521.7,521.7,521.70019
2025-11-12T09:15:30,1762919130000,SENSEX,2025-11-12T09:54:30,1762921470000,39,base,retrieval,521.7,521.7,521.70019
2025-11-12T09:15:30,1762919130000,SENSEX,2025-11-12T09:55:30,1762921530000,40,base,retrieval,521.7,521.7,521.70019
2025-11-12T09:15:30,1762919130000,SENSEX,2025-11-12T09:56:30,1762921590000,41,base,retrieval,521.7,521.7,521.70019
2025-11-12T09:15:30,1762919130000,SENSEX,2025-11-12T09:57:30,1762921650000,42,base,retrieval,521.7,521.7,521.70019
2025-11-12T09:15:30,1762919130000,SENSEX,2025-11-12T09:58:30,1762921710000,43,base,retrieval,521.7,521.7,521.70019
2025-11-12T09:15:30,1762919130000,SENSEX,2025-11-12T09:59:30,1762921770000,44,base,retrieval,521.7,521.7,521.70019
2025-11-12T09:15:30,1762919130000,SENSEX,2025-11-12T10:00:30,1762921830000,45,base,retrieval,521.7,521.7,521.70019
2025-11-12T09:15:30,1762919130000,SENSEX,2025-11-12T10:01:30,1762921890000,46,base,retrieval,521.7,521.7,521.70019
2025-11-12T09:15:30,1762919130000,SENSEX,2025-11-12T10:02:30,1762921950000,47,base,retrieval,521.7,521.7,521.70019
2025-11-12T09:15:30,1762919130000,SENSEX,2025-11-12T10:03:30,1762922010000,48,base,retrieval,521.7,521.7,521.70019
2025-11-12T09:15:30,1762919130000,SENSEX,2025-11-12T10:04:30,1762922070000,49,base,retrieval,521.7,521.7,521.70019
2025-11-12T09:15:30,1762919130000,SENSEX,2025-11-12T10:05:30,1762922130000,50,base,retrieval,521.7,521.7,521.70019
2025-11-12T09:15:30,1762919130000,SENSEX,2025-11-12T10:06:30,1762922190000,51,base,retrieval,521.7,521.7,521.70019
2025-11-12T09:15:30,1762919130000,SENSEX,2025-11-12T10:07:30,1762922250000,52,base,retrieval,521.7,521.7,521.70019
2025-11-12T09:15:30,1762919130000,SENSEX,2025-11-12T10:08:30,1762922310000,53,base,retrieval,521.7,521.7,521.70019
2025-11-12T09:15:30,1762919130000,SENSEX,2025-11-12T10:09:30,1762922370000,54,base,retrieval,521.7,521.7,521.70019
2025-11-12T09:15:30,1762919130000,SENSEX,2025-11-12T10:10:30,1762922430000,55,base,retrieval,521.7,521.7,521.70019
2025-11-12T09:15:30,1762919130000,SENSEX,2025-11-12T10:11:30,1762922490000,56,base,retrieval,521.7,521.7,521.70019
2025-11-12T09:15:30,1762919130000,SENSEX,2025-11-12T10:12:30,1762922550000,57,base,retrieval,521.7,521.7,521.70019
2025-11-12T09:15:30,1762919130000,SENSEX,2025-11-12T10:13:30,1762922610000,58,base,retrieval,521.7,521.7,521.70019
2025-11-12T09:15:30,1762919130000,SENSEX,2025-11-12T10:14:30,1762922670000,59,base,retrieval,521.7,521.7,521.70019
2025-11-12T09:15:30,1762919130000,SENSEX,2025-11-12T10:15:30,1762922730000,60,base,retrieval,521.7,521.7,521.70019
2025-11-12T09:23:00,1762919580000,SENSEX,2025-11-12T09:24:00,1762919640000,1,base,retrieval,494.5,494.5,494.50019
2025-11-12T09:23:00,1762919580000,SENSEX,2025-11-12T09:25:00,1762919700000,2,base,retrieval,494.5,494.5,494.50019
2025-11-12T09:23:00,1762919580000,SENSEX,2025-11-12T09:26:00,1762919760000,3,base,retrieval,494.5,494.5,494.50019
2025-11-12T09:23:00,1762919580000,SENSEX,2025-11-12T09:27:00,1762919820000,4,base,retrieval,494.5,494.5,494.50019
2025-11-12T09:23:00,1762919580000,SENSEX,2025-11-12T09:28:00,1762919880000,5,base,retrieval,494.5,494.5,494.50019
2025-11-12T09:23:00,1762919580000,SENSEX,2025-11-12T09:29:00,1762919940000,6,base,retrieval,494.5,494.5,494.50019
2025-11-12T09:23:00,1762919580000,SENSEX,2025-11-12T09:30:00,1762920000000,7,base,retrieval,494.5,494.5,494.50019
2025-11-12T09:23:00,1762919580000,SENSEX,2025-11-12T09:31:00,1762920060000,8,base,retrieval,494.5,494.5,494.50019
2025-11-12T09:23:00,1762919580000,SENSEX,2025-11-12T09:32:00,1762920120000,9,base,retrieval,494.5,494.5,494.50019
2025-11-12T09:23:00,1762919580000,SENSEX,2025-11-12T09:33:00,1762920180000,10,base,retrieval,494.5,494.5,494.50019
2025-11-12T09:23:00,1762919580000,SENSEX,2025-11-12T09:34:00,1762920240000,11,base,retrieval,494.5,494.5,494.50019
2025-11-12T09:23:00,1762919580000,SENSEX,2025-11-12T09:35:00,1762920300000,12,base,retrieval,494.5,494.5,494.50019
2025-11-12T09:23:00,1762919580000,SENSEX,2025-11-12T09:36:00,1762920360000,13,base,retrieval,494.5,494.5,494.50019
2025-11-12T09:23:00,1762919580000,SENSEX,2025-11-12T09:37:00,1762920420000,14,base,retrieval,494.5,494.5,494.50019
2025-11-12T09:23:00,1762919580000,SENSEX,2025-11-12T09:38:00,1762920480000,15,base,retrieval,494.5,494.5,494.50019
2025-11-12T09:23:00,1762919580000,SENSEX,2025-11-12T09:39:00,1762920540000,16,base,retrieval,494.5,494.5,494.50019
2025-11-12T09:23:00,1762919580000,SENSEX,2025-11-12T09:40:00,1762920600000,17,base,retrieval,494.5,494.5,494.50019
2025-11-12T09:23:00,1762919580000,SENSEX,2025-11-12T09:41:00,1762920660000,18,base,retrieval,494.5,494.5,494.50019
2025-11-12T09:23:00,1762919580000,SENSEX,2025-11-12T09:42:00,1762920720000,19,base,retrieval,494.5,494.5,494.50019
2025-11-12T09:23:00,1762919580000,SENSEX,2025-11-12T09:43:00,1762920780000,20,base,retrieval,494.5,494.5,494.50019
2025-11-12T09:23:00,1762919580000,SENSEX,2025-11-12T09:44:00,1762920840000,21,base,retrieval,494.5,494.5,494.50019
2025-11-12T09:23:00,1762919580000,SENSEX,2025-11-12T09:45:00,1762920900000,22,base,retrieval,494.5,494.5,494.50019
2025-11-12T09:23:00,1762919580000,SENSEX,2025-11-12T09:46:00,1762920960000,23,base,retrieval,494.5,494.5,494.50019
2025-11-12T09:23:00,1762919580000,SENSEX,2025-11-12T09:47:00,1762921020000,24,base,retrieval,494.5,494.5,494.50019
2025-11-12T09:23:00,1762919580000,SENSEX,2025-11-12T09:48:00,1762921080000,25,base,retrieval,494.5,494.5,494.50019
2025-11-12T09:23:00,1762919580000,SENSEX,2025-11-12T09:49:00,1762921140000,26,base,retrieval,494.5,494.5,494.50019
2025-11-12T09:23:00,1762919580000,SENSEX,2025-11-12T09:50:00,1762921200000,27,base,retrieval,494.5,494.5,494.50019
2025-11-12T09:23:00,1762919580000,SENSEX,2025-11-12T09:51:00,1762921260000,28,base,retrieval,494.5,494.5,494.50019
2025-11-12T09:23:00,1762919580000,SENSEX,2025-11-12T09:52:00,1762921320000,29,base,retrieval,494.5,494.5,494.50019
2025-11-12T09:23:00,1762919580000,SENSEX,2025-11-12T09:53:00,1762921380000,30,base,retrieval,494.5,494.5,494.50019
2025-11-12T09:23:00,1762919580000,SENSEX,2025-11-12T09:54:00,1762921440000,31,base,retrieval,494.5,494.5,494.50019
2025-11-12T09:23:00,1762919580000,SENSEX,2025-11-12T09:55:00,1762921500000,32,base,retrieval,494.5,494.5,494.50019
2025-11-12T09:23:00,1762919580000,SENSEX,2025-11-12T09:56:00,1762921560000,33,base,retrieval,494.5,494.5,494.50019
2025-11-12T09:23:00,1762919580000,SENSEX,2025-11-12T09:57:00,1762921620000,34,base,retrieval,494.5,494.5,494.50019
2025-11-12T09:23:00,1762919580000,SENSEX,2025-11-12T09:58:00,1762921680000,35,base,retrieval,494.5,494.5,494.50019
2025-11-12T09:23:00,1762919580000,SENSEX,2025-11-12T09:59:00,1762921740000,36,base,retrieval,494.5,494.5,494.50019
2025-11-12T09:23:00,1762919580000,SENSEX,2025-11-12T10:00:00,1762921800000,37,base,retrieval,494.5,494.5,494.50019
2025-11-12T09:23:00,1762919580000,SENSEX,2025-11-12T10:01:00,1762921860000,38,base,retrieval,494.5,494.5,494.50019
2025-11-12T09:23:00,1762919580000,SENSEX,2025-11-12T10:02:00,1762921920000,39,base,retrieval,494.5,494.5,494.50019
2025-11-12T09:23:00,1762919580000,SENSEX,2025-11-12T10:03:00,1762921980000,40,base,retrieval,494.5,494.5,494.50019
2025-11-12T09:23:00,1762919580000,SENSEX,2025-11-12T10:04:00,1762922040000,41,base,retrieval,494.5,494.5,494.50019
2025-11-12T09:23:00,1762919580000,SENSEX,2025-11-12T10:05:00,1762922100000,42,base,retrieval,494.5,494.5,494.50019
2025-11-12T09:23:00,1762919580000,SENSEX,2025-11-12T10:06:00,1762922160000,43,base,retrieval,494.5,494.5,494.50019
2025-11-12T09:23:00,1762919580000,SENSEX,2025-11-12T10:07:00,1762922220000,44,base,retrieval,494.5,494.5,494.50019
2025-11-12T09:23:00,1762919580000,SENSEX,2025-11-12T10:08:00,1762922280000,45,base,retrieval,494.5,494.5,494.50019
2025-11-12T09:23:00,1762919580000,SENSEX,2025-11-12T10:09:00,1762922340000,46,base,retrieval,494.5,494.5,494.50019
2025-11-12T09:23:00,1762919580000,SENSEX,2025-11-12T10:10:00,1762922400000,47,base,retrieval,494.5,494.5,494.50019
2025-11-12T09:23:00,1762919580000,SENSEX,2025-11-12T10:11:00,1762922460000,48,base,retrieval,494.5,494.5,494.50019
2025-11-12T09:23:00,1762919580000,SENSEX,2025-11-12T10:12:00,1762922520000,49,base,retrieval,494.5,494.5,494.50019
2025-11-12T09:23:00,1762919580000,SENSEX,2025-11-12T10:13:00,1762922580000,50,base,retrieval,494.5,494.5,494.50019
2025-11-12T09:23:00,1762919580000,SENSEX,2025-11-12T10:14:00,1762922640000,51,base,retrieval,494.5,494.5,494.50019
2025-11-12T09:23:00,1762919580000,SENSEX,2025-11-12T10:15:00,1762922700000,52,base,retrieval,494.5,494.5,494.50019
2025-11-12T09:23:00,1762919580000,SENSEX,2025-11-12T10:16:00,1762922760000,53,base,retrieval,494.5,494.5,494.50019
2025-11-12T09:23:00,1762919580000,SENSEX,2025-11-12T10:17:00,1762922820000,54,base,retrieval,494.5,494.5,494.50019
2025-11-12T09:23:00,1762919580000,SENSEX,2025-11-12T10:18:00,1762922880000,55,base,retrieval,494.5,494.5,494.50019
2025-11-12T09:23:00,1762919580000,SENSEX,2025-11-12T10:19:00,1762922940000,56,base,retrieval,494.5,494.5,494.50019
2025-11-12T09:23:00,1762919580000,SENSEX,2025-11-12T10:20:00,1762923000000,57,base,retrieval,494.5,494.5,494.50019
2025-11-12T09:23:00,1762919580000,SENSEX,2025-11-12T10:21:00,1762923060000,58,base,retrieval,494.5,494.5,494.50019
2025-11-12T09:23:00,1762919580000,SENSEX,2025-11-12T10:22:00,1762923120000,59,base,retrieval,494.5,494.5,494.50019
2025-11-12T09:23:00,1762919580000,SENSEX,2025-11-12T10:23:00,1762923180000,60,base,retrieval,494.5,494.5,494.50019
2025-11-12T09:23:00,1762919580000,SENSEX,2025-11-12T09:24:00,1762919640000,1,base,retrieval,494.5,494.5,494.50019
2025-11-12T09:23:00,1762919580000,SENSEX,2025-11-12T09:25:00,1762919700000,2,base,retrieval,494.5,494.5,494.50019
2025-11-12T09:23:00,1762919580000,SENSEX,2025-11-12T09:26:00,1762919760000,3,base,retrieval,494.5,494.5,494.50019
2025-11-12T09:23:00,1762919580000,SENSEX,2025-11-12T09:27:00,1762919820000,4,base,retrieval,494.5,494.5,494.50019
2025-11-12T09:23:00,1762919580000,SENSEX,2025-11-12T09:28:00,1762919880000,5,base,retrieval,494.5,494.5,494.50019
2025-11-12T09:23:00,1762919580000,SENSEX,2025-11-12T09:29:00,1762919940000,6,base,retrieval,494.5,494.5,494.50019
2025-11-12T09:23:00,1762919580000,SENSEX,2025-11-12T09:30:00,1762920000000,7,base,retrieval,494.5,494.5,494.50019
2025-11-12T09:23:00,1762919580000,SENSEX,2025-11-12T09:31:00,1762920060000,8,base,retrieval,494.5,494.5,494.50019
2025-11-12T09:23:00,1762919580000,SENSEX,2025-11-12T09:32:00,1762920120000,9,base,retrieval,494.5,494.5,494.50019
2025-11-12T09:23:00,1762919580000,SENSEX,2025-11-12T09:33:00,1762920180000,10,base,retrieval,494.5,494.5,494.50019
2025-11-12T09:23:00,1762919580000,SENSEX,2025-11-12T09:34:00,1762920240000,11,base,retrieval,494.5,494.5,494.50019
2025-11-12T09:23:00,1762919580000,SENSEX,2025-11-12T09:35:00,1762920300000,12,base,retrieval,494.5,494.5,494.50019
2025-11-12T09:23:00,1762919580000,SENSEX,2025-11-12T09:36:00,1762920360000,13,base,retrieval,494.5,494.5,494.50019
2025-11-12T09:23:00,1762919580000,SENSEX,2025-11-12T09:37:00,1762920420000,14,base,retrieval,494.5,494.5,494.50019
2025-11-12T09:23:00,1762919580000,SENSEX,2025-11-12T09:38:00,1762920480000,15,base,retrieval,494.5,494.5,494.50019
2025-11-12T09:23:00,1762919580000,SENSEX,2025-11-12T09:39:00,1762920540000,16,base,retrieval,494.5,494.5,494.50019
2025-11-12T09:23:00,1762919580000,SENSEX,2025-11-12T09:40:00,1762920600000,17,base,retrieval,494.5,494.5,494.50019
2025-11-12T09:23:00,1762919580000,SENSEX,2025-11-12T09:41:00,1762920660000,18,base,retrieval,494.5,494.5,494.50019
2025-11-12T09:23:00,1762919580000,SENSEX,2025-11-12T09:42:00,1762920720000,19,base,retrieval,494.5,494.5,494.50019
2025-11-12T09:23:00,1762919580000,SENSEX,2025-11-12T09:43:00,1762920780000,20,base,retrieval,494.5,494.5,494.50019
2025-11-12T09:23:00,1762919580000,SENSEX,2025-11-12T09:44:00,1762920840000,21,base,retrieval,494.5,494.5,494.50019
2025-11-12T09:23:00,1762919580000,SENSEX,2025-11-12T09:45:00,1762920900000,22,base,retrieval,494.5,494.5,494.50019
2025-11-12T09:23:00,1762919580000,SENSEX,2025-11-12T09:46:00,1762920960000,23,base,retrieval,494.5,494.5,494.50019
2025-11-12T09:23:00,1762919580000,SENSEX,2025-11-12T09:47:00,1762921020000,24,base,retrieval,494.5,494.5,494.50019
2025-11-12T09:23:00,1762919580000,SENSEX,2025-11-12T09:48:00,1762921080000,25,base,retrieval,494.5,494.5,494.50019
2025-11-12T09:23:00,1762919580000,SENSEX,2025-11-12T09:49:00,1762921140000,26,base,retrieval,494.5,494.5,494.50019
2025-11-12T09:23:00,1762919580000,SENSEX,2025-11-12T09:50:00,1762921200000,27,base,retrieval,494.5,494.5,494.50019
2025-11-12T09:23:00,1762919580000,SENSEX,2025-11-12T09:51:00,1762921260000,28,base,retrieval,494.5,494.5,494.50019
2025-11-12T09:23:00,1762919580000,SENSEX,2025-11-12T09:52:00,1762921320000,29,base,retrieval,494.5,494.5,494.50019
2025-11-12T09:23:00,1762919580000,SENSEX,2025-11-12T09:53:00,1762921380000,30,base,retrieval,494.5,494.5,494.50019
2025-11-12T09:23:00,1762919580000,SENSEX,2025-11-12T09:54:00,1762921440000,31,base,retrieval,494.5,494.5,494.50019
2025-11-12T09:23:00,1762919580000,SENSEX,2025-11-12T09:55:00,1762921500000,32,base,retrieval,494.5,494.5,494.50019
2025-11-12T09:23:00,1762919580000,SENSEX,2025-11-12T09:56:00,1762921560000,33,base,retrieval,494.5,494.5,494.50019
2025-11-12T09:23:00,1762919580000,SENSEX,2025-11-12T09:57:00,1762921620000,34,base,retrieval,494.5,494.5,494.50019
2025-11-12T09:23:00,1762919580000,SENSEX,2025-11-12T09:58:00,1762921680000,35,base,retrieval,494.5,494.5,494.50019
2025-11-12T09:23:00,1762919580000,SENSEX,2025-11-12T09:59:00,1762921740000,36,base,retrieval,494.5,494.5,494.50019
2025-11-12T09:23:00,1762919580000,SENSEX,2025-11-12T10:00:00,1762921800000,37,base,retrieval,494.5,494.5,494.50019
2025-11-12T09:23:00,1762919580000,SENSEX,2025-11-12T10:01:00,1762921860000,38,base,retrieval,494.5,494.5,494.50019
2025-11-12T09:23:00,1762919580000,SENSEX,2025-11-12T10:02:00,1762921920000,39,base,retrieval,494.5,494.5,494.50019
2025-11-12T09:23:00,1762919580000,SENSEX,2025-11-12T10:03:00,1762921980000,40,base,retrieval,494.5,494.5,494.50019
2025-11-12T09:23:00,1762919580000,SENSEX,2025-11-12T10:04:00,1762922040000,41,base,retrieval,494.5,494.5,494.50019
2025-11-12T09:23:00,1762919580000,SENSEX,2025-11-12T10:05:00,1762922100000,42,base,retrieval,494.5,494.5,494.50019
2025-11-12T09:23:00,1762919580000,SENSEX,2025-11-12T10:06:00,1762922160000,43,base,retrieval,494.5,494.5,494.50019
2025-11-12T09:23:00,1762919580000,SENSEX,2025-11-12T10:07:00,1762922220000,44,base,retrieval,494.5,494.5,494.50019
2025-11-12T09:23:00,1762919580000,SENSEX,2025-11-12T10:08:00,1762922280000,45,base,retrieval,494.5,494.5,494.50019
2025-11-12T09:23:00,1762919580000,SENSEX,2025-11-12T10:09:00,1762922340000,46,base,retrieval,494.5,494.5,494.50019
2025-11-12T09:23:00,1762919580000,SENSEX,2025-11-12T10:10:00,1762922400000,47,base,retrieval,494.5,494.5,494.50019
2025-11-12T09:23:00,1762919580000,SENSEX,2025-11-12T10:11:00,1762922460000,48,base,retrieval,494.5,494.5,494.50019
2025-11-12T09:23:00,1762919580000,SENSEX,2025-11-12T10:12:00,1762922520000,49,base,retrieval,494.5,494.5,494.50019
2025-11-12T09:23:00,1762919580000,SENSEX,2025-11-12T10:13:00,1762922580000,50,base,retrieval,494.5,494.5,494.50019
2025-11-12T09:23:00,1762919580000,SENSEX,2025-11-12T10:14:00,1762922640000,51,base,retrieval,494.5,494.5,494.50019
2025-11-12T09:23:00,1762919580000,SENSEX,2025-11-12T10:15:00,1762922700000,52,base,retrieval,494.5,494.5,494.50019
2025-11-12T09:23:00,1762919580000,SENSEX,2025-11-12T10:16:00,1762922760000,53,base,retrieval,494.5,494.5,494.50019
2025-11-12T09:23:00,1762919580000,SENSEX,2025-11-12T10:17:00,1762922820000,54,base,retrieval,494.5,494.5,494.50019
2025-11-12T09:23:00,1762919580000,SENSEX,2025-11-12T10:18:00,1762922880000,55,base,retrieval,494.5,494.5,494.50019
2025-11-12T09:23:00,1762919580000,SENSEX,2025-11-12T10:19:00,1762922940000,56,base,retrieval,494.5,494.5,494.50019
2025-11-12T09:23:00,1762919580000,SENSEX,2025-11-12T10:20:00,1762923000000,57,base,retrieval,494.5,494.5,494.50019
2025-11-12T09:23:00,1762919580000,SENSEX,2025-11-12T10:21:00,1762923060000,58,base,retrieval,494.5,494.5,494.50019
2025-11-12T09:23:00,1762919580000,SENSEX,2025-11-12T10:22:00,1762923120000,59,base,retrieval,494.5,494.5,494.50019
2025-11-12T09:23:00,1762919580000,SENSEX,2025-11-12T10:23:00,1762923180000,60,base,retrieval,494.5,494.5,494.50019
2025-11-12T09:26:30,1762919790000,SENSEX,2025-11-12T09:27:30,1762919850000,1,base,retrieval,501.75,501.75,501.75019
2025-11-12T09:26:30,1762919790000,SENSEX,2025-11-12T09:28:30,1762919910000,2,base,retrieval,501.75,501.75,501.75019
2025-11-12T09:26:30,1762919790000,SENSEX,2025-11-12T09:29:30,1762919970000,3,base,retrieval,501.75,501.75,501.75019
2025-11-12T09:26:30,1762919790000,SENSEX,2025-11-12T09:30:30,1762920030000,4,base,retrieval,501.75,501.75,501.75019
2025-11-12T09:26:30,1762919790000,SENSEX,2025-11-12T09:31:30,1762920090000,5,base,retrieval,501.75,501.75,501.75019
2025-11-12T09:26:30,1762919790000,SENSEX,2025-11-12T09:32:30,1762920150000,6,base,retrieval,501.75,501.75,501.75019
2025-11-12T09:26:30,1762919790000,SENSEX,2025-11-12T09:33:30,1762920210000,7,base,retrieval,501.75,501.75,501.75019
2025-11-12T09:26:30,1762919790000,SENSEX,2025-11-12T09:34:30,1762920270000,8,base,retrieval,501.75,501.75,501.75019
2025-11-12T09:26:30,1762919790000,SENSEX,2025-11-12T09:35:30,1762920330000,9,base,retrieval,501.75,501.75,501.75019
2025-11-12T09:26:30,1762919790000,SENSEX,2025-11-12T09:36:30,1762920390000,10,base,retrieval,501.75,501.75,501.75019
2025-11-12T09:26:30,1762919790000,SENSEX,2025-11-12T09:37:30,1762920450000,11,base,retrieval,501.75,501.75,501.75019
2025-11-12T09:26:30,1762919790000,SENSEX,2025-11-12T09:38:30,1762920510000,12,base,retrieval,501.75,501.75,501.75019
2025-11-12T09:26:30,1762919790000,SENSEX,2025-11-12T09:39:30,1762920570000,13,base,retrieval,501.75,501.75,501.75019
2025-11-12T09:26:30,1762919790000,SENSEX,2025-11-12T09:40:30,1762920630000,14,base,retrieval,501.75,501.75,501.75019
2025-11-12T09:26:30,1762919790000,SENSEX,2025-11-12T09:41:30,1762920690000,15,base,retrieval,501.75,501.75,501.75019
2025-11-12T09:26:30,1762919790000,SENSEX,2025-11-12T09:42:30,1762920750000,16,base,retrieval,501.75,501.75,501.75019
2025-11-12T09:26:30,1762919790000,SENSEX,2025-11-12T09:43:30,1762920810000,17,base,retrieval,501.75,501.75,501.75019
2025-11-12T09:26:30,1762919790000,SENSEX,2025-11-12T09:44:30,1762920870000,18,base,retrieval,501.75,501.75,501.75019
2025-11-12T09:26:30,1762919790000,SENSEX,2025-11-12T09:45:30,1762920930000,19,base,retrieval,501.75,501.75,501.75019
2025-11-12T09:26:30,1762919790000,SENSEX,2025-11-12T09:46:30,1762920990000,20,base,retrieval,501.75,501.75,501.75019
2025-11-12T09:26:30,1762919790000,SENSEX,2025-11-12T09:47:30,1762921050000,21,base,retrieval,501.75,501.75,501.75019
2025-11-12T09:26:30,1762919790000,SENSEX,2025-11-12T09:48:30,1762921110000,22,base,retrieval,501.75,501.75,501.75019
2025-11-12T09:26:30,1762919790000,SENSEX,2025-11-12T09:49:30,1762921170000,23,base,retrieval,501.75,501.75,501.75019
2025-11-12T09:26:30,1762919790000,SENSEX,2025-11-12T09:50:30,1762921230000,24,base,retrieval,501.75,501.75,501.75019
2025-11-12T09:26:30,1762919790000,SENSEX,2025-11-12T09:51:30,1762921290000,25,base,retrieval,501.75,501.75,501.75019
2025-11-12T09:26:30,1762919790000,SENSEX,2025-11-12T09:52:30,1762921350000,26,base,retrieval,501.75,501.75,501.75019
2025-11-12T09:26:30,1762919790000,SENSEX,2025-11-12T09:53:30,1762921410000,27,base,retrieval,501.75,501.75,501.75019
2025-11-12T09:26:30,1762919790000,SENSEX,2025-11-12T09:54:30,1762921470000,28,base,retrieval,501.75,501.75,501.75019
2025-11-12T09:26:30,1762919790000,SENSEX,2025-11-12T09:55:30,1762921530000,29,base,retrieval,501.75,501.75,501.75019
2025-11-12T09:26:30,1762919790000,SENSEX,2025-11-12T09:56:30,1762921590000,30,base,retrieval,501.75,501.75,501.75019
2025-11-12T09:26:30,1762919790000,SENSEX,2025-11-12T09:57:30,1762921650000,31,base,retrieval,501.75,501.75,501.75019
2025-11-12T09:26:30,1762919790000,SENSEX,2025-11-12T09:58:30,1762921710000,32,base,retrieval,501.75,501.75,501.75019
2025-11-12T09:26:30,1762919790000,SENSEX,2025-11-12T09:59:30,1762921770000,33,base,retrieval,501.75,501.75,501.75019
2025-11-12T09:26:30,1762919790000,SENSEX,2025-11-12T10:00:30,1762921830000,34,base,retrieval,501.75,501.75,501.75019
2025-11-12T09:26:30,1762919790000,SENSEX,2025-11-12T10:01:30,1762921890000,35,base,retrieval,501.75,501.75,501.75019
2025-11-12T09:26:30,1762919790000,SENSEX,2025-11-12T10:02:30,1762921950000,36,base,retrieval,501.75,501.75,501.75019
2025-11-12T09:26:30,1762919790000,SENSEX,2025-11-12T10:03:30,1762922010000,37,base,retrieval,501.75,501.75,501.75019
2025-11-12T09:26:30,1762919790000,SENSEX,2025-11-12T10:04:30,1762922070000,38,base,retrieval,501.75,501.75,501.75019
2025-11-12T09:26:30,1762919790000,SENSEX,2025-11-12T10:05:30,1762922130000,39,base,retrieval,501.75,501.75,501.75019
2025-11-12T09:26:30,1762919790000,SENSEX,2025-11-12T10:06:30,1762922190000,40,base,retrieval,501.75,501.75,501.75019
2025-11-12T09:26:30,1762919790000,SENSEX,2025-11-12T10:07:30,1762922250000,41,base,retrieval,501.75,501.75,501.75019
2025-11-12T09:26:30,1762919790000,SENSEX,2025-11-12T10:08:30,1762922310000,42,base,retrieval,501.75,501.75,501.75019
2025-11-12T09:26:30,1762919790000,SENSEX,2025-11-12T10:09:30,1762922370000,43,base,retrieval,501.75,501.75,501.75019
2025-11-12T09:26:30,1762919790000,SENSEX,2025-11-12T10:10:30,1762922430000,44,base,retrieval,501.75,501.75,501.75019
2025-11-12T09:26:30,1762919790000,SENSEX,2025-11-12T10:11:30,1762922490000,45,base,retrieval,501.75,501.75,501.75019
2025-11-12T09:26:30,1762919790000,SENSEX,2025-11-12T10:12:30,1762922550000,46,base,retrieval,501.75,501.75,501.75019
2025-11-12T09:26:30,1762919790000,SENSEX,2025-11-12T10:13:30,1762922610000,47,base,retrieval,501.75,501.75,501.75019
2025-11-12T09:26:30,1762919790000,SENSEX,2025-11-12T10:14:30,1762922670000,48,base,retrieval,501.75,501.75,501.75019
2025-11-12T09:26:30,1762919790000,SENSEX,2025-11-12T10:15:30,1762922730000,49,base,retrieval,501.75,501.75,501.75019
2025-11-12T09:26:30,1762919790000,SENSEX,2025-11-12T10:16:30,1762922790000,50,base,retrieval,501.75,501.75,501.75019
2025-11-12T09:26:30,1762919790000,SENSEX,2025-11-12T10:17:30,1762922850000,51,base,retrieval,501.75,501.75,501.75019
2025-11-12T09:26:30,1762919790000,SENSEX,2025-11-12T10:18:30,1762922910000,52,base,retrieval,501.75,501.75,501.75019
2025-11-12T09:26:30,1762919790000,SENSEX,2025-11-12T10:19:30,1762922970000,53,base,retrieval,501.75,501.75,501.75019
2025-11-12T09:26:30,1762919790000,SENSEX,2025-11-12T10:20:30,1762923030000,54,base,retrieval,501.75,501.75,501.75019
2025-11-12T09:26:30,1762919790000,SENSEX,2025-11-12T10:21:30,1762923090000,55,base,retrieval,501.75,501.75,501.75019
2025-11-12T09:26:30,1762919790000,SENSEX,2025-11-12T10:22:30,1762923150000,56,base,retrieval,501.75,501.75,501.75019
2025-11-12T09:26:30,1762919790000,SENSEX,2025-11-12T10:23:30,1762923210000,57,base,retrieval,501.75,501.75,501.75019
2025-11-12T09:26:30,1762919790000,SENSEX,2025-11-12T10:24:30,1762923270000,58,base,retrieval,501.75,501.75,501.75019
2025-11-12T09:26:30,1762919790000,SENSEX,2025-11-12T10:25:30,1762923330000,59,base,retrieval,501.75,501.75,501.75019
2025-11-12T09:26:30,1762919790000,SENSEX,2025-11-12T10:26:30,1762923390000,60,base,retrieval,501.75,501.75,501.75019
2025-11-12T09:40:30,1762920630000,SENSEX,2025-11-12T09:41:30,1762920690000,1,base,retrieval,494.9,494.9,494.90018999999995
2025-11-12T09:40:30,1762920630000,SENSEX,2025-11-12T09:42:30,1762920750000,2,base,retrieval,494.9,494.9,494.90018999999995
2025-11-12T09:40:30,1762920630000,SENSEX,2025-11-12T09:43:30,1762920810000,3,base,retrieval,494.9,494.9,494.90018999999995
2025-11-12T09:40:30,1762920630000,SENSEX,2025-11-12T09:44:30,1762920870000,4,base,retrieval,494.9,494.9,494.90018999999995
2025-11-12T09:40:30,1762920630000,SENSEX,2025-11-12T09:45:30,1762920930000,5,base,retrieval,494.9,494.9,494.90018999999995
2025-11-12T09:40:30,1762920630000,SENSEX,2025-11-12T09:46:30,1762920990000,6,base,retrieval,494.9,494.9,494.90018999999995
2025-11-12T09:40:30,1762920630000,SENSEX,2025-11-12T09:47:30,1762921050000,7,base,retrieval,494.9,494.9,494.90018999999995
2025-11-12T09:40:30,1762920630000,SENSEX,2025-11-12T09:48:30,1762921110000,8,base,retrieval,494.9,494.9,494.90018999999995
2025-11-12T09:40:30,1762920630000,SENSEX,2025-11-12T09:49:30,1762921170000,9,base,retrieval,494.9,494.9,494.90018999999995
2025-11-12T09:40:30,1762920630000,SENSEX,2025-11-12T09:50:30,1762921230000,10,base,retrieval,494.9,494.9,494.90018999999995
2025-11-12T09:40:30,1762920630000,SENSEX,2025-11-12T09:51:30,1762921290000,11,base,retrieval,494.9,494.9,494.90018999999995
2025-11-12T09:40:30,1762920630000,SENSEX,2025-11-12T09:52:30,1762921350000,12,base,retrieval,494.9,494.9,494.90018999999995
2025-11-12T09:40:30,1762920630000,SENSEX,2025-11-12T09:53:30,1762921410000,13,base,retrieval,494.9,494.9,494.90018999999995
2025-11-12T09:40:30,1762920630000,SENSEX,2025-11-12T09:54:30,1762921470000,14,base,retrieval,494.9,494.9,494.90018999999995
2025-11-12T09:40:30,1762920630000,SENSEX,2025-11-12T09:55:30,1762921530000,15,base,retrieval,494.9,494.9,494.90018999999995
2025-11-12T09:40:30,1762920630000,SENSEX,2025-11-12T09:56:30,1762921590000,16,base,retrieval,494.9,494.9,494.90018999999995
2025-11-12T09:40:30,1762920630000,SENSEX,2025-11-12T09:57:30,1762921650000,17,base,retrieval,494.9,494.9,494.90018999999995
2025-11-12T09:40:30,1762920630000,SENSEX,2025-11-12T09:58:30,1762921710000,18,base,retrieval,494.9,494.9,494.90018999999995
2025-11-12T09:40:30,1762920630000,SENSEX,2025-11-12T09:59:30,1762921770000,19,base,retrieval,494.9,494.9,494.90018999999995
2025-11-12T09:40:30,1762920630000,SENSEX,2025-11-12T10:00:30,1762921830000,20,base,retrieval,494.9,494.9,494.90018999999995
2025-11-12T09:40:30,1762920630000,SENSEX,2025-11-12T10:01:30,1762921890000,21,base,retrieval,494.9,494.9,494.90018999999995
2025-11-12T09:40:30,1762920630000,SENSEX,2025-11-12T10:02:30,1762921950000,22,base,retrieval,494.9,494.9,494.90018999999995
2025-11-12T09:40:30,1762920630000,SENSEX,2025-11-12T10:03:30,1762922010000,23,base,retrieval,494.9,494.9,494.90018999999995
2025-11-12T09:40:30,1762920630000,SENSEX,2025-11-12T10:04:30,1762922070000,24,base,retrieval,494.9,494.9,494.90018999999995
2025-11-12T09:40:30,1762920630000,SENSEX,2025-11-12T10:05:30,1762922130000,25,base,retrieval,494.9,494.9,494.90018999999995
2025-11-12T09:40:30,1762920630000,SENSEX,2025-11-12T10:06:30,1762922190000,26,base,retrieval,494.9,494.9,494.90018999999995
2025-11-12T09:40:30,1762920630000,SENSEX,2025-11-12T10:07:30,1762922250000,27,base,retrieval,494.9,494.9,494.90018999999995
2025-11-12T09:40:30,1762920630000,SENSEX,2025-11-12T10:08:30,1762922310000,28,base,retrieval,494.9,494.9,494.90018999999995
2025-11-12T09:40:30,1762920630000,SENSEX,2025-11-12T10:09:30,1762922370000,29,base,retrieval,494.9,494.9,494.90018999999995
2025-11-12T09:40:30,1762920630000,SENSEX,2025-11-12T10:10:30,1762922430000,30,base,retrieval,494.9,494.9,494.90018999999995
2025-11-12T09:40:30,1762920630000,SENSEX,2025-11-12T10:11:30,1762922490000,31,base,retrieval,494.9,494.9,494.90018999999995
2025-11-12T09:40:30,1762920630000,SENSEX,2025-11-12T10:12:30,1762922550000,32,base,retrieval,494.9,494.9,494.90018999999995
2025-11-12T09:40:30,1762920630000,SENSEX,2025-11-12T10:13:30,1762922610000,33,base,retrieval,494.9,494.9,494.90018999999995
2025-11-12T09:40:30,1762920630000,SENSEX,2025-11-12T10:14:30,1762922670000,34,base,retrieval,494.9,494.9,494.90018999999995
2025-11-12T09:40:30,1762920630000,SENSEX,2025-11-12T10:15:30,1762922730000,35,base,retrieval,494.9,494.9,494.90018999999995
2025-11-12T09:40:30,1762920630000,SENSEX,2025-11-12T10:16:30,1762922790000,36,base,retrieval,494.9,494.9,494.90018999999995
2025-11-12T09:40:30,1762920630000,SENSEX,2025-11-12T10:17:30,1762922850000,37,base,retrieval,494.9,494.9,494.90018999999995
2025-11-12T09:40:30,1762920630000,SENSEX,2025-11-12T10:18:30,1762922910000,38,base,retrieval,494.9,494.9,494.90018999999995
2025-11-12T09:40:30,1762920630000,SENSEX,2025-11-12T10:19:30,1762922970000,39,base,retrieval,494.9,494.9,494.90018999999995
2025-11-12T09:40:30,1762920630000,SENSEX,2025-11-12T10:20:30,1762923030000,40,base,retrieval,494.9,494.9,494.90018999999995
2025-11-12T09:40:30,1762920630000,SENSEX,2025-11-12T10:21:30,1762923090000,41,base,retrieval,494.9,494.9,494.90018999999995
2025-11-12T09:40:30,1762920630000,SENSEX,2025-11-12T10:22:30,1762923150000,42,base,retrieval,494.9,494.9,494.90018999999995
2025-11-12T09:40:30,1762920630000,SENSEX,2025-11-12T10:23:30,1762923210000,43,base,retrieval,494.9,494.9,494.90018999999995
2025-11-12T09:40:30,1762920630000,SENSEX,2025-11-12T10:24:30,1762923270000,44,base,retrieval,494.9,494.9,494.90018999999995
2025-11-12T09:40:30,1762920630000,SENSEX,2025-11-12T10:25:30,1762923330000,45,base,retrieval,494.9,494.9,494.90018999999995
2025-11-12T09:40:30,1762920630000,SENSEX,2025-11-12T10:26:30,1762923390000,46,base,retrieval,494.9,494.9,494.90018999999995
2025-11-12T09:40:30,1762920630000,SENSEX,2025-11-12T10:27:30,1762923450000,47,base,retrieval,494.9,494.9,494.90018999999995
2025-11-12T09:40:30,1762920630000,SENSEX,2025-11-12T10:28:30,1762923510000,48,base,retrieval,494.9,494.9,494.90018999999995
2025-11-12T09:40:30,1762920630000,SENSEX,2025-11-12T10:29:30,1762923570000,49,base,retrieval,494.9,494.9,494.90018999999995
2025-11-12T09:40:30,1762920630000,SENSEX,2025-11-12T10:30:30,1762923630000,50,base,retrieval,494.9,494.9,494.90018999999995
2025-11-12T09:40:30,1762920630000,SENSEX,2025-11-12T10:31:30,1762923690000,51,base,retrieval,494.9,494.9,494.90018999999995
2025-11-12T09:40:30,1762920630000,SENSEX,2025-11-12T10:32:30,1762923750000,52,base,retrieval,494.9,494.9,494.90018999999995
2025-11-12T09:40:30,1762920630000,SENSEX,2025-11-12T10:33:30,1762923810000,53,base,retrieval,494.9,494.9,494.90018999999995
2025-11-12T09:40:30,1762920630000,SENSEX,2025-11-12T10:34:30,1762923870000,54,base,retrieval,494.9,494.9,494.90018999999995
2025-11-12T09:40:30,1762920630000,SENSEX,2025-11-12T10:35:30,1762923930000,55,base,retrieval,494.9,494.9,494.90018999999995
2025-11-12T09:40:30,1762920630000,SENSEX,2025-11-12T10:36:30,1762923990000,56,base,retrieval,494.9,494.9,494.90018999999995
2025-11-12T09:40:30,1762920630000,SENSEX,2025-11-12T10:37:30,1762924050000,57,base,retrieval,494.9,494.9,494.90018999999995
2025-11-12T09:40:30,1762920630000,SENSEX,2025-11-12T10:38:30,1762924110000,58,base,retrieval,494.9,494.9,494.90018999999995
2025-11-12T09:40:30,1762920630000,SENSEX,2025-11-12T10:39:30,1762924170000,59,base,retrieval,494.9,494.9,494.90018999999995
2025-11-12T09:40:30,1762920630000,SENSEX,2025-11-12T10:40:30,1762924230000,60,base,retrieval,494.9,494.9,494.90018999999995
2025-11-12T09:40:30,1762920630000,SENSEX,2025-11-12T09:41:30,1762920690000,1,base,retrieval,494.9,494.9,494.90018999999995
2025-11-12T09:40:30,1762920630000,SENSEX,2025-11-12T09:42:30,1762920750000,2,base,retrieval,494.9,494.9,494.90018999999995
2025-11-12T09:40:30,1762920630000,SENSEX,2025-11-12T09:43:30,1762920810000,3,base,retrieval,494.9,494.9,494.90018999999995
2025-11-12T09:40:30,1762920630000,SENSEX,2025-11-12T09:44:30,1762920870000,4,base,retrieval,494.9,494.9,494.90018999999995
2025-11-12T09:40:30,1762920630000,SENSEX,2025-11-12T09:45:30,1762920930000,5,base,retrieval,494.9,494.9,494.90018999999995
2025-11-12T09:40:30,1762920630000,SENSEX,2025-11-12T09:46:30,1762920990000,6,base,retrieval,494.9,494.9,494.90018999999995
2025-11-12T09:40:30,1762920630000,SENSEX,2025-11-12T09:47:30,1762921050000,7,base,retrieval,494.9,494.9,494.90018999999995
2025-11-12T09:40:30,1762920630000,SENSEX,2025-11-12T09:48:30,1762921110000,8,base,retrieval,494.9,494.9,494.90018999999995
2025-11-12T09:40:30,1762920630000,SENSEX,2025-11-12T09:49:30,1762921170000,9,base,retrieval,494.9,494.9,494.90018999999995
2025-11-12T09:40:30,1762920630000,SENSEX,2025-11-12T09:50:30,1762921230000,10,base,retrieval,494.9,494.9,494.90018999999995
2025-11-12T09:40:30,1762920630000,SENSEX,2025-11-12T09:51:30,1762921290000,11,base,retrieval,494.9,494.9,494.90018999999995
2025-11-12T09:40:30,1762920630000,SENSEX,2025-11-12T09:52:30,1762921350000,12,base,retrieval,494.9,494.9,494.90018999999995
2025-11-12T09:40:30,1762920630000,SENSEX,2025-11-12T09:53:30,1762921410000,13,base,retrieval,494.9,494.9,494.90018999999995
2025-11-12T09:40:30,1762920630000,SENSEX,2025-11-12T09:54:30,1762921470000,14,base,retrieval,494.9,494.9,494.90018999999995
2025-11-12T09:40:30,1762920630000,SENSEX,2025-11-12T09:55:30,1762921530000,15,base,retrieval,494.9,494.9,494.90018999999995
2025-11-12T09:40:30,1762920630000,SENSEX,2025-11-12T09:56:30,1762921590000,16,base,retrieval,494.9,494.9,494.90018999999995
2025-11-12T09:40:30,1762920630000,SENSEX,2025-11-12T09:57:30,1762921650000,17,base,retrieval,494.9,494.9,494.90018999999995
2025-11-12T09:40:30,1762920630000,SENSEX,2025-11-12T09:58:30,1762921710000,18,base,retrieval,494.9,494.9,494.90018999999995
2025-11-12T09:40:30,1762920630000,SENSEX,2025-11-12T09:59:30,1762921770000,19,base,retrieval,494.9,494.9,494.90018999999995
2025-11-12T09:40:30,1762920630000,SENSEX,2025-11-12T10:00:30,1762921830000,20,base,retrieval,494.9,494.9,494.90018999999995
2025-11-12T09:40:30,1762920630000,SENSEX,2025-11-12T10:01:30,1762921890000,21,base,retrieval,494.9,494.9,494.90018999999995
2025-11-12T09:40:30,1762920630000,SENSEX,2025-11-12T10:02:30,1762921950000,22,base,retrieval,494.9,494.9,494.90018999999995
2025-11-12T09:40:30,1762920630000,SENSEX,2025-11-12T10:03:30,1762922010000,23,base,retrieval,494.9,494.9,494.90018999999995
2025-11-12T09:40:30,1762920630000,SENSEX,2025-11-12T10:04:30,1762922070000,24,base,retrieval,494.9,494.9,494.90018999999995
2025-11-12T09:40:30,1762920630000,SENSEX,2025-11-12T10:05:30,1762922130000,25,base,retrieval,494.9,494.9,494.90018999999995
2025-11-12T09:40:30,1762920630000,SENSEX,2025-11-12T10:06:30,1762922190000,26,base,retrieval,494.9,494.9,494.90018999999995
2025-11-12T09:40:30,1762920630000,SENSEX,2025-11-12T10:07:30,1762922250000,27,base,retrieval,494.9,494.9,494.90018999999995
2025-11-12T09:40:30,1762920630000,SENSEX,2025-11-12T10:08:30,1762922310000,28,base,retrieval,494.9,494.9,494.90018999999995
2025-11-12T09:40:30,1762920630000,SENSEX,2025-11-12T10:09:30,1762922370000,29,base,retrieval,494.9,494.9,494.90018999999995
2025-11-12T09:40:30,1762920630000,SENSEX,2025-11-12T10:10:30,1762922430000,30,base,retrieval,494.9,494.9,494.90018999999995
2025-11-12T09:40:30,1762920630000,SENSEX,2025-11-12T10:11:30,1762922490000,31,base,retrieval,494.9,494.9,494.90018999999995
2025-11-12T09:40:30,1762920630000,SENSEX,2025-11-12T10:12:30,1762922550000,32,base,retrieval,494.9,494.9,494.90018999999995
2025-11-12T09:40:30,1762920630000,SENSEX,2025-11-12T10:13:30,1762922610000,33,base,retrieval,494.9,494.9,494.90018999999995
2025-11-12T09:40:30,1762920630000,SENSEX,2025-11-12T10:14:30,1762922670000,34,base,retrieval,494.9,494.9,494.90018999999995
2025-11-12T09:40:30,1762920630000,SENSEX,2025-11-12T10:15:30,1762922730000,35,base,retrieval,494.9,494.9,494.90018999999995
2025-11-12T09:40:30,1762920630000,SENSEX,2025-11-12T10:16:30,1762922790000,36,base,retrieval,494.9,494.9,494.90018999999995
2025-11-12T09:40:30,1762920630000,SENSEX,2025-11-12T10:17:30,1762922850000,37,base,retrieval,494.9,494.9,494.90018999999995
2025-11-12T09:40:30,1762920630000,SENSEX,2025-11-12T10:18:30,1762922910000,38,base,retrieval,494.9,494.9,494.90018999999995
2025-11-12T09:40:30,1762920630000,SENSEX,2025-11-12T10:19:30,1762922970000,39,base,retrieval,494.9,494.9,494.90018999999995
2025-11-12T09:40:30,1762920630000,SENSEX,2025-11-12T10:20:30,1762923030000,40,base,retrieval,494.9,494.9,494.90018999999995
2025-11-12T09:40:30,1762920630000,SENSEX,2025-11-12T10:21:30,1762923090000,41,base,retrieval,494.9,494.9,494.90018999999995
2025-11-12T09:40:30,1762920630000,SENSEX,2025-11-12T10:22:30,1762923150000,42,base,retrieval,494.9,494.9,494.90018999999995
2025-11-12T09:40:30,1762920630000,SENSEX,2025-11-12T10:23:30,1762923210000,43,base,retrieval,494.9,494.9,494.90018999999995
2025-11-12T09:40:30,1762920630000,SENSEX,2025-11-12T10:24:30,1762923270000,44,base,retrieval,494.9,494.9,494.90018999999995
2025-11-12T09:40:30,1762920630000,SENSEX,2025-11-12T10:25:30,1762923330000,45,base,retrieval,494.9,494.9,494.90018999999995
2025-11-12T09:40:30,1762920630000,SENSEX,2025-11-12T10:26:30,1762923390000,46,base,retrieval,494.9,494.9,494.90018999999995
2025-11-12T09:40:30,1762920630000,SENSEX,2025-11-12T10:27:30,1762923450000,47,base,retrieval,494.9,494.9,494.90018999999995
2025-11-12T09:40:30,1762920630000,SENSEX,2025-11-12T10:28:30,1762923510000,48,base,retrieval,494.9,494.9,494.90018999999995
2025-11-12T09:40:30,1762920630000,SENSEX,2025-11-12T10:29:30,1762923570000,49,base,retrieval,494.9,494.9,494.90018999999995
2025-11-12T09:40:30,1762920630000,SENSEX,2025-11-12T10:30:30,1762923630000,50,base,retrieval,494.9,494.9,494.90018999999995
2025-11-12T09:40:30,1762920630000,SENSEX,2025-11-12T10:31:30,1762923690000,51,base,retrieval,494.9,494.9,494.90018999999995
2025-11-12T09:40:30,1762920630000,SENSEX,2025-11-12T10:32:30,1762923750000,52,base,retrieval,494.9,494.9,494.90018999999995
2025-11-12T09:40:30,1762920630000,SENSEX,2025-11-12T10:33:30,1762923810000,53,base,retrieval,494.9,494.9,494.90018999999995
2025-11-12T09:40:30,1762920630000,SENSEX,2025-11-12T10:34:30,1762923870000,54,base,retrieval,494.9,494.9,494.90018999999995
2025-11-12T09:40:30,1762920630000,SENSEX,2025-11-12T10:35:30,1762923930000,55,base,retrieval,494.9,494.9,494.90018999999995
2025-11-12T09:40:30,1762920630000,SENSEX,2025-11-12T10:36:30,1762923990000,56,base,retrieval,494.9,494.9,494.90018999999995
2025-11-12T09:40:30,1762920630000,SENSEX,2025-11-12T10:37:30,1762924050000,57,base,retrieval,494.9,494.9,494.90018999999995
2025-11-12T09:40:30,1762920630000,SENSEX,2025-11-12T10:38:30,1762924110000,58,base,retrieval,494.9,494.9,494.90018999999995
2025-11-12T09:40:30,1762920630000,SENSEX,2025-11-12T10:39:30,1762924170000,59,base,retrieval,494.9,494.9,494.90018999999995
2025-11-12T09:40:30,1762920630000,SENSEX,2025-11-12T10:40:30,1762924230000,60,base,retrieval,494.9,494.9,494.90018999999995
2025-11-12T09:40:30,1762920630000,SENSEX,2025-11-12T09:41:30,1762920690000,1,optimized,retrieval,494.9,494.9,494.90018999999995
2025-11-12T09:40:30,1762920630000,SENSEX,2025-11-12T09:42:30,1762920750000,2,optimized,retrieval,494.9,494.9,494.90018999999995
2025-11-12T09:40:30,1762920630000,SENSEX,2025-11-12T09:43:30,1762920810000,3,optimized,retrieval,494.9,494.9,494.90018999999995
2025-11-12T09:40:30,1762920630000,SENSEX,2025-11-12T09:44:30,1762920870000,4,optimized,retrieval,494.9,494.9,494.90018999999995
2025-11-12T09:40:30,1762920630000,SENSEX,2025-11-12T09:45:30,1762920930000,5,optimized,retrieval,494.9,494.9,494.90018999999995
2025-11-12T09:40:30,1762920630000,SENSEX,2025-11-12T09:46:30,1762920990000,6,optimized,retrieval,494.9,494.9,494.90018999999995
2025-11-12T09:40:30,1762920630000,SENSEX,2025-11-12T09:47:30,1762921050000,7,optimized,retrieval,494.9,494.9,494.90018999999995
2025-11-12T09:40:30,1762920630000,SENSEX,2025-11-12T09:48:30,1762921110000,8,optimized,retrieval,494.9,494.9,494.90018999999995
2025-11-12T09:40:30,1762920630000,SENSEX,2025-11-12T09:49:30,1762921170000,9,optimized,retrieval,494.9,494.9,494.90018999999995
2025-11-12T09:40:30,1762920630000,SENSEX,2025-11-12T09:50:30,1762921230000,10,optimized,retrieval,494.9,494.9,494.90018999999995
2025-11-12T09:40:30,1762920630000,SENSEX,2025-11-12T09:51:30,1762921290000,11,optimized,retrieval,494.9,494.9,494.90018999999995
2025-11-12T09:40:30,1762920630000,SENSEX,2025-11-12T09:52:30,1762921350000,12,optimized,retrieval,494.9,494.9,494.90018999999995
2025-11-12T09:40:30,1762920630000,SENSEX,2025-11-12T09:53:30,1762921410000,13,optimized,retrieval,494.9,494.9,494.90018999999995
2025-11-12T09:40:30,1762920630000,SENSEX,2025-11-12T09:54:30,1762921470000,14,optimized,retrieval,494.9,494.9,494.90018999999995
2025-11-12T09:40:30,1762920630000,SENSEX,2025-11-12T09:55:30,1762921530000,15,optimized,retrieval,494.9,494.9,494.90018999999995
2025-11-12T09:40:30,1762920630000,SENSEX,2025-11-12T09:56:30,1762921590000,16,optimized,retrieval,494.9,494.9,494.90018999999995
2025-11-12T09:40:30,1762920630000,SENSEX,2025-11-12T09:57:30,1762921650000,17,optimized,retrieval,494.9,494.9,494.90018999999995
2025-11-12T09:40:30,1762920630000,SENSEX,2025-11-12T09:58:30,1762921710000,18,optimized,retrieval,494.9,494.9,494.90018999999995
2025-11-12T09:40:30,1762920630000,SENSEX,2025-11-12T09:59:30,1762921770000,19,optimized,retrieval,494.9,494.9,494.90018999999995
2025-11-12T09:40:30,1762920630000,SENSEX,2025-11-12T10:00:30,1762921830000,20,optimized,retrieval,494.9,494.9,494.90018999999995
2025-11-12T09:40:30,1762920630000,SENSEX,2025-11-12T10:01:30,1762921890000,21,optimized,retrieval,494.9,494.9,494.90018999999995
2025-11-12T09:40:30,1762920630000,SENSEX,2025-11-12T10:02:30,1762921950000,22,optimized,retrieval,494.9,494.9,494.90018999999995
2025-11-12T09:40:30,1762920630000,SENSEX,2025-11-12T10:03:30,1762922010000,23,optimized,retrieval,494.9,494.9,494.90018999999995
2025-11-12T09:40:30,1762920630000,SENSEX,2025-11-12T10:04:30,1762922070000,24,optimized,retrieval,494.9,494.9,494.90018999999995
2025-11-12T09:40:30,1762920630000,SENSEX,2025-11-12T10:05:30,1762922130000,25,optimized,retrieval,494.9,494.9,494.90018999999995
2025-11-12T09:40:30,1762920630000,SENSEX,2025-11-12T10:06:30,1762922190000,26,optimized,retrieval,494.9,494.9,494.90018999999995
2025-11-12T09:40:30,1762920630000,SENSEX,2025-11-12T10:07:30,1762922250000,27,optimized,retrieval,494.9,494.9,494.90018999999995
2025-11-12T09:40:30,1762920630000,SENSEX,2025-11-12T10:08:30,1762922310000,28,optimized,retrieval,494.9,494.9,494.90018999999995
2025-11-12T09:40:30,1762920630000,SENSEX,2025-11-12T10:09:30,1762922370000,29,optimized,retrieval,494.9,494.9,494.90018999999995
2025-11-12T09:40:30,1762920630000,SENSEX,2025-11-12T10:10:30,1762922430000,30,optimized,retrieval,494.9,494.9,494.90018999999995
2025-11-12T09:40:30,1762920630000,SENSEX,2025-11-12T10:11:30,1762922490000,31,optimized,retrieval,494.9,494.9,494.90018999999995
2025-11-12T09:40:30,1762920630000,SENSEX,2025-11-12T10:12:30,1762922550000,32,optimized,retrieval,494.9,494.9,494.90018999999995
2025-11-12T09:40:30,1762920630000,SENSEX,2025-11-12T10:13:30,1762922610000,33,optimized,retrieval,494.9,494.9,494.90018999999995
2025-11-12T09:40:30,1762920630000,SENSEX,2025-11-12T10:14:30,1762922670000,34,optimized,retrieval,494.9,494.9,494.90018999999995
2025-11-12T09:40:30,1762920630000,SENSEX,2025-11-12T10:15:30,1762922730000,35,optimized,retrieval,494.9,494.9,494.90018999999995
2025-11-12T09:40:30,1762920630000,SENSEX,2025-11-12T10:16:30,1762922790000,36,optimized,retrieval,494.9,494.9,494.90018999999995
2025-11-12T09:40:30,1762920630000,SENSEX,2025-11-12T10:17:30,1762922850000,37,optimized,retrieval,494.9,494.9,494.90018999999995
2025-11-12T09:40:30,1762920630000,SENSEX,2025-11-12T10:18:30,1762922910000,38,optimized,retrieval,494.9,494.9,494.90018999999995
2025-11-12T09:40:30,1762920630000,SENSEX,2025-11-12T10:19:30,1762922970000,39,optimized,retrieval,494.9,494.9,494.90018999999995
2025-11-12T09:40:30,1762920630000,SENSEX,2025-11-12T10:20:30,1762923030000,40,optimized,retrieval,494.9,494.9,494.90018999999995
2025-11-12T09:40:30,1762920630000,SENSEX,2025-11-12T10:21:30,1762923090000,41,optimized,retrieval,494.9,494.9,494.90018999999995
2025-11-12T09:40:30,1762920630000,SENSEX,2025-11-12T10:22:30,1762923150000,42,optimized,retrieval,494.9,494.9,494.90018999999995
2025-11-12T09:40:30,1762920630000,SENSEX,2025-11-12T10:23:30,1762923210000,43,optimized,retrieval,494.9,494.9,494.90018999999995
2025-11-12T09:40:30,1762920630000,SENSEX,2025-11-12T10:24:30,1762923270000,44,optimized,retrieval,494.9,494.9,494.90018999999995
2025-11-12T09:40:30,1762920630000,SENSEX,2025-11-12T10:25:30,1762923330000,45,optimized,retrieval,494.9,494.9,494.90018999999995
2025-11-12T09:40:30,1762920630000,SENSEX,2025-11-12T10:26:30,1762923390000,46,optimized,retrieval,494.9,494.9,494.90018999999995
2025-11-12T09:40:30,1762920630000,SENSEX,2025-11-12T10:27:30,1762923450000,47,optimized,retrieval,494.9,494.9,494.90018999999995
2025-11-12T09:40:30,1762920630000,SENSEX,2025-11-12T10:28:30,1762923510000,48,optimized,retrieval,494.9,494.9,494.90018999999995
2025-11-12T09:40:30,1762920630000,SENSEX,2025-11-12T10:29:30,1762923570000,49,optimized,retrieval,494.9,494.9,494.90018999999995
2025-11-12T09:40:30,1762920630000,SENSEX,2025-11-12T10:30:30,1762923630000,50,optimized,retrieval,494.9,494.9,494.90018999999995
2025-11-12T09:40:30,1762920630000,SENSEX,2025-11-12T10:31:30,1762923690000,51,optimized,retrieval,494.9,494.9,494.90018999999995
2025-11-12T09:40:30,1762920630000,SENSEX,2025-11-12T10:32:30,1762923750000,52,optimized,retrieval,494.9,494.9,494.90018999999995
2025-11-12T09:40:30,1762920630000,SENSEX,2025-11-12T10:33:30,1762923810000,53,optimized,retrieval,494.9,494.9,494.90018999999995
2025-11-12T09:40:30,1762920630000,SENSEX,2025-11-12T10:34:30,1762923870000,54,optimized,retrieval,494.9,494.9,494.90018999999995
2025-11-12T09:40:30,1762920630000,SENSEX,2025-11-12T10:35:30,1762923930000,55,optimized,retrieval,494.9,494.9,494.90018999999995
2025-11-12T09:40:30,1762920630000,SENSEX,2025-11-12T10:36:30,1762923990000,56,optimized,retrieval,494.9,494.9,494.90018999999995
2025-11-12T09:40:30,1762920630000,SENSEX,2025-11-12T10:37:30,1762924050000,57,optimized,retrieval,494.9,494.9,494.90018999999995
2025-11-12T09:40:30,1762920630000,SENSEX,2025-11-12T10:38:30,1762924110000,58,optimized,retrieval,494.9,494.9,494.90018999999995
2025-11-12T09:40:30,1762920630000,SENSEX,2025-11-12T10:39:30,1762924170000,59,optimized,retrieval,494.9,494.9,494.90018999999995
2025-11-12T09:40:30,1762920630000,SENSEX,2025-11-12T10:40:30,1762924230000,60,optimized,retrieval,494.9,494.9,494.90018999999995
2025-11-12T09:40:30,1762920630000,SENSEX,2025-11-12T09:41:30,1762920690000,1,since_open,hybrid,487.8699999999999,494.9,1049.9375000000018
2025-11-12T09:40:30,1762920630000,SENSEX,2025-11-12T09:42:30,1762920750000,2,since_open,hybrid,489.06750000000005,493.81749999999994,1051.705000000002
2025-11-12T09:40:30,1762920630000,SENSEX,2025-11-12T09:43:30,1762920810000,3,since_open,hybrid,488.06999999999994,495.66999999999996,504.6475
2025-11-12T09:40:30,1762920630000,SENSEX,2025-11-12T09:44:30,1762920870000,4,since_open,hybrid,486.5574999999998,496.96000000000004,1054.6100000000017
2025-11-12T09:40:30,1762920630000,SENSEX,2025-11-12T09:45:30,1762920930000,5,since_open,hybrid,482.89000000000016,498.42249999999996,1053.1750000000018
2025-11-12T09:40:30,1762920630000,SENSEX,2025-11-12T09:46:30,1762920990000,6,since_open,hybrid,479.35749999999996,495.3175,516.4075
2025-11-12T09:40:30,1762920630000,SENSEX,2025-11-12T09:47:30,1762921050000,7,since_open,hybrid,479.4150000000001,495.6125,1057.300000000002
2025-11-12T09:40:30,1762920630000,SENSEX,2025-11-12T09:48:30,1762921110000,8,since_open,hybrid,484.2425,498.0175,1059.9900000000018
2025-11-12T09:40:30,1762920630000,SENSEX,2025-11-12T09:49:30,1762921170000,9,since_open,hybrid,480.8124999999999,496.53499999999997,534.5350000000002
2025-11-12T09:40:30,1762920630000,SENSEX,2025-11-12T09:50:30,1762921230000,10,since_open,hybrid,482.55,498.0824999999999,1063.0950000000018
2025-11-12T09:40:30,1762920630000,SENSEX,2025-11-12T09:51:30,1762921290000,11,since_open,hybrid,483.79249999999996,498.1375,1061.962500000002
2025-11-12T09:40:30,1762920630000,SENSEX,2025-11-12T09:52:30,1762921350000,12,since_open,hybrid,482.19749999999993,496.06749999999994,528.1775
2025-11-12T09:40:30,1762920630000,SENSEX,2025-11-12T09:53:30,1762921410000,13,since_open,hybrid,482.7999999999999,497.335,1067.5250000000017
2025-11-12T09:40:30,1762920630000,SENSEX,2025-11-12T09:54:30,1762921470000,14,since_open,hybrid,477.345,495.72749999999996,1068.8150000000019
2025-11-12T09:40:30,1762920630000,SENSEX,2025-11-12T09:55:30,1762921530000,15,since_open,hybrid,470.6774999999999,492.765,525.3499999999999
2025-11-12T09:40:30,1762920630000,SENSEX,2025-11-12T09:56:30,1762921590000,16,since_open,hybrid,469.37,497.205,1066.3025000000018
2025-11-12T09:40:30,1762920630000,SENSEX,2025-11-12T09:57:30,1762921650000,17,since_open,hybrid,469.1149999999999,496.23749999999995,1065.1925000000017
2025-11-12T09:40:30,1762920630000,SENSEX,2025-11-12T09:58:30,1762921710000,18,since_open,hybrid,471.59249999999986,492.0175,529.9699999999999
2025-11-12T09:40:30,1762920630000,SENSEX,2025-11-12T09:59:30,1762921770000,19,since_open,hybrid,472.6099999999999,494.55499999999995,1064.3650000000016
2025-11-12T09:40:30,1762920630000,SENSEX,2025-11-12T10:00:30,1762921830000,20,since_open,hybrid,469.21749999999986,497.955,1065.722500000002
2025-11-12T09:40:30,1762920630000,SENSEX,2025-11-12T10:01:30,1762921890000,21,since_open,hybrid,469.49749999999983,493.1524999999999,533.6224999999998
2025-11-12T09:40:30,1762920630000,SENSEX,2025-11-12T10:02:30,1762921950000,22,since_open,hybrid,476.3624999999998,493.225,1065.695000000002
2025-11-12T09:40:30,1762920630000,SENSEX,2025-11-12T10:03:30,1762922010000,23,since_open,hybrid,474.30249999999984,492.68499999999995,1068.195000000002
2025-11-12T09:40:30,1762920630000,SENSEX,2025-11-12T10:04:30,1762922070000,24,since_open,hybrid,468.7475000000001,488.74499999999995,537.6700000000001
2025-11-12T09:40:30,1762920630000,SENSEX,2025-11-12T10:05:30,1762922130000,25,since_open,hybrid,473.59749999999985,490.79249999999996,1064.6875000000016
2025-11-12T09:40:30,1762920630000,SENSEX,2025-11-12T10:06:30,1762922190000,26,since_open,hybrid,468.9424999999997,495.30499999999995,1060.9350000000018
2025-11-12T09:40:30,1762920630000,SENSEX,2025-11-12T10:07:30,1762922250000,27,since_open,hybrid,465.8499999999998,496.53499999999997,531.7799999999999
2025-11-12T09:40:30,1762920630000,SENSEX,2025-11-12T10:08:30,1762922310000,28,since_open,hybrid,466.0975000000001,496.545,1056.997500000002
2025-11-12T09:40:30,1762920630000,SENSEX,2025-11-12T10:09:30,1762922370000,29,since_open,hybrid,457.335,501.2249999999999,1050.515000000002
2025-11-12T09:40:30,1762920630000,SENSEX,2025-11-12T10:10:30,1762922430000,30,since_open,hybrid,461.4799999999998,498.24499999999995,521.6150000000002
2025-11-12T09:40:30,1762920630000,SENSEX,2025-11-12T10:11:30,1762922490000,31,since_open,hybrid,462.4574999999999,498.51,1058.2500000000018
2025-11-12T09:40:30,1762920630000,SENSEX,2025-11-12T10:12:30,1762922550000,32,since_open,hybrid,465.1624999999998,498.0325,1059.0550000000017
2025-11-12T09:40:30,1762920630000,SENSEX,2025-11-12T10:13:30,1762922610000,33,since_open,hybrid,464.55999999999983,493.9625,526.2624999999999
2025-11-12T09:40:30,1762920630000,SENSEX,2025-11-12T10:14:30,1762922670000,34,since_open,hybrid,464.93,499.89,1060.580000000002
2025-11-12T09:40:30,1762920630000,SENSEX,2025-11-12T10:15:30,1762922730000,35,since_open,hybrid,463.6299999999998,496.07249999999993,1061.370000000002
2025-11-12T09:40:30,1762920630000,SENSEX,2025-11-12T10:16:30,1762922790000,36,since_open,hybrid,467.41249999999985,490.735,527.975
2025-11-12T09:40:30,1762920630000,SENSEX,2025-11-12T10:17:30,1762922850000,37,since_open,hybrid,456.6475000000001,499.44499999999994,1055.9075000000016
2025-11-12T09:40:30,1762920630000,SENSEX,2025-11-12T10:18:30,1762922910000,38,since_open,hybrid,462.48999999999984,495.26500000000004,1062.557500000002
2025-11-12T09:40:30,1762920630000,SENSEX,2025-11-12T10:19:30,1762922970000,39,since_open,hybrid,460.51499999999993,493.47999999999996,528.4875
2025-11-12T09:40:30,1762920630000,SENSEX,2025-11-12T10:20:30,1762923030000,40,since_open,hybrid,459.1899999999999,494.6725,1064.7200000000016
2025-11-12T09:40:30,1762920630000,SENSEX,2025-11-12T10:21:30,1762923090000,41,since_open,hybrid,456.41,494.4099999999999,1063.8875000000019
2025-11-12T09:40:30,1762920630000,SENSEX,2025-11-12T10:22:30,1762923150000,42,since_open,hybrid,458.8575,491.4425,528.7300000000002
2025-11-12T09:40:30,1762920630000,SENSEX,2025-11-12T10:23:30,1762923210000,43,since_open,hybrid,459.4199999999999,492.6699999999999,1065.045000000002
2025-11-12T09:40:30,1762920630000,SENSEX,2025-11-12T10:24:30,1762923270000,44,since_open,hybrid,459.65,493.1375,1063.2800000000018
2025-11-12T09:40:30,1762920630000,SENSEX,2025-11-12T10:25:30,1762923330000,45,since_open,hybrid,460.4625000000001,490.7199999999999,524.8725
2025-11-12T09:40:30,1762920630000,SENSEX,2025-11-12T10:26:30,1762923390000,46,since_open,hybrid,448.47999999999996,501.4899999999999,1053.487500000002
2025-11-12T09:40:30,1762920630000,SENSEX,2025-11-12T10:27:30,1762923450000,47,since_open,hybrid,447.6324999999999,499.8825,1050.8350000000019
2025-11-12T09:40:30,1762920630000,SENSEX,2025-11-12T10:28:30,1762923510000,48,since_open,hybrid,459.54749999999996,489.045,528.8025
2025-11-12T09:40:30,1762920630000,SENSEX,2025-11-12T10:29:30,1762923570000,49,since_open,hybrid,457.17249999999996,491.22999999999996,1058.6650000000018
2025-11-12T09:40:30,1762920630000,SENSEX,2025-11-12T10:30:30,1762923630000,50,since_open,hybrid,458.11,490.0775,1060.552500000002
2025-11-12T09:40:30,1762920630000,SENSEX,2025-11-12T10:31:30,1762923690000,51,since_open,hybrid,460.2125,485.9099999999999,524.8600000000002
2025-11-12T09:40:30,1762920630000,SENSEX,2025-11-12T10:32:30,1762923750000,52,since_open,hybrid,472.00749999999994,486.78,1059.3925000000017
2025-11-12T09:40:30,1762920630000,SENSEX,2025-11-12T10:33:30,1762923810000,53,since_open,hybrid,461.0699999999999,486.86249999999995,1058.2875000000017
2025-11-12T09:40:30,1762920630000,SENSEX,2025-11-12T10:34:30,1762923870000,54,since_open,hybrid,471.78499999999997,484.2774999999999,512.255
2025-11-12T09:40:30,1762920630000,SENSEX,2025-11-12T10:35:30,1762923930000,55,since_open,hybrid,469.6175,486.33750000000003,1055.150000000002
2025-11-12T09:40:30,1762920630000,SENSEX,2025-11-12T10:36:30,1762923990000,56,since_open,hybrid,467.84000000000003,487.6474999999999,1049.6200000000022
2025-11-12T09:40:30,1762920630000,SENSEX,2025-11-12T10:37:30,1762924050000,57,since_open,hybrid,464.81749999999994,484.15,510.55999999999995
2025-11-12T09:40:30,1762920630000,SENSEX,2025-11-12T10:38:30,1762924110000,58,since_open,hybrid,463.05749999999995,486.28499999999997,1050.2050000000017
2025-11-12T09:40:30,1762920630000,SENSEX,2025-11-12T10:39:30,1762924170000,59,since_open,hybrid,454.8199999999999,486.12249999999995,1050.850000000002
2025-11-12T09:40:30,1762920630000,SENSEX,2025-11-12T10:40:30,1762924230000,60,since_open,hybrid,454.64499999999987,483.62,509.93500000000006
2025-11-12T09:40:30,1762920630000,SENSEX,2025-11-12T09:41:30,1762920690000,1,wide_bands,retrieval,494.9,494.9,494.90018999999995
2025-11-12T09:40:30,1762920630000,SENSEX,2025-11-12T09:42:30,1762920750000,2,wide_bands,retrieval,494.9,494.9,494.90018999999995
2025-11-12T09:40:30,1762920630000,SENSEX,2025-11-12T09:43:30,1762920810000,3,wide_bands,retrieval,494.9,494.9,494.90018999999995
2025-11-12T09:40:30,1762920630000,SENSEX,2025-11-12T09:44:30,1762920870000,4,wide_bands,retrieval,494.9,494.9,494.90018999999995
2025-11-12T09:40:30,1762920630000,SENSEX,2025-11-12T09:45:30,1762920930000,5,wide_bands,retrieval,494.9,494.9,494.90018999999995
2025-11-12T09:40:30,1762920630000,SENSEX,2025-11-12T09:46:30,1762920990000,6,wide_bands,retrieval,494.9,494.9,494.90018999999995
2025-11-12T09:40:30,1762920630000,SENSEX,2025-11-12T09:47:30,1762921050000,7,wide_bands,retrieval,494.9,494.9,494.90018999999995
2025-11-12T09:40:30,1762920630000,SENSEX,2025-11-12T09:48:30,1762921110000,8,wide_bands,retrieval,494.9,494.9,494.90018999999995
2025-11-12T09:40:30,1762920630000,SENSEX,2025-11-12T09:49:30,1762921170000,9,wide_bands,retrieval,494.9,494.9,494.90018999999995
2025-11-12T09:40:30,1762920630000,SENSEX,2025-11-12T09:50:30,1762921230000,10,wide_bands,retrieval,494.9,494.9,494.90018999999995
2025-11-12T09:40:30,1762920630000,SENSEX,2025-11-12T09:51:30,1762921290000,11,wide_bands,retrieval,494.9,494.9,494.90018999999995
2025-11-12T09:40:30,1762920630000,SENSEX,2025-11-12T09:52:30,1762921350000,12,wide_bands,retrieval,494.9,494.9,494.90018999999995
2025-11-12T09:40:30,1762920630000,SENSEX,2025-11-12T09:53:30,1762921410000,13,wide_bands,retrieval,494.9,494.9,494.90018999999995
2025-11-12T09:40:30,1762920630000,SENSEX,2025-11-12T09:54:30,1762921470000,14,wide_bands,retrieval,494.9,494.9,494.90018999999995
2025-11-12T09:40:30,1762920630000,SENSEX,2025-11-12T09:55:30,1762921530000,15,wide_bands,retrieval,494.9,494.9,494.90018999999995
2025-11-12T09:40:30,1762920630000,SENSEX,2025-11-12T09:56:30,1762921590000,16,wide_bands,retrieval,494.9,494.9,494.90018999999995
2025-11-12T09:40:30,1762920630000,SENSEX,2025-11-12T09:57:30,1762921650000,17,wide_bands,retrieval,494.9,494.9,494.90018999999995
2025-11-12T09:40:30,1762920630000,SENSEX,2025-11-12T09:58:30,1762921710000,18,wide_bands,retrieval,494.9,494.9,494.90018999999995
2025-11-12T09:40:30,1762920630000,SENSEX,2025-11-12T09:59:30,1762921770000,19,wide_bands,retrieval,494.9,494.9,494.90018999999995
2025-11-12T09:40:30,1762920630000,SENSEX,2025-11-12T10:00:30,1762921830000,20,wide_bands,retrieval,494.9,494.9,494.90018999999995
2025-11-12T09:40:30,1762920630000,SENSEX,2025-11-12T10:01:30,1762921890000,21,wide_bands,retrieval,494.9,494.9,494.90018999999995
2025-11-12T09:40:30,1762920630000,SENSEX,2025-11-12T10:02:30,1762921950000,22,wide_bands,retrieval,494.9,494.9,494.90018999999995
2025-11-12T09:40:30,1762920630000,SENSEX,2025-11-12T10:03:30,1762922010000,23,wide_bands,retrieval,494.9,494.9,494.90018999999995
2025-11-12T09:40:30,1762920630000,SENSEX,2025-11-12T10:04:30,1762922070000,24,wide_bands,retrieval,494.9,494.9,494.90018999999995
2025-11-12T09:40:30,1762920630000,SENSEX,2025-11-12T10:05:30,1762922130000,25,wide_bands,retrieval,494.9,494.9,494.90018999999995
2025-11-12T09:40:30,1762920630000,SENSEX,2025-11-12T10:06:30,1762922190000,26,wide_bands,retrieval,494.9,494.9,494.90018999999995
2025-11-12T09:40:30,1762920630000,SENSEX,2025-11-12T10:07:30,1762922250000,27,wide_bands,retrieval,494.9,494.9,494.90018999999995
2025-11-12T09:40:30,1762920630000,SENSEX,2025-11-12T10:08:30,1762922310000,28,wide_bands,retrieval,494.9,494.9,494.90018999999995
2025-11-12T09:40:30,1762920630000,SENSEX,2025-11-12T10:09:30,1762922370000,29,wide_bands,retrieval,494.9,494.9,494.90018999999995
2025-11-12T09:40:30,1762920630000,SENSEX,2025-11-12T10:10:30,1762922430000,30,wide_bands,retrieval,494.9,494.9,494.90018999999995
2025-11-12T09:40:30,1762920630000,SENSEX,2025-11-12T10:11:30,1762922490000,31,wide_bands,retrieval,494.9,494.9,494.90018999999995
2025-11-12T09:40:30,1762920630000,SENSEX,2025-11-12T10:12:30,1762922550000,32,wide_bands,retrieval,494.9,494.9,494.90018999999995
2025-11-12T09:40:30,1762920630000,SENSEX,2025-11-12T10:13:30,1762922610000,33,wide_bands,retrieval,494.9,494.9,494.90018999999995
2025-11-12T09:40:30,1762920630000,SENSEX,2025-11-12T10:14:30,1762922670000,34,wide_bands,retrieval,494.9,494.9,494.90018999999995
2025-11-12T09:40:30,1762920630000,SENSEX,2025-11-12T10:15:30,1762922730000,35,wide_bands,retrieval,494.9,494.9,494.90018999999995
2025-11-12T09:40:30,1762920630000,SENSEX,2025-11-12T10:16:30,1762922790000,36,wide_bands,retrieval,494.9,494.9,494.90018999999995
2025-11-12T09:40:30,1762920630000,SENSEX,2025-11-12T10:17:30,1762922850000,37,wide_bands,retrieval,494.9,494.9,494.90018999999995
2025-11-12T09:40:30,1762920630000,SENSEX,2025-11-12T10:18:30,1762922910000,38,wide_bands,retrieval,494.9,494.9,494.90018999999995
2025-11-12T09:40:30,1762920630000,SENSEX,2025-11-12T10:19:30,1762922970000,39,wide_bands,retrieval,494.9,494.9,494.90018999999995
2025-11-12T09:40:30,1762920630000,SENSEX,2025-11-12T10:20:30,1762923030000,40,wide_bands,retrieval,494.9,494.9,494.90018999999995
2025-11-12T09:40:30,1762920630000,SENSEX,2025-11-12T10:21:30,1762923090000,41,wide_bands,retrieval,494.9,494.9,494.90018999999995
2025-11-12T09:40:30,1762920630000,SENSEX,2025-11-12T10:22:30,1762923150000,42,wide_bands,retrieval,494.9,494.9,494.90018999999995
2025-11-12T09:40:30,1762920630000,SENSEX,2025-11-12T10:23:30,1762923210000,43,wide_bands,retrieval,494.9,494.9,494.90018999999995
2025-11-12T09:40:30,1762920630000,SENSEX,2025-11-12T10:24:30,1762923270000,44,wide_bands,retrieval,494.9,494.9,494.90018999999995
2025-11-12T09:40:30,1762920630000,SENSEX,2025-11-12T10:25:30,1762923330000,45,wide_bands,retrieval,494.9,494.9,494.90018999999995
2025-11-12T09:40:30,1762920630000,SENSEX,2025-11-12T10:26:30,1762923390000,46,wide_bands,retrieval,494.9,494.9,494.90018999999995
2025-11-12T09:40:30,1762920630000,SENSEX,2025-11-12T10:27:30,1762923450000,47,wide_bands,retrieval,494.9,494.9,494.90018999999995
2025-11-12T09:40:30,1762920630000,SENSEX,2025-11-12T10:28:30,1762923510000,48,wide_bands,retrieval,494.9,494.9,494.90018999999995
2025-11-12T09:40:30,1762920630000,SENSEX,2025-11-12T10:29:30,1762923570000,49,wide_bands,retrieval,494.9,494.9,494.90018999999995
2025-11-12T09:40:30,1762920630000,SENSEX,2025-11-12T10:30:30,1762923630000,50,wide_bands,retrieval,494.9,494.9,494.90018999999995
2025-11-12T09:40:30,1762920630000,SENSEX,2025-11-12T10:31:30,1762923690000,51,wide_bands,retrieval,494.9,494.9,494.90018999999995
2025-11-12T09:40:30,1762920630000,SENSEX,2025-11-12T10:32:30,1762923750000,52,wide_bands,retrieval,494.9,494.9,494.90018999999995
2025-11-12T09:40:30,1762920630000,SENSEX,2025-11-12T10:33:30,1762923810000,53,wide_bands,retrieval,494.9,494.9,494.90018999999995
2025-11-12T09:40:30,1762920630000,SENSEX,2025-11-12T10:34:30,1762923870000,54,wide_bands,retrieval,494.9,494.9,494.90018999999995
2025-11-12T09:40:30,1762920630000,SENSEX,2025-11-12T10:35:30,1762923930000,55,wide_bands,retrieval,494.9,494.9,494.90018999999995
2025-11-12T09:40:30,1762920630000,SENSEX,2025-11-12T10:36:30,1762923990000,56,wide_bands,retrieval,494.9,494.9,494.90018999999995
2025-11-12T09:40:30,1762920630000,SENSEX,2025-11-12T10:37:30,1762924050000,57,wide_bands,retrieval,494.9,494.9,494.90018999999995
2025-11-12T09:40:30,1762920630000,SENSEX,2025-11-12T10:38:30,1762924110000,58,wide_bands,retrieval,494.9,494.9,494.90018999999995
2025-11-12T09:40:30,1762920630000,SENSEX,2025-11-12T10:39:30,1762924170000,59,wide_bands,retrieval,494.9,494.9,494.90018999999995
2025-11-12T09:40:30,1762920630000,SENSEX,2025-11-12T10:40:30,1762924230000,60,wide_bands,retrieval,494.9,494.9,494.90018999999995
2025-11-12T09:40:30,1762920630000,SENSEX,2025-11-12T09:41:30,1762920690000,1,retrieval_only,retrieval,494.9,494.9,494.90018999999995
2025-11-12T09:40:30,1762920630000,SENSEX,2025-11-12T09:42:30,1762920750000,2,retrieval_only,retrieval,494.9,494.9,494.90018999999995
2025-11-12T09:40:30,1762920630000,SENSEX,2025-11-12T09:43:30,1762920810000,3,retrieval_only,retrieval,494.9,494.9,494.90018999999995
2025-11-12T09:40:30,1762920630000,SENSEX,2025-11-12T09:44:30,1762920870000,4,retrieval_only,retrieval,494.9,494.9,494.90018999999995
2025-11-12T09:40:30,1762920630000,SENSEX,2025-11-12T09:45:30,1762920930000,5,retrieval_only,retrieval,494.9,494.9,494.90018999999995
2025-11-12T09:40:30,1762920630000,SENSEX,2025-11-12T09:46:30,1762920990000,6,retrieval_only,retrieval,494.9,494.9,494.90018999999995
2025-11-12T09:40:30,1762920630000,SENSEX,2025-11-12T09:47:30,1762921050000,7,retrieval_only,retrieval,494.9,494.9,494.90018999999995
2025-11-12T09:40:30,1762920630000,SENSEX,2025-11-12T09:48:30,1762921110000,8,retrieval_only,retrieval,494.9,494.9,494.90018999999995
2025-11-12T09:40:30,1762920630000,SENSEX,2025-11-12T09:49:30,1762921170000,9,retrieval_only,retrieval,494.9,494.9,494.90018999999995
2025-11-12T09:40:30,1762920630000,SENSEX,2025-11-12T09:50:30,1762921230000,10,retrieval_only,retrieval,494.9,494.9,494.90018999999995
2025-11-12T09:40:30,1762920630000,SENSEX,2025-11-12T09:51:30,1762921290000,11,retrieval_only,retrieval,494.9,494.9,494.90018999999995
2025-11-12T09:40:30,1762920630000,SENSEX,2025-11-12T09:52:30,1762921350000,12,retrieval_only,retrieval,494.9,494.9,494.90018999999995
2025-11-12T09:40:30,1762920630000,SENSEX,2025-11-12T09:53:30,1762921410000,13,retrieval_only,retrieval,494.9,494.9,494.90018999999995
2025-11-12T09:40:30,1762920630000,SENSEX,2025-11-12T09:54:30,1762921470000,14,retrieval_only,retrieval,494.9,494.9,494.90018999999995
2025-11-12T09:40:30,1762920630000,SENSEX,2025-11-12T09:55:30,1762921530000,15,retrieval_only,retrieval,494.9,494.9,494.90018999999995
2025-11-12T09:40:30,1762920630000,SENSEX,2025-11-12T09:56:30,1762921590000,16,retrieval_only,retrieval,494.9,494.9,494.90018999999995
2025-11-12T09:40:30,1762920630000,SENSEX,2025-11-12T09:57:30,1762921650000,17,retrieval_only,retrieval,494.9,494.9,494.90018999999995
2025-11-12T09:40:30,1762920630000,SENSEX,2025-11-12T09:58:30,1762921710000,18,retrieval_only,retrieval,494.9,494.9,494.90018999999995
2025-11-12T09:40:30,1762920630000,SENSEX,2025-11-12T09:59:30,1762921770000,19,retrieval_only,retrieval,494.9,494.9,494.90018999999995
2025-11-12T09:40:30,1762920630000,SENSEX,2025-11-12T10:00:30,1762921830000,20,retrieval_only,retrieval,494.9,494.9,494.90018999999995
2025-11-12T09:40:30,1762920630000,SENSEX,2025-11-12T10:01:30,1762921890000,21,retrieval_only,retrieval,494.9,494.9,494.90018999999995
2025-11-12T09:40:30,1762920630000,SENSEX,2025-11-12T10:02:30,1762921950000,22,retrieval_only,retrieval,494.9,494.9,494.90018999999995
2025-11-12T09:40:30,1762920630000,SENSEX,2025-11-12T10:03:30,1762922010000,23,retrieval_only,retrieval,494.9,494.9,494.90018999999995
2025-11-12T09:40:30,1762920630000,SENSEX,2025-11-12T10:04:30,1762922070000,24,retrieval_only,retrieval,494.9,494.9,494.90018999999995
2025-11-12T09:40:30,1762920630000,SENSEX,2025-11-12T10:05:30,1762922130000,25,retrieval_only,retrieval,494.9,494.9,494.90018999999995
2025-11-12T09:40:30,1762920630000,SENSEX,2025-11-12T10:06:30,1762922190000,26,retrieval_only,retrieval,494.9,494.9,494.90018999999995
2025-11-12T09:40:30,1762920630000,SENSEX,2025-11-12T10:07:30,1762922250000,27,retrieval_only,retrieval,494.9,494.9,494.90018999999995
2025-11-12T09:40:30,1762920630000,SENSEX,2025-11-12T10:08:30,1762922310000,28,retrieval_only,retrieval,494.9,494.9,494.90018999999995
2025-11-12T09:40:30,1762920630000,SENSEX,2025-11-12T10:09:30,1762922370000,29,retrieval_only,retrieval,494.9,494.9,494.90018999999995
2025-11-12T09:40:30,1762920630000,SENSEX,2025-11-12T10:10:30,1762922430000,30,retrieval_only,retrieval,494.9,494.9,494.90018999999995
2025-11-12T09:40:30,1762920630000,SENSEX,2025-11-12T10:11:30,1762922490000,31,retrieval_only,retrieval,494.9,494.9,494.90018999999995
2025-11-12T09:40:30,1762920630000,SENSEX,2025-11-12T10:12:30,1762922550000,32,retrieval_only,retrieval,494.9,494.9,494.90018999999995
2025-11-12T09:40:30,1762920630000,SENSEX,2025-11-12T10:13:30,1762922610000,33,retrieval_only,retrieval,494.9,494.9,494.90018999999995
2025-11-12T09:40:30,1762920630000,SENSEX,2025-11-12T10:14:30,1762922670000,34,retrieval_only,retrieval,494.9,494.9,494.90018999999995
2025-11-12T09:40:30,1762920630000,SENSEX,2025-11-12T10:15:30,1762922730000,35,retrieval_only,retrieval,494.9,494.9,494.90018999999995
2025-11-12T09:40:30,1762920630000,SENSEX,2025-11-12T10:16:30,1762922790000,36,retrieval_only,retrieval,494.9,494.9,494.90018999999995
2025-11-12T09:40:30,1762920630000,SENSEX,2025-11-12T10:17:30,1762922850000,37,retrieval_only,retrieval,494.9,494.9,494.90018999999995
2025-11-12T09:40:30,1762920630000,SENSEX,2025-11-12T10:18:30,1762922910000,38,retrieval_only,retrieval,494.9,494.9,494.90018999999995
2025-11-12T09:40:30,1762920630000,SENSEX,2025-11-12T10:19:30,1762922970000,39,retrieval_only,retrieval,494.9,494.9,494.90018999999995
2025-11-12T09:40:30,1762920630000,SENSEX,2025-11-12T10:20:30,1762923030000,40,retrieval_only,retrieval,494.9,494.9,494.90018999999995
2025-11-12T09:40:30,1762920630000,SENSEX,2025-11-12T10:21:30,1762923090000,41,retrieval_only,retrieval,494.9,494.9,494.90018999999995
2025-11-12T09:40:30,1762920630000,SENSEX,2025-11-12T10:22:30,1762923150000,42,retrieval_only,retrieval,494.9,494.9,494.90018999999995
2025-11-12T09:40:30,1762920630000,SENSEX,2025-11-12T10:23:30,1762923210000,43,retrieval_only,retrieval,494.9,494.9,494.90018999999995
2025-11-12T09:40:30,1762920630000,SENSEX,2025-11-12T10:24:30,1762923270000,44,retrieval_only,retrieval,494.9,494.9,494.90018999999995
2025-11-12T09:40:30,1762920630000,SENSEX,2025-11-12T10:25:30,1762923330000,45,retrieval_only,retrieval,494.9,494.9,494.90018999999995
2025-11-12T09:40:30,1762920630000,SENSEX,2025-11-12T10:26:30,1762923390000,46,retrieval_only,retrieval,494.9,494.9,494.90018999999995
2025-11-12T09:40:30,1762920630000,SENSEX,2025-11-12T10:27:30,1762923450000,47,retrieval_only,retrieval,494.9,494.9,494.90018999999995
2025-11-12T09:40:30,1762920630000,SENSEX,2025-11-12T10:28:30,1762923510000,48,retrieval_only,retrieval,494.9,494.9,494.90018999999995
2025-11-12T09:40:30,1762920630000,SENSEX,2025-11-12T10:29:30,1762923570000,49,retrieval_only,retrieval,494.9,494.9,494.90018999999995
2025-11-12T09:40:30,1762920630000,SENSEX,2025-11-12T10:30:30,1762923630000,50,retrieval_only,retrieval,494.9,494.9,494.90018999999995
2025-11-12T09:40:30,1762920630000,SENSEX,2025-11-12T10:31:30,1762923690000,51,retrieval_only,retrieval,494.9,494.9,494.90018999999995
2025-11-12T09:40:30,1762920630000,SENSEX,2025-11-12T10:32:30,1762923750000,52,retrieval_only,retrieval,494.9,494.9,494.90018999999995
2025-11-12T09:40:30,1762920630000,SENSEX,2025-11-12T10:33:30,1762923810000,53,retrieval_only,retrieval,494.9,494.9,494.90018999999995
2025-11-12T09:40:30,1762920630000,SENSEX,2025-11-12T10:34:30,1762923870000,54,retrieval_only,retrieval,494.9,494.9,494.90018999999995
2025-11-12T09:40:30,1762920630000,SENSEX,2025-11-12T10:35:30,1762923930000,55,retrieval_only,retrieval,494.9,494.9,494.90018999999995
2025-11-12T09:40:30,1762920630000,SENSEX,2025-11-12T10:36:30,1762923990000,56,retrieval_only,retrieval,494.9,494.9,494.90018999999995
2025-11-12T09:40:30,1762920630000,SENSEX,2025-11-12T10:37:30,1762924050000,57,retrieval_only,retrieval,494.9,494.9,494.90018999999995
2025-11-12T09:40:30,1762920630000,SENSEX,2025-11-12T10:38:30,1762924110000,58,retrieval_only,retrieval,494.9,494.9,494.90018999999995
2025-11-12T09:40:30,1762920630000,SENSEX,2025-11-12T10:39:30,1762924170000,59,retrieval_only,retrieval,494.9,494.9,494.90018999999995
2025-11-12T09:40:30,1762920630000,SENSEX,2025-11-12T10:40:30,1762924230000,60,retrieval_only,retrieval,494.9,494.9,494.90018999999995
2025-11-12T09:40:30,1762920630000,SENSEX,2025-11-12T09:41:30,1762920690000,1,conservative,retrieval,494.9,494.9,494.90018999999995
2025-11-12T09:40:30,1762920630000,SENSEX,2025-11-12T09:42:30,1762920750000,2,conservative,retrieval,494.9,494.9,494.90018999999995
2025-11-12T09:40:30,1762920630000,SENSEX,2025-11-12T09:43:30,1762920810000,3,conservative,retrieval,494.9,494.9,494.90018999999995
2025-11-12T09:40:30,1762920630000,SENSEX,2025-11-12T09:44:30,1762920870000,4,conservative,retrieval,494.9,494.9,494.90018999999995
2025-11-12T09:40:30,1762920630000,SENSEX,2025-11-12T09:45:30,1762920930000,5,conservative,retrieval,494.9,494.9,494.90018999999995
2025-11-12T09:40:30,1762920630000,SENSEX,2025-11-12T09:46:30,1762920990000,6,conservative,retrieval,494.9,494.9,494.90018999999995
2025-11-12T09:40:30,1762920630000,SENSEX,2025-11-12T09:47:30,1762921050000,7,conservative,retrieval,494.9,494.9,494.90018999999995
2025-11-12T09:40:30,1762920630000,SENSEX,2025-11-12T09:48:30,1762921110000,8,conservative,retrieval,494.9,494.9,494.90018999999995
2025-11-12T09:40:30,1762920630000,SENSEX,2025-11-12T09:49:30,1762921170000,9,conservative,retrieval,494.9,494.9,494.90018999999995
2025-11-12T09:40:30,1762920630000,SENSEX,2025-11-12T09:50:30,1762921230000,10,conservative,retrieval,494.9,494.9,494.90018999999995
2025-11-12T09:40:30,1762920630000,SENSEX,2025-11-12T09:51:30,1762921290000,11,conservative,retrieval,494.9,494.9,494.90018999999995
2025-11-12T09:40:30,1762920630000,SENSEX,2025-11-12T09:52:30,1762921350000,12,conservative,retrieval,494.9,494.9,494.90018999999995
2025-11-12T09:40:30,1762920630000,SENSEX,2025-11-12T09:53:30,1762921410000,13,conservative,retrieval,494.9,494.9,494.90018999999995
2025-11-12T09:40:30,1762920630000,SENSEX,2025-11-12T09:54:30,1762921470000,14,conservative,retrieval,494.9,494.9,494.90018999999995
2025-11-12T09:40:30,1762920630000,SENSEX,2025-11-12T09:55:30,1762921530000,15,conservative,retrieval,494.9,494.9,494.90018999999995
2025-11-12T09:40:30,1762920630000,SENSEX,2025-11-12T09:56:30,1762921590000,16,conservative,retrieval,494.9,494.9,494.90018999999995
2025-11-12T09:40:30,1762920630000,SENSEX,2025-11-12T09:57:30,1762921650000,17,conservative,retrieval,494.9,494.9,494.90018999999995
2025-11-12T09:40:30,1762920630000,SENSEX,2025-11-12T09:58:30,1762921710000,18,conservative,retrieval,494.9,494.9,494.90018999999995
2025-11-12T09:40:30,1762920630000,SENSEX,2025-11-12T09:59:30,1762921770000,19,conservative,retrieval,494.9,494.9,494.90018999999995
2025-11-12T09:40:30,1762920630000,SENSEX,2025-11-12T10:00:30,1762921830000,20,conservative,retrieval,494.9,494.9,494.90018999999995
2025-11-12T09:40:30,1762920630000,SENSEX,2025-11-12T10:01:30,1762921890000,21,conservative,retrieval,494.9,494.9,494.90018999999995
2025-11-12T09:40:30,1762920630000,SENSEX,2025-11-12T10:02:30,1762921950000,22,conservative,retrieval,494.9,494.9,494.90018999999995
2025-11-12T09:40:30,1762920630000,SENSEX,2025-11-12T10:03:30,1762922010000,23,conservative,retrieval,494.9,494.9,494.90018999999995
2025-11-12T09:40:30,1762920630000,SENSEX,2025-11-12T10:04:30,1762922070000,24,conservative,retrieval,494.9,494.9,494.90018999999995
2025-11-12T09:40:30,1762920630000,SENSEX,2025-11-12T10:05:30,1762922130000,25,conservative,retrieval,494.9,494.9,494.90018999999995
2025-11-12T09:40:30,1762920630000,SENSEX,2025-11-12T10:06:30,1762922190000,26,conservative,retrieval,494.9,494.9,494.90018999999995
2025-11-12T09:40:30,1762920630000,SENSEX,2025-11-12T10:07:30,1762922250000,27,conservative,retrieval,494.9,494.9,494.90018999999995
2025-11-12T09:40:30,1762920630000,SENSEX,2025-11-12T10:08:30,1762922310000,28,conservative,retrieval,494.9,494.9,494.90018999999995
2025-11-12T09:40:30,1762920630000,SENSEX,2025-11-12T10:09:30,1762922370000,29,conservative,retrieval,494.9,494.9,494.90018999999995
2025-11-12T09:40:30,1762920630000,SENSEX,2025-11-12T10:10:30,1762922430000,30,conservative,retrieval,494.9,494.9,494.90018999999995
2025-11-12T09:40:30,1762920630000,SENSEX,2025-11-12T10:11:30,1762922490000,31,conservative,retrieval,494.9,494.9,494.90018999999995
2025-11-12T09:40:30,1762920630000,SENSEX,2025-11-12T10:12:30,1762922550000,32,conservative,retrieval,494.9,494.9,494.90018999999995
2025-11-12T09:40:30,1762920630000,SENSEX,2025-11-12T10:13:30,1762922610000,33,conservative,retrieval,494.9,494.9,494.90018999999995
2025-11-12T09:40:30,1762920630000,SENSEX,2025-11-12T10:14:30,1762922670000,34,conservative,retrieval,494.9,494.9,494.90018999999995
2025-11-12T09:40:30,1762920630000,SENSEX,2025-11-12T10:15:30,1762922730000,35,conservative,retrieval,494.9,494.9,494.90018999999995
2025-11-12T09:40:30,1762920630000,SENSEX,2025-11-12T10:16:30,1762922790000,36,conservative,retrieval,494.9,494.9,494.90018999999995
2025-11-12T09:40:30,1762920630000,SENSEX,2025-11-12T10:17:30,1762922850000,37,conservative,retrieval,494.9,494.9,494.90018999999995
2025-11-12T09:40:30,1762920630000,SENSEX,2025-11-12T10:18:30,1762922910000,38,conservative,retrieval,494.9,494.9,494.90018999999995
2025-11-12T09:40:30,1762920630000,SENSEX,2025-11-12T10:19:30,1762922970000,39,conservative,retrieval,494.9,494.9,494.90018999999995
2025-11-12T09:40:30,1762920630000,SENSEX,2025-11-12T10:20:30,1762923030000,40,conservative,retrieval,494.9,494.9,494.90018999999995
2025-11-12T09:40:30,1762920630000,SENSEX,2025-11-12T10:21:30,1762923090000,41,conservative,retrieval,494.9,494.9,494.90018999999995
2025-11-12T09:40:30,1762920630000,SENSEX,2025-11-12T10:22:30,1762923150000,42,conservative,retrieval,494.9,494.9,494.90018999999995
2025-11-12T09:40:30,1762920630000,SENSEX,2025-11-12T10:23:30,1762923210000,43,conservative,retrieval,494.9,494.9,494.90018999999995
2025-11-12T09:40:30,1762920630000,SENSEX,2025-11-12T10:24:30,1762923270000,44,conservative,retrieval,494.9,494.9,494.90018999999995
2025-11-12T09:40:30,1762920630000,SENSEX,2025-11-12T10:25:30,1762923330000,45,conservative,retrieval,494.9,494.9,494.90018999999995
2025-11-12T09:40:30,1762920630000,SENSEX,2025-11-12T10:26:30,1762923390000,46,conservative,retrieval,494.9,494.9,494.90018999999995
2025-11-12T09:40:30,1762920630000,SENSEX,2025-11-12T10:27:30,1762923450000,47,conservative,retrieval,494.9,494.9,494.90018999999995
2025-11-12T09:40:30,1762920630000,SENSEX,2025-11-12T10:28:30,1762923510000,48,conservative,retrieval,494.9,494.9,494.90018999999995
2025-11-12T09:40:30,1762920630000,SENSEX,2025-11-12T10:29:30,1762923570000,49,conservative,retrieval,494.9,494.9,494.90018999999995
2025-11-12T09:40:30,1762920630000,SENSEX,2025-11-12T10:30:30,1762923630000,50,conservative,retrieval,494.9,494.9,494.90018999999995
2025-11-12T09:40:30,1762920630000,SENSEX,2025-11-12T10:31:30,1762923690000,51,conservative,retrieval,494.9,494.9,494.90018999999995
2025-11-12T09:40:30,1762920630000,SENSEX,2025-11-12T10:32:30,1762923750000,52,conservative,retrieval,494.9,494.9,494.90018999999995
2025-11-12T09:40:30,1762920630000,SENSEX,2025-11-12T10:33:30,1762923810000,53,conservative,retrieval,494.9,494.9,494.90018999999995
2025-11-12T09:40:30,1762920630000,SENSEX,2025-11-12T10:34:30,1762923870000,54,conservative,retrieval,494.9,494.9,494.90018999999995
2025-11-12T09:40:30,1762920630000,SENSEX,2025-11-12T10:35:30,1762923930000,55,conservative,retrieval,494.9,494.9,494.90018999999995
2025-11-12T09:40:30,1762920630000,SENSEX,2025-11-12T10:36:30,1762923990000,56,conservative,retrieval,494.9,494.9,494.90018999999995
2025-11-12T09:40:30,1762920630000,SENSEX,2025-11-12T10:37:30,1762924050000,57,conservative,retrieval,494.9,494.9,494.90018999999995
2025-11-12T09:40:30,1762920630000,SENSEX,2025-11-12T10:38:30,1762924110000,58,conservative,retrieval,494.9,494.9,494.90018999999995
2025-11-12T09:40:30,1762920630000,SENSEX,2025-11-12T10:39:30,1762924170000,59,conservative,retrieval,494.9,494.9,494.90018999999995
2025-11-12T09:40:30,1762920630000,SENSEX,2025-11-12T10:40:30,1762924230000,60,conservative,retrieval,494.9,494.9,494.90018999999995
2025-11-12T09:40:30,1762920630000,SENSEX,2025-11-12T09:41:30,1762920690000,1,high_variance,retrieval,494.9,494.9,494.90018999999995
2025-11-12T09:40:30,1762920630000,SENSEX,2025-11-12T09:42:30,1762920750000,2,high_variance,retrieval,494.9,494.9,494.90018999999995
2025-11-12T09:40:30,1762920630000,SENSEX,2025-11-12T09:43:30,1762920810000,3,high_variance,retrieval,494.9,494.9,494.90018999999995
2025-11-12T09:40:30,1762920630000,SENSEX,2025-11-12T09:44:30,1762920870000,4,high_variance,retrieval,494.9,494.9,494.90018999999995
2025-11-12T09:40:30,1762920630000,SENSEX,2025-11-12T09:45:30,1762920930000,5,high_variance,retrieval,494.9,494.9,494.90018999999995
2025-11-12T09:40:30,1762920630000,SENSEX,2025-11-12T09:46:30,1762920990000,6,high_variance,retrieval,494.9,494.9,494.90018999999995
2025-11-12T09:40:30,1762920630000,SENSEX,2025-11-12T09:47:30,1762921050000,7,high_variance,retrieval,494.9,494.9,494.90018999999995
2025-11-12T09:40:30,1762920630000,SENSEX,2025-11-12T09:48:30,1762921110000,8,high_variance,retrieval,494.9,494.9,494.90018999999995
2025-11-12T09:40:30,1762920630000,SENSEX,2025-11-12T09:49:30,1762921170000,9,high_variance,retrieval,494.9,494.9,494.90018999999995
2025-11-12T09:40:30,1762920630000,SENSEX,2025-11-12T09:50:30,1762921230000,10,high_variance,retrieval,494.9,494.9,494.90018999999995
2025-11-12T09:40:30,1762920630000,SENSEX,2025-11-12T09:51:30,1762921290000,11,high_variance,retrieval,494.9,494.9,494.90018999999995
2025-11-12T09:40:30,1762920630000,SENSEX,2025-11-12T09:52:30,1762921350000,12,high_variance,retrieval,494.9,494.9,494.90018999999995
2025-11-12T09:40:30,1762920630000,SENSEX,2025-11-12T09:53:30,1762921410000,13,high_variance,retrieval,494.9,494.9,494.90018999999995
2025-11-12T09:40:30,1762920630000,SENSEX,2025-11-12T09:54:30,1762921470000,14,high_variance,retrieval,494.9,494.9,494.90018999999995
2025-11-12T09:40:30,1762920630000,SENSEX,2025-11-12T09:55:30,1762921530000,15,high_variance,retrieval,494.9,494.9,494.90018999999995
2025-11-12T09:40:30,1762920630000,SENSEX,2025-11-12T09:56:30,1762921590000,16,high_variance,retrieval,494.9,494.9,494.90018999999995
2025-11-12T09:40:30,1762920630000,SENSEX,2025-11-12T09:57:30,1762921650000,17,high_variance,retrieval,494.9,494.9,494.90018999999995
2025-11-12T09:40:30,1762920630000,SENSEX,2025-11-12T09:58:30,1762921710000,18,high_variance,retrieval,494.9,494.9,494.90018999999995
2025-11-12T09:40:30,1762920630000,SENSEX,2025-11-12T09:59:30,1762921770000,19,high_variance,retrieval,494.9,494.9,494.90018999999995
2025-11-12T09:40:30,1762920630000,SENSEX,2025-11-12T10:00:30,1762921830000,20,high_variance,retrieval,494.9,494.9,494.90018999999995
2025-11-12T09:40:30,1762920630000,SENSEX,2025-11-12T10:01:30,1762921890000,21,high_variance,retrieval,494.9,494.9,494.90018999999995
2025-11-12T09:40:30,1762920630000,SENSEX,2025-11-12T10:02:30,1762921950000,22,high_variance,retrieval,494.9,494.9,494.90018999999995
2025-11-12T09:40:30,1762920630000,SENSEX,2025-11-12T10:03:30,1762922010000,23,high_variance,retrieval,494.9,494.9,494.90018999999995
2025-11-12T09:40:30,1762920630000,SENSEX,2025-11-12T10:04:30,1762922070000,24,high_variance,retrieval,494.9,494.9,494.90018999999995
2025-11-12T09:40:30,1762920630000,SENSEX,2025-11-12T10:05:30,1762922130000,25,high_variance,retrieval,494.9,494.9,494.90018999999995
2025-11-12T09:40:30,1762920630000,SENSEX,2025-11-12T10:06:30,1762922190000,26,high_variance,retrieval,494.9,494.9,494.90018999999995
2025-11-12T09:40:30,1762920630000,SENSEX,2025-11-12T10:07:30,1762922250000,27,high_variance,retrieval,494.9,494.9,494.90018999999995
2025-11-12T09:40:30,1762920630000,SENSEX,2025-11-12T10:08:30,1762922310000,28,high_variance,retrieval,494.9,494.9,494.90018999999995
2025-11-12T09:40:30,1762920630000,SENSEX,2025-11-12T10:09:30,1762922370000,29,high_variance,retrieval,494.9,494.9,494.90018999999995
2025-11-12T09:40:30,1762920630000,SENSEX,2025-11-12T10:10:30,1762922430000,30,high_variance,retrieval,494.9,494.9,494.90018999999995
2025-11-12T09:40:30,1762920630000,SENSEX,2025-11-12T10:11:30,1762922490000,31,high_variance,retrieval,494.9,494.9,494.90018999999995
2025-11-12T09:40:30,1762920630000,SENSEX,2025-11-12T10:12:30,1762922550000,32,high_variance,retrieval,494.9,494.9,494.90018999999995
2025-11-12T09:40:30,1762920630000,SENSEX,2025-11-12T10:13:30,1762922610000,33,high_variance,retrieval,494.9,494.9,494.90018999999995
2025-11-12T09:40:30,1762920630000,SENSEX,2025-11-12T10:14:30,1762922670000,34,high_variance,retrieval,494.9,494.9,494.90018999999995
2025-11-12T09:40:30,1762920630000,SENSEX,2025-11-12T10:15:30,1762922730000,35,high_variance,retrieval,494.9,494.9,494.90018999999995
2025-11-12T09:40:30,1762920630000,SENSEX,2025-11-12T10:16:30,1762922790000,36,high_variance,retrieval,494.9,494.9,494.90018999999995
2025-11-12T09:40:30,1762920630000,SENSEX,2025-11-12T10:17:30,1762922850000,37,high_variance,retrieval,494.9,494.9,494.90018999999995
2025-11-12T09:40:30,1762920630000,SENSEX,2025-11-12T10:18:30,1762922910000,38,high_variance,retrieval,494.9,494.9,494.90018999999995
2025-11-12T09:40:30,1762920630000,SENSEX,2025-11-12T10:19:30,1762922970000,39,high_variance,retrieval,494.9,494.9,494.90018999999995
2025-11-12T09:40:30,1762920630000,SENSEX,2025-11-12T10:20:30,1762923030000,40,high_variance,retrieval,494.9,494.9,494.90018999999995
2025-11-12T09:40:30,1762920630000,SENSEX,2025-11-12T10:21:30,1762923090000,41,high_variance,retrieval,494.9,494.9,494.90018999999995
2025-11-12T09:40:30,1762920630000,SENSEX,2025-11-12T10:22:30,1762923150000,42,high_variance,retrieval,494.9,494.9,494.90018999999995
2025-11-12T09:40:30,1762920630000,SENSEX,2025-11-12T10:23:30,1762923210000,43,high_variance,retrieval,494.9,494.9,494.90018999999995
2025-11-12T09:40:30,1762920630000,SENSEX,2025-11-12T10:24:30,1762923270000,44,high_variance,retrieval,494.9,494.9,494.90018999999995
2025-11-12T09:40:30,1762920630000,SENSEX,2025-11-12T10:25:30,1762923330000,45,high_variance,retrieval,494.9,494.9,494.90018999999995
2025-11-12T09:40:30,1762920630000,SENSEX,2025-11-12T10:26:30,1762923390000,46,high_variance,retrieval,494.9,494.9,494.90018999999995
2025-11-12T09:40:30,1762920630000,SENSEX,2025-11-12T10:27:30,1762923450000,47,high_variance,retrieval,494.9,494.9,494.90018999999995
2025-11-12T09:40:30,1762920630000,SENSEX,2025-11-12T10:28:30,1762923510000,48,high_variance,retrieval,494.9,494.9,494.90018999999995
2025-11-12T09:40:30,1762920630000,SENSEX,2025-11-12T10:29:30,1762923570000,49,high_variance,retrieval,494.9,494.9,494.90018999999995
2025-11-12T09:40:30,1762920630000,SENSEX,2025-11-12T10:30:30,1762923630000,50,high_variance,retrieval,494.9,494.9,494.90018999999995
2025-11-12T09:40:30,1762920630000,SENSEX,2025-11-12T10:31:30,1762923690000,51,high_variance,retrieval,494.9,494.9,494.90018999999995
2025-11-12T09:40:30,1762920630000,SENSEX,2025-11-12T10:32:30,1762923750000,52,high_variance,retrieval,494.9,494.9,494.90018999999995
2025-11-12T09:40:30,1762920630000,SENSEX,2025-11-12T10:33:30,1762923810000,53,high_variance,retrieval,494.9,494.9,494.90018999999995
2025-11-12T09:40:30,1762920630000,SENSEX,2025-11-12T10:34:30,1762923870000,54,high_variance,retrieval,494.9,494.9,494.90018999999995
2025-11-12T09:40:30,1762920630000,SENSEX,2025-11-12T10:35:30,1762923930000,55,high_variance,retrieval,494.9,494.9,494.90018999999995
2025-11-12T09:40:30,1762920630000,SENSEX,2025-11-12T10:36:30,1762923990000,56,high_variance,retrieval,494.9,494.9,494.90018999999995
2025-11-12T09:40:30,1762920630000,SENSEX,2025-11-12T10:37:30,1762924050000,57,high_variance,retrieval,494.9,494.9,494.90018999999995
2025-11-12T09:40:30,1762920630000,SENSEX,2025-11-12T10:38:30,1762924110000,58,high_variance,retrieval,494.9,494.9,494.90018999999995
2025-11-12T09:40:30,1762920630000,SENSEX,2025-11-12T10:39:30,1762924170000,59,high_variance,retrieval,494.9,494.9,494.90018999999995
2025-11-12T09:40:30,1762920630000,SENSEX,2025-11-12T10:40:30,1762924230000,60,high_variance,retrieval,494.9,494.9,494.90018999999995
2025-11-12T09:40:30,1762920630000,SENSEX,2025-11-12T09:41:30,1762920690000,1,optimized,retrieval,494.9,494.9,494.90018999999995
2025-11-12T09:40:30,1762920630000,SENSEX,2025-11-12T09:42:30,1762920750000,2,optimized,retrieval,494.9,494.9,494.90018999999995
2025-11-12T09:40:30,1762920630000,SENSEX,2025-11-12T09:43:30,1762920810000,3,optimized,retrieval,494.9,494.9,494.90018999999995
2025-11-12T09:40:30,1762920630000,SENSEX,2025-11-12T09:44:30,1762920870000,4,optimized,retrieval,494.9,494.9,494.90018999999995
2025-11-12T09:40:30,1762920630000,SENSEX,2025-11-12T09:45:30,1762920930000,5,optimized,retrieval,494.9,494.9,494.90018999999995
2025-11-12T09:40:30,1762920630000,SENSEX,2025-11-12T09:46:30,1762920990000,6,optimized,retrieval,494.9,494.9,494.90018999999995
2025-11-12T09:40:30,1762920630000,SENSEX,2025-11-12T09:47:30,1762921050000,7,optimized,retrieval,494.9,494.9,494.90018999999995
2025-11-12T09:40:30,1762920630000,SENSEX,2025-11-12T09:48:30,1762921110000,8,optimized,retrieval,494.9,494.9,494.90018999999995
2025-11-12T09:40:30,1762920630000,SENSEX,2025-11-12T09:49:30,1762921170000,9,optimized,retrieval,494.9,494.9,494.90018999999995
2025-11-12T09:40:30,1762920630000,SENSEX,2025-11-12T09:50:30,1762921230000,10,optimized,retrieval,494.9,494.9,494.90018999999995
2025-11-12T09:40:30,1762920630000,SENSEX,2025-11-12T09:51:30,1762921290000,11,optimized,retrieval,494.9,494.9,494.90018999999995
2025-11-12T09:40:30,1762920630000,SENSEX,2025-11-12T09:52:30,1762921350000,12,optimized,retrieval,494.9,494.9,494.90018999999995
2025-11-12T09:40:30,1762920630000,SENSEX,2025-11-12T09:53:30,1762921410000,13,optimized,retrieval,494.9,494.9,494.90018999999995
2025-11-12T09:40:30,1762920630000,SENSEX,2025-11-12T09:54:30,1762921470000,14,optimized,retrieval,494.9,494.9,494.90018999999995
2025-11-12T09:40:30,1762920630000,SENSEX,2025-11-12T09:55:30,1762921530000,15,optimized,retrieval,494.9,494.9,494.90018999999995
2025-11-12T09:40:30,1762920630000,SENSEX,2025-11-12T09:56:30,1762921590000,16,optimized,retrieval,494.9,494.9,494.90018999999995
2025-11-12T09:40:30,1762920630000,SENSEX,2025-11-12T09:57:30,1762921650000,17,optimized,retrieval,494.9,494.9,494.90018999999995
2025-11-12T09:40:30,1762920630000,SENSEX,2025-11-12T09:58:30,1762921710000,18,optimized,retrieval,494.9,494.9,494.90018999999995
2025-11-12T09:40:30,1762920630000,SENSEX,2025-11-12T09:59:30,1762921770000,19,optimized,retrieval,494.9,494.9,494.90018999999995
2025-11-12T09:40:30,1762920630000,SENSEX,2025-11-12T10:00:30,1762921830000,20,optimized,retrieval,494.9,494.9,494.90018999999995
2025-11-12T09:40:30,1762920630000,SENSEX,2025-11-12T10:01:30,1762921890000,21,optimized,retrieval,494.9,494.9,494.90018999999995
2025-11-12T09:40:30,1762920630000,SENSEX,2025-11-12T10:02:30,1762921950000,22,optimized,retrieval,494.9,494.9,494.90018999999995
2025-11-12T09:40:30,1762920630000,SENSEX,2025-11-12T10:03:30,1762922010000,23,optimized,retrieval,494.9,494.9,494.90018999999995
2025-11-12T09:40:30,1762920630000,SENSEX,2025-11-12T10:04:30,1762922070000,24,optimized,retrieval,494.9,494.9,494.90018999999995
2025-11-12T09:40:30,1762920630000,SENSEX,2025-11-12T10:05:30,1762922130000,25,optimized,retrieval,494.9,494.9,494.90018999999995
2025-11-12T09:40:30,1762920630000,SENSEX,2025-11-12T10:06:30,1762922190000,26,optimized,retrieval,494.9,494.9,494.90018999999995
2025-11-12T09:40:30,1762920630000,SENSEX,2025-11-12T10:07:30,1762922250000,27,optimized,retrieval,494.9,494.9,494.90018999999995
2025-11-12T09:40:30,1762920630000,SENSEX,2025-11-12T10:08:30,1762922310000,28,optimized,retrieval,494.9,494.9,494.90018999999995
2025-11-12T09:40:30,1762920630000,SENSEX,2025-11-12T10:09:30,1762922370000,29,optimized,retrieval,494.9,494.9,494.90018999999995
2025-11-12T09:40:30,1762920630000,SENSEX,2025-11-12T10:10:30,1762922430000,30,optimized,retrieval,494.9,494.9,494.90018999999995
2025-11-12T09:40:30,1762920630000,SENSEX,2025-11-12T10:11:30,1762922490000,31,optimized,retrieval,494.9,494.9,494.90018999999995
2025-11-12T09:40:30,1762920630000,SENSEX,2025-11-12T10:12:30,1762922550000,32,optimized,retrieval,494.9,494.9,494.90018999999995
2025-11-12T09:40:30,1762920630000,SENSEX,2025-11-12T10:13:30,1762922610000,33,optimized,retrieval,494.9,494.9,494.90018999999995
2025-11-12T09:40:30,1762920630000,SENSEX,2025-11-12T10:14:30,1762922670000,34,optimized,retrieval,494.9,494.9,494.90018999999995
2025-11-12T09:40:30,1762920630000,SENSEX,2025-11-12T10:15:30,1762922730000,35,optimized,retrieval,494.9,494.9,494.90018999999995
2025-11-12T09:40:30,1762920630000,SENSEX,2025-11-12T10:16:30,1762922790000,36,optimized,retrieval,494.9,494.9,494.90018999999995
2025-11-12T09:40:30,1762920630000,SENSEX,2025-11-12T10:17:30,1762922850000,37,optimized,retrieval,494.9,494.9,494.90018999999995
2025-11-12T09:40:30,1762920630000,SENSEX,2025-11-12T10:18:30,1762922910000,38,optimized,retrieval,494.9,494.9,494.90018999999995
2025-11-12T09:40:30,1762920630000,SENSEX,2025-11-12T10:19:30,1762922970000,39,optimized,retrieval,494.9,494.9,494.90018999999995
2025-11-12T09:40:30,1762920630000,SENSEX,2025-11-12T10:20:30,1762923030000,40,optimized,retrieval,494.9,494.9,494.90018999999995
2025-11-12T09:40:30,1762920630000,SENSEX,2025-11-12T10:21:30,1762923090000,41,optimized,retrieval,494.9,494.9,494.90018999999995
2025-11-12T09:40:30,1762920630000,SENSEX,2025-11-12T10:22:30,1762923150000,42,optimized,retrieval,494.9,494.9,494.90018999999995
2025-11-12T09:40:30,1762920630000,SENSEX,2025-11-12T10:23:30,1762923210000,43,optimized,retrieval,494.9,494.9,494.90018999999995
2025-11-12T09:40:30,1762920630000,SENSEX,2025-11-12T10:24:30,1762923270000,44,optimized,retrieval,494.9,494.9,494.90018999999995
2025-11-12T09:40:30,1762920630000,SENSEX,2025-11-12T10:25:30,1762923330000,45,optimized,retrieval,494.9,494.9,494.90018999999995
2025-11-12T09:40:30,1762920630000,SENSEX,2025-11-12T10:26:30,1762923390000,46,optimized,retrieval,494.9,494.9,494.90018999999995
2025-11-12T09:40:30,1762920630000,SENSEX,2025-11-12T10:27:30,1762923450000,47,optimized,retrieval,494.9,494.9,494.90018999999995
2025-11-12T09:40:30,1762920630000,SENSEX,2025-11-12T10:28:30,1762923510000,48,optimized,retrieval,494.9,494.9,494.90018999999995
2025-11-12T09:40:30,1762920630000,SENSEX,2025-11-12T10:29:30,1762923570000,49,optimized,retrieval,494.9,494.9,494.90018999999995
2025-11-12T09:40:30,1762920630000,SENSEX,2025-11-12T10:30:30,1762923630000,50,optimized,retrieval,494.9,494.9,494.90018999999995
2025-11-12T09:40:30,1762920630000,SENSEX,2025-11-12T10:31:30,1762923690000,51,optimized,retrieval,494.9,494.9,494.90018999999995
2025-11-12T09:40:30,1762920630000,SENSEX,2025-11-12T10:32:30,1762923750000,52,optimized,retrieval,494.9,494.9,494.90018999999995
2025-11-12T09:40:30,1762920630000,SENSEX,2025-11-12T10:33:30,1762923810000,53,optimized,retrieval,494.9,494.9,494.90018999999995
2025-11-12T09:40:30,1762920630000,SENSEX,2025-11-12T10:34:30,1762923870000,54,optimized,retrieval,494.9,494.9,494.90018999999995
2025-11-12T09:40:30,1762920630000,SENSEX,2025-11-12T10:35:30,1762923930000,55,optimized,retrieval,494.9,494.9,494.90018999999995
2025-11-12T09:40:30,1762920630000,SENSEX,2025-11-12T10:36:30,1762923990000,56,optimized,retrieval,494.9,494.9,494.90018999999995
2025-11-12T09:40:30,1762920630000,SENSEX,2025-11-12T10:37:30,1762924050000,57,optimized,retrieval,494.9,494.9,494.90018999999995
2025-11-12T09:40:30,1762920630000,SENSEX,2025-11-12T10:38:30,1762924110000,58,optimized,retrieval,494.9,494.9,494.90018999999995
2025-11-12T09:40:30,1762920630000,SENSEX,2025-11-12T10:39:30,1762924170000,59,optimized,retrieval,494.9,494.9,494.90018999999995
2025-11-12T09:40:30,1762920630000,SENSEX,2025-11-12T10:40:30,1762924230000,60,optimized,retrieval,494.9,494.9,494.90018999999995
2025-11-12T09:41:30,1762920690000,SENSEX,2025-11-12T09:42:30,1762920750000,1,optimized,retrieval,481.25,481.25,481.25019
2025-11-12T09:41:30,1762920690000,SENSEX,2025-11-12T09:43:30,1762920810000,2,optimized,retrieval,481.25,481.25,481.25019
2025-11-12T09:41:30,1762920690000,SENSEX,2025-11-12T09:44:30,1762920870000,3,optimized,retrieval,481.25,481.25,481.25019
2025-11-12T09:41:30,1762920690000,SENSEX,2025-11-12T09:45:30,1762920930000,4,optimized,retrieval,481.25,481.25,481.25019
2025-11-12T09:41:30,1762920690000,SENSEX,2025-11-12T09:46:30,1762920990000,5,optimized,retrieval,481.25,481.25,481.25019
2025-11-12T09:41:30,1762920690000,SENSEX,2025-11-12T09:47:30,1762921050000,6,optimized,retrieval,481.25,481.25,481.25019
2025-11-12T09:41:30,1762920690000,SENSEX,2025-11-12T09:48:30,1762921110000,7,optimized,retrieval,481.25,481.25,481.25019
2025-11-12T09:41:30,1762920690000,SENSEX,2025-11-12T09:49:30,1762921170000,8,optimized,retrieval,481.25,481.25,481.25019
2025-11-12T09:41:30,1762920690000,SENSEX,2025-11-12T09:50:30,1762921230000,9,optimized,retrieval,481.25,481.25,481.25019
2025-11-12T09:41:30,1762920690000,SENSEX,2025-11-12T09:51:30,1762921290000,10,optimized,retrieval,481.25,481.25,481.25019
2025-11-12T09:41:30,1762920690000,SENSEX,2025-11-12T09:52:30,1762921350000,11,optimized,retrieval,481.25,481.25,481.25019
2025-11-12T09:41:30,1762920690000,SENSEX,2025-11-12T09:53:30,1762921410000,12,optimized,retrieval,481.25,481.25,481.25019
2025-11-12T09:41:30,1762920690000,SENSEX,2025-11-12T09:54:30,1762921470000,13,optimized,retrieval,481.25,481.25,481.25019
2025-11-12T09:41:30,1762920690000,SENSEX,2025-11-12T09:55:30,1762921530000,14,optimized,retrieval,481.25,481.25,481.25019
2025-11-12T09:41:30,1762920690000,SENSEX,2025-11-12T09:56:30,1762921590000,15,optimized,retrieval,481.25,481.25,481.25019
2025-11-12T09:41:30,1762920690000,SENSEX,2025-11-12T09:57:30,1762921650000,16,optimized,retrieval,481.25,481.25,481.25019
2025-11-12T09:41:30,1762920690000,SENSEX,2025-11-12T09:58:30,1762921710000,17,optimized,retrieval,481.25,481.25,481.25019
2025-11-12T09:41:30,1762920690000,SENSEX,2025-11-12T09:59:30,1762921770000,18,optimized,retrieval,481.25,481.25,481.25019
2025-11-12T09:41:30,1762920690000,SENSEX,2025-11-12T10:00:30,1762921830000,19,optimized,retrieval,481.25,481.25,481.25019
2025-11-12T09:41:30,1762920690000,SENSEX,2025-11-12T10:01:30,1762921890000,20,optimized,retrieval,481.25,481.25,481.25019
2025-11-12T09:41:30,1762920690000,SENSEX,2025-11-12T10:02:30,1762921950000,21,optimized,retrieval,481.25,481.25,481.25019
2025-11-12T09:41:30,1762920690000,SENSEX,2025-11-12T10:03:30,1762922010000,22,optimized,retrieval,481.25,481.25,481.25019
2025-11-12T09:41:30,1762920690000,SENSEX,2025-11-12T10:04:30,1762922070000,23,optimized,retrieval,481.25,481.25,481.25019
2025-11-12T09:41:30,1762920690000,SENSEX,2025-11-12T10:05:30,1762922130000,24,optimized,retrieval,481.25,481.25,481.25019
2025-11-12T09:41:30,1762920690000,SENSEX,2025-11-12T10:06:30,1762922190000,25,optimized,retrieval,481.25,481.25,481.25019
2025-11-12T09:41:30,1762920690000,SENSEX,2025-11-12T10:07:30,1762922250000,26,optimized,retrieval,481.25,481.25,481.25019
2025-11-12T09:41:30,1762920690000,SENSEX,2025-11-12T10:08:30,1762922310000,27,optimized,retrieval,481.25,481.25,481.25019
2025-11-12T09:41:30,1762920690000,SENSEX,2025-11-12T10:09:30,1762922370000,28,optimized,retrieval,481.25,481.25,481.25019
2025-11-12T09:41:30,1762920690000,SENSEX,2025-11-12T10:10:30,1762922430000,29,optimized,retrieval,481.25,481.25,481.25019
2025-11-12T09:41:30,1762920690000,SENSEX,2025-11-12T10:11:30,1762922490000,30,optimized,retrieval,481.25,481.25,481.25019
2025-11-12T09:41:30,1762920690000,SENSEX,2025-11-12T10:12:30,1762922550000,31,optimized,retrieval,481.25,481.25,481.25019
2025-11-12T09:41:30,1762920690000,SENSEX,2025-11-12T10:13:30,1762922610000,32,optimized,retrieval,481.25,481.25,481.25019
2025-11-12T09:41:30,1762920690000,SENSEX,2025-11-12T10:14:30,1762922670000,33,optimized,retrieval,481.25,481.25,481.25019
2025-11-12T09:41:30,1762920690000,SENSEX,2025-11-12T10:15:30,1762922730000,34,optimized,retrieval,481.25,481.25,481.25019
2025-11-12T09:41:30,1762920690000,SENSEX,2025-11-12T10:16:30,1762922790000,35,optimized,retrieval,481.25,481.25,481.25019
2025-11-12T09:41:30,1762920690000,SENSEX,2025-11-12T10:17:30,1762922850000,36,optimized,retrieval,481.25,481.25,481.25019
2025-11-12T09:41:30,1762920690000,SENSEX,2025-11-12T10:18:30,1762922910000,37,optimized,retrieval,481.25,481.25,481.25019
2025-11-12T09:41:30,1762920690000,SENSEX,2025-11-12T10:19:30,1762922970000,38,optimized,retrieval,481.25,481.25,481.25019
2025-11-12T09:41:30,1762920690000,SENSEX,2025-11-12T10:20:30,1762923030000,39,optimized,retrieval,481.25,481.25,481.25019
2025-11-12T09:41:30,1762920690000,SENSEX,2025-11-12T10:21:30,1762923090000,40,optimized,retrieval,481.25,481.25,481.25019
2025-11-12T09:41:30,1762920690000,SENSEX,2025-11-12T10:22:30,1762923150000,41,optimized,retrieval,481.25,481.25,481.25019
2025-11-12T09:41:30,1762920690000,SENSEX,2025-11-12T10:23:30,1762923210000,42,optimized,retrieval,481.25,481.25,481.25019
2025-11-12T09:41:30,1762920690000,SENSEX,2025-11-12T10:24:30,1762923270000,43,optimized,retrieval,481.25,481.25,481.25019
2025-11-12T09:41:30,1762920690000,SENSEX,2025-11-12T10:25:30,1762923330000,44,optimized,retrieval,481.25,481.25,481.25019
2025-11-12T09:41:30,1762920690000,SENSEX,2025-11-12T10:26:30,1762923390000,45,optimized,retrieval,481.25,481.25,481.25019
2025-11-12T09:41:30,1762920690000,SENSEX,2025-11-12T10:27:30,1762923450000,46,optimized,retrieval,481.25,481.25,481.25019
2025-11-12T09:41:30,1762920690000,SENSEX,2025-11-12T10:28:30,1762923510000,47,optimized,retrieval,481.25,481.25,481.25019
2025-11-12T09:41:30,1762920690000,SENSEX,2025-11-12T10:29:30,1762923570000,48,optimized,retrieval,481.25,481.25,481.25019
2025-11-12T09:41:30,1762920690000,SENSEX,2025-11-12T10:30:30,1762923630000,49,optimized,retrieval,481.25,481.25,481.25019
2025-11-12T09:41:30,1762920690000,SENSEX,2025-11-12T10:31:30,1762923690000,50,optimized,retrieval,481.25,481.25,481.25019
2025-11-12T09:41:30,1762920690000,SENSEX,2025-11-12T10:32:30,1762923750000,51,optimized,retrieval,481.25,481.25,481.25019
2025-11-12T09:41:30,1762920690000,SENSEX,2025-11-12T10:33:30,1762923810000,52,optimized,retrieval,481.25,481.25,481.25019
2025-11-12T09:41:30,1762920690000,SENSEX,2025-11-12T10:34:30,1762923870000,53,optimized,retrieval,481.25,481.25,481.25019
2025-11-12T09:41:30,1762920690000,SENSEX,2025-11-12T10:35:30,1762923930000,54,optimized,retrieval,481.25,481.25,481.25019
2025-11-12T09:41:30,1762920690000,SENSEX,2025-11-12T10:36:30,1762923990000,55,optimized,retrieval,481.25,481.25,481.25019
2025-11-12T09:41:30,1762920690000,SENSEX,2025-11-12T10:37:30,1762924050000,56,optimized,retrieval,481.25,481.25,481.25019
2025-11-12T09:41:30,1762920690000,SENSEX,2025-11-12T10:38:30,1762924110000,57,optimized,retrieval,481.25,481.25,481.25019
2025-11-12T09:41:30,1762920690000,SENSEX,2025-11-12T10:39:30,1762924170000,58,optimized,retrieval,481.25,481.25,481.25019
2025-11-12T09:41:30,1762920690000,SENSEX,2025-11-12T10:40:30,1762924230000,59,optimized,retrieval,481.25,481.25,481.25019
2025-11-12T09:41:30,1762920690000,SENSEX,2025-11-12T10:41:30,1762924290000,60,optimized,retrieval,481.25,481.25,481.25019
2025-11-12T09:59:00,1762921740000,SENSEX,2025-11-12T10:00:00,1762921800000,1,optimized,retrieval,468.65,468.65,468.65018999999995
2025-11-12T09:59:00,1762921740000,SENSEX,2025-11-12T10:01:00,1762921860000,2,optimized,retrieval,468.65,468.65,468.65018999999995
2025-11-12T09:59:00,1762921740000,SENSEX,2025-11-12T10:02:00,1762921920000,3,optimized,retrieval,468.65,468.65,468.65018999999995
2025-11-12T09:59:00,1762921740000,SENSEX,2025-11-12T10:03:00,1762921980000,4,optimized,retrieval,468.65,468.65,468.65018999999995
2025-11-12T09:59:00,1762921740000,SENSEX,2025-11-12T10:04:00,1762922040000,5,optimized,retrieval,468.65,468.65,468.65018999999995
2025-11-12T09:59:00,1762921740000,SENSEX,2025-11-12T10:05:00,1762922100000,6,optimized,retrieval,468.65,468.65,468.65018999999995
2025-11-12T09:59:00,1762921740000,SENSEX,2025-11-12T10:06:00,1762922160000,7,optimized,retrieval,468.65,468.65,468.65018999999995
2025-11-12T09:59:00,1762921740000,SENSEX,2025-11-12T10:07:00,1762922220000,8,optimized,retrieval,468.65,468.65,468.65018999999995
2025-11-12T09:59:00,1762921740000,SENSEX,2025-11-12T10:08:00,1762922280000,9,optimized,retrieval,468.65,468.65,468.65018999999995
2025-11-12T09:59:00,1762921740000,SENSEX,2025-11-12T10:09:00,1762922340000,10,optimized,retrieval,468.65,468.65,468.65018999999995
2025-11-12T09:59:00,1762921740000,SENSEX,2025-11-12T10:10:00,1762922400000,11,optimized,retrieval,468.65,468.65,468.65018999999995
2025-11-12T09:59:00,1762921740000,SENSEX,2025-11-12T10:11:00,1762922460000,12,optimized,retrieval,468.65,468.65,468.65018999999995
2025-11-12T09:59:00,1762921740000,SENSEX,2025-11-12T10:12:00,1762922520000,13,optimized,retrieval,468.65,468.65,468.65018999999995
2025-11-12T09:59:00,1762921740000,SENSEX,2025-11-12T10:13:00,1762922580000,14,optimized,retrieval,468.65,468.65,468.65018999999995
2025-11-12T09:59:00,1762921740000,SENSEX,2025-11-12T10:14:00,1762922640000,15,optimized,retrieval,468.65,468.65,468.65018999999995
2025-11-12T09:59:00,1762921740000,SENSEX,2025-11-12T10:15:00,1762922700000,16,optimized,retrieval,468.65,468.65,468.65018999999995
2025-11-12T09:59:00,1762921740000,SENSEX,2025-11-12T10:16:00,1762922760000,17,optimized,retrieval,468.65,468.65,468.65018999999995
2025-11-12T09:59:00,1762921740000,SENSEX,2025-11-12T10:17:00,1762922820000,18,optimized,retrieval,468.65,468.65,468.65018999999995
2025-11-12T09:59:00,1762921740000,SENSEX,2025-11-12T10:18:00,1762922880000,19,optimized,retrieval,468.65,468.65,468.65018999999995
2025-11-12T09:59:00,1762921740000,SENSEX,2025-11-12T10:19:00,1762922940000,20,optimized,retrieval,468.65,468.65,468.65018999999995
2025-11-12T09:59:00,1762921740000,SENSEX,2025-11-12T10:20:00,1762923000000,21,optimized,retrieval,468.65,468.65,468.65018999999995
2025-11-12T09:59:00,1762921740000,SENSEX,2025-11-12T10:21:00,1762923060000,22,optimized,retrieval,468.65,468.65,468.65018999999995
2025-11-12T09:59:00,1762921740000,SENSEX,2025-11-12T10:22:00,1762923120000,23,optimized,retrieval,468.65,468.65,468.65018999999995
2025-11-12T09:59:00,1762921740000,SENSEX,2025-11-12T10:23:00,1762923180000,24,optimized,retrieval,468.65,468.65,468.65018999999995
2025-11-12T09:59:00,1762921740000,SENSEX,2025-11-12T10:24:00,1762923240000,25,optimized,retrieval,468.65,468.65,468.65018999999995
2025-11-12T09:59:00,1762921740000,SENSEX,2025-11-12T10:25:00,1762923300000,26,optimized,retrieval,468.65,468.65,468.65018999999995
2025-11-12T09:59:00,1762921740000,SENSEX,2025-11-12T10:26:00,1762923360000,27,optimized,retrieval,468.65,468.65,468.65018999999995
2025-11-12T09:59:00,1762921740000,SENSEX,2025-11-12T10:27:00,1762923420000,28,optimized,retrieval,468.65,468.65,468.65018999999995
2025-11-12T09:59:00,1762921740000,SENSEX,2025-11-12T10:28:00,1762923480000,29,optimized,retrieval,468.65,468.65,468.65018999999995
2025-11-12T09:59:00,1762921740000,SENSEX,2025-11-12T10:29:00,1762923540000,30,optimized,retrieval,468.65,468.65,468.65018999999995
2025-11-12T09:59:00,1762921740000,SENSEX,2025-11-12T10:30:00,1762923600000,31,optimized,retrieval,468.65,468.65,468.65018999999995
2025-11-12T09:59:00,1762921740000,SENSEX,2025-11-12T10:31:00,1762923660000,32,optimized,retrieval,468.65,468.65,468.65018999999995
2025-11-12T09:59:00,1762921740000,SENSEX,2025-11-12T10:32:00,1762923720000,33,optimized,retrieval,468.65,468.65,468.65018999999995
2025-11-12T09:59:00,1762921740000,SENSEX,2025-11-12T10:33:00,1762923780000,34,optimized,retrieval,468.65,468.65,468.65018999999995
2025-11-12T09:59:00,1762921740000,SENSEX,2025-11-12T10:34:00,1762923840000,35,optimized,retrieval,468.65,468.65,468.65018999999995
2025-11-12T09:59:00,1762921740000,SENSEX,2025-11-12T10:35:00,1762923900000,36,optimized,retrieval,468.65,468.65,468.65018999999995
2025-11-12T09:59:00,1762921740000,SENSEX,2025-11-12T10:36:00,1762923960000,37,optimized,retrieval,468.65,468.65,468.65018999999995
2025-11-12T09:59:00,1762921740000,SENSEX,2025-11-12T10:37:00,1762924020000,38,optimized,retrieval,468.65,468.65,468.65018999999995
2025-11-12T09:59:00,1762921740000,SENSEX,2025-11-12T10:38:00,1762924080000,39,optimized,retrieval,468.65,468.65,468.65018999999995
2025-11-12T09:59:00,1762921740000,SENSEX,2025-11-12T10:39:00,1762924140000,40,optimized,retrieval,468.65,468.65,468.65018999999995
2025-11-12T09:59:00,1762921740000,SENSEX,2025-11-12T10:40:00,1762924200000,41,optimized,retrieval,468.65,468.65,468.65018999999995
2025-11-12T09:59:00,1762921740000,SENSEX,2025-11-12T10:41:00,1762924260000,42,optimized,retrieval,468.65,468.65,468.65018999999995
2025-11-12T09:59:00,1762921740000,SENSEX,2025-11-12T10:42:00,1762924320000,43,optimized,retrieval,468.65,468.65,468.65018999999995
2025-11-12T09:59:00,1762921740000,SENSEX,2025-11-12T10:43:00,1762924380000,44,optimized,retrieval,468.65,468.65,468.65018999999995
2025-11-12T09:59:00,1762921740000,SENSEX,2025-11-12T10:44:00,1762924440000,45,optimized,retrieval,468.65,468.65,468.65018999999995
2025-11-12T09:59:00,1762921740000,SENSEX,2025-11-12T10:45:00,1762924500000,46,optimized,retrieval,468.65,468.65,468.65018999999995
2025-11-12T09:59:00,1762921740000,SENSEX,2025-11-12T10:46:00,1762924560000,47,optimized,retrieval,468.65,468.65,468.65018999999995
2025-11-12T09:59:00,1762921740000,SENSEX,2025-11-12T10:47:00,1762924620000,48,optimized,retrieval,468.65,468.65,468.65018999999995
2025-11-12T09:59:00,1762921740000,SENSEX,2025-11-12T10:48:00,1762924680000,49,optimized,retrieval,468.65,468.65,468.65018999999995
2025-11-12T09:59:00,1762921740000,SENSEX,2025-11-12T10:49:00,1762924740000,50,optimized,retrieval,468.65,468.65,468.65018999999995
2025-11-12T09:59:00,1762921740000,SENSEX,2025-11-12T10:50:00,1762924800000,51,optimized,retrieval,468.65,468.65,468.65018999999995
2025-11-12T09:59:00,1762921740000,SENSEX,2025-11-12T10:51:00,1762924860000,52,optimized,retrieval,468.65,468.65,468.65018999999995
2025-11-12T09:59:00,1762921740000,SENSEX,2025-11-12T10:52:00,1762924920000,53,optimized,retrieval,468.65,468.65,468.65018999999995
2025-11-12T09:59:00,1762921740000,SENSEX,2025-11-12T10:53:00,1762924980000,54,optimized,retrieval,468.65,468.65,468.65018999999995
2025-11-12T09:59:00,1762921740000,SENSEX,2025-11-12T10:54:00,1762925040000,55,optimized,retrieval,468.65,468.65,468.65018999999995
2025-11-12T09:59:00,1762921740000,SENSEX,2025-11-12T10:55:00,1762925100000,56,optimized,retrieval,468.65,468.65,468.65018999999995
2025-11-12T09:59:00,1762921740000,SENSEX,2025-11-12T10:56:00,1762925160000,57,optimized,retrieval,468.65,468.65,468.65018999999995
2025-11-12T09:59:00,1762921740000,SENSEX,2025-11-12T10:57:00,1762925220000,58,optimized,retrieval,468.65,468.65,468.65018999999995
2025-11-12T09:59:00,1762921740000,SENSEX,2025-11-12T10:58:00,1762925280000,59,optimized,retrieval,468.65,468.65,468.65018999999995
2025-11-12T09:59:00,1762921740000,SENSEX,2025-11-12T10:59:00,1762925340000,60,optimized,retrieval,468.65,468.65,468.65018999999995
2025-11-12T09:59:30,1762921770000,SENSEX,2025-11-12T10:00:30,1762921830000,1,optimized,retrieval,467.8,467.8,467.80019
2025-11-12T09:59:30,1762921770000,SENSEX,2025-11-12T10:01:30,1762921890000,2,optimized,retrieval,467.8,467.8,467.80019
2025-11-12T09:59:30,1762921770000,SENSEX,2025-11-12T10:02:30,1762921950000,3,optimized,retrieval,467.8,467.8,467.80019
2025-11-12T09:59:30,1762921770000,SENSEX,2025-11-12T10:03:30,1762922010000,4,optimized,retrieval,467.8,467.8,467.80019
2025-11-12T09:59:30,1762921770000,SENSEX,2025-11-12T10:04:30,1762922070000,5,optimized,retrieval,467.8,467.8,467.80019
2025-11-12T09:59:30,1762921770000,SENSEX,2025-11-12T10:05:30,1762922130000,6,optimized,retrieval,467.8,467.8,467.80019
2025-11-12T09:59:30,1762921770000,SENSEX,2025-11-12T10:06:30,1762922190000,7,optimized,retrieval,467.8,467.8,467.80019
2025-11-12T09:59:30,1762921770000,SENSEX,2025-11-12T10:07:30,1762922250000,8,optimized,retrieval,467.8,467.8,467.80019
2025-11-12T09:59:30,1762921770000,SENSEX,2025-11-12T10:08:30,1762922310000,9,optimized,retrieval,467.8,467.8,467.80019
2025-11-12T09:59:30,1762921770000,SENSEX,2025-11-12T10:09:30,1762922370000,10,optimized,retrieval,467.8,467.8,467.80019
2025-11-12T09:59:30,1762921770000,SENSEX,2025-11-12T10:10:30,1762922430000,11,optimized,retrieval,467.8,467.8,467.80019
2025-11-12T09:59:30,1762921770000,SENSEX,2025-11-12T10:11:30,1762922490000,12,optimized,retrieval,467.8,467.8,467.80019
2025-11-12T09:59:30,1762921770000,SENSEX,2025-11-12T10:12:30,1762922550000,13,optimized,retrieval,467.8,467.8,467.80019
2025-11-12T09:59:30,1762921770000,SENSEX,2025-11-12T10:13:30,1762922610000,14,optimized,retrieval,467.8,467.8,467.80019
2025-11-12T09:59:30,1762921770000,SENSEX,2025-11-12T10:14:30,1762922670000,15,optimized,retrieval,467.8,467.8,467.80019
2025-11-12T09:59:30,1762921770000,SENSEX,2025-11-12T10:15:30,1762922730000,16,optimized,retrieval,467.8,467.8,467.80019
2025-11-12T09:59:30,1762921770000,SENSEX,2025-11-12T10:16:30,1762922790000,17,optimized,retrieval,467.8,467.8,467.80019
2025-11-12T09:59:30,1762921770000,SENSEX,2025-11-12T10:17:30,1762922850000,18,optimized,retrieval,467.8,467.8,467.80019
2025-11-12T09:59:30,1762921770000,SENSEX,2025-11-12T10:18:30,1762922910000,19,optimized,retrieval,467.8,467.8,467.80019
2025-11-12T09:59:30,1762921770000,SENSEX,2025-11-12T10:19:30,1762922970000,20,optimized,retrieval,467.8,467.8,467.80019
2025-11-12T09:59:30,1762921770000,SENSEX,2025-11-12T10:20:30,1762923030000,21,optimized,retrieval,467.8,467.8,467.80019
2025-11-12T09:59:30,1762921770000,SENSEX,2025-11-12T10:21:30,1762923090000,22,optimized,retrieval,467.8,467.8,467.80019
2025-11-12T09:59:30,1762921770000,SENSEX,2025-11-12T10:22:30,1762923150000,23,optimized,retrieval,467.8,467.8,467.80019
2025-11-12T09:59:30,1762921770000,SENSEX,2025-11-12T10:23:30,1762923210000,24,optimized,retrieval,467.8,467.8,467.80019
2025-11-12T09:59:30,1762921770000,SENSEX,2025-11-12T10:24:30,1762923270000,25,optimized,retrieval,467.8,467.8,467.80019
2025-11-12T09:59:30,1762921770000,SENSEX,2025-11-12T10:25:30,1762923330000,26,optimized,retrieval,467.8,467.8,467.80019
2025-11-12T09:59:30,1762921770000,SENSEX,2025-11-12T10:26:30,1762923390000,27,optimized,retrieval,467.8,467.8,467.80019
2025-11-12T09:59:30,1762921770000,SENSEX,2025-11-12T10:27:30,1762923450000,28,optimized,retrieval,467.8,467.8,467.80019
2025-11-12T09:59:30,1762921770000,SENSEX,2025-11-12T10:28:30,1762923510000,29,optimized,retrieval,467.8,467.8,467.80019
2025-11-12T09:59:30,1762921770000,SENSEX,2025-11-12T10:29:30,1762923570000,30,optimized,retrieval,467.8,467.8,467.80019
2025-11-12T09:59:30,1762921770000,SENSEX,2025-11-12T10:30:30,1762923630000,31,optimized,retrieval,467.8,467.8,467.80019
2025-11-12T09:59:30,1762921770000,SENSEX,2025-11-12T10:31:30,1762923690000,32,optimized,retrieval,467.8,467.8,467.80019
2025-11-12T09:59:30,1762921770000,SENSEX,2025-11-12T10:32:30,1762923750000,33,optimized,retrieval,467.8,467.8,467.80019
2025-11-12T09:59:30,1762921770000,SENSEX,2025-11-12T10:33:30,1762923810000,34,optimized,retrieval,467.8,467.8,467.80019
2025-11-12T09:59:30,1762921770000,SENSEX,2025-11-12T10:34:30,1762923870000,35,optimized,retrieval,467.8,467.8,467.80019
2025-11-12T09:59:30,1762921770000,SENSEX,2025-11-12T10:35:30,1762923930000,36,optimized,retrieval,467.8,467.8,467.80019
2025-11-12T09:59:30,1762921770000,SENSEX,2025-11-12T10:36:30,1762923990000,37,optimized,retrieval,467.8,467.8,467.80019
2025-11-12T09:59:30,1762921770000,SENSEX,2025-11-12T10:37:30,1762924050000,38,optimized,retrieval,467.8,467.8,467.80019
2025-11-12T09:59:30,1762921770000,SENSEX,2025-11-12T10:38:30,1762924110000,39,optimized,retrieval,467.8,467.8,467.80019
2025-11-12T09:59:30,1762921770000,SENSEX,2025-11-12T10:39:30,1762924170000,40,optimized,retrieval,467.8,467.8,467.80019
2025-11-12T09:59:30,1762921770000,SENSEX,2025-11-12T10:40:30,1762924230000,41,optimized,retrieval,467.8,467.8,467.80019
2025-11-12T09:59:30,1762921770000,SENSEX,2025-11-12T10:41:30,1762924290000,42,optimized,retrieval,467.8,467.8,467.80019
2025-11-12T09:59:30,1762921770000,SENSEX,2025-11-12T10:42:30,1762924350000,43,optimized,retrieval,467.8,467.8,467.80019
2025-11-12T09:59:30,1762921770000,SENSEX,2025-11-12T10:43:30,1762924410000,44,optimized,retrieval,467.8,467.8,467.80019
2025-11-12T09:59:30,1762921770000,SENSEX,2025-11-12T10:44:30,1762924470000,45,optimized,retrieval,467.8,467.8,467.80019
2025-11-12T09:59:30,1762921770000,SENSEX,2025-11-12T10:45:30,1762924530000,46,optimized,retrieval,467.8,467.8,467.80019
2025-11-12T09:59:30,1762921770000,SENSEX,2025-11-12T10:46:30,1762924590000,47,optimized,retrieval,467.8,467.8,467.80019
2025-11-12T09:59:30,1762921770000,SENSEX,2025-11-12T10:47:30,1762924650000,48,optimized,retrieval,467.8,467.8,467.80019
2025-11-12T09:59:30,1762921770000,SENSEX,2025-11-12T10:48:30,1762924710000,49,optimized,retrieval,467.8,467.8,467.80019
2025-11-12T09:59:30,1762921770000,SENSEX,2025-11-12T10:49:30,1762924770000,50,optimized,retrieval,467.8,467.8,467.80019
2025-11-12T09:59:30,1762921770000,SENSEX,2025-11-12T10:50:30,1762924830000,51,optimized,retrieval,467.8,467.8,467.80019
2025-11-12T09:59:30,1762921770000,SENSEX,2025-11-12T10:51:30,1762924890000,52,optimized,retrieval,467.8,467.8,467.80019
2025-11-12T09:59:30,1762921770000,SENSEX,2025-11-12T10:52:30,1762924950000,53,optimized,retrieval,467.8,467.8,467.80019
2025-11-12T09:59:30,1762921770000,SENSEX,2025-11-12T10:53:30,1762925010000,54,optimized,retrieval,467.8,467.8,467.80019
2025-11-12T09:59:30,1762921770000,SENSEX,2025-11-12T10:54:30,1762925070000,55,optimized,retrieval,467.8,467.8,467.80019
2025-11-12T09:59:30,1762921770000,SENSEX,2025-11-12T10:55:30,1762925130000,56,optimized,retrieval,467.8,467.8,467.80019
2025-11-12T09:59:30,1762921770000,SENSEX,2025-11-12T10:56:30,1762925190000,57,optimized,retrieval,467.8,467.8,467.80019
2025-11-12T09:59:30,1762921770000,SENSEX,2025-11-12T10:57:30,1762925250000,58,optimized,retrieval,467.8,467.8,467.80019
2025-11-12T09:59:30,1762921770000,SENSEX,2025-11-12T10:58:30,1762925310000,59,optimized,retrieval,467.8,467.8,467.80019
2025-11-12T09:59:30,1762921770000,SENSEX,2025-11-12T10:59:30,1762925370000,60,optimized,retrieval,467.8,467.8,467.80019
2025-11-12T09:59:30,1762921770000,SENSEX,2025-11-12T10:00:30,1762921830000,1,optimized,retrieval,467.8,467.8,467.80019
2025-11-12T09:59:30,1762921770000,SENSEX,2025-11-12T10:01:30,1762921890000,2,optimized,retrieval,467.8,467.8,467.80019
2025-11-12T09:59:30,1762921770000,SENSEX,2025-11-12T10:02:30,1762921950000,3,optimized,retrieval,467.8,467.8,467.80019
2025-11-12T09:59:30,1762921770000,SENSEX,2025-11-12T10:03:30,1762922010000,4,optimized,retrieval,467.8,467.8,467.80019
2025-11-12T09:59:30,1762921770000,SENSEX,2025-11-12T10:04:30,1762922070000,5,optimized,retrieval,467.8,467.8,467.80019
2025-11-12T09:59:30,1762921770000,SENSEX,2025-11-12T10:05:30,1762922130000,6,optimized,retrieval,467.8,467.8,467.80019
2025-11-12T09:59:30,1762921770000,SENSEX,2025-11-12T10:06:30,1762922190000,7,optimized,retrieval,467.8,467.8,467.80019
2025-11-12T09:59:30,1762921770000,SENSEX,2025-11-12T10:07:30,1762922250000,8,optimized,retrieval,467.8,467.8,467.80019
2025-11-12T09:59:30,1762921770000,SENSEX,2025-11-12T10:08:30,1762922310000,9,optimized,retrieval,467.8,467.8,467.80019
2025-11-12T09:59:30,1762921770000,SENSEX,2025-11-12T10:09:30,1762922370000,10,optimized,retrieval,467.8,467.8,467.80019
2025-11-12T09:59:30,1762921770000,SENSEX,2025-11-12T10:10:30,1762922430000,11,optimized,retrieval,467.8,467.8,467.80019
2025-11-12T09:59:30,1762921770000,SENSEX,2025-11-12T10:11:30,1762922490000,12,optimized,retrieval,467.8,467.8,467.80019
2025-11-12T09:59:30,1762921770000,SENSEX,2025-11-12T10:12:30,1762922550000,13,optimized,retrieval,467.8,467.8,467.80019
2025-11-12T09:59:30,1762921770000,SENSEX,2025-11-12T10:13:30,1762922610000,14,optimized,retrieval,467.8,467.8,467.80019
2025-11-12T09:59:30,1762921770000,SENSEX,2025-11-12T10:14:30,1762922670000,15,optimized,retrieval,467.8,467.8,467.80019
2025-11-12T09:59:30,1762921770000,SENSEX,2025-11-12T10:15:30,1762922730000,16,optimized,retrieval,467.8,467.8,467.80019
2025-11-12T09:59:30,1762921770000,SENSEX,2025-11-12T10:16:30,1762922790000,17,optimized,retrieval,467.8,467.8,467.80019
2025-11-12T09:59:30,1762921770000,SENSEX,2025-11-12T10:17:30,1762922850000,18,optimized,retrieval,467.8,467.8,467.80019
2025-11-12T09:59:30,1762921770000,SENSEX,2025-11-12T10:18:30,1762922910000,19,optimized,retrieval,467.8,467.8,467.80019
2025-11-12T09:59:30,1762921770000,SENSEX,2025-11-12T10:19:30,1762922970000,20,optimized,retrieval,467.8,467.8,467.80019
2025-11-12T09:59:30,1762921770000,SENSEX,2025-11-12T10:20:30,1762923030000,21,optimized,retrieval,467.8,467.8,467.80019
2025-11-12T09:59:30,1762921770000,SENSEX,2025-11-12T10:21:30,1762923090000,22,optimized,retrieval,467.8,467.8,467.80019
2025-11-12T09:59:30,1762921770000,SENSEX,2025-11-12T10:22:30,1762923150000,23,optimized,retrieval,467.8,467.8,467.80019
2025-11-12T09:59:30,1762921770000,SENSEX,2025-11-12T10:23:30,1762923210000,24,optimized,retrieval,467.8,467.8,467.80019
2025-11-12T09:59:30,1762921770000,SENSEX,2025-11-12T10:24:30,1762923270000,25,optimized,retrieval,467.8,467.8,467.80019
2025-11-12T09:59:30,1762921770000,SENSEX,2025-11-12T10:25:30,1762923330000,26,optimized,retrieval,467.8,467.8,467.80019
2025-11-12T09:59:30,1762921770000,SENSEX,2025-11-12T10:26:30,1762923390000,27,optimized,retrieval,467.8,467.8,467.80019
2025-11-12T09:59:30,1762921770000,SENSEX,2025-11-12T10:27:30,1762923450000,28,optimized,retrieval,467.8,467.8,467.80019
2025-11-12T09:59:30,1762921770000,SENSEX,2025-11-12T10:28:30,1762923510000,29,optimized,retrieval,467.8,467.8,467.80019
2025-11-12T09:59:30,1762921770000,SENSEX,2025-11-12T10:29:30,1762923570000,30,optimized,retrieval,467.8,467.8,467.80019
2025-11-12T09:59:30,1762921770000,SENSEX,2025-11-12T10:30:30,1762923630000,31,optimized,retrieval,467.8,467.8,467.80019
2025-11-12T09:59:30,1762921770000,SENSEX,2025-11-12T10:31:30,1762923690000,32,optimized,retrieval,467.8,467.8,467.80019
2025-11-12T09:59:30,1762921770000,SENSEX,2025-11-12T10:32:30,1762923750000,33,optimized,retrieval,467.8,467.8,467.80019
2025-11-12T09:59:30,1762921770000,SENSEX,2025-11-12T10:33:30,1762923810000,34,optimized,retrieval,467.8,467.8,467.80019
2025-11-12T09:59:30,1762921770000,SENSEX,2025-11-12T10:34:30,1762923870000,35,optimized,retrieval,467.8,467.8,467.80019
2025-11-12T09:59:30,1762921770000,SENSEX,2025-11-12T10:35:30,1762923930000,36,optimized,retrieval,467.8,467.8,467.80019
2025-11-12T09:59:30,1762921770000,SENSEX,2025-11-12T10:36:30,1762923990000,37,optimized,retrieval,467.8,467.8,467.80019
2025-11-12T09:59:30,1762921770000,SENSEX,2025-11-12T10:37:30,1762924050000,38,optimized,retrieval,467.8,467.8,467.80019
2025-11-12T09:59:30,1762921770000,SENSEX,2025-11-12T10:38:30,1762924110000,39,optimized,retrieval,467.8,467.8,467.80019
2025-11-12T09:59:30,1762921770000,SENSEX,2025-11-12T10:39:30,1762924170000,40,optimized,retrieval,467.8,467.8,467.80019
2025-11-12T09:59:30,1762921770000,SENSEX,2025-11-12T10:40:30,1762924230000,41,optimized,retrieval,467.8,467.8,467.80019
2025-11-12T09:59:30,1762921770000,SENSEX,2025-11-12T10:41:30,1762924290000,42,optimized,retrieval,467.8,467.8,467.80019
2025-11-12T09:59:30,1762921770000,SENSEX,2025-11-12T10:42:30,1762924350000,43,optimized,retrieval,467.8,467.8,467.80019
2025-11-12T09:59:30,1762921770000,SENSEX,2025-11-12T10:43:30,1762924410000,44,optimized,retrieval,467.8,467.8,467.80019
2025-11-12T09:59:30,1762921770000,SENSEX,2025-11-12T10:44:30,1762924470000,45,optimized,retrieval,467.8,467.8,467.80019
2025-11-12T09:59:30,1762921770000,SENSEX,2025-11-12T10:45:30,1762924530000,46,optimized,retrieval,467.8,467.8,467.80019
2025-11-12T09:59:30,1762921770000,SENSEX,2025-11-12T10:46:30,1762924590000,47,optimized,retrieval,467.8,467.8,467.80019
2025-11-12T09:59:30,1762921770000,SENSEX,2025-11-12T10:47:30,1762924650000,48,optimized,retrieval,467.8,467.8,467.80019
2025-11-12T09:59:30,1762921770000,SENSEX,2025-11-12T10:48:30,1762924710000,49,optimized,retrieval,467.8,467.8,467.80019
2025-11-12T09:59:30,1762921770000,SENSEX,2025-11-12T10:49:30,1762924770000,50,optimized,retrieval,467.8,467.8,467.80019
2025-11-12T09:59:30,1762921770000,SENSEX,2025-11-12T10:50:30,1762924830000,51,optimized,retrieval,467.8,467.8,467.80019
2025-11-12T09:59:30,1762921770000,SENSEX,2025-11-12T10:51:30,1762924890000,52,optimized,retrieval,467.8,467.8,467.80019
2025-11-12T09:59:30,1762921770000,SENSEX,2025-11-12T10:52:30,1762924950000,53,optimized,retrieval,467.8,467.8,467.80019
2025-11-12T09:59:30,1762921770000,SENSEX,2025-11-12T10:53:30,1762925010000,54,optimized,retrieval,467.8,467.8,467.80019
2025-11-12T09:59:30,1762921770000,SENSEX,2025-11-12T10:54:30,1762925070000,55,optimized,retrieval,467.8,467.8,467.80019
2025-11-12T09:59:30,1762921770000,SENSEX,2025-11-12T10:55:30,1762925130000,56,optimized,retrieval,467.8,467.8,467.80019
2025-11-12T09:59:30,1762921770000,SENSEX,2025-11-12T10:56:30,1762925190000,57,optimized,retrieval,467.8,467.8,467.80019
2025-11-12T09:59:30,1762921770000,SENSEX,2025-11-12T10:57:30,1762925250000,58,optimized,retrieval,467.8,467.8,467.80019
2025-11-12T09:59:30,1762921770000,SENSEX,2025-11-12T10:58:30,1762925310000,59,optimized,retrieval,467.8,467.8,467.80019
2025-11-12T09:59:30,1762921770000,SENSEX,2025-11-12T10:59:30,1762925370000,60,optimized,retrieval,467.8,467.8,467.80019
2025-11-12T09:59:30,1762921770000,SENSEX,2025-11-12T10:00:30,1762921830000,1,base,retrieval,467.8,467.8,467.80019
2025-11-12T09:59:30,1762921770000,SENSEX,2025-11-12T10:01:30,1762921890000,2,base,retrieval,467.8,467.8,467.80019
2025-11-12T09:59:30,1762921770000,SENSEX,2025-11-12T10:02:30,1762921950000,3,base,retrieval,467.8,467.8,467.80019
2025-11-12T09:59:30,1762921770000,SENSEX,2025-11-12T10:03:30,1762922010000,4,base,retrieval,467.8,467.8,467.80019
2025-11-12T09:59:30,1762921770000,SENSEX,2025-11-12T10:04:30,1762922070000,5,base,retrieval,467.8,467.8,467.80019
2025-11-12T09:59:30,1762921770000,SENSEX,2025-11-12T10:05:30,1762922130000,6,base,retrieval,467.8,467.8,467.80019
2025-11-12T09:59:30,1762921770000,SENSEX,2025-11-12T10:06:30,1762922190000,7,base,retrieval,467.8,467.8,467.80019
2025-11-12T09:59:30,1762921770000,SENSEX,2025-11-12T10:07:30,1762922250000,8,base,retrieval,467.8,467.8,467.80019
2025-11-12T09:59:30,1762921770000,SENSEX,2025-11-12T10:08:30,1762922310000,9,base,retrieval,467.8,467.8,467.80019
2025-11-12T09:59:30,1762921770000,SENSEX,2025-11-12T10:09:30,1762922370000,10,base,retrieval,467.8,467.8,467.80019
2025-11-12T09:59:30,1762921770000,SENSEX,2025-11-12T10:10:30,1762922430000,11,base,retrieval,467.8,467.8,467.80019
2025-11-12T09:59:30,1762921770000,SENSEX,2025-11-12T10:11:30,1762922490000,12,base,retrieval,467.8,467.8,467.80019
2025-11-12T09:59:30,1762921770000,SENSEX,2025-11-12T10:12:30,1762922550000,13,base,retrieval,467.8,467.8,467.80019
2025-11-12T09:59:30,1762921770000,SENSEX,2025-11-12T10:13:30,1762922610000,14,base,retrieval,467.8,467.8,467.80019
2025-11-12T09:59:30,1762921770000,SENSEX,2025-11-12T10:14:30,1762922670000,15,base,retrieval,467.8,467.8,467.80019
2025-11-12T09:59:30,1762921770000,SENSEX,2025-11-12T10:15:30,1762922730000,16,base,retrieval,467.8,467.8,467.80019
2025-11-12T09:59:30,1762921770000,SENSEX,2025-11-12T10:16:30,1762922790000,17,base,retrieval,467.8,467.8,467.80019
2025-11-12T09:59:30,1762921770000,SENSEX,2025-11-12T10:17:30,1762922850000,18,base,retrieval,467.8,467.8,467.80019
2025-11-12T09:59:30,1762921770000,SENSEX,2025-11-12T10:18:30,1762922910000,19,base,retrieval,467.8,467.8,467.80019
2025-11-12T09:59:30,1762921770000,SENSEX,2025-11-12T10:19:30,1762922970000,20,base,retrieval,467.8,467.8,467.80019
2025-11-12T09:59:30,1762921770000,SENSEX,2025-11-12T10:20:30,1762923030000,21,base,retrieval,467.8,467.8,467.80019
2025-11-12T09:59:30,1762921770000,SENSEX,2025-11-12T10:21:30,1762923090000,22,base,retrieval,467.8,467.8,467.80019
2025-11-12T09:59:30,1762921770000,SENSEX,2025-11-12T10:22:30,1762923150000,23,base,retrieval,467.8,467.8,467.80019
2025-11-12T09:59:30,1762921770000,SENSEX,2025-11-12T10:23:30,1762923210000,24,base,retrieval,467.8,467.8,467.80019
2025-11-12T09:59:30,1762921770000,SENSEX,2025-11-12T10:24:30,1762923270000,25,base,retrieval,467.8,467.8,467.80019
2025-11-12T09:59:30,1762921770000,SENSEX,2025-11-12T10:25:30,1762923330000,26,base,retrieval,467.8,467.8,467.80019
2025-11-12T09:59:30,1762921770000,SENSEX,2025-11-12T10:26:30,1762923390000,27,base,retrieval,467.8,467.8,467.80019
2025-11-12T09:59:30,1762921770000,SENSEX,2025-11-12T10:27:30,1762923450000,28,base,retrieval,467.8,467.8,467.80019
2025-11-12T09:59:30,1762921770000,SENSEX,2025-11-12T10:28:30,1762923510000,29,base,retrieval,467.8,467.8,467.80019
2025-11-12T09:59:30,1762921770000,SENSEX,2025-11-12T10:29:30,1762923570000,30,base,retrieval,467.8,467.8,467.80019
2025-11-12T09:59:30,1762921770000,SENSEX,2025-11-12T10:30:30,1762923630000,31,base,retrieval,467.8,467.8,467.80019
2025-11-12T09:59:30,1762921770000,SENSEX,2025-11-12T10:31:30,1762923690000,32,base,retrieval,467.8,467.8,467.80019
2025-11-12T09:59:30,1762921770000,SENSEX,2025-11-12T10:32:30,1762923750000,33,base,retrieval,467.8,467.8,467.80019
2025-11-12T09:59:30,1762921770000,SENSEX,2025-11-12T10:33:30,1762923810000,34,base,retrieval,467.8,467.8,467.80019
2025-11-12T09:59:30,1762921770000,SENSEX,2025-11-12T10:34:30,1762923870000,35,base,retrieval,467.8,467.8,467.80019
2025-11-12T09:59:30,1762921770000,SENSEX,2025-11-12T10:35:30,1762923930000,36,base,retrieval,467.8,467.8,467.80019
2025-11-12T09:59:30,1762921770000,SENSEX,2025-11-12T10:36:30,1762923990000,37,base,retrieval,467.8,467.8,467.80019
2025-11-12T09:59:30,1762921770000,SENSEX,2025-11-12T10:37:30,1762924050000,38,base,retrieval,467.8,467.8,467.80019
2025-11-12T09:59:30,1762921770000,SENSEX,2025-11-12T10:38:30,1762924110000,39,base,retrieval,467.8,467.8,467.80019
2025-11-12T09:59:30,1762921770000,SENSEX,2025-11-12T10:39:30,1762924170000,40,base,retrieval,467.8,467.8,467.80019
2025-11-12T09:59:30,1762921770000,SENSEX,2025-11-12T10:40:30,1762924230000,41,base,retrieval,467.8,467.8,467.80019
2025-11-12T09:59:30,1762921770000,SENSEX,2025-11-12T10:41:30,1762924290000,42,base,retrieval,467.8,467.8,467.80019
2025-11-12T09:59:30,1762921770000,SENSEX,2025-11-12T10:42:30,1762924350000,43,base,retrieval,467.8,467.8,467.80019
2025-11-12T09:59:30,1762921770000,SENSEX,2025-11-12T10:43:30,1762924410000,44,base,retrieval,467.8,467.8,467.80019
2025-11-12T09:59:30,1762921770000,SENSEX,2025-11-12T10:44:30,1762924470000,45,base,retrieval,467.8,467.8,467.80019
2025-11-12T09:59:30,1762921770000,SENSEX,2025-11-12T10:45:30,1762924530000,46,base,retrieval,467.8,467.8,467.80019
2025-11-12T09:59:30,1762921770000,SENSEX,2025-11-12T10:46:30,1762924590000,47,base,retrieval,467.8,467.8,467.80019
2025-11-12T09:59:30,1762921770000,SENSEX,2025-11-12T10:47:30,1762924650000,48,base,retrieval,467.8,467.8,467.80019
2025-11-12T09:59:30,1762921770000,SENSEX,2025-11-12T10:48:30,1762924710000,49,base,retrieval,467.8,467.8,467.80019
2025-11-12T09:59:30,1762921770000,SENSEX,2025-11-12T10:49:30,1762924770000,50,base,retrieval,467.8,467.8,467.80019
2025-11-12T09:59:30,1762921770000,SENSEX,2025-11-12T10:50:30,1762924830000,51,base,retrieval,467.8,467.8,467.80019
2025-11-12T09:59:30,1762921770000,SENSEX,2025-11-12T10:51:30,1762924890000,52,base,retrieval,467.8,467.8,467.80019
2025-11-12T09:59:30,1762921770000,SENSEX,2025-11-12T10:52:30,1762924950000,53,base,retrieval,467.8,467.8,467.80019
2025-11-12T09:59:30,1762921770000,SENSEX,2025-11-12T10:53:30,1762925010000,54,base,retrieval,467.8,467.8,467.80019
2025-11-12T09:59:30,1762921770000,SENSEX,2025-11-12T10:54:30,1762925070000,55,base,retrieval,467.8,467.8,467.80019
2025-11-12T09:59:30,1762921770000,SENSEX,2025-11-12T10:55:30,1762925130000,56,base,retrieval,467.8,467.8,467.80019
2025-11-12T09:59:30,1762921770000,SENSEX,2025-11-12T10:56:30,1762925190000,57,base,retrieval,467.8,467.8,467.80019
2025-11-12T09:59:30,1762921770000,SENSEX,2025-11-12T10:57:30,1762925250000,58,base,retrieval,467.8,467.8,467.80019
2025-11-12T09:59:30,1762921770000,SENSEX,2025-11-12T10:58:30,1762925310000,59,base,retrieval,467.8,467.8,467.80019
2025-11-12T09:59:30,1762921770000,SENSEX,2025-11-12T10:59:30,1762925370000,60,base,retrieval,467.8,467.8,467.80019
2025-11-12T09:59:30,1762921770000,SENSEX,2025-11-12T10:00:30,1762921830000,1,since_open,hybrid,461.6249999999999,467.8,488.3675000000001
2025-11-12T09:59:30,1762921770000,SENSEX,2025-11-12T10:01:30,1762921890000,2,since_open,hybrid,0.0,467.38,493.40999999999997
2025-11-12T09:59:30,1762921770000,SENSEX,2025-11-12T10:02:30,1762921950000,3,since_open,hybrid,461.7749999999998,466.43,475.2650000000001
2025-11-12T09:59:30,1762921770000,SENSEX,2025-11-12T10:03:30,1762922010000,4,since_open,hybrid,462.7099999999998,466.32,477.245
2025-11-12T09:59:30,1762921770000,SENSEX,2025-11-12T10:04:30,1762922070000,5,since_open,hybrid,0.0,465.56,482.0900000000001
2025-11-12T09:59:30,1762921770000,SENSEX,2025-11-12T10:05:30,1762922130000,6,since_open,hybrid,456.1974999999998,465.5075,475.9575
2025-11-12T09:59:30,1762921770000,SENSEX,2025-11-12T10:06:30,1762922190000,7,since_open,hybrid,456.1525,466.3175,492.1575
2025-11-12T09:59:30,1762921770000,SENSEX,2025-11-12T10:07:30,1762922250000,8,since_open,hybrid,0.0,467.0,499.87
2025-11-12T09:59:30,1762921770000,SENSEX,2025-11-12T10:08:30,1762922310000,9,since_open,hybrid,455.2350000000001,466.7775,484.54250000000025
2025-11-12T09:59:30,1762921770000,SENSEX,2025-11-12T10:09:30,1762922370000,10,since_open,hybrid,453.54749999999996,466.1825,501.8075000000001
2025-11-12T09:59:30,1762921770000,SENSEX,2025-11-12T10:10:30,1762922430000,11,since_open,hybrid,0.0,466.80750000000006,499.8674999999999
2025-11-12T09:59:30,1762921770000,SENSEX,2025-11-12T10:11:30,1762922490000,12,since_open,hybrid,457.3399999999999,464.32249999999993,495.91000000000014
2025-11-12T09:59:30,1762921770000,SENSEX,2025-11-12T10:12:30,1762922550000,13,since_open,hybrid,458.5575,465.34999999999997,496.32
2025-11-12T09:59:30,1762921770000,SENSEX,2025-11-12T10:13:30,1762922610000,14,since_open,hybrid,0.0,464.91249999999997,491.2750000000001
2025-11-12T09:59:30,1762921770000,SENSEX,2025-11-12T10:14:30,1762922670000,15,since_open,hybrid,450.57999999999987,468.25,499.88500000000016
2025-11-12T09:59:30,1762921770000,SENSEX,2025-11-12T10:15:30,1762922730000,16,since_open,hybrid,454.4074999999999,464.80999999999995,496.6825000000001
2025-11-12T09:59:30,1762921770000,SENSEX,2025-11-12T10:16:30,1762922790000,17,since_open,hybrid,0.0,463.97249999999997,496.5100000000001
2025-11-12T09:59:30,1762921770000,SENSEX,2025-11-12T10:17:30,1762922850000,18,since_open,hybrid,447.7274999999999,464.7325,500.0724999999998
2025-11-12T09:59:30,1762921770000,SENSEX,2025-11-12T10:18:30,1762922910000,19,since_open,hybrid,449.0475,463.9150000000001,497.0225000000002
2025-11-12T09:59:30,1762921770000,SENSEX,2025-11-12T10:19:30,1762922970000,20,since_open,hybrid,0.0,465.4825000000001,499.635
2025-11-12T09:59:30,1762921770000,SENSEX,2025-11-12T10:20:30,1762923030000,21,since_open,hybrid,444.23499999999996,463.23499999999996,488.8375
2025-11-12T09:59:30,1762921770000,SENSEX,2025-11-12T10:21:30,1762923090000,22,since_open,hybrid,444.28999999999996,463.765,490.31750000000005
2025-11-12T09:59:30,1762921770000,SENSEX,2025-11-12T10:22:30,1762923150000,23,since_open,hybrid,0.0,465.0975,489.51250000000005
2025-11-12T09:59:30,1762921770000,SENSEX,2025-11-12T10:23:30,1762923210000,24,since_open,hybrid,443.11249999999995,463.91749999999996,483.29750000000007
2025-11-12T09:59:30,1762921770000,SENSEX,2025-11-12T10:24:30,1762923270000,25,since_open,hybrid,441.59999999999997,465.01750000000004,486.77250000000015
2025-11-12T09:59:30,1762921770000,SENSEX,2025-11-12T10:25:30,1762923330000,26,since_open,hybrid,0.0,464.85499999999996,488.51000000000005
2025-11-12T09:59:30,1762921770000,SENSEX,2025-11-12T10:26:30,1762923390000,27,since_open,hybrid,438.4875,464.85,498.385
2025-11-12T09:59:30,1762921770000,SENSEX,2025-11-12T10:27:30,1762923450000,28,since_open,hybrid,442.06499999999994,463.155,504.8125
2025-11-12T09:59:30,1762921770000,SENSEX,2025-11-12T10:28:30,1762923510000,29,since_open,hybrid,0.0,462.275,497.71000000000004
2025-11-12T09:59:30,1762921770000,SENSEX,2025-11-12T10:29:30,1762923570000,30,since_open,hybrid,440.30749999999995,462.11,498.78000000000003
2025-11-12T09:59:30,1762921770000,SENSEX,2025-11-12T10:30:30,1762923630000,31,since_open,hybrid,434.175,462.58,499.1550000000001
2025-11-12T09:59:30,1762921770000,SENSEX,2025-11-12T10:31:30,1762923690000,32,since_open,hybrid,0.0,459.1700000000001,502.44250000000005
2025-11-12T09:59:30,1762921770000,SENSEX,2025-11-12T10:32:30,1762923750000,33,since_open,hybrid,438.24000000000007,461.03999999999996,490.5850000000002
2025-11-12T09:59:30,1762921770000,SENSEX,2025-11-12T10:33:30,1762923810000,34,since_open,hybrid,435.6025,460.5875,491.03500000000014
2025-11-12T09:59:30,1762921770000,SENSEX,2025-11-12T10:34:30,1762923870000,35,since_open,hybrid,0.0,460.3275,477.00000000000006
2025-11-12T09:59:30,1762921770000,SENSEX,2025-11-12T10:35:30,1762923930000,36,since_open,hybrid,431.8225000000002,460.13249999999994,490.0100000000002
2025-11-12T09:59:30,1762921770000,SENSEX,2025-11-12T10:36:30,1762923990000,37,since_open,hybrid,426.855,461.95750000000004,475.3525000000002
2025-11-12T09:59:30,1762921770000,SENSEX,2025-11-12T10:37:30,1762924050000,38,since_open,hybrid,0.0,458.09499999999997,481.65500000000014
2025-11-12T09:59:30,1762921770000,SENSEX,2025-11-12T10:38:30,1762924110000,39,since_open,hybrid,427.895,459.91,480.66750000000013
2025-11-12T09:59:30,1762921770000,SENSEX,2025-11-12T10:39:30,1762924170000,40,since_open,hybrid,427.3175,459.18999999999994,481.2300000000002
2025-11-12T09:59:30,1762921770000,SENSEX,2025-11-12T10:40:30,1762924230000,41,since_open,hybrid,0.0,457.6475000000001,481.20750000000004
2025-11-12T09:59:30,1762921770000,SENSEX,2025-11-12T10:41:30,1762924290000,42,since_open,hybrid,427.7474999999999,459.85749999999996,480.37750000000017
2025-11-12T09:59:30,1762921770000,SENSEX,2025-11-12T10:42:30,1762924350000,43,since_open,hybrid,425.37250000000006,458.3375,481.2800000000002
2025-11-12T09:59:30,1762921770000,SENSEX,2025-11-12T10:43:30,1762924410000,44,since_open,hybrid,0.0,455.99749999999995,498.27250000000004
2025-11-12T09:59:30,1762921770000,SENSEX,2025-11-12T10:44:30,1762924470000,45,since_open,hybrid,432.47749999999996,460.455,493.325
2025-11-12T09:59:30,1762921770000,SENSEX,2025-11-12T10:45:30,1762924530000,46,since_open,hybrid,431.62749999999994,462.97749999999996,488.01
2025-11-12T09:59:30,1762921770000,SENSEX,2025-11-12T10:46:30,1762924590000,47,since_open,hybrid,0.0,456.9275,496.06750000000005
2025-11-12T09:59:30,1762921770000,SENSEX,2025-11-12T10:47:30,1762924650000,48,since_open,hybrid,430.01250000000016,461.7425,488.9600000000001
2025-11-12T09:59:30,1762921770000,SENSEX,2025-11-12T10:48:30,1762924710000,49,since_open,hybrid,435.6275000000001,464.0799999999999,495.0975
2025-11-12T09:59:30,1762921770000,SENSEX,2025-11-12T10:49:30,1762924770000,50,since_open,hybrid,0.0,457.73,496.2050000000002
2025-11-12T09:59:30,1762921770000,SENSEX,2025-11-12T10:50:30,1762924830000,51,since_open,hybrid,434.77500000000003,458.5725,510.15750000000014
2025-11-12T09:59:30,1762921770000,SENSEX,2025-11-12T10:51:30,1762924890000,52,since_open,hybrid,432.7674999999999,461.41,504.01750000000004
2025-11-12T09:59:30,1762921770000,SENSEX,2025-11-12T10:52:30,1762924950000,53,since_open,hybrid,0.0,460.07499999999993,506.95750000000027
2025-11-12T09:59:30,1762921770000,SENSEX,2025-11-12T10:53:30,1762925010000,54,since_open,hybrid,431.0249999999999,461.8999999999999,490.3525000000002
2025-11-12T09:59:30,1762921770000,SENSEX,2025-11-12T10:54:30,1762925070000,55,since_open,hybrid,427.0725,465.4525,498.98750000000007
2025-11-12T09:59:30,1762921770000,SENSEX,2025-11-12T10:55:30,1762925130000,56,since_open,hybrid,0.0,461.53249999999997,508.1300000000001
2025-11-12T09:59:30,1762921770000,SENSEX,2025-11-12T10:56:30,1762925190000,57,since_open,hybrid,430.9024999999999,466.8125,499.4450000000001
2025-11-12T09:59:30,1762921770000,SENSEX,2025-11-12T10:57:30,1762925250000,58,since_open,hybrid,429.1074999999999,462.97499999999997,490.43000000000006
2025-11-12T09:59:30,1762921770000,SENSEX,2025-11-12T10:58:30,1762925310000,59,since_open,hybrid,0.0,462.49,486.76250000000005
2025-11-12T09:59:30,1762921770000,SENSEX,2025-11-12T10:59:30,1762925370000,60,since_open,hybrid,431.65000000000003,460.5775,495.11
2025-11-12T09:59:30,1762921770000,SENSEX,2025-11-12T10:00:30,1762921830000,1,wide_bands,retrieval,467.8,467.8,467.80019
2025-11-12T09:59:30,1762921770000,SENSEX,2025-11-12T10:01:30,1762921890000,2,wide_bands,retrieval,467.8,467.8,467.80019
2025-11-12T09:59:30,1762921770000,SENSEX,2025-11-12T10:02:30,1762921950000,3,wide_bands,retrieval,467.8,467.8,467.80019
2025-11-12T09:59:30,1762921770000,SENSEX,2025-11-12T10:03:30,1762922010000,4,wide_bands,retrieval,467.8,467.8,467.80019
2025-11-12T09:59:30,1762921770000,SENSEX,2025-11-12T10:04:30,1762922070000,5,wide_bands,retrieval,467.8,467.8,467.80019
2025-11-12T09:59:30,1762921770000,SENSEX,2025-11-12T10:05:30,1762922130000,6,wide_bands,retrieval,467.8,467.8,467.80019
2025-11-12T09:59:30,1762921770000,SENSEX,2025-11-12T10:06:30,1762922190000,7,wide_bands,retrieval,467.8,467.8,467.80019
2025-11-12T09:59:30,1762921770000,SENSEX,2025-11-12T10:07:30,1762922250000,8,wide_bands,retrieval,467.8,467.8,467.80019
2025-11-12T09:59:30,1762921770000,SENSEX,2025-11-12T10:08:30,1762922310000,9,wide_bands,retrieval,467.8,467.8,467.80019
2025-11-12T09:59:30,1762921770000,SENSEX,2025-11-12T10:09:30,1762922370000,10,wide_bands,retrieval,467.8,467.8,467.80019
2025-11-12T09:59:30,1762921770000,SENSEX,2025-11-12T10:10:30,1762922430000,11,wide_bands,retrieval,467.8,467.8,467.80019
2025-11-12T09:59:30,1762921770000,SENSEX,2025-11-12T10:11:30,1762922490000,12,wide_bands,retrieval,467.8,467.8,467.80019
2025-11-12T09:59:30,1762921770000,SENSEX,2025-11-12T10:12:30,1762922550000,13,wide_bands,retrieval,467.8,467.8,467.80019
2025-11-12T09:59:30,1762921770000,SENSEX,2025-11-12T10:13:30,1762922610000,14,wide_bands,retrieval,467.8,467.8,467.80019
2025-11-12T09:59:30,1762921770000,SENSEX,2025-11-12T10:14:30,1762922670000,15,wide_bands,retrieval,467.8,467.8,467.80019
2025-11-12T09:59:30,1762921770000,SENSEX,2025-11-12T10:15:30,1762922730000,16,wide_bands,retrieval,467.8,467.8,467.80019
2025-11-12T09:59:30,1762921770000,SENSEX,2025-11-12T10:16:30,1762922790000,17,wide_bands,retrieval,467.8,467.8,467.80019
2025-11-12T09:59:30,1762921770000,SENSEX,2025-11-12T10:17:30,1762922850000,18,wide_bands,retrieval,467.8,467.8,467.80019
2025-11-12T09:59:30,1762921770000,SENSEX,2025-11-12T10:18:30,1762922910000,19,wide_bands,retrieval,467.8,467.8,467.80019
2025-11-12T09:59:30,1762921770000,SENSEX,2025-11-12T10:19:30,1762922970000,20,wide_bands,retrieval,467.8,467.8,467.80019
2025-11-12T09:59:30,1762921770000,SENSEX,2025-11-12T10:20:30,1762923030000,21,wide_bands,retrieval,467.8,467.8,467.80019
2025-11-12T09:59:30,1762921770000,SENSEX,2025-11-12T10:21:30,1762923090000,22,wide_bands,retrieval,467.8,467.8,467.80019
2025-11-12T09:59:30,1762921770000,SENSEX,2025-11-12T10:22:30,1762923150000,23,wide_bands,retrieval,467.8,467.8,467.80019
2025-11-12T09:59:30,1762921770000,SENSEX,2025-11-12T10:23:30,1762923210000,24,wide_bands,retrieval,467.8,467.8,467.80019
2025-11-12T09:59:30,1762921770000,SENSEX,2025-11-12T10:24:30,1762923270000,25,wide_bands,retrieval,467.8,467.8,467.80019
2025-11-12T09:59:30,1762921770000,SENSEX,2025-11-12T10:25:30,1762923330000,26,wide_bands,retrieval,467.8,467.8,467.80019
2025-11-12T09:59:30,1762921770000,SENSEX,2025-11-12T10:26:30,1762923390000,27,wide_bands,retrieval,467.8,467.8,467.80019
2025-11-12T09:59:30,1762921770000,SENSEX,2025-11-12T10:27:30,1762923450000,28,wide_bands,retrieval,467.8,467.8,467.80019
2025-11-12T09:59:30,1762921770000,SENSEX,2025-11-12T10:28:30,1762923510000,29,wide_bands,retrieval,467.8,467.8,467.80019
2025-11-12T09:59:30,1762921770000,SENSEX,2025-11-12T10:29:30,1762923570000,30,wide_bands,retrieval,467.8,467.8,467.80019
2025-11-12T09:59:30,1762921770000,SENSEX,2025-11-12T10:30:30,1762923630000,31,wide_bands,retrieval,467.8,467.8,467.80019
2025-11-12T09:59:30,1762921770000,SENSEX,2025-11-12T10:31:30,1762923690000,32,wide_bands,retrieval,467.8,467.8,467.80019
2025-11-12T09:59:30,1762921770000,SENSEX,2025-11-12T10:32:30,1762923750000,33,wide_bands,retrieval,467.8,467.8,467.80019
2025-11-12T09:59:30,1762921770000,SENSEX,2025-11-12T10:33:30,1762923810000,34,wide_bands,retrieval,467.8,467.8,467.80019
2025-11-12T09:59:30,1762921770000,SENSEX,2025-11-12T10:34:30,1762923870000,35,wide_bands,retrieval,467.8,467.8,467.80019
2025-11-12T09:59:30,1762921770000,SENSEX,2025-11-12T10:35:30,1762923930000,36,wide_bands,retrieval,467.8,467.8,467.80019
2025-11-12T09:59:30,1762921770000,SENSEX,2025-11-12T10:36:30,1762923990000,37,wide_bands,retrieval,467.8,467.8,467.80019
2025-11-12T09:59:30,1762921770000,SENSEX,2025-11-12T10:37:30,1762924050000,38,wide_bands,retrieval,467.8,467.8,467.80019
2025-11-12T09:59:30,1762921770000,SENSEX,2025-11-12T10:38:30,1762924110000,39,wide_bands,retrieval,467.8,467.8,467.80019
2025-11-12T09:59:30,1762921770000,SENSEX,2025-11-12T10:39:30,1762924170000,40,wide_bands,retrieval,467.8,467.8,467.80019
2025-11-12T09:59:30,1762921770000,SENSEX,2025-11-12T10:40:30,1762924230000,41,wide_bands,retrieval,467.8,467.8,467.80019
2025-11-12T09:59:30,1762921770000,SENSEX,2025-11-12T10:41:30,1762924290000,42,wide_bands,retrieval,467.8,467.8,467.80019
2025-11-12T09:59:30,1762921770000,SENSEX,2025-11-12T10:42:30,1762924350000,43,wide_bands,retrieval,467.8,467.8,467.80019
2025-11-12T09:59:30,1762921770000,SENSEX,2025-11-12T10:43:30,1762924410000,44,wide_bands,retrieval,467.8,467.8,467.80019
2025-11-12T09:59:30,1762921770000,SENSEX,2025-11-12T10:44:30,1762924470000,45,wide_bands,retrieval,467.8,467.8,467.80019
2025-11-12T09:59:30,1762921770000,SENSEX,2025-11-12T10:45:30,1762924530000,46,wide_bands,retrieval,467.8,467.8,467.80019
2025-11-12T09:59:30,1762921770000,SENSEX,2025-11-12T10:46:30,1762924590000,47,wide_bands,retrieval,467.8,467.8,467.80019
2025-11-12T09:59:30,1762921770000,SENSEX,2025-11-12T10:47:30,1762924650000,48,wide_bands,retrieval,467.8,467.8,467.80019
2025-11-12T09:59:30,1762921770000,SENSEX,2025-11-12T10:48:30,1762924710000,49,wide_bands,retrieval,467.8,467.8,467.80019
2025-11-12T09:59:30,1762921770000,SENSEX,2025-11-12T10:49:30,1762924770000,50,wide_bands,retrieval,467.8,467.8,467.80019
2025-11-12T09:59:30,1762921770000,SENSEX,2025-11-12T10:50:30,1762924830000,51,wide_bands,retrieval,467.8,467.8,467.80019
2025-11-12T09:59:30,1762921770000,SENSEX,2025-11-12T10:51:30,1762924890000,52,wide_bands,retrieval,467.8,467.8,467.80019
2025-11-12T09:59:30,1762921770000,SENSEX,2025-11-12T10:52:30,1762924950000,53,wide_bands,retrieval,467.8,467.8,467.80019
2025-11-12T09:59:30,1762921770000,SENSEX,2025-11-12T10:53:30,1762925010000,54,wide_bands,retrieval,467.8,467.8,467.80019
2025-11-12T09:59:30,1762921770000,SENSEX,2025-11-12T10:54:30,1762925070000,55,wide_bands,retrieval,467.8,467.8,467.80019
2025-11-12T09:59:30,1762921770000,SENSEX,2025-11-12T10:55:30,1762925130000,56,wide_bands,retrieval,467.8,467.8,467.80019
2025-11-12T09:59:30,1762921770000,SENSEX,2025-11-12T10:56:30,1762925190000,57,wide_bands,retrieval,467.8,467.8,467.80019
2025-11-12T09:59:30,1762921770000,SENSEX,2025-11-12T10:57:30,1762925250000,58,wide_bands,retrieval,467.8,467.8,467.80019
2025-11-12T09:59:30,1762921770000,SENSEX,2025-11-12T10:58:30,1762925310000,59,wide_bands,retrieval,467.8,467.8,467.80019
2025-11-12T09:59:30,1762921770000,SENSEX,2025-11-12T10:59:30,1762925370000,60,wide_bands,retrieval,467.8,467.8,467.80019
2025-11-12T09:59:30,1762921770000,SENSEX,2025-11-12T10:00:30,1762921830000,1,wide_bands,retrieval,467.8,467.8,467.80019
2025-11-12T09:59:30,1762921770000,SENSEX,2025-11-12T10:01:30,1762921890000,2,wide_bands,retrieval,467.8,467.8,467.80019
2025-11-12T09:59:30,1762921770000,SENSEX,2025-11-12T10:02:30,1762921950000,3,wide_bands,retrieval,467.8,467.8,467.80019
2025-11-12T09:59:30,1762921770000,SENSEX,2025-11-12T10:03:30,1762922010000,4,wide_bands,retrieval,467.8,467.8,467.80019
2025-11-12T09:59:30,1762921770000,SENSEX,2025-11-12T10:04:30,1762922070000,5,wide_bands,retrieval,467.8,467.8,467.80019
2025-11-12T09:59:30,1762921770000,SENSEX,2025-11-12T10:05:30,1762922130000,6,wide_bands,retrieval,467.8,467.8,467.80019
2025-11-12T09:59:30,1762921770000,SENSEX,2025-11-12T10:06:30,1762922190000,7,wide_bands,retrieval,467.8,467.8,467.80019
2025-11-12T09:59:30,1762921770000,SENSEX,2025-11-12T10:07:30,1762922250000,8,wide_bands,retrieval,467.8,467.8,467.80019
2025-11-12T09:59:30,1762921770000,SENSEX,2025-11-12T10:08:30,1762922310000,9,wide_bands,retrieval,467.8,467.8,467.80019
2025-11-12T09:59:30,1762921770000,SENSEX,2025-11-12T10:09:30,1762922370000,10,wide_bands,retrieval,467.8,467.8,467.80019
2025-11-12T09:59:30,1762921770000,SENSEX,2025-11-12T10:10:30,1762922430000,11,wide_bands,retrieval,467.8,467.8,467.80019
2025-11-12T09:59:30,1762921770000,SENSEX,2025-11-12T10:11:30,1762922490000,12,wide_bands,retrieval,467.8,467.8,467.80019
2025-11-12T09:59:30,1762921770000,SENSEX,2025-11-12T10:12:30,1762922550000,13,wide_bands,retrieval,467.8,467.8,467.80019
2025-11-12T09:59:30,1762921770000,SENSEX,2025-11-12T10:13:30,1762922610000,14,wide_bands,retrieval,467.8,467.8,467.80019
2025-11-12T09:59:30,1762921770000,SENSEX,2025-11-12T10:14:30,1762922670000,15,wide_bands,retrieval,467.8,467.8,467.80019
2025-11-12T09:59:30,1762921770000,SENSEX,2025-11-12T10:15:30,1762922730000,16,wide_bands,retrieval,467.8,467.8,467.80019
2025-11-12T09:59:30,1762921770000,SENSEX,2025-11-12T10:16:30,1762922790000,17,wide_bands,retrieval,467.8,467.8,467.80019
2025-11-12T09:59:30,1762921770000,SENSEX,2025-11-12T10:17:30,1762922850000,18,wide_bands,retrieval,467.8,467.8,467.80019
2025-11-12T09:59:30,1762921770000,SENSEX,2025-11-12T10:18:30,1762922910000,19,wide_bands,retrieval,467.8,467.8,467.80019
2025-11-12T09:59:30,1762921770000,SENSEX,2025-11-12T10:19:30,1762922970000,20,wide_bands,retrieval,467.8,467.8,467.80019
2025-11-12T09:59:30,1762921770000,SENSEX,2025-11-12T10:20:30,1762923030000,21,wide_bands,retrieval,467.8,467.8,467.80019
2025-11-12T09:59:30,1762921770000,SENSEX,2025-11-12T10:21:30,1762923090000,22,wide_bands,retrieval,467.8,467.8,467.80019
2025-11-12T09:59:30,1762921770000,SENSEX,2025-11-12T10:22:30,1762923150000,23,wide_bands,retrieval,467.8,467.8,467.80019
2025-11-12T09:59:30,1762921770000,SENSEX,2025-11-12T10:23:30,1762923210000,24,wide_bands,retrieval,467.8,467.8,467.80019
2025-11-12T09:59:30,1762921770000,SENSEX,2025-11-12T10:24:30,1762923270000,25,wide_bands,retrieval,467.8,467.8,467.80019
2025-11-12T09:59:30,1762921770000,SENSEX,2025-11-12T10:25:30,1762923330000,26,wide_bands,retrieval,467.8,467.8,467.80019
2025-11-12T09:59:30,1762921770000,SENSEX,2025-11-12T10:26:30,1762923390000,27,wide_bands,retrieval,467.8,467.8,467.80019
2025-11-12T09:59:30,1762921770000,SENSEX,2025-11-12T10:27:30,1762923450000,28,wide_bands,retrieval,467.8,467.8,467.80019
2025-11-12T09:59:30,1762921770000,SENSEX,2025-11-12T10:28:30,1762923510000,29,wide_bands,retrieval,467.8,467.8,467.80019
2025-11-12T09:59:30,1762921770000,SENSEX,2025-11-12T10:29:30,1762923570000,30,wide_bands,retrieval,467.8,467.8,467.80019
2025-11-12T09:59:30,1762921770000,SENSEX,2025-11-12T10:30:30,1762923630000,31,wide_bands,retrieval,467.8,467.8,467.80019
2025-11-12T09:59:30,1762921770000,SENSEX,2025-11-12T10:31:30,1762923690000,32,wide_bands,retrieval,467.8,467.8,467.80019
2025-11-12T09:59:30,1762921770000,SENSEX,2025-11-12T10:32:30,1762923750000,33,wide_bands,retrieval,467.8,467.8,467.80019
2025-11-12T09:59:30,1762921770000,SENSEX,2025-11-12T10:33:30,1762923810000,34,wide_bands,retrieval,467.8,467.8,467.80019
2025-11-12T09:59:30,1762921770000,SENSEX,2025-11-12T10:34:30,1762923870000,35,wide_bands,retrieval,467.8,467.8,467.80019
2025-11-12T09:59:30,1762921770000,SENSEX,2025-11-12T10:35:30,1762923930000,36,wide_bands,retrieval,467.8,467.8,467.80019
2025-11-12T09:59:30,1762921770000,SENSEX,2025-11-12T10:36:30,1762923990000,37,wide_bands,retrieval,467.8,467.8,467.80019
2025-11-12T09:59:30,1762921770000,SENSEX,2025-11-12T10:37:30,1762924050000,38,wide_bands,retrieval,467.8,467.8,467.80019
2025-11-12T09:59:30,1762921770000,SENSEX,2025-11-12T10:38:30,1762924110000,39,wide_bands,retrieval,467.8,467.8,467.80019
2025-11-12T09:59:30,1762921770000,SENSEX,2025-11-12T10:39:30,1762924170000,40,wide_bands,retrieval,467.8,467.8,467.80019
2025-11-12T09:59:30,1762921770000,SENSEX,2025-11-12T10:40:30,1762924230000,41,wide_bands,retrieval,467.8,467.8,467.80019
2025-11-12T09:59:30,1762921770000,SENSEX,2025-11-12T10:41:30,1762924290000,42,wide_bands,retrieval,467.8,467.8,467.80019
2025-11-12T09:59:30,1762921770000,SENSEX,2025-11-12T10:42:30,1762924350000,43,wide_bands,retrieval,467.8,467.8,467.80019
2025-11-12T09:59:30,1762921770000,SENSEX,2025-11-12T10:43:30,1762924410000,44,wide_bands,retrieval,467.8,467.8,467.80019
2025-11-12T09:59:30,1762921770000,SENSEX,2025-11-12T10:44:30,1762924470000,45,wide_bands,retrieval,467.8,467.8,467.80019
2025-11-12T09:59:30,1762921770000,SENSEX,2025-11-12T10:45:30,1762924530000,46,wide_bands,retrieval,467.8,467.8,467.80019
2025-11-12T09:59:30,1762921770000,SENSEX,2025-11-12T10:46:30,1762924590000,47,wide_bands,retrieval,467.8,467.8,467.80019
2025-11-12T09:59:30,1762921770000,SENSEX,2025-11-12T10:47:30,1762924650000,48,wide_bands,retrieval,467.8,467.8,467.80019
2025-11-12T09:59:30,1762921770000,SENSEX,2025-11-12T10:48:30,1762924710000,49,wide_bands,retrieval,467.8,467.8,467.80019
2025-11-12T09:59:30,1762921770000,SENSEX,2025-11-12T10:49:30,1762924770000,50,wide_bands,retrieval,467.8,467.8,467.80019
2025-11-12T09:59:30,1762921770000,SENSEX,2025-11-12T10:50:30,1762924830000,51,wide_bands,retrieval,467.8,467.8,467.80019
2025-11-12T09:59:30,1762921770000,SENSEX,2025-11-12T10:51:30,1762924890000,52,wide_bands,retrieval,467.8,467.8,467.80019
2025-11-12T09:59:30,1762921770000,SENSEX,2025-11-12T10:52:30,1762924950000,53,wide_bands,retrieval,467.8,467.8,467.80019
2025-11-12T09:59:30,1762921770000,SENSEX,2025-11-12T10:53:30,1762925010000,54,wide_bands,retrieval,467.8,467.8,467.80019
2025-11-12T09:59:30,1762921770000,SENSEX,2025-11-12T10:54:30,1762925070000,55,wide_bands,retrieval,467.8,467.8,467.80019
2025-11-12T09:59:30,1762921770000,SENSEX,2025-11-12T10:55:30,1762925130000,56,wide_bands,retrieval,467.8,467.8,467.80019
2025-11-12T09:59:30,1762921770000,SENSEX,2025-11-12T10:56:30,1762925190000,57,wide_bands,retrieval,467.8,467.8,467.80019
2025-11-12T09:59:30,1762921770000,SENSEX,2025-11-12T10:57:30,1762925250000,58,wide_bands,retrieval,467.8,467.8,467.80019
2025-11-12T09:59:30,1762921770000,SENSEX,2025-11-12T10:58:30,1762925310000,59,wide_bands,retrieval,467.8,467.8,467.80019
2025-11-12T09:59:30,1762921770000,SENSEX,2025-11-12T10:59:30,1762925370000,60,wide_bands,retrieval,467.8,467.8,467.80019
2025-11-12T09:59:30,1762921770000,SENSEX,2025-11-12T10:00:30,1762921830000,1,base,retrieval,467.8,467.8,467.80019
2025-11-12T09:59:30,1762921770000,SENSEX,2025-11-12T10:01:30,1762921890000,2,base,retrieval,467.8,467.8,467.80019
2025-11-12T09:59:30,1762921770000,SENSEX,2025-11-12T10:02:30,1762921950000,3,base,retrieval,467.8,467.8,467.80019
2025-11-12T09:59:30,1762921770000,SENSEX,2025-11-12T10:03:30,1762922010000,4,base,retrieval,467.8,467.8,467.80019
2025-11-12T09:59:30,1762921770000,SENSEX,2025-11-12T10:04:30,1762922070000,5,base,retrieval,467.8,467.8,467.80019
2025-11-12T09:59:30,1762921770000,SENSEX,2025-11-12T10:05:30,1762922130000,6,base,retrieval,467.8,467.8,467.80019
2025-11-12T09:59:30,1762921770000,SENSEX,2025-11-12T10:06:30,1762922190000,7,base,retrieval,467.8,467.8,467.80019
2025-11-12T09:59:30,1762921770000,SENSEX,2025-11-12T10:07:30,1762922250000,8,base,retrieval,467.8,467.8,467.80019
2025-11-12T09:59:30,1762921770000,SENSEX,2025-11-12T10:08:30,1762922310000,9,base,retrieval,467.8,467.8,467.80019
2025-11-12T09:59:30,1762921770000,SENSEX,2025-11-12T10:09:30,1762922370000,10,base,retrieval,467.8,467.8,467.80019
2025-11-12T09:59:30,1762921770000,SENSEX,2025-11-12T10:10:30,1762922430000,11,base,retrieval,467.8,467.8,467.80019
2025-11-12T09:59:30,1762921770000,SENSEX,2025-11-12T10:11:30,1762922490000,12,base,retrieval,467.8,467.8,467.80019
2025-11-12T09:59:30,1762921770000,SENSEX,2025-11-12T10:12:30,1762922550000,13,base,retrieval,467.8,467.8,467.80019
2025-11-12T09:59:30,1762921770000,SENSEX,2025-11-12T10:13:30,1762922610000,14,base,retrieval,467.8,467.8,467.80019
2025-11-12T09:59:30,1762921770000,SENSEX,2025-11-12T10:14:30,1762922670000,15,base,retrieval,467.8,467.8,467.80019
2025-11-12T09:59:30,1762921770000,SENSEX,2025-11-12T10:15:30,1762922730000,16,base,retrieval,467.8,467.8,467.80019
2025-11-12T09:59:30,1762921770000,SENSEX,2025-11-12T10:16:30,1762922790000,17,base,retrieval,467.8,467.8,467.80019
2025-11-12T09:59:30,1762921770000,SENSEX,2025-11-12T10:17:30,1762922850000,18,base,retrieval,467.8,467.8,467.80019
2025-11-12T09:59:30,1762921770000,SENSEX,2025-11-12T10:18:30,1762922910000,19,base,retrieval,467.8,467.8,467.80019
2025-11-12T09:59:30,1762921770000,SENSEX,2025-11-12T10:19:30,1762922970000,20,base,retrieval,467.8,467.8,467.80019
2025-11-12T09:59:30,1762921770000,SENSEX,2025-11-12T10:20:30,1762923030000,21,base,retrieval,467.8,467.8,467.80019
2025-11-12T09:59:30,1762921770000,SENSEX,2025-11-12T10:21:30,1762923090000,22,base,retrieval,467.8,467.8,467.80019
2025-11-12T09:59:30,1762921770000,SENSEX,2025-11-12T10:22:30,1762923150000,23,base,retrieval,467.8,467.8,467.80019
2025-11-12T09:59:30,1762921770000,SENSEX,2025-11-12T10:23:30,1762923210000,24,base,retrieval,467.8,467.8,467.80019
2025-11-12T09:59:30,1762921770000,SENSEX,2025-11-12T10:24:30,1762923270000,25,base,retrieval,467.8,467.8,467.80019
2025-11-12T09:59:30,1762921770000,SENSEX,2025-11-12T10:25:30,1762923330000,26,base,retrieval,467.8,467.8,467.80019
2025-11-12T09:59:30,1762921770000,SENSEX,2025-11-12T10:26:30,1762923390000,27,base,retrieval,467.8,467.8,467.80019
2025-11-12T09:59:30,1762921770000,SENSEX,2025-11-12T10:27:30,1762923450000,28,base,retrieval,467.8,467.8,467.80019
2025-11-12T09:59:30,1762921770000,SENSEX,2025-11-12T10:28:30,1762923510000,29,base,retrieval,467.8,467.8,467.80019
2025-11-12T09:59:30,1762921770000,SENSEX,2025-11-12T10:29:30,1762923570000,30,base,retrieval,467.8,467.8,467.80019
2025-11-12T09:59:30,1762921770000,SENSEX,2025-11-12T10:30:30,1762923630000,31,base,retrieval,467.8,467.8,467.80019
2025-11-12T09:59:30,1762921770000,SENSEX,2025-11-12T10:31:30,1762923690000,32,base,retrieval,467.8,467.8,467.80019
2025-11-12T09:59:30,1762921770000,SENSEX,2025-11-12T10:32:30,1762923750000,33,base,retrieval,467.8,467.8,467.80019
2025-11-12T09:59:30,1762921770000,SENSEX,2025-11-12T10:33:30,1762923810000,34,base,retrieval,467.8,467.8,467.80019
2025-11-12T09:59:30,1762921770000,SENSEX,2025-11-12T10:34:30,1762923870000,35,base,retrieval,467.8,467.8,467.80019
2025-11-12T09:59:30,1762921770000,SENSEX,2025-11-12T10:35:30,1762923930000,36,base,retrieval,467.8,467.8,467.80019
2025-11-12T09:59:30,1762921770000,SENSEX,2025-11-12T10:36:30,1762923990000,37,base,retrieval,467.8,467.8,467.80019
2025-11-12T09:59:30,1762921770000,SENSEX,2025-11-12T10:37:30,1762924050000,38,base,retrieval,467.8,467.8,467.80019
2025-11-12T09:59:30,1762921770000,SENSEX,2025-11-12T10:38:30,1762924110000,39,base,retrieval,467.8,467.8,467.80019
2025-11-12T09:59:30,1762921770000,SENSEX,2025-11-12T10:39:30,1762924170000,40,base,retrieval,467.8,467.8,467.80019
2025-11-12T09:59:30,1762921770000,SENSEX,2025-11-12T10:40:30,1762924230000,41,base,retrieval,467.8,467.8,467.80019
2025-11-12T09:59:30,1762921770000,SENSEX,2025-11-12T10:41:30,1762924290000,42,base,retrieval,467.8,467.8,467.80019
2025-11-12T09:59:30,1762921770000,SENSEX,2025-11-12T10:42:30,1762924350000,43,base,retrieval,467.8,467.8,467.80019
2025-11-12T09:59:30,1762921770000,SENSEX,2025-11-12T10:43:30,1762924410000,44,base,retrieval,467.8,467.8,467.80019
2025-11-12T09:59:30,1762921770000,SENSEX,2025-11-12T10:44:30,1762924470000,45,base,retrieval,467.8,467.8,467.80019
2025-11-12T09:59:30,1762921770000,SENSEX,2025-11-12T10:45:30,1762924530000,46,base,retrieval,467.8,467.8,467.80019
2025-11-12T09:59:30,1762921770000,SENSEX,2025-11-12T10:46:30,1762924590000,47,base,retrieval,467.8,467.8,467.80019
2025-11-12T09:59:30,1762921770000,SENSEX,2025-11-12T10:47:30,1762924650000,48,base,retrieval,467.8,467.8,467.80019
2025-11-12T09:59:30,1762921770000,SENSEX,2025-11-12T10:48:30,1762924710000,49,base,retrieval,467.8,467.8,467.80019
2025-11-12T09:59:30,1762921770000,SENSEX,2025-11-12T10:49:30,1762924770000,50,base,retrieval,467.8,467.8,467.80019
2025-11-12T09:59:30,1762921770000,SENSEX,2025-11-12T10:50:30,1762924830000,51,base,retrieval,467.8,467.8,467.80019
2025-11-12T09:59:30,1762921770000,SENSEX,2025-11-12T10:51:30,1762924890000,52,base,retrieval,467.8,467.8,467.80019
2025-11-12T09:59:30,1762921770000,SENSEX,2025-11-12T10:52:30,1762924950000,53,base,retrieval,467.8,467.8,467.80019
2025-11-12T09:59:30,1762921770000,SENSEX,2025-11-12T10:53:30,1762925010000,54,base,retrieval,467.8,467.8,467.80019
2025-11-12T09:59:30,1762921770000,SENSEX,2025-11-12T10:54:30,1762925070000,55,base,retrieval,467.8,467.8,467.80019
2025-11-12T09:59:30,1762921770000,SENSEX,2025-11-12T10:55:30,1762925130000,56,base,retrieval,467.8,467.8,467.80019
2025-11-12T09:59:30,1762921770000,SENSEX,2025-11-12T10:56:30,1762925190000,57,base,retrieval,467.8,467.8,467.80019
2025-11-12T09:59:30,1762921770000,SENSEX,2025-11-12T10:57:30,1762925250000,58,base,retrieval,467.8,467.8,467.80019
2025-11-12T09:59:30,1762921770000,SENSEX,2025-11-12T10:58:30,1762925310000,59,base,retrieval,467.8,467.8,467.80019
2025-11-12T09:59:30,1762921770000,SENSEX,2025-11-12T10:59:30,1762925370000,60,base,retrieval,467.8,467.8,467.80019
2025-11-12T09:59:30,1762921770000,SENSEX,2025-11-12T10:00:30,1762921830000,1,optimized,retrieval,467.8,467.8,467.80019
2025-11-12T09:59:30,1762921770000,SENSEX,2025-11-12T10:01:30,1762921890000,2,optimized,retrieval,467.8,467.8,467.80019
2025-11-12T09:59:30,1762921770000,SENSEX,2025-11-12T10:02:30,1762921950000,3,optimized,retrieval,467.8,467.8,467.80019
2025-11-12T09:59:30,1762921770000,SENSEX,2025-11-12T10:03:30,1762922010000,4,optimized,retrieval,467.8,467.8,467.80019
2025-11-12T09:59:30,1762921770000,SENSEX,2025-11-12T10:04:30,1762922070000,5,optimized,retrieval,467.8,467.8,467.80019
2025-11-12T09:59:30,1762921770000,SENSEX,2025-11-12T10:05:30,1762922130000,6,optimized,retrieval,467.8,467.8,467.80019
2025-11-12T09:59:30,1762921770000,SENSEX,2025-11-12T10:06:30,1762922190000,7,optimized,retrieval,467.8,467.8,467.80019
2025-11-12T09:59:30,1762921770000,SENSEX,2025-11-12T10:07:30,1762922250000,8,optimized,retrieval,467.8,467.8,467.80019
2025-11-12T09:59:30,1762921770000,SENSEX,2025-11-12T10:08:30,1762922310000,9,optimized,retrieval,467.8,467.8,467.80019
2025-11-12T09:59:30,1762921770000,SENSEX,2025-11-12T10:09:30,1762922370000,10,optimized,retrieval,467.8,467.8,467.80019
2025-11-12T09:59:30,1762921770000,SENSEX,2025-11-12T10:10:30,1762922430000,11,optimized,retrieval,467.8,467.8,467.80019
2025-11-12T09:59:30,1762921770000,SENSEX,2025-11-12T10:11:30,1762922490000,12,optimized,retrieval,467.8,467.8,467.80019
2025-11-12T09:59:30,1762921770000,SENSEX,2025-11-12T10:12:30,1762922550000,13,optimized,retrieval,467.8,467.8,467.80019
2025-11-12T09:59:30,1762921770000,SENSEX,2025-11-12T10:13:30,1762922610000,14,optimized,retrieval,467.8,467.8,467.80019
2025-11-12T09:59:30,1762921770000,SENSEX,2025-11-12T10:14:30,1762922670000,15,optimized,retrieval,467.8,467.8,467.80019
2025-11-12T09:59:30,1762921770000,SENSEX,2025-11-12T10:15:30,1762922730000,16,optimized,retrieval,467.8,467.8,467.80019
2025-11-12T09:59:30,1762921770000,SENSEX,2025-11-12T10:16:30,1762922790000,17,optimized,retrieval,467.8,467.8,467.80019
2025-11-12T09:59:30,1762921770000,SENSEX,2025-11-12T10:17:30,1762922850000,18,optimized,retrieval,467.8,467.8,467.80019
2025-11-12T09:59:30,1762921770000,SENSEX,2025-11-12T10:18:30,1762922910000,19,optimized,retrieval,467.8,467.8,467.80019
2025-11-12T09:59:30,1762921770000,SENSEX,2025-11-12T10:19:30,1762922970000,20,optimized,retrieval,467.8,467.8,467.80019
2025-11-12T09:59:30,1762921770000,SENSEX,2025-11-12T10:20:30,1762923030000,21,optimized,retrieval,467.8,467.8,467.80019
2025-11-12T09:59:30,1762921770000,SENSEX,2025-11-12T10:21:30,1762923090000,22,optimized,retrieval,467.8,467.8,467.80019
2025-11-12T09:59:30,1762921770000,SENSEX,2025-11-12T10:22:30,1762923150000,23,optimized,retrieval,467.8,467.8,467.80019
2025-11-12T09:59:30,1762921770000,SENSEX,2025-11-12T10:23:30,1762923210000,24,optimized,retrieval,467.8,467.8,467.80019
2025-11-12T09:59:30,1762921770000,SENSEX,2025-11-12T10:24:30,1762923270000,25,optimized,retrieval,467.8,467.8,467.80019
2025-11-12T09:59:30,1762921770000,SENSEX,2025-11-12T10:25:30,1762923330000,26,optimized,retrieval,467.8,467.8,467.80019
2025-11-12T09:59:30,1762921770000,SENSEX,2025-11-12T10:26:30,1762923390000,27,optimized,retrieval,467.8,467.8,467.80019
2025-11-12T09:59:30,1762921770000,SENSEX,2025-11-12T10:27:30,1762923450000,28,optimized,retrieval,467.8,467.8,467.80019
2025-11-12T09:59:30,1762921770000,SENSEX,2025-11-12T10:28:30,1762923510000,29,optimized,retrieval,467.8,467.8,467.80019
2025-11-12T09:59:30,1762921770000,SENSEX,2025-11-12T10:29:30,1762923570000,30,optimized,retrieval,467.8,467.8,467.80019
2025-11-12T09:59:30,1762921770000,SENSEX,2025-11-12T10:30:30,1762923630000,31,optimized,retrieval,467.8,467.8,467.80019
2025-11-12T09:59:30,1762921770000,SENSEX,2025-11-12T10:31:30,1762923690000,32,optimized,retrieval,467.8,467.8,467.80019
2025-11-12T09:59:30,1762921770000,SENSEX,2025-11-12T10:32:30,1762923750000,33,optimized,retrieval,467.8,467.8,467.80019
2025-11-12T09:59:30,1762921770000,SENSEX,2025-11-12T10:33:30,1762923810000,34,optimized,retrieval,467.8,467.8,467.80019
2025-11-12T09:59:30,1762921770000,SENSEX,2025-11-12T10:34:30,1762923870000,35,optimized,retrieval,467.8,467.8,467.80019
2025-11-12T09:59:30,1762921770000,SENSEX,2025-11-12T10:35:30,1762923930000,36,optimized,retrieval,467.8,467.8,467.80019
2025-11-12T09:59:30,1762921770000,SENSEX,2025-11-12T10:36:30,1762923990000,37,optimized,retrieval,467.8,467.8,467.80019
2025-11-12T09:59:30,1762921770000,SENSEX,2025-11-12T10:37:30,1762924050000,38,optimized,retrieval,467.8,467.8,467.80019
2025-11-12T09:59:30,1762921770000,SENSEX,2025-11-12T10:38:30,1762924110000,39,optimized,retrieval,467.8,467.8,467.80019
2025-11-12T09:59:30,1762921770000,SENSEX,2025-11-12T10:39:30,1762924170000,40,optimized,retrieval,467.8,467.8,467.80019
2025-11-12T09:59:30,1762921770000,SENSEX,2025-11-12T10:40:30,1762924230000,41,optimized,retrieval,467.8,467.8,467.80019
2025-11-12T09:59:30,1762921770000,SENSEX,2025-11-12T10:41:30,1762924290000,42,optimized,retrieval,467.8,467.8,467.80019
2025-11-12T09:59:30,1762921770000,SENSEX,2025-11-12T10:42:30,1762924350000,43,optimized,retrieval,467.8,467.8,467.80019
2025-11-12T09:59:30,1762921770000,SENSEX,2025-11-12T10:43:30,1762924410000,44,optimized,retrieval,467.8,467.8,467.80019
2025-11-12T09:59:30,1762921770000,SENSEX,2025-11-12T10:44:30,1762924470000,45,optimized,retrieval,467.8,467.8,467.80019
2025-11-12T09:59:30,1762921770000,SENSEX,2025-11-12T10:45:30,1762924530000,46,optimized,retrieval,467.8,467.8,467.80019
2025-11-12T09:59:30,1762921770000,SENSEX,2025-11-12T10:46:30,1762924590000,47,optimized,retrieval,467.8,467.8,467.80019
2025-11-12T09:59:30,1762921770000,SENSEX,2025-11-12T10:47:30,1762924650000,48,optimized,retrieval,467.8,467.8,467.80019
2025-11-12T09:59:30,1762921770000,SENSEX,2025-11-12T10:48:30,1762924710000,49,optimized,retrieval,467.8,467.8,467.80019
2025-11-12T09:59:30,1762921770000,SENSEX,2025-11-12T10:49:30,1762924770000,50,optimized,retrieval,467.8,467.8,467.80019
2025-11-12T09:59:30,1762921770000,SENSEX,2025-11-12T10:50:30,1762924830000,51,optimized,retrieval,467.8,467.8,467.80019
2025-11-12T09:59:30,1762921770000,SENSEX,2025-11-12T10:51:30,1762924890000,52,optimized,retrieval,467.8,467.8,467.80019
2025-11-12T09:59:30,1762921770000,SENSEX,2025-11-12T10:52:30,1762924950000,53,optimized,retrieval,467.8,467.8,467.80019
2025-11-12T09:59:30,1762921770000,SENSEX,2025-11-12T10:53:30,1762925010000,54,optimized,retrieval,467.8,467.8,467.80019
2025-11-12T09:59:30,1762921770000,SENSEX,2025-11-12T10:54:30,1762925070000,55,optimized,retrieval,467.8,467.8,467.80019
2025-11-12T09:59:30,1762921770000,SENSEX,2025-11-12T10:55:30,1762925130000,56,optimized,retrieval,467.8,467.8,467.80019
2025-11-12T09:59:30,1762921770000,SENSEX,2025-11-12T10:56:30,1762925190000,57,optimized,retrieval,467.8,467.8,467.80019
2025-11-12T09:59:30,1762921770000,SENSEX,2025-11-12T10:57:30,1762925250000,58,optimized,retrieval,467.8,467.8,467.80019
2025-11-12T09:59:30,1762921770000,SENSEX,2025-11-12T10:58:30,1762925310000,59,optimized,retrieval,467.8,467.8,467.80019
2025-11-12T09:59:30,1762921770000,SENSEX,2025-11-12T10:59:30,1762925370000,60,optimized,retrieval,467.8,467.8,467.80019
2025-11-12T10:15:30,1762922730000,SENSEX,2025-11-12T10:16:30,1762922790000,1,optimized,retrieval,461.8,461.8,461.80019
2025-11-12T10:15:30,1762922730000,SENSEX,2025-11-12T10:17:30,1762922850000,2,optimized,retrieval,461.8,461.8,461.80019
2025-11-12T10:15:30,1762922730000,SENSEX,2025-11-12T10:18:30,1762922910000,3,optimized,retrieval,461.8,461.8,461.80019
2025-11-12T10:15:30,1762922730000,SENSEX,2025-11-12T10:19:30,1762922970000,4,optimized,retrieval,461.8,461.8,461.80019
2025-11-12T10:15:30,1762922730000,SENSEX,2025-11-12T10:20:30,1762923030000,5,optimized,retrieval,461.8,461.8,461.80019
2025-11-12T10:15:30,1762922730000,SENSEX,2025-11-12T10:21:30,1762923090000,6,optimized,retrieval,461.8,461.8,461.80019
2025-11-12T10:15:30,1762922730000,SENSEX,2025-11-12T10:22:30,1762923150000,7,optimized,retrieval,461.8,461.8,461.80019
2025-11-12T10:15:30,1762922730000,SENSEX,2025-11-12T10:23:30,1762923210000,8,optimized,retrieval,461.8,461.8,461.80019
2025-11-12T10:15:30,1762922730000,SENSEX,2025-11-12T10:24:30,1762923270000,9,optimized,retrieval,461.8,461.8,461.80019
2025-11-12T10:15:30,1762922730000,SENSEX,2025-11-12T10:25:30,1762923330000,10,optimized,retrieval,461.8,461.8,461.80019
2025-11-12T10:15:30,1762922730000,SENSEX,2025-11-12T10:26:30,1762923390000,11,optimized,retrieval,461.8,461.8,461.80019
2025-11-12T10:15:30,1762922730000,SENSEX,2025-11-12T10:27:30,1762923450000,12,optimized,retrieval,461.8,461.8,461.80019
2025-11-12T10:15:30,1762922730000,SENSEX,2025-11-12T10:28:30,1762923510000,13,optimized,retrieval,461.8,461.8,461.80019
2025-11-12T10:15:30,1762922730000,SENSEX,2025-11-12T10:29:30,1762923570000,14,optimized,retrieval,461.8,461.8,461.80019
2025-11-12T10:15:30,1762922730000,SENSEX,2025-11-12T10:30:30,1762923630000,15,optimized,retrieval,461.8,461.8,461.80019
2025-11-12T10:15:30,1762922730000,SENSEX,2025-11-12T10:31:30,1762923690000,16,optimized,retrieval,461.8,461.8,461.80019
2025-11-12T10:15:30,1762922730000,SENSEX,2025-11-12T10:32:30,1762923750000,17,optimized,retrieval,461.8,461.8,461.80019
2025-11-12T10:15:30,1762922730000,SENSEX,2025-11-12T10:33:30,1762923810000,18,optimized,retrieval,461.8,461.8,461.80019
2025-11-12T10:15:30,1762922730000,SENSEX,2025-11-12T10:34:30,1762923870000,19,optimized,retrieval,461.8,461.8,461.80019
2025-11-12T10:15:30,1762922730000,SENSEX,2025-11-12T10:35:30,1762923930000,20,optimized,retrieval,461.8,461.8,461.80019
2025-11-12T10:15:30,1762922730000,SENSEX,2025-11-12T10:36:30,1762923990000,21,optimized,retrieval,461.8,461.8,461.80019
2025-11-12T10:15:30,1762922730000,SENSEX,2025-11-12T10:37:30,1762924050000,22,optimized,retrieval,461.8,461.8,461.80019
2025-11-12T10:15:30,1762922730000,SENSEX,2025-11-12T10:38:30,1762924110000,23,optimized,retrieval,461.8,461.8,461.80019
2025-11-12T10:15:30,1762922730000,SENSEX,2025-11-12T10:39:30,1762924170000,24,optimized,retrieval,461.8,461.8,461.80019
2025-11-12T10:15:30,1762922730000,SENSEX,2025-11-12T10:40:30,1762924230000,25,optimized,retrieval,461.8,461.8,461.80019
2025-11-12T10:15:30,1762922730000,SENSEX,2025-11-12T10:41:30,1762924290000,26,optimized,retrieval,461.8,461.8,461.80019
2025-11-12T10:15:30,1762922730000,SENSEX,2025-11-12T10:42:30,1762924350000,27,optimized,retrieval,461.8,461.8,461.80019
2025-11-12T10:15:30,1762922730000,SENSEX,2025-11-12T10:43:30,1762924410000,28,optimized,retrieval,461.8,461.8,461.80019
2025-11-12T10:15:30,1762922730000,SENSEX,2025-11-12T10:44:30,1762924470000,29,optimized,retrieval,461.8,461.8,461.80019
2025-11-12T10:15:30,1762922730000,SENSEX,2025-11-12T10:45:30,1762924530000,30,optimized,retrieval,461.8,461.8,461.80019
2025-11-12T10:15:30,1762922730000,SENSEX,2025-11-12T10:46:30,1762924590000,31,optimized,retrieval,461.8,461.8,461.80019
2025-11-12T10:15:30,1762922730000,SENSEX,2025-11-12T10:47:30,1762924650000,32,optimized,retrieval,461.8,461.8,461.80019
2025-11-12T10:15:30,1762922730000,SENSEX,2025-11-12T10:48:30,1762924710000,33,optimized,retrieval,461.8,461.8,461.80019
2025-11-12T10:15:30,1762922730000,SENSEX,2025-11-12T10:49:30,1762924770000,34,optimized,retrieval,461.8,461.8,461.80019
2025-11-12T10:15:30,1762922730000,SENSEX,2025-11-12T10:50:30,1762924830000,35,optimized,retrieval,461.8,461.8,461.80019
2025-11-12T10:15:30,1762922730000,SENSEX,2025-11-12T10:51:30,1762924890000,36,optimized,retrieval,461.8,461.8,461.80019
2025-11-12T10:15:30,1762922730000,SENSEX,2025-11-12T10:52:30,1762924950000,37,optimized,retrieval,461.8,461.8,461.80019
2025-11-12T10:15:30,1762922730000,SENSEX,2025-11-12T10:53:30,1762925010000,38,optimized,retrieval,461.8,461.8,461.80019
2025-11-12T10:15:30,1762922730000,SENSEX,2025-11-12T10:54:30,1762925070000,39,optimized,retrieval,461.8,461.8,461.80019
2025-11-12T10:15:30,1762922730000,SENSEX,2025-11-12T10:55:30,1762925130000,40,optimized,retrieval,461.8,461.8,461.80019
2025-11-12T10:15:30,1762922730000,SENSEX,2025-11-12T10:56:30,1762925190000,41,optimized,retrieval,461.8,461.8,461.80019
2025-11-12T10:15:30,1762922730000,SENSEX,2025-11-12T10:57:30,1762925250000,42,optimized,retrieval,461.8,461.8,461.80019
2025-11-12T10:15:30,1762922730000,SENSEX,2025-11-12T10:58:30,1762925310000,43,optimized,retrieval,461.8,461.8,461.80019
2025-11-12T10:15:30,1762922730000,SENSEX,2025-11-12T10:59:30,1762925370000,44,optimized,retrieval,461.8,461.8,461.80019
2025-11-12T10:15:30,1762922730000,SENSEX,2025-11-12T11:00:30,1762925430000,45,optimized,retrieval,461.8,461.8,461.80019
2025-11-12T10:15:30,1762922730000,SENSEX,2025-11-12T11:01:30,1762925490000,46,optimized,retrieval,461.8,461.8,461.80019
2025-11-12T10:15:30,1762922730000,SENSEX,2025-11-12T11:02:30,1762925550000,47,optimized,retrieval,461.8,461.8,461.80019
2025-11-12T10:15:30,1762922730000,SENSEX,2025-11-12T11:03:30,1762925610000,48,optimized,retrieval,461.8,461.8,461.80019
2025-11-12T10:15:30,1762922730000,SENSEX,2025-11-12T11:04:30,1762925670000,49,optimized,retrieval,461.8,461.8,461.80019
2025-11-12T10:15:30,1762922730000,SENSEX,2025-11-12T11:05:30,1762925730000,50,optimized,retrieval,461.8,461.8,461.80019
2025-11-12T10:15:30,1762922730000,SENSEX,2025-11-12T11:06:30,1762925790000,51,optimized,retrieval,461.8,461.8,461.80019
2025-11-12T10:15:30,1762922730000,SENSEX,2025-11-12T11:07:30,1762925850000,52,optimized,retrieval,461.8,461.8,461.80019
2025-11-12T10:15:30,1762922730000,SENSEX,2025-11-12T11:08:30,1762925910000,53,optimized,retrieval,461.8,461.8,461.80019
2025-11-12T10:15:30,1762922730000,SENSEX,2025-11-12T11:09:30,1762925970000,54,optimized,retrieval,461.8,461.8,461.80019
2025-11-12T10:15:30,1762922730000,SENSEX,2025-11-12T11:10:30,1762926030000,55,optimized,retrieval,461.8,461.8,461.80019
2025-11-12T10:15:30,1762922730000,SENSEX,2025-11-12T11:11:30,1762926090000,56,optimized,retrieval,461.8,461.8,461.80019
2025-11-12T10:15:30,1762922730000,SENSEX,2025-11-12T11:12:30,1762926150000,57,optimized,retrieval,461.8,461.8,461.80019
2025-11-12T10:15:30,1762922730000,SENSEX,2025-11-12T11:13:30,1762926210000,58,optimized,retrieval,461.8,461.8,461.80019
2025-11-12T10:15:30,1762922730000,SENSEX,2025-11-12T11:14:30,1762926270000,59,optimized,retrieval,461.8,461.8,461.80019
2025-11-12T10:15:30,1762922730000,SENSEX,2025-11-12T11:15:30,1762926330000,60,optimized,retrieval,461.8,461.8,461.80019
2025-11-12T10:15:30,1762922730000,SENSEX,2025-11-12T10:16:30,1762922790000,1,optimized,retrieval,461.8,461.8,461.80019
2025-11-12T10:15:30,1762922730000,SENSEX,2025-11-12T10:17:30,1762922850000,2,optimized,retrieval,461.8,461.8,461.80019
2025-11-12T10:15:30,1762922730000,SENSEX,2025-11-12T10:18:30,1762922910000,3,optimized,retrieval,461.8,461.8,461.80019
2025-11-12T10:15:30,1762922730000,SENSEX,2025-11-12T10:19:30,1762922970000,4,optimized,retrieval,461.8,461.8,461.80019
2025-11-12T10:15:30,1762922730000,SENSEX,2025-11-12T10:20:30,1762923030000,5,optimized,retrieval,461.8,461.8,461.80019
2025-11-12T10:15:30,1762922730000,SENSEX,2025-11-12T10:21:30,1762923090000,6,optimized,retrieval,461.8,461.8,461.80019
2025-11-12T10:15:30,1762922730000,SENSEX,2025-11-12T10:22:30,1762923150000,7,optimized,retrieval,461.8,461.8,461.80019
2025-11-12T10:15:30,1762922730000,SENSEX,2025-11-12T10:23:30,1762923210000,8,optimized,retrieval,461.8,461.8,461.80019
2025-11-12T10:15:30,1762922730000,SENSEX,2025-11-12T10:24:30,1762923270000,9,optimized,retrieval,461.8,461.8,461.80019
2025-11-12T10:15:30,1762922730000,SENSEX,2025-11-12T10:25:30,1762923330000,10,optimized,retrieval,461.8,461.8,461.80019
2025-11-12T10:15:30,1762922730000,SENSEX,2025-11-12T10:26:30,1762923390000,11,optimized,retrieval,461.8,461.8,461.80019
2025-11-12T10:15:30,1762922730000,SENSEX,2025-11-12T10:27:30,1762923450000,12,optimized,retrieval,461.8,461.8,461.80019
2025-11-12T10:15:30,1762922730000,SENSEX,2025-11-12T10:28:30,1762923510000,13,optimized,retrieval,461.8,461.8,461.80019
2025-11-12T10:15:30,1762922730000,SENSEX,2025-11-12T10:29:30,1762923570000,14,optimized,retrieval,461.8,461.8,461.80019
2025-11-12T10:15:30,1762922730000,SENSEX,2025-11-12T10:30:30,1762923630000,15,optimized,retrieval,461.8,461.8,461.80019
2025-11-12T10:15:30,1762922730000,SENSEX,2025-11-12T10:31:30,1762923690000,16,optimized,retrieval,461.8,461.8,461.80019
2025-11-12T10:15:30,1762922730000,SENSEX,2025-11-12T10:32:30,1762923750000,17,optimized,retrieval,461.8,461.8,461.80019
2025-11-12T10:15:30,1762922730000,SENSEX,2025-11-12T10:33:30,1762923810000,18,optimized,retrieval,461.8,461.8,461.80019
2025-11-12T10:15:30,1762922730000,SENSEX,2025-11-12T10:34:30,1762923870000,19,optimized,retrieval,461.8,461.8,461.80019
2025-11-12T10:15:30,1762922730000,SENSEX,2025-11-12T10:35:30,1762923930000,20,optimized,retrieval,461.8,461.8,461.80019
2025-11-12T10:15:30,1762922730000,SENSEX,2025-11-12T10:36:30,1762923990000,21,optimized,retrieval,461.8,461.8,461.80019
2025-11-12T10:15:30,1762922730000,SENSEX,2025-11-12T10:37:30,1762924050000,22,optimized,retrieval,461.8,461.8,461.80019
2025-11-12T10:15:30,1762922730000,SENSEX,2025-11-12T10:38:30,1762924110000,23,optimized,retrieval,461.8,461.8,461.80019
2025-11-12T10:15:30,1762922730000,SENSEX,2025-11-12T10:39:30,1762924170000,24,optimized,retrieval,461.8,461.8,461.80019
2025-11-12T10:15:30,1762922730000,SENSEX,2025-11-12T10:40:30,1762924230000,25,optimized,retrieval,461.8,461.8,461.80019
2025-11-12T10:15:30,1762922730000,SENSEX,2025-11-12T10:41:30,1762924290000,26,optimized,retrieval,461.8,461.8,461.80019
2025-11-12T10:15:30,1762922730000,SENSEX,2025-11-12T10:42:30,1762924350000,27,optimized,retrieval,461.8,461.8,461.80019
2025-11-12T10:15:30,1762922730000,SENSEX,2025-11-12T10:43:30,1762924410000,28,optimized,retrieval,461.8,461.8,461.80019
2025-11-12T10:15:30,1762922730000,SENSEX,2025-11-12T10:44:30,1762924470000,29,optimized,retrieval,461.8,461.8,461.80019
2025-11-12T10:15:30,1762922730000,SENSEX,2025-11-12T10:45:30,1762924530000,30,optimized,retrieval,461.8,461.8,461.80019
2025-11-12T10:15:30,1762922730000,SENSEX,2025-11-12T10:46:30,1762924590000,31,optimized,retrieval,461.8,461.8,461.80019
2025-11-12T10:15:30,1762922730000,SENSEX,2025-11-12T10:47:30,1762924650000,32,optimized,retrieval,461.8,461.8,461.80019
2025-11-12T10:15:30,1762922730000,SENSEX,2025-11-12T10:48:30,1762924710000,33,optimized,retrieval,461.8,461.8,461.80019
2025-11-12T10:15:30,1762922730000,SENSEX,2025-11-12T10:49:30,1762924770000,34,optimized,retrieval,461.8,461.8,461.80019
2025-11-12T10:15:30,1762922730000,SENSEX,2025-11-12T10:50:30,1762924830000,35,optimized,retrieval,461.8,461.8,461.80019
2025-11-12T10:15:30,1762922730000,SENSEX,2025-11-12T10:51:30,1762924890000,36,optimized,retrieval,461.8,461.8,461.80019
2025-11-12T10:15:30,1762922730000,SENSEX,2025-11-12T10:52:30,1762924950000,37,optimized,retrieval,461.8,461.8,461.80019
2025-11-12T10:15:30,1762922730000,SENSEX,2025-11-12T10:53:30,1762925010000,38,optimized,retrieval,461.8,461.8,461.80019
2025-11-12T10:15:30,1762922730000,SENSEX,2025-11-12T10:54:30,1762925070000,39,optimized,retrieval,461.8,461.8,461.80019
2025-11-12T10:15:30,1762922730000,SENSEX,2025-11-12T10:55:30,1762925130000,40,optimized,retrieval,461.8,461.8,461.80019
2025-11-12T10:15:30,1762922730000,SENSEX,2025-11-12T10:56:30,1762925190000,41,optimized,retrieval,461.8,461.8,461.80019
2025-11-12T10:15:30,1762922730000,SENSEX,2025-11-12T10:57:30,1762925250000,42,optimized,retrieval,461.8,461.8,461.80019
2025-11-12T10:15:30,1762922730000,SENSEX,2025-11-12T10:58:30,1762925310000,43,optimized,retrieval,461.8,461.8,461.80019
2025-11-12T10:15:30,1762922730000,SENSEX,2025-11-12T10:59:30,1762925370000,44,optimized,retrieval,461.8,461.8,461.80019
2025-11-12T10:15:30,1762922730000,SENSEX,2025-11-12T11:00:30,1762925430000,45,optimized,retrieval,461.8,461.8,461.80019
2025-11-12T10:15:30,1762922730000,SENSEX,2025-11-12T11:01:30,1762925490000,46,optimized,retrieval,461.8,461.8,461.80019
2025-11-12T10:15:30,1762922730000,SENSEX,2025-11-12T11:02:30,1762925550000,47,optimized,retrieval,461.8,461.8,461.80019
2025-11-12T10:15:30,1762922730000,SENSEX,2025-11-12T11:03:30,1762925610000,48,optimized,retrieval,461.8,461.8,461.80019
2025-11-12T10:15:30,1762922730000,SENSEX,2025-11-12T11:04:30,1762925670000,49,optimized,retrieval,461.8,461.8,461.80019
2025-11-12T10:15:30,1762922730000,SENSEX,2025-11-12T11:05:30,1762925730000,50,optimized,retrieval,461.8,461.8,461.80019
2025-11-12T10:15:30,1762922730000,SENSEX,2025-11-12T11:06:30,1762925790000,51,optimized,retrieval,461.8,461.8,461.80019
2025-11-12T10:15:30,1762922730000,SENSEX,2025-11-12T11:07:30,1762925850000,52,optimized,retrieval,461.8,461.8,461.80019
2025-11-12T10:15:30,1762922730000,SENSEX,2025-11-12T11:08:30,1762925910000,53,optimized,retrieval,461.8,461.8,461.80019
2025-11-12T10:15:30,1762922730000,SENSEX,2025-11-12T11:09:30,1762925970000,54,optimized,retrieval,461.8,461.8,461.80019
2025-11-12T10:15:30,1762922730000,SENSEX,2025-11-12T11:10:30,1762926030000,55,optimized,retrieval,461.8,461.8,461.80019
2025-11-12T10:15:30,1762922730000,SENSEX,2025-11-12T11:11:30,1762926090000,56,optimized,retrieval,461.8,461.8,461.80019
2025-11-12T10:15:30,1762922730000,SENSEX,2025-11-12T11:12:30,1762926150000,57,optimized,retrieval,461.8,461.8,461.80019
2025-11-12T10:15:30,1762922730000,SENSEX,2025-11-12T11:13:30,1762926210000,58,optimized,retrieval,461.8,461.8,461.80019
2025-11-12T10:15:30,1762922730000,SENSEX,2025-11-12T11:14:30,1762926270000,59,optimized,retrieval,461.8,461.8,461.80019
2025-11-12T10:15:30,1762922730000,SENSEX,2025-11-12T11:15:30,1762926330000,60,optimized,retrieval,461.8,461.8,461.80019
2025-11-12T10:45:30,1762924530000,SENSEX,2025-11-12T10:46:30,1762924590000,1,optimized,hybrid,408.4707949535582,451.85,481.2648455155989
2025-11-12T10:45:30,1762924530000,SENSEX,2025-11-12T10:47:30,1762924650000,2,optimized,hybrid,419.5654307384308,449.84645959770046,493.0941363671238
2025-11-12T10:45:30,1762924530000,SENSEX,2025-11-12T10:48:30,1762924710000,3,optimized,hybrid,426.0739587674222,451.1632198006511,492.3621251564425
2025-11-12T10:45:30,1762924530000,SENSEX,2025-11-12T10:49:30,1762924770000,4,optimized,hybrid,438.8768080793978,452.95853439765546,482.42169944120195
2025-11-12T10:45:30,1762924530000,SENSEX,2025-11-12T10:50:30,1762924830000,5,optimized,hybrid,429.5907252450568,448.5649942593047,486.5163062086815
2025-11-12T10:45:30,1762924530000,SENSEX,2025-11-12T10:51:30,1762924890000,6,optimized,hybrid,430.56519468998323,450.59288664519335,488.298643597399
2025-11-12T10:45:30,1762924530000,SENSEX,2025-11-12T10:52:30,1762924950000,7,optimized,hybrid,423.11465798186777,450.0610420645304,486.0947520562597
2025-11-12T10:45:30,1762924530000,SENSEX,2025-11-12T10:53:30,1762925010000,8,optimized,hybrid,417.8728058765552,449.5972957153432,480.518857938143
2025-11-12T10:45:30,1762924530000,SENSEX,2025-11-12T10:54:30,1762925070000,9,optimized,hybrid,415.07259455768457,451.5666160352481,474.6058808982557
2025-11-12T10:45:30,1762924530000,SENSEX,2025-11-12T10:55:30,1762925130000,10,optimized,hybrid,408.17451518737533,448.66449260578423,481.0411698800074
2025-11-12T10:45:30,1762924530000,SENSEX,2025-11-12T10:56:30,1762925190000,11,optimized,hybrid,407.9176421484459,447.6510523184217,491.4632210418531
2025-11-12T10:45:30,1762924530000,SENSEX,2025-11-12T10:57:30,1762925250000,12,optimized,hybrid,414.20992618895775,449.2170339040442,485.4394399579349
2025-11-12T10:45:30,1762924530000,SENSEX,2025-11-12T10:58:30,1762925310000,13,optimized,hybrid,408.8111596031541,449.41816892863676,477.8678759945297
2025-11-12T10:45:30,1762924530000,SENSEX,2025-11-12T10:59:30,1762925370000,14,optimized,hybrid,406.37251547000494,448.6218239843497,483.07414385666783
2025-11-12T10:45:30,1762924530000,SENSEX,2025-11-12T11:00:30,1762925430000,15,optimized,hybrid,412.8899197885266,449.621085536642,476.38510682603373
2025-11-12T10:45:30,1762924530000,SENSEX,2025-11-12T11:01:30,1762925490000,16,optimized,hybrid,419.91957994191154,445.9549524939032,489.97229165693483
2025-11-12T10:45:30,1762924530000,SENSEX,2025-11-12T11:02:30,1762925550000,17,optimized,hybrid,406.243369186388,446.0740986725881,475.2811912436912
2025-11-12T10:45:30,1762924530000,SENSEX,2025-11-12T11:03:30,1762925610000,18,optimized,hybrid,408.47084685463443,446.476565320125,515.0936685562571
2025-11-12T10:45:30,1762924530000,SENSEX,2025-11-12T11:04:30,1762925670000,19,optimized,hybrid,406.59555301602234,447.4752541064681,511.68631086609537
2025-11-12T10:45:30,1762924530000,SENSEX,2025-11-12T11:05:30,1762925730000,20,optimized,hybrid,409.38811154408273,445.7982394528088,510.10857714581255
2025-11-12T10:45:30,1762924530000,SENSEX,2025-11-12T11:06:30,1762925790000,21,optimized,hybrid,412.6210931779876,451.06072312199615,498.68361417674885
2025-11-12T10:45:30,1762924530000,SENSEX,2025-11-12T11:07:30,1762925850000,22,optimized,hybrid,420.17003198119886,446.5394287434673,505.8315205126304
2025-11-12T10:45:30,1762924530000,SENSEX,2025-11-12T11:08:30,1762925910000,23,optimized,hybrid,414.1724588921426,448.46808205523917,493.15366662692986
2025-11-12T10:45:30,1762924530000,SENSEX,2025-11-12T11:09:30,1762925970000,24,optimized,hybrid,411.45899225819403,450.916828700967,500.34871604690704
2025-11-12T10:45:30,1762924530000,SENSEX,2025-11-12T11:10:30,1762926030000,25,optimized,hybrid,403.1759273398558,452.09927518369335,489.84263213217065
2025-11-12T10:45:30,1762924530000,SENSEX,2025-11-12T11:11:30,1762926090000,26,optimized,hybrid,401.45827009065334,450.0665080946491,494.42291664935385
2025-11-12T10:45:30,1762924530000,SENSEX,2025-11-12T11:12:30,1762926150000,27,optimized,hybrid,405.51632874230233,451.7001542275714,501.2909771097779
2025-11-12T10:45:30,1762924530000,SENSEX,2025-11-12T11:13:30,1762926210000,28,optimized,hybrid,404.75464662049956,450.87185857218367,495.48119311153107
2025-11-12T10:45:30,1762924530000,SENSEX,2025-11-12T11:14:30,1762926270000,29,optimized,hybrid,399.57072516106825,449.2097541959686,492.8693589917943
2025-11-12T10:45:30,1762924530000,SENSEX,2025-11-12T11:15:30,1762926330000,30,optimized,hybrid,407.22471494202443,450.3355692217542,491.88423160842973
2025-11-12T10:45:30,1762924530000,SENSEX,2025-11-12T11:16:30,1762926390000,31,optimized,hybrid,406.2746283228364,449.9769065989836,492.7060714791813
2025-11-12T10:45:30,1762924530000,SENSEX,2025-11-12T11:17:30,1762926450000,32,optimized,hybrid,400.55760942704967,446.1548466168085,482.71741442779165
2025-11-12T10:45:30,1762924530000,SENSEX,2025-11-12T11:18:30,1762926510000,33,optimized,hybrid,402.5423879831378,447.2218025104191,489.7691243771097
2025-11-12T10:45:30,1762924530000,SENSEX,2025-11-12T11:19:30,1762926570000,34,optimized,hybrid,402.3039646806937,449.7546033438249,484.6429314974146
2025-11-12T10:45:30,1762924530000,SENSEX,2025-11-12T11:20:30,1762926630000,35,optimized,hybrid,400.3262004432604,445.99881621234965,480.4968362195127
2025-11-12T10:45:30,1762924530000,SENSEX,2025-11-12T11:21:30,1762926690000,36,optimized,hybrid,396.90969461774563,446.37182895345046,491.2031788541916
2025-11-12T10:45:30,1762924530000,SENSEX,2025-11-12T11:22:30,1762926750000,37,optimized,hybrid,407.2655113436519,447.85456071862745,488.1928815265375
2025-11-12T10:45:30,1762924530000,SENSEX,2025-11-12T11:23:30,1762926810000,38,optimized,hybrid,391.66655038882914,444.9918782897006,502.39904338330723
2025-11-12T10:45:30,1762924530000,SENSEX,2025-11-12T11:24:30,1762926870000,39,optimized,hybrid,387.553419885789,447.18933113281156,501.36746846589716
2025-11-12T10:45:30,1762924530000,SENSEX,2025-11-12T11:25:30,1762926930000,40,optimized,hybrid,389.56323743543925,447.0534261689058,496.0307167312091
2025-11-12T10:45:30,1762924530000,SENSEX,2025-11-12T11:26:30,1762926990000,41,optimized,hybrid,410.2333064968481,445.28200833012784,496.70563166826645
2025-11-12T10:45:30,1762924530000,SENSEX,2025-11-12T11:27:30,1762927050000,42,optimized,hybrid,398.7978150703128,448.47182469943976,494.50910439062307
2025-11-12T10:45:30,1762924530000,SENSEX,2025-11-12T11:28:30,1762927110000,43,optimized,hybrid,397.45113037416513,446.1207850640359,493.97519447427004
2025-11-12T10:45:30,1762924530000,SENSEX,2025-11-12T11:29:30,1762927170000,44,optimized,hybrid,397.8260095870692,445.71220866462414,490.9468267849716
2025-11-12T10:45:30,1762924530000,SENSEX,2025-11-12T11:30:30,1762927230000,45,optimized,hybrid,391.2222333947126,445.19940175242874,492.28099332969265
2025-11-12T10:45:30,1762924530000,SENSEX,2025-11-12T11:31:30,1762927290000,46,optimized,hybrid,396.667598211926,441.6762856954025,498.3741894732416
2025-11-12T10:45:30,1762924530000,SENSEX,2025-11-12T11:32:30,1762927350000,47,optimized,hybrid,401.0329799984448,441.2228448094905,505.63594604593465
2025-11-12T10:45:30,1762924530000,SENSEX,2025-11-12T11:33:30,1762927410000,48,optimized,hybrid,398.2128065735586,445.5968791691141,504.928350989856
2025-11-12T10:45:30,1762924530000,SENSEX,2025-11-12T11:34:30,1762927470000,49,optimized,hybrid,397.08109848907804,446.99019880105664,497.7721392855465
2025-11-12T10:45:30,1762924530000,SENSEX,2025-11-12T11:35:30,1762927530000,50,optimized,hybrid,404.5240072563826,439.7328394905145,500.2471211175156
2025-11-12T10:45:30,1762924530000,SENSEX,2025-11-12T11:36:30,1762927590000,51,optimized,hybrid,406.7118240754951,439.86290512980725,511.69539401821316
2025-11-12T10:45:30,1762924530000,SENSEX,2025-11-12T11:37:30,1762927650000,52,optimized,hybrid,398.33120558851954,439.7427163577284,505.9143761040873
2025-11-12T10:45:30,1762924530000,SENSEX,2025-11-12T11:38:30,1762927710000,53,optimized,hybrid,393.3520833235533,440.2255753982857,502.7216785161311
2025-11-12T10:45:30,1762924530000,SENSEX,2025-11-12T11:39:30,1762927770000,54,optimized,hybrid,404.04588956811915,442.1865789678771,501.5562686300698
2025-11-12T10:45:30,1762924530000,SENSEX,2025-11-12T11:40:30,1762927830000,55,optimized,hybrid,406.72527793451263,441.15447653668343,503.6885619672489
2025-11-12T10:45:30,1762924530000,SENSEX,2025-11-12T11:41:30,1762927890000,56,optimized,hybrid,412.06841551898196,436.8418968055919,502.97179153500093
2025-11-12T10:45:30,1762924530000,SENSEX,2025-11-12T11:42:30,1762927950000,57,optimized,hybrid,375.0115126959153,439.7228443928627,502.433877702524
2025-11-12T10:45:30,1762924530000,SENSEX,2025-11-12T11:43:30,1762928010000,58,optimized,hybrid,418.7409546165933,439.16399914978547,504.2100539749781
2025-11-12T10:45:30,1762924530000,SENSEX,2025-11-12T11:44:30,1762928070000,59,optimized,hybrid,416.74626453131094,437.77390053034753,501.92848303102676
2025-11-12T10:45:30,1762924530000,SENSEX,2025-11-12T11:45:30,1762928130000,60,optimized,hybrid,382.4634557731627,438.6118184743432,503.04163867455145
2025-11-12T10:45:30,1762924530000,SENSEX,2025-11-12T10:46:30,1762924590000,1,optimized,hybrid,430.2897464638744,451.85,465.43858378096843
2025-11-12T10:45:30,1762924530000,SENSEX,2025-11-12T10:47:30,1762924650000,2,optimized,hybrid,431.9808772655799,451.0940286141578,475.4066910793957
2025-11-12T10:45:30,1762924530000,SENSEX,2025-11-12T10:48:30,1762924710000,3,optimized,hybrid,439.91318737792176,452.0341392067711,469.90297757318285
2025-11-12T10:45:30,1762924530000,SENSEX,2025-11-12T10:49:30,1762924770000,4,optimized,hybrid,441.69741922745914,451.0932609707634,467.6649337569573
2025-11-12T10:45:30,1762924530000,SENSEX,2025-11-12T10:50:30,1762924830000,5,optimized,hybrid,438.06331766025784,451.1642676378704,464.5036845910488
2025-11-12T10:45:30,1762924530000,SENSEX,2025-11-12T10:51:30,1762924890000,6,optimized,hybrid,438.39458354744306,451.0386988769125,471.5719228985421
2025-11-12T10:45:30,1762924530000,SENSEX,2025-11-12T10:52:30,1762924950000,7,optimized,hybrid,433.85610870787514,451.85634708497867,466.33728897910845
2025-11-12T10:45:30,1762924530000,SENSEX,2025-11-12T10:53:30,1762925010000,8,optimized,hybrid,435.8736945570865,451.5379547915864,465.8131855982414
2025-11-12T10:45:30,1762924530000,SENSEX,2025-11-12T10:54:30,1762925070000,9,optimized,hybrid,431.2201577654067,453.3336462292611,460.29476962110977
2025-11-12T10:45:30,1762924530000,SENSEX,2025-11-12T10:55:30,1762925130000,10,optimized,hybrid,432.2842682870372,450.34248062078535,465.4691772855428
2025-11-12T10:45:30,1762924530000,SENSEX,2025-11-12T10:56:30,1762925190000,11,optimized,hybrid,432.2654689815071,449.40220341462947,473.61742503603705
2025-11-12T10:45:30,1762924530000,SENSEX,2025-11-12T10:57:30,1762925250000,12,optimized,hybrid,438.95613019324804,447.73128270947404,471.58564493269586
2025-11-12T10:45:30,1762924530000,SENSEX,2025-11-12T10:58:30,1762925310000,13,optimized,hybrid,435.1224435660252,449.0513000042531,468.58277310757234
2025-11-12T10:45:30,1762924530000,SENSEX,2025-11-12T10:59:30,1762925370000,14,optimized,hybrid,432.16002239024556,448.6725805148823,469.0241766377913
2025-11-12T10:45:30,1762924530000,SENSEX,2025-11-12T11:00:30,1762925430000,15,optimized,hybrid,432.66156357986927,447.8224886091355,467.73807502197536
2025-11-12T10:45:30,1762924530000,SENSEX,2025-11-12T11:01:30,1762925490000,16,optimized,hybrid,436.6551660113138,447.8832040742154,470.6927866887362
2025-11-12T10:45:30,1762924530000,SENSEX,2025-11-12T11:02:30,1762925550000,17,optimized,hybrid,435.8511072085502,445.7400752274674,469.5267775479425
2025-11-12T10:45:30,1762924530000,SENSEX,2025-11-12T11:03:30,1762925610000,18,optimized,hybrid,436.65839525858763,446.2833740944538,488.5555672610021
2025-11-12T10:45:30,1762924530000,SENSEX,2025-11-12T11:04:30,1762925670000,19,optimized,hybrid,433.30008782429513,449.12534265263497,484.62416634798905
2025-11-12T10:45:30,1762924530000,SENSEX,2025-11-12T11:05:30,1762925730000,20,optimized,hybrid,431.9956008993273,448.52668496472234,483.1747489992504
2025-11-12T10:45:30,1762924530000,SENSEX,2025-11-12T11:06:30,1762925790000,21,optimized,hybrid,437.7202928721131,448.55160838971614,479.071956525412
2025-11-12T10:45:30,1762924530000,SENSEX,2025-11-12T11:07:30,1762925850000,22,optimized,hybrid,437.6237969938968,449.30319122820345,478.73368578299346
2025-11-12T10:45:30,1762924530000,SENSEX,2025-11-12T11:08:30,1762925910000,23,optimized,hybrid,438.19157942027067,447.8954457601525,476.1172389227769
2025-11-12T10:45:30,1762924530000,SENSEX,2025-11-12T11:09:30,1762925970000,24,optimized,hybrid,435.69266220400544,448.8571755470992,479.2064553089512
2025-11-12T10:45:30,1762924530000,SENSEX,2025-11-12T11:10:30,1762926030000,25,optimized,hybrid,434.2681184357042,448.15208809377816,476.49285196859813
2025-11-12T10:45:30,1762924530000,SENSEX,2025-11-12T11:11:30,1762926090000,26,optimized,hybrid,433.47135718907384,446.9004230002912,479.1138586230894
2025-11-12T10:45:30,1762924530000,SENSEX,2025-11-12T11:12:30,1762926150000,27,optimized,hybrid,436.650223943659,446.50088012733255,483.99117914563294
2025-11-12T10:45:30,1762924530000,SENSEX,2025-11-12T11:13:30,1762926210000,28,optimized,hybrid,434.4666231512709,448.0216089169777,479.3591840416047
2025-11-12T10:45:30,1762924530000,SENSEX,2025-11-12T11:14:30,1762926270000,29,optimized,hybrid,428.23302749275643,449.7113924358817,473.14467250782866
2025-11-12T10:45:30,1762924530000,SENSEX,2025-11-12T11:15:30,1762926330000,30,optimized,hybrid,432.85701994171933,450.6969711046419,472.47040219000337
2025-11-12T10:45:30,1762924530000,SENSEX,2025-11-12T11:16:30,1762926390000,31,optimized,hybrid,430.2318323346224,450.86080381027267,472.1237565613357
2025-11-12T10:45:30,1762924530000,SENSEX,2025-11-12T11:17:30,1762926450000,32,optimized,hybrid,430.1039218598124,447.76505261817425,470.24545982441714
2025-11-12T10:45:30,1762924530000,SENSEX,2025-11-12T11:18:30,1762926510000,33,optimized,hybrid,429.6273112198982,449.95258971329497,469.9211249224818
2025-11-12T10:45:30,1762924530000,SENSEX,2025-11-12T11:19:30,1762926570000,34,optimized,hybrid,431.1934168780851,449.37285166340706,470.51143340938575
2025-11-12T10:45:30,1762924530000,SENSEX,2025-11-12T11:20:30,1762926630000,35,optimized,hybrid,427.44236235006116,450.27314456272074,464.0074098625095
2025-11-12T10:45:30,1762924530000,SENSEX,2025-11-12T11:21:30,1762926690000,36,optimized,hybrid,422.6525135264264,449.9467294873875,468.75069070945074
2025-11-12T10:45:30,1762924530000,SENSEX,2025-11-12T11:22:30,1762926750000,37,optimized,hybrid,432.28774414597865,450.36465971193894,466.3093592028161
2025-11-12T10:45:30,1762924530000,SENSEX,2025-11-12T11:23:30,1762926810000,38,optimized,hybrid,422.4636013488184,448.8022080893869,476.0683818294815
2025-11-12T10:45:30,1762924530000,SENSEX,2025-11-12T11:24:30,1762926870000,39,optimized,hybrid,419.4584247954539,449.68815184448476,466.95760640131977
2025-11-12T10:45:30,1762924530000,SENSEX,2025-11-12T11:25:30,1762926930000,40,optimized,hybrid,419.86349017082443,449.7601197353056,466.80913215371163
2025-11-12T10:45:30,1762924530000,SENSEX,2025-11-12T11:26:30,1762926990000,41,optimized,hybrid,432.01589243650466,447.76736824033367,471.11745713212514
2025-11-12T10:45:30,1762924530000,SENSEX,2025-11-12T11:27:30,1762927050000,42,optimized,hybrid,422.9860892320777,448.7530784650076,470.99995277590506
2025-11-12T10:45:30,1762924530000,SENSEX,2025-11-12T11:28:30,1762927110000,43,optimized,hybrid,426.6574601642673,447.9335654717464,471.73270443517146
2025-11-12T10:45:30,1762924530000,SENSEX,2025-11-12T11:29:30,1762927170000,44,optimized,hybrid,426.99536364050476,447.5746285715444,472.4073824568336
2025-11-12T10:45:30,1762924530000,SENSEX,2025-11-12T11:30:30,1762927230000,45,optimized,hybrid,422.085669364866,445.68905792057393,470.008626091348
2025-11-12T10:45:30,1762924530000,SENSEX,2025-11-12T11:31:30,1762927290000,46,optimized,hybrid,426.7921662687325,445.4779792459434,471.9370568039379
2025-11-12T10:45:30,1762924530000,SENSEX,2025-11-12T11:32:30,1762927350000,47,optimized,hybrid,422.9076207260913,445.36752065549695,478.775257543846
2025-11-12T10:45:30,1762924530000,SENSEX,2025-11-12T11:33:30,1762927410000,48,optimized,hybrid,427.7769307387112,445.8908155588532,479.51711217729235
2025-11-12T10:45:30,1762924530000,SENSEX,2025-11-12T11:34:30,1762927470000,49,optimized,hybrid,430.916076792513,444.5637013153306,474.49562047761975
2025-11-12T10:45:30,1762924530000,SENSEX,2025-11-12T11:35:30,1762927530000,50,optimized,hybrid,430.8329984155978,444.13702477589953,478.73069749145867
2025-11-12T10:45:30,1762924530000,SENSEX,2025-11-12T11:36:30,1762927590000,51,optimized,hybrid,432.15834033040335,446.07432122097293,480.35694128768097
2025-11-12T10:45:30,1762924530000,SENSEX,2025-11-12T11:37:30,1762927650000,52,optimized,hybrid,428.13270864139156,446.0347287941422,471.98952295530484
2025-11-12T10:45:30,1762924530000,SENSEX,2025-11-12T11:38:30,1762927710000,53,optimized,hybrid,420.8878067764904,444.33396315221773,468.638972150049
2025-11-12T10:45:30,1762924530000,SENSEX,2025-11-12T11:39:30,1762927770000,54,optimized,hybrid,422.84117962300274,447.7691026920548,473.4459401169782
2025-11-12T10:45:30,1762924530000,SENSEX,2025-11-12T11:40:30,1762927830000,55,optimized,hybrid,421.2046744493807,446.05205854991334,473.02789414470027
2025-11-12T10:45:30,1762924530000,SENSEX,2025-11-12T11:41:30,1762927890000,56,optimized,hybrid,420.10245623309316,445.12397844111143,471.4468411691035
2025-11-12T10:45:30,1762924530000,SENSEX,2025-11-12T11:42:30,1762927950000,57,optimized,hybrid,416.6666583852467,446.65343588245065,470.73674651889274
2025-11-12T10:45:30,1762924530000,SENSEX,2025-11-12T11:43:30,1762928010000,58,optimized,hybrid,419.3394989106961,446.5085119928771,472.33619437601544
2025-11-12T10:45:30,1762924530000,SENSEX,2025-11-12T11:44:30,1762928070000,59,optimized,hybrid,418.94589783438175,445.5211077337038,469.92983439309825
2025-11-12T10:45:30,1762924530000,SENSEX,2025-11-12T11:45:30,1762928130000,60,optimized,hybrid,418.81720287571795,447.82285926719123,471.138426120728
2025-11-12T10:45:30,1762924530000,SENSEX,2025-11-12T10:46:30,1762924590000,1,optimized,hybrid,430.2897464638744,451.85,465.43858378096843
2025-11-12T10:45:30,1762924530000,SENSEX,2025-11-12T10:47:30,1762924650000,2,optimized,hybrid,431.9808772655799,451.0940286141578,475.4066910793957
2025-11-12T10:45:30,1762924530000,SENSEX,2025-11-12T10:48:30,1762924710000,3,optimized,hybrid,439.91318737792176,452.0341392067711,469.90297757318285
2025-11-12T10:45:30,1762924530000,SENSEX,2025-11-12T10:49:30,1762924770000,4,optimized,hybrid,441.69741922745914,451.0932609707634,467.6649337569573
2025-11-12T10:45:30,1762924530000,SENSEX,2025-11-12T10:50:30,1762924830000,5,optimized,hybrid,438.06331766025784,451.1642676378704,464.5036845910488
2025-11-12T10:45:30,1762924530000,SENSEX,2025-11-12T10:51:30,1762924890000,6,optimized,hybrid,438.39458354744306,451.0386988769125,471.5719228985421
2025-11-12T10:45:30,1762924530000,SENSEX,2025-11-12T10:52:30,1762924950000,7,optimized,hybrid,433.85610870787514,451.85634708497867,466.33728897910845
2025-11-12T10:45:30,1762924530000,SENSEX,2025-11-12T10:53:30,1762925010000,8,optimized,hybrid,435.8736945570865,451.5379547915864,465.8131855982414
2025-11-12T10:45:30,1762924530000,SENSEX,2025-11-12T10:54:30,1762925070000,9,optimized,hybrid,431.2201577654067,453.3336462292611,460.29476962110977
2025-11-12T10:45:30,1762924530000,SENSEX,2025-11-12T10:55:30,1762925130000,10,optimized,hybrid,432.2842682870372,450.34248062078535,465.4691772855428
2025-11-12T10:45:30,1762924530000,SENSEX,2025-11-12T10:56:30,1762925190000,11,optimized,hybrid,432.2654689815071,449.40220341462947,473.61742503603705
2025-11-12T10:45:30,1762924530000,SENSEX,2025-11-12T10:57:30,1762925250000,12,optimized,hybrid,438.95613019324804,447.73128270947404,471.58564493269586
2025-11-12T10:45:30,1762924530000,SENSEX,2025-11-12T10:58:30,1762925310000,13,optimized,hybrid,435.1224435660252,449.0513000042531,468.58277310757234
2025-11-12T10:45:30,1762924530000,SENSEX,2025-11-12T10:59:30,1762925370000,14,optimized,hybrid,432.16002239024556,448.6725805148823,469.0241766377913
2025-11-12T10:45:30,1762924530000,SENSEX,2025-11-12T11:00:30,1762925430000,15,optimized,hybrid,432.66156357986927,447.8224886091355,467.73807502197536
2025-11-12T10:45:30,1762924530000,SENSEX,2025-11-12T11:01:30,1762925490000,16,optimized,hybrid,436.6551660113138,447.8832040742154,470.6927866887362
2025-11-12T10:45:30,1762924530000,SENSEX,2025-11-12T11:02:30,1762925550000,17,optimized,hybrid,435.8511072085502,445.7400752274674,469.5267775479425
2025-11-12T10:45:30,1762924530000,SENSEX,2025-11-12T11:03:30,1762925610000,18,optimized,hybrid,436.65839525858763,446.2833740944538,488.5555672610021
2025-11-12T10:45:30,1762924530000,SENSEX,2025-11-12T11:04:30,1762925670000,19,optimized,hybrid,433.30008782429513,449.12534265263497,484.62416634798905
2025-11-12T10:45:30,1762924530000,SENSEX,2025-11-12T11:05:30,1762925730000,20,optimized,hybrid,431.9956008993273,448.52668496472234,483.1747489992504
2025-11-12T10:45:30,1762924530000,SENSEX,2025-11-12T11:06:30,1762925790000,21,optimized,hybrid,437.7202928721131,448.55160838971614,479.071956525412
2025-11-12T10:45:30,1762924530000,SENSEX,2025-11-12T11:07:30,1762925850000,22,optimized,hybrid,437.6237969938968,449.30319122820345,478.73368578299346
2025-11-12T10:45:30,1762924530000,SENSEX,2025-11-12T11:08:30,1762925910000,23,optimized,hybrid,438.19157942027067,447.8954457601525,476.1172389227769
2025-11-12T10:45:30,1762924530000,SENSEX,2025-11-12T11:09:30,1762925970000,24,optimized,hybrid,435.69266220400544,448.8571755470992,479.2064553089512
2025-11-12T10:45:30,1762924530000,SENSEX,2025-11-12T11:10:30,1762926030000,25,optimized,hybrid,434.2681184357042,448.15208809377816,476.49285196859813
2025-11-12T10:45:30,1762924530000,SENSEX,2025-11-12T11:11:30,1762926090000,26,optimized,hybrid,433.47135718907384,446.9004230002912,479.1138586230894
2025-11-12T10:45:30,1762924530000,SENSEX,2025-11-12T11:12:30,1762926150000,27,optimized,hybrid,436.650223943659,446.50088012733255,483.99117914563294
2025-11-12T10:45:30,1762924530000,SENSEX,2025-11-12T11:13:30,1762926210000,28,optimized,hybrid,434.4666231512709,448.0216089169777,479.3591840416047
2025-11-12T10:45:30,1762924530000,SENSEX,2025-11-12T11:14:30,1762926270000,29,optimized,hybrid,428.23302749275643,449.7113924358817,473.14467250782866
2025-11-12T10:45:30,1762924530000,SENSEX,2025-11-12T11:15:30,1762926330000,30,optimized,hybrid,432.85701994171933,450.6969711046419,472.47040219000337
2025-11-12T10:45:30,1762924530000,SENSEX,2025-11-12T11:16:30,1762926390000,31,optimized,hybrid,430.2318323346224,450.86080381027267,472.1237565613357
2025-11-12T10:45:30,1762924530000,SENSEX,2025-11-12T11:17:30,1762926450000,32,optimized,hybrid,430.1039218598124,447.76505261817425,470.24545982441714
2025-11-12T10:45:30,1762924530000,SENSEX,2025-11-12T11:18:30,1762926510000,33,optimized,hybrid,429.6273112198982,449.95258971329497,469.9211249224818
2025-11-12T10:45:30,1762924530000,SENSEX,2025-11-12T11:19:30,1762926570000,34,optimized,hybrid,431.1934168780851,449.37285166340706,470.51143340938575
2025-11-12T10:45:30,1762924530000,SENSEX,2025-11-12T11:20:30,1762926630000,35,optimized,hybrid,427.44236235006116,450.27314456272074,464.0074098625095
2025-11-12T10:45:30,1762924530000,SENSEX,2025-11-12T11:21:30,1762926690000,36,optimized,hybrid,422.6525135264264,449.9467294873875,468.75069070945074
2025-11-12T10:45:30,1762924530000,SENSEX,2025-11-12T11:22:30,1762926750000,37,optimized,hybrid,432.28774414597865,450.36465971193894,466.3093592028161
2025-11-12T10:45:30,1762924530000,SENSEX,2025-11-12T11:23:30,1762926810000,38,optimized,hybrid,422.4636013488184,448.8022080893869,476.0683818294815
2025-11-12T10:45:30,1762924530000,SENSEX,2025-11-12T11:24:30,1762926870000,39,optimized,hybrid,419.4584247954539,449.68815184448476,466.95760640131977
2025-11-12T10:45:30,1762924530000,SENSEX,2025-11-12T11:25:30,1762926930000,40,optimized,hybrid,419.86349017082443,449.7601197353056,466.80913215371163
2025-11-12T10:45:30,1762924530000,SENSEX,2025-11-12T11:26:30,1762926990000,41,optimized,hybrid,432.01589243650466,447.76736824033367,471.11745713212514
2025-11-12T10:45:30,1762924530000,SENSEX,2025-11-12T11:27:30,1762927050000,42,optimized,hybrid,422.9860892320777,448.7530784650076,470.99995277590506
2025-11-12T10:45:30,1762924530000,SENSEX,2025-11-12T11:28:30,1762927110000,43,optimized,hybrid,426.6574601642673,447.9335654717464,471.73270443517146
2025-11-12T10:45:30,1762924530000,SENSEX,2025-11-12T11:29:30,1762927170000,44,optimized,hybrid,426.99536364050476,447.5746285715444,472.4073824568336
2025-11-12T10:45:30,1762924530000,SENSEX,2025-11-12T11:30:30,1762927230000,45,optimized,hybrid,422.085669364866,445.68905792057393,470.008626091348
2025-11-12T10:45:30,1762924530000,SENSEX,2025-11-12T11:31:30,1762927290000,46,optimized,hybrid,426.7921662687325,445.4779792459434,471.9370568039379
2025-11-12T10:45:30,1762924530000,SENSEX,2025-11-12T11:32:30,1762927350000,47,optimized,hybrid,422.9076207260913,445.36752065549695,478.775257543846
2025-11-12T10:45:30,1762924530000,SENSEX,2025-11-12T11:33:30,1762927410000,48,optimized,hybrid,427.7769307387112,445.8908155588532,479.51711217729235
2025-11-12T10:45:30,1762924530000,SENSEX,2025-11-12T11:34:30,1762927470000,49,optimized,hybrid,430.916076792513,444.5637013153306,474.49562047761975
2025-11-12T10:45:30,1762924530000,SENSEX,2025-11-12T11:35:30,1762927530000,50,optimized,hybrid,430.8329984155978,444.13702477589953,478.73069749145867
2025-11-12T10:45:30,1762924530000,SENSEX,2025-11-12T11:36:30,1762927590000,51,optimized,hybrid,432.15834033040335,446.07432122097293,480.35694128768097
2025-11-12T10:45:30,1762924530000,SENSEX,2025-11-12T11:37:30,1762927650000,52,optimized,hybrid,428.13270864139156,446.0347287941422,471.98952295530484
2025-11-12T10:45:30,1762924530000,SENSEX,2025-11-12T11:38:30,1762927710000,53,optimized,hybrid,420.8878067764904,444.33396315221773,468.638972150049
2025-11-12T10:45:30,1762924530000,SENSEX,2025-11-12T11:39:30,1762927770000,54,optimized,hybrid,422.84117962300274,447.7691026920548,473.4459401169782
2025-11-12T10:45:30,1762924530000,SENSEX,2025-11-12T11:40:30,1762927830000,55,optimized,hybrid,421.2046744493807,446.05205854991334,473.02789414470027
2025-11-12T10:45:30,1762924530000,SENSEX,2025-11-12T11:41:30,1762927890000,56,optimized,hybrid,420.10245623309316,445.12397844111143,471.4468411691035
2025-11-12T10:45:30,1762924530000,SENSEX,2025-11-12T11:42:30,1762927950000,57,optimized,hybrid,416.6666583852467,446.65343588245065,470.73674651889274
2025-11-12T10:45:30,1762924530000,SENSEX,2025-11-12T11:43:30,1762928010000,58,optimized,hybrid,419.3394989106961,446.5085119928771,472.33619437601544
2025-11-12T10:45:30,1762924530000,SENSEX,2025-11-12T11:44:30,1762928070000,59,optimized,hybrid,418.94589783438175,445.5211077337038,469.92983439309825
2025-11-12T10:45:30,1762924530000,SENSEX,2025-11-12T11:45:30,1762928130000,60,optimized,hybrid,418.81720287571795,447.82285926719123,471.138426120728
2025-11-12T13:26:00,1762934160000,SENSEX,2025-11-12T13:27:00,1762934220000,1,optimized,hybrid,410.44528533180704,418.79999999999995,424.936041104088
2025-11-12T13:26:00,1762934160000,SENSEX,2025-11-12T13:28:00,1762934280000,2,optimized,hybrid,421.33515457787416,429.0637955324997,438.41100716331096
2025-11-12T13:26:00,1762934160000,SENSEX,2025-11-12T13:29:00,1762934340000,3,optimized,hybrid,423.2174098926604,428.8844348435094,437.2484773934105
2025-11-12T13:26:00,1762934160000,SENSEX,2025-11-12T13:30:00,1762934400000,4,optimized,hybrid,411.84212748875603,419.1538094586675,425.684841550269
2025-11-12T13:26:00,1762934160000,SENSEX,2025-11-12T13:31:00,1762934460000,5,optimized,hybrid,419.16202067526524,428.95975343362295,435.10631626698114
2025-11-12T13:26:00,1762934160000,SENSEX,2025-11-12T13:32:00,1762934520000,6,optimized,hybrid,419.4479608877886,428.1545391153352,436.29964141227833
2025-11-12T13:26:00,1762934160000,SENSEX,2025-11-12T13:33:00,1762934580000,7,optimized,hybrid,409.7755273854463,419.1050226812192,425.44783798791275
2025-11-12T13:26:00,1762934160000,SENSEX,2025-11-12T13:34:00,1762934640000,8,optimized,hybrid,420.14286536631215,427.71263982425717,433.95982702005443
2025-11-12T13:26:00,1762934160000,SENSEX,2025-11-12T13:35:00,1762934700000,9,optimized,hybrid,418.5448638577286,427.87063975820206,431.3171485140092
2025-11-12T13:26:00,1762934160000,SENSEX,2025-11-12T13:36:00,1762934760000,10,optimized,hybrid,408.8547917120208,418.2749092464252,424.57880253845906
2025-11-12T13:26:00,1762934160000,SENSEX,2025-11-12T13:37:00,1762934820000,11,optimized,hybrid,419.2505371250728,426.5730995187325,436.0097878714954
2025-11-12T13:26:00,1762934160000,SENSEX,2025-11-12T13:38:00,1762934880000,12,optimized,hybrid,422.8180586023097,426.06453376824396,436.06495029316295
2025-11-12T13:26:00,1762934160000,SENSEX,2025-11-12T13:39:00,1762934940000,13,optimized,hybrid,411.6357731041172,417.62202348109554,425.3748888138295
2025-11-12T13:26:00,1762934160000,SENSEX,2025-11-12T13:40:00,1762935000000,14,optimized,hybrid,410.56104190615883,417.93930423816107,426.06816082114284
2025-11-12T13:26:00,1762934160000,SENSEX,2025-11-12T13:41:00,1762935060000,15,optimized,hybrid,409.37282538328805,417.4599281227612,425.03801260657013
2025-11-12T13:26:00,1762934160000,SENSEX,2025-11-12T13:42:00,1762935120000,16,optimized,hybrid,411.9954525037116,417.30610855059143,426.3245410586609
2025-11-12T13:26:00,1762934160000,SENSEX,2025-11-12T13:43:00,1762935180000,17,optimized,hybrid,412.59449696312697,416.81849954692825,425.8742367355843
2025-11-12T13:26:00,1762934160000,SENSEX,2025-11-12T13:44:00,1762935240000,18,optimized,hybrid,413.2382611868831,416.91456330553086,432.32486137396353
2025-11-12T13:26:00,1762934160000,SENSEX,2025-11-12T13:45:00,1762935300000,19,optimized,hybrid,411.742202093097,417.6790564843327,430.31964634309134
2025-11-12T13:26:00,1762934160000,SENSEX,2025-11-12T13:46:00,1762935360000,20,optimized,hybrid,410.2344425300641,417.9423683905301,430.4171403012563
2025-11-12T13:26:00,1762934160000,SENSEX,2025-11-12T13:47:00,1762935420000,21,optimized,hybrid,412.60522514870695,417.3275635886811,428.75434778974216
2025-11-12T13:26:00,1762934160000,SENSEX,2025-11-12T13:48:00,1762935480000,22,optimized,hybrid,413.0991065189638,417.69555791102545,429.09156455904446
2025-11-12T13:26:00,1762934160000,SENSEX,2025-11-12T13:49:00,1762935540000,23,optimized,hybrid,413.8596962440919,417.5981412340566,428.1214265390222
2025-11-12T13:26:00,1762934160000,SENSEX,2025-11-12T13:50:00,1762935600000,24,optimized,hybrid,412.2270529679666,417.41787549743134,429.5645271407603
2025-11-12T13:26:00,1762934160000,SENSEX,2025-11-12T13:51:00,1762935660000,25,optimized,hybrid,412.4924140868291,417.2133621108281,428.78618784276915
2025-11-12T13:26:00,1762934160000,SENSEX,2025-11-12T13:52:00,1762935720000,26,optimized,hybrid,412.3540954357382,416.91313020955045,429.62723611276994
2025-11-12T13:26:00,1762934160000,SENSEX,2025-11-12T13:53:00,1762935780000,27,optimized,hybrid,411.9923332357688,416.8570802642695,430.4950387521993
2025-11-12T13:26:00,1762934160000,SENSEX,2025-11-12T13:54:00,1762935840000,28,optimized,hybrid,420.67783018832165,426.20179448210763,439.1141419567132
2025-11-12T13:26:00,1762934160000,SENSEX,2025-11-12T13:55:00,1762935900000,29,optimized,hybrid,420.66860516860714,427.03702796645234,437.8119309822365
2025-11-12T13:26:00,1762934160000,SENSEX,2025-11-12T13:56:00,1762935960000,30,optimized,hybrid,410.2385936565347,418.0141898228866,426.963642516303
2025-11-12T13:26:00,1762934160000,SENSEX,2025-11-12T13:57:00,1762936020000,31,optimized,hybrid,417.49538605808533,426.47030118107295,435.8297590504161
2025-11-12T13:26:00,1762934160000,SENSEX,2025-11-12T13:58:00,1762936080000,32,optimized,hybrid,419.3649812731644,426.2831511893605,435.93484265163465
2025-11-12T13:26:00,1762934160000,SENSEX,2025-11-12T13:59:00,1762936140000,33,optimized,hybrid,409.638591179799,418.2127561424367,426.4981553034307
2025-11-12T13:26:00,1762934160000,SENSEX,2025-11-12T14:00:00,1762936200000,34,optimized,hybrid,418.8765313611053,426.63887783944773,435.1694627668227
2025-11-12T13:26:00,1762934160000,SENSEX,2025-11-12T14:01:00,1762936260000,35,optimized,hybrid,418.5881907032875,427.8353587961317,433.547308768289
2025-11-12T13:26:00,1762934160000,SENSEX,2025-11-12T14:02:00,1762936320000,36,optimized,hybrid,404.9481228689141,418.69185276239716,426.6897083631401
2025-11-12T13:26:00,1762934160000,SENSEX,2025-11-12T14:03:00,1762936380000,37,optimized,hybrid,418.29276573515267,427.1864066183431,434.9089107518598
2025-11-12T13:26:00,1762934160000,SENSEX,2025-11-12T14:04:00,1762936440000,38,optimized,hybrid,414.1451291555801,427.05217169279626,438.68136664290233
2025-11-12T13:26:00,1762934160000,SENSEX,2025-11-12T14:05:00,1762936500000,39,optimized,hybrid,404.89925809270875,418.42860057877243,428.6992507812715
2025-11-12T13:26:00,1762934160000,SENSEX,2025-11-12T14:06:00,1762936560000,40,optimized,hybrid,411.49109380467064,426.7978781585154,436.0976942932274
2025-11-12T13:26:00,1762934160000,SENSEX,2025-11-12T14:07:00,1762936620000,41,optimized,hybrid,419.7606207216042,427.1640136530958,438.0168391647692
2025-11-12T13:26:00,1762934160000,SENSEX,2025-11-12T14:08:00,1762936680000,42,optimized,hybrid,406.3867795958126,418.23942043945084,428.66931005957326
2025-11-12T13:26:00,1762934160000,SENSEX,2025-11-12T14:09:00,1762936740000,43,optimized,hybrid,417.6466406366332,426.81631685980915,437.0572398515651
2025-11-12T13:26:00,1762934160000,SENSEX,2025-11-12T14:10:00,1762936800000,44,optimized,hybrid,417.8915363523897,426.6749267355724,436.9230607652656
2025-11-12T13:26:00,1762934160000,SENSEX,2025-11-12T14:11:00,1762936860000,45,optimized,hybrid,403.57684029994675,417.34037159704434,427.80854475421364
2025-11-12T13:26:00,1762934160000,SENSEX,2025-11-12T14:12:00,1762936920000,46,optimized,hybrid,416.732908583746,424.9397317412593,436.45091742643143
2025-11-12T13:26:00,1762934160000,SENSEX,2025-11-12T14:13:00,1762936980000,47,optimized,hybrid,412.71536497018764,425.1037184901722,438.82329066618416
2025-11-12T13:26:00,1762934160000,SENSEX,2025-11-12T14:14:00,1762937040000,48,optimized,hybrid,407.9892225989264,417.23418048936634,431.22453285651534
2025-11-12T13:26:00,1762934160000,SENSEX,2025-11-12T14:15:00,1762937100000,49,optimized,hybrid,419.8409319600724,425.63807668216305,438.91761534847234
2025-11-12T13:26:00,1762934160000,SENSEX,2025-11-12T14:16:00,1762937160000,50,optimized,hybrid,419.480882054724,425.8466699647324,439.22945600651457
2025-11-12T13:26:00,1762934160000,SENSEX,2025-11-12T14:17:00,1762937220000,51,optimized,hybrid,410.70154147265157,417.18257807831014,431.91581074492933
2025-11-12T13:26:00,1762934160000,SENSEX,2025-11-12T14:18:00,1762937280000,52,optimized,hybrid,416.5997462580494,425.5589892559124,438.38584596948755
2025-11-12T13:26:00,1762934160000,SENSEX,2025-11-12T14:19:00,1762937340000,53,optimized,hybrid,416.27013246492163,425.65232897248734,438.1804820371235
2025-11-12T13:26:00,1762934160000,SENSEX,2025-11-12T14:20:00,1762937400000,54,optimized,hybrid,406.82909821400096,417.50187493659945,429.2860255206637
2025-11-12T13:26:00,1762934160000,SENSEX,2025-11-12T14:21:00,1762937460000,55,optimized,hybrid,413.8495742711607,425.4904168170463,437.4457784040759
2025-11-12T13:26:00,1762934160000,SENSEX,2025-11-12T14:22:00,1762937520000,56,optimized,hybrid,414.6851540444074,425.4762517280496,437.26702229451854
2025-11-12T13:26:00,1762934160000,SENSEX,2025-11-12T14:23:00,1762937580000,57,optimized,hybrid,407.0434436945994,418.37350897740583,430.53423163095397
2025-11-12T13:26:00,1762934160000,SENSEX,2025-11-12T14:24:00,1762937640000,58,optimized,hybrid,414.3983709199033,426.36171063749316,437.94703897569207
2025-11-12T13:26:00,1762934160000,SENSEX,2025-11-12T14:25:00,1762937700000,59,optimized,hybrid,414.092166768989,426.3569662159114,437.35855233126085
2025-11-12T13:26:00,1762934160000,SENSEX,2025-11-12T14:26:00,1762937760000,60,optimized,hybrid,407.1592774145486,418.7839588799249,429.91790969549675
2025-11-12T13:37:00,1762934820000,SENSEX,2025-11-12T13:38:00,1762934880000,1,optimized,hybrid,407.4324210602695,415.85,422.9959323882146
2025-11-12T13:37:00,1762934820000,SENSEX,2025-11-12T13:39:00,1762934940000,2,optimized,hybrid,408.6878946112559,416.020325383995,425.55965864431306
2025-11-12T13:37:00,1762934820000,SENSEX,2025-11-12T13:40:00,1762935000000,3,optimized,hybrid,410.1767821330288,416.3202601563188,425.3603105971384
2025-11-12T13:37:00,1762934820000,SENSEX,2025-11-12T13:41:00,1762935060000,4,optimized,hybrid,409.404846573079,416.8228315635659,423.6818521993046
2025-11-12T13:37:00,1762934820000,SENSEX,2025-11-12T13:42:00,1762935120000,5,optimized,hybrid,405.47577365850776,417.0576542201191,423.23837557537695
2025-11-12T13:37:00,1762934820000,SENSEX,2025-11-12T13:43:00,1762935180000,6,optimized,hybrid,405.6068056795302,415.9397397046403,424.411636183176
2025-11-12T13:37:00,1762934820000,SENSEX,2025-11-12T13:44:00,1762935240000,7,optimized,hybrid,410.637701892374,421.1447542648233,427.9798136203838
2025-11-12T13:37:00,1762934820000,SENSEX,2025-11-12T13:45:00,1762935300000,8,optimized,hybrid,411.0901174791408,421.51355664944515,428.0600170011976
2025-11-12T13:37:00,1762934820000,SENSEX,2025-11-12T13:46:00,1762935360000,9,optimized,hybrid,405.4037871955507,416.40403786545295,420.2236025107788
2025-11-12T13:37:00,1762934820000,SENSEX,2025-11-12T13:47:00,1762935420000,10,optimized,hybrid,409.4629710877932,420.05751415133784,426.8539917436228
2025-11-12T13:37:00,1762934820000,SENSEX,2025-11-12T13:48:00,1762935480000,11,optimized,hybrid,413.47923199723823,420.1914944802012,430.0599012766335
2025-11-12T13:37:00,1762934820000,SENSEX,2025-11-12T13:49:00,1762935540000,12,optimized,hybrid,410.9103147386229,414.7506145814252,424.7266475703583
2025-11-12T13:37:00,1762934820000,SENSEX,2025-11-12T13:50:00,1762935600000,13,optimized,hybrid,412.2310895320289,419.64138603401784,427.9885393112442
2025-11-12T13:37:00,1762934820000,SENSEX,2025-11-12T13:51:00,1762935660000,14,optimized,hybrid,411.97684475416145,420.1506112375894,428.570666583348
2025-11-12T13:37:00,1762934820000,SENSEX,2025-11-12T13:52:00,1762935720000,15,optimized,hybrid,407.6984175688529,415.70956221887843,423.568258030982
2025-11-12T13:37:00,1762934820000,SENSEX,2025-11-12T13:53:00,1762935780000,16,optimized,hybrid,414.64744754915256,419.3743691046868,428.6915701462597
2025-11-12T13:37:00,1762934820000,SENSEX,2025-11-12T13:54:00,1762935840000,17,optimized,hybrid,415.15094648370183,419.27324753554785,428.4592517134583
2025-11-12T13:37:00,1762934820000,SENSEX,2025-11-12T13:55:00,1762935900000,18,optimized,hybrid,411.1964917634948,414.4634765720123,429.66139857705843
2025-11-12T13:37:00,1762934820000,SENSEX,2025-11-12T13:56:00,1762935960000,19,optimized,hybrid,414.3063574091725,419.9814041082081,432.33046558231683
2025-11-12T13:37:00,1762934820000,SENSEX,2025-11-12T13:57:00,1762936020000,20,optimized,hybrid,412.2407356756439,420.4068762560823,432.95135031802005
2025-11-12T13:37:00,1762934820000,SENSEX,2025-11-12T13:58:00,1762936080000,21,optimized,hybrid,409.3006901350153,415.393616218128,426.79870549041675
2025-11-12T13:37:00,1762934820000,SENSEX,2025-11-12T13:59:00,1762936140000,22,optimized,hybrid,414.96179757637066,420.7158024272031,432.1976137272378
2025-11-12T13:37:00,1762934820000,SENSEX,2025-11-12T14:00:00,1762936200000,23,optimized,hybrid,416.2232773472239,419.76527797324076,430.6515199611907
2025-11-12T13:37:00,1762934820000,SENSEX,2025-11-12T14:01:00,1762936260000,24,optimized,hybrid,410.2886100411704,414.049603810211,428.29391764179877
2025-11-12T13:37:00,1762934820000,SENSEX,2025-11-12T14:02:00,1762936320000,25,optimized,hybrid,414.5289815158056,418.840236112265,431.5544078174198
2025-11-12T13:37:00,1762934820000,SENSEX,2025-11-12T14:03:00,1762936380000,26,optimized,hybrid,413.71899455491564,418.93188755393066,431.2938794749645
2025-11-12T13:37:00,1762934820000,SENSEX,2025-11-12T14:04:00,1762936440000,27,optimized,hybrid,409.54148147725925,414.91110269256365,428.0707078319874
2025-11-12T13:37:00,1762934820000,SENSEX,2025-11-12T14:05:00,1762936500000,28,optimized,hybrid,413.27856260160445,419.1290518589493,432.3711434556076
2025-11-12T13:37:00,1762934820000,SENSEX,2025-11-12T14:06:00,1762936560000,29,optimized,hybrid,414.40348982385615,419.4543340123283,431.3609210516072
2025-11-12T13:37:00,1762934820000,SENSEX,2025-11-12T14:07:00,1762936620000,30,optimized,hybrid,405.5674307163564,415.71253847472224,425.2678231863668
2025-11-12T13:37:00,1762934820000,SENSEX,2025-11-12T14:08:00,1762936680000,31,optimized,hybrid,409.6354015306399,419.8449257641831,430.3725263900733
2025-11-12T13:37:00,1762934820000,SENSEX,2025-11-12T14:09:00,1762936740000,32,optimized,hybrid,410.0128908398743,419.4080964404787,430.21624804215566
2025-11-12T13:37:00,1762934820000,SENSEX,2025-11-12T14:10:00,1762936800000,33,optimized,hybrid,406.64400332756554,415.5437437596967,424.64244950807085
2025-11-12T13:37:00,1762934820000,SENSEX,2025-11-12T14:11:00,1762936860000,34,optimized,hybrid,408.89044615622333,419.8747658937957,429.8177882076201
2025-11-12T13:37:00,1762934820000,SENSEX,2025-11-12T14:12:00,1762936920000,35,optimized,hybrid,410.99406142289644,420.00039083178706,427.8192218578132
2025-11-12T13:37:00,1762934820000,SENSEX,2025-11-12T14:13:00,1762936980000,36,optimized,hybrid,403.33689202643023,415.80301760037185,424.94477084945294
2025-11-12T13:37:00,1762934820000,SENSEX,2025-11-12T14:14:00,1762937040000,37,optimized,hybrid,408.48521529737235,419.92717651724706,429.5284720161882
2025-11-12T13:37:00,1762934820000,SENSEX,2025-11-12T14:15:00,1762937100000,38,optimized,hybrid,408.1134066611842,420.05030962956187,432.7191452858489
2025-11-12T13:37:00,1762934820000,SENSEX,2025-11-12T14:16:00,1762937160000,39,optimized,hybrid,403.50696572514835,416.23414180156766,427.22816598047933
2025-11-12T13:37:00,1762934820000,SENSEX,2025-11-12T14:17:00,1762937220000,40,optimized,hybrid,406.5577802017807,421.32990219133524,431.45606237938415
2025-11-12T13:37:00,1762934820000,SENSEX,2025-11-12T14:18:00,1762937280000,41,optimized,hybrid,410.973179541949,419.8197010647981,431.39695137484654
2025-11-12T13:37:00,1762934820000,SENSEX,2025-11-12T14:19:00,1762937340000,42,optimized,hybrid,402.80134593271526,415.38570507022956,427.06436287661217
2025-11-12T13:37:00,1762934820000,SENSEX,2025-11-12T14:20:00,1762937400000,43,optimized,hybrid,404.2423827730014,419.9919458464135,430.9272803751789
2025-11-12T13:37:00,1762934820000,SENSEX,2025-11-12T14:21:00,1762937460000,44,optimized,hybrid,407.1582453445307,420.12013834158574,431.0120177148259
2025-11-12T13:37:00,1762934820000,SENSEX,2025-11-12T14:22:00,1762937520000,45,optimized,hybrid,400.13295496855665,415.4827801373114,425.8749636569875
2025-11-12T13:37:00,1762934820000,SENSEX,2025-11-12T14:23:00,1762937580000,46,optimized,hybrid,407.19486976112967,419.20835364166794,430.79325800170693
2025-11-12T13:37:00,1762934820000,SENSEX,2025-11-12T14:24:00,1762937640000,47,optimized,hybrid,401.5200868275227,419.47148498367017,433.34467483833305
2025-11-12T13:37:00,1762934820000,SENSEX,2025-11-12T14:25:00,1762937700000,48,optimized,hybrid,397.72056254202215,415.3677156547253,429.67438636700945
2025-11-12T13:37:00,1762934820000,SENSEX,2025-11-12T14:26:00,1762937760000,49,optimized,hybrid,410.72314971641026,418.68279971842,432.1775961274422
2025-11-12T13:37:00,1762934820000,SENSEX,2025-11-12T14:27:00,1762937820000,50,optimized,hybrid,402.7268473396038,418.75050520499093,432.6962698126806
2025-11-12T13:37:00,1762934820000,SENSEX,2025-11-12T14:28:00,1762937880000,51,optimized,hybrid,399.67863812611404,414.5483504482601,429.9781084703376
2025-11-12T13:37:00,1762934820000,SENSEX,2025-11-12T14:29:00,1762937940000,52,optimized,hybrid,400.5853892578143,418.6045863589073,431.54985719738903
2025-11-12T13:37:00,1762934820000,SENSEX,2025-11-12T14:30:00,1762938000000,53,optimized,hybrid,403.21846893839387,418.9398996587453,431.37960473897203
2025-11-12T13:37:00,1762934820000,SENSEX,2025-11-12T14:31:00,1762938060000,54,optimized,hybrid,398.14063077852217,415.434489543758,427.4238031969325
2025-11-12T13:37:00,1762934820000,SENSEX,2025-11-12T14:32:00,1762938120000,55,optimized,hybrid,402.1256705512284,420.01926861710155,431.81018769915124
2025-11-12T13:37:00,1762934820000,SENSEX,2025-11-12T14:33:00,1762938180000,56,optimized,hybrid,402.74976328416506,419.3925729634962,431.07314959165313
2025-11-12T13:37:00,1762934820000,SENSEX,2025-11-12T14:34:00,1762938240000,57,optimized,hybrid,397.9984900994585,414.42122793576226,426.8574556043915
2025-11-12T13:37:00,1762934820000,SENSEX,2025-11-12T14:35:00,1762938300000,58,optimized,hybrid,404.6064741301169,419.7841172454653,431.0682095361242
2025-11-12T13:37:00,1762934820000,SENSEX,2025-11-12T14:36:00,1762938360000,59,optimized,hybrid,405.87420580524815,420.2467599411402,431.22016735144405
2025-11-12T13:37:00,1762934820000,SENSEX,2025-11-12T14:37:00,1762938420000,60,optimized,hybrid,399.77827671280744,414.8808992006865,425.5490213703159
2025-11-12T13:37:00,1762934820000,SENSEX,2025-11-12T13:38:00,1762934880000,1,optimized,hybrid,407.4324210602695,415.85,422.9959323882146
2025-11-12T13:37:00,1762934820000,SENSEX,2025-11-12T13:39:00,1762934940000,2,optimized,hybrid,408.6878946112559,416.020325383995,425.55965864431306
2025-11-12T13:37:00,1762934820000,SENSEX,2025-11-12T13:40:00,1762935000000,3,optimized,hybrid,410.1767821330288,416.3202601563188,425.3603105971384
2025-11-12T13:37:00,1762934820000,SENSEX,2025-11-12T13:41:00,1762935060000,4,optimized,hybrid,409.404846573079,416.8228315635659,423.6818521993046
2025-11-12T13:37:00,1762934820000,SENSEX,2025-11-12T13:42:00,1762935120000,5,optimized,hybrid,405.47577365850776,417.0576542201191,423.23837557537695
2025-11-12T13:37:00,1762934820000,SENSEX,2025-11-12T13:43:00,1762935180000,6,optimized,hybrid,405.6068056795302,415.9397397046403,424.411636183176
2025-11-12T13:37:00,1762934820000,SENSEX,2025-11-12T13:44:00,1762935240000,7,optimized,hybrid,410.637701892374,421.1447542648233,427.9798136203838
2025-11-12T13:37:00,1762934820000,SENSEX,2025-11-12T13:45:00,1762935300000,8,optimized,hybrid,411.0901174791408,421.51355664944515,428.0600170011976
2025-11-12T13:37:00,1762934820000,SENSEX,2025-11-12T13:46:00,1762935360000,9,optimized,hybrid,405.4037871955507,416.40403786545295,420.2236025107788
2025-11-12T13:37:00,1762934820000,SENSEX,2025-11-12T13:47:00,1762935420000,10,optimized,hybrid,409.4629710877932,420.05751415133784,426.8539917436228
2025-11-12T13:37:00,1762934820000,SENSEX,2025-11-12T13:48:00,1762935480000,11,optimized,hybrid,413.47923199723823,420.1914944802012,430.0599012766335
2025-11-12T13:37:00,1762934820000,SENSEX,2025-11-12T13:49:00,1762935540000,12,optimized,hybrid,410.9103147386229,414.7506145814252,424.7266475703583
2025-11-12T13:37:00,1762934820000,SENSEX,2025-11-12T13:50:00,1762935600000,13,optimized,hybrid,412.2310895320289,419.64138603401784,427.9885393112442
2025-11-12T13:37:00,1762934820000,SENSEX,2025-11-12T13:51:00,1762935660000,14,optimized,hybrid,411.97684475416145,420.1506112375894,428.570666583348
2025-11-12T13:37:00,1762934820000,SENSEX,2025-11-12T13:52:00,1762935720000,15,optimized,hybrid,407.6984175688529,415.70956221887843,423.568258030982
2025-11-12T13:37:00,1762934820000,SENSEX,2025-11-12T13:53:00,1762935780000,16,optimized,hybrid,414.64744754915256,419.3743691046868,428.6915701462597
2025-11-12T13:37:00,1762934820000,SENSEX,2025-11-12T13:54:00,1762935840000,17,optimized,hybrid,415.15094648370183,419.27324753554785,428.4592517134583
2025-11-12T13:37:00,1762934820000,SENSEX,2025-11-12T13:55:00,1762935900000,18,optimized,hybrid,411.1964917634948,414.4634765720123,429.66139857705843
2025-11-12T13:37:00,1762934820000,SENSEX,2025-11-12T13:56:00,1762935960000,19,optimized,hybrid,414.3063574091725,419.9814041082081,432.33046558231683
2025-11-12T13:37:00,1762934820000,SENSEX,2025-11-12T13:57:00,1762936020000,20,optimized,hybrid,412.2407356756439,420.4068762560823,432.95135031802005
2025-11-12T13:37:00,1762934820000,SENSEX,2025-11-12T13:58:00,1762936080000,21,optimized,hybrid,409.3006901350153,415.393616218128,426.79870549041675
2025-11-12T13:37:00,1762934820000,SENSEX,2025-11-12T13:59:00,1762936140000,22,optimized,hybrid,414.96179757637066,420.7158024272031,432.1976137272378
2025-11-12T13:37:00,1762934820000,SENSEX,2025-11-12T14:00:00,1762936200000,23,optimized,hybrid,416.2232773472239,419.76527797324076,430.6515199611907
2025-11-12T13:37:00,1762934820000,SENSEX,2025-11-12T14:01:00,1762936260000,24,optimized,hybrid,410.2886100411704,414.049603810211,428.29391764179877
2025-11-12T13:37:00,1762934820000,SENSEX,2025-11-12T14:02:00,1762936320000,25,optimized,hybrid,414.5289815158056,418.840236112265,431.5544078174198
2025-11-12T13:37:00,1762934820000,SENSEX,2025-11-12T14:03:00,1762936380000,26,optimized,hybrid,413.71899455491564,418.93188755393066,431.2938794749645
2025-11-12T13:37:00,1762934820000,SENSEX,2025-11-12T14:04:00,1762936440000,27,optimized,hybrid,409.54148147725925,414.91110269256365,428.0707078319874
2025-11-12T13:37:00,1762934820000,SENSEX,2025-11-12T14:05:00,1762936500000,28,optimized,hybrid,413.27856260160445,419.1290518589493,432.3711434556076
2025-11-12T13:37:00,1762934820000,SENSEX,2025-11-12T14:06:00,1762936560000,29,optimized,hybrid,414.40348982385615,419.4543340123283,431.3609210516072
2025-11-12T13:37:00,1762934820000,SENSEX,2025-11-12T14:07:00,1762936620000,30,optimized,hybrid,405.5674307163564,415.71253847472224,425.2678231863668
2025-11-12T13:37:00,1762934820000,SENSEX,2025-11-12T14:08:00,1762936680000,31,optimized,hybrid,409.6354015306399,419.8449257641831,430.3725263900733
2025-11-12T13:37:00,1762934820000,SENSEX,2025-11-12T14:09:00,1762936740000,32,optimized,hybrid,410.0128908398743,419.4080964404787,430.21624804215566
2025-11-12T13:37:00,1762934820000,SENSEX,2025-11-12T14:10:00,1762936800000,33,optimized,hybrid,406.64400332756554,415.5437437596967,424.64244950807085
2025-11-12T13:37:00,1762934820000,SENSEX,2025-11-12T14:11:00,1762936860000,34,optimized,hybrid,408.89044615622333,419.8747658937957,429.8177882076201
2025-11-12T13:37:00,1762934820000,SENSEX,2025-11-12T14:12:00,1762936920000,35,optimized,hybrid,410.99406142289644,420.00039083178706,427.8192218578132
2025-11-12T13:37:00,1762934820000,SENSEX,2025-11-12T14:13:00,1762936980000,36,optimized,hybrid,403.33689202643023,415.80301760037185,424.94477084945294
2025-11-12T13:37:00,1762934820000,SENSEX,2025-11-12T14:14:00,1762937040000,37,optimized,hybrid,408.48521529737235,419.92717651724706,429.5284720161882
2025-11-12T13:37:00,1762934820000,SENSEX,2025-11-12T14:15:00,1762937100000,38,optimized,hybrid,408.1134066611842,420.05030962956187,432.7191452858489
2025-11-12T13:37:00,1762934820000,SENSEX,2025-11-12T14:16:00,1762937160000,39,optimized,hybrid,403.50696572514835,416.23414180156766,427.22816598047933
2025-11-12T13:37:00,1762934820000,SENSEX,2025-11-12T14:17:00,1762937220000,40,optimized,hybrid,406.5577802017807,421.32990219133524,431.45606237938415
2025-11-12T13:37:00,1762934820000,SENSEX,2025-11-12T14:18:00,1762937280000,41,optimized,hybrid,410.973179541949,419.8197010647981,431.39695137484654
2025-11-12T13:37:00,1762934820000,SENSEX,2025-11-12T14:19:00,1762937340000,42,optimized,hybrid,402.80134593271526,415.38570507022956,427.06436287661217
2025-11-12T13:37:00,1762934820000,SENSEX,2025-11-12T14:20:00,1762937400000,43,optimized,hybrid,404.2423827730014,419.9919458464135,430.9272803751789
2025-11-12T13:37:00,1762934820000,SENSEX,2025-11-12T14:21:00,1762937460000,44,optimized,hybrid,407.1582453445307,420.12013834158574,431.0120177148259
2025-11-12T13:37:00,1762934820000,SENSEX,2025-11-12T14:22:00,1762937520000,45,optimized,hybrid,400.13295496855665,415.4827801373114,425.8749636569875
2025-11-12T13:37:00,1762934820000,SENSEX,2025-11-12T14:23:00,1762937580000,46,optimized,hybrid,407.19486976112967,419.20835364166794,430.79325800170693
2025-11-12T13:37:00,1762934820000,SENSEX,2025-11-12T14:24:00,1762937640000,47,optimized,hybrid,401.5200868275227,419.47148498367017,433.34467483833305
2025-11-12T13:37:00,1762934820000,SENSEX,2025-11-12T14:25:00,1762937700000,48,optimized,hybrid,397.72056254202215,415.3677156547253,429.67438636700945
2025-11-12T13:37:00,1762934820000,SENSEX,2025-11-12T14:26:00,1762937760000,49,optimized,hybrid,410.72314971641026,418.68279971842,432.1775961274422
2025-11-12T13:37:00,1762934820000,SENSEX,2025-11-12T14:27:00,1762937820000,50,optimized,hybrid,402.7268473396038,418.75050520499093,432.6962698126806
2025-11-12T13:37:00,1762934820000,SENSEX,2025-11-12T14:28:00,1762937880000,51,optimized,hybrid,399.67863812611404,414.5483504482601,429.9781084703376
2025-11-12T13:37:00,1762934820000,SENSEX,2025-11-12T14:29:00,1762937940000,52,optimized,hybrid,400.5853892578143,418.6045863589073,431.54985719738903
2025-11-12T13:37:00,1762934820000,SENSEX,2025-11-12T14:30:00,1762938000000,53,optimized,hybrid,403.21846893839387,418.9398996587453,431.37960473897203
2025-11-12T13:37:00,1762934820000,SENSEX,2025-11-12T14:31:00,1762938060000,54,optimized,hybrid,398.14063077852217,415.434489543758,427.4238031969325
2025-11-12T13:37:00,1762934820000,SENSEX,2025-11-12T14:32:00,1762938120000,55,optimized,hybrid,402.1256705512284,420.01926861710155,431.81018769915124
2025-11-12T13:37:00,1762934820000,SENSEX,2025-11-12T14:33:00,1762938180000,56,optimized,hybrid,402.74976328416506,419.3925729634962,431.07314959165313
2025-11-12T13:37:00,1762934820000,SENSEX,2025-11-12T14:34:00,1762938240000,57,optimized,hybrid,397.9984900994585,414.42122793576226,426.8574556043915
2025-11-12T13:37:00,1762934820000,SENSEX,2025-11-12T14:35:00,1762938300000,58,optimized,hybrid,404.6064741301169,419.7841172454653,431.0682095361242
2025-11-12T13:37:00,1762934820000,SENSEX,2025-11-12T14:36:00,1762938360000,59,optimized,hybrid,405.87420580524815,420.2467599411402,431.22016735144405
2025-11-12T13:37:00,1762934820000,SENSEX,2025-11-12T14:37:00,1762938420000,60,optimized,hybrid,399.77827671280744,414.8808992006865,425.5490213703159
2025-11-12T14:23:30,1762937610000,SENSEX,2025-11-12T14:24:30,1762937670000,1,,hybrid,385.5424829946289,400.6,411.60086950276025
2025-11-12T14:23:30,1762937610000,SENSEX,2025-11-12T14:25:30,1762937730000,2,,hybrid,376.5601145319314,391.514056431261,403.16975691371636
2025-11-12T14:23:30,1762937610000,SENSEX,2025-11-12T14:26:30,1762937790000,3,,hybrid,391.8578527509709,400.62189322183724,412.90664625641506
2025-11-12T14:23:30,1762937610000,SENSEX,2025-11-12T14:27:30,1762937850000,4,,hybrid,395.43118646163947,399.98520344897565,413.4173271355098
2025-11-12T14:23:30,1762937610000,SENSEX,2025-11-12T14:28:30,1762937910000,5,,hybrid,384.6890780437432,391.96455114966346,401.70103312298
2025-11-12T14:23:30,1762937610000,SENSEX,2025-11-12T14:29:30,1762937970000,6,,hybrid,392.28142277301987,401.1959610198503,411.4083826173391
2025-11-12T14:23:30,1762937610000,SENSEX,2025-11-12T14:30:30,1762938030000,7,,hybrid,388.8822733708719,400.9242049315868,411.58355364583286
2025-11-12T14:23:30,1762937610000,SENSEX,2025-11-12T14:31:30,1762938090000,8,,hybrid,380.9692357534778,391.7122886516375,401.728960339363
2025-11-12T14:23:30,1762937610000,SENSEX,2025-11-12T14:32:30,1762938150000,9,,hybrid,386.09813828847695,400.2118047350765,409.68055266666835
2025-11-12T14:23:30,1762937610000,SENSEX,2025-11-12T14:33:30,1762938210000,10,,hybrid,382.62667627515015,399.36554850006434,410.364360561672
2025-11-12T14:23:30,1762937610000,SENSEX,2025-11-12T14:34:30,1762938270000,11,,hybrid,378.7769274635209,390.64872029140844,403.6901815343589
2025-11-12T14:23:30,1762937610000,SENSEX,2025-11-12T14:35:30,1762938330000,12,,hybrid,390.43528257214615,400.6611426108976,413.8975046779846
2025-11-12T14:23:30,1762937610000,SENSEX,2025-11-12T14:36:30,1762938390000,13,,hybrid,387.4623069754952,401.0003457265128,412.811123648647
2025-11-12T14:23:30,1762937610000,SENSEX,2025-11-12T14:37:30,1762938450000,14,,hybrid,375.1487553915026,390.7935045926474,402.1984147327986
2025-11-12T14:23:30,1762937610000,SENSEX,2025-11-12T14:38:30,1762938510000,15,,hybrid,386.8221282377094,398.93719445401877,408.61277767436667
2025-11-12T14:23:30,1762937610000,SENSEX,2025-11-12T14:39:30,1762938570000,16,,hybrid,389.86051886453447,397.919498908122,409.05914996308405
2025-11-12T14:23:30,1762937610000,SENSEX,2025-11-12T14:40:30,1762938630000,17,,hybrid,378.73250814021253,388.8382214200851,400.30982574547556
2025-11-12T14:23:30,1762937610000,SENSEX,2025-11-12T14:41:30,1762938690000,18,,hybrid,390.51645329867335,397.20449008479216,417.37957455589725
2025-11-12T14:23:30,1762937610000,SENSEX,2025-11-12T14:42:30,1762938750000,19,,hybrid,387.78746735275234,398.85629502905095,414.75468392691585
2025-11-12T14:23:30,1762937610000,SENSEX,2025-11-12T14:43:30,1762938810000,20,,hybrid,376.2305276678999,389.7270946164225,406.2918486257273
2025-11-12T14:23:30,1762937610000,SENSEX,2025-11-12T14:44:30,1762938870000,21,,hybrid,391.25213761862113,400.1984271033193,414.47940678933674
2025-11-12T14:23:30,1762937610000,SENSEX,2025-11-12T14:45:30,1762938930000,22,,hybrid,390.3452825106501,398.3793662676461,413.99882424468734
2025-11-12T14:23:30,1762937610000,SENSEX,2025-11-12T14:46:30,1762938990000,23,,hybrid,381.8387065091234,389.6422507796209,402.66696566558426
2025-11-12T14:23:30,1762937610000,SENSEX,2025-11-12T14:47:30,1762939050000,24,,hybrid,388.9508756038906,399.30680814271193,415.208852713933
2025-11-12T14:23:30,1762937610000,SENSEX,2025-11-12T14:48:30,1762939110000,25,,hybrid,387.5174670413216,400.33229056958805,412.5933049991783
2025-11-12T14:23:30,1762937610000,SENSEX,2025-11-12T14:49:30,1762939170000,26,,hybrid,376.62699283782524,390.7160096833093,400.5882466627612
2025-11-12T14:23:30,1762937610000,SENSEX,2025-11-12T14:50:30,1762939230000,27,,hybrid,387.73139090081526,399.2342918210427,414.46496259649837
2025-11-12T14:23:30,1762937610000,SENSEX,2025-11-12T14:51:30,1762939290000,28,,hybrid,385.07677506046616,400.8544917844028,412.2221575749003
2025-11-12T14:23:30,1762937610000,SENSEX,2025-11-12T14:52:30,1762939350000,29,,hybrid,374.5963163320815,390.10591910994265,399.60254636054185
2025-11-12T14:23:30,1762937610000,SENSEX,2025-11-12T14:53:30,1762939410000,30,,hybrid,384.0689186606472,400.1395334176114,411.7815066120941
2025-11-12T14:23:30,1762937610000,SENSEX,2025-11-12T14:54:30,1762939470000,31,,hybrid,381.5449502228942,400.27681339703037,411.78079624580846
2025-11-12T14:23:30,1762937610000,SENSEX,2025-11-12T14:55:30,1762939530000,32,,hybrid,372.4548174230541,389.9960050474865,399.6173003347299
2025-11-12T14:23:30,1762937610000,SENSEX,2025-11-12T14:56:30,1762939590000,33,,hybrid,384.649706626285,400.22703626283254,410.745800401715
2025-11-12T14:23:30,1762937610000,SENSEX,2025-11-12T14:57:30,1762939650000,34,,hybrid,382.6011975235921,401.17070721680454,412.0069656494222
2025-11-12T14:23:30,1762937610000,SENSEX,2025-11-12T14:58:30,1762939710000,35,,hybrid,373.9399829594885,390.3943839583609,405.03475023686224
2025-11-12T14:23:30,1762937610000,SENSEX,2025-11-12T14:59:30,1762939770000,36,,hybrid,375.47623342939875,399.91045487087234,411.5281208713572
2025-11-12T14:23:30,1762937610000,SENSEX,2025-11-12T15:00:30,1762939830000,37,,hybrid,381.811464470377,400.06313897918653,410.43106762957643
2025-11-12T14:23:30,1762937610000,SENSEX,2025-11-12T15:01:30,1762939890000,38,,hybrid,366.4799749871853,390.6013238583108,404.8173657361882
2025-11-12T14:23:30,1762937610000,SENSEX,2025-11-12T15:02:30,1762939950000,39,,hybrid,376.4715815233224,399.81158756208185,415.14903347641535
2025-11-12T14:23:30,1762937610000,SENSEX,2025-11-12T15:03:30,1762940010000,40,,hybrid,373.5630332146383,400.16343033967865,413.2303406773161
2025-11-12T14:23:30,1762937610000,SENSEX,2025-11-12T15:04:30,1762940070000,41,,hybrid,378.2200345112891,389.1864451923416,404.05049039802896
2025-11-12T14:23:30,1762937610000,SENSEX,2025-11-12T15:05:30,1762940130000,42,,hybrid,380.4964566010754,400.103641031943,413.9587567194658
2025-11-12T14:23:30,1762937610000,SENSEX,2025-11-12T15:06:30,1762940190000,43,,hybrid,380.6746731364598,399.9643234038275,414.8833153654407
2025-11-12T14:23:30,1762937610000,SENSEX,2025-11-12T15:07:30,1762940250000,44,,hybrid,370.3590238841031,388.57121698088224,403.71968408143084
2025-11-12T14:23:30,1762937610000,SENSEX,2025-11-12T15:08:30,1762940310000,45,,hybrid,374.3393158533875,399.50365873721796,415.03403688591607
2025-11-12T14:23:30,1762937610000,SENSEX,2025-11-12T15:09:30,1762940370000,46,,hybrid,381.34168403990327,399.5504999258545,415.50657079845166
2025-11-12T14:23:30,1762937610000,SENSEX,2025-11-12T15:10:30,1762940430000,47,,hybrid,367.3589854509362,388.5486278370347,407.40053859668916
2025-11-12T14:23:30,1762937610000,SENSEX,2025-11-12T15:11:30,1762940490000,48,,hybrid,376.9971506738603,400.538164376725,419.1521852198929
2025-11-12T14:23:30,1762937610000,SENSEX,2025-11-12T15:12:30,1762940550000,49,,hybrid,383.1101612341464,398.39088840969225,415.6159541224726
2025-11-12T14:23:30,1762937610000,SENSEX,2025-11-12T15:13:30,1762940610000,50,,hybrid,373.49684434986904,387.89542906634836,407.85768911144964
2025-11-12T14:23:30,1762937610000,SENSEX,2025-11-12T15:14:30,1762940670000,51,,hybrid,385.10130925468917,398.69665704721103,420.21048435767847
2025-11-12T14:23:30,1762937610000,SENSEX,2025-11-12T15:15:30,1762940730000,52,,hybrid,379.30587997346026,397.98845950481666,420.3754424934391
2025-11-12T14:23:30,1762937610000,SENSEX,2025-11-12T15:16:30,1762940790000,53,,hybrid,368.890540071533,388.58742747659824,409.9061198090149
2025-11-12T14:23:30,1762937610000,SENSEX,2025-11-12T15:17:30,1762940850000,54,,hybrid,376.5168717694785,397.18678607296965,416.04699524660106
2025-11-12T14:23:30,1762937610000,SENSEX,2025-11-12T15:18:30,1762940910000,55,,hybrid,377.4187648687503,396.8583425309257,417.0215674381429
2025-11-12T14:23:30,1762937610000,SENSEX,2025-11-12T15:19:30,1762940970000,56,,hybrid,368.463818783182,387.8419954289089,408.24171868967903
2025-11-12T14:23:30,1762937610000,SENSEX,2025-11-12T15:20:30,1762941030000,57,,hybrid,375.03011916196635,396.9488478195296,421.5837812092129
2025-11-12T14:23:30,1762937610000,SENSEX,2025-11-12T15:21:30,1762941090000,58,,hybrid,376.5130271926855,396.38960482513295,418.5292594977106
2025-11-12T14:23:30,1762937610000,SENSEX,2025-11-12T15:22:30,1762941150000,59,,hybrid,368.01802945076804,387.965786595479,410.129069155482
2025-11-12T14:23:30,1762937610000,SENSEX,2025-11-12T15:23:30,1762941210000,60,,hybrid,378.3896883406673,397.03617247152073,418.4995968837066
2025-11-12T14:23:30,1762937610000,SENSEX,2025-11-12T14:24:30,1762937670000,1,,hybrid,385.5424829946289,400.6,411.60086950276025
2025-11-12T14:23:30,1762937610000,SENSEX,2025-11-12T14:25:30,1762937730000,2,,hybrid,376.5601145319314,391.514056431261,403.16975691371636
2025-11-12T14:23:30,1762937610000,SENSEX,2025-11-12T14:26:30,1762937790000,3,,hybrid,391.8578527509709,400.62189322183724,412.90664625641506
2025-11-12T14:23:30,1762937610000,SENSEX,2025-11-12T14:27:30,1762937850000,4,,hybrid,395.43118646163947,399.98520344897565,413.4173271355098
2025-11-12T14:23:30,1762937610000,SENSEX,2025-11-12T14:28:30,1762937910000,5,,hybrid,384.6890780437432,391.96455114966346,401.70103312298
2025-11-12T14:23:30,1762937610000,SENSEX,2025-11-12T14:29:30,1762937970000,6,,hybrid,392.28142277301987,401.1959610198503,411.4083826173391
2025-11-12T14:23:30,1762937610000,SENSEX,2025-11-12T14:30:30,1762938030000,7,,hybrid,388.8822733708719,400.9242049315868,411.58355364583286
2025-11-12T14:23:30,1762937610000,SENSEX,2025-11-12T14:31:30,1762938090000,8,,hybrid,380.9692357534778,391.7122886516375,401.728960339363
2025-11-12T14:23:30,1762937610000,SENSEX,2025-11-12T14:32:30,1762938150000,9,,hybrid,386.09813828847695,400.2118047350765,409.68055266666835
2025-11-12T14:23:30,1762937610000,SENSEX,2025-11-12T14:33:30,1762938210000,10,,hybrid,382.62667627515015,399.36554850006434,410.364360561672
2025-11-12T14:23:30,1762937610000,SENSEX,2025-11-12T14:34:30,1762938270000,11,,hybrid,378.7769274635209,390.64872029140844,403.6901815343589
2025-11-12T14:23:30,1762937610000,SENSEX,2025-11-12T14:35:30,1762938330000,12,,hybrid,390.43528257214615,400.6611426108976,413.8975046779846
2025-11-12T14:23:30,1762937610000,SENSEX,2025-11-12T14:36:30,1762938390000,13,,hybrid,387.4623069754952,401.0003457265128,412.811123648647
2025-11-12T14:23:30,1762937610000,SENSEX,2025-11-12T14:37:30,1762938450000,14,,hybrid,375.1487553915026,390.7935045926474,402.1984147327986
2025-11-12T14:23:30,1762937610000,SENSEX,2025-11-12T14:38:30,1762938510000,15,,hybrid,386.8221282377094,398.93719445401877,408.61277767436667
2025-11-12T14:23:30,1762937610000,SENSEX,2025-11-12T14:39:30,1762938570000,16,,hybrid,389.86051886453447,397.919498908122,409.05914996308405
2025-11-12T14:23:30,1762937610000,SENSEX,2025-11-12T14:40:30,1762938630000,17,,hybrid,378.73250814021253,388.8382214200851,400.30982574547556
2025-11-12T14:23:30,1762937610000,SENSEX,2025-11-12T14:41:30,1762938690000,18,,hybrid,390.51645329867335,397.20449008479216,417.37957455589725
2025-11-12T14:23:30,1762937610000,SENSEX,2025-11-12T14:42:30,1762938750000,19,,hybrid,387.78746735275234,398.85629502905095,414.75468392691585
2025-11-12T14:23:30,1762937610000,SENSEX,2025-11-12T14:43:30,1762938810000,20,,hybrid,376.2305276678999,389.7270946164225,406.2918486257273
2025-11-12T14:23:30,1762937610000,SENSEX,2025-11-12T14:44:30,1762938870000,21,,hybrid,391.25213761862113,400.1984271033193,414.47940678933674
2025-11-12T14:23:30,1762937610000,SENSEX,2025-11-12T14:45:30,1762938930000,22,,hybrid,390.3452825106501,398.3793662676461,413.99882424468734
2025-11-12T14:23:30,1762937610000,SENSEX,2025-11-12T14:46:30,1762938990000,23,,hybrid,381.8387065091234,389.6422507796209,402.66696566558426
2025-11-12T14:23:30,1762937610000,SENSEX,2025-11-12T14:47:30,1762939050000,24,,hybrid,388.9508756038906,399.30680814271193,415.208852713933
2025-11-12T14:23:30,1762937610000,SENSEX,2025-11-12T14:48:30,1762939110000,25,,hybrid,387.5174670413216,400.33229056958805,412.5933049991783
2025-11-12T14:23:30,1762937610000,SENSEX,2025-11-12T14:49:30,1762939170000,26,,hybrid,376.62699283782524,390.7160096833093,400.5882466627612
2025-11-12T14:23:30,1762937610000,SENSEX,2025-11-12T14:50:30,1762939230000,27,,hybrid,387.73139090081526,399.2342918210427,414.46496259649837
2025-11-12T14:23:30,1762937610000,SENSEX,2025-11-12T14:51:30,1762939290000,28,,hybrid,385.07677506046616,400.8544917844028,412.2221575749003
2025-11-12T14:23:30,1762937610000,SENSEX,2025-11-12T14:52:30,1762939350000,29,,hybrid,374.5963163320815,390.10591910994265,399.60254636054185
2025-11-12T14:23:30,1762937610000,SENSEX,2025-11-12T14:53:30,1762939410000,30,,hybrid,384.0689186606472,400.1395334176114,411.7815066120941
2025-11-12T14:23:30,1762937610000,SENSEX,2025-11-12T14:54:30,1762939470000,31,,hybrid,381.5449502228942,400.27681339703037,411.78079624580846
2025-11-12T14:23:30,1762937610000,SENSEX,2025-11-12T14:55:30,1762939530000,32,,hybrid,372.4548174230541,389.9960050474865,399.6173003347299
2025-11-12T14:23:30,1762937610000,SENSEX,2025-11-12T14:56:30,1762939590000,33,,hybrid,384.649706626285,400.22703626283254,410.745800401715
2025-11-12T14:23:30,1762937610000,SENSEX,2025-11-12T14:57:30,1762939650000,34,,hybrid,382.6011975235921,401.17070721680454,412.0069656494222
2025-11-12T14:23:30,1762937610000,SENSEX,2025-11-12T14:58:30,1762939710000,35,,hybrid,373.9399829594885,390.3943839583609,405.03475023686224
2025-11-12T14:23:30,1762937610000,SENSEX,2025-11-12T14:59:30,1762939770000,36,,hybrid,375.47623342939875,399.91045487087234,411.5281208713572
2025-11-12T14:23:30,1762937610000,SENSEX,2025-11-12T15:00:30,1762939830000,37,,hybrid,381.811464470377,400.06313897918653,410.43106762957643
2025-11-12T14:23:30,1762937610000,SENSEX,2025-11-12T15:01:30,1762939890000,38,,hybrid,366.4799749871853,390.6013238583108,404.8173657361882
2025-11-12T14:23:30,1762937610000,SENSEX,2025-11-12T15:02:30,1762939950000,39,,hybrid,376.4715815233224,399.81158756208185,415.14903347641535
2025-11-12T14:23:30,1762937610000,SENSEX,2025-11-12T15:03:30,1762940010000,40,,hybrid,373.5630332146383,400.16343033967865,413.2303406773161
2025-11-12T14:23:30,1762937610000,SENSEX,2025-11-12T15:04:30,1762940070000,41,,hybrid,378.2200345112891,389.1864451923416,404.05049039802896
2025-11-12T14:23:30,1762937610000,SENSEX,2025-11-12T15:05:30,1762940130000,42,,hybrid,380.4964566010754,400.103641031943,413.9587567194658
2025-11-12T14:23:30,1762937610000,SENSEX,2025-11-12T15:06:30,1762940190000,43,,hybrid,380.6746731364598,399.9643234038275,414.8833153654407
2025-11-12T14:23:30,1762937610000,SENSEX,2025-11-12T15:07:30,1762940250000,44,,hybrid,370.3590238841031,388.57121698088224,403.71968408143084
2025-11-12T14:23:30,1762937610000,SENSEX,2025-11-12T15:08:30,1762940310000,45,,hybrid,374.3393158533875,399.50365873721796,415.03403688591607
2025-11-12T14:23:30,1762937610000,SENSEX,2025-11-12T15:09:30,1762940370000,46,,hybrid,381.34168403990327,399.5504999258545,415.50657079845166
2025-11-12T14:23:30,1762937610000,SENSEX,2025-11-12T15:10:30,1762940430000,47,,hybrid,367.3589854509362,388.5486278370347,407.40053859668916
2025-11-12T14:23:30,1762937610000,SENSEX,2025-11-12T15:11:30,1762940490000,48,,hybrid,376.9971506738603,400.538164376725,419.1521852198929
2025-11-12T14:23:30,1762937610000,SENSEX,2025-11-12T15:12:30,1762940550000,49,,hybrid,383.1101612341464,398.39088840969225,415.6159541224726
2025-11-12T14:23:30,1762937610000,SENSEX,2025-11-12T15:13:30,1762940610000,50,,hybrid,373.49684434986904,387.89542906634836,407.85768911144964
2025-11-12T14:23:30,1762937610000,SENSEX,2025-11-12T15:14:30,1762940670000,51,,hybrid,385.10130925468917,398.69665704721103,420.21048435767847
2025-11-12T14:23:30,1762937610000,SENSEX,2025-11-12T15:15:30,1762940730000,52,,hybrid,379.30587997346026,397.98845950481666,420.3754424934391
2025-11-12T14:23:30,1762937610000,SENSEX,2025-11-12T15:16:30,1762940790000,53,,hybrid,368.890540071533,388.58742747659824,409.9061198090149
2025-11-12T14:23:30,1762937610000,SENSEX,2025-11-12T15:17:30,1762940850000,54,,hybrid,376.5168717694785,397.18678607296965,416.04699524660106
2025-11-12T14:23:30,1762937610000,SENSEX,2025-11-12T15:18:30,1762940910000,55,,hybrid,377.4187648687503,396.8583425309257,417.0215674381429
2025-11-12T14:23:30,1762937610000,SENSEX,2025-11-12T15:19:30,1762940970000,56,,hybrid,368.463818783182,387.8419954289089,408.24171868967903
2025-11-12T14:23:30,1762937610000,SENSEX,2025-11-12T15:20:30,1762941030000,57,,hybrid,375.03011916196635,396.9488478195296,421.5837812092129
2025-11-12T14:23:30,1762937610000,SENSEX,2025-11-12T15:21:30,1762941090000,58,,hybrid,376.5130271926855,396.38960482513295,418.5292594977106
2025-11-12T14:23:30,1762937610000,SENSEX,2025-11-12T15:22:30,1762941150000,59,,hybrid,368.01802945076804,387.965786595479,410.129069155482
2025-11-12T14:23:30,1762937610000,SENSEX,2025-11-12T15:23:30,1762941210000,60,,hybrid,378.3896883406673,397.03617247152073,418.4995968837066
