gen_time_iso,gen_ms,index,target_time_iso,target_ms,horizon_min,profile,mode,q10,q50,q90
2025-11-12T09:15:30,1762919130000,BANKNIFTY,2025-11-12T09:16:30,1762919190000,1,base,retrieval,1091.35,1091.35,1091.3500641958651
2025-11-12T09:15:30,1762919130000,BANKNIFTY,2025-11-12T09:17:30,1762919250000,2,base,retrieval,1091.35,1091.35,1091.3500641958651
2025-11-12T09:15:30,1762919130000,BANKNIFTY,2025-11-12T09:18:30,1762919310000,3,base,retrieval,1091.35,1091.35,1091.3500641958651
2025-11-12T09:15:30,1762919130000,BANKNIFTY,2025-11-12T09:19:30,1762919370000,4,base,retrieval,1091.35,1091.35,1091.3500641958651
2025-11-12T09:15:30,1762919130000,BANKNIFTY,2025-11-12T09:20:30,1762919430000,5,base,retrieval,1091.35,1091.35,1091.3500641958651
2025-11-12T09:15:30,1762919130000,BANKNIFTY,2025-11-12T09:21:30,1762919490000,6,base,retrieval,1091.35,1091.35,1091.3500641958651
2025-11-12T09:15:30,1762919130000,BANKNIFTY,2025-11-12T09:22:30,1762919550000,7,base,retrieval,1091.35,1091.35,1091.3500641958651
2025-11-12T09:15:30,1762919130000,BANKNIFTY,2025-11-12T09:23:30,1762919610000,8,base,retrieval,1091.35,1091.35,1091.3500641958651
2025-11-12T09:15:30,1762919130000,BANKNIFTY,2025-11-12T09:24:30,1762919670000,9,base,retrieval,1091.35,1091.35,1091.3500641958651
2025-11-12T09:15:30,1762919130000,BANKNIFTY,2025-11-12T09:25:30,1762919730000,10,base,retrieval,1091.35,1091.35,1091.3500641958651
2025-11-12T09:15:30,1762919130000,BANKNIFTY,2025-11-12T09:26:30,1762919790000,11,base,retrieval,1091.35,1091.35,1091.3500641958651
2025-11-12T09:15:30,1762919130000,BANKNIFTY,2025-11-12T09:27:30,1762919850000,12,base,retrieval,1091.35,1091.35,1091.3500641958651
2025-11-12T09:15:30,1762919130000,BANKNIFTY,2025-11-12T09:28:30,1762919910000,13,base,retrieval,1091.35,1091.35,1091.3500641958651
2025-11-12T09:15:30,1762919130000,BANKNIFTY,2025-11-12T09:29:30,1762919970000,14,base,retrieval,1091.35,1091.35,1091.3500641958651
2025-11-12T09:15:30,1762919130000,BANKNIFTY,2025-11-12T09:30:30,1762920030000,15,base,retrieval,1091.35,1091.35,1091.3500641958651
2025-11-12T09:15:30,1762919130000,BANKNIFTY,2025-11-12T09:31:30,1762920090000,16,base,retrieval,1091.35,1091.35,1091.3500641958651
2025-11-12T09:15:30,1762919130000,BANKNIFTY,2025-11-12T09:32:30,1762920150000,17,base,retrieval,1091.35,1091.35,1091.3500641958651
2025-11-12T09:15:30,1762919130000,BANKNIFTY,2025-11-12T09:33:30,1762920210000,18,base,retrieval,1091.35,1091.35,1091.3500641958651
2025-11-12T09:15:30,1762919130000,BANKNIFTY,2025-11-12T09:34:30,1762920270000,19,base,retrieval,1091.35,1091.35,1091.3500641958651
2025-11-12T09:15:30,1762919130000,BANKNIFTY,2025-11-12T09:35:30,1762920330000,20,base,retrieval,1091.35,1091.35,1091.3500641958651
2025-11-12T09:15:30,1762919130000,BANKNIFTY,2025-11-12T09:36:30,1762920390000,21,base,retrieval,1091.35,1091.35,1091.3500641958651
2025-11-12T09:15:30,1762919130000,BANKNIFTY,2025-11-12T09:37:30,1762920450000,22,base,retrieval,1091.35,1091.35,1091.3500641958651
2025-11-12T09:15:30,1762919130000,BANKNIFTY,2025-11-12T09:38:30,1762920510000,23,base,retrieval,1091.35,1091.35,1091.3500641958651
2025-11-12T09:15:30,1762919130000,BANKNIFTY,2025-11-12T09:39:30,1762920570000,24,base,retrieval,1091.35,1091.35,1091.3500641958651
2025-11-12T09:15:30,1762919130000,BANKNIFTY,2025-11-12T09:40:30,1762920630000,25,base,retrieval,1091.35,1091.35,1091.3500641958651
2025-11-12T09:15:30,1762919130000,BANKNIFTY,2025-11-12T09:41:30,1762920690000,26,base,retrieval,1091.35,1091.35,1091.3500641958651
2025-11-12T09:15:30,1762919130000,BANKNIFTY,2025-11-12T09:42:30,1762920750000,27,base,retrieval,1091.35,1091.35,1091.3500641958651
2025-11-12T09:15:30,1762919130000,BANKNIFTY,2025-11-12T09:43:30,1762920810000,28,base,retrieval,1091.35,1091.35,1091.3500641958651
2025-11-12T09:15:30,1762919130000,BANKNIFTY,2025-11-12T09:44:30,1762920870000,29,base,retrieval,1091.35,1091.35,1091.3500641958651
2025-11-12T09:15:30,1762919130000,BANKNIFTY,2025-11-12T09:45:30,1762920930000,30,base,retrieval,1091.35,1091.35,1091.3500641958651
2025-11-12T09:15:30,1762919130000,BANKNIFTY,2025-11-12T09:46:30,1762920990000,31,base,retrieval,1091.35,1091.35,1091.3500641958651
2025-11-12T09:15:30,1762919130000,BANKNIFTY,2025-11-12T09:47:30,1762921050000,32,base,retrieval,1091.35,1091.35,1091.3500641958651
2025-11-12T09:15:30,1762919130000,BANKNIFTY,2025-11-12T09:48:30,1762921110000,33,base,retrieval,1091.35,1091.35,1091.3500641958651
2025-11-12T09:15:30,1762919130000,BANKNIFTY,2025-11-12T09:49:30,1762921170000,34,base,retrieval,1091.35,1091.35,1091.3500641958651
2025-11-12T09:15:30,1762919130000,BANKNIFTY,2025-11-12T09:50:30,1762921230000,35,base,retrieval,1091.35,1091.35,1091.3500641958651
2025-11-12T09:15:30,1762919130000,BANKNIFTY,2025-11-12T09:51:30,1762921290000,36,base,retrieval,1091.35,1091.35,1091.3500641958651
2025-11-12T09:15:30,1762919130000,BANKNIFTY,2025-11-12T09:52:30,1762921350000,37,base,retrieval,1091.35,1091.35,1091.3500641958651
2025-11-12T09:15:30,1762919130000,BANKNIFTY,2025-11-12T09:53:30,1762921410000,38,base,retrieval,1091.35,1091.35,1091.3500641958651
2025-11-12T09:15:30,1762919130000,BANKNIFTY,2025-11-12T09:54:30,1762921470000,39,base,retrieval,1091.35,1091.35,1091.3500641958651
2025-11-12T09:15:30,1762919130000,BANKNIFTY,2025-11-12T09:55:30,1762921530000,40,base,retrieval,1091.35,1091.35,1091.3500641958651
2025-11-12T09:15:30,1762919130000,BANKNIFTY,2025-11-12T09:56:30,1762921590000,41,base,retrieval,1091.35,1091.35,1091.3500641958651
2025-11-12T09:15:30,1762919130000,BANKNIFTY,2025-11-12T09:57:30,1762921650000,42,base,retrieval,1091.35,1091.35,1091.3500641958651
2025-11-12T09:15:30,1762919130000,BANKNIFTY,2025-11-12T09:58:30,1762921710000,43,base,retrieval,1091.35,1091.35,1091.3500641958651
2025-11-12T09:15:30,1762919130000,BANKNIFTY,2025-11-12T09:59:30,1762921770000,44,base,retrieval,1091.35,1091.35,1091.3500641958651
2025-11-12T09:15:30,1762919130000,BANKNIFTY,2025-11-12T10:00:30,1762921830000,45,base,retrieval,1091.35,1091.35,1091.3500641958651
2025-11-12T09:15:30,1762919130000,BANKNIFTY,2025-11-12T10:01:30,1762921890000,46,base,retrieval,1091.35,1091.35,1091.3500641958651
2025-11-12T09:15:30,1762919130000,BANKNIFTY,2025-11-12T10:02:30,1762921950000,47,base,retrieval,1091.35,1091.35,1091.3500641958651
2025-11-12T09:15:30,1762919130000,BANKNIFTY,2025-11-12T10:03:30,1762922010000,48,base,retrieval,1091.35,1091.35,1091.3500641958651
2025-11-12T09:15:30,1762919130000,BANKNIFTY,2025-11-12T10:04:30,1762922070000,49,base,retrieval,1091.35,1091.35,1091.3500641958651
2025-11-12T09:15:30,1762919130000,BANKNIFTY,2025-11-12T10:05:30,1762922130000,50,base,retrieval,1091.35,1091.35,1091.3500641958651
2025-11-12T09:15:30,1762919130000,BANKNIFTY,2025-11-12T10:06:30,1762922190000,51,base,retrieval,1091.35,1091.35,1091.3500641958651
2025-11-12T09:15:30,1762919130000,BANKNIFTY,2025-11-12T10:07:30,1762922250000,52,base,retrieval,1091.35,1091.35,1091.3500641958651
2025-11-12T09:15:30,1762919130000,BANKNIFTY,2025-11-12T10:08:30,1762922310000,53,base,retrieval,1091.35,1091.35,1091.3500641958651
2025-11-12T09:15:30,1762919130000,BANKNIFTY,2025-11-12T10:09:30,1762922370000,54,base,retrieval,1091.35,1091.35,1091.3500641958651
2025-11-12T09:15:30,1762919130000,BANKNIFTY,2025-11-12T10:10:30,1762922430000,55,base,retrieval,1091.35,1091.35,1091.3500641958651
2025-11-12T09:15:30,1762919130000,BANKNIFTY,2025-11-12T10:11:30,1762922490000,56,base,retrieval,1091.35,1091.35,1091.3500641958651
2025-11-12T09:15:30,1762919130000,BANKNIFTY,2025-11-12T10:12:30,1762922550000,57,base,retrieval,1091.35,1091.35,1091.3500641958651
2025-11-12T09:15:30,1762919130000,BANKNIFTY,2025-11-12T10:13:30,1762922610000,58,base,retrieval,1091.35,1091.35,1091.3500641958651
2025-11-12T09:15:30,1762919130000,BANKNIFTY,2025-11-12T10:14:30,1762922670000,59,base,retrieval,1091.35,1091.35,1091.3500641958651
2025-11-12T09:15:30,1762919130000,BANKNIFTY,2025-11-12T10:15:30,1762922730000,60,base,retrieval,1091.35,1091.35,1091.3500641958651
2025-11-12T09:23:00,1762919580000,BANKNIFTY,2025-11-12T09:24:00,1762919640000,1,base,retrieval,1074.9,1074.9,1074.9000641958653
2025-11-12T09:23:00,1762919580000,BANKNIFTY,2025-11-12T09:25:00,1762919700000,2,base,retrieval,1074.9,1074.9,1074.9000641958653
2025-11-12T09:23:00,1762919580000,BANKNIFTY,2025-11-12T09:26:00,1762919760000,3,base,retrieval,1074.9,1074.9,1074.9000641958653
2025-11-12T09:23:00,1762919580000,BANKNIFTY,2025-11-12T09:27:00,1762919820000,4,base,retrieval,1074.9,1074.9,1074.9000641958653
2025-11-12T09:23:00,1762919580000,BANKNIFTY,2025-11-12T09:28:00,1762919880000,5,base,retrieval,1074.9,1074.9,1074.9000641958653
2025-11-12T09:23:00,1762919580000,BANKNIFTY,2025-11-12T09:29:00,1762919940000,6,base,retrieval,1074.9,1074.9,1074.9000641958653
2025-11-12T09:23:00,1762919580000,BANKNIFTY,2025-11-12T09:30:00,1762920000000,7,base,retrieval,1074.9,1074.9,1074.9000641958653
2025-11-12T09:23:00,1762919580000,BANKNIFTY,2025-11-12T09:31:00,1762920060000,8,base,retrieval,1074.9,1074.9,1074.9000641958653
2025-11-12T09:23:00,1762919580000,BANKNIFTY,2025-11-12T09:32:00,1762920120000,9,base,retrieval,1074.9,1074.9,1074.9000641958653
2025-11-12T09:23:00,1762919580000,BANKNIFTY,2025-11-12T09:33:00,1762920180000,10,base,retrieval,1074.9,1074.9,1074.9000641958653
2025-11-12T09:23:00,1762919580000,BANKNIFTY,2025-11-12T09:34:00,1762920240000,11,base,retrieval,1074.9,1074.9,1074.9000641958653
2025-11-12T09:23:00,1762919580000,BANKNIFTY,2025-11-12T09:35:00,1762920300000,12,base,retrieval,1074.9,1074.9,1074.9000641958653
2025-11-12T09:23:00,1762919580000,BANKNIFTY,2025-11-12T09:36:00,1762920360000,13,base,retrieval,1074.9,1074.9,1074.9000641958653
2025-11-12T09:23:00,1762919580000,BANKNIFTY,2025-11-12T09:37:00,1762920420000,14,base,retrieval,1074.9,1074.9,1074.9000641958653
2025-11-12T09:23:00,1762919580000,BANKNIFTY,2025-11-12T09:38:00,1762920480000,15,base,retrieval,1074.9,1074.9,1074.9000641958653
2025-11-12T09:23:00,1762919580000,BANKNIFTY,2025-11-12T09:39:00,1762920540000,16,base,retrieval,1074.9,1074.9,1074.9000641958653
2025-11-12T09:23:00,1762919580000,BANKNIFTY,2025-11-12T09:40:00,1762920600000,17,base,retrieval,1074.9,1074.9,1074.9000641958653
2025-11-12T09:23:00,1762919580000,BANKNIFTY,2025-11-12T09:41:00,1762920660000,18,base,retrieval,1074.9,1074.9,1074.9000641958653
2025-11-12T09:23:00,1762919580000,BANKNIFTY,2025-11-12T09:42:00,1762920720000,19,base,retrieval,1074.9,1074.9,1074.9000641958653
2025-11-12T09:23:00,1762919580000,BANKNIFTY,2025-11-12T09:43:00,1762920780000,20,base,retrieval,1074.9,1074.9,1074.9000641958653
2025-11-12T09:23:00,1762919580000,BANKNIFTY,2025-11-12T09:44:00,1762920840000,21,base,retrieval,1074.9,1074.9,1074.9000641958653
2025-11-12T09:23:00,1762919580000,BANKNIFTY,2025-11-12T09:45:00,1762920900000,22,base,retrieval,1074.9,1074.9,1074.9000641958653
2025-11-12T09:23:00,1762919580000,BANKNIFTY,2025-11-12T09:46:00,1762920960000,23,base,retrieval,1074.9,1074.9,1074.9000641958653
2025-11-12T09:23:00,1762919580000,BANKNIFTY,2025-11-12T09:47:00,1762921020000,24,base,retrieval,1074.9,1074.9,1074.9000641958653
2025-11-12T09:23:00,1762919580000,BANKNIFTY,2025-11-12T09:48:00,1762921080000,25,base,retrieval,1074.9,1074.9,1074.9000641958653
2025-11-12T09:23:00,1762919580000,BANKNIFTY,2025-11-12T09:49:00,1762921140000,26,base,retrieval,1074.9,1074.9,1074.9000641958653
2025-11-12T09:23:00,1762919580000,BANKNIFTY,2025-11-12T09:50:00,1762921200000,27,base,retrieval,1074.9,1074.9,1074.9000641958653
2025-11-12T09:23:00,1762919580000,BANKNIFTY,2025-11-12T09:51:00,1762921260000,28,base,retrieval,1074.9,1074.9,1074.9000641958653
2025-11-12T09:23:00,1762919580000,BANKNIFTY,2025-11-12T09:52:00,1762921320000,29,base,retrieval,1074.9,1074.9,1074.9000641958653
2025-11-12T09:23:00,1762919580000,BANKNIFTY,2025-11-12T09:53:00,1762921380000,30,base,retrieval,1074.9,1074.9,1074.9000641958653
2025-11-12T09:23:00,1762919580000,BANKNIFTY,2025-11-12T09:54:00,1762921440000,31,base,retrieval,1074.9,1074.9,1074.9000641958653
2025-11-12T09:23:00,1762919580000,BANKNIFTY,2025-11-12T09:55:00,1762921500000,32,base,retrieval,1074.9,1074.9,1074.9000641958653
2025-11-12T09:23:00,1762919580000,BANKNIFTY,2025-11-12T09:56:00,1762921560000,33,base,retrieval,1074.9,1074.9,1074.9000641958653
2025-11-12T09:23:00,1762919580000,BANKNIFTY,2025-11-12T09:57:00,1762921620000,34,base,retrieval,1074.9,1074.9,1074.9000641958653
2025-11-12T09:23:00,1762919580000,BANKNIFTY,2025-11-12T09:58:00,1762921680000,35,base,retrieval,1074.9,1074.9,1074.9000641958653
2025-11-12T09:23:00,1762919580000,BANKNIFTY,2025-11-12T09:59:00,1762921740000,36,base,retrieval,1074.9,1074.9,1074.9000641958653
2025-11-12T09:23:00,1762919580000,BANKNIFTY,2025-11-12T10:00:00,1762921800000,37,base,retrieval,1074.9,1074.9,1074.9000641958653
2025-11-12T09:23:00,1762919580000,BANKNIFTY,2025-11-12T10:01:00,1762921860000,38,base,retrieval,1074.9,1074.9,1074.9000641958653
2025-11-12T09:23:00,1762919580000,BANKNIFTY,2025-11-12T10:02:00,1762921920000,39,base,retrieval,1074.9,1074.9,1074.9000641958653
2025-11-12T09:23:00,1762919580000,BANKNIFTY,2025-11-12T10:03:00,1762921980000,40,base,retrieval,1074.9,1074.9,1074.9000641958653
2025-11-12T09:23:00,1762919580000,BANKNIFTY,2025-11-12T10:04:00,1762922040000,41,base,retrieval,1074.9,1074.9,1074.9000641958653
2025-11-12T09:23:00,1762919580000,BANKNIFTY,2025-11-12T10:05:00,1762922100000,42,base,retrieval,1074.9,1074.9,1074.9000641958653
2025-11-12T09:23:00,1762919580000,BANKNIFTY,2025-11-12T10:06:00,1762922160000,43,base,retrieval,1074.9,1074.9,1074.9000641958653
2025-11-12T09:23:00,1762919580000,BANKNIFTY,2025-11-12T10:07:00,1762922220000,44,base,retrieval,1074.9,1074.9,1074.9000641958653
2025-11-12T09:23:00,1762919580000,BANKNIFTY,2025-11-12T10:08:00,1762922280000,45,base,retrieval,1074.9,1074.9,1074.9000641958653
2025-11-12T09:23:00,1762919580000,BANKNIFTY,2025-11-12T10:09:00,1762922340000,46,base,retrieval,1074.9,1074.9,1074.9000641958653
2025-11-12T09:23:00,1762919580000,BANKNIFTY,2025-11-12T10:10:00,1762922400000,47,base,retrieval,1074.9,1074.9,1074.9000641958653
2025-11-12T09:23:00,1762919580000,BANKNIFTY,2025-11-12T10:11:00,1762922460000,48,base,retrieval,1074.9,1074.9,1074.9000641958653
2025-11-12T09:23:00,1762919580000,BANKNIFTY,2025-11-12T10:12:00,1762922520000,49,base,retrieval,1074.9,1074.9,1074.9000641958653
2025-11-12T09:23:00,1762919580000,BANKNIFTY,2025-11-12T10:13:00,1762922580000,50,base,retrieval,1074.9,1074.9,1074.9000641958653
2025-11-12T09:23:00,1762919580000,BANKNIFTY,2025-11-12T10:14:00,1762922640000,51,base,retrieval,1074.9,1074.9,1074.9000641958653
2025-11-12T09:23:00,1762919580000,BANKNIFTY,2025-11-12T10:15:00,1762922700000,52,base,retrieval,1074.9,1074.9,1074.9000641958653
2025-11-12T09:23:00,1762919580000,BANKNIFTY,2025-11-12T10:16:00,1762922760000,53,base,retrieval,1074.9,1074.9,1074.9000641958653
2025-11-12T09:23:00,1762919580000,BANKNIFTY,2025-11-12T10:17:00,1762922820000,54,base,retrieval,1074.9,1074.9,1074.9000641958653
2025-11-12T09:23:00,1762919580000,BANKNIFTY,2025-11-12T10:18:00,1762922880000,55,base,retrieval,1074.9,1074.9,1074.9000641958653
2025-11-12T09:23:00,1762919580000,BANKNIFTY,2025-11-12T10:19:00,1762922940000,56,base,retrieval,1074.9,1074.9,1074.9000641958653
2025-11-12T09:23:00,1762919580000,BANKNIFTY,2025-11-12T10:20:00,1762923000000,57,base,retrieval,1074.9,1074.9,1074.9000641958653
2025-11-12T09:23:00,1762919580000,BANKNIFTY,2025-11-12T10:21:00,1762923060000,58,base,retrieval,1074.9,1074.9,1074.9000641958653
2025-11-12T09:23:00,1762919580000,BANKNIFTY,2025-11-12T10:22:00,1762923120000,59,base,retrieval,1074.9,1074.9,1074.9000641958653
2025-11-12T09:23:00,1762919580000,BANKNIFTY,2025-11-12T10:23:00,1762923180000,60,base,retrieval,1074.9,1074.9,1074.9000641958653
2025-11-12T09:23:30,1762919610000,BANKNIFTY,2025-11-12T09:24:30,1762919670000,1,base,retrieval,1094.9,1094.9,1094.9000641958653
2025-11-12T09:23:30,1762919610000,BANKNIFTY,2025-11-12T09:25:30,1762919730000,2,base,retrieval,1094.9,1094.9,1094.9000641958653
2025-11-12T09:23:30,1762919610000,BANKNIFTY,2025-11-12T09:26:30,1762919790000,3,base,retrieval,1094.9,1094.9,1094.9000641958653
2025-11-12T09:23:30,1762919610000,BANKNIFTY,2025-11-12T09:27:30,1762919850000,4,base,retrieval,1094.9,1094.9,1094.9000641958653
2025-11-12T09:23:30,1762919610000,BANKNIFTY,2025-11-12T09:28:30,1762919910000,5,base,retrieval,1094.9,1094.9,1094.9000641958653
2025-11-12T09:23:30,1762919610000,BANKNIFTY,2025-11-12T09:29:30,1762919970000,6,base,retrieval,1094.9,1094.9,1094.9000641958653
2025-11-12T09:23:30,1762919610000,BANKNIFTY,2025-11-12T09:30:30,1762920030000,7,base,retrieval,1094.9,1094.9,1094.9000641958653
2025-11-12T09:23:30,1762919610000,BANKNIFTY,2025-11-12T09:31:30,1762920090000,8,base,retrieval,1094.9,1094.9,1094.9000641958653
2025-11-12T09:23:30,1762919610000,BANKNIFTY,2025-11-12T09:32:30,1762920150000,9,base,retrieval,1094.9,1094.9,1094.9000641958653
2025-11-12T09:23:30,1762919610000,BANKNIFTY,2025-11-12T09:33:30,1762920210000,10,base,retrieval,1094.9,1094.9,1094.9000641958653
2025-11-12T09:23:30,1762919610000,BANKNIFTY,2025-11-12T09:34:30,1762920270000,11,base,retrieval,1094.9,1094.9,1094.9000641958653
2025-11-12T09:23:30,1762919610000,BANKNIFTY,2025-11-12T09:35:30,1762920330000,12,base,retrieval,1094.9,1094.9,1094.9000641958653
2025-11-12T09:23:30,1762919610000,BANKNIFTY,2025-11-12T09:36:30,1762920390000,13,base,retrieval,1094.9,1094.9,1094.9000641958653
2025-11-12T09:23:30,1762919610000,BANKNIFTY,2025-11-12T09:37:30,1762920450000,14,base,retrieval,1094.9,1094.9,1094.9000641958653
2025-11-12T09:23:30,1762919610000,BANKNIFTY,2025-11-12T09:38:30,1762920510000,15,base,retrieval,1094.9,1094.9,1094.9000641958653
2025-11-12T09:23:30,1762919610000,BANKNIFTY,2025-11-12T09:39:30,1762920570000,16,base,retrieval,1094.9,1094.9,1094.9000641958653
2025-11-12T09:23:30,1762919610000,BANKNIFTY,2025-11-12T09:40:30,1762920630000,17,base,retrieval,1094.9,1094.9,1094.9000641958653
2025-11-12T09:23:30,1762919610000,BANKNIFTY,2025-11-12T09:41:30,1762920690000,18,base,retrieval,1094.9,1094.9,1094.9000641958653
2025-11-12T09:23:30,1762919610000,BANKNIFTY,2025-11-12T09:42:30,1762920750000,19,base,retrieval,1094.9,1094.9,1094.9000641958653
2025-11-12T09:23:30,1762919610000,BANKNIFTY,2025-11-12T09:43:30,1762920810000,20,base,retrieval,1094.9,1094.9,1094.9000641958653
2025-11-12T09:23:30,1762919610000,BANKNIFTY,2025-11-12T09:44:30,1762920870000,21,base,retrieval,1094.9,1094.9,1094.9000641958653
2025-11-12T09:23:30,1762919610000,BANKNIFTY,2025-11-12T09:45:30,1762920930000,22,base,retrieval,1094.9,1094.9,1094.9000641958653
2025-11-12T09:23:30,1762919610000,BANKNIFTY,2025-11-12T09:46:30,1762920990000,23,base,retrieval,1094.9,1094.9,1094.9000641958653
2025-11-12T09:23:30,1762919610000,BANKNIFTY,2025-11-12T09:47:30,1762921050000,24,base,retrieval,1094.9,1094.9,1094.9000641958653
2025-11-12T09:23:30,1762919610000,BANKNIFTY,2025-11-12T09:48:30,1762921110000,25,base,retrieval,1094.9,1094.9,1094.9000641958653
2025-11-12T09:23:30,1762919610000,BANKNIFTY,2025-11-12T09:49:30,1762921170000,26,base,retrieval,1094.9,1094.9,1094.9000641958653
2025-11-12T09:23:30,1762919610000,BANKNIFTY,2025-11-12T09:50:30,1762921230000,27,base,retrieval,1094.9,1094.9,1094.9000641958653
2025-11-12T09:23:30,1762919610000,BANKNIFTY,2025-11-12T09:51:30,1762921290000,28,base,retrieval,1094.9,1094.9,1094.9000641958653
2025-11-12T09:23:30,1762919610000,BANKNIFTY,2025-11-12T09:52:30,1762921350000,29,base,retrieval,1094.9,1094.9,1094.9000641958653
2025-11-12T09:23:30,1762919610000,BANKNIFTY,2025-11-12T09:53:30,1762921410000,30,base,retrieval,1094.9,1094.9,1094.9000641958653
2025-11-12T09:23:30,1762919610000,BANKNIFTY,2025-11-12T09:54:30,1762921470000,31,base,retrieval,1094.9,1094.9,1094.9000641958653
2025-11-12T09:23:30,1762919610000,BANKNIFTY,2025-11-12T09:55:30,1762921530000,32,base,retrieval,1094.9,1094.9,1094.9000641958653
2025-11-12T09:23:30,1762919610000,BANKNIFTY,2025-11-12T09:56:30,1762921590000,33,base,retrieval,1094.9,1094.9,1094.9000641958653
2025-11-12T09:23:30,1762919610000,BANKNIFTY,2025-11-12T09:57:30,1762921650000,34,base,retrieval,1094.9,1094.9,1094.9000641958653
2025-11-12T09:23:30,1762919610000,BANKNIFTY,2025-11-12T09:58:30,1762921710000,35,base,retrieval,1094.9,1094.9,1094.9000641958653
2025-11-12T09:23:30,1762919610000,BANKNIFTY,2025-11-12T09:59:30,1762921770000,36,base,retrieval,1094.9,1094.9,1094.9000641958653
2025-11-12T09:23:30,1762919610000,BANKNIFTY,2025-11-12T10:00:30,1762921830000,37,base,retrieval,1094.9,1094.9,1094.9000641958653
2025-11-12T09:23:30,1762919610000,BANKNIFTY,2025-11-12T10:01:30,1762921890000,38,base,retrieval,1094.9,1094.9,1094.9000641958653
2025-11-12T09:23:30,1762919610000,BANKNIFTY,2025-11-12T10:02:30,1762921950000,39,base,retrieval,1094.9,1094.9,1094.9000641958653
2025-11-12T09:23:30,1762919610000,BANKNIFTY,2025-11-12T10:03:30,1762922010000,40,base,retrieval,1094.9,1094.9,1094.9000641958653
2025-11-12T09:23:30,1762919610000,BANKNIFTY,2025-11-12T10:04:30,1762922070000,41,base,retrieval,1094.9,1094.9,1094.9000641958653
2025-11-12T09:23:30,1762919610000,BANKNIFTY,2025-11-12T10:05:30,1762922130000,42,base,retrieval,1094.9,1094.9,1094.9000641958653
2025-11-12T09:23:30,1762919610000,BANKNIFTY,2025-11-12T10:06:30,1762922190000,43,base,retrieval,1094.9,1094.9,1094.9000641958653
2025-11-12T09:23:30,1762919610000,BANKNIFTY,2025-11-12T10:07:30,1762922250000,44,base,retrieval,1094.9,1094.9,1094.9000641958653
2025-11-12T09:23:30,1762919610000,BANKNIFTY,2025-11-12T10:08:30,1762922310000,45,base,retrieval,1094.9,1094.9,1094.9000641958653
2025-11-12T09:23:30,1762919610000,BANKNIFTY,2025-11-12T10:09:30,1762922370000,46,base,retrieval,1094.9,1094.9,1094.9000641958653
2025-11-12T09:23:30,1762919610000,BANKNIFTY,2025-11-12T10:10:30,1762922430000,47,base,retrieval,1094.9,1094.9,1094.9000641958653
2025-11-12T09:23:30,1762919610000,BANKNIFTY,2025-11-12T10:11:30,1762922490000,48,base,retrieval,1094.9,1094.9,1094.9000641958653
2025-11-12T09:23:30,1762919610000,BANKNIFTY,2025-11-12T10:12:30,1762922550000,49,base,retrieval,1094.9,1094.9,1094.9000641958653
2025-11-12T09:23:30,1762919610000,BANKNIFTY,2025-11-12T10:13:30,1762922610000,50,base,retrieval,1094.9,1094.9,1094.9000641958653
2025-11-12T09:23:30,1762919610000,BANKNIFTY,2025-11-12T10:14:30,1762922670000,51,base,retrieval,1094.9,1094.9,1094.9000641958653
2025-11-12T09:23:30,1762919610000,BANKNIFTY,2025-11-12T10:15:30,1762922730000,52,base,retrieval,1094.9,1094.9,1094.9000641958653
2025-11-12T09:23:30,1762919610000,BANKNIFTY,2025-11-12T10:16:30,1762922790000,53,base,retrieval,1094.9,1094.9,1094.9000641958653
2025-11-12T09:23:30,1762919610000,BANKNIFTY,2025-11-12T10:17:30,1762922850000,54,base,retrieval,1094.9,1094.9,1094.9000641958653
2025-11-12T09:23:30,1762919610000,BANKNIFTY,2025-11-12T10:18:30,1762922910000,55,base,retrieval,1094.9,1094.9,1094.9000641958653
2025-11-12T09:23:30,1762919610000,BANKNIFTY,2025-11-12T10:19:30,1762922970000,56,base,retrieval,1094.9,1094.9,1094.9000641958653
2025-11-12T09:23:30,1762919610000,BANKNIFTY,2025-11-12T10:20:30,1762923030000,57,base,retrieval,1094.9,1094.9,1094.9000641958653
2025-11-12T09:23:30,1762919610000,BANKNIFTY,2025-11-12T10:21:30,1762923090000,58,base,retrieval,1094.9,1094.9,1094.9000641958653
2025-11-12T09:23:30,1762919610000,BANKNIFTY,2025-11-12T10:22:30,1762923150000,59,base,retrieval,1094.9,1094.9,1094.9000641958653
2025-11-12T09:23:30,1762919610000,BANKNIFTY,2025-11-12T10:23:30,1762923210000,60,base,retrieval,1094.9,1094.9,1094.9000641958653
2025-11-12T09:27:00,1762919820000,BANKNIFTY,2025-11-12T09:28:00,1762919880000,1,base,retrieval,1083.75,1083.75,1083.7500641958652
2025-11-12T09:27:00,1762919820000,BANKNIFTY,2025-11-12T09:29:00,1762919940000,2,base,retrieval,1083.75,1083.75,1083.7500641958652
2025-11-12T09:27:00,1762919820000,BANKNIFTY,2025-11-12T09:30:00,1762920000000,3,base,retrieval,1083.75,1083.75,1083.7500641958652
2025-11-12T09:27:00,1762919820000,BANKNIFTY,2025-11-12T09:31:00,1762920060000,4,base,retrieval,1083.75,1083.75,1083.7500641958652
2025-11-12T09:27:00,1762919820000,BANKNIFTY,2025-11-12T09:32:00,1762920120000,5,base,retrieval,1083.75,1083.75,1083.7500641958652
2025-11-12T09:27:00,1762919820000,BANKNIFTY,2025-11-12T09:33:00,1762920180000,6,base,retrieval,1083.75,1083.75,1083.7500641958652
2025-11-12T09:27:00,1762919820000,BANKNIFTY,2025-11-12T09:34:00,1762920240000,7,base,retrieval,1083.75,1083.75,1083.7500641958652
2025-11-12T09:27:00,1762919820000,BANKNIFTY,2025-11-12T09:35:00,1762920300000,8,base,retrieval,1083.75,1083.75,1083.7500641958652
2025-11-12T09:27:00,1762919820000,BANKNIFTY,2025-11-12T09:36:00,1762920360000,9,base,retrieval,1083.75,1083.75,1083.7500641958652
2025-11-12T09:27:00,1762919820000,BANKNIFTY,2025-11-12T09:37:00,1762920420000,10,base,retrieval,1083.75,1083.75,1083.7500641958652
2025-11-12T09:27:00,1762919820000,BANKNIFTY,2025-11-12T09:38:00,1762920480000,11,base,retrieval,1083.75,1083.75,1083.7500641958652
2025-11-12T09:27:00,1762919820000,BANKNIFTY,2025-11-12T09:39:00,1762920540000,12,base,retrieval,1083.75,1083.75,1083.7500641958652
2025-11-12T09:27:00,1762919820000,BANKNIFTY,2025-11-12T09:40:00,1762920600000,13,base,retrieval,1083.75,1083.75,1083.7500641958652
2025-11-12T09:27:00,1762919820000,BANKNIFTY,2025-11-12T09:41:00,1762920660000,14,base,retrieval,1083.75,1083.75,1083.7500641958652
2025-11-12T09:27:00,1762919820000,BANKNIFTY,2025-11-12T09:42:00,1762920720000,15,base,retrieval,1083.75,1083.75,1083.7500641958652
2025-11-12T09:27:00,1762919820000,BANKNIFTY,2025-11-12T09:43:00,1762920780000,16,base,retrieval,1083.75,1083.75,1083.7500641958652
2025-11-12T09:27:00,1762919820000,BANKNIFTY,2025-11-12T09:44:00,1762920840000,17,base,retrieval,1083.75,1083.75,1083.7500641958652
2025-11-12T09:27:00,1762919820000,BANKNIFTY,2025-11-12T09:45:00,1762920900000,18,base,retrieval,1083.75,1083.75,1083.7500641958652
2025-11-12T09:27:00,1762919820000,BANKNIFTY,2025-11-12T09:46:00,1762920960000,19,base,retrieval,1083.75,1083.75,1083.7500641958652
2025-11-12T09:27:00,1762919820000,BANKNIFTY,2025-11-12T09:47:00,1762921020000,20,base,retrieval,1083.75,1083.75,1083.7500641958652
2025-11-12T09:27:00,1762919820000,BANKNIFTY,2025-11-12T09:48:00,1762921080000,21,base,retrieval,1083.75,1083.75,1083.7500641958652
2025-11-12T09:27:00,1762919820000,BANKNIFTY,2025-11-12T09:49:00,1762921140000,22,base,retrieval,1083.75,1083.75,1083.7500641958652
2025-11-12T09:27:00,1762919820000,BANKNIFTY,2025-11-12T09:50:00,1762921200000,23,base,retrieval,1083.75,1083.75,1083.7500641958652
2025-11-12T09:27:00,1762919820000,BANKNIFTY,2025-11-12T09:51:00,1762921260000,24,base,retrieval,1083.75,1083.75,1083.7500641958652
2025-11-12T09:27:00,1762919820000,BANKNIFTY,2025-11-12T09:52:00,1762921320000,25,base,retrieval,1083.75,1083.75,1083.7500641958652
2025-11-12T09:27:00,1762919820000,BANKNIFTY,2025-11-12T09:53:00,1762921380000,26,base,retrieval,1083.75,1083.75,1083.7500641958652
2025-11-12T09:27:00,1762919820000,BANKNIFTY,2025-11-12T09:54:00,1762921440000,27,base,retrieval,1083.75,1083.75,1083.7500641958652
2025-11-12T09:27:00,1762919820000,BANKNIFTY,2025-11-12T09:55:00,1762921500000,28,base,retrieval,1083.75,1083.75,1083.7500641958652
2025-11-12T09:27:00,1762919820000,BANKNIFTY,2025-11-12T09:56:00,1762921560000,29,base,retrieval,1083.75,1083.75,1083.7500641958652
2025-11-12T09:27:00,1762919820000,BANKNIFTY,2025-11-12T09:57:00,1762921620000,30,base,retrieval,1083.75,1083.75,1083.7500641958652
2025-11-12T09:27:00,1762919820000,BANKNIFTY,2025-11-12T09:58:00,1762921680000,31,base,retrieval,1083.75,1083.75,1083.7500641958652
2025-11-12T09:27:00,1762919820000,BANKNIFTY,2025-11-12T09:59:00,1762921740000,32,base,retrieval,1083.75,1083.75,1083.7500641958652
2025-11-12T09:27:00,1762919820000,BANKNIFTY,2025-11-12T10:00:00,1762921800000,33,base,retrieval,1083.75,1083.75,1083.7500641958652
2025-11-12T09:27:00,1762919820000,BANKNIFTY,2025-11-12T10:01:00,1762921860000,34,base,retrieval,1083.75,1083.75,1083.7500641958652
2025-11-12T09:27:00,1762919820000,BANKNIFTY,2025-11-12T10:02:00,1762921920000,35,base,retrieval,1083.75,1083.75,1083.7500641958652
2025-11-12T09:27:00,1762919820000,BANKNIFTY,2025-11-12T10:03:00,1762921980000,36,base,retrieval,1083.75,1083.75,1083.7500641958652
2025-11-12T09:27:00,1762919820000,BANKNIFTY,2025-11-12T10:04:00,1762922040000,37,base,retrieval,1083.75,1083.75,1083.7500641958652
2025-11-12T09:27:00,1762919820000,BANKNIFTY,2025-11-12T10:05:00,1762922100000,38,base,retrieval,1083.75,1083.75,1083.7500641958652
2025-11-12T09:27:00,1762919820000,BANKNIFTY,2025-11-12T10:06:00,1762922160000,39,base,retrieval,1083.75,1083.75,1083.7500641958652
2025-11-12T09:27:00,1762919820000,BANKNIFTY,2025-11-12T10:07:00,1762922220000,40,base,retrieval,1083.75,1083.75,1083.7500641958652
2025-11-12T09:27:00,1762919820000,BANKNIFTY,2025-11-12T10:08:00,1762922280000,41,base,retrieval,1083.75,1083.75,1083.7500641958652
2025-11-12T09:27:00,1762919820000,BANKNIFTY,2025-11-12T10:09:00,1762922340000,42,base,retrieval,1083.75,1083.75,1083.7500641958652
2025-11-12T09:27:00,1762919820000,BANKNIFTY,2025-11-12T10:10:00,1762922400000,43,base,retrieval,1083.75,1083.75,1083.7500641958652
2025-11-12T09:27:00,1762919820000,BANKNIFTY,2025-11-12T10:11:00,1762922460000,44,base,retrieval,1083.75,1083.75,1083.7500641958652
2025-11-12T09:27:00,1762919820000,BANKNIFTY,2025-11-12T10:12:00,1762922520000,45,base,retrieval,1083.75,1083.75,1083.7500641958652
2025-11-12T09:27:00,1762919820000,BANKNIFTY,2025-11-12T10:13:00,1762922580000,46,base,retrieval,1083.75,1083.75,1083.7500641958652
2025-11-12T09:27:00,1762919820000,BANKNIFTY,2025-11-12T10:14:00,1762922640000,47,base,retrieval,1083.75,1083.75,1083.7500641958652
2025-11-12T09:27:00,1762919820000,BANKNIFTY,2025-11-12T10:15:00,1762922700000,48,base,retrieval,1083.75,1083.75,1083.7500641958652
2025-11-12T09:27:00,1762919820000,BANKNIFTY,2025-11-12T10:16:00,1762922760000,49,base,retrieval,1083.75,1083.75,1083.7500641958652
2025-11-12T09:27:00,1762919820000,BANKNIFTY,2025-11-12T10:17:00,1762922820000,50,base,retrieval,1083.75,1083.75,1083.7500641958652
2025-11-12T09:27:00,1762919820000,BANKNIFTY,2025-11-12T10:18:00,1762922880000,51,base,retrieval,1083.75,1083.75,1083.7500641958652
2025-11-12T09:27:00,1762919820000,BANKNIFTY,2025-11-12T10:19:00,1762922940000,52,base,retrieval,1083.75,1083.75,1083.7500641958652
2025-11-12T09:27:00,1762919820000,BANKNIFTY,2025-11-12T10:20:00,1762923000000,53,base,retrieval,1083.75,1083.75,1083.7500641958652
2025-11-12T09:27:00,1762919820000,BANKNIFTY,2025-11-12T10:21:00,1762923060000,54,base,retrieval,1083.75,1083.75,1083.7500641958652
2025-11-12T09:27:00,1762919820000,BANKNIFTY,2025-11-12T10:22:00,1762923120000,55,base,retrieval,1083.75,1083.75,1083.7500641958652
2025-11-12T09:27:00,1762919820000,BANKNIFTY,2025-11-12T10:23:00,1762923180000,56,base,retrieval,1083.75,1083.75,1083.7500641958652
2025-11-12T09:27:00,1762919820000,BANKNIFTY,2025-11-12T10:24:00,1762923240000,57,base,retrieval,1083.75,1083.75,1083.7500641958652
2025-11-12T09:27:00,1762919820000,BANKNIFTY,2025-11-12T10:25:00,1762923300000,58,base,retrieval,1083.75,1083.75,1083.7500641958652
2025-11-12T09:27:00,1762919820000,BANKNIFTY,2025-11-12T10:26:00,1762923360000,59,base,retrieval,1083.75,1083.75,1083.7500641958652
2025-11-12T09:27:00,1762919820000,BANKNIFTY,2025-11-12T10:27:00,1762923420000,60,base,retrieval,1083.75,1083.75,1083.7500641958652
2025-11-12T09:40:00,1762920600000,BANKNIFTY,2025-11-12T09:41:00,1762920660000,1,base,retrieval,1084.5,1084.5,1084.5000641958652
2025-11-12T09:40:00,1762920600000,BANKNIFTY,2025-11-12T09:42:00,1762920720000,2,base,retrieval,1084.5,1084.5,1084.5000641958652
2025-11-12T09:40:00,1762920600000,BANKNIFTY,2025-11-12T09:43:00,1762920780000,3,base,retrieval,1084.5,1084.5,1084.5000641958652
2025-11-12T09:40:00,1762920600000,BANKNIFTY,2025-11-12T09:44:00,1762920840000,4,base,retrieval,1084.5,1084.5,1084.5000641958652
2025-11-12T09:40:00,1762920600000,BANKNIFTY,2025-11-12T09:45:00,1762920900000,5,base,retrieval,1084.5,1084.5,1084.5000641958652
2025-11-12T09:40:00,1762920600000,BANKNIFTY,2025-11-12T09:46:00,1762920960000,6,base,retrieval,1084.5,1084.5,1084.5000641958652
2025-11-12T09:40:00,1762920600000,BANKNIFTY,2025-11-12T09:47:00,1762921020000,7,base,retrieval,1084.5,1084.5,1084.5000641958652
2025-11-12T09:40:00,1762920600000,BANKNIFTY,2025-11-12T09:48:00,1762921080000,8,base,retrieval,1084.5,1084.5,1084.5000641958652
2025-11-12T09:40:00,1762920600000,BANKNIFTY,2025-11-12T09:49:00,1762921140000,9,base,retrieval,1084.5,1084.5,1084.5000641958652
2025-11-12T09:40:00,1762920600000,BANKNIFTY,2025-11-12T09:50:00,1762921200000,10,base,retrieval,1084.5,1084.5,1084.5000641958652
2025-11-12T09:40:00,1762920600000,BANKNIFTY,2025-11-12T09:51:00,1762921260000,11,base,retrieval,1084.5,1084.5,1084.5000641958652
2025-11-12T09:40:00,1762920600000,BANKNIFTY,2025-11-12T09:52:00,1762921320000,12,base,retrieval,1084.5,1084.5,1084.5000641958652
2025-11-12T09:40:00,1762920600000,BANKNIFTY,2025-11-12T09:53:00,1762921380000,13,base,retrieval,1084.5,1084.5,1084.5000641958652
2025-11-12T09:40:00,1762920600000,BANKNIFTY,2025-11-12T09:54:00,1762921440000,14,base,retrieval,1084.5,1084.5,1084.5000641958652
2025-11-12T09:40:00,1762920600000,BANKNIFTY,2025-11-12T09:55:00,1762921500000,15,base,retrieval,1084.5,1084.5,1084.5000641958652
2025-11-12T09:40:00,1762920600000,BANKNIFTY,2025-11-12T09:56:00,1762921560000,16,base,retrieval,1084.5,1084.5,1084.5000641958652
2025-11-12T09:40:00,1762920600000,BANKNIFTY,2025-11-12T09:57:00,1762921620000,17,base,retrieval,1084.5,1084.5,1084.5000641958652
2025-11-12T09:40:00,1762920600000,BANKNIFTY,2025-11-12T09:58:00,1762921680000,18,base,retrieval,1084.5,1084.5,1084.5000641958652
2025-11-12T09:40:00,1762920600000,BANKNIFTY,2025-11-12T09:59:00,1762921740000,19,base,retrieval,1084.5,1084.5,1084.5000641958652
2025-11-12T09:40:00,1762920600000,BANKNIFTY,2025-11-12T10:00:00,1762921800000,20,base,retrieval,1084.5,1084.5,1084.5000641958652
2025-11-12T09:40:00,1762920600000,BANKNIFTY,2025-11-12T10:01:00,1762921860000,21,base,retrieval,1084.5,1084.5,1084.5000641958652
2025-11-12T09:40:00,1762920600000,BANKNIFTY,2025-11-12T10:02:00,1762921920000,22,base,retrieval,1084.5,1084.5,1084.5000641958652
2025-11-12T09:40:00,1762920600000,BANKNIFTY,2025-11-12T10:03:00,1762921980000,23,base,retrieval,1084.5,1084.5,1084.5000641958652
2025-11-12T09:40:00,1762920600000,BANKNIFTY,2025-11-12T10:04:00,1762922040000,24,base,retrieval,1084.5,1084.5,1084.5000641958652
2025-11-12T09:40:00,1762920600000,BANKNIFTY,2025-11-12T10:05:00,1762922100000,25,base,retrieval,1084.5,1084.5,1084.5000641958652
2025-11-12T09:40:00,1762920600000,BANKNIFTY,2025-11-12T10:06:00,1762922160000,26,base,retrieval,1084.5,1084.5,1084.5000641958652
2025-11-12T09:40:00,1762920600000,BANKNIFTY,2025-11-12T10:07:00,1762922220000,27,base,retrieval,1084.5,1084.5,1084.5000641958652
2025-11-12T09:40:00,1762920600000,BANKNIFTY,2025-11-12T10:08:00,1762922280000,28,base,retrieval,1084.5,1084.5,1084.5000641958652
2025-11-12T09:40:00,1762920600000,BANKNIFTY,2025-11-12T10:09:00,1762922340000,29,base,retrieval,1084.5,1084.5,1084.5000641958652
2025-11-12T09:40:00,1762920600000,BANKNIFTY,2025-11-12T10:10:00,1762922400000,30,base,retrieval,1084.5,1084.5,1084.5000641958652
2025-11-12T09:40:00,1762920600000,BANKNIFTY,2025-11-12T10:11:00,1762922460000,31,base,retrieval,1084.5,1084.5,1084.5000641958652
2025-11-12T09:40:00,1762920600000,BANKNIFTY,2025-11-12T10:12:00,1762922520000,32,base,retrieval,1084.5,1084.5,1084.5000641958652
2025-11-12T09:40:00,1762920600000,BANKNIFTY,2025-11-12T10:13:00,1762922580000,33,base,retrieval,1084.5,1084.5,1084.5000641958652
2025-11-12T09:40:00,1762920600000,BANKNIFTY,2025-11-12T10:14:00,1762922640000,34,base,retrieval,1084.5,1084.5,1084.5000641958652
2025-11-12T09:40:00,1762920600000,BANKNIFTY,2025-11-12T10:15:00,1762922700000,35,base,retrieval,1084.5,1084.5,1084.5000641958652
2025-11-12T09:40:00,1762920600000,BANKNIFTY,2025-11-12T10:16:00,1762922760000,36,base,retrieval,1084.5,1084.5,1084.5000641958652
2025-11-12T09:40:00,1762920600000,BANKNIFTY,2025-11-12T10:17:00,1762922820000,37,base,retrieval,1084.5,1084.5,1084.5000641958652
2025-11-12T09:40:00,1762920600000,BANKNIFTY,2025-11-12T10:18:00,1762922880000,38,base,retrieval,1084.5,1084.5,1084.5000641958652
2025-11-12T09:40:00,1762920600000,BANKNIFTY,2025-11-12T10:19:00,1762922940000,39,base,retrieval,1084.5,1084.5,1084.5000641958652
2025-11-12T09:40:00,1762920600000,BANKNIFTY,2025-11-12T10:20:00,1762923000000,40,base,retrieval,1084.5,1084.5,1084.5000641958652
2025-11-12T09:40:00,1762920600000,BANKNIFTY,2025-11-12T10:21:00,1762923060000,41,base,retrieval,1084.5,1084.5,1084.5000641958652
2025-11-12T09:40:00,1762920600000,BANKNIFTY,2025-11-12T10:22:00,1762923120000,42,base,retrieval,1084.5,1084.5,1084.5000641958652
2025-11-12T09:40:00,1762920600000,BANKNIFTY,2025-11-12T10:23:00,1762923180000,43,base,retrieval,1084.5,1084.5,1084.5000641958652
2025-11-12T09:40:00,1762920600000,BANKNIFTY,2025-11-12T10:24:00,1762923240000,44,base,retrieval,1084.5,1084.5,1084.5000641958652
2025-11-12T09:40:00,1762920600000,BANKNIFTY,2025-11-12T10:25:00,1762923300000,45,base,retrieval,1084.5,1084.5,1084.5000641958652
2025-11-12T09:40:00,1762920600000,BANKNIFTY,2025-11-12T10:26:00,1762923360000,46,base,retrieval,1084.5,1084.5,1084.5000641958652
2025-11-12T09:40:00,1762920600000,BANKNIFTY,2025-11-12T10:27:00,1762923420000,47,base,retrieval,1084.5,1084.5,1084.5000641958652
2025-11-12T09:40:00,1762920600000,BANKNIFTY,2025-11-12T10:28:00,1762923480000,48,base,retrieval,1084.5,1084.5,1084.5000641958652
2025-11-12T09:40:00,1762920600000,BANKNIFTY,2025-11-12T10:29:00,1762923540000,49,base,retrieval,1084.5,1084.5,1084.5000641958652
2025-11-12T09:40:00,1762920600000,BANKNIFTY,2025-11-12T10:30:00,1762923600000,50,base,retrieval,1084.5,1084.5,1084.5000641958652
2025-11-12T09:40:00,1762920600000,BANKNIFTY,2025-11-12T10:31:00,1762923660000,51,base,retrieval,1084.5,1084.5,1084.5000641958652
2025-11-12T09:40:00,1762920600000,BANKNIFTY,2025-11-12T10:32:00,1762923720000,52,base,retrieval,1084.5,1084.5,1084.5000641958652
2025-11-12T09:40:00,1762920600000,BANKNIFTY,2025-11-12T10:33:00,1762923780000,53,base,retrieval,1084.5,1084.5,1084.5000641958652
2025-11-12T09:40:00,1762920600000,BANKNIFTY,2025-11-12T10:34:00,1762923840000,54,base,retrieval,1084.5,1084.5,1084.5000641958652
2025-11-12T09:40:00,1762920600000,BANKNIFTY,2025-11-12T10:35:00,1762923900000,55,base,retrieval,1084.5,1084.5,1084.5000641958652
2025-11-12T09:40:00,1762920600000,BANKNIFTY,2025-11-12T10:36:00,1762923960000,56,base,retrieval,1084.5,1084.5,1084.5000641958652
2025-11-12T09:40:00,1762920600000,BANKNIFTY,2025-11-12T10:37:00,1762924020000,57,base,retrieval,1084.5,1084.5,1084.5000641958652
2025-11-12T09:40:00,1762920600000,BANKNIFTY,2025-11-12T10:38:00,1762924080000,58,base,retrieval,1084.5,1084.5,1084.5000641958652
2025-11-12T09:40:00,1762920600000,BANKNIFTY,2025-11-12T10:39:00,1762924140000,59,base,retrieval,1084.5,1084.5,1084.5000641958652
2025-11-12T09:40:00,1762920600000,BANKNIFTY,2025-11-12T10:40:00,1762924200000,60,base,retrieval,1084.5,1084.5,1084.5000641958652
2025-11-12T09:40:00,1762920600000,BANKNIFTY,2025-11-12T09:41:00,1762920660000,1,base,retrieval,1084.5,1084.5,1084.5000641958652
2025-11-12T09:40:00,1762920600000,BANKNIFTY,2025-11-12T09:42:00,1762920720000,2,base,retrieval,1084.5,1084.5,1084.5000641958652
2025-11-12T09:40:00,1762920600000,BANKNIFTY,2025-11-12T09:43:00,1762920780000,3,base,retrieval,1084.5,1084.5,1084.5000641958652
2025-11-12T09:40:00,1762920600000,BANKNIFTY,2025-11-12T09:44:00,1762920840000,4,base,retrieval,1084.5,1084.5,1084.5000641958652
2025-11-12T09:40:00,1762920600000,BANKNIFTY,2025-11-12T09:45:00,1762920900000,5,base,retrieval,1084.5,1084.5,1084.5000641958652
2025-11-12T09:40:00,1762920600000,BANKNIFTY,2025-11-12T09:46:00,1762920960000,6,base,retrieval,1084.5,1084.5,1084.5000641958652
2025-11-12T09:40:00,1762920600000,BANKNIFTY,2025-11-12T09:47:00,1762921020000,7,base,retrieval,1084.5,1084.5,1084.5000641958652
2025-11-12T09:40:00,1762920600000,BANKNIFTY,2025-11-12T09:48:00,1762921080000,8,base,retrieval,1084.5,1084.5,1084.5000641958652
2025-11-12T09:40:00,1762920600000,BANKNIFTY,2025-11-12T09:49:00,1762921140000,9,base,retrieval,1084.5,1084.5,1084.5000641958652
2025-11-12T09:40:00,1762920600000,BANKNIFTY,2025-11-12T09:50:00,1762921200000,10,base,retrieval,1084.5,1084.5,1084.5000641958652
2025-11-12T09:40:00,1762920600000,BANKNIFTY,2025-11-12T09:51:00,1762921260000,11,base,retrieval,1084.5,1084.5,1084.5000641958652
2025-11-12T09:40:00,1762920600000,BANKNIFTY,2025-11-12T09:52:00,1762921320000,12,base,retrieval,1084.5,1084.5,1084.5000641958652
2025-11-12T09:40:00,1762920600000,BANKNIFTY,2025-11-12T09:53:00,1762921380000,13,base,retrieval,1084.5,1084.5,1084.5000641958652
2025-11-12T09:40:00,1762920600000,BANKNIFTY,2025-11-12T09:54:00,1762921440000,14,base,retrieval,1084.5,1084.5,1084.5000641958652
2025-11-12T09:40:00,1762920600000,BANKNIFTY,2025-11-12T09:55:00,1762921500000,15,base,retrieval,1084.5,1084.5,1084.5000641958652
2025-11-12T09:40:00,1762920600000,BANKNIFTY,2025-11-12T09:56:00,1762921560000,16,base,retrieval,1084.5,1084.5,1084.5000641958652
2025-11-12T09:40:00,1762920600000,BANKNIFTY,2025-11-12T09:57:00,1762921620000,17,base,retrieval,1084.5,1084.5,1084.5000641958652
2025-11-12T09:40:00,1762920600000,BANKNIFTY,2025-11-12T09:58:00,1762921680000,18,base,retrieval,1084.5,1084.5,1084.5000641958652
2025-11-12T09:40:00,1762920600000,BANKNIFTY,2025-11-12T09:59:00,1762921740000,19,base,retrieval,1084.5,1084.5,1084.5000641958652
2025-11-12T09:40:00,1762920600000,BANKNIFTY,2025-11-12T10:00:00,1762921800000,20,base,retrieval,1084.5,1084.5,1084.5000641958652
2025-11-12T09:40:00,1762920600000,BANKNIFTY,2025-11-12T10:01:00,1762921860000,21,base,retrieval,1084.5,1084.5,1084.5000641958652
2025-11-12T09:40:00,1762920600000,BANKNIFTY,2025-11-12T10:02:00,1762921920000,22,base,retrieval,1084.5,1084.5,1084.5000641958652
2025-11-12T09:40:00,1762920600000,BANKNIFTY,2025-11-12T10:03:00,1762921980000,23,base,retrieval,1084.5,1084.5,1084.5000641958652
2025-11-12T09:40:00,1762920600000,BANKNIFTY,2025-11-12T10:04:00,1762922040000,24,base,retrieval,1084.5,1084.5,1084.5000641958652
2025-11-12T09:40:00,1762920600000,BANKNIFTY,2025-11-12T10:05:00,1762922100000,25,base,retrieval,1084.5,1084.5,1084.5000641958652
2025-11-12T09:40:00,1762920600000,BANKNIFTY,2025-11-12T10:06:00,1762922160000,26,base,retrieval,1084.5,1084.5,1084.5000641958652
2025-11-12T09:40:00,1762920600000,BANKNIFTY,2025-11-12T10:07:00,1762922220000,27,base,retrieval,1084.5,1084.5,1084.5000641958652
2025-11-12T09:40:00,1762920600000,BANKNIFTY,2025-11-12T10:08:00,1762922280000,28,base,retrieval,1084.5,1084.5,1084.5000641958652
2025-11-12T09:40:00,1762920600000,BANKNIFTY,2025-11-12T10:09:00,1762922340000,29,base,retrieval,1084.5,1084.5,1084.5000641958652
2025-11-12T09:40:00,1762920600000,BANKNIFTY,2025-11-12T10:10:00,1762922400000,30,base,retrieval,1084.5,1084.5,1084.5000641958652
2025-11-12T09:40:00,1762920600000,BANKNIFTY,2025-11-12T10:11:00,1762922460000,31,base,retrieval,1084.5,1084.5,1084.5000641958652
2025-11-12T09:40:00,1762920600000,BANKNIFTY,2025-11-12T10:12:00,1762922520000,32,base,retrieval,1084.5,1084.5,1084.5000641958652
2025-11-12T09:40:00,1762920600000,BANKNIFTY,2025-11-12T10:13:00,1762922580000,33,base,retrieval,1084.5,1084.5,1084.5000641958652
2025-11-12T09:40:00,1762920600000,BANKNIFTY,2025-11-12T10:14:00,1762922640000,34,base,retrieval,1084.5,1084.5,1084.5000641958652
2025-11-12T09:40:00,1762920600000,BANKNIFTY,2025-11-12T10:15:00,1762922700000,35,base,retrieval,1084.5,1084.5,1084.5000641958652
2025-11-12T09:40:00,1762920600000,BANKNIFTY,2025-11-12T10:16:00,1762922760000,36,base,retrieval,1084.5,1084.5,1084.5000641958652
2025-11-12T09:40:00,1762920600000,BANKNIFTY,2025-11-12T10:17:00,1762922820000,37,base,retrieval,1084.5,1084.5,1084.5000641958652
2025-11-12T09:40:00,1762920600000,BANKNIFTY,2025-11-12T10:18:00,1762922880000,38,base,retrieval,1084.5,1084.5,1084.5000641958652
2025-11-12T09:40:00,1762920600000,BANKNIFTY,2025-11-12T10:19:00,1762922940000,39,base,retrieval,1084.5,1084.5,1084.5000641958652
2025-11-12T09:40:00,1762920600000,BANKNIFTY,2025-11-12T10:20:00,1762923000000,40,base,retrieval,1084.5,1084.5,1084.5000641958652
2025-11-12T09:40:00,1762920600000,BANKNIFTY,2025-11-12T10:21:00,1762923060000,41,base,retrieval,1084.5,1084.5,1084.5000641958652
2025-11-12T09:40:00,1762920600000,BANKNIFTY,2025-11-12T10:22:00,1762923120000,42,base,retrieval,1084.5,1084.5,1084.5000641958652
2025-11-12T09:40:00,1762920600000,BANKNIFTY,2025-11-12T10:23:00,1762923180000,43,base,retrieval,1084.5,1084.5,1084.5000641958652
2025-11-12T09:40:00,1762920600000,BANKNIFTY,2025-11-12T10:24:00,1762923240000,44,base,retrieval,1084.5,1084.5,1084.5000641958652
2025-11-12T09:40:00,1762920600000,BANKNIFTY,2025-11-12T10:25:00,1762923300000,45,base,retrieval,1084.5,1084.5,1084.5000641958652
2025-11-12T09:40:00,1762920600000,BANKNIFTY,2025-11-12T10:26:00,1762923360000,46,base,retrieval,1084.5,1084.5,1084.5000641958652
2025-11-12T09:40:00,1762920600000,BANKNIFTY,2025-11-12T10:27:00,1762923420000,47,base,retrieval,1084.5,1084.5,1084.5000641958652
2025-11-12T09:40:00,1762920600000,BANKNIFTY,2025-11-12T10:28:00,1762923480000,48,base,retrieval,1084.5,1084.5,1084.5000641958652
2025-11-12T09:40:00,1762920600000,BANKNIFTY,2025-11-12T10:29:00,1762923540000,49,base,retrieval,1084.5,1084.5,1084.5000641958652
2025-11-12T09:40:00,1762920600000,BANKNIFTY,2025-11-12T10:30:00,1762923600000,50,base,retrieval,1084.5,1084.5,1084.5000641958652
2025-11-12T09:40:00,1762920600000,BANKNIFTY,2025-11-12T10:31:00,1762923660000,51,base,retrieval,1084.5,1084.5,1084.5000641958652
2025-11-12T09:40:00,1762920600000,BANKNIFTY,2025-11-12T10:32:00,1762923720000,52,base,retrieval,1084.5,1084.5,1084.5000641958652
2025-11-12T09:40:00,1762920600000,BANKNIFTY,2025-11-12T10:33:00,1762923780000,53,base,retrieval,1084.5,1084.5,1084.5000641958652
2025-11-12T09:40:00,1762920600000,BANKNIFTY,2025-11-12T10:34:00,1762923840000,54,base,retrieval,1084.5,1084.5,1084.5000641958652
2025-11-12T09:40:00,1762920600000,BANKNIFTY,2025-11-12T10:35:00,1762923900000,55,base,retrieval,1084.5,1084.5,1084.5000641958652
2025-11-12T09:40:00,1762920600000,BANKNIFTY,2025-11-12T10:36:00,1762923960000,56,base,retrieval,1084.5,1084.5,1084.5000641958652
2025-11-12T09:40:00,1762920600000,BANKNIFTY,2025-11-12T10:37:00,1762924020000,57,base,retrieval,1084.5,1084.5,1084.5000641958652
2025-11-12T09:40:00,1762920600000,BANKNIFTY,2025-11-12T10:38:00,1762924080000,58,base,retrieval,1084.5,1084.5,1084.5000641958652
2025-11-12T09:40:00,1762920600000,BANKNIFTY,2025-11-12T10:39:00,1762924140000,59,base,retrieval,1084.5,1084.5,1084.5000641958652
2025-11-12T09:40:00,1762920600000,BANKNIFTY,2025-11-12T10:40:00,1762924200000,60,base,retrieval,1084.5,1084.5,1084.5000641958652
2025-11-12T09:40:00,1762920600000,BANKNIFTY,2025-11-12T09:41:00,1762920660000,1,optimized,retrieval,1084.5,1084.5,1084.5000641958652
2025-11-12T09:40:00,1762920600000,BANKNIFTY,2025-11-12T09:42:00,1762920720000,2,optimized,retrieval,1084.5,1084.5,1084.5000641958652
2025-11-12T09:40:00,1762920600000,BANKNIFTY,2025-11-12T09:43:00,1762920780000,3,optimized,retrieval,1084.5,1084.5,1084.5000641958652
2025-11-12T09:40:00,1762920600000,BANKNIFTY,2025-11-12T09:44:00,1762920840000,4,optimized,retrieval,1084.5,1084.5,1084.5000641958652
2025-11-12T09:40:00,1762920600000,BANKNIFTY,2025-11-12T09:45:00,1762920900000,5,optimized,retrieval,1084.5,1084.5,1084.5000641958652
2025-11-12T09:40:00,1762920600000,BANKNIFTY,2025-11-12T09:46:00,1762920960000,6,optimized,retrieval,1084.5,1084.5,1084.5000641958652
2025-11-12T09:40:00,1762920600000,BANKNIFTY,2025-11-12T09:47:00,1762921020000,7,optimized,retrieval,1084.5,1084.5,1084.5000641958652
2025-11-12T09:40:00,1762920600000,BANKNIFTY,2025-11-12T09:48:00,1762921080000,8,optimized,retrieval,1084.5,1084.5,1084.5000641958652
2025-11-12T09:40:00,1762920600000,BANKNIFTY,2025-11-12T09:49:00,1762921140000,9,optimized,retrieval,1084.5,1084.5,1084.5000641958652
2025-11-12T09:40:00,1762920600000,BANKNIFTY,2025-11-12T09:50:00,1762921200000,10,optimized,retrieval,1084.5,1084.5,1084.5000641958652
2025-11-12T09:40:00,1762920600000,BANKNIFTY,2025-11-12T09:51:00,1762921260000,11,optimized,retrieval,1084.5,1084.5,1084.5000641958652
2025-11-12T09:40:00,1762920600000,BANKNIFTY,2025-11-12T09:52:00,1762921320000,12,optimized,retrieval,1084.5,1084.5,1084.5000641958652
2025-11-12T09:40:00,1762920600000,BANKNIFTY,2025-11-12T09:53:00,1762921380000,13,optimized,retrieval,1084.5,1084.5,1084.5000641958652
2025-11-12T09:40:00,1762920600000,BANKNIFTY,2025-11-12T09:54:00,1762921440000,14,optimized,retrieval,1084.5,1084.5,1084.5000641958652
2025-11-12T09:40:00,1762920600000,BANKNIFTY,2025-11-12T09:55:00,1762921500000,15,optimized,retrieval,1084.5,1084.5,1084.5000641958652
2025-11-12T09:40:00,1762920600000,BANKNIFTY,2025-11-12T09:56:00,1762921560000,16,optimized,retrieval,1084.5,1084.5,1084.5000641958652
2025-11-12T09:40:00,1762920600000,BANKNIFTY,2025-11-12T09:57:00,1762921620000,17,optimized,retrieval,1084.5,1084.5,1084.5000641958652
2025-11-12T09:40:00,1762920600000,BANKNIFTY,2025-11-12T09:58:00,1762921680000,18,optimized,retrieval,1084.5,1084.5,1084.5000641958652
2025-11-12T09:40:00,1762920600000,BANKNIFTY,2025-11-12T09:59:00,1762921740000,19,optimized,retrieval,1084.5,1084.5,1084.5000641958652
2025-11-12T09:40:00,1762920600000,BANKNIFTY,2025-11-12T10:00:00,1762921800000,20,optimized,retrieval,1084.5,1084.5,1084.5000641958652
2025-11-12T09:40:00,1762920600000,BANKNIFTY,2025-11-12T10:01:00,1762921860000,21,optimized,retrieval,1084.5,1084.5,1084.5000641958652
2025-11-12T09:40:00,1762920600000,BANKNIFTY,2025-11-12T10:02:00,1762921920000,22,optimized,retrieval,1084.5,1084.5,1084.5000641958652
2025-11-12T09:40:00,1762920600000,BANKNIFTY,2025-11-12T10:03:00,1762921980000,23,optimized,retrieval,1084.5,1084.5,1084.5000641958652
2025-11-12T09:40:00,1762920600000,BANKNIFTY,2025-11-12T10:04:00,1762922040000,24,optimized,retrieval,1084.5,1084.5,1084.5000641958652
2025-11-12T09:40:00,1762920600000,BANKNIFTY,2025-11-12T10:05:00,1762922100000,25,optimized,retrieval,1084.5,1084.5,1084.5000641958652
2025-11-12T09:40:00,1762920600000,BANKNIFTY,2025-11-12T10:06:00,1762922160000,26,optimized,retrieval,1084.5,1084.5,1084.5000641958652
2025-11-12T09:40:00,1762920600000,BANKNIFTY,2025-11-12T10:07:00,1762922220000,27,optimized,retrieval,1084.5,1084.5,1084.5000641958652
2025-11-12T09:40:00,1762920600000,BANKNIFTY,2025-11-12T10:08:00,1762922280000,28,optimized,retrieval,1084.5,1084.5,1084.5000641958652
2025-11-12T09:40:00,1762920600000,BANKNIFTY,2025-11-12T10:09:00,1762922340000,29,optimized,retrieval,1084.5,1084.5,1084.5000641958652
2025-11-12T09:40:00,1762920600000,BANKNIFTY,2025-11-12T10:10:00,1762922400000,30,optimized,retrieval,1084.5,1084.5,1084.5000641958652
2025-11-12T09:40:00,1762920600000,BANKNIFTY,2025-11-12T10:11:00,1762922460000,31,optimized,retrieval,1084.5,1084.5,1084.5000641958652
2025-11-12T09:40:00,1762920600000,BANKNIFTY,2025-11-12T10:12:00,1762922520000,32,optimized,retrieval,1084.5,1084.5,1084.5000641958652
2025-11-12T09:40:00,1762920600000,BANKNIFTY,2025-11-12T10:13:00,1762922580000,33,optimized,retrieval,1084.5,1084.5,1084.5000641958652
2025-11-12T09:40:00,1762920600000,BANKNIFTY,2025-11-12T10:14:00,1762922640000,34,optimized,retrieval,1084.5,1084.5,1084.5000641958652
2025-11-12T09:40:00,1762920600000,BANKNIFTY,2025-11-12T10:15:00,1762922700000,35,optimized,retrieval,1084.5,1084.5,1084.5000641958652
2025-11-12T09:40:00,1762920600000,BANKNIFTY,2025-11-12T10:16:00,1762922760000,36,optimized,retrieval,1084.5,1084.5,1084.5000641958652
2025-11-12T09:40:00,1762920600000,BANKNIFTY,2025-11-12T10:17:00,1762922820000,37,optimized,retrieval,1084.5,1084.5,1084.5000641958652
2025-11-12T09:40:00,1762920600000,BANKNIFTY,2025-11-12T10:18:00,1762922880000,38,optimized,retrieval,1084.5,1084.5,1084.5000641958652
2025-11-12T09:40:00,1762920600000,BANKNIFTY,2025-11-12T10:19:00,1762922940000,39,optimized,retrieval,1084.5,1084.5,1084.5000641958652
2025-11-12T09:40:00,1762920600000,BANKNIFTY,2025-11-12T10:20:00,1762923000000,40,optimized,retrieval,1084.5,1084.5,1084.5000641958652
2025-11-12T09:40:00,1762920600000,BANKNIFTY,2025-11-12T10:21:00,1762923060000,41,optimized,retrieval,1084.5,1084.5,1084.5000641958652
2025-11-12T09:40:00,1762920600000,BANKNIFTY,2025-11-12T10:22:00,1762923120000,42,optimized,retrieval,1084.5,1084.5,1084.5000641958652
2025-11-12T09:40:00,1762920600000,BANKNIFTY,2025-11-12T10:23:00,1762923180000,43,optimized,retrieval,1084.5,1084.5,1084.5000641958652
2025-11-12T09:40:00,1762920600000,BANKNIFTY,2025-11-12T10:24:00,1762923240000,44,optimized,retrieval,1084.5,1084.5,1084.5000641958652
2025-11-12T09:40:00,1762920600000,BANKNIFTY,2025-11-12T10:25:00,1762923300000,45,optimized,retrieval,1084.5,1084.5,1084.5000641958652
2025-11-12T09:40:00,1762920600000,BANKNIFTY,2025-11-12T10:26:00,1762923360000,46,optimized,retrieval,1084.5,1084.5,1084.5000641958652
2025-11-12T09:40:00,1762920600000,BANKNIFTY,2025-11-12T10:27:00,1762923420000,47,optimized,retrieval,1084.5,1084.5,1084.5000641958652
2025-11-12T09:40:00,1762920600000,BANKNIFTY,2025-11-12T10:28:00,1762923480000,48,optimized,retrieval,1084.5,1084.5,1084.5000641958652
2025-11-12T09:40:00,1762920600000,BANKNIFTY,2025-11-12T10:29:00,1762923540000,49,optimized,retrieval,1084.5,1084.5,1084.5000641958652
2025-11-12T09:40:00,1762920600000,BANKNIFTY,2025-11-12T10:30:00,1762923600000,50,optimized,retrieval,1084.5,1084.5,1084.5000641958652
2025-11-12T09:40:00,1762920600000,BANKNIFTY,2025-11-12T10:31:00,1762923660000,51,optimized,retrieval,1084.5,1084.5,1084.5000641958652
2025-11-12T09:40:00,1762920600000,BANKNIFTY,2025-11-12T10:32:00,1762923720000,52,optimized,retrieval,1084.5,1084.5,1084.5000641958652
2025-11-12T09:40:00,1762920600000,BANKNIFTY,2025-11-12T10:33:00,1762923780000,53,optimized,retrieval,1084.5,1084.5,1084.5000641958652
2025-11-12T09:40:00,1762920600000,BANKNIFTY,2025-11-12T10:34:00,1762923840000,54,optimized,retrieval,1084.5,1084.5,1084.5000641958652
2025-11-12T09:40:00,1762920600000,BANKNIFTY,2025-11-12T10:35:00,1762923900000,55,optimized,retrieval,1084.5,1084.5,1084.5000641958652
2025-11-12T09:40:00,1762920600000,BANKNIFTY,2025-11-12T10:36:00,1762923960000,56,optimized,retrieval,1084.5,1084.5,1084.5000641958652
2025-11-12T09:40:00,1762920600000,BANKNIFTY,2025-11-12T10:37:00,1762924020000,57,optimized,retrieval,1084.5,1084.5,1084.5000641958652
2025-11-12T09:40:00,1762920600000,BANKNIFTY,2025-11-12T10:38:00,1762924080000,58,optimized,retrieval,1084.5,1084.5,1084.5000641958652
2025-11-12T09:40:00,1762920600000,BANKNIFTY,2025-11-12T10:39:00,1762924140000,59,optimized,retrieval,1084.5,1084.5,1084.5000641958652
2025-11-12T09:40:00,1762920600000,BANKNIFTY,2025-11-12T10:40:00,1762924200000,60,optimized,retrieval,1084.5,1084.5,1084.5000641958652
2025-11-12T09:40:00,1762920600000,BANKNIFTY,2025-11-12T09:41:00,1762920660000,1,since_open,hybrid,1082.2049978151886,1084.5,1086.9554918480846
2025-11-12T09:40:00,1762920600000,BANKNIFTY,2025-11-12T09:42:00,1762920720000,2,since_open,hybrid,1076.534639119019,1083.7406250000001,1085.6183540603004
2025-11-12T09:40:00,1762920600000,BANKNIFTY,2025-11-12T09:43:00,1762920780000,3,since_open,hybrid,1083.4587797846505,1084.309375,1086.122908194991
2025-11-12T09:40:00,1762920600000,BANKNIFTY,2025-11-12T09:44:00,1762920840000,4,since_open,hybrid,1076.5106920281805,1084.15,1087.2955974001611
2025-11-12T09:40:00,1762920600000,BANKNIFTY,2025-11-12T09:45:00,1762920900000,5,since_open,hybrid,1076.2932616679607,1084.2375,1088.105300884892
2025-11-12T09:40:00,1762920600000,BANKNIFTY,2025-11-12T09:46:00,1762920960000,6,since_open,hybrid,1075.0824295066425,1084.85625,1089.4302054032955
2025-11-12T09:40:00,1762920600000,BANKNIFTY,2025-11-12T09:47:00,1762921020000,7,since_open,hybrid,1071.7463783555038,1083.83125,1088.950870258425
2025-11-12T09:40:00,1762920600000,BANKNIFTY,2025-11-12T09:48:00,1762921080000,8,since_open,hybrid,1077.0997446710949,1083.615625,1089.2809101135551
2025-11-12T09:40:00,1762920600000,BANKNIFTY,2025-11-12T09:49:00,1762921140000,9,since_open,hybrid,1075.7492926781401,1084.1750000000002,1089.278571292098
2025-11-12T09:40:00,1762920600000,BANKNIFTY,2025-11-12T09:50:00,1762921200000,10,since_open,hybrid,1074.5304134690593,1080.95,1088.9584341973487
2025-11-12T09:40:00,1762920600000,BANKNIFTY,2025-11-12T09:51:00,1762921260000,11,since_open,hybrid,1072.7648756381989,1084.03125,1092.5211531871691
2025-11-12T09:40:00,1762920600000,BANKNIFTY,2025-11-12T09:52:00,1762921320000,12,since_open,hybrid,1070.5280185943468,1081.296875,1092.4990534964918
2025-11-12T09:40:00,1762920600000,BANKNIFTY,2025-11-12T09:53:00,1762921380000,13,since_open,hybrid,1069.7424952035888,1079.371875,1088.937058931102
2025-11-12T09:40:00,1762920600000,BANKNIFTY,2025-11-12T09:54:00,1762921440000,14,since_open,hybrid,1071.3319297728892,1082.6625,1091.649921143317
2025-11-12T09:40:00,1762920600000,BANKNIFTY,2025-11-12T09:55:00,1762921500000,15,since_open,hybrid,1071.2660043147862,1081.425,1089.401336264694
2025-11-12T09:40:00,1762920600000,BANKNIFTY,2025-11-12T09:56:00,1762921560000,16,since_open,hybrid,1069.5450249882392,1080.0249999999999,1088.1618259279674
2025-11-12T09:40:00,1762920600000,BANKNIFTY,2025-11-12T09:57:00,1762921620000,17,since_open,hybrid,1070.3077159514319,1082.1999999999998,1091.9738204933574
2025-11-12T09:40:00,1762920600000,BANKNIFTY,2025-11-12T09:58:00,1762921680000,18,since_open,hybrid,1070.6769516718714,1081.959375,1093.0010638332183
2025-11-12T09:40:00,1762920600000,BANKNIFTY,2025-11-12T09:59:00,1762921740000,19,since_open,hybrid,1070.467090951432,1082.359375,1092.1331954933576
2025-11-12T09:40:00,1762920600000,BANKNIFTY,2025-11-12T10:00:00,1762921800000,20,since_open,hybrid,1069.7492983789973,1081.3687500000003,1090.4203670086267
2025-11-12T09:40:00,1762920600000,BANKNIFTY,2025-11-12T10:01:00,1762921860000,21,since_open,hybrid,1069.4229927525305,1079.7906249999999,1089.5804944596846
2025-11-12T09:40:00,1762920600000,BANKNIFTY,2025-11-12T10:02:00,1762921920000,22,since_open,hybrid,1068.0523896515126,1078.371875,1086.300064365712
2025-11-12T09:40:00,1762920600000,BANKNIFTY,2025-11-12T10:03:00,1762921980000,23,since_open,hybrid,1068.6271452466642,1073.9875,1086.441497870025
2025-11-12T09:40:00,1762920600000,BANKNIFTY,2025-11-12T10:04:00,1762922040000,24,since_open,hybrid,1070.6241354424315,1078.9375,1089.9631398668907
2025-11-12T09:40:00,1762920600000,BANKNIFTY,2025-11-12T10:05:00,1762922100000,25,since_open,hybrid,1071.2480488057856,1077.828125,1086.398273018806
2025-11-12T09:40:00,1762920600000,BANKNIFTY,2025-11-12T10:06:00,1762922160000,26,since_open,hybrid,1073.8809946710949,1080.396875,1086.6720208339946
2025-11-12T09:40:00,1762920600000,BANKNIFTY,2025-11-12T10:07:00,1762922220000,27,since_open,hybrid,1073.0121491894984,1078.8218749999999,1085.1933146319586
2025-11-12T09:40:00,1762920600000,BANKNIFTY,2025-11-12T10:08:00,1762922280000,28,since_open,hybrid,1071.1013367423511,1080.9875,1088.466318308546
2025-11-12T09:40:00,1762920600000,BANKNIFTY,2025-11-12T10:09:00,1762922340000,29,since_open,hybrid,1074.9249019068036,1081.553125,1087.475193574793
2025-11-12T09:40:00,1762920600000,BANKNIFTY,2025-11-12T10:10:00,1762922400000,30,since_open,hybrid,1070.4482117423513,1080.3343750000001,1087.1551856891247
2025-11-12T09:40:00,1762920600000,BANKNIFTY,2025-11-12T10:11:00,1762922460000,31,since_open,hybrid,1070.4819775136875,1082.1656249999999,1087.606224584972
2025-11-12T09:40:00,1762920600000,BANKNIFTY,2025-11-12T10:12:00,1762922520000,32,since_open,hybrid,1069.99898390758,1081.39375,1087.2997696084656
2025-11-12T09:40:00,1762920600000,BANKNIFTY,2025-11-12T10:13:00,1762922580000,33,since_open,hybrid,1067.8933291229296,1078.4375,1086.6385217932768
2025-11-12T09:40:00,1762920600000,BANKNIFTY,2025-11-12T10:14:00,1762922640000,34,since_open,hybrid,1069.7608352505752,1078.459375,1086.4678091973487
2025-11-12T09:40:00,1762920600000,BANKNIFTY,2025-11-12T10:15:00,1762922700000,35,since_open,hybrid,1069.4277939036692,1077.484375,1085.60515196164
2025-11-12T09:40:00,1762920600000,BANKNIFTY,2025-11-12T10:16:00,1762922760000,36,since_open,hybrid,1068.6586479639695,1074.8375,1084.8681039545952
2025-11-12T09:40:00,1762920600000,BANKNIFTY,2025-11-12T10:17:00,1762922820000,37,since_open,hybrid,1063.1589006812744,1070.15625,1082.3534644087874
2025-11-12T09:40:00,1762920600000,BANKNIFTY,2025-11-12T10:18:00,1762922880000,38,since_open,hybrid,1063.7090579169828,1070.81875,1081.3147739780882
2025-11-12T09:40:00,1762920600000,BANKNIFTY,2025-11-12T10:19:00,1762922940000,39,since_open,hybrid,1066.8400131597366,1075.9718750000002,1085.264226503537
2025-11-12T09:40:00,1762920600000,BANKNIFTY,2025-11-12T10:20:00,1762923000000,40,since_open,hybrid,1065.666894287382,1072.9531250000002,1082.389917200483
2025-11-12T09:40:00,1762920600000,BANKNIFTY,2025-11-12T10:21:00,1762923060000,41,since_open,hybrid,1065.953136401714,1072.340625,1082.692208281142
2025-11-12T09:40:00,1762920600000,BANKNIFTY,2025-11-12T10:22:00,1762923120000,42,since_open,hybrid,1065.9639462372613,1075.609375,1084.6288940759719
2025-11-12T09:40:00,1762920600000,BANKNIFTY,2025-11-12T10:23:00,1762923180000,43,since_open,hybrid,1065.5497026311539,1074.9062500000002,1085.338078112779
2025-11-12T09:40:00,1762920600000,BANKNIFTY,2025-11-12T10:24:00,1762923240000,44,since_open,hybrid,1065.060282075167,1071.7687500000002,1083.933866476133
2025-11-12T09:40:00,1762920600000,BANKNIFTY,2025-11-12T10:25:00,1762923300000,45,since_open,hybrid,1066.0779511393778,1074.2468749999998,1084.9515355403437
2025-11-12T09:40:00,1762920600000,BANKNIFTY,2025-11-12T10:26:00,1762923360000,46,since_open,hybrid,1062.961306957701,1071.9968750000003,1084.8199990955545
2025-11-12T09:40:00,1762920600000,BANKNIFTY,2025-11-12T10:27:00,1762923420000,47,since_open,hybrid,1065.1034705873017,1073.9625,1085.2288743618012
2025-11-12T09:40:00,1762920600000,BANKNIFTY,2025-11-12T10:28:00,1762923480000,48,since_open,hybrid,1058.3975407595756,1070.675,1083.7388585904646
2025-11-12T09:40:00,1762920600000,BANKNIFTY,2025-11-12T10:29:00,1762923540000,49,since_open,hybrid,1061.1254607830688,1072.9375,1084.6371964526395
2025-11-12T09:40:00,1762920600000,BANKNIFTY,2025-11-12T10:30:00,1762923600000,50,since_open,hybrid,1060.10089876271,1070.9499999999998,1082.8904309475497
2025-11-12T09:40:00,1762920600000,BANKNIFTY,2025-11-12T10:31:00,1762923660000,51,since_open,hybrid,1060.1159285473602,1071.815625,1082.4079427760523
2025-11-12T09:40:00,1762920600000,BANKNIFTY,2025-11-12T10:32:00,1762923720000,52,since_open,hybrid,1063.757710250575,1072.45625,1081.893042200483
2025-11-12T09:40:00,1762920600000,BANKNIFTY,2025-11-12T10:33:00,1762923780000,53,since_open,hybrid,1063.352937126064,1072.46875,1080.3166945340752
2025-11-12T09:40:00,1762920600000,BANKNIFTY,2025-11-12T10:34:00,1762923840000,54,since_open,hybrid,1065.7320532811134,1075.875,1084.397001119824
2025-11-12T09:40:00,1762920600000,BANKNIFTY,2025-11-12T10:35:00,1762923900000,55,since_open,hybrid,1065.5269459710144,1073.615625,1086.4708470282087
2025-11-12T09:40:00,1762920600000,BANKNIFTY,2025-11-12T10:36:00,1762923960000,56,since_open,hybrid,1064.3399514056246,1074.065625,1088.4936457282895
2025-11-12T09:40:00,1762920600000,BANKNIFTY,2025-11-12T10:37:00,1762924020000,57,since_open,hybrid,1061.9713586413332,1071.809375,1085.675681906832
2025-11-12T09:40:00,1762920600000,BANKNIFTY,2025-11-12T10:38:00,1762924080000,58,since_open,hybrid,1064.792172419715,1078.3375,1087.581704604555
2025-11-12T09:40:00,1762920600000,BANKNIFTY,2025-11-12T10:39:00,1762924140000,59,since_open,hybrid,1065.0437868167414,1076.8718749999998,1087.0469196515412
2025-11-12T09:40:00,1762920600000,BANKNIFTY,2025-11-12T10:40:00,1762924200000,60,since_open,hybrid,1061.6291332576204,1072.2375000000002,1082.6532791464515
2025-11-12T09:40:00,1762920600000,BANKNIFTY,2025-11-12T09:41:00,1762920660000,1,wide_bands,retrieval,1084.5,1084.5,1084.5000641958652
2025-11-12T09:40:00,1762920600000,BANKNIFTY,2025-11-12T09:42:00,1762920720000,2,wide_bands,retrieval,1084.5,1084.5,1084.5000641958652
2025-11-12T09:40:00,1762920600000,BANKNIFTY,2025-11-12T09:43:00,1762920780000,3,wide_bands,retrieval,1084.5,1084.5,1084.5000641958652
2025-11-12T09:40:00,1762920600000,BANKNIFTY,2025-11-12T09:44:00,1762920840000,4,wide_bands,retrieval,1084.5,1084.5,1084.5000641958652
2025-11-12T09:40:00,1762920600000,BANKNIFTY,2025-11-12T09:45:00,1762920900000,5,wide_bands,retrieval,1084.5,1084.5,1084.5000641958652
2025-11-12T09:40:00,1762920600000,BANKNIFTY,2025-11-12T09:46:00,1762920960000,6,wide_bands,retrieval,1084.5,1084.5,1084.5000641958652
2025-11-12T09:40:00,1762920600000,BANKNIFTY,2025-11-12T09:47:00,1762921020000,7,wide_bands,retrieval,1084.5,1084.5,1084.5000641958652
2025-11-12T09:40:00,1762920600000,BANKNIFTY,2025-11-12T09:48:00,1762921080000,8,wide_bands,retrieval,1084.5,1084.5,1084.5000641958652
2025-11-12T09:40:00,1762920600000,BANKNIFTY,2025-11-12T09:49:00,1762921140000,9,wide_bands,retrieval,1084.5,1084.5,1084.5000641958652
2025-11-12T09:40:00,1762920600000,BANKNIFTY,2025-11-12T09:50:00,1762921200000,10,wide_bands,retrieval,1084.5,1084.5,1084.5000641958652
2025-11-12T09:40:00,1762920600000,BANKNIFTY,2025-11-12T09:51:00,1762921260000,11,wide_bands,retrieval,1084.5,1084.5,1084.5000641958652
2025-11-12T09:40:00,1762920600000,BANKNIFTY,2025-11-12T09:52:00,1762921320000,12,wide_bands,retrieval,1084.5,1084.5,1084.5000641958652
2025-11-12T09:40:00,1762920600000,BANKNIFTY,2025-11-12T09:53:00,1762921380000,13,wide_bands,retrieval,1084.5,1084.5,1084.5000641958652
2025-11-12T09:40:00,1762920600000,BANKNIFTY,2025-11-12T09:54:00,1762921440000,14,wide_bands,retrieval,1084.5,1084.5,1084.5000641958652
2025-11-12T09:40:00,1762920600000,BANKNIFTY,2025-11-12T09:55:00,1762921500000,15,wide_bands,retrieval,1084.5,1084.5,1084.5000641958652
2025-11-12T09:40:00,1762920600000,BANKNIFTY,2025-11-12T09:56:00,1762921560000,16,wide_bands,retrieval,1084.5,1084.5,1084.5000641958652
2025-11-12T09:40:00,1762920600000,BANKNIFTY,2025-11-12T09:57:00,1762921620000,17,wide_bands,retrieval,1084.5,1084.5,1084.5000641958652
2025-11-12T09:40:00,1762920600000,BANKNIFTY,2025-11-12T09:58:00,1762921680000,18,wide_bands,retrieval,1084.5,1084.5,1084.5000641958652
2025-11-12T09:40:00,1762920600000,BANKNIFTY,2025-11-12T09:59:00,1762921740000,19,wide_bands,retrieval,1084.5,1084.5,1084.5000641958652
2025-11-12T09:40:00,1762920600000,BANKNIFTY,2025-11-12T10:00:00,1762921800000,20,wide_bands,retrieval,1084.5,1084.5,1084.5000641958652
2025-11-12T09:40:00,1762920600000,BANKNIFTY,2025-11-12T10:01:00,1762921860000,21,wide_bands,retrieval,1084.5,1084.5,1084.5000641958652
2025-11-12T09:40:00,1762920600000,BANKNIFTY,2025-11-12T10:02:00,1762921920000,22,wide_bands,retrieval,1084.5,1084.5,1084.5000641958652
2025-11-12T09:40:00,1762920600000,BANKNIFTY,2025-11-12T10:03:00,1762921980000,23,wide_bands,retrieval,1084.5,1084.5,1084.5000641958652
2025-11-12T09:40:00,1762920600000,BANKNIFTY,2025-11-12T10:04:00,1762922040000,24,wide_bands,retrieval,1084.5,1084.5,1084.5000641958652
2025-11-12T09:40:00,1762920600000,BANKNIFTY,2025-11-12T10:05:00,1762922100000,25,wide_bands,retrieval,1084.5,1084.5,1084.5000641958652
2025-11-12T09:40:00,1762920600000,BANKNIFTY,2025-11-12T10:06:00,1762922160000,26,wide_bands,retrieval,1084.5,1084.5,1084.5000641958652
2025-11-12T09:40:00,1762920600000,BANKNIFTY,2025-11-12T10:07:00,1762922220000,27,wide_bands,retrieval,1084.5,1084.5,1084.5000641958652
2025-11-12T09:40:00,1762920600000,BANKNIFTY,2025-11-12T10:08:00,1762922280000,28,wide_bands,retrieval,1084.5,1084.5,1084.5000641958652
2025-11-12T09:40:00,1762920600000,BANKNIFTY,2025-11-12T10:09:00,1762922340000,29,wide_bands,retrieval,1084.5,1084.5,1084.5000641958652
2025-11-12T09:40:00,1762920600000,BANKNIFTY,2025-11-12T10:10:00,1762922400000,30,wide_bands,retrieval,1084.5,1084.5,1084.5000641958652
2025-11-12T09:40:00,1762920600000,BANKNIFTY,2025-11-12T10:11:00,1762922460000,31,wide_bands,retrieval,1084.5,1084.5,1084.5000641958652
2025-11-12T09:40:00,1762920600000,BANKNIFTY,2025-11-12T10:12:00,1762922520000,32,wide_bands,retrieval,1084.5,1084.5,1084.5000641958652
2025-11-12T09:40:00,1762920600000,BANKNIFTY,2025-11-12T10:13:00,1762922580000,33,wide_bands,retrieval,1084.5,1084.5,1084.5000641958652
2025-11-12T09:40:00,1762920600000,BANKNIFTY,2025-11-12T10:14:00,1762922640000,34,wide_bands,retrieval,1084.5,1084.5,1084.5000641958652
2025-11-12T09:40:00,1762920600000,BANKNIFTY,2025-11-12T10:15:00,1762922700000,35,wide_bands,retrieval,1084.5,1084.5,1084.5000641958652
2025-11-12T09:40:00,1762920600000,BANKNIFTY,2025-11-12T10:16:00,1762922760000,36,wide_bands,retrieval,1084.5,1084.5,1084.5000641958652
2025-11-12T09:40:00,1762920600000,BANKNIFTY,2025-11-12T10:17:00,1762922820000,37,wide_bands,retrieval,1084.5,1084.5,1084.5000641958652
2025-11-12T09:40:00,1762920600000,BANKNIFTY,2025-11-12T10:18:00,1762922880000,38,wide_bands,retrieval,1084.5,1084.5,1084.5000641958652
2025-11-12T09:40:00,1762920600000,BANKNIFTY,2025-11-12T10:19:00,1762922940000,39,wide_bands,retrieval,1084.5,1084.5,1084.5000641958652
2025-11-12T09:40:00,1762920600000,BANKNIFTY,2025-11-12T10:20:00,1762923000000,40,wide_bands,retrieval,1084.5,1084.5,1084.5000641958652
2025-11-12T09:40:00,1762920600000,BANKNIFTY,2025-11-12T10:21:00,1762923060000,41,wide_bands,retrieval,1084.5,1084.5,1084.5000641958652
2025-11-12T09:40:00,1762920600000,BANKNIFTY,2025-11-12T10:22:00,1762923120000,42,wide_bands,retrieval,1084.5,1084.5,1084.5000641958652
2025-11-12T09:40:00,1762920600000,BANKNIFTY,2025-11-12T10:23:00,1762923180000,43,wide_bands,retrieval,1084.5,1084.5,1084.5000641958652
2025-11-12T09:40:00,1762920600000,BANKNIFTY,2025-11-12T10:24:00,1762923240000,44,wide_bands,retrieval,1084.5,1084.5,1084.5000641958652
2025-11-12T09:40:00,1762920600000,BANKNIFTY,2025-11-12T10:25:00,1762923300000,45,wide_bands,retrieval,1084.5,1084.5,1084.5000641958652
2025-11-12T09:40:00,1762920600000,BANKNIFTY,2025-11-12T10:26:00,1762923360000,46,wide_bands,retrieval,1084.5,1084.5,1084.5000641958652
2025-11-12T09:40:00,1762920600000,BANKNIFTY,2025-11-12T10:27:00,1762923420000,47,wide_bands,retrieval,1084.5,1084.5,1084.5000641958652
2025-11-12T09:40:00,1762920600000,BANKNIFTY,2025-11-12T10:28:00,1762923480000,48,wide_bands,retrieval,1084.5,1084.5,1084.5000641958652
2025-11-12T09:40:00,1762920600000,BANKNIFTY,2025-11-12T10:29:00,1762923540000,49,wide_bands,retrieval,1084.5,1084.5,1084.5000641958652
2025-11-12T09:40:00,1762920600000,BANKNIFTY,2025-11-12T10:30:00,1762923600000,50,wide_bands,retrieval,1084.5,1084.5,1084.5000641958652
2025-11-12T09:40:00,1762920600000,BANKNIFTY,2025-11-12T10:31:00,1762923660000,51,wide_bands,retrieval,1084.5,1084.5,1084.5000641958652
2025-11-12T09:40:00,1762920600000,BANKNIFTY,2025-11-12T10:32:00,1762923720000,52,wide_bands,retrieval,1084.5,1084.5,1084.5000641958652
2025-11-12T09:40:00,1762920600000,BANKNIFTY,2025-11-12T10:33:00,1762923780000,53,wide_bands,retrieval,1084.5,1084.5,1084.5000641958652
2025-11-12T09:40:00,1762920600000,BANKNIFTY,2025-11-12T10:34:00,1762923840000,54,wide_bands,retrieval,1084.5,1084.5,1084.5000641958652
2025-11-12T09:40:00,1762920600000,BANKNIFTY,2025-11-12T10:35:00,1762923900000,55,wide_bands,retrieval,1084.5,1084.5,1084.5000641958652
2025-11-12T09:40:00,1762920600000,BANKNIFTY,2025-11-12T10:36:00,1762923960000,56,wide_bands,retrieval,1084.5,1084.5,1084.5000641958652
2025-11-12T09:40:00,1762920600000,BANKNIFTY,2025-11-12T10:37:00,1762924020000,57,wide_bands,retrieval,1084.5,1084.5,1084.5000641958652
2025-11-12T09:40:00,1762920600000,BANKNIFTY,2025-11-12T10:38:00,1762924080000,58,wide_bands,retrieval,1084.5,1084.5,1084.5000641958652
2025-11-12T09:40:00,1762920600000,BANKNIFTY,2025-11-12T10:39:00,1762924140000,59,wide_bands,retrieval,1084.5,1084.5,1084.5000641958652
2025-11-12T09:40:00,1762920600000,BANKNIFTY,2025-11-12T10:40:00,1762924200000,60,wide_bands,retrieval,1084.5,1084.5,1084.5000641958652
2025-11-12T09:40:00,1762920600000,BANKNIFTY,2025-11-12T09:41:00,1762920660000,1,retrieval_only,retrieval,1084.5,1084.5,1084.5000641958652
2025-11-12T09:40:00,1762920600000,BANKNIFTY,2025-11-12T09:42:00,1762920720000,2,retrieval_only,retrieval,1084.5,1084.5,1084.5000641958652
2025-11-12T09:40:00,1762920600000,BANKNIFTY,2025-11-12T09:43:00,1762920780000,3,retrieval_only,retrieval,1084.5,1084.5,1084.5000641958652
2025-11-12T09:40:00,1762920600000,BANKNIFTY,2025-11-12T09:44:00,1762920840000,4,retrieval_only,retrieval,1084.5,1084.5,1084.5000641958652
2025-11-12T09:40:00,1762920600000,BANKNIFTY,2025-11-12T09:45:00,1762920900000,5,retrieval_only,retrieval,1084.5,1084.5,1084.5000641958652
2025-11-12T09:40:00,1762920600000,BANKNIFTY,2025-11-12T09:46:00,1762920960000,6,retrieval_only,retrieval,1084.5,1084.5,1084.5000641958652
2025-11-12T09:40:00,1762920600000,BANKNIFTY,2025-11-12T09:47:00,1762921020000,7,retrieval_only,retrieval,1084.5,1084.5,1084.5000641958652
2025-11-12T09:40:00,1762920600000,BANKNIFTY,2025-11-12T09:48:00,1762921080000,8,retrieval_only,retrieval,1084.5,1084.5,1084.5000641958652
2025-11-12T09:40:00,1762920600000,BANKNIFTY,2025-11-12T09:49:00,1762921140000,9,retrieval_only,retrieval,1084.5,1084.5,1084.5000641958652
2025-11-12T09:40:00,1762920600000,BANKNIFTY,2025-11-12T09:50:00,1762921200000,10,retrieval_only,retrieval,1084.5,1084.5,1084.5000641958652
2025-11-12T09:40:00,1762920600000,BANKNIFTY,2025-11-12T09:51:00,1762921260000,11,retrieval_only,retrieval,1084.5,1084.5,1084.5000641958652
2025-11-12T09:40:00,1762920600000,BANKNIFTY,2025-11-12T09:52:00,1762921320000,12,retrieval_only,retrieval,1084.5,1084.5,1084.5000641958652
2025-11-12T09:40:00,1762920600000,BANKNIFTY,2025-11-12T09:53:00,1762921380000,13,retrieval_only,retrieval,1084.5,1084.5,1084.5000641958652
2025-11-12T09:40:00,1762920600000,BANKNIFTY,2025-11-12T09:54:00,1762921440000,14,retrieval_only,retrieval,1084.5,1084.5,1084.5000641958652
2025-11-12T09:40:00,1762920600000,BANKNIFTY,2025-11-12T09:55:00,1762921500000,15,retrieval_only,retrieval,1084.5,1084.5,1084.5000641958652
2025-11-12T09:40:00,1762920600000,BANKNIFTY,2025-11-12T09:56:00,1762921560000,16,retrieval_only,retrieval,1084.5,1084.5,1084.5000641958652
2025-11-12T09:40:00,1762920600000,BANKNIFTY,2025-11-12T09:57:00,1762921620000,17,retrieval_only,retrieval,1084.5,1084.5,1084.5000641958652
2025-11-12T09:40:00,1762920600000,BANKNIFTY,2025-11-12T09:58:00,1762921680000,18,retrieval_only,retrieval,1084.5,1084.5,1084.5000641958652
2025-11-12T09:40:00,1762920600000,BANKNIFTY,2025-11-12T09:59:00,1762921740000,19,retrieval_only,retrieval,1084.5,1084.5,1084.5000641958652
2025-11-12T09:40:00,1762920600000,BANKNIFTY,2025-11-12T10:00:00,1762921800000,20,retrieval_only,retrieval,1084.5,1084.5,1084.5000641958652
2025-11-12T09:40:00,1762920600000,BANKNIFTY,2025-11-12T10:01:00,1762921860000,21,retrieval_only,retrieval,1084.5,1084.5,1084.5000641958652
2025-11-12T09:40:00,1762920600000,BANKNIFTY,2025-11-12T10:02:00,1762921920000,22,retrieval_only,retrieval,1084.5,1084.5,1084.5000641958652
2025-11-12T09:40:00,1762920600000,BANKNIFTY,2025-11-12T10:03:00,1762921980000,23,retrieval_only,retrieval,1084.5,1084.5,1084.5000641958652
2025-11-12T09:40:00,1762920600000,BANKNIFTY,2025-11-12T10:04:00,1762922040000,24,retrieval_only,retrieval,1084.5,1084.5,1084.5000641958652
2025-11-12T09:40:00,1762920600000,BANKNIFTY,2025-11-12T10:05:00,1762922100000,25,retrieval_only,retrieval,1084.5,1084.5,1084.5000641958652
2025-11-12T09:40:00,1762920600000,BANKNIFTY,2025-11-12T10:06:00,1762922160000,26,retrieval_only,retrieval,1084.5,1084.5,1084.5000641958652
2025-11-12T09:40:00,1762920600000,BANKNIFTY,2025-11-12T10:07:00,1762922220000,27,retrieval_only,retrieval,1084.5,1084.5,1084.5000641958652
2025-11-12T09:40:00,1762920600000,BANKNIFTY,2025-11-12T10:08:00,1762922280000,28,retrieval_only,retrieval,1084.5,1084.5,1084.5000641958652
2025-11-12T09:40:00,1762920600000,BANKNIFTY,2025-11-12T10:09:00,1762922340000,29,retrieval_only,retrieval,1084.5,1084.5,1084.5000641958652
2025-11-12T09:40:00,1762920600000,BANKNIFTY,2025-11-12T10:10:00,1762922400000,30,retrieval_only,retrieval,1084.5,1084.5,1084.5000641958652
2025-11-12T09:40:00,1762920600000,BANKNIFTY,2025-11-12T10:11:00,1762922460000,31,retrieval_only,retrieval,1084.5,1084.5,1084.5000641958652
2025-11-12T09:40:00,1762920600000,BANKNIFTY,2025-11-12T10:12:00,1762922520000,32,retrieval_only,retrieval,1084.5,1084.5,1084.5000641958652
2025-11-12T09:40:00,1762920600000,BANKNIFTY,2025-11-12T10:13:00,1762922580000,33,retrieval_only,retrieval,1084.5,1084.5,1084.5000641958652
2025-11-12T09:40:00,1762920600000,BANKNIFTY,2025-11-12T10:14:00,1762922640000,34,retrieval_only,retrieval,1084.5,1084.5,1084.5000641958652
2025-11-12T09:40:00,1762920600000,BANKNIFTY,2025-11-12T10:15:00,1762922700000,35,retrieval_only,retrieval,1084.5,1084.5,1084.5000641958652
2025-11-12T09:40:00,1762920600000,BANKNIFTY,2025-11-12T10:16:00,1762922760000,36,retrieval_only,retrieval,1084.5,1084.5,1084.5000641958652
2025-11-12T09:40:00,1762920600000,BANKNIFTY,2025-11-12T10:17:00,1762922820000,37,retrieval_only,retrieval,1084.5,1084.5,1084.5000641958652
2025-11-12T09:40:00,1762920600000,BANKNIFTY,2025-11-12T10:18:00,1762922880000,38,retrieval_only,retrieval,1084.5,1084.5,1084.5000641958652
2025-11-12T09:40:00,1762920600000,BANKNIFTY,2025-11-12T10:19:00,1762922940000,39,retrieval_only,retrieval,1084.5,1084.5,1084.5000641958652
2025-11-12T09:40:00,1762920600000,BANKNIFTY,2025-11-12T10:20:00,1762923000000,40,retrieval_only,retrieval,1084.5,1084.5,1084.5000641958652
2025-11-12T09:40:00,1762920600000,BANKNIFTY,2025-11-12T10:21:00,1762923060000,41,retrieval_only,retrieval,1084.5,1084.5,1084.5000641958652
2025-11-12T09:40:00,1762920600000,BANKNIFTY,2025-11-12T10:22:00,1762923120000,42,retrieval_only,retrieval,1084.5,1084.5,1084.5000641958652
2025-11-12T09:40:00,1762920600000,BANKNIFTY,2025-11-12T10:23:00,1762923180000,43,retrieval_only,retrieval,1084.5,1084.5,1084.5000641958652
2025-11-12T09:40:00,1762920600000,BANKNIFTY,2025-11-12T10:24:00,1762923240000,44,retrieval_only,retrieval,1084.5,1084.5,1084.5000641958652
2025-11-12T09:40:00,1762920600000,BANKNIFTY,2025-11-12T10:25:00,1762923300000,45,retrieval_only,retrieval,1084.5,1084.5,1084.5000641958652
2025-11-12T09:40:00,1762920600000,BANKNIFTY,2025-11-12T10:26:00,1762923360000,46,retrieval_only,retrieval,1084.5,1084.5,1084.5000641958652
2025-11-12T09:40:00,1762920600000,BANKNIFTY,2025-11-12T10:27:00,1762923420000,47,retrieval_only,retrieval,1084.5,1084.5,1084.5000641958652
2025-11-12T09:40:00,1762920600000,BANKNIFTY,2025-11-12T10:28:00,1762923480000,48,retrieval_only,retrieval,1084.5,1084.5,1084.5000641958652
2025-11-12T09:40:00,1762920600000,BANKNIFTY,2025-11-12T10:29:00,1762923540000,49,retrieval_only,retrieval,1084.5,1084.5,1084.5000641958652
2025-11-12T09:40:00,1762920600000,BANKNIFTY,2025-11-12T10:30:00,1762923600000,50,retrieval_only,retrieval,1084.5,1084.5,1084.5000641958652
2025-11-12T09:40:00,1762920600000,BANKNIFTY,2025-11-12T10:31:00,1762923660000,51,retrieval_only,retrieval,1084.5,1084.5,1084.5000641958652
2025-11-12T09:40:00,1762920600000,BANKNIFTY,2025-11-12T10:32:00,1762923720000,52,retrieval_only,retrieval,1084.5,1084.5,1084.5000641958652
2025-11-12T09:40:00,1762920600000,BANKNIFTY,2025-11-12T10:33:00,1762923780000,53,retrieval_only,retrieval,1084.5,1084.5,1084.5000641958652
2025-11-12T09:40:00,1762920600000,BANKNIFTY,2025-11-12T10:34:00,1762923840000,54,retrieval_only,retrieval,1084.5,1084.5,1084.5000641958652
2025-11-12T09:40:00,1762920600000,BANKNIFTY,2025-11-12T10:35:00,1762923900000,55,retrieval_only,retrieval,1084.5,1084.5,1084.5000641958652
2025-11-12T09:40:00,1762920600000,BANKNIFTY,2025-11-12T10:36:00,1762923960000,56,retrieval_only,retrieval,1084.5,1084.5,1084.5000641958652
2025-11-12T09:40:00,1762920600000,BANKNIFTY,2025-11-12T10:37:00,1762924020000,57,retrieval_only,retrieval,1084.5,1084.5,1084.5000641958652
2025-11-12T09:40:00,1762920600000,BANKNIFTY,2025-11-12T10:38:00,1762924080000,58,retrieval_only,retrieval,1084.5,1084.5,1084.5000641958652
2025-11-12T09:40:00,1762920600000,BANKNIFTY,2025-11-12T10:39:00,1762924140000,59,retrieval_only,retrieval,1084.5,1084.5,1084.5000641958652
2025-11-12T09:40:00,1762920600000,BANKNIFTY,2025-11-12T10:40:00,1762924200000,60,retrieval_only,retrieval,1084.5,1084.5,1084.5000641958652
2025-11-12T09:40:30,1762920630000,BANKNIFTY,2025-11-12T09:41:30,1762920690000,1,conservative,retrieval,1084.05,1084.05,1084.0500641958652
2025-11-12T09:40:30,1762920630000,BANKNIFTY,2025-11-12T09:42:30,1762920750000,2,conservative,retrieval,1084.05,1084.05,1084.0500641958652
2025-11-12T09:40:30,1762920630000,BANKNIFTY,2025-11-12T09:43:30,1762920810000,3,conservative,retrieval,1084.05,1084.05,1084.0500641958652
2025-11-12T09:40:30,1762920630000,BANKNIFTY,2025-11-12T09:44:30,1762920870000,4,conservative,retrieval,1084.05,1084.05,1084.0500641958652
2025-11-12T09:40:30,1762920630000,BANKNIFTY,2025-11-12T09:45:30,1762920930000,5,conservative,retrieval,1084.05,1084.05,1084.0500641958652
2025-11-12T09:40:30,1762920630000,BANKNIFTY,2025-11-12T09:46:30,1762920990000,6,conservative,retrieval,1084.05,1084.05,1084.0500641958652
2025-11-12T09:40:30,1762920630000,BANKNIFTY,2025-11-12T09:47:30,1762921050000,7,conservative,retrieval,1084.05,1084.05,1084.0500641958652
2025-11-12T09:40:30,1762920630000,BANKNIFTY,2025-11-12T09:48:30,1762921110000,8,conservative,retrieval,1084.05,1084.05,1084.0500641958652
2025-11-12T09:40:30,1762920630000,BANKNIFTY,2025-11-12T09:49:30,1762921170000,9,conservative,retrieval,1084.05,1084.05,1084.0500641958652
2025-11-12T09:40:30,1762920630000,BANKNIFTY,2025-11-12T09:50:30,1762921230000,10,conservative,retrieval,1084.05,1084.05,1084.0500641958652
2025-11-12T09:40:30,1762920630000,BANKNIFTY,2025-11-12T09:51:30,1762921290000,11,conservative,retrieval,1084.05,1084.05,1084.0500641958652
2025-11-12T09:40:30,1762920630000,BANKNIFTY,2025-11-12T09:52:30,1762921350000,12,conservative,retrieval,1084.05,1084.05,1084.0500641958652
2025-11-12T09:40:30,1762920630000,BANKNIFTY,2025-11-12T09:53:30,1762921410000,13,conservative,retrieval,1084.05,1084.05,1084.0500641958652
2025-11-12T09:40:30,1762920630000,BANKNIFTY,2025-11-12T09:54:30,1762921470000,14,conservative,retrieval,1084.05,1084.05,1084.0500641958652
2025-11-12T09:40:30,1762920630000,BANKNIFTY,2025-11-12T09:55:30,1762921530000,15,conservative,retrieval,1084.05,1084.05,1084.0500641958652
2025-11-12T09:40:30,1762920630000,BANKNIFTY,2025-11-12T09:56:30,1762921590000,16,conservative,retrieval,1084.05,1084.05,1084.0500641958652
2025-11-12T09:40:30,1762920630000,BANKNIFTY,2025-11-12T09:57:30,1762921650000,17,conservative,retrieval,1084.05,1084.05,1084.0500641958652
2025-11-12T09:40:30,1762920630000,BANKNIFTY,2025-11-12T09:58:30,1762921710000,18,conservative,retrieval,1084.05,1084.05,1084.0500641958652
2025-11-12T09:40:30,1762920630000,BANKNIFTY,2025-11-12T09:59:30,1762921770000,19,conservative,retrieval,1084.05,1084.05,1084.0500641958652
2025-11-12T09:40:30,1762920630000,BANKNIFTY,2025-11-12T10:00:30,1762921830000,20,conservative,retrieval,1084.05,1084.05,1084.0500641958652
2025-11-12T09:40:30,1762920630000,BANKNIFTY,2025-11-12T10:01:30,1762921890000,21,conservative,retrieval,1084.05,1084.05,1084.0500641958652
2025-11-12T09:40:30,1762920630000,BANKNIFTY,2025-11-12T10:02:30,1762921950000,22,conservative,retrieval,1084.05,1084.05,1084.0500641958652
2025-11-12T09:40:30,1762920630000,BANKNIFTY,2025-11-12T10:03:30,1762922010000,23,conservative,retrieval,1084.05,1084.05,1084.0500641958652
2025-11-12T09:40:30,1762920630000,BANKNIFTY,2025-11-12T10:04:30,1762922070000,24,conservative,retrieval,1084.05,1084.05,1084.0500641958652
2025-11-12T09:40:30,1762920630000,BANKNIFTY,2025-11-12T10:05:30,1762922130000,25,conservative,retrieval,1084.05,1084.05,1084.0500641958652
2025-11-12T09:40:30,1762920630000,BANKNIFTY,2025-11-12T10:06:30,1762922190000,26,conservative,retrieval,1084.05,1084.05,1084.0500641958652
2025-11-12T09:40:30,1762920630000,BANKNIFTY,2025-11-12T10:07:30,1762922250000,27,conservative,retrieval,1084.05,1084.05,1084.0500641958652
2025-11-12T09:40:30,1762920630000,BANKNIFTY,2025-11-12T10:08:30,1762922310000,28,conservative,retrieval,1084.05,1084.05,1084.0500641958652
2025-11-12T09:40:30,1762920630000,BANKNIFTY,2025-11-12T10:09:30,1762922370000,29,conservative,retrieval,1084.05,1084.05,1084.0500641958652
2025-11-12T09:40:30,1762920630000,BANKNIFTY,2025-11-12T10:10:30,1762922430000,30,conservative,retrieval,1084.05,1084.05,1084.0500641958652
2025-11-12T09:40:30,1762920630000,BANKNIFTY,2025-11-12T10:11:30,1762922490000,31,conservative,retrieval,1084.05,1084.05,1084.0500641958652
2025-11-12T09:40:30,1762920630000,BANKNIFTY,2025-11-12T10:12:30,1762922550000,32,conservative,retrieval,1084.05,1084.05,1084.0500641958652
2025-11-12T09:40:30,1762920630000,BANKNIFTY,2025-11-12T10:13:30,1762922610000,33,conservative,retrieval,1084.05,1084.05,1084.0500641958652
2025-11-12T09:40:30,1762920630000,BANKNIFTY,2025-11-12T10:14:30,1762922670000,34,conservative,retrieval,1084.05,1084.05,1084.0500641958652
2025-11-12T09:40:30,1762920630000,BANKNIFTY,2025-11-12T10:15:30,1762922730000,35,conservative,retrieval,1084.05,1084.05,1084.0500641958652
2025-11-12T09:40:30,1762920630000,BANKNIFTY,2025-11-12T10:16:30,1762922790000,36,conservative,retrieval,1084.05,1084.05,1084.0500641958652
2025-11-12T09:40:30,1762920630000,BANKNIFTY,2025-11-12T10:17:30,1762922850000,37,conservative,retrieval,1084.05,1084.05,1084.0500641958652
2025-11-12T09:40:30,1762920630000,BANKNIFTY,2025-11-12T10:18:30,1762922910000,38,conservative,retrieval,1084.05,1084.05,1084.0500641958652
2025-11-12T09:40:30,1762920630000,BANKNIFTY,2025-11-12T10:19:30,1762922970000,39,conservative,retrieval,1084.05,1084.05,1084.0500641958652
2025-11-12T09:40:30,1762920630000,BANKNIFTY,2025-11-12T10:20:30,1762923030000,40,conservative,retrieval,1084.05,1084.05,1084.0500641958652
2025-11-12T09:40:30,1762920630000,BANKNIFTY,2025-11-12T10:21:30,1762923090000,41,conservative,retrieval,1084.05,1084.05,1084.0500641958652
2025-11-12T09:40:30,1762920630000,BANKNIFTY,2025-11-12T10:22:30,1762923150000,42,conservative,retrieval,1084.05,1084.05,1084.0500641958652
2025-11-12T09:40:30,1762920630000,BANKNIFTY,2025-11-12T10:23:30,1762923210000,43,conservative,retrieval,1084.05,1084.05,1084.0500641958652
2025-11-12T09:40:30,1762920630000,BANKNIFTY,2025-11-12T10:24:30,1762923270000,44,conservative,retrieval,1084.05,1084.05,1084.0500641958652
2025-11-12T09:40:30,1762920630000,BANKNIFTY,2025-11-12T10:25:30,1762923330000,45,conservative,retrieval,1084.05,1084.05,1084.0500641958652
2025-11-12T09:40:30,1762920630000,BANKNIFTY,2025-11-12T10:26:30,1762923390000,46,conservative,retrieval,1084.05,1084.05,1084.0500641958652
2025-11-12T09:40:30,1762920630000,BANKNIFTY,2025-11-12T10:27:30,1762923450000,47,conservative,retrieval,1084.05,1084.05,1084.0500641958652
2025-11-12T09:40:30,1762920630000,BANKNIFTY,2025-11-12T10:28:30,1762923510000,48,conservative,retrieval,1084.05,1084.05,1084.0500641958652
2025-11-12T09:40:30,1762920630000,BANKNIFTY,2025-11-12T10:29:30,1762923570000,49,conservative,retrieval,1084.05,1084.05,1084.0500641958652
2025-11-12T09:40:30,1762920630000,BANKNIFTY,2025-11-12T10:30:30,1762923630000,50,conservative,retrieval,1084.05,1084.05,1084.0500641958652
2025-11-12T09:40:30,1762920630000,BANKNIFTY,2025-11-12T10:31:30,1762923690000,51,conservative,retrieval,1084.05,1084.05,1084.0500641958652
2025-11-12T09:40:30,1762920630000,BANKNIFTY,2025-11-12T10:32:30,1762923750000,52,conservative,retrieval,1084.05,1084.05,1084.0500641958652
2025-11-12T09:40:30,1762920630000,BANKNIFTY,2025-11-12T10:33:30,1762923810000,53,conservative,retrieval,1084.05,1084.05,1084.0500641958652
2025-11-12T09:40:30,1762920630000,BANKNIFTY,2025-11-12T10:34:30,1762923870000,54,conservative,retrieval,1084.05,1084.05,1084.0500641958652
2025-11-12T09:40:30,1762920630000,BANKNIFTY,2025-11-12T10:35:30,1762923930000,55,conservative,retrieval,1084.05,1084.05,1084.0500641958652
2025-11-12T09:40:30,1762920630000,BANKNIFTY,2025-11-12T10:36:30,1762923990000,56,conservative,retrieval,1084.05,1084.05,1084.0500641958652
2025-11-12T09:40:30,1762920630000,BANKNIFTY,2025-11-12T10:37:30,1762924050000,57,conservative,retrieval,1084.05,1084.05,1084.0500641958652
2025-11-12T09:40:30,1762920630000,BANKNIFTY,2025-11-12T10:38:30,1762924110000,58,conservative,retrieval,1084.05,1084.05,1084.0500641958652
2025-11-12T09:40:30,1762920630000,BANKNIFTY,2025-11-12T10:39:30,1762924170000,59,conservative,retrieval,1084.05,1084.05,1084.0500641958652
2025-11-12T09:40:30,1762920630000,BANKNIFTY,2025-11-12T10:40:30,1762924230000,60,conservative,retrieval,1084.05,1084.05,1084.0500641958652
2025-11-12T09:40:30,1762920630000,BANKNIFTY,2025-11-12T09:41:30,1762920690000,1,high_variance,retrieval,1084.05,1084.05,1084.0500641958652
2025-11-12T09:40:30,1762920630000,BANKNIFTY,2025-11-12T09:42:30,1762920750000,2,high_variance,retrieval,1084.05,1084.05,1084.0500641958652
2025-11-12T09:40:30,1762920630000,BANKNIFTY,2025-11-12T09:43:30,1762920810000,3,high_variance,retrieval,1084.05,1084.05,1084.0500641958652
2025-11-12T09:40:30,1762920630000,BANKNIFTY,2025-11-12T09:44:30,1762920870000,4,high_variance,retrieval,1084.05,1084.05,1084.0500641958652
2025-11-12T09:40:30,1762920630000,BANKNIFTY,2025-11-12T09:45:30,1762920930000,5,high_variance,retrieval,1084.05,1084.05,1084.0500641958652
2025-11-12T09:40:30,1762920630000,BANKNIFTY,2025-11-12T09:46:30,1762920990000,6,high_variance,retrieval,1084.05,1084.05,1084.0500641958652
2025-11-12T09:40:30,1762920630000,BANKNIFTY,2025-11-12T09:47:30,1762921050000,7,high_variance,retrieval,1084.05,1084.05,1084.0500641958652
2025-11-12T09:40:30,1762920630000,BANKNIFTY,2025-11-12T09:48:30,1762921110000,8,high_variance,retrieval,1084.05,1084.05,1084.0500641958652
2025-11-12T09:40:30,1762920630000,BANKNIFTY,2025-11-12T09:49:30,1762921170000,9,high_variance,retrieval,1084.05,1084.05,1084.0500641958652
2025-11-12T09:40:30,1762920630000,BANKNIFTY,2025-11-12T09:50:30,1762921230000,10,high_variance,retrieval,1084.05,1084.05,1084.0500641958652
2025-11-12T09:40:30,1762920630000,BANKNIFTY,2025-11-12T09:51:30,1762921290000,11,high_variance,retrieval,1084.05,1084.05,1084.0500641958652
2025-11-12T09:40:30,1762920630000,BANKNIFTY,2025-11-12T09:52:30,1762921350000,12,high_variance,retrieval,1084.05,1084.05,1084.0500641958652
2025-11-12T09:40:30,1762920630000,BANKNIFTY,2025-11-12T09:53:30,1762921410000,13,high_variance,retrieval,1084.05,1084.05,1084.0500641958652
2025-11-12T09:40:30,1762920630000,BANKNIFTY,2025-11-12T09:54:30,1762921470000,14,high_variance,retrieval,1084.05,1084.05,1084.0500641958652
2025-11-12T09:40:30,1762920630000,BANKNIFTY,2025-11-12T09:55:30,1762921530000,15,high_variance,retrieval,1084.05,1084.05,1084.0500641958652
2025-11-12T09:40:30,1762920630000,BANKNIFTY,2025-11-12T09:56:30,1762921590000,16,high_variance,retrieval,1084.05,1084.05,1084.0500641958652
2025-11-12T09:40:30,1762920630000,BANKNIFTY,2025-11-12T09:57:30,1762921650000,17,high_variance,retrieval,1084.05,1084.05,1084.0500641958652
2025-11-12T09:40:30,1762920630000,BANKNIFTY,2025-11-12T09:58:30,1762921710000,18,high_variance,retrieval,1084.05,1084.05,1084.0500641958652
2025-11-12T09:40:30,1762920630000,BANKNIFTY,2025-11-12T09:59:30,1762921770000,19,high_variance,retrieval,1084.05,1084.05,1084.0500641958652
2025-11-12T09:40:30,1762920630000,BANKNIFTY,2025-11-12T10:00:30,1762921830000,20,high_variance,retrieval,1084.05,1084.05,1084.0500641958652
2025-11-12T09:40:30,1762920630000,BANKNIFTY,2025-11-12T10:01:30,1762921890000,21,high_variance,retrieval,1084.05,1084.05,1084.0500641958652
2025-11-12T09:40:30,1762920630000,BANKNIFTY,2025-11-12T10:02:30,1762921950000,22,high_variance,retrieval,1084.05,1084.05,1084.0500641958652
2025-11-12T09:40:30,1762920630000,BANKNIFTY,2025-11-12T10:03:30,1762922010000,23,high_variance,retrieval,1084.05,1084.05,1084.0500641958652
2025-11-12T09:40:30,1762920630000,BANKNIFTY,2025-11-12T10:04:30,1762922070000,24,high_variance,retrieval,1084.05,1084.05,1084.0500641958652
2025-11-12T09:40:30,1762920630000,BANKNIFTY,2025-11-12T10:05:30,1762922130000,25,high_variance,retrieval,1084.05,1084.05,1084.0500641958652
2025-11-12T09:40:30,1762920630000,BANKNIFTY,2025-11-12T10:06:30,1762922190000,26,high_variance,retrieval,1084.05,1084.05,1084.0500641958652
2025-11-12T09:40:30,1762920630000,BANKNIFTY,2025-11-12T10:07:30,1762922250000,27,high_variance,retrieval,1084.05,1084.05,1084.0500641958652
2025-11-12T09:40:30,1762920630000,BANKNIFTY,2025-11-12T10:08:30,1762922310000,28,high_variance,retrieval,1084.05,1084.05,1084.0500641958652
2025-11-12T09:40:30,1762920630000,BANKNIFTY,2025-11-12T10:09:30,1762922370000,29,high_variance,retrieval,1084.05,1084.05,1084.0500641958652
2025-11-12T09:40:30,1762920630000,BANKNIFTY,2025-11-12T10:10:30,1762922430000,30,high_variance,retrieval,1084.05,1084.05,1084.0500641958652
2025-11-12T09:40:30,1762920630000,BANKNIFTY,2025-11-12T10:11:30,1762922490000,31,high_variance,retrieval,1084.05,1084.05,1084.0500641958652
2025-11-12T09:40:30,1762920630000,BANKNIFTY,2025-11-12T10:12:30,1762922550000,32,high_variance,retrieval,1084.05,1084.05,1084.0500641958652
2025-11-12T09:40:30,1762920630000,BANKNIFTY,2025-11-12T10:13:30,1762922610000,33,high_variance,retrieval,1084.05,1084.05,1084.0500641958652
2025-11-12T09:40:30,1762920630000,BANKNIFTY,2025-11-12T10:14:30,1762922670000,34,high_variance,retrieval,1084.05,1084.05,1084.0500641958652
2025-11-12T09:40:30,1762920630000,BANKNIFTY,2025-11-12T10:15:30,1762922730000,35,high_variance,retrieval,1084.05,1084.05,1084.0500641958652
2025-11-12T09:40:30,1762920630000,BANKNIFTY,2025-11-12T10:16:30,1762922790000,36,high_variance,retrieval,1084.05,1084.05,1084.0500641958652
2025-11-12T09:40:30,1762920630000,BANKNIFTY,2025-11-12T10:17:30,1762922850000,37,high_variance,retrieval,1084.05,1084.05,1084.0500641958652
2025-11-12T09:40:30,1762920630000,BANKNIFTY,2025-11-12T10:18:30,1762922910000,38,high_variance,retrieval,1084.05,1084.05,1084.0500641958652
2025-11-12T09:40:30,1762920630000,BANKNIFTY,2025-11-12T10:19:30,1762922970000,39,high_variance,retrieval,1084.05,1084.05,1084.0500641958652
2025-11-12T09:40:30,1762920630000,BANKNIFTY,2025-11-12T10:20:30,1762923030000,40,high_variance,retrieval,1084.05,1084.05,1084.0500641958652
2025-11-12T09:40:30,1762920630000,BANKNIFTY,2025-11-12T10:21:30,1762923090000,41,high_variance,retrieval,1084.05,1084.05,1084.0500641958652
2025-11-12T09:40:30,1762920630000,BANKNIFTY,2025-11-12T10:22:30,1762923150000,42,high_variance,retrieval,1084.05,1084.05,1084.0500641958652
2025-11-12T09:40:30,1762920630000,BANKNIFTY,2025-11-12T10:23:30,1762923210000,43,high_variance,retrieval,1084.05,1084.05,1084.0500641958652
2025-11-12T09:40:30,1762920630000,BANKNIFTY,2025-11-12T10:24:30,1762923270000,44,high_variance,retrieval,1084.05,1084.05,1084.0500641958652
2025-11-12T09:40:30,1762920630000,BANKNIFTY,2025-11-12T10:25:30,1762923330000,45,high_variance,retrieval,1084.05,1084.05,1084.0500641958652
2025-11-12T09:40:30,1762920630000,BANKNIFTY,2025-11-12T10:26:30,1762923390000,46,high_variance,retrieval,1084.05,1084.05,1084.0500641958652
2025-11-12T09:40:30,1762920630000,BANKNIFTY,2025-11-12T10:27:30,1762923450000,47,high_variance,retrieval,1084.05,1084.05,1084.0500641958652
2025-11-12T09:40:30,1762920630000,BANKNIFTY,2025-11-12T10:28:30,1762923510000,48,high_variance,retrieval,1084.05,1084.05,1084.0500641958652
2025-11-12T09:40:30,1762920630000,BANKNIFTY,2025-11-12T10:29:30,1762923570000,49,high_variance,retrieval,1084.05,1084.05,1084.0500641958652
2025-11-12T09:40:30,1762920630000,BANKNIFTY,2025-11-12T10:30:30,1762923630000,50,high_variance,retrieval,1084.05,1084.05,1084.0500641958652
2025-11-12T09:40:30,1762920630000,BANKNIFTY,2025-11-12T10:31:30,1762923690000,51,high_variance,retrieval,1084.05,1084.05,1084.0500641958652
2025-11-12T09:40:30,1762920630000,BANKNIFTY,2025-11-12T10:32:30,1762923750000,52,high_variance,retrieval,1084.05,1084.05,1084.0500641958652
2025-11-12T09:40:30,1762920630000,BANKNIFTY,2025-11-12T10:33:30,1762923810000,53,high_variance,retrieval,1084.05,1084.05,1084.0500641958652
2025-11-12T09:40:30,1762920630000,BANKNIFTY,2025-11-12T10:34:30,1762923870000,54,high_variance,retrieval,1084.05,1084.05,1084.0500641958652
2025-11-12T09:40:30,1762920630000,BANKNIFTY,2025-11-12T10:35:30,1762923930000,55,high_variance,retrieval,1084.05,1084.05,1084.0500641958652
2025-11-12T09:40:30,1762920630000,BANKNIFTY,2025-11-12T10:36:30,1762923990000,56,high_variance,retrieval,1084.05,1084.05,1084.0500641958652
2025-11-12T09:40:30,1762920630000,BANKNIFTY,2025-11-12T10:37:30,1762924050000,57,high_variance,retrieval,1084.05,1084.05,1084.0500641958652
2025-11-12T09:40:30,1762920630000,BANKNIFTY,2025-11-12T10:38:30,1762924110000,58,high_variance,retrieval,1084.05,1084.05,1084.0500641958652
2025-11-12T09:40:30,1762920630000,BANKNIFTY,2025-11-12T10:39:30,1762924170000,59,high_variance,retrieval,1084.05,1084.05,1084.0500641958652
2025-11-12T09:40:30,1762920630000,BANKNIFTY,2025-11-12T10:40:30,1762924230000,60,high_variance,retrieval,1084.05,1084.05,1084.0500641958652
2025-11-12T09:40:30,1762920630000,BANKNIFTY,2025-11-12T09:41:30,1762920690000,1,optimized,retrieval,1084.05,1084.05,1084.0500641958652
2025-11-12T09:40:30,1762920630000,BANKNIFTY,2025-11-12T09:42:30,1762920750000,2,optimized,retrieval,1084.05,1084.05,1084.0500641958652
2025-11-12T09:40:30,1762920630000,BANKNIFTY,2025-11-12T09:43:30,1762920810000,3,optimized,retrieval,1084.05,1084.05,1084.0500641958652
2025-11-12T09:40:30,1762920630000,BANKNIFTY,2025-11-12T09:44:30,1762920870000,4,optimized,retrieval,1084.05,1084.05,1084.0500641958652
2025-11-12T09:40:30,1762920630000,BANKNIFTY,2025-11-12T09:45:30,1762920930000,5,optimized,retrieval,1084.05,1084.05,1084.0500641958652
2025-11-12T09:40:30,1762920630000,BANKNIFTY,2025-11-12T09:46:30,1762920990000,6,optimized,retrieval,1084.05,1084.05,1084.0500641958652
2025-11-12T09:40:30,1762920630000,BANKNIFTY,2025-11-12T09:47:30,1762921050000,7,optimized,retrieval,1084.05,1084.05,1084.0500641958652
2025-11-12T09:40:30,1762920630000,BANKNIFTY,2025-11-12T09:48:30,1762921110000,8,optimized,retrieval,1084.05,1084.05,1084.0500641958652
2025-11-12T09:40:30,1762920630000,BANKNIFTY,2025-11-12T09:49:30,1762921170000,9,optimized,retrieval,1084.05,1084.05,1084.0500641958652
2025-11-12T09:40:30,1762920630000,BANKNIFTY,2025-11-12T09:50:30,1762921230000,10,optimized,retrieval,1084.05,1084.05,1084.0500641958652
2025-11-12T09:40:30,1762920630000,BANKNIFTY,2025-11-12T09:51:30,1762921290000,11,optimized,retrieval,1084.05,1084.05,1084.0500641958652
2025-11-12T09:40:30,1762920630000,BANKNIFTY,2025-11-12T09:52:30,1762921350000,12,optimized,retrieval,1084.05,1084.05,1084.0500641958652
2025-11-12T09:40:30,1762920630000,BANKNIFTY,2025-11-12T09:53:30,1762921410000,13,optimized,retrieval,1084.05,1084.05,1084.0500641958652
2025-11-12T09:40:30,1762920630000,BANKNIFTY,2025-11-12T09:54:30,1762921470000,14,optimized,retrieval,1084.05,1084.05,1084.0500641958652
2025-11-12T09:40:30,1762920630000,BANKNIFTY,2025-11-12T09:55:30,1762921530000,15,optimized,retrieval,1084.05,1084.05,1084.0500641958652
2025-11-12T09:40:30,1762920630000,BANKNIFTY,2025-11-12T09:56:30,1762921590000,16,optimized,retrieval,1084.05,1084.05,1084.0500641958652
2025-11-12T09:40:30,1762920630000,BANKNIFTY,2025-11-12T09:57:30,1762921650000,17,optimized,retrieval,1084.05,1084.05,1084.0500641958652
2025-11-12T09:40:30,1762920630000,BANKNIFTY,2025-11-12T09:58:30,1762921710000,18,optimized,retrieval,1084.05,1084.05,1084.0500641958652
2025-11-12T09:40:30,1762920630000,BANKNIFTY,2025-11-12T09:59:30,1762921770000,19,optimized,retrieval,1084.05,1084.05,1084.0500641958652
2025-11-12T09:40:30,1762920630000,BANKNIFTY,2025-11-12T10:00:30,1762921830000,20,optimized,retrieval,1084.05,1084.05,1084.0500641958652
2025-11-12T09:40:30,1762920630000,BANKNIFTY,2025-11-12T10:01:30,1762921890000,21,optimized,retrieval,1084.05,1084.05,1084.0500641958652
2025-11-12T09:40:30,1762920630000,BANKNIFTY,2025-11-12T10:02:30,1762921950000,22,optimized,retrieval,1084.05,1084.05,1084.0500641958652
2025-11-12T09:40:30,1762920630000,BANKNIFTY,2025-11-12T10:03:30,1762922010000,23,optimized,retrieval,1084.05,1084.05,1084.0500641958652
2025-11-12T09:40:30,1762920630000,BANKNIFTY,2025-11-12T10:04:30,1762922070000,24,optimized,retrieval,1084.05,1084.05,1084.0500641958652
2025-11-12T09:40:30,1762920630000,BANKNIFTY,2025-11-12T10:05:30,1762922130000,25,optimized,retrieval,1084.05,1084.05,1084.0500641958652
2025-11-12T09:40:30,1762920630000,BANKNIFTY,2025-11-12T10:06:30,1762922190000,26,optimized,retrieval,1084.05,1084.05,1084.0500641958652
2025-11-12T09:40:30,1762920630000,BANKNIFTY,2025-11-12T10:07:30,1762922250000,27,optimized,retrieval,1084.05,1084.05,1084.0500641958652
2025-11-12T09:40:30,1762920630000,BANKNIFTY,2025-11-12T10:08:30,1762922310000,28,optimized,retrieval,1084.05,1084.05,1084.0500641958652
2025-11-12T09:40:30,1762920630000,BANKNIFTY,2025-11-12T10:09:30,1762922370000,29,optimized,retrieval,1084.05,1084.05,1084.0500641958652
2025-11-12T09:40:30,1762920630000,BANKNIFTY,2025-11-12T10:10:30,1762922430000,30,optimized,retrieval,1084.05,1084.05,1084.0500641958652
2025-11-12T09:40:30,1762920630000,BANKNIFTY,2025-11-12T10:11:30,1762922490000,31,optimized,retrieval,1084.05,1084.05,1084.0500641958652
2025-11-12T09:40:30,1762920630000,BANKNIFTY,2025-11-12T10:12:30,1762922550000,32,optimized,retrieval,1084.05,1084.05,1084.0500641958652
2025-11-12T09:40:30,1762920630000,BANKNIFTY,2025-11-12T10:13:30,1762922610000,33,optimized,retrieval,1084.05,1084.05,1084.0500641958652
2025-11-12T09:40:30,1762920630000,BANKNIFTY,2025-11-12T10:14:30,1762922670000,34,optimized,retrieval,1084.05,1084.05,1084.0500641958652
2025-11-12T09:40:30,1762920630000,BANKNIFTY,2025-11-12T10:15:30,1762922730000,35,optimized,retrieval,1084.05,1084.05,1084.0500641958652
2025-11-12T09:40:30,1762920630000,BANKNIFTY,2025-11-12T10:16:30,1762922790000,36,optimized,retrieval,1084.05,1084.05,1084.0500641958652
2025-11-12T09:40:30,1762920630000,BANKNIFTY,2025-11-12T10:17:30,1762922850000,37,optimized,retrieval,1084.05,1084.05,1084.0500641958652
2025-11-12T09:40:30,1762920630000,BANKNIFTY,2025-11-12T10:18:30,1762922910000,38,optimized,retrieval,1084.05,1084.05,1084.0500641958652
2025-11-12T09:40:30,1762920630000,BANKNIFTY,2025-11-12T10:19:30,1762922970000,39,optimized,retrieval,1084.05,1084.05,1084.0500641958652
2025-11-12T09:40:30,1762920630000,BANKNIFTY,2025-11-12T10:20:30,1762923030000,40,optimized,retrieval,1084.05,1084.05,1084.0500641958652
2025-11-12T09:40:30,1762920630000,BANKNIFTY,2025-11-12T10:21:30,1762923090000,41,optimized,retrieval,1084.05,1084.05,1084.0500641958652
2025-11-12T09:40:30,1762920630000,BANKNIFTY,2025-11-12T10:22:30,1762923150000,42,optimized,retrieval,1084.05,1084.05,1084.0500641958652
2025-11-12T09:40:30,1762920630000,BANKNIFTY,2025-11-12T10:23:30,1762923210000,43,optimized,retrieval,1084.05,1084.05,1084.0500641958652
2025-11-12T09:40:30,1762920630000,BANKNIFTY,2025-11-12T10:24:30,1762923270000,44,optimized,retrieval,1084.05,1084.05,1084.0500641958652
2025-11-12T09:40:30,1762920630000,BANKNIFTY,2025-11-12T10:25:30,1762923330000,45,optimized,retrieval,1084.05,1084.05,1084.0500641958652
2025-11-12T09:40:30,1762920630000,BANKNIFTY,2025-11-12T10:26:30,1762923390000,46,optimized,retrieval,1084.05,1084.05,1084.0500641958652
2025-11-12T09:40:30,1762920630000,BANKNIFTY,2025-11-12T10:27:30,1762923450000,47,optimized,retrieval,1084.05,1084.05,1084.0500641958652
2025-11-12T09:40:30,1762920630000,BANKNIFTY,2025-11-12T10:28:30,1762923510000,48,optimized,retrieval,1084.05,1084.05,1084.0500641958652
2025-11-12T09:40:30,1762920630000,BANKNIFTY,2025-11-12T10:29:30,1762923570000,49,optimized,retrieval,1084.05,1084.05,1084.0500641958652
2025-11-12T09:40:30,1762920630000,BANKNIFTY,2025-11-12T10:30:30,1762923630000,50,optimized,retrieval,1084.05,1084.05,1084.0500641958652
2025-11-12T09:40:30,1762920630000,BANKNIFTY,2025-11-12T10:31:30,1762923690000,51,optimized,retrieval,1084.05,1084.05,1084.0500641958652
2025-11-12T09:40:30,1762920630000,BANKNIFTY,2025-11-12T10:32:30,1762923750000,52,optimized,retrieval,1084.05,1084.05,1084.0500641958652
2025-11-12T09:40:30,1762920630000,BANKNIFTY,2025-11-12T10:33:30,1762923810000,53,optimized,retrieval,1084.05,1084.05,1084.0500641958652
2025-11-12T09:40:30,1762920630000,BANKNIFTY,2025-11-12T10:34:30,1762923870000,54,optimized,retrieval,1084.05,1084.05,1084.0500641958652
2025-11-12T09:40:30,1762920630000,BANKNIFTY,2025-11-12T10:35:30,1762923930000,55,optimized,retrieval,1084.05,1084.05,1084.0500641958652
2025-11-12T09:40:30,1762920630000,BANKNIFTY,2025-11-12T10:36:30,1762923990000,56,optimized,retrieval,1084.05,1084.05,1084.0500641958652
2025-11-12T09:40:30,1762920630000,BANKNIFTY,2025-11-12T10:37:30,1762924050000,57,optimized,retrieval,1084.05,1084.05,1084.0500641958652
2025-11-12T09:40:30,1762920630000,BANKNIFTY,2025-11-12T10:38:30,1762924110000,58,optimized,retrieval,1084.05,1084.05,1084.0500641958652
2025-11-12T09:40:30,1762920630000,BANKNIFTY,2025-11-12T10:39:30,1762924170000,59,optimized,retrieval,1084.05,1084.05,1084.0500641958652
2025-11-12T09:40:30,1762920630000,BANKNIFTY,2025-11-12T10:40:30,1762924230000,60,optimized,retrieval,1084.05,1084.05,1084.0500641958652
2025-11-12T09:41:00,1762920660000,BANKNIFTY,2025-11-12T09:42:00,1762920720000,1,optimized,retrieval,1085.65,1085.65,1085.6500641958653
2025-11-12T09:41:00,1762920660000,BANKNIFTY,2025-11-12T09:43:00,1762920780000,2,optimized,retrieval,1085.65,1085.65,1085.6500641958653
2025-11-12T09:41:00,1762920660000,BANKNIFTY,2025-11-12T09:44:00,1762920840000,3,optimized,retrieval,1085.65,1085.65,1085.6500641958653
2025-11-12T09:41:00,1762920660000,BANKNIFTY,2025-11-12T09:45:00,1762920900000,4,optimized,retrieval,1085.65,1085.65,1085.6500641958653
2025-11-12T09:41:00,1762920660000,BANKNIFTY,2025-11-12T09:46:00,1762920960000,5,optimized,retrieval,1085.65,1085.65,1085.6500641958653
2025-11-12T09:41:00,1762920660000,BANKNIFTY,2025-11-12T09:47:00,1762921020000,6,optimized,retrieval,1085.65,1085.65,1085.6500641958653
2025-11-12T09:41:00,1762920660000,BANKNIFTY,2025-11-12T09:48:00,1762921080000,7,optimized,retrieval,1085.65,1085.65,1085.6500641958653
2025-11-12T09:41:00,1762920660000,BANKNIFTY,2025-11-12T09:49:00,1762921140000,8,optimized,retrieval,1085.65,1085.65,1085.6500641958653
2025-11-12T09:41:00,1762920660000,BANKNIFTY,2025-11-12T09:50:00,1762921200000,9,optimized,retrieval,1085.65,1085.65,1085.6500641958653
2025-11-12T09:41:00,1762920660000,BANKNIFTY,2025-11-12T09:51:00,1762921260000,10,optimized,retrieval,1085.65,1085.65,1085.6500641958653
2025-11-12T09:41:00,1762920660000,BANKNIFTY,2025-11-12T09:52:00,1762921320000,11,optimized,retrieval,1085.65,1085.65,1085.6500641958653
2025-11-12T09:41:00,1762920660000,BANKNIFTY,2025-11-12T09:53:00,1762921380000,12,optimized,retrieval,1085.65,1085.65,1085.6500641958653
2025-11-12T09:41:00,1762920660000,BANKNIFTY,2025-11-12T09:54:00,1762921440000,13,optimized,retrieval,1085.65,1085.65,1085.6500641958653
2025-11-12T09:41:00,1762920660000,BANKNIFTY,2025-11-12T09:55:00,1762921500000,14,optimized,retrieval,1085.65,1085.65,1085.6500641958653
2025-11-12T09:41:00,1762920660000,BANKNIFTY,2025-11-12T09:56:00,1762921560000,15,optimized,retrieval,1085.65,1085.65,1085.6500641958653
2025-11-12T09:41:00,1762920660000,BANKNIFTY,2025-11-12T09:57:00,1762921620000,16,optimized,retrieval,1085.65,1085.65,1085.6500641958653
2025-11-12T09:41:00,1762920660000,BANKNIFTY,2025-11-12T09:58:00,1762921680000,17,optimized,retrieval,1085.65,1085.65,1085.6500641958653
2025-11-12T09:41:00,1762920660000,BANKNIFTY,2025-11-12T09:59:00,1762921740000,18,optimized,retrieval,1085.65,1085.65,1085.6500641958653
2025-11-12T09:41:00,1762920660000,BANKNIFTY,2025-11-12T10:00:00,1762921800000,19,optimized,retrieval,1085.65,1085.65,1085.6500641958653
2025-11-12T09:41:00,1762920660000,BANKNIFTY,2025-11-12T10:01:00,1762921860000,20,optimized,retrieval,1085.65,1085.65,1085.6500641958653
2025-11-12T09:41:00,1762920660000,BANKNIFTY,2025-11-12T10:02:00,1762921920000,21,optimized,retrieval,1085.65,1085.65,1085.6500641958653
2025-11-12T09:41:00,1762920660000,BANKNIFTY,2025-11-12T10:03:00,1762921980000,22,optimized,retrieval,1085.65,1085.65,1085.6500641958653
2025-11-12T09:41:00,1762920660000,BANKNIFTY,2025-11-12T10:04:00,1762922040000,23,optimized,retrieval,1085.65,1085.65,1085.6500641958653
2025-11-12T09:41:00,1762920660000,BANKNIFTY,2025-11-12T10:05:00,1762922100000,24,optimized,retrieval,1085.65,1085.65,1085.6500641958653
2025-11-12T09:41:00,1762920660000,BANKNIFTY,2025-11-12T10:06:00,1762922160000,25,optimized,retrieval,1085.65,1085.65,1085.6500641958653
2025-11-12T09:41:00,1762920660000,BANKNIFTY,2025-11-12T10:07:00,1762922220000,26,optimized,retrieval,1085.65,1085.65,1085.6500641958653
2025-11-12T09:41:00,1762920660000,BANKNIFTY,2025-11-12T10:08:00,1762922280000,27,optimized,retrieval,1085.65,1085.65,1085.6500641958653
2025-11-12T09:41:00,1762920660000,BANKNIFTY,2025-11-12T10:09:00,1762922340000,28,optimized,retrieval,1085.65,1085.65,1085.6500641958653
2025-11-12T09:41:00,1762920660000,BANKNIFTY,2025-11-12T10:10:00,1762922400000,29,optimized,retrieval,1085.65,1085.65,1085.6500641958653
2025-11-12T09:41:00,1762920660000,BANKNIFTY,2025-11-12T10:11:00,1762922460000,30,optimized,retrieval,1085.65,1085.65,1085.6500641958653
2025-11-12T09:41:00,1762920660000,BANKNIFTY,2025-11-12T10:12:00,1762922520000,31,optimized,retrieval,1085.65,1085.65,1085.6500641958653
2025-11-12T09:41:00,1762920660000,BANKNIFTY,2025-11-12T10:13:00,1762922580000,32,optimized,retrieval,1085.65,1085.65,1085.6500641958653
2025-11-12T09:41:00,1762920660000,BANKNIFTY,2025-11-12T10:14:00,1762922640000,33,optimized,retrieval,1085.65,1085.65,1085.6500641958653
2025-11-12T09:41:00,1762920660000,BANKNIFTY,2025-11-12T10:15:00,1762922700000,34,optimized,retrieval,1085.65,1085.65,1085.6500641958653
2025-11-12T09:41:00,1762920660000,BANKNIFTY,2025-11-12T10:16:00,1762922760000,35,optimized,retrieval,1085.65,1085.65,1085.6500641958653
2025-11-12T09:41:00,1762920660000,BANKNIFTY,2025-11-12T10:17:00,1762922820000,36,optimized,retrieval,1085.65,1085.65,1085.6500641958653
2025-11-12T09:41:00,1762920660000,BANKNIFTY,2025-11-12T10:18:00,1762922880000,37,optimized,retrieval,1085.65,1085.65,1085.6500641958653
2025-11-12T09:41:00,1762920660000,BANKNIFTY,2025-11-12T10:19:00,1762922940000,38,optimized,retrieval,1085.65,1085.65,1085.6500641958653
2025-11-12T09:41:00,1762920660000,BANKNIFTY,2025-11-12T10:20:00,1762923000000,39,optimized,retrieval,1085.65,1085.65,1085.6500641958653
2025-11-12T09:41:00,1762920660000,BANKNIFTY,2025-11-12T10:21:00,1762923060000,40,optimized,retrieval,1085.65,1085.65,1085.6500641958653
2025-11-12T09:41:00,1762920660000,BANKNIFTY,2025-11-12T10:22:00,1762923120000,41,optimized,retrieval,1085.65,1085.65,1085.6500641958653
2025-11-12T09:41:00,1762920660000,BANKNIFTY,2025-11-12T10:23:00,1762923180000,42,optimized,retrieval,1085.65,1085.65,1085.6500641958653
2025-11-12T09:41:00,1762920660000,BANKNIFTY,2025-11-12T10:24:00,1762923240000,43,optimized,retrieval,1085.65,1085.65,1085.6500641958653
2025-11-12T09:41:00,1762920660000,BANKNIFTY,2025-11-12T10:25:00,1762923300000,44,optimized,retrieval,1085.65,1085.65,1085.6500641958653
2025-11-12T09:41:00,1762920660000,BANKNIFTY,2025-11-12T10:26:00,1762923360000,45,optimized,retrieval,1085.65,1085.65,1085.6500641958653
2025-11-12T09:41:00,1762920660000,BANKNIFTY,2025-11-12T10:27:00,1762923420000,46,optimized,retrieval,1085.65,1085.65,1085.6500641958653
2025-11-12T09:41:00,1762920660000,BANKNIFTY,2025-11-12T10:28:00,1762923480000,47,optimized,retrieval,1085.65,1085.65,1085.6500641958653
2025-11-12T09:41:00,1762920660000,BANKNIFTY,2025-11-12T10:29:00,1762923540000,48,optimized,retrieval,1085.65,1085.65,1085.6500641958653
2025-11-12T09:41:00,1762920660000,BANKNIFTY,2025-11-12T10:30:00,1762923600000,49,optimized,retrieval,1085.65,1085.65,1085.6500641958653
2025-11-12T09:41:00,1762920660000,BANKNIFTY,2025-11-12T10:31:00,1762923660000,50,optimized,retrieval,1085.65,1085.65,1085.6500641958653
2025-11-12T09:41:00,1762920660000,BANKNIFTY,2025-11-12T10:32:00,1762923720000,51,optimized,retrieval,1085.65,1085.65,1085.6500641958653
2025-11-12T09:41:00,1762920660000,BANKNIFTY,2025-11-12T10:33:00,1762923780000,52,optimized,retrieval,1085.65,1085.65,1085.6500641958653
2025-11-12T09:41:00,1762920660000,BANKNIFTY,2025-11-12T10:34:00,1762923840000,53,optimized,retrieval,1085.65,1085.65,1085.6500641958653
2025-11-12T09:41:00,1762920660000,BANKNIFTY,2025-11-12T10:35:00,1762923900000,54,optimized,retrieval,1085.65,1085.65,1085.6500641958653
2025-11-12T09:41:00,1762920660000,BANKNIFTY,2025-11-12T10:36:00,1762923960000,55,optimized,retrieval,1085.65,1085.65,1085.6500641958653
2025-11-12T09:41:00,1762920660000,BANKNIFTY,2025-11-12T10:37:00,1762924020000,56,optimized,retrieval,1085.65,1085.65,1085.6500641958653
2025-11-12T09:41:00,1762920660000,BANKNIFTY,2025-11-12T10:38:00,1762924080000,57,optimized,retrieval,1085.65,1085.65,1085.6500641958653
2025-11-12T09:41:00,1762920660000,BANKNIFTY,2025-11-12T10:39:00,1762924140000,58,optimized,retrieval,1085.65,1085.65,1085.6500641958653
2025-11-12T09:41:00,1762920660000,BANKNIFTY,2025-11-12T10:40:00,1762924200000,59,optimized,retrieval,1085.65,1085.65,1085.6500641958653
2025-11-12T09:41:00,1762920660000,BANKNIFTY,2025-11-12T10:41:00,1762924260000,60,optimized,retrieval,1085.65,1085.65,1085.6500641958653
2025-11-12T09:59:00,1762921740000,BANKNIFTY,2025-11-12T10:00:00,1762921800000,1,optimized,retrieval,1057.25,1057.25,1057.2500641958652
2025-11-12T09:59:00,1762921740000,BANKNIFTY,2025-11-12T10:01:00,1762921860000,2,optimized,retrieval,1057.25,1057.25,1057.2500641958652
2025-11-12T09:59:00,1762921740000,BANKNIFTY,2025-11-12T10:02:00,1762921920000,3,optimized,retrieval,1057.25,1057.25,1057.2500641958652
2025-11-12T09:59:00,1762921740000,BANKNIFTY,2025-11-12T10:03:00,1762921980000,4,optimized,retrieval,1057.25,1057.25,1057.2500641958652
2025-11-12T09:59:00,1762921740000,BANKNIFTY,2025-11-12T10:04:00,1762922040000,5,optimized,retrieval,1057.25,1057.25,1057.2500641958652
2025-11-12T09:59:00,1762921740000,BANKNIFTY,2025-11-12T10:05:00,1762922100000,6,optimized,retrieval,1057.25,1057.25,1057.2500641958652
2025-11-12T09:59:00,1762921740000,BANKNIFTY,2025-11-12T10:06:00,1762922160000,7,optimized,retrieval,1057.25,1057.25,1057.2500641958652
2025-11-12T09:59:00,1762921740000,BANKNIFTY,2025-11-12T10:07:00,1762922220000,8,optimized,retrieval,1057.25,1057.25,1057.2500641958652
2025-11-12T09:59:00,1762921740000,BANKNIFTY,2025-11-12T10:08:00,1762922280000,9,optimized,retrieval,1057.25,1057.25,1057.2500641958652
2025-11-12T09:59:00,1762921740000,BANKNIFTY,2025-11-12T10:09:00,1762922340000,10,optimized,retrieval,1057.25,1057.25,1057.2500641958652
2025-11-12T09:59:00,1762921740000,BANKNIFTY,2025-11-12T10:10:00,1762922400000,11,optimized,retrieval,1057.25,1057.25,1057.2500641958652
2025-11-12T09:59:00,1762921740000,BANKNIFTY,2025-11-12T10:11:00,1762922460000,12,optimized,retrieval,1057.25,1057.25,1057.2500641958652
2025-11-12T09:59:00,1762921740000,BANKNIFTY,2025-11-12T10:12:00,1762922520000,13,optimized,retrieval,1057.25,1057.25,1057.2500641958652
2025-11-12T09:59:00,1762921740000,BANKNIFTY,2025-11-12T10:13:00,1762922580000,14,optimized,retrieval,1057.25,1057.25,1057.2500641958652
2025-11-12T09:59:00,1762921740000,BANKNIFTY,2025-11-12T10:14:00,1762922640000,15,optimized,retrieval,1057.25,1057.25,1057.2500641958652
2025-11-12T09:59:00,1762921740000,BANKNIFTY,2025-11-12T10:15:00,1762922700000,16,optimized,retrieval,1057.25,1057.25,1057.2500641958652
2025-11-12T09:59:00,1762921740000,BANKNIFTY,2025-11-12T10:16:00,1762922760000,17,optimized,retrieval,1057.25,1057.25,1057.2500641958652
2025-11-12T09:59:00,1762921740000,BANKNIFTY,2025-11-12T10:17:00,1762922820000,18,optimized,retrieval,1057.25,1057.25,1057.2500641958652
2025-11-12T09:59:00,1762921740000,BANKNIFTY,2025-11-12T10:18:00,1762922880000,19,optimized,retrieval,1057.25,1057.25,1057.2500641958652
2025-11-12T09:59:00,1762921740000,BANKNIFTY,2025-11-12T10:19:00,1762922940000,20,optimized,retrieval,1057.25,1057.25,1057.2500641958652
2025-11-12T09:59:00,1762921740000,BANKNIFTY,2025-11-12T10:20:00,1762923000000,21,optimized,retrieval,1057.25,1057.25,1057.2500641958652
2025-11-12T09:59:00,1762921740000,BANKNIFTY,2025-11-12T10:21:00,1762923060000,22,optimized,retrieval,1057.25,1057.25,1057.2500641958652
2025-11-12T09:59:00,1762921740000,BANKNIFTY,2025-11-12T10:22:00,1762923120000,23,optimized,retrieval,1057.25,1057.25,1057.2500641958652
2025-11-12T09:59:00,1762921740000,BANKNIFTY,2025-11-12T10:23:00,1762923180000,24,optimized,retrieval,1057.25,1057.25,1057.2500641958652
2025-11-12T09:59:00,1762921740000,BANKNIFTY,2025-11-12T10:24:00,1762923240000,25,optimized,retrieval,1057.25,1057.25,1057.2500641958652
2025-11-12T09:59:00,1762921740000,BANKNIFTY,2025-11-12T10:25:00,1762923300000,26,optimized,retrieval,1057.25,1057.25,1057.2500641958652
2025-11-12T09:59:00,1762921740000,BANKNIFTY,2025-11-12T10:26:00,1762923360000,27,optimized,retrieval,1057.25,1057.25,1057.2500641958652
2025-11-12T09:59:00,1762921740000,BANKNIFTY,2025-11-12T10:27:00,1762923420000,28,optimized,retrieval,1057.25,1057.25,1057.2500641958652
2025-11-12T09:59:00,1762921740000,BANKNIFTY,2025-11-12T10:28:00,1762923480000,29,optimized,retrieval,1057.25,1057.25,1057.2500641958652
2025-11-12T09:59:00,1762921740000,BANKNIFTY,2025-11-12T10:29:00,1762923540000,30,optimized,retrieval,1057.25,1057.25,1057.2500641958652
2025-11-12T09:59:00,1762921740000,BANKNIFTY,2025-11-12T10:30:00,1762923600000,31,optimized,retrieval,1057.25,1057.25,1057.2500641958652
2025-11-12T09:59:00,1762921740000,BANKNIFTY,2025-11-12T10:31:00,1762923660000,32,optimized,retrieval,1057.25,1057.25,1057.2500641958652
2025-11-12T09:59:00,1762921740000,BANKNIFTY,2025-11-12T10:32:00,1762923720000,33,optimized,retrieval,1057.25,1057.25,1057.2500641958652
2025-11-12T09:59:00,1762921740000,BANKNIFTY,2025-11-12T10:33:00,1762923780000,34,optimized,retrieval,1057.25,1057.25,1057.2500641958652
2025-11-12T09:59:00,1762921740000,BANKNIFTY,2025-11-12T10:34:00,1762923840000,35,optimized,retrieval,1057.25,1057.25,1057.2500641958652
2025-11-12T09:59:00,1762921740000,BANKNIFTY,2025-11-12T10:35:00,1762923900000,36,optimized,retrieval,1057.25,1057.25,1057.2500641958652
2025-11-12T09:59:00,1762921740000,BANKNIFTY,2025-11-12T10:36:00,1762923960000,37,optimized,retrieval,1057.25,1057.25,1057.2500641958652
2025-11-12T09:59:00,1762921740000,BANKNIFTY,2025-11-12T10:37:00,1762924020000,38,optimized,retrieval,1057.25,1057.25,1057.2500641958652
2025-11-12T09:59:00,1762921740000,BANKNIFTY,2025-11-12T10:38:00,1762924080000,39,optimized,retrieval,1057.25,1057.25,1057.2500641958652
2025-11-12T09:59:00,1762921740000,BANKNIFTY,2025-11-12T10:39:00,1762924140000,40,optimized,retrieval,1057.25,1057.25,1057.2500641958652
2025-11-12T09:59:00,1762921740000,BANKNIFTY,2025-11-12T10:40:00,1762924200000,41,optimized,retrieval,1057.25,1057.25,1057.2500641958652
2025-11-12T09:59:00,1762921740000,BANKNIFTY,2025-11-12T10:41:00,1762924260000,42,optimized,retrieval,1057.25,1057.25,1057.2500641958652
2025-11-12T09:59:00,1762921740000,BANKNIFTY,2025-11-12T10:42:00,1762924320000,43,optimized,retrieval,1057.25,1057.25,1057.2500641958652
2025-11-12T09:59:00,1762921740000,BANKNIFTY,2025-11-12T10:43:00,1762924380000,44,optimized,retrieval,1057.25,1057.25,1057.2500641958652
2025-11-12T09:59:00,1762921740000,BANKNIFTY,2025-11-12T10:44:00,1762924440000,45,optimized,retrieval,1057.25,1057.25,1057.2500641958652
2025-11-12T09:59:00,1762921740000,BANKNIFTY,2025-11-12T10:45:00,1762924500000,46,optimized,retrieval,1057.25,1057.25,1057.2500641958652
2025-11-12T09:59:00,1762921740000,BANKNIFTY,2025-11-12T10:46:00,1762924560000,47,optimized,retrieval,1057.25,1057.25,1057.2500641958652
2025-11-12T09:59:00,1762921740000,BANKNIFTY,2025-11-12T10:47:00,1762924620000,48,optimized,retrieval,1057.25,1057.25,1057.2500641958652
2025-11-12T09:59:00,1762921740000,BANKNIFTY,2025-11-12T10:48:00,1762924680000,49,optimized,retrieval,1057.25,1057.25,1057.2500641958652
2025-11-12T09:59:00,1762921740000,BANKNIFTY,2025-11-12T10:49:00,1762924740000,50,optimized,retrieval,1057.25,1057.25,1057.2500641958652
2025-11-12T09:59:00,1762921740000,BANKNIFTY,2025-11-12T10:50:00,1762924800000,51,optimized,retrieval,1057.25,1057.25,1057.2500641958652
2025-11-12T09:59:00,1762921740000,BANKNIFTY,2025-11-12T10:51:00,1762924860000,52,optimized,retrieval,1057.25,1057.25,1057.2500641958652
2025-11-12T09:59:00,1762921740000,BANKNIFTY,2025-11-12T10:52:00,1762924920000,53,optimized,retrieval,1057.25,1057.25,1057.2500641958652
2025-11-12T09:59:00,1762921740000,BANKNIFTY,2025-11-12T10:53:00,1762924980000,54,optimized,retrieval,1057.25,1057.25,1057.2500641958652
2025-11-12T09:59:00,1762921740000,BANKNIFTY,2025-11-12T10:54:00,1762925040000,55,optimized,retrieval,1057.25,1057.25,1057.2500641958652
2025-11-12T09:59:00,1762921740000,BANKNIFTY,2025-11-12T10:55:00,1762925100000,56,optimized,retrieval,1057.25,1057.25,1057.2500641958652
2025-11-12T09:59:00,1762921740000,BANKNIFTY,2025-11-12T10:56:00,1762925160000,57,optimized,retrieval,1057.25,1057.25,1057.2500641958652
2025-11-12T09:59:00,1762921740000,BANKNIFTY,2025-11-12T10:57:00,1762925220000,58,optimized,retrieval,1057.25,1057.25,1057.2500641958652
2025-11-12T09:59:00,1762921740000,BANKNIFTY,2025-11-12T10:58:00,1762925280000,59,optimized,retrieval,1057.25,1057.25,1057.2500641958652
2025-11-12T09:59:00,1762921740000,BANKNIFTY,2025-11-12T10:59:00,1762925340000,60,optimized,retrieval,1057.25,1057.25,1057.2500641958652
2025-11-12T09:59:00,1762921740000,BANKNIFTY,2025-11-12T10:00:00,1762921800000,1,optimized,retrieval,1057.25,1057.25,1057.2500641958652
2025-11-12T09:59:00,1762921740000,BANKNIFTY,2025-11-12T10:01:00,1762921860000,2,optimized,retrieval,1057.25,1057.25,1057.2500641958652
2025-11-12T09:59:00,1762921740000,BANKNIFTY,2025-11-12T10:02:00,1762921920000,3,optimized,retrieval,1057.25,1057.25,1057.2500641958652
2025-11-12T09:59:00,1762921740000,BANKNIFTY,2025-11-12T10:03:00,1762921980000,4,optimized,retrieval,1057.25,1057.25,1057.2500641958652
2025-11-12T09:59:00,1762921740000,BANKNIFTY,2025-11-12T10:04:00,1762922040000,5,optimized,retrieval,1057.25,1057.25,1057.2500641958652
2025-11-12T09:59:00,1762921740000,BANKNIFTY,2025-11-12T10:05:00,1762922100000,6,optimized,retrieval,1057.25,1057.25,1057.2500641958652
2025-11-12T09:59:00,1762921740000,BANKNIFTY,2025-11-12T10:06:00,1762922160000,7,optimized,retrieval,1057.25,1057.25,1057.2500641958652
2025-11-12T09:59:00,1762921740000,BANKNIFTY,2025-11-12T10:07:00,1762922220000,8,optimized,retrieval,1057.25,1057.25,1057.2500641958652
2025-11-12T09:59:00,1762921740000,BANKNIFTY,2025-11-12T10:08:00,1762922280000,9,optimized,retrieval,1057.25,1057.25,1057.2500641958652
2025-11-12T09:59:00,1762921740000,BANKNIFTY,2025-11-12T10:09:00,1762922340000,10,optimized,retrieval,1057.25,1057.25,1057.2500641958652
2025-11-12T09:59:00,1762921740000,BANKNIFTY,2025-11-12T10:10:00,1762922400000,11,optimized,retrieval,1057.25,1057.25,1057.2500641958652
2025-11-12T09:59:00,1762921740000,BANKNIFTY,2025-11-12T10:11:00,1762922460000,12,optimized,retrieval,1057.25,1057.25,1057.2500641958652
2025-11-12T09:59:00,1762921740000,BANKNIFTY,2025-11-12T10:12:00,1762922520000,13,optimized,retrieval,1057.25,1057.25,1057.2500641958652
2025-11-12T09:59:00,1762921740000,BANKNIFTY,2025-11-12T10:13:00,1762922580000,14,optimized,retrieval,1057.25,1057.25,1057.2500641958652
2025-11-12T09:59:00,1762921740000,BANKNIFTY,2025-11-12T10:14:00,1762922640000,15,optimized,retrieval,1057.25,1057.25,1057.2500641958652
2025-11-12T09:59:00,1762921740000,BANKNIFTY,2025-11-12T10:15:00,1762922700000,16,optimized,retrieval,1057.25,1057.25,1057.2500641958652
2025-11-12T09:59:00,1762921740000,BANKNIFTY,2025-11-12T10:16:00,1762922760000,17,optimized,retrieval,1057.25,1057.25,1057.2500641958652
2025-11-12T09:59:00,1762921740000,BANKNIFTY,2025-11-12T10:17:00,1762922820000,18,optimized,retrieval,1057.25,1057.25,1057.2500641958652
2025-11-12T09:59:00,1762921740000,BANKNIFTY,2025-11-12T10:18:00,1762922880000,19,optimized,retrieval,1057.25,1057.25,1057.2500641958652
2025-11-12T09:59:00,1762921740000,BANKNIFTY,2025-11-12T10:19:00,1762922940000,20,optimized,retrieval,1057.25,1057.25,1057.2500641958652
2025-11-12T09:59:00,1762921740000,BANKNIFTY,2025-11-12T10:20:00,1762923000000,21,optimized,retrieval,1057.25,1057.25,1057.2500641958652
2025-11-12T09:59:00,1762921740000,BANKNIFTY,2025-11-12T10:21:00,1762923060000,22,optimized,retrieval,1057.25,1057.25,1057.2500641958652
2025-11-12T09:59:00,1762921740000,BANKNIFTY,2025-11-12T10:22:00,1762923120000,23,optimized,retrieval,1057.25,1057.25,1057.2500641958652
2025-11-12T09:59:00,1762921740000,BANKNIFTY,2025-11-12T10:23:00,1762923180000,24,optimized,retrieval,1057.25,1057.25,1057.2500641958652
2025-11-12T09:59:00,1762921740000,BANKNIFTY,2025-11-12T10:24:00,1762923240000,25,optimized,retrieval,1057.25,1057.25,1057.2500641958652
2025-11-12T09:59:00,1762921740000,BANKNIFTY,2025-11-12T10:25:00,1762923300000,26,optimized,retrieval,1057.25,1057.25,1057.2500641958652
2025-11-12T09:59:00,1762921740000,BANKNIFTY,2025-11-12T10:26:00,1762923360000,27,optimized,retrieval,1057.25,1057.25,1057.2500641958652
2025-11-12T09:59:00,1762921740000,BANKNIFTY,2025-11-12T10:27:00,1762923420000,28,optimized,retrieval,1057.25,1057.25,1057.2500641958652
2025-11-12T09:59:00,1762921740000,BANKNIFTY,2025-11-12T10:28:00,1762923480000,29,optimized,retrieval,1057.25,1057.25,1057.2500641958652
2025-11-12T09:59:00,1762921740000,BANKNIFTY,2025-11-12T10:29:00,1762923540000,30,optimized,retrieval,1057.25,1057.25,1057.2500641958652
2025-11-12T09:59:00,1762921740000,BANKNIFTY,2025-11-12T10:30:00,1762923600000,31,optimized,retrieval,1057.25,1057.25,1057.2500641958652
2025-11-12T09:59:00,1762921740000,BANKNIFTY,2025-11-12T10:31:00,1762923660000,32,optimized,retrieval,1057.25,1057.25,1057.2500641958652
2025-11-12T09:59:00,1762921740000,BANKNIFTY,2025-11-12T10:32:00,1762923720000,33,optimized,retrieval,1057.25,1057.25,1057.2500641958652
2025-11-12T09:59:00,1762921740000,BANKNIFTY,2025-11-12T10:33:00,1762923780000,34,optimized,retrieval,1057.25,1057.25,1057.2500641958652
2025-11-12T09:59:00,1762921740000,BANKNIFTY,2025-11-12T10:34:00,1762923840000,35,optimized,retrieval,1057.25,1057.25,1057.2500641958652
2025-11-12T09:59:00,1762921740000,BANKNIFTY,2025-11-12T10:35:00,1762923900000,36,optimized,retrieval,1057.25,1057.25,1057.2500641958652
2025-11-12T09:59:00,1762921740000,BANKNIFTY,2025-11-12T10:36:00,1762923960000,37,optimized,retrieval,1057.25,1057.25,1057.2500641958652
2025-11-12T09:59:00,1762921740000,BANKNIFTY,2025-11-12T10:37:00,1762924020000,38,optimized,retrieval,1057.25,1057.25,1057.2500641958652
2025-11-12T09:59:00,1762921740000,BANKNIFTY,2025-11-12T10:38:00,1762924080000,39,optimized,retrieval,1057.25,1057.25,1057.2500641958652
2025-11-12T09:59:00,1762921740000,BANKNIFTY,2025-11-12T10:39:00,1762924140000,40,optimized,retrieval,1057.25,1057.25,1057.2500641958652
2025-11-12T09:59:00,1762921740000,BANKNIFTY,2025-11-12T10:40:00,1762924200000,41,optimized,retrieval,1057.25,1057.25,1057.2500641958652
2025-11-12T09:59:00,1762921740000,BANKNIFTY,2025-11-12T10:41:00,1762924260000,42,optimized,retrieval,1057.25,1057.25,1057.2500641958652
2025-11-12T09:59:00,1762921740000,BANKNIFTY,2025-11-12T10:42:00,1762924320000,43,optimized,retrieval,1057.25,1057.25,1057.2500641958652
2025-11-12T09:59:00,1762921740000,BANKNIFTY,2025-11-12T10:43:00,1762924380000,44,optimized,retrieval,1057.25,1057.25,1057.2500641958652
2025-11-12T09:59:00,1762921740000,BANKNIFTY,2025-11-12T10:44:00,1762924440000,45,optimized,retrieval,1057.25,1057.25,1057.2500641958652
2025-11-12T09:59:00,1762921740000,BANKNIFTY,2025-11-12T10:45:00,1762924500000,46,optimized,retrieval,1057.25,1057.25,1057.2500641958652
2025-11-12T09:59:00,1762921740000,BANKNIFTY,2025-11-12T10:46:00,1762924560000,47,optimized,retrieval,1057.25,1057.25,1057.2500641958652
2025-11-12T09:59:00,1762921740000,BANKNIFTY,2025-11-12T10:47:00,1762924620000,48,optimized,retrieval,1057.25,1057.25,1057.2500641958652
2025-11-12T09:59:00,1762921740000,BANKNIFTY,2025-11-12T10:48:00,1762924680000,49,optimized,retrieval,1057.25,1057.25,1057.2500641958652
2025-11-12T09:59:00,1762921740000,BANKNIFTY,2025-11-12T10:49:00,1762924740000,50,optimized,retrieval,1057.25,1057.25,1057.2500641958652
2025-11-12T09:59:00,1762921740000,BANKNIFTY,2025-11-12T10:50:00,1762924800000,51,optimized,retrieval,1057.25,1057.25,1057.2500641958652
2025-11-12T09:59:00,1762921740000,BANKNIFTY,2025-11-12T10:51:00,1762924860000,52,optimized,retrieval,1057.25,1057.25,1057.2500641958652
2025-11-12T09:59:00,1762921740000,BANKNIFTY,2025-11-12T10:52:00,1762924920000,53,optimized,retrieval,1057.25,1057.25,1057.2500641958652
2025-11-12T09:59:00,1762921740000,BANKNIFTY,2025-11-12T10:53:00,1762924980000,54,optimized,retrieval,1057.25,1057.25,1057.2500641958652
2025-11-12T09:59:00,1762921740000,BANKNIFTY,2025-11-12T10:54:00,1762925040000,55,optimized,retrieval,1057.25,1057.25,1057.2500641958652
2025-11-12T09:59:00,1762921740000,BANKNIFTY,2025-11-12T10:55:00,1762925100000,56,optimized,retrieval,1057.25,1057.25,1057.2500641958652
2025-11-12T09:59:00,1762921740000,BANKNIFTY,2025-11-12T10:56:00,1762925160000,57,optimized,retrieval,1057.25,1057.25,1057.2500641958652
2025-11-12T09:59:00,1762921740000,BANKNIFTY,2025-11-12T10:57:00,1762925220000,58,optimized,retrieval,1057.25,1057.25,1057.2500641958652
2025-11-12T09:59:00,1762921740000,BANKNIFTY,2025-11-12T10:58:00,1762925280000,59,optimized,retrieval,1057.25,1057.25,1057.2500641958652
2025-11-12T09:59:00,1762921740000,BANKNIFTY,2025-11-12T10:59:00,1762925340000,60,optimized,retrieval,1057.25,1057.25,1057.2500641958652
2025-11-12T09:59:00,1762921740000,BANKNIFTY,2025-11-12T10:00:00,1762921800000,1,optimized,retrieval,1057.25,1057.25,1057.2500641958652
2025-11-12T09:59:00,1762921740000,BANKNIFTY,2025-11-12T10:01:00,1762921860000,2,optimized,retrieval,1057.25,1057.25,1057.2500641958652
2025-11-12T09:59:00,1762921740000,BANKNIFTY,2025-11-12T10:02:00,1762921920000,3,optimized,retrieval,1057.25,1057.25,1057.2500641958652
2025-11-12T09:59:00,1762921740000,BANKNIFTY,2025-11-12T10:03:00,1762921980000,4,optimized,retrieval,1057.25,1057.25,1057.2500641958652
2025-11-12T09:59:00,1762921740000,BANKNIFTY,2025-11-12T10:04:00,1762922040000,5,optimized,retrieval,1057.25,1057.25,1057.2500641958652
2025-11-12T09:59:00,1762921740000,BANKNIFTY,2025-11-12T10:05:00,1762922100000,6,optimized,retrieval,1057.25,1057.25,1057.2500641958652
2025-11-12T09:59:00,1762921740000,BANKNIFTY,2025-11-12T10:06:00,1762922160000,7,optimized,retrieval,1057.25,1057.25,1057.2500641958652
2025-11-12T09:59:00,1762921740000,BANKNIFTY,2025-11-12T10:07:00,1762922220000,8,optimized,retrieval,1057.25,1057.25,1057.2500641958652
2025-11-12T09:59:00,1762921740000,BANKNIFTY,2025-11-12T10:08:00,1762922280000,9,optimized,retrieval,1057.25,1057.25,1057.2500641958652
2025-11-12T09:59:00,1762921740000,BANKNIFTY,2025-11-12T10:09:00,1762922340000,10,optimized,retrieval,1057.25,1057.25,1057.2500641958652
2025-11-12T09:59:00,1762921740000,BANKNIFTY,2025-11-12T10:10:00,1762922400000,11,optimized,retrieval,1057.25,1057.25,1057.2500641958652
2025-11-12T09:59:00,1762921740000,BANKNIFTY,2025-11-12T10:11:00,1762922460000,12,optimized,retrieval,1057.25,1057.25,1057.2500641958652
2025-11-12T09:59:00,1762921740000,BANKNIFTY,2025-11-12T10:12:00,1762922520000,13,optimized,retrieval,1057.25,1057.25,1057.2500641958652
2025-11-12T09:59:00,1762921740000,BANKNIFTY,2025-11-12T10:13:00,1762922580000,14,optimized,retrieval,1057.25,1057.25,1057.2500641958652
2025-11-12T09:59:00,1762921740000,BANKNIFTY,2025-11-12T10:14:00,1762922640000,15,optimized,retrieval,1057.25,1057.25,1057.2500641958652
2025-11-12T09:59:00,1762921740000,BANKNIFTY,2025-11-12T10:15:00,1762922700000,16,optimized,retrieval,1057.25,1057.25,1057.2500641958652
2025-11-12T09:59:00,1762921740000,BANKNIFTY,2025-11-12T10:16:00,1762922760000,17,optimized,retrieval,1057.25,1057.25,1057.2500641958652
2025-11-12T09:59:00,1762921740000,BANKNIFTY,2025-11-12T10:17:00,1762922820000,18,optimized,retrieval,1057.25,1057.25,1057.2500641958652
2025-11-12T09:59:00,1762921740000,BANKNIFTY,2025-11-12T10:18:00,1762922880000,19,optimized,retrieval,1057.25,1057.25,1057.2500641958652
2025-11-12T09:59:00,1762921740000,BANKNIFTY,2025-11-12T10:19:00,1762922940000,20,optimized,retrieval,1057.25,1057.25,1057.2500641958652
2025-11-12T09:59:00,1762921740000,BANKNIFTY,2025-11-12T10:20:00,1762923000000,21,optimized,retrieval,1057.25,1057.25,1057.2500641958652
2025-11-12T09:59:00,1762921740000,BANKNIFTY,2025-11-12T10:21:00,1762923060000,22,optimized,retrieval,1057.25,1057.25,1057.2500641958652
2025-11-12T09:59:00,1762921740000,BANKNIFTY,2025-11-12T10:22:00,1762923120000,23,optimized,retrieval,1057.25,1057.25,1057.2500641958652
2025-11-12T09:59:00,1762921740000,BANKNIFTY,2025-11-12T10:23:00,1762923180000,24,optimized,retrieval,1057.25,1057.25,1057.2500641958652
2025-11-12T09:59:00,1762921740000,BANKNIFTY,2025-11-12T10:24:00,1762923240000,25,optimized,retrieval,1057.25,1057.25,1057.2500641958652
2025-11-12T09:59:00,1762921740000,BANKNIFTY,2025-11-12T10:25:00,1762923300000,26,optimized,retrieval,1057.25,1057.25,1057.2500641958652
2025-11-12T09:59:00,1762921740000,BANKNIFTY,2025-11-12T10:26:00,1762923360000,27,optimized,retrieval,1057.25,1057.25,1057.2500641958652
2025-11-12T09:59:00,1762921740000,BANKNIFTY,2025-11-12T10:27:00,1762923420000,28,optimized,retrieval,1057.25,1057.25,1057.2500641958652
2025-11-12T09:59:00,1762921740000,BANKNIFTY,2025-11-12T10:28:00,1762923480000,29,optimized,retrieval,1057.25,1057.25,1057.2500641958652
2025-11-12T09:59:00,1762921740000,BANKNIFTY,2025-11-12T10:29:00,1762923540000,30,optimized,retrieval,1057.25,1057.25,1057.2500641958652
2025-11-12T09:59:00,1762921740000,BANKNIFTY,2025-11-12T10:30:00,1762923600000,31,optimized,retrieval,1057.25,1057.25,1057.2500641958652
2025-11-12T09:59:00,1762921740000,BANKNIFTY,2025-11-12T10:31:00,1762923660000,32,optimized,retrieval,1057.25,1057.25,1057.2500641958652
2025-11-12T09:59:00,1762921740000,BANKNIFTY,2025-11-12T10:32:00,1762923720000,33,optimized,retrieval,1057.25,1057.25,1057.2500641958652
2025-11-12T09:59:00,1762921740000,BANKNIFTY,2025-11-12T10:33:00,1762923780000,34,optimized,retrieval,1057.25,1057.25,1057.2500641958652
2025-11-12T09:59:00,1762921740000,BANKNIFTY,2025-11-12T10:34:00,1762923840000,35,optimized,retrieval,1057.25,1057.25,1057.2500641958652
2025-11-12T09:59:00,1762921740000,BANKNIFTY,2025-11-12T10:35:00,1762923900000,36,optimized,retrieval,1057.25,1057.25,1057.2500641958652
2025-11-12T09:59:00,1762921740000,BANKNIFTY,2025-11-12T10:36:00,1762923960000,37,optimized,retrieval,1057.25,1057.25,1057.2500641958652
2025-11-12T09:59:00,1762921740000,BANKNIFTY,2025-11-12T10:37:00,1762924020000,38,optimized,retrieval,1057.25,1057.25,1057.2500641958652
2025-11-12T09:59:00,1762921740000,BANKNIFTY,2025-11-12T10:38:00,1762924080000,39,optimized,retrieval,1057.25,1057.25,1057.2500641958652
2025-11-12T09:59:00,1762921740000,BANKNIFTY,2025-11-12T10:39:00,1762924140000,40,optimized,retrieval,1057.25,1057.25,1057.2500641958652
2025-11-12T09:59:00,1762921740000,BANKNIFTY,2025-11-12T10:40:00,1762924200000,41,optimized,retrieval,1057.25,1057.25,1057.2500641958652
2025-11-12T09:59:00,1762921740000,BANKNIFTY,2025-11-12T10:41:00,1762924260000,42,optimized,retrieval,1057.25,1057.25,1057.2500641958652
2025-11-12T09:59:00,1762921740000,BANKNIFTY,2025-11-12T10:42:00,1762924320000,43,optimized,retrieval,1057.25,1057.25,1057.2500641958652
2025-11-12T09:59:00,1762921740000,BANKNIFTY,2025-11-12T10:43:00,1762924380000,44,optimized,retrieval,1057.25,1057.25,1057.2500641958652
2025-11-12T09:59:00,1762921740000,BANKNIFTY,2025-11-12T10:44:00,1762924440000,45,optimized,retrieval,1057.25,1057.25,1057.2500641958652
2025-11-12T09:59:00,1762921740000,BANKNIFTY,2025-11-12T10:45:00,1762924500000,46,optimized,retrieval,1057.25,1057.25,1057.2500641958652
2025-11-12T09:59:00,1762921740000,BANKNIFTY,2025-11-12T10:46:00,1762924560000,47,optimized,retrieval,1057.25,1057.25,1057.2500641958652
2025-11-12T09:59:00,1762921740000,BANKNIFTY,2025-11-12T10:47:00,1762924620000,48,optimized,retrieval,1057.25,1057.25,1057.2500641958652
2025-11-12T09:59:00,1762921740000,BANKNIFTY,2025-11-12T10:48:00,1762924680000,49,optimized,retrieval,1057.25,1057.25,1057.2500641958652
2025-11-12T09:59:00,1762921740000,BANKNIFTY,2025-11-12T10:49:00,1762924740000,50,optimized,retrieval,1057.25,1057.25,1057.2500641958652
2025-11-12T09:59:00,1762921740000,BANKNIFTY,2025-11-12T10:50:00,1762924800000,51,optimized,retrieval,1057.25,1057.25,1057.2500641958652
2025-11-12T09:59:00,1762921740000,BANKNIFTY,2025-11-12T10:51:00,1762924860000,52,optimized,retrieval,1057.25,1057.25,1057.2500641958652
2025-11-12T09:59:00,1762921740000,BANKNIFTY,2025-11-12T10:52:00,1762924920000,53,optimized,retrieval,1057.25,1057.25,1057.2500641958652
2025-11-12T09:59:00,1762921740000,BANKNIFTY,2025-11-12T10:53:00,1762924980000,54,optimized,retrieval,1057.25,1057.25,1057.2500641958652
2025-11-12T09:59:00,1762921740000,BANKNIFTY,2025-11-12T10:54:00,1762925040000,55,optimized,retrieval,1057.25,1057.25,1057.2500641958652
2025-11-12T09:59:00,1762921740000,BANKNIFTY,2025-11-12T10:55:00,1762925100000,56,optimized,retrieval,1057.25,1057.25,1057.2500641958652
2025-11-12T09:59:00,1762921740000,BANKNIFTY,2025-11-12T10:56:00,1762925160000,57,optimized,retrieval,1057.25,1057.25,1057.2500641958652
2025-11-12T09:59:00,1762921740000,BANKNIFTY,2025-11-12T10:57:00,1762925220000,58,optimized,retrieval,1057.25,1057.25,1057.2500641958652
2025-11-12T09:59:00,1762921740000,BANKNIFTY,2025-11-12T10:58:00,1762925280000,59,optimized,retrieval,1057.25,1057.25,1057.2500641958652
2025-11-12T09:59:00,1762921740000,BANKNIFTY,2025-11-12T10:59:00,1762925340000,60,optimized,retrieval,1057.25,1057.25,1057.2500641958652
2025-11-12T09:59:00,1762921740000,BANKNIFTY,2025-11-12T10:00:00,1762921800000,1,base,retrieval,1057.25,1057.25,1057.2500641958652
2025-11-12T09:59:00,1762921740000,BANKNIFTY,2025-11-12T10:01:00,1762921860000,2,base,retrieval,1057.25,1057.25,1057.2500641958652
2025-11-12T09:59:00,1762921740000,BANKNIFTY,2025-11-12T10:02:00,1762921920000,3,base,retrieval,1057.25,1057.25,1057.2500641958652
2025-11-12T09:59:00,1762921740000,BANKNIFTY,2025-11-12T10:03:00,1762921980000,4,base,retrieval,1057.25,1057.25,1057.2500641958652
2025-11-12T09:59:00,1762921740000,BANKNIFTY,2025-11-12T10:04:00,1762922040000,5,base,retrieval,1057.25,1057.25,1057.2500641958652
2025-11-12T09:59:00,1762921740000,BANKNIFTY,2025-11-12T10:05:00,1762922100000,6,base,retrieval,1057.25,1057.25,1057.2500641958652
2025-11-12T09:59:00,1762921740000,BANKNIFTY,2025-11-12T10:06:00,1762922160000,7,base,retrieval,1057.25,1057.25,1057.2500641958652
2025-11-12T09:59:00,1762921740000,BANKNIFTY,2025-11-12T10:07:00,1762922220000,8,base,retrieval,1057.25,1057.25,1057.2500641958652
2025-11-12T09:59:00,1762921740000,BANKNIFTY,2025-11-12T10:08:00,1762922280000,9,base,retrieval,1057.25,1057.25,1057.2500641958652
2025-11-12T09:59:00,1762921740000,BANKNIFTY,2025-11-12T10:09:00,1762922340000,10,base,retrieval,1057.25,1057.25,1057.2500641958652
2025-11-12T09:59:00,1762921740000,BANKNIFTY,2025-11-12T10:10:00,1762922400000,11,base,retrieval,1057.25,1057.25,1057.2500641958652
2025-11-12T09:59:00,1762921740000,BANKNIFTY,2025-11-12T10:11:00,1762922460000,12,base,retrieval,1057.25,1057.25,1057.2500641958652
2025-11-12T09:59:00,1762921740000,BANKNIFTY,2025-11-12T10:12:00,1762922520000,13,base,retrieval,1057.25,1057.25,1057.2500641958652
2025-11-12T09:59:00,1762921740000,BANKNIFTY,2025-11-12T10:13:00,1762922580000,14,base,retrieval,1057.25,1057.25,1057.2500641958652
2025-11-12T09:59:00,1762921740000,BANKNIFTY,2025-11-12T10:14:00,1762922640000,15,base,retrieval,1057.25,1057.25,1057.2500641958652
2025-11-12T09:59:00,1762921740000,BANKNIFTY,2025-11-12T10:15:00,1762922700000,16,base,retrieval,1057.25,1057.25,1057.2500641958652
2025-11-12T09:59:00,1762921740000,BANKNIFTY,2025-11-12T10:16:00,1762922760000,17,base,retrieval,1057.25,1057.25,1057.2500641958652
2025-11-12T09:59:00,1762921740000,BANKNIFTY,2025-11-12T10:17:00,1762922820000,18,base,retrieval,1057.25,1057.25,1057.2500641958652
2025-11-12T09:59:00,1762921740000,BANKNIFTY,2025-11-12T10:18:00,1762922880000,19,base,retrieval,1057.25,1057.25,1057.2500641958652
2025-11-12T09:59:00,1762921740000,BANKNIFTY,2025-11-12T10:19:00,1762922940000,20,base,retrieval,1057.25,1057.25,1057.2500641958652
2025-11-12T09:59:00,1762921740000,BANKNIFTY,2025-11-12T10:20:00,1762923000000,21,base,retrieval,1057.25,1057.25,1057.2500641958652
2025-11-12T09:59:00,1762921740000,BANKNIFTY,2025-11-12T10:21:00,1762923060000,22,base,retrieval,1057.25,1057.25,1057.2500641958652
2025-11-12T09:59:00,1762921740000,BANKNIFTY,2025-11-12T10:22:00,1762923120000,23,base,retrieval,1057.25,1057.25,1057.2500641958652
2025-11-12T09:59:00,1762921740000,BANKNIFTY,2025-11-12T10:23:00,1762923180000,24,base,retrieval,1057.25,1057.25,1057.2500641958652
2025-11-12T09:59:00,1762921740000,BANKNIFTY,2025-11-12T10:24:00,1762923240000,25,base,retrieval,1057.25,1057.25,1057.2500641958652
2025-11-12T09:59:00,1762921740000,BANKNIFTY,2025-11-12T10:25:00,1762923300000,26,base,retrieval,1057.25,1057.25,1057.2500641958652
2025-11-12T09:59:00,1762921740000,BANKNIFTY,2025-11-12T10:26:00,1762923360000,27,base,retrieval,1057.25,1057.25,1057.2500641958652
2025-11-12T09:59:00,1762921740000,BANKNIFTY,2025-11-12T10:27:00,1762923420000,28,base,retrieval,1057.25,1057.25,1057.2500641958652
2025-11-12T09:59:00,1762921740000,BANKNIFTY,2025-11-12T10:28:00,1762923480000,29,base,retrieval,1057.25,1057.25,1057.2500641958652
2025-11-12T09:59:00,1762921740000,BANKNIFTY,2025-11-12T10:29:00,1762923540000,30,base,retrieval,1057.25,1057.25,1057.2500641958652
2025-11-12T09:59:00,1762921740000,BANKNIFTY,2025-11-12T10:30:00,1762923600000,31,base,retrieval,1057.25,1057.25,1057.2500641958652
2025-11-12T09:59:00,1762921740000,BANKNIFTY,2025-11-12T10:31:00,1762923660000,32,base,retrieval,1057.25,1057.25,1057.2500641958652
2025-11-12T09:59:00,1762921740000,BANKNIFTY,2025-11-12T10:32:00,1762923720000,33,base,retrieval,1057.25,1057.25,1057.2500641958652
2025-11-12T09:59:00,1762921740000,BANKNIFTY,2025-11-12T10:33:00,1762923780000,34,base,retrieval,1057.25,1057.25,1057.2500641958652
2025-11-12T09:59:00,1762921740000,BANKNIFTY,2025-11-12T10:34:00,1762923840000,35,base,retrieval,1057.25,1057.25,1057.2500641958652
2025-11-12T09:59:00,1762921740000,BANKNIFTY,2025-11-12T10:35:00,1762923900000,36,base,retrieval,1057.25,1057.25,1057.2500641958652
2025-11-12T09:59:00,1762921740000,BANKNIFTY,2025-11-12T10:36:00,1762923960000,37,base,retrieval,1057.25,1057.25,1057.2500641958652
2025-11-12T09:59:00,1762921740000,BANKNIFTY,2025-11-12T10:37:00,1762924020000,38,base,retrieval,1057.25,1057.25,1057.2500641958652
2025-11-12T09:59:00,1762921740000,BANKNIFTY,2025-11-12T10:38:00,1762924080000,39,base,retrieval,1057.25,1057.25,1057.2500641958652
2025-11-12T09:59:00,1762921740000,BANKNIFTY,2025-11-12T10:39:00,1762924140000,40,base,retrieval,1057.25,1057.25,1057.2500641958652
2025-11-12T09:59:00,1762921740000,BANKNIFTY,2025-11-12T10:40:00,1762924200000,41,base,retrieval,1057.25,1057.25,1057.2500641958652
2025-11-12T09:59:00,1762921740000,BANKNIFTY,2025-11-12T10:41:00,1762924260000,42,base,retrieval,1057.25,1057.25,1057.2500641958652
2025-11-12T09:59:00,1762921740000,BANKNIFTY,2025-11-12T10:42:00,1762924320000,43,base,retrieval,1057.25,1057.25,1057.2500641958652
2025-11-12T09:59:00,1762921740000,BANKNIFTY,2025-11-12T10:43:00,1762924380000,44,base,retrieval,1057.25,1057.25,1057.2500641958652
2025-11-12T09:59:00,1762921740000,BANKNIFTY,2025-11-12T10:44:00,1762924440000,45,base,retrieval,1057.25,1057.25,1057.2500641958652
2025-11-12T09:59:00,1762921740000,BANKNIFTY,2025-11-12T10:45:00,1762924500000,46,base,retrieval,1057.25,1057.25,1057.2500641958652
2025-11-12T09:59:00,1762921740000,BANKNIFTY,2025-11-12T10:46:00,1762924560000,47,base,retrieval,1057.25,1057.25,1057.2500641958652
2025-11-12T09:59:00,1762921740000,BANKNIFTY,2025-11-12T10:47:00,1762924620000,48,base,retrieval,1057.25,1057.25,1057.2500641958652
2025-11-12T09:59:00,1762921740000,BANKNIFTY,2025-11-12T10:48:00,1762924680000,49,base,retrieval,1057.25,1057.25,1057.2500641958652
2025-11-12T09:59:00,1762921740000,BANKNIFTY,2025-11-12T10:49:00,1762924740000,50,base,retrieval,1057.25,1057.25,1057.2500641958652
2025-11-12T09:59:00,1762921740000,BANKNIFTY,2025-11-12T10:50:00,1762924800000,51,base,retrieval,1057.25,1057.25,1057.2500641958652
2025-11-12T09:59:00,1762921740000,BANKNIFTY,2025-11-12T10:51:00,1762924860000,52,base,retrieval,1057.25,1057.25,1057.2500641958652
2025-11-12T09:59:00,1762921740000,BANKNIFTY,2025-11-12T10:52:00,1762924920000,53,base,retrieval,1057.25,1057.25,1057.2500641958652
2025-11-12T09:59:00,1762921740000,BANKNIFTY,2025-11-12T10:53:00,1762924980000,54,base,retrieval,1057.25,1057.25,1057.2500641958652
2025-11-12T09:59:00,1762921740000,BANKNIFTY,2025-11-12T10:54:00,1762925040000,55,base,retrieval,1057.25,1057.25,1057.2500641958652
2025-11-12T09:59:00,1762921740000,BANKNIFTY,2025-11-12T10:55:00,1762925100000,56,base,retrieval,1057.25,1057.25,1057.2500641958652
2025-11-12T09:59:00,1762921740000,BANKNIFTY,2025-11-12T10:56:00,1762925160000,57,base,retrieval,1057.25,1057.25,1057.2500641958652
2025-11-12T09:59:00,1762921740000,BANKNIFTY,2025-11-12T10:57:00,1762925220000,58,base,retrieval,1057.25,1057.25,1057.2500641958652
2025-11-12T09:59:00,1762921740000,BANKNIFTY,2025-11-12T10:58:00,1762925280000,59,base,retrieval,1057.25,1057.25,1057.2500641958652
2025-11-12T09:59:00,1762921740000,BANKNIFTY,2025-11-12T10:59:00,1762925340000,60,base,retrieval,1057.25,1057.25,1057.2500641958652
2025-11-12T09:59:00,1762921740000,BANKNIFTY,2025-11-12T10:00:00,1762921800000,1,since_open,hybrid,1050.413140344548,1057.25,1065.0337486687656
2025-11-12T09:59:00,1762921740000,BANKNIFTY,2025-11-12T10:01:00,1762921860000,2,since_open,hybrid,1043.8185538136074,1057.0750000000003,1063.0131175411204
2025-11-12T09:59:00,1762921740000,BANKNIFTY,2025-11-12T10:02:00,1762921920000,3,since_open,hybrid,1044.50140419732,1056.9875,1060.8873988175465
2025-11-12T09:59:00,1762921740000,BANKNIFTY,2025-11-12T10:03:00,1762921980000,4,since_open,hybrid,1050.7427282067233,1058.9437500000001,1061.6399763429952
2025-11-12T09:59:00,1762921740000,BANKNIFTY,2025-11-12T10:04:00,1762922040000,5,since_open,hybrid,1048.467351981194,1057.0375000000001,1059.8460691072867
2025-11-12T09:59:00,1762921740000,BANKNIFTY,2025-11-12T10:05:00,1762922100000,6,since_open,hybrid,1045.2998458535487,1055.7156250000003,1061.1722735513
2025-11-12T09:59:00,1762921740000,BANKNIFTY,2025-11-12T10:06:00,1762922160000,7,since_open,hybrid,1045.542986624885,1057.75625,1065.1548234769093
2025-11-12T09:59:00,1762921740000,BANKNIFTY,2025-11-12T10:07:00,1762922220000,8,since_open,hybrid,1047.1038525136878,1058.7875,1065.945338981999
2025-11-12T09:59:00,1762921740000,BANKNIFTY,2025-11-12T10:08:00,1762922280000,9,since_open,hybrid,1047.152942826921,1059.4624999999999,1065.1598830462099
2025-11-12T09:59:00,1762921740000,BANKNIFTY,2025-11-12T10:09:00,1762922340000,10,since_open,hybrid,1045.2024571064817,1058.121875,1064.0760415074476
2025-11-12T09:59:00,1762921740000,BANKNIFTY,2025-11-12T10:10:00,1762922400000,11,since_open,hybrid,1043.4661195105534,1056.578125,1063.5915232850527
2025-11-12T09:59:00,1762921740000,BANKNIFTY,2025-11-12T10:11:00,1762922460000,12,since_open,hybrid,1042.8859841738267,1055.8374999999999,1058.854705669542
2025-11-12T09:59:00,1762921740000,BANKNIFTY,2025-11-12T10:12:00,1762922520000,13,since_open,hybrid,1043.0130225371809,1054.23125,1057.3126515348517
2025-11-12T09:59:00,1762921740000,BANKNIFTY,2025-11-12T10:13:00,1762922580000,14,since_open,hybrid,1046.7064720790777,1056.7531250000002,1063.124564631959
2025-11-12T09:59:00,1762921740000,BANKNIFTY,2025-11-12T10:14:00,1762922640000,15,since_open,hybrid,1045.3575530148664,1053.94375,1059.8016227094834
2025-11-12T09:59:00,1762921740000,BANKNIFTY,2025-11-12T10:15:00,1762922700000,16,since_open,hybrid,1053.6995199804173,1057.503125,1061.370925884892
2025-11-12T09:59:00,1762921740000,BANKNIFTY,2025-11-12T10:16:00,1762922760000,17,since_open,hybrid,1049.4544700548079,1055.2,1060.7850402819183
2025-11-12T09:59:00,1762921740000,BANKNIFTY,2025-11-12T10:17:00,1762922820000,18,since_open,hybrid,1049.733982149557,1058.3843749999999,1062.589204177766
2025-11-12T09:59:00,1762921740000,BANKNIFTY,2025-11-12T10:18:00,1762922880000,19,since_open,hybrid,1055.6776589937313,1058.534375,1061.182454444013
2025-11-12T09:59:00,1762921740000,BANKNIFTY,2025-11-12T10:19:00,1762922940000,20,since_open,hybrid,1048.3384745301357,1057.646875,1062.573907662497
2025-11-12T09:59:00,1762921740000,BANKNIFTY,2025-11-12T10:20:00,1762923000000,21,since_open,hybrid,1048.547001597481,1057.8875,1062.7824347298424
2025-11-12T09:59:00,1762921740000,BANKNIFTY,2025-11-12T10:21:00,1762923060000,22,since_open,hybrid,1047.4140557321718,1056.8187500000001,1061.2161667736946
2025-11-12T09:59:00,1762921740000,BANKNIFTY,2025-11-12T10:22:00,1762923120000,23,since_open,hybrid,1041.184950978836,1055.95,1060.2190250430756
2025-11-12T09:59:00,1762921740000,BANKNIFTY,2025-11-12T10:23:00,1762923180000,24,since_open,hybrid,1044.5832016718714,1055.8656250000001,1060.6642659318784
2025-11-12T09:59:00,1762921740000,BANKNIFTY,2025-11-12T10:24:00,1762923240000,25,since_open,hybrid,1044.2730404933288,1054.9937499999999,1059.872635763515
2025-11-12T09:59:00,1762921740000,BANKNIFTY,2025-11-12T10:25:00,1762923300000,26,since_open,hybrid,1042.587250371952,1052.296875,1058.363384271739
2025-11-12T09:59:00,1762921740000,BANKNIFTY,2025-11-12T10:26:00,1762923360000,27,since_open,hybrid,1040.1138704698358,1051.3000000000002,1055.938151268605
2025-11-12T09:59:00,1762921740000,BANKNIFTY,2025-11-12T10:27:00,1762923420000,28,since_open,hybrid,1039.9657656107947,1048.359375,1055.8381933085461
2025-11-12T09:59:00,1762921740000,BANKNIFTY,2025-11-12T10:28:00,1762923480000,29,since_open,hybrid,1042.2497840994367,1053.2593750000003,1058.587631820681
2025-11-12T09:59:00,1762921740000,BANKNIFTY,2025-11-12T10:29:00,1762923540000,30,since_open,hybrid,1041.7025328739073,1053.0812500000002,1057.9761847298423
2025-11-12T09:59:00,1762921740000,BANKNIFTY,2025-11-12T10:30:00,1762923600000,31,since_open,hybrid,1042.9346588331896,1052.3875,1058.454009271739
2025-11-12T09:59:00,1762921740000,BANKNIFTY,2025-11-12T10:31:00,1762923660000,32,since_open,hybrid,1042.473088234127,1053.546875,1058.104781436968
2025-11-12T09:59:00,1762921740000,BANKNIFTY,2025-11-12T10:32:00,1762923720000,33,since_open,hybrid,1042.0694157595756,1054.346875,1059.6269849216987
2025-11-12T09:59:00,1762921740000,BANKNIFTY,2025-11-12T10:33:00,1762923780000,34,since_open,hybrid,1042.1082914526112,1050.9031250000003,1059.0880978269497
2025-11-12T09:59:00,1762921740000,BANKNIFTY,2025-11-12T10:34:00,1762923840000,35,since_open,hybrid,1043.7168382341272,1054.790625,1059.0115031440937
2025-11-12T09:59:00,1762921740000,BANKNIFTY,2025-11-12T10:35:00,1762923900000,36,since_open,hybrid,1037.747391836324,1045.7718750000001,1057.391326621003
2025-11-12T09:59:00,1762921740000,BANKNIFTY,2025-11-12T10:36:00,1762923960000,37,since_open,hybrid,1040.2677001800957,1050.3625000000002,1059.2375783790258
2025-11-12T09:59:00,1762921740000,BANKNIFTY,2025-11-12T10:37:00,1762924020000,38,since_open,hybrid,1038.2479252975616,1046.015625,1054.3771364565505
2025-11-12T09:59:00,1762921740000,BANKNIFTY,2025-11-12T10:38:00,1762924080000,39,since_open,hybrid,1042.3115202466645,1047.6718750000002,1055.6642602310214
2025-11-12T09:59:00,1762921740000,BANKNIFTY,2025-11-12T10:39:00,1762924140000,40,since_open,hybrid,1039.317099263889,1047.06875,1055.719142850443
2025-11-12T09:59:00,1762921740000,BANKNIFTY,2025-11-12T10:40:00,1762924200000,41,since_open,hybrid,1040.896243445566,1047.78125,1055.1958724432366
2025-11-12T09:59:00,1762921740000,BANKNIFTY,2025-11-12T10:41:00,1762924260000,42,since_open,hybrid,1040.714999146423,1050.79375,1054.709697783874
2025-11-12T09:59:00,1762921740000,BANKNIFTY,2025-11-12T10:42:00,1762924320000,43,since_open,hybrid,1039.8830724627903,1049.159375,1053.8777711002415
2025-11-12T09:59:00,1762921740000,BANKNIFTY,2025-11-12T10:43:00,1762924380000,44,since_open,hybrid,1040.3672622004544,1051.425,1056.5606692247527
2025-11-12T09:59:00,1762921740000,BANKNIFTY,2025-11-12T10:44:00,1762924440000,45,since_open,hybrid,1040.5682139271626,1048.1593750000002,1059.281308664855
2025-11-12T09:59:00,1762921740000,BANKNIFTY,2025-11-12T10:45:00,1762924500000,46,since_open,hybrid,1040.8357734964632,1050.128125,1060.8488345066712
2025-11-12T09:59:00,1762921740000,BANKNIFTY,2025-11-12T10:46:00,1762924560000,47,since_open,hybrid,1038.2489641934094,1047.3968750000001,1057.379332055613
2025-11-12T09:59:00,1762921740000,BANKNIFTY,2025-11-12T10:47:00,1762924620000,48,since_open,hybrid,1042.2612171769613,1053.784375,1062.3063761198239
2025-11-12T09:59:00,1762921740000,BANKNIFTY,2025-11-12T10:48:00,1762924680000,49,since_open,hybrid,1043.0117169107143,1052.9781249999999,1058.5792142482458
2025-11-12T09:59:00,1762921740000,BANKNIFTY,2025-11-12T10:49:00,1762924740000,50,since_open,hybrid,1039.9658133515932,1048.7125,1056.0629265779273
2025-11-12T09:59:00,1762921740000,BANKNIFTY,2025-11-12T10:50:00,1762924800000,51,since_open,hybrid,1040.6213923688174,1051.7593749999999,1057.135778719663
2025-11-12T09:59:00,1762921740000,BANKNIFTY,2025-11-12T10:51:00,1762924860000,52,since_open,hybrid,1040.911073954566,1051.3749999999998,1056.7193057870081
2025-11-12T09:59:00,1762921740000,BANKNIFTY,2025-11-12T10:52:00,1762924920000,53,since_open,hybrid,1040.7538665270013,1051.490625,1057.460840473775
2025-11-12T09:59:00,1762921740000,BANKNIFTY,2025-11-12T10:53:00,1762924980000,54,since_open,hybrid,1038.9480602074996,1051.915625,1056.7784617971877
2025-11-12T09:59:00,1762921740000,BANKNIFTY,2025-11-12T10:54:00,1762925040000,55,since_open,hybrid,1040.1649373923108,1050.8374999999999,1055.0583781440937
2025-11-12T09:59:00,1762921740000,BANKNIFTY,2025-11-12T10:55:00,1762925100000,56,since_open,hybrid,1040.0084403758626,1053.0562499999999,1060.2140889819987
2025-11-12T09:59:00,1762921740000,BANKNIFTY,2025-11-12T10:56:00,1762925160000,57,since_open,hybrid,1038.1754747963826,1049.040625,1059.9699710689267
2025-11-12T09:59:00,1762921740000,BANKNIFTY,2025-11-12T10:57:00,1762925220000,58,since_open,hybrid,1038.401465951432,1050.29375,1061.7045650587474
2025-11-12T09:59:00,1762921740000,BANKNIFTY,2025-11-12T10:58:00,1762925280000,59,since_open,hybrid,1037.020920661692,1047.8218749999999,1057.7080382576487
2025-11-12T09:59:00,1762921740000,BANKNIFTY,2025-11-12T10:59:00,1762925340000,60,since_open,hybrid,1035.8802058809526,1049.1687500000003,1056.2302951840352
2025-11-12T09:59:00,1762921740000,BANKNIFTY,2025-11-12T10:00:00,1762921800000,1,wide_bands,retrieval,1057.25,1057.25,1057.2500641958652
2025-11-12T09:59:00,1762921740000,BANKNIFTY,2025-11-12T10:01:00,1762921860000,2,wide_bands,retrieval,1057.25,1057.25,1057.2500641958652
2025-11-12T09:59:00,1762921740000,BANKNIFTY,2025-11-12T10:02:00,1762921920000,3,wide_bands,retrieval,1057.25,1057.25,1057.2500641958652
2025-11-12T09:59:00,1762921740000,BANKNIFTY,2025-11-12T10:03:00,1762921980000,4,wide_bands,retrieval,1057.25,1057.25,1057.2500641958652
2025-11-12T09:59:00,1762921740000,BANKNIFTY,2025-11-12T10:04:00,1762922040000,5,wide_bands,retrieval,1057.25,1057.25,1057.2500641958652
2025-11-12T09:59:00,1762921740000,BANKNIFTY,2025-11-12T10:05:00,1762922100000,6,wide_bands,retrieval,1057.25,1057.25,1057.2500641958652
2025-11-12T09:59:00,1762921740000,BANKNIFTY,2025-11-12T10:06:00,1762922160000,7,wide_bands,retrieval,1057.25,1057.25,1057.2500641958652
2025-11-12T09:59:00,1762921740000,BANKNIFTY,2025-11-12T10:07:00,1762922220000,8,wide_bands,retrieval,1057.25,1057.25,1057.2500641958652
2025-11-12T09:59:00,1762921740000,BANKNIFTY,2025-11-12T10:08:00,1762922280000,9,wide_bands,retrieval,1057.25,1057.25,1057.2500641958652
2025-11-12T09:59:00,1762921740000,BANKNIFTY,2025-11-12T10:09:00,1762922340000,10,wide_bands,retrieval,1057.25,1057.25,1057.2500641958652
2025-11-12T09:59:00,1762921740000,BANKNIFTY,2025-11-12T10:10:00,1762922400000,11,wide_bands,retrieval,1057.25,1057.25,1057.2500641958652
2025-11-12T09:59:00,1762921740000,BANKNIFTY,2025-11-12T10:11:00,1762922460000,12,wide_bands,retrieval,1057.25,1057.25,1057.2500641958652
2025-11-12T09:59:00,1762921740000,BANKNIFTY,2025-11-12T10:12:00,1762922520000,13,wide_bands,retrieval,1057.25,1057.25,1057.2500641958652
2025-11-12T09:59:00,1762921740000,BANKNIFTY,2025-11-12T10:13:00,1762922580000,14,wide_bands,retrieval,1057.25,1057.25,1057.2500641958652
2025-11-12T09:59:00,1762921740000,BANKNIFTY,2025-11-12T10:14:00,1762922640000,15,wide_bands,retrieval,1057.25,1057.25,1057.2500641958652
2025-11-12T09:59:00,1762921740000,BANKNIFTY,2025-11-12T10:15:00,1762922700000,16,wide_bands,retrieval,1057.25,1057.25,1057.2500641958652
2025-11-12T09:59:00,1762921740000,BANKNIFTY,2025-11-12T10:16:00,1762922760000,17,wide_bands,retrieval,1057.25,1057.25,1057.2500641958652
2025-11-12T09:59:00,1762921740000,BANKNIFTY,2025-11-12T10:17:00,1762922820000,18,wide_bands,retrieval,1057.25,1057.25,1057.2500641958652
2025-11-12T09:59:00,1762921740000,BANKNIFTY,2025-11-12T10:18:00,1762922880000,19,wide_bands,retrieval,1057.25,1057.25,1057.2500641958652
2025-11-12T09:59:00,1762921740000,BANKNIFTY,2025-11-12T10:19:00,1762922940000,20,wide_bands,retrieval,1057.25,1057.25,1057.2500641958652
2025-11-12T09:59:00,1762921740000,BANKNIFTY,2025-11-12T10:20:00,1762923000000,21,wide_bands,retrieval,1057.25,1057.25,1057.2500641958652
2025-11-12T09:59:00,1762921740000,BANKNIFTY,2025-11-12T10:21:00,1762923060000,22,wide_bands,retrieval,1057.25,1057.25,1057.2500641958652
2025-11-12T09:59:00,1762921740000,BANKNIFTY,2025-11-12T10:22:00,1762923120000,23,wide_bands,retrieval,1057.25,1057.25,1057.2500641958652
2025-11-12T09:59:00,1762921740000,BANKNIFTY,2025-11-12T10:23:00,1762923180000,24,wide_bands,retrieval,1057.25,1057.25,1057.2500641958652
2025-11-12T09:59:00,1762921740000,BANKNIFTY,2025-11-12T10:24:00,1762923240000,25,wide_bands,retrieval,1057.25,1057.25,1057.2500641958652
2025-11-12T09:59:00,1762921740000,BANKNIFTY,2025-11-12T10:25:00,1762923300000,26,wide_bands,retrieval,1057.25,1057.25,1057.2500641958652
2025-11-12T09:59:00,1762921740000,BANKNIFTY,2025-11-12T10:26:00,1762923360000,27,wide_bands,retrieval,1057.25,1057.25,1057.2500641958652
2025-11-12T09:59:00,1762921740000,BANKNIFTY,2025-11-12T10:27:00,1762923420000,28,wide_bands,retrieval,1057.25,1057.25,1057.2500641958652
2025-11-12T09:59:00,1762921740000,BANKNIFTY,2025-11-12T10:28:00,1762923480000,29,wide_bands,retrieval,1057.25,1057.25,1057.2500641958652
2025-11-12T09:59:00,1762921740000,BANKNIFTY,2025-11-12T10:29:00,1762923540000,30,wide_bands,retrieval,1057.25,1057.25,1057.2500641958652
2025-11-12T09:59:00,1762921740000,BANKNIFTY,2025-11-12T10:30:00,1762923600000,31,wide_bands,retrieval,1057.25,1057.25,1057.2500641958652
2025-11-12T09:59:00,1762921740000,BANKNIFTY,2025-11-12T10:31:00,1762923660000,32,wide_bands,retrieval,1057.25,1057.25,1057.2500641958652
2025-11-12T09:59:00,1762921740000,BANKNIFTY,2025-11-12T10:32:00,1762923720000,33,wide_bands,retrieval,1057.25,1057.25,1057.2500641958652
2025-11-12T09:59:00,1762921740000,BANKNIFTY,2025-11-12T10:33:00,1762923780000,34,wide_bands,retrieval,1057.25,1057.25,1057.2500641958652
2025-11-12T09:59:00,1762921740000,BANKNIFTY,2025-11-12T10:34:00,1762923840000,35,wide_bands,retrieval,1057.25,1057.25,1057.2500641958652
2025-11-12T09:59:00,1762921740000,BANKNIFTY,2025-11-12T10:35:00,1762923900000,36,wide_bands,retrieval,1057.25,1057.25,1057.2500641958652
2025-11-12T09:59:00,1762921740000,BANKNIFTY,2025-11-12T10:36:00,1762923960000,37,wide_bands,retrieval,1057.25,1057.25,1057.2500641958652
2025-11-12T09:59:00,1762921740000,BANKNIFTY,2025-11-12T10:37:00,1762924020000,38,wide_bands,retrieval,1057.25,1057.25,1057.2500641958652
2025-11-12T09:59:00,1762921740000,BANKNIFTY,2025-11-12T10:38:00,1762924080000,39,wide_bands,retrieval,1057.25,1057.25,1057.2500641958652
2025-11-12T09:59:00,1762921740000,BANKNIFTY,2025-11-12T10:39:00,1762924140000,40,wide_bands,retrieval,1057.25,1057.25,1057.2500641958652
2025-11-12T09:59:00,1762921740000,BANKNIFTY,2025-11-12T10:40:00,1762924200000,41,wide_bands,retrieval,1057.25,1057.25,1057.2500641958652
2025-11-12T09:59:00,1762921740000,BANKNIFTY,2025-11-12T10:41:00,1762924260000,42,wide_bands,retrieval,1057.25,1057.25,1057.2500641958652
2025-11-12T09:59:00,1762921740000,BANKNIFTY,2025-11-12T10:42:00,1762924320000,43,wide_bands,retrieval,1057.25,1057.25,1057.2500641958652
2025-11-12T09:59:00,1762921740000,BANKNIFTY,2025-11-12T10:43:00,1762924380000,44,wide_bands,retrieval,1057.25,1057.25,1057.2500641958652
2025-11-12T09:59:00,1762921740000,BANKNIFTY,2025-11-12T10:44:00,1762924440000,45,wide_bands,retrieval,1057.25,1057.25,1057.2500641958652
2025-11-12T09:59:00,1762921740000,BANKNIFTY,2025-11-12T10:45:00,1762924500000,46,wide_bands,retrieval,1057.25,1057.25,1057.2500641958652
2025-11-12T09:59:00,1762921740000,BANKNIFTY,2025-11-12T10:46:00,1762924560000,47,wide_bands,retrieval,1057.25,1057.25,1057.2500641958652
2025-11-12T09:59:00,1762921740000,BANKNIFTY,2025-11-12T10:47:00,1762924620000,48,wide_bands,retrieval,1057.25,1057.25,1057.2500641958652
2025-11-12T09:59:00,1762921740000,BANKNIFTY,2025-11-12T10:48:00,1762924680000,49,wide_bands,retrieval,1057.25,1057.25,1057.2500641958652
2025-11-12T09:59:00,1762921740000,BANKNIFTY,2025-11-12T10:49:00,1762924740000,50,wide_bands,retrieval,1057.25,1057.25,1057.2500641958652
2025-11-12T09:59:00,1762921740000,BANKNIFTY,2025-11-12T10:50:00,1762924800000,51,wide_bands,retrieval,1057.25,1057.25,1057.2500641958652
2025-11-12T09:59:00,1762921740000,BANKNIFTY,2025-11-12T10:51:00,1762924860000,52,wide_bands,retrieval,1057.25,1057.25,1057.2500641958652
2025-11-12T09:59:00,1762921740000,BANKNIFTY,2025-11-12T10:52:00,1762924920000,53,wide_bands,retrieval,1057.25,1057.25,1057.2500641958652
2025-11-12T09:59:00,1762921740000,BANKNIFTY,2025-11-12T10:53:00,1762924980000,54,wide_bands,retrieval,1057.25,1057.25,1057.2500641958652
2025-11-12T09:59:00,1762921740000,BANKNIFTY,2025-11-12T10:54:00,1762925040000,55,wide_bands,retrieval,1057.25,1057.25,1057.2500641958652
2025-11-12T09:59:00,1762921740000,BANKNIFTY,2025-11-12T10:55:00,1762925100000,56,wide_bands,retrieval,1057.25,1057.25,1057.2500641958652
2025-11-12T09:59:00,1762921740000,BANKNIFTY,2025-11-12T10:56:00,1762925160000,57,wide_bands,retrieval,1057.25,1057.25,1057.2500641958652
2025-11-12T09:59:00,1762921740000,BANKNIFTY,2025-11-12T10:57:00,1762925220000,58,wide_bands,retrieval,1057.25,1057.25,1057.2500641958652
2025-11-12T09:59:00,1762921740000,BANKNIFTY,2025-11-12T10:58:00,1762925280000,59,wide_bands,retrieval,1057.25,1057.25,1057.2500641958652
2025-11-12T09:59:00,1762921740000,BANKNIFTY,2025-11-12T10:59:00,1762925340000,60,wide_bands,retrieval,1057.25,1057.25,1057.2500641958652
2025-11-12T09:59:00,1762921740000,BANKNIFTY,2025-11-12T10:00:00,1762921800000,1,wide_bands,retrieval,1057.25,1057.25,1057.2500641958652
2025-11-12T09:59:00,1762921740000,BANKNIFTY,2025-11-12T10:01:00,1762921860000,2,wide_bands,retrieval,1057.25,1057.25,1057.2500641958652
2025-11-12T09:59:00,1762921740000,BANKNIFTY,2025-11-12T10:02:00,1762921920000,3,wide_bands,retrieval,1057.25,1057.25,1057.2500641958652
2025-11-12T09:59:00,1762921740000,BANKNIFTY,2025-11-12T10:03:00,1762921980000,4,wide_bands,retrieval,1057.25,1057.25,1057.2500641958652
2025-11-12T09:59:00,1762921740000,BANKNIFTY,2025-11-12T10:04:00,1762922040000,5,wide_bands,retrieval,1057.25,1057.25,1057.2500641958652
2025-11-12T09:59:00,1762921740000,BANKNIFTY,2025-11-12T10:05:00,1762922100000,6,wide_bands,retrieval,1057.25,1057.25,1057.2500641958652
2025-11-12T09:59:00,1762921740000,BANKNIFTY,2025-11-12T10:06:00,1762922160000,7,wide_bands,retrieval,1057.25,1057.25,1057.2500641958652
2025-11-12T09:59:00,1762921740000,BANKNIFTY,2025-11-12T10:07:00,1762922220000,8,wide_bands,retrieval,1057.25,1057.25,1057.2500641958652
2025-11-12T09:59:00,1762921740000,BANKNIFTY,2025-11-12T10:08:00,1762922280000,9,wide_bands,retrieval,1057.25,1057.25,1057.2500641958652
2025-11-12T09:59:00,1762921740000,BANKNIFTY,2025-11-12T10:09:00,1762922340000,10,wide_bands,retrieval,1057.25,1057.25,1057.2500641958652
2025-11-12T09:59:00,1762921740000,BANKNIFTY,2025-11-12T10:10:00,1762922400000,11,wide_bands,retrieval,1057.25,1057.25,1057.2500641958652
2025-11-12T09:59:00,1762921740000,BANKNIFTY,2025-11-12T10:11:00,1762922460000,12,wide_bands,retrieval,1057.25,1057.25,1057.2500641958652
2025-11-12T09:59:00,1762921740000,BANKNIFTY,2025-11-12T10:12:00,1762922520000,13,wide_bands,retrieval,1057.25,1057.25,1057.2500641958652
2025-11-12T09:59:00,1762921740000,BANKNIFTY,2025-11-12T10:13:00,1762922580000,14,wide_bands,retrieval,1057.25,1057.25,1057.2500641958652
2025-11-12T09:59:00,1762921740000,BANKNIFTY,2025-11-12T10:14:00,1762922640000,15,wide_bands,retrieval,1057.25,1057.25,1057.2500641958652
2025-11-12T09:59:00,1762921740000,BANKNIFTY,2025-11-12T10:15:00,1762922700000,16,wide_bands,retrieval,1057.25,1057.25,1057.2500641958652
2025-11-12T09:59:00,1762921740000,BANKNIFTY,2025-11-12T10:16:00,1762922760000,17,wide_bands,retrieval,1057.25,1057.25,1057.2500641958652
2025-11-12T09:59:00,1762921740000,BANKNIFTY,2025-11-12T10:17:00,1762922820000,18,wide_bands,retrieval,1057.25,1057.25,1057.2500641958652
2025-11-12T09:59:00,1762921740000,BANKNIFTY,2025-11-12T10:18:00,1762922880000,19,wide_bands,retrieval,1057.25,1057.25,1057.2500641958652
2025-11-12T09:59:00,1762921740000,BANKNIFTY,2025-11-12T10:19:00,1762922940000,20,wide_bands,retrieval,1057.25,1057.25,1057.2500641958652
2025-11-12T09:59:00,1762921740000,BANKNIFTY,2025-11-12T10:20:00,1762923000000,21,wide_bands,retrieval,1057.25,1057.25,1057.2500641958652
2025-11-12T09:59:00,1762921740000,BANKNIFTY,2025-11-12T10:21:00,1762923060000,22,wide_bands,retrieval,1057.25,1057.25,1057.2500641958652
2025-11-12T09:59:00,1762921740000,BANKNIFTY,2025-11-12T10:22:00,1762923120000,23,wide_bands,retrieval,1057.25,1057.25,1057.2500641958652
2025-11-12T09:59:00,1762921740000,BANKNIFTY,2025-11-12T10:23:00,1762923180000,24,wide_bands,retrieval,1057.25,1057.25,1057.2500641958652
2025-11-12T09:59:00,1762921740000,BANKNIFTY,2025-11-12T10:24:00,1762923240000,25,wide_bands,retrieval,1057.25,1057.25,1057.2500641958652
2025-11-12T09:59:00,1762921740000,BANKNIFTY,2025-11-12T10:25:00,1762923300000,26,wide_bands,retrieval,1057.25,1057.25,1057.2500641958652
2025-11-12T09:59:00,1762921740000,BANKNIFTY,2025-11-12T10:26:00,1762923360000,27,wide_bands,retrieval,1057.25,1057.25,1057.2500641958652
2025-11-12T09:59:00,1762921740000,BANKNIFTY,2025-11-12T10:27:00,1762923420000,28,wide_bands,retrieval,1057.25,1057.25,1057.2500641958652
2025-11-12T09:59:00,1762921740000,BANKNIFTY,2025-11-12T10:28:00,1762923480000,29,wide_bands,retrieval,1057.25,1057.25,1057.2500641958652
2025-11-12T09:59:00,1762921740000,BANKNIFTY,2025-11-12T10:29:00,1762923540000,30,wide_bands,retrieval,1057.25,1057.25,1057.2500641958652
2025-11-12T09:59:00,1762921740000,BANKNIFTY,2025-11-12T10:30:00,1762923600000,31,wide_bands,retrieval,1057.25,1057.25,1057.2500641958652
2025-11-12T09:59:00,1762921740000,BANKNIFTY,2025-11-12T10:31:00,1762923660000,32,wide_bands,retrieval,1057.25,1057.25,1057.2500641958652
2025-11-12T09:59:00,1762921740000,BANKNIFTY,2025-11-12T10:32:00,1762923720000,33,wide_bands,retrieval,1057.25,1057.25,1057.2500641958652
2025-11-12T09:59:00,1762921740000,BANKNIFTY,2025-11-12T10:33:00,1762923780000,34,wide_bands,retrieval,1057.25,1057.25,1057.2500641958652
2025-11-12T09:59:00,1762921740000,BANKNIFTY,2025-11-12T10:34:00,1762923840000,35,wide_bands,retrieval,1057.25,1057.25,1057.2500641958652
2025-11-12T09:59:00,1762921740000,BANKNIFTY,2025-11-12T10:35:00,1762923900000,36,wide_bands,retrieval,1057.25,1057.25,1057.2500641958652
2025-11-12T09:59:00,1762921740000,BANKNIFTY,2025-11-12T10:36:00,1762923960000,37,wide_bands,retrieval,1057.25,1057.25,1057.2500641958652
2025-11-12T09:59:00,1762921740000,BANKNIFTY,2025-11-12T10:37:00,1762924020000,38,wide_bands,retrieval,1057.25,1057.25,1057.2500641958652
2025-11-12T09:59:00,1762921740000,BANKNIFTY,2025-11-12T10:38:00,1762924080000,39,wide_bands,retrieval,1057.25,1057.25,1057.2500641958652
2025-11-12T09:59:00,1762921740000,BANKNIFTY,2025-11-12T10:39:00,1762924140000,40,wide_bands,retrieval,1057.25,1057.25,1057.2500641958652
2025-11-12T09:59:00,1762921740000,BANKNIFTY,2025-11-12T10:40:00,1762924200000,41,wide_bands,retrieval,1057.25,1057.25,1057.2500641958652
2025-11-12T09:59:00,1762921740000,BANKNIFTY,2025-11-12T10:41:00,1762924260000,42,wide_bands,retrieval,1057.25,1057.25,1057.2500641958652
2025-11-12T09:59:00,1762921740000,BANKNIFTY,2025-11-12T10:42:00,1762924320000,43,wide_bands,retrieval,1057.25,1057.25,1057.2500641958652
2025-11-12T09:59:00,1762921740000,BANKNIFTY,2025-11-12T10:43:00,1762924380000,44,wide_bands,retrieval,1057.25,1057.25,1057.2500641958652
2025-11-12T09:59:00,1762921740000,BANKNIFTY,2025-11-12T10:44:00,1762924440000,45,wide_bands,retrieval,1057.25,1057.25,1057.2500641958652
2025-11-12T09:59:00,1762921740000,BANKNIFTY,2025-11-12T10:45:00,1762924500000,46,wide_bands,retrieval,1057.25,1057.25,1057.2500641958652
2025-11-12T09:59:00,1762921740000,BANKNIFTY,2025-11-12T10:46:00,1762924560000,47,wide_bands,retrieval,1057.25,1057.25,1057.2500641958652
2025-11-12T09:59:00,1762921740000,BANKNIFTY,2025-11-12T10:47:00,1762924620000,48,wide_bands,retrieval,1057.25,1057.25,1057.2500641958652
2025-11-12T09:59:00,1762921740000,BANKNIFTY,2025-11-12T10:48:00,1762924680000,49,wide_bands,retrieval,1057.25,1057.25,1057.2500641958652
2025-11-12T09:59:00,1762921740000,BANKNIFTY,2025-11-12T10:49:00,1762924740000,50,wide_bands,retrieval,1057.25,1057.25,1057.2500641958652
2025-11-12T09:59:00,1762921740000,BANKNIFTY,2025-11-12T10:50:00,1762924800000,51,wide_bands,retrieval,1057.25,1057.25,1057.2500641958652
2025-11-12T09:59:00,1762921740000,BANKNIFTY,2025-11-12T10:51:00,1762924860000,52,wide_bands,retrieval,1057.25,1057.25,1057.2500641958652
2025-11-12T09:59:00,1762921740000,BANKNIFTY,2025-11-12T10:52:00,1762924920000,53,wide_bands,retrieval,1057.25,1057.25,1057.2500641958652
2025-11-12T09:59:00,1762921740000,BANKNIFTY,2025-11-12T10:53:00,1762924980000,54,wide_bands,retrieval,1057.25,1057.25,1057.2500641958652
2025-11-12T09:59:00,1762921740000,BANKNIFTY,2025-11-12T10:54:00,1762925040000,55,wide_bands,retrieval,1057.25,1057.25,1057.2500641958652
2025-11-12T09:59:00,1762921740000,BANKNIFTY,2025-11-12T10:55:00,1762925100000,56,wide_bands,retrieval,1057.25,1057.25,1057.2500641958652
2025-11-12T09:59:00,1762921740000,BANKNIFTY,2025-11-12T10:56:00,1762925160000,57,wide_bands,retrieval,1057.25,1057.25,1057.2500641958652
2025-11-12T09:59:00,1762921740000,BANKNIFTY,2025-11-12T10:57:00,1762925220000,58,wide_bands,retrieval,1057.25,1057.25,1057.2500641958652
2025-11-12T09:59:00,1762921740000,BANKNIFTY,2025-11-12T10:58:00,1762925280000,59,wide_bands,retrieval,1057.25,1057.25,1057.2500641958652
2025-11-12T09:59:00,1762921740000,BANKNIFTY,2025-11-12T10:59:00,1762925340000,60,wide_bands,retrieval,1057.25,1057.25,1057.2500641958652
2025-11-12T09:59:00,1762921740000,BANKNIFTY,2025-11-12T10:00:00,1762921800000,1,base,retrieval,1057.25,1057.25,1057.2500641958652
2025-11-12T09:59:00,1762921740000,BANKNIFTY,2025-11-12T10:01:00,1762921860000,2,base,retrieval,1057.25,1057.25,1057.2500641958652
2025-11-12T09:59:00,1762921740000,BANKNIFTY,2025-11-12T10:02:00,1762921920000,3,base,retrieval,1057.25,1057.25,1057.2500641958652
2025-11-12T09:59:00,1762921740000,BANKNIFTY,2025-11-12T10:03:00,1762921980000,4,base,retrieval,1057.25,1057.25,1057.2500641958652
2025-11-12T09:59:00,1762921740000,BANKNIFTY,2025-11-12T10:04:00,1762922040000,5,base,retrieval,1057.25,1057.25,1057.2500641958652
2025-11-12T09:59:00,1762921740000,BANKNIFTY,2025-11-12T10:05:00,1762922100000,6,base,retrieval,1057.25,1057.25,1057.2500641958652
2025-11-12T09:59:00,1762921740000,BANKNIFTY,2025-11-12T10:06:00,1762922160000,7,base,retrieval,1057.25,1057.25,1057.2500641958652
2025-11-12T09:59:00,1762921740000,BANKNIFTY,2025-11-12T10:07:00,1762922220000,8,base,retrieval,1057.25,1057.25,1057.2500641958652
2025-11-12T09:59:00,1762921740000,BANKNIFTY,2025-11-12T10:08:00,1762922280000,9,base,retrieval,1057.25,1057.25,1057.2500641958652
2025-11-12T09:59:00,1762921740000,BANKNIFTY,2025-11-12T10:09:00,1762922340000,10,base,retrieval,1057.25,1057.25,1057.2500641958652
2025-11-12T09:59:00,1762921740000,BANKNIFTY,2025-11-12T10:10:00,1762922400000,11,base,retrieval,1057.25,1057.25,1057.2500641958652
2025-11-12T09:59:00,1762921740000,BANKNIFTY,2025-11-12T10:11:00,1762922460000,12,base,retrieval,1057.25,1057.25,1057.2500641958652
2025-11-12T09:59:00,1762921740000,BANKNIFTY,2025-11-12T10:12:00,1762922520000,13,base,retrieval,1057.25,1057.25,1057.2500641958652
2025-11-12T09:59:00,1762921740000,BANKNIFTY,2025-11-12T10:13:00,1762922580000,14,base,retrieval,1057.25,1057.25,1057.2500641958652
2025-11-12T09:59:00,1762921740000,BANKNIFTY,2025-11-12T10:14:00,1762922640000,15,base,retrieval,1057.25,1057.25,1057.2500641958652
2025-11-12T09:59:00,1762921740000,BANKNIFTY,2025-11-12T10:15:00,1762922700000,16,base,retrieval,1057.25,1057.25,1057.2500641958652
2025-11-12T09:59:00,1762921740000,BANKNIFTY,2025-11-12T10:16:00,1762922760000,17,base,retrieval,1057.25,1057.25,1057.2500641958652
2025-11-12T09:59:00,1762921740000,BANKNIFTY,2025-11-12T10:17:00,1762922820000,18,base,retrieval,1057.25,1057.25,1057.2500641958652
2025-11-12T09:59:00,1762921740000,BANKNIFTY,2025-11-12T10:18:00,1762922880000,19,base,retrieval,1057.25,1057.25,1057.2500641958652
2025-11-12T09:59:00,1762921740000,BANKNIFTY,2025-11-12T10:19:00,1762922940000,20,base,retrieval,1057.25,1057.25,1057.2500641958652
2025-11-12T09:59:00,1762921740000,BANKNIFTY,2025-11-12T10:20:00,1762923000000,21,base,retrieval,1057.25,1057.25,1057.2500641958652
2025-11-12T09:59:00,1762921740000,BANKNIFTY,2025-11-12T10:21:00,1762923060000,22,base,retrieval,1057.25,1057.25,1057.2500641958652
2025-11-12T09:59:00,1762921740000,BANKNIFTY,2025-11-12T10:22:00,1762923120000,23,base,retrieval,1057.25,1057.25,1057.2500641958652
2025-11-12T09:59:00,1762921740000,BANKNIFTY,2025-11-12T10:23:00,1762923180000,24,base,retrieval,1057.25,1057.25,1057.2500641958652
2025-11-12T09:59:00,1762921740000,BANKNIFTY,2025-11-12T10:24:00,1762923240000,25,base,retrieval,1057.25,1057.25,1057.2500641958652
2025-11-12T09:59:00,1762921740000,BANKNIFTY,2025-11-12T10:25:00,1762923300000,26,base,retrieval,1057.25,1057.25,1057.2500641958652
2025-11-12T09:59:00,1762921740000,BANKNIFTY,2025-11-12T10:26:00,1762923360000,27,base,retrieval,1057.25,1057.25,1057.2500641958652
2025-11-12T09:59:00,1762921740000,BANKNIFTY,2025-11-12T10:27:00,1762923420000,28,base,retrieval,1057.25,1057.25,1057.2500641958652
2025-11-12T09:59:00,1762921740000,BANKNIFTY,2025-11-12T10:28:00,1762923480000,29,base,retrieval,1057.25,1057.25,1057.2500641958652
2025-11-12T09:59:00,1762921740000,BANKNIFTY,2025-11-12T10:29:00,1762923540000,30,base,retrieval,1057.25,1057.25,1057.2500641958652
2025-11-12T09:59:00,1762921740000,BANKNIFTY,2025-11-12T10:30:00,1762923600000,31,base,retrieval,1057.25,1057.25,1057.2500641958652
2025-11-12T09:59:00,1762921740000,BANKNIFTY,2025-11-12T10:31:00,1762923660000,32,base,retrieval,1057.25,1057.25,1057.2500641958652
2025-11-12T09:59:00,1762921740000,BANKNIFTY,2025-11-12T10:32:00,1762923720000,33,base,retrieval,1057.25,1057.25,1057.2500641958652
2025-11-12T09:59:00,1762921740000,BANKNIFTY,2025-11-12T10:33:00,1762923780000,34,base,retrieval,1057.25,1057.25,1057.2500641958652
2025-11-12T09:59:00,1762921740000,BANKNIFTY,2025-11-12T10:34:00,1762923840000,35,base,retrieval,1057.25,1057.25,1057.2500641958652
2025-11-12T09:59:00,1762921740000,BANKNIFTY,2025-11-12T10:35:00,1762923900000,36,base,retrieval,1057.25,1057.25,1057.2500641958652
2025-11-12T09:59:00,1762921740000,BANKNIFTY,2025-11-12T10:36:00,1762923960000,37,base,retrieval,1057.25,1057.25,1057.2500641958652
2025-11-12T09:59:00,1762921740000,BANKNIFTY,2025-11-12T10:37:00,1762924020000,38,base,retrieval,1057.25,1057.25,1057.2500641958652
2025-11-12T09:59:00,1762921740000,BANKNIFTY,2025-11-12T10:38:00,1762924080000,39,base,retrieval,1057.25,1057.25,1057.2500641958652
2025-11-12T09:59:00,1762921740000,BANKNIFTY,2025-11-12T10:39:00,1762924140000,40,base,retrieval,1057.25,1057.25,1057.2500641958652
2025-11-12T09:59:00,1762921740000,BANKNIFTY,2025-11-12T10:40:00,1762924200000,41,base,retrieval,1057.25,1057.25,1057.2500641958652
2025-11-12T09:59:00,1762921740000,BANKNIFTY,2025-11-12T10:41:00,1762924260000,42,base,retrieval,1057.25,1057.25,1057.2500641958652
2025-11-12T09:59:00,1762921740000,BANKNIFTY,2025-11-12T10:42:00,1762924320000,43,base,retrieval,1057.25,1057.25,1057.2500641958652
2025-11-12T09:59:00,1762921740000,BANKNIFTY,2025-11-12T10:43:00,1762924380000,44,base,retrieval,1057.25,1057.25,1057.2500641958652
2025-11-12T09:59:00,1762921740000,BANKNIFTY,2025-11-12T10:44:00,1762924440000,45,base,retrieval,1057.25,1057.25,1057.2500641958652
2025-11-12T09:59:00,1762921740000,BANKNIFTY,2025-11-12T10:45:00,1762924500000,46,base,retrieval,1057.25,1057.25,1057.2500641958652
2025-11-12T09:59:00,1762921740000,BANKNIFTY,2025-11-12T10:46:00,1762924560000,47,base,retrieval,1057.25,1057.25,1057.2500641958652
2025-11-12T09:59:00,1762921740000,BANKNIFTY,2025-11-12T10:47:00,1762924620000,48,base,retrieval,1057.25,1057.25,1057.2500641958652
2025-11-12T09:59:00,1762921740000,BANKNIFTY,2025-11-12T10:48:00,1762924680000,49,base,retrieval,1057.25,1057.25,1057.2500641958652
2025-11-12T09:59:00,1762921740000,BANKNIFTY,2025-11-12T10:49:00,1762924740000,50,base,retrieval,1057.25,1057.25,1057.2500641958652
2025-11-12T09:59:00,1762921740000,BANKNIFTY,2025-11-12T10:50:00,1762924800000,51,base,retrieval,1057.25,1057.25,1057.2500641958652
2025-11-12T09:59:00,1762921740000,BANKNIFTY,2025-11-12T10:51:00,1762924860000,52,base,retrieval,1057.25,1057.25,1057.2500641958652
2025-11-12T09:59:00,1762921740000,BANKNIFTY,2025-11-12T10:52:00,1762924920000,53,base,retrieval,1057.25,1057.25,1057.2500641958652
2025-11-12T09:59:00,1762921740000,BANKNIFTY,2025-11-12T10:53:00,1762924980000,54,base,retrieval,1057.25,1057.25,1057.2500641958652
2025-11-12T09:59:00,1762921740000,BANKNIFTY,2025-11-12T10:54:00,1762925040000,55,base,retrieval,1057.25,1057.25,1057.2500641958652
2025-11-12T09:59:00,1762921740000,BANKNIFTY,2025-11-12T10:55:00,1762925100000,56,base,retrieval,1057.25,1057.25,1057.2500641958652
2025-11-12T09:59:00,1762921740000,BANKNIFTY,2025-11-12T10:56:00,1762925160000,57,base,retrieval,1057.25,1057.25,1057.2500641958652
2025-11-12T09:59:00,1762921740000,BANKNIFTY,2025-11-12T10:57:00,1762925220000,58,base,retrieval,1057.25,1057.25,1057.2500641958652
2025-11-12T09:59:00,1762921740000,BANKNIFTY,2025-11-12T10:58:00,1762925280000,59,base,retrieval,1057.25,1057.25,1057.2500641958652
2025-11-12T09:59:00,1762921740000,BANKNIFTY,2025-11-12T10:59:00,1762925340000,60,base,retrieval,1057.25,1057.25,1057.2500641958652
2025-11-12T09:59:00,1762921740000,BANKNIFTY,2025-11-12T10:00:00,1762921800000,1,optimized,retrieval,1057.25,1057.25,1057.2500641958652
2025-11-12T09:59:00,1762921740000,BANKNIFTY,2025-11-12T10:01:00,1762921860000,2,optimized,retrieval,1057.25,1057.25,1057.2500641958652
2025-11-12T09:59:00,1762921740000,BANKNIFTY,2025-11-12T10:02:00,1762921920000,3,optimized,retrieval,1057.25,1057.25,1057.2500641958652
2025-11-12T09:59:00,1762921740000,BANKNIFTY,2025-11-12T10:03:00,1762921980000,4,optimized,retrieval,1057.25,1057.25,1057.2500641958652
2025-11-12T09:59:00,1762921740000,BANKNIFTY,2025-11-12T10:04:00,1762922040000,5,optimized,retrieval,1057.25,1057.25,1057.2500641958652
2025-11-12T09:59:00,1762921740000,BANKNIFTY,2025-11-12T10:05:00,1762922100000,6,optimized,retrieval,1057.25,1057.25,1057.2500641958652
2025-11-12T09:59:00,1762921740000,BANKNIFTY,2025-11-12T10:06:00,1762922160000,7,optimized,retrieval,1057.25,1057.25,1057.2500641958652
2025-11-12T09:59:00,1762921740000,BANKNIFTY,2025-11-12T10:07:00,1762922220000,8,optimized,retrieval,1057.25,1057.25,1057.2500641958652
2025-11-12T09:59:00,1762921740000,BANKNIFTY,2025-11-12T10:08:00,1762922280000,9,optimized,retrieval,1057.25,1057.25,1057.2500641958652
2025-11-12T09:59:00,1762921740000,BANKNIFTY,2025-11-12T10:09:00,1762922340000,10,optimized,retrieval,1057.25,1057.25,1057.2500641958652
2025-11-12T09:59:00,1762921740000,BANKNIFTY,2025-11-12T10:10:00,1762922400000,11,optimized,retrieval,1057.25,1057.25,1057.2500641958652
2025-11-12T09:59:00,1762921740000,BANKNIFTY,2025-11-12T10:11:00,1762922460000,12,optimized,retrieval,1057.25,1057.25,1057.2500641958652
2025-11-12T09:59:00,1762921740000,BANKNIFTY,2025-11-12T10:12:00,1762922520000,13,optimized,retrieval,1057.25,1057.25,1057.2500641958652
2025-11-12T09:59:00,1762921740000,BANKNIFTY,2025-11-12T10:13:00,1762922580000,14,optimized,retrieval,1057.25,1057.25,1057.2500641958652
2025-11-12T09:59:00,1762921740000,BANKNIFTY,2025-11-12T10:14:00,1762922640000,15,optimized,retrieval,1057.25,1057.25,1057.2500641958652
2025-11-12T09:59:00,1762921740000,BANKNIFTY,2025-11-12T10:15:00,1762922700000,16,optimized,retrieval,1057.25,1057.25,1057.2500641958652
2025-11-12T09:59:00,1762921740000,BANKNIFTY,2025-11-12T10:16:00,1762922760000,17,optimized,retrieval,1057.25,1057.25,1057.2500641958652
2025-11-12T09:59:00,1762921740000,BANKNIFTY,2025-11-12T10:17:00,1762922820000,18,optimized,retrieval,1057.25,1057.25,1057.2500641958652
2025-11-12T09:59:00,1762921740000,BANKNIFTY,2025-11-12T10:18:00,1762922880000,19,optimized,retrieval,1057.25,1057.25,1057.2500641958652
2025-11-12T09:59:00,1762921740000,BANKNIFTY,2025-11-12T10:19:00,1762922940000,20,optimized,retrieval,1057.25,1057.25,1057.2500641958652
2025-11-12T09:59:00,1762921740000,BANKNIFTY,2025-11-12T10:20:00,1762923000000,21,optimized,retrieval,1057.25,1057.25,1057.2500641958652
2025-11-12T09:59:00,1762921740000,BANKNIFTY,2025-11-12T10:21:00,1762923060000,22,optimized,retrieval,1057.25,1057.25,1057.2500641958652
2025-11-12T09:59:00,1762921740000,BANKNIFTY,2025-11-12T10:22:00,1762923120000,23,optimized,retrieval,1057.25,1057.25,1057.2500641958652
2025-11-12T09:59:00,1762921740000,BANKNIFTY,2025-11-12T10:23:00,1762923180000,24,optimized,retrieval,1057.25,1057.25,1057.2500641958652
2025-11-12T09:59:00,1762921740000,BANKNIFTY,2025-11-12T10:24:00,1762923240000,25,optimized,retrieval,1057.25,1057.25,1057.2500641958652
2025-11-12T09:59:00,1762921740000,BANKNIFTY,2025-11-12T10:25:00,1762923300000,26,optimized,retrieval,1057.25,1057.25,1057.2500641958652
2025-11-12T09:59:00,1762921740000,BANKNIFTY,2025-11-12T10:26:00,1762923360000,27,optimized,retrieval,1057.25,1057.25,1057.2500641958652
2025-11-12T09:59:00,1762921740000,BANKNIFTY,2025-11-12T10:27:00,1762923420000,28,optimized,retrieval,1057.25,1057.25,1057.2500641958652
2025-11-12T09:59:00,1762921740000,BANKNIFTY,2025-11-12T10:28:00,1762923480000,29,optimized,retrieval,1057.25,1057.25,1057.2500641958652
2025-11-12T09:59:00,1762921740000,BANKNIFTY,2025-11-12T10:29:00,1762923540000,30,optimized,retrieval,1057.25,1057.25,1057.2500641958652
2025-11-12T09:59:00,1762921740000,BANKNIFTY,2025-11-12T10:30:00,1762923600000,31,optimized,retrieval,1057.25,1057.25,1057.2500641958652
2025-11-12T09:59:00,1762921740000,BANKNIFTY,2025-11-12T10:31:00,1762923660000,32,optimized,retrieval,1057.25,1057.25,1057.2500641958652
2025-11-12T09:59:00,1762921740000,BANKNIFTY,2025-11-12T10:32:00,1762923720000,33,optimized,retrieval,1057.25,1057.25,1057.2500641958652
2025-11-12T09:59:00,1762921740000,BANKNIFTY,2025-11-12T10:33:00,1762923780000,34,optimized,retrieval,1057.25,1057.25,1057.2500641958652
2025-11-12T09:59:00,1762921740000,BANKNIFTY,2025-11-12T10:34:00,1762923840000,35,optimized,retrieval,1057.25,1057.25,1057.2500641958652
2025-11-12T09:59:00,1762921740000,BANKNIFTY,2025-11-12T10:35:00,1762923900000,36,optimized,retrieval,1057.25,1057.25,1057.2500641958652
2025-11-12T09:59:00,1762921740000,BANKNIFTY,2025-11-12T10:36:00,1762923960000,37,optimized,retrieval,1057.25,1057.25,1057.2500641958652
2025-11-12T09:59:00,1762921740000,BANKNIFTY,2025-11-12T10:37:00,1762924020000,38,optimized,retrieval,1057.25,1057.25,1057.2500641958652
2025-11-12T09:59:00,1762921740000,BANKNIFTY,2025-11-12T10:38:00,1762924080000,39,optimized,retrieval,1057.25,1057.25,1057.2500641958652
2025-11-12T09:59:00,1762921740000,BANKNIFTY,2025-11-12T10:39:00,1762924140000,40,optimized,retrieval,1057.25,1057.25,1057.2500641958652
2025-11-12T09:59:00,1762921740000,BANKNIFTY,2025-11-12T10:40:00,1762924200000,41,optimized,retrieval,1057.25,1057.25,1057.2500641958652
2025-11-12T09:59:00,1762921740000,BANKNIFTY,2025-11-12T10:41:00,1762924260000,42,optimized,retrieval,1057.25,1057.25,1057.2500641958652
2025-11-12T09:59:00,1762921740000,BANKNIFTY,2025-11-12T10:42:00,1762924320000,43,optimized,retrieval,1057.25,1057.25,1057.2500641958652
2025-11-12T09:59:00,1762921740000,BANKNIFTY,2025-11-12T10:43:00,1762924380000,44,optimized,retrieval,1057.25,1057.25,1057.2500641958652
2025-11-12T09:59:00,1762921740000,BANKNIFTY,2025-11-12T10:44:00,1762924440000,45,optimized,retrieval,1057.25,1057.25,1057.2500641958652
2025-11-12T09:59:00,1762921740000,BANKNIFTY,2025-11-12T10:45:00,1762924500000,46,optimized,retrieval,1057.25,1057.25,1057.2500641958652
2025-11-12T09:59:00,1762921740000,BANKNIFTY,2025-11-12T10:46:00,1762924560000,47,optimized,retrieval,1057.25,1057.25,1057.2500641958652
2025-11-12T09:59:00,1762921740000,BANKNIFTY,2025-11-12T10:47:00,1762924620000,48,optimized,retrieval,1057.25,1057.25,1057.2500641958652
2025-11-12T09:59:00,1762921740000,BANKNIFTY,2025-11-12T10:48:00,1762924680000,49,optimized,retrieval,1057.25,1057.25,1057.2500641958652
2025-11-12T09:59:00,1762921740000,BANKNIFTY,2025-11-12T10:49:00,1762924740000,50,optimized,retrieval,1057.25,1057.25,1057.2500641958652
2025-11-12T09:59:00,1762921740000,BANKNIFTY,2025-11-12T10:50:00,1762924800000,51,optimized,retrieval,1057.25,1057.25,1057.2500641958652
2025-11-12T09:59:00,1762921740000,BANKNIFTY,2025-11-12T10:51:00,1762924860000,52,optimized,retrieval,1057.25,1057.25,1057.2500641958652
2025-11-12T09:59:00,1762921740000,BANKNIFTY,2025-11-12T10:52:00,1762924920000,53,optimized,retrieval,1057.25,1057.25,1057.2500641958652
2025-11-12T09:59:00,1762921740000,BANKNIFTY,2025-11-12T10:53:00,1762924980000,54,optimized,retrieval,1057.25,1057.25,1057.2500641958652
2025-11-12T09:59:00,1762921740000,BANKNIFTY,2025-11-12T10:54:00,1762925040000,55,optimized,retrieval,1057.25,1057.25,1057.2500641958652
2025-11-12T09:59:00,1762921740000,BANKNIFTY,2025-11-12T10:55:00,1762925100000,56,optimized,retrieval,1057.25,1057.25,1057.2500641958652
2025-11-12T09:59:00,1762921740000,BANKNIFTY,2025-11-12T10:56:00,1762925160000,57,optimized,retrieval,1057.25,1057.25,1057.2500641958652
2025-11-12T09:59:00,1762921740000,BANKNIFTY,2025-11-12T10:57:00,1762925220000,58,optimized,retrieval,1057.25,1057.25,1057.2500641958652
2025-11-12T09:59:00,1762921740000,BANKNIFTY,2025-11-12T10:58:00,1762925280000,59,optimized,retrieval,1057.25,1057.25,1057.2500641958652
2025-11-12T09:59:00,1762921740000,BANKNIFTY,2025-11-12T10:59:00,1762925340000,60,optimized,retrieval,1057.25,1057.25,1057.2500641958652
2025-11-12T10:15:00,1762922700000,BANKNIFTY,2025-11-12T10:16:00,1762922760000,1,optimized,retrieval,1049.8,1049.8,1049.8000641958652
2025-11-12T10:15:00,1762922700000,BANKNIFTY,2025-11-12T10:17:00,1762922820000,2,optimized,retrieval,1049.8,1049.8,1049.8000641958652
2025-11-12T10:15:00,1762922700000,BANKNIFTY,2025-11-12T10:18:00,1762922880000,3,optimized,retrieval,1049.8,1049.8,1049.8000641958652
2025-11-12T10:15:00,1762922700000,BANKNIFTY,2025-11-12T10:19:00,1762922940000,4,optimized,retrieval,1049.8,1049.8,1049.8000641958652
2025-11-12T10:15:00,1762922700000,BANKNIFTY,2025-11-12T10:20:00,1762923000000,5,optimized,retrieval,1049.8,1049.8,1049.8000641958652
2025-11-12T10:15:00,1762922700000,BANKNIFTY,2025-11-12T10:21:00,1762923060000,6,optimized,retrieval,1049.8,1049.8,1049.8000641958652
2025-11-12T10:15:00,1762922700000,BANKNIFTY,2025-11-12T10:22:00,1762923120000,7,optimized,retrieval,1049.8,1049.8,1049.8000641958652
2025-11-12T10:15:00,1762922700000,BANKNIFTY,2025-11-12T10:23:00,1762923180000,8,optimized,retrieval,1049.8,1049.8,1049.8000641958652
2025-11-12T10:15:00,1762922700000,BANKNIFTY,2025-11-12T10:24:00,1762923240000,9,optimized,retrieval,1049.8,1049.8,1049.8000641958652
2025-11-12T10:15:00,1762922700000,BANKNIFTY,2025-11-12T10:25:00,1762923300000,10,optimized,retrieval,1049.8,1049.8,1049.8000641958652
2025-11-12T10:15:00,1762922700000,BANKNIFTY,2025-11-12T10:26:00,1762923360000,11,optimized,retrieval,1049.8,1049.8,1049.8000641958652
2025-11-12T10:15:00,1762922700000,BANKNIFTY,2025-11-12T10:27:00,1762923420000,12,optimized,retrieval,1049.8,1049.8,1049.8000641958652
2025-11-12T10:15:00,1762922700000,BANKNIFTY,2025-11-12T10:28:00,1762923480000,13,optimized,retrieval,1049.8,1049.8,1049.8000641958652
2025-11-12T10:15:00,1762922700000,BANKNIFTY,2025-11-12T10:29:00,1762923540000,14,optimized,retrieval,1049.8,1049.8,1049.8000641958652
2025-11-12T10:15:00,1762922700000,BANKNIFTY,2025-11-12T10:30:00,1762923600000,15,optimized,retrieval,1049.8,1049.8,1049.8000641958652
2025-11-12T10:15:00,1762922700000,BANKNIFTY,2025-11-12T10:31:00,1762923660000,16,optimized,retrieval,1049.8,1049.8,1049.8000641958652
2025-11-12T10:15:00,1762922700000,BANKNIFTY,2025-11-12T10:32:00,1762923720000,17,optimized,retrieval,1049.8,1049.8,1049.8000641958652
2025-11-12T10:15:00,1762922700000,BANKNIFTY,2025-11-12T10:33:00,1762923780000,18,optimized,retrieval,1049.8,1049.8,1049.8000641958652
2025-11-12T10:15:00,1762922700000,BANKNIFTY,2025-11-12T10:34:00,1762923840000,19,optimized,retrieval,1049.8,1049.8,1049.8000641958652
2025-11-12T10:15:00,1762922700000,BANKNIFTY,2025-11-12T10:35:00,1762923900000,20,optimized,retrieval,1049.8,1049.8,1049.8000641958652
2025-11-12T10:15:00,1762922700000,BANKNIFTY,2025-11-12T10:36:00,1762923960000,21,optimized,retrieval,1049.8,1049.8,1049.8000641958652
2025-11-12T10:15:00,1762922700000,BANKNIFTY,2025-11-12T10:37:00,1762924020000,22,optimized,retrieval,1049.8,1049.8,1049.8000641958652
2025-11-12T10:15:00,1762922700000,BANKNIFTY,2025-11-12T10:38:00,1762924080000,23,optimized,retrieval,1049.8,1049.8,1049.8000641958652
2025-11-12T10:15:00,1762922700000,BANKNIFTY,2025-11-12T10:39:00,1762924140000,24,optimized,retrieval,1049.8,1049.8,1049.8000641958652
2025-11-12T10:15:00,1762922700000,BANKNIFTY,2025-11-12T10:40:00,1762924200000,25,optimized,retrieval,1049.8,1049.8,1049.8000641958652
2025-11-12T10:15:00,1762922700000,BANKNIFTY,2025-11-12T10:41:00,1762924260000,26,optimized,retrieval,1049.8,1049.8,1049.8000641958652
2025-11-12T10:15:00,1762922700000,BANKNIFTY,2025-11-12T10:42:00,1762924320000,27,optimized,retrieval,1049.8,1049.8,1049.8000641958652
2025-11-12T10:15:00,1762922700000,BANKNIFTY,2025-11-12T10:43:00,1762924380000,28,optimized,retrieval,1049.8,1049.8,1049.8000641958652
2025-11-12T10:15:00,1762922700000,BANKNIFTY,2025-11-12T10:44:00,1762924440000,29,optimized,retrieval,1049.8,1049.8,1049.8000641958652
2025-11-12T10:15:00,1762922700000,BANKNIFTY,2025-11-12T10:45:00,1762924500000,30,optimized,retrieval,1049.8,1049.8,1049.8000641958652
2025-11-12T10:15:00,1762922700000,BANKNIFTY,2025-11-12T10:46:00,1762924560000,31,optimized,retrieval,1049.8,1049.8,1049.8000641958652
2025-11-12T10:15:00,1762922700000,BANKNIFTY,2025-11-12T10:47:00,1762924620000,32,optimized,retrieval,1049.8,1049.8,1049.8000641958652
2025-11-12T10:15:00,1762922700000,BANKNIFTY,2025-11-12T10:48:00,1762924680000,33,optimized,retrieval,1049.8,1049.8,1049.8000641958652
2025-11-12T10:15:00,1762922700000,BANKNIFTY,2025-11-12T10:49:00,1762924740000,34,optimized,retrieval,1049.8,1049.8,1049.8000641958652
2025-11-12T10:15:00,1762922700000,BANKNIFTY,2025-11-12T10:50:00,1762924800000,35,optimized,retrieval,1049.8,1049.8,1049.8000641958652
2025-11-12T10:15:00,1762922700000,BANKNIFTY,2025-11-12T10:51:00,1762924860000,36,optimized,retrieval,1049.8,1049.8,1049.8000641958652
2025-11-12T10:15:00,1762922700000,BANKNIFTY,2025-11-12T10:52:00,1762924920000,37,optimized,retrieval,1049.8,1049.8,1049.8000641958652
2025-11-12T10:15:00,1762922700000,BANKNIFTY,2025-11-12T10:53:00,1762924980000,38,optimized,retrieval,1049.8,1049.8,1049.8000641958652
2025-11-12T10:15:00,1762922700000,BANKNIFTY,2025-11-12T10:54:00,1762925040000,39,optimized,retrieval,1049.8,1049.8,1049.8000641958652
2025-11-12T10:15:00,1762922700000,BANKNIFTY,2025-11-12T10:55:00,1762925100000,40,optimized,retrieval,1049.8,1049.8,1049.8000641958652
2025-11-12T10:15:00,1762922700000,BANKNIFTY,2025-11-12T10:56:00,1762925160000,41,optimized,retrieval,1049.8,1049.8,1049.8000641958652
2025-11-12T10:15:00,1762922700000,BANKNIFTY,2025-11-12T10:57:00,1762925220000,42,optimized,retrieval,1049.8,1049.8,1049.8000641958652
2025-11-12T10:15:00,1762922700000,BANKNIFTY,2025-11-12T10:58:00,1762925280000,43,optimized,retrieval,1049.8,1049.8,1049.8000641958652
2025-11-12T10:15:00,1762922700000,BANKNIFTY,2025-11-12T10:59:00,1762925340000,44,optimized,retrieval,1049.8,1049.8,1049.8000641958652
2025-11-12T10:15:00,1762922700000,BANKNIFTY,2025-11-12T11:00:00,1762925400000,45,optimized,retrieval,1049.8,1049.8,1049.8000641958652
2025-11-12T10:15:00,1762922700000,BANKNIFTY,2025-11-12T11:01:00,1762925460000,46,optimized,retrieval,1049.8,1049.8,1049.8000641958652
2025-11-12T10:15:00,1762922700000,BANKNIFTY,2025-11-12T11:02:00,1762925520000,47,optimized,retrieval,1049.8,1049.8,1049.8000641958652
2025-11-12T10:15:00,1762922700000,BANKNIFTY,2025-11-12T11:03:00,1762925580000,48,optimized,retrieval,1049.8,1049.8,1049.8000641958652
2025-11-12T10:15:00,1762922700000,BANKNIFTY,2025-11-12T11:04:00,1762925640000,49,optimized,retrieval,1049.8,1049.8,1049.8000641958652
2025-11-12T10:15:00,1762922700000,BANKNIFTY,2025-11-12T11:05:00,1762925700000,50,optimized,retrieval,1049.8,1049.8,1049.8000641958652
2025-11-12T10:15:00,1762922700000,BANKNIFTY,2025-11-12T11:06:00,1762925760000,51,optimized,retrieval,1049.8,1049.8,1049.8000641958652
2025-11-12T10:15:00,1762922700000,BANKNIFTY,2025-11-12T11:07:00,1762925820000,52,optimized,retrieval,1049.8,1049.8,1049.8000641958652
2025-11-12T10:15:00,1762922700000,BANKNIFTY,2025-11-12T11:08:00,1762925880000,53,optimized,retrieval,1049.8,1049.8,1049.8000641958652
2025-11-12T10:15:00,1762922700000,BANKNIFTY,2025-11-12T11:09:00,1762925940000,54,optimized,retrieval,1049.8,1049.8,1049.8000641958652
2025-11-12T10:15:00,1762922700000,BANKNIFTY,2025-11-12T11:10:00,1762926000000,55,optimized,retrieval,1049.8,1049.8,1049.8000641958652
2025-11-12T10:15:00,1762922700000,BANKNIFTY,2025-11-12T11:11:00,1762926060000,56,optimized,retrieval,1049.8,1049.8,1049.8000641958652
2025-11-12T10:15:00,1762922700000,BANKNIFTY,2025-11-12T11:12:00,1762926120000,57,optimized,retrieval,1049.8,1049.8,1049.8000641958652
2025-11-12T10:15:00,1762922700000,BANKNIFTY,2025-11-12T11:13:00,1762926180000,58,optimized,retrieval,1049.8,1049.8,1049.8000641958652
2025-11-12T10:15:00,1762922700000,BANKNIFTY,2025-11-12T11:14:00,1762926240000,59,optimized,retrieval,1049.8,1049.8,1049.8000641958652
2025-11-12T10:15:00,1762922700000,BANKNIFTY,2025-11-12T11:15:00,1762926300000,60,optimized,retrieval,1049.8,1049.8,1049.8000641958652
2025-11-12T10:15:00,1762922700000,BANKNIFTY,2025-11-12T10:16:00,1762922760000,1,optimized,retrieval,1049.8,1049.8,1049.8000641958652
2025-11-12T10:15:00,1762922700000,BANKNIFTY,2025-11-12T10:17:00,1762922820000,2,optimized,retrieval,1049.8,1049.8,1049.8000641958652
2025-11-12T10:15:00,1762922700000,BANKNIFTY,2025-11-12T10:18:00,1762922880000,3,optimized,retrieval,1049.8,1049.8,1049.8000641958652
2025-11-12T10:15:00,1762922700000,BANKNIFTY,2025-11-12T10:19:00,1762922940000,4,optimized,retrieval,1049.8,1049.8,1049.8000641958652
2025-11-12T10:15:00,1762922700000,BANKNIFTY,2025-11-12T10:20:00,1762923000000,5,optimized,retrieval,1049.8,1049.8,1049.8000641958652
2025-11-12T10:15:00,1762922700000,BANKNIFTY,2025-11-12T10:21:00,1762923060000,6,optimized,retrieval,1049.8,1049.8,1049.8000641958652
2025-11-12T10:15:00,1762922700000,BANKNIFTY,2025-11-12T10:22:00,1762923120000,7,optimized,retrieval,1049.8,1049.8,1049.8000641958652
2025-11-12T10:15:00,1762922700000,BANKNIFTY,2025-11-12T10:23:00,1762923180000,8,optimized,retrieval,1049.8,1049.8,1049.8000641958652
2025-11-12T10:15:00,1762922700000,BANKNIFTY,2025-11-12T10:24:00,1762923240000,9,optimized,retrieval,1049.8,1049.8,1049.8000641958652
2025-11-12T10:15:00,1762922700000,BANKNIFTY,2025-11-12T10:25:00,1762923300000,10,optimized,retrieval,1049.8,1049.8,1049.8000641958652
2025-11-12T10:15:00,1762922700000,BANKNIFTY,2025-11-12T10:26:00,1762923360000,11,optimized,retrieval,1049.8,1049.8,1049.8000641958652
2025-11-12T10:15:00,1762922700000,BANKNIFTY,2025-11-12T10:27:00,1762923420000,12,optimized,retrieval,1049.8,1049.8,1049.8000641958652
2025-11-12T10:15:00,1762922700000,BANKNIFTY,2025-11-12T10:28:00,1762923480000,13,optimized,retrieval,1049.8,1049.8,1049.8000641958652
2025-11-12T10:15:00,1762922700000,BANKNIFTY,2025-11-12T10:29:00,1762923540000,14,optimized,retrieval,1049.8,1049.8,1049.8000641958652
2025-11-12T10:15:00,1762922700000,BANKNIFTY,2025-11-12T10:30:00,1762923600000,15,optimized,retrieval,1049.8,1049.8,1049.8000641958652
2025-11-12T10:15:00,1762922700000,BANKNIFTY,2025-11-12T10:31:00,1762923660000,16,optimized,retrieval,1049.8,1049.8,1049.8000641958652
2025-11-12T10:15:00,1762922700000,BANKNIFTY,2025-11-12T10:32:00,1762923720000,17,optimized,retrieval,1049.8,1049.8,1049.8000641958652
2025-11-12T10:15:00,1762922700000,BANKNIFTY,2025-11-12T10:33:00,1762923780000,18,optimized,retrieval,1049.8,1049.8,1049.8000641958652
2025-11-12T10:15:00,1762922700000,BANKNIFTY,2025-11-12T10:34:00,1762923840000,19,optimized,retrieval,1049.8,1049.8,1049.8000641958652
2025-11-12T10:15:00,1762922700000,BANKNIFTY,2025-11-12T10:35:00,1762923900000,20,optimized,retrieval,1049.8,1049.8,1049.8000641958652
2025-11-12T10:15:00,1762922700000,BANKNIFTY,2025-11-12T10:36:00,1762923960000,21,optimized,retrieval,1049.8,1049.8,1049.8000641958652
2025-11-12T10:15:00,1762922700000,BANKNIFTY,2025-11-12T10:37:00,1762924020000,22,optimized,retrieval,1049.8,1049.8,1049.8000641958652
2025-11-12T10:15:00,1762922700000,BANKNIFTY,2025-11-12T10:38:00,1762924080000,23,optimized,retrieval,1049.8,1049.8,1049.8000641958652
2025-11-12T10:15:00,1762922700000,BANKNIFTY,2025-11-12T10:39:00,1762924140000,24,optimized,retrieval,1049.8,1049.8,1049.8000641958652
2025-11-12T10:15:00,1762922700000,BANKNIFTY,2025-11-12T10:40:00,1762924200000,25,optimized,retrieval,1049.8,1049.8,1049.8000641958652
2025-11-12T10:15:00,1762922700000,BANKNIFTY,2025-11-12T10:41:00,1762924260000,26,optimized,retrieval,1049.8,1049.8,1049.8000641958652
2025-11-12T10:15:00,1762922700000,BANKNIFTY,2025-11-12T10:42:00,1762924320000,27,optimized,retrieval,1049.8,1049.8,1049.8000641958652
2025-11-12T10:15:00,1762922700000,BANKNIFTY,2025-11-12T10:43:00,1762924380000,28,optimized,retrieval,1049.8,1049.8,1049.8000641958652
2025-11-12T10:15:00,1762922700000,BANKNIFTY,2025-11-12T10:44:00,1762924440000,29,optimized,retrieval,1049.8,1049.8,1049.8000641958652
2025-11-12T10:15:00,1762922700000,BANKNIFTY,2025-11-12T10:45:00,1762924500000,30,optimized,retrieval,1049.8,1049.8,1049.8000641958652
2025-11-12T10:15:00,1762922700000,BANKNIFTY,2025-11-12T10:46:00,1762924560000,31,optimized,retrieval,1049.8,1049.8,1049.8000641958652
2025-11-12T10:15:00,1762922700000,BANKNIFTY,2025-11-12T10:47:00,1762924620000,32,optimized,retrieval,1049.8,1049.8,1049.8000641958652
2025-11-12T10:15:00,1762922700000,BANKNIFTY,2025-11-12T10:48:00,1762924680000,33,optimized,retrieval,1049.8,1049.8,1049.8000641958652
2025-11-12T10:15:00,1762922700000,BANKNIFTY,2025-11-12T10:49:00,1762924740000,34,optimized,retrieval,1049.8,1049.8,1049.8000641958652
2025-11-12T10:15:00,1762922700000,BANKNIFTY,2025-11-12T10:50:00,1762924800000,35,optimized,retrieval,1049.8,1049.8,1049.8000641958652
2025-11-12T10:15:00,1762922700000,BANKNIFTY,2025-11-12T10:51:00,1762924860000,36,optimized,retrieval,1049.8,1049.8,1049.8000641958652
2025-11-12T10:15:00,1762922700000,BANKNIFTY,2025-11-12T10:52:00,1762924920000,37,optimized,retrieval,1049.8,1049.8,1049.8000641958652
2025-11-12T10:15:00,1762922700000,BANKNIFTY,2025-11-12T10:53:00,1762924980000,38,optimized,retrieval,1049.8,1049.8,1049.8000641958652
2025-11-12T10:15:00,1762922700000,BANKNIFTY,2025-11-12T10:54:00,1762925040000,39,optimized,retrieval,1049.8,1049.8,1049.8000641958652
2025-11-12T10:15:00,1762922700000,BANKNIFTY,2025-11-12T10:55:00,1762925100000,40,optimized,retrieval,1049.8,1049.8,1049.8000641958652
2025-11-12T10:15:00,1762922700000,BANKNIFTY,2025-11-12T10:56:00,1762925160000,41,optimized,retrieval,1049.8,1049.8,1049.8000641958652
2025-11-12T10:15:00,1762922700000,BANKNIFTY,2025-11-12T10:57:00,1762925220000,42,optimized,retrieval,1049.8,1049.8,1049.8000641958652
2025-11-12T10:15:00,1762922700000,BANKNIFTY,2025-11-12T10:58:00,1762925280000,43,optimized,retrieval,1049.8,1049.8,1049.8000641958652
2025-11-12T10:15:00,1762922700000,BANKNIFTY,2025-11-12T10:59:00,1762925340000,44,optimized,retrieval,1049.8,1049.8,1049.8000641958652
2025-11-12T10:15:00,1762922700000,BANKNIFTY,2025-11-12T11:00:00,1762925400000,45,optimized,retrieval,1049.8,1049.8,1049.8000641958652
2025-11-12T10:15:00,1762922700000,BANKNIFTY,2025-11-12T11:01:00,1762925460000,46,optimized,retrieval,1049.8,1049.8,1049.8000641958652
2025-11-12T10:15:00,1762922700000,BANKNIFTY,2025-11-12T11:02:00,1762925520000,47,optimized,retrieval,1049.8,1049.8,1049.8000641958652
2025-11-12T10:15:00,1762922700000,BANKNIFTY,2025-11-12T11:03:00,1762925580000,48,optimized,retrieval,1049.8,1049.8,1049.8000641958652
2025-11-12T10:15:00,1762922700000,BANKNIFTY,2025-11-12T11:04:00,1762925640000,49,optimized,retrieval,1049.8,1049.8,1049.8000641958652
2025-11-12T10:15:00,1762922700000,BANKNIFTY,2025-11-12T11:05:00,1762925700000,50,optimized,retrieval,1049.8,1049.8,1049.8000641958652
2025-11-12T10:15:00,1762922700000,BANKNIFTY,2025-11-12T11:06:00,1762925760000,51,optimized,retrieval,1049.8,1049.8,1049.8000641958652
2025-11-12T10:15:00,1762922700000,BANKNIFTY,2025-11-12T11:07:00,1762925820000,52,optimized,retrieval,1049.8,1049.8,1049.8000641958652
2025-11-12T10:15:00,1762922700000,BANKNIFTY,2025-11-12T11:08:00,1762925880000,53,optimized,retrieval,1049.8,1049.8,1049.8000641958652
2025-11-12T10:15:00,1762922700000,BANKNIFTY,2025-11-12T11:09:00,1762925940000,54,optimized,retrieval,1049.8,1049.8,1049.8000641958652
2025-11-12T10:15:00,1762922700000,BANKNIFTY,2025-11-12T11:10:00,1762926000000,55,optimized,retrieval,1049.8,1049.8,1049.8000641958652
2025-11-12T10:15:00,1762922700000,BANKNIFTY,2025-11-12T11:11:00,1762926060000,56,optimized,retrieval,1049.8,1049.8,1049.8000641958652
2025-11-12T10:15:00,1762922700000,BANKNIFTY,2025-11-12T11:12:00,1762926120000,57,optimized,retrieval,1049.8,1049.8,1049.8000641958652
2025-11-12T10:15:00,1762922700000,BANKNIFTY,2025-11-12T11:13:00,1762926180000,58,optimized,retrieval,1049.8,1049.8,1049.8000641958652
2025-11-12T10:15:00,1762922700000,BANKNIFTY,2025-11-12T11:14:00,1762926240000,59,optimized,retrieval,1049.8,1049.8,1049.8000641958652
2025-11-12T10:15:00,1762922700000,BANKNIFTY,2025-11-12T11:15:00,1762926300000,60,optimized,retrieval,1049.8,1049.8,1049.8000641958652
2025-11-12T10:45:30,1762924530000,BANKNIFTY,2025-11-12T10:46:30,1762924590000,1,optimized,hybrid,1046.49418960847,1054.65,1066.039508687383
2025-11-12T10:45:30,1762924530000,BANKNIFTY,2025-11-12T10:47:30,1762924650000,2,optimized,hybrid,1046.8549512719674,1055.726376476844,1067.8095634288472
2025-11-12T10:45:30,1762924530000,BANKNIFTY,2025-11-12T10:48:30,1762924710000,3,optimized,hybrid,1040.0112606925047,1056.4396346497517,1070.5342396525994
2025-11-12T10:45:30,1762924530000,BANKNIFTY,2025-11-12T10:49:30,1762924770000,4,optimized,hybrid,1043.7487896090802,1057.5441643554311,1073.0540637233457
2025-11-12T10:45:30,1762924530000,BANKNIFTY,2025-11-12T10:50:30,1762924830000,5,optimized,hybrid,1045.8122335044554,1055.587560676298,1071.725229324264
2025-11-12T10:45:30,1762924530000,BANKNIFTY,2025-11-12T10:51:30,1762924890000,6,optimized,hybrid,1050.7973796463816,1057.1768299400817,1069.3053207969826
2025-11-12T10:45:30,1762924530000,BANKNIFTY,2025-11-12T10:52:30,1762924950000,7,optimized,hybrid,1043.6892803784651,1056.8374249774854,1070.8924172296217
2025-11-12T10:45:30,1762924530000,BANKNIFTY,2025-11-12T10:53:30,1762925010000,8,optimized,hybrid,1037.7749652522339,1052.0452861848207,1066.937546959369
2025-11-12T10:45:30,1762924530000,BANKNIFTY,2025-11-12T10:54:30,1762925070000,9,optimized,hybrid,1044.9828994189716,1053.7755006980653,1066.1662708036745
2025-11-12T10:45:30,1762924530000,BANKNIFTY,2025-11-12T10:55:30,1762925130000,10,optimized,hybrid,1044.9337906953645,1053.0938373140777,1063.8074253947918
2025-11-12T10:45:30,1762924530000,BANKNIFTY,2025-11-12T10:56:30,1762925190000,11,optimized,hybrid,1044.3063809303892,1055.2876028723194,1066.1224645470693
2025-11-12T10:45:30,1762924530000,BANKNIFTY,2025-11-12T10:57:30,1762925250000,12,optimized,hybrid,1044.803337072417,1055.8577817485943,1069.59445595221
2025-11-12T10:45:30,1762924530000,BANKNIFTY,2025-11-12T10:58:30,1762925310000,13,optimized,hybrid,1043.2644318389694,1055.102834706672,1068.1965018576939
2025-11-12T10:45:30,1762924530000,BANKNIFTY,2025-11-12T10:59:30,1762925370000,14,optimized,hybrid,1044.8698353227162,1056.780741379212,1067.3541551800863
2025-11-12T10:45:30,1762924530000,BANKNIFTY,2025-11-12T11:00:30,1762925430000,15,optimized,hybrid,1044.2878399179015,1054.9525934460157,1068.479508528569
2025-11-12T10:45:30,1762924530000,BANKNIFTY,2025-11-12T11:01:30,1762925490000,16,optimized,hybrid,1045.5708784837411,1057.3450438515526,1069.5063921553538
2025-11-12T10:45:30,1762924530000,BANKNIFTY,2025-11-12T11:02:30,1762925550000,17,optimized,hybrid,1045.6010777114996,1059.85031314841,1074.9494426052033
2025-11-12T10:45:30,1762924530000,BANKNIFTY,2025-11-12T11:03:30,1762925610000,18,optimized,hybrid,1043.4474396793787,1057.003254401286,1074.037328496391
2025-11-12T10:45:30,1762924530000,BANKNIFTY,2025-11-12T11:04:30,1762925670000,19,optimized,hybrid,1044.94952832183,1058.5083521652518,1077.4707303539883
2025-11-12T10:45:30,1762924530000,BANKNIFTY,2025-11-12T11:05:30,1762925730000,20,optimized,hybrid,1042.9206089740494,1054.2520710283195,1077.3650824142626
2025-11-12T10:45:30,1762924530000,BANKNIFTY,2025-11-12T11:06:30,1762925790000,21,optimized,hybrid,1044.4678063598865,1058.1497223708318,1075.149877390525
2025-11-12T10:45:30,1762924530000,BANKNIFTY,2025-11-12T11:07:30,1762925850000,22,optimized,hybrid,1043.6029004390684,1057.7774394774929,1077.1136755871228
2025-11-12T10:45:30,1762924530000,BANKNIFTY,2025-11-12T11:08:30,1762925910000,23,optimized,hybrid,1041.0474615806809,1054.587227330429,1073.804645522855
2025-11-12T10:45:30,1762924530000,BANKNIFTY,2025-11-12T11:09:30,1762925970000,24,optimized,hybrid,1040.251246990058,1052.7486490959427,1074.3641047074411
2025-11-12T10:45:30,1762924530000,BANKNIFTY,2025-11-12T11:10:30,1762926030000,25,optimized,hybrid,1040.7483635289798,1054.5152477506722,1070.9403687427762
2025-11-12T10:45:30,1762924530000,BANKNIFTY,2025-11-12T11:11:30,1762926090000,26,optimized,hybrid,1042.627961326118,1054.6637555641523,1076.0582406079382
2025-11-12T10:45:30,1762924530000,BANKNIFTY,2025-11-12T11:12:30,1762926150000,27,optimized,hybrid,1043.0528712795399,1055.6049479635924,1078.1721375872842
2025-11-12T10:45:30,1762924530000,BANKNIFTY,2025-11-12T11:13:30,1762926210000,28,optimized,hybrid,1040.0005987620577,1051.6074910860132,1075.8952369561525
2025-11-12T10:45:30,1762924530000,BANKNIFTY,2025-11-12T11:14:30,1762926270000,29,optimized,hybrid,1040.234177593777,1051.9999915229378,1076.6937260880834
2025-11-12T10:45:30,1762924530000,BANKNIFTY,2025-11-12T11:15:30,1762926330000,30,optimized,hybrid,1040.7472509552285,1052.970558233704,1074.7127931940556
2025-11-12T10:45:30,1762924530000,BANKNIFTY,2025-11-12T11:16:30,1762926390000,31,optimized,hybrid,1040.4601013326119,1054.0568012951258,1075.6137918089769
2025-11-12T10:45:30,1762924530000,BANKNIFTY,2025-11-12T11:17:30,1762926450000,32,optimized,hybrid,1037.6389586970859,1051.487242155169,1072.9470808349488
2025-11-12T10:45:30,1762924530000,BANKNIFTY,2025-11-12T11:18:30,1762926510000,33,optimized,hybrid,1036.9238828419116,1052.2728265901103,1073.096674689198
2025-11-12T10:45:30,1762924530000,BANKNIFTY,2025-11-12T11:19:30,1762926570000,34,optimized,hybrid,1037.3922182104236,1049.7027983298185,1074.5826132869174
2025-11-12T10:45:30,1762924530000,BANKNIFTY,2025-11-12T11:20:30,1762926630000,35,optimized,hybrid,1037.0341621612781,1048.8046222777039,1072.5474380591993
2025-11-12T10:45:30,1762924530000,BANKNIFTY,2025-11-12T11:21:30,1762926690000,36,optimized,hybrid,1035.829249994629,1048.5329674012473,1069.9486338047684
2025-11-12T10:45:30,1762924530000,BANKNIFTY,2025-11-12T11:22:30,1762926750000,37,optimized,hybrid,1034.8791239330935,1050.469840140291,1070.566750058846
2025-11-12T10:45:30,1762924530000,BANKNIFTY,2025-11-12T11:23:30,1762926810000,38,optimized,hybrid,1035.5342561205628,1047.8772892453185,1071.9284552360623
2025-11-12T10:45:30,1762924530000,BANKNIFTY,2025-11-12T11:24:30,1762926870000,39,optimized,hybrid,1041.4754975922438,1055.872890889139,1075.7802539843049
2025-11-12T10:45:30,1762924530000,BANKNIFTY,2025-11-12T11:25:30,1762926930000,40,optimized,hybrid,1034.6692085569296,1051.7575345558132,1071.644240032611
2025-11-12T10:45:30,1762924530000,BANKNIFTY,2025-11-12T11:26:30,1762926990000,41,optimized,hybrid,1037.8154475982617,1055.7600584604036,1076.07970612517
2025-11-12T10:45:30,1762924530000,BANKNIFTY,2025-11-12T11:27:30,1762927050000,42,optimized,hybrid,1041.8843246967708,1052.4656313111373,1073.452717268458
2025-11-12T10:45:30,1762924530000,BANKNIFTY,2025-11-12T11:28:30,1762927110000,43,optimized,hybrid,1039.496123784663,1052.3310487189324,1066.6925259428078
2025-11-12T10:45:30,1762924530000,BANKNIFTY,2025-11-12T11:29:30,1762927170000,44,optimized,hybrid,1039.9972081484761,1048.842550523833,1065.8895260949112
2025-11-12T10:45:30,1762924530000,BANKNIFTY,2025-11-12T11:30:30,1762927230000,45,optimized,hybrid,1039.8749870836334,1055.573829655902,1070.1671713092176
2025-11-12T10:45:30,1762924530000,BANKNIFTY,2025-11-12T11:31:30,1762927290000,46,optimized,hybrid,1041.1723247881964,1057.6104585917358,1069.6013017375335
2025-11-12T10:45:30,1762924530000,BANKNIFTY,2025-11-12T11:32:30,1762927350000,47,optimized,hybrid,1041.6113348033214,1057.8424064209971,1070.4775904456833
2025-11-12T10:45:30,1762924530000,BANKNIFTY,2025-11-12T11:33:30,1762927410000,48,optimized,hybrid,1041.660134019417,1058.3759774762723,1073.5306922774666
2025-11-12T10:45:30,1762924530000,BANKNIFTY,2025-11-12T11:34:30,1762927470000,49,optimized,hybrid,1044.663715694452,1058.8128526802363,1070.4387816892033
2025-11-12T10:45:30,1762924530000,BANKNIFTY,2025-11-12T11:35:30,1762927530000,50,optimized,hybrid,1043.8844065813182,1056.5369474977208,1067.3338969370384
2025-11-12T10:45:30,1762924530000,BANKNIFTY,2025-11-12T11:36:30,1762927590000,51,optimized,hybrid,1044.858422839071,1058.1356618090351,1068.2758946813658
2025-11-12T10:45:30,1762924530000,BANKNIFTY,2025-11-12T11:37:30,1762927650000,52,optimized,hybrid,1039.8605732205526,1056.1507110227546,1070.4236237289183
2025-11-12T10:45:30,1762924530000,BANKNIFTY,2025-11-12T11:38:30,1762927710000,53,optimized,hybrid,1042.3768948046272,1057.810234572243,1071.6573311772322
2025-11-12T10:45:30,1762924530000,BANKNIFTY,2025-11-12T11:39:30,1762927770000,54,optimized,hybrid,1039.2353697099381,1057.3954583547281,1067.7251227270078
2025-11-12T10:45:30,1762924530000,BANKNIFTY,2025-11-12T11:40:30,1762927830000,55,optimized,hybrid,1042.3565076339848,1058.0105518286264,1070.3027245339526
2025-11-12T10:45:30,1762924530000,BANKNIFTY,2025-11-12T11:41:30,1762927890000,56,optimized,hybrid,1039.4993604985025,1057.2166448246883,1075.28074353543
2025-11-12T10:45:30,1762924530000,BANKNIFTY,2025-11-12T11:42:30,1762927950000,57,optimized,hybrid,1038.9904907210089,1056.5364134742292,1076.202030880785
2025-11-12T10:45:30,1762924530000,BANKNIFTY,2025-11-12T11:43:30,1762928010000,58,optimized,hybrid,1037.2255312516527,1049.9274346705158,1065.749848071683
2025-11-12T10:45:30,1762924530000,BANKNIFTY,2025-11-12T11:44:30,1762928070000,59,optimized,hybrid,1037.7477795557768,1053.7428433372595,1066.205175019644
2025-11-12T10:45:30,1762924530000,BANKNIFTY,2025-11-12T11:45:30,1762928130000,60,optimized,hybrid,1038.1935501445373,1055.568844902179,1068.7977990321851
2025-11-12T10:45:30,1762924530000,BANKNIFTY,2025-11-12T10:46:30,1762924590000,1,optimized,hybrid,1048.4560594741604,1054.65,1062.9418339427625
2025-11-12T10:45:30,1762924530000,BANKNIFTY,2025-11-12T10:47:30,1762924650000,2,optimized,hybrid,1049.4768832329105,1056.3977766427638,1063.583322783077
2025-11-12T10:45:30,1762924530000,BANKNIFTY,2025-11-12T10:48:30,1762924710000,3,optimized,hybrid,1038.8805318636144,1058.3308907101473,1066.8646599104397
2025-11-12T10:45:30,1762924530000,BANKNIFTY,2025-11-12T10:49:30,1762924770000,4,optimized,hybrid,1041.7862034291668,1053.470292178125,1066.9084656250343
2025-11-12T10:45:30,1762924530000,BANKNIFTY,2025-11-12T10:50:30,1762924830000,5,optimized,hybrid,1044.9012439912597,1055.0370968495765,1068.905116043385
2025-11-12T10:45:30,1762924530000,BANKNIFTY,2025-11-12T10:51:30,1762924890000,6,optimized,hybrid,1048.6661235300733,1057.159480107485,1062.4481696234
2025-11-12T10:45:30,1762924530000,BANKNIFTY,2025-11-12T10:52:30,1762924950000,7,optimized,hybrid,1040.7764500520636,1052.7005122328515,1062.0259888983257
2025-11-12T10:45:30,1762924530000,BANKNIFTY,2025-11-12T10:53:30,1762925010000,8,optimized,hybrid,1037.1665063047978,1048.4080013102473,1058.9931218905117
2025-11-12T10:45:30,1762924530000,BANKNIFTY,2025-11-12T10:54:30,1762925070000,9,optimized,hybrid,1043.1608612842901,1051.403840903859,1059.645916759077
2025-11-12T10:45:30,1762924530000,BANKNIFTY,2025-11-12T10:55:30,1762925130000,10,optimized,hybrid,1045.026227568903,1052.3678603588037,1060.8269993078231
2025-11-12T10:45:30,1762924530000,BANKNIFTY,2025-11-12T10:56:30,1762925190000,11,optimized,hybrid,1043.0781254387553,1053.980483615658,1063.342724740314
2025-11-12T10:45:30,1762924530000,BANKNIFTY,2025-11-12T10:57:30,1762925250000,12,optimized,hybrid,1045.070434057614,1053.7507807807565,1063.945018343259
2025-11-12T10:45:30,1762924530000,BANKNIFTY,2025-11-12T10:58:30,1762925310000,13,optimized,hybrid,1042.7862072830449,1053.0848330251044,1070.4790707705413
2025-11-12T10:45:30,1762924530000,BANKNIFTY,2025-11-12T10:59:30,1762925370000,14,optimized,hybrid,1045.567353025976,1053.5723555914522,1063.0634160387392
2025-11-12T10:45:30,1762924530000,BANKNIFTY,2025-11-12T11:00:30,1762925430000,15,optimized,hybrid,1044.2785039691557,1052.0346409536176,1065.5680702518657
2025-11-12T10:45:30,1762924530000,BANKNIFTY,2025-11-12T11:01:30,1762925490000,16,optimized,hybrid,1046.4673150316698,1053.466062249315,1062.2500421663947
2025-11-12T10:45:30,1762924530000,BANKNIFTY,2025-11-12T11:02:30,1762925550000,17,optimized,hybrid,1046.5436138701675,1054.4795594057668,1065.5773729976681
2025-11-12T10:45:30,1762924530000,BANKNIFTY,2025-11-12T11:03:30,1762925610000,18,optimized,hybrid,1045.2462252898747,1053.4605364732993,1066.705296281665
2025-11-12T10:45:30,1762924530000,BANKNIFTY,2025-11-12T11:04:30,1762925670000,19,optimized,hybrid,1045.41054510661,1053.791062659101,1067.1982429436403
2025-11-12T10:45:30,1762924530000,BANKNIFTY,2025-11-12T11:05:30,1762925730000,20,optimized,hybrid,1042.3136515432373,1051.2771459051041,1067.4836361237135
2025-11-12T10:45:30,1762924530000,BANKNIFTY,2025-11-12T11:06:30,1762925790000,21,optimized,hybrid,1042.5694131945654,1052.4758744152487,1070.5479296162696
2025-11-12T10:45:30,1762924530000,BANKNIFTY,2025-11-12T11:07:30,1762925850000,22,optimized,hybrid,1041.1429064403708,1053.1024722333746,1070.2471999555657
2025-11-12T10:45:30,1762924530000,BANKNIFTY,2025-11-12T11:08:30,1762925910000,23,optimized,hybrid,1040.1921948359252,1051.911123709292,1067.3731911899758
2025-11-12T10:45:30,1762924530000,BANKNIFTY,2025-11-12T11:09:30,1762925970000,24,optimized,hybrid,1040.3628681012067,1050.3834029677698,1065.3267075026067
2025-11-12T10:45:30,1762924530000,BANKNIFTY,2025-11-12T11:10:30,1762926030000,25,optimized,hybrid,1040.3415628079056,1051.0064736477625,1063.50182653397
2025-11-12T10:45:30,1762924530000,BANKNIFTY,2025-11-12T11:11:30,1762926090000,26,optimized,hybrid,1042.135594644275,1053.3492237241846,1069.223946033659
2025-11-12T10:45:30,1762924530000,BANKNIFTY,2025-11-12T11:12:30,1762926150000,27,optimized,hybrid,1043.4079817173517,1055.6895366710266,1068.5323247551446
2025-11-12T10:45:30,1762924530000,BANKNIFTY,2025-11-12T11:13:30,1762926210000,28,optimized,hybrid,1041.0268838610982,1052.016534958563,1066.6819598577217
2025-11-12T10:45:30,1762924530000,BANKNIFTY,2025-11-12T11:14:30,1762926270000,29,optimized,hybrid,1040.018472248786,1048.3558258363253,1066.414090255167
2025-11-12T10:45:30,1762924530000,BANKNIFTY,2025-11-12T11:15:30,1762926330000,30,optimized,hybrid,1041.1572356431345,1051.6976645591453,1065.3186310130284
2025-11-12T10:45:30,1762924530000,BANKNIFTY,2025-11-12T11:16:30,1762926390000,31,optimized,hybrid,1041.2217046618096,1054.405818281817,1067.2341118876243
2025-11-12T10:45:30,1762924530000,BANKNIFTY,2025-11-12T11:17:30,1762926450000,32,optimized,hybrid,1039.1331044845913,1053.529568732967,1065.0865270174547
2025-11-12T10:45:30,1762924530000,BANKNIFTY,2025-11-12T11:18:30,1762926510000,33,optimized,hybrid,1038.0736169254103,1052.2509408566184,1064.4126584591238
2025-11-12T10:45:30,1762924530000,BANKNIFTY,2025-11-12T11:19:30,1762926570000,34,optimized,hybrid,1037.5677967811264,1048.4413878062576,1065.0474548937482
2025-11-12T10:45:30,1762924530000,BANKNIFTY,2025-11-12T11:20:30,1762926630000,35,optimized,hybrid,1040.5883351980626,1054.1958432381305,1066.0971188983126
2025-11-12T10:45:30,1762924530000,BANKNIFTY,2025-11-12T11:21:30,1762926690000,36,optimized,hybrid,1037.2018053201107,1046.9506945355088,1062.2034118813085
2025-11-12T10:45:30,1762924530000,BANKNIFTY,2025-11-12T11:22:30,1762926750000,37,optimized,hybrid,1035.4058180983768,1048.7970932617836,1062.9349238493471
2025-11-12T10:45:30,1762924530000,BANKNIFTY,2025-11-12T11:23:30,1762926810000,38,optimized,hybrid,1036.5268364915903,1046.8790659291337,1063.8411722259887
2025-11-12T10:45:30,1762924530000,BANKNIFTY,2025-11-12T11:24:30,1762926870000,39,optimized,hybrid,1042.314054759123,1055.554754228056,1067.4762142324382
2025-11-12T10:45:30,1762924530000,BANKNIFTY,2025-11-12T11:25:30,1762926930000,40,optimized,hybrid,1036.1981672853126,1052.8209902720587,1065.6602974146908
2025-11-12T10:45:30,1762924530000,BANKNIFTY,2025-11-12T11:26:30,1762926990000,41,optimized,hybrid,1037.4135717592148,1052.1933982004753,1066.3704751043572
2025-11-12T10:45:30,1762924530000,BANKNIFTY,2025-11-12T11:27:30,1762927050000,42,optimized,hybrid,1040.9778936713626,1050.4526245391853,1065.8033921981405
2025-11-12T10:45:30,1762924530000,BANKNIFTY,2025-11-12T11:28:30,1762927110000,43,optimized,hybrid,1039.058973379965,1051.2842831411244,1061.8498902431595
2025-11-12T10:45:30,1762924530000,BANKNIFTY,2025-11-12T11:29:30,1762927170000,44,optimized,hybrid,1040.2826905324787,1047.2320535153945,1062.037885444361
2025-11-12T10:45:30,1762924530000,BANKNIFTY,2025-11-12T11:30:30,1762927230000,45,optimized,hybrid,1041.4963736788723,1055.5738759449005,1065.1949241777725
2025-11-12T10:45:30,1762924530000,BANKNIFTY,2025-11-12T11:31:30,1762927290000,46,optimized,hybrid,1041.3526945977235,1054.1339234165905,1064.0756733496914
2025-11-12T10:45:30,1762924530000,BANKNIFTY,2025-11-12T11:32:30,1762927350000,47,optimized,hybrid,1043.5154498016411,1056.8866880631426,1063.4105779855292
2025-11-12T10:45:30,1762924530000,BANKNIFTY,2025-11-12T11:33:30,1762927410000,48,optimized,hybrid,1042.8352949150153,1055.4214362552466,1067.7276618424262
2025-11-12T10:45:30,1762924530000,BANKNIFTY,2025-11-12T11:34:30,1762927470000,49,optimized,hybrid,1044.1911167297942,1055.028110896285,1063.465556713767
2025-11-12T10:45:30,1762924530000,BANKNIFTY,2025-11-12T11:35:30,1762927530000,50,optimized,hybrid,1043.6114975836279,1053.9955458519305,1060.3299845193499
2025-11-12T10:45:30,1762924530000,BANKNIFTY,2025-11-12T11:36:30,1762927590000,51,optimized,hybrid,1044.559117390314,1054.5551301438147,1066.5371218740045
2025-11-12T10:45:30,1762924530000,BANKNIFTY,2025-11-12T11:37:30,1762927650000,52,optimized,hybrid,1043.998732847004,1055.2355917603131,1069.5481865713473
2025-11-12T10:45:30,1762924530000,BANKNIFTY,2025-11-12T11:38:30,1762927710000,53,optimized,hybrid,1044.5609033547746,1055.090476288774,1070.6360035195414
2025-11-12T10:45:30,1762924530000,BANKNIFTY,2025-11-12T11:39:30,1762927770000,54,optimized,hybrid,1044.393978086587,1056.5790410118939,1067.3592342868856
2025-11-12T10:45:30,1762924530000,BANKNIFTY,2025-11-12T11:40:30,1762927830000,55,optimized,hybrid,1044.9325744114947,1055.7741806420913,1066.1442228436695
2025-11-12T10:45:30,1762924530000,BANKNIFTY,2025-11-12T11:41:30,1762927890000,56,optimized,hybrid,1042.259100183795,1056.770038219393,1065.8309147718646
2025-11-12T10:45:30,1762924530000,BANKNIFTY,2025-11-12T11:42:30,1762927950000,57,optimized,hybrid,1039.122286962489,1053.4738679866352,1066.8972161489764
2025-11-12T10:45:30,1762924530000,BANKNIFTY,2025-11-12T11:43:30,1762928010000,58,optimized,hybrid,1038.8271831686218,1053.3178276524297,1061.7383417837582
2025-11-12T10:45:30,1762924530000,BANKNIFTY,2025-11-12T11:44:30,1762928070000,59,optimized,hybrid,1038.32412207406,1052.1309529618625,1059.8472421001645
2025-11-12T10:45:30,1762924530000,BANKNIFTY,2025-11-12T11:45:30,1762928130000,60,optimized,hybrid,1038.7266172220613,1053.649468133801,1064.3027917965696
2025-11-12T10:45:30,1762924530000,BANKNIFTY,2025-11-12T10:46:30,1762924590000,1,optimized,hybrid,1048.4560594741604,1054.65,1062.9418339427625
2025-11-12T10:45:30,1762924530000,BANKNIFTY,2025-11-12T10:47:30,1762924650000,2,optimized,hybrid,1049.4768832329105,1056.3977766427638,1063.583322783077
2025-11-12T10:45:30,1762924530000,BANKNIFTY,2025-11-12T10:48:30,1762924710000,3,optimized,hybrid,1038.8805318636144,1058.3308907101473,1066.8646599104397
2025-11-12T10:45:30,1762924530000,BANKNIFTY,2025-11-12T10:49:30,1762924770000,4,optimized,hybrid,1041.7862034291668,1053.470292178125,1066.9084656250343
2025-11-12T10:45:30,1762924530000,BANKNIFTY,2025-11-12T10:50:30,1762924830000,5,optimized,hybrid,1044.9012439912597,1055.0370968495765,1068.905116043385
2025-11-12T10:45:30,1762924530000,BANKNIFTY,2025-11-12T10:51:30,1762924890000,6,optimized,hybrid,1048.6661235300733,1057.159480107485,1062.4481696234
2025-11-12T10:45:30,1762924530000,BANKNIFTY,2025-11-12T10:52:30,1762924950000,7,optimized,hybrid,1040.7764500520636,1052.7005122328515,1062.0259888983257
2025-11-12T10:45:30,1762924530000,BANKNIFTY,2025-11-12T10:53:30,1762925010000,8,optimized,hybrid,1037.1665063047978,1048.4080013102473,1058.9931218905117
2025-11-12T10:45:30,1762924530000,BANKNIFTY,2025-11-12T10:54:30,1762925070000,9,optimized,hybrid,1043.1608612842901,1051.403840903859,1059.645916759077
2025-11-12T10:45:30,1762924530000,BANKNIFTY,2025-11-12T10:55:30,1762925130000,10,optimized,hybrid,1045.026227568903,1052.3678603588037,1060.8269993078231
2025-11-12T10:45:30,1762924530000,BANKNIFTY,2025-11-12T10:56:30,1762925190000,11,optimized,hybrid,1043.0781254387553,1053.980483615658,1063.342724740314
2025-11-12T10:45:30,1762924530000,BANKNIFTY,2025-11-12T10:57:30,1762925250000,12,optimized,hybrid,1045.070434057614,1053.7507807807565,1063.945018343259
2025-11-12T10:45:30,1762924530000,BANKNIFTY,2025-11-12T10:58:30,1762925310000,13,optimized,hybrid,1042.7862072830449,1053.0848330251044,1070.4790707705413
2025-11-12T10:45:30,1762924530000,BANKNIFTY,2025-11-12T10:59:30,1762925370000,14,optimized,hybrid,1045.567353025976,1053.5723555914522,1063.0634160387392
2025-11-12T10:45:30,1762924530000,BANKNIFTY,2025-11-12T11:00:30,1762925430000,15,optimized,hybrid,1044.2785039691557,1052.0346409536176,1065.5680702518657
2025-11-12T10:45:30,1762924530000,BANKNIFTY,2025-11-12T11:01:30,1762925490000,16,optimized,hybrid,1046.4673150316698,1053.466062249315,1062.2500421663947
2025-11-12T10:45:30,1762924530000,BANKNIFTY,2025-11-12T11:02:30,1762925550000,17,optimized,hybrid,1046.5436138701675,1054.4795594057668,1065.5773729976681
2025-11-12T10:45:30,1762924530000,BANKNIFTY,2025-11-12T11:03:30,1762925610000,18,optimized,hybrid,1045.2462252898747,1053.4605364732993,1066.705296281665
2025-11-12T10:45:30,1762924530000,BANKNIFTY,2025-11-12T11:04:30,1762925670000,19,optimized,hybrid,1045.41054510661,1053.791062659101,1067.1982429436403
2025-11-12T10:45:30,1762924530000,BANKNIFTY,2025-11-12T11:05:30,1762925730000,20,optimized,hybrid,1042.3136515432373,1051.2771459051041,1067.4836361237135
2025-11-12T10:45:30,1762924530000,BANKNIFTY,2025-11-12T11:06:30,1762925790000,21,optimized,hybrid,1042.5694131945654,1052.4758744152487,1070.5479296162696
2025-11-12T10:45:30,1762924530000,BANKNIFTY,2025-11-12T11:07:30,1762925850000,22,optimized,hybrid,1041.1429064403708,1053.1024722333746,1070.2471999555657
2025-11-12T10:45:30,1762924530000,BANKNIFTY,2025-11-12T11:08:30,1762925910000,23,optimized,hybrid,1040.1921948359252,1051.911123709292,1067.3731911899758
2025-11-12T10:45:30,1762924530000,BANKNIFTY,2025-11-12T11:09:30,1762925970000,24,optimized,hybrid,1040.3628681012067,1050.3834029677698,1065.3267075026067
2025-11-12T10:45:30,1762924530000,BANKNIFTY,2025-11-12T11:10:30,1762926030000,25,optimized,hybrid,1040.3415628079056,1051.0064736477625,1063.50182653397
2025-11-12T10:45:30,1762924530000,BANKNIFTY,2025-11-12T11:11:30,1762926090000,26,optimized,hybrid,1042.135594644275,1053.3492237241846,1069.223946033659
2025-11-12T10:45:30,1762924530000,BANKNIFTY,2025-11-12T11:12:30,1762926150000,27,optimized,hybrid,1043.4079817173517,1055.6895366710266,1068.5323247551446
2025-11-12T10:45:30,1762924530000,BANKNIFTY,2025-11-12T11:13:30,1762926210000,28,optimized,hybrid,1041.0268838610982,1052.016534958563,1066.6819598577217
2025-11-12T10:45:30,1762924530000,BANKNIFTY,2025-11-12T11:14:30,1762926270000,29,optimized,hybrid,1040.018472248786,1048.3558258363253,1066.414090255167
2025-11-12T10:45:30,1762924530000,BANKNIFTY,2025-11-12T11:15:30,1762926330000,30,optimized,hybrid,1041.1572356431345,1051.6976645591453,1065.3186310130284
2025-11-12T10:45:30,1762924530000,BANKNIFTY,2025-11-12T11:16:30,1762926390000,31,optimized,hybrid,1041.2217046618096,1054.405818281817,1067.2341118876243
2025-11-12T10:45:30,1762924530000,BANKNIFTY,2025-11-12T11:17:30,1762926450000,32,optimized,hybrid,1039.1331044845913,1053.529568732967,1065.0865270174547
2025-11-12T10:45:30,1762924530000,BANKNIFTY,2025-11-12T11:18:30,1762926510000,33,optimized,hybrid,1038.0736169254103,1052.2509408566184,1064.4126584591238
2025-11-12T10:45:30,1762924530000,BANKNIFTY,2025-11-12T11:19:30,1762926570000,34,optimized,hybrid,1037.5677967811264,1048.4413878062576,1065.0474548937482
2025-11-12T10:45:30,1762924530000,BANKNIFTY,2025-11-12T11:20:30,1762926630000,35,optimized,hybrid,1040.5883351980626,1054.1958432381305,1066.0971188983126
2025-11-12T10:45:30,1762924530000,BANKNIFTY,2025-11-12T11:21:30,1762926690000,36,optimized,hybrid,1037.2018053201107,1046.9506945355088,1062.2034118813085
2025-11-12T10:45:30,1762924530000,BANKNIFTY,2025-11-12T11:22:30,1762926750000,37,optimized,hybrid,1035.4058180983768,1048.7970932617836,1062.9349238493471
2025-11-12T10:45:30,1762924530000,BANKNIFTY,2025-11-12T11:23:30,1762926810000,38,optimized,hybrid,1036.5268364915903,1046.8790659291337,1063.8411722259887
2025-11-12T10:45:30,1762924530000,BANKNIFTY,2025-11-12T11:24:30,1762926870000,39,optimized,hybrid,1042.314054759123,1055.554754228056,1067.4762142324382
2025-11-12T10:45:30,1762924530000,BANKNIFTY,2025-11-12T11:25:30,1762926930000,40,optimized,hybrid,1036.1981672853126,1052.8209902720587,1065.6602974146908
2025-11-12T10:45:30,1762924530000,BANKNIFTY,2025-11-12T11:26:30,1762926990000,41,optimized,hybrid,1037.4135717592148,1052.1933982004753,1066.3704751043572
2025-11-12T10:45:30,1762924530000,BANKNIFTY,2025-11-12T11:27:30,1762927050000,42,optimized,hybrid,1040.9778936713626,1050.4526245391853,1065.8033921981405
2025-11-12T10:45:30,1762924530000,BANKNIFTY,2025-11-12T11:28:30,1762927110000,43,optimized,hybrid,1039.058973379965,1051.2842831411244,1061.8498902431595
2025-11-12T10:45:30,1762924530000,BANKNIFTY,2025-11-12T11:29:30,1762927170000,44,optimized,hybrid,1040.2826905324787,1047.2320535153945,1062.037885444361
2025-11-12T10:45:30,1762924530000,BANKNIFTY,2025-11-12T11:30:30,1762927230000,45,optimized,hybrid,1041.4963736788723,1055.5738759449005,1065.1949241777725
2025-11-12T10:45:30,1762924530000,BANKNIFTY,2025-11-12T11:31:30,1762927290000,46,optimized,hybrid,1041.3526945977235,1054.1339234165905,1064.0756733496914
2025-11-12T10:45:30,1762924530000,BANKNIFTY,2025-11-12T11:32:30,1762927350000,47,optimized,hybrid,1043.5154498016411,1056.8866880631426,1063.4105779855292
2025-11-12T10:45:30,1762924530000,BANKNIFTY,2025-11-12T11:33:30,1762927410000,48,optimized,hybrid,1042.8352949150153,1055.4214362552466,1067.7276618424262
2025-11-12T10:45:30,1762924530000,BANKNIFTY,2025-11-12T11:34:30,1762927470000,49,optimized,hybrid,1044.1911167297942,1055.028110896285,1063.465556713767
2025-11-12T10:45:30,1762924530000,BANKNIFTY,2025-11-12T11:35:30,1762927530000,50,optimized,hybrid,1043.6114975836279,1053.9955458519305,1060.3299845193499
2025-11-12T10:45:30,1762924530000,BANKNIFTY,2025-11-12T11:36:30,1762927590000,51,optimized,hybrid,1044.559117390314,1054.5551301438147,1066.5371218740045
2025-11-12T10:45:30,1762924530000,BANKNIFTY,2025-11-12T11:37:30,1762927650000,52,optimized,hybrid,1043.998732847004,1055.2355917603131,1069.5481865713473
2025-11-12T10:45:30,1762924530000,BANKNIFTY,2025-11-12T11:38:30,1762927710000,53,optimized,hybrid,1044.5609033547746,1055.090476288774,1070.6360035195414
2025-11-12T10:45:30,1762924530000,BANKNIFTY,2025-11-12T11:39:30,1762927770000,54,optimized,hybrid,1044.393978086587,1056.5790410118939,1067.3592342868856
2025-11-12T10:45:30,1762924530000,BANKNIFTY,2025-11-12T11:40:30,1762927830000,55,optimized,hybrid,1044.9325744114947,1055.7741806420913,1066.1442228436695
2025-11-12T10:45:30,1762924530000,BANKNIFTY,2025-11-12T11:41:30,1762927890000,56,optimized,hybrid,1042.259100183795,1056.770038219393,1065.8309147718646
2025-11-12T10:45:30,1762924530000,BANKNIFTY,2025-11-12T11:42:30,1762927950000,57,optimized,hybrid,1039.122286962489,1053.4738679866352,1066.8972161489764
2025-11-12T10:45:30,1762924530000,BANKNIFTY,2025-11-12T11:43:30,1762928010000,58,optimized,hybrid,1038.8271831686218,1053.3178276524297,1061.7383417837582
2025-11-12T10:45:30,1762924530000,BANKNIFTY,2025-11-12T11:44:30,1762928070000,59,optimized,hybrid,1038.32412207406,1052.1309529618625,1059.8472421001645
2025-11-12T10:45:30,1762924530000,BANKNIFTY,2025-11-12T11:45:30,1762928130000,60,optimized,hybrid,1038.7266172220613,1053.649468133801,1064.3027917965696
2025-11-12T11:24:00,1762926840000,BANKNIFTY,2025-11-12T11:25:00,1762926900000,1,optimized,hybrid,1041.9060594741602,1048.1,1056.3918339427623
2025-11-12T11:24:00,1762926840000,BANKNIFTY,2025-11-12T11:26:00,1762926960000,2,optimized,hybrid,1042.9268832329103,1049.8477766427636,1057.0333227830768
2025-11-12T11:24:00,1762926840000,BANKNIFTY,2025-11-12T11:27:00,1762927020000,3,optimized,hybrid,1032.3305318636142,1051.780890710147,1060.3146599104396
2025-11-12T11:24:00,1762926840000,BANKNIFTY,2025-11-12T11:28:00,1762927080000,4,optimized,hybrid,1035.2362034291666,1046.9202921781248,1060.3584656250341
2025-11-12T11:24:00,1762926840000,BANKNIFTY,2025-11-12T11:29:00,1762927140000,5,optimized,hybrid,1038.3512439912595,1048.4870968495763,1062.355116043385
2025-11-12T11:24:00,1762926840000,BANKNIFTY,2025-11-12T11:30:00,1762927200000,6,optimized,hybrid,1042.116123530073,1050.6094801074848,1055.8981696233998
2025-11-12T11:24:00,1762926840000,BANKNIFTY,2025-11-12T11:31:00,1762927260000,7,optimized,hybrid,1034.2264500520635,1046.1505122328513,1055.4759888983256
2025-11-12T11:24:00,1762926840000,BANKNIFTY,2025-11-12T11:32:00,1762927320000,8,optimized,hybrid,1030.6165063047977,1041.8580013102471,1052.4431218905115
2025-11-12T11:24:00,1762926840000,BANKNIFTY,2025-11-12T11:33:00,1762927380000,9,optimized,hybrid,1036.61086128429,1044.8538409038588,1053.0959167590768
2025-11-12T11:24:00,1762926840000,BANKNIFTY,2025-11-12T11:34:00,1762927440000,10,optimized,hybrid,1038.476227568903,1045.8178603588035,1054.276999307823
2025-11-12T11:24:00,1762926840000,BANKNIFTY,2025-11-12T11:35:00,1762927500000,11,optimized,hybrid,1036.528125438755,1047.4304836156577,1056.7927247403138
2025-11-12T11:24:00,1762926840000,BANKNIFTY,2025-11-12T11:36:00,1762927560000,12,optimized,hybrid,1038.5204340576138,1047.2007807807563,1057.395018343259
2025-11-12T11:24:00,1762926840000,BANKNIFTY,2025-11-12T11:37:00,1762927620000,13,optimized,hybrid,1036.2362072830447,1046.5348330251043,1063.929070770541
2025-11-12T11:24:00,1762926840000,BANKNIFTY,2025-11-12T11:38:00,1762927680000,14,optimized,hybrid,1039.0173530259758,1047.022355591452,1056.513416038739
2025-11-12T11:24:00,1762926840000,BANKNIFTY,2025-11-12T11:39:00,1762927740000,15,optimized,hybrid,1037.7285039691556,1045.4846409536174,1059.0180702518655
2025-11-12T11:24:00,1762926840000,BANKNIFTY,2025-11-12T11:40:00,1762927800000,16,optimized,hybrid,1039.9173150316697,1046.9160622493148,1055.7000421663945
2025-11-12T11:24:00,1762926840000,BANKNIFTY,2025-11-12T11:41:00,1762927860000,17,optimized,hybrid,1039.9936138701673,1047.9295594057667,1059.027372997668
2025-11-12T11:24:00,1762926840000,BANKNIFTY,2025-11-12T11:42:00,1762927920000,18,optimized,hybrid,1038.6962252898745,1046.910536473299,1060.1552962816647
2025-11-12T11:24:00,1762926840000,BANKNIFTY,2025-11-12T11:43:00,1762927980000,19,optimized,hybrid,1038.8605451066098,1047.2410626591009,1060.64824294364
2025-11-12T11:24:00,1762926840000,BANKNIFTY,2025-11-12T11:44:00,1762928040000,20,optimized,hybrid,1035.763651543237,1044.727145905104,1060.9336361237133
2025-11-12T11:24:00,1762926840000,BANKNIFTY,2025-11-12T11:45:00,1762928100000,21,optimized,hybrid,1036.0194131945652,1045.9258744152485,1063.9979296162694
2025-11-12T11:24:00,1762926840000,BANKNIFTY,2025-11-12T11:46:00,1762928160000,22,optimized,hybrid,1034.5929064403706,1046.5524722333744,1063.6971999555656
2025-11-12T11:24:00,1762926840000,BANKNIFTY,2025-11-12T11:47:00,1762928220000,23,optimized,hybrid,1033.642194835925,1045.3611237092919,1060.8231911899757
2025-11-12T11:24:00,1762926840000,BANKNIFTY,2025-11-12T11:48:00,1762928280000,24,optimized,hybrid,1033.8128681012065,1043.8334029677696,1058.7767075026065
2025-11-12T11:24:00,1762926840000,BANKNIFTY,2025-11-12T11:49:00,1762928340000,25,optimized,hybrid,1033.7915628079054,1044.4564736477623,1056.9518265339698
2025-11-12T11:24:00,1762926840000,BANKNIFTY,2025-11-12T11:50:00,1762928400000,26,optimized,hybrid,1035.5855946442748,1046.7992237241845,1062.673946033659
2025-11-12T11:24:00,1762926840000,BANKNIFTY,2025-11-12T11:51:00,1762928460000,27,optimized,hybrid,1036.8579817173515,1049.1395366710265,1061.9823247551444
2025-11-12T11:24:00,1762926840000,BANKNIFTY,2025-11-12T11:52:00,1762928520000,28,optimized,hybrid,1034.476883861098,1045.4665349585628,1060.1319598577215
2025-11-12T11:24:00,1762926840000,BANKNIFTY,2025-11-12T11:53:00,1762928580000,29,optimized,hybrid,1033.468472248786,1041.805825836325,1059.8640902551667
2025-11-12T11:24:00,1762926840000,BANKNIFTY,2025-11-12T11:54:00,1762928640000,30,optimized,hybrid,1034.6072356431343,1045.1476645591451,1058.7686310130282
2025-11-12T11:24:00,1762926840000,BANKNIFTY,2025-11-12T11:55:00,1762928700000,31,optimized,hybrid,1034.6717046618094,1047.8558182818167,1060.684111887624
2025-11-12T11:24:00,1762926840000,BANKNIFTY,2025-11-12T11:56:00,1762928760000,32,optimized,hybrid,1032.583104484591,1046.9795687329668,1058.5365270174545
2025-11-12T11:24:00,1762926840000,BANKNIFTY,2025-11-12T11:57:00,1762928820000,33,optimized,hybrid,1031.5236169254101,1045.7009408566182,1057.8626584591236
2025-11-12T11:24:00,1762926840000,BANKNIFTY,2025-11-12T11:58:00,1762928880000,34,optimized,hybrid,1031.0177967811262,1041.8913878062574,1058.497454893748
2025-11-12T11:24:00,1762926840000,BANKNIFTY,2025-11-12T11:59:00,1762928940000,35,optimized,hybrid,1034.0383351980624,1047.6458432381303,1059.5471188983124
2025-11-12T11:24:00,1762926840000,BANKNIFTY,2025-11-12T12:00:00,1762929000000,36,optimized,hybrid,1030.6518053201105,1040.4006945355086,1055.6534118813083
2025-11-12T11:24:00,1762926840000,BANKNIFTY,2025-11-12T12:01:00,1762929060000,37,optimized,hybrid,1028.8558180983766,1042.2470932617834,1056.384923849347
2025-11-12T11:24:00,1762926840000,BANKNIFTY,2025-11-12T12:02:00,1762929120000,38,optimized,hybrid,1029.9768364915901,1040.3290659291335,1057.2911722259885
2025-11-12T11:24:00,1762926840000,BANKNIFTY,2025-11-12T12:03:00,1762929180000,39,optimized,hybrid,1035.764054759123,1049.0047542280558,1060.926214232438
2025-11-12T11:24:00,1762926840000,BANKNIFTY,2025-11-12T12:04:00,1762929240000,40,optimized,hybrid,1029.6481672853124,1046.2709902720585,1059.1102974146906
2025-11-12T11:24:00,1762926840000,BANKNIFTY,2025-11-12T12:05:00,1762929300000,41,optimized,hybrid,1030.8635717592147,1045.643398200475,1059.820475104357
2025-11-12T11:24:00,1762926840000,BANKNIFTY,2025-11-12T12:06:00,1762929360000,42,optimized,hybrid,1034.4278936713624,1043.9026245391851,1059.2533921981403
2025-11-12T11:24:00,1762926840000,BANKNIFTY,2025-11-12T12:07:00,1762929420000,43,optimized,hybrid,1032.5089733799648,1044.7342831411243,1055.2998902431593
2025-11-12T11:24:00,1762926840000,BANKNIFTY,2025-11-12T12:08:00,1762929480000,44,optimized,hybrid,1033.7326905324785,1040.6820535153943,1055.487885444361
2025-11-12T11:24:00,1762926840000,BANKNIFTY,2025-11-12T12:09:00,1762929540000,45,optimized,hybrid,1034.946373678872,1049.0238759449003,1058.6449241777723
2025-11-12T11:24:00,1762926840000,BANKNIFTY,2025-11-12T12:10:00,1762929600000,46,optimized,hybrid,1034.8026945977233,1047.5839234165903,1057.5256733496913
2025-11-12T11:24:00,1762926840000,BANKNIFTY,2025-11-12T12:11:00,1762929660000,47,optimized,hybrid,1036.965449801641,1050.3366880631424,1056.860577985529
2025-11-12T11:24:00,1762926840000,BANKNIFTY,2025-11-12T12:12:00,1762929720000,48,optimized,hybrid,1036.2852949150151,1048.8714362552464,1061.177661842426
2025-11-12T11:24:00,1762926840000,BANKNIFTY,2025-11-12T12:13:00,1762929780000,49,optimized,hybrid,1037.641116729794,1048.4781108962848,1056.9155567137668
2025-11-12T11:24:00,1762926840000,BANKNIFTY,2025-11-12T12:14:00,1762929840000,50,optimized,hybrid,1037.0614975836277,1047.4455458519303,1053.7799845193497
2025-11-12T11:24:00,1762926840000,BANKNIFTY,2025-11-12T12:15:00,1762929900000,51,optimized,hybrid,1038.0091173903138,1048.0051301438145,1059.9871218740043
2025-11-12T11:24:00,1762926840000,BANKNIFTY,2025-11-12T12:16:00,1762929960000,52,optimized,hybrid,1037.4487328470038,1048.685591760313,1062.998186571347
2025-11-12T11:24:00,1762926840000,BANKNIFTY,2025-11-12T12:17:00,1762930020000,53,optimized,hybrid,1038.0109033547744,1048.5404762887738,1064.0860035195412
2025-11-12T11:24:00,1762926840000,BANKNIFTY,2025-11-12T12:18:00,1762930080000,54,optimized,hybrid,1037.8439780865867,1050.0290410118937,1060.8092342868854
2025-11-12T11:24:00,1762926840000,BANKNIFTY,2025-11-12T12:19:00,1762930140000,55,optimized,hybrid,1038.3825744114945,1049.2241806420911,1059.5942228436693
2025-11-12T11:24:00,1762926840000,BANKNIFTY,2025-11-12T12:20:00,1762930200000,56,optimized,hybrid,1035.7091001837948,1050.2200382193928,1059.2809147718644
2025-11-12T11:24:00,1762926840000,BANKNIFTY,2025-11-12T12:21:00,1762930260000,57,optimized,hybrid,1032.5722869624888,1046.923867986635,1060.3472161489763
2025-11-12T11:24:00,1762926840000,BANKNIFTY,2025-11-12T12:22:00,1762930320000,58,optimized,hybrid,1032.2771831686216,1046.7678276524296,1055.188341783758
2025-11-12T11:24:00,1762926840000,BANKNIFTY,2025-11-12T12:23:00,1762930380000,59,optimized,hybrid,1031.7741220740597,1045.5809529618623,1053.2972421001643
2025-11-12T11:24:00,1762926840000,BANKNIFTY,2025-11-12T12:24:00,1762930440000,60,optimized,hybrid,1032.1766172220612,1047.0994681338009,1057.7527917965695
2025-11-12T11:24:00,1762926840000,BANKNIFTY,2025-11-12T11:25:00,1762926900000,1,optimized,hybrid,1041.9060594741602,1048.1,1056.3918339427623
2025-11-12T11:24:00,1762926840000,BANKNIFTY,2025-11-12T11:26:00,1762926960000,2,optimized,hybrid,1042.9268832329103,1049.8477766427636,1057.0333227830768
2025-11-12T11:24:00,1762926840000,BANKNIFTY,2025-11-12T11:27:00,1762927020000,3,optimized,hybrid,1032.3305318636142,1051.780890710147,1060.3146599104396
2025-11-12T11:24:00,1762926840000,BANKNIFTY,2025-11-12T11:28:00,1762927080000,4,optimized,hybrid,1035.2362034291666,1046.9202921781248,1060.3584656250341
2025-11-12T11:24:00,1762926840000,BANKNIFTY,2025-11-12T11:29:00,1762927140000,5,optimized,hybrid,1038.3512439912595,1048.4870968495763,1062.355116043385
2025-11-12T11:24:00,1762926840000,BANKNIFTY,2025-11-12T11:30:00,1762927200000,6,optimized,hybrid,1042.116123530073,1050.6094801074848,1055.8981696233998
2025-11-12T11:24:00,1762926840000,BANKNIFTY,2025-11-12T11:31:00,1762927260000,7,optimized,hybrid,1034.2264500520635,1046.1505122328513,1055.4759888983256
2025-11-12T11:24:00,1762926840000,BANKNIFTY,2025-11-12T11:32:00,1762927320000,8,optimized,hybrid,1030.6165063047977,1041.8580013102471,1052.4431218905115
2025-11-12T11:24:00,1762926840000,BANKNIFTY,2025-11-12T11:33:00,1762927380000,9,optimized,hybrid,1036.61086128429,1044.8538409038588,1053.0959167590768
2025-11-12T11:24:00,1762926840000,BANKNIFTY,2025-11-12T11:34:00,1762927440000,10,optimized,hybrid,1038.476227568903,1045.8178603588035,1054.276999307823
2025-11-12T11:24:00,1762926840000,BANKNIFTY,2025-11-12T11:35:00,1762927500000,11,optimized,hybrid,1036.528125438755,1047.4304836156577,1056.7927247403138
2025-11-12T11:24:00,1762926840000,BANKNIFTY,2025-11-12T11:36:00,1762927560000,12,optimized,hybrid,1038.5204340576138,1047.2007807807563,1057.395018343259
2025-11-12T11:24:00,1762926840000,BANKNIFTY,2025-11-12T11:37:00,1762927620000,13,optimized,hybrid,1036.2362072830447,1046.5348330251043,1063.929070770541
2025-11-12T11:24:00,1762926840000,BANKNIFTY,2025-11-12T11:38:00,1762927680000,14,optimized,hybrid,1039.0173530259758,1047.022355591452,1056.513416038739
2025-11-12T11:24:00,1762926840000,BANKNIFTY,2025-11-12T11:39:00,1762927740000,15,optimized,hybrid,1037.7285039691556,1045.4846409536174,1059.0180702518655
2025-11-12T11:24:00,1762926840000,BANKNIFTY,2025-11-12T11:40:00,1762927800000,16,optimized,hybrid,1039.9173150316697,1046.9160622493148,1055.7000421663945
2025-11-12T11:24:00,1762926840000,BANKNIFTY,2025-11-12T11:41:00,1762927860000,17,optimized,hybrid,1039.9936138701673,1047.9295594057667,1059.027372997668
2025-11-12T11:24:00,1762926840000,BANKNIFTY,2025-11-12T11:42:00,1762927920000,18,optimized,hybrid,1038.6962252898745,1046.910536473299,1060.1552962816647
2025-11-12T11:24:00,1762926840000,BANKNIFTY,2025-11-12T11:43:00,1762927980000,19,optimized,hybrid,1038.8605451066098,1047.2410626591009,1060.64824294364
2025-11-12T11:24:00,1762926840000,BANKNIFTY,2025-11-12T11:44:00,1762928040000,20,optimized,hybrid,1035.763651543237,1044.727145905104,1060.9336361237133
2025-11-12T11:24:00,1762926840000,BANKNIFTY,2025-11-12T11:45:00,1762928100000,21,optimized,hybrid,1036.0194131945652,1045.9258744152485,1063.9979296162694
2025-11-12T11:24:00,1762926840000,BANKNIFTY,2025-11-12T11:46:00,1762928160000,22,optimized,hybrid,1034.5929064403706,1046.5524722333744,1063.6971999555656
2025-11-12T11:24:00,1762926840000,BANKNIFTY,2025-11-12T11:47:00,1762928220000,23,optimized,hybrid,1033.642194835925,1045.3611237092919,1060.8231911899757
2025-11-12T11:24:00,1762926840000,BANKNIFTY,2025-11-12T11:48:00,1762928280000,24,optimized,hybrid,1033.8128681012065,1043.8334029677696,1058.7767075026065
2025-11-12T11:24:00,1762926840000,BANKNIFTY,2025-11-12T11:49:00,1762928340000,25,optimized,hybrid,1033.7915628079054,1044.4564736477623,1056.9518265339698
2025-11-12T11:24:00,1762926840000,BANKNIFTY,2025-11-12T11:50:00,1762928400000,26,optimized,hybrid,1035.5855946442748,1046.7992237241845,1062.673946033659
2025-11-12T11:24:00,1762926840000,BANKNIFTY,2025-11-12T11:51:00,1762928460000,27,optimized,hybrid,1036.8579817173515,1049.1395366710265,1061.9823247551444
2025-11-12T11:24:00,1762926840000,BANKNIFTY,2025-11-12T11:52:00,1762928520000,28,optimized,hybrid,1034.476883861098,1045.4665349585628,1060.1319598577215
2025-11-12T11:24:00,1762926840000,BANKNIFTY,2025-11-12T11:53:00,1762928580000,29,optimized,hybrid,1033.468472248786,1041.805825836325,1059.8640902551667
2025-11-12T11:24:00,1762926840000,BANKNIFTY,2025-11-12T11:54:00,1762928640000,30,optimized,hybrid,1034.6072356431343,1045.1476645591451,1058.7686310130282
2025-11-12T11:24:00,1762926840000,BANKNIFTY,2025-11-12T11:55:00,1762928700000,31,optimized,hybrid,1034.6717046618094,1047.8558182818167,1060.684111887624
2025-11-12T11:24:00,1762926840000,BANKNIFTY,2025-11-12T11:56:00,1762928760000,32,optimized,hybrid,1032.583104484591,1046.9795687329668,1058.5365270174545
2025-11-12T11:24:00,1762926840000,BANKNIFTY,2025-11-12T11:57:00,1762928820000,33,optimized,hybrid,1031.5236169254101,1045.7009408566182,1057.8626584591236
2025-11-12T11:24:00,1762926840000,BANKNIFTY,2025-11-12T11:58:00,1762928880000,34,optimized,hybrid,1031.0177967811262,1041.8913878062574,1058.497454893748
2025-11-12T11:24:00,1762926840000,BANKNIFTY,2025-11-12T11:59:00,1762928940000,35,optimized,hybrid,1034.0383351980624,1047.6458432381303,1059.5471188983124
2025-11-12T11:24:00,1762926840000,BANKNIFTY,2025-11-12T12:00:00,1762929000000,36,optimized,hybrid,1030.6518053201105,1040.4006945355086,1055.6534118813083
2025-11-12T11:24:00,1762926840000,BANKNIFTY,2025-11-12T12:01:00,1762929060000,37,optimized,hybrid,1028.8558180983766,1042.2470932617834,1056.384923849347
2025-11-12T11:24:00,1762926840000,BANKNIFTY,2025-11-12T12:02:00,1762929120000,38,optimized,hybrid,1029.9768364915901,1040.3290659291335,1057.2911722259885
2025-11-12T11:24:00,1762926840000,BANKNIFTY,2025-11-12T12:03:00,1762929180000,39,optimized,hybrid,1035.764054759123,1049.0047542280558,1060.926214232438
2025-11-12T11:24:00,1762926840000,BANKNIFTY,2025-11-12T12:04:00,1762929240000,40,optimized,hybrid,1029.6481672853124,1046.2709902720585,1059.1102974146906
2025-11-12T11:24:00,1762926840000,BANKNIFTY,2025-11-12T12:05:00,1762929300000,41,optimized,hybrid,1030.8635717592147,1045.643398200475,1059.820475104357
2025-11-12T11:24:00,1762926840000,BANKNIFTY,2025-11-12T12:06:00,1762929360000,42,optimized,hybrid,1034.4278936713624,1043.9026245391851,1059.2533921981403
2025-11-12T11:24:00,1762926840000,BANKNIFTY,2025-11-12T12:07:00,1762929420000,43,optimized,hybrid,1032.5089733799648,1044.7342831411243,1055.2998902431593
2025-11-12T11:24:00,1762926840000,BANKNIFTY,2025-11-12T12:08:00,1762929480000,44,optimized,hybrid,1033.7326905324785,1040.6820535153943,1055.487885444361
2025-11-12T11:24:00,1762926840000,BANKNIFTY,2025-11-12T12:09:00,1762929540000,45,optimized,hybrid,1034.946373678872,1049.0238759449003,1058.6449241777723
2025-11-12T11:24:00,1762926840000,BANKNIFTY,2025-11-12T12:10:00,1762929600000,46,optimized,hybrid,1034.8026945977233,1047.5839234165903,1057.5256733496913
2025-11-12T11:24:00,1762926840000,BANKNIFTY,2025-11-12T12:11:00,1762929660000,47,optimized,hybrid,1036.965449801641,1050.3366880631424,1056.860577985529
2025-11-12T11:24:00,1762926840000,BANKNIFTY,2025-11-12T12:12:00,1762929720000,48,optimized,hybrid,1036.2852949150151,1048.8714362552464,1061.177661842426
2025-11-12T11:24:00,1762926840000,BANKNIFTY,2025-11-12T12:13:00,1762929780000,49,optimized,hybrid,1037.641116729794,1048.4781108962848,1056.9155567137668
2025-11-12T11:24:00,1762926840000,BANKNIFTY,2025-11-12T12:14:00,1762929840000,50,optimized,hybrid,1037.0614975836277,1047.4455458519303,1053.7799845193497
2025-11-12T11:24:00,1762926840000,BANKNIFTY,2025-11-12T12:15:00,1762929900000,51,optimized,hybrid,1038.0091173903138,1048.0051301438145,1059.9871218740043
2025-11-12T11:24:00,1762926840000,BANKNIFTY,2025-11-12T12:16:00,1762929960000,52,optimized,hybrid,1037.4487328470038,1048.685591760313,1062.998186571347
2025-11-12T11:24:00,1762926840000,BANKNIFTY,2025-11-12T12:17:00,1762930020000,53,optimized,hybrid,1038.0109033547744,1048.5404762887738,1064.0860035195412
2025-11-12T11:24:00,1762926840000,BANKNIFTY,2025-11-12T12:18:00,1762930080000,54,optimized,hybrid,1037.8439780865867,1050.0290410118937,1060.8092342868854
2025-11-12T11:24:00,1762926840000,BANKNIFTY,2025-11-12T12:19:00,1762930140000,55,optimized,hybrid,1038.3825744114945,1049.2241806420911,1059.5942228436693
2025-11-12T11:24:00,1762926840000,BANKNIFTY,2025-11-12T12:20:00,1762930200000,56,optimized,hybrid,1035.7091001837948,1050.2200382193928,1059.2809147718644
2025-11-12T11:24:00,1762926840000,BANKNIFTY,2025-11-12T12:21:00,1762930260000,57,optimized,hybrid,1032.5722869624888,1046.923867986635,1060.3472161489763
2025-11-12T11:24:00,1762926840000,BANKNIFTY,2025-11-12T12:22:00,1762930320000,58,optimized,hybrid,1032.2771831686216,1046.7678276524296,1055.188341783758
2025-11-12T11:24:00,1762926840000,BANKNIFTY,2025-11-12T12:23:00,1762930380000,59,optimized,hybrid,1031.7741220740597,1045.5809529618623,1053.2972421001643
2025-11-12T11:24:00,1762926840000,BANKNIFTY,2025-11-12T12:24:00,1762930440000,60,optimized,hybrid,1032.1766172220612,1047.0994681338009,1057.7527917965695
2025-11-12T12:31:30,1762930890000,BANKNIFTY,2025-11-12T12:32:30,1762930950000,1,optimized,hybrid,1013.5179602665088,1018.9,1026.6107589749693
2025-11-12T12:31:30,1762930890000,BANKNIFTY,2025-11-12T12:33:30,1762931010000,2,optimized,hybrid,1013.7640890745586,1019.7267539134442,1027.7391814337977
2025-11-12T12:31:30,1762930890000,BANKNIFTY,2025-11-12T12:34:30,1762931070000,3,optimized,hybrid,1008.6226756574689,1019.8198527618403,1028.7662513107439
2025-11-12T12:31:30,1762930890000,BANKNIFTY,2025-11-12T12:35:30,1762931130000,4,optimized,hybrid,1011.0203513746441,1020.3908536116791,1029.4652075000777
2025-11-12T12:31:30,1762930890000,BANKNIFTY,2025-11-12T12:36:30,1762931190000,5,optimized,hybrid,1013.1209683185187,1019.9531636753112,1027.8208638850529
2025-11-12T12:31:30,1762930890000,BANKNIFTY,2025-11-12T12:37:30,1762931250000,6,optimized,hybrid,1015.7345499578458,1019.4655879851736,1028.0538354223975
2025-11-12T12:31:30,1762930890000,BANKNIFTY,2025-11-12T12:38:30,1762931310000,7,optimized,hybrid,1012.0800338712994,1020.8665661643043,1030.19582190588
2025-11-12T12:31:30,1762930890000,BANKNIFTY,2025-11-12T12:39:30,1762931370000,8,optimized,hybrid,1007.3357856201354,1016.8657404150459,1026.0743242426067
2025-11-12T12:31:30,1762930890000,BANKNIFTY,2025-11-12T12:40:30,1762931430000,9,optimized,hybrid,1011.860701546222,1017.7349443945669,1024.6200469199457
2025-11-12T12:31:30,1762930890000,BANKNIFTY,2025-11-12T12:41:30,1762931490000,10,optimized,hybrid,1012.0795663584094,1017.6990222368942,1025.1101418788014
2025-11-12T12:31:30,1762930890000,BANKNIFTY,2025-11-12T12:42:30,1762931550000,11,optimized,hybrid,1011.9959020706999,1018.9565902197513,1025.9557849013377
2025-11-12T12:31:30,1762930890000,BANKNIFTY,2025-11-12T12:43:30,1762931610000,12,optimized,hybrid,1011.8493163342865,1019.2232898912858,1027.4400311243762
2025-11-12T12:31:30,1762930890000,BANKNIFTY,2025-11-12T12:44:30,1762931670000,13,optimized,hybrid,1011.3804872510782,1019.0362482230181,1027.1378697040946
2025-11-12T12:31:30,1762930890000,BANKNIFTY,2025-11-12T12:45:30,1762931730000,14,optimized,hybrid,1012.1005372141568,1019.7908436745041,1026.5045281622959
2025-11-12T12:31:30,1762930890000,BANKNIFTY,2025-11-12T12:46:30,1762931790000,15,optimized,hybrid,1011.9321937579206,1018.8952216209922,1027.8634686003572
2025-11-12T12:31:30,1762930890000,BANKNIFTY,2025-11-12T12:47:30,1762931850000,16,optimized,hybrid,1012.106789441838,1020.1738668292522,1028.1984502370956
2025-11-12T12:31:30,1762930890000,BANKNIFTY,2025-11-12T12:48:30,1762931910000,17,optimized,hybrid,1012.1162880884043,1021.7045971355391,1031.7133682799583
2025-11-12T12:31:30,1762930890000,BANKNIFTY,2025-11-12T12:49:30,1762931970000,18,optimized,hybrid,1009.9081959848417,1019.2575128300954,1030.0113626913417
2025-11-12T12:31:30,1762930890000,BANKNIFTY,2025-11-12T12:50:30,1762932030000,19,optimized,hybrid,1012.1985729410164,1021.2335629374123,1033.9205854361928
2025-11-12T12:31:30,1762930890000,BANKNIFTY,2025-11-12T12:51:30,1762932090000,20,optimized,hybrid,1010.5881842253921,1018.081895433637,1033.2842227353112
2025-11-12T12:31:30,1762930890000,BANKNIFTY,2025-11-12T12:52:30,1762932150000,21,optimized,hybrid,1011.4522736076309,1020.5819096135525,1028.4838727871786
2025-11-12T12:31:30,1762930890000,BANKNIFTY,2025-11-12T12:53:30,1762932210000,22,optimized,hybrid,1010.7839584297287,1020.262680346605,1031.3135460210242
2025-11-12T12:31:30,1762930890000,BANKNIFTY,2025-11-12T12:54:30,1762932270000,23,optimized,hybrid,1009.524605517336,1018.2267102515851,1029.5806690886498
2025-11-12T12:31:30,1762930890000,BANKNIFTY,2025-11-12T12:55:30,1762932330000,24,optimized,hybrid,1009.368210629646,1017.7633808634185,1031.98435694247
2025-11-12T12:31:30,1762930890000,BANKNIFTY,2025-11-12T12:56:30,1762932390000,25,optimized,hybrid,1008.9997541239117,1018.3340062775586,1028.7763346923384
2025-11-12T12:31:30,1762930890000,BANKNIFTY,2025-11-12T12:57:30,1762932450000,26,optimized,hybrid,1010.494094657714,1018.8788707643145,1030.0276813086139
2025-11-12T12:31:30,1762930890000,BANKNIFTY,2025-11-12T12:58:30,1762932510000,27,optimized,hybrid,1010.7722879040784,1019.1669370627818,1034.2220703007615
2025-11-12T12:31:30,1762930890000,BANKNIFTY,2025-11-12T12:59:30,1762932570000,28,optimized,hybrid,1008.8944431664079,1016.6100107365652,1032.9097139643684
2025-11-12T12:31:30,1762930890000,BANKNIFTY,2025-11-12T13:00:30,1762932630000,29,optimized,hybrid,1008.5144835455259,1016.2120112484532,1032.8016532904487
2025-11-12T12:31:30,1762930890000,BANKNIFTY,2025-11-12T13:01:30,1762932690000,30,optimized,hybrid,1008.354208068387,1016.6201721608369,1031.1817594806566
2025-11-12T12:31:30,1762930890000,BANKNIFTY,2025-11-12T13:02:30,1762932750000,31,optimized,hybrid,1008.2765335597363,1017.073525829063,1031.541049410512
2025-11-12T12:31:30,1762930890000,BANKNIFTY,2025-11-12T13:03:30,1762932810000,32,optimized,hybrid,1006.7542443740568,1015.8787748283886,1030.4157634088315
2025-11-12T12:31:30,1762930890000,BANKNIFTY,2025-11-12T13:04:30,1762932870000,33,optimized,hybrid,1006.5296806030957,1016.852638549503,1030.883016556746
2025-11-12T12:31:30,1762930890000,BANKNIFTY,2025-11-12T13:05:30,1762932930000,34,optimized,hybrid,1006.8101670601462,1015.0398280321637,1031.7384003113234
2025-11-12T12:31:30,1762930890000,BANKNIFTY,2025-11-12T13:06:30,1762932990000,35,optimized,hybrid,1006.7192583682081,1014.4182998523664,1030.720433141777
2025-11-12T12:31:30,1762930890000,BANKNIFTY,2025-11-12T13:07:30,1762933050000,36,optimized,hybrid,1005.9572924624604,1014.2096294747379,1028.35959533627
2025-11-12T12:31:30,1762930890000,BANKNIFTY,2025-11-12T13:08:30,1762933110000,37,optimized,hybrid,1005.1250708632587,1015.3128057760117,1027.2668254189277
2025-11-12T12:31:30,1762930890000,BANKNIFTY,2025-11-12T13:09:30,1762933170000,38,optimized,hybrid,1005.9361032417976,1013.6359437461086,1027.0740007788465
2025-11-12T12:31:30,1762930890000,BANKNIFTY,2025-11-12T13:10:30,1762933230000,39,optimized,hybrid,1008.9010288487124,1017.7023295412135,1030.1674660683097
2025-11-12T12:31:30,1762930890000,BANKNIFTY,2025-11-12T13:11:30,1762933290000,40,optimized,hybrid,1005.166597115319,1016.4423641398733,1029.5621129850672
2025-11-12T12:31:30,1762930890000,BANKNIFTY,2025-11-12T13:12:30,1762933350000,41,optimized,hybrid,1006.927289268295,1018.9570523905367,1031.8594953347963
2025-11-12T12:31:30,1762930890000,BANKNIFTY,2025-11-12T13:13:30,1762933410000,42,optimized,hybrid,1009.418566451316,1016.4114676100136,1029.3742684903164
2025-11-12T12:31:30,1762930890000,BANKNIFTY,2025-11-12T13:14:30,1762933470000,43,optimized,hybrid,1007.5579571191247,1016.0543151887381,1024.942597604193
2025-11-12T12:31:30,1762930890000,BANKNIFTY,2025-11-12T13:15:30,1762933530000,44,optimized,hybrid,1008.3691614728573,1014.0216555211629,1023.6420588966714
2025-11-12T12:31:30,1762930890000,BANKNIFTY,2025-11-12T13:16:30,1762933590000,45,optimized,hybrid,1008.1815859763399,1018.847100671766,1027.7609488848968
2025-11-12T12:31:30,1762930890000,BANKNIFTY,2025-11-12T13:17:30,1762933650000,46,optimized,hybrid,1008.8249943087121,1019.9755044709146,1027.3117377694866
2025-11-12T12:31:30,1762930890000,BANKNIFTY,2025-11-12T13:18:30,1762933710000,47,optimized,hybrid,1009.2431180824764,1020.1338974766874,1028.5272897268528
2025-11-12T12:31:30,1762930890000,BANKNIFTY,2025-11-12T13:19:30,1762933770000,48,optimized,hybrid,1009.3793574179346,1020.4489188431063,1029.3651250960163
2025-11-12T12:31:30,1762930890000,BANKNIFTY,2025-11-12T13:20:30,1762933830000,49,optimized,hybrid,1011.4272084158447,1020.7963738075665,1028.1307511643
2025-11-12T12:31:30,1762930890000,BANKNIFTY,2025-11-12T13:21:30,1762933890000,50,optimized,hybrid,1010.6620686948314,1018.9879264396035,1026.3705573891311
2025-11-12T12:31:30,1762930890000,BANKNIFTY,2025-11-12T13:22:30,1762933950000,51,optimized,hybrid,1011.6327042482112,1020.5091607424293,1025.8233385646574
2025-11-12T12:31:30,1762930890000,BANKNIFTY,2025-11-12T13:23:30,1762934010000,52,optimized,hybrid,1009.8075848609608,1020.713886981494,1028.161961624732
2025-11-12T12:31:30,1762930890000,BANKNIFTY,2025-11-12T13:24:30,1762934070000,53,optimized,hybrid,1009.4662693871292,1020.120829871924,1026.9194846587798
2025-11-12T12:31:30,1762930890000,BANKNIFTY,2025-11-12T13:25:30,1762934130000,54,optimized,hybrid,1009.5228194036622,1021.8589758188692,1027.0960319227786
2025-11-12T12:31:30,1762930890000,BANKNIFTY,2025-11-12T13:26:30,1762934190000,55,optimized,hybrid,1010.1643607046203,1021.9332380764594,1028.1476133186004
2025-11-12T12:31:30,1762930890000,BANKNIFTY,2025-11-12T13:27:30,1762934250000,56,optimized,hybrid,1008.2536136937532,1020.3213613663912,1033.9894427867807
2025-11-12T12:31:30,1762930890000,BANKNIFTY,2025-11-12T13:28:30,1762934310000,57,optimized,hybrid,1007.9015542367266,1019.9002524275187,1033.9795699872705
2025-11-12T12:31:30,1762930890000,BANKNIFTY,2025-11-12T13:29:30,1762934370000,58,optimized,hybrid,1006.878701376285,1015.268791985308,1025.159615217356
2025-11-12T12:31:30,1762930890000,BANKNIFTY,2025-11-12T13:30:30,1762934430000,59,optimized,hybrid,1006.8243710878263,1017.5895127522316,1024.7053226011187
2025-11-12T12:31:30,1762930890000,BANKNIFTY,2025-11-12T13:31:30,1762934490000,60,optimized,hybrid,1006.2747407069273,1017.9181367430264,1025.7445166330865
2025-11-12T12:32:00,1762930920000,BANKNIFTY,2025-11-12T12:33:00,1762930980000,1,optimized,hybrid,1013.3393689066676,1018.9,1026.6641496172058
2025-11-12T12:32:00,1762930920000,BANKNIFTY,2025-11-12T12:34:00,1762931040000,2,optimized,hybrid,1013.5149065062656,1019.7323146588482,1027.820181351492
2025-11-12T12:32:00,1762930920000,BANKNIFTY,2025-11-12T12:35:00,1762931100000,3,optimized,hybrid,1008.060011478334,1019.174387670227,1028.3332062486506
2025-11-12T12:32:00,1762930920000,BANKNIFTY,2025-11-12T12:36:00,1762931160000,4,optimized,hybrid,1011.2539648913205,1020.7639136146698,1029.6298250215375
2025-11-12T12:32:00,1762930920000,BANKNIFTY,2025-11-12T12:37:00,1762931220000,5,optimized,hybrid,1012.1504603318859,1019.1097499233646,1027.0416664890388
2025-11-12T12:32:00,1762930920000,BANKNIFTY,2025-11-12T12:38:00,1762931280000,6,optimized,hybrid,1014.8085969334478,1018.8581026737783,1027.5221642687225
2025-11-12T12:32:00,1762930920000,BANKNIFTY,2025-11-12T12:39:00,1762931340000,7,optimized,hybrid,1011.5116177066429,1020.5151491447922,1029.9054726673305
2025-11-12T12:32:00,1762930920000,BANKNIFTY,2025-11-12T12:40:00,1762931400000,8,optimized,hybrid,1007.1596162739194,1016.8582016169856,1025.9547580888777
2025-11-12T12:32:00,1762930920000,BANKNIFTY,2025-11-12T12:41:00,1762931460000,9,optimized,hybrid,1011.0822858005696,1017.1432065159171,1024.0645607349902
2025-11-12T12:32:00,1762930920000,BANKNIFTY,2025-11-12T12:42:00,1762931520000,10,optimized,hybrid,1011.6686369331114,1017.5123305253252,1024.9055631659317
2025-11-12T12:32:00,1762930920000,BANKNIFTY,2025-11-12T12:43:00,1762931580000,11,optimized,hybrid,1011.7607258694721,1018.811129416444,1025.920730768324
2025-11-12T12:32:00,1762930920000,BANKNIFTY,2025-11-12T12:44:00,1762931640000,12,optimized,hybrid,1011.8137088715628,1019.2297561673087,1027.640969390985
2025-11-12T12:32:00,1762930920000,BANKNIFTY,2025-11-12T12:45:00,1762931700000,13,optimized,hybrid,1010.6310330164224,1018.154451357466,1026.5593714226422
2025-11-12T12:32:00,1762930920000,BANKNIFTY,2025-11-12T12:46:00,1762931760000,14,optimized,hybrid,1011.4975334791984,1019.1595889303688,1026.1071528554924
2025-11-12T12:32:00,1762930920000,BANKNIFTY,2025-11-12T12:47:00,1762931820000,15,optimized,hybrid,1011.0624091174851,1018.3129230083172,1027.1955412761804
2025-11-12T12:32:00,1762930920000,BANKNIFTY,2025-11-12T12:48:00,1762931880000,16,optimized,hybrid,1011.45743136039,1019.7372904897633,1027.8552085092947
2025-11-12T12:32:00,1762930920000,BANKNIFTY,2025-11-12T12:49:00,1762931940000,17,optimized,hybrid,1011.1117519052536,1020.8951468487652,1031.0535542935472
2025-11-12T12:32:00,1762930920000,BANKNIFTY,2025-11-12T12:50:00,1762932000000,18,optimized,hybrid,1010.1884895285834,1019.7996158292091,1030.60326110051
2025-11-12T12:32:00,1762930920000,BANKNIFTY,2025-11-12T12:51:00,1762932060000,19,optimized,hybrid,1011.2836200449876,1020.3648719312858,1033.3359813000077
2025-11-12T12:32:00,1762930920000,BANKNIFTY,2025-11-12T12:52:00,1762932120000,20,optimized,hybrid,1009.9809643834533,1017.4143773851673,1032.8745210726145
2025-11-12T12:32:00,1762930920000,BANKNIFTY,2025-11-12T12:53:00,1762932180000,21,optimized,hybrid,1011.0722246927722,1020.1258422487607,1028.296920327894
2025-11-12T12:32:00,1762930920000,BANKNIFTY,2025-11-12T12:54:00,1762932240000,22,optimized,hybrid,1010.3113717217075,1019.8056289320892,1031.3354607939466
2025-11-12T12:32:00,1762930920000,BANKNIFTY,2025-11-12T12:55:00,1762932300000,23,optimized,hybrid,1009.1775016569844,1017.9107039386168,1029.432635256742
2025-11-12T12:32:00,1762930920000,BANKNIFTY,2025-11-12T12:56:00,1762932360000,24,optimized,hybrid,1008.5091509423818,1016.9769351107633,1031.2956113001503
2025-11-12T12:32:00,1762930920000,BANKNIFTY,2025-11-12T12:57:00,1762932420000,25,optimized,hybrid,1008.7081957779793,1018.1225921113154,1028.665093502856
2025-11-12T12:32:00,1762930920000,BANKNIFTY,2025-11-12T12:58:00,1762932480000,26,optimized,hybrid,1010.2396729827897,1018.7299484705785,1030.0036273526027
2025-11-12T12:32:00,1762930920000,BANKNIFTY,2025-11-12T12:59:00,1762932540000,27,optimized,hybrid,1010.5082298674978,1019.00345655728,1034.1896029201366
2025-11-12T12:32:00,1762930920000,BANKNIFTY,2025-11-12T13:00:00,1762932600000,28,optimized,hybrid,1007.9310979198816,1015.8432514813336,1032.2837666764174
2025-11-12T12:32:00,1762930920000,BANKNIFTY,2025-11-12T13:01:00,1762932660000,29,optimized,hybrid,1007.599709740322,1015.3876173265775,1032.201730477618
2025-11-12T12:32:00,1762930920000,BANKNIFTY,2025-11-12T13:02:00,1762932720000,30,optimized,hybrid,1007.9043744086354,1016.4254567596992,1031.116117594197
2025-11-12T12:32:00,1762930920000,BANKNIFTY,2025-11-12T13:03:00,1762932780000,31,optimized,hybrid,1008.0671935342416,1017.0519174442971,1031.6442901707035
2025-11-12T12:32:00,1762930920000,BANKNIFTY,2025-11-12T13:04:00,1762932840000,32,optimized,hybrid,1006.7484921323874,1016.0496296606865,1030.7127885609239
2025-11-12T12:32:00,1762930920000,BANKNIFTY,2025-11-12T13:05:00,1762932900000,33,optimized,hybrid,1006.0781736451985,1016.629692534637,1030.764545774009
2025-11-12T12:32:00,1762930920000,BANKNIFTY,2025-11-12T13:06:00,1762932960000,34,optimized,hybrid,1006.0321234041741,1014.343611248836,1031.2197454273198
2025-11-12T12:32:00,1762930920000,BANKNIFTY,2025-11-12T13:07:00,1762933020000,35,optimized,hybrid,1006.2317604450342,1014.1254928691736,1030.414284759108
2025-11-12T12:32:00,1762930920000,BANKNIFTY,2025-11-12T13:08:00,1762933080000,36,optimized,hybrid,1005.3964537494633,1013.7715352543186,1028.0565248620223
2025-11-12T12:32:00,1762930920000,BANKNIFTY,2025-11-12T13:09:00,1762933140000,37,optimized,hybrid,1004.8916926482876,1015.2098804352512,1027.3822369077109
2025-11-12T12:32:00,1762930920000,BANKNIFTY,2025-11-12T13:10:00,1762933200000,38,optimized,hybrid,1005.3143829890805,1013.0184645177811,1026.8077112590247
2025-11-12T12:32:00,1762930920000,BANKNIFTY,2025-11-12T13:11:00,1762933260000,39,optimized,hybrid,1008.2062734977264,1017.2088011660181,1029.9363829457827
2025-11-12T12:32:00,1762930920000,BANKNIFTY,2025-11-12T13:12:00,1762933320000,40,optimized,hybrid,1004.5911006708801,1016.0114295119207,1029.271013914966
2025-11-12T12:32:00,1762930920000,BANKNIFTY,2025-11-12T13:13:00,1762933380000,41,optimized,hybrid,1006.3560041355682,1018.7147597456043,1031.7777001534055
2025-11-12T12:32:00,1762930920000,BANKNIFTY,2025-11-12T13:14:00,1762933440000,42,optimized,hybrid,1008.7713057457053,1015.9792557819186,1029.1007060150623
2025-11-12T12:32:00,1762930920000,BANKNIFTY,2025-11-12T13:15:00,1762933500000,43,optimized,hybrid,1006.8799600845863,1015.674788775155,1024.6911484470706
2025-11-12T12:32:00,1762930920000,BANKNIFTY,2025-11-12T13:16:00,1762933560000,44,optimized,hybrid,1007.9498902905325,1013.6633587129562,1023.4326775064533
2025-11-12T12:32:00,1762930920000,BANKNIFTY,2025-11-12T13:17:00,1762933620000,45,optimized,hybrid,1007.7166623395739,1018.6263186013797,1027.6224560825005
2025-11-12T12:32:00,1762930920000,BANKNIFTY,2025-11-12T13:18:00,1762933680000,46,optimized,hybrid,1008.2599631188949,1019.6363913100023,1027.0599188365543
2025-11-12T12:32:00,1762930920000,BANKNIFTY,2025-11-12T13:19:00,1762933740000,47,optimized,hybrid,1008.8367404814686,1020.005748054543,1028.489623788513
2025-11-12T12:32:00,1762930920000,BANKNIFTY,2025-11-12T13:20:00,1762933800000,48,optimized,hybrid,1008.8386574510582,1020.2149437411946,1029.2813456881674
2025-11-12T12:32:00,1762930920000,BANKNIFTY,2025-11-12T13:21:00,1762933860000,49,optimized,hybrid,1010.7421748283704,1020.2929689684184,1027.7107581021905
2025-11-12T12:32:00,1762930920000,BANKNIFTY,2025-11-12T13:22:00,1762933920000,50,optimized,hybrid,1010.5225352709039,1018.8935357420963,1026.429959319147
2025-11-12T12:32:00,1762930920000,BANKNIFTY,2025-11-12T13:23:00,1762933980000,51,optimized,hybrid,1011.0358233059548,1020.068998829829,1025.4373204888043
2025-11-12T12:32:00,1762930920000,BANKNIFTY,2025-11-12T13:24:00,1762934040000,52,optimized,hybrid,1008.9921135222992,1020.261267924327,1027.813459938186
2025-11-12T12:32:00,1762930920000,BANKNIFTY,2025-11-12T13:25:00,1762934100000,53,optimized,hybrid,1009.4959658012439,1020.5784656136069,1027.4561723271986
2025-11-12T12:32:00,1762930920000,BANKNIFTY,2025-11-12T13:26:00,1762934160000,54,optimized,hybrid,1008.8878758439693,1021.3055912208064,1026.6459133354165
2025-11-12T12:32:00,1762930920000,BANKNIFTY,2025-11-12T13:27:00,1762934220000,55,optimized,hybrid,1009.3279832110657,1021.5600911685752,1027.9147625590638
2025-11-12T12:32:00,1762930920000,BANKNIFTY,2025-11-12T13:28:00,1762934280000,56,optimized,hybrid,1007.6848979528564,1019.8692364084105,1033.7034004449974
2025-11-12T12:32:00,1762930920000,BANKNIFTY,2025-11-12T13:29:00,1762934340000,57,optimized,hybrid,1007.5618093810306,1019.6682381232544,1033.9573267822047
2025-11-12T12:32:00,1762930920000,BANKNIFTY,2025-11-12T13:30:00,1762934400000,58,optimized,hybrid,1006.368340052748,1014.9110437304124,1024.8773779186395
2025-11-12T12:32:00,1762930920000,BANKNIFTY,2025-11-12T13:31:00,1762934460000,59,optimized,hybrid,1005.607861378974,1016.4823539570176,1023.703024598512
2025-11-12T12:32:00,1762930920000,BANKNIFTY,2025-11-12T13:32:00,1762934520000,60,optimized,hybrid,1006.1180053080832,1017.8684371466455,1025.8120705724434
2025-11-12T12:32:00,1762930920000,BANKNIFTY,2025-11-12T12:33:00,1762930980000,1,optimized,hybrid,1013.3393689066676,1018.9,1026.6641496172058
2025-11-12T12:32:00,1762930920000,BANKNIFTY,2025-11-12T12:34:00,1762931040000,2,optimized,hybrid,1013.5149065062656,1019.7323146588482,1027.820181351492
2025-11-12T12:32:00,1762930920000,BANKNIFTY,2025-11-12T12:35:00,1762931100000,3,optimized,hybrid,1008.060011478334,1019.174387670227,1028.3332062486506
2025-11-12T12:32:00,1762930920000,BANKNIFTY,2025-11-12T12:36:00,1762931160000,4,optimized,hybrid,1011.2539648913205,1020.7639136146698,1029.6298250215375
2025-11-12T12:32:00,1762930920000,BANKNIFTY,2025-11-12T12:37:00,1762931220000,5,optimized,hybrid,1012.1504603318859,1019.1097499233646,1027.0416664890388
2025-11-12T12:32:00,1762930920000,BANKNIFTY,2025-11-12T12:38:00,1762931280000,6,optimized,hybrid,1014.8085969334478,1018.8581026737783,1027.5221642687225
2025-11-12T12:32:00,1762930920000,BANKNIFTY,2025-11-12T12:39:00,1762931340000,7,optimized,hybrid,1011.5116177066429,1020.5151491447922,1029.9054726673305
2025-11-12T12:32:00,1762930920000,BANKNIFTY,2025-11-12T12:40:00,1762931400000,8,optimized,hybrid,1007.1596162739194,1016.8582016169856,1025.9547580888777
2025-11-12T12:32:00,1762930920000,BANKNIFTY,2025-11-12T12:41:00,1762931460000,9,optimized,hybrid,1011.0822858005696,1017.1432065159171,1024.0645607349902
2025-11-12T12:32:00,1762930920000,BANKNIFTY,2025-11-12T12:42:00,1762931520000,10,optimized,hybrid,1011.6686369331114,1017.5123305253252,1024.9055631659317
2025-11-12T12:32:00,1762930920000,BANKNIFTY,2025-11-12T12:43:00,1762931580000,11,optimized,hybrid,1011.7607258694721,1018.811129416444,1025.920730768324
2025-11-12T12:32:00,1762930920000,BANKNIFTY,2025-11-12T12:44:00,1762931640000,12,optimized,hybrid,1011.8137088715628,1019.2297561673087,1027.640969390985
2025-11-12T12:32:00,1762930920000,BANKNIFTY,2025-11-12T12:45:00,1762931700000,13,optimized,hybrid,1010.6310330164224,1018.154451357466,1026.5593714226422
2025-11-12T12:32:00,1762930920000,BANKNIFTY,2025-11-12T12:46:00,1762931760000,14,optimized,hybrid,1011.4975334791984,1019.1595889303688,1026.1071528554924
2025-11-12T12:32:00,1762930920000,BANKNIFTY,2025-11-12T12:47:00,1762931820000,15,optimized,hybrid,1011.0624091174851,1018.3129230083172,1027.1955412761804
2025-11-12T12:32:00,1762930920000,BANKNIFTY,2025-11-12T12:48:00,1762931880000,16,optimized,hybrid,1011.45743136039,1019.7372904897633,1027.8552085092947
2025-11-12T12:32:00,1762930920000,BANKNIFTY,2025-11-12T12:49:00,1762931940000,17,optimized,hybrid,1011.1117519052536,1020.8951468487652,1031.0535542935472
2025-11-12T12:32:00,1762930920000,BANKNIFTY,2025-11-12T12:50:00,1762932000000,18,optimized,hybrid,1010.1884895285834,1019.7996158292091,1030.60326110051
2025-11-12T12:32:00,1762930920000,BANKNIFTY,2025-11-12T12:51:00,1762932060000,19,optimized,hybrid,1011.2836200449876,1020.3648719312858,1033.3359813000077
2025-11-12T12:32:00,1762930920000,BANKNIFTY,2025-11-12T12:52:00,1762932120000,20,optimized,hybrid,1009.9809643834533,1017.4143773851673,1032.8745210726145
2025-11-12T12:32:00,1762930920000,BANKNIFTY,2025-11-12T12:53:00,1762932180000,21,optimized,hybrid,1011.0722246927722,1020.1258422487607,1028.296920327894
2025-11-12T12:32:00,1762930920000,BANKNIFTY,2025-11-12T12:54:00,1762932240000,22,optimized,hybrid,1010.3113717217075,1019.8056289320892,1031.3354607939466
2025-11-12T12:32:00,1762930920000,BANKNIFTY,2025-11-12T12:55:00,1762932300000,23,optimized,hybrid,1009.1775016569844,1017.9107039386168,1029.432635256742
2025-11-12T12:32:00,1762930920000,BANKNIFTY,2025-11-12T12:56:00,1762932360000,24,optimized,hybrid,1008.5091509423818,1016.9769351107633,1031.2956113001503
2025-11-12T12:32:00,1762930920000,BANKNIFTY,2025-11-12T12:57:00,1762932420000,25,optimized,hybrid,1008.7081957779793,1018.1225921113154,1028.665093502856
2025-11-12T12:32:00,1762930920000,BANKNIFTY,2025-11-12T12:58:00,1762932480000,26,optimized,hybrid,1010.2396729827897,1018.7299484705785,1030.0036273526027
2025-11-12T12:32:00,1762930920000,BANKNIFTY,2025-11-12T12:59:00,1762932540000,27,optimized,hybrid,1010.5082298674978,1019.00345655728,1034.1896029201366
2025-11-12T12:32:00,1762930920000,BANKNIFTY,2025-11-12T13:00:00,1762932600000,28,optimized,hybrid,1007.9310979198816,1015.8432514813336,1032.2837666764174
2025-11-12T12:32:00,1762930920000,BANKNIFTY,2025-11-12T13:01:00,1762932660000,29,optimized,hybrid,1007.599709740322,1015.3876173265775,1032.201730477618
2025-11-12T12:32:00,1762930920000,BANKNIFTY,2025-11-12T13:02:00,1762932720000,30,optimized,hybrid,1007.9043744086354,1016.4254567596992,1031.116117594197
2025-11-12T12:32:00,1762930920000,BANKNIFTY,2025-11-12T13:03:00,1762932780000,31,optimized,hybrid,1008.0671935342416,1017.0519174442971,1031.6442901707035
2025-11-12T12:32:00,1762930920000,BANKNIFTY,2025-11-12T13:04:00,1762932840000,32,optimized,hybrid,1006.7484921323874,1016.0496296606865,1030.7127885609239
2025-11-12T12:32:00,1762930920000,BANKNIFTY,2025-11-12T13:05:00,1762932900000,33,optimized,hybrid,1006.0781736451985,1016.629692534637,1030.764545774009
2025-11-12T12:32:00,1762930920000,BANKNIFTY,2025-11-12T13:06:00,1762932960000,34,optimized,hybrid,1006.0321234041741,1014.343611248836,1031.2197454273198
2025-11-12T12:32:00,1762930920000,BANKNIFTY,2025-11-12T13:07:00,1762933020000,35,optimized,hybrid,1006.2317604450342,1014.1254928691736,1030.414284759108
2025-11-12T12:32:00,1762930920000,BANKNIFTY,2025-11-12T13:08:00,1762933080000,36,optimized,hybrid,1005.3964537494633,1013.7715352543186,1028.0565248620223
2025-11-12T12:32:00,1762930920000,BANKNIFTY,2025-11-12T13:09:00,1762933140000,37,optimized,hybrid,1004.8916926482876,1015.2098804352512,1027.3822369077109
2025-11-12T12:32:00,1762930920000,BANKNIFTY,2025-11-12T13:10:00,1762933200000,38,optimized,hybrid,1005.3143829890805,1013.0184645177811,1026.8077112590247
2025-11-12T12:32:00,1762930920000,BANKNIFTY,2025-11-12T13:11:00,1762933260000,39,optimized,hybrid,1008.2062734977264,1017.2088011660181,1029.9363829457827
2025-11-12T12:32:00,1762930920000,BANKNIFTY,2025-11-12T13:12:00,1762933320000,40,optimized,hybrid,1004.5911006708801,1016.0114295119207,1029.271013914966
2025-11-12T12:32:00,1762930920000,BANKNIFTY,2025-11-12T13:13:00,1762933380000,41,optimized,hybrid,1006.3560041355682,1018.7147597456043,1031.7777001534055
2025-11-12T12:32:00,1762930920000,BANKNIFTY,2025-11-12T13:14:00,1762933440000,42,optimized,hybrid,1008.7713057457053,1015.9792557819186,1029.1007060150623
2025-11-12T12:32:00,1762930920000,BANKNIFTY,2025-11-12T13:15:00,1762933500000,43,optimized,hybrid,1006.8799600845863,1015.674788775155,1024.6911484470706
2025-11-12T12:32:00,1762930920000,BANKNIFTY,2025-11-12T13:16:00,1762933560000,44,optimized,hybrid,1007.9498902905325,1013.6633587129562,1023.4326775064533
2025-11-12T12:32:00,1762930920000,BANKNIFTY,2025-11-12T13:17:00,1762933620000,45,optimized,hybrid,1007.7166623395739,1018.6263186013797,1027.6224560825005
2025-11-12T12:32:00,1762930920000,BANKNIFTY,2025-11-12T13:18:00,1762933680000,46,optimized,hybrid,1008.2599631188949,1019.6363913100023,1027.0599188365543
2025-11-12T12:32:00,1762930920000,BANKNIFTY,2025-11-12T13:19:00,1762933740000,47,optimized,hybrid,1008.8367404814686,1020.005748054543,1028.489623788513
2025-11-12T12:32:00,1762930920000,BANKNIFTY,2025-11-12T13:20:00,1762933800000,48,optimized,hybrid,1008.8386574510582,1020.2149437411946,1029.2813456881674
2025-11-12T12:32:00,1762930920000,BANKNIFTY,2025-11-12T13:21:00,1762933860000,49,optimized,hybrid,1010.7421748283704,1020.2929689684184,1027.7107581021905
2025-11-12T12:32:00,1762930920000,BANKNIFTY,2025-11-12T13:22:00,1762933920000,50,optimized,hybrid,1010.5225352709039,1018.8935357420963,1026.429959319147
2025-11-12T12:32:00,1762930920000,BANKNIFTY,2025-11-12T13:23:00,1762933980000,51,optimized,hybrid,1011.0358233059548,1020.068998829829,1025.4373204888043
2025-11-12T12:32:00,1762930920000,BANKNIFTY,2025-11-12T13:24:00,1762934040000,52,optimized,hybrid,1008.9921135222992,1020.261267924327,1027.813459938186
2025-11-12T12:32:00,1762930920000,BANKNIFTY,2025-11-12T13:25:00,1762934100000,53,optimized,hybrid,1009.4959658012439,1020.5784656136069,1027.4561723271986
2025-11-12T12:32:00,1762930920000,BANKNIFTY,2025-11-12T13:26:00,1762934160000,54,optimized,hybrid,1008.8878758439693,1021.3055912208064,1026.6459133354165
2025-11-12T12:32:00,1762930920000,BANKNIFTY,2025-11-12T13:27:00,1762934220000,55,optimized,hybrid,1009.3279832110657,1021.5600911685752,1027.9147625590638
2025-11-12T12:32:00,1762930920000,BANKNIFTY,2025-11-12T13:28:00,1762934280000,56,optimized,hybrid,1007.6848979528564,1019.8692364084105,1033.7034004449974
2025-11-12T12:32:00,1762930920000,BANKNIFTY,2025-11-12T13:29:00,1762934340000,57,optimized,hybrid,1007.5618093810306,1019.6682381232544,1033.9573267822047
2025-11-12T12:32:00,1762930920000,BANKNIFTY,2025-11-12T13:30:00,1762934400000,58,optimized,hybrid,1006.368340052748,1014.9110437304124,1024.8773779186395
2025-11-12T12:32:00,1762930920000,BANKNIFTY,2025-11-12T13:31:00,1762934460000,59,optimized,hybrid,1005.607861378974,1016.4823539570176,1023.703024598512
2025-11-12T12:32:00,1762930920000,BANKNIFTY,2025-11-12T13:32:00,1762934520000,60,optimized,hybrid,1006.1180053080832,1017.8684371466455,1025.8120705724434
2025-11-12T12:32:30,1762930950000,BANKNIFTY,2025-11-12T12:33:30,1762931010000,1,optimized,hybrid,1018.5026970170147,1024.0,1031.8099868451075
2025-11-12T12:32:30,1762930950000,BANKNIFTY,2025-11-12T12:34:30,1762931070000,2,optimized,hybrid,1018.2465329119486,1024.385404506369,1032.516311654384
2025-11-12T12:32:30,1762930950000,BANKNIFTY,2025-11-12T12:35:30,1762931130000,3,optimized,hybrid,1013.6761346287911,1024.7801936620085,1033.8638427926462
2025-11-12T12:32:30,1762930950000,BANKNIFTY,2025-11-12T12:36:30,1762931190000,4,optimized,hybrid,1015.5242067206042,1025.0520015025372,1034.14431924998
2025-11-12T12:32:30,1762930950000,BANKNIFTY,2025-11-12T12:37:30,1762931250000,5,optimized,hybrid,1016.7259003537079,1023.7309751198691,1031.6921818078974
2025-11-12T12:32:30,1762930950000,BANKNIFTY,2025-11-12T12:38:30,1762931310000,6,optimized,hybrid,1019.5906401187357,1023.6276771268149,1032.3717628189834
2025-11-12T12:32:30,1762930950000,BANKNIFTY,2025-11-12T12:39:30,1762931370000,7,optimized,hybrid,1016.5189772413489,1025.517735018746,1034.9992167953285
2025-11-12T12:32:30,1762930950000,BANKNIFTY,2025-11-12T12:40:30,1762931430000,8,optimized,hybrid,1011.5005377798288,1021.1480056679295,1030.5137490801715
2025-11-12T12:32:30,1762930950000,BANKNIFTY,2025-11-12T12:41:30,1762931490000,9,optimized,hybrid,1015.9217701589808,1021.8478105550155,1028.7344203798273
2025-11-12T12:32:30,1762930950000,BANKNIFTY,2025-11-12T12:42:30,1762931550000,10,optimized,hybrid,1016.8103324603325,1022.5392230456446,1030.014500572571
2025-11-12T12:32:30,1762930950000,BANKNIFTY,2025-11-12T12:43:30,1762931610000,11,optimized,hybrid,1017.0381095194438,1024.111672218824,1031.2121425939836
2025-11-12T12:32:30,1762930950000,BANKNIFTY,2025-11-12T12:44:30,1762931670000,12,optimized,hybrid,1016.3429295230054,1023.8117593201489,1032.1994188041554
2025-11-12T12:32:30,1762930950000,BANKNIFTY,2025-11-12T12:45:30,1762931730000,13,optimized,hybrid,1015.3883880109695,1022.9956440877868,1031.371364741828
2025-11-12T12:32:30,1762930950000,BANKNIFTY,2025-11-12T12:46:30,1762931790000,14,optimized,hybrid,1015.9051880615164,1023.7154487040616,1030.507289445068
2025-11-12T12:32:30,1762930950000,BANKNIFTY,2025-11-12T12:47:30,1762931850000,15,optimized,hybrid,1015.7095254505682,1022.8827270457123,1031.8799949719867
2025-11-12T12:32:30,1762930950000,BANKNIFTY,2025-11-12T12:48:30,1762931910000,16,optimized,hybrid,1015.8537092717081,1024.1294978359356,1032.1765776740817
2025-11-12T12:32:30,1762930950000,BANKNIFTY,2025-11-12T12:49:30,1762931970000,17,optimized,hybrid,1016.905251560324,1026.6711512181905,1036.8625265817889
2025-11-12T12:32:30,1762930950000,BANKNIFTY,2025-11-12T12:50:30,1762932030000,18,optimized,hybrid,1014.6868540079045,1024.3064966999186,1035.2279757639678
2025-11-12T12:32:30,1762930950000,BANKNIFTY,2025-11-12T12:51:30,1762932090000,19,optimized,hybrid,1015.9943712279122,1025.1216435085362,1038.0888121358296
2025-11-12T12:32:30,1762930950000,BANKNIFTY,2025-11-12T12:52:30,1762932150000,20,optimized,hybrid,1014.9122587026978,1022.4833236456429,1037.9251755606106
2025-11-12T12:32:30,1762930950000,BANKNIFTY,2025-11-12T12:53:30,1762932210000,21,optimized,hybrid,1016.0840639899305,1025.3376498916487,1033.3842165950325
2025-11-12T12:32:30,1762930950000,BANKNIFTY,2025-11-12T12:54:30,1762932270000,22,optimized,hybrid,1015.2657742608314,1024.8412454673175,1036.3761115118482
2025-11-12T12:32:30,1762930950000,BANKNIFTY,2025-11-12T12:55:30,1762932330000,23,optimized,hybrid,1013.5274671121892,1022.3143063177754,1033.9867014919353
2025-11-12T12:32:30,1762930950000,BANKNIFTY,2025-11-12T12:56:30,1762932390000,24,optimized,hybrid,1013.3927332845102,1021.8945438361611,1036.354205558814
2025-11-12T12:32:30,1762930950000,BANKNIFTY,2025-11-12T12:57:30,1762932450000,25,optimized,hybrid,1013.6660166936592,1023.125053604088,1033.7277431479802
2025-11-12T12:32:30,1762930950000,BANKNIFTY,2025-11-12T12:58:30,1762932510000,26,optimized,hybrid,1015.1666845774205,1023.6445540146924,1035.0067899770575
2025-11-12T12:32:30,1762930950000,BANKNIFTY,2025-11-12T12:59:30,1762932570000,27,optimized,hybrid,1014.8447269138754,1023.3798090543273,1038.6444841714624
2025-11-12T12:32:30,1762930950000,BANKNIFTY,2025-11-12T13:00:30,1762932630000,28,optimized,hybrid,1012.3155151033548,1020.1975141207242,1036.7730509705389
2025-11-12T12:32:30,1762930950000,BANKNIFTY,2025-11-12T13:01:30,1762932690000,29,optimized,hybrid,1012.5226169580656,1020.3665916920245,1037.2070482342936
2025-11-12T12:32:30,1762930950000,BANKNIFTY,2025-11-12T13:02:30,1762932750000,30,optimized,hybrid,1012.9928510231073,1021.5157575666667,1036.2851592583563
2025-11-12T12:32:30,1762930950000,BANKNIFTY,2025-11-12T13:03:30,1762932810000,31,optimized,hybrid,1013.3162168825519,1022.254925706547,1037.02575119096
2025-11-12T12:32:30,1762930950000,BANKNIFTY,2025-11-12T13:04:30,1762932870000,32,optimized,hybrid,1011.6364508097727,1020.9338196589331,1035.6868316784776
2025-11-12T12:32:30,1762930950000,BANKNIFTY,2025-11-12T13:05:30,1762932930000,33,optimized,hybrid,1010.6586832623983,1021.225332256028,1035.4656166354816
2025-11-12T12:32:30,1762930950000,BANKNIFTY,2025-11-12T13:06:30,1762932990000,34,optimized,hybrid,1010.9226450522011,1019.3129167993843,1036.298293728928
2025-11-12T12:32:30,1762930950000,BANKNIFTY,2025-11-12T13:07:30,1762933050000,35,optimized,hybrid,1010.8834309323383,1018.7601948790868,1035.3902679162318
2025-11-12T12:32:30,1762930950000,BANKNIFTY,2025-11-12T13:08:30,1762933110000,36,optimized,hybrid,1010.3553605927543,1018.6778658569408,1033.0776509890936
2025-11-12T12:32:30,1762930950000,BANKNIFTY,2025-11-12T13:09:30,1762933170000,37,optimized,hybrid,1009.4293851518958,1019.7321416524896,1031.8219540837872
2025-11-12T12:32:30,1762930950000,BANKNIFTY,2025-11-12T13:10:30,1762933230000,38,optimized,hybrid,1009.8993855148632,1017.5883673509027,1031.1414348704063
2025-11-12T12:32:30,1762930950000,BANKNIFTY,2025-11-12T13:11:30,1762933290000,39,optimized,hybrid,1012.85584424185,1021.6758916881481,1034.3941383225244
2025-11-12T12:32:30,1762930950000,BANKNIFTY,2025-11-12T13:12:30,1762933350000,40,optimized,hybrid,1009.2989191585825,1020.5575286160843,1034.0874484124513
2025-11-12T12:32:30,1762930950000,BANKNIFTY,2025-11-12T13:13:30,1762933410000,41,optimized,hybrid,1011.0502947234969,1023.3217435172196,1036.495332794338
2025-11-12T12:32:30,1762930950000,BANKNIFTY,2025-11-12T13:14:30,1762933470000,42,optimized,hybrid,1013.5182358887346,1020.6727933294178,1033.9152390226886
2025-11-12T12:32:30,1762930950000,BANKNIFTY,2025-11-12T13:15:30,1762933530000,43,optimized,hybrid,1011.612371394841,1020.2920450597442,1029.4605363054693
2025-11-12T12:32:30,1762930950000,BANKNIFTY,2025-11-12T13:16:30,1762933590000,44,optimized,hybrid,1012.7791005458342,1018.519190751032,1028.327587895261
2025-11-12T12:32:30,1762930950000,BANKNIFTY,2025-11-12T13:17:30,1762933650000,45,optimized,hybrid,1012.4087681311843,1023.241464866818,1032.3913401726468
2025-11-12T12:32:30,1762930950000,BANKNIFTY,2025-11-12T13:18:30,1762933710000,46,optimized,hybrid,1013.2084363619505,1024.5610566412026,1032.1098694773932
2025-11-12T12:32:30,1762930950000,BANKNIFTY,2025-11-12T13:19:30,1762933770000,47,optimized,hybrid,1013.6049931677908,1024.6829808501045,1033.338665015958
2025-11-12T12:32:30,1762930950000,BANKNIFTY,2025-11-12T13:20:30,1762933830000,48,optimized,hybrid,1013.3585319955419,1024.7007854098933,1033.9228715008935
2025-11-12T12:32:30,1762930950000,BANKNIFTY,2025-11-12T13:21:30,1762933890000,49,optimized,hybrid,1015.8235252302219,1025.3566529493871,1032.8845647312671
2025-11-12T12:32:30,1762930950000,BANKNIFTY,2025-11-12T13:22:30,1762933950000,50,optimized,hybrid,1015.135847710732,1023.4892052525217,1031.1278044127619
2025-11-12T12:32:30,1762930950000,BANKNIFTY,2025-11-12T13:23:30,1762934010000,51,optimized,hybrid,1015.6604651006238,1024.7216985404937,1030.1261786045543
2025-11-12T12:32:30,1762930950000,BANKNIFTY,2025-11-12T13:24:30,1762934070000,52,optimized,hybrid,1014.5311131030721,1025.805685105209,1033.4160882182339
2025-11-12T12:32:30,1762930950000,BANKNIFTY,2025-11-12T13:25:30,1762934130000,53,optimized,hybrid,1014.0927050993893,1025.171462008455,1032.0872886344835
2025-11-12T12:32:30,1762930950000,BANKNIFTY,2025-11-12T13:26:30,1762934190000,54,optimized,hybrid,1013.5263369991909,1025.9773068647014,1031.3861117746844
2025-11-12T12:32:30,1762930950000,BANKNIFTY,2025-11-12T13:27:30,1762934250000,55,optimized,hybrid,1014.0661212111416,1026.2320885928093,1032.5901520410075
2025-11-12T12:32:30,1762930950000,BANKNIFTY,2025-11-12T13:28:30,1762934310000,56,optimized,hybrid,1012.5231086453923,1024.681109973162,1038.6803151509528
2025-11-12T12:32:30,1762930950000,BANKNIFTY,2025-11-12T13:29:30,1762934370000,57,optimized,hybrid,1012.2590638468367,1024.3684868641033,1038.8463035754949
2025-11-12T12:32:30,1762930950000,BANKNIFTY,2025-11-12T13:30:30,1762934430000,58,optimized,hybrid,1010.3236425443382,1018.7686188461519,1028.8799723524007
2025-11-12T12:32:30,1762930950000,BANKNIFTY,2025-11-12T13:31:30,1762934490000,59,optimized,hybrid,1010.6226645864574,1021.5108944867618,1028.7862764159686
2025-11-12T12:32:30,1762930950000,BANKNIFTY,2025-11-12T13:32:30,1762934550000,60,optimized,hybrid,1010.6160781007694,1022.4190795679751,1030.3859527367438
2025-11-12T12:32:30,1762930950000,BANKNIFTY,2025-11-12T12:33:30,1762931010000,1,optimized,hybrid,1018.5026970170147,1024.0,1031.8099868451075
2025-11-12T12:32:30,1762930950000,BANKNIFTY,2025-11-12T12:34:30,1762931070000,2,optimized,hybrid,1018.2465329119486,1024.385404506369,1032.516311654384
2025-11-12T12:32:30,1762930950000,BANKNIFTY,2025-11-12T12:35:30,1762931130000,3,optimized,hybrid,1013.6761346287911,1024.7801936620085,1033.8638427926462
2025-11-12T12:32:30,1762930950000,BANKNIFTY,2025-11-12T12:36:30,1762931190000,4,optimized,hybrid,1015.5242067206042,1025.0520015025372,1034.14431924998
2025-11-12T12:32:30,1762930950000,BANKNIFTY,2025-11-12T12:37:30,1762931250000,5,optimized,hybrid,1016.7259003537079,1023.7309751198691,1031.6921818078974
2025-11-12T12:32:30,1762930950000,BANKNIFTY,2025-11-12T12:38:30,1762931310000,6,optimized,hybrid,1019.5906401187357,1023.6276771268149,1032.3717628189834
2025-11-12T12:32:30,1762930950000,BANKNIFTY,2025-11-12T12:39:30,1762931370000,7,optimized,hybrid,1016.5189772413489,1025.517735018746,1034.9992167953285
2025-11-12T12:32:30,1762930950000,BANKNIFTY,2025-11-12T12:40:30,1762931430000,8,optimized,hybrid,1011.5005377798288,1021.1480056679295,1030.5137490801715
2025-11-12T12:32:30,1762930950000,BANKNIFTY,2025-11-12T12:41:30,1762931490000,9,optimized,hybrid,1015.9217701589808,1021.8478105550155,1028.7344203798273
2025-11-12T12:32:30,1762930950000,BANKNIFTY,2025-11-12T12:42:30,1762931550000,10,optimized,hybrid,1016.8103324603325,1022.5392230456446,1030.014500572571
2025-11-12T12:32:30,1762930950000,BANKNIFTY,2025-11-12T12:43:30,1762931610000,11,optimized,hybrid,1017.0381095194438,1024.111672218824,1031.2121425939836
2025-11-12T12:32:30,1762930950000,BANKNIFTY,2025-11-12T12:44:30,1762931670000,12,optimized,hybrid,1016.3429295230054,1023.8117593201489,1032.1994188041554
2025-11-12T12:32:30,1762930950000,BANKNIFTY,2025-11-12T12:45:30,1762931730000,13,optimized,hybrid,1015.3883880109695,1022.9956440877868,1031.371364741828
2025-11-12T12:32:30,1762930950000,BANKNIFTY,2025-11-12T12:46:30,1762931790000,14,optimized,hybrid,1015.9051880615164,1023.7154487040616,1030.507289445068
2025-11-12T12:32:30,1762930950000,BANKNIFTY,2025-11-12T12:47:30,1762931850000,15,optimized,hybrid,1015.7095254505682,1022.8827270457123,1031.8799949719867
2025-11-12T12:32:30,1762930950000,BANKNIFTY,2025-11-12T12:48:30,1762931910000,16,optimized,hybrid,1015.8537092717081,1024.1294978359356,1032.1765776740817
2025-11-12T12:32:30,1762930950000,BANKNIFTY,2025-11-12T12:49:30,1762931970000,17,optimized,hybrid,1016.905251560324,1026.6711512181905,1036.8625265817889
2025-11-12T12:32:30,1762930950000,BANKNIFTY,2025-11-12T12:50:30,1762932030000,18,optimized,hybrid,1014.6868540079045,1024.3064966999186,1035.2279757639678
2025-11-12T12:32:30,1762930950000,BANKNIFTY,2025-11-12T12:51:30,1762932090000,19,optimized,hybrid,1015.9943712279122,1025.1216435085362,1038.0888121358296
2025-11-12T12:32:30,1762930950000,BANKNIFTY,2025-11-12T12:52:30,1762932150000,20,optimized,hybrid,1014.9122587026978,1022.4833236456429,1037.9251755606106
2025-11-12T12:32:30,1762930950000,BANKNIFTY,2025-11-12T12:53:30,1762932210000,21,optimized,hybrid,1016.0840639899305,1025.3376498916487,1033.3842165950325
2025-11-12T12:32:30,1762930950000,BANKNIFTY,2025-11-12T12:54:30,1762932270000,22,optimized,hybrid,1015.2657742608314,1024.8412454673175,1036.3761115118482
2025-11-12T12:32:30,1762930950000,BANKNIFTY,2025-11-12T12:55:30,1762932330000,23,optimized,hybrid,1013.5274671121892,1022.3143063177754,1033.9867014919353
2025-11-12T12:32:30,1762930950000,BANKNIFTY,2025-11-12T12:56:30,1762932390000,24,optimized,hybrid,1013.3927332845102,1021.8945438361611,1036.354205558814
2025-11-12T12:32:30,1762930950000,BANKNIFTY,2025-11-12T12:57:30,1762932450000,25,optimized,hybrid,1013.6660166936592,1023.125053604088,1033.7277431479802
2025-11-12T12:32:30,1762930950000,BANKNIFTY,2025-11-12T12:58:30,1762932510000,26,optimized,hybrid,1015.1666845774205,1023.6445540146924,1035.0067899770575
2025-11-12T12:32:30,1762930950000,BANKNIFTY,2025-11-12T12:59:30,1762932570000,27,optimized,hybrid,1014.8447269138754,1023.3798090543273,1038.6444841714624
2025-11-12T12:32:30,1762930950000,BANKNIFTY,2025-11-12T13:00:30,1762932630000,28,optimized,hybrid,1012.3155151033548,1020.1975141207242,1036.7730509705389
2025-11-12T12:32:30,1762930950000,BANKNIFTY,2025-11-12T13:01:30,1762932690000,29,optimized,hybrid,1012.5226169580656,1020.3665916920245,1037.2070482342936
2025-11-12T12:32:30,1762930950000,BANKNIFTY,2025-11-12T13:02:30,1762932750000,30,optimized,hybrid,1012.9928510231073,1021.5157575666667,1036.2851592583563
2025-11-12T12:32:30,1762930950000,BANKNIFTY,2025-11-12T13:03:30,1762932810000,31,optimized,hybrid,1013.3162168825519,1022.254925706547,1037.02575119096
2025-11-12T12:32:30,1762930950000,BANKNIFTY,2025-11-12T13:04:30,1762932870000,32,optimized,hybrid,1011.6364508097727,1020.9338196589331,1035.6868316784776
2025-11-12T12:32:30,1762930950000,BANKNIFTY,2025-11-12T13:05:30,1762932930000,33,optimized,hybrid,1010.6586832623983,1021.225332256028,1035.4656166354816
2025-11-12T12:32:30,1762930950000,BANKNIFTY,2025-11-12T13:06:30,1762932990000,34,optimized,hybrid,1010.9226450522011,1019.3129167993843,1036.298293728928
2025-11-12T12:32:30,1762930950000,BANKNIFTY,2025-11-12T13:07:30,1762933050000,35,optimized,hybrid,1010.8834309323383,1018.7601948790868,1035.3902679162318
2025-11-12T12:32:30,1762930950000,BANKNIFTY,2025-11-12T13:08:30,1762933110000,36,optimized,hybrid,1010.3553605927543,1018.6778658569408,1033.0776509890936
2025-11-12T12:32:30,1762930950000,BANKNIFTY,2025-11-12T13:09:30,1762933170000,37,optimized,hybrid,1009.4293851518958,1019.7321416524896,1031.8219540837872
2025-11-12T12:32:30,1762930950000,BANKNIFTY,2025-11-12T13:10:30,1762933230000,38,optimized,hybrid,1009.8993855148632,1017.5883673509027,1031.1414348704063
2025-11-12T12:32:30,1762930950000,BANKNIFTY,2025-11-12T13:11:30,1762933290000,39,optimized,hybrid,1012.85584424185,1021.6758916881481,1034.3941383225244
2025-11-12T12:32:30,1762930950000,BANKNIFTY,2025-11-12T13:12:30,1762933350000,40,optimized,hybrid,1009.2989191585825,1020.5575286160843,1034.0874484124513
2025-11-12T12:32:30,1762930950000,BANKNIFTY,2025-11-12T13:13:30,1762933410000,41,optimized,hybrid,1011.0502947234969,1023.3217435172196,1036.495332794338
2025-11-12T12:32:30,1762930950000,BANKNIFTY,2025-11-12T13:14:30,1762933470000,42,optimized,hybrid,1013.5182358887346,1020.6727933294178,1033.9152390226886
2025-11-12T12:32:30,1762930950000,BANKNIFTY,2025-11-12T13:15:30,1762933530000,43,optimized,hybrid,1011.612371394841,1020.2920450597442,1029.4605363054693
2025-11-12T12:32:30,1762930950000,BANKNIFTY,2025-11-12T13:16:30,1762933590000,44,optimized,hybrid,1012.7791005458342,1018.519190751032,1028.327587895261
2025-11-12T12:32:30,1762930950000,BANKNIFTY,2025-11-12T13:17:30,1762933650000,45,optimized,hybrid,1012.4087681311843,1023.241464866818,1032.3913401726468
2025-11-12T12:32:30,1762930950000,BANKNIFTY,2025-11-12T13:18:30,1762933710000,46,optimized,hybrid,1013.2084363619505,1024.5610566412026,1032.1098694773932
2025-11-12T12:32:30,1762930950000,BANKNIFTY,2025-11-12T13:19:30,1762933770000,47,optimized,hybrid,1013.6049931677908,1024.6829808501045,1033.338665015958
2025-11-12T12:32:30,1762930950000,BANKNIFTY,2025-11-12T13:20:30,1762933830000,48,optimized,hybrid,1013.3585319955419,1024.7007854098933,1033.9228715008935
2025-11-12T12:32:30,1762930950000,BANKNIFTY,2025-11-12T13:21:30,1762933890000,49,optimized,hybrid,1015.8235252302219,1025.3566529493871,1032.8845647312671
2025-11-12T12:32:30,1762930950000,BANKNIFTY,2025-11-12T13:22:30,1762933950000,50,optimized,hybrid,1015.135847710732,1023.4892052525217,1031.1278044127619
2025-11-12T12:32:30,1762930950000,BANKNIFTY,2025-11-12T13:23:30,1762934010000,51,optimized,hybrid,1015.6604651006238,1024.7216985404937,1030.1261786045543
2025-11-12T12:32:30,1762930950000,BANKNIFTY,2025-11-12T13:24:30,1762934070000,52,optimized,hybrid,1014.5311131030721,1025.805685105209,1033.4160882182339
2025-11-12T12:32:30,1762930950000,BANKNIFTY,2025-11-12T13:25:30,1762934130000,53,optimized,hybrid,1014.0927050993893,1025.171462008455,1032.0872886344835
2025-11-12T12:32:30,1762930950000,BANKNIFTY,2025-11-12T13:26:30,1762934190000,54,optimized,hybrid,1013.5263369991909,1025.9773068647014,1031.3861117746844
2025-11-12T12:32:30,1762930950000,BANKNIFTY,2025-11-12T13:27:30,1762934250000,55,optimized,hybrid,1014.0661212111416,1026.2320885928093,1032.5901520410075
2025-11-12T12:32:30,1762930950000,BANKNIFTY,2025-11-12T13:28:30,1762934310000,56,optimized,hybrid,1012.5231086453923,1024.681109973162,1038.6803151509528
2025-11-12T12:32:30,1762930950000,BANKNIFTY,2025-11-12T13:29:30,1762934370000,57,optimized,hybrid,1012.2590638468367,1024.3684868641033,1038.8463035754949
2025-11-12T12:32:30,1762930950000,BANKNIFTY,2025-11-12T13:30:30,1762934430000,58,optimized,hybrid,1010.3236425443382,1018.7686188461519,1028.8799723524007
2025-11-12T12:32:30,1762930950000,BANKNIFTY,2025-11-12T13:31:30,1762934490000,59,optimized,hybrid,1010.6226645864574,1021.5108944867618,1028.7862764159686
2025-11-12T12:32:30,1762930950000,BANKNIFTY,2025-11-12T13:32:30,1762934550000,60,optimized,hybrid,1010.6160781007694,1022.4190795679751,1030.3859527367438
2025-11-12T12:32:30,1762930950000,BANKNIFTY,2025-11-12T12:33:30,1762931010000,1,optimized,hybrid,1018.5026970170147,1024.0,1031.8099868451075
2025-11-12T12:32:30,1762930950000,BANKNIFTY,2025-11-12T12:34:30,1762931070000,2,optimized,hybrid,1018.2465329119486,1024.385404506369,1032.516311654384
2025-11-12T12:32:30,1762930950000,BANKNIFTY,2025-11-12T12:35:30,1762931130000,3,optimized,hybrid,1013.6761346287911,1024.7801936620085,1033.8638427926462
2025-11-12T12:32:30,1762930950000,BANKNIFTY,2025-11-12T12:36:30,1762931190000,4,optimized,hybrid,1015.5242067206042,1025.0520015025372,1034.14431924998
2025-11-12T12:32:30,1762930950000,BANKNIFTY,2025-11-12T12:37:30,1762931250000,5,optimized,hybrid,1016.7259003537079,1023.7309751198691,1031.6921818078974
2025-11-12T12:32:30,1762930950000,BANKNIFTY,2025-11-12T12:38:30,1762931310000,6,optimized,hybrid,1019.5906401187357,1023.6276771268149,1032.3717628189834
2025-11-12T12:32:30,1762930950000,BANKNIFTY,2025-11-12T12:39:30,1762931370000,7,optimized,hybrid,1016.5189772413489,1025.517735018746,1034.9992167953285
2025-11-12T12:32:30,1762930950000,BANKNIFTY,2025-11-12T12:40:30,1762931430000,8,optimized,hybrid,1011.5005377798288,1021.1480056679295,1030.5137490801715
2025-11-12T12:32:30,1762930950000,BANKNIFTY,2025-11-12T12:41:30,1762931490000,9,optimized,hybrid,1015.9217701589808,1021.8478105550155,1028.7344203798273
2025-11-12T12:32:30,1762930950000,BANKNIFTY,2025-11-12T12:42:30,1762931550000,10,optimized,hybrid,1016.8103324603325,1022.5392230456446,1030.014500572571
2025-11-12T12:32:30,1762930950000,BANKNIFTY,2025-11-12T12:43:30,1762931610000,11,optimized,hybrid,1017.0381095194438,1024.111672218824,1031.2121425939836
2025-11-12T12:32:30,1762930950000,BANKNIFTY,2025-11-12T12:44:30,1762931670000,12,optimized,hybrid,1016.3429295230054,1023.8117593201489,1032.1994188041554
2025-11-12T12:32:30,1762930950000,BANKNIFTY,2025-11-12T12:45:30,1762931730000,13,optimized,hybrid,1015.3883880109695,1022.9956440877868,1031.371364741828
2025-11-12T12:32:30,1762930950000,BANKNIFTY,2025-11-12T12:46:30,1762931790000,14,optimized,hybrid,1015.9051880615164,1023.7154487040616,1030.507289445068
2025-11-12T12:32:30,1762930950000,BANKNIFTY,2025-11-12T12:47:30,1762931850000,15,optimized,hybrid,1015.7095254505682,1022.8827270457123,1031.8799949719867
2025-11-12T12:32:30,1762930950000,BANKNIFTY,2025-11-12T12:48:30,1762931910000,16,optimized,hybrid,1015.8537092717081,1024.1294978359356,1032.1765776740817
2025-11-12T12:32:30,1762930950000,BANKNIFTY,2025-11-12T12:49:30,1762931970000,17,optimized,hybrid,1016.905251560324,1026.6711512181905,1036.8625265817889
2025-11-12T12:32:30,1762930950000,BANKNIFTY,2025-11-12T12:50:30,1762932030000,18,optimized,hybrid,1014.6868540079045,1024.3064966999186,1035.2279757639678
2025-11-12T12:32:30,1762930950000,BANKNIFTY,2025-11-12T12:51:30,1762932090000,19,optimized,hybrid,1015.9943712279122,1025.1216435085362,1038.0888121358296
2025-11-12T12:32:30,1762930950000,BANKNIFTY,2025-11-12T12:52:30,1762932150000,20,optimized,hybrid,1014.9122587026978,1022.4833236456429,1037.9251755606106
2025-11-12T12:32:30,1762930950000,BANKNIFTY,2025-11-12T12:53:30,1762932210000,21,optimized,hybrid,1016.0840639899305,1025.3376498916487,1033.3842165950325
2025-11-12T12:32:30,1762930950000,BANKNIFTY,2025-11-12T12:54:30,1762932270000,22,optimized,hybrid,1015.2657742608314,1024.8412454673175,1036.3761115118482
2025-11-12T12:32:30,1762930950000,BANKNIFTY,2025-11-12T12:55:30,1762932330000,23,optimized,hybrid,1013.5274671121892,1022.3143063177754,1033.9867014919353
2025-11-12T12:32:30,1762930950000,BANKNIFTY,2025-11-12T12:56:30,1762932390000,24,optimized,hybrid,1013.3927332845102,1021.8945438361611,1036.354205558814
2025-11-12T12:32:30,1762930950000,BANKNIFTY,2025-11-12T12:57:30,1762932450000,25,optimized,hybrid,1013.6660166936592,1023.125053604088,1033.7277431479802
2025-11-12T12:32:30,1762930950000,BANKNIFTY,2025-11-12T12:58:30,1762932510000,26,optimized,hybrid,1015.1666845774205,1023.6445540146924,1035.0067899770575
2025-11-12T12:32:30,1762930950000,BANKNIFTY,2025-11-12T12:59:30,1762932570000,27,optimized,hybrid,1014.8447269138754,1023.3798090543273,1038.6444841714624
2025-11-12T12:32:30,1762930950000,BANKNIFTY,2025-11-12T13:00:30,1762932630000,28,optimized,hybrid,1012.3155151033548,1020.1975141207242,1036.7730509705389
2025-11-12T12:32:30,1762930950000,BANKNIFTY,2025-11-12T13:01:30,1762932690000,29,optimized,hybrid,1012.5226169580656,1020.3665916920245,1037.2070482342936
2025-11-12T12:32:30,1762930950000,BANKNIFTY,2025-11-12T13:02:30,1762932750000,30,optimized,hybrid,1012.9928510231073,1021.5157575666667,1036.2851592583563
2025-11-12T12:32:30,1762930950000,BANKNIFTY,2025-11-12T13:03:30,1762932810000,31,optimized,hybrid,1013.3162168825519,1022.254925706547,1037.02575119096
2025-11-12T12:32:30,1762930950000,BANKNIFTY,2025-11-12T13:04:30,1762932870000,32,optimized,hybrid,1011.6364508097727,1020.9338196589331,1035.6868316784776
2025-11-12T12:32:30,1762930950000,BANKNIFTY,2025-11-12T13:05:30,1762932930000,33,optimized,hybrid,1010.6586832623983,1021.225332256028,1035.4656166354816
2025-11-12T12:32:30,1762930950000,BANKNIFTY,2025-11-12T13:06:30,1762932990000,34,optimized,hybrid,1010.9226450522011,1019.3129167993843,1036.298293728928
2025-11-12T12:32:30,1762930950000,BANKNIFTY,2025-11-12T13:07:30,1762933050000,35,optimized,hybrid,1010.8834309323383,1018.7601948790868,1035.3902679162318
2025-11-12T12:32:30,1762930950000,BANKNIFTY,2025-11-12T13:08:30,1762933110000,36,optimized,hybrid,1010.3553605927543,1018.6778658569408,1033.0776509890936
2025-11-12T12:32:30,1762930950000,BANKNIFTY,2025-11-12T13:09:30,1762933170000,37,optimized,hybrid,1009.4293851518958,1019.7321416524896,1031.8219540837872
2025-11-12T12:32:30,1762930950000,BANKNIFTY,2025-11-12T13:10:30,1762933230000,38,optimized,hybrid,1009.8993855148632,1017.5883673509027,1031.1414348704063
2025-11-12T12:32:30,1762930950000,BANKNIFTY,2025-11-12T13:11:30,1762933290000,39,optimized,hybrid,1012.85584424185,1021.6758916881481,1034.3941383225244
2025-11-12T12:32:30,1762930950000,BANKNIFTY,2025-11-12T13:12:30,1762933350000,40,optimized,hybrid,1009.2989191585825,1020.5575286160843,1034.0874484124513
2025-11-12T12:32:30,1762930950000,BANKNIFTY,2025-11-12T13:13:30,1762933410000,41,optimized,hybrid,1011.0502947234969,1023.3217435172196,1036.495332794338
2025-11-12T12:32:30,1762930950000,BANKNIFTY,2025-11-12T13:14:30,1762933470000,42,optimized,hybrid,1013.5182358887346,1020.6727933294178,1033.9152390226886
2025-11-12T12:32:30,1762930950000,BANKNIFTY,2025-11-12T13:15:30,1762933530000,43,optimized,hybrid,1011.612371394841,1020.2920450597442,1029.4605363054693
2025-11-12T12:32:30,1762930950000,BANKNIFTY,2025-11-12T13:16:30,1762933590000,44,optimized,hybrid,1012.7791005458342,1018.519190751032,1028.327587895261
2025-11-12T12:32:30,1762930950000,BANKNIFTY,2025-11-12T13:17:30,1762933650000,45,optimized,hybrid,1012.4087681311843,1023.241464866818,1032.3913401726468
2025-11-12T12:32:30,1762930950000,BANKNIFTY,2025-11-12T13:18:30,1762933710000,46,optimized,hybrid,1013.2084363619505,1024.5610566412026,1032.1098694773932
2025-11-12T12:32:30,1762930950000,BANKNIFTY,2025-11-12T13:19:30,1762933770000,47,optimized,hybrid,1013.6049931677908,1024.6829808501045,1033.338665015958
2025-11-12T12:32:30,1762930950000,BANKNIFTY,2025-11-12T13:20:30,1762933830000,48,optimized,hybrid,1013.3585319955419,1024.7007854098933,1033.9228715008935
2025-11-12T12:32:30,1762930950000,BANKNIFTY,2025-11-12T13:21:30,1762933890000,49,optimized,hybrid,1015.8235252302219,1025.3566529493871,1032.8845647312671
2025-11-12T12:32:30,1762930950000,BANKNIFTY,2025-11-12T13:22:30,1762933950000,50,optimized,hybrid,1015.135847710732,1023.4892052525217,1031.1278044127619
2025-11-12T12:32:30,1762930950000,BANKNIFTY,2025-11-12T13:23:30,1762934010000,51,optimized,hybrid,1015.6604651006238,1024.7216985404937,1030.1261786045543
2025-11-12T12:32:30,1762930950000,BANKNIFTY,2025-11-12T13:24:30,1762934070000,52,optimized,hybrid,1014.5311131030721,1025.805685105209,1033.4160882182339
2025-11-12T12:32:30,1762930950000,BANKNIFTY,2025-11-12T13:25:30,1762934130000,53,optimized,hybrid,1014.0927050993893,1025.171462008455,1032.0872886344835
2025-11-12T12:32:30,1762930950000,BANKNIFTY,2025-11-12T13:26:30,1762934190000,54,optimized,hybrid,1013.5263369991909,1025.9773068647014,1031.3861117746844
2025-11-12T12:32:30,1762930950000,BANKNIFTY,2025-11-12T13:27:30,1762934250000,55,optimized,hybrid,1014.0661212111416,1026.2320885928093,1032.5901520410075
2025-11-12T12:32:30,1762930950000,BANKNIFTY,2025-11-12T13:28:30,1762934310000,56,optimized,hybrid,1012.5231086453923,1024.681109973162,1038.6803151509528
2025-11-12T12:32:30,1762930950000,BANKNIFTY,2025-11-12T13:29:30,1762934370000,57,optimized,hybrid,1012.2590638468367,1024.3684868641033,1038.8463035754949
2025-11-12T12:32:30,1762930950000,BANKNIFTY,2025-11-12T13:30:30,1762934430000,58,optimized,hybrid,1010.3236425443382,1018.7686188461519,1028.8799723524007
2025-11-12T12:32:30,1762930950000,BANKNIFTY,2025-11-12T13:31:30,1762934490000,59,optimized,hybrid,1010.6226645864574,1021.5108944867618,1028.7862764159686
2025-11-12T12:32:30,1762930950000,BANKNIFTY,2025-11-12T13:32:30,1762934550000,60,optimized,hybrid,1010.6160781007694,1022.4190795679751,1030.3859527367438
2025-11-12T12:33:00,1762930980000,BANKNIFTY,2025-11-12T12:34:00,1762931040000,1,optimized,hybrid,1019.0946756733449,1024.45,1032.2160102088928
2025-11-12T12:33:00,1762930980000,BANKNIFTY,2025-11-12T12:35:00,1762931100000,2,optimized,hybrid,1019.6105346795788,1025.647587142069,1033.785459251966
2025-11-12T12:33:00,1762930980000,BANKNIFTY,2025-11-12T12:36:00,1762931160000,3,optimized,hybrid,1013.8016534433569,1024.7270924445017,1033.8021031572775
2025-11-12T12:33:00,1762930980000,BANKNIFTY,2025-11-12T12:37:00,1762931220000,4,optimized,hybrid,1015.9236560821831,1025.420955242724,1034.1207036549542
2025-11-12T12:33:00,1762930980000,BANKNIFTY,2025-11-12T12:38:00,1762931280000,5,optimized,hybrid,1017.1987378016645,1024.228565032913,1032.1715668292827
2025-11-12T12:33:00,1762930980000,BANKNIFTY,2025-11-12T12:39:00,1762931340000,6,optimized,hybrid,1020.3086443606649,1024.2307991282617,1033.0645342583882
2025-11-12T12:33:00,1762930980000,BANKNIFTY,2025-11-12T12:40:00,1762931400000,7,optimized,hybrid,1016.7965326647469,1025.6896135610998,1035.216519199315
2025-11-12T12:33:00,1762930980000,BANKNIFTY,2025-11-12T12:41:00,1762931460000,8,optimized,hybrid,1012.1005958168821,1021.9356117849773,1031.2285413496368
2025-11-12T12:33:00,1762930980000,BANKNIFTY,2025-11-12T12:42:00,1762931520000,9,optimized,hybrid,1016.8477712146029,1022.7942898455822,1029.4112876550375
2025-11-12T12:33:00,1762930980000,BANKNIFTY,2025-11-12T12:43:00,1762931580000,10,optimized,hybrid,1017.8992575087339,1023.6238840897272,1031.064860059728
2025-11-12T12:33:00,1762930980000,BANKNIFTY,2025-11-12T12:44:00,1762931640000,11,optimized,hybrid,1017.3121950041871,1024.241227075214,1031.3558374648364
2025-11-12T12:33:00,1762930980000,BANKNIFTY,2025-11-12T12:45:00,1762931700000,12,optimized,hybrid,1016.8173322890981,1024.1649998313196,1032.5819999914409
2025-11-12T12:33:00,1762930980000,BANKNIFTY,2025-11-12T12:46:00,1762931760000,13,optimized,hybrid,1015.3120873910101,1022.6863344715291,1031.263294301133
2025-11-12T12:33:00,1762930980000,BANKNIFTY,2025-11-12T12:47:00,1762931820000,14,optimized,hybrid,1016.3530081073211,1024.0367379893312,1030.7978804388838
2025-11-12T12:33:00,1762930980000,BANKNIFTY,2025-11-12T12:48:00,1762931880000,15,optimized,hybrid,1015.9495256110217,1023.3451641440711,1032.137882897953
2025-11-12T12:33:00,1762930980000,BANKNIFTY,2025-11-12T12:49:00,1762931940000,16,optimized,hybrid,1017.3650177260238,1025.6066753233226,1033.7019679914315
2025-11-12T12:33:00,1762930980000,BANKNIFTY,2025-11-12T12:50:00,1762932000000,17,optimized,hybrid,1017.2188347507214,1026.8668425963408,1037.1361218221311
2025-11-12T12:33:00,1762930980000,BANKNIFTY,2025-11-12T12:51:00,1762932060000,18,optimized,hybrid,1015.159556050738,1024.6734373963059,1035.7001351999625
2025-11-12T12:33:00,1762930980000,BANKNIFTY,2025-11-12T12:52:00,1762932120000,19,optimized,hybrid,1016.688157843841,1025.6626662832743,1038.7770764074269
2025-11-12T12:33:00,1762930980000,BANKNIFTY,2025-11-12T12:53:00,1762932180000,20,optimized,hybrid,1015.6124111467615,1023.1583313731619,1038.6942237805722
2025-11-12T12:33:00,1762930980000,BANKNIFTY,2025-11-12T12:54:00,1762932240000,21,optimized,hybrid,1016.6675370115373,1025.8235858752262,1034.0079257302004
2025-11-12T12:33:00,1762930980000,BANKNIFTY,2025-11-12T12:55:00,1762932300000,22,optimized,hybrid,1015.4072567812572,1024.7786998947875,1036.411519086863
2025-11-12T12:33:00,1762930980000,BANKNIFTY,2025-11-12T12:56:00,1762932360000,23,optimized,hybrid,1014.1817350766344,1022.9531296621317,1034.598312472673
2025-11-12T12:33:00,1762930980000,BANKNIFTY,2025-11-12T12:57:00,1762932420000,24,optimized,hybrid,1014.1259580161201,1022.6668744652784,1037.1790394484976
2025-11-12T12:33:00,1762930980000,BANKNIFTY,2025-11-12T12:58:00,1762932480000,25,optimized,hybrid,1014.3221978885903,1023.8350997687967,1034.4462180075725
2025-11-12T12:33:00,1762930980000,BANKNIFTY,2025-11-12T12:59:00,1762932540000,26,optimized,hybrid,1015.3391428261117,1023.9386936800186,1035.2189563467834
2025-11-12T12:33:00,1762930980000,BANKNIFTY,2025-11-12T13:00:00,1762932600000,27,optimized,hybrid,1014.989869841708,1023.5572555441163,1038.885378276887
2025-11-12T12:33:00,1762930980000,BANKNIFTY,2025-11-12T13:01:00,1762932660000,28,optimized,hybrid,1013.0627555135152,1021.0652099948973,1037.569733385302
2025-11-12T12:33:00,1762930980000,BANKNIFTY,2025-11-12T13:02:00,1762932720000,29,optimized,hybrid,1013.361463259628,1021.15666936006,1038.021359851412
2025-11-12T12:33:00,1762930980000,BANKNIFTY,2025-11-12T13:03:00,1762932780000,30,optimized,hybrid,1014.0944151259076,1022.5882717595264,1037.406985753251
2025-11-12T12:33:00,1762930980000,BANKNIFTY,2025-11-12T13:04:00,1762932840000,31,optimized,hybrid,1013.9773296644591,1022.9641767035923,1037.7444123768933
2025-11-12T12:33:00,1762930980000,BANKNIFTY,2025-11-12T13:05:00,1762932900000,32,optimized,hybrid,1012.0279162099106,1021.3160564856794,1036.123702407554
2025-11-12T12:33:00,1762930980000,BANKNIFTY,2025-11-12T13:06:00,1762932960000,33,optimized,hybrid,1011.3091367120347,1021.8908457708992,1036.1846760898584
2025-11-12T12:33:00,1762930980000,BANKNIFTY,2025-11-12T13:07:00,1762933020000,34,optimized,hybrid,1011.3346273146888,1019.6371262729274,1036.8234914432935
2025-11-12T12:33:00,1762930980000,BANKNIFTY,2025-11-12T13:08:00,1762933080000,35,optimized,hybrid,1011.6553289654615,1019.4948711767656,1036.3126125327221
2025-11-12T12:33:00,1762930980000,BANKNIFTY,2025-11-12T13:09:00,1762933140000,36,optimized,hybrid,1010.7304188842832,1019.110943244166,1033.4689908168912
2025-11-12T12:33:00,1762930980000,BANKNIFTY,2025-11-12T13:10:00,1762933200000,37,optimized,hybrid,1009.8071719899693,1020.1691887511217,1031.961893099033
2025-11-12T12:33:00,1762930980000,BANKNIFTY,2025-11-12T13:11:00,1762933260000,38,optimized,hybrid,1010.2837708502741,1017.9098516339413,1031.1136608238883
2025-11-12T12:33:00,1762930980000,BANKNIFTY,2025-11-12T13:12:00,1762933320000,39,optimized,hybrid,1013.4870943816243,1022.3087362817575,1034.7020415812347
2025-11-12T12:33:00,1762930980000,BANKNIFTY,2025-11-12T13:13:00,1762933380000,40,optimized,hybrid,1009.7196928327826,1021.0662049353862,1034.5521696150938
2025-11-12T12:33:00,1762930980000,BANKNIFTY,2025-11-12T13:14:00,1762933440000,41,optimized,hybrid,1011.6816577352266,1023.9230369362531,1036.9694073598573
2025-11-12T12:33:00,1762930980000,BANKNIFTY,2025-11-12T13:15:00,1762933500000,42,optimized,hybrid,1014.1181267278392,1021.4043001213283,1034.4132121359705
2025-11-12T12:33:00,1762930980000,BANKNIFTY,2025-11-12T13:16:00,1762933560000,43,optimized,hybrid,1012.3162046508619,1021.1456937400344,1030.054845380393
2025-11-12T12:33:00,1762930980000,BANKNIFTY,2025-11-12T13:17:00,1762933620000,44,optimized,hybrid,1013.2499731174246,1019.0098391047229,1028.688403411446
2025-11-12T12:33:00,1762930980000,BANKNIFTY,2025-11-12T13:18:00,1762933680000,45,optimized,hybrid,1013.2484737405329,1024.3544770048818,1033.221303004963
2025-11-12T12:33:00,1762930980000,BANKNIFTY,2025-11-12T13:19:00,1762933740000,46,optimized,hybrid,1013.8309131094506,1025.3031913699422,1032.7957441520145
2025-11-12T12:33:00,1762930980000,BANKNIFTY,2025-11-12T13:20:00,1762933800000,47,optimized,hybrid,1014.0146051149676,1025.3398523329734,1033.789343525655
2025-11-12T12:33:00,1762930980000,BANKNIFTY,2025-11-12T13:21:00,1762933860000,48,optimized,hybrid,1014.3206710527141,1025.913102972245,1034.8818525023694
2025-11-12T12:33:00,1762930980000,BANKNIFTY,2025-11-12T13:22:00,1762933920000,49,optimized,hybrid,1016.2905297968282,1026.0388227077306,1033.3869325857454
2025-11-12T12:33:00,1762930980000,BANKNIFTY,2025-11-12T13:23:00,1762933980000,50,optimized,hybrid,1015.5512090506952,1024.0259099802663,1031.6166164918304
2025-11-12T12:33:00,1762930980000,BANKNIFTY,2025-11-12T13:24:00,1762934040000,51,optimized,hybrid,1016.9716743488125,1026.0839585157344,1031.4677821398818
2025-11-12T12:33:00,1762930980000,BANKNIFTY,2025-11-12T13:25:00,1762934100000,52,optimized,hybrid,1014.9074770152369,1026.2169499667639,1033.743598489276
2025-11-12T12:33:00,1762930980000,BANKNIFTY,2025-11-12T13:26:00,1762934160000,53,optimized,hybrid,1014.6242480763653,1025.673614008389,1032.566364041001
2025-11-12T12:33:00,1762930980000,BANKNIFTY,2025-11-12T13:27:00,1762934220000,54,optimized,hybrid,1013.9881746033051,1026.5428474480452,1031.799482722893
2025-11-12T12:33:00,1762930980000,BANKNIFTY,2025-11-12T13:28:00,1762934280000,55,optimized,hybrid,1014.7428038903861,1026.9224081599032,1033.0532355643988
2025-11-12T12:33:00,1762930980000,BANKNIFTY,2025-11-12T13:29:00,1762934340000,56,optimized,hybrid,1013.0533123042104,1025.3168146399719,1039.4522681576038
2025-11-12T12:33:00,1762930980000,BANKNIFTY,2025-11-12T13:30:00,1762934400000,57,optimized,hybrid,1012.0356428005332,1024.2603074081376,1038.900665048301
2025-11-12T12:33:00,1762930980000,BANKNIFTY,2025-11-12T13:31:00,1762934460000,58,optimized,hybrid,1011.1503896460104,1019.6596654941638,1029.6391158187512
2025-11-12T12:33:00,1762930980000,BANKNIFTY,2025-11-12T13:32:00,1762934520000,59,optimized,hybrid,1010.9062349806775,1021.8545253405398,1029.0162861615422
2025-11-12T12:33:00,1762930980000,BANKNIFTY,2025-11-12T13:33:00,1762934580000,60,optimized,hybrid,1012.1695506232587,1024.0050208393195,1031.8416072950529
2025-11-12T12:33:00,1762930980000,BANKNIFTY,2025-11-12T12:34:00,1762931040000,1,optimized,hybrid,1019.0946756733449,1024.45,1032.2160102088928
2025-11-12T12:33:00,1762930980000,BANKNIFTY,2025-11-12T12:35:00,1762931100000,2,optimized,hybrid,1019.6105346795788,1025.647587142069,1033.785459251966
2025-11-12T12:33:00,1762930980000,BANKNIFTY,2025-11-12T12:36:00,1762931160000,3,optimized,hybrid,1013.8016534433569,1024.7270924445017,1033.8021031572775
2025-11-12T12:33:00,1762930980000,BANKNIFTY,2025-11-12T12:37:00,1762931220000,4,optimized,hybrid,1015.9236560821831,1025.420955242724,1034.1207036549542
2025-11-12T12:33:00,1762930980000,BANKNIFTY,2025-11-12T12:38:00,1762931280000,5,optimized,hybrid,1017.1987378016645,1024.228565032913,1032.1715668292827
2025-11-12T12:33:00,1762930980000,BANKNIFTY,2025-11-12T12:39:00,1762931340000,6,optimized,hybrid,1020.3086443606649,1024.2307991282617,1033.0645342583882
2025-11-12T12:33:00,1762930980000,BANKNIFTY,2025-11-12T12:40:00,1762931400000,7,optimized,hybrid,1016.7965326647469,1025.6896135610998,1035.216519199315
2025-11-12T12:33:00,1762930980000,BANKNIFTY,2025-11-12T12:41:00,1762931460000,8,optimized,hybrid,1012.1005958168821,1021.9356117849773,1031.2285413496368
2025-11-12T12:33:00,1762930980000,BANKNIFTY,2025-11-12T12:42:00,1762931520000,9,optimized,hybrid,1016.8477712146029,1022.7942898455822,1029.4112876550375
2025-11-12T12:33:00,1762930980000,BANKNIFTY,2025-11-12T12:43:00,1762931580000,10,optimized,hybrid,1017.8992575087339,1023.6238840897272,1031.064860059728
2025-11-12T12:33:00,1762930980000,BANKNIFTY,2025-11-12T12:44:00,1762931640000,11,optimized,hybrid,1017.3121950041871,1024.241227075214,1031.3558374648364
2025-11-12T12:33:00,1762930980000,BANKNIFTY,2025-11-12T12:45:00,1762931700000,12,optimized,hybrid,1016.8173322890981,1024.1649998313196,1032.5819999914409
2025-11-12T12:33:00,1762930980000,BANKNIFTY,2025-11-12T12:46:00,1762931760000,13,optimized,hybrid,1015.3120873910101,1022.6863344715291,1031.263294301133
2025-11-12T12:33:00,1762930980000,BANKNIFTY,2025-11-12T12:47:00,1762931820000,14,optimized,hybrid,1016.3530081073211,1024.0367379893312,1030.7978804388838
2025-11-12T12:33:00,1762930980000,BANKNIFTY,2025-11-12T12:48:00,1762931880000,15,optimized,hybrid,1015.9495256110217,1023.3451641440711,1032.137882897953
2025-11-12T12:33:00,1762930980000,BANKNIFTY,2025-11-12T12:49:00,1762931940000,16,optimized,hybrid,1017.3650177260238,1025.6066753233226,1033.7019679914315
2025-11-12T12:33:00,1762930980000,BANKNIFTY,2025-11-12T12:50:00,1762932000000,17,optimized,hybrid,1017.2188347507214,1026.8668425963408,1037.1361218221311
2025-11-12T12:33:00,1762930980000,BANKNIFTY,2025-11-12T12:51:00,1762932060000,18,optimized,hybrid,1015.159556050738,1024.6734373963059,1035.7001351999625
2025-11-12T12:33:00,1762930980000,BANKNIFTY,2025-11-12T12:52:00,1762932120000,19,optimized,hybrid,1016.688157843841,1025.6626662832743,1038.7770764074269
2025-11-12T12:33:00,1762930980000,BANKNIFTY,2025-11-12T12:53:00,1762932180000,20,optimized,hybrid,1015.6124111467615,1023.1583313731619,1038.6942237805722
2025-11-12T12:33:00,1762930980000,BANKNIFTY,2025-11-12T12:54:00,1762932240000,21,optimized,hybrid,1016.6675370115373,1025.8235858752262,1034.0079257302004
2025-11-12T12:33:00,1762930980000,BANKNIFTY,2025-11-12T12:55:00,1762932300000,22,optimized,hybrid,1015.4072567812572,1024.7786998947875,1036.411519086863
2025-11-12T12:33:00,1762930980000,BANKNIFTY,2025-11-12T12:56:00,1762932360000,23,optimized,hybrid,1014.1817350766344,1022.9531296621317,1034.598312472673
2025-11-12T12:33:00,1762930980000,BANKNIFTY,2025-11-12T12:57:00,1762932420000,24,optimized,hybrid,1014.1259580161201,1022.6668744652784,1037.1790394484976
2025-11-12T12:33:00,1762930980000,BANKNIFTY,2025-11-12T12:58:00,1762932480000,25,optimized,hybrid,1014.3221978885903,1023.8350997687967,1034.4462180075725
2025-11-12T12:33:00,1762930980000,BANKNIFTY,2025-11-12T12:59:00,1762932540000,26,optimized,hybrid,1015.3391428261117,1023.9386936800186,1035.2189563467834
2025-11-12T12:33:00,1762930980000,BANKNIFTY,2025-11-12T13:00:00,1762932600000,27,optimized,hybrid,1014.989869841708,1023.5572555441163,1038.885378276887
2025-11-12T12:33:00,1762930980000,BANKNIFTY,2025-11-12T13:01:00,1762932660000,28,optimized,hybrid,1013.0627555135152,1021.0652099948973,1037.569733385302
2025-11-12T12:33:00,1762930980000,BANKNIFTY,2025-11-12T13:02:00,1762932720000,29,optimized,hybrid,1013.361463259628,1021.15666936006,1038.021359851412
2025-11-12T12:33:00,1762930980000,BANKNIFTY,2025-11-12T13:03:00,1762932780000,30,optimized,hybrid,1014.0944151259076,1022.5882717595264,1037.406985753251
2025-11-12T12:33:00,1762930980000,BANKNIFTY,2025-11-12T13:04:00,1762932840000,31,optimized,hybrid,1013.9773296644591,1022.9641767035923,1037.7444123768933
2025-11-12T12:33:00,1762930980000,BANKNIFTY,2025-11-12T13:05:00,1762932900000,32,optimized,hybrid,1012.0279162099106,1021.3160564856794,1036.123702407554
2025-11-12T12:33:00,1762930980000,BANKNIFTY,2025-11-12T13:06:00,1762932960000,33,optimized,hybrid,1011.3091367120347,1021.8908457708992,1036.1846760898584
2025-11-12T12:33:00,1762930980000,BANKNIFTY,2025-11-12T13:07:00,1762933020000,34,optimized,hybrid,1011.3346273146888,1019.6371262729274,1036.8234914432935
2025-11-12T12:33:00,1762930980000,BANKNIFTY,2025-11-12T13:08:00,1762933080000,35,optimized,hybrid,1011.6553289654615,1019.4948711767656,1036.3126125327221
2025-11-12T12:33:00,1762930980000,BANKNIFTY,2025-11-12T13:09:00,1762933140000,36,optimized,hybrid,1010.7304188842832,1019.110943244166,1033.4689908168912
2025-11-12T12:33:00,1762930980000,BANKNIFTY,2025-11-12T13:10:00,1762933200000,37,optimized,hybrid,1009.8071719899693,1020.1691887511217,1031.961893099033
2025-11-12T12:33:00,1762930980000,BANKNIFTY,2025-11-12T13:11:00,1762933260000,38,optimized,hybrid,1010.2837708502741,1017.9098516339413,1031.1136608238883
2025-11-12T12:33:00,1762930980000,BANKNIFTY,2025-11-12T13:12:00,1762933320000,39,optimized,hybrid,1013.4870943816243,1022.3087362817575,1034.7020415812347
2025-11-12T12:33:00,1762930980000,BANKNIFTY,2025-11-12T13:13:00,1762933380000,40,optimized,hybrid,1009.7196928327826,1021.0662049353862,1034.5521696150938
2025-11-12T12:33:00,1762930980000,BANKNIFTY,2025-11-12T13:14:00,1762933440000,41,optimized,hybrid,1011.6816577352266,1023.9230369362531,1036.9694073598573
2025-11-12T12:33:00,1762930980000,BANKNIFTY,2025-11-12T13:15:00,1762933500000,42,optimized,hybrid,1014.1181267278392,1021.4043001213283,1034.4132121359705
2025-11-12T12:33:00,1762930980000,BANKNIFTY,2025-11-12T13:16:00,1762933560000,43,optimized,hybrid,1012.3162046508619,1021.1456937400344,1030.054845380393
2025-11-12T12:33:00,1762930980000,BANKNIFTY,2025-11-12T13:17:00,1762933620000,44,optimized,hybrid,1013.2499731174246,1019.0098391047229,1028.688403411446
2025-11-12T12:33:00,1762930980000,BANKNIFTY,2025-11-12T13:18:00,1762933680000,45,optimized,hybrid,1013.2484737405329,1024.3544770048818,1033.221303004963
2025-11-12T12:33:00,1762930980000,BANKNIFTY,2025-11-12T13:19:00,1762933740000,46,optimized,hybrid,1013.8309131094506,1025.3031913699422,1032.7957441520145
2025-11-12T12:33:00,1762930980000,BANKNIFTY,2025-11-12T13:20:00,1762933800000,47,optimized,hybrid,1014.0146051149676,1025.3398523329734,1033.789343525655
2025-11-12T12:33:00,1762930980000,BANKNIFTY,2025-11-12T13:21:00,1762933860000,48,optimized,hybrid,1014.3206710527141,1025.913102972245,1034.8818525023694
2025-11-12T12:33:00,1762930980000,BANKNIFTY,2025-11-12T13:22:00,1762933920000,49,optimized,hybrid,1016.2905297968282,1026.0388227077306,1033.3869325857454
2025-11-12T12:33:00,1762930980000,BANKNIFTY,2025-11-12T13:23:00,1762933980000,50,optimized,hybrid,1015.5512090506952,1024.0259099802663,1031.6166164918304
2025-11-12T12:33:00,1762930980000,BANKNIFTY,2025-11-12T13:24:00,1762934040000,51,optimized,hybrid,1016.9716743488125,1026.0839585157344,1031.4677821398818
2025-11-12T12:33:00,1762930980000,BANKNIFTY,2025-11-12T13:25:00,1762934100000,52,optimized,hybrid,1014.9074770152369,1026.2169499667639,1033.743598489276
2025-11-12T12:33:00,1762930980000,BANKNIFTY,2025-11-12T13:26:00,1762934160000,53,optimized,hybrid,1014.6242480763653,1025.673614008389,1032.566364041001
2025-11-12T12:33:00,1762930980000,BANKNIFTY,2025-11-12T13:27:00,1762934220000,54,optimized,hybrid,1013.9881746033051,1026.5428474480452,1031.799482722893
2025-11-12T12:33:00,1762930980000,BANKNIFTY,2025-11-12T13:28:00,1762934280000,55,optimized,hybrid,1014.7428038903861,1026.9224081599032,1033.0532355643988
2025-11-12T12:33:00,1762930980000,BANKNIFTY,2025-11-12T13:29:00,1762934340000,56,optimized,hybrid,1013.0533123042104,1025.3168146399719,1039.4522681576038
2025-11-12T12:33:00,1762930980000,BANKNIFTY,2025-11-12T13:30:00,1762934400000,57,optimized,hybrid,1012.0356428005332,1024.2603074081376,1038.900665048301
2025-11-12T12:33:00,1762930980000,BANKNIFTY,2025-11-12T13:31:00,1762934460000,58,optimized,hybrid,1011.1503896460104,1019.6596654941638,1029.6391158187512
2025-11-12T12:33:00,1762930980000,BANKNIFTY,2025-11-12T13:32:00,1762934520000,59,optimized,hybrid,1010.9062349806775,1021.8545253405398,1029.0162861615422
2025-11-12T12:33:00,1762930980000,BANKNIFTY,2025-11-12T13:33:00,1762934580000,60,optimized,hybrid,1012.1695506232587,1024.0050208393195,1031.8416072950529
2025-11-12T12:33:00,1762930980000,BANKNIFTY,2025-11-12T12:34:00,1762931040000,1,optimized,hybrid,1019.0946756733449,1024.45,1032.2160102088928
2025-11-12T12:33:00,1762930980000,BANKNIFTY,2025-11-12T12:35:00,1762931100000,2,optimized,hybrid,1019.6105346795788,1025.647587142069,1033.785459251966
2025-11-12T12:33:00,1762930980000,BANKNIFTY,2025-11-12T12:36:00,1762931160000,3,optimized,hybrid,1013.8016534433569,1024.7270924445017,1033.8021031572775
2025-11-12T12:33:00,1762930980000,BANKNIFTY,2025-11-12T12:37:00,1762931220000,4,optimized,hybrid,1015.9236560821831,1025.420955242724,1034.1207036549542
2025-11-12T12:33:00,1762930980000,BANKNIFTY,2025-11-12T12:38:00,1762931280000,5,optimized,hybrid,1017.1987378016645,1024.228565032913,1032.1715668292827
2025-11-12T12:33:00,1762930980000,BANKNIFTY,2025-11-12T12:39:00,1762931340000,6,optimized,hybrid,1020.3086443606649,1024.2307991282617,1033.0645342583882
2025-11-12T12:33:00,1762930980000,BANKNIFTY,2025-11-12T12:40:00,1762931400000,7,optimized,hybrid,1016.7965326647469,1025.6896135610998,1035.216519199315
2025-11-12T12:33:00,1762930980000,BANKNIFTY,2025-11-12T12:41:00,1762931460000,8,optimized,hybrid,1012.1005958168821,1021.9356117849773,1031.2285413496368
2025-11-12T12:33:00,1762930980000,BANKNIFTY,2025-11-12T12:42:00,1762931520000,9,optimized,hybrid,1016.8477712146029,1022.7942898455822,1029.4112876550375
2025-11-12T12:33:00,1762930980000,BANKNIFTY,2025-11-12T12:43:00,1762931580000,10,optimized,hybrid,1017.8992575087339,1023.6238840897272,1031.064860059728
2025-11-12T12:33:00,1762930980000,BANKNIFTY,2025-11-12T12:44:00,1762931640000,11,optimized,hybrid,1017.3121950041871,1024.241227075214,1031.3558374648364
2025-11-12T12:33:00,1762930980000,BANKNIFTY,2025-11-12T12:45:00,1762931700000,12,optimized,hybrid,1016.8173322890981,1024.1649998313196,1032.5819999914409
2025-11-12T12:33:00,1762930980000,BANKNIFTY,2025-11-12T12:46:00,1762931760000,13,optimized,hybrid,1015.3120873910101,1022.6863344715291,1031.263294301133
2025-11-12T12:33:00,1762930980000,BANKNIFTY,2025-11-12T12:47:00,1762931820000,14,optimized,hybrid,1016.3530081073211,1024.0367379893312,1030.7978804388838
2025-11-12T12:33:00,1762930980000,BANKNIFTY,2025-11-12T12:48:00,1762931880000,15,optimized,hybrid,1015.9495256110217,1023.3451641440711,1032.137882897953
2025-11-12T12:33:00,1762930980000,BANKNIFTY,2025-11-12T12:49:00,1762931940000,16,optimized,hybrid,1017.3650177260238,1025.6066753233226,1033.7019679914315
2025-11-12T12:33:00,1762930980000,BANKNIFTY,2025-11-12T12:50:00,1762932000000,17,optimized,hybrid,1017.2188347507214,1026.8668425963408,1037.1361218221311
2025-11-12T12:33:00,1762930980000,BANKNIFTY,2025-11-12T12:51:00,1762932060000,18,optimized,hybrid,1015.159556050738,1024.6734373963059,1035.7001351999625
2025-11-12T12:33:00,1762930980000,BANKNIFTY,2025-11-12T12:52:00,1762932120000,19,optimized,hybrid,1016.688157843841,1025.6626662832743,1038.7770764074269
2025-11-12T12:33:00,1762930980000,BANKNIFTY,2025-11-12T12:53:00,1762932180000,20,optimized,hybrid,1015.6124111467615,1023.1583313731619,1038.6942237805722
2025-11-12T12:33:00,1762930980000,BANKNIFTY,2025-11-12T12:54:00,1762932240000,21,optimized,hybrid,1016.6675370115373,1025.8235858752262,1034.0079257302004
2025-11-12T12:33:00,1762930980000,BANKNIFTY,2025-11-12T12:55:00,1762932300000,22,optimized,hybrid,1015.4072567812572,1024.7786998947875,1036.411519086863
2025-11-12T12:33:00,1762930980000,BANKNIFTY,2025-11-12T12:56:00,1762932360000,23,optimized,hybrid,1014.1817350766344,1022.9531296621317,1034.598312472673
2025-11-12T12:33:00,1762930980000,BANKNIFTY,2025-11-12T12:57:00,1762932420000,24,optimized,hybrid,1014.1259580161201,1022.6668744652784,1037.1790394484976
2025-11-12T12:33:00,1762930980000,BANKNIFTY,2025-11-12T12:58:00,1762932480000,25,optimized,hybrid,1014.3221978885903,1023.8350997687967,1034.4462180075725
2025-11-12T12:33:00,1762930980000,BANKNIFTY,2025-11-12T12:59:00,1762932540000,26,optimized,hybrid,1015.3391428261117,1023.9386936800186,1035.2189563467834
2025-11-12T12:33:00,1762930980000,BANKNIFTY,2025-11-12T13:00:00,1762932600000,27,optimized,hybrid,1014.989869841708,1023.5572555441163,1038.885378276887
2025-11-12T12:33:00,1762930980000,BANKNIFTY,2025-11-12T13:01:00,1762932660000,28,optimized,hybrid,1013.0627555135152,1021.0652099948973,1037.569733385302
2025-11-12T12:33:00,1762930980000,BANKNIFTY,2025-11-12T13:02:00,1762932720000,29,optimized,hybrid,1013.361463259628,1021.15666936006,1038.021359851412
2025-11-12T12:33:00,1762930980000,BANKNIFTY,2025-11-12T13:03:00,1762932780000,30,optimized,hybrid,1014.0944151259076,1022.5882717595264,1037.406985753251
2025-11-12T12:33:00,1762930980000,BANKNIFTY,2025-11-12T13:04:00,1762932840000,31,optimized,hybrid,1013.9773296644591,1022.9641767035923,1037.7444123768933
2025-11-12T12:33:00,1762930980000,BANKNIFTY,2025-11-12T13:05:00,1762932900000,32,optimized,hybrid,1012.0279162099106,1021.3160564856794,1036.123702407554
2025-11-12T12:33:00,1762930980000,BANKNIFTY,2025-11-12T13:06:00,1762932960000,33,optimized,hybrid,1011.3091367120347,1021.8908457708992,1036.1846760898584
2025-11-12T12:33:00,1762930980000,BANKNIFTY,2025-11-12T13:07:00,1762933020000,34,optimized,hybrid,1011.3346273146888,1019.6371262729274,1036.8234914432935
2025-11-12T12:33:00,1762930980000,BANKNIFTY,2025-11-12T13:08:00,1762933080000,35,optimized,hybrid,1011.6553289654615,1019.4948711767656,1036.3126125327221
2025-11-12T12:33:00,1762930980000,BANKNIFTY,2025-11-12T13:09:00,1762933140000,36,optimized,hybrid,1010.7304188842832,1019.110943244166,1033.4689908168912
2025-11-12T12:33:00,1762930980000,BANKNIFTY,2025-11-12T13:10:00,1762933200000,37,optimized,hybrid,1009.8071719899693,1020.1691887511217,1031.961893099033
2025-11-12T12:33:00,1762930980000,BANKNIFTY,2025-11-12T13:11:00,1762933260000,38,optimized,hybrid,1010.2837708502741,1017.9098516339413,1031.1136608238883
2025-11-12T12:33:00,1762930980000,BANKNIFTY,2025-11-12T13:12:00,1762933320000,39,optimized,hybrid,1013.4870943816243,1022.3087362817575,1034.7020415812347
2025-11-12T12:33:00,1762930980000,BANKNIFTY,2025-11-12T13:13:00,1762933380000,40,optimized,hybrid,1009.7196928327826,1021.0662049353862,1034.5521696150938
2025-11-12T12:33:00,1762930980000,BANKNIFTY,2025-11-12T13:14:00,1762933440000,41,optimized,hybrid,1011.6816577352266,1023.9230369362531,1036.9694073598573
2025-11-12T12:33:00,1762930980000,BANKNIFTY,2025-11-12T13:15:00,1762933500000,42,optimized,hybrid,1014.1181267278392,1021.4043001213283,1034.4132121359705
2025-11-12T12:33:00,1762930980000,BANKNIFTY,2025-11-12T13:16:00,1762933560000,43,optimized,hybrid,1012.3162046508619,1021.1456937400344,1030.054845380393
2025-11-12T12:33:00,1762930980000,BANKNIFTY,2025-11-12T13:17:00,1762933620000,44,optimized,hybrid,1013.2499731174246,1019.0098391047229,1028.688403411446
2025-11-12T12:33:00,1762930980000,BANKNIFTY,2025-11-12T13:18:00,1762933680000,45,optimized,hybrid,1013.2484737405329,1024.3544770048818,1033.221303004963
2025-11-12T12:33:00,1762930980000,BANKNIFTY,2025-11-12T13:19:00,1762933740000,46,optimized,hybrid,1013.8309131094506,1025.3031913699422,1032.7957441520145
2025-11-12T12:33:00,1762930980000,BANKNIFTY,2025-11-12T13:20:00,1762933800000,47,optimized,hybrid,1014.0146051149676,1025.3398523329734,1033.789343525655
2025-11-12T12:33:00,1762930980000,BANKNIFTY,2025-11-12T13:21:00,1762933860000,48,optimized,hybrid,1014.3206710527141,1025.913102972245,1034.8818525023694
2025-11-12T12:33:00,1762930980000,BANKNIFTY,2025-11-12T13:22:00,1762933920000,49,optimized,hybrid,1016.2905297968282,1026.0388227077306,1033.3869325857454
2025-11-12T12:33:00,1762930980000,BANKNIFTY,2025-11-12T13:23:00,1762933980000,50,optimized,hybrid,1015.5512090506952,1024.0259099802663,1031.6166164918304
2025-11-12T12:33:00,1762930980000,BANKNIFTY,2025-11-12T13:24:00,1762934040000,51,optimized,hybrid,1016.9716743488125,1026.0839585157344,1031.4677821398818
2025-11-12T12:33:00,1762930980000,BANKNIFTY,2025-11-12T13:25:00,1762934100000,52,optimized,hybrid,1014.9074770152369,1026.2169499667639,1033.743598489276
2025-11-12T12:33:00,1762930980000,BANKNIFTY,2025-11-12T13:26:00,1762934160000,53,optimized,hybrid,1014.6242480763653,1025.673614008389,1032.566364041001
2025-11-12T12:33:00,1762930980000,BANKNIFTY,2025-11-12T13:27:00,1762934220000,54,optimized,hybrid,1013.9881746033051,1026.5428474480452,1031.799482722893
2025-11-12T12:33:00,1762930980000,BANKNIFTY,2025-11-12T13:28:00,1762934280000,55,optimized,hybrid,1014.7428038903861,1026.9224081599032,1033.0532355643988
2025-11-12T12:33:00,1762930980000,BANKNIFTY,2025-11-12T13:29:00,1762934340000,56,optimized,hybrid,1013.0533123042104,1025.3168146399719,1039.4522681576038
2025-11-12T12:33:00,1762930980000,BANKNIFTY,2025-11-12T13:30:00,1762934400000,57,optimized,hybrid,1012.0356428005332,1024.2603074081376,1038.900665048301
2025-11-12T12:33:00,1762930980000,BANKNIFTY,2025-11-12T13:31:00,1762934460000,58,optimized,hybrid,1011.1503896460104,1019.6596654941638,1029.6391158187512
2025-11-12T12:33:00,1762930980000,BANKNIFTY,2025-11-12T13:32:00,1762934520000,59,optimized,hybrid,1010.9062349806775,1021.8545253405398,1029.0162861615422
2025-11-12T12:33:00,1762930980000,BANKNIFTY,2025-11-12T13:33:00,1762934580000,60,optimized,hybrid,1012.1695506232587,1024.0050208393195,1031.8416072950529
2025-11-12T12:33:30,1762931010000,BANKNIFTY,2025-11-12T12:34:30,1762931070000,1,optimized,hybrid,1020.9694353653786,1026.25,1033.977144601296
2025-11-12T12:33:30,1762931010000,BANKNIFTY,2025-11-12T12:35:30,1762931130000,2,optimized,hybrid,1020.271871569577,1026.2480609014444,1034.3420682645994
2025-11-12T12:33:30,1762931010000,BANKNIFTY,2025-11-12T12:36:30,1762931190000,3,optimized,hybrid,1014.5358851849037,1025.6753150366835,1034.7282796924692
2025-11-12T12:33:30,1762931010000,BANKNIFTY,2025-11-12T12:37:30,1762931250000,4,optimized,hybrid,1016.8682348349887,1026.4018105995287,1035.2180078695421
2025-11-12T12:33:30,1762931010000,BANKNIFTY,2025-11-12T12:38:30,1762931310000,5,optimized,hybrid,1018.4263247504201,1025.4514984555217,1033.4233083168763
2025-11-12T12:33:30,1762931010000,BANKNIFTY,2025-11-12T12:39:30,1762931370000,6,optimized,hybrid,1021.1937422169118,1024.9345548226556,1033.738818265435
2025-11-12T12:33:30,1762931010000,BANKNIFTY,2025-11-12T12:40:30,1762931430000,7,optimized,hybrid,1017.9850122564136,1026.7637179109076,1036.3224307062067
2025-11-12T12:33:30,1762931010000,BANKNIFTY,2025-11-12T12:41:30,1762931490000,8,optimized,hybrid,1013.3776110665364,1023.2658382605591,1032.7102520982253
2025-11-12T12:33:30,1762931010000,BANKNIFTY,2025-11-12T12:42:30,1762931550000,9,optimized,hybrid,1018.5185051405363,1024.4071994814346,1030.9927342032122
2025-11-12T12:33:30,1762931010000,BANKNIFTY,2025-11-12T12:43:30,1762931610000,10,optimized,hybrid,1018.8106200326868,1024.4613722248475,1031.8550775431079
2025-11-12T12:33:30,1762931010000,BANKNIFTY,2025-11-12T12:44:30,1762931670000,11,optimized,hybrid,1018.4077308514143,1025.3368879613488,1032.4099224324152
2025-11-12T12:33:30,1762931010000,BANKNIFTY,2025-11-12T12:45:30,1762931730000,12,optimized,hybrid,1017.45249683339,1024.8017715598621,1033.2213164009083
2025-11-12T12:33:30,1762931010000,BANKNIFTY,2025-11-12T12:46:30,1762931790000,13,optimized,hybrid,1016.2865531761552,1023.8168105478494,1032.2793228285022
2025-11-12T12:33:30,1762931010000,BANKNIFTY,2025-11-12T12:47:30,1762931850000,14,optimized,hybrid,1017.0662244546547,1024.763425523206,1031.466514224616
2025-11-12T12:33:30,1762931010000,BANKNIFTY,2025-11-12T12:48:30,1762931910000,15,optimized,hybrid,1017.9313656978301,1025.289311118543,1034.088000393597
2025-11-12T12:33:30,1762931010000,BANKNIFTY,2025-11-12T12:49:30,1762931970000,16,optimized,hybrid,1018.1770123773093,1026.3091765615773,1034.241370526557
2025-11-12T12:33:30,1762931010000,BANKNIFTY,2025-11-12T12:50:30,1762932030000,17,optimized,hybrid,1018.2030516960793,1027.7349557982639,1038.0393361008983
2025-11-12T12:33:30,1762931010000,BANKNIFTY,2025-11-12T12:51:30,1762932090000,18,optimized,hybrid,1016.498883460642,1025.8446393190259,1036.9404092923185
2025-11-12T12:33:30,1762931010000,BANKNIFTY,2025-11-12T12:52:30,1762932150000,19,optimized,hybrid,1018.0160522104021,1027.0180540756048,1040.052809932699
2025-11-12T12:33:30,1762931010000,BANKNIFTY,2025-11-12T12:53:30,1762932210000,20,optimized,hybrid,1016.7480532444309,1024.3071878672458,1039.8842906704483
2025-11-12T12:33:30,1762931010000,BANKNIFTY,2025-11-12T12:54:30,1762932270000,21,optimized,hybrid,1017.2804609806777,1026.4712062905937,1034.6232077423579
2025-11-12T12:33:30,1762931010000,BANKNIFTY,2025-11-12T12:55:30,1762932330000,22,optimized,hybrid,1016.6819625755086,1025.945355967592,1037.5304749606632
2025-11-12T12:33:30,1762931010000,BANKNIFTY,2025-11-12T12:56:30,1762932390000,23,optimized,hybrid,1015.4272013211734,1024.2273897155292,1036.0326061049448
2025-11-12T12:33:30,1762931010000,BANKNIFTY,2025-11-12T12:57:30,1762932450000,24,optimized,hybrid,1015.2964103280902,1023.8481219231837,1038.4379801414782
2025-11-12T12:33:30,1762931010000,BANKNIFTY,2025-11-12T12:58:30,1762932510000,25,optimized,hybrid,1014.8925656828208,1024.43601670456,1035.1083494638085
2025-11-12T12:33:30,1762931010000,BANKNIFTY,2025-11-12T12:59:30,1762932570000,26,optimized,hybrid,1016.036050734303,1024.6407721697872,1035.908566016895
2025-11-12T12:33:30,1762931010000,BANKNIFTY,2025-11-12T13:00:30,1762932630000,27,optimized,hybrid,1016.1560422414569,1024.723133268111,1040.080414821715
2025-11-12T12:33:30,1762931010000,BANKNIFTY,2025-11-12T13:01:30,1762932690000,28,optimized,hybrid,1014.5226812756875,1022.5474862525443,1038.9727303583516
2025-11-12T12:33:30,1762931010000,BANKNIFTY,2025-11-12T13:02:30,1762932750000,29,optimized,hybrid,1014.9847551739706,1022.7448201879758,1039.6765549736024
2025-11-12T12:33:30,1762931010000,BANKNIFTY,2025-11-12T13:03:30,1762932810000,30,optimized,hybrid,1015.3829162248829,1023.7654292817781,1038.583041201042
2025-11-12T12:33:30,1762931010000,BANKNIFTY,2025-11-12T13:04:30,1762932870000,31,optimized,hybrid,1014.9363418493003,1024.0036726803382,1038.7081915277986
2025-11-12T12:33:30,1762931010000,BANKNIFTY,2025-11-12T13:05:30,1762932930000,32,optimized,hybrid,1013.2250624739723,1022.4785872839739,1037.2981766366186
2025-11-12T12:33:30,1762931010000,BANKNIFTY,2025-11-12T13:06:30,1762932990000,33,optimized,hybrid,1012.325451327436,1022.873545061917,1037.1702882060545
2025-11-12T12:33:30,1762931010000,BANKNIFTY,2025-11-12T13:07:30,1762933050000,34,optimized,hybrid,1012.7094373025026,1021.0164236995649,1038.221722416547
2025-11-12T12:33:30,1762931010000,BANKNIFTY,2025-11-12T13:08:30,1762933110000,35,optimized,hybrid,1012.6352321780228,1020.4540854110442,1037.3915141079099
2025-11-12T12:33:30,1762931010000,BANKNIFTY,2025-11-12T13:09:30,1762933170000,36,optimized,hybrid,1011.652050112636,1020.0667076658945,1034.4102827470385
2025-11-12T12:33:30,1762931010000,BANKNIFTY,2025-11-12T13:10:30,1762933230000,37,optimized,hybrid,1010.724622035236,1021.2107656667761,1032.985752128137
2025-11-12T12:33:30,1762931010000,BANKNIFTY,2025-11-12T13:11:30,1762933290000,38,optimized,hybrid,1011.3785738947035,1019.0987277283198,1032.29586758415
2025-11-12T12:33:30,1762931010000,BANKNIFTY,2025-11-12T13:12:30,1762933350000,39,optimized,hybrid,1014.5918975448081,1023.4892399119215,1035.754823735153
2025-11-12T12:33:30,1762931010000,BANKNIFTY,2025-11-12T13:13:30,1762933410000,40,optimized,hybrid,1010.6843455959364,1022.0099942570664,1035.5816285988299
2025-11-12T12:33:30,1762931010000,BANKNIFTY,2025-11-12T13:14:30,1762933470000,41,optimized,hybrid,1012.8269307425462,1024.8976933427073,1038.0693671958059
2025-11-12T12:33:30,1762931010000,BANKNIFTY,2025-11-12T13:15:30,1762933530000,42,optimized,hybrid,1015.3420606983707,1022.6644390928914,1035.65471841636
2025-11-12T12:33:30,1762931010000,BANKNIFTY,2025-11-12T13:16:30,1762933590000,43,optimized,hybrid,1013.5247517532393,1022.4259096170356,1031.1799684974085
2025-11-12T12:33:30,1762931010000,BANKNIFTY,2025-11-12T13:17:30,1762933650000,44,optimized,hybrid,1014.482325959954,1020.2774289221597,1030.040880220409
2025-11-12T12:33:30,1762931010000,BANKNIFTY,2025-11-12T13:18:30,1762933710000,45,optimized,hybrid,1014.4316501923039,1025.5140466840182,1034.35973882328
2025-11-12T12:33:30,1762931010000,BANKNIFTY,2025-11-12T13:19:30,1762933770000,46,optimized,hybrid,1014.7202158177498,1026.129737242517,1033.5366589718894
2025-11-12T12:33:30,1762931010000,BANKNIFTY,2025-11-12T13:20:30,1762933830000,47,optimized,hybrid,1015.4756985197857,1026.7169490070935,1035.1660673833308
2025-11-12T12:33:30,1762931010000,BANKNIFTY,2025-11-12T13:21:30,1762933890000,48,optimized,hybrid,1015.3185224184426,1026.8578963465143,1035.772723055833
2025-11-12T12:33:30,1762931010000,BANKNIFTY,2025-11-12T13:22:30,1762933950000,49,optimized,hybrid,1017.2167143120909,1026.9635387187907,1034.2827440100302
2025-11-12T12:33:30,1762931010000,BANKNIFTY,2025-11-12T13:23:30,1762934010000,50,optimized,hybrid,1017.3662089693886,1025.8441498088453,1033.398185777557
2025-11-12T12:33:30,1762931010000,BANKNIFTY,2025-11-12T13:24:30,1762934070000,51,optimized,hybrid,1017.8241543765973,1026.9109886431756,1032.304095028841
2025-11-12T12:33:30,1762931010000,BANKNIFTY,2025-11-12T13:25:30,1762934130000,52,optimized,hybrid,1016.0032038084936,1027.1753943029494,1034.736449311538
2025-11-12T12:33:30,1762931010000,BANKNIFTY,2025-11-12T13:26:30,1762934190000,53,optimized,hybrid,1015.7511538591988,1026.5600214764402,1033.4790012367282
2025-11-12T12:33:30,1762931010000,BANKNIFTY,2025-11-12T13:27:30,1762934250000,54,optimized,hybrid,1015.1735677532207,1027.6861349838248,1032.9928297396193
2025-11-12T12:33:30,1762931010000,BANKNIFTY,2025-11-12T13:28:30,1762934310000,55,optimized,hybrid,1015.8491484799481,1027.9144060612691,1034.1790457396994
2025-11-12T12:33:30,1762931010000,BANKNIFTY,2025-11-12T13:29:30,1762934370000,56,optimized,hybrid,1013.3413801621759,1025.5965275909866,1039.4446775257695
2025-11-12T12:33:30,1762931010000,BANKNIFTY,2025-11-12T13:30:30,1762934430000,57,optimized,hybrid,1013.3619374622543,1025.6096577283224,1039.9169799905949
2025-11-12T12:33:30,1762931010000,BANKNIFTY,2025-11-12T13:31:30,1762934490000,58,optimized,hybrid,1011.9615305556985,1020.4663975119818,1030.4942645753079
2025-11-12T12:33:30,1762931010000,BANKNIFTY,2025-11-12T13:32:30,1762934550000,59,optimized,hybrid,1012.9687072303651,1023.9372785224884,1031.1512170667654
2025-11-12T12:33:30,1762931010000,BANKNIFTY,2025-11-12T13:33:30,1762934610000,60,optimized,hybrid,1013.2297404936007,1025.0712564373896,1032.9826728538858
2025-11-12T12:33:30,1762931010000,BANKNIFTY,2025-11-12T12:34:30,1762931070000,1,optimized,hybrid,1020.9694353653786,1026.25,1033.977144601296
2025-11-12T12:33:30,1762931010000,BANKNIFTY,2025-11-12T12:35:30,1762931130000,2,optimized,hybrid,1020.271871569577,1026.2480609014444,1034.3420682645994
2025-11-12T12:33:30,1762931010000,BANKNIFTY,2025-11-12T12:36:30,1762931190000,3,optimized,hybrid,1014.5358851849037,1025.6753150366835,1034.7282796924692
2025-11-12T12:33:30,1762931010000,BANKNIFTY,2025-11-12T12:37:30,1762931250000,4,optimized,hybrid,1016.8682348349887,1026.4018105995287,1035.2180078695421
2025-11-12T12:33:30,1762931010000,BANKNIFTY,2025-11-12T12:38:30,1762931310000,5,optimized,hybrid,1018.4263247504201,1025.4514984555217,1033.4233083168763
2025-11-12T12:33:30,1762931010000,BANKNIFTY,2025-11-12T12:39:30,1762931370000,6,optimized,hybrid,1021.1937422169118,1024.9345548226556,1033.738818265435
2025-11-12T12:33:30,1762931010000,BANKNIFTY,2025-11-12T12:40:30,1762931430000,7,optimized,hybrid,1017.9850122564136,1026.7637179109076,1036.3224307062067
2025-11-12T12:33:30,1762931010000,BANKNIFTY,2025-11-12T12:41:30,1762931490000,8,optimized,hybrid,1013.3776110665364,1023.2658382605591,1032.7102520982253
2025-11-12T12:33:30,1762931010000,BANKNIFTY,2025-11-12T12:42:30,1762931550000,9,optimized,hybrid,1018.5185051405363,1024.4071994814346,1030.9927342032122
2025-11-12T12:33:30,1762931010000,BANKNIFTY,2025-11-12T12:43:30,1762931610000,10,optimized,hybrid,1018.8106200326868,1024.4613722248475,1031.8550775431079
2025-11-12T12:33:30,1762931010000,BANKNIFTY,2025-11-12T12:44:30,1762931670000,11,optimized,hybrid,1018.4077308514143,1025.3368879613488,1032.4099224324152
2025-11-12T12:33:30,1762931010000,BANKNIFTY,2025-11-12T12:45:30,1762931730000,12,optimized,hybrid,1017.45249683339,1024.8017715598621,1033.2213164009083
2025-11-12T12:33:30,1762931010000,BANKNIFTY,2025-11-12T12:46:30,1762931790000,13,optimized,hybrid,1016.2865531761552,1023.8168105478494,1032.2793228285022
2025-11-12T12:33:30,1762931010000,BANKNIFTY,2025-11-12T12:47:30,1762931850000,14,optimized,hybrid,1017.0662244546547,1024.763425523206,1031.466514224616
2025-11-12T12:33:30,1762931010000,BANKNIFTY,2025-11-12T12:48:30,1762931910000,15,optimized,hybrid,1017.9313656978301,1025.289311118543,1034.088000393597
2025-11-12T12:33:30,1762931010000,BANKNIFTY,2025-11-12T12:49:30,1762931970000,16,optimized,hybrid,1018.1770123773093,1026.3091765615773,1034.241370526557
2025-11-12T12:33:30,1762931010000,BANKNIFTY,2025-11-12T12:50:30,1762932030000,17,optimized,hybrid,1018.2030516960793,1027.7349557982639,1038.0393361008983
2025-11-12T12:33:30,1762931010000,BANKNIFTY,2025-11-12T12:51:30,1762932090000,18,optimized,hybrid,1016.498883460642,1025.8446393190259,1036.9404092923185
2025-11-12T12:33:30,1762931010000,BANKNIFTY,2025-11-12T12:52:30,1762932150000,19,optimized,hybrid,1018.0160522104021,1027.0180540756048,1040.052809932699
2025-11-12T12:33:30,1762931010000,BANKNIFTY,2025-11-12T12:53:30,1762932210000,20,optimized,hybrid,1016.7480532444309,1024.3071878672458,1039.8842906704483
2025-11-12T12:33:30,1762931010000,BANKNIFTY,2025-11-12T12:54:30,1762932270000,21,optimized,hybrid,1017.2804609806777,1026.4712062905937,1034.6232077423579
2025-11-12T12:33:30,1762931010000,BANKNIFTY,2025-11-12T12:55:30,1762932330000,22,optimized,hybrid,1016.6819625755086,1025.945355967592,1037.5304749606632
2025-11-12T12:33:30,1762931010000,BANKNIFTY,2025-11-12T12:56:30,1762932390000,23,optimized,hybrid,1015.4272013211734,1024.2273897155292,1036.0326061049448
2025-11-12T12:33:30,1762931010000,BANKNIFTY,2025-11-12T12:57:30,1762932450000,24,optimized,hybrid,1015.2964103280902,1023.8481219231837,1038.4379801414782
2025-11-12T12:33:30,1762931010000,BANKNIFTY,2025-11-12T12:58:30,1762932510000,25,optimized,hybrid,1014.8925656828208,1024.43601670456,1035.1083494638085
2025-11-12T12:33:30,1762931010000,BANKNIFTY,2025-11-12T12:59:30,1762932570000,26,optimized,hybrid,1016.036050734303,1024.6407721697872,1035.908566016895
2025-11-12T12:33:30,1762931010000,BANKNIFTY,2025-11-12T13:00:30,1762932630000,27,optimized,hybrid,1016.1560422414569,1024.723133268111,1040.080414821715
2025-11-12T12:33:30,1762931010000,BANKNIFTY,2025-11-12T13:01:30,1762932690000,28,optimized,hybrid,1014.5226812756875,1022.5474862525443,1038.9727303583516
2025-11-12T12:33:30,1762931010000,BANKNIFTY,2025-11-12T13:02:30,1762932750000,29,optimized,hybrid,1014.9847551739706,1022.7448201879758,1039.6765549736024
2025-11-12T12:33:30,1762931010000,BANKNIFTY,2025-11-12T13:03:30,1762932810000,30,optimized,hybrid,1015.3829162248829,1023.7654292817781,1038.583041201042
2025-11-12T12:33:30,1762931010000,BANKNIFTY,2025-11-12T13:04:30,1762932870000,31,optimized,hybrid,1014.9363418493003,1024.0036726803382,1038.7081915277986
2025-11-12T12:33:30,1762931010000,BANKNIFTY,2025-11-12T13:05:30,1762932930000,32,optimized,hybrid,1013.2250624739723,1022.4785872839739,1037.2981766366186
2025-11-12T12:33:30,1762931010000,BANKNIFTY,2025-11-12T13:06:30,1762932990000,33,optimized,hybrid,1012.325451327436,1022.873545061917,1037.1702882060545
2025-11-12T12:33:30,1762931010000,BANKNIFTY,2025-11-12T13:07:30,1762933050000,34,optimized,hybrid,1012.7094373025026,1021.0164236995649,1038.221722416547
2025-11-12T12:33:30,1762931010000,BANKNIFTY,2025-11-12T13:08:30,1762933110000,35,optimized,hybrid,1012.6352321780228,1020.4540854110442,1037.3915141079099
2025-11-12T12:33:30,1762931010000,BANKNIFTY,2025-11-12T13:09:30,1762933170000,36,optimized,hybrid,1011.652050112636,1020.0667076658945,1034.4102827470385
2025-11-12T12:33:30,1762931010000,BANKNIFTY,2025-11-12T13:10:30,1762933230000,37,optimized,hybrid,1010.724622035236,1021.2107656667761,1032.985752128137
2025-11-12T12:33:30,1762931010000,BANKNIFTY,2025-11-12T13:11:30,1762933290000,38,optimized,hybrid,1011.3785738947035,1019.0987277283198,1032.29586758415
2025-11-12T12:33:30,1762931010000,BANKNIFTY,2025-11-12T13:12:30,1762933350000,39,optimized,hybrid,1014.5918975448081,1023.4892399119215,1035.754823735153
2025-11-12T12:33:30,1762931010000,BANKNIFTY,2025-11-12T13:13:30,1762933410000,40,optimized,hybrid,1010.6843455959364,1022.0099942570664,1035.5816285988299
2025-11-12T12:33:30,1762931010000,BANKNIFTY,2025-11-12T13:14:30,1762933470000,41,optimized,hybrid,1012.8269307425462,1024.8976933427073,1038.0693671958059
2025-11-12T12:33:30,1762931010000,BANKNIFTY,2025-11-12T13:15:30,1762933530000,42,optimized,hybrid,1015.3420606983707,1022.6644390928914,1035.65471841636
2025-11-12T12:33:30,1762931010000,BANKNIFTY,2025-11-12T13:16:30,1762933590000,43,optimized,hybrid,1013.5247517532393,1022.4259096170356,1031.1799684974085
2025-11-12T12:33:30,1762931010000,BANKNIFTY,2025-11-12T13:17:30,1762933650000,44,optimized,hybrid,1014.482325959954,1020.2774289221597,1030.040880220409
2025-11-12T12:33:30,1762931010000,BANKNIFTY,2025-11-12T13:18:30,1762933710000,45,optimized,hybrid,1014.4316501923039,1025.5140466840182,1034.35973882328
2025-11-12T12:33:30,1762931010000,BANKNIFTY,2025-11-12T13:19:30,1762933770000,46,optimized,hybrid,1014.7202158177498,1026.129737242517,1033.5366589718894
2025-11-12T12:33:30,1762931010000,BANKNIFTY,2025-11-12T13:20:30,1762933830000,47,optimized,hybrid,1015.4756985197857,1026.7169490070935,1035.1660673833308
2025-11-12T12:33:30,1762931010000,BANKNIFTY,2025-11-12T13:21:30,1762933890000,48,optimized,hybrid,1015.3185224184426,1026.8578963465143,1035.772723055833
2025-11-12T12:33:30,1762931010000,BANKNIFTY,2025-11-12T13:22:30,1762933950000,49,optimized,hybrid,1017.2167143120909,1026.9635387187907,1034.2827440100302
2025-11-12T12:33:30,1762931010000,BANKNIFTY,2025-11-12T13:23:30,1762934010000,50,optimized,hybrid,1017.3662089693886,1025.8441498088453,1033.398185777557
2025-11-12T12:33:30,1762931010000,BANKNIFTY,2025-11-12T13:24:30,1762934070000,51,optimized,hybrid,1017.8241543765973,1026.9109886431756,1032.304095028841
2025-11-12T12:33:30,1762931010000,BANKNIFTY,2025-11-12T13:25:30,1762934130000,52,optimized,hybrid,1016.0032038084936,1027.1753943029494,1034.736449311538
2025-11-12T12:33:30,1762931010000,BANKNIFTY,2025-11-12T13:26:30,1762934190000,53,optimized,hybrid,1015.7511538591988,1026.5600214764402,1033.4790012367282
2025-11-12T12:33:30,1762931010000,BANKNIFTY,2025-11-12T13:27:30,1762934250000,54,optimized,hybrid,1015.1735677532207,1027.6861349838248,1032.9928297396193
2025-11-12T12:33:30,1762931010000,BANKNIFTY,2025-11-12T13:28:30,1762934310000,55,optimized,hybrid,1015.8491484799481,1027.9144060612691,1034.1790457396994
2025-11-12T12:33:30,1762931010000,BANKNIFTY,2025-11-12T13:29:30,1762934370000,56,optimized,hybrid,1013.3413801621759,1025.5965275909866,1039.4446775257695
2025-11-12T12:33:30,1762931010000,BANKNIFTY,2025-11-12T13:30:30,1762934430000,57,optimized,hybrid,1013.3619374622543,1025.6096577283224,1039.9169799905949
2025-11-12T12:33:30,1762931010000,BANKNIFTY,2025-11-12T13:31:30,1762934490000,58,optimized,hybrid,1011.9615305556985,1020.4663975119818,1030.4942645753079
2025-11-12T12:33:30,1762931010000,BANKNIFTY,2025-11-12T13:32:30,1762934550000,59,optimized,hybrid,1012.9687072303651,1023.9372785224884,1031.1512170667654
2025-11-12T12:33:30,1762931010000,BANKNIFTY,2025-11-12T13:33:30,1762934610000,60,optimized,hybrid,1013.2297404936007,1025.0712564373896,1032.9826728538858
2025-11-12T12:33:30,1762931010000,BANKNIFTY,2025-11-12T12:34:30,1762931070000,1,optimized,hybrid,1020.9694353653786,1026.25,1033.977144601296
2025-11-12T12:33:30,1762931010000,BANKNIFTY,2025-11-12T12:35:30,1762931130000,2,optimized,hybrid,1020.271871569577,1026.2480609014444,1034.3420682645994
2025-11-12T12:33:30,1762931010000,BANKNIFTY,2025-11-12T12:36:30,1762931190000,3,optimized,hybrid,1014.5358851849037,1025.6753150366835,1034.7282796924692
2025-11-12T12:33:30,1762931010000,BANKNIFTY,2025-11-12T12:37:30,1762931250000,4,optimized,hybrid,1016.8682348349887,1026.4018105995287,1035.2180078695421
2025-11-12T12:33:30,1762931010000,BANKNIFTY,2025-11-12T12:38:30,1762931310000,5,optimized,hybrid,1018.4263247504201,1025.4514984555217,1033.4233083168763
2025-11-12T12:33:30,1762931010000,BANKNIFTY,2025-11-12T12:39:30,1762931370000,6,optimized,hybrid,1021.1937422169118,1024.9345548226556,1033.738818265435
2025-11-12T12:33:30,1762931010000,BANKNIFTY,2025-11-12T12:40:30,1762931430000,7,optimized,hybrid,1017.9850122564136,1026.7637179109076,1036.3224307062067
2025-11-12T12:33:30,1762931010000,BANKNIFTY,2025-11-12T12:41:30,1762931490000,8,optimized,hybrid,1013.3776110665364,1023.2658382605591,1032.7102520982253
2025-11-12T12:33:30,1762931010000,BANKNIFTY,2025-11-12T12:42:30,1762931550000,9,optimized,hybrid,1018.5185051405363,1024.4071994814346,1030.9927342032122
2025-11-12T12:33:30,1762931010000,BANKNIFTY,2025-11-12T12:43:30,1762931610000,10,optimized,hybrid,1018.8106200326868,1024.4613722248475,1031.8550775431079
2025-11-12T12:33:30,1762931010000,BANKNIFTY,2025-11-12T12:44:30,1762931670000,11,optimized,hybrid,1018.4077308514143,1025.3368879613488,1032.4099224324152
2025-11-12T12:33:30,1762931010000,BANKNIFTY,2025-11-12T12:45:30,1762931730000,12,optimized,hybrid,1017.45249683339,1024.8017715598621,1033.2213164009083
2025-11-12T12:33:30,1762931010000,BANKNIFTY,2025-11-12T12:46:30,1762931790000,13,optimized,hybrid,1016.2865531761552,1023.8168105478494,1032.2793228285022
2025-11-12T12:33:30,1762931010000,BANKNIFTY,2025-11-12T12:47:30,1762931850000,14,optimized,hybrid,1017.0662244546547,1024.763425523206,1031.466514224616
2025-11-12T12:33:30,1762931010000,BANKNIFTY,2025-11-12T12:48:30,1762931910000,15,optimized,hybrid,1017.9313656978301,1025.289311118543,1034.088000393597
2025-11-12T12:33:30,1762931010000,BANKNIFTY,2025-11-12T12:49:30,1762931970000,16,optimized,hybrid,1018.1770123773093,1026.3091765615773,1034.241370526557
2025-11-12T12:33:30,1762931010000,BANKNIFTY,2025-11-12T12:50:30,1762932030000,17,optimized,hybrid,1018.2030516960793,1027.7349557982639,1038.0393361008983
2025-11-12T12:33:30,1762931010000,BANKNIFTY,2025-11-12T12:51:30,1762932090000,18,optimized,hybrid,1016.498883460642,1025.8446393190259,1036.9404092923185
2025-11-12T12:33:30,1762931010000,BANKNIFTY,2025-11-12T12:52:30,1762932150000,19,optimized,hybrid,1018.0160522104021,1027.0180540756048,1040.052809932699
2025-11-12T12:33:30,1762931010000,BANKNIFTY,2025-11-12T12:53:30,1762932210000,20,optimized,hybrid,1016.7480532444309,1024.3071878672458,1039.8842906704483
2025-11-12T12:33:30,1762931010000,BANKNIFTY,2025-11-12T12:54:30,1762932270000,21,optimized,hybrid,1017.2804609806777,1026.4712062905937,1034.6232077423579
2025-11-12T12:33:30,1762931010000,BANKNIFTY,2025-11-12T12:55:30,1762932330000,22,optimized,hybrid,1016.6819625755086,1025.945355967592,1037.5304749606632
2025-11-12T12:33:30,1762931010000,BANKNIFTY,2025-11-12T12:56:30,1762932390000,23,optimized,hybrid,1015.4272013211734,1024.2273897155292,1036.0326061049448
2025-11-12T12:33:30,1762931010000,BANKNIFTY,2025-11-12T12:57:30,1762932450000,24,optimized,hybrid,1015.2964103280902,1023.8481219231837,1038.4379801414782
2025-11-12T12:33:30,1762931010000,BANKNIFTY,2025-11-12T12:58:30,1762932510000,25,optimized,hybrid,1014.8925656828208,1024.43601670456,1035.1083494638085
2025-11-12T12:33:30,1762931010000,BANKNIFTY,2025-11-12T12:59:30,1762932570000,26,optimized,hybrid,1016.036050734303,1024.6407721697872,1035.908566016895
2025-11-12T12:33:30,1762931010000,BANKNIFTY,2025-11-12T13:00:30,1762932630000,27,optimized,hybrid,1016.1560422414569,1024.723133268111,1040.080414821715
2025-11-12T12:33:30,1762931010000,BANKNIFTY,2025-11-12T13:01:30,1762932690000,28,optimized,hybrid,1014.5226812756875,1022.5474862525443,1038.9727303583516
2025-11-12T12:33:30,1762931010000,BANKNIFTY,2025-11-12T13:02:30,1762932750000,29,optimized,hybrid,1014.9847551739706,1022.7448201879758,1039.6765549736024
2025-11-12T12:33:30,1762931010000,BANKNIFTY,2025-11-12T13:03:30,1762932810000,30,optimized,hybrid,1015.3829162248829,1023.7654292817781,1038.583041201042
2025-11-12T12:33:30,1762931010000,BANKNIFTY,2025-11-12T13:04:30,1762932870000,31,optimized,hybrid,1014.9363418493003,1024.0036726803382,1038.7081915277986
2025-11-12T12:33:30,1762931010000,BANKNIFTY,2025-11-12T13:05:30,1762932930000,32,optimized,hybrid,1013.2250624739723,1022.4785872839739,1037.2981766366186
2025-11-12T12:33:30,1762931010000,BANKNIFTY,2025-11-12T13:06:30,1762932990000,33,optimized,hybrid,1012.325451327436,1022.873545061917,1037.1702882060545
2025-11-12T12:33:30,1762931010000,BANKNIFTY,2025-11-12T13:07:30,1762933050000,34,optimized,hybrid,1012.7094373025026,1021.0164236995649,1038.221722416547
2025-11-12T12:33:30,1762931010000,BANKNIFTY,2025-11-12T13:08:30,1762933110000,35,optimized,hybrid,1012.6352321780228,1020.4540854110442,1037.3915141079099
2025-11-12T12:33:30,1762931010000,BANKNIFTY,2025-11-12T13:09:30,1762933170000,36,optimized,hybrid,1011.652050112636,1020.0667076658945,1034.4102827470385
2025-11-12T12:33:30,1762931010000,BANKNIFTY,2025-11-12T13:10:30,1762933230000,37,optimized,hybrid,1010.724622035236,1021.2107656667761,1032.985752128137
2025-11-12T12:33:30,1762931010000,BANKNIFTY,2025-11-12T13:11:30,1762933290000,38,optimized,hybrid,1011.3785738947035,1019.0987277283198,1032.29586758415
2025-11-12T12:33:30,1762931010000,BANKNIFTY,2025-11-12T13:12:30,1762933350000,39,optimized,hybrid,1014.5918975448081,1023.4892399119215,1035.754823735153
2025-11-12T12:33:30,1762931010000,BANKNIFTY,2025-11-12T13:13:30,1762933410000,40,optimized,hybrid,1010.6843455959364,1022.0099942570664,1035.5816285988299
2025-11-12T12:33:30,1762931010000,BANKNIFTY,2025-11-12T13:14:30,1762933470000,41,optimized,hybrid,1012.8269307425462,1024.8976933427073,1038.0693671958059
2025-11-12T12:33:30,1762931010000,BANKNIFTY,2025-11-12T13:15:30,1762933530000,42,optimized,hybrid,1015.3420606983707,1022.6644390928914,1035.65471841636
2025-11-12T12:33:30,1762931010000,BANKNIFTY,2025-11-12T13:16:30,1762933590000,43,optimized,hybrid,1013.5247517532393,1022.4259096170356,1031.1799684974085
2025-11-12T12:33:30,1762931010000,BANKNIFTY,2025-11-12T13:17:30,1762933650000,44,optimized,hybrid,1014.482325959954,1020.2774289221597,1030.040880220409
2025-11-12T12:33:30,1762931010000,BANKNIFTY,2025-11-12T13:18:30,1762933710000,45,optimized,hybrid,1014.4316501923039,1025.5140466840182,1034.35973882328
2025-11-12T12:33:30,1762931010000,BANKNIFTY,2025-11-12T13:19:30,1762933770000,46,optimized,hybrid,1014.7202158177498,1026.129737242517,1033.5366589718894
2025-11-12T12:33:30,1762931010000,BANKNIFTY,2025-11-12T13:20:30,1762933830000,47,optimized,hybrid,1015.4756985197857,1026.7169490070935,1035.1660673833308
2025-11-12T12:33:30,1762931010000,BANKNIFTY,2025-11-12T13:21:30,1762933890000,48,optimized,hybrid,1015.3185224184426,1026.8578963465143,1035.772723055833
2025-11-12T12:33:30,1762931010000,BANKNIFTY,2025-11-12T13:22:30,1762933950000,49,optimized,hybrid,1017.2167143120909,1026.9635387187907,1034.2827440100302
2025-11-12T12:33:30,1762931010000,BANKNIFTY,2025-11-12T13:23:30,1762934010000,50,optimized,hybrid,1017.3662089693886,1025.8441498088453,1033.398185777557
2025-11-12T12:33:30,1762931010000,BANKNIFTY,2025-11-12T13:24:30,1762934070000,51,optimized,hybrid,1017.8241543765973,1026.9109886431756,1032.304095028841
2025-11-12T12:33:30,1762931010000,BANKNIFTY,2025-11-12T13:25:30,1762934130000,52,optimized,hybrid,1016.0032038084936,1027.1753943029494,1034.736449311538
2025-11-12T12:33:30,1762931010000,BANKNIFTY,2025-11-12T13:26:30,1762934190000,53,optimized,hybrid,1015.7511538591988,1026.5600214764402,1033.4790012367282
2025-11-12T12:33:30,1762931010000,BANKNIFTY,2025-11-12T13:27:30,1762934250000,54,optimized,hybrid,1015.1735677532207,1027.6861349838248,1032.9928297396193
2025-11-12T12:33:30,1762931010000,BANKNIFTY,2025-11-12T13:28:30,1762934310000,55,optimized,hybrid,1015.8491484799481,1027.9144060612691,1034.1790457396994
2025-11-12T12:33:30,1762931010000,BANKNIFTY,2025-11-12T13:29:30,1762934370000,56,optimized,hybrid,1013.3413801621759,1025.5965275909866,1039.4446775257695
2025-11-12T12:33:30,1762931010000,BANKNIFTY,2025-11-12T13:30:30,1762934430000,57,optimized,hybrid,1013.3619374622543,1025.6096577283224,1039.9169799905949
2025-11-12T12:33:30,1762931010000,BANKNIFTY,2025-11-12T13:31:30,1762934490000,58,optimized,hybrid,1011.9615305556985,1020.4663975119818,1030.4942645753079
2025-11-12T12:33:30,1762931010000,BANKNIFTY,2025-11-12T13:32:30,1762934550000,59,optimized,hybrid,1012.9687072303651,1023.9372785224884,1031.1512170667654
2025-11-12T12:33:30,1762931010000,BANKNIFTY,2025-11-12T13:33:30,1762934610000,60,optimized,hybrid,1013.2297404936007,1025.0712564373896,1032.9826728538858
2025-11-12T12:34:00,1762931040000,BANKNIFTY,2025-11-12T12:35:00,1762931100000,1,optimized,hybrid,1020.5064552072635,1025.5,1033.2594186883941
2025-11-12T12:34:00,1762931040000,BANKNIFTY,2025-11-12T12:36:00,1762931160000,2,optimized,hybrid,1020.1507651131217,1025.8574802832677,1034.011307716697
2025-11-12T12:34:00,1762931040000,BANKNIFTY,2025-11-12T12:37:00,1762931220000,3,optimized,hybrid,1014.4716396158993,1025.3992665499904,1034.3990173751988
2025-11-12T12:34:00,1762931040000,BANKNIFTY,2025-11-12T12:38:00,1762931280000,4,optimized,hybrid,1017.0012356719209,1026.4742723234199,1035.0830463505301
2025-11-12T12:34:00,1762931040000,BANKNIFTY,2025-11-12T12:39:00,1762931340000,5,optimized,hybrid,1017.984185528262,1024.9334486901291,1032.8575154443145
2025-11-12T12:34:00,1762931040000,BANKNIFTY,2025-11-12T12:40:00,1762931400000,6,optimized,hybrid,1021.4078601917951,1024.7157608527768,1033.6193921055221
2025-11-12T12:34:00,1762931040000,BANKNIFTY,2025-11-12T12:41:00,1762931460000,7,optimized,hybrid,1018.4521491139681,1026.9181405325785,1036.5062484227915
2025-11-12T12:34:00,1762931040000,BANKNIFTY,2025-11-12T12:42:00,1762931520000,8,optimized,hybrid,1013.7605361574929,1023.7663572846222,1033.166792354505
2025-11-12T12:34:00,1762931040000,BANKNIFTY,2025-11-12T12:43:00,1762931580000,9,optimized,hybrid,1018.3864000084094,1023.9525645373233,1030.3286671466924
2025-11-12T12:34:00,1762931040000,BANKNIFTY,2025-11-12T12:44:00,1762931640000,10,optimized,hybrid,1018.9253296564336,1024.4179777573488,1031.735155025029
2025-11-12T12:34:00,1762931040000,BANKNIFTY,2025-11-12T12:45:00,1762931700000,11,optimized,hybrid,1017.9526066165258,1024.6634709736447,1031.7195838967564
2025-11-12T12:34:00,1762931040000,BANKNIFTY,2025-11-12T12:46:00,1762931760000,12,optimized,hybrid,1017.2231551203294,1024.4825514213903,1032.7507535996558
2025-11-12T12:34:00,1762931040000,BANKNIFTY,2025-11-12T12:47:00,1762931820000,13,optimized,hybrid,1015.5973598973533,1023.058649093857,1031.5221600149466
2025-11-12T12:34:00,1762931040000,BANKNIFTY,2025-11-12T12:48:00,1762931880000,14,optimized,hybrid,1018.0909584374225,1026.0162051960892,1032.3057467995782
2025-11-12T12:34:00,1762931040000,BANKNIFTY,2025-11-12T12:49:00,1762931940000,15,optimized,hybrid,1017.5562733851206,1024.8449006057067,1033.7489919870136
2025-11-12T12:34:00,1762931040000,BANKNIFTY,2025-11-12T12:50:00,1762932000000,16,optimized,hybrid,1018.049599011948,1026.034539666693,1034.2977890648422
2025-11-12T12:34:00,1762931040000,BANKNIFTY,2025-11-12T12:51:00,1762932060000,17,optimized,hybrid,1018.3885998381463,1027.803156914361,1038.0685464541798
2025-11-12T12:34:00,1762931040000,BANKNIFTY,2025-11-12T12:52:00,1762932120000,18,optimized,hybrid,1016.8117656403169,1025.873653977393,1037.0422346762527
2025-11-12T12:34:00,1762931040000,BANKNIFTY,2025-11-12T12:53:00,1762932180000,19,optimized,hybrid,1018.0887109389872,1026.881543383878,1040.0141235252959
2025-11-12T12:34:00,1762931040000,BANKNIFTY,2025-11-12T12:54:00,1762932240000,20,optimized,hybrid,1016.2788698639853,1023.9988112867993,1039.3923024858532
2025-11-12T12:34:00,1762931040000,BANKNIFTY,2025-11-12T12:55:00,1762932300000,21,optimized,hybrid,1017.3430242837061,1026.6183807574835,1034.6592286941743
2025-11-12T12:34:00,1762931040000,BANKNIFTY,2025-11-12T12:56:00,1762932360000,22,optimized,hybrid,1017.1414170160792,1026.3004627640355,1038.0716248756107
2025-11-12T12:34:00,1762931040000,BANKNIFTY,2025-11-12T12:57:00,1762932420000,23,optimized,hybrid,1015.5057459154897,1024.2413782767721,1035.9253257176133
2025-11-12T12:34:00,1762931040000,BANKNIFTY,2025-11-12T12:58:00,1762932480000,24,optimized,hybrid,1014.7590506084483,1023.3208562398413,1037.9062747911505
2025-11-12T12:34:00,1762931040000,BANKNIFTY,2025-11-12T12:59:00,1762932540000,25,optimized,hybrid,1014.3695110275388,1023.9461123133847,1034.5992277040007
2025-11-12T12:34:00,1762931040000,BANKNIFTY,2025-11-12T13:00:00,1762932600000,26,optimized,hybrid,1016.2057545676391,1024.896333483785,1036.0004663161874
2025-11-12T12:34:00,1762931040000,BANKNIFTY,2025-11-12T13:01:00,1762932660000,27,optimized,hybrid,1016.3510066070327,1024.9033356059808,1040.2851419147587
2025-11-12T12:34:00,1762931040000,BANKNIFTY,2025-11-12T13:02:00,1762932720000,28,optimized,hybrid,1015.0626043628138,1022.7670982886441,1039.3419018243228
2025-11-12T12:34:00,1762931040000,BANKNIFTY,2025-11-12T13:03:00,1762932780000,29,optimized,hybrid,1015.1145369388443,1022.6800483512379,1039.577079165636
2025-11-12T12:34:00,1762931040000,BANKNIFTY,2025-11-12T13:04:00,1762932840000,30,optimized,hybrid,1015.3704291133666,1023.4485340699794,1038.3088700279652
2025-11-12T12:34:00,1762931040000,BANKNIFTY,2025-11-12T13:05:00,1762932900000,31,optimized,hybrid,1014.9812570290848,1023.7353056624868,1038.6309389866767
2025-11-12T12:34:00,1762931040000,BANKNIFTY,2025-11-12T13:06:00,1762932960000,32,optimized,hybrid,1013.1313256931987,1022.2162551683152,1037.0945641776482
2025-11-12T12:34:00,1762931040000,BANKNIFTY,2025-11-12T13:07:00,1762933020000,33,optimized,hybrid,1012.5853209332009,1022.9178881136795,1037.3056168494304
2025-11-12T12:34:00,1762931040000,BANKNIFTY,2025-11-12T13:08:00,1762933080000,34,optimized,hybrid,1012.5562147732023,1020.5763022310352,1037.9699758037411
2025-11-12T12:34:00,1762931040000,BANKNIFTY,2025-11-12T13:09:00,1762933140000,35,optimized,hybrid,1012.5159157721071,1020.0226940852435,1037.1618059206066
2025-11-12T12:34:00,1762931040000,BANKNIFTY,2025-11-12T13:10:00,1762933200000,36,optimized,hybrid,1011.4305127502623,1019.6471490698143,1034.107188400595
2025-11-12T12:34:00,1762931040000,BANKNIFTY,2025-11-12T13:11:00,1762933260000,37,optimized,hybrid,1010.6565560135989,1020.899011648366,1032.5759137062412
2025-11-12T12:34:00,1762931040000,BANKNIFTY,2025-11-12T13:12:00,1762933320000,38,optimized,hybrid,1011.1075310917211,1018.676986245551,1031.5774617411319
2025-11-12T12:34:00,1762931040000,BANKNIFTY,2025-11-12T13:13:00,1762933380000,39,optimized,hybrid,1014.4880864619588,1022.8347114543544,1035.1715154847234
2025-11-12T12:34:00,1762931040000,BANKNIFTY,2025-11-12T13:14:00,1762933440000,40,optimized,hybrid,1010.6729840229597,1022.0570379284509,1035.488142518051
2025-11-12T12:34:00,1762931040000,BANKNIFTY,2025-11-12T13:15:00,1762933500000,41,optimized,hybrid,1013.12401479835,1024.9567314468047,1037.885513580409
2025-11-12T12:34:00,1762931040000,BANKNIFTY,2025-11-12T13:16:00,1762933560000,42,optimized,hybrid,1015.2910068353865,1022.2658043475772,1035.2258962247413
2025-11-12T12:34:00,1762931040000,BANKNIFTY,2025-11-12T13:17:00,1762933620000,43,optimized,hybrid,1013.7793035550933,1022.0132272668002,1030.952804284861
2025-11-12T12:34:00,1762931040000,BANKNIFTY,2025-11-12T13:18:00,1762933680000,44,optimized,hybrid,1014.3918609218983,1020.1300569589266,1029.7004359708346
2025-11-12T12:34:00,1762931040000,BANKNIFTY,2025-11-12T13:19:00,1762933740000,45,optimized,hybrid,1014.4906914147969,1025.8641927484064,1034.1281054385415
2025-11-12T12:34:00,1762931040000,BANKNIFTY,2025-11-12T13:20:00,1762933800000,46,optimized,hybrid,1015.2000540495696,1026.60546553117,1034.1206060489062
2025-11-12T12:34:00,1762931040000,BANKNIFTY,2025-11-12T13:21:00,1762933860000,47,optimized,hybrid,1015.5868675882828,1027.053712167578,1035.0832866101227
2025-11-12T12:34:00,1762931040000,BANKNIFTY,2025-11-12T13:22:00,1762933920000,48,optimized,hybrid,1015.4002109037556,1027.1682647921593,1035.9239113625074
2025-11-12T12:34:00,1762931040000,BANKNIFTY,2025-11-12T13:23:00,1762933980000,49,optimized,hybrid,1018.0566005242121,1028.0642871566488,1035.1568777226773
2025-11-12T12:34:00,1762931040000,BANKNIFTY,2025-11-12T13:24:00,1762934040000,50,optimized,hybrid,1017.2106505468213,1026.0224537388249,1033.3160681391405
2025-11-12T12:34:00,1762931040000,BANKNIFTY,2025-11-12T13:25:00,1762934100000,51,optimized,hybrid,1017.7220366686007,1026.78571232918,1032.123373797201
2025-11-12T12:34:00,1762931040000,BANKNIFTY,2025-11-12T13:26:00,1762934160000,52,optimized,hybrid,1016.0704346034838,1027.0238549488763,1034.4675423801823
2025-11-12T12:34:00,1762931040000,BANKNIFTY,2025-11-12T13:27:00,1762934220000,53,optimized,hybrid,1016.1515264253046,1026.7125476551807,1033.504263648137
2025-11-12T12:34:00,1762931040000,BANKNIFTY,2025-11-12T13:28:00,1762934280000,54,optimized,hybrid,1015.1219966252708,1027.7402237645383,1032.7933428197566
2025-11-12T12:34:00,1762931040000,BANKNIFTY,2025-11-12T13:29:00,1762934340000,55,optimized,hybrid,1015.6026986969632,1027.028839772383,1032.937557065007
2025-11-12T12:34:00,1762931040000,BANKNIFTY,2025-11-12T13:30:00,1762934400000,56,optimized,hybrid,1013.5787491002961,1025.9116565060667,1040.541200861887
2025-11-12T12:34:00,1762931040000,BANKNIFTY,2025-11-12T13:31:00,1762934460000,57,optimized,hybrid,1013.0611195336535,1025.3858951432182,1040.6591012501103
2025-11-12T12:34:00,1762931040000,BANKNIFTY,2025-11-12T13:32:00,1762934520000,58,optimized,hybrid,1012.9723975677574,1021.5616697359646,1031.2755037953311
2025-11-12T12:34:00,1762931040000,BANKNIFTY,2025-11-12T13:33:00,1762934580000,59,optimized,hybrid,1012.919391048843,1023.9365599437633,1030.9166213455842
2025-11-12T12:34:00,1762931040000,BANKNIFTY,2025-11-12T13:34:00,1762934640000,60,optimized,hybrid,1011.8469534810811,1023.808765523607,1031.3521658462478
2025-11-12T12:34:00,1762931040000,BANKNIFTY,2025-11-12T12:35:00,1762931100000,1,optimized,hybrid,1020.5064552072635,1025.5,1033.2594186883941
2025-11-12T12:34:00,1762931040000,BANKNIFTY,2025-11-12T12:36:00,1762931160000,2,optimized,hybrid,1020.1507651131217,1025.8574802832677,1034.011307716697
2025-11-12T12:34:00,1762931040000,BANKNIFTY,2025-11-12T12:37:00,1762931220000,3,optimized,hybrid,1014.4716396158993,1025.3992665499904,1034.3990173751988
2025-11-12T12:34:00,1762931040000,BANKNIFTY,2025-11-12T12:38:00,1762931280000,4,optimized,hybrid,1017.0012356719209,1026.4742723234199,1035.0830463505301
2025-11-12T12:34:00,1762931040000,BANKNIFTY,2025-11-12T12:39:00,1762931340000,5,optimized,hybrid,1017.984185528262,1024.9334486901291,1032.8575154443145
2025-11-12T12:34:00,1762931040000,BANKNIFTY,2025-11-12T12:40:00,1762931400000,6,optimized,hybrid,1021.4078601917951,1024.7157608527768,1033.6193921055221
2025-11-12T12:34:00,1762931040000,BANKNIFTY,2025-11-12T12:41:00,1762931460000,7,optimized,hybrid,1018.4521491139681,1026.9181405325785,1036.5062484227915
2025-11-12T12:34:00,1762931040000,BANKNIFTY,2025-11-12T12:42:00,1762931520000,8,optimized,hybrid,1013.7605361574929,1023.7663572846222,1033.166792354505
2025-11-12T12:34:00,1762931040000,BANKNIFTY,2025-11-12T12:43:00,1762931580000,9,optimized,hybrid,1018.3864000084094,1023.9525645373233,1030.3286671466924
2025-11-12T12:34:00,1762931040000,BANKNIFTY,2025-11-12T12:44:00,1762931640000,10,optimized,hybrid,1018.9253296564336,1024.4179777573488,1031.735155025029
2025-11-12T12:34:00,1762931040000,BANKNIFTY,2025-11-12T12:45:00,1762931700000,11,optimized,hybrid,1017.9526066165258,1024.6634709736447,1031.7195838967564
2025-11-12T12:34:00,1762931040000,BANKNIFTY,2025-11-12T12:46:00,1762931760000,12,optimized,hybrid,1017.2231551203294,1024.4825514213903,1032.7507535996558
2025-11-12T12:34:00,1762931040000,BANKNIFTY,2025-11-12T12:47:00,1762931820000,13,optimized,hybrid,1015.5973598973533,1023.058649093857,1031.5221600149466
2025-11-12T12:34:00,1762931040000,BANKNIFTY,2025-11-12T12:48:00,1762931880000,14,optimized,hybrid,1018.0909584374225,1026.0162051960892,1032.3057467995782
2025-11-12T12:34:00,1762931040000,BANKNIFTY,2025-11-12T12:49:00,1762931940000,15,optimized,hybrid,1017.5562733851206,1024.8449006057067,1033.7489919870136
2025-11-12T12:34:00,1762931040000,BANKNIFTY,2025-11-12T12:50:00,1762932000000,16,optimized,hybrid,1018.049599011948,1026.034539666693,1034.2977890648422
2025-11-12T12:34:00,1762931040000,BANKNIFTY,2025-11-12T12:51:00,1762932060000,17,optimized,hybrid,1018.3885998381463,1027.803156914361,1038.0685464541798
2025-11-12T12:34:00,1762931040000,BANKNIFTY,2025-11-12T12:52:00,1762932120000,18,optimized,hybrid,1016.8117656403169,1025.873653977393,1037.0422346762527
2025-11-12T12:34:00,1762931040000,BANKNIFTY,2025-11-12T12:53:00,1762932180000,19,optimized,hybrid,1018.0887109389872,1026.881543383878,1040.0141235252959
2025-11-12T12:34:00,1762931040000,BANKNIFTY,2025-11-12T12:54:00,1762932240000,20,optimized,hybrid,1016.2788698639853,1023.9988112867993,1039.3923024858532
2025-11-12T12:34:00,1762931040000,BANKNIFTY,2025-11-12T12:55:00,1762932300000,21,optimized,hybrid,1017.3430242837061,1026.6183807574835,1034.6592286941743
2025-11-12T12:34:00,1762931040000,BANKNIFTY,2025-11-12T12:56:00,1762932360000,22,optimized,hybrid,1017.1414170160792,1026.3004627640355,1038.0716248756107
2025-11-12T12:34:00,1762931040000,BANKNIFTY,2025-11-12T12:57:00,1762932420000,23,optimized,hybrid,1015.5057459154897,1024.2413782767721,1035.9253257176133
2025-11-12T12:34:00,1762931040000,BANKNIFTY,2025-11-12T12:58:00,1762932480000,24,optimized,hybrid,1014.7590506084483,1023.3208562398413,1037.9062747911505
2025-11-12T12:34:00,1762931040000,BANKNIFTY,2025-11-12T12:59:00,1762932540000,25,optimized,hybrid,1014.3695110275388,1023.9461123133847,1034.5992277040007
2025-11-12T12:34:00,1762931040000,BANKNIFTY,2025-11-12T13:00:00,1762932600000,26,optimized,hybrid,1016.2057545676391,1024.896333483785,1036.0004663161874
2025-11-12T12:34:00,1762931040000,BANKNIFTY,2025-11-12T13:01:00,1762932660000,27,optimized,hybrid,1016.3510066070327,1024.9033356059808,1040.2851419147587
2025-11-12T12:34:00,1762931040000,BANKNIFTY,2025-11-12T13:02:00,1762932720000,28,optimized,hybrid,1015.0626043628138,1022.7670982886441,1039.3419018243228
2025-11-12T12:34:00,1762931040000,BANKNIFTY,2025-11-12T13:03:00,1762932780000,29,optimized,hybrid,1015.1145369388443,1022.6800483512379,1039.577079165636
2025-11-12T12:34:00,1762931040000,BANKNIFTY,2025-11-12T13:04:00,1762932840000,30,optimized,hybrid,1015.3704291133666,1023.4485340699794,1038.3088700279652
2025-11-12T12:34:00,1762931040000,BANKNIFTY,2025-11-12T13:05:00,1762932900000,31,optimized,hybrid,1014.9812570290848,1023.7353056624868,1038.6309389866767
2025-11-12T12:34:00,1762931040000,BANKNIFTY,2025-11-12T13:06:00,1762932960000,32,optimized,hybrid,1013.1313256931987,1022.2162551683152,1037.0945641776482
2025-11-12T12:34:00,1762931040000,BANKNIFTY,2025-11-12T13:07:00,1762933020000,33,optimized,hybrid,1012.5853209332009,1022.9178881136795,1037.3056168494304
2025-11-12T12:34:00,1762931040000,BANKNIFTY,2025-11-12T13:08:00,1762933080000,34,optimized,hybrid,1012.5562147732023,1020.5763022310352,1037.9699758037411
2025-11-12T12:34:00,1762931040000,BANKNIFTY,2025-11-12T13:09:00,1762933140000,35,optimized,hybrid,1012.5159157721071,1020.0226940852435,1037.1618059206066
2025-11-12T12:34:00,1762931040000,BANKNIFTY,2025-11-12T13:10:00,1762933200000,36,optimized,hybrid,1011.4305127502623,1019.6471490698143,1034.107188400595
2025-11-12T12:34:00,1762931040000,BANKNIFTY,2025-11-12T13:11:00,1762933260000,37,optimized,hybrid,1010.6565560135989,1020.899011648366,1032.5759137062412
2025-11-12T12:34:00,1762931040000,BANKNIFTY,2025-11-12T13:12:00,1762933320000,38,optimized,hybrid,1011.1075310917211,1018.676986245551,1031.5774617411319
2025-11-12T12:34:00,1762931040000,BANKNIFTY,2025-11-12T13:13:00,1762933380000,39,optimized,hybrid,1014.4880864619588,1022.8347114543544,1035.1715154847234
2025-11-12T12:34:00,1762931040000,BANKNIFTY,2025-11-12T13:14:00,1762933440000,40,optimized,hybrid,1010.6729840229597,1022.0570379284509,1035.488142518051
2025-11-12T12:34:00,1762931040000,BANKNIFTY,2025-11-12T13:15:00,1762933500000,41,optimized,hybrid,1013.12401479835,1024.9567314468047,1037.885513580409
2025-11-12T12:34:00,1762931040000,BANKNIFTY,2025-11-12T13:16:00,1762933560000,42,optimized,hybrid,1015.2910068353865,1022.2658043475772,1035.2258962247413
2025-11-12T12:34:00,1762931040000,BANKNIFTY,2025-11-12T13:17:00,1762933620000,43,optimized,hybrid,1013.7793035550933,1022.0132272668002,1030.952804284861
2025-11-12T12:34:00,1762931040000,BANKNIFTY,2025-11-12T13:18:00,1762933680000,44,optimized,hybrid,1014.3918609218983,1020.1300569589266,1029.7004359708346
2025-11-12T12:34:00,1762931040000,BANKNIFTY,2025-11-12T13:19:00,1762933740000,45,optimized,hybrid,1014.4906914147969,1025.8641927484064,1034.1281054385415
2025-11-12T12:34:00,1762931040000,BANKNIFTY,2025-11-12T13:20:00,1762933800000,46,optimized,hybrid,1015.2000540495696,1026.60546553117,1034.1206060489062
2025-11-12T12:34:00,1762931040000,BANKNIFTY,2025-11-12T13:21:00,1762933860000,47,optimized,hybrid,1015.5868675882828,1027.053712167578,1035.0832866101227
2025-11-12T12:34:00,1762931040000,BANKNIFTY,2025-11-12T13:22:00,1762933920000,48,optimized,hybrid,1015.4002109037556,1027.1682647921593,1035.9239113625074
2025-11-12T12:34:00,1762931040000,BANKNIFTY,2025-11-12T13:23:00,1762933980000,49,optimized,hybrid,1018.0566005242121,1028.0642871566488,1035.1568777226773
2025-11-12T12:34:00,1762931040000,BANKNIFTY,2025-11-12T13:24:00,1762934040000,50,optimized,hybrid,1017.2106505468213,1026.0224537388249,1033.3160681391405
2025-11-12T12:34:00,1762931040000,BANKNIFTY,2025-11-12T13:25:00,1762934100000,51,optimized,hybrid,1017.7220366686007,1026.78571232918,1032.123373797201
2025-11-12T12:34:00,1762931040000,BANKNIFTY,2025-11-12T13:26:00,1762934160000,52,optimized,hybrid,1016.0704346034838,1027.0238549488763,1034.4675423801823
2025-11-12T12:34:00,1762931040000,BANKNIFTY,2025-11-12T13:27:00,1762934220000,53,optimized,hybrid,1016.1515264253046,1026.7125476551807,1033.504263648137
2025-11-12T12:34:00,1762931040000,BANKNIFTY,2025-11-12T13:28:00,1762934280000,54,optimized,hybrid,1015.1219966252708,1027.7402237645383,1032.7933428197566
2025-11-12T12:34:00,1762931040000,BANKNIFTY,2025-11-12T13:29:00,1762934340000,55,optimized,hybrid,1015.6026986969632,1027.028839772383,1032.937557065007
2025-11-12T12:34:00,1762931040000,BANKNIFTY,2025-11-12T13:30:00,1762934400000,56,optimized,hybrid,1013.5787491002961,1025.9116565060667,1040.541200861887
2025-11-12T12:34:00,1762931040000,BANKNIFTY,2025-11-12T13:31:00,1762934460000,57,optimized,hybrid,1013.0611195336535,1025.3858951432182,1040.6591012501103
2025-11-12T12:34:00,1762931040000,BANKNIFTY,2025-11-12T13:32:00,1762934520000,58,optimized,hybrid,1012.9723975677574,1021.5616697359646,1031.2755037953311
2025-11-12T12:34:00,1762931040000,BANKNIFTY,2025-11-12T13:33:00,1762934580000,59,optimized,hybrid,1012.919391048843,1023.9365599437633,1030.9166213455842
2025-11-12T12:34:00,1762931040000,BANKNIFTY,2025-11-12T13:34:00,1762934640000,60,optimized,hybrid,1011.8469534810811,1023.808765523607,1031.3521658462478
2025-11-12T12:34:00,1762931040000,BANKNIFTY,2025-11-12T12:35:00,1762931100000,1,optimized,hybrid,1020.5064552072635,1025.5,1033.2594186883941
2025-11-12T12:34:00,1762931040000,BANKNIFTY,2025-11-12T12:36:00,1762931160000,2,optimized,hybrid,1020.1507651131217,1025.8574802832677,1034.011307716697
2025-11-12T12:34:00,1762931040000,BANKNIFTY,2025-11-12T12:37:00,1762931220000,3,optimized,hybrid,1014.4716396158993,1025.3992665499904,1034.3990173751988
2025-11-12T12:34:00,1762931040000,BANKNIFTY,2025-11-12T12:38:00,1762931280000,4,optimized,hybrid,1017.0012356719209,1026.4742723234199,1035.0830463505301
2025-11-12T12:34:00,1762931040000,BANKNIFTY,2025-11-12T12:39:00,1762931340000,5,optimized,hybrid,1017.984185528262,1024.9334486901291,1032.8575154443145
2025-11-12T12:34:00,1762931040000,BANKNIFTY,2025-11-12T12:40:00,1762931400000,6,optimized,hybrid,1021.4078601917951,1024.7157608527768,1033.6193921055221
2025-11-12T12:34:00,1762931040000,BANKNIFTY,2025-11-12T12:41:00,1762931460000,7,optimized,hybrid,1018.4521491139681,1026.9181405325785,1036.5062484227915
2025-11-12T12:34:00,1762931040000,BANKNIFTY,2025-11-12T12:42:00,1762931520000,8,optimized,hybrid,1013.7605361574929,1023.7663572846222,1033.166792354505
2025-11-12T12:34:00,1762931040000,BANKNIFTY,2025-11-12T12:43:00,1762931580000,9,optimized,hybrid,1018.3864000084094,1023.9525645373233,1030.3286671466924
2025-11-12T12:34:00,1762931040000,BANKNIFTY,2025-11-12T12:44:00,1762931640000,10,optimized,hybrid,1018.9253296564336,1024.4179777573488,1031.735155025029
2025-11-12T12:34:00,1762931040000,BANKNIFTY,2025-11-12T12:45:00,1762931700000,11,optimized,hybrid,1017.9526066165258,1024.6634709736447,1031.7195838967564
2025-11-12T12:34:00,1762931040000,BANKNIFTY,2025-11-12T12:46:00,1762931760000,12,optimized,hybrid,1017.2231551203294,1024.4825514213903,1032.7507535996558
2025-11-12T12:34:00,1762931040000,BANKNIFTY,2025-11-12T12:47:00,1762931820000,13,optimized,hybrid,1015.5973598973533,1023.058649093857,1031.5221600149466
2025-11-12T12:34:00,1762931040000,BANKNIFTY,2025-11-12T12:48:00,1762931880000,14,optimized,hybrid,1018.0909584374225,1026.0162051960892,1032.3057467995782
2025-11-12T12:34:00,1762931040000,BANKNIFTY,2025-11-12T12:49:00,1762931940000,15,optimized,hybrid,1017.5562733851206,1024.8449006057067,1033.7489919870136
2025-11-12T12:34:00,1762931040000,BANKNIFTY,2025-11-12T12:50:00,1762932000000,16,optimized,hybrid,1018.049599011948,1026.034539666693,1034.2977890648422
2025-11-12T12:34:00,1762931040000,BANKNIFTY,2025-11-12T12:51:00,1762932060000,17,optimized,hybrid,1018.3885998381463,1027.803156914361,1038.0685464541798
2025-11-12T12:34:00,1762931040000,BANKNIFTY,2025-11-12T12:52:00,1762932120000,18,optimized,hybrid,1016.8117656403169,1025.873653977393,1037.0422346762527
2025-11-12T12:34:00,1762931040000,BANKNIFTY,2025-11-12T12:53:00,1762932180000,19,optimized,hybrid,1018.0887109389872,1026.881543383878,1040.0141235252959
2025-11-12T12:34:00,1762931040000,BANKNIFTY,2025-11-12T12:54:00,1762932240000,20,optimized,hybrid,1016.2788698639853,1023.9988112867993,1039.3923024858532
2025-11-12T12:34:00,1762931040000,BANKNIFTY,2025-11-12T12:55:00,1762932300000,21,optimized,hybrid,1017.3430242837061,1026.6183807574835,1034.6592286941743
2025-11-12T12:34:00,1762931040000,BANKNIFTY,2025-11-12T12:56:00,1762932360000,22,optimized,hybrid,1017.1414170160792,1026.3004627640355,1038.0716248756107
2025-11-12T12:34:00,1762931040000,BANKNIFTY,2025-11-12T12:57:00,1762932420000,23,optimized,hybrid,1015.5057459154897,1024.2413782767721,1035.9253257176133
2025-11-12T12:34:00,1762931040000,BANKNIFTY,2025-11-12T12:58:00,1762932480000,24,optimized,hybrid,1014.7590506084483,1023.3208562398413,1037.9062747911505
2025-11-12T12:34:00,1762931040000,BANKNIFTY,2025-11-12T12:59:00,1762932540000,25,optimized,hybrid,1014.3695110275388,1023.9461123133847,1034.5992277040007
2025-11-12T12:34:00,1762931040000,BANKNIFTY,2025-11-12T13:00:00,1762932600000,26,optimized,hybrid,1016.2057545676391,1024.896333483785,1036.0004663161874
2025-11-12T12:34:00,1762931040000,BANKNIFTY,2025-11-12T13:01:00,1762932660000,27,optimized,hybrid,1016.3510066070327,1024.9033356059808,1040.2851419147587
2025-11-12T12:34:00,1762931040000,BANKNIFTY,2025-11-12T13:02:00,1762932720000,28,optimized,hybrid,1015.0626043628138,1022.7670982886441,1039.3419018243228
2025-11-12T12:34:00,1762931040000,BANKNIFTY,2025-11-12T13:03:00,1762932780000,29,optimized,hybrid,1015.1145369388443,1022.6800483512379,1039.577079165636
2025-11-12T12:34:00,1762931040000,BANKNIFTY,2025-11-12T13:04:00,1762932840000,30,optimized,hybrid,1015.3704291133666,1023.4485340699794,1038.3088700279652
2025-11-12T12:34:00,1762931040000,BANKNIFTY,2025-11-12T13:05:00,1762932900000,31,optimized,hybrid,1014.9812570290848,1023.7353056624868,1038.6309389866767
2025-11-12T12:34:00,1762931040000,BANKNIFTY,2025-11-12T13:06:00,1762932960000,32,optimized,hybrid,1013.1313256931987,1022.2162551683152,1037.0945641776482
2025-11-12T12:34:00,1762931040000,BANKNIFTY,2025-11-12T13:07:00,1762933020000,33,optimized,hybrid,1012.5853209332009,1022.9178881136795,1037.3056168494304
2025-11-12T12:34:00,1762931040000,BANKNIFTY,2025-11-12T13:08:00,1762933080000,34,optimized,hybrid,1012.5562147732023,1020.5763022310352,1037.9699758037411
2025-11-12T12:34:00,1762931040000,BANKNIFTY,2025-11-12T13:09:00,1762933140000,35,optimized,hybrid,1012.5159157721071,1020.0226940852435,1037.1618059206066
2025-11-12T12:34:00,1762931040000,BANKNIFTY,2025-11-12T13:10:00,1762933200000,36,optimized,hybrid,1011.4305127502623,1019.6471490698143,1034.107188400595
2025-11-12T12:34:00,1762931040000,BANKNIFTY,2025-11-12T13:11:00,1762933260000,37,optimized,hybrid,1010.6565560135989,1020.899011648366,1032.5759137062412
2025-11-12T12:34:00,1762931040000,BANKNIFTY,2025-11-12T13:12:00,1762933320000,38,optimized,hybrid,1011.1075310917211,1018.676986245551,1031.5774617411319
2025-11-12T12:34:00,1762931040000,BANKNIFTY,2025-11-12T13:13:00,1762933380000,39,optimized,hybrid,1014.4880864619588,1022.8347114543544,1035.1715154847234
2025-11-12T12:34:00,1762931040000,BANKNIFTY,2025-11-12T13:14:00,1762933440000,40,optimized,hybrid,1010.6729840229597,1022.0570379284509,1035.488142518051
2025-11-12T12:34:00,1762931040000,BANKNIFTY,2025-11-12T13:15:00,1762933500000,41,optimized,hybrid,1013.12401479835,1024.9567314468047,1037.885513580409
2025-11-12T12:34:00,1762931040000,BANKNIFTY,2025-11-12T13:16:00,1762933560000,42,optimized,hybrid,1015.2910068353865,1022.2658043475772,1035.2258962247413
2025-11-12T12:34:00,1762931040000,BANKNIFTY,2025-11-12T13:17:00,1762933620000,43,optimized,hybrid,1013.7793035550933,1022.0132272668002,1030.952804284861
2025-11-12T12:34:00,1762931040000,BANKNIFTY,2025-11-12T13:18:00,1762933680000,44,optimized,hybrid,1014.3918609218983,1020.1300569589266,1029.7004359708346
2025-11-12T12:34:00,1762931040000,BANKNIFTY,2025-11-12T13:19:00,1762933740000,45,optimized,hybrid,1014.4906914147969,1025.8641927484064,1034.1281054385415
2025-11-12T12:34:00,1762931040000,BANKNIFTY,2025-11-12T13:20:00,1762933800000,46,optimized,hybrid,1015.2000540495696,1026.60546553117,1034.1206060489062
2025-11-12T12:34:00,1762931040000,BANKNIFTY,2025-11-12T13:21:00,1762933860000,47,optimized,hybrid,1015.5868675882828,1027.053712167578,1035.0832866101227
2025-11-12T12:34:00,1762931040000,BANKNIFTY,2025-11-12T13:22:00,1762933920000,48,optimized,hybrid,1015.4002109037556,1027.1682647921593,1035.9239113625074
2025-11-12T12:34:00,1762931040000,BANKNIFTY,2025-11-12T13:23:00,1762933980000,49,optimized,hybrid,1018.0566005242121,1028.0642871566488,1035.1568777226773
2025-11-12T12:34:00,1762931040000,BANKNIFTY,2025-11-12T13:24:00,1762934040000,50,optimized,hybrid,1017.2106505468213,1026.0224537388249,1033.3160681391405
2025-11-12T12:34:00,1762931040000,BANKNIFTY,2025-11-12T13:25:00,1762934100000,51,optimized,hybrid,1017.7220366686007,1026.78571232918,1032.123373797201
2025-11-12T12:34:00,1762931040000,BANKNIFTY,2025-11-12T13:26:00,1762934160000,52,optimized,hybrid,1016.0704346034838,1027.0238549488763,1034.4675423801823
2025-11-12T12:34:00,1762931040000,BANKNIFTY,2025-11-12T13:27:00,1762934220000,53,optimized,hybrid,1016.1515264253046,1026.7125476551807,1033.504263648137
2025-11-12T12:34:00,1762931040000,BANKNIFTY,2025-11-12T13:28:00,1762934280000,54,optimized,hybrid,1015.1219966252708,1027.7402237645383,1032.7933428197566
2025-11-12T12:34:00,1762931040000,BANKNIFTY,2025-11-12T13:29:00,1762934340000,55,optimized,hybrid,1015.6026986969632,1027.028839772383,1032.937557065007
2025-11-12T12:34:00,1762931040000,BANKNIFTY,2025-11-12T13:30:00,1762934400000,56,optimized,hybrid,1013.5787491002961,1025.9116565060667,1040.541200861887
2025-11-12T12:34:00,1762931040000,BANKNIFTY,2025-11-12T13:31:00,1762934460000,57,optimized,hybrid,1013.0611195336535,1025.3858951432182,1040.6591012501103
2025-11-12T12:34:00,1762931040000,BANKNIFTY,2025-11-12T13:32:00,1762934520000,58,optimized,hybrid,1012.9723975677574,1021.5616697359646,1031.2755037953311
2025-11-12T12:34:00,1762931040000,BANKNIFTY,2025-11-12T13:33:00,1762934580000,59,optimized,hybrid,1012.919391048843,1023.9365599437633,1030.9166213455842
2025-11-12T12:34:00,1762931040000,BANKNIFTY,2025-11-12T13:34:00,1762934640000,60,optimized,hybrid,1011.8469534810811,1023.808765523607,1031.3521658462478
2025-11-12T12:34:30,1762931070000,BANKNIFTY,2025-11-12T12:35:30,1762931130000,1,optimized,hybrid,1021.6658301986299,1026.55,1034.2837638429946
2025-11-12T12:34:30,1762931070000,BANKNIFTY,2025-11-12T12:36:30,1762931190000,2,optimized,hybrid,1021.3731093658758,1027.0347588493373,1035.153604679453
2025-11-12T12:34:30,1762931070000,BANKNIFTY,2025-11-12T12:37:30,1762931250000,3,optimized,hybrid,1015.57985195843,1026.757971270669,1035.8299346340068
2025-11-12T12:34:30,1762931070000,BANKNIFTY,2025-11-12T12:38:30,1762931310000,4,optimized,hybrid,1017.6950218026882,1027.229490186561,1035.8613122977395
2025-11-12T12:34:30,1762931070000,BANKNIFTY,2025-11-12T12:39:30,1762931370000,5,optimized,hybrid,1019.1707645832857,1026.1085298820356,1034.0647071957421
2025-11-12T12:34:30,1762931070000,BANKNIFTY,2025-11-12T12:40:30,1762931430000,6,optimized,hybrid,1023.0765055171794,1026.1647478406032,1035.0710231470914
2025-11-12T12:34:30,1762931070000,BANKNIFTY,2025-11-12T12:41:30,1762931490000,7,optimized,hybrid,1020.2704035707196,1028.5408722779316,1038.157610339088
2025-11-12T12:34:30,1762931070000,BANKNIFTY,2025-11-12T12:42:30,1762931550000,8,optimized,hybrid,1014.5882321317699,1024.6522139030126,1034.2399889074993
2025-11-12T12:34:30,1762931070000,BANKNIFTY,2025-11-12T12:43:30,1762931610000,9,optimized,hybrid,1019.7266846793025,1025.2964128621397,1031.6555838397567
2025-11-12T12:34:30,1762931070000,BANKNIFTY,2025-11-12T12:44:30,1762931670000,10,optimized,hybrid,1019.7925214942504,1025.1952873798784,1032.4419270458322
2025-11-12T12:34:30,1762931070000,BANKNIFTY,2025-11-12T12:45:30,1762931730000,11,optimized,hybrid,1019.0789321682455,1025.7785230997317,1032.7838800952525
2025-11-12T12:34:30,1762931070000,BANKNIFTY,2025-11-12T12:46:30,1762931790000,12,optimized,hybrid,1018.0692646690196,1025.3365385578525,1033.6513513867
2025-11-12T12:34:30,1762931070000,BANKNIFTY,2025-11-12T12:47:30,1762931850000,13,optimized,hybrid,1017.7420252954097,1025.3154575680308,1033.7478065250784
2025-11-12T12:34:30,1762931070000,BANKNIFTY,2025-11-12T12:48:30,1762931910000,14,optimized,hybrid,1018.9474178371354,1026.7569620847144,1033.1278035248977
2025-11-12T12:34:30,1762931070000,BANKNIFTY,2025-11-12T12:49:30,1762931970000,15,optimized,hybrid,1018.5997093208822,1025.8357545854335,1034.6603293828982
2025-11-12T12:34:30,1762931070000,BANKNIFTY,2025-11-12T12:50:30,1762932030000,16,optimized,hybrid,1019.399407432743,1027.2849642656065,1035.4755975601565
2025-11-12T12:34:30,1762931070000,BANKNIFTY,2025-11-12T12:51:30,1762932090000,17,optimized,hybrid,1019.7949711517942,1029.0927481441747,1039.4138191457325
2025-11-12T12:34:30,1762931070000,BANKNIFTY,2025-11-12T12:52:30,1762932150000,18,optimized,hybrid,1018.216686622441,1027.1175820374672,1038.4100558463927
2025-11-12T12:34:30,1762931070000,BANKNIFTY,2025-11-12T12:53:30,1762932210000,19,optimized,hybrid,1018.8609256162044,1027.6148912382898,1040.740205130402
2025-11-12T12:34:30,1762931070000,BANKNIFTY,2025-11-12T12:54:30,1762932270000,20,optimized,hybrid,1017.5638332411338,1025.2529528788964,1040.7140989825937
2025-11-12T12:34:30,1762931070000,BANKNIFTY,2025-11-12T12:55:30,1762932330000,21,optimized,hybrid,1018.718178834001,1027.9610180583277,1036.0244838630883
2025-11-12T12:34:30,1762931070000,BANKNIFTY,2025-11-12T12:56:30,1762932390000,22,optimized,hybrid,1018.5926426066716,1027.4761886885442,1039.2854828337101
2025-11-12T12:34:30,1762931070000,BANKNIFTY,2025-11-12T12:57:30,1762932450000,23,optimized,hybrid,1016.2532304000517,1025.0064905326685,1036.8608255079591
2025-11-12T12:34:30,1762931070000,BANKNIFTY,2025-11-12T12:58:30,1762932510000,24,optimized,hybrid,1015.5305089112657,1024.0925542995535,1038.7526125822958
2025-11-12T12:34:30,1762931070000,BANKNIFTY,2025-11-12T12:59:30,1762932570000,25,optimized,hybrid,1015.6339345751556,1025.2276024632806,1035.94874055336
2025-11-12T12:34:30,1762931070000,BANKNIFTY,2025-11-12T13:00:30,1762932630000,26,optimized,hybrid,1017.6907291674846,1026.2633762444655,1037.4457067216222
2025-11-12T12:34:30,1762931070000,BANKNIFTY,2025-11-12T13:01:30,1762932690000,27,optimized,hybrid,1018.0196758662693,1026.5625974194672,1041.9614021323796
2025-11-12T12:34:30,1762931070000,BANKNIFTY,2025-11-12T13:02:30,1762932750000,28,optimized,hybrid,1016.5124103216683,1024.20325382206,1040.6706627180617
2025-11-12T12:34:30,1762931070000,BANKNIFTY,2025-11-12T13:03:30,1762932810000,29,optimized,hybrid,1016.2316694575971,1023.7428723607757,1040.7159742522174
2025-11-12T12:34:30,1762931070000,BANKNIFTY,2025-11-12T13:04:30,1762932870000,30,optimized,hybrid,1016.8559456317928,1024.764854577725,1039.6011435424998
2025-11-12T12:34:30,1762931070000,BANKNIFTY,2025-11-12T13:05:30,1762932930000,31,optimized,hybrid,1016.1711851576758,1025.033386311025,1039.7978039928673
2025-11-12T12:34:30,1762931070000,BANKNIFTY,2025-11-12T13:06:30,1762932990000,32,optimized,hybrid,1014.6158177138745,1023.6631439121813,1038.5212975844543
2025-11-12T12:34:30,1762931070000,BANKNIFTY,2025-11-12T13:07:30,1762933050000,33,optimized,hybrid,1013.692973370894,1023.9710642130194,1038.3631642927346
2025-11-12T12:34:30,1762931070000,BANKNIFTY,2025-11-12T13:08:30,1762933110000,34,optimized,hybrid,1013.6823261716469,1021.6306612334415,1039.1405393981436
2025-11-12T12:34:30,1762931070000,BANKNIFTY,2025-11-12T13:09:30,1762933170000,35,optimized,hybrid,1013.6934896451824,1021.1810294127745,1038.5104525784316
2025-11-12T12:34:30,1762931070000,BANKNIFTY,2025-11-12T13:10:30,1762933230000,36,optimized,hybrid,1012.7097869737347,1021.0141161998324,1035.408121336019
2025-11-12T12:34:30,1762931070000,BANKNIFTY,2025-11-12T13:11:30,1762933290000,37,optimized,hybrid,1011.6856772522374,1022.0801711224813,1033.826059965027
2025-11-12T12:34:30,1762931070000,BANKNIFTY,2025-11-12T13:12:30,1762933350000,38,optimized,hybrid,1012.2849444362541,1020.0113560918069,1033.0274048015915
2025-11-12T12:34:30,1762931070000,BANKNIFTY,2025-11-12T13:13:30,1762933410000,39,optimized,hybrid,1015.8950346779253,1024.5083698101803,1036.647773879061
2025-11-12T12:34:30,1762931070000,BANKNIFTY,2025-11-12T13:14:30,1762933470000,40,optimized,hybrid,1011.8455549218182,1023.2258782309857,1036.7274359579237
2025-11-12T12:34:30,1762931070000,BANKNIFTY,2025-11-12T13:15:30,1762933530000,41,optimized,hybrid,1014.3930223979523,1026.0720468438153,1039.1144647324284
2025-11-12T12:34:30,1762931070000,BANKNIFTY,2025-11-12T13:16:30,1762933590000,42,optimized,hybrid,1016.8008172831697,1023.8488955299533,1036.7718311679314
2025-11-12T12:34:30,1762931070000,BANKNIFTY,2025-11-12T13:17:30,1762933650000,43,optimized,hybrid,1015.2355152437453,1023.551945610757,1032.3503935503556
2025-11-12T12:34:30,1762931070000,BANKNIFTY,2025-11-12T13:18:30,1762933710000,44,optimized,hybrid,1015.3449840181607,1021.1348514366,1030.8141189045693
2025-11-12T12:34:30,1762931070000,BANKNIFTY,2025-11-12T13:19:30,1762933770000,45,optimized,hybrid,1016.2095239999908,1027.6620342149445,1035.7458320047006
2025-11-12T12:34:30,1762931070000,BANKNIFTY,2025-11-12T13:20:30,1762933830000,46,optimized,hybrid,1016.3830140565597,1027.7232328832788,1035.0989924066257
2025-11-12T12:34:30,1762931070000,BANKNIFTY,2025-11-12T13:21:30,1762933890000,47,optimized,hybrid,1016.7530444487213,1028.2764647676295,1036.1495020583004
2025-11-12T12:34:30,1762931070000,BANKNIFTY,2025-11-12T13:22:30,1762933950000,48,optimized,hybrid,1017.4766686820344,1029.3304537143454,1037.865476452038
2025-11-12T12:34:30,1762931070000,BANKNIFTY,2025-11-12T13:23:30,1762934010000,49,optimized,hybrid,1019.0852395255545,1029.2001377495808,1036.1360075531138
2025-11-12T12:34:30,1762931070000,BANKNIFTY,2025-11-12T13:24:30,1762934070000,50,optimized,hybrid,1018.3528138459118,1027.2807062454665,1034.4071590804
2025-11-12T12:34:30,1762931070000,BANKNIFTY,2025-11-12T13:25:30,1762934130000,51,optimized,hybrid,1018.7762530110441,1027.8264036425755,1033.1514794783893
2025-11-12T12:34:30,1762931070000,BANKNIFTY,2025-11-12T13:26:30,1762934190000,52,optimized,hybrid,1017.5006286428026,1028.3391487426338,1035.7927502656992
2025-11-12T12:34:30,1762931070000,BANKNIFTY,2025-11-12T13:27:30,1762934250000,53,optimized,hybrid,1017.4870483855235,1027.8513098089572,1034.6414315151221
2025-11-12T12:34:30,1762931070000,BANKNIFTY,2025-11-12T13:28:30,1762934310000,54,optimized,hybrid,1015.6296844481117,1028.1213592613917,1033.240302783341
2025-11-12T12:34:30,1762931070000,BANKNIFTY,2025-11-12T13:29:30,1762934370000,55,optimized,hybrid,1017.5420674319006,1028.4707677521662,1034.5880585977773
2025-11-12T12:34:30,1762931070000,BANKNIFTY,2025-11-12T13:30:30,1762934430000,56,optimized,hybrid,1014.5504683706638,1026.8371895382138,1041.161420464717
2025-11-12T12:34:30,1762931070000,BANKNIFTY,2025-11-12T13:31:30,1762934490000,57,optimized,hybrid,1015.2525116456318,1027.5290055511487,1042.4975437757596
2025-11-12T12:34:30,1762931070000,BANKNIFTY,2025-11-12T13:32:30,1762934550000,58,optimized,hybrid,1014.1994835137691,1022.8070123563987,1032.5842562743776
2025-11-12T12:34:30,1762931070000,BANKNIFTY,2025-11-12T13:33:30,1762934610000,59,optimized,hybrid,1012.7489642990696,1023.7238598069778,1030.8329004635868
2025-11-12T12:34:30,1762931070000,BANKNIFTY,2025-11-12T13:34:30,1762934670000,60,optimized,hybrid,1012.5793579474223,1024.4144924920247,1032.1962506285365
2025-11-12T12:34:30,1762931070000,BANKNIFTY,2025-11-12T12:35:30,1762931130000,1,optimized,hybrid,1021.6658301986299,1026.55,1034.2837638429946
2025-11-12T12:34:30,1762931070000,BANKNIFTY,2025-11-12T12:36:30,1762931190000,2,optimized,hybrid,1021.3731093658758,1027.0347588493373,1035.153604679453
2025-11-12T12:34:30,1762931070000,BANKNIFTY,2025-11-12T12:37:30,1762931250000,3,optimized,hybrid,1015.57985195843,1026.757971270669,1035.8299346340068
2025-11-12T12:34:30,1762931070000,BANKNIFTY,2025-11-12T12:38:30,1762931310000,4,optimized,hybrid,1017.6950218026882,1027.229490186561,1035.8613122977395
2025-11-12T12:34:30,1762931070000,BANKNIFTY,2025-11-12T12:39:30,1762931370000,5,optimized,hybrid,1019.1707645832857,1026.1085298820356,1034.0647071957421
2025-11-12T12:34:30,1762931070000,BANKNIFTY,2025-11-12T12:40:30,1762931430000,6,optimized,hybrid,1023.0765055171794,1026.1647478406032,1035.0710231470914
2025-11-12T12:34:30,1762931070000,BANKNIFTY,2025-11-12T12:41:30,1762931490000,7,optimized,hybrid,1020.2704035707196,1028.5408722779316,1038.157610339088
2025-11-12T12:34:30,1762931070000,BANKNIFTY,2025-11-12T12:42:30,1762931550000,8,optimized,hybrid,1014.5882321317699,1024.6522139030126,1034.2399889074993
2025-11-12T12:34:30,1762931070000,BANKNIFTY,2025-11-12T12:43:30,1762931610000,9,optimized,hybrid,1019.7266846793025,1025.2964128621397,1031.6555838397567
2025-11-12T12:34:30,1762931070000,BANKNIFTY,2025-11-12T12:44:30,1762931670000,10,optimized,hybrid,1019.7925214942504,1025.1952873798784,1032.4419270458322
2025-11-12T12:34:30,1762931070000,BANKNIFTY,2025-11-12T12:45:30,1762931730000,11,optimized,hybrid,1019.0789321682455,1025.7785230997317,1032.7838800952525
2025-11-12T12:34:30,1762931070000,BANKNIFTY,2025-11-12T12:46:30,1762931790000,12,optimized,hybrid,1018.0692646690196,1025.3365385578525,1033.6513513867
2025-11-12T12:34:30,1762931070000,BANKNIFTY,2025-11-12T12:47:30,1762931850000,13,optimized,hybrid,1017.7420252954097,1025.3154575680308,1033.7478065250784
2025-11-12T12:34:30,1762931070000,BANKNIFTY,2025-11-12T12:48:30,1762931910000,14,optimized,hybrid,1018.9474178371354,1026.7569620847144,1033.1278035248977
2025-11-12T12:34:30,1762931070000,BANKNIFTY,2025-11-12T12:49:30,1762931970000,15,optimized,hybrid,1018.5997093208822,1025.8357545854335,1034.6603293828982
2025-11-12T12:34:30,1762931070000,BANKNIFTY,2025-11-12T12:50:30,1762932030000,16,optimized,hybrid,1019.399407432743,1027.2849642656065,1035.4755975601565
2025-11-12T12:34:30,1762931070000,BANKNIFTY,2025-11-12T12:51:30,1762932090000,17,optimized,hybrid,1019.7949711517942,1029.0927481441747,1039.4138191457325
2025-11-12T12:34:30,1762931070000,BANKNIFTY,2025-11-12T12:52:30,1762932150000,18,optimized,hybrid,1018.216686622441,1027.1175820374672,1038.4100558463927
2025-11-12T12:34:30,1762931070000,BANKNIFTY,2025-11-12T12:53:30,1762932210000,19,optimized,hybrid,1018.8609256162044,1027.6148912382898,1040.740205130402
2025-11-12T12:34:30,1762931070000,BANKNIFTY,2025-11-12T12:54:30,1762932270000,20,optimized,hybrid,1017.5638332411338,1025.2529528788964,1040.7140989825937
2025-11-12T12:34:30,1762931070000,BANKNIFTY,2025-11-12T12:55:30,1762932330000,21,optimized,hybrid,1018.718178834001,1027.9610180583277,1036.0244838630883
2025-11-12T12:34:30,1762931070000,BANKNIFTY,2025-11-12T12:56:30,1762932390000,22,optimized,hybrid,1018.5926426066716,1027.4761886885442,1039.2854828337101
2025-11-12T12:34:30,1762931070000,BANKNIFTY,2025-11-12T12:57:30,1762932450000,23,optimized,hybrid,1016.2532304000517,1025.0064905326685,1036.8608255079591
2025-11-12T12:34:30,1762931070000,BANKNIFTY,2025-11-12T12:58:30,1762932510000,24,optimized,hybrid,1015.5305089112657,1024.0925542995535,1038.7526125822958
2025-11-12T12:34:30,1762931070000,BANKNIFTY,2025-11-12T12:59:30,1762932570000,25,optimized,hybrid,1015.6339345751556,1025.2276024632806,1035.94874055336
2025-11-12T12:34:30,1762931070000,BANKNIFTY,2025-11-12T13:00:30,1762932630000,26,optimized,hybrid,1017.6907291674846,1026.2633762444655,1037.4457067216222
2025-11-12T12:34:30,1762931070000,BANKNIFTY,2025-11-12T13:01:30,1762932690000,27,optimized,hybrid,1018.0196758662693,1026.5625974194672,1041.9614021323796
2025-11-12T12:34:30,1762931070000,BANKNIFTY,2025-11-12T13:02:30,1762932750000,28,optimized,hybrid,1016.5124103216683,1024.20325382206,1040.6706627180617
2025-11-12T12:34:30,1762931070000,BANKNIFTY,2025-11-12T13:03:30,1762932810000,29,optimized,hybrid,1016.2316694575971,1023.7428723607757,1040.7159742522174
2025-11-12T12:34:30,1762931070000,BANKNIFTY,2025-11-12T13:04:30,1762932870000,30,optimized,hybrid,1016.8559456317928,1024.764854577725,1039.6011435424998
2025-11-12T12:34:30,1762931070000,BANKNIFTY,2025-11-12T13:05:30,1762932930000,31,optimized,hybrid,1016.1711851576758,1025.033386311025,1039.7978039928673
2025-11-12T12:34:30,1762931070000,BANKNIFTY,2025-11-12T13:06:30,1762932990000,32,optimized,hybrid,1014.6158177138745,1023.6631439121813,1038.5212975844543
2025-11-12T12:34:30,1762931070000,BANKNIFTY,2025-11-12T13:07:30,1762933050000,33,optimized,hybrid,1013.692973370894,1023.9710642130194,1038.3631642927346
2025-11-12T12:34:30,1762931070000,BANKNIFTY,2025-11-12T13:08:30,1762933110000,34,optimized,hybrid,1013.6823261716469,1021.6306612334415,1039.1405393981436
2025-11-12T12:34:30,1762931070000,BANKNIFTY,2025-11-12T13:09:30,1762933170000,35,optimized,hybrid,1013.6934896451824,1021.1810294127745,1038.5104525784316
2025-11-12T12:34:30,1762931070000,BANKNIFTY,2025-11-12T13:10:30,1762933230000,36,optimized,hybrid,1012.7097869737347,1021.0141161998324,1035.408121336019
2025-11-12T12:34:30,1762931070000,BANKNIFTY,2025-11-12T13:11:30,1762933290000,37,optimized,hybrid,1011.6856772522374,1022.0801711224813,1033.826059965027
2025-11-12T12:34:30,1762931070000,BANKNIFTY,2025-11-12T13:12:30,1762933350000,38,optimized,hybrid,1012.2849444362541,1020.0113560918069,1033.0274048015915
2025-11-12T12:34:30,1762931070000,BANKNIFTY,2025-11-12T13:13:30,1762933410000,39,optimized,hybrid,1015.8950346779253,1024.5083698101803,1036.647773879061
2025-11-12T12:34:30,1762931070000,BANKNIFTY,2025-11-12T13:14:30,1762933470000,40,optimized,hybrid,1011.8455549218182,1023.2258782309857,1036.7274359579237
2025-11-12T12:34:30,1762931070000,BANKNIFTY,2025-11-12T13:15:30,1762933530000,41,optimized,hybrid,1014.3930223979523,1026.0720468438153,1039.1144647324284
2025-11-12T12:34:30,1762931070000,BANKNIFTY,2025-11-12T13:16:30,1762933590000,42,optimized,hybrid,1016.8008172831697,1023.8488955299533,1036.7718311679314
2025-11-12T12:34:30,1762931070000,BANKNIFTY,2025-11-12T13:17:30,1762933650000,43,optimized,hybrid,1015.2355152437453,1023.551945610757,1032.3503935503556
2025-11-12T12:34:30,1762931070000,BANKNIFTY,2025-11-12T13:18:30,1762933710000,44,optimized,hybrid,1015.3449840181607,1021.1348514366,1030.8141189045693
2025-11-12T12:34:30,1762931070000,BANKNIFTY,2025-11-12T13:19:30,1762933770000,45,optimized,hybrid,1016.2095239999908,1027.6620342149445,1035.7458320047006
2025-11-12T12:34:30,1762931070000,BANKNIFTY,2025-11-12T13:20:30,1762933830000,46,optimized,hybrid,1016.3830140565597,1027.7232328832788,1035.0989924066257
2025-11-12T12:34:30,1762931070000,BANKNIFTY,2025-11-12T13:21:30,1762933890000,47,optimized,hybrid,1016.7530444487213,1028.2764647676295,1036.1495020583004
2025-11-12T12:34:30,1762931070000,BANKNIFTY,2025-11-12T13:22:30,1762933950000,48,optimized,hybrid,1017.4766686820344,1029.3304537143454,1037.865476452038
2025-11-12T12:34:30,1762931070000,BANKNIFTY,2025-11-12T13:23:30,1762934010000,49,optimized,hybrid,1019.0852395255545,1029.2001377495808,1036.1360075531138
2025-11-12T12:34:30,1762931070000,BANKNIFTY,2025-11-12T13:24:30,1762934070000,50,optimized,hybrid,1018.3528138459118,1027.2807062454665,1034.4071590804
2025-11-12T12:34:30,1762931070000,BANKNIFTY,2025-11-12T13:25:30,1762934130000,51,optimized,hybrid,1018.7762530110441,1027.8264036425755,1033.1514794783893
2025-11-12T12:34:30,1762931070000,BANKNIFTY,2025-11-12T13:26:30,1762934190000,52,optimized,hybrid,1017.5006286428026,1028.3391487426338,1035.7927502656992
2025-11-12T12:34:30,1762931070000,BANKNIFTY,2025-11-12T13:27:30,1762934250000,53,optimized,hybrid,1017.4870483855235,1027.8513098089572,1034.6414315151221
2025-11-12T12:34:30,1762931070000,BANKNIFTY,2025-11-12T13:28:30,1762934310000,54,optimized,hybrid,1015.6296844481117,1028.1213592613917,1033.240302783341
2025-11-12T12:34:30,1762931070000,BANKNIFTY,2025-11-12T13:29:30,1762934370000,55,optimized,hybrid,1017.5420674319006,1028.4707677521662,1034.5880585977773
2025-11-12T12:34:30,1762931070000,BANKNIFTY,2025-11-12T13:30:30,1762934430000,56,optimized,hybrid,1014.5504683706638,1026.8371895382138,1041.161420464717
2025-11-12T12:34:30,1762931070000,BANKNIFTY,2025-11-12T13:31:30,1762934490000,57,optimized,hybrid,1015.2525116456318,1027.5290055511487,1042.4975437757596
2025-11-12T12:34:30,1762931070000,BANKNIFTY,2025-11-12T13:32:30,1762934550000,58,optimized,hybrid,1014.1994835137691,1022.8070123563987,1032.5842562743776
2025-11-12T12:34:30,1762931070000,BANKNIFTY,2025-11-12T13:33:30,1762934610000,59,optimized,hybrid,1012.7489642990696,1023.7238598069778,1030.8329004635868
2025-11-12T12:34:30,1762931070000,BANKNIFTY,2025-11-12T13:34:30,1762934670000,60,optimized,hybrid,1012.5793579474223,1024.4144924920247,1032.1962506285365
2025-11-12T12:34:30,1762931070000,BANKNIFTY,2025-11-12T12:35:30,1762931130000,1,optimized,hybrid,1021.6658301986299,1026.55,1034.2837638429946
2025-11-12T12:34:30,1762931070000,BANKNIFTY,2025-11-12T12:36:30,1762931190000,2,optimized,hybrid,1021.3731093658758,1027.0347588493373,1035.153604679453
2025-11-12T12:34:30,1762931070000,BANKNIFTY,2025-11-12T12:37:30,1762931250000,3,optimized,hybrid,1015.57985195843,1026.757971270669,1035.8299346340068
2025-11-12T12:34:30,1762931070000,BANKNIFTY,2025-11-12T12:38:30,1762931310000,4,optimized,hybrid,1017.6950218026882,1027.229490186561,1035.8613122977395
2025-11-12T12:34:30,1762931070000,BANKNIFTY,2025-11-12T12:39:30,1762931370000,5,optimized,hybrid,1019.1707645832857,1026.1085298820356,1034.0647071957421
2025-11-12T12:34:30,1762931070000,BANKNIFTY,2025-11-12T12:40:30,1762931430000,6,optimized,hybrid,1023.0765055171794,1026.1647478406032,1035.0710231470914
2025-11-12T12:34:30,1762931070000,BANKNIFTY,2025-11-12T12:41:30,1762931490000,7,optimized,hybrid,1020.2704035707196,1028.5408722779316,1038.157610339088
2025-11-12T12:34:30,1762931070000,BANKNIFTY,2025-11-12T12:42:30,1762931550000,8,optimized,hybrid,1014.5882321317699,1024.6522139030126,1034.2399889074993
2025-11-12T12:34:30,1762931070000,BANKNIFTY,2025-11-12T12:43:30,1762931610000,9,optimized,hybrid,1019.7266846793025,1025.2964128621397,1031.6555838397567
2025-11-12T12:34:30,1762931070000,BANKNIFTY,2025-11-12T12:44:30,1762931670000,10,optimized,hybrid,1019.7925214942504,1025.1952873798784,1032.4419270458322
2025-11-12T12:34:30,1762931070000,BANKNIFTY,2025-11-12T12:45:30,1762931730000,11,optimized,hybrid,1019.0789321682455,1025.7785230997317,1032.7838800952525
2025-11-12T12:34:30,1762931070000,BANKNIFTY,2025-11-12T12:46:30,1762931790000,12,optimized,hybrid,1018.0692646690196,1025.3365385578525,1033.6513513867
2025-11-12T12:34:30,1762931070000,BANKNIFTY,2025-11-12T12:47:30,1762931850000,13,optimized,hybrid,1017.7420252954097,1025.3154575680308,1033.7478065250784
2025-11-12T12:34:30,1762931070000,BANKNIFTY,2025-11-12T12:48:30,1762931910000,14,optimized,hybrid,1018.9474178371354,1026.7569620847144,1033.1278035248977
2025-11-12T12:34:30,1762931070000,BANKNIFTY,2025-11-12T12:49:30,1762931970000,15,optimized,hybrid,1018.5997093208822,1025.8357545854335,1034.6603293828982
2025-11-12T12:34:30,1762931070000,BANKNIFTY,2025-11-12T12:50:30,1762932030000,16,optimized,hybrid,1019.399407432743,1027.2849642656065,1035.4755975601565
2025-11-12T12:34:30,1762931070000,BANKNIFTY,2025-11-12T12:51:30,1762932090000,17,optimized,hybrid,1019.7949711517942,1029.0927481441747,1039.4138191457325
2025-11-12T12:34:30,1762931070000,BANKNIFTY,2025-11-12T12:52:30,1762932150000,18,optimized,hybrid,1018.216686622441,1027.1175820374672,1038.4100558463927
2025-11-12T12:34:30,1762931070000,BANKNIFTY,2025-11-12T12:53:30,1762932210000,19,optimized,hybrid,1018.8609256162044,1027.6148912382898,1040.740205130402
2025-11-12T12:34:30,1762931070000,BANKNIFTY,2025-11-12T12:54:30,1762932270000,20,optimized,hybrid,1017.5638332411338,1025.2529528788964,1040.7140989825937
2025-11-12T12:34:30,1762931070000,BANKNIFTY,2025-11-12T12:55:30,1762932330000,21,optimized,hybrid,1018.718178834001,1027.9610180583277,1036.0244838630883
2025-11-12T12:34:30,1762931070000,BANKNIFTY,2025-11-12T12:56:30,1762932390000,22,optimized,hybrid,1018.5926426066716,1027.4761886885442,1039.2854828337101
2025-11-12T12:34:30,1762931070000,BANKNIFTY,2025-11-12T12:57:30,1762932450000,23,optimized,hybrid,1016.2532304000517,1025.0064905326685,1036.8608255079591
2025-11-12T12:34:30,1762931070000,BANKNIFTY,2025-11-12T12:58:30,1762932510000,24,optimized,hybrid,1015.5305089112657,1024.0925542995535,1038.7526125822958
2025-11-12T12:34:30,1762931070000,BANKNIFTY,2025-11-12T12:59:30,1762932570000,25,optimized,hybrid,1015.6339345751556,1025.2276024632806,1035.94874055336
2025-11-12T12:34:30,1762931070000,BANKNIFTY,2025-11-12T13:00:30,1762932630000,26,optimized,hybrid,1017.6907291674846,1026.2633762444655,1037.4457067216222
2025-11-12T12:34:30,1762931070000,BANKNIFTY,2025-11-12T13:01:30,1762932690000,27,optimized,hybrid,1018.0196758662693,1026.5625974194672,1041.9614021323796
2025-11-12T12:34:30,1762931070000,BANKNIFTY,2025-11-12T13:02:30,1762932750000,28,optimized,hybrid,1016.5124103216683,1024.20325382206,1040.6706627180617
2025-11-12T12:34:30,1762931070000,BANKNIFTY,2025-11-12T13:03:30,1762932810000,29,optimized,hybrid,1016.2316694575971,1023.7428723607757,1040.7159742522174
2025-11-12T12:34:30,1762931070000,BANKNIFTY,2025-11-12T13:04:30,1762932870000,30,optimized,hybrid,1016.8559456317928,1024.764854577725,1039.6011435424998
2025-11-12T12:34:30,1762931070000,BANKNIFTY,2025-11-12T13:05:30,1762932930000,31,optimized,hybrid,1016.1711851576758,1025.033386311025,1039.7978039928673
2025-11-12T12:34:30,1762931070000,BANKNIFTY,2025-11-12T13:06:30,1762932990000,32,optimized,hybrid,1014.6158177138745,1023.6631439121813,1038.5212975844543
2025-11-12T12:34:30,1762931070000,BANKNIFTY,2025-11-12T13:07:30,1762933050000,33,optimized,hybrid,1013.692973370894,1023.9710642130194,1038.3631642927346
2025-11-12T12:34:30,1762931070000,BANKNIFTY,2025-11-12T13:08:30,1762933110000,34,optimized,hybrid,1013.6823261716469,1021.6306612334415,1039.1405393981436
2025-11-12T12:34:30,1762931070000,BANKNIFTY,2025-11-12T13:09:30,1762933170000,35,optimized,hybrid,1013.6934896451824,1021.1810294127745,1038.5104525784316
2025-11-12T12:34:30,1762931070000,BANKNIFTY,2025-11-12T13:10:30,1762933230000,36,optimized,hybrid,1012.7097869737347,1021.0141161998324,1035.408121336019
2025-11-12T12:34:30,1762931070000,BANKNIFTY,2025-11-12T13:11:30,1762933290000,37,optimized,hybrid,1011.6856772522374,1022.0801711224813,1033.826059965027
2025-11-12T12:34:30,1762931070000,BANKNIFTY,2025-11-12T13:12:30,1762933350000,38,optimized,hybrid,1012.2849444362541,1020.0113560918069,1033.0274048015915
2025-11-12T12:34:30,1762931070000,BANKNIFTY,2025-11-12T13:13:30,1762933410000,39,optimized,hybrid,1015.8950346779253,1024.5083698101803,1036.647773879061
2025-11-12T12:34:30,1762931070000,BANKNIFTY,2025-11-12T13:14:30,1762933470000,40,optimized,hybrid,1011.8455549218182,1023.2258782309857,1036.7274359579237
2025-11-12T12:34:30,1762931070000,BANKNIFTY,2025-11-12T13:15:30,1762933530000,41,optimized,hybrid,1014.3930223979523,1026.0720468438153,1039.1144647324284
2025-11-12T12:34:30,1762931070000,BANKNIFTY,2025-11-12T13:16:30,1762933590000,42,optimized,hybrid,1016.8008172831697,1023.8488955299533,1036.7718311679314
2025-11-12T12:34:30,1762931070000,BANKNIFTY,2025-11-12T13:17:30,1762933650000,43,optimized,hybrid,1015.2355152437453,1023.551945610757,1032.3503935503556
2025-11-12T12:34:30,1762931070000,BANKNIFTY,2025-11-12T13:18:30,1762933710000,44,optimized,hybrid,1015.3449840181607,1021.1348514366,1030.8141189045693
2025-11-12T12:34:30,1762931070000,BANKNIFTY,2025-11-12T13:19:30,1762933770000,45,optimized,hybrid,1016.2095239999908,1027.6620342149445,1035.7458320047006
2025-11-12T12:34:30,1762931070000,BANKNIFTY,2025-11-12T13:20:30,1762933830000,46,optimized,hybrid,1016.3830140565597,1027.7232328832788,1035.0989924066257
2025-11-12T12:34:30,1762931070000,BANKNIFTY,2025-11-12T13:21:30,1762933890000,47,optimized,hybrid,1016.7530444487213,1028.2764647676295,1036.1495020583004
2025-11-12T12:34:30,1762931070000,BANKNIFTY,2025-11-12T13:22:30,1762933950000,48,optimized,hybrid,1017.4766686820344,1029.3304537143454,1037.865476452038
2025-11-12T12:34:30,1762931070000,BANKNIFTY,2025-11-12T13:23:30,1762934010000,49,optimized,hybrid,1019.0852395255545,1029.2001377495808,1036.1360075531138
2025-11-12T12:34:30,1762931070000,BANKNIFTY,2025-11-12T13:24:30,1762934070000,50,optimized,hybrid,1018.3528138459118,1027.2807062454665,1034.4071590804
2025-11-12T12:34:30,1762931070000,BANKNIFTY,2025-11-12T13:25:30,1762934130000,51,optimized,hybrid,1018.7762530110441,1027.8264036425755,1033.1514794783893
2025-11-12T12:34:30,1762931070000,BANKNIFTY,2025-11-12T13:26:30,1762934190000,52,optimized,hybrid,1017.5006286428026,1028.3391487426338,1035.7927502656992
2025-11-12T12:34:30,1762931070000,BANKNIFTY,2025-11-12T13:27:30,1762934250000,53,optimized,hybrid,1017.4870483855235,1027.8513098089572,1034.6414315151221
2025-11-12T12:34:30,1762931070000,BANKNIFTY,2025-11-12T13:28:30,1762934310000,54,optimized,hybrid,1015.6296844481117,1028.1213592613917,1033.240302783341
2025-11-12T12:34:30,1762931070000,BANKNIFTY,2025-11-12T13:29:30,1762934370000,55,optimized,hybrid,1017.5420674319006,1028.4707677521662,1034.5880585977773
2025-11-12T12:34:30,1762931070000,BANKNIFTY,2025-11-12T13:30:30,1762934430000,56,optimized,hybrid,1014.5504683706638,1026.8371895382138,1041.161420464717
2025-11-12T12:34:30,1762931070000,BANKNIFTY,2025-11-12T13:31:30,1762934490000,57,optimized,hybrid,1015.2525116456318,1027.5290055511487,1042.4975437757596
2025-11-12T12:34:30,1762931070000,BANKNIFTY,2025-11-12T13:32:30,1762934550000,58,optimized,hybrid,1014.1994835137691,1022.8070123563987,1032.5842562743776
2025-11-12T12:34:30,1762931070000,BANKNIFTY,2025-11-12T13:33:30,1762934610000,59,optimized,hybrid,1012.7489642990696,1023.7238598069778,1030.8329004635868
2025-11-12T12:34:30,1762931070000,BANKNIFTY,2025-11-12T13:34:30,1762934670000,60,optimized,hybrid,1012.5793579474223,1024.4144924920247,1032.1962506285365
2025-11-12T12:35:00,1762931100000,BANKNIFTY,2025-11-12T12:36:00,1762931160000,1,optimized,hybrid,1023.8705503415863,1028.5500000000002,1036.2387916625491
2025-11-12T12:35:00,1762931100000,BANKNIFTY,2025-11-12T12:37:00,1762931220000,2,optimized,hybrid,1023.5756821254655,1029.0724063761463,1037.1453920504398
2025-11-12T12:35:00,1762931100000,BANKNIFTY,2025-11-12T12:38:00,1762931280000,3,optimized,hybrid,1016.6757707024715,1028.339842904263,1037.558023361981
2025-11-12T12:35:00,1762931100000,BANKNIFTY,2025-11-12T12:39:00,1762931340000,4,optimized,hybrid,1019.6218836899005,1029.3312693416872,1038.0735991314166
2025-11-12T12:35:00,1762931100000,BANKNIFTY,2025-11-12T12:40:00,1762931400000,5,optimized,hybrid,1021.2863532457703,1028.2813575640307,1036.2864638092353
2025-11-12T12:35:00,1762931100000,BANKNIFTY,2025-11-12T12:41:00,1762931460000,6,optimized,hybrid,1025.6062247160544,1028.4287691365869,1037.3064968167744
2025-11-12T12:35:00,1762931100000,BANKNIFTY,2025-11-12T12:42:00,1762931520000,7,optimized,hybrid,1022.0505449222978,1030.0206905054367,1039.6477464728084
2025-11-12T12:35:00,1762931100000,BANKNIFTY,2025-11-12T12:43:00,1762931580000,8,optimized,hybrid,1016.3110932957422,1026.4866199666503,1036.04683608899
2025-11-12T12:35:00,1762931100000,BANKNIFTY,2025-11-12T12:44:00,1762931640000,9,optimized,hybrid,1021.5972004711228,1027.0778650294105,1033.4386263820136
2025-11-12T12:35:00,1762931100000,BANKNIFTY,2025-11-12T12:45:00,1762931700000,10,optimized,hybrid,1021.6914498141599,1026.9907875906838,1034.0833279578744
2025-11-12T12:35:00,1762931100000,BANKNIFTY,2025-11-12T12:46:00,1762931760000,11,optimized,hybrid,1020.8921311515079,1027.5215093864845,1034.476038851015
2025-11-12T12:35:00,1762931100000,BANKNIFTY,2025-11-12T12:47:00,1762931820000,12,optimized,hybrid,1021.020319515209,1028.3103269182257,1036.7050761486016
2025-11-12T12:35:00,1762931100000,BANKNIFTY,2025-11-12T12:48:00,1762931880000,13,optimized,hybrid,1019.5960222645814,1027.2752487301823,1035.7653390427597
2025-11-12T12:35:00,1762931100000,BANKNIFTY,2025-11-12T12:49:00,1762931940000,14,optimized,hybrid,1021.2422717586243,1029.0668641956408,1035.308815857084
2025-11-12T12:35:00,1762931100000,BANKNIFTY,2025-11-12T12:50:00,1762932000000,15,optimized,hybrid,1020.9918915110486,1028.1460434241158,1037.036678713258
2025-11-12T12:35:00,1762931100000,BANKNIFTY,2025-11-12T12:51:00,1762932060000,16,optimized,hybrid,1021.7476908049625,1029.4820099391131,1037.746719560104
2025-11-12T12:35:00,1762931100000,BANKNIFTY,2025-11-12T12:52:00,1762932120000,17,optimized,hybrid,1022.6261209337442,1031.7297652813443,1042.027971602259
2025-11-12T12:35:00,1762931100000,BANKNIFTY,2025-11-12T12:53:00,1762932180000,18,optimized,hybrid,1020.6858757673957,1029.3258165619714,1040.5906051491638
2025-11-12T12:35:00,1762931100000,BANKNIFTY,2025-11-12T12:54:00,1762932240000,19,optimized,hybrid,1021.820881665035,1030.4790709860117,1043.5388179685826
2025-11-12T12:35:00,1762931100000,BANKNIFTY,2025-11-12T12:55:00,1762932300000,20,optimized,hybrid,1020.1659604963195,1027.9484187470625,1043.2788773929774
2025-11-12T12:35:00,1762931100000,BANKNIFTY,2025-11-12T12:56:00,1762932360000,21,optimized,hybrid,1021.469142730393,1030.733482644046,1038.7596884412746
2025-11-12T12:35:00,1762931100000,BANKNIFTY,2025-11-12T12:57:00,1762932420000,22,optimized,hybrid,1021.3328842008046,1030.2057021855546,1042.1485707509753
2025-11-12T12:35:00,1762931100000,BANKNIFTY,2025-11-12T12:58:00,1762932480000,23,optimized,hybrid,1018.7383040367056,1027.5938753577018,1039.4697420519592
2025-11-12T12:35:00,1762931100000,BANKNIFTY,2025-11-12T12:59:00,1762932540000,24,optimized,hybrid,1018.5030154392542,1027.0752133590192,1041.7448343263459
2025-11-12T12:35:00,1762931100000,BANKNIFTY,2025-11-12T13:00:00,1762932600000,25,optimized,hybrid,1018.4272341801397,1028.0615533427617,1038.8009177627298
2025-11-12T12:35:00,1762931100000,BANKNIFTY,2025-11-12T13:01:00,1762932660000,26,optimized,hybrid,1020.8232265489644,1029.4394385314286,1040.586648827627
2025-11-12T12:35:00,1762931100000,BANKNIFTY,2025-11-12T13:02:00,1762932720000,27,optimized,hybrid,1020.717277251033,1029.2353246506636,1044.639930391403
2025-11-12T12:35:00,1762931100000,BANKNIFTY,2025-11-12T13:03:00,1762932780000,28,optimized,hybrid,1019.0549639606642,1026.624451599459,1043.0606125036709
2025-11-12T12:35:00,1762931100000,BANKNIFTY,2025-11-12T13:04:00,1762932840000,29,optimized,hybrid,1018.7818758643073,1026.2448079469489,1043.2355654803064
2025-11-12T12:35:00,1762931100000,BANKNIFTY,2025-11-12T13:05:00,1762932900000,30,optimized,hybrid,1019.1733878401881,1027.0555422618554,1041.856182449626
2025-11-12T12:35:00,1762931100000,BANKNIFTY,2025-11-12T13:06:00,1762932960000,31,optimized,hybrid,1018.9442529708122,1027.800287445396,1042.5147663297573
2025-11-12T12:35:00,1762931100000,BANKNIFTY,2025-11-12T13:07:00,1762933020000,32,optimized,hybrid,1017.1064429384454,1026.10034361124,1040.9168805097117
2025-11-12T12:35:00,1762931100000,BANKNIFTY,2025-11-12T13:08:00,1762933080000,33,optimized,hybrid,1016.2450466627873,1026.4233469195462,1040.78381602146
2025-11-12T12:35:00,1762931100000,BANKNIFTY,2025-11-12T13:09:00,1762933140000,34,optimized,hybrid,1016.2990792131019,1024.1546426563866,1041.5861720264745
2025-11-12T12:35:00,1762931100000,BANKNIFTY,2025-11-12T13:10:00,1762933200000,35,optimized,hybrid,1016.2442036279285,1023.6061481653019,1040.802724722648
2025-11-12T12:35:00,1762931100000,BANKNIFTY,2025-11-12T13:11:00,1762933260000,36,optimized,hybrid,1015.0277449341727,1023.2662082464553,1037.7351190985898
2025-11-12T12:35:00,1762931100000,BANKNIFTY,2025-11-12T13:12:00,1762933320000,37,optimized,hybrid,1013.8031333442063,1024.2904627726077,1036.2620299779971
2025-11-12T12:35:00,1762931100000,BANKNIFTY,2025-11-12T13:13:00,1762933380000,38,optimized,hybrid,1014.3436069781916,1022.0099740690766,1035.3592064519169
2025-11-12T12:35:00,1762931100000,BANKNIFTY,2025-11-12T13:14:00,1762933440000,39,optimized,hybrid,1018.4461765592223,1027.2431324818895,1039.2451940447677
2025-11-12T12:35:00,1762931100000,BANKNIFTY,2025-11-12T13:15:00,1762933500000,40,optimized,hybrid,1014.2901725835811,1025.9010011489113,1039.303307315198
2025-11-12T12:35:00,1762931100000,BANKNIFTY,2025-11-12T13:16:00,1762933560000,41,optimized,hybrid,1017.1852589535895,1028.6055539232818,1041.7611888667498
2025-11-12T12:35:00,1762931100000,BANKNIFTY,2025-11-12T13:17:00,1762933620000,42,optimized,hybrid,1019.3464542019857,1026.2842547629261,1039.364435845093
2025-11-12T12:35:00,1762931100000,BANKNIFTY,2025-11-12T13:18:00,1762933680000,43,optimized,hybrid,1017.8897825264795,1026.1511305047259,1034.9379457449318
2025-11-12T12:35:00,1762931100000,BANKNIFTY,2025-11-12T13:19:00,1762933740000,44,optimized,hybrid,1018.3516204717671,1024.151065214175,1034.0409932100101
2025-11-12T12:35:00,1762931100000,BANKNIFTY,2025-11-12T13:20:00,1762933800000,45,optimized,hybrid,1018.7630268527686,1030.4858984431908,1038.1565108803873
2025-11-12T12:35:00,1762931100000,BANKNIFTY,2025-11-12T13:21:00,1762933860000,46,optimized,hybrid,1018.7896869946734,1030.1808190282493,1037.5131105056425
2025-11-12T12:35:00,1762931100000,BANKNIFTY,2025-11-12T13:22:00,1762933920000,47,optimized,hybrid,1019.7384765253247,1031.5834114232634,1038.9187574747004
2025-11-12T12:35:00,1762931100000,BANKNIFTY,2025-11-12T13:23:00,1762933980000,48,optimized,hybrid,1019.7271320285237,1031.608356757477,1040.1897664526437
2025-11-12T12:35:00,1762931100000,BANKNIFTY,2025-11-12T13:24:00,1762934040000,49,optimized,hybrid,1021.2528176396725,1031.4696582255076,1038.3285333349636
2025-11-12T12:35:00,1762931100000,BANKNIFTY,2025-11-12T13:25:00,1762934100000,50,optimized,hybrid,1020.7831813149215,1030.2390503754932,1036.827506078482
2025-11-12T12:35:00,1762931100000,BANKNIFTY,2025-11-12T13:26:00,1762934160000,51,optimized,hybrid,1020.9659014132857,1030.040251327437,1035.2759364014541
2025-11-12T12:35:00,1762931100000,BANKNIFTY,2025-11-12T13:27:00,1762934220000,52,optimized,hybrid,1019.780980545704,1030.4264745894789,1037.868046973048
2025-11-12T12:35:00,1762931100000,BANKNIFTY,2025-11-12T13:28:00,1762934280000,53,optimized,hybrid,1020.0675164851331,1030.3902376220312,1036.9353633825033
2025-11-12T12:35:00,1762931100000,BANKNIFTY,2025-11-12T13:29:00,1762934340000,54,optimized,hybrid,1018.8626783101936,1031.2631421766346,1036.298817959863
2025-11-12T12:35:00,1762931100000,BANKNIFTY,2025-11-12T13:30:00,1762934400000,55,optimized,hybrid,1021.1939093926536,1031.3268312478594,1037.7138057756092
2025-11-12T12:35:00,1762931100000,BANKNIFTY,2025-11-12T13:31:00,1762934460000,56,optimized,hybrid,1017.8163962696829,1030.3105213663011,1044.5454141269297
2025-11-12T12:35:00,1762931100000,BANKNIFTY,2025-11-12T13:32:00,1762934520000,57,optimized,hybrid,1017.1849535727397,1029.586683479896,1044.7950521065886
2025-11-12T12:35:00,1762931100000,BANKNIFTY,2025-11-12T13:33:00,1762934580000,58,optimized,hybrid,1016.2054310118041,1025.0658189922185,1034.6868972536768
2025-11-12T12:35:00,1762931100000,BANKNIFTY,2025-11-12T13:34:00,1762934640000,59,optimized,hybrid,1015.7990592566957,1026.8473694640606,1034.0110620312162
2025-11-12T12:35:00,1762931100000,BANKNIFTY,2025-11-12T13:35:00,1762934700000,60,optimized,hybrid,1016.50044209585,1028.633458876666,1036.2401773104439
2025-11-12T12:35:00,1762931100000,BANKNIFTY,2025-11-12T12:36:00,1762931160000,1,optimized,hybrid,1023.8705503415863,1028.5500000000002,1036.2387916625491
2025-11-12T12:35:00,1762931100000,BANKNIFTY,2025-11-12T12:37:00,1762931220000,2,optimized,hybrid,1023.5756821254655,1029.0724063761463,1037.1453920504398
2025-11-12T12:35:00,1762931100000,BANKNIFTY,2025-11-12T12:38:00,1762931280000,3,optimized,hybrid,1016.6757707024715,1028.339842904263,1037.558023361981
2025-11-12T12:35:00,1762931100000,BANKNIFTY,2025-11-12T12:39:00,1762931340000,4,optimized,hybrid,1019.6218836899005,1029.3312693416872,1038.0735991314166
2025-11-12T12:35:00,1762931100000,BANKNIFTY,2025-11-12T12:40:00,1762931400000,5,optimized,hybrid,1021.2863532457703,1028.2813575640307,1036.2864638092353
2025-11-12T12:35:00,1762931100000,BANKNIFTY,2025-11-12T12:41:00,1762931460000,6,optimized,hybrid,1025.6062247160544,1028.4287691365869,1037.3064968167744
2025-11-12T12:35:00,1762931100000,BANKNIFTY,2025-11-12T12:42:00,1762931520000,7,optimized,hybrid,1022.0505449222978,1030.0206905054367,1039.6477464728084
2025-11-12T12:35:00,1762931100000,BANKNIFTY,2025-11-12T12:43:00,1762931580000,8,optimized,hybrid,1016.3110932957422,1026.4866199666503,1036.04683608899
2025-11-12T12:35:00,1762931100000,BANKNIFTY,2025-11-12T12:44:00,1762931640000,9,optimized,hybrid,1021.5972004711228,1027.0778650294105,1033.4386263820136
2025-11-12T12:35:00,1762931100000,BANKNIFTY,2025-11-12T12:45:00,1762931700000,10,optimized,hybrid,1021.6914498141599,1026.9907875906838,1034.0833279578744
2025-11-12T12:35:00,1762931100000,BANKNIFTY,2025-11-12T12:46:00,1762931760000,11,optimized,hybrid,1020.8921311515079,1027.5215093864845,1034.476038851015
2025-11-12T12:35:00,1762931100000,BANKNIFTY,2025-11-12T12:47:00,1762931820000,12,optimized,hybrid,1021.020319515209,1028.3103269182257,1036.7050761486016
2025-11-12T12:35:00,1762931100000,BANKNIFTY,2025-11-12T12:48:00,1762931880000,13,optimized,hybrid,1019.5960222645814,1027.2752487301823,1035.7653390427597
2025-11-12T12:35:00,1762931100000,BANKNIFTY,2025-11-12T12:49:00,1762931940000,14,optimized,hybrid,1021.2422717586243,1029.0668641956408,1035.308815857084
2025-11-12T12:35:00,1762931100000,BANKNIFTY,2025-11-12T12:50:00,1762932000000,15,optimized,hybrid,1020.9918915110486,1028.1460434241158,1037.036678713258
2025-11-12T12:35:00,1762931100000,BANKNIFTY,2025-11-12T12:51:00,1762932060000,16,optimized,hybrid,1021.7476908049625,1029.4820099391131,1037.746719560104
2025-11-12T12:35:00,1762931100000,BANKNIFTY,2025-11-12T12:52:00,1762932120000,17,optimized,hybrid,1022.6261209337442,1031.7297652813443,1042.027971602259
2025-11-12T12:35:00,1762931100000,BANKNIFTY,2025-11-12T12:53:00,1762932180000,18,optimized,hybrid,1020.6858757673957,1029.3258165619714,1040.5906051491638
2025-11-12T12:35:00,1762931100000,BANKNIFTY,2025-11-12T12:54:00,1762932240000,19,optimized,hybrid,1021.820881665035,1030.4790709860117,1043.5388179685826
2025-11-12T12:35:00,1762931100000,BANKNIFTY,2025-11-12T12:55:00,1762932300000,20,optimized,hybrid,1020.1659604963195,1027.9484187470625,1043.2788773929774
2025-11-12T12:35:00,1762931100000,BANKNIFTY,2025-11-12T12:56:00,1762932360000,21,optimized,hybrid,1021.469142730393,1030.733482644046,1038.7596884412746
2025-11-12T12:35:00,1762931100000,BANKNIFTY,2025-11-12T12:57:00,1762932420000,22,optimized,hybrid,1021.3328842008046,1030.2057021855546,1042.1485707509753
2025-11-12T12:35:00,1762931100000,BANKNIFTY,2025-11-12T12:58:00,1762932480000,23,optimized,hybrid,1018.7383040367056,1027.5938753577018,1039.4697420519592
2025-11-12T12:35:00,1762931100000,BANKNIFTY,2025-11-12T12:59:00,1762932540000,24,optimized,hybrid,1018.5030154392542,1027.0752133590192,1041.7448343263459
2025-11-12T12:35:00,1762931100000,BANKNIFTY,2025-11-12T13:00:00,1762932600000,25,optimized,hybrid,1018.4272341801397,1028.0615533427617,1038.8009177627298
2025-11-12T12:35:00,1762931100000,BANKNIFTY,2025-11-12T13:01:00,1762932660000,26,optimized,hybrid,1020.8232265489644,1029.4394385314286,1040.586648827627
2025-11-12T12:35:00,1762931100000,BANKNIFTY,2025-11-12T13:02:00,1762932720000,27,optimized,hybrid,1020.717277251033,1029.2353246506636,1044.639930391403
2025-11-12T12:35:00,1762931100000,BANKNIFTY,2025-11-12T13:03:00,1762932780000,28,optimized,hybrid,1019.0549639606642,1026.624451599459,1043.0606125036709
2025-11-12T12:35:00,1762931100000,BANKNIFTY,2025-11-12T13:04:00,1762932840000,29,optimized,hybrid,1018.7818758643073,1026.2448079469489,1043.2355654803064
2025-11-12T12:35:00,1762931100000,BANKNIFTY,2025-11-12T13:05:00,1762932900000,30,optimized,hybrid,1019.1733878401881,1027.0555422618554,1041.856182449626
2025-11-12T12:35:00,1762931100000,BANKNIFTY,2025-11-12T13:06:00,1762932960000,31,optimized,hybrid,1018.9442529708122,1027.800287445396,1042.5147663297573
2025-11-12T12:35:00,1762931100000,BANKNIFTY,2025-11-12T13:07:00,1762933020000,32,optimized,hybrid,1017.1064429384454,1026.10034361124,1040.9168805097117
2025-11-12T12:35:00,1762931100000,BANKNIFTY,2025-11-12T13:08:00,1762933080000,33,optimized,hybrid,1016.2450466627873,1026.4233469195462,1040.78381602146
2025-11-12T12:35:00,1762931100000,BANKNIFTY,2025-11-12T13:09:00,1762933140000,34,optimized,hybrid,1016.2990792131019,1024.1546426563866,1041.5861720264745
2025-11-12T12:35:00,1762931100000,BANKNIFTY,2025-11-12T13:10:00,1762933200000,35,optimized,hybrid,1016.2442036279285,1023.6061481653019,1040.802724722648
2025-11-12T12:35:00,1762931100000,BANKNIFTY,2025-11-12T13:11:00,1762933260000,36,optimized,hybrid,1015.0277449341727,1023.2662082464553,1037.7351190985898
2025-11-12T12:35:00,1762931100000,BANKNIFTY,2025-11-12T13:12:00,1762933320000,37,optimized,hybrid,1013.8031333442063,1024.2904627726077,1036.2620299779971
2025-11-12T12:35:00,1762931100000,BANKNIFTY,2025-11-12T13:13:00,1762933380000,38,optimized,hybrid,1014.3436069781916,1022.0099740690766,1035.3592064519169
2025-11-12T12:35:00,1762931100000,BANKNIFTY,2025-11-12T13:14:00,1762933440000,39,optimized,hybrid,1018.4461765592223,1027.2431324818895,1039.2451940447677
2025-11-12T12:35:00,1762931100000,BANKNIFTY,2025-11-12T13:15:00,1762933500000,40,optimized,hybrid,1014.2901725835811,1025.9010011489113,1039.303307315198
2025-11-12T12:35:00,1762931100000,BANKNIFTY,2025-11-12T13:16:00,1762933560000,41,optimized,hybrid,1017.1852589535895,1028.6055539232818,1041.7611888667498
2025-11-12T12:35:00,1762931100000,BANKNIFTY,2025-11-12T13:17:00,1762933620000,42,optimized,hybrid,1019.3464542019857,1026.2842547629261,1039.364435845093
2025-11-12T12:35:00,1762931100000,BANKNIFTY,2025-11-12T13:18:00,1762933680000,43,optimized,hybrid,1017.8897825264795,1026.1511305047259,1034.9379457449318
2025-11-12T12:35:00,1762931100000,BANKNIFTY,2025-11-12T13:19:00,1762933740000,44,optimized,hybrid,1018.3516204717671,1024.151065214175,1034.0409932100101
2025-11-12T12:35:00,1762931100000,BANKNIFTY,2025-11-12T13:20:00,1762933800000,45,optimized,hybrid,1018.7630268527686,1030.4858984431908,1038.1565108803873
2025-11-12T12:35:00,1762931100000,BANKNIFTY,2025-11-12T13:21:00,1762933860000,46,optimized,hybrid,1018.7896869946734,1030.1808190282493,1037.5131105056425
2025-11-12T12:35:00,1762931100000,BANKNIFTY,2025-11-12T13:22:00,1762933920000,47,optimized,hybrid,1019.7384765253247,1031.5834114232634,1038.9187574747004
2025-11-12T12:35:00,1762931100000,BANKNIFTY,2025-11-12T13:23:00,1762933980000,48,optimized,hybrid,1019.7271320285237,1031.608356757477,1040.1897664526437
2025-11-12T12:35:00,1762931100000,BANKNIFTY,2025-11-12T13:24:00,1762934040000,49,optimized,hybrid,1021.2528176396725,1031.4696582255076,1038.3285333349636
2025-11-12T12:35:00,1762931100000,BANKNIFTY,2025-11-12T13:25:00,1762934100000,50,optimized,hybrid,1020.7831813149215,1030.2390503754932,1036.827506078482
2025-11-12T12:35:00,1762931100000,BANKNIFTY,2025-11-12T13:26:00,1762934160000,51,optimized,hybrid,1020.9659014132857,1030.040251327437,1035.2759364014541
2025-11-12T12:35:00,1762931100000,BANKNIFTY,2025-11-12T13:27:00,1762934220000,52,optimized,hybrid,1019.780980545704,1030.4264745894789,1037.868046973048
2025-11-12T12:35:00,1762931100000,BANKNIFTY,2025-11-12T13:28:00,1762934280000,53,optimized,hybrid,1020.0675164851331,1030.3902376220312,1036.9353633825033
2025-11-12T12:35:00,1762931100000,BANKNIFTY,2025-11-12T13:29:00,1762934340000,54,optimized,hybrid,1018.8626783101936,1031.2631421766346,1036.298817959863
2025-11-12T12:35:00,1762931100000,BANKNIFTY,2025-11-12T13:30:00,1762934400000,55,optimized,hybrid,1021.1939093926536,1031.3268312478594,1037.7138057756092
2025-11-12T12:35:00,1762931100000,BANKNIFTY,2025-11-12T13:31:00,1762934460000,56,optimized,hybrid,1017.8163962696829,1030.3105213663011,1044.5454141269297
2025-11-12T12:35:00,1762931100000,BANKNIFTY,2025-11-12T13:32:00,1762934520000,57,optimized,hybrid,1017.1849535727397,1029.586683479896,1044.7950521065886
2025-11-12T12:35:00,1762931100000,BANKNIFTY,2025-11-12T13:33:00,1762934580000,58,optimized,hybrid,1016.2054310118041,1025.0658189922185,1034.6868972536768
2025-11-12T12:35:00,1762931100000,BANKNIFTY,2025-11-12T13:34:00,1762934640000,59,optimized,hybrid,1015.7990592566957,1026.8473694640606,1034.0110620312162
2025-11-12T12:35:00,1762931100000,BANKNIFTY,2025-11-12T13:35:00,1762934700000,60,optimized,hybrid,1016.50044209585,1028.633458876666,1036.2401773104439
2025-11-12T12:35:00,1762931100000,BANKNIFTY,2025-11-12T12:36:00,1762931160000,1,optimized,hybrid,1023.8705503415863,1028.5500000000002,1036.2387916625491
2025-11-12T12:35:00,1762931100000,BANKNIFTY,2025-11-12T12:37:00,1762931220000,2,optimized,hybrid,1023.5756821254655,1029.0724063761463,1037.1453920504398
2025-11-12T12:35:00,1762931100000,BANKNIFTY,2025-11-12T12:38:00,1762931280000,3,optimized,hybrid,1016.6757707024715,1028.339842904263,1037.558023361981
2025-11-12T12:35:00,1762931100000,BANKNIFTY,2025-11-12T12:39:00,1762931340000,4,optimized,hybrid,1019.6218836899005,1029.3312693416872,1038.0735991314166
2025-11-12T12:35:00,1762931100000,BANKNIFTY,2025-11-12T12:40:00,1762931400000,5,optimized,hybrid,1021.2863532457703,1028.2813575640307,1036.2864638092353
2025-11-12T12:35:00,1762931100000,BANKNIFTY,2025-11-12T12:41:00,1762931460000,6,optimized,hybrid,1025.6062247160544,1028.4287691365869,1037.3064968167744
2025-11-12T12:35:00,1762931100000,BANKNIFTY,2025-11-12T12:42:00,1762931520000,7,optimized,hybrid,1022.0505449222978,1030.0206905054367,1039.6477464728084
2025-11-12T12:35:00,1762931100000,BANKNIFTY,2025-11-12T12:43:00,1762931580000,8,optimized,hybrid,1016.3110932957422,1026.4866199666503,1036.04683608899
2025-11-12T12:35:00,1762931100000,BANKNIFTY,2025-11-12T12:44:00,1762931640000,9,optimized,hybrid,1021.5972004711228,1027.0778650294105,1033.4386263820136
2025-11-12T12:35:00,1762931100000,BANKNIFTY,2025-11-12T12:45:00,1762931700000,10,optimized,hybrid,1021.6914498141599,1026.9907875906838,1034.0833279578744
2025-11-12T12:35:00,1762931100000,BANKNIFTY,2025-11-12T12:46:00,1762931760000,11,optimized,hybrid,1020.8921311515079,1027.5215093864845,1034.476038851015
2025-11-12T12:35:00,1762931100000,BANKNIFTY,2025-11-12T12:47:00,1762931820000,12,optimized,hybrid,1021.020319515209,1028.3103269182257,1036.7050761486016
2025-11-12T12:35:00,1762931100000,BANKNIFTY,2025-11-12T12:48:00,1762931880000,13,optimized,hybrid,1019.5960222645814,1027.2752487301823,1035.7653390427597
2025-11-12T12:35:00,1762931100000,BANKNIFTY,2025-11-12T12:49:00,1762931940000,14,optimized,hybrid,1021.2422717586243,1029.0668641956408,1035.308815857084
2025-11-12T12:35:00,1762931100000,BANKNIFTY,2025-11-12T12:50:00,1762932000000,15,optimized,hybrid,1020.9918915110486,1028.1460434241158,1037.036678713258
2025-11-12T12:35:00,1762931100000,BANKNIFTY,2025-11-12T12:51:00,1762932060000,16,optimized,hybrid,1021.7476908049625,1029.4820099391131,1037.746719560104
2025-11-12T12:35:00,1762931100000,BANKNIFTY,2025-11-12T12:52:00,1762932120000,17,optimized,hybrid,1022.6261209337442,1031.7297652813443,1042.027971602259
2025-11-12T12:35:00,1762931100000,BANKNIFTY,2025-11-12T12:53:00,1762932180000,18,optimized,hybrid,1020.6858757673957,1029.3258165619714,1040.5906051491638
2025-11-12T12:35:00,1762931100000,BANKNIFTY,2025-11-12T12:54:00,1762932240000,19,optimized,hybrid,1021.820881665035,1030.4790709860117,1043.5388179685826
2025-11-12T12:35:00,1762931100000,BANKNIFTY,2025-11-12T12:55:00,1762932300000,20,optimized,hybrid,1020.1659604963195,1027.9484187470625,1043.2788773929774
2025-11-12T12:35:00,1762931100000,BANKNIFTY,2025-11-12T12:56:00,1762932360000,21,optimized,hybrid,1021.469142730393,1030.733482644046,1038.7596884412746
2025-11-12T12:35:00,1762931100000,BANKNIFTY,2025-11-12T12:57:00,1762932420000,22,optimized,hybrid,1021.3328842008046,1030.2057021855546,1042.1485707509753
2025-11-12T12:35:00,1762931100000,BANKNIFTY,2025-11-12T12:58:00,1762932480000,23,optimized,hybrid,1018.7383040367056,1027.5938753577018,1039.4697420519592
2025-11-12T12:35:00,1762931100000,BANKNIFTY,2025-11-12T12:59:00,1762932540000,24,optimized,hybrid,1018.5030154392542,1027.0752133590192,1041.7448343263459
2025-11-12T12:35:00,1762931100000,BANKNIFTY,2025-11-12T13:00:00,1762932600000,25,optimized,hybrid,1018.4272341801397,1028.0615533427617,1038.8009177627298
2025-11-12T12:35:00,1762931100000,BANKNIFTY,2025-11-12T13:01:00,1762932660000,26,optimized,hybrid,1020.8232265489644,1029.4394385314286,1040.586648827627
2025-11-12T12:35:00,1762931100000,BANKNIFTY,2025-11-12T13:02:00,1762932720000,27,optimized,hybrid,1020.717277251033,1029.2353246506636,1044.639930391403
2025-11-12T12:35:00,1762931100000,BANKNIFTY,2025-11-12T13:03:00,1762932780000,28,optimized,hybrid,1019.0549639606642,1026.624451599459,1043.0606125036709
2025-11-12T12:35:00,1762931100000,BANKNIFTY,2025-11-12T13:04:00,1762932840000,29,optimized,hybrid,1018.7818758643073,1026.2448079469489,1043.2355654803064
2025-11-12T12:35:00,1762931100000,BANKNIFTY,2025-11-12T13:05:00,1762932900000,30,optimized,hybrid,1019.1733878401881,1027.0555422618554,1041.856182449626
2025-11-12T12:35:00,1762931100000,BANKNIFTY,2025-11-12T13:06:00,1762932960000,31,optimized,hybrid,1018.9442529708122,1027.800287445396,1042.5147663297573
2025-11-12T12:35:00,1762931100000,BANKNIFTY,2025-11-12T13:07:00,1762933020000,32,optimized,hybrid,1017.1064429384454,1026.10034361124,1040.9168805097117
2025-11-12T12:35:00,1762931100000,BANKNIFTY,2025-11-12T13:08:00,1762933080000,33,optimized,hybrid,1016.2450466627873,1026.4233469195462,1040.78381602146
2025-11-12T12:35:00,1762931100000,BANKNIFTY,2025-11-12T13:09:00,1762933140000,34,optimized,hybrid,1016.2990792131019,1024.1546426563866,1041.5861720264745
2025-11-12T12:35:00,1762931100000,BANKNIFTY,2025-11-12T13:10:00,1762933200000,35,optimized,hybrid,1016.2442036279285,1023.6061481653019,1040.802724722648
2025-11-12T12:35:00,1762931100000,BANKNIFTY,2025-11-12T13:11:00,1762933260000,36,optimized,hybrid,1015.0277449341727,1023.2662082464553,1037.7351190985898
2025-11-12T12:35:00,1762931100000,BANKNIFTY,2025-11-12T13:12:00,1762933320000,37,optimized,hybrid,1013.8031333442063,1024.2904627726077,1036.2620299779971
2025-11-12T12:35:00,1762931100000,BANKNIFTY,2025-11-12T13:13:00,1762933380000,38,optimized,hybrid,1014.3436069781916,1022.0099740690766,1035.3592064519169
2025-11-12T12:35:00,1762931100000,BANKNIFTY,2025-11-12T13:14:00,1762933440000,39,optimized,hybrid,1018.4461765592223,1027.2431324818895,1039.2451940447677
2025-11-12T12:35:00,1762931100000,BANKNIFTY,2025-11-12T13:15:00,1762933500000,40,optimized,hybrid,1014.2901725835811,1025.9010011489113,1039.303307315198
2025-11-12T12:35:00,1762931100000,BANKNIFTY,2025-11-12T13:16:00,1762933560000,41,optimized,hybrid,1017.1852589535895,1028.6055539232818,1041.7611888667498
2025-11-12T12:35:00,1762931100000,BANKNIFTY,2025-11-12T13:17:00,1762933620000,42,optimized,hybrid,1019.3464542019857,1026.2842547629261,1039.364435845093
2025-11-12T12:35:00,1762931100000,BANKNIFTY,2025-11-12T13:18:00,1762933680000,43,optimized,hybrid,1017.8897825264795,1026.1511305047259,1034.9379457449318
2025-11-12T12:35:00,1762931100000,BANKNIFTY,2025-11-12T13:19:00,1762933740000,44,optimized,hybrid,1018.3516204717671,1024.151065214175,1034.0409932100101
2025-11-12T12:35:00,1762931100000,BANKNIFTY,2025-11-12T13:20:00,1762933800000,45,optimized,hybrid,1018.7630268527686,1030.4858984431908,1038.1565108803873
2025-11-12T12:35:00,1762931100000,BANKNIFTY,2025-11-12T13:21:00,1762933860000,46,optimized,hybrid,1018.7896869946734,1030.1808190282493,1037.5131105056425
2025-11-12T12:35:00,1762931100000,BANKNIFTY,2025-11-12T13:22:00,1762933920000,47,optimized,hybrid,1019.7384765253247,1031.5834114232634,1038.9187574747004
2025-11-12T12:35:00,1762931100000,BANKNIFTY,2025-11-12T13:23:00,1762933980000,48,optimized,hybrid,1019.7271320285237,1031.608356757477,1040.1897664526437
2025-11-12T12:35:00,1762931100000,BANKNIFTY,2025-11-12T13:24:00,1762934040000,49,optimized,hybrid,1021.2528176396725,1031.4696582255076,1038.3285333349636
2025-11-12T12:35:00,1762931100000,BANKNIFTY,2025-11-12T13:25:00,1762934100000,50,optimized,hybrid,1020.7831813149215,1030.2390503754932,1036.827506078482
2025-11-12T12:35:00,1762931100000,BANKNIFTY,2025-11-12T13:26:00,1762934160000,51,optimized,hybrid,1020.9659014132857,1030.040251327437,1035.2759364014541
2025-11-12T12:35:00,1762931100000,BANKNIFTY,2025-11-12T13:27:00,1762934220000,52,optimized,hybrid,1019.780980545704,1030.4264745894789,1037.868046973048
2025-11-12T12:35:00,1762931100000,BANKNIFTY,2025-11-12T13:28:00,1762934280000,53,optimized,hybrid,1020.0675164851331,1030.3902376220312,1036.9353633825033
2025-11-12T12:35:00,1762931100000,BANKNIFTY,2025-11-12T13:29:00,1762934340000,54,optimized,hybrid,1018.8626783101936,1031.2631421766346,1036.298817959863
2025-11-12T12:35:00,1762931100000,BANKNIFTY,2025-11-12T13:30:00,1762934400000,55,optimized,hybrid,1021.1939093926536,1031.3268312478594,1037.7138057756092
2025-11-12T12:35:00,1762931100000,BANKNIFTY,2025-11-12T13:31:00,1762934460000,56,optimized,hybrid,1017.8163962696829,1030.3105213663011,1044.5454141269297
2025-11-12T12:35:00,1762931100000,BANKNIFTY,2025-11-12T13:32:00,1762934520000,57,optimized,hybrid,1017.1849535727397,1029.586683479896,1044.7950521065886
2025-11-12T12:35:00,1762931100000,BANKNIFTY,2025-11-12T13:33:00,1762934580000,58,optimized,hybrid,1016.2054310118041,1025.0658189922185,1034.6868972536768
2025-11-12T12:35:00,1762931100000,BANKNIFTY,2025-11-12T13:34:00,1762934640000,59,optimized,hybrid,1015.7990592566957,1026.8473694640606,1034.0110620312162
2025-11-12T12:35:00,1762931100000,BANKNIFTY,2025-11-12T13:35:00,1762934700000,60,optimized,hybrid,1016.50044209585,1028.633458876666,1036.2401773104439
2025-11-12T12:35:30,1762931130000,BANKNIFTY,2025-11-12T12:36:30,1762931190000,1,optimized,hybrid,1022.0844854310054,1026.55,1034.189783201857
2025-11-12T12:35:30,1762931130000,BANKNIFTY,2025-11-12T12:37:30,1762931250000,2,optimized,hybrid,1021.6149229016451,1026.880867195065,1034.9979759092055
2025-11-12T12:35:30,1762931130000,BANKNIFTY,2025-11-12T12:38:30,1762931310000,3,optimized,hybrid,1014.4853756895118,1026.2935578460356,1035.4555836982636
2025-11-12T12:35:30,1762931130000,BANKNIFTY,2025-11-12T12:39:30,1762931370000,4,optimized,hybrid,1017.6274116664284,1027.3961280814267,1035.94907397441
2025-11-12T12:35:30,1762931130000,BANKNIFTY,2025-11-12T12:40:30,1762931430000,5,optimized,hybrid,1019.6052763889974,1026.5749379256413,1034.5463658000199
2025-11-12T12:35:30,1762931130000,BANKNIFTY,2025-11-12T12:41:30,1762931490000,6,optimized,hybrid,1023.2711646240854,1026.0915033358042,1034.983720052475
2025-11-12T12:35:30,1762931130000,BANKNIFTY,2025-11-12T12:42:30,1762931550000,7,optimized,hybrid,1020.3714753685508,1028.0501426325075,1037.606485648377
2025-11-12T12:35:30,1762931130000,BANKNIFTY,2025-11-12T12:43:30,1762931610000,8,optimized,hybrid,1013.949738619816,1024.193913002679,1033.2163408144684
2025-11-12T12:35:30,1762931130000,BANKNIFTY,2025-11-12T12:44:30,1762931670000,9,optimized,hybrid,1019.3353786830485,1024.7114768056285,1030.9834966775402
2025-11-12T12:35:30,1762931130000,BANKNIFTY,2025-11-12T12:45:30,1762931730000,10,optimized,hybrid,1019.7639932692488,1024.9796872537095,1032.0044919530078
2025-11-12T12:35:30,1762931130000,BANKNIFTY,2025-11-12T12:46:30,1762931790000,11,optimized,hybrid,1019.8060900479377,1026.3855514047798,1033.2662307382454
2025-11-12T12:35:30,1762931130000,BANKNIFTY,2025-11-12T12:47:30,1762931850000,12,optimized,hybrid,1018.9430786116217,1026.2397742388066,1034.5097010350194
2025-11-12T12:35:30,1762931130000,BANKNIFTY,2025-11-12T12:48:30,1762931910000,13,optimized,hybrid,1017.494075416323,1025.3857090263286,1033.6422611631954
2025-11-12T12:35:30,1762931130000,BANKNIFTY,2025-11-12T12:49:30,1762931970000,14,optimized,hybrid,1019.3945491941065,1027.2349436380641,1033.3628694751546
2025-11-12T12:35:30,1762931130000,BANKNIFTY,2025-11-12T12:50:30,1762932030000,15,optimized,hybrid,1019.0250457155646,1026.1046913499404,1035.1685351927556
2025-11-12T12:35:30,1762931130000,BANKNIFTY,2025-11-12T12:51:30,1762932090000,16,optimized,hybrid,1020.4213334875701,1028.0461461157777,1036.327682299804
2025-11-12T12:35:30,1762931130000,BANKNIFTY,2025-11-12T12:52:30,1762932150000,17,optimized,hybrid,1020.4268359595183,1029.367041180152,1039.6112819368493
2025-11-12T12:35:30,1762931130000,BANKNIFTY,2025-11-12T12:53:30,1762932210000,18,optimized,hybrid,1018.9710592399755,1027.3954837254503,1038.2742400087075
2025-11-12T12:35:30,1762931130000,BANKNIFTY,2025-11-12T12:54:30,1762932270000,19,optimized,hybrid,1019.7435103986471,1028.2222776267097,1041.3280244670702
2025-11-12T12:35:30,1762931130000,BANKNIFTY,2025-11-12T12:55:30,1762932330000,20,optimized,hybrid,1018.5647138349774,1026.354947604677,1041.5387265804882
2025-11-12T12:35:30,1762931130000,BANKNIFTY,2025-11-12T12:56:30,1762932390000,21,optimized,hybrid,1019.2674604746287,1028.5246201442044,1036.5537935434324
2025-11-12T12:35:30,1762931130000,BANKNIFTY,2025-11-12T12:57:30,1762932450000,22,optimized,hybrid,1019.287514339459,1028.0433607904743,1039.9578476272336
2025-11-12T12:35:30,1762931130000,BANKNIFTY,2025-11-12T12:58:30,1762932510000,23,optimized,hybrid,1016.8997317292842,1025.6765985751347,1037.3247716131784
2025-11-12T12:35:30,1762931130000,BANKNIFTY,2025-11-12T12:59:30,1762932570000,24,optimized,hybrid,1016.4668060334484,1025.0371091222169,1039.5592867009761
2025-11-12T12:35:30,1762931130000,BANKNIFTY,2025-11-12T13:00:30,1762932630000,25,optimized,hybrid,1016.8257914310334,1026.4886072793622,1037.1794291762772
2025-11-12T12:35:30,1762931130000,BANKNIFTY,2025-11-12T13:01:30,1762932690000,26,optimized,hybrid,1019.0604151940279,1027.5553341466536,1038.6441274841764
2025-11-12T12:35:30,1762931130000,BANKNIFTY,2025-11-12T13:02:30,1762932750000,27,optimized,hybrid,1018.4990359842252,1027.002982969687,1042.4298267391587
2025-11-12T12:35:30,1762931130000,BANKNIFTY,2025-11-12T13:03:30,1762932810000,28,optimized,hybrid,1017.0664587053514,1024.449273366161,1040.9500600617039
2025-11-12T12:35:30,1762931130000,BANKNIFTY,2025-11-12T13:04:30,1762932870000,29,optimized,hybrid,1016.638343283375,1024.0457617177735,1040.8624336431503
2025-11-12T12:35:30,1762931130000,BANKNIFTY,2025-11-12T13:05:30,1762932930000,30,optimized,hybrid,1017.4772686763173,1025.3288535303889,1040.1597339443656
2025-11-12T12:35:30,1762931130000,BANKNIFTY,2025-11-12T13:06:30,1762932990000,31,optimized,hybrid,1016.9288863404283,1025.6085988386521,1040.3859738705087
2025-11-12T12:35:30,1762931130000,BANKNIFTY,2025-11-12T13:07:30,1762933050000,32,optimized,hybrid,1015.0507488179048,1023.9093042459065,1038.7727035468001
2025-11-12T12:35:30,1762931130000,BANKNIFTY,2025-11-12T13:08:30,1762933110000,33,optimized,hybrid,1014.2346297729847,1024.270257997326,1038.5730234960215
2025-11-12T12:35:30,1762931130000,BANKNIFTY,2025-11-12T13:09:30,1762933170000,34,optimized,hybrid,1014.1100894708935,1021.7442964445324,1038.856209791284
2025-11-12T12:35:30,1762931130000,BANKNIFTY,2025-11-12T13:10:30,1762933230000,35,optimized,hybrid,1014.3434725060075,1021.4492589499589,1037.9174471216122
2025-11-12T12:35:30,1762931130000,BANKNIFTY,2025-11-12T13:11:30,1762933290000,36,optimized,hybrid,1012.8670005805308,1020.9644173532913,1035.568561312765
2025-11-12T12:35:30,1762931130000,BANKNIFTY,2025-11-12T13:12:30,1762933350000,37,optimized,hybrid,1011.4826788285925,1021.9006584586357,1034.0333287172061
2025-11-12T12:35:30,1762931130000,BANKNIFTY,2025-11-12T13:13:30,1762933410000,38,optimized,hybrid,1012.4222535979708,1019.9917886977366,1033.4751759082583
2025-11-12T12:35:30,1762931130000,BANKNIFTY,2025-11-12T13:14:30,1762933470000,39,optimized,hybrid,1016.6881398647499,1025.1127389448427,1037.4229097725274
2025-11-12T12:35:30,1762931130000,BANKNIFTY,2025-11-12T13:15:30,1762933530000,40,optimized,hybrid,1012.1029894906179,1023.5705461754023,1037.1660324759546
2025-11-12T12:35:30,1762931130000,BANKNIFTY,2025-11-12T13:16:30,1762933590000,41,optimized,hybrid,1015.4982838525003,1026.6630042963832,1039.7942098770782
2025-11-12T12:35:30,1762931130000,BANKNIFTY,2025-11-12T13:17:30,1762933650000,42,optimized,hybrid,1017.4242520422416,1024.2216581592368,1037.2829996443402
2025-11-12T12:35:30,1762931130000,BANKNIFTY,2025-11-12T13:18:30,1762933710000,43,optimized,hybrid,1016.3767535397824,1024.2236415337404,1033.1324268136602
2025-11-12T12:35:30,1762931130000,BANKNIFTY,2025-11-12T13:19:30,1762933770000,44,optimized,hybrid,1015.8279379595384,1021.5829211697519,1031.4433617673049
2025-11-12T12:35:30,1762931130000,BANKNIFTY,2025-11-12T13:20:30,1762933830000,45,optimized,hybrid,1016.797722154493,1028.3847870001587,1035.9615331627042
2025-11-12T12:35:30,1762931130000,BANKNIFTY,2025-11-12T13:21:30,1762933890000,46,optimized,hybrid,1017.2562542645064,1028.4716369318057,1035.8462118321688
2025-11-12T12:35:30,1762931130000,BANKNIFTY,2025-11-12T13:22:30,1762933950000,47,optimized,hybrid,1018.0432781604586,1029.759548186404,1037.0619957380761
2025-11-12T12:35:30,1762931130000,BANKNIFTY,2025-11-12T13:23:30,1762934010000,48,optimized,hybrid,1017.7022066486562,1029.4369414427595,1038.1150301300681
2025-11-12T12:35:30,1762931130000,BANKNIFTY,2025-11-12T13:24:30,1762934070000,49,optimized,hybrid,1019.3660365576735,1029.5333625725134,1036.429030407273
2025-11-12T12:35:30,1762931130000,BANKNIFTY,2025-11-12T13:25:30,1762934130000,50,optimized,hybrid,1018.598394117352,1028.2182177253665,1034.64531289524
2025-11-12T12:35:30,1762931130000,BANKNIFTY,2025-11-12T13:26:30,1762934190000,51,optimized,hybrid,1018.9850968663098,1028.018430091893,1033.239225293131
2025-11-12T12:35:30,1762931130000,BANKNIFTY,2025-11-12T13:27:30,1762934250000,52,optimized,hybrid,1018.1504377394238,1028.5570887546012,1035.9967780212062
2025-11-12T12:35:30,1762931130000,BANKNIFTY,2025-11-12T13:28:30,1762934310000,53,optimized,hybrid,1018.3010175360314,1028.3401995821775,1034.9224718380724
2025-11-12T12:35:30,1762931130000,BANKNIFTY,2025-11-12T13:29:30,1762934370000,54,optimized,hybrid,1017.1686346672475,1029.3860850959563,1034.430000539999
2025-11-12T12:35:30,1762931130000,BANKNIFTY,2025-11-12T13:30:30,1762934430000,55,optimized,hybrid,1019.5257307065899,1029.2993800396928,1035.6119797238975
2025-11-12T12:35:30,1762931130000,BANKNIFTY,2025-11-12T13:31:30,1762934490000,56,optimized,hybrid,1015.6873547293388,1028.3295562233561,1042.660268429983
2025-11-12T12:35:30,1762931130000,BANKNIFTY,2025-11-12T13:32:30,1762934550000,57,optimized,hybrid,1015.1841087676511,1027.5337816591357,1043.0603022333914
2025-11-12T12:35:30,1762931130000,BANKNIFTY,2025-11-12T13:33:30,1762934610000,58,optimized,hybrid,1013.9892978155931,1022.7598675285985,1032.3623048485344
2025-11-12T12:35:30,1762931130000,BANKNIFTY,2025-11-12T13:34:30,1762934670000,59,optimized,hybrid,1014.1103220763927,1025.12341055613,1032.271471698737
2025-11-12T12:35:30,1762931130000,BANKNIFTY,2025-11-12T13:35:30,1762934730000,60,optimized,hybrid,1014.6160666376959,1026.6386664097702,1034.2687501635673
2025-11-12T12:35:30,1762931130000,BANKNIFTY,2025-11-12T12:36:30,1762931190000,1,optimized,hybrid,1022.0844854310054,1026.55,1034.189783201857
2025-11-12T12:35:30,1762931130000,BANKNIFTY,2025-11-12T12:37:30,1762931250000,2,optimized,hybrid,1021.6149229016451,1026.880867195065,1034.9979759092055
2025-11-12T12:35:30,1762931130000,BANKNIFTY,2025-11-12T12:38:30,1762931310000,3,optimized,hybrid,1014.4853756895118,1026.2935578460356,1035.4555836982636
2025-11-12T12:35:30,1762931130000,BANKNIFTY,2025-11-12T12:39:30,1762931370000,4,optimized,hybrid,1017.6274116664284,1027.3961280814267,1035.94907397441
2025-11-12T12:35:30,1762931130000,BANKNIFTY,2025-11-12T12:40:30,1762931430000,5,optimized,hybrid,1019.6052763889974,1026.5749379256413,1034.5463658000199
2025-11-12T12:35:30,1762931130000,BANKNIFTY,2025-11-12T12:41:30,1762931490000,6,optimized,hybrid,1023.2711646240854,1026.0915033358042,1034.983720052475
2025-11-12T12:35:30,1762931130000,BANKNIFTY,2025-11-12T12:42:30,1762931550000,7,optimized,hybrid,1020.3714753685508,1028.0501426325075,1037.606485648377
2025-11-12T12:35:30,1762931130000,BANKNIFTY,2025-11-12T12:43:30,1762931610000,8,optimized,hybrid,1013.949738619816,1024.193913002679,1033.2163408144684
2025-11-12T12:35:30,1762931130000,BANKNIFTY,2025-11-12T12:44:30,1762931670000,9,optimized,hybrid,1019.3353786830485,1024.7114768056285,1030.9834966775402
2025-11-12T12:35:30,1762931130000,BANKNIFTY,2025-11-12T12:45:30,1762931730000,10,optimized,hybrid,1019.7639932692488,1024.9796872537095,1032.0044919530078
2025-11-12T12:35:30,1762931130000,BANKNIFTY,2025-11-12T12:46:30,1762931790000,11,optimized,hybrid,1019.8060900479377,1026.3855514047798,1033.2662307382454
2025-11-12T12:35:30,1762931130000,BANKNIFTY,2025-11-12T12:47:30,1762931850000,12,optimized,hybrid,1018.9430786116217,1026.2397742388066,1034.5097010350194
2025-11-12T12:35:30,1762931130000,BANKNIFTY,2025-11-12T12:48:30,1762931910000,13,optimized,hybrid,1017.494075416323,1025.3857090263286,1033.6422611631954
2025-11-12T12:35:30,1762931130000,BANKNIFTY,2025-11-12T12:49:30,1762931970000,14,optimized,hybrid,1019.3945491941065,1027.2349436380641,1033.3628694751546
2025-11-12T12:35:30,1762931130000,BANKNIFTY,2025-11-12T12:50:30,1762932030000,15,optimized,hybrid,1019.0250457155646,1026.1046913499404,1035.1685351927556
2025-11-12T12:35:30,1762931130000,BANKNIFTY,2025-11-12T12:51:30,1762932090000,16,optimized,hybrid,1020.4213334875701,1028.0461461157777,1036.327682299804
2025-11-12T12:35:30,1762931130000,BANKNIFTY,2025-11-12T12:52:30,1762932150000,17,optimized,hybrid,1020.4268359595183,1029.367041180152,1039.6112819368493
2025-11-12T12:35:30,1762931130000,BANKNIFTY,2025-11-12T12:53:30,1762932210000,18,optimized,hybrid,1018.9710592399755,1027.3954837254503,1038.2742400087075
2025-11-12T12:35:30,1762931130000,BANKNIFTY,2025-11-12T12:54:30,1762932270000,19,optimized,hybrid,1019.7435103986471,1028.2222776267097,1041.3280244670702
2025-11-12T12:35:30,1762931130000,BANKNIFTY,2025-11-12T12:55:30,1762932330000,20,optimized,hybrid,1018.5647138349774,1026.354947604677,1041.5387265804882
2025-11-12T12:35:30,1762931130000,BANKNIFTY,2025-11-12T12:56:30,1762932390000,21,optimized,hybrid,1019.2674604746287,1028.5246201442044,1036.5537935434324
2025-11-12T12:35:30,1762931130000,BANKNIFTY,2025-11-12T12:57:30,1762932450000,22,optimized,hybrid,1019.287514339459,1028.0433607904743,1039.9578476272336
2025-11-12T12:35:30,1762931130000,BANKNIFTY,2025-11-12T12:58:30,1762932510000,23,optimized,hybrid,1016.8997317292842,1025.6765985751347,1037.3247716131784
2025-11-12T12:35:30,1762931130000,BANKNIFTY,2025-11-12T12:59:30,1762932570000,24,optimized,hybrid,1016.4668060334484,1025.0371091222169,1039.5592867009761
2025-11-12T12:35:30,1762931130000,BANKNIFTY,2025-11-12T13:00:30,1762932630000,25,optimized,hybrid,1016.8257914310334,1026.4886072793622,1037.1794291762772
2025-11-12T12:35:30,1762931130000,BANKNIFTY,2025-11-12T13:01:30,1762932690000,26,optimized,hybrid,1019.0604151940279,1027.5553341466536,1038.6441274841764
2025-11-12T12:35:30,1762931130000,BANKNIFTY,2025-11-12T13:02:30,1762932750000,27,optimized,hybrid,1018.4990359842252,1027.002982969687,1042.4298267391587
2025-11-12T12:35:30,1762931130000,BANKNIFTY,2025-11-12T13:03:30,1762932810000,28,optimized,hybrid,1017.0664587053514,1024.449273366161,1040.9500600617039
2025-11-12T12:35:30,1762931130000,BANKNIFTY,2025-11-12T13:04:30,1762932870000,29,optimized,hybrid,1016.638343283375,1024.0457617177735,1040.8624336431503
2025-11-12T12:35:30,1762931130000,BANKNIFTY,2025-11-12T13:05:30,1762932930000,30,optimized,hybrid,1017.4772686763173,1025.3288535303889,1040.1597339443656
2025-11-12T12:35:30,1762931130000,BANKNIFTY,2025-11-12T13:06:30,1762932990000,31,optimized,hybrid,1016.9288863404283,1025.6085988386521,1040.3859738705087
2025-11-12T12:35:30,1762931130000,BANKNIFTY,2025-11-12T13:07:30,1762933050000,32,optimized,hybrid,1015.0507488179048,1023.9093042459065,1038.7727035468001
2025-11-12T12:35:30,1762931130000,BANKNIFTY,2025-11-12T13:08:30,1762933110000,33,optimized,hybrid,1014.2346297729847,1024.270257997326,1038.5730234960215
2025-11-12T12:35:30,1762931130000,BANKNIFTY,2025-11-12T13:09:30,1762933170000,34,optimized,hybrid,1014.1100894708935,1021.7442964445324,1038.856209791284
2025-11-12T12:35:30,1762931130000,BANKNIFTY,2025-11-12T13:10:30,1762933230000,35,optimized,hybrid,1014.3434725060075,1021.4492589499589,1037.9174471216122
2025-11-12T12:35:30,1762931130000,BANKNIFTY,2025-11-12T13:11:30,1762933290000,36,optimized,hybrid,1012.8670005805308,1020.9644173532913,1035.568561312765
2025-11-12T12:35:30,1762931130000,BANKNIFTY,2025-11-12T13:12:30,1762933350000,37,optimized,hybrid,1011.4826788285925,1021.9006584586357,1034.0333287172061
2025-11-12T12:35:30,1762931130000,BANKNIFTY,2025-11-12T13:13:30,1762933410000,38,optimized,hybrid,1012.4222535979708,1019.9917886977366,1033.4751759082583
2025-11-12T12:35:30,1762931130000,BANKNIFTY,2025-11-12T13:14:30,1762933470000,39,optimized,hybrid,1016.6881398647499,1025.1127389448427,1037.4229097725274
2025-11-12T12:35:30,1762931130000,BANKNIFTY,2025-11-12T13:15:30,1762933530000,40,optimized,hybrid,1012.1029894906179,1023.5705461754023,1037.1660324759546
2025-11-12T12:35:30,1762931130000,BANKNIFTY,2025-11-12T13:16:30,1762933590000,41,optimized,hybrid,1015.4982838525003,1026.6630042963832,1039.7942098770782
2025-11-12T12:35:30,1762931130000,BANKNIFTY,2025-11-12T13:17:30,1762933650000,42,optimized,hybrid,1017.4242520422416,1024.2216581592368,1037.2829996443402
2025-11-12T12:35:30,1762931130000,BANKNIFTY,2025-11-12T13:18:30,1762933710000,43,optimized,hybrid,1016.3767535397824,1024.2236415337404,1033.1324268136602
2025-11-12T12:35:30,1762931130000,BANKNIFTY,2025-11-12T13:19:30,1762933770000,44,optimized,hybrid,1015.8279379595384,1021.5829211697519,1031.4433617673049
2025-11-12T12:35:30,1762931130000,BANKNIFTY,2025-11-12T13:20:30,1762933830000,45,optimized,hybrid,1016.797722154493,1028.3847870001587,1035.9615331627042
2025-11-12T12:35:30,1762931130000,BANKNIFTY,2025-11-12T13:21:30,1762933890000,46,optimized,hybrid,1017.2562542645064,1028.4716369318057,1035.8462118321688
2025-11-12T12:35:30,1762931130000,BANKNIFTY,2025-11-12T13:22:30,1762933950000,47,optimized,hybrid,1018.0432781604586,1029.759548186404,1037.0619957380761
2025-11-12T12:35:30,1762931130000,BANKNIFTY,2025-11-12T13:23:30,1762934010000,48,optimized,hybrid,1017.7022066486562,1029.4369414427595,1038.1150301300681
2025-11-12T12:35:30,1762931130000,BANKNIFTY,2025-11-12T13:24:30,1762934070000,49,optimized,hybrid,1019.3660365576735,1029.5333625725134,1036.429030407273
2025-11-12T12:35:30,1762931130000,BANKNIFTY,2025-11-12T13:25:30,1762934130000,50,optimized,hybrid,1018.598394117352,1028.2182177253665,1034.64531289524
2025-11-12T12:35:30,1762931130000,BANKNIFTY,2025-11-12T13:26:30,1762934190000,51,optimized,hybrid,1018.9850968663098,1028.018430091893,1033.239225293131
2025-11-12T12:35:30,1762931130000,BANKNIFTY,2025-11-12T13:27:30,1762934250000,52,optimized,hybrid,1018.1504377394238,1028.5570887546012,1035.9967780212062
2025-11-12T12:35:30,1762931130000,BANKNIFTY,2025-11-12T13:28:30,1762934310000,53,optimized,hybrid,1018.3010175360314,1028.3401995821775,1034.9224718380724
2025-11-12T12:35:30,1762931130000,BANKNIFTY,2025-11-12T13:29:30,1762934370000,54,optimized,hybrid,1017.1686346672475,1029.3860850959563,1034.430000539999
2025-11-12T12:35:30,1762931130000,BANKNIFTY,2025-11-12T13:30:30,1762934430000,55,optimized,hybrid,1019.5257307065899,1029.2993800396928,1035.6119797238975
2025-11-12T12:35:30,1762931130000,BANKNIFTY,2025-11-12T13:31:30,1762934490000,56,optimized,hybrid,1015.6873547293388,1028.3295562233561,1042.660268429983
2025-11-12T12:35:30,1762931130000,BANKNIFTY,2025-11-12T13:32:30,1762934550000,57,optimized,hybrid,1015.1841087676511,1027.5337816591357,1043.0603022333914
2025-11-12T12:35:30,1762931130000,BANKNIFTY,2025-11-12T13:33:30,1762934610000,58,optimized,hybrid,1013.9892978155931,1022.7598675285985,1032.3623048485344
2025-11-12T12:35:30,1762931130000,BANKNIFTY,2025-11-12T13:34:30,1762934670000,59,optimized,hybrid,1014.1103220763927,1025.12341055613,1032.271471698737
2025-11-12T12:35:30,1762931130000,BANKNIFTY,2025-11-12T13:35:30,1762934730000,60,optimized,hybrid,1014.6160666376959,1026.6386664097702,1034.2687501635673
2025-11-12T12:35:30,1762931130000,BANKNIFTY,2025-11-12T12:36:30,1762931190000,1,optimized,hybrid,1022.0844854310054,1026.55,1034.189783201857
2025-11-12T12:35:30,1762931130000,BANKNIFTY,2025-11-12T12:37:30,1762931250000,2,optimized,hybrid,1021.6149229016451,1026.880867195065,1034.9979759092055
2025-11-12T12:35:30,1762931130000,BANKNIFTY,2025-11-12T12:38:30,1762931310000,3,optimized,hybrid,1014.4853756895118,1026.2935578460356,1035.4555836982636
2025-11-12T12:35:30,1762931130000,BANKNIFTY,2025-11-12T12:39:30,1762931370000,4,optimized,hybrid,1017.6274116664284,1027.3961280814267,1035.94907397441
2025-11-12T12:35:30,1762931130000,BANKNIFTY,2025-11-12T12:40:30,1762931430000,5,optimized,hybrid,1019.6052763889974,1026.5749379256413,1034.5463658000199
2025-11-12T12:35:30,1762931130000,BANKNIFTY,2025-11-12T12:41:30,1762931490000,6,optimized,hybrid,1023.2711646240854,1026.0915033358042,1034.983720052475
2025-11-12T12:35:30,1762931130000,BANKNIFTY,2025-11-12T12:42:30,1762931550000,7,optimized,hybrid,1020.3714753685508,1028.0501426325075,1037.606485648377
2025-11-12T12:35:30,1762931130000,BANKNIFTY,2025-11-12T12:43:30,1762931610000,8,optimized,hybrid,1013.949738619816,1024.193913002679,1033.2163408144684
2025-11-12T12:35:30,1762931130000,BANKNIFTY,2025-11-12T12:44:30,1762931670000,9,optimized,hybrid,1019.3353786830485,1024.7114768056285,1030.9834966775402
2025-11-12T12:35:30,1762931130000,BANKNIFTY,2025-11-12T12:45:30,1762931730000,10,optimized,hybrid,1019.7639932692488,1024.9796872537095,1032.0044919530078
2025-11-12T12:35:30,1762931130000,BANKNIFTY,2025-11-12T12:46:30,1762931790000,11,optimized,hybrid,1019.8060900479377,1026.3855514047798,1033.2662307382454
2025-11-12T12:35:30,1762931130000,BANKNIFTY,2025-11-12T12:47:30,1762931850000,12,optimized,hybrid,1018.9430786116217,1026.2397742388066,1034.5097010350194
2025-11-12T12:35:30,1762931130000,BANKNIFTY,2025-11-12T12:48:30,1762931910000,13,optimized,hybrid,1017.494075416323,1025.3857090263286,1033.6422611631954
2025-11-12T12:35:30,1762931130000,BANKNIFTY,2025-11-12T12:49:30,1762931970000,14,optimized,hybrid,1019.3945491941065,1027.2349436380641,1033.3628694751546
2025-11-12T12:35:30,1762931130000,BANKNIFTY,2025-11-12T12:50:30,1762932030000,15,optimized,hybrid,1019.0250457155646,1026.1046913499404,1035.1685351927556
2025-11-12T12:35:30,1762931130000,BANKNIFTY,2025-11-12T12:51:30,1762932090000,16,optimized,hybrid,1020.4213334875701,1028.0461461157777,1036.327682299804
2025-11-12T12:35:30,1762931130000,BANKNIFTY,2025-11-12T12:52:30,1762932150000,17,optimized,hybrid,1020.4268359595183,1029.367041180152,1039.6112819368493
2025-11-12T12:35:30,1762931130000,BANKNIFTY,2025-11-12T12:53:30,1762932210000,18,optimized,hybrid,1018.9710592399755,1027.3954837254503,1038.2742400087075
2025-11-12T12:35:30,1762931130000,BANKNIFTY,2025-11-12T12:54:30,1762932270000,19,optimized,hybrid,1019.7435103986471,1028.2222776267097,1041.3280244670702
2025-11-12T12:35:30,1762931130000,BANKNIFTY,2025-11-12T12:55:30,1762932330000,20,optimized,hybrid,1018.5647138349774,1026.354947604677,1041.5387265804882
2025-11-12T12:35:30,1762931130000,BANKNIFTY,2025-11-12T12:56:30,1762932390000,21,optimized,hybrid,1019.2674604746287,1028.5246201442044,1036.5537935434324
2025-11-12T12:35:30,1762931130000,BANKNIFTY,2025-11-12T12:57:30,1762932450000,22,optimized,hybrid,1019.287514339459,1028.0433607904743,1039.9578476272336
2025-11-12T12:35:30,1762931130000,BANKNIFTY,2025-11-12T12:58:30,1762932510000,23,optimized,hybrid,1016.8997317292842,1025.6765985751347,1037.3247716131784
2025-11-12T12:35:30,1762931130000,BANKNIFTY,2025-11-12T12:59:30,1762932570000,24,optimized,hybrid,1016.4668060334484,1025.0371091222169,1039.5592867009761
2025-11-12T12:35:30,1762931130000,BANKNIFTY,2025-11-12T13:00:30,1762932630000,25,optimized,hybrid,1016.8257914310334,1026.4886072793622,1037.1794291762772
2025-11-12T12:35:30,1762931130000,BANKNIFTY,2025-11-12T13:01:30,1762932690000,26,optimized,hybrid,1019.0604151940279,1027.5553341466536,1038.6441274841764
2025-11-12T12:35:30,1762931130000,BANKNIFTY,2025-11-12T13:02:30,1762932750000,27,optimized,hybrid,1018.4990359842252,1027.002982969687,1042.4298267391587
2025-11-12T12:35:30,1762931130000,BANKNIFTY,2025-11-12T13:03:30,1762932810000,28,optimized,hybrid,1017.0664587053514,1024.449273366161,1040.9500600617039
2025-11-12T12:35:30,1762931130000,BANKNIFTY,2025-11-12T13:04:30,1762932870000,29,optimized,hybrid,1016.638343283375,1024.0457617177735,1040.8624336431503
2025-11-12T12:35:30,1762931130000,BANKNIFTY,2025-11-12T13:05:30,1762932930000,30,optimized,hybrid,1017.4772686763173,1025.3288535303889,1040.1597339443656
2025-11-12T12:35:30,1762931130000,BANKNIFTY,2025-11-12T13:06:30,1762932990000,31,optimized,hybrid,1016.9288863404283,1025.6085988386521,1040.3859738705087
2025-11-12T12:35:30,1762931130000,BANKNIFTY,2025-11-12T13:07:30,1762933050000,32,optimized,hybrid,1015.0507488179048,1023.9093042459065,1038.7727035468001
2025-11-12T12:35:30,1762931130000,BANKNIFTY,2025-11-12T13:08:30,1762933110000,33,optimized,hybrid,1014.2346297729847,1024.270257997326,1038.5730234960215
2025-11-12T12:35:30,1762931130000,BANKNIFTY,2025-11-12T13:09:30,1762933170000,34,optimized,hybrid,1014.1100894708935,1021.7442964445324,1038.856209791284
2025-11-12T12:35:30,1762931130000,BANKNIFTY,2025-11-12T13:10:30,1762933230000,35,optimized,hybrid,1014.3434725060075,1021.4492589499589,1037.9174471216122
2025-11-12T12:35:30,1762931130000,BANKNIFTY,2025-11-12T13:11:30,1762933290000,36,optimized,hybrid,1012.8670005805308,1020.9644173532913,1035.568561312765
2025-11-12T12:35:30,1762931130000,BANKNIFTY,2025-11-12T13:12:30,1762933350000,37,optimized,hybrid,1011.4826788285925,1021.9006584586357,1034.0333287172061
2025-11-12T12:35:30,1762931130000,BANKNIFTY,2025-11-12T13:13:30,1762933410000,38,optimized,hybrid,1012.4222535979708,1019.9917886977366,1033.4751759082583
2025-11-12T12:35:30,1762931130000,BANKNIFTY,2025-11-12T13:14:30,1762933470000,39,optimized,hybrid,1016.6881398647499,1025.1127389448427,1037.4229097725274
2025-11-12T12:35:30,1762931130000,BANKNIFTY,2025-11-12T13:15:30,1762933530000,40,optimized,hybrid,1012.1029894906179,1023.5705461754023,1037.1660324759546
2025-11-12T12:35:30,1762931130000,BANKNIFTY,2025-11-12T13:16:30,1762933590000,41,optimized,hybrid,1015.4982838525003,1026.6630042963832,1039.7942098770782
2025-11-12T12:35:30,1762931130000,BANKNIFTY,2025-11-12T13:17:30,1762933650000,42,optimized,hybrid,1017.4242520422416,1024.2216581592368,1037.2829996443402
2025-11-12T12:35:30,1762931130000,BANKNIFTY,2025-11-12T13:18:30,1762933710000,43,optimized,hybrid,1016.3767535397824,1024.2236415337404,1033.1324268136602
2025-11-12T12:35:30,1762931130000,BANKNIFTY,2025-11-12T13:19:30,1762933770000,44,optimized,hybrid,1015.8279379595384,1021.5829211697519,1031.4433617673049
2025-11-12T12:35:30,1762931130000,BANKNIFTY,2025-11-12T13:20:30,1762933830000,45,optimized,hybrid,1016.797722154493,1028.3847870001587,1035.9615331627042
2025-11-12T12:35:30,1762931130000,BANKNIFTY,2025-11-12T13:21:30,1762933890000,46,optimized,hybrid,1017.2562542645064,1028.4716369318057,1035.8462118321688
2025-11-12T12:35:30,1762931130000,BANKNIFTY,2025-11-12T13:22:30,1762933950000,47,optimized,hybrid,1018.0432781604586,1029.759548186404,1037.0619957380761
2025-11-12T12:35:30,1762931130000,BANKNIFTY,2025-11-12T13:23:30,1762934010000,48,optimized,hybrid,1017.7022066486562,1029.4369414427595,1038.1150301300681
2025-11-12T12:35:30,1762931130000,BANKNIFTY,2025-11-12T13:24:30,1762934070000,49,optimized,hybrid,1019.3660365576735,1029.5333625725134,1036.429030407273
2025-11-12T12:35:30,1762931130000,BANKNIFTY,2025-11-12T13:25:30,1762934130000,50,optimized,hybrid,1018.598394117352,1028.2182177253665,1034.64531289524
2025-11-12T12:35:30,1762931130000,BANKNIFTY,2025-11-12T13:26:30,1762934190000,51,optimized,hybrid,1018.9850968663098,1028.018430091893,1033.239225293131
2025-11-12T12:35:30,1762931130000,BANKNIFTY,2025-11-12T13:27:30,1762934250000,52,optimized,hybrid,1018.1504377394238,1028.5570887546012,1035.9967780212062
2025-11-12T12:35:30,1762931130000,BANKNIFTY,2025-11-12T13:28:30,1762934310000,53,optimized,hybrid,1018.3010175360314,1028.3401995821775,1034.9224718380724
2025-11-12T12:35:30,1762931130000,BANKNIFTY,2025-11-12T13:29:30,1762934370000,54,optimized,hybrid,1017.1686346672475,1029.3860850959563,1034.430000539999
2025-11-12T12:35:30,1762931130000,BANKNIFTY,2025-11-12T13:30:30,1762934430000,55,optimized,hybrid,1019.5257307065899,1029.2993800396928,1035.6119797238975
2025-11-12T12:35:30,1762931130000,BANKNIFTY,2025-11-12T13:31:30,1762934490000,56,optimized,hybrid,1015.6873547293388,1028.3295562233561,1042.660268429983
2025-11-12T12:35:30,1762931130000,BANKNIFTY,2025-11-12T13:32:30,1762934550000,57,optimized,hybrid,1015.1841087676511,1027.5337816591357,1043.0603022333914
2025-11-12T12:35:30,1762931130000,BANKNIFTY,2025-11-12T13:33:30,1762934610000,58,optimized,hybrid,1013.9892978155931,1022.7598675285985,1032.3623048485344
2025-11-12T12:35:30,1762931130000,BANKNIFTY,2025-11-12T13:34:30,1762934670000,59,optimized,hybrid,1014.1103220763927,1025.12341055613,1032.271471698737
2025-11-12T12:35:30,1762931130000,BANKNIFTY,2025-11-12T13:35:30,1762934730000,60,optimized,hybrid,1014.6160666376959,1026.6386664097702,1034.2687501635673
2025-11-12T12:36:00,1762931160000,BANKNIFTY,2025-11-12T12:37:00,1762931220000,1,optimized,hybrid,1026.9278681274964,1031.3,1038.801109894339
2025-11-12T12:36:00,1762931160000,BANKNIFTY,2025-11-12T12:38:00,1762931280000,2,optimized,hybrid,1026.582220915185,1031.7875936175883,1039.771211997199
2025-11-12T12:36:00,1762931160000,BANKNIFTY,2025-11-12T12:39:00,1762931340000,3,optimized,hybrid,1018.0220502882868,1030.9717660912715,1040.5074060235206
2025-11-12T12:36:00,1762931160000,BANKNIFTY,2025-11-12T12:40:00,1762931400000,4,optimized,hybrid,1022.0200879864236,1032.3031873885216,1041.3396694686812
2025-11-12T12:36:00,1762931160000,BANKNIFTY,2025-11-12T12:41:00,1762931460000,5,optimized,hybrid,1023.5999758332217,1030.8552663608423,1038.9877276632485
2025-11-12T12:36:00,1762931160000,BANKNIFTY,2025-11-12T12:42:00,1762931520000,6,optimized,hybrid,1027.9603967141088,1030.918192606233,1039.6901419875908
2025-11-12T12:36:00,1762931160000,BANKNIFTY,2025-11-12T12:43:00,1762931580000,7,optimized,hybrid,1024.8146207658658,1032.3710693882363,1041.9640546586024
2025-11-12T12:36:00,1762931160000,BANKNIFTY,2025-11-12T12:44:00,1762931640000,8,optimized,hybrid,1017.8400798394398,1028.2850349440096,1037.4418347642754
2025-11-12T12:36:00,1762931160000,BANKNIFTY,2025-11-12T12:45:00,1762931700000,9,optimized,hybrid,1024.0254500235083,1029.2864781112557,1035.9666636194388
2025-11-12T12:36:00,1762931160000,BANKNIFTY,2025-11-12T12:46:00,1762931760000,10,optimized,hybrid,1025.2198987691959,1030.3736598749674,1037.3883967165202
2025-11-12T12:36:00,1762931160000,BANKNIFTY,2025-11-12T12:47:00,1762931820000,11,optimized,hybrid,1024.4164995087374,1031.1326487203153,1037.935859561133
2025-11-12T12:36:00,1762931160000,BANKNIFTY,2025-11-12T12:48:00,1762931880000,12,optimized,hybrid,1023.5398765919905,1030.8676636241005,1039.515711581053
2025-11-12T12:36:00,1762931160000,BANKNIFTY,2025-11-12T12:49:00,1762931940000,13,optimized,hybrid,1022.1578270062771,1030.16924436305,1038.6900953022873
2025-11-12T12:36:00,1762931160000,BANKNIFTY,2025-11-12T12:50:00,1762932000000,14,optimized,hybrid,1024.158879974807,1032.0159896397363,1038.1028452735243
2025-11-12T12:36:00,1762931160000,BANKNIFTY,2025-11-12T12:51:00,1762932060000,15,optimized,hybrid,1024.2800907339165,1031.3005403722575,1040.3850801388853
2025-11-12T12:36:00,1762931160000,BANKNIFTY,2025-11-12T12:52:00,1762932120000,16,optimized,hybrid,1024.8193822477617,1032.3615235995426,1040.5877655853337
2025-11-12T12:36:00,1762931160000,BANKNIFTY,2025-11-12T12:53:00,1762932180000,17,optimized,hybrid,1025.3543706118703,1034.0771161616717,1044.3229508651327
2025-11-12T12:36:00,1762931160000,BANKNIFTY,2025-11-12T12:54:00,1762932240000,18,optimized,hybrid,1023.6535479143688,1031.8940655622866,1042.7960416191095
2025-11-12T12:36:00,1762931160000,BANKNIFTY,2025-11-12T12:55:00,1762932300000,19,optimized,hybrid,1024.9570134148578,1033.5023464299443,1046.3767131897846
2025-11-12T12:36:00,1762931160000,BANKNIFTY,2025-11-12T12:56:00,1762932360000,20,optimized,hybrid,1023.0408044934575,1030.9843818138652,1046.0542799896439
2025-11-12T12:36:00,1762931160000,BANKNIFTY,2025-11-12T12:57:00,1762932420000,21,optimized,hybrid,1023.4981009902393,1032.8196869405488,1040.8208190933447
2025-11-12T12:36:00,1762931160000,BANKNIFTY,2025-11-12T12:58:00,1762932480000,22,optimized,hybrid,1024.2335097273676,1033.294123874376,1045.4555472815464
2025-11-12T12:36:00,1762931160000,BANKNIFTY,2025-11-12T12:59:00,1762932540000,23,optimized,hybrid,1021.5293074326978,1030.5760567824882,1042.528126647856
2025-11-12T12:36:00,1762931160000,BANKNIFTY,2025-11-12T13:00:00,1762932600000,24,optimized,hybrid,1021.5043950346341,1030.1067510158807,1044.7223870648595
2025-11-12T12:36:00,1762931160000,BANKNIFTY,2025-11-12T13:01:00,1762932660000,25,optimized,hybrid,1021.5529413182542,1031.2750372829719,1042.0451657441465
2025-11-12T12:36:00,1762931160000,BANKNIFTY,2025-11-12T13:02:00,1762932720000,26,optimized,hybrid,1023.5322342252819,1032.2143975258998,1043.3806119215212
2025-11-12T12:36:00,1762931160000,BANKNIFTY,2025-11-12T13:03:00,1762932780000,27,optimized,hybrid,1023.0364379270653,1031.5216961422443,1046.9508956901711
2025-11-12T12:36:00,1762931160000,BANKNIFTY,2025-11-12T13:04:00,1762932840000,28,optimized,hybrid,1021.6152960546002,1029.0558982563116,1045.449437325252
2025-11-12T12:36:00,1762931160000,BANKNIFTY,2025-11-12T13:05:00,1762932900000,29,optimized,hybrid,1021.57467784935,1029.016835478202,1046.0183383049439
2025-11-12T12:36:00,1762931160000,BANKNIFTY,2025-11-12T13:06:00,1762932960000,30,optimized,hybrid,1022.0641739322743,1029.991491096009,1044.7374380787037
2025-11-12T12:36:00,1762931160000,BANKNIFTY,2025-11-12T13:07:00,1762933020000,31,optimized,hybrid,1021.4817749942883,1030.4623174408916,1045.05899098871
2025-11-12T12:36:00,1762931160000,BANKNIFTY,2025-11-12T13:08:00,1762933080000,32,optimized,hybrid,1019.5622005741951,1028.5617048305041,1043.3141176913857
2025-11-12T12:36:00,1762931160000,BANKNIFTY,2025-11-12T13:09:00,1762933140000,33,optimized,hybrid,1018.5841544679556,1028.7257446008693,1042.945667790548
2025-11-12T12:36:00,1762931160000,BANKNIFTY,2025-11-12T13:10:00,1762933200000,34,optimized,hybrid,1018.7462712814635,1026.5671052996126,1043.5604399246272
2025-11-12T12:36:00,1762931160000,BANKNIFTY,2025-11-12T13:11:00,1762933260000,35,optimized,hybrid,1019.0292548214396,1026.2089310465221,1042.6365219806355
2025-11-12T12:36:00,1762931160000,BANKNIFTY,2025-11-12T13:12:00,1762933320000,36,optimized,hybrid,1017.2215197883278,1025.3130654014333,1040.0578879474372
2025-11-12T12:36:00,1762931160000,BANKNIFTY,2025-11-12T13:13:00,1762933380000,37,optimized,hybrid,1015.7476703153803,1026.605616254289,1039.293997250695
2025-11-12T12:36:00,1762931160000,BANKNIFTY,2025-11-12T13:14:00,1762933440000,38,optimized,hybrid,1017.1390861629828,1024.7384820693635,1039.056939969475
2025-11-12T12:36:00,1762931160000,BANKNIFTY,2025-11-12T13:15:00,1762933500000,39,optimized,hybrid,1021.4941262394149,1030.6414803524121,1042.7797174384614
2025-11-12T12:36:00,1762931160000,BANKNIFTY,2025-11-12T13:16:00,1762933560000,40,optimized,hybrid,1016.4747801015312,1028.370357507062,1041.92251840643
2025-11-12T12:36:00,1762931160000,BANKNIFTY,2025-11-12T13:17:00,1762933620000,41,optimized,hybrid,1020.1934753158346,1031.2730102580026,1044.7837599948798
2025-11-12T12:36:00,1762931160000,BANKNIFTY,2025-11-12T13:18:00,1762933680000,42,optimized,hybrid,1022.3654657567844,1029.2461651856408,1042.7422441982033
2025-11-12T12:36:00,1762931160000,BANKNIFTY,2025-11-12T13:19:00,1762933740000,43,optimized,hybrid,1020.5201949797165,1028.6847269984978,1037.7373388222056
2025-11-12T12:36:00,1762931160000,BANKNIFTY,2025-11-12T13:20:00,1762933800000,44,optimized,hybrid,1020.2762886865345,1026.1469961082996,1036.4937021701128
2025-11-12T12:36:00,1762931160000,BANKNIFTY,2025-11-12T13:21:00,1762933860000,45,optimized,hybrid,1021.9860356146268,1033.9807294291686,1041.2052824483133
2025-11-12T12:36:00,1762931160000,BANKNIFTY,2025-11-12T13:22:00,1762933920000,46,optimized,hybrid,1022.1377391921493,1033.3593214627192,1040.8454542436214
2025-11-12T12:36:00,1762931160000,BANKNIFTY,2025-11-12T13:23:00,1762933980000,47,optimized,hybrid,1022.7216727375242,1034.5349124630422,1041.5751087081187
2025-11-12T12:36:00,1762931160000,BANKNIFTY,2025-11-12T13:24:00,1762934040000,48,optimized,hybrid,1022.5589198437511,1034.259437690153,1043.2372370148178
2025-11-12T12:36:00,1762931160000,BANKNIFTY,2025-11-12T13:25:00,1762934100000,49,optimized,hybrid,1023.7889435866314,1033.99355098524,1040.9522003206444
2025-11-12T12:36:00,1762931160000,BANKNIFTY,2025-11-12T13:26:00,1762934160000,50,optimized,hybrid,1023.216155135231,1032.8444446947926,1039.2443545227272
2025-11-12T12:36:00,1762931160000,BANKNIFTY,2025-11-12T13:27:00,1762934220000,51,optimized,hybrid,1023.840002741547,1032.9819829905714,1038.07685333183
2025-11-12T12:36:00,1762931160000,BANKNIFTY,2025-11-12T13:28:00,1762934280000,52,optimized,hybrid,1023.0275851067823,1033.3240680033148,1040.8880333221925
2025-11-12T12:36:00,1762931160000,BANKNIFTY,2025-11-12T13:29:00,1762934340000,53,optimized,hybrid,1023.3827874946238,1033.433379723167,1039.898215739525
2025-11-12T12:36:00,1762931160000,BANKNIFTY,2025-11-12T13:30:00,1762934400000,54,optimized,hybrid,1022.037858395326,1034.0917094783242,1039.2610036574363
2025-11-12T12:36:00,1762931160000,BANKNIFTY,2025-11-12T13:31:00,1762934460000,55,optimized,hybrid,1023.9530108560232,1033.6912308293315,1040.7907497656138
2025-11-12T12:36:00,1762931160000,BANKNIFTY,2025-11-12T13:32:00,1762934520000,56,optimized,hybrid,1020.7483631546731,1033.9133028290978,1047.3970487505042
2025-11-12T12:36:00,1762931160000,BANKNIFTY,2025-11-12T13:33:00,1762934580000,57,optimized,hybrid,1019.6633129681228,1032.3069415989353,1047.7316100738954
2025-11-12T12:36:00,1762931160000,BANKNIFTY,2025-11-12T13:34:00,1762934640000,58,optimized,hybrid,1019.133929234859,1028.6099424340118,1037.9119998293954
2025-11-12T12:36:00,1762931160000,BANKNIFTY,2025-11-12T13:35:00,1762934700000,59,optimized,hybrid,1018.9023466800124,1030.0987863601472,1037.473291867956
2025-11-12T12:36:00,1762931160000,BANKNIFTY,2025-11-12T13:36:00,1762934760000,60,optimized,hybrid,1019.6862903157687,1032.4175328874098,1039.77666643946
2025-11-12T12:36:00,1762931160000,BANKNIFTY,2025-11-12T12:37:00,1762931220000,1,optimized,hybrid,1026.9278681274964,1031.3,1038.801109894339
2025-11-12T12:36:00,1762931160000,BANKNIFTY,2025-11-12T12:38:00,1762931280000,2,optimized,hybrid,1026.582220915185,1031.7875936175883,1039.771211997199
2025-11-12T12:36:00,1762931160000,BANKNIFTY,2025-11-12T12:39:00,1762931340000,3,optimized,hybrid,1018.0220502882868,1030.9717660912715,1040.5074060235206
2025-11-12T12:36:00,1762931160000,BANKNIFTY,2025-11-12T12:40:00,1762931400000,4,optimized,hybrid,1022.0200879864236,1032.3031873885216,1041.3396694686812
2025-11-12T12:36:00,1762931160000,BANKNIFTY,2025-11-12T12:41:00,1762931460000,5,optimized,hybrid,1023.5999758332217,1030.8552663608423,1038.9877276632485
2025-11-12T12:36:00,1762931160000,BANKNIFTY,2025-11-12T12:42:00,1762931520000,6,optimized,hybrid,1027.9603967141088,1030.918192606233,1039.6901419875908
2025-11-12T12:36:00,1762931160000,BANKNIFTY,2025-11-12T12:43:00,1762931580000,7,optimized,hybrid,1024.8146207658658,1032.3710693882363,1041.9640546586024
2025-11-12T12:36:00,1762931160000,BANKNIFTY,2025-11-12T12:44:00,1762931640000,8,optimized,hybrid,1017.8400798394398,1028.2850349440096,1037.4418347642754
2025-11-12T12:36:00,1762931160000,BANKNIFTY,2025-11-12T12:45:00,1762931700000,9,optimized,hybrid,1024.0254500235083,1029.2864781112557,1035.9666636194388
2025-11-12T12:36:00,1762931160000,BANKNIFTY,2025-11-12T12:46:00,1762931760000,10,optimized,hybrid,1025.2198987691959,1030.3736598749674,1037.3883967165202
2025-11-12T12:36:00,1762931160000,BANKNIFTY,2025-11-12T12:47:00,1762931820000,11,optimized,hybrid,1024.4164995087374,1031.1326487203153,1037.935859561133
2025-11-12T12:36:00,1762931160000,BANKNIFTY,2025-11-12T12:48:00,1762931880000,12,optimized,hybrid,1023.5398765919905,1030.8676636241005,1039.515711581053
2025-11-12T12:36:00,1762931160000,BANKNIFTY,2025-11-12T12:49:00,1762931940000,13,optimized,hybrid,1022.1578270062771,1030.16924436305,1038.6900953022873
2025-11-12T12:36:00,1762931160000,BANKNIFTY,2025-11-12T12:50:00,1762932000000,14,optimized,hybrid,1024.158879974807,1032.0159896397363,1038.1028452735243
2025-11-12T12:36:00,1762931160000,BANKNIFTY,2025-11-12T12:51:00,1762932060000,15,optimized,hybrid,1024.2800907339165,1031.3005403722575,1040.3850801388853
2025-11-12T12:36:00,1762931160000,BANKNIFTY,2025-11-12T12:52:00,1762932120000,16,optimized,hybrid,1024.8193822477617,1032.3615235995426,1040.5877655853337
2025-11-12T12:36:00,1762931160000,BANKNIFTY,2025-11-12T12:53:00,1762932180000,17,optimized,hybrid,1025.3543706118703,1034.0771161616717,1044.3229508651327
2025-11-12T12:36:00,1762931160000,BANKNIFTY,2025-11-12T12:54:00,1762932240000,18,optimized,hybrid,1023.6535479143688,1031.8940655622866,1042.7960416191095
2025-11-12T12:36:00,1762931160000,BANKNIFTY,2025-11-12T12:55:00,1762932300000,19,optimized,hybrid,1024.9570134148578,1033.5023464299443,1046.3767131897846
2025-11-12T12:36:00,1762931160000,BANKNIFTY,2025-11-12T12:56:00,1762932360000,20,optimized,hybrid,1023.0408044934575,1030.9843818138652,1046.0542799896439
2025-11-12T12:36:00,1762931160000,BANKNIFTY,2025-11-12T12:57:00,1762932420000,21,optimized,hybrid,1023.4981009902393,1032.8196869405488,1040.8208190933447
2025-11-12T12:36:00,1762931160000,BANKNIFTY,2025-11-12T12:58:00,1762932480000,22,optimized,hybrid,1024.2335097273676,1033.294123874376,1045.4555472815464
2025-11-12T12:36:00,1762931160000,BANKNIFTY,2025-11-12T12:59:00,1762932540000,23,optimized,hybrid,1021.5293074326978,1030.5760567824882,1042.528126647856
2025-11-12T12:36:00,1762931160000,BANKNIFTY,2025-11-12T13:00:00,1762932600000,24,optimized,hybrid,1021.5043950346341,1030.1067510158807,1044.7223870648595
2025-11-12T12:36:00,1762931160000,BANKNIFTY,2025-11-12T13:01:00,1762932660000,25,optimized,hybrid,1021.5529413182542,1031.2750372829719,1042.0451657441465
2025-11-12T12:36:00,1762931160000,BANKNIFTY,2025-11-12T13:02:00,1762932720000,26,optimized,hybrid,1023.5322342252819,1032.2143975258998,1043.3806119215212
2025-11-12T12:36:00,1762931160000,BANKNIFTY,2025-11-12T13:03:00,1762932780000,27,optimized,hybrid,1023.0364379270653,1031.5216961422443,1046.9508956901711
2025-11-12T12:36:00,1762931160000,BANKNIFTY,2025-11-12T13:04:00,1762932840000,28,optimized,hybrid,1021.6152960546002,1029.0558982563116,1045.449437325252
2025-11-12T12:36:00,1762931160000,BANKNIFTY,2025-11-12T13:05:00,1762932900000,29,optimized,hybrid,1021.57467784935,1029.016835478202,1046.0183383049439
2025-11-12T12:36:00,1762931160000,BANKNIFTY,2025-11-12T13:06:00,1762932960000,30,optimized,hybrid,1022.0641739322743,1029.991491096009,1044.7374380787037
2025-11-12T12:36:00,1762931160000,BANKNIFTY,2025-11-12T13:07:00,1762933020000,31,optimized,hybrid,1021.4817749942883,1030.4623174408916,1045.05899098871
2025-11-12T12:36:00,1762931160000,BANKNIFTY,2025-11-12T13:08:00,1762933080000,32,optimized,hybrid,1019.5622005741951,1028.5617048305041,1043.3141176913857
2025-11-12T12:36:00,1762931160000,BANKNIFTY,2025-11-12T13:09:00,1762933140000,33,optimized,hybrid,1018.5841544679556,1028.7257446008693,1042.945667790548
2025-11-12T12:36:00,1762931160000,BANKNIFTY,2025-11-12T13:10:00,1762933200000,34,optimized,hybrid,1018.7462712814635,1026.5671052996126,1043.5604399246272
2025-11-12T12:36:00,1762931160000,BANKNIFTY,2025-11-12T13:11:00,1762933260000,35,optimized,hybrid,1019.0292548214396,1026.2089310465221,1042.6365219806355
2025-11-12T12:36:00,1762931160000,BANKNIFTY,2025-11-12T13:12:00,1762933320000,36,optimized,hybrid,1017.2215197883278,1025.3130654014333,1040.0578879474372
2025-11-12T12:36:00,1762931160000,BANKNIFTY,2025-11-12T13:13:00,1762933380000,37,optimized,hybrid,1015.7476703153803,1026.605616254289,1039.293997250695
2025-11-12T12:36:00,1762931160000,BANKNIFTY,2025-11-12T13:14:00,1762933440000,38,optimized,hybrid,1017.1390861629828,1024.7384820693635,1039.056939969475
2025-11-12T12:36:00,1762931160000,BANKNIFTY,2025-11-12T13:15:00,1762933500000,39,optimized,hybrid,1021.4941262394149,1030.6414803524121,1042.7797174384614
2025-11-12T12:36:00,1762931160000,BANKNIFTY,2025-11-12T13:16:00,1762933560000,40,optimized,hybrid,1016.4747801015312,1028.370357507062,1041.92251840643
2025-11-12T12:36:00,1762931160000,BANKNIFTY,2025-11-12T13:17:00,1762933620000,41,optimized,hybrid,1020.1934753158346,1031.2730102580026,1044.7837599948798
2025-11-12T12:36:00,1762931160000,BANKNIFTY,2025-11-12T13:18:00,1762933680000,42,optimized,hybrid,1022.3654657567844,1029.2461651856408,1042.7422441982033
2025-11-12T12:36:00,1762931160000,BANKNIFTY,2025-11-12T13:19:00,1762933740000,43,optimized,hybrid,1020.5201949797165,1028.6847269984978,1037.7373388222056
2025-11-12T12:36:00,1762931160000,BANKNIFTY,2025-11-12T13:20:00,1762933800000,44,optimized,hybrid,1020.2762886865345,1026.1469961082996,1036.4937021701128
2025-11-12T12:36:00,1762931160000,BANKNIFTY,2025-11-12T13:21:00,1762933860000,45,optimized,hybrid,1021.9860356146268,1033.9807294291686,1041.2052824483133
2025-11-12T12:36:00,1762931160000,BANKNIFTY,2025-11-12T13:22:00,1762933920000,46,optimized,hybrid,1022.1377391921493,1033.3593214627192,1040.8454542436214
2025-11-12T12:36:00,1762931160000,BANKNIFTY,2025-11-12T13:23:00,1762933980000,47,optimized,hybrid,1022.7216727375242,1034.5349124630422,1041.5751087081187
2025-11-12T12:36:00,1762931160000,BANKNIFTY,2025-11-12T13:24:00,1762934040000,48,optimized,hybrid,1022.5589198437511,1034.259437690153,1043.2372370148178
2025-11-12T12:36:00,1762931160000,BANKNIFTY,2025-11-12T13:25:00,1762934100000,49,optimized,hybrid,1023.7889435866314,1033.99355098524,1040.9522003206444
2025-11-12T12:36:00,1762931160000,BANKNIFTY,2025-11-12T13:26:00,1762934160000,50,optimized,hybrid,1023.216155135231,1032.8444446947926,1039.2443545227272
2025-11-12T12:36:00,1762931160000,BANKNIFTY,2025-11-12T13:27:00,1762934220000,51,optimized,hybrid,1023.840002741547,1032.9819829905714,1038.07685333183
2025-11-12T12:36:00,1762931160000,BANKNIFTY,2025-11-12T13:28:00,1762934280000,52,optimized,hybrid,1023.0275851067823,1033.3240680033148,1040.8880333221925
2025-11-12T12:36:00,1762931160000,BANKNIFTY,2025-11-12T13:29:00,1762934340000,53,optimized,hybrid,1023.3827874946238,1033.433379723167,1039.898215739525
2025-11-12T12:36:00,1762931160000,BANKNIFTY,2025-11-12T13:30:00,1762934400000,54,optimized,hybrid,1022.037858395326,1034.0917094783242,1039.2610036574363
2025-11-12T12:36:00,1762931160000,BANKNIFTY,2025-11-12T13:31:00,1762934460000,55,optimized,hybrid,1023.9530108560232,1033.6912308293315,1040.7907497656138
2025-11-12T12:36:00,1762931160000,BANKNIFTY,2025-11-12T13:32:00,1762934520000,56,optimized,hybrid,1020.7483631546731,1033.9133028290978,1047.3970487505042
2025-11-12T12:36:00,1762931160000,BANKNIFTY,2025-11-12T13:33:00,1762934580000,57,optimized,hybrid,1019.6633129681228,1032.3069415989353,1047.7316100738954
2025-11-12T12:36:00,1762931160000,BANKNIFTY,2025-11-12T13:34:00,1762934640000,58,optimized,hybrid,1019.133929234859,1028.6099424340118,1037.9119998293954
2025-11-12T12:36:00,1762931160000,BANKNIFTY,2025-11-12T13:35:00,1762934700000,59,optimized,hybrid,1018.9023466800124,1030.0987863601472,1037.473291867956
2025-11-12T12:36:00,1762931160000,BANKNIFTY,2025-11-12T13:36:00,1762934760000,60,optimized,hybrid,1019.6862903157687,1032.4175328874098,1039.77666643946
2025-11-12T12:55:00,1762932300000,BANKNIFTY,2025-11-12T12:56:00,1762932360000,1,optimized,hybrid,1031.4858321747586,1038.25,1044.7749007931347
2025-11-12T12:55:00,1762932300000,BANKNIFTY,2025-11-12T12:57:00,1762932420000,2,optimized,hybrid,1032.153916940124,1040.1069930859346,1044.9756920968707
2025-11-12T12:55:00,1762932300000,BANKNIFTY,2025-11-12T12:58:00,1762932480000,3,optimized,hybrid,1022.2003215207905,1039.8870640643504,1048.6386535353317
2025-11-12T12:55:00,1762932300000,BANKNIFTY,2025-11-12T12:59:00,1762932540000,4,optimized,hybrid,1026.062871027885,1037.710849976271,1049.6958319930231
2025-11-12T12:55:00,1762932300000,BANKNIFTY,2025-11-12T13:00:00,1762932600000,5,optimized,hybrid,1029.141903855353,1038.824068328618,1051.0769439512321
2025-11-12T12:55:00,1762932300000,BANKNIFTY,2025-11-12T13:01:00,1762932660000,6,optimized,hybrid,1032.0211453017112,1039.8979147273533,1044.6138319811625
2025-11-12T12:55:00,1762932300000,BANKNIFTY,2025-11-12T13:02:00,1762932720000,7,optimized,hybrid,1023.9883846199292,1037.4198914387437,1045.464806778292
2025-11-12T12:55:00,1762932300000,BANKNIFTY,2025-11-12T13:03:00,1762932780000,8,optimized,hybrid,1021.8158584278652,1032.1433150749776,1042.1124600771343
2025-11-12T12:55:00,1762932300000,BANKNIFTY,2025-11-12T13:04:00,1762932840000,9,optimized,hybrid,1025.954598757805,1034.266869983173,1042.6222307984178
2025-11-12T12:55:00,1762932300000,BANKNIFTY,2025-11-12T13:05:00,1762932900000,10,optimized,hybrid,1027.4766647063684,1034.7032529400446,1043.238765454649
2025-11-12T12:55:00,1762932300000,BANKNIFTY,2025-11-12T13:06:00,1762932960000,11,optimized,hybrid,1025.7926897960376,1036.6805003703812,1045.4047185562886
2025-11-12T12:55:00,1762932300000,BANKNIFTY,2025-11-12T13:07:00,1762933020000,12,optimized,hybrid,1027.5028405096111,1035.7368724650157,1045.326369252916
2025-11-12T12:55:00,1762932300000,BANKNIFTY,2025-11-12T13:08:00,1762933080000,13,optimized,hybrid,1025.1173376845934,1034.6285246885625,1050.622048606323
2025-11-12T12:55:00,1762932300000,BANKNIFTY,2025-11-12T13:09:00,1762933140000,14,optimized,hybrid,1027.7379085615771,1035.0753969169054,1044.3156638156445
2025-11-12T12:55:00,1762932300000,BANKNIFTY,2025-11-12T13:10:00,1762933200000,15,optimized,hybrid,1026.48273880344,1033.4946205904866,1046.7837175011375
2025-11-12T12:55:00,1762932300000,BANKNIFTY,2025-11-12T13:11:00,1762933260000,16,optimized,hybrid,1029.1003915224821,1035.2864568390814,1044.471594509031
2025-11-12T12:55:00,1762932300000,BANKNIFTY,2025-11-12T13:12:00,1762933320000,17,optimized,hybrid,1029.5527447532083,1037.0500650709103,1047.1508690514179
2025-11-12T12:55:00,1762932300000,BANKNIFTY,2025-11-12T13:13:00,1762933380000,18,optimized,hybrid,1026.7010921943406,1034.2476439481738,1046.7642760762985
2025-11-12T12:55:00,1762932300000,BANKNIFTY,2025-11-12T13:14:00,1762933440000,19,optimized,hybrid,1026.857292312012,1034.522491043014,1046.8761236767505
2025-11-12T12:55:00,1762932300000,BANKNIFTY,2025-11-12T13:15:00,1762933500000,20,optimized,hybrid,1024.5021937596339,1032.6615065544186,1047.5531149982237
2025-11-12T12:55:00,1762932300000,BANKNIFTY,2025-11-12T13:16:00,1762933560000,21,optimized,hybrid,1025.4273100077623,1034.4198672020286,1048.2790956885642
2025-11-12T12:55:00,1762932300000,BANKNIFTY,2025-11-12T13:17:00,1762933620000,22,optimized,hybrid,1023.5461560349781,1034.3270785449836,1047.9171214207493
2025-11-12T12:55:00,1762932300000,BANKNIFTY,2025-11-12T13:18:00,1762933680000,23,optimized,hybrid,1022.3157375286937,1033.077810296533,1045.4638691907692
2025-11-12T12:55:00,1762932300000,BANKNIFTY,2025-11-12T13:19:00,1762933740000,24,optimized,hybrid,1022.9101824270276,1031.7275863392651,1045.769760577774
2025-11-12T12:55:00,1762932300000,BANKNIFTY,2025-11-12T13:20:00,1762933800000,25,optimized,hybrid,1023.1456093508414,1033.0575663678096,1044.0183437526882
2025-11-12T12:55:00,1762932300000,BANKNIFTY,2025-11-12T13:21:00,1762933860000,26,optimized,hybrid,1023.956244314439,1034.1210707099265,1048.5455944101684
2025-11-12T12:55:00,1762932300000,BANKNIFTY,2025-11-12T13:22:00,1762933920000,27,optimized,hybrid,1025.8026657699165,1037.1187189125853,1048.8289262698445
2025-11-12T12:55:00,1762932300000,BANKNIFTY,2025-11-12T13:23:00,1762933980000,28,optimized,hybrid,1023.5400617800894,1034.020847539464,1047.3937022857876
2025-11-12T12:55:00,1762932300000,BANKNIFTY,2025-11-12T13:24:00,1762934040000,29,optimized,hybrid,1022.9054981190733,1031.1892910279753,1047.2717076119009
2025-11-12T12:55:00,1762932300000,BANKNIFTY,2025-11-12T13:25:00,1762934100000,30,optimized,hybrid,1023.1246044733421,1031.8968760021132,1045.8255177122664
2025-11-12T12:55:00,1762932300000,BANKNIFTY,2025-11-12T13:26:00,1762934160000,31,optimized,hybrid,1024.3604329770874,1037.0686707476045,1047.6712918200606
2025-11-12T12:55:00,1762932300000,BANKNIFTY,2025-11-12T13:27:00,1762934220000,32,optimized,hybrid,1021.8936655681359,1036.1760273258856,1045.9842803922083
2025-11-12T12:55:00,1762932300000,BANKNIFTY,2025-11-12T13:28:00,1762934280000,33,optimized,hybrid,1021.7536292015882,1034.832654919582,1045.9798186102537
2025-11-12T12:55:00,1762932300000,BANKNIFTY,2025-11-12T13:29:00,1762934340000,34,optimized,hybrid,1021.8886964439049,1033.160399633164,1047.6936533239616
2025-11-12T12:55:00,1762932300000,BANKNIFTY,2025-11-12T13:30:00,1762934400000,35,optimized,hybrid,1023.9275384078264,1037.4306902024568,1049.1969997147182
2025-11-12T12:55:00,1762932300000,BANKNIFTY,2025-11-12T13:31:00,1762934460000,36,optimized,hybrid,1020.3615412675651,1029.9143660354896,1044.906046274077
2025-11-12T12:55:00,1762932300000,BANKNIFTY,2025-11-12T13:32:00,1762934520000,37,optimized,hybrid,1018.9318699569441,1031.5748243131484,1044.8412468962179
2025-11-12T12:55:00,1762932300000,BANKNIFTY,2025-11-12T13:33:00,1762934580000,38,optimized,hybrid,1020.436914091841,1030.5985500187194,1045.757619926013
2025-11-12T12:55:00,1762932300000,BANKNIFTY,2025-11-12T13:34:00,1762934640000,39,optimized,hybrid,1025.4582504330135,1037.96377935263,1049.2206889323793
2025-11-12T12:55:00,1762932300000,BANKNIFTY,2025-11-12T13:35:00,1762934700000,40,optimized,hybrid,1019.1901334939492,1034.730705894913,1046.807634408082
2025-11-12T12:55:00,1762932300000,BANKNIFTY,2025-11-12T13:36:00,1762934760000,41,optimized,hybrid,1018.8012680366054,1033.5296731652827,1046.455159006772
2025-11-12T12:55:00,1762932300000,BANKNIFTY,2025-11-12T13:37:00,1762934820000,42,optimized,hybrid,1024.269261574052,1032.76469329321,1046.3468612377055
2025-11-12T12:55:00,1762932300000,BANKNIFTY,2025-11-12T13:38:00,1762934880000,43,optimized,hybrid,1022.9608291192549,1033.9558911435809,1043.4668893785047
2025-11-12T12:55:00,1762932300000,BANKNIFTY,2025-11-12T13:39:00,1762934940000,44,optimized,hybrid,1023.5959933955107,1030.3712832124168,1043.4194929385142
2025-11-12T12:55:00,1762932300000,BANKNIFTY,2025-11-12T13:40:00,1762935000000,45,optimized,hybrid,1024.2639372347398,1036.9227858968286,1046.080006894697
2025-11-12T12:55:00,1762932300000,BANKNIFTY,2025-11-12T13:41:00,1762935060000,46,optimized,hybrid,1023.9314312894096,1035.7354901601652,1044.7541220354353
2025-11-12T12:55:00,1762932300000,BANKNIFTY,2025-11-12T13:42:00,1762935120000,47,optimized,hybrid,1025.592647052272,1037.8026020034047,1043.7718157471047
2025-11-12T12:55:00,1762932300000,BANKNIFTY,2025-11-12T13:43:00,1762935180000,48,optimized,hybrid,1025.0597412088198,1036.4455569757245,1046.0345681987699
2025-11-12T12:55:00,1762932300000,BANKNIFTY,2025-11-12T13:44:00,1762935240000,49,optimized,hybrid,1026.2902283094115,1036.194628326455,1043.232765813391
2025-11-12T12:55:00,1762932300000,BANKNIFTY,2025-11-12T13:45:00,1762935300000,50,optimized,hybrid,1025.9432432814056,1035.427717142811,1041.135609201216
2025-11-12T12:55:00,1762932300000,BANKNIFTY,2025-11-12T13:46:00,1762935360000,51,optimized,hybrid,1026.0506459908968,1035.0912424160415,1044.7975478938247
2025-11-12T12:55:00,1762932300000,BANKNIFTY,2025-11-12T13:47:00,1762935420000,52,optimized,hybrid,1025.2505014667668,1035.5011090996063,1046.9888071713174
2025-11-12T12:55:00,1762932300000,BANKNIFTY,2025-11-12T13:48:00,1762935480000,53,optimized,hybrid,1027.0313802391852,1036.382474538007,1048.651648312727
2025-11-12T12:55:00,1762932300000,BANKNIFTY,2025-11-12T13:49:00,1762935540000,54,optimized,hybrid,1026.539088926246,1037.7734787019556,1046.4684083303398
2025-11-12T12:55:00,1762932300000,BANKNIFTY,2025-11-12T13:50:00,1762935600000,55,optimized,hybrid,1025.921229767993,1037.0208578906684,1046.0199697825287
2025-11-12T12:55:00,1762932300000,BANKNIFTY,2025-11-12T13:51:00,1762935660000,56,optimized,hybrid,1024.4146726352128,1038.3341628534745,1047.208558519801
2025-11-12T12:55:00,1762932300000,BANKNIFTY,2025-11-12T13:52:00,1762935720000,57,optimized,hybrid,1022.5381847591389,1036.2343693901132,1048.72297534732
2025-11-12T12:55:00,1762932300000,BANKNIFTY,2025-11-12T13:53:00,1762935780000,58,optimized,hybrid,1022.4073211939414,1035.9760258405017,1044.0064774788818
2025-11-12T12:55:00,1762932300000,BANKNIFTY,2025-11-12T13:54:00,1762935840000,59,optimized,hybrid,1021.8317711630555,1034.452526814265,1041.6078786518333
2025-11-12T12:55:00,1762932300000,BANKNIFTY,2025-11-12T13:55:00,1762935900000,60,optimized,hybrid,1022.3334864591641,1036.1003216218508,1046.9758540769383
2025-11-12T13:22:30,1762933950000,BANKNIFTY,2025-11-12T13:23:30,1762934010000,1,optimized,hybrid,1006.812593900539,1013.0,1019.9918066317641
2025-11-12T13:22:30,1762933950000,BANKNIFTY,2025-11-12T13:24:30,1762934070000,2,optimized,hybrid,1006.0284471703127,1013.3021994626499,1019.8765273281996
2025-11-12T13:22:30,1762933950000,BANKNIFTY,2025-11-12T13:25:30,1762934130000,3,optimized,hybrid,1000.5523838951833,1015.4677947242506,1024.1080686146752
2025-11-12T13:22:30,1762933950000,BANKNIFTY,2025-11-12T13:26:30,1762934190000,4,optimized,hybrid,1003.379298515968,1013.0205425295742,1025.1726040276983
2025-11-12T13:22:30,1762933950000,BANKNIFTY,2025-11-12T13:27:30,1762934250000,5,optimized,hybrid,1007.146539713899,1015.540897702969,1028.4188136197772
2025-11-12T13:22:30,1762933950000,BANKNIFTY,2025-11-12T13:28:30,1762934310000,6,optimized,hybrid,1009.9296424527839,1017.0785626776453,1021.1412911660732
2025-11-12T13:22:30,1762933950000,BANKNIFTY,2025-11-12T13:29:30,1762934370000,7,optimized,hybrid,1003.1545134169439,1013.7940810161297,1022.4023137708068
2025-11-12T13:22:30,1762933950000,BANKNIFTY,2025-11-12T13:30:30,1762934430000,8,optimized,hybrid,999.8086684433831,1009.636247025363,1018.7412334961116
2025-11-12T13:22:30,1762933950000,BANKNIFTY,2025-11-12T13:31:30,1762934490000,9,optimized,hybrid,1003.284612690764,1010.6251319535274,1018.2298794857882
2025-11-12T13:22:30,1762933950000,BANKNIFTY,2025-11-12T13:32:30,1762934550000,10,optimized,hybrid,1003.7934841422377,1009.7296176218581,1017.3160186312502
2025-11-12T13:22:30,1762933950000,BANKNIFTY,2025-11-12T13:33:30,1762934610000,11,optimized,hybrid,1002.290781349257,1011.0873699969948,1018.9011214256329
2025-11-12T13:22:30,1762933950000,BANKNIFTY,2025-11-12T13:34:30,1762934670000,12,optimized,hybrid,1001.7875352797035,1009.0762843906743,1018.2594318536663
2025-11-12T13:22:30,1762933950000,BANKNIFTY,2025-11-12T13:35:30,1762934730000,13,optimized,hybrid,1001.5911086838827,1009.9876668283844,1020.24717809741
2025-11-12T13:22:30,1762933950000,BANKNIFTY,2025-11-12T13:36:30,1762934790000,14,optimized,hybrid,1001.4868250823508,1009.1883583629453,1017.6280646320026
2025-11-12T13:22:30,1762933950000,BANKNIFTY,2025-11-12T13:37:30,1762934850000,15,optimized,hybrid,1000.5169645241067,1007.6247527771795,1018.1237011038997
2025-11-12T13:22:30,1762933950000,BANKNIFTY,2025-11-12T13:38:30,1762934910000,16,optimized,hybrid,1001.6073398302648,1008.8376447043877,1016.6443970156387
2025-11-12T13:22:30,1762933950000,BANKNIFTY,2025-11-12T13:39:30,1762934970000,17,optimized,hybrid,1003.7173286690432,1012.8332888233303,1022.6634057792425
2025-11-12T13:22:30,1762933950000,BANKNIFTY,2025-11-12T13:40:30,1762935030000,18,optimized,hybrid,999.627701477579,1007.8570661151664,1019.0233316774443
2025-11-12T13:22:30,1762933950000,BANKNIFTY,2025-11-12T13:41:30,1762935090000,19,optimized,hybrid,1002.5207738552973,1011.5030441035203,1023.3906676521702
2025-11-12T13:22:30,1762933950000,BANKNIFTY,2025-11-12T13:42:30,1762935150000,20,optimized,hybrid,1000.4182628406912,1007.5528378029701,1022.6695822870827
2025-11-12T13:22:30,1762933950000,BANKNIFTY,2025-11-12T13:43:30,1762935210000,21,optimized,hybrid,1001.7878381835571,1010.4577212537527,1021.3489823669138
2025-11-12T13:22:30,1762933950000,BANKNIFTY,2025-11-12T13:44:30,1762935270000,22,optimized,hybrid,1000.9332179413406,1010.6429184387218,1022.880260615531
2025-11-12T13:22:30,1762933950000,BANKNIFTY,2025-11-12T13:45:30,1762935330000,23,optimized,hybrid,999.5277152247994,1008.6301781485752,1021.1085464925903
2025-11-12T13:22:30,1762933950000,BANKNIFTY,2025-11-12T13:46:30,1762935390000,24,optimized,hybrid,999.4289721466391,1007.6399920840315,1021.4123629003968
2025-11-12T13:22:30,1762933950000,BANKNIFTY,2025-11-12T13:47:30,1762935450000,25,optimized,hybrid,998.4568491842608,1007.6178149798468,1017.9424474136009
2025-11-12T13:22:30,1762933950000,BANKNIFTY,2025-11-12T13:48:30,1762935510000,26,optimized,hybrid,1000.0331790296323,1009.2886693834223,1021.7147241012041
2025-11-12T13:22:30,1762933950000,BANKNIFTY,2025-11-12T13:49:30,1762935570000,27,optimized,hybrid,1001.2210705828088,1010.1539847955739,1023.5276784490333
2025-11-12T13:22:30,1762933950000,BANKNIFTY,2025-11-12T13:50:30,1762935630000,28,optimized,hybrid,999.170010760359,1007.5091724762347,1022.0582097985036
2025-11-12T13:22:30,1762933950000,BANKNIFTY,2025-11-12T13:51:30,1762935690000,29,optimized,hybrid,998.6587182221338,1006.0552247221483,1021.997587618706
2025-11-12T13:22:30,1762933950000,BANKNIFTY,2025-11-12T13:52:30,1762935750000,30,optimized,hybrid,999.8816523416745,1007.9581363697798,1021.5524983025546
2025-11-12T13:22:30,1762933950000,BANKNIFTY,2025-11-12T13:53:30,1762935810000,31,optimized,hybrid,1000.2580925609524,1010.1159925294955,1022.5211890333433
2025-11-12T13:22:30,1762933950000,BANKNIFTY,2025-11-12T13:54:30,1762935870000,32,optimized,hybrid,997.7972923770744,1008.8964309240228,1020.970348417438
2025-11-12T13:22:30,1762933950000,BANKNIFTY,2025-11-12T13:55:30,1762935930000,33,optimized,hybrid,998.3368088481034,1009.7162937988724,1021.4652859612344
2025-11-12T13:22:30,1762933950000,BANKNIFTY,2025-11-12T13:56:30,1762935990000,34,optimized,hybrid,997.3052291645639,1005.5294117235073,1021.6182476928298
2025-11-12T13:22:30,1762933950000,BANKNIFTY,2025-11-12T13:57:30,1762936050000,35,optimized,hybrid,999.3188748109218,1008.6024468708445,1022.9158148590491
2025-11-12T13:22:30,1762933950000,BANKNIFTY,2025-11-12T13:58:30,1762936110000,36,optimized,hybrid,997.2531330611977,1005.7261210049592,1019.2454372754108
2025-11-12T13:22:30,1762933950000,BANKNIFTY,2025-11-12T13:59:30,1762936170000,37,optimized,hybrid,996.389664907744,1007.3822082556055,1020.0157138436858
2025-11-12T13:22:30,1762933950000,BANKNIFTY,2025-11-12T14:00:30,1762936230000,38,optimized,hybrid,997.07943824796,1005.8865558194991,1020.9724534651352
2025-11-12T13:22:30,1762933950000,BANKNIFTY,2025-11-12T14:01:30,1762936290000,39,optimized,hybrid,1000.6331671128837,1011.1840022094559,1023.0181315652403
2025-11-12T13:22:30,1762933950000,BANKNIFTY,2025-11-12T14:02:30,1762936350000,40,optimized,hybrid,996.7715547866793,1010.1439704600705,1021.9309720994579
2025-11-12T13:22:30,1762933950000,BANKNIFTY,2025-11-12T14:03:30,1762936410000,41,optimized,hybrid,997.4728349636925,1010.6336826336146,1023.4424696503777
2025-11-12T13:22:30,1762933950000,BANKNIFTY,2025-11-12T14:04:30,1762936470000,42,optimized,hybrid,1001.3250143027238,1008.0505633706978,1021.7102592146707
2025-11-12T13:22:30,1762933950000,BANKNIFTY,2025-11-12T14:05:30,1762936530000,43,optimized,hybrid,1000.2579153269255,1008.6933166589179,1018.1572942685686
2025-11-12T13:22:30,1762933950000,BANKNIFTY,2025-11-12T14:06:30,1762936590000,44,optimized,hybrid,1000.1926514695353,1006.3147152608562,1017.058783101923
2025-11-12T13:22:30,1762933950000,BANKNIFTY,2025-11-12T14:07:30,1762936650000,45,optimized,hybrid,1000.8655809485275,1011.8341228636868,1020.0478996430259
2025-11-12T13:22:30,1762933950000,BANKNIFTY,2025-11-12T14:08:30,1762936710000,46,optimized,hybrid,1000.986054983458,1011.8408180803506,1018.9488295130515
2025-11-12T13:22:30,1762933950000,BANKNIFTY,2025-11-12T14:09:30,1762936770000,47,optimized,hybrid,1002.6695086779546,1013.6578007911919,1020.1688814003006
2025-11-12T13:22:30,1762933950000,BANKNIFTY,2025-11-12T14:10:30,1762936830000,48,optimized,hybrid,1002.7799520460578,1013.4646853205466,1022.0390184957281
2025-11-12T13:22:30,1762933950000,BANKNIFTY,2025-11-12T14:11:30,1762936890000,49,optimized,hybrid,1004.4142878811696,1013.7759589827003,1020.40964759233
2025-11-12T13:22:30,1762933950000,BANKNIFTY,2025-11-12T14:12:30,1762936950000,50,optimized,hybrid,1003.82637491922,1012.7692354514772,1018.488085975977
2025-11-12T13:22:30,1762933950000,BANKNIFTY,2025-11-12T14:13:30,1762937010000,51,optimized,hybrid,1003.9916999998393,1012.2837365150369,1019.942726765464
2025-11-12T13:22:30,1762933950000,BANKNIFTY,2025-11-12T14:14:30,1762937070000,52,optimized,hybrid,1003.3585984723335,1012.8577392228985,1022.723822745729
2025-11-12T13:22:30,1762933950000,BANKNIFTY,2025-11-12T14:15:30,1762937130000,53,optimized,hybrid,1003.1525940232403,1011.8106539720743,1022.0128757021262
2025-11-12T13:22:30,1762933950000,BANKNIFTY,2025-11-12T14:16:30,1762937190000,54,optimized,hybrid,1002.8761927998356,1013.7182520039144,1020.8232724199582
2025-11-12T13:22:30,1762933950000,BANKNIFTY,2025-11-12T14:17:30,1762937250000,55,optimized,hybrid,1002.4927172796903,1013.5945833645042,1021.8715138368416
2025-11-12T13:22:30,1762933950000,BANKNIFTY,2025-11-12T14:18:30,1762937310000,56,optimized,hybrid,997.5670225400733,1009.8994885505051,1020.0219913284785
2025-11-12T13:22:30,1762933950000,BANKNIFTY,2025-11-12T14:19:30,1762937370000,57,optimized,hybrid,997.6184915203794,1010.1940172879731,1021.8872497177969
2025-11-12T13:22:30,1762933950000,BANKNIFTY,2025-11-12T14:20:30,1762937430000,58,optimized,hybrid,997.2960983123639,1008.2965342790303,1017.0032147483138
2025-11-12T13:22:30,1762933950000,BANKNIFTY,2025-11-12T14:21:30,1762937490000,59,optimized,hybrid,996.965965534756,1008.2535882935704,1015.2739182567344
2025-11-12T13:22:30,1762933950000,BANKNIFTY,2025-11-12T14:22:30,1762937550000,60,optimized,hybrid,997.9193376189863,1011.1319599523681,1019.3468275347493
2025-11-12T13:22:30,1762933950000,BANKNIFTY,2025-11-12T13:23:30,1762934010000,1,optimized,hybrid,1006.812593900539,1013.0,1019.9918066317641
2025-11-12T13:22:30,1762933950000,BANKNIFTY,2025-11-12T13:24:30,1762934070000,2,optimized,hybrid,1006.0284471703127,1013.3021994626499,1019.8765273281996
2025-11-12T13:22:30,1762933950000,BANKNIFTY,2025-11-12T13:25:30,1762934130000,3,optimized,hybrid,1000.5523838951833,1015.4677947242506,1024.1080686146752
2025-11-12T13:22:30,1762933950000,BANKNIFTY,2025-11-12T13:26:30,1762934190000,4,optimized,hybrid,1003.379298515968,1013.0205425295742,1025.1726040276983
2025-11-12T13:22:30,1762933950000,BANKNIFTY,2025-11-12T13:27:30,1762934250000,5,optimized,hybrid,1007.146539713899,1015.540897702969,1028.4188136197772
2025-11-12T13:22:30,1762933950000,BANKNIFTY,2025-11-12T13:28:30,1762934310000,6,optimized,hybrid,1009.9296424527839,1017.0785626776453,1021.1412911660732
2025-11-12T13:22:30,1762933950000,BANKNIFTY,2025-11-12T13:29:30,1762934370000,7,optimized,hybrid,1003.1545134169439,1013.7940810161297,1022.4023137708068
2025-11-12T13:22:30,1762933950000,BANKNIFTY,2025-11-12T13:30:30,1762934430000,8,optimized,hybrid,999.8086684433831,1009.636247025363,1018.7412334961116
2025-11-12T13:22:30,1762933950000,BANKNIFTY,2025-11-12T13:31:30,1762934490000,9,optimized,hybrid,1003.284612690764,1010.6251319535274,1018.2298794857882
2025-11-12T13:22:30,1762933950000,BANKNIFTY,2025-11-12T13:32:30,1762934550000,10,optimized,hybrid,1003.7934841422377,1009.7296176218581,1017.3160186312502
2025-11-12T13:22:30,1762933950000,BANKNIFTY,2025-11-12T13:33:30,1762934610000,11,optimized,hybrid,1002.290781349257,1011.0873699969948,1018.9011214256329
2025-11-12T13:22:30,1762933950000,BANKNIFTY,2025-11-12T13:34:30,1762934670000,12,optimized,hybrid,1001.7875352797035,1009.0762843906743,1018.2594318536663
2025-11-12T13:22:30,1762933950000,BANKNIFTY,2025-11-12T13:35:30,1762934730000,13,optimized,hybrid,1001.5911086838827,1009.9876668283844,1020.24717809741
2025-11-12T13:22:30,1762933950000,BANKNIFTY,2025-11-12T13:36:30,1762934790000,14,optimized,hybrid,1001.4868250823508,1009.1883583629453,1017.6280646320026
2025-11-12T13:22:30,1762933950000,BANKNIFTY,2025-11-12T13:37:30,1762934850000,15,optimized,hybrid,1000.5169645241067,1007.6247527771795,1018.1237011038997
2025-11-12T13:22:30,1762933950000,BANKNIFTY,2025-11-12T13:38:30,1762934910000,16,optimized,hybrid,1001.6073398302648,1008.8376447043877,1016.6443970156387
2025-11-12T13:22:30,1762933950000,BANKNIFTY,2025-11-12T13:39:30,1762934970000,17,optimized,hybrid,1003.7173286690432,1012.8332888233303,1022.6634057792425
2025-11-12T13:22:30,1762933950000,BANKNIFTY,2025-11-12T13:40:30,1762935030000,18,optimized,hybrid,999.627701477579,1007.8570661151664,1019.0233316774443
2025-11-12T13:22:30,1762933950000,BANKNIFTY,2025-11-12T13:41:30,1762935090000,19,optimized,hybrid,1002.5207738552973,1011.5030441035203,1023.3906676521702
2025-11-12T13:22:30,1762933950000,BANKNIFTY,2025-11-12T13:42:30,1762935150000,20,optimized,hybrid,1000.4182628406912,1007.5528378029701,1022.6695822870827
2025-11-12T13:22:30,1762933950000,BANKNIFTY,2025-11-12T13:43:30,1762935210000,21,optimized,hybrid,1001.7878381835571,1010.4577212537527,1021.3489823669138
2025-11-12T13:22:30,1762933950000,BANKNIFTY,2025-11-12T13:44:30,1762935270000,22,optimized,hybrid,1000.9332179413406,1010.6429184387218,1022.880260615531
2025-11-12T13:22:30,1762933950000,BANKNIFTY,2025-11-12T13:45:30,1762935330000,23,optimized,hybrid,999.5277152247994,1008.6301781485752,1021.1085464925903
2025-11-12T13:22:30,1762933950000,BANKNIFTY,2025-11-12T13:46:30,1762935390000,24,optimized,hybrid,999.4289721466391,1007.6399920840315,1021.4123629003968
2025-11-12T13:22:30,1762933950000,BANKNIFTY,2025-11-12T13:47:30,1762935450000,25,optimized,hybrid,998.4568491842608,1007.6178149798468,1017.9424474136009
2025-11-12T13:22:30,1762933950000,BANKNIFTY,2025-11-12T13:48:30,1762935510000,26,optimized,hybrid,1000.0331790296323,1009.2886693834223,1021.7147241012041
2025-11-12T13:22:30,1762933950000,BANKNIFTY,2025-11-12T13:49:30,1762935570000,27,optimized,hybrid,1001.2210705828088,1010.1539847955739,1023.5276784490333
2025-11-12T13:22:30,1762933950000,BANKNIFTY,2025-11-12T13:50:30,1762935630000,28,optimized,hybrid,999.170010760359,1007.5091724762347,1022.0582097985036
2025-11-12T13:22:30,1762933950000,BANKNIFTY,2025-11-12T13:51:30,1762935690000,29,optimized,hybrid,998.6587182221338,1006.0552247221483,1021.997587618706
2025-11-12T13:22:30,1762933950000,BANKNIFTY,2025-11-12T13:52:30,1762935750000,30,optimized,hybrid,999.8816523416745,1007.9581363697798,1021.5524983025546
2025-11-12T13:22:30,1762933950000,BANKNIFTY,2025-11-12T13:53:30,1762935810000,31,optimized,hybrid,1000.2580925609524,1010.1159925294955,1022.5211890333433
2025-11-12T13:22:30,1762933950000,BANKNIFTY,2025-11-12T13:54:30,1762935870000,32,optimized,hybrid,997.7972923770744,1008.8964309240228,1020.970348417438
2025-11-12T13:22:30,1762933950000,BANKNIFTY,2025-11-12T13:55:30,1762935930000,33,optimized,hybrid,998.3368088481034,1009.7162937988724,1021.4652859612344
2025-11-12T13:22:30,1762933950000,BANKNIFTY,2025-11-12T13:56:30,1762935990000,34,optimized,hybrid,997.3052291645639,1005.5294117235073,1021.6182476928298
2025-11-12T13:22:30,1762933950000,BANKNIFTY,2025-11-12T13:57:30,1762936050000,35,optimized,hybrid,999.3188748109218,1008.6024468708445,1022.9158148590491
2025-11-12T13:22:30,1762933950000,BANKNIFTY,2025-11-12T13:58:30,1762936110000,36,optimized,hybrid,997.2531330611977,1005.7261210049592,1019.2454372754108
2025-11-12T13:22:30,1762933950000,BANKNIFTY,2025-11-12T13:59:30,1762936170000,37,optimized,hybrid,996.389664907744,1007.3822082556055,1020.0157138436858
2025-11-12T13:22:30,1762933950000,BANKNIFTY,2025-11-12T14:00:30,1762936230000,38,optimized,hybrid,997.07943824796,1005.8865558194991,1020.9724534651352
2025-11-12T13:22:30,1762933950000,BANKNIFTY,2025-11-12T14:01:30,1762936290000,39,optimized,hybrid,1000.6331671128837,1011.1840022094559,1023.0181315652403
2025-11-12T13:22:30,1762933950000,BANKNIFTY,2025-11-12T14:02:30,1762936350000,40,optimized,hybrid,996.7715547866793,1010.1439704600705,1021.9309720994579
2025-11-12T13:22:30,1762933950000,BANKNIFTY,2025-11-12T14:03:30,1762936410000,41,optimized,hybrid,997.4728349636925,1010.6336826336146,1023.4424696503777
2025-11-12T13:22:30,1762933950000,BANKNIFTY,2025-11-12T14:04:30,1762936470000,42,optimized,hybrid,1001.3250143027238,1008.0505633706978,1021.7102592146707
2025-11-12T13:22:30,1762933950000,BANKNIFTY,2025-11-12T14:05:30,1762936530000,43,optimized,hybrid,1000.2579153269255,1008.6933166589179,1018.1572942685686
2025-11-12T13:22:30,1762933950000,BANKNIFTY,2025-11-12T14:06:30,1762936590000,44,optimized,hybrid,1000.1926514695353,1006.3147152608562,1017.058783101923
2025-11-12T13:22:30,1762933950000,BANKNIFTY,2025-11-12T14:07:30,1762936650000,45,optimized,hybrid,1000.8655809485275,1011.8341228636868,1020.0478996430259
2025-11-12T13:22:30,1762933950000,BANKNIFTY,2025-11-12T14:08:30,1762936710000,46,optimized,hybrid,1000.986054983458,1011.8408180803506,1018.9488295130515
2025-11-12T13:22:30,1762933950000,BANKNIFTY,2025-11-12T14:09:30,1762936770000,47,optimized,hybrid,1002.6695086779546,1013.6578007911919,1020.1688814003006
2025-11-12T13:22:30,1762933950000,BANKNIFTY,2025-11-12T14:10:30,1762936830000,48,optimized,hybrid,1002.7799520460578,1013.4646853205466,1022.0390184957281
2025-11-12T13:22:30,1762933950000,BANKNIFTY,2025-11-12T14:11:30,1762936890000,49,optimized,hybrid,1004.4142878811696,1013.7759589827003,1020.40964759233
2025-11-12T13:22:30,1762933950000,BANKNIFTY,2025-11-12T14:12:30,1762936950000,50,optimized,hybrid,1003.82637491922,1012.7692354514772,1018.488085975977
2025-11-12T13:22:30,1762933950000,BANKNIFTY,2025-11-12T14:13:30,1762937010000,51,optimized,hybrid,1003.9916999998393,1012.2837365150369,1019.942726765464
2025-11-12T13:22:30,1762933950000,BANKNIFTY,2025-11-12T14:14:30,1762937070000,52,optimized,hybrid,1003.3585984723335,1012.8577392228985,1022.723822745729
2025-11-12T13:22:30,1762933950000,BANKNIFTY,2025-11-12T14:15:30,1762937130000,53,optimized,hybrid,1003.1525940232403,1011.8106539720743,1022.0128757021262
2025-11-12T13:22:30,1762933950000,BANKNIFTY,2025-11-12T14:16:30,1762937190000,54,optimized,hybrid,1002.8761927998356,1013.7182520039144,1020.8232724199582
2025-11-12T13:22:30,1762933950000,BANKNIFTY,2025-11-12T14:17:30,1762937250000,55,optimized,hybrid,1002.4927172796903,1013.5945833645042,1021.8715138368416
2025-11-12T13:22:30,1762933950000,BANKNIFTY,2025-11-12T14:18:30,1762937310000,56,optimized,hybrid,997.5670225400733,1009.8994885505051,1020.0219913284785
2025-11-12T13:22:30,1762933950000,BANKNIFTY,2025-11-12T14:19:30,1762937370000,57,optimized,hybrid,997.6184915203794,1010.1940172879731,1021.8872497177969
2025-11-12T13:22:30,1762933950000,BANKNIFTY,2025-11-12T14:20:30,1762937430000,58,optimized,hybrid,997.2960983123639,1008.2965342790303,1017.0032147483138
2025-11-12T13:22:30,1762933950000,BANKNIFTY,2025-11-12T14:21:30,1762937490000,59,optimized,hybrid,996.965965534756,1008.2535882935704,1015.2739182567344
2025-11-12T13:22:30,1762933950000,BANKNIFTY,2025-11-12T14:22:30,1762937550000,60,optimized,hybrid,997.9193376189863,1011.1319599523681,1019.3468275347493
2025-11-12T13:22:30,1762933950000,BANKNIFTY,2025-11-12T13:23:30,1762934010000,1,optimized,hybrid,1006.812593900539,1013.0,1019.9918066317641
2025-11-12T13:22:30,1762933950000,BANKNIFTY,2025-11-12T13:24:30,1762934070000,2,optimized,hybrid,1006.0284471703127,1013.3021994626499,1019.8765273281996
2025-11-12T13:22:30,1762933950000,BANKNIFTY,2025-11-12T13:25:30,1762934130000,3,optimized,hybrid,1000.5523838951833,1015.4677947242506,1024.1080686146752
2025-11-12T13:22:30,1762933950000,BANKNIFTY,2025-11-12T13:26:30,1762934190000,4,optimized,hybrid,1003.379298515968,1013.0205425295742,1025.1726040276983
2025-11-12T13:22:30,1762933950000,BANKNIFTY,2025-11-12T13:27:30,1762934250000,5,optimized,hybrid,1007.146539713899,1015.540897702969,1028.4188136197772
2025-11-12T13:22:30,1762933950000,BANKNIFTY,2025-11-12T13:28:30,1762934310000,6,optimized,hybrid,1009.9296424527839,1017.0785626776453,1021.1412911660732
2025-11-12T13:22:30,1762933950000,BANKNIFTY,2025-11-12T13:29:30,1762934370000,7,optimized,hybrid,1003.1545134169439,1013.7940810161297,1022.4023137708068
2025-11-12T13:22:30,1762933950000,BANKNIFTY,2025-11-12T13:30:30,1762934430000,8,optimized,hybrid,999.8086684433831,1009.636247025363,1018.7412334961116
2025-11-12T13:22:30,1762933950000,BANKNIFTY,2025-11-12T13:31:30,1762934490000,9,optimized,hybrid,1003.284612690764,1010.6251319535274,1018.2298794857882
2025-11-12T13:22:30,1762933950000,BANKNIFTY,2025-11-12T13:32:30,1762934550000,10,optimized,hybrid,1003.7934841422377,1009.7296176218581,1017.3160186312502
2025-11-12T13:22:30,1762933950000,BANKNIFTY,2025-11-12T13:33:30,1762934610000,11,optimized,hybrid,1002.290781349257,1011.0873699969948,1018.9011214256329
2025-11-12T13:22:30,1762933950000,BANKNIFTY,2025-11-12T13:34:30,1762934670000,12,optimized,hybrid,1001.7875352797035,1009.0762843906743,1018.2594318536663
2025-11-12T13:22:30,1762933950000,BANKNIFTY,2025-11-12T13:35:30,1762934730000,13,optimized,hybrid,1001.5911086838827,1009.9876668283844,1020.24717809741
2025-11-12T13:22:30,1762933950000,BANKNIFTY,2025-11-12T13:36:30,1762934790000,14,optimized,hybrid,1001.4868250823508,1009.1883583629453,1017.6280646320026
2025-11-12T13:22:30,1762933950000,BANKNIFTY,2025-11-12T13:37:30,1762934850000,15,optimized,hybrid,1000.5169645241067,1007.6247527771795,1018.1237011038997
2025-11-12T13:22:30,1762933950000,BANKNIFTY,2025-11-12T13:38:30,1762934910000,16,optimized,hybrid,1001.6073398302648,1008.8376447043877,1016.6443970156387
2025-11-12T13:22:30,1762933950000,BANKNIFTY,2025-11-12T13:39:30,1762934970000,17,optimized,hybrid,1003.7173286690432,1012.8332888233303,1022.6634057792425
2025-11-12T13:22:30,1762933950000,BANKNIFTY,2025-11-12T13:40:30,1762935030000,18,optimized,hybrid,999.627701477579,1007.8570661151664,1019.0233316774443
2025-11-12T13:22:30,1762933950000,BANKNIFTY,2025-11-12T13:41:30,1762935090000,19,optimized,hybrid,1002.5207738552973,1011.5030441035203,1023.3906676521702
2025-11-12T13:22:30,1762933950000,BANKNIFTY,2025-11-12T13:42:30,1762935150000,20,optimized,hybrid,1000.4182628406912,1007.5528378029701,1022.6695822870827
2025-11-12T13:22:30,1762933950000,BANKNIFTY,2025-11-12T13:43:30,1762935210000,21,optimized,hybrid,1001.7878381835571,1010.4577212537527,1021.3489823669138
2025-11-12T13:22:30,1762933950000,BANKNIFTY,2025-11-12T13:44:30,1762935270000,22,optimized,hybrid,1000.9332179413406,1010.6429184387218,1022.880260615531
2025-11-12T13:22:30,1762933950000,BANKNIFTY,2025-11-12T13:45:30,1762935330000,23,optimized,hybrid,999.5277152247994,1008.6301781485752,1021.1085464925903
2025-11-12T13:22:30,1762933950000,BANKNIFTY,2025-11-12T13:46:30,1762935390000,24,optimized,hybrid,999.4289721466391,1007.6399920840315,1021.4123629003968
2025-11-12T13:22:30,1762933950000,BANKNIFTY,2025-11-12T13:47:30,1762935450000,25,optimized,hybrid,998.4568491842608,1007.6178149798468,1017.9424474136009
2025-11-12T13:22:30,1762933950000,BANKNIFTY,2025-11-12T13:48:30,1762935510000,26,optimized,hybrid,1000.0331790296323,1009.2886693834223,1021.7147241012041
2025-11-12T13:22:30,1762933950000,BANKNIFTY,2025-11-12T13:49:30,1762935570000,27,optimized,hybrid,1001.2210705828088,1010.1539847955739,1023.5276784490333
2025-11-12T13:22:30,1762933950000,BANKNIFTY,2025-11-12T13:50:30,1762935630000,28,optimized,hybrid,999.170010760359,1007.5091724762347,1022.0582097985036
2025-11-12T13:22:30,1762933950000,BANKNIFTY,2025-11-12T13:51:30,1762935690000,29,optimized,hybrid,998.6587182221338,1006.0552247221483,1021.997587618706
2025-11-12T13:22:30,1762933950000,BANKNIFTY,2025-11-12T13:52:30,1762935750000,30,optimized,hybrid,999.8816523416745,1007.9581363697798,1021.5524983025546
2025-11-12T13:22:30,1762933950000,BANKNIFTY,2025-11-12T13:53:30,1762935810000,31,optimized,hybrid,1000.2580925609524,1010.1159925294955,1022.5211890333433
2025-11-12T13:22:30,1762933950000,BANKNIFTY,2025-11-12T13:54:30,1762935870000,32,optimized,hybrid,997.7972923770744,1008.8964309240228,1020.970348417438
2025-11-12T13:22:30,1762933950000,BANKNIFTY,2025-11-12T13:55:30,1762935930000,33,optimized,hybrid,998.3368088481034,1009.7162937988724,1021.4652859612344
2025-11-12T13:22:30,1762933950000,BANKNIFTY,2025-11-12T13:56:30,1762935990000,34,optimized,hybrid,997.3052291645639,1005.5294117235073,1021.6182476928298
2025-11-12T13:22:30,1762933950000,BANKNIFTY,2025-11-12T13:57:30,1762936050000,35,optimized,hybrid,999.3188748109218,1008.6024468708445,1022.9158148590491
2025-11-12T13:22:30,1762933950000,BANKNIFTY,2025-11-12T13:58:30,1762936110000,36,optimized,hybrid,997.2531330611977,1005.7261210049592,1019.2454372754108
2025-11-12T13:22:30,1762933950000,BANKNIFTY,2025-11-12T13:59:30,1762936170000,37,optimized,hybrid,996.389664907744,1007.3822082556055,1020.0157138436858
2025-11-12T13:22:30,1762933950000,BANKNIFTY,2025-11-12T14:00:30,1762936230000,38,optimized,hybrid,997.07943824796,1005.8865558194991,1020.9724534651352
2025-11-12T13:22:30,1762933950000,BANKNIFTY,2025-11-12T14:01:30,1762936290000,39,optimized,hybrid,1000.6331671128837,1011.1840022094559,1023.0181315652403
2025-11-12T13:22:30,1762933950000,BANKNIFTY,2025-11-12T14:02:30,1762936350000,40,optimized,hybrid,996.7715547866793,1010.1439704600705,1021.9309720994579
2025-11-12T13:22:30,1762933950000,BANKNIFTY,2025-11-12T14:03:30,1762936410000,41,optimized,hybrid,997.4728349636925,1010.6336826336146,1023.4424696503777
2025-11-12T13:22:30,1762933950000,BANKNIFTY,2025-11-12T14:04:30,1762936470000,42,optimized,hybrid,1001.3250143027238,1008.0505633706978,1021.7102592146707
2025-11-12T13:22:30,1762933950000,BANKNIFTY,2025-11-12T14:05:30,1762936530000,43,optimized,hybrid,1000.2579153269255,1008.6933166589179,1018.1572942685686
2025-11-12T13:22:30,1762933950000,BANKNIFTY,2025-11-12T14:06:30,1762936590000,44,optimized,hybrid,1000.1926514695353,1006.3147152608562,1017.058783101923
2025-11-12T13:22:30,1762933950000,BANKNIFTY,2025-11-12T14:07:30,1762936650000,45,optimized,hybrid,1000.8655809485275,1011.8341228636868,1020.0478996430259
2025-11-12T13:22:30,1762933950000,BANKNIFTY,2025-11-12T14:08:30,1762936710000,46,optimized,hybrid,1000.986054983458,1011.8408180803506,1018.9488295130515
2025-11-12T13:22:30,1762933950000,BANKNIFTY,2025-11-12T14:09:30,1762936770000,47,optimized,hybrid,1002.6695086779546,1013.6578007911919,1020.1688814003006
2025-11-12T13:22:30,1762933950000,BANKNIFTY,2025-11-12T14:10:30,1762936830000,48,optimized,hybrid,1002.7799520460578,1013.4646853205466,1022.0390184957281
2025-11-12T13:22:30,1762933950000,BANKNIFTY,2025-11-12T14:11:30,1762936890000,49,optimized,hybrid,1004.4142878811696,1013.7759589827003,1020.40964759233
2025-11-12T13:22:30,1762933950000,BANKNIFTY,2025-11-12T14:12:30,1762936950000,50,optimized,hybrid,1003.82637491922,1012.7692354514772,1018.488085975977
2025-11-12T13:22:30,1762933950000,BANKNIFTY,2025-11-12T14:13:30,1762937010000,51,optimized,hybrid,1003.9916999998393,1012.2837365150369,1019.942726765464
2025-11-12T13:22:30,1762933950000,BANKNIFTY,2025-11-12T14:14:30,1762937070000,52,optimized,hybrid,1003.3585984723335,1012.8577392228985,1022.723822745729
2025-11-12T13:22:30,1762933950000,BANKNIFTY,2025-11-12T14:15:30,1762937130000,53,optimized,hybrid,1003.1525940232403,1011.8106539720743,1022.0128757021262
2025-11-12T13:22:30,1762933950000,BANKNIFTY,2025-11-12T14:16:30,1762937190000,54,optimized,hybrid,1002.8761927998356,1013.7182520039144,1020.8232724199582
2025-11-12T13:22:30,1762933950000,BANKNIFTY,2025-11-12T14:17:30,1762937250000,55,optimized,hybrid,1002.4927172796903,1013.5945833645042,1021.8715138368416
2025-11-12T13:22:30,1762933950000,BANKNIFTY,2025-11-12T14:18:30,1762937310000,56,optimized,hybrid,997.5670225400733,1009.8994885505051,1020.0219913284785
2025-11-12T13:22:30,1762933950000,BANKNIFTY,2025-11-12T14:19:30,1762937370000,57,optimized,hybrid,997.6184915203794,1010.1940172879731,1021.8872497177969
2025-11-12T13:22:30,1762933950000,BANKNIFTY,2025-11-12T14:20:30,1762937430000,58,optimized,hybrid,997.2960983123639,1008.2965342790303,1017.0032147483138
2025-11-12T13:22:30,1762933950000,BANKNIFTY,2025-11-12T14:21:30,1762937490000,59,optimized,hybrid,996.965965534756,1008.2535882935704,1015.2739182567344
2025-11-12T13:22:30,1762933950000,BANKNIFTY,2025-11-12T14:22:30,1762937550000,60,optimized,hybrid,997.9193376189863,1011.1319599523681,1019.3468275347493
2025-11-12T13:22:30,1762933950000,BANKNIFTY,2025-11-12T13:23:30,1762934010000,1,optimized,hybrid,1006.812593900539,1013.0,1019.9918066317641
2025-11-12T13:22:30,1762933950000,BANKNIFTY,2025-11-12T13:24:30,1762934070000,2,optimized,hybrid,1006.0284471703127,1013.3021994626499,1019.8765273281996
2025-11-12T13:22:30,1762933950000,BANKNIFTY,2025-11-12T13:25:30,1762934130000,3,optimized,hybrid,1000.5523838951833,1015.4677947242506,1024.1080686146752
2025-11-12T13:22:30,1762933950000,BANKNIFTY,2025-11-12T13:26:30,1762934190000,4,optimized,hybrid,1003.379298515968,1013.0205425295742,1025.1726040276983
2025-11-12T13:22:30,1762933950000,BANKNIFTY,2025-11-12T13:27:30,1762934250000,5,optimized,hybrid,1007.146539713899,1015.540897702969,1028.4188136197772
2025-11-12T13:22:30,1762933950000,BANKNIFTY,2025-11-12T13:28:30,1762934310000,6,optimized,hybrid,1009.9296424527839,1017.0785626776453,1021.1412911660732
2025-11-12T13:22:30,1762933950000,BANKNIFTY,2025-11-12T13:29:30,1762934370000,7,optimized,hybrid,1003.1545134169439,1013.7940810161297,1022.4023137708068
2025-11-12T13:22:30,1762933950000,BANKNIFTY,2025-11-12T13:30:30,1762934430000,8,optimized,hybrid,999.8086684433831,1009.636247025363,1018.7412334961116
2025-11-12T13:22:30,1762933950000,BANKNIFTY,2025-11-12T13:31:30,1762934490000,9,optimized,hybrid,1003.284612690764,1010.6251319535274,1018.2298794857882
2025-11-12T13:22:30,1762933950000,BANKNIFTY,2025-11-12T13:32:30,1762934550000,10,optimized,hybrid,1003.7934841422377,1009.7296176218581,1017.3160186312502
2025-11-12T13:22:30,1762933950000,BANKNIFTY,2025-11-12T13:33:30,1762934610000,11,optimized,hybrid,1002.290781349257,1011.0873699969948,1018.9011214256329
2025-11-12T13:22:30,1762933950000,BANKNIFTY,2025-11-12T13:34:30,1762934670000,12,optimized,hybrid,1001.7875352797035,1009.0762843906743,1018.2594318536663
2025-11-12T13:22:30,1762933950000,BANKNIFTY,2025-11-12T13:35:30,1762934730000,13,optimized,hybrid,1001.5911086838827,1009.9876668283844,1020.24717809741
2025-11-12T13:22:30,1762933950000,BANKNIFTY,2025-11-12T13:36:30,1762934790000,14,optimized,hybrid,1001.4868250823508,1009.1883583629453,1017.6280646320026
2025-11-12T13:22:30,1762933950000,BANKNIFTY,2025-11-12T13:37:30,1762934850000,15,optimized,hybrid,1000.5169645241067,1007.6247527771795,1018.1237011038997
2025-11-12T13:22:30,1762933950000,BANKNIFTY,2025-11-12T13:38:30,1762934910000,16,optimized,hybrid,1001.6073398302648,1008.8376447043877,1016.6443970156387
2025-11-12T13:22:30,1762933950000,BANKNIFTY,2025-11-12T13:39:30,1762934970000,17,optimized,hybrid,1003.7173286690432,1012.8332888233303,1022.6634057792425
2025-11-12T13:22:30,1762933950000,BANKNIFTY,2025-11-12T13:40:30,1762935030000,18,optimized,hybrid,999.627701477579,1007.8570661151664,1019.0233316774443
2025-11-12T13:22:30,1762933950000,BANKNIFTY,2025-11-12T13:41:30,1762935090000,19,optimized,hybrid,1002.5207738552973,1011.5030441035203,1023.3906676521702
2025-11-12T13:22:30,1762933950000,BANKNIFTY,2025-11-12T13:42:30,1762935150000,20,optimized,hybrid,1000.4182628406912,1007.5528378029701,1022.6695822870827
2025-11-12T13:22:30,1762933950000,BANKNIFTY,2025-11-12T13:43:30,1762935210000,21,optimized,hybrid,1001.7878381835571,1010.4577212537527,1021.3489823669138
2025-11-12T13:22:30,1762933950000,BANKNIFTY,2025-11-12T13:44:30,1762935270000,22,optimized,hybrid,1000.9332179413406,1010.6429184387218,1022.880260615531
2025-11-12T13:22:30,1762933950000,BANKNIFTY,2025-11-12T13:45:30,1762935330000,23,optimized,hybrid,999.5277152247994,1008.6301781485752,1021.1085464925903
2025-11-12T13:22:30,1762933950000,BANKNIFTY,2025-11-12T13:46:30,1762935390000,24,optimized,hybrid,999.4289721466391,1007.6399920840315,1021.4123629003968
2025-11-12T13:22:30,1762933950000,BANKNIFTY,2025-11-12T13:47:30,1762935450000,25,optimized,hybrid,998.4568491842608,1007.6178149798468,1017.9424474136009
2025-11-12T13:22:30,1762933950000,BANKNIFTY,2025-11-12T13:48:30,1762935510000,26,optimized,hybrid,1000.0331790296323,1009.2886693834223,1021.7147241012041
2025-11-12T13:22:30,1762933950000,BANKNIFTY,2025-11-12T13:49:30,1762935570000,27,optimized,hybrid,1001.2210705828088,1010.1539847955739,1023.5276784490333
2025-11-12T13:22:30,1762933950000,BANKNIFTY,2025-11-12T13:50:30,1762935630000,28,optimized,hybrid,999.170010760359,1007.5091724762347,1022.0582097985036
2025-11-12T13:22:30,1762933950000,BANKNIFTY,2025-11-12T13:51:30,1762935690000,29,optimized,hybrid,998.6587182221338,1006.0552247221483,1021.997587618706
2025-11-12T13:22:30,1762933950000,BANKNIFTY,2025-11-12T13:52:30,1762935750000,30,optimized,hybrid,999.8816523416745,1007.9581363697798,1021.5524983025546
2025-11-12T13:22:30,1762933950000,BANKNIFTY,2025-11-12T13:53:30,1762935810000,31,optimized,hybrid,1000.2580925609524,1010.1159925294955,1022.5211890333433
2025-11-12T13:22:30,1762933950000,BANKNIFTY,2025-11-12T13:54:30,1762935870000,32,optimized,hybrid,997.7972923770744,1008.8964309240228,1020.970348417438
2025-11-12T13:22:30,1762933950000,BANKNIFTY,2025-11-12T13:55:30,1762935930000,33,optimized,hybrid,998.3368088481034,1009.7162937988724,1021.4652859612344
2025-11-12T13:22:30,1762933950000,BANKNIFTY,2025-11-12T13:56:30,1762935990000,34,optimized,hybrid,997.3052291645639,1005.5294117235073,1021.6182476928298
2025-11-12T13:22:30,1762933950000,BANKNIFTY,2025-11-12T13:57:30,1762936050000,35,optimized,hybrid,999.3188748109218,1008.6024468708445,1022.9158148590491
2025-11-12T13:22:30,1762933950000,BANKNIFTY,2025-11-12T13:58:30,1762936110000,36,optimized,hybrid,997.2531330611977,1005.7261210049592,1019.2454372754108
2025-11-12T13:22:30,1762933950000,BANKNIFTY,2025-11-12T13:59:30,1762936170000,37,optimized,hybrid,996.389664907744,1007.3822082556055,1020.0157138436858
2025-11-12T13:22:30,1762933950000,BANKNIFTY,2025-11-12T14:00:30,1762936230000,38,optimized,hybrid,997.07943824796,1005.8865558194991,1020.9724534651352
2025-11-12T13:22:30,1762933950000,BANKNIFTY,2025-11-12T14:01:30,1762936290000,39,optimized,hybrid,1000.6331671128837,1011.1840022094559,1023.0181315652403
2025-11-12T13:22:30,1762933950000,BANKNIFTY,2025-11-12T14:02:30,1762936350000,40,optimized,hybrid,996.7715547866793,1010.1439704600705,1021.9309720994579
2025-11-12T13:22:30,1762933950000,BANKNIFTY,2025-11-12T14:03:30,1762936410000,41,optimized,hybrid,997.4728349636925,1010.6336826336146,1023.4424696503777
2025-11-12T13:22:30,1762933950000,BANKNIFTY,2025-11-12T14:04:30,1762936470000,42,optimized,hybrid,1001.3250143027238,1008.0505633706978,1021.7102592146707
2025-11-12T13:22:30,1762933950000,BANKNIFTY,2025-11-12T14:05:30,1762936530000,43,optimized,hybrid,1000.2579153269255,1008.6933166589179,1018.1572942685686
2025-11-12T13:22:30,1762933950000,BANKNIFTY,2025-11-12T14:06:30,1762936590000,44,optimized,hybrid,1000.1926514695353,1006.3147152608562,1017.058783101923
2025-11-12T13:22:30,1762933950000,BANKNIFTY,2025-11-12T14:07:30,1762936650000,45,optimized,hybrid,1000.8655809485275,1011.8341228636868,1020.0478996430259
2025-11-12T13:22:30,1762933950000,BANKNIFTY,2025-11-12T14:08:30,1762936710000,46,optimized,hybrid,1000.986054983458,1011.8408180803506,1018.9488295130515
2025-11-12T13:22:30,1762933950000,BANKNIFTY,2025-11-12T14:09:30,1762936770000,47,optimized,hybrid,1002.6695086779546,1013.6578007911919,1020.1688814003006
2025-11-12T13:22:30,1762933950000,BANKNIFTY,2025-11-12T14:10:30,1762936830000,48,optimized,hybrid,1002.7799520460578,1013.4646853205466,1022.0390184957281
2025-11-12T13:22:30,1762933950000,BANKNIFTY,2025-11-12T14:11:30,1762936890000,49,optimized,hybrid,1004.4142878811696,1013.7759589827003,1020.40964759233
2025-11-12T13:22:30,1762933950000,BANKNIFTY,2025-11-12T14:12:30,1762936950000,50,optimized,hybrid,1003.82637491922,1012.7692354514772,1018.488085975977
2025-11-12T13:22:30,1762933950000,BANKNIFTY,2025-11-12T14:13:30,1762937010000,51,optimized,hybrid,1003.9916999998393,1012.2837365150369,1019.942726765464
2025-11-12T13:22:30,1762933950000,BANKNIFTY,2025-11-12T14:14:30,1762937070000,52,optimized,hybrid,1003.3585984723335,1012.8577392228985,1022.723822745729
2025-11-12T13:22:30,1762933950000,BANKNIFTY,2025-11-12T14:15:30,1762937130000,53,optimized,hybrid,1003.1525940232403,1011.8106539720743,1022.0128757021262
2025-11-12T13:22:30,1762933950000,BANKNIFTY,2025-11-12T14:16:30,1762937190000,54,optimized,hybrid,1002.8761927998356,1013.7182520039144,1020.8232724199582
2025-11-12T13:22:30,1762933950000,BANKNIFTY,2025-11-12T14:17:30,1762937250000,55,optimized,hybrid,1002.4927172796903,1013.5945833645042,1021.8715138368416
2025-11-12T13:22:30,1762933950000,BANKNIFTY,2025-11-12T14:18:30,1762937310000,56,optimized,hybrid,997.5670225400733,1009.8994885505051,1020.0219913284785
2025-11-12T13:22:30,1762933950000,BANKNIFTY,2025-11-12T14:19:30,1762937370000,57,optimized,hybrid,997.6184915203794,1010.1940172879731,1021.8872497177969
2025-11-12T13:22:30,1762933950000,BANKNIFTY,2025-11-12T14:20:30,1762937430000,58,optimized,hybrid,997.2960983123639,1008.2965342790303,1017.0032147483138
2025-11-12T13:22:30,1762933950000,BANKNIFTY,2025-11-12T14:21:30,1762937490000,59,optimized,hybrid,996.965965534756,1008.2535882935704,1015.2739182567344
2025-11-12T13:22:30,1762933950000,BANKNIFTY,2025-11-12T14:22:30,1762937550000,60,optimized,hybrid,997.9193376189863,1011.1319599523681,1019.3468275347493
2025-11-12T13:33:00,1762934580000,BANKNIFTY,2025-11-12T13:34:00,1762934640000,1,optimized,hybrid,1015.5436192111633,1020.25,1027.3157890773095
2025-11-12T13:33:00,1762934580000,BANKNIFTY,2025-11-12T13:35:00,1762934700000,2,optimized,hybrid,1015.9569541162546,1021.6950449183544,1028.3125745969082
2025-11-12T13:33:00,1762934580000,BANKNIFTY,2025-11-12T13:36:00,1762934760000,3,optimized,hybrid,1007.202030041122,1022.5655863285638,1031.1941856428566
2025-11-12T13:33:00,1762934580000,BANKNIFTY,2025-11-12T13:37:00,1762934820000,4,optimized,hybrid,1009.6865224947637,1019.5828792278833,1031.496636829715
2025-11-12T13:33:00,1762934580000,BANKNIFTY,2025-11-12T13:38:00,1762934880000,5,optimized,hybrid,1011.7626658830593,1019.1130783247515,1034.0425261962807
2025-11-12T13:33:00,1762934580000,BANKNIFTY,2025-11-12T13:39:00,1762934940000,6,optimized,hybrid,1016.7029170955556,1023.8879973053918,1028.4505688729644
2025-11-12T13:33:00,1762934580000,BANKNIFTY,2025-11-12T13:40:00,1762935000000,7,optimized,hybrid,1010.7900357146565,1020.4607893874845,1029.3300462022894
2025-11-12T13:33:00,1762934580000,BANKNIFTY,2025-11-12T13:41:00,1762935060000,8,optimized,hybrid,1006.2990709701481,1016.5311251317953,1026.1891309732237
2025-11-12T13:33:00,1762934580000,BANKNIFTY,2025-11-12T13:42:00,1762935120000,9,optimized,hybrid,1011.2062384006099,1018.3590240170081,1025.9106400517799
2025-11-12T13:33:00,1762934580000,BANKNIFTY,2025-11-12T13:43:00,1762935180000,10,optimized,hybrid,1013.0475933329009,1018.4948014462661,1026.0530368289685
2025-11-12T13:33:00,1762934580000,BANKNIFTY,2025-11-12T13:44:00,1762935240000,11,optimized,hybrid,1011.7024065375932,1020.0341948203609,1028.0616230969379
2025-11-12T13:33:00,1762934580000,BANKNIFTY,2025-11-12T13:45:00,1762935300000,12,optimized,hybrid,1012.0642647145756,1019.3602486200348,1028.9550504806712
2025-11-12T13:33:00,1762934580000,BANKNIFTY,2025-11-12T13:46:00,1762935360000,13,optimized,hybrid,1010.813470291202,1019.2657342844079,1030.7860182228267
2025-11-12T13:33:00,1762934580000,BANKNIFTY,2025-11-12T13:47:00,1762935420000,14,optimized,hybrid,1012.5506764166886,1019.9247987082933,1027.6956980644063
2025-11-12T13:33:00,1762934580000,BANKNIFTY,2025-11-12T13:48:00,1762935480000,15,optimized,hybrid,1012.0852703223376,1019.0065914193376,1029.4504204069938
2025-11-12T13:33:00,1762934580000,BANKNIFTY,2025-11-12T13:49:00,1762935540000,16,optimized,hybrid,1013.4213258849962,1020.3504815645138,1028.2754879001482
2025-11-12T13:33:00,1762934580000,BANKNIFTY,2025-11-12T13:50:00,1762935600000,17,optimized,hybrid,1014.2282554235841,1021.8729714218903,1031.9577882228616
2025-11-12T13:33:00,1762934580000,BANKNIFTY,2025-11-12T13:51:00,1762935660000,18,optimized,hybrid,1012.7011773450342,1020.3033221274227,1031.8382689563389
2025-11-12T13:33:00,1762934580000,BANKNIFTY,2025-11-12T13:52:00,1762935720000,19,optimized,hybrid,1013.1483324995645,1021.0465162236706,1033.2561383556717
2025-11-12T13:33:00,1762934580000,BANKNIFTY,2025-11-12T13:53:00,1762935780000,20,optimized,hybrid,1011.0056447326017,1018.7803480429977,1033.7779448026297
2025-11-12T13:33:00,1762934580000,BANKNIFTY,2025-11-12T13:54:00,1762935840000,21,optimized,hybrid,1012.2661171387023,1021.2284157196357,1033.7387060885949
2025-11-12T13:33:00,1762934580000,BANKNIFTY,2025-11-12T13:55:00,1762935900000,22,optimized,hybrid,1010.7231086848474,1021.0285716202973,1034.08093530736
2025-11-12T13:33:00,1762934580000,BANKNIFTY,2025-11-12T13:56:00,1762935960000,23,optimized,hybrid,1009.6532100775489,1019.3791592477698,1032.1394296014935
2025-11-12T13:33:00,1762934580000,BANKNIFTY,2025-11-12T13:57:00,1762936020000,24,optimized,hybrid,1009.5045147282341,1017.9894162736343,1032.2342182869293
2025-11-12T13:33:00,1762934580000,BANKNIFTY,2025-11-12T13:58:00,1762936080000,25,optimized,hybrid,1009.641480861528,1019.1594517905555,1029.8302966634474
2025-11-12T13:33:00,1762934580000,BANKNIFTY,2025-11-12T13:59:00,1762936140000,26,optimized,hybrid,1011.0932697302451,1020.4920775316468,1033.710977404019
2025-11-12T13:33:00,1762934580000,BANKNIFTY,2025-11-12T14:00:00,1762936200000,27,optimized,hybrid,1012.114006924246,1021.9931867841408,1035.0265527461272
2025-11-12T13:33:00,1762934580000,BANKNIFTY,2025-11-12T14:01:00,1762936260000,28,optimized,hybrid,1010.4634236551598,1019.038942095445,1033.7043943475687
2025-11-12T13:33:00,1762934580000,BANKNIFTY,2025-11-12T14:02:00,1762936320000,29,optimized,hybrid,1010.2292854606436,1017.6790697227129,1033.9768922818803
2025-11-12T13:33:00,1762934580000,BANKNIFTY,2025-11-12T14:03:00,1762936380000,30,optimized,hybrid,1010.6488531067479,1018.5510119554099,1032.499195527555
2025-11-12T13:33:00,1762934580000,BANKNIFTY,2025-11-12T14:04:00,1762936440000,31,optimized,hybrid,1010.143508647581,1019.2902038369625,1033.21591941536
2025-11-12T13:33:00,1762934580000,BANKNIFTY,2025-11-12T14:05:00,1762936500000,32,optimized,hybrid,1007.8055819729817,1017.9864938783808,1031.4202487088653
2025-11-12T13:33:00,1762934580000,BANKNIFTY,2025-11-12T14:06:00,1762936560000,33,optimized,hybrid,1007.7634768822298,1019.1728390769706,1031.586797683123
2025-11-12T13:33:00,1762934580000,BANKNIFTY,2025-11-12T14:07:00,1762936620000,34,optimized,hybrid,1008.116114857981,1016.8984702570185,1033.1418446765658
2025-11-12T13:33:00,1762934580000,BANKNIFTY,2025-11-12T14:08:00,1762936680000,35,optimized,hybrid,1008.9388143420972,1016.6111148438122,1032.8536607488768
2025-11-12T13:33:00,1762934580000,BANKNIFTY,2025-11-12T14:09:00,1762936740000,36,optimized,hybrid,1005.2003636889308,1013.7336384453831,1027.8040074216171
2025-11-12T13:33:00,1762934580000,BANKNIFTY,2025-11-12T14:10:00,1762936800000,37,optimized,hybrid,1002.2454835426773,1013.6119600803443,1026.956106625781
2025-11-12T13:33:00,1762934580000,BANKNIFTY,2025-11-12T14:11:00,1762936860000,38,optimized,hybrid,1003.8208943341423,1012.7878108218044,1028.4609615155439
2025-11-12T13:33:00,1762934580000,BANKNIFTY,2025-11-12T14:12:00,1762936920000,39,optimized,hybrid,1008.5820649285664,1019.1461098625734,1031.3495738222603
2025-11-12T13:33:00,1762934580000,BANKNIFTY,2025-11-12T14:13:00,1762936980000,40,optimized,hybrid,1003.093312953896,1016.3718007893938,1028.9899586838253
2025-11-12T13:33:00,1762934580000,BANKNIFTY,2025-11-12T14:14:00,1762937040000,41,optimized,hybrid,1004.6527775484725,1017.3422611907404,1030.5518855234416
2025-11-12T13:33:00,1762934580000,BANKNIFTY,2025-11-12T14:15:00,1762937100000,42,optimized,hybrid,1008.4772072804186,1015.7482462121338,1029.7150079935002
2025-11-12T13:33:00,1762934580000,BANKNIFTY,2025-11-12T14:16:00,1762937160000,43,optimized,hybrid,1007.3742985645996,1016.4910371437195,1026.138037962939
2025-11-12T13:33:00,1762934580000,BANKNIFTY,2025-11-12T14:17:00,1762937220000,44,optimized,hybrid,1008.0514764372751,1014.3370407670861,1025.9662041080219
2025-11-12T13:33:00,1762934580000,BANKNIFTY,2025-11-12T14:18:00,1762937280000,45,optimized,hybrid,1009.658198752283,1021.5051148504269,1029.546040104737
2025-11-12T13:33:00,1762934580000,BANKNIFTY,2025-11-12T14:19:00,1762937340000,46,optimized,hybrid,1009.8506771047843,1020.9459201283867,1028.6402518583943
2025-11-12T13:33:00,1762934580000,BANKNIFTY,2025-11-12T14:20:00,1762937400000,47,optimized,hybrid,1011.0331199195055,1022.4416659368246,1028.8164774570782
2025-11-12T13:33:00,1762934580000,BANKNIFTY,2025-11-12T14:21:00,1762937460000,48,optimized,hybrid,1010.6513311890347,1021.6363397161626,1030.9634458913997
2025-11-12T13:33:00,1762934580000,BANKNIFTY,2025-11-12T14:22:00,1762937520000,49,optimized,hybrid,1011.8855168784646,1021.5954409760473,1028.5265611886443
2025-11-12T13:33:00,1762934580000,BANKNIFTY,2025-11-12T14:23:00,1762937580000,50,optimized,hybrid,1009.6896315404382,1018.9014348562539,1024.8175830894627
2025-11-12T13:33:00,1762934580000,BANKNIFTY,2025-11-12T14:24:00,1762937640000,51,optimized,hybrid,1010.1280080956438,1018.8548430768508,1026.9731120399101
2025-11-12T13:33:00,1762934580000,BANKNIFTY,2025-11-12T14:25:00,1762937700000,52,optimized,hybrid,1009.8620649344367,1019.4398878233922,1030.0188942221705
2025-11-12T13:33:00,1762934580000,BANKNIFTY,2025-11-12T14:26:00,1762937760000,53,optimized,hybrid,1010.0205351593835,1019.1700902531995,1030.005027166386
2025-11-12T13:33:00,1762934580000,BANKNIFTY,2025-11-12T14:27:00,1762937820000,54,optimized,hybrid,1008.8073959640448,1020.1004538210707,1027.7066139231865
2025-11-12T13:33:00,1762934580000,BANKNIFTY,2025-11-12T14:28:00,1762937880000,55,optimized,hybrid,1008.19517181871,1020.2284342210326,1028.681685611949
2025-11-12T13:33:00,1762934580000,BANKNIFTY,2025-11-12T14:29:00,1762937940000,56,optimized,hybrid,1007.3166086438038,1020.3921910735412,1030.2385633835197
2025-11-12T13:33:00,1762934580000,BANKNIFTY,2025-11-12T14:30:00,1762938000000,57,optimized,hybrid,1005.8023532873772,1018.9605272308352,1031.2683425164364
2025-11-12T13:33:00,1762934580000,BANKNIFTY,2025-11-12T14:31:00,1762938060000,58,optimized,hybrid,1005.211506938759,1017.3873974068424,1025.3429442938623
2025-11-12T13:33:00,1762934580000,BANKNIFTY,2025-11-12T14:32:00,1762938120000,59,optimized,hybrid,1004.6219966105477,1016.8920240136986,1023.5922019139106
2025-11-12T13:33:00,1762934580000,BANKNIFTY,2025-11-12T14:33:00,1762938180000,60,optimized,hybrid,1005.5923431028558,1019.1368602511964,1027.396070585871
2025-11-12T13:37:00,1762934820000,BANKNIFTY,2025-11-12T13:38:00,1762934880000,1,optimized,hybrid,1011.6726053085152,1016.7,1023.6770123613985
2025-11-12T13:37:00,1762934820000,BANKNIFTY,2025-11-12T13:39:00,1762934940000,2,optimized,hybrid,1011.9628132808435,1017.7873340651456,1024.8385675210932
2025-11-12T13:37:00,1762934820000,BANKNIFTY,2025-11-12T13:40:00,1762935000000,3,optimized,hybrid,1003.5281768560988,1016.5902871773715,1026.8347747316982
2025-11-12T13:37:00,1762934820000,BANKNIFTY,2025-11-12T13:41:00,1762935060000,4,optimized,hybrid,1007.0815699686214,1017.0158944245275,1027.6627546063303
2025-11-12T13:37:00,1762934820000,BANKNIFTY,2025-11-12T13:42:00,1762935120000,5,optimized,hybrid,1009.8889547842357,1016.0447460338924,1029.907849658639
2025-11-12T13:37:00,1762934820000,BANKNIFTY,2025-11-12T13:43:00,1762935180000,6,optimized,hybrid,1013.9600113441628,1020.031744999317,1025.3360291101744
2025-11-12T13:37:00,1762934820000,BANKNIFTY,2025-11-12T13:44:00,1762935240000,7,optimized,hybrid,1009.6733089491584,1017.7031280173221,1026.7549801888288
2025-11-12T13:37:00,1762934820000,BANKNIFTY,2025-11-12T13:45:00,1762935300000,8,optimized,hybrid,1004.5500798551163,1014.619863750522,1023.750299727368
2025-11-12T13:37:00,1762934820000,BANKNIFTY,2025-11-12T13:46:00,1762935360000,9,optimized,hybrid,1009.4820903036688,1016.4345726893432,1024.0329110875266
2025-11-12T13:37:00,1762934820000,BANKNIFTY,2025-11-12T13:47:00,1762935420000,10,optimized,hybrid,1010.4834199160491,1016.0079065025584,1023.0167373347991
2025-11-12T13:37:00,1762934820000,BANKNIFTY,2025-11-12T13:48:00,1762935480000,11,optimized,hybrid,1009.9758425927149,1018.0286862914656,1025.0032959954472
2025-11-12T13:37:00,1762934820000,BANKNIFTY,2025-11-12T13:49:00,1762935540000,12,optimized,hybrid,1010.2028521867811,1017.5489947056001,1026.4353986630335
2025-11-12T13:37:00,1762934820000,BANKNIFTY,2025-11-12T13:50:00,1762935600000,13,optimized,hybrid,1008.867858654513,1017.1609698011521,1026.7101638790305
2025-11-12T13:37:00,1762934820000,BANKNIFTY,2025-11-12T13:51:00,1762935660000,14,optimized,hybrid,1010.0534982119385,1017.603554201525,1025.1406710212302
2025-11-12T13:37:00,1762934820000,BANKNIFTY,2025-11-12T13:52:00,1762935720000,15,optimized,hybrid,1009.8842188608563,1016.861531331663,1026.6818874880482
2025-11-12T13:37:00,1762934820000,BANKNIFTY,2025-11-12T13:53:00,1762935780000,16,optimized,hybrid,1010.7988645460606,1017.917997655725,1025.745405276108
2025-11-12T13:37:00,1762934820000,BANKNIFTY,2025-11-12T13:54:00,1762935840000,17,optimized,hybrid,1010.8649459312387,1019.3320953409188,1029.1913392611787
2025-11-12T13:37:00,1762934820000,BANKNIFTY,2025-11-12T13:55:00,1762935900000,18,optimized,hybrid,1009.7434595710885,1017.6859313030438,1028.6128125751934
2025-11-12T13:37:00,1762934820000,BANKNIFTY,2025-11-12T13:56:00,1762935960000,19,optimized,hybrid,1010.6032506977584,1019.0714022897721,1031.1230836785853
2025-11-12T13:37:00,1762934820000,BANKNIFTY,2025-11-12T13:57:00,1762936020000,20,optimized,hybrid,1008.8733686694708,1016.429041948443,1031.336207929797
2025-11-12T13:37:00,1762934820000,BANKNIFTY,2025-11-12T13:58:00,1762936080000,21,optimized,hybrid,1010.2121727107734,1019.0906158687499,1031.3953215853232
2025-11-12T13:37:00,1762934820000,BANKNIFTY,2025-11-12T13:59:00,1762936140000,22,optimized,hybrid,1009.4730961145059,1019.1730536502623,1031.8897581797844
2025-11-12T13:37:00,1762934820000,BANKNIFTY,2025-11-12T14:00:00,1762936200000,23,optimized,hybrid,1007.4515440715836,1016.6531718994675,1029.513015850906
2025-11-12T13:37:00,1762934820000,BANKNIFTY,2025-11-12T14:01:00,1762936260000,24,optimized,hybrid,1007.3872722910662,1015.7376168023704,1029.652640928862
2025-11-12T13:37:00,1762934820000,BANKNIFTY,2025-11-12T14:02:00,1762936320000,25,optimized,hybrid,1007.3513508632609,1016.6542668473191,1027.207880715729
2025-11-12T13:37:00,1762934820000,BANKNIFTY,2025-11-12T14:03:00,1762936380000,26,optimized,hybrid,1009.4608701853617,1018.4196086655172,1031.4680242414195
2025-11-12T13:37:00,1762934820000,BANKNIFTY,2025-11-12T14:04:00,1762936440000,27,optimized,hybrid,1009.8935002101191,1019.3258943007347,1032.4551836197181
2025-11-12T13:37:00,1762934820000,BANKNIFTY,2025-11-12T14:05:00,1762936500000,28,optimized,hybrid,1006.6251461008189,1014.6314360351344,1029.2777348595214
2025-11-12T13:37:00,1762934820000,BANKNIFTY,2025-11-12T14:06:00,1762936560000,29,optimized,hybrid,1004.720102070866,1011.9786833084718,1028.0437750103808
2025-11-12T13:37:00,1762934820000,BANKNIFTY,2025-11-12T14:07:00,1762936620000,30,optimized,hybrid,1005.5026395774721,1013.3051587006391,1026.9950495558014
2025-11-12T13:37:00,1762934820000,BANKNIFTY,2025-11-12T14:08:00,1762936680000,31,optimized,hybrid,1005.4001132813579,1014.5366680062696,1027.9932718771865
2025-11-12T13:37:00,1762934820000,BANKNIFTY,2025-11-12T14:09:00,1762936740000,32,optimized,hybrid,1003.3964806326384,1013.3668198853036,1026.3226739922595
2025-11-12T13:37:00,1762934820000,BANKNIFTY,2025-11-12T14:10:00,1762936800000,33,optimized,hybrid,1003.1505597056424,1014.0007360982675,1026.3772108536873
2025-11-12T13:37:00,1762934820000,BANKNIFTY,2025-11-12T14:11:00,1762936860000,34,optimized,hybrid,1003.3291615865608,1011.2831512460518,1027.3856771170363
2025-11-12T13:37:00,1762934820000,BANKNIFTY,2025-11-12T14:12:00,1762936920000,35,optimized,hybrid,1004.8222449059119,1012.8790488586928,1027.320113958983
2025-11-12T13:37:00,1762934820000,BANKNIFTY,2025-11-12T14:13:00,1762936980000,36,optimized,hybrid,1002.955099749355,1011.4413212173317,1025.1001103026776
2025-11-12T13:37:00,1762934820000,BANKNIFTY,2025-11-12T14:14:00,1762937040000,37,optimized,hybrid,1001.9883878157367,1012.9771806617857,1026.0739231237926
2025-11-12T13:37:00,1762934820000,BANKNIFTY,2025-11-12T14:15:00,1762937100000,38,optimized,hybrid,1003.3005473953905,1012.0129635819994,1027.4566788197144
2025-11-12T13:37:00,1762934820000,BANKNIFTY,2025-11-12T14:16:00,1762937160000,39,optimized,hybrid,1007.7851357261944,1018.145814956559,1030.016890765929
2025-11-12T13:37:00,1762934820000,BANKNIFTY,2025-11-12T14:17:00,1762937220000,40,optimized,hybrid,1002.6967480182527,1016.2614235599451,1027.9779313592949
2025-11-12T13:37:00,1762934820000,BANKNIFTY,2025-11-12T14:18:00,1762937280000,41,optimized,hybrid,1004.8990634504985,1016.4046576180588,1029.3147084980244
2025-11-12T13:37:00,1762934820000,BANKNIFTY,2025-11-12T14:19:00,1762937340000,42,optimized,hybrid,1005.8056377069349,1012.7401443893752,1026.437622306577
2025-11-12T13:37:00,1762934820000,BANKNIFTY,2025-11-12T14:20:00,1762937400000,43,optimized,hybrid,1004.4954690918295,1012.7831660207089,1022.1765593101686
2025-11-12T13:37:00,1762934820000,BANKNIFTY,2025-11-12T14:21:00,1762937460000,44,optimized,hybrid,1004.702435124532,1010.8413535504453,1021.9363205350464
2025-11-12T13:37:00,1762934820000,BANKNIFTY,2025-11-12T14:22:00,1762937520000,45,optimized,hybrid,1006.066117233592,1017.4221906057257,1025.0366024358043
2025-11-12T13:37:00,1762934820000,BANKNIFTY,2025-11-12T14:23:00,1762937580000,46,optimized,hybrid,1005.9614638341845,1016.6198618765122,1023.8413223299825
2025-11-12T13:37:00,1762934820000,BANKNIFTY,2025-11-12T14:24:00,1762937640000,47,optimized,hybrid,1007.2830311626054,1018.3635086359518,1024.5477277178531
2025-11-12T13:37:00,1762934820000,BANKNIFTY,2025-11-12T14:25:00,1762937700000,48,optimized,hybrid,1006.2906128950801,1016.8460854781881,1026.0862393265893
2025-11-12T13:37:00,1762934820000,BANKNIFTY,2025-11-12T14:26:00,1762937760000,49,optimized,hybrid,1007.0473113938783,1016.4911564831116,1023.3562617507208
2025-11-12T13:37:00,1762934820000,BANKNIFTY,2025-11-12T14:27:00,1762937820000,50,optimized,hybrid,1006.5787726859884,1015.6151824248666,1021.4385093749753
2025-11-12T13:37:00,1762934820000,BANKNIFTY,2025-11-12T14:28:00,1762937880000,51,optimized,hybrid,1006.9228634308436,1015.3834977336121,1023.1338334542344
2025-11-12T13:37:00,1762934820000,BANKNIFTY,2025-11-12T14:29:00,1762937940000,52,optimized,hybrid,1007.108094110315,1016.2084653094628,1026.5590734182153
2025-11-12T13:37:00,1762934820000,BANKNIFTY,2025-11-12T14:30:00,1762938000000,53,optimized,hybrid,1007.2228981658084,1016.131970011314,1026.6459833598317
2025-11-12T13:37:00,1762934820000,BANKNIFTY,2025-11-12T14:31:00,1762938060000,54,optimized,hybrid,1007.3493878762408,1018.1791258395615,1025.423777937801
2025-11-12T13:37:00,1762934820000,BANKNIFTY,2025-11-12T14:32:00,1762938120000,55,optimized,hybrid,1008.9589328357763,1018.6254591285826,1026.7706637913043
2025-11-12T13:37:00,1762934820000,BANKNIFTY,2025-11-12T14:33:00,1762938180000,56,optimized,hybrid,1006.1935146147276,1018.9020138522503,1028.631273654165
2025-11-12T13:37:00,1762934820000,BANKNIFTY,2025-11-12T14:34:00,1762938240000,57,optimized,hybrid,1004.5943617861502,1017.1303012214232,1029.5197523079562
2025-11-12T13:37:00,1762934820000,BANKNIFTY,2025-11-12T14:35:00,1762938300000,58,optimized,hybrid,1003.9463820585919,1014.8022945740406,1023.1953992218017
2025-11-12T13:37:00,1762934820000,BANKNIFTY,2025-11-12T14:36:00,1762938360000,59,optimized,hybrid,1003.5698984652755,1015.000958579496,1022.107894884596
2025-11-12T13:37:00,1762934820000,BANKNIFTY,2025-11-12T14:37:00,1762938420000,60,optimized,hybrid,1004.1479086326779,1017.406659094403,1025.004306887309
2025-11-12T13:37:00,1762934820000,BANKNIFTY,2025-11-12T13:38:00,1762934880000,1,optimized,hybrid,1011.6726053085152,1016.7,1023.6770123613985
2025-11-12T13:37:00,1762934820000,BANKNIFTY,2025-11-12T13:39:00,1762934940000,2,optimized,hybrid,1011.9628132808435,1017.7873340651456,1024.8385675210932
2025-11-12T13:37:00,1762934820000,BANKNIFTY,2025-11-12T13:40:00,1762935000000,3,optimized,hybrid,1003.5281768560988,1016.5902871773715,1026.8347747316982
2025-11-12T13:37:00,1762934820000,BANKNIFTY,2025-11-12T13:41:00,1762935060000,4,optimized,hybrid,1007.0815699686214,1017.0158944245275,1027.6627546063303
2025-11-12T13:37:00,1762934820000,BANKNIFTY,2025-11-12T13:42:00,1762935120000,5,optimized,hybrid,1009.8889547842357,1016.0447460338924,1029.907849658639
2025-11-12T13:37:00,1762934820000,BANKNIFTY,2025-11-12T13:43:00,1762935180000,6,optimized,hybrid,1013.9600113441628,1020.031744999317,1025.3360291101744
2025-11-12T13:37:00,1762934820000,BANKNIFTY,2025-11-12T13:44:00,1762935240000,7,optimized,hybrid,1009.6733089491584,1017.7031280173221,1026.7549801888288
2025-11-12T13:37:00,1762934820000,BANKNIFTY,2025-11-12T13:45:00,1762935300000,8,optimized,hybrid,1004.5500798551163,1014.619863750522,1023.750299727368
2025-11-12T13:37:00,1762934820000,BANKNIFTY,2025-11-12T13:46:00,1762935360000,9,optimized,hybrid,1009.4820903036688,1016.4345726893432,1024.0329110875266
2025-11-12T13:37:00,1762934820000,BANKNIFTY,2025-11-12T13:47:00,1762935420000,10,optimized,hybrid,1010.4834199160491,1016.0079065025584,1023.0167373347991
2025-11-12T13:37:00,1762934820000,BANKNIFTY,2025-11-12T13:48:00,1762935480000,11,optimized,hybrid,1009.9758425927149,1018.0286862914656,1025.0032959954472
2025-11-12T13:37:00,1762934820000,BANKNIFTY,2025-11-12T13:49:00,1762935540000,12,optimized,hybrid,1010.2028521867811,1017.5489947056001,1026.4353986630335
2025-11-12T13:37:00,1762934820000,BANKNIFTY,2025-11-12T13:50:00,1762935600000,13,optimized,hybrid,1008.867858654513,1017.1609698011521,1026.7101638790305
2025-11-12T13:37:00,1762934820000,BANKNIFTY,2025-11-12T13:51:00,1762935660000,14,optimized,hybrid,1010.0534982119385,1017.603554201525,1025.1406710212302
2025-11-12T13:37:00,1762934820000,BANKNIFTY,2025-11-12T13:52:00,1762935720000,15,optimized,hybrid,1009.8842188608563,1016.861531331663,1026.6818874880482
2025-11-12T13:37:00,1762934820000,BANKNIFTY,2025-11-12T13:53:00,1762935780000,16,optimized,hybrid,1010.7988645460606,1017.917997655725,1025.745405276108
2025-11-12T13:37:00,1762934820000,BANKNIFTY,2025-11-12T13:54:00,1762935840000,17,optimized,hybrid,1010.8649459312387,1019.3320953409188,1029.1913392611787
2025-11-12T13:37:00,1762934820000,BANKNIFTY,2025-11-12T13:55:00,1762935900000,18,optimized,hybrid,1009.7434595710885,1017.6859313030438,1028.6128125751934
2025-11-12T13:37:00,1762934820000,BANKNIFTY,2025-11-12T13:56:00,1762935960000,19,optimized,hybrid,1010.6032506977584,1019.0714022897721,1031.1230836785853
2025-11-12T13:37:00,1762934820000,BANKNIFTY,2025-11-12T13:57:00,1762936020000,20,optimized,hybrid,1008.8733686694708,1016.429041948443,1031.336207929797
2025-11-12T13:37:00,1762934820000,BANKNIFTY,2025-11-12T13:58:00,1762936080000,21,optimized,hybrid,1010.2121727107734,1019.0906158687499,1031.3953215853232
2025-11-12T13:37:00,1762934820000,BANKNIFTY,2025-11-12T13:59:00,1762936140000,22,optimized,hybrid,1009.4730961145059,1019.1730536502623,1031.8897581797844
2025-11-12T13:37:00,1762934820000,BANKNIFTY,2025-11-12T14:00:00,1762936200000,23,optimized,hybrid,1007.4515440715836,1016.6531718994675,1029.513015850906
2025-11-12T13:37:00,1762934820000,BANKNIFTY,2025-11-12T14:01:00,1762936260000,24,optimized,hybrid,1007.3872722910662,1015.7376168023704,1029.652640928862
2025-11-12T13:37:00,1762934820000,BANKNIFTY,2025-11-12T14:02:00,1762936320000,25,optimized,hybrid,1007.3513508632609,1016.6542668473191,1027.207880715729
2025-11-12T13:37:00,1762934820000,BANKNIFTY,2025-11-12T14:03:00,1762936380000,26,optimized,hybrid,1009.4608701853617,1018.4196086655172,1031.4680242414195
2025-11-12T13:37:00,1762934820000,BANKNIFTY,2025-11-12T14:04:00,1762936440000,27,optimized,hybrid,1009.8935002101191,1019.3258943007347,1032.4551836197181
2025-11-12T13:37:00,1762934820000,BANKNIFTY,2025-11-12T14:05:00,1762936500000,28,optimized,hybrid,1006.6251461008189,1014.6314360351344,1029.2777348595214
2025-11-12T13:37:00,1762934820000,BANKNIFTY,2025-11-12T14:06:00,1762936560000,29,optimized,hybrid,1004.720102070866,1011.9786833084718,1028.0437750103808
2025-11-12T13:37:00,1762934820000,BANKNIFTY,2025-11-12T14:07:00,1762936620000,30,optimized,hybrid,1005.5026395774721,1013.3051587006391,1026.9950495558014
2025-11-12T13:37:00,1762934820000,BANKNIFTY,2025-11-12T14:08:00,1762936680000,31,optimized,hybrid,1005.4001132813579,1014.5366680062696,1027.9932718771865
2025-11-12T13:37:00,1762934820000,BANKNIFTY,2025-11-12T14:09:00,1762936740000,32,optimized,hybrid,1003.3964806326384,1013.3668198853036,1026.3226739922595
2025-11-12T13:37:00,1762934820000,BANKNIFTY,2025-11-12T14:10:00,1762936800000,33,optimized,hybrid,1003.1505597056424,1014.0007360982675,1026.3772108536873
2025-11-12T13:37:00,1762934820000,BANKNIFTY,2025-11-12T14:11:00,1762936860000,34,optimized,hybrid,1003.3291615865608,1011.2831512460518,1027.3856771170363
2025-11-12T13:37:00,1762934820000,BANKNIFTY,2025-11-12T14:12:00,1762936920000,35,optimized,hybrid,1004.8222449059119,1012.8790488586928,1027.320113958983
2025-11-12T13:37:00,1762934820000,BANKNIFTY,2025-11-12T14:13:00,1762936980000,36,optimized,hybrid,1002.955099749355,1011.4413212173317,1025.1001103026776
2025-11-12T13:37:00,1762934820000,BANKNIFTY,2025-11-12T14:14:00,1762937040000,37,optimized,hybrid,1001.9883878157367,1012.9771806617857,1026.0739231237926
2025-11-12T13:37:00,1762934820000,BANKNIFTY,2025-11-12T14:15:00,1762937100000,38,optimized,hybrid,1003.3005473953905,1012.0129635819994,1027.4566788197144
2025-11-12T13:37:00,1762934820000,BANKNIFTY,2025-11-12T14:16:00,1762937160000,39,optimized,hybrid,1007.7851357261944,1018.145814956559,1030.016890765929
2025-11-12T13:37:00,1762934820000,BANKNIFTY,2025-11-12T14:17:00,1762937220000,40,optimized,hybrid,1002.6967480182527,1016.2614235599451,1027.9779313592949
2025-11-12T13:37:00,1762934820000,BANKNIFTY,2025-11-12T14:18:00,1762937280000,41,optimized,hybrid,1004.8990634504985,1016.4046576180588,1029.3147084980244
2025-11-12T13:37:00,1762934820000,BANKNIFTY,2025-11-12T14:19:00,1762937340000,42,optimized,hybrid,1005.8056377069349,1012.7401443893752,1026.437622306577
2025-11-12T13:37:00,1762934820000,BANKNIFTY,2025-11-12T14:20:00,1762937400000,43,optimized,hybrid,1004.4954690918295,1012.7831660207089,1022.1765593101686
2025-11-12T13:37:00,1762934820000,BANKNIFTY,2025-11-12T14:21:00,1762937460000,44,optimized,hybrid,1004.702435124532,1010.8413535504453,1021.9363205350464
2025-11-12T13:37:00,1762934820000,BANKNIFTY,2025-11-12T14:22:00,1762937520000,45,optimized,hybrid,1006.066117233592,1017.4221906057257,1025.0366024358043
2025-11-12T13:37:00,1762934820000,BANKNIFTY,2025-11-12T14:23:00,1762937580000,46,optimized,hybrid,1005.9614638341845,1016.6198618765122,1023.8413223299825
2025-11-12T13:37:00,1762934820000,BANKNIFTY,2025-11-12T14:24:00,1762937640000,47,optimized,hybrid,1007.2830311626054,1018.3635086359518,1024.5477277178531
2025-11-12T13:37:00,1762934820000,BANKNIFTY,2025-11-12T14:25:00,1762937700000,48,optimized,hybrid,1006.2906128950801,1016.8460854781881,1026.0862393265893
2025-11-12T13:37:00,1762934820000,BANKNIFTY,2025-11-12T14:26:00,1762937760000,49,optimized,hybrid,1007.0473113938783,1016.4911564831116,1023.3562617507208
2025-11-12T13:37:00,1762934820000,BANKNIFTY,2025-11-12T14:27:00,1762937820000,50,optimized,hybrid,1006.5787726859884,1015.6151824248666,1021.4385093749753
2025-11-12T13:37:00,1762934820000,BANKNIFTY,2025-11-12T14:28:00,1762937880000,51,optimized,hybrid,1006.9228634308436,1015.3834977336121,1023.1338334542344
2025-11-12T13:37:00,1762934820000,BANKNIFTY,2025-11-12T14:29:00,1762937940000,52,optimized,hybrid,1007.108094110315,1016.2084653094628,1026.5590734182153
2025-11-12T13:37:00,1762934820000,BANKNIFTY,2025-11-12T14:30:00,1762938000000,53,optimized,hybrid,1007.2228981658084,1016.131970011314,1026.6459833598317
2025-11-12T13:37:00,1762934820000,BANKNIFTY,2025-11-12T14:31:00,1762938060000,54,optimized,hybrid,1007.3493878762408,1018.1791258395615,1025.423777937801
2025-11-12T13:37:00,1762934820000,BANKNIFTY,2025-11-12T14:32:00,1762938120000,55,optimized,hybrid,1008.9589328357763,1018.6254591285826,1026.7706637913043
2025-11-12T13:37:00,1762934820000,BANKNIFTY,2025-11-12T14:33:00,1762938180000,56,optimized,hybrid,1006.1935146147276,1018.9020138522503,1028.631273654165
2025-11-12T13:37:00,1762934820000,BANKNIFTY,2025-11-12T14:34:00,1762938240000,57,optimized,hybrid,1004.5943617861502,1017.1303012214232,1029.5197523079562
2025-11-12T13:37:00,1762934820000,BANKNIFTY,2025-11-12T14:35:00,1762938300000,58,optimized,hybrid,1003.9463820585919,1014.8022945740406,1023.1953992218017
2025-11-12T13:37:00,1762934820000,BANKNIFTY,2025-11-12T14:36:00,1762938360000,59,optimized,hybrid,1003.5698984652755,1015.000958579496,1022.107894884596
2025-11-12T13:37:00,1762934820000,BANKNIFTY,2025-11-12T14:37:00,1762938420000,60,optimized,hybrid,1004.1479086326779,1017.406659094403,1025.004306887309
2025-11-12T13:37:00,1762934820000,BANKNIFTY,2025-11-12T13:38:00,1762934880000,1,optimized,hybrid,1011.6726053085152,1016.7,1023.6770123613985
2025-11-12T13:37:00,1762934820000,BANKNIFTY,2025-11-12T13:39:00,1762934940000,2,optimized,hybrid,1011.9628132808435,1017.7873340651456,1024.8385675210932
2025-11-12T13:37:00,1762934820000,BANKNIFTY,2025-11-12T13:40:00,1762935000000,3,optimized,hybrid,1003.5281768560988,1016.5902871773715,1026.8347747316982
2025-11-12T13:37:00,1762934820000,BANKNIFTY,2025-11-12T13:41:00,1762935060000,4,optimized,hybrid,1007.0815699686214,1017.0158944245275,1027.6627546063303
2025-11-12T13:37:00,1762934820000,BANKNIFTY,2025-11-12T13:42:00,1762935120000,5,optimized,hybrid,1009.8889547842357,1016.0447460338924,1029.907849658639
2025-11-12T13:37:00,1762934820000,BANKNIFTY,2025-11-12T13:43:00,1762935180000,6,optimized,hybrid,1013.9600113441628,1020.031744999317,1025.3360291101744
2025-11-12T13:37:00,1762934820000,BANKNIFTY,2025-11-12T13:44:00,1762935240000,7,optimized,hybrid,1009.6733089491584,1017.7031280173221,1026.7549801888288
2025-11-12T13:37:00,1762934820000,BANKNIFTY,2025-11-12T13:45:00,1762935300000,8,optimized,hybrid,1004.5500798551163,1014.619863750522,1023.750299727368
2025-11-12T13:37:00,1762934820000,BANKNIFTY,2025-11-12T13:46:00,1762935360000,9,optimized,hybrid,1009.4820903036688,1016.4345726893432,1024.0329110875266
2025-11-12T13:37:00,1762934820000,BANKNIFTY,2025-11-12T13:47:00,1762935420000,10,optimized,hybrid,1010.4834199160491,1016.0079065025584,1023.0167373347991
2025-11-12T13:37:00,1762934820000,BANKNIFTY,2025-11-12T13:48:00,1762935480000,11,optimized,hybrid,1009.9758425927149,1018.0286862914656,1025.0032959954472
2025-11-12T13:37:00,1762934820000,BANKNIFTY,2025-11-12T13:49:00,1762935540000,12,optimized,hybrid,1010.2028521867811,1017.5489947056001,1026.4353986630335
2025-11-12T13:37:00,1762934820000,BANKNIFTY,2025-11-12T13:50:00,1762935600000,13,optimized,hybrid,1008.867858654513,1017.1609698011521,1026.7101638790305
2025-11-12T13:37:00,1762934820000,BANKNIFTY,2025-11-12T13:51:00,1762935660000,14,optimized,hybrid,1010.0534982119385,1017.603554201525,1025.1406710212302
2025-11-12T13:37:00,1762934820000,BANKNIFTY,2025-11-12T13:52:00,1762935720000,15,optimized,hybrid,1009.8842188608563,1016.861531331663,1026.6818874880482
2025-11-12T13:37:00,1762934820000,BANKNIFTY,2025-11-12T13:53:00,1762935780000,16,optimized,hybrid,1010.7988645460606,1017.917997655725,1025.745405276108
2025-11-12T13:37:00,1762934820000,BANKNIFTY,2025-11-12T13:54:00,1762935840000,17,optimized,hybrid,1010.8649459312387,1019.3320953409188,1029.1913392611787
2025-11-12T13:37:00,1762934820000,BANKNIFTY,2025-11-12T13:55:00,1762935900000,18,optimized,hybrid,1009.7434595710885,1017.6859313030438,1028.6128125751934
2025-11-12T13:37:00,1762934820000,BANKNIFTY,2025-11-12T13:56:00,1762935960000,19,optimized,hybrid,1010.6032506977584,1019.0714022897721,1031.1230836785853
2025-11-12T13:37:00,1762934820000,BANKNIFTY,2025-11-12T13:57:00,1762936020000,20,optimized,hybrid,1008.8733686694708,1016.429041948443,1031.336207929797
2025-11-12T13:37:00,1762934820000,BANKNIFTY,2025-11-12T13:58:00,1762936080000,21,optimized,hybrid,1010.2121727107734,1019.0906158687499,1031.3953215853232
2025-11-12T13:37:00,1762934820000,BANKNIFTY,2025-11-12T13:59:00,1762936140000,22,optimized,hybrid,1009.4730961145059,1019.1730536502623,1031.8897581797844
2025-11-12T13:37:00,1762934820000,BANKNIFTY,2025-11-12T14:00:00,1762936200000,23,optimized,hybrid,1007.4515440715836,1016.6531718994675,1029.513015850906
2025-11-12T13:37:00,1762934820000,BANKNIFTY,2025-11-12T14:01:00,1762936260000,24,optimized,hybrid,1007.3872722910662,1015.7376168023704,1029.652640928862
2025-11-12T13:37:00,1762934820000,BANKNIFTY,2025-11-12T14:02:00,1762936320000,25,optimized,hybrid,1007.3513508632609,1016.6542668473191,1027.207880715729
2025-11-12T13:37:00,1762934820000,BANKNIFTY,2025-11-12T14:03:00,1762936380000,26,optimized,hybrid,1009.4608701853617,1018.4196086655172,1031.4680242414195
2025-11-12T13:37:00,1762934820000,BANKNIFTY,2025-11-12T14:04:00,1762936440000,27,optimized,hybrid,1009.8935002101191,1019.3258943007347,1032.4551836197181
2025-11-12T13:37:00,1762934820000,BANKNIFTY,2025-11-12T14:05:00,1762936500000,28,optimized,hybrid,1006.6251461008189,1014.6314360351344,1029.2777348595214
2025-11-12T13:37:00,1762934820000,BANKNIFTY,2025-11-12T14:06:00,1762936560000,29,optimized,hybrid,1004.720102070866,1011.9786833084718,1028.0437750103808
2025-11-12T13:37:00,1762934820000,BANKNIFTY,2025-11-12T14:07:00,1762936620000,30,optimized,hybrid,1005.5026395774721,1013.3051587006391,1026.9950495558014
2025-11-12T13:37:00,1762934820000,BANKNIFTY,2025-11-12T14:08:00,1762936680000,31,optimized,hybrid,1005.4001132813579,1014.5366680062696,1027.9932718771865
2025-11-12T13:37:00,1762934820000,BANKNIFTY,2025-11-12T14:09:00,1762936740000,32,optimized,hybrid,1003.3964806326384,1013.3668198853036,1026.3226739922595
2025-11-12T13:37:00,1762934820000,BANKNIFTY,2025-11-12T14:10:00,1762936800000,33,optimized,hybrid,1003.1505597056424,1014.0007360982675,1026.3772108536873
2025-11-12T13:37:00,1762934820000,BANKNIFTY,2025-11-12T14:11:00,1762936860000,34,optimized,hybrid,1003.3291615865608,1011.2831512460518,1027.3856771170363
2025-11-12T13:37:00,1762934820000,BANKNIFTY,2025-11-12T14:12:00,1762936920000,35,optimized,hybrid,1004.8222449059119,1012.8790488586928,1027.320113958983
2025-11-12T13:37:00,1762934820000,BANKNIFTY,2025-11-12T14:13:00,1762936980000,36,optimized,hybrid,1002.955099749355,1011.4413212173317,1025.1001103026776
2025-11-12T13:37:00,1762934820000,BANKNIFTY,2025-11-12T14:14:00,1762937040000,37,optimized,hybrid,1001.9883878157367,1012.9771806617857,1026.0739231237926
2025-11-12T13:37:00,1762934820000,BANKNIFTY,2025-11-12T14:15:00,1762937100000,38,optimized,hybrid,1003.3005473953905,1012.0129635819994,1027.4566788197144
2025-11-12T13:37:00,1762934820000,BANKNIFTY,2025-11-12T14:16:00,1762937160000,39,optimized,hybrid,1007.7851357261944,1018.145814956559,1030.016890765929
2025-11-12T13:37:00,1762934820000,BANKNIFTY,2025-11-12T14:17:00,1762937220000,40,optimized,hybrid,1002.6967480182527,1016.2614235599451,1027.9779313592949
2025-11-12T13:37:00,1762934820000,BANKNIFTY,2025-11-12T14:18:00,1762937280000,41,optimized,hybrid,1004.8990634504985,1016.4046576180588,1029.3147084980244
2025-11-12T13:37:00,1762934820000,BANKNIFTY,2025-11-12T14:19:00,1762937340000,42,optimized,hybrid,1005.8056377069349,1012.7401443893752,1026.437622306577
2025-11-12T13:37:00,1762934820000,BANKNIFTY,2025-11-12T14:20:00,1762937400000,43,optimized,hybrid,1004.4954690918295,1012.7831660207089,1022.1765593101686
2025-11-12T13:37:00,1762934820000,BANKNIFTY,2025-11-12T14:21:00,1762937460000,44,optimized,hybrid,1004.702435124532,1010.8413535504453,1021.9363205350464
2025-11-12T13:37:00,1762934820000,BANKNIFTY,2025-11-12T14:22:00,1762937520000,45,optimized,hybrid,1006.066117233592,1017.4221906057257,1025.0366024358043
2025-11-12T13:37:00,1762934820000,BANKNIFTY,2025-11-12T14:23:00,1762937580000,46,optimized,hybrid,1005.9614638341845,1016.6198618765122,1023.8413223299825
2025-11-12T13:37:00,1762934820000,BANKNIFTY,2025-11-12T14:24:00,1762937640000,47,optimized,hybrid,1007.2830311626054,1018.3635086359518,1024.5477277178531
2025-11-12T13:37:00,1762934820000,BANKNIFTY,2025-11-12T14:25:00,1762937700000,48,optimized,hybrid,1006.2906128950801,1016.8460854781881,1026.0862393265893
2025-11-12T13:37:00,1762934820000,BANKNIFTY,2025-11-12T14:26:00,1762937760000,49,optimized,hybrid,1007.0473113938783,1016.4911564831116,1023.3562617507208
2025-11-12T13:37:00,1762934820000,BANKNIFTY,2025-11-12T14:27:00,1762937820000,50,optimized,hybrid,1006.5787726859884,1015.6151824248666,1021.4385093749753
2025-11-12T13:37:00,1762934820000,BANKNIFTY,2025-11-12T14:28:00,1762937880000,51,optimized,hybrid,1006.9228634308436,1015.3834977336121,1023.1338334542344
2025-11-12T13:37:00,1762934820000,BANKNIFTY,2025-11-12T14:29:00,1762937940000,52,optimized,hybrid,1007.108094110315,1016.2084653094628,1026.5590734182153
2025-11-12T13:37:00,1762934820000,BANKNIFTY,2025-11-12T14:30:00,1762938000000,53,optimized,hybrid,1007.2228981658084,1016.131970011314,1026.6459833598317
2025-11-12T13:37:00,1762934820000,BANKNIFTY,2025-11-12T14:31:00,1762938060000,54,optimized,hybrid,1007.3493878762408,1018.1791258395615,1025.423777937801
2025-11-12T13:37:00,1762934820000,BANKNIFTY,2025-11-12T14:32:00,1762938120000,55,optimized,hybrid,1008.9589328357763,1018.6254591285826,1026.7706637913043
2025-11-12T13:37:00,1762934820000,BANKNIFTY,2025-11-12T14:33:00,1762938180000,56,optimized,hybrid,1006.1935146147276,1018.9020138522503,1028.631273654165
2025-11-12T13:37:00,1762934820000,BANKNIFTY,2025-11-12T14:34:00,1762938240000,57,optimized,hybrid,1004.5943617861502,1017.1303012214232,1029.5197523079562
2025-11-12T13:37:00,1762934820000,BANKNIFTY,2025-11-12T14:35:00,1762938300000,58,optimized,hybrid,1003.9463820585919,1014.8022945740406,1023.1953992218017
2025-11-12T13:37:00,1762934820000,BANKNIFTY,2025-11-12T14:36:00,1762938360000,59,optimized,hybrid,1003.5698984652755,1015.000958579496,1022.107894884596
2025-11-12T13:37:00,1762934820000,BANKNIFTY,2025-11-12T14:37:00,1762938420000,60,optimized,hybrid,1004.1479086326779,1017.406659094403,1025.004306887309
2025-11-12T14:20:30,1762937430000,BANKNIFTY,2025-11-12T14:21:30,1762937490000,1,optimized,hybrid,1003.8931292057747,1009.6,1016.5008370917176
2025-11-12T14:20:30,1762937430000,BANKNIFTY,2025-11-12T14:22:30,1762937550000,2,optimized,hybrid,1004.0607405890522,1010.8419503546291,1016.9081582558595
2025-11-12T14:20:30,1762937430000,BANKNIFTY,2025-11-12T14:23:30,1762937610000,3,optimized,hybrid,998.8458098569257,1012.5822084006207,1020.4246176817435
2025-11-12T14:20:30,1762937430000,BANKNIFTY,2025-11-12T14:24:30,1762937670000,4,optimized,hybrid,1001.2064094837683,1009.8254622729454,1021.0894913638166
2025-11-12T14:20:30,1762937430000,BANKNIFTY,2025-11-12T14:25:30,1762937730000,5,optimized,hybrid,1004.6340781927769,1012.6337823903074,1023.4733659493328
2025-11-12T14:20:30,1762937430000,BANKNIFTY,2025-11-12T14:26:30,1762937790000,6,optimized,hybrid,1007.8278454390556,1014.2970479031907,1018.0832707616656
2025-11-12T14:20:30,1762937430000,BANKNIFTY,2025-11-12T14:27:30,1762937850000,7,optimized,hybrid,1001.3108706361418,1010.6380623615534,1018.0183631912092
2025-11-12T14:20:30,1762937430000,BANKNIFTY,2025-11-12T14:28:30,1762937910000,8,optimized,hybrid,998.1899759819938,1006.8041317677488,1014.8533847957596
2025-11-12T14:20:30,1762937430000,BANKNIFTY,2025-11-12T14:29:30,1762937970000,9,optimized,hybrid,1001.7805748483447,1008.1901562468232,1015.0629877234082
2025-11-12T14:20:30,1762937430000,BANKNIFTY,2025-11-12T14:30:30,1762938030000,10,optimized,hybrid,1002.8182940156996,1008.281901382086,1015.223320764174
2025-11-12T14:20:30,1762937430000,BANKNIFTY,2025-11-12T14:31:30,1762938090000,11,optimized,hybrid,1002.293739274456,1010.3379279944864,1017.1257627585774
2025-11-12T14:20:30,1762937430000,BANKNIFTY,2025-11-12T14:32:30,1762938150000,12,optimized,hybrid,1003.1994934924162,1009.8357091086883,1018.0857758376779
2025-11-12T14:20:30,1762937430000,BANKNIFTY,2025-11-12T14:33:30,1762938210000,13,optimized,hybrid,1001.9605046225612,1009.5049974120783,1020.9744289616074
2025-11-12T14:20:30,1762937430000,BANKNIFTY,2025-11-12T14:34:30,1762938270000,14,optimized,hybrid,1001.99887973051,1008.8088709434807,1016.7971199547756
2025-11-12T14:20:30,1762937430000,BANKNIFTY,2025-11-12T14:35:30,1762938330000,15,optimized,hybrid,1002.5204322944041,1008.8398526363768,1018.5983761364747
2025-11-12T14:20:30,1762937430000,BANKNIFTY,2025-11-12T14:36:30,1762938390000,16,optimized,hybrid,1003.0832083904463,1009.4882770610276,1016.367486093805
2025-11-12T14:20:30,1762937430000,BANKNIFTY,2025-11-12T14:37:30,1762938450000,17,optimized,hybrid,1002.7089673638171,1011.0683469524357,1019.61844171807
2025-11-12T14:20:30,1762937430000,BANKNIFTY,2025-11-12T14:38:30,1762938510000,18,optimized,hybrid,1001.9465572424422,1009.2096490114815,1019.1998944499803
2025-11-12T14:20:30,1762937430000,BANKNIFTY,2025-11-12T14:39:30,1762938570000,19,optimized,hybrid,1002.2775502238242,1010.3492433991383,1020.7979435330226
2025-11-12T14:20:30,1762937430000,BANKNIFTY,2025-11-12T14:40:30,1762938630000,20,optimized,hybrid,1001.6068171266935,1007.9734915107566,1021.1264620596456
2025-11-12T14:20:30,1762937430000,BANKNIFTY,2025-11-12T14:41:30,1762938690000,21,optimized,hybrid,1002.9461225482738,1010.6047801911901,1021.4123353503985
2025-11-12T14:20:30,1762937430000,BANKNIFTY,2025-11-12T14:42:30,1762938750000,22,optimized,hybrid,1001.7134008227023,1010.3553200098967,1022.2830794640569
2025-11-12T14:20:30,1762937430000,BANKNIFTY,2025-11-12T14:43:30,1762938810000,23,optimized,hybrid,999.8111050020511,1007.8028083758007,1019.1718726767955
2025-11-12T14:20:30,1762937430000,BANKNIFTY,2025-11-12T14:44:30,1762938870000,24,optimized,hybrid,1000.2802566598956,1007.49979205943,1019.7940256053107
2025-11-12T14:20:30,1762937430000,BANKNIFTY,2025-11-12T14:45:30,1762938930000,25,optimized,hybrid,1000.2410428733245,1008.3953351275801,1017.3133108735664
2025-11-12T14:20:30,1762937430000,BANKNIFTY,2025-11-12T14:46:30,1762938990000,26,optimized,hybrid,1001.1766965896204,1009.2056715453347,1020.0860342995657
2025-11-12T14:20:30,1762937430000,BANKNIFTY,2025-11-12T14:47:30,1762939050000,27,optimized,hybrid,1002.6517899604798,1010.9060879744458,1022.2170839586429
2025-11-12T14:20:30,1762937430000,BANKNIFTY,2025-11-12T14:48:30,1762939110000,28,optimized,hybrid,1001.0471002048228,1008.4963919932587,1021.0675680972706
2025-11-12T14:20:30,1762937430000,BANKNIFTY,2025-11-12T14:49:30,1762939170000,29,optimized,hybrid,1000.6290109600203,1007.1645655194094,1021.0654956602051
2025-11-12T14:20:30,1762937430000,BANKNIFTY,2025-11-12T14:50:30,1762939230000,30,optimized,hybrid,1000.7808130333572,1007.8660119417942,1019.7122074709008
2025-11-12T14:20:30,1762937430000,BANKNIFTY,2025-11-12T14:51:30,1762939290000,31,optimized,hybrid,1001.3826211346872,1011.6727337113226,1020.8380472894064
2025-11-12T14:20:30,1762937430000,BANKNIFTY,2025-11-12T14:52:30,1762939350000,32,optimized,hybrid,998.4843674334721,1009.8324891042963,1018.7779468093427
2025-11-12T14:20:30,1762937430000,BANKNIFTY,2025-11-12T14:53:30,1762939410000,33,optimized,hybrid,998.8396462948853,1009.3000156479046,1018.9442014039994
2025-11-12T14:20:30,1762937430000,BANKNIFTY,2025-11-12T14:54:30,1762939470000,34,optimized,hybrid,998.8886851858074,1006.2300639175588,1020.094319910545
2025-11-12T14:20:30,1762937430000,BANKNIFTY,2025-11-12T14:55:30,1762939530000,35,optimized,hybrid,999.2471674702749,1009.8349365564662,1020.1640764653506
2025-11-12T14:20:30,1762937430000,BANKNIFTY,2025-11-12T14:56:30,1762939590000,36,optimized,hybrid,997.7148445381965,1005.2765009829612,1017.0848741575553
2025-11-12T14:20:30,1762937430000,BANKNIFTY,2025-11-12T14:57:30,1762939650000,37,optimized,hybrid,996.7961887342478,1007.0638010685235,1017.6920798211329
2025-11-12T14:20:30,1762937430000,BANKNIFTY,2025-11-12T14:58:30,1762939710000,38,optimized,hybrid,997.580714788691,1005.549972136335,1018.6374494180143
2025-11-12T14:20:30,1762937430000,BANKNIFTY,2025-11-12T14:59:30,1762939770000,39,optimized,hybrid,1001.7410082824032,1011.2882652103,1021.2892139253702
2025-11-12T14:20:30,1762937430000,BANKNIFTY,2025-11-12T15:00:30,1762939830000,40,optimized,hybrid,997.6182172061821,1010.1396607920261,1019.9174746927899
2025-11-12T14:20:30,1762937430000,BANKNIFTY,2025-11-12T15:01:30,1762939890000,41,optimized,hybrid,997.7097904810736,1009.270475993202,1020.3433559904764
2025-11-12T14:20:30,1762937430000,BANKNIFTY,2025-11-12T15:02:30,1762939950000,42,optimized,hybrid,1001.3601284545541,1007.391352543384,1019.4632206837805
2025-11-12T14:20:30,1762937430000,BANKNIFTY,2025-11-12T15:03:30,1762940010000,43,optimized,hybrid,1000.3958652758422,1007.8609671369278,1016.3745489673719
2025-11-12T14:20:30,1762937430000,BANKNIFTY,2025-11-12T15:04:30,1762940070000,44,optimized,hybrid,999.8490383257903,1005.2340777379105,1015.5916501384438
2025-11-12T14:20:30,1762937430000,BANKNIFTY,2025-11-12T15:05:30,1762940130000,45,optimized,hybrid,1000.1440119461646,1009.9376615685982,1017.5099529517996
2025-11-12T14:20:30,1762937430000,BANKNIFTY,2025-11-12T15:06:30,1762940190000,46,optimized,hybrid,1000.7278944838725,1010.3432673315277,1017.3622045619995
2025-11-12T14:20:30,1762937430000,BANKNIFTY,2025-11-12T15:07:30,1762940250000,47,optimized,hybrid,1000.3698756383569,1010.1696765519006,1015.7040919832729
2025-11-12T14:20:30,1762937430000,BANKNIFTY,2025-11-12T15:08:30,1762940310000,48,optimized,hybrid,1000.2269055524466,1009.6045670039767,1018.0177280771488
2025-11-12T14:20:30,1762937430000,BANKNIFTY,2025-11-12T15:09:30,1762940370000,49,optimized,hybrid,1001.3467826617393,1009.5788171715982,1015.7323484064988
2025-11-12T14:20:30,1762937430000,BANKNIFTY,2025-11-12T15:10:30,1762940430000,50,optimized,hybrid,1000.8612745834955,1008.7350963923919,1013.8687535077522
2025-11-12T14:20:30,1762937430000,BANKNIFTY,2025-11-12T15:11:30,1762940490000,51,optimized,hybrid,1001.2529237668783,1008.569854189711,1016.5690951260631
2025-11-12T14:20:30,1762937430000,BANKNIFTY,2025-11-12T15:12:30,1762940550000,52,optimized,hybrid,1000.996167160307,1009.4184614784004,1018.75395884996
2025-11-12T14:20:30,1762937430000,BANKNIFTY,2025-11-12T15:13:30,1762940610000,53,optimized,hybrid,1001.3258612849038,1008.9972848869955,1018.9875791675228
2025-11-12T14:20:30,1762937430000,BANKNIFTY,2025-11-12T15:14:30,1762940670000,54,optimized,hybrid,1000.6290444715742,1010.0744945563564,1017.3039689564006
2025-11-12T14:20:30,1762937430000,BANKNIFTY,2025-11-12T15:15:30,1762940730000,55,optimized,hybrid,1001.1542963118308,1009.852116101025,1017.546965770441
2025-11-12T14:20:30,1762937430000,BANKNIFTY,2025-11-12T15:16:30,1762940790000,56,optimized,hybrid,998.9250596331497,1010.153435024475,1019.0782239776208
2025-11-12T14:20:30,1762937430000,BANKNIFTY,2025-11-12T15:17:30,1762940850000,57,optimized,hybrid,998.5670554742015,1009.6458656415467,1021.16815513076
2025-11-12T14:20:30,1762937430000,BANKNIFTY,2025-11-12T15:18:30,1762940910000,58,optimized,hybrid,998.4344415310188,1008.7658343755546,1016.3131809185127
2025-11-12T14:20:30,1762937430000,BANKNIFTY,2025-11-12T15:19:30,1762940970000,59,optimized,hybrid,997.7964315558954,1007.9808296671969,1014.1758556437504
2025-11-12T14:20:30,1762937430000,BANKNIFTY,2025-11-12T15:20:30,1762941030000,60,optimized,hybrid,998.0530607411116,1009.6488803992694,1018.0112228371894
2025-11-12T14:20:30,1762937430000,BANKNIFTY,2025-11-12T14:21:30,1762937490000,1,optimized,hybrid,1003.8931292057747,1009.6,1016.5008370917176
2025-11-12T14:20:30,1762937430000,BANKNIFTY,2025-11-12T14:22:30,1762937550000,2,optimized,hybrid,1004.0607405890522,1010.8419503546291,1016.9081582558595
2025-11-12T14:20:30,1762937430000,BANKNIFTY,2025-11-12T14:23:30,1762937610000,3,optimized,hybrid,998.8458098569257,1012.5822084006207,1020.4246176817435
2025-11-12T14:20:30,1762937430000,BANKNIFTY,2025-11-12T14:24:30,1762937670000,4,optimized,hybrid,1001.2064094837683,1009.8254622729454,1021.0894913638166
2025-11-12T14:20:30,1762937430000,BANKNIFTY,2025-11-12T14:25:30,1762937730000,5,optimized,hybrid,1004.6340781927769,1012.6337823903074,1023.4733659493328
2025-11-12T14:20:30,1762937430000,BANKNIFTY,2025-11-12T14:26:30,1762937790000,6,optimized,hybrid,1007.8278454390556,1014.2970479031907,1018.0832707616656
2025-11-12T14:20:30,1762937430000,BANKNIFTY,2025-11-12T14:27:30,1762937850000,7,optimized,hybrid,1001.3108706361418,1010.6380623615534,1018.0183631912092
2025-11-12T14:20:30,1762937430000,BANKNIFTY,2025-11-12T14:28:30,1762937910000,8,optimized,hybrid,998.1899759819938,1006.8041317677488,1014.8533847957596
2025-11-12T14:20:30,1762937430000,BANKNIFTY,2025-11-12T14:29:30,1762937970000,9,optimized,hybrid,1001.7805748483447,1008.1901562468232,1015.0629877234082
2025-11-12T14:20:30,1762937430000,BANKNIFTY,2025-11-12T14:30:30,1762938030000,10,optimized,hybrid,1002.8182940156996,1008.281901382086,1015.223320764174
2025-11-12T14:20:30,1762937430000,BANKNIFTY,2025-11-12T14:31:30,1762938090000,11,optimized,hybrid,1002.293739274456,1010.3379279944864,1017.1257627585774
2025-11-12T14:20:30,1762937430000,BANKNIFTY,2025-11-12T14:32:30,1762938150000,12,optimized,hybrid,1003.1994934924162,1009.8357091086883,1018.0857758376779
2025-11-12T14:20:30,1762937430000,BANKNIFTY,2025-11-12T14:33:30,1762938210000,13,optimized,hybrid,1001.9605046225612,1009.5049974120783,1020.9744289616074
2025-11-12T14:20:30,1762937430000,BANKNIFTY,2025-11-12T14:34:30,1762938270000,14,optimized,hybrid,1001.99887973051,1008.8088709434807,1016.7971199547756
2025-11-12T14:20:30,1762937430000,BANKNIFTY,2025-11-12T14:35:30,1762938330000,15,optimized,hybrid,1002.5204322944041,1008.8398526363768,1018.5983761364747
2025-11-12T14:20:30,1762937430000,BANKNIFTY,2025-11-12T14:36:30,1762938390000,16,optimized,hybrid,1003.0832083904463,1009.4882770610276,1016.367486093805
2025-11-12T14:20:30,1762937430000,BANKNIFTY,2025-11-12T14:37:30,1762938450000,17,optimized,hybrid,1002.7089673638171,1011.0683469524357,1019.61844171807
2025-11-12T14:20:30,1762937430000,BANKNIFTY,2025-11-12T14:38:30,1762938510000,18,optimized,hybrid,1001.9465572424422,1009.2096490114815,1019.1998944499803
2025-11-12T14:20:30,1762937430000,BANKNIFTY,2025-11-12T14:39:30,1762938570000,19,optimized,hybrid,1002.2775502238242,1010.3492433991383,1020.7979435330226
2025-11-12T14:20:30,1762937430000,BANKNIFTY,2025-11-12T14:40:30,1762938630000,20,optimized,hybrid,1001.6068171266935,1007.9734915107566,1021.1264620596456
2025-11-12T14:20:30,1762937430000,BANKNIFTY,2025-11-12T14:41:30,1762938690000,21,optimized,hybrid,1002.9461225482738,1010.6047801911901,1021.4123353503985
2025-11-12T14:20:30,1762937430000,BANKNIFTY,2025-11-12T14:42:30,1762938750000,22,optimized,hybrid,1001.7134008227023,1010.3553200098967,1022.2830794640569
2025-11-12T14:20:30,1762937430000,BANKNIFTY,2025-11-12T14:43:30,1762938810000,23,optimized,hybrid,999.8111050020511,1007.8028083758007,1019.1718726767955
2025-11-12T14:20:30,1762937430000,BANKNIFTY,2025-11-12T14:44:30,1762938870000,24,optimized,hybrid,1000.2802566598956,1007.49979205943,1019.7940256053107
2025-11-12T14:20:30,1762937430000,BANKNIFTY,2025-11-12T14:45:30,1762938930000,25,optimized,hybrid,1000.2410428733245,1008.3953351275801,1017.3133108735664
2025-11-12T14:20:30,1762937430000,BANKNIFTY,2025-11-12T14:46:30,1762938990000,26,optimized,hybrid,1001.1766965896204,1009.2056715453347,1020.0860342995657
2025-11-12T14:20:30,1762937430000,BANKNIFTY,2025-11-12T14:47:30,1762939050000,27,optimized,hybrid,1002.6517899604798,1010.9060879744458,1022.2170839586429
2025-11-12T14:20:30,1762937430000,BANKNIFTY,2025-11-12T14:48:30,1762939110000,28,optimized,hybrid,1001.0471002048228,1008.4963919932587,1021.0675680972706
2025-11-12T14:20:30,1762937430000,BANKNIFTY,2025-11-12T14:49:30,1762939170000,29,optimized,hybrid,1000.6290109600203,1007.1645655194094,1021.0654956602051
2025-11-12T14:20:30,1762937430000,BANKNIFTY,2025-11-12T14:50:30,1762939230000,30,optimized,hybrid,1000.7808130333572,1007.8660119417942,1019.7122074709008
2025-11-12T14:20:30,1762937430000,BANKNIFTY,2025-11-12T14:51:30,1762939290000,31,optimized,hybrid,1001.3826211346872,1011.6727337113226,1020.8380472894064
2025-11-12T14:20:30,1762937430000,BANKNIFTY,2025-11-12T14:52:30,1762939350000,32,optimized,hybrid,998.4843674334721,1009.8324891042963,1018.7779468093427
2025-11-12T14:20:30,1762937430000,BANKNIFTY,2025-11-12T14:53:30,1762939410000,33,optimized,hybrid,998.8396462948853,1009.3000156479046,1018.9442014039994
2025-11-12T14:20:30,1762937430000,BANKNIFTY,2025-11-12T14:54:30,1762939470000,34,optimized,hybrid,998.8886851858074,1006.2300639175588,1020.094319910545
2025-11-12T14:20:30,1762937430000,BANKNIFTY,2025-11-12T14:55:30,1762939530000,35,optimized,hybrid,999.2471674702749,1009.8349365564662,1020.1640764653506
2025-11-12T14:20:30,1762937430000,BANKNIFTY,2025-11-12T14:56:30,1762939590000,36,optimized,hybrid,997.7148445381965,1005.2765009829612,1017.0848741575553
2025-11-12T14:20:30,1762937430000,BANKNIFTY,2025-11-12T14:57:30,1762939650000,37,optimized,hybrid,996.7961887342478,1007.0638010685235,1017.6920798211329
2025-11-12T14:20:30,1762937430000,BANKNIFTY,2025-11-12T14:58:30,1762939710000,38,optimized,hybrid,997.580714788691,1005.549972136335,1018.6374494180143
2025-11-12T14:20:30,1762937430000,BANKNIFTY,2025-11-12T14:59:30,1762939770000,39,optimized,hybrid,1001.7410082824032,1011.2882652103,1021.2892139253702
2025-11-12T14:20:30,1762937430000,BANKNIFTY,2025-11-12T15:00:30,1762939830000,40,optimized,hybrid,997.6182172061821,1010.1396607920261,1019.9174746927899
2025-11-12T14:20:30,1762937430000,BANKNIFTY,2025-11-12T15:01:30,1762939890000,41,optimized,hybrid,997.7097904810736,1009.270475993202,1020.3433559904764
2025-11-12T14:20:30,1762937430000,BANKNIFTY,2025-11-12T15:02:30,1762939950000,42,optimized,hybrid,1001.3601284545541,1007.391352543384,1019.4632206837805
2025-11-12T14:20:30,1762937430000,BANKNIFTY,2025-11-12T15:03:30,1762940010000,43,optimized,hybrid,1000.3958652758422,1007.8609671369278,1016.3745489673719
2025-11-12T14:20:30,1762937430000,BANKNIFTY,2025-11-12T15:04:30,1762940070000,44,optimized,hybrid,999.8490383257903,1005.2340777379105,1015.5916501384438
2025-11-12T14:20:30,1762937430000,BANKNIFTY,2025-11-12T15:05:30,1762940130000,45,optimized,hybrid,1000.1440119461646,1009.9376615685982,1017.5099529517996
2025-11-12T14:20:30,1762937430000,BANKNIFTY,2025-11-12T15:06:30,1762940190000,46,optimized,hybrid,1000.7278944838725,1010.3432673315277,1017.3622045619995
2025-11-12T14:20:30,1762937430000,BANKNIFTY,2025-11-12T15:07:30,1762940250000,47,optimized,hybrid,1000.3698756383569,1010.1696765519006,1015.7040919832729
2025-11-12T14:20:30,1762937430000,BANKNIFTY,2025-11-12T15:08:30,1762940310000,48,optimized,hybrid,1000.2269055524466,1009.6045670039767,1018.0177280771488
2025-11-12T14:20:30,1762937430000,BANKNIFTY,2025-11-12T15:09:30,1762940370000,49,optimized,hybrid,1001.3467826617393,1009.5788171715982,1015.7323484064988
2025-11-12T14:20:30,1762937430000,BANKNIFTY,2025-11-12T15:10:30,1762940430000,50,optimized,hybrid,1000.8612745834955,1008.7350963923919,1013.8687535077522
2025-11-12T14:20:30,1762937430000,BANKNIFTY,2025-11-12T15:11:30,1762940490000,51,optimized,hybrid,1001.2529237668783,1008.569854189711,1016.5690951260631
2025-11-12T14:20:30,1762937430000,BANKNIFTY,2025-11-12T15:12:30,1762940550000,52,optimized,hybrid,1000.996167160307,1009.4184614784004,1018.75395884996
2025-11-12T14:20:30,1762937430000,BANKNIFTY,2025-11-12T15:13:30,1762940610000,53,optimized,hybrid,1001.3258612849038,1008.9972848869955,1018.9875791675228
2025-11-12T14:20:30,1762937430000,BANKNIFTY,2025-11-12T15:14:30,1762940670000,54,optimized,hybrid,1000.6290444715742,1010.0744945563564,1017.3039689564006
2025-11-12T14:20:30,1762937430000,BANKNIFTY,2025-11-12T15:15:30,1762940730000,55,optimized,hybrid,1001.1542963118308,1009.852116101025,1017.546965770441
2025-11-12T14:20:30,1762937430000,BANKNIFTY,2025-11-12T15:16:30,1762940790000,56,optimized,hybrid,998.9250596331497,1010.153435024475,1019.0782239776208
2025-11-12T14:20:30,1762937430000,BANKNIFTY,2025-11-12T15:17:30,1762940850000,57,optimized,hybrid,998.5670554742015,1009.6458656415467,1021.16815513076
2025-11-12T14:20:30,1762937430000,BANKNIFTY,2025-11-12T15:18:30,1762940910000,58,optimized,hybrid,998.4344415310188,1008.7658343755546,1016.3131809185127
2025-11-12T14:20:30,1762937430000,BANKNIFTY,2025-11-12T15:19:30,1762940970000,59,optimized,hybrid,997.7964315558954,1007.9808296671969,1014.1758556437504
2025-11-12T14:20:30,1762937430000,BANKNIFTY,2025-11-12T15:20:30,1762941030000,60,optimized,hybrid,998.0530607411116,1009.6488803992694,1018.0112228371894
2025-11-12T14:23:00,1762937580000,BANKNIFTY,2025-11-12T14:24:00,1762937640000,1,optimized,hybrid,1006.8686594489133,1011.55,1017.7965938614817
2025-11-12T14:23:00,1762937580000,BANKNIFTY,2025-11-12T14:25:00,1762937700000,2,optimized,hybrid,1007.0585573138208,1012.6007385703942,1018.1834419401873
2025-11-12T14:23:00,1762937580000,BANKNIFTY,2025-11-12T14:26:00,1762937760000,3,optimized,hybrid,999.7257648515239,1014.5312195327278,1021.5028079576178
2025-11-12T14:23:00,1762937580000,BANKNIFTY,2025-11-12T14:27:00,1762937820000,4,optimized,hybrid,1001.7963612476458,1009.9589579933684,1021.4344699553441
2025-11-12T14:23:00,1762937580000,BANKNIFTY,2025-11-12T14:28:00,1762937880000,5,optimized,hybrid,1004.6224878995813,1012.1047732236193,1023.4475332186918
2025-11-12T14:23:00,1762937580000,BANKNIFTY,2025-11-12T14:29:00,1762937940000,6,optimized,hybrid,1008.0724540576081,1014.5875610649771,1018.2422901186078
2025-11-12T14:23:00,1762937580000,BANKNIFTY,2025-11-12T14:30:00,1762938000000,7,optimized,hybrid,1002.10882875949,1011.3425214935824,1018.5911522609913
2025-11-12T14:23:00,1762937580000,BANKNIFTY,2025-11-12T14:31:00,1762938060000,8,optimized,hybrid,999.3318291102947,1007.8279927785768,1016.0490783252392
2025-11-12T14:23:00,1762937580000,BANKNIFTY,2025-11-12T14:32:00,1762938120000,9,optimized,hybrid,1002.5287971596446,1008.708220064568,1015.6467548706538
2025-11-12T14:23:00,1762937580000,BANKNIFTY,2025-11-12T14:33:00,1762938180000,10,optimized,hybrid,1003.3994920174141,1008.6984671095124,1015.4744851851283
2025-11-12T14:23:00,1762937580000,BANKNIFTY,2025-11-12T14:34:00,1762938240000,11,optimized,hybrid,1003.2596055827759,1010.4698516290734,1017.6676350279379
2025-11-12T14:23:00,1762937580000,BANKNIFTY,2025-11-12T14:35:00,1762938300000,12,optimized,hybrid,1003.3511975421062,1009.5113282329899,1018.1098633257809
2025-11-12T14:23:00,1762937580000,BANKNIFTY,2025-11-12T14:36:00,1762938360000,13,optimized,hybrid,1002.7191087029549,1009.8304482148571,1021.5874125237707
2025-11-12T14:23:00,1762937580000,BANKNIFTY,2025-11-12T14:37:00,1762938420000,14,optimized,hybrid,1003.7502924297356,1009.8179881034391,1017.120169256371
2025-11-12T14:23:00,1762937580000,BANKNIFTY,2025-11-12T14:38:00,1762938480000,15,optimized,hybrid,1003.2145884566985,1009.0806806918415,1018.4526211307629
2025-11-12T14:23:00,1762937580000,BANKNIFTY,2025-11-12T14:39:00,1762938540000,16,optimized,hybrid,1004.7594579410475,1010.6635513737733,1017.4004082070647
2025-11-12T14:23:00,1762937580000,BANKNIFTY,2025-11-12T14:40:00,1762938600000,17,optimized,hybrid,1005.3513606358929,1012.1395902686625,1020.5748803212596
2025-11-12T14:23:00,1762937580000,BANKNIFTY,2025-11-12T14:41:00,1762938660000,18,optimized,hybrid,1004.3536110057183,1010.8570601552278,1020.7441925242186
2025-11-12T14:23:00,1762937580000,BANKNIFTY,2025-11-12T14:42:00,1762938720000,19,optimized,hybrid,1004.2545726772057,1011.0966834963374,1021.3936251561729
2025-11-12T14:23:00,1762937580000,BANKNIFTY,2025-11-12T14:43:00,1762938780000,20,optimized,hybrid,1002.0661244089932,1008.3923572096894,1021.3274540209894
2025-11-12T14:23:00,1762937580000,BANKNIFTY,2025-11-12T14:44:00,1762938840000,21,optimized,hybrid,1002.9768655195616,1010.5014916014936,1020.7458890255949
2025-11-12T14:23:00,1762937580000,BANKNIFTY,2025-11-12T14:45:00,1762938900000,22,optimized,hybrid,1001.6227920743377,1010.1991008903328,1021.7879158269046
2025-11-12T14:23:00,1762937580000,BANKNIFTY,2025-11-12T14:46:00,1762938960000,23,optimized,hybrid,1001.0839506259823,1009.150479486902,1020.1079076815049
2025-11-12T14:23:00,1762937580000,BANKNIFTY,2025-11-12T14:47:00,1762939020000,24,optimized,hybrid,1001.4797675616278,1008.6228392727451,1020.8523315217994
2025-11-12T14:23:00,1762937580000,BANKNIFTY,2025-11-12T14:48:00,1762939080000,25,optimized,hybrid,1001.6403183824232,1009.7483891595975,1018.466956297726
2025-11-12T14:23:00,1762937580000,BANKNIFTY,2025-11-12T14:49:00,1762939140000,26,optimized,hybrid,1002.4270926545861,1010.5149335797537,1020.8489938934201
2025-11-12T14:23:00,1762937580000,BANKNIFTY,2025-11-12T14:50:00,1762939200000,27,optimized,hybrid,1002.9405258335339,1011.3587040572693,1022.1877177014048
2025-11-12T14:23:00,1762937580000,BANKNIFTY,2025-11-12T14:51:00,1762939260000,28,optimized,hybrid,1000.698407474084,1008.1580673502483,1020.3611244354936
2025-11-12T14:23:00,1762937580000,BANKNIFTY,2025-11-12T14:52:00,1762939320000,29,optimized,hybrid,1000.6671200213659,1007.0402397809592,1020.739649245251
2025-11-12T14:23:00,1762937580000,BANKNIFTY,2025-11-12T14:53:00,1762939380000,30,optimized,hybrid,1001.408674115782,1008.1968542688571,1019.9477044569985
2025-11-12T14:23:00,1762937580000,BANKNIFTY,2025-11-12T14:54:00,1762939440000,31,optimized,hybrid,1000.8717488331546,1009.9853217096379,1019.8936565101251
2025-11-12T14:23:00,1762937580000,BANKNIFTY,2025-11-12T14:55:00,1762939500000,32,optimized,hybrid,999.7335898748428,1010.1627382364334,1019.7423714401314
2025-11-12T14:23:00,1762937580000,BANKNIFTY,2025-11-12T14:56:00,1762939560000,33,optimized,hybrid,1000.0105218285412,1009.864911511613,1019.6521002100704
2025-11-12T14:23:00,1762937580000,BANKNIFTY,2025-11-12T14:57:00,1762939620000,34,optimized,hybrid,1000.0396169211182,1007.4501676200032,1020.8539640637462
2025-11-12T14:23:00,1762937580000,BANKNIFTY,2025-11-12T14:58:00,1762939680000,35,optimized,hybrid,1001.417633226171,1010.409429887108,1021.9221955496273
2025-11-12T14:23:00,1762937580000,BANKNIFTY,2025-11-12T14:59:00,1762939740000,36,optimized,hybrid,998.892898763685,1006.2382375123148,1017.9278508160816
2025-11-12T14:23:00,1762937580000,BANKNIFTY,2025-11-12T15:00:00,1762939800000,37,optimized,hybrid,997.8331881668497,1007.6737365412571,1018.3716026627162
2025-11-12T14:23:00,1762937580000,BANKNIFTY,2025-11-12T15:01:00,1762939860000,38,optimized,hybrid,998.4389263817217,1006.1721094385061,1019.1583021583613
2025-11-12T14:23:00,1762937580000,BANKNIFTY,2025-11-12T15:02:00,1762939920000,39,optimized,hybrid,1002.0822682819396,1011.1680251597747,1021.3068407987912
2025-11-12T14:23:00,1762937580000,BANKNIFTY,2025-11-12T15:03:00,1762939980000,40,optimized,hybrid,997.7919621870128,1009.534201665328,1019.4682089714317
2025-11-12T14:23:00,1762937580000,BANKNIFTY,2025-11-12T15:04:00,1762940040000,41,optimized,hybrid,997.8451044790606,1009.0760879161778,1020.1407520306818
2025-11-12T14:23:00,1762937580000,BANKNIFTY,2025-11-12T15:05:00,1762940100000,42,optimized,hybrid,1002.2410501769908,1008.0357463106002,1019.8287432084796
2025-11-12T14:23:00,1762937580000,BANKNIFTY,2025-11-12T15:06:00,1762940160000,43,optimized,hybrid,1000.1771719178033,1007.5057617408465,1015.6128525110105
2025-11-12T14:23:00,1762937580000,BANKNIFTY,2025-11-12T15:07:00,1762940220000,44,optimized,hybrid,999.4722779982143,1004.7877140329149,1015.0553483296187
2025-11-12T14:23:00,1762937580000,BANKNIFTY,2025-11-12T15:08:00,1762940280000,45,optimized,hybrid,1000.0953805982788,1009.6570792928337,1017.1066203340924
2025-11-12T14:23:00,1762937580000,BANKNIFTY,2025-11-12T15:09:00,1762940340000,46,optimized,hybrid,1000.2283633130985,1009.5942325248357,1016.6248988392961
2025-11-12T14:23:00,1762937580000,BANKNIFTY,2025-11-12T15:10:00,1762940400000,47,optimized,hybrid,1001.6224785406715,1010.8932373351709,1016.3520623003158
2025-11-12T14:23:00,1762937580000,BANKNIFTY,2025-11-12T15:11:00,1762940460000,48,optimized,hybrid,1001.4956821913395,1010.3849270842602,1018.5882193026487
2025-11-12T14:23:00,1762937580000,BANKNIFTY,2025-11-12T15:12:00,1762940520000,49,optimized,hybrid,1002.6052374879524,1010.5739707807145,1016.6006707732026
2025-11-12T14:23:00,1762937580000,BANKNIFTY,2025-11-12T15:13:00,1762940580000,50,optimized,hybrid,1001.9569493422597,1009.6134165224871,1014.6982590893558
2025-11-12T14:23:00,1762937580000,BANKNIFTY,2025-11-12T15:14:00,1762940640000,51,optimized,hybrid,1002.2903278880333,1009.3670545801381,1017.0695152608141
2025-11-12T14:23:00,1762937580000,BANKNIFTY,2025-11-12T15:15:00,1762940700000,52,optimized,hybrid,1002.130858947258,1009.9050345368248,1018.7899505216909
2025-11-12T14:23:00,1762937580000,BANKNIFTY,2025-11-12T15:16:00,1762940760000,53,optimized,hybrid,1002.235518767198,1009.5823478654149,1018.9207967443004
2025-11-12T14:23:00,1762937580000,BANKNIFTY,2025-11-12T15:17:00,1762940820000,54,optimized,hybrid,1001.7416755573128,1011.3357651696813,1018.2603004749769
2025-11-12T14:23:00,1762937580000,BANKNIFTY,2025-11-12T15:18:00,1762940880000,55,optimized,hybrid,1000.4312063244029,1010.960128008478,1018.448033899809
2025-11-12T14:23:00,1762937580000,BANKNIFTY,2025-11-12T15:19:00,1762940940000,56,optimized,hybrid,999.735629410011,1010.9688650057412,1019.7656265367824
2025-11-12T14:23:00,1762937580000,BANKNIFTY,2025-11-12T15:20:00,1762941000000,57,optimized,hybrid,999.4804186368444,1010.7044571422803,1021.9564528219544
2025-11-12T14:23:00,1762937580000,BANKNIFTY,2025-11-12T15:21:00,1762941060000,58,optimized,hybrid,999.2196817109858,1010.3628589793366,1016.8449782998484
2025-11-12T14:23:00,1762937580000,BANKNIFTY,2025-11-12T15:22:00,1762941120000,59,optimized,hybrid,998.7608358750512,1009.537513179441,1014.9254854009417
2025-11-12T14:23:00,1762937580000,BANKNIFTY,2025-11-12T15:23:00,1762941180000,60,optimized,hybrid,999.3228282707719,1010.7155281640453,1018.8777617286074
2025-11-12T14:23:00,1762937580000,BANKNIFTY,2025-11-12T14:24:00,1762937640000,1,optimized,hybrid,1006.8686594489133,1011.55,1017.7965938614817
2025-11-12T14:23:00,1762937580000,BANKNIFTY,2025-11-12T14:25:00,1762937700000,2,optimized,hybrid,1007.0585573138208,1012.6007385703942,1018.1834419401873
2025-11-12T14:23:00,1762937580000,BANKNIFTY,2025-11-12T14:26:00,1762937760000,3,optimized,hybrid,999.7257648515239,1014.5312195327278,1021.5028079576178
2025-11-12T14:23:00,1762937580000,BANKNIFTY,2025-11-12T14:27:00,1762937820000,4,optimized,hybrid,1001.7963612476458,1009.9589579933684,1021.4344699553441
2025-11-12T14:23:00,1762937580000,BANKNIFTY,2025-11-12T14:28:00,1762937880000,5,optimized,hybrid,1004.6224878995813,1012.1047732236193,1023.4475332186918
2025-11-12T14:23:00,1762937580000,BANKNIFTY,2025-11-12T14:29:00,1762937940000,6,optimized,hybrid,1008.0724540576081,1014.5875610649771,1018.2422901186078
2025-11-12T14:23:00,1762937580000,BANKNIFTY,2025-11-12T14:30:00,1762938000000,7,optimized,hybrid,1002.10882875949,1011.3425214935824,1018.5911522609913
2025-11-12T14:23:00,1762937580000,BANKNIFTY,2025-11-12T14:31:00,1762938060000,8,optimized,hybrid,999.3318291102947,1007.8279927785768,1016.0490783252392
2025-11-12T14:23:00,1762937580000,BANKNIFTY,2025-11-12T14:32:00,1762938120000,9,optimized,hybrid,1002.5287971596446,1008.708220064568,1015.6467548706538
2025-11-12T14:23:00,1762937580000,BANKNIFTY,2025-11-12T14:33:00,1762938180000,10,optimized,hybrid,1003.3994920174141,1008.6984671095124,1015.4744851851283
2025-11-12T14:23:00,1762937580000,BANKNIFTY,2025-11-12T14:34:00,1762938240000,11,optimized,hybrid,1003.2596055827759,1010.4698516290734,1017.6676350279379
2025-11-12T14:23:00,1762937580000,BANKNIFTY,2025-11-12T14:35:00,1762938300000,12,optimized,hybrid,1003.3511975421062,1009.5113282329899,1018.1098633257809
2025-11-12T14:23:00,1762937580000,BANKNIFTY,2025-11-12T14:36:00,1762938360000,13,optimized,hybrid,1002.7191087029549,1009.8304482148571,1021.5874125237707
2025-11-12T14:23:00,1762937580000,BANKNIFTY,2025-11-12T14:37:00,1762938420000,14,optimized,hybrid,1003.7502924297356,1009.8179881034391,1017.120169256371
2025-11-12T14:23:00,1762937580000,BANKNIFTY,2025-11-12T14:38:00,1762938480000,15,optimized,hybrid,1003.2145884566985,1009.0806806918415,1018.4526211307629
2025-11-12T14:23:00,1762937580000,BANKNIFTY,2025-11-12T14:39:00,1762938540000,16,optimized,hybrid,1004.7594579410475,1010.6635513737733,1017.4004082070647
2025-11-12T14:23:00,1762937580000,BANKNIFTY,2025-11-12T14:40:00,1762938600000,17,optimized,hybrid,1005.3513606358929,1012.1395902686625,1020.5748803212596
2025-11-12T14:23:00,1762937580000,BANKNIFTY,2025-11-12T14:41:00,1762938660000,18,optimized,hybrid,1004.3536110057183,1010.8570601552278,1020.7441925242186
2025-11-12T14:23:00,1762937580000,BANKNIFTY,2025-11-12T14:42:00,1762938720000,19,optimized,hybrid,1004.2545726772057,1011.0966834963374,1021.3936251561729
2025-11-12T14:23:00,1762937580000,BANKNIFTY,2025-11-12T14:43:00,1762938780000,20,optimized,hybrid,1002.0661244089932,1008.3923572096894,1021.3274540209894
2025-11-12T14:23:00,1762937580000,BANKNIFTY,2025-11-12T14:44:00,1762938840000,21,optimized,hybrid,1002.9768655195616,1010.5014916014936,1020.7458890255949
2025-11-12T14:23:00,1762937580000,BANKNIFTY,2025-11-12T14:45:00,1762938900000,22,optimized,hybrid,1001.6227920743377,1010.1991008903328,1021.7879158269046
2025-11-12T14:23:00,1762937580000,BANKNIFTY,2025-11-12T14:46:00,1762938960000,23,optimized,hybrid,1001.0839506259823,1009.150479486902,1020.1079076815049
2025-11-12T14:23:00,1762937580000,BANKNIFTY,2025-11-12T14:47:00,1762939020000,24,optimized,hybrid,1001.4797675616278,1008.6228392727451,1020.8523315217994
2025-11-12T14:23:00,1762937580000,BANKNIFTY,2025-11-12T14:48:00,1762939080000,25,optimized,hybrid,1001.6403183824232,1009.7483891595975,1018.466956297726
2025-11-12T14:23:00,1762937580000,BANKNIFTY,2025-11-12T14:49:00,1762939140000,26,optimized,hybrid,1002.4270926545861,1010.5149335797537,1020.8489938934201
2025-11-12T14:23:00,1762937580000,BANKNIFTY,2025-11-12T14:50:00,1762939200000,27,optimized,hybrid,1002.9405258335339,1011.3587040572693,1022.1877177014048
2025-11-12T14:23:00,1762937580000,BANKNIFTY,2025-11-12T14:51:00,1762939260000,28,optimized,hybrid,1000.698407474084,1008.1580673502483,1020.3611244354936
2025-11-12T14:23:00,1762937580000,BANKNIFTY,2025-11-12T14:52:00,1762939320000,29,optimized,hybrid,1000.6671200213659,1007.0402397809592,1020.739649245251
2025-11-12T14:23:00,1762937580000,BANKNIFTY,2025-11-12T14:53:00,1762939380000,30,optimized,hybrid,1001.408674115782,1008.1968542688571,1019.9477044569985
2025-11-12T14:23:00,1762937580000,BANKNIFTY,2025-11-12T14:54:00,1762939440000,31,optimized,hybrid,1000.8717488331546,1009.9853217096379,1019.8936565101251
2025-11-12T14:23:00,1762937580000,BANKNIFTY,2025-11-12T14:55:00,1762939500000,32,optimized,hybrid,999.7335898748428,1010.1627382364334,1019.7423714401314
2025-11-12T14:23:00,1762937580000,BANKNIFTY,2025-11-12T14:56:00,1762939560000,33,optimized,hybrid,1000.0105218285412,1009.864911511613,1019.6521002100704
2025-11-12T14:23:00,1762937580000,BANKNIFTY,2025-11-12T14:57:00,1762939620000,34,optimized,hybrid,1000.0396169211182,1007.4501676200032,1020.8539640637462
2025-11-12T14:23:00,1762937580000,BANKNIFTY,2025-11-12T14:58:00,1762939680000,35,optimized,hybrid,1001.417633226171,1010.409429887108,1021.9221955496273
2025-11-12T14:23:00,1762937580000,BANKNIFTY,2025-11-12T14:59:00,1762939740000,36,optimized,hybrid,998.892898763685,1006.2382375123148,1017.9278508160816
2025-11-12T14:23:00,1762937580000,BANKNIFTY,2025-11-12T15:00:00,1762939800000,37,optimized,hybrid,997.8331881668497,1007.6737365412571,1018.3716026627162
2025-11-12T14:23:00,1762937580000,BANKNIFTY,2025-11-12T15:01:00,1762939860000,38,optimized,hybrid,998.4389263817217,1006.1721094385061,1019.1583021583613
2025-11-12T14:23:00,1762937580000,BANKNIFTY,2025-11-12T15:02:00,1762939920000,39,optimized,hybrid,1002.0822682819396,1011.1680251597747,1021.3068407987912
2025-11-12T14:23:00,1762937580000,BANKNIFTY,2025-11-12T15:03:00,1762939980000,40,optimized,hybrid,997.7919621870128,1009.534201665328,1019.4682089714317
2025-11-12T14:23:00,1762937580000,BANKNIFTY,2025-11-12T15:04:00,1762940040000,41,optimized,hybrid,997.8451044790606,1009.0760879161778,1020.1407520306818
2025-11-12T14:23:00,1762937580000,BANKNIFTY,2025-11-12T15:05:00,1762940100000,42,optimized,hybrid,1002.2410501769908,1008.0357463106002,1019.8287432084796
2025-11-12T14:23:00,1762937580000,BANKNIFTY,2025-11-12T15:06:00,1762940160000,43,optimized,hybrid,1000.1771719178033,1007.5057617408465,1015.6128525110105
2025-11-12T14:23:00,1762937580000,BANKNIFTY,2025-11-12T15:07:00,1762940220000,44,optimized,hybrid,999.4722779982143,1004.7877140329149,1015.0553483296187
2025-11-12T14:23:00,1762937580000,BANKNIFTY,2025-11-12T15:08:00,1762940280000,45,optimized,hybrid,1000.0953805982788,1009.6570792928337,1017.1066203340924
2025-11-12T14:23:00,1762937580000,BANKNIFTY,2025-11-12T15:09:00,1762940340000,46,optimized,hybrid,1000.2283633130985,1009.5942325248357,1016.6248988392961
2025-11-12T14:23:00,1762937580000,BANKNIFTY,2025-11-12T15:10:00,1762940400000,47,optimized,hybrid,1001.6224785406715,1010.8932373351709,1016.3520623003158
2025-11-12T14:23:00,1762937580000,BANKNIFTY,2025-11-12T15:11:00,1762940460000,48,optimized,hybrid,1001.4956821913395,1010.3849270842602,1018.5882193026487
2025-11-12T14:23:00,1762937580000,BANKNIFTY,2025-11-12T15:12:00,1762940520000,49,optimized,hybrid,1002.6052374879524,1010.5739707807145,1016.6006707732026
2025-11-12T14:23:00,1762937580000,BANKNIFTY,2025-11-12T15:13:00,1762940580000,50,optimized,hybrid,1001.9569493422597,1009.6134165224871,1014.6982590893558
2025-11-12T14:23:00,1762937580000,BANKNIFTY,2025-11-12T15:14:00,1762940640000,51,optimized,hybrid,1002.2903278880333,1009.3670545801381,1017.0695152608141
2025-11-12T14:23:00,1762937580000,BANKNIFTY,2025-11-12T15:15:00,1762940700000,52,optimized,hybrid,1002.130858947258,1009.9050345368248,1018.7899505216909
2025-11-12T14:23:00,1762937580000,BANKNIFTY,2025-11-12T15:16:00,1762940760000,53,optimized,hybrid,1002.235518767198,1009.5823478654149,1018.9207967443004
2025-11-12T14:23:00,1762937580000,BANKNIFTY,2025-11-12T15:17:00,1762940820000,54,optimized,hybrid,1001.7416755573128,1011.3357651696813,1018.2603004749769
2025-11-12T14:23:00,1762937580000,BANKNIFTY,2025-11-12T15:18:00,1762940880000,55,optimized,hybrid,1000.4312063244029,1010.960128008478,1018.448033899809
2025-11-12T14:23:00,1762937580000,BANKNIFTY,2025-11-12T15:19:00,1762940940000,56,optimized,hybrid,999.735629410011,1010.9688650057412,1019.7656265367824
2025-11-12T14:23:00,1762937580000,BANKNIFTY,2025-11-12T15:20:00,1762941000000,57,optimized,hybrid,999.4804186368444,1010.7044571422803,1021.9564528219544
2025-11-12T14:23:00,1762937580000,BANKNIFTY,2025-11-12T15:21:00,1762941060000,58,optimized,hybrid,999.2196817109858,1010.3628589793366,1016.8449782998484
2025-11-12T14:23:00,1762937580000,BANKNIFTY,2025-11-12T15:22:00,1762941120000,59,optimized,hybrid,998.7608358750512,1009.537513179441,1014.9254854009417
2025-11-12T14:23:00,1762937580000,BANKNIFTY,2025-11-12T15:23:00,1762941180000,60,optimized,hybrid,999.3228282707719,1010.7155281640453,1018.8777617286074
2025-11-12T14:23:00,1762937580000,BANKNIFTY,2025-11-12T14:24:00,1762937640000,1,optimized,hybrid,1006.8686594489133,1011.55,1017.7965938614817
2025-11-12T14:23:00,1762937580000,BANKNIFTY,2025-11-12T14:25:00,1762937700000,2,optimized,hybrid,1007.0585573138208,1012.6007385703942,1018.1834419401873
2025-11-12T14:23:00,1762937580000,BANKNIFTY,2025-11-12T14:26:00,1762937760000,3,optimized,hybrid,999.7257648515239,1014.5312195327278,1021.5028079576178
2025-11-12T14:23:00,1762937580000,BANKNIFTY,2025-11-12T14:27:00,1762937820000,4,optimized,hybrid,1001.7963612476458,1009.9589579933684,1021.4344699553441
2025-11-12T14:23:00,1762937580000,BANKNIFTY,2025-11-12T14:28:00,1762937880000,5,optimized,hybrid,1004.6224878995813,1012.1047732236193,1023.4475332186918
2025-11-12T14:23:00,1762937580000,BANKNIFTY,2025-11-12T14:29:00,1762937940000,6,optimized,hybrid,1008.0724540576081,1014.5875610649771,1018.2422901186078
2025-11-12T14:23:00,1762937580000,BANKNIFTY,2025-11-12T14:30:00,1762938000000,7,optimized,hybrid,1002.10882875949,1011.3425214935824,1018.5911522609913
2025-11-12T14:23:00,1762937580000,BANKNIFTY,2025-11-12T14:31:00,1762938060000,8,optimized,hybrid,999.3318291102947,1007.8279927785768,1016.0490783252392
2025-11-12T14:23:00,1762937580000,BANKNIFTY,2025-11-12T14:32:00,1762938120000,9,optimized,hybrid,1002.5287971596446,1008.708220064568,1015.6467548706538
2025-11-12T14:23:00,1762937580000,BANKNIFTY,2025-11-12T14:33:00,1762938180000,10,optimized,hybrid,1003.3994920174141,1008.6984671095124,1015.4744851851283
2025-11-12T14:23:00,1762937580000,BANKNIFTY,2025-11-12T14:34:00,1762938240000,11,optimized,hybrid,1003.2596055827759,1010.4698516290734,1017.6676350279379
2025-11-12T14:23:00,1762937580000,BANKNIFTY,2025-11-12T14:35:00,1762938300000,12,optimized,hybrid,1003.3511975421062,1009.5113282329899,1018.1098633257809
2025-11-12T14:23:00,1762937580000,BANKNIFTY,2025-11-12T14:36:00,1762938360000,13,optimized,hybrid,1002.7191087029549,1009.8304482148571,1021.5874125237707
2025-11-12T14:23:00,1762937580000,BANKNIFTY,2025-11-12T14:37:00,1762938420000,14,optimized,hybrid,1003.7502924297356,1009.8179881034391,1017.120169256371
2025-11-12T14:23:00,1762937580000,BANKNIFTY,2025-11-12T14:38:00,1762938480000,15,optimized,hybrid,1003.2145884566985,1009.0806806918415,1018.4526211307629
2025-11-12T14:23:00,1762937580000,BANKNIFTY,2025-11-12T14:39:00,1762938540000,16,optimized,hybrid,1004.7594579410475,1010.6635513737733,1017.4004082070647
2025-11-12T14:23:00,1762937580000,BANKNIFTY,2025-11-12T14:40:00,1762938600000,17,optimized,hybrid,1005.3513606358929,1012.1395902686625,1020.5748803212596
2025-11-12T14:23:00,1762937580000,BANKNIFTY,2025-11-12T14:41:00,1762938660000,18,optimized,hybrid,1004.3536110057183,1010.8570601552278,1020.7441925242186
2025-11-12T14:23:00,1762937580000,BANKNIFTY,2025-11-12T14:42:00,1762938720000,19,optimized,hybrid,1004.2545726772057,1011.0966834963374,1021.3936251561729
2025-11-12T14:23:00,1762937580000,BANKNIFTY,2025-11-12T14:43:00,1762938780000,20,optimized,hybrid,1002.0661244089932,1008.3923572096894,1021.3274540209894
2025-11-12T14:23:00,1762937580000,BANKNIFTY,2025-11-12T14:44:00,1762938840000,21,optimized,hybrid,1002.9768655195616,1010.5014916014936,1020.7458890255949
2025-11-12T14:23:00,1762937580000,BANKNIFTY,2025-11-12T14:45:00,1762938900000,22,optimized,hybrid,1001.6227920743377,1010.1991008903328,1021.7879158269046
2025-11-12T14:23:00,1762937580000,BANKNIFTY,2025-11-12T14:46:00,1762938960000,23,optimized,hybrid,1001.0839506259823,1009.150479486902,1020.1079076815049
2025-11-12T14:23:00,1762937580000,BANKNIFTY,2025-11-12T14:47:00,1762939020000,24,optimized,hybrid,1001.4797675616278,1008.6228392727451,1020.8523315217994
2025-11-12T14:23:00,1762937580000,BANKNIFTY,2025-11-12T14:48:00,1762939080000,25,optimized,hybrid,1001.6403183824232,1009.7483891595975,1018.466956297726
2025-11-12T14:23:00,1762937580000,BANKNIFTY,2025-11-12T14:49:00,1762939140000,26,optimized,hybrid,1002.4270926545861,1010.5149335797537,1020.8489938934201
2025-11-12T14:23:00,1762937580000,BANKNIFTY,2025-11-12T14:50:00,1762939200000,27,optimized,hybrid,1002.9405258335339,1011.3587040572693,1022.1877177014048
2025-11-12T14:23:00,1762937580000,BANKNIFTY,2025-11-12T14:51:00,1762939260000,28,optimized,hybrid,1000.698407474084,1008.1580673502483,1020.3611244354936
2025-11-12T14:23:00,1762937580000,BANKNIFTY,2025-11-12T14:52:00,1762939320000,29,optimized,hybrid,1000.6671200213659,1007.0402397809592,1020.739649245251
2025-11-12T14:23:00,1762937580000,BANKNIFTY,2025-11-12T14:53:00,1762939380000,30,optimized,hybrid,1001.408674115782,1008.1968542688571,1019.9477044569985
2025-11-12T14:23:00,1762937580000,BANKNIFTY,2025-11-12T14:54:00,1762939440000,31,optimized,hybrid,1000.8717488331546,1009.9853217096379,1019.8936565101251
2025-11-12T14:23:00,1762937580000,BANKNIFTY,2025-11-12T14:55:00,1762939500000,32,optimized,hybrid,999.7335898748428,1010.1627382364334,1019.7423714401314
2025-11-12T14:23:00,1762937580000,BANKNIFTY,2025-11-12T14:56:00,1762939560000,33,optimized,hybrid,1000.0105218285412,1009.864911511613,1019.6521002100704
2025-11-12T14:23:00,1762937580000,BANKNIFTY,2025-11-12T14:57:00,1762939620000,34,optimized,hybrid,1000.0396169211182,1007.4501676200032,1020.8539640637462
2025-11-12T14:23:00,1762937580000,BANKNIFTY,2025-11-12T14:58:00,1762939680000,35,optimized,hybrid,1001.417633226171,1010.409429887108,1021.9221955496273
2025-11-12T14:23:00,1762937580000,BANKNIFTY,2025-11-12T14:59:00,1762939740000,36,optimized,hybrid,998.892898763685,1006.2382375123148,1017.9278508160816
2025-11-12T14:23:00,1762937580000,BANKNIFTY,2025-11-12T15:00:00,1762939800000,37,optimized,hybrid,997.8331881668497,1007.6737365412571,1018.3716026627162
2025-11-12T14:23:00,1762937580000,BANKNIFTY,2025-11-12T15:01:00,1762939860000,38,optimized,hybrid,998.4389263817217,1006.1721094385061,1019.1583021583613
2025-11-12T14:23:00,1762937580000,BANKNIFTY,2025-11-12T15:02:00,1762939920000,39,optimized,hybrid,1002.0822682819396,1011.1680251597747,1021.3068407987912
2025-11-12T14:23:00,1762937580000,BANKNIFTY,2025-11-12T15:03:00,1762939980000,40,optimized,hybrid,997.7919621870128,1009.534201665328,1019.4682089714317
2025-11-12T14:23:00,1762937580000,BANKNIFTY,2025-11-12T15:04:00,1762940040000,41,optimized,hybrid,997.8451044790606,1009.0760879161778,1020.1407520306818
2025-11-12T14:23:00,1762937580000,BANKNIFTY,2025-11-12T15:05:00,1762940100000,42,optimized,hybrid,1002.2410501769908,1008.0357463106002,1019.8287432084796
2025-11-12T14:23:00,1762937580000,BANKNIFTY,2025-11-12T15:06:00,1762940160000,43,optimized,hybrid,1000.1771719178033,1007.5057617408465,1015.6128525110105
2025-11-12T14:23:00,1762937580000,BANKNIFTY,2025-11-12T15:07:00,1762940220000,44,optimized,hybrid,999.4722779982143,1004.7877140329149,1015.0553483296187
2025-11-12T14:23:00,1762937580000,BANKNIFTY,2025-11-12T15:08:00,1762940280000,45,optimized,hybrid,1000.0953805982788,1009.6570792928337,1017.1066203340924
2025-11-12T14:23:00,1762937580000,BANKNIFTY,2025-11-12T15:09:00,1762940340000,46,optimized,hybrid,1000.2283633130985,1009.5942325248357,1016.6248988392961
2025-11-12T14:23:00,1762937580000,BANKNIFTY,2025-11-12T15:10:00,1762940400000,47,optimized,hybrid,1001.6224785406715,1010.8932373351709,1016.3520623003158
2025-11-12T14:23:00,1762937580000,BANKNIFTY,2025-11-12T15:11:00,1762940460000,48,optimized,hybrid,1001.4956821913395,1010.3849270842602,1018.5882193026487
2025-11-12T14:23:00,1762937580000,BANKNIFTY,2025-11-12T15:12:00,1762940520000,49,optimized,hybrid,1002.6052374879524,1010.5739707807145,1016.6006707732026
2025-11-12T14:23:00,1762937580000,BANKNIFTY,2025-11-12T15:13:00,1762940580000,50,optimized,hybrid,1001.9569493422597,1009.6134165224871,1014.6982590893558
2025-11-12T14:23:00,1762937580000,BANKNIFTY,2025-11-12T15:14:00,1762940640000,51,optimized,hybrid,1002.2903278880333,1009.3670545801381,1017.0695152608141
2025-11-12T14:23:00,1762937580000,BANKNIFTY,2025-11-12T15:15:00,1762940700000,52,optimized,hybrid,1002.130858947258,1009.9050345368248,1018.7899505216909
2025-11-12T14:23:00,1762937580000,BANKNIFTY,2025-11-12T15:16:00,1762940760000,53,optimized,hybrid,1002.235518767198,1009.5823478654149,1018.9207967443004
2025-11-12T14:23:00,1762937580000,BANKNIFTY,2025-11-12T15:17:00,1762940820000,54,optimized,hybrid,1001.7416755573128,1011.3357651696813,1018.2603004749769
2025-11-12T14:23:00,1762937580000,BANKNIFTY,2025-11-12T15:18:00,1762940880000,55,optimized,hybrid,1000.4312063244029,1010.960128008478,1018.448033899809
2025-11-12T14:23:00,1762937580000,BANKNIFTY,2025-11-12T15:19:00,1762940940000,56,optimized,hybrid,999.735629410011,1010.9688650057412,1019.7656265367824
2025-11-12T14:23:00,1762937580000,BANKNIFTY,2025-11-12T15:20:00,1762941000000,57,optimized,hybrid,999.4804186368444,1010.7044571422803,1021.9564528219544
2025-11-12T14:23:00,1762937580000,BANKNIFTY,2025-11-12T15:21:00,1762941060000,58,optimized,hybrid,999.2196817109858,1010.3628589793366,1016.8449782998484
2025-11-12T14:23:00,1762937580000,BANKNIFTY,2025-11-12T15:22:00,1762941120000,59,optimized,hybrid,998.7608358750512,1009.537513179441,1014.9254854009417
2025-11-12T14:23:00,1762937580000,BANKNIFTY,2025-11-12T15:23:00,1762941180000,60,optimized,hybrid,999.3228282707719,1010.7155281640453,1018.8777617286074
2025-11-12T14:23:00,1762937580000,BANKNIFTY,2025-11-12T14:24:00,1762937640000,1,optimized,hybrid,1006.8686594489133,1011.55,1017.7965938614817
2025-11-12T14:23:00,1762937580000,BANKNIFTY,2025-11-12T14:25:00,1762937700000,2,optimized,hybrid,1007.0585573138208,1012.6007385703942,1018.1834419401873
2025-11-12T14:23:00,1762937580000,BANKNIFTY,2025-11-12T14:26:00,1762937760000,3,optimized,hybrid,999.7257648515239,1014.5312195327278,1021.5028079576178
2025-11-12T14:23:00,1762937580000,BANKNIFTY,2025-11-12T14:27:00,1762937820000,4,optimized,hybrid,1001.7963612476458,1009.9589579933684,1021.4344699553441
2025-11-12T14:23:00,1762937580000,BANKNIFTY,2025-11-12T14:28:00,1762937880000,5,optimized,hybrid,1004.6224878995813,1012.1047732236193,1023.4475332186918
2025-11-12T14:23:00,1762937580000,BANKNIFTY,2025-11-12T14:29:00,1762937940000,6,optimized,hybrid,1008.0724540576081,1014.5875610649771,1018.2422901186078
2025-11-12T14:23:00,1762937580000,BANKNIFTY,2025-11-12T14:30:00,1762938000000,7,optimized,hybrid,1002.10882875949,1011.3425214935824,1018.5911522609913
2025-11-12T14:23:00,1762937580000,BANKNIFTY,2025-11-12T14:31:00,1762938060000,8,optimized,hybrid,999.3318291102947,1007.8279927785768,1016.0490783252392
2025-11-12T14:23:00,1762937580000,BANKNIFTY,2025-11-12T14:32:00,1762938120000,9,optimized,hybrid,1002.5287971596446,1008.708220064568,1015.6467548706538
2025-11-12T14:23:00,1762937580000,BANKNIFTY,2025-11-12T14:33:00,1762938180000,10,optimized,hybrid,1003.3994920174141,1008.6984671095124,1015.4744851851283
2025-11-12T14:23:00,1762937580000,BANKNIFTY,2025-11-12T14:34:00,1762938240000,11,optimized,hybrid,1003.2596055827759,1010.4698516290734,1017.6676350279379
2025-11-12T14:23:00,1762937580000,BANKNIFTY,2025-11-12T14:35:00,1762938300000,12,optimized,hybrid,1003.3511975421062,1009.5113282329899,1018.1098633257809
2025-11-12T14:23:00,1762937580000,BANKNIFTY,2025-11-12T14:36:00,1762938360000,13,optimized,hybrid,1002.7191087029549,1009.8304482148571,1021.5874125237707
2025-11-12T14:23:00,1762937580000,BANKNIFTY,2025-11-12T14:37:00,1762938420000,14,optimized,hybrid,1003.7502924297356,1009.8179881034391,1017.120169256371
2025-11-12T14:23:00,1762937580000,BANKNIFTY,2025-11-12T14:38:00,1762938480000,15,optimized,hybrid,1003.2145884566985,1009.0806806918415,1018.4526211307629
2025-11-12T14:23:00,1762937580000,BANKNIFTY,2025-11-12T14:39:00,1762938540000,16,optimized,hybrid,1004.7594579410475,1010.6635513737733,1017.4004082070647
2025-11-12T14:23:00,1762937580000,BANKNIFTY,2025-11-12T14:40:00,1762938600000,17,optimized,hybrid,1005.3513606358929,1012.1395902686625,1020.5748803212596
2025-11-12T14:23:00,1762937580000,BANKNIFTY,2025-11-12T14:41:00,1762938660000,18,optimized,hybrid,1004.3536110057183,1010.8570601552278,1020.7441925242186
2025-11-12T14:23:00,1762937580000,BANKNIFTY,2025-11-12T14:42:00,1762938720000,19,optimized,hybrid,1004.2545726772057,1011.0966834963374,1021.3936251561729
2025-11-12T14:23:00,1762937580000,BANKNIFTY,2025-11-12T14:43:00,1762938780000,20,optimized,hybrid,1002.0661244089932,1008.3923572096894,1021.3274540209894
2025-11-12T14:23:00,1762937580000,BANKNIFTY,2025-11-12T14:44:00,1762938840000,21,optimized,hybrid,1002.9768655195616,1010.5014916014936,1020.7458890255949
2025-11-12T14:23:00,1762937580000,BANKNIFTY,2025-11-12T14:45:00,1762938900000,22,optimized,hybrid,1001.6227920743377,1010.1991008903328,1021.7879158269046
2025-11-12T14:23:00,1762937580000,BANKNIFTY,2025-11-12T14:46:00,1762938960000,23,optimized,hybrid,1001.0839506259823,1009.150479486902,1020.1079076815049
2025-11-12T14:23:00,1762937580000,BANKNIFTY,2025-11-12T14:47:00,1762939020000,24,optimized,hybrid,1001.4797675616278,1008.6228392727451,1020.8523315217994
2025-11-12T14:23:00,1762937580000,BANKNIFTY,2025-11-12T14:48:00,1762939080000,25,optimized,hybrid,1001.6403183824232,1009.7483891595975,1018.466956297726
2025-11-12T14:23:00,1762937580000,BANKNIFTY,2025-11-12T14:49:00,1762939140000,26,optimized,hybrid,1002.4270926545861,1010.5149335797537,1020.8489938934201
2025-11-12T14:23:00,1762937580000,BANKNIFTY,2025-11-12T14:50:00,1762939200000,27,optimized,hybrid,1002.9405258335339,1011.3587040572693,1022.1877177014048
2025-11-12T14:23:00,1762937580000,BANKNIFTY,2025-11-12T14:51:00,1762939260000,28,optimized,hybrid,1000.698407474084,1008.1580673502483,1020.3611244354936
2025-11-12T14:23:00,1762937580000,BANKNIFTY,2025-11-12T14:52:00,1762939320000,29,optimized,hybrid,1000.6671200213659,1007.0402397809592,1020.739649245251
2025-11-12T14:23:00,1762937580000,BANKNIFTY,2025-11-12T14:53:00,1762939380000,30,optimized,hybrid,1001.408674115782,1008.1968542688571,1019.9477044569985
2025-11-12T14:23:00,1762937580000,BANKNIFTY,2025-11-12T14:54:00,1762939440000,31,optimized,hybrid,1000.8717488331546,1009.9853217096379,1019.8936565101251
2025-11-12T14:23:00,1762937580000,BANKNIFTY,2025-11-12T14:55:00,1762939500000,32,optimized,hybrid,999.7335898748428,1010.1627382364334,1019.7423714401314
2025-11-12T14:23:00,1762937580000,BANKNIFTY,2025-11-12T14:56:00,1762939560000,33,optimized,hybrid,1000.0105218285412,1009.864911511613,1019.6521002100704
2025-11-12T14:23:00,1762937580000,BANKNIFTY,2025-11-12T14:57:00,1762939620000,34,optimized,hybrid,1000.0396169211182,1007.4501676200032,1020.8539640637462
2025-11-12T14:23:00,1762937580000,BANKNIFTY,2025-11-12T14:58:00,1762939680000,35,optimized,hybrid,1001.417633226171,1010.409429887108,1021.9221955496273
2025-11-12T14:23:00,1762937580000,BANKNIFTY,2025-11-12T14:59:00,1762939740000,36,optimized,hybrid,998.892898763685,1006.2382375123148,1017.9278508160816
2025-11-12T14:23:00,1762937580000,BANKNIFTY,2025-11-12T15:00:00,1762939800000,37,optimized,hybrid,997.8331881668497,1007.6737365412571,1018.3716026627162
2025-11-12T14:23:00,1762937580000,BANKNIFTY,2025-11-12T15:01:00,1762939860000,38,optimized,hybrid,998.4389263817217,1006.1721094385061,1019.1583021583613
2025-11-12T14:23:00,1762937580000,BANKNIFTY,2025-11-12T15:02:00,1762939920000,39,optimized,hybrid,1002.0822682819396,1011.1680251597747,1021.3068407987912
2025-11-12T14:23:00,1762937580000,BANKNIFTY,2025-11-12T15:03:00,1762939980000,40,optimized,hybrid,997.7919621870128,1009.534201665328,1019.4682089714317
2025-11-12T14:23:00,1762937580000,BANKNIFTY,2025-11-12T15:04:00,1762940040000,41,optimized,hybrid,997.8451044790606,1009.0760879161778,1020.1407520306818
2025-11-12T14:23:00,1762937580000,BANKNIFTY,2025-11-12T15:05:00,1762940100000,42,optimized,hybrid,1002.2410501769908,1008.0357463106002,1019.8287432084796
2025-11-12T14:23:00,1762937580000,BANKNIFTY,2025-11-12T15:06:00,1762940160000,43,optimized,hybrid,1000.1771719178033,1007.5057617408465,1015.6128525110105
2025-11-12T14:23:00,1762937580000,BANKNIFTY,2025-11-12T15:07:00,1762940220000,44,optimized,hybrid,999.4722779982143,1004.7877140329149,1015.0553483296187
2025-11-12T14:23:00,1762937580000,BANKNIFTY,2025-11-12T15:08:00,1762940280000,45,optimized,hybrid,1000.0953805982788,1009.6570792928337,1017.1066203340924
2025-11-12T14:23:00,1762937580000,BANKNIFTY,2025-11-12T15:09:00,1762940340000,46,optimized,hybrid,1000.2283633130985,1009.5942325248357,1016.6248988392961
2025-11-12T14:23:00,1762937580000,BANKNIFTY,2025-11-12T15:10:00,1762940400000,47,optimized,hybrid,1001.6224785406715,1010.8932373351709,1016.3520623003158
2025-11-12T14:23:00,1762937580000,BANKNIFTY,2025-11-12T15:11:00,1762940460000,48,optimized,hybrid,1001.4956821913395,1010.3849270842602,1018.5882193026487
2025-11-12T14:23:00,1762937580000,BANKNIFTY,2025-11-12T15:12:00,1762940520000,49,optimized,hybrid,1002.6052374879524,1010.5739707807145,1016.6006707732026
2025-11-12T14:23:00,1762937580000,BANKNIFTY,2025-11-12T15:13:00,1762940580000,50,optimized,hybrid,1001.9569493422597,1009.6134165224871,1014.6982590893558
2025-11-12T14:23:00,1762937580000,BANKNIFTY,2025-11-12T15:14:00,1762940640000,51,optimized,hybrid,1002.2903278880333,1009.3670545801381,1017.0695152608141
2025-11-12T14:23:00,1762937580000,BANKNIFTY,2025-11-12T15:15:00,1762940700000,52,optimized,hybrid,1002.130858947258,1009.9050345368248,1018.7899505216909
2025-11-12T14:23:00,1762937580000,BANKNIFTY,2025-11-12T15:16:00,1762940760000,53,optimized,hybrid,1002.235518767198,1009.5823478654149,1018.9207967443004
2025-11-12T14:23:00,1762937580000,BANKNIFTY,2025-11-12T15:17:00,1762940820000,54,optimized,hybrid,1001.7416755573128,1011.3357651696813,1018.2603004749769
2025-11-12T14:23:00,1762937580000,BANKNIFTY,2025-11-12T15:18:00,1762940880000,55,optimized,hybrid,1000.4312063244029,1010.960128008478,1018.448033899809
2025-11-12T14:23:00,1762937580000,BANKNIFTY,2025-11-12T15:19:00,1762940940000,56,optimized,hybrid,999.735629410011,1010.9688650057412,1019.7656265367824
2025-11-12T14:23:00,1762937580000,BANKNIFTY,2025-11-12T15:20:00,1762941000000,57,optimized,hybrid,999.4804186368444,1010.7044571422803,1021.9564528219544
2025-11-12T14:23:00,1762937580000,BANKNIFTY,2025-11-12T15:21:00,1762941060000,58,optimized,hybrid,999.2196817109858,1010.3628589793366,1016.8449782998484
2025-11-12T14:23:00,1762937580000,BANKNIFTY,2025-11-12T15:22:00,1762941120000,59,optimized,hybrid,998.7608358750512,1009.537513179441,1014.9254854009417
2025-11-12T14:23:00,1762937580000,BANKNIFTY,2025-11-12T15:23:00,1762941180000,60,optimized,hybrid,999.3228282707719,1010.7155281640453,1018.8777617286074
2025-11-12T14:23:00,1762937580000,BANKNIFTY,2025-11-12T14:24:00,1762937640000,1,,hybrid,1007.3531665969844,1011.55,1017.362331871017
2025-11-12T14:23:00,1762937580000,BANKNIFTY,2025-11-12T14:25:00,1762937700000,2,,hybrid,1007.0279986027338,1012.1883812121973,1017.6845339559796
2025-11-12T14:23:00,1762937580000,BANKNIFTY,2025-11-12T14:26:00,1762937760000,3,,hybrid,1002.5018088945932,1015.1205468667065,1021.1489597883239
2025-11-12T14:23:00,1762937580000,BANKNIFTY,2025-11-12T14:27:00,1762937820000,4,,hybrid,1003.3344068550446,1010.6504968411125,1021.215578615833
2025-11-12T14:23:00,1762937580000,BANKNIFTY,2025-11-12T14:28:00,1762937880000,5,,hybrid,1005.9671847835635,1013.3863476287254,1023.9941306445396
2025-11-12T14:23:00,1762937580000,BANKNIFTY,2025-11-12T14:29:00,1762937940000,6,,hybrid,1008.6352335855468,1015.1408105792643,1018.3124075814402
2025-11-12T14:23:00,1762937580000,BANKNIFTY,2025-11-12T14:30:00,1762938000000,7,,hybrid,1002.9238050933682,1011.4080707161972,1019.0228034979092
2025-11-12T14:23:00,1762937580000,BANKNIFTY,2025-11-12T14:31:00,1762938060000,8,,hybrid,1000.1383890975786,1008.1724604662625,1015.3553058988629
2025-11-12T14:23:00,1762937580000,BANKNIFTY,2025-11-12T14:32:00,1762938120000,9,,hybrid,1003.4588183547866,1008.9954264365558,1015.82439263743
2025-11-12T14:23:00,1762937580000,BANKNIFTY,2025-11-12T14:33:00,1762938180000,10,,hybrid,1005.1469175454596,1009.7423833725159,1015.7855582311776
2025-11-12T14:23:00,1762937580000,BANKNIFTY,2025-11-12T14:34:00,1762938240000,11,,hybrid,1003.3763743975587,1010.322861927915,1016.65787439221
2025-11-12T14:23:00,1762937580000,BANKNIFTY,2025-11-12T14:35:00,1762938300000,12,,hybrid,1004.151808725124,1010.1866830698889,1018.2600812144615
2025-11-12T14:23:00,1762937580000,BANKNIFTY,2025-11-12T14:36:00,1762938360000,13,,hybrid,1003.1054107101279,1009.6974677473509,1018.4483721781156
2025-11-12T14:23:00,1762937580000,BANKNIFTY,2025-11-12T14:37:00,1762938420000,14,,hybrid,1004.3947486361233,1010.2173864422377,1016.6053288881737
2025-11-12T14:23:00,1762937580000,BANKNIFTY,2025-11-12T14:38:00,1762938480000,15,,hybrid,1004.4467269761222,1010.0784174908165,1017.9288199069001
2025-11-12T14:23:00,1762937580000,BANKNIFTY,2025-11-12T14:39:00,1762938540000,16,,hybrid,1005.4944285687999,1011.3339741793066,1018.0160070804347
2025-11-12T14:23:00,1762937580000,BANKNIFTY,2025-11-12T14:40:00,1762938600000,17,,hybrid,1005.9914761927107,1012.5727633662455,1021.0018065276091
2025-11-12T14:23:00,1762937580000,BANKNIFTY,2025-11-12T14:41:00,1762938660000,18,,hybrid,1004.1640326314975,1010.5218260857905,1019.5638402615813
2025-11-12T14:23:00,1762937580000,BANKNIFTY,2025-11-12T14:42:00,1762938720000,19,,hybrid,1004.9859753549085,1011.770670486258,1021.9723981778188
2025-11-12T14:23:00,1762937580000,BANKNIFTY,2025-11-12T14:43:00,1762938780000,20,,hybrid,1002.562577323591,1008.6260801010428,1021.155819400168
2025-11-12T14:23:00,1762937580000,BANKNIFTY,2025-11-12T14:44:00,1762938840000,21,,hybrid,1003.5784417861446,1010.9627423173438,1019.025135508013
2025-11-12T14:23:00,1762937580000,BANKNIFTY,2025-11-12T14:45:00,1762938900000,22,,hybrid,1002.8109307739179,1010.9806368172055,1020.202876757878
2025-11-12T14:23:00,1762937580000,BANKNIFTY,2025-11-12T14:46:00,1762938960000,23,,hybrid,1001.9807822133931,1009.6311429217105,1019.4849972790239
2025-11-12T14:23:00,1762937580000,BANKNIFTY,2025-11-12T14:47:00,1762939020000,24,,hybrid,1002.0478845806248,1009.0730836751429,1020.7015567137629
2025-11-12T14:23:00,1762937580000,BANKNIFTY,2025-11-12T14:48:00,1762939080000,25,,hybrid,1002.0217352326365,1009.780490594052,1018.5233176803298
2025-11-12T14:23:00,1762937580000,BANKNIFTY,2025-11-12T14:49:00,1762939140000,26,,hybrid,1002.5715657611529,1010.2462278252028,1019.8178180752369
2025-11-12T14:23:00,1762937580000,BANKNIFTY,2025-11-12T14:50:00,1762939200000,27,,hybrid,1002.4416753277056,1009.2227766988451,1021.605536976041
2025-11-12T14:23:00,1762937580000,BANKNIFTY,2025-11-12T14:51:00,1762939260000,28,,hybrid,1001.3672562159826,1008.290278007574,1020.9850297477028
2025-11-12T14:23:00,1762937580000,BANKNIFTY,2025-11-12T14:52:00,1762939320000,29,,hybrid,1001.5724973427322,1008.0051689227851,1021.5683963875782
2025-11-12T14:23:00,1762937580000,BANKNIFTY,2025-11-12T14:53:00,1762939380000,30,,hybrid,1000.5514232452972,1007.3127116626902,1019.1620548540856
2025-11-12T14:23:00,1762937580000,BANKNIFTY,2025-11-12T14:54:00,1762939440000,31,,hybrid,1002.1474120437907,1009.4325903189649,1020.8817280325281
2025-11-12T14:23:00,1762937580000,BANKNIFTY,2025-11-12T14:55:00,1762939500000,32,,hybrid,999.7063076454083,1008.2970704970649,1019.5675907086465
2025-11-12T14:23:00,1762937580000,BANKNIFTY,2025-11-12T14:56:00,1762939560000,33,,hybrid,1000.4067466855663,1009.3317098402672,1019.7627396367228
2025-11-12T14:23:00,1762937580000,BANKNIFTY,2025-11-12T14:57:00,1762939620000,34,,hybrid,1000.5268949853904,1007.1316253501802,1020.4352885579351
2025-11-12T14:23:00,1762937580000,BANKNIFTY,2025-11-12T14:58:00,1762939680000,35,,hybrid,1001.0741774793673,1007.4671262094002,1019.9697357418145
2025-11-12T14:23:00,1762937580000,BANKNIFTY,2025-11-12T14:59:00,1762939740000,36,,hybrid,999.4671734527982,1006.6496881571238,1018.209343582016
2025-11-12T14:23:00,1762937580000,BANKNIFTY,2025-11-12T15:00:00,1762939800000,37,,hybrid,998.7144209086338,1007.3786402771625,1018.2788917320314
2025-11-12T14:23:00,1762937580000,BANKNIFTY,2025-11-12T15:01:00,1762939860000,38,,hybrid,999.1107248366092,1006.3692904742654,1019.3707303468997
2025-11-12T14:23:00,1762937580000,BANKNIFTY,2025-11-12T15:02:00,1762939920000,39,,hybrid,1002.4381569397635,1011.4279166242143,1021.2228377153945
2025-11-12T14:23:00,1762937580000,BANKNIFTY,2025-11-12T15:03:00,1762939980000,40,,hybrid,998.5771870795228,1009.0758531170859,1018.9283061876525
2025-11-12T14:23:00,1762937580000,BANKNIFTY,2025-11-12T15:04:00,1762940040000,41,,hybrid,998.8650849465628,1009.8755921079996,1020.9840953440347
2025-11-12T14:23:00,1762937580000,BANKNIFTY,2025-11-12T15:05:00,1762940100000,42,,hybrid,1001.2457719482455,1006.6684878895251,1018.0419239635697
2025-11-12T14:23:00,1762937580000,BANKNIFTY,2025-11-12T15:06:00,1762940160000,43,,hybrid,1000.5903959778556,1007.0632646469635,1015.2435994526361
2025-11-12T14:23:00,1762937580000,BANKNIFTY,2025-11-12T15:07:00,1762940220000,44,,hybrid,1000.0975145537178,1005.3339473477649,1014.4404330654426
2025-11-12T14:23:00,1762937580000,BANKNIFTY,2025-11-12T15:08:00,1762940280000,45,,hybrid,1000.6963479813286,1009.7035276490449,1016.8266018753554
2025-11-12T14:23:00,1762937580000,BANKNIFTY,2025-11-12T15:09:00,1762940340000,46,,hybrid,1000.9640489962138,1009.9705784954022,1015.9556524678324
2025-11-12T14:23:00,1762937580000,BANKNIFTY,2025-11-12T15:10:00,1762940400000,47,,hybrid,1002.0522098406144,1011.1430834768134,1016.9523165270589
2025-11-12T14:23:00,1762937580000,BANKNIFTY,2025-11-12T15:11:00,1762940460000,48,,hybrid,1002.0231697415752,1011.0308204142996,1017.4637806739177
2025-11-12T14:23:00,1762937580000,BANKNIFTY,2025-11-12T15:12:00,1762940520000,49,,hybrid,1002.9494152759643,1010.9073212158189,1016.2617244226626
2025-11-12T14:23:00,1762937580000,BANKNIFTY,2025-11-12T15:13:00,1762940580000,50,,hybrid,1002.4255625575738,1010.0494854157748,1014.8247510088088
2025-11-12T14:23:00,1762937580000,BANKNIFTY,2025-11-12T15:14:00,1762940640000,51,,hybrid,1002.6900805148975,1009.7050715005519,1015.2085171534188
2025-11-12T14:23:00,1762937580000,BANKNIFTY,2025-11-12T15:15:00,1762940700000,52,,hybrid,1002.4944181336124,1010.4061557270013,1017.6881045683222
2025-11-12T14:23:00,1762937580000,BANKNIFTY,2025-11-12T15:16:00,1762940760000,53,,hybrid,1003.017409771153,1010.2509765838647,1017.4424051448343
2025-11-12T14:23:00,1762937580000,BANKNIFTY,2025-11-12T15:17:00,1762940820000,54,,hybrid,1002.0904615913278,1011.2154245569368,1016.5381148287217
2025-11-12T14:23:00,1762937580000,BANKNIFTY,2025-11-12T15:18:00,1762940880000,55,,hybrid,1002.1842640241418,1010.7817091102531,1017.5085280232132
2025-11-12T14:23:00,1762937580000,BANKNIFTY,2025-11-12T15:19:00,1762940940000,56,,hybrid,999.9800721244433,1010.1436311044154,1018.1940748733238
2025-11-12T14:23:00,1762937580000,BANKNIFTY,2025-11-12T15:20:00,1762941000000,57,,hybrid,1000.0285752085318,1010.678661144198,1019.3494077033763
2025-11-12T14:23:00,1762937580000,BANKNIFTY,2025-11-12T15:21:00,1762941060000,58,,hybrid,999.196352792128,1008.1735894385331,1015.8771176764429
2025-11-12T14:23:00,1762937580000,BANKNIFTY,2025-11-12T15:22:00,1762941120000,59,,hybrid,998.99583990182,1008.1553069194279,1014.7001592379273
2025-11-12T14:23:00,1762937580000,BANKNIFTY,2025-11-12T15:23:00,1762941180000,60,,hybrid,999.7339789268214,1011.0798474261594,1017.3595658523406
2025-11-12T14:23:30,1762937610000,BANKNIFTY,2025-11-12T14:24:30,1762937670000,1,,hybrid,1026.9531665969844,1031.15,1036.962331871017
2025-11-12T14:23:30,1762937610000,BANKNIFTY,2025-11-12T14:25:30,1762937730000,2,,hybrid,1026.627998602734,1031.7883812121975,1037.2845339559797
2025-11-12T14:23:30,1762937610000,BANKNIFTY,2025-11-12T14:26:30,1762937790000,3,,hybrid,1022.1018088945933,1034.7205468667066,1040.748959788324
2025-11-12T14:23:30,1762937610000,BANKNIFTY,2025-11-12T14:27:30,1762937850000,4,,hybrid,1022.9344068550447,1030.2504968411126,1040.8155786158331
2025-11-12T14:23:30,1762937610000,BANKNIFTY,2025-11-12T14:28:30,1762937910000,5,,hybrid,1025.5671847835638,1032.9863476287255,1043.5941306445397
2025-11-12T14:23:30,1762937610000,BANKNIFTY,2025-11-12T14:29:30,1762937970000,6,,hybrid,1028.235233585547,1034.7408105792645,1037.9124075814404
2025-11-12T14:23:30,1762937610000,BANKNIFTY,2025-11-12T14:30:30,1762938030000,7,,hybrid,1022.5238050933683,1031.0080707161974,1038.6228034979094
2025-11-12T14:23:30,1762937610000,BANKNIFTY,2025-11-12T14:31:30,1762938090000,8,,hybrid,1019.7383890975788,1027.7724604662626,1034.955305898863
2025-11-12T14:23:30,1762937610000,BANKNIFTY,2025-11-12T14:32:30,1762938150000,9,,hybrid,1023.0588183547867,1028.595426436556,1035.4243926374302
2025-11-12T14:23:30,1762937610000,BANKNIFTY,2025-11-12T14:33:30,1762938210000,10,,hybrid,1024.7469175454598,1029.342383372516,1035.3855582311776
2025-11-12T14:23:30,1762937610000,BANKNIFTY,2025-11-12T14:34:30,1762938270000,11,,hybrid,1022.9763743975589,1029.9228619279152,1036.2578743922102
2025-11-12T14:23:30,1762937610000,BANKNIFTY,2025-11-12T14:35:30,1762938330000,12,,hybrid,1023.7518087251242,1029.786683069889,1037.8600812144616
2025-11-12T14:23:30,1762937610000,BANKNIFTY,2025-11-12T14:36:30,1762938390000,13,,hybrid,1022.705410710128,1029.297467747351,1038.0483721781156
2025-11-12T14:23:30,1762937610000,BANKNIFTY,2025-11-12T14:37:30,1762938450000,14,,hybrid,1023.9947486361234,1029.8173864422379,1036.2053288881739
2025-11-12T14:23:30,1762937610000,BANKNIFTY,2025-11-12T14:38:30,1762938510000,15,,hybrid,1024.0467269761223,1029.6784174908166,1037.5288199069003
2025-11-12T14:23:30,1762937610000,BANKNIFTY,2025-11-12T14:39:30,1762938570000,16,,hybrid,1025.0944285688,1030.9339741793067,1037.6160070804349
2025-11-12T14:23:30,1762937610000,BANKNIFTY,2025-11-12T14:40:30,1762938630000,17,,hybrid,1025.5914761927108,1032.1727633662456,1040.6018065276091
2025-11-12T14:23:30,1762937610000,BANKNIFTY,2025-11-12T14:41:30,1762938690000,18,,hybrid,1023.7640326314977,1030.1218260857906,1039.1638402615815
2025-11-12T14:23:30,1762937610000,BANKNIFTY,2025-11-12T14:42:30,1762938750000,19,,hybrid,1024.5859753549087,1031.3706704862582,1041.572398177819
2025-11-12T14:23:30,1762937610000,BANKNIFTY,2025-11-12T14:43:30,1762938810000,20,,hybrid,1022.1625773235911,1028.226080101043,1040.755819400168
2025-11-12T14:23:30,1762937610000,BANKNIFTY,2025-11-12T14:44:30,1762938870000,21,,hybrid,1023.1784417861447,1030.562742317344,1038.625135508013
2025-11-12T14:23:30,1762937610000,BANKNIFTY,2025-11-12T14:45:30,1762938930000,22,,hybrid,1022.410930773918,1030.5806368172057,1039.8028767578783
2025-11-12T14:23:30,1762937610000,BANKNIFTY,2025-11-12T14:46:30,1762938990000,23,,hybrid,1021.5807822133933,1029.2311429217107,1039.084997279024
2025-11-12T14:23:30,1762937610000,BANKNIFTY,2025-11-12T14:47:30,1762939050000,24,,hybrid,1021.6478845806249,1028.673083675143,1040.3015567137631
2025-11-12T14:23:30,1762937610000,BANKNIFTY,2025-11-12T14:48:30,1762939110000,25,,hybrid,1021.6217352326366,1029.3804905940522,1038.12331768033
2025-11-12T14:23:30,1762937610000,BANKNIFTY,2025-11-12T14:49:30,1762939170000,26,,hybrid,1022.171565761153,1029.846227825203,1039.4178180752372
2025-11-12T14:23:30,1762937610000,BANKNIFTY,2025-11-12T14:50:30,1762939230000,27,,hybrid,1022.0416753277058,1028.8227766988452,1041.2055369760412
2025-11-12T14:23:30,1762937610000,BANKNIFTY,2025-11-12T14:51:30,1762939290000,28,,hybrid,1020.9672562159827,1027.8902780075741,1040.585029747703
2025-11-12T14:23:30,1762937610000,BANKNIFTY,2025-11-12T14:52:30,1762939350000,29,,hybrid,1021.1724973427323,1027.6051689227852,1041.1683963875782
2025-11-12T14:23:30,1762937610000,BANKNIFTY,2025-11-12T14:53:30,1762939410000,30,,hybrid,1020.1514232452973,1026.9127116626903,1038.7620548540858
2025-11-12T14:23:30,1762937610000,BANKNIFTY,2025-11-12T14:54:30,1762939470000,31,,hybrid,1021.7474120437909,1029.032590318965,1040.4817280325283
2025-11-12T14:23:30,1762937610000,BANKNIFTY,2025-11-12T14:55:30,1762939530000,32,,hybrid,1019.3063076454084,1027.897070497065,1039.1675907086467
2025-11-12T14:23:30,1762937610000,BANKNIFTY,2025-11-12T14:56:30,1762939590000,33,,hybrid,1020.0067466855664,1028.9317098402673,1039.362739636723
2025-11-12T14:23:30,1762937610000,BANKNIFTY,2025-11-12T14:57:30,1762939650000,34,,hybrid,1020.1268949853905,1026.7316253501804,1040.0352885579352
2025-11-12T14:23:30,1762937610000,BANKNIFTY,2025-11-12T14:58:30,1762939710000,35,,hybrid,1020.6741774793675,1027.0671262094004,1039.5697357418146
2025-11-12T14:23:30,1762937610000,BANKNIFTY,2025-11-12T14:59:30,1762939770000,36,,hybrid,1019.0671734527983,1026.249688157124,1037.809343582016
2025-11-12T14:23:30,1762937610000,BANKNIFTY,2025-11-12T15:00:30,1762939830000,37,,hybrid,1018.3144209086339,1026.9786402771626,1037.8788917320314
2025-11-12T14:23:30,1762937610000,BANKNIFTY,2025-11-12T15:01:30,1762939890000,38,,hybrid,1018.7107248366093,1025.9692904742656,1038.9707303468997
2025-11-12T14:23:30,1762937610000,BANKNIFTY,2025-11-12T15:02:30,1762939950000,39,,hybrid,1022.0381569397637,1031.0279166242144,1040.8228377153946
2025-11-12T14:23:30,1762937610000,BANKNIFTY,2025-11-12T15:03:30,1762940010000,40,,hybrid,1018.1771870795229,1028.675853117086,1038.5283061876528
2025-11-12T14:23:30,1762937610000,BANKNIFTY,2025-11-12T15:04:30,1762940070000,41,,hybrid,1018.4650849465629,1029.4755921079998,1040.584095344035
2025-11-12T14:23:30,1762937610000,BANKNIFTY,2025-11-12T15:05:30,1762940130000,42,,hybrid,1020.8457719482457,1026.2684878895252,1037.64192396357
2025-11-12T14:23:30,1762937610000,BANKNIFTY,2025-11-12T15:06:30,1762940190000,43,,hybrid,1020.1903959778557,1026.6632646469636,1034.8435994526362
2025-11-12T14:23:30,1762937610000,BANKNIFTY,2025-11-12T15:07:30,1762940250000,44,,hybrid,1019.697514553718,1024.933947347765,1034.0404330654426
2025-11-12T14:23:30,1762937610000,BANKNIFTY,2025-11-12T15:08:30,1762940310000,45,,hybrid,1020.2963479813287,1029.303527649045,1036.4266018753556
2025-11-12T14:23:30,1762937610000,BANKNIFTY,2025-11-12T15:09:30,1762940370000,46,,hybrid,1020.564048996214,1029.5705784954023,1035.5556524678325
2025-11-12T14:23:30,1762937610000,BANKNIFTY,2025-11-12T15:10:30,1762940430000,47,,hybrid,1021.6522098406145,1030.7430834768136,1036.552316527059
2025-11-12T14:23:30,1762937610000,BANKNIFTY,2025-11-12T15:11:30,1762940490000,48,,hybrid,1021.6231697415753,1030.6308204142997,1037.0637806739178
2025-11-12T14:23:30,1762937610000,BANKNIFTY,2025-11-12T15:12:30,1762940550000,49,,hybrid,1022.5494152759644,1030.507321215819,1035.8617244226627
2025-11-12T14:23:30,1762937610000,BANKNIFTY,2025-11-12T15:13:30,1762940610000,50,,hybrid,1022.025562557574,1029.649485415775,1034.424751008809
2025-11-12T14:23:30,1762937610000,BANKNIFTY,2025-11-12T15:14:30,1762940670000,51,,hybrid,1022.2900805148977,1029.305071500552,1034.808517153419
2025-11-12T14:23:30,1762937610000,BANKNIFTY,2025-11-12T15:15:30,1762940730000,52,,hybrid,1022.0944181336125,1030.0061557270014,1037.2881045683223
2025-11-12T14:23:30,1762937610000,BANKNIFTY,2025-11-12T15:16:30,1762940790000,53,,hybrid,1022.6174097711531,1029.8509765838648,1037.0424051448344
2025-11-12T14:23:30,1762937610000,BANKNIFTY,2025-11-12T15:17:30,1762940850000,54,,hybrid,1021.6904615913279,1030.815424556937,1036.1381148287219
2025-11-12T14:23:30,1762937610000,BANKNIFTY,2025-11-12T15:18:30,1762940910000,55,,hybrid,1021.784264024142,1030.3817091102533,1037.1085280232135
2025-11-12T14:23:30,1762937610000,BANKNIFTY,2025-11-12T15:19:30,1762940970000,56,,hybrid,1019.5800721244434,1029.7436311044155,1037.794074873324
2025-11-12T14:23:30,1762937610000,BANKNIFTY,2025-11-12T15:20:30,1762941030000,57,,hybrid,1019.628575208532,1030.2786611441982,1038.9494077033764
2025-11-12T14:23:30,1762937610000,BANKNIFTY,2025-11-12T15:21:30,1762941090000,58,,hybrid,1018.7963527921281,1027.7735894385332,1035.477117676443
2025-11-12T14:23:30,1762937610000,BANKNIFTY,2025-11-12T15:22:30,1762941150000,59,,hybrid,1018.5958399018201,1027.755306919428,1034.3001592379276
2025-11-12T14:23:30,1762937610000,BANKNIFTY,2025-11-12T15:23:30,1762941210000,60,,hybrid,1019.3339789268215,1030.6798474261595,1036.9595658523406
2025-11-12T14:23:30,1762937610000,BANKNIFTY,2025-11-12T14:24:30,1762937670000,1,,hybrid,1026.9531665969844,1031.15,1036.962331871017
2025-11-12T14:23:30,1762937610000,BANKNIFTY,2025-11-12T14:25:30,1762937730000,2,,hybrid,1026.627998602734,1031.7883812121975,1037.2845339559797
2025-11-12T14:23:30,1762937610000,BANKNIFTY,2025-11-12T14:26:30,1762937790000,3,,hybrid,1022.1018088945933,1034.7205468667066,1040.748959788324
2025-11-12T14:23:30,1762937610000,BANKNIFTY,2025-11-12T14:27:30,1762937850000,4,,hybrid,1022.9344068550447,1030.2504968411126,1040.8155786158331
2025-11-12T14:23:30,1762937610000,BANKNIFTY,2025-11-12T14:28:30,1762937910000,5,,hybrid,1025.5671847835638,1032.9863476287255,1043.5941306445397
2025-11-12T14:23:30,1762937610000,BANKNIFTY,2025-11-12T14:29:30,1762937970000,6,,hybrid,1028.235233585547,1034.7408105792645,1037.9124075814404
2025-11-12T14:23:30,1762937610000,BANKNIFTY,2025-11-12T14:30:30,1762938030000,7,,hybrid,1022.5238050933683,1031.0080707161974,1038.6228034979094
2025-11-12T14:23:30,1762937610000,BANKNIFTY,2025-11-12T14:31:30,1762938090000,8,,hybrid,1019.7383890975788,1027.7724604662626,1034.955305898863
2025-11-12T14:23:30,1762937610000,BANKNIFTY,2025-11-12T14:32:30,1762938150000,9,,hybrid,1023.0588183547867,1028.595426436556,1035.4243926374302
2025-11-12T14:23:30,1762937610000,BANKNIFTY,2025-11-12T14:33:30,1762938210000,10,,hybrid,1024.7469175454598,1029.342383372516,1035.3855582311776
2025-11-12T14:23:30,1762937610000,BANKNIFTY,2025-11-12T14:34:30,1762938270000,11,,hybrid,1022.9763743975589,1029.9228619279152,1036.2578743922102
2025-11-12T14:23:30,1762937610000,BANKNIFTY,2025-11-12T14:35:30,1762938330000,12,,hybrid,1023.7518087251242,1029.786683069889,1037.8600812144616
2025-11-12T14:23:30,1762937610000,BANKNIFTY,2025-11-12T14:36:30,1762938390000,13,,hybrid,1022.705410710128,1029.297467747351,1038.0483721781156
2025-11-12T14:23:30,1762937610000,BANKNIFTY,2025-11-12T14:37:30,1762938450000,14,,hybrid,1023.9947486361234,1029.8173864422379,1036.2053288881739
2025-11-12T14:23:30,1762937610000,BANKNIFTY,2025-11-12T14:38:30,1762938510000,15,,hybrid,1024.0467269761223,1029.6784174908166,1037.5288199069003
2025-11-12T14:23:30,1762937610000,BANKNIFTY,2025-11-12T14:39:30,1762938570000,16,,hybrid,1025.0944285688,1030.9339741793067,1037.6160070804349
2025-11-12T14:23:30,1762937610000,BANKNIFTY,2025-11-12T14:40:30,1762938630000,17,,hybrid,1025.5914761927108,1032.1727633662456,1040.6018065276091
2025-11-12T14:23:30,1762937610000,BANKNIFTY,2025-11-12T14:41:30,1762938690000,18,,hybrid,1023.7640326314977,1030.1218260857906,1039.1638402615815
2025-11-12T14:23:30,1762937610000,BANKNIFTY,2025-11-12T14:42:30,1762938750000,19,,hybrid,1024.5859753549087,1031.3706704862582,1041.572398177819
2025-11-12T14:23:30,1762937610000,BANKNIFTY,2025-11-12T14:43:30,1762938810000,20,,hybrid,1022.1625773235911,1028.226080101043,1040.755819400168
2025-11-12T14:23:30,1762937610000,BANKNIFTY,2025-11-12T14:44:30,1762938870000,21,,hybrid,1023.1784417861447,1030.562742317344,1038.625135508013
2025-11-12T14:23:30,1762937610000,BANKNIFTY,2025-11-12T14:45:30,1762938930000,22,,hybrid,1022.410930773918,1030.5806368172057,1039.8028767578783
2025-11-12T14:23:30,1762937610000,BANKNIFTY,2025-11-12T14:46:30,1762938990000,23,,hybrid,1021.5807822133933,1029.2311429217107,1039.084997279024
2025-11-12T14:23:30,1762937610000,BANKNIFTY,2025-11-12T14:47:30,1762939050000,24,,hybrid,1021.6478845806249,1028.673083675143,1040.3015567137631
2025-11-12T14:23:30,1762937610000,BANKNIFTY,2025-11-12T14:48:30,1762939110000,25,,hybrid,1021.6217352326366,1029.3804905940522,1038.12331768033
2025-11-12T14:23:30,1762937610000,BANKNIFTY,2025-11-12T14:49:30,1762939170000,26,,hybrid,1022.171565761153,1029.846227825203,1039.4178180752372
2025-11-12T14:23:30,1762937610000,BANKNIFTY,2025-11-12T14:50:30,1762939230000,27,,hybrid,1022.0416753277058,1028.8227766988452,1041.2055369760412
2025-11-12T14:23:30,1762937610000,BANKNIFTY,2025-11-12T14:51:30,1762939290000,28,,hybrid,1020.9672562159827,1027.8902780075741,1040.585029747703
2025-11-12T14:23:30,1762937610000,BANKNIFTY,2025-11-12T14:52:30,1762939350000,29,,hybrid,1021.1724973427323,1027.6051689227852,1041.1683963875782
2025-11-12T14:23:30,1762937610000,BANKNIFTY,2025-11-12T14:53:30,1762939410000,30,,hybrid,1020.1514232452973,1026.9127116626903,1038.7620548540858
2025-11-12T14:23:30,1762937610000,BANKNIFTY,2025-11-12T14:54:30,1762939470000,31,,hybrid,1021.7474120437909,1029.032590318965,1040.4817280325283
2025-11-12T14:23:30,1762937610000,BANKNIFTY,2025-11-12T14:55:30,1762939530000,32,,hybrid,1019.3063076454084,1027.897070497065,1039.1675907086467
2025-11-12T14:23:30,1762937610000,BANKNIFTY,2025-11-12T14:56:30,1762939590000,33,,hybrid,1020.0067466855664,1028.9317098402673,1039.362739636723
2025-11-12T14:23:30,1762937610000,BANKNIFTY,2025-11-12T14:57:30,1762939650000,34,,hybrid,1020.1268949853905,1026.7316253501804,1040.0352885579352
2025-11-12T14:23:30,1762937610000,BANKNIFTY,2025-11-12T14:58:30,1762939710000,35,,hybrid,1020.6741774793675,1027.0671262094004,1039.5697357418146
2025-11-12T14:23:30,1762937610000,BANKNIFTY,2025-11-12T14:59:30,1762939770000,36,,hybrid,1019.0671734527983,1026.249688157124,1037.809343582016
2025-11-12T14:23:30,1762937610000,BANKNIFTY,2025-11-12T15:00:30,1762939830000,37,,hybrid,1018.3144209086339,1026.9786402771626,1037.8788917320314
2025-11-12T14:23:30,1762937610000,BANKNIFTY,2025-11-12T15:01:30,1762939890000,38,,hybrid,1018.7107248366093,1025.9692904742656,1038.9707303468997
2025-11-12T14:23:30,1762937610000,BANKNIFTY,2025-11-12T15:02:30,1762939950000,39,,hybrid,1022.0381569397637,1031.0279166242144,1040.8228377153946
2025-11-12T14:23:30,1762937610000,BANKNIFTY,2025-11-12T15:03:30,1762940010000,40,,hybrid,1018.1771870795229,1028.675853117086,1038.5283061876528
2025-11-12T14:23:30,1762937610000,BANKNIFTY,2025-11-12T15:04:30,1762940070000,41,,hybrid,1018.4650849465629,1029.4755921079998,1040.584095344035
2025-11-12T14:23:30,1762937610000,BANKNIFTY,2025-11-12T15:05:30,1762940130000,42,,hybrid,1020.8457719482457,1026.2684878895252,1037.64192396357
2025-11-12T14:23:30,1762937610000,BANKNIFTY,2025-11-12T15:06:30,1762940190000,43,,hybrid,1020.1903959778557,1026.6632646469636,1034.8435994526362
2025-11-12T14:23:30,1762937610000,BANKNIFTY,2025-11-12T15:07:30,1762940250000,44,,hybrid,1019.697514553718,1024.933947347765,1034.0404330654426
2025-11-12T14:23:30,1762937610000,BANKNIFTY,2025-11-12T15:08:30,1762940310000,45,,hybrid,1020.2963479813287,1029.303527649045,1036.4266018753556
2025-11-12T14:23:30,1762937610000,BANKNIFTY,2025-11-12T15:09:30,1762940370000,46,,hybrid,1020.564048996214,1029.5705784954023,1035.5556524678325
2025-11-12T14:23:30,1762937610000,BANKNIFTY,2025-11-12T15:10:30,1762940430000,47,,hybrid,1021.6522098406145,1030.7430834768136,1036.552316527059
2025-11-12T14:23:30,1762937610000,BANKNIFTY,2025-11-12T15:11:30,1762940490000,48,,hybrid,1021.6231697415753,1030.6308204142997,1037.0637806739178
2025-11-12T14:23:30,1762937610000,BANKNIFTY,2025-11-12T15:12:30,1762940550000,49,,hybrid,1022.5494152759644,1030.507321215819,1035.8617244226627
2025-11-12T14:23:30,1762937610000,BANKNIFTY,2025-11-12T15:13:30,1762940610000,50,,hybrid,1022.025562557574,1029.649485415775,1034.424751008809
2025-11-12T14:23:30,1762937610000,BANKNIFTY,2025-11-12T15:14:30,1762940670000,51,,hybrid,1022.2900805148977,1029.305071500552,1034.808517153419
2025-11-12T14:23:30,1762937610000,BANKNIFTY,2025-11-12T15:15:30,1762940730000,52,,hybrid,1022.0944181336125,1030.0061557270014,1037.2881045683223
2025-11-12T14:23:30,1762937610000,BANKNIFTY,2025-11-12T15:16:30,1762940790000,53,,hybrid,1022.6174097711531,1029.8509765838648,1037.0424051448344
2025-11-12T14:23:30,1762937610000,BANKNIFTY,2025-11-12T15:17:30,1762940850000,54,,hybrid,1021.6904615913279,1030.815424556937,1036.1381148287219
2025-11-12T14:23:30,1762937610000,BANKNIFTY,2025-11-12T15:18:30,1762940910000,55,,hybrid,1021.784264024142,1030.3817091102533,1037.1085280232135
2025-11-12T14:23:30,1762937610000,BANKNIFTY,2025-11-12T15:19:30,1762940970000,56,,hybrid,1019.5800721244434,1029.7436311044155,1037.794074873324
2025-11-12T14:23:30,1762937610000,BANKNIFTY,2025-11-12T15:20:30,1762941030000,57,,hybrid,1019.628575208532,1030.2786611441982,1038.9494077033764
2025-11-12T14:23:30,1762937610000,BANKNIFTY,2025-11-12T15:21:30,1762941090000,58,,hybrid,1018.7963527921281,1027.7735894385332,1035.477117676443
2025-11-12T14:23:30,1762937610000,BANKNIFTY,2025-11-12T15:22:30,1762941150000,59,,hybrid,1018.5958399018201,1027.755306919428,1034.3001592379276
2025-11-12T14:23:30,1762937610000,BANKNIFTY,2025-11-12T15:23:30,1762941210000,60,,hybrid,1019.3339789268215,1030.6798474261595,1036.9595658523406
2025-11-12T14:25:00,1762937700000,BANKNIFTY,2025-11-12T14:26:00,1762937760000,1,optimized,hybrid,1008.8233097099608,1014.2,1020.6176882114025
2025-11-12T14:25:00,1762937700000,BANKNIFTY,2025-11-12T14:27:00,1762937820000,2,optimized,hybrid,1008.8839154707177,1015.0861482098976,1020.7978120153587
2025-11-12T14:25:00,1762937700000,BANKNIFTY,2025-11-12T14:28:00,1762937880000,3,optimized,hybrid,1002.5462205824545,1016.9364253953347,1024.50867011956
2025-11-12T14:25:00,1762937700000,BANKNIFTY,2025-11-12T14:29:00,1762937940000,4,optimized,hybrid,1004.8667590262085,1013.360549635503,1024.9973215186674
2025-11-12T14:25:00,1762937700000,BANKNIFTY,2025-11-12T14:30:00,1762938000000,5,optimized,hybrid,1007.9429153660394,1016.0509123133841,1026.662730405126
2025-11-12T14:25:00,1762937700000,BANKNIFTY,2025-11-12T14:31:00,1762938060000,6,optimized,hybrid,1010.9899329610604,1017.4361251950434,1021.193696295854
2025-11-12T14:25:00,1762937700000,BANKNIFTY,2025-11-12T14:32:00,1762938120000,7,optimized,hybrid,1005.5733633997419,1014.8139252026563,1021.8899113743296
2025-11-12T14:25:00,1762937700000,BANKNIFTY,2025-11-12T14:33:00,1762938180000,8,optimized,hybrid,1002.0923645255352,1010.4805021439952,1018.3851863610162
2025-11-12T14:25:00,1762937700000,BANKNIFTY,2025-11-12T14:34:00,1762938240000,9,optimized,hybrid,1005.8374675125863,1012.0724521802877,1018.7654814655756
2025-11-12T14:25:00,1762937700000,BANKNIFTY,2025-11-12T14:35:00,1762938300000,10,optimized,hybrid,1006.6043498369188,1011.8184438124074,1018.6907376286408
2025-11-12T14:25:00,1762937700000,BANKNIFTY,2025-11-12T14:36:00,1762938360000,11,optimized,hybrid,1006.113758787431,1014.0770123364373,1020.8437650791252
2025-11-12T14:25:00,1762937700000,BANKNIFTY,2025-11-12T14:37:00,1762938420000,12,optimized,hybrid,1007.1147442868703,1013.7462957869459,1021.8573479566178
2025-11-12T14:25:00,1762937700000,BANKNIFTY,2025-11-12T14:38:00,1762938480000,13,optimized,hybrid,1006.3409243352577,1013.5609190320054,1025.890543640859
2025-11-12T14:25:00,1762937700000,BANKNIFTY,2025-11-12T14:39:00,1762938540000,14,optimized,hybrid,1007.3001603695815,1013.8322298912519,1021.2632673025075
2025-11-12T14:25:00,1762937700000,BANKNIFTY,2025-11-12T14:40:00,1762938600000,15,optimized,hybrid,1006.2477083146395,1012.2604754689169,1021.9858441089294
2025-11-12T14:25:00,1762937700000,BANKNIFTY,2025-11-12T14:41:00,1762938660000,16,optimized,hybrid,1007.3513639987058,1013.4109276444228,1020.0655958645219
2025-11-12T14:25:00,1762937700000,BANKNIFTY,2025-11-12T14:42:00,1762938720000,17,optimized,hybrid,1006.9957633881445,1014.4121486881218,1022.6864143320566
2025-11-12T14:25:00,1762937700000,BANKNIFTY,2025-11-12T14:43:00,1762938780000,18,optimized,hybrid,1006.1955921605569,1012.9530575911742,1022.7274556332695
2025-11-12T14:25:00,1762937700000,BANKNIFTY,2025-11-12T14:44:00,1762938840000,19,optimized,hybrid,1007.2719768177275,1014.5384915609766,1024.6968691966972
2025-11-12T14:25:00,1762937700000,BANKNIFTY,2025-11-12T14:45:00,1762938900000,20,optimized,hybrid,1005.7183350313976,1012.0990455649755,1024.6675119824333
2025-11-12T14:25:00,1762937700000,BANKNIFTY,2025-11-12T14:46:00,1762938960000,21,optimized,hybrid,1006.7104021727087,1014.1995742273762,1025.5930605824517
2025-11-12T14:25:00,1762937700000,BANKNIFTY,2025-11-12T14:47:00,1762939020000,22,optimized,hybrid,1005.2652420813215,1014.0038081097898,1025.977537412541
2025-11-12T14:25:00,1762937700000,BANKNIFTY,2025-11-12T14:48:00,1762939080000,23,optimized,hybrid,1003.67064480891,1011.7924138529536,1022.8135241462097
2025-11-12T14:25:00,1762937700000,BANKNIFTY,2025-11-12T14:49:00,1762939140000,24,optimized,hybrid,1003.3709464452969,1010.4193030133135,1022.3542540127262
2025-11-12T14:25:00,1762937700000,BANKNIFTY,2025-11-12T14:50:00,1762939200000,25,optimized,hybrid,1003.9868368073685,1011.979471263737,1020.7202239521057
2025-11-12T14:25:00,1762937700000,BANKNIFTY,2025-11-12T14:51:00,1762939260000,26,optimized,hybrid,1005.2563722390438,1013.149672089826,1024.2424187209967
2025-11-12T14:25:00,1762937700000,BANKNIFTY,2025-11-12T14:52:00,1762939320000,27,optimized,hybrid,1004.9215901904513,1013.1072475303024,1023.8755361360697
2025-11-12T14:25:00,1762937700000,BANKNIFTY,2025-11-12T14:53:00,1762939380000,28,optimized,hybrid,1004.5116176401287,1011.7367726388502,1023.8935433804098
2025-11-12T14:25:00,1762937700000,BANKNIFTY,2025-11-12T14:54:00,1762939440000,29,optimized,hybrid,1004.0920779820556,1010.3878226369152,1023.8923907607247
2025-11-12T14:25:00,1762937700000,BANKNIFTY,2025-11-12T14:55:00,1762939500000,30,optimized,hybrid,1004.5951377633496,1011.3829970214151,1022.8833844111009
2025-11-12T14:25:00,1762937700000,BANKNIFTY,2025-11-12T14:56:00,1762939560000,31,optimized,hybrid,1005.6958155580477,1015.3127445686046,1024.4987186644482
2025-11-12T14:25:00,1762937700000,BANKNIFTY,2025-11-12T14:57:00,1762939620000,32,optimized,hybrid,1003.5495609490088,1014.6862861475374,1023.2706624996171
2025-11-12T14:25:00,1762937700000,BANKNIFTY,2025-11-12T14:58:00,1762939680000,33,optimized,hybrid,1003.6469808944911,1013.6590886972626,1022.9267452589618
2025-11-12T14:25:00,1762937700000,BANKNIFTY,2025-11-12T14:59:00,1762939740000,34,optimized,hybrid,1003.2506099098429,1010.4196131065391,1023.4954742354221
2025-11-12T14:25:00,1762937700000,BANKNIFTY,2025-11-12T15:00:00,1762939800000,35,optimized,hybrid,1004.8516031185394,1014.9486367755183,1024.4984966917464
2025-11-12T14:25:00,1762937700000,BANKNIFTY,2025-11-12T15:01:00,1762939860000,36,optimized,hybrid,1001.5787145678307,1008.8674199081966,1020.3925564383662
2025-11-12T14:25:00,1762937700000,BANKNIFTY,2025-11-12T15:02:00,1762939920000,37,optimized,hybrid,1000.2399472384127,1010.2002962923668,1020.7401713815866
2025-11-12T14:25:00,1762937700000,BANKNIFTY,2025-11-12T15:03:00,1762939980000,38,optimized,hybrid,1001.4803214906271,1009.12187490971,1021.978094230142
2025-11-12T14:25:00,1762937700000,BANKNIFTY,2025-11-12T15:04:00,1762940040000,39,optimized,hybrid,1003.8752337358363,1013.3637055137235,1022.9955663398341
2025-11-12T14:25:00,1762937700000,BANKNIFTY,2025-11-12T15:05:00,1762940100000,40,optimized,hybrid,999.8607313021062,1012.0274256841287,1021.5368082951583
2025-11-12T14:25:00,1762937700000,BANKNIFTY,2025-11-12T15:06:00,1762940160000,41,optimized,hybrid,1000.0724144705044,1011.374362992379,1022.1121403138532
2025-11-12T14:25:00,1762937700000,BANKNIFTY,2025-11-12T15:07:00,1762940220000,42,optimized,hybrid,1004.0307991942118,1009.8145915706725,1021.5769007605484
2025-11-12T14:25:00,1762937700000,BANKNIFTY,2025-11-12T15:08:00,1762940280000,43,optimized,hybrid,1003.4554721387883,1010.7156225550887,1018.8863335532898
2025-11-12T14:25:00,1762937700000,BANKNIFTY,2025-11-12T15:09:00,1762940340000,44,optimized,hybrid,1002.7799791535867,1007.9936765922537,1018.610238596209
2025-11-12T14:25:00,1762937700000,BANKNIFTY,2025-11-12T15:10:00,1762940400000,45,optimized,hybrid,1003.7922927120834,1013.3633961791443,1020.8360224012874
2025-11-12T14:25:00,1762937700000,BANKNIFTY,2025-11-12T15:11:00,1762940460000,46,optimized,hybrid,1003.73014382633,1012.8969187902983,1020.1552020875349
2025-11-12T14:25:00,1762937700000,BANKNIFTY,2025-11-12T15:12:00,1762940520000,47,optimized,hybrid,1004.9332672566356,1014.1111510147405,1019.4262779653584
2025-11-12T14:25:00,1762937700000,BANKNIFTY,2025-11-12T15:13:00,1762940580000,48,optimized,hybrid,1004.5102383796119,1013.2949583925574,1021.8945802759567
2025-11-12T14:25:00,1762937700000,BANKNIFTY,2025-11-12T15:14:00,1762940640000,49,optimized,hybrid,1005.5901564796645,1013.472350676494,1019.5908272874956
2025-11-12T14:25:00,1762937700000,BANKNIFTY,2025-11-12T15:15:00,1762940700000,50,optimized,hybrid,1005.6623467900274,1013.2422019396663,1018.245230398975
2025-11-12T14:25:00,1762937700000,BANKNIFTY,2025-11-12T15:16:00,1762940760000,51,optimized,hybrid,1005.8927561706586,1012.925020989572,1021.1378392555956
2025-11-12T14:25:00,1762937700000,BANKNIFTY,2025-11-12T15:17:00,1762940820000,52,optimized,hybrid,1005.458113173882,1013.1368155790997,1022.5812288369425
2025-11-12T14:25:00,1762937700000,BANKNIFTY,2025-11-12T15:18:00,1762940880000,53,optimized,hybrid,1005.4842935181564,1012.714362223187,1022.946000123532
2025-11-12T14:25:00,1762937700000,BANKNIFTY,2025-11-12T15:19:00,1762940940000,54,optimized,hybrid,1004.7500347216021,1013.9911420794044,1021.4160768138848
2025-11-12T14:25:00,1762937700000,BANKNIFTY,2025-11-12T15:20:00,1762941000000,55,optimized,hybrid,1005.1018809916271,1014.0077632931627,1021.5789143382008
2025-11-12T14:25:00,1762937700000,BANKNIFTY,2025-11-12T15:21:00,1762941060000,56,optimized,hybrid,1003.4686753174742,1015.1876355751808,1023.3576262312296
2025-11-12T14:25:00,1762937700000,BANKNIFTY,2025-11-12T15:22:00,1762941120000,57,optimized,hybrid,1002.6986740769447,1013.6866413157159,1025.076633529243
2025-11-12T14:25:00,1762937700000,BANKNIFTY,2025-11-12T15:23:00,1762941180000,58,optimized,hybrid,1002.2811258918722,1012.8181584893819,1019.730049404125
2025-11-12T14:25:00,1762937700000,BANKNIFTY,2025-11-12T15:24:00,1762941240000,59,optimized,hybrid,1003.0794619574923,1013.342127984879,1019.1755227844666
2025-11-12T14:25:00,1762937700000,BANKNIFTY,2025-11-12T15:25:00,1762941300000,60,optimized,hybrid,1003.7255759047735,1014.9435676221658,1023.1802551731025
2025-11-12T14:25:00,1762937700000,BANKNIFTY,2025-11-12T14:26:00,1762937760000,1,optimized,hybrid,1008.8233097099608,1014.2,1020.6176882114025
2025-11-12T14:25:00,1762937700000,BANKNIFTY,2025-11-12T14:27:00,1762937820000,2,optimized,hybrid,1008.8839154707177,1015.0861482098976,1020.7978120153587
2025-11-12T14:25:00,1762937700000,BANKNIFTY,2025-11-12T14:28:00,1762937880000,3,optimized,hybrid,1002.5462205824545,1016.9364253953347,1024.50867011956
2025-11-12T14:25:00,1762937700000,BANKNIFTY,2025-11-12T14:29:00,1762937940000,4,optimized,hybrid,1004.8667590262085,1013.360549635503,1024.9973215186674
2025-11-12T14:25:00,1762937700000,BANKNIFTY,2025-11-12T14:30:00,1762938000000,5,optimized,hybrid,1007.9429153660394,1016.0509123133841,1026.662730405126
2025-11-12T14:25:00,1762937700000,BANKNIFTY,2025-11-12T14:31:00,1762938060000,6,optimized,hybrid,1010.9899329610604,1017.4361251950434,1021.193696295854
2025-11-12T14:25:00,1762937700000,BANKNIFTY,2025-11-12T14:32:00,1762938120000,7,optimized,hybrid,1005.5733633997419,1014.8139252026563,1021.8899113743296
2025-11-12T14:25:00,1762937700000,BANKNIFTY,2025-11-12T14:33:00,1762938180000,8,optimized,hybrid,1002.0923645255352,1010.4805021439952,1018.3851863610162
2025-11-12T14:25:00,1762937700000,BANKNIFTY,2025-11-12T14:34:00,1762938240000,9,optimized,hybrid,1005.8374675125863,1012.0724521802877,1018.7654814655756
2025-11-12T14:25:00,1762937700000,BANKNIFTY,2025-11-12T14:35:00,1762938300000,10,optimized,hybrid,1006.6043498369188,1011.8184438124074,1018.6907376286408
2025-11-12T14:25:00,1762937700000,BANKNIFTY,2025-11-12T14:36:00,1762938360000,11,optimized,hybrid,1006.113758787431,1014.0770123364373,1020.8437650791252
2025-11-12T14:25:00,1762937700000,BANKNIFTY,2025-11-12T14:37:00,1762938420000,12,optimized,hybrid,1007.1147442868703,1013.7462957869459,1021.8573479566178
2025-11-12T14:25:00,1762937700000,BANKNIFTY,2025-11-12T14:38:00,1762938480000,13,optimized,hybrid,1006.3409243352577,1013.5609190320054,1025.890543640859
2025-11-12T14:25:00,1762937700000,BANKNIFTY,2025-11-12T14:39:00,1762938540000,14,optimized,hybrid,1007.3001603695815,1013.8322298912519,1021.2632673025075
2025-11-12T14:25:00,1762937700000,BANKNIFTY,2025-11-12T14:40:00,1762938600000,15,optimized,hybrid,1006.2477083146395,1012.2604754689169,1021.9858441089294
2025-11-12T14:25:00,1762937700000,BANKNIFTY,2025-11-12T14:41:00,1762938660000,16,optimized,hybrid,1007.3513639987058,1013.4109276444228,1020.0655958645219
2025-11-12T14:25:00,1762937700000,BANKNIFTY,2025-11-12T14:42:00,1762938720000,17,optimized,hybrid,1006.9957633881445,1014.4121486881218,1022.6864143320566
2025-11-12T14:25:00,1762937700000,BANKNIFTY,2025-11-12T14:43:00,1762938780000,18,optimized,hybrid,1006.1955921605569,1012.9530575911742,1022.7274556332695
2025-11-12T14:25:00,1762937700000,BANKNIFTY,2025-11-12T14:44:00,1762938840000,19,optimized,hybrid,1007.2719768177275,1014.5384915609766,1024.6968691966972
2025-11-12T14:25:00,1762937700000,BANKNIFTY,2025-11-12T14:45:00,1762938900000,20,optimized,hybrid,1005.7183350313976,1012.0990455649755,1024.6675119824333
2025-11-12T14:25:00,1762937700000,BANKNIFTY,2025-11-12T14:46:00,1762938960000,21,optimized,hybrid,1006.7104021727087,1014.1995742273762,1025.5930605824517
2025-11-12T14:25:00,1762937700000,BANKNIFTY,2025-11-12T14:47:00,1762939020000,22,optimized,hybrid,1005.2652420813215,1014.0038081097898,1025.977537412541
2025-11-12T14:25:00,1762937700000,BANKNIFTY,2025-11-12T14:48:00,1762939080000,23,optimized,hybrid,1003.67064480891,1011.7924138529536,1022.8135241462097
2025-11-12T14:25:00,1762937700000,BANKNIFTY,2025-11-12T14:49:00,1762939140000,24,optimized,hybrid,1003.3709464452969,1010.4193030133135,1022.3542540127262
2025-11-12T14:25:00,1762937700000,BANKNIFTY,2025-11-12T14:50:00,1762939200000,25,optimized,hybrid,1003.9868368073685,1011.979471263737,1020.7202239521057
2025-11-12T14:25:00,1762937700000,BANKNIFTY,2025-11-12T14:51:00,1762939260000,26,optimized,hybrid,1005.2563722390438,1013.149672089826,1024.2424187209967
2025-11-12T14:25:00,1762937700000,BANKNIFTY,2025-11-12T14:52:00,1762939320000,27,optimized,hybrid,1004.9215901904513,1013.1072475303024,1023.8755361360697
2025-11-12T14:25:00,1762937700000,BANKNIFTY,2025-11-12T14:53:00,1762939380000,28,optimized,hybrid,1004.5116176401287,1011.7367726388502,1023.8935433804098
2025-11-12T14:25:00,1762937700000,BANKNIFTY,2025-11-12T14:54:00,1762939440000,29,optimized,hybrid,1004.0920779820556,1010.3878226369152,1023.8923907607247
2025-11-12T14:25:00,1762937700000,BANKNIFTY,2025-11-12T14:55:00,1762939500000,30,optimized,hybrid,1004.5951377633496,1011.3829970214151,1022.8833844111009
2025-11-12T14:25:00,1762937700000,BANKNIFTY,2025-11-12T14:56:00,1762939560000,31,optimized,hybrid,1005.6958155580477,1015.3127445686046,1024.4987186644482
2025-11-12T14:25:00,1762937700000,BANKNIFTY,2025-11-12T14:57:00,1762939620000,32,optimized,hybrid,1003.5495609490088,1014.6862861475374,1023.2706624996171
2025-11-12T14:25:00,1762937700000,BANKNIFTY,2025-11-12T14:58:00,1762939680000,33,optimized,hybrid,1003.6469808944911,1013.6590886972626,1022.9267452589618
2025-11-12T14:25:00,1762937700000,BANKNIFTY,2025-11-12T14:59:00,1762939740000,34,optimized,hybrid,1003.2506099098429,1010.4196131065391,1023.4954742354221
2025-11-12T14:25:00,1762937700000,BANKNIFTY,2025-11-12T15:00:00,1762939800000,35,optimized,hybrid,1004.8516031185394,1014.9486367755183,1024.4984966917464
2025-11-12T14:25:00,1762937700000,BANKNIFTY,2025-11-12T15:01:00,1762939860000,36,optimized,hybrid,1001.5787145678307,1008.8674199081966,1020.3925564383662
2025-11-12T14:25:00,1762937700000,BANKNIFTY,2025-11-12T15:02:00,1762939920000,37,optimized,hybrid,1000.2399472384127,1010.2002962923668,1020.7401713815866
2025-11-12T14:25:00,1762937700000,BANKNIFTY,2025-11-12T15:03:00,1762939980000,38,optimized,hybrid,1001.4803214906271,1009.12187490971,1021.978094230142
2025-11-12T14:25:00,1762937700000,BANKNIFTY,2025-11-12T15:04:00,1762940040000,39,optimized,hybrid,1003.8752337358363,1013.3637055137235,1022.9955663398341
2025-11-12T14:25:00,1762937700000,BANKNIFTY,2025-11-12T15:05:00,1762940100000,40,optimized,hybrid,999.8607313021062,1012.0274256841287,1021.5368082951583
2025-11-12T14:25:00,1762937700000,BANKNIFTY,2025-11-12T15:06:00,1762940160000,41,optimized,hybrid,1000.0724144705044,1011.374362992379,1022.1121403138532
2025-11-12T14:25:00,1762937700000,BANKNIFTY,2025-11-12T15:07:00,1762940220000,42,optimized,hybrid,1004.0307991942118,1009.8145915706725,1021.5769007605484
2025-11-12T14:25:00,1762937700000,BANKNIFTY,2025-11-12T15:08:00,1762940280000,43,optimized,hybrid,1003.4554721387883,1010.7156225550887,1018.8863335532898
2025-11-12T14:25:00,1762937700000,BANKNIFTY,2025-11-12T15:09:00,1762940340000,44,optimized,hybrid,1002.7799791535867,1007.9936765922537,1018.610238596209
2025-11-12T14:25:00,1762937700000,BANKNIFTY,2025-11-12T15:10:00,1762940400000,45,optimized,hybrid,1003.7922927120834,1013.3633961791443,1020.8360224012874
2025-11-12T14:25:00,1762937700000,BANKNIFTY,2025-11-12T15:11:00,1762940460000,46,optimized,hybrid,1003.73014382633,1012.8969187902983,1020.1552020875349
2025-11-12T14:25:00,1762937700000,BANKNIFTY,2025-11-12T15:12:00,1762940520000,47,optimized,hybrid,1004.9332672566356,1014.1111510147405,1019.4262779653584
2025-11-12T14:25:00,1762937700000,BANKNIFTY,2025-11-12T15:13:00,1762940580000,48,optimized,hybrid,1004.5102383796119,1013.2949583925574,1021.8945802759567
2025-11-12T14:25:00,1762937700000,BANKNIFTY,2025-11-12T15:14:00,1762940640000,49,optimized,hybrid,1005.5901564796645,1013.472350676494,1019.5908272874956
2025-11-12T14:25:00,1762937700000,BANKNIFTY,2025-11-12T15:15:00,1762940700000,50,optimized,hybrid,1005.6623467900274,1013.2422019396663,1018.245230398975
2025-11-12T14:25:00,1762937700000,BANKNIFTY,2025-11-12T15:16:00,1762940760000,51,optimized,hybrid,1005.8927561706586,1012.925020989572,1021.1378392555956
2025-11-12T14:25:00,1762937700000,BANKNIFTY,2025-11-12T15:17:00,1762940820000,52,optimized,hybrid,1005.458113173882,1013.1368155790997,1022.5812288369425
2025-11-12T14:25:00,1762937700000,BANKNIFTY,2025-11-12T15:18:00,1762940880000,53,optimized,hybrid,1005.4842935181564,1012.714362223187,1022.946000123532
2025-11-12T14:25:00,1762937700000,BANKNIFTY,2025-11-12T15:19:00,1762940940000,54,optimized,hybrid,1004.7500347216021,1013.9911420794044,1021.4160768138848
2025-11-12T14:25:00,1762937700000,BANKNIFTY,2025-11-12T15:20:00,1762941000000,55,optimized,hybrid,1005.1018809916271,1014.0077632931627,1021.5789143382008
2025-11-12T14:25:00,1762937700000,BANKNIFTY,2025-11-12T15:21:00,1762941060000,56,optimized,hybrid,1003.4686753174742,1015.1876355751808,1023.3576262312296
2025-11-12T14:25:00,1762937700000,BANKNIFTY,2025-11-12T15:22:00,1762941120000,57,optimized,hybrid,1002.6986740769447,1013.6866413157159,1025.076633529243
2025-11-12T14:25:00,1762937700000,BANKNIFTY,2025-11-12T15:23:00,1762941180000,58,optimized,hybrid,1002.2811258918722,1012.8181584893819,1019.730049404125
2025-11-12T14:25:00,1762937700000,BANKNIFTY,2025-11-12T15:24:00,1762941240000,59,optimized,hybrid,1003.0794619574923,1013.342127984879,1019.1755227844666
2025-11-12T14:25:00,1762937700000,BANKNIFTY,2025-11-12T15:25:00,1762941300000,60,optimized,hybrid,1003.7255759047735,1014.9435676221658,1023.1802551731025
