gen_time_iso,gen_ms,index,mode,alpha,prior_days,k_used,window_used,target_time_iso,target_ms,horizon_min,q50
2025-11-11T09:27:00,1762833420000,BANKNIFTY,retrieval,,,20,180,2025-11-11T09:28:00,1762833480000,1,1184.35
2025-11-11T09:27:00,1762833420000,BANKNIFTY,retrieval,,,20,180,2025-11-11T09:29:00,1762833540000,2,1184.35
2025-11-11T09:27:00,1762833420000,BANKNIFTY,retrieval,,,20,180,2025-11-11T09:30:00,1762833600000,3,1184.35
2025-11-11T09:27:00,1762833420000,BANKNIFTY,retrieval,,,20,180,2025-11-11T09:31:00,1762833660000,4,1184.35
2025-11-11T09:27:00,1762833420000,BANKNIFTY,retrieval,,,20,180,2025-11-11T09:32:00,1762833720000,5,1184.35
2025-11-11T09:27:00,1762833420000,BANKNIFTY,retrieval,,,20,180,2025-11-11T09:33:00,1762833780000,6,1184.35
2025-11-11T09:27:00,1762833420000,BANKNIFTY,retrieval,,,20,180,2025-11-11T09:34:00,1762833840000,7,1184.35
2025-11-11T09:27:00,1762833420000,BANKNIFTY,retrieval,,,20,180,2025-11-11T09:35:00,1762833900000,8,1184.35
2025-11-11T09:27:00,1762833420000,BANKNIFTY,retrieval,,,20,180,2025-11-11T09:36:00,1762833960000,9,1184.35
2025-11-11T09:27:00,1762833420000,BANKNIFTY,retrieval,,,20,180,2025-11-11T09:37:00,1762834020000,10,1184.35
2025-11-11T09:27:00,1762833420000,BANKNIFTY,retrieval,,,20,180,2025-11-11T09:38:00,1762834080000,11,1184.35
2025-11-11T09:27:00,1762833420000,BANKNIFTY,retrieval,,,20,180,2025-11-11T09:39:00,1762834140000,12,1184.35
2025-11-11T09:27:00,1762833420000,BANKNIFTY,retrieval,,,20,180,2025-11-11T09:40:00,1762834200000,13,1184.35
2025-11-11T09:27:00,1762833420000,BANKNIFTY,retrieval,,,20,180,2025-11-11T09:41:00,1762834260000,14,1184.35
2025-11-11T09:27:00,1762833420000,BANKNIFTY,retrieval,,,20,180,2025-11-11T09:42:00,1762834320000,15,1184.35
2025-11-11T09:27:00,1762833420000,BANKNIFTY,retrieval,,,20,180,2025-11-11T09:43:00,1762834380000,16,1184.35
2025-11-11T09:27:00,1762833420000,BANKNIFTY,retrieval,,,20,180,2025-11-11T09:44:00,1762834440000,17,1184.35
2025-11-11T09:27:00,1762833420000,BANKNIFTY,retrieval,,,20,180,2025-11-11T09:45:00,1762834500000,18,1184.35
2025-11-11T09:27:00,1762833420000,BANKNIFTY,retrieval,,,20,180,2025-11-11T09:46:00,1762834560000,19,1184.35
2025-11-11T09:27:00,1762833420000,BANKNIFTY,retrieval,,,20,180,2025-11-11T09:47:00,1762834620000,20,1184.35
2025-11-11T09:27:00,1762833420000,BANKNIFTY,retrieval,,,20,180,2025-11-11T09:48:00,1762834680000,21,1184.35
2025-11-11T09:27:00,1762833420000,BANKNIFTY,retrieval,,,20,180,2025-11-11T09:49:00,1762834740000,22,1184.35
2025-11-11T09:27:00,1762833420000,BANKNIFTY,retrieval,,,20,180,2025-11-11T09:50:00,1762834800000,23,1184.35
2025-11-11T09:27:00,1762833420000,BANKNIFTY,retrieval,,,20,180,2025-11-11T09:51:00,1762834860000,24,1184.35
2025-11-11T09:27:00,1762833420000,BANKNIFTY,retrieval,,,20,180,2025-11-11T09:52:00,1762834920000,25,1184.35
2025-11-11T09:27:00,1762833420000,BANKNIFTY,retrieval,,,20,180,2025-11-11T09:53:00,1762834980000,26,1184.35
2025-11-11T09:27:00,1762833420000,BANKNIFTY,retrieval,,,20,180,2025-11-11T09:54:00,1762835040000,27,1184.35
2025-11-11T09:27:00,1762833420000,BANKNIFTY,retrieval,,,20,180,2025-11-11T09:55:00,1762835100000,28,1184.35
2025-11-11T09:27:00,1762833420000,BANKNIFTY,retrieval,,,20,180,2025-11-11T09:56:00,1762835160000,29,1184.35
2025-11-11T09:27:00,1762833420000,BANKNIFTY,retrieval,,,20,180,2025-11-11T09:57:00,1762835220000,30,1184.35
2025-11-11T09:27:00,1762833420000,BANKNIFTY,retrieval,,,20,180,2025-11-11T09:58:00,1762835280000,31,1184.35
2025-11-11T09:27:00,1762833420000,BANKNIFTY,retrieval,,,20,180,2025-11-11T09:59:00,1762835340000,32,1184.35
2025-11-11T09:27:00,1762833420000,BANKNIFTY,retrieval,,,20,180,2025-11-11T10:00:00,1762835400000,33,1184.35
2025-11-11T09:27:00,1762833420000,BANKNIFTY,retrieval,,,20,180,2025-11-11T10:01:00,1762835460000,34,1184.35
2025-11-11T09:27:00,1762833420000,BANKNIFTY,retrieval,,,20,180,2025-11-11T10:02:00,1762835520000,35,1184.35
2025-11-11T09:27:00,1762833420000,BANKNIFTY,retrieval,,,20,180,2025-11-11T10:03:00,1762835580000,36,1184.35
2025-11-11T09:27:00,1762833420000,BANKNIFTY,retrieval,,,20,180,2025-11-11T10:04:00,1762835640000,37,1184.35
2025-11-11T09:27:00,1762833420000,BANKNIFTY,retrieval,,,20,180,2025-11-11T10:05:00,1762835700000,38,1184.35
2025-11-11T09:27:00,1762833420000,BANKNIFTY,retrieval,,,20,180,2025-11-11T10:06:00,1762835760000,39,1184.35
2025-11-11T09:27:00,1762833420000,BANKNIFTY,retrieval,,,20,180,2025-11-11T10:07:00,1762835820000,40,1184.35
2025-11-11T09:27:00,1762833420000,BANKNIFTY,retrieval,,,20,180,2025-11-11T10:08:00,1762835880000,41,1184.35
2025-11-11T09:27:00,1762833420000,BANKNIFTY,retrieval,,,20,180,2025-11-11T10:09:00,1762835940000,42,1184.35
2025-11-11T09:27:00,1762833420000,BANKNIFTY,retrieval,,,20,180,2025-11-11T10:10:00,1762836000000,43,1184.35
2025-11-11T09:27:00,1762833420000,BANKNIFTY,retrieval,,,20,180,2025-11-11T10:11:00,1762836060000,44,1184.35
2025-11-11T09:27:00,1762833420000,BANKNIFTY,retrieval,,,20,180,2025-11-11T10:12:00,1762836120000,45,1184.35
2025-11-11T09:27:00,1762833420000,BANKNIFTY,retrieval,,,20,180,2025-11-11T10:13:00,1762836180000,46,1184.35
2025-11-11T09:27:00,1762833420000,BANKNIFTY,retrieval,,,20,180,2025-11-11T10:14:00,1762836240000,47,1184.35
2025-11-11T09:27:00,1762833420000,BANKNIFTY,retrieval,,,20,180,2025-11-11T10:15:00,1762836300000,48,1184.35
2025-11-11T09:27:00,1762833420000,BANKNIFTY,retrieval,,,20,180,2025-11-11T10:16:00,1762836360000,49,1184.35
2025-11-11T09:27:00,1762833420000,BANKNIFTY,retrieval,,,20,180,2025-11-11T10:17:00,1762836420000,50,1184.35
2025-11-11T09:27:00,1762833420000,BANKNIFTY,retrieval,,,20,180,2025-11-11T10:18:00,1762836480000,51,1184.35
2025-11-11T09:27:00,1762833420000,BANKNIFTY,retrieval,,,20,180,2025-11-11T10:19:00,1762836540000,52,1184.35
2025-11-11T09:27:00,1762833420000,BANKNIFTY,retrieval,,,20,180,2025-11-11T10:20:00,1762836600000,53,1184.35
2025-11-11T09:27:00,1762833420000,BANKNIFTY,retrieval,,,20,180,2025-11-11T10:21:00,1762836660000,54,1184.35
2025-11-11T09:27:00,1762833420000,BANKNIFTY,retrieval,,,20,180,2025-11-11T10:22:00,1762836720000,55,1184.35
2025-11-11T09:27:00,1762833420000,BANKNIFTY,retrieval,,,20,180,2025-11-11T10:23:00,1762836780000,56,1184.35
2025-11-11T09:27:00,1762833420000,BANKNIFTY,retrieval,,,20,180,2025-11-11T10:24:00,1762836840000,57,1184.35
2025-11-11T09:27:00,1762833420000,BANKNIFTY,retrieval,,,20,180,2025-11-11T10:25:00,1762836900000,58,1184.35
2025-11-11T09:27:00,1762833420000,BANKNIFTY,retrieval,,,20,180,2025-11-11T10:26:00,1762836960000,59,1184.35
2025-11-11T09:27:00,1762833420000,BANKNIFTY,retrieval,,,20,180,2025-11-11T10:27:00,1762837020000,60,1184.35
2025-11-11T09:51:30,1762834890000,BANKNIFTY,retrieval,,,20,180,2025-11-11T09:52:30,1762834950000,1,1193.3
2025-11-11T09:51:30,1762834890000,BANKNIFTY,retrieval,,,20,180,2025-11-11T09:53:30,1762835010000,2,1193.3
2025-11-11T09:51:30,1762834890000,BANKNIFTY,retrieval,,,20,180,2025-11-11T09:54:30,1762835070000,3,1193.3
2025-11-11T09:51:30,1762834890000,BANKNIFTY,retrieval,,,20,180,2025-11-11T09:55:30,1762835130000,4,1193.3
2025-11-11T09:51:30,1762834890000,BANKNIFTY,retrieval,,,20,180,2025-11-11T09:56:30,1762835190000,5,1193.3
2025-11-11T09:51:30,1762834890000,BANKNIFTY,retrieval,,,20,180,2025-11-11T09:57:30,1762835250000,6,1193.3
2025-11-11T09:51:30,1762834890000,BANKNIFTY,retrieval,,,20,180,2025-11-11T09:58:30,1762835310000,7,1193.3
2025-11-11T09:51:30,1762834890000,BANKNIFTY,retrieval,,,20,180,2025-11-11T09:59:30,1762835370000,8,1193.3
2025-11-11T09:51:30,1762834890000,BANKNIFTY,retrieval,,,20,180,2025-11-11T10:00:30,1762835430000,9,1193.3
2025-11-11T09:51:30,1762834890000,BANKNIFTY,retrieval,,,20,180,2025-11-11T10:01:30,1762835490000,10,1193.3
2025-11-11T09:51:30,1762834890000,BANKNIFTY,retrieval,,,20,180,2025-11-11T10:02:30,1762835550000,11,1193.3
2025-11-11T09:51:30,1762834890000,BANKNIFTY,retrieval,,,20,180,2025-11-11T10:03:30,1762835610000,12,1193.3
2025-11-11T09:51:30,1762834890000,BANKNIFTY,retrieval,,,20,180,2025-11-11T10:04:30,1762835670000,13,1193.3
2025-11-11T09:51:30,1762834890000,BANKNIFTY,retrieval,,,20,180,2025-11-11T10:05:30,1762835730000,14,1193.3
2025-11-11T09:51:30,1762834890000,BANKNIFTY,retrieval,,,20,180,2025-11-11T10:06:30,1762835790000,15,1193.3
2025-11-11T09:51:30,1762834890000,BANKNIFTY,retrieval,,,20,180,2025-11-11T10:07:30,1762835850000,16,1193.3
2025-11-11T09:51:30,1762834890000,BANKNIFTY,retrieval,,,20,180,2025-11-11T10:08:30,1762835910000,17,1193.3
2025-11-11T09:51:30,1762834890000,BANKNIFTY,retrieval,,,20,180,2025-11-11T10:09:30,1762835970000,18,1193.3
2025-11-11T09:51:30,1762834890000,BANKNIFTY,retrieval,,,20,180,2025-11-11T10:10:30,1762836030000,19,1193.3
2025-11-11T09:51:30,1762834890000,BANKNIFTY,retrieval,,,20,180,2025-11-11T10:11:30,1762836090000,20,1193.3
2025-11-11T09:51:30,1762834890000,BANKNIFTY,retrieval,,,20,180,2025-11-11T10:12:30,1762836150000,21,1193.3
2025-11-11T09:51:30,1762834890000,BANKNIFTY,retrieval,,,20,180,2025-11-11T10:13:30,1762836210000,22,1193.3
2025-11-11T09:51:30,1762834890000,BANKNIFTY,retrieval,,,20,180,2025-11-11T10:14:30,1762836270000,23,1193.3
2025-11-11T09:51:30,1762834890000,BANKNIFTY,retrieval,,,20,180,2025-11-11T10:15:30,1762836330000,24,1193.3
2025-11-11T09:51:30,1762834890000,BANKNIFTY,retrieval,,,20,180,2025-11-11T10:16:30,1762836390000,25,1193.3
2025-11-11T09:51:30,1762834890000,BANKNIFTY,retrieval,,,20,180,2025-11-11T10:17:30,1762836450000,26,1193.3
2025-11-11T09:51:30,1762834890000,BANKNIFTY,retrieval,,,20,180,2025-11-11T10:18:30,1762836510000,27,1193.3
2025-11-11T09:51:30,1762834890000,BANKNIFTY,retrieval,,,20,180,2025-11-11T10:19:30,1762836570000,28,1193.3
2025-11-11T09:51:30,1762834890000,BANKNIFTY,retrieval,,,20,180,2025-11-11T10:20:30,1762836630000,29,1193.3
2025-11-11T09:51:30,1762834890000,BANKNIFTY,retrieval,,,20,180,2025-11-11T10:21:30,1762836690000,30,1193.3
2025-11-11T09:51:30,1762834890000,BANKNIFTY,retrieval,,,20,180,2025-11-11T10:22:30,1762836750000,31,1193.3
2025-11-11T09:51:30,1762834890000,BANKNIFTY,retrieval,,,20,180,2025-11-11T10:23:30,1762836810000,32,1193.3
2025-11-11T09:51:30,1762834890000,BANKNIFTY,retrieval,,,20,180,2025-11-11T10:24:30,1762836870000,33,1193.3
2025-11-11T09:51:30,1762834890000,BANKNIFTY,retrieval,,,20,180,2025-11-11T10:25:30,1762836930000,34,1193.3
2025-11-11T09:51:30,1762834890000,BANKNIFTY,retrieval,,,20,180,2025-11-11T10:26:30,1762836990000,35,1193.3
2025-11-11T09:51:30,1762834890000,BANKNIFTY,retrieval,,,20,180,2025-11-11T10:27:30,1762837050000,36,1193.3
2025-11-11T09:51:30,1762834890000,BANKNIFTY,retrieval,,,20,180,2025-11-11T10:28:30,1762837110000,37,1193.3
2025-11-11T09:51:30,1762834890000,BANKNIFTY,retrieval,,,20,180,2025-11-11T10:29:30,1762837170000,38,1193.3
2025-11-11T09:51:30,1762834890000,BANKNIFTY,retrieval,,,20,180,2025-11-11T10:30:30,1762837230000,39,1193.3
2025-11-11T09:51:30,1762834890000,BANKNIFTY,retrieval,,,20,180,2025-11-11T10:31:30,1762837290000,40,1193.3
2025-11-11T09:51:30,1762834890000,BANKNIFTY,retrieval,,,20,180,2025-11-11T10:32:30,1762837350000,41,1193.3
2025-11-11T09:51:30,1762834890000,BANKNIFTY,retrieval,,,20,180,2025-11-11T10:33:30,1762837410000,42,1193.3
2025-11-11T09:51:30,1762834890000,BANKNIFTY,retrieval,,,20,180,2025-11-11T10:34:30,1762837470000,43,1193.3
2025-11-11T09:51:30,1762834890000,BANKNIFTY,retrieval,,,20,180,2025-11-11T10:35:30,1762837530000,44,1193.3
2025-11-11T09:51:30,1762834890000,BANKNIFTY,retrieval,,,20,180,2025-11-11T10:36:30,1762837590000,45,1193.3
2025-11-11T09:51:30,1762834890000,BANKNIFTY,retrieval,,,20,180,2025-11-11T10:37:30,1762837650000,46,1193.3
2025-11-11T09:51:30,1762834890000,BANKNIFTY,retrieval,,,20,180,2025-11-11T10:38:30,1762837710000,47,1193.3
2025-11-11T09:51:30,1762834890000,BANKNIFTY,retrieval,,,20,180,2025-11-11T10:39:30,1762837770000,48,1193.3
2025-11-11T09:51:30,1762834890000,BANKNIFTY,retrieval,,,20,180,2025-11-11T10:40:30,1762837830000,49,1193.3
2025-11-11T09:51:30,1762834890000,BANKNIFTY,retrieval,,,20,180,2025-11-11T10:41:30,1762837890000,50,1193.3
2025-11-11T09:51:30,1762834890000,BANKNIFTY,retrieval,,,20,180,2025-11-11T10:42:30,1762837950000,51,1193.3
2025-11-11T09:51:30,1762834890000,BANKNIFTY,retrieval,,,20,180,2025-11-11T10:43:30,1762838010000,52,1193.3
2025-11-11T09:51:30,1762834890000,BANKNIFTY,retrieval,,,20,180,2025-11-11T10:44:30,1762838070000,53,1193.3
2025-11-11T09:51:30,1762834890000,BANKNIFTY,retrieval,,,20,180,2025-11-11T10:45:30,1762838130000,54,1193.3
2025-11-11T09:51:30,1762834890000,BANKNIFTY,retrieval,,,20,180,2025-11-11T10:46:30,1762838190000,55,1193.3
2025-11-11T09:51:30,1762834890000,BANKNIFTY,retrieval,,,20,180,2025-11-11T10:47:30,1762838250000,56,1193.3
2025-11-11T09:51:30,1762834890000,BANKNIFTY,retrieval,,,20,180,2025-11-11T10:48:30,1762838310000,57,1193.3
2025-11-11T09:51:30,1762834890000,BANKNIFTY,retrieval,,,20,180,2025-11-11T10:49:30,1762838370000,58,1193.3
2025-11-11T09:51:30,1762834890000,BANKNIFTY,retrieval,,,20,180,2025-11-11T10:50:30,1762838430000,59,1193.3
2025-11-11T09:51:30,1762834890000,BANKNIFTY,retrieval,,,20,180,2025-11-11T10:51:30,1762838490000,60,1193.3
2025-11-11T09:52:30,1762834950000,BANKNIFTY,retrieval,,,20,180,2025-11-11T09:53:30,1762835010000,1,1174.3
2025-11-11T09:52:30,1762834950000,BANKNIFTY,retrieval,,,20,180,2025-11-11T09:54:30,1762835070000,2,1174.3
2025-11-11T09:52:30,1762834950000,BANKNIFTY,retrieval,,,20,180,2025-11-11T09:55:30,1762835130000,3,1174.3
2025-11-11T09:52:30,1762834950000,BANKNIFTY,retrieval,,,20,180,2025-11-11T09:56:30,1762835190000,4,1174.3
2025-11-11T09:52:30,1762834950000,BANKNIFTY,retrieval,,,20,180,2025-11-11T09:57:30,1762835250000,5,1174.3
2025-11-11T09:52:30,1762834950000,BANKNIFTY,retrieval,,,20,180,2025-11-11T09:58:30,1762835310000,6,1174.3
2025-11-11T09:52:30,1762834950000,BANKNIFTY,retrieval,,,20,180,2025-11-11T09:59:30,1762835370000,7,1174.3
2025-11-11T09:52:30,1762834950000,BANKNIFTY,retrieval,,,20,180,2025-11-11T10:00:30,1762835430000,8,1174.3
2025-11-11T09:52:30,1762834950000,BANKNIFTY,retrieval,,,20,180,2025-11-11T10:01:30,1762835490000,9,1174.3
2025-11-11T09:52:30,1762834950000,BANKNIFTY,retrieval,,,20,180,2025-11-11T10:02:30,1762835550000,10,1174.3
2025-11-11T09:52:30,1762834950000,BANKNIFTY,retrieval,,,20,180,2025-11-11T10:03:30,1762835610000,11,1174.3
2025-11-11T09:52:30,1762834950000,BANKNIFTY,retrieval,,,20,180,2025-11-11T10:04:30,1762835670000,12,1174.3
2025-11-11T09:52:30,1762834950000,BANKNIFTY,retrieval,,,20,180,2025-11-11T10:05:30,1762835730000,13,1174.3
2025-11-11T09:52:30,1762834950000,BANKNIFTY,retrieval,,,20,180,2025-11-11T10:06:30,1762835790000,14,1174.3
2025-11-11T09:52:30,1762834950000,BANKNIFTY,retrieval,,,20,180,2025-11-11T10:07:30,1762835850000,15,1174.3
2025-11-11T09:52:30,1762834950000,BANKNIFTY,retrieval,,,20,180,2025-11-11T10:08:30,1762835910000,16,1174.3
2025-11-11T09:52:30,1762834950000,BANKNIFTY,retrieval,,,20,180,2025-11-11T10:09:30,1762835970000,17,1174.3
2025-11-11T09:52:30,1762834950000,BANKNIFTY,retrieval,,,20,180,2025-11-11T10:10:30,1762836030000,18,1174.3
2025-11-11T09:52:30,1762834950000,BANKNIFTY,retrieval,,,20,180,2025-11-11T10:11:30,1762836090000,19,1174.3
2025-11-11T09:52:30,1762834950000,BANKNIFTY,retrieval,,,20,180,2025-11-11T10:12:30,1762836150000,20,1174.3
2025-11-11T09:52:30,1762834950000,BANKNIFTY,retrieval,,,20,180,2025-11-11T10:13:30,1762836210000,21,1174.3
2025-11-11T09:52:30,1762834950000,BANKNIFTY,retrieval,,,20,180,2025-11-11T10:14:30,1762836270000,22,1174.3
2025-11-11T09:52:30,1762834950000,BANKNIFTY,retrieval,,,20,180,2025-11-11T10:15:30,1762836330000,23,1174.3
2025-11-11T09:52:30,1762834950000,BANKNIFTY,retrieval,,,20,180,2025-11-11T10:16:30,1762836390000,24,1174.3
2025-11-11T09:52:30,1762834950000,BANKNIFTY,retrieval,,,20,180,2025-11-11T10:17:30,1762836450000,25,1174.3
2025-11-11T09:52:30,1762834950000,BANKNIFTY,retrieval,,,20,180,2025-11-11T10:18:30,1762836510000,26,1174.3
2025-11-11T09:52:30,1762834950000,BANKNIFTY,retrieval,,,20,180,2025-11-11T10:19:30,1762836570000,27,1174.3
2025-11-11T09:52:30,1762834950000,BANKNIFTY,retrieval,,,20,180,2025-11-11T10:20:30,1762836630000,28,1174.3
2025-11-11T09:52:30,1762834950000,BANKNIFTY,retrieval,,,20,180,2025-11-11T10:21:30,1762836690000,29,1174.3
2025-11-11T09:52:30,1762834950000,BANKNIFTY,retrieval,,,20,180,2025-11-11T10:22:30,1762836750000,30,1174.3
2025-11-11T09:52:30,1762834950000,BANKNIFTY,retrieval,,,20,180,2025-11-11T10:23:30,1762836810000,31,1174.3
2025-11-11T09:52:30,1762834950000,BANKNIFTY,retrieval,,,20,180,2025-11-11T10:24:30,1762836870000,32,1174.3
2025-11-11T09:52:30,1762834950000,BANKNIFTY,retrieval,,,20,180,2025-11-11T10:25:30,1762836930000,33,1174.3
2025-11-11T09:52:30,1762834950000,BANKNIFTY,retrieval,,,20,180,2025-11-11T10:26:30,1762836990000,34,1174.3
2025-11-11T09:52:30,1762834950000,BANKNIFTY,retrieval,,,20,180,2025-11-11T10:27:30,1762837050000,35,1174.3
2025-11-11T09:52:30,1762834950000,BANKNIFTY,retrieval,,,20,180,2025-11-11T10:28:30,1762837110000,36,1174.3
2025-11-11T09:52:30,1762834950000,BANKNIFTY,retrieval,,,20,180,2025-11-11T10:29:30,1762837170000,37,1174.3
2025-11-11T09:52:30,1762834950000,BANKNIFTY,retrieval,,,20,180,2025-11-11T10:30:30,1762837230000,38,1174.3
2025-11-11T09:52:30,1762834950000,BANKNIFTY,retrieval,,,20,180,2025-11-11T10:31:30,1762837290000,39,1174.3
2025-11-11T09:52:30,1762834950000,BANKNIFTY,retrieval,,,20,180,2025-11-11T10:32:30,1762837350000,40,1174.3
2025-11-11T09:52:30,1762834950000,BANKNIFTY,retrieval,,,20,180,2025-11-11T10:33:30,1762837410000,41,1174.3
2025-11-11T09:52:30,1762834950000,BANKNIFTY,retrieval,,,20,180,2025-11-11T10:34:30,1762837470000,42,1174.3
2025-11-11T09:52:30,1762834950000,BANKNIFTY,retrieval,,,20,180,2025-11-11T10:35:30,1762837530000,43,1174.3
2025-11-11T09:52:30,1762834950000,BANKNIFTY,retrieval,,,20,180,2025-11-11T10:36:30,1762837590000,44,1174.3
2025-11-11T09:52:30,1762834950000,BANKNIFTY,retrieval,,,20,180,2025-11-11T10:37:30,1762837650000,45,1174.3
2025-11-11T09:52:30,1762834950000,BANKNIFTY,retrieval,,,20,180,2025-11-11T10:38:30,1762837710000,46,1174.3
2025-11-11T09:52:30,1762834950000,BANKNIFTY,retrieval,,,20,180,2025-11-11T10:39:30,1762837770000,47,1174.3
2025-11-11T09:52:30,1762834950000,BANKNIFTY,retrieval,,,20,180,2025-11-11T10:40:30,1762837830000,48,1174.3
2025-11-11T09:52:30,1762834950000,BANKNIFTY,retrieval,,,20,180,2025-11-11T10:41:30,1762837890000,49,1174.3
2025-11-11T09:52:30,1762834950000,BANKNIFTY,retrieval,,,20,180,2025-11-11T10:42:30,1762837950000,50,1174.3
2025-11-11T09:52:30,1762834950000,BANKNIFTY,retrieval,,,20,180,2025-11-11T10:43:30,1762838010000,51,1174.3
2025-11-11T09:52:30,1762834950000,BANKNIFTY,retrieval,,,20,180,2025-11-11T10:44:30,1762838070000,52,1174.3
2025-11-11T09:52:30,1762834950000,BANKNIFTY,retrieval,,,20,180,2025-11-11T10:45:30,1762838130000,53,1174.3
2025-11-11T09:52:30,1762834950000,BANKNIFTY,retrieval,,,20,180,2025-11-11T10:46:30,1762838190000,54,1174.3
2025-11-11T09:52:30,1762834950000,BANKNIFTY,retrieval,,,20,180,2025-11-11T10:47:30,1762838250000,55,1174.3
2025-11-11T09:52:30,1762834950000,BANKNIFTY,retrieval,,,20,180,2025-11-11T10:48:30,1762838310000,56,1174.3
2025-11-11T09:52:30,1762834950000,BANKNIFTY,retrieval,,,20,180,2025-11-11T10:49:30,1762838370000,57,1174.3
2025-11-11T09:52:30,1762834950000,BANKNIFTY,retrieval,,,20,180,2025-11-11T10:50:30,1762838430000,58,1174.3
2025-11-11T09:52:30,1762834950000,BANKNIFTY,retrieval,,,20,180,2025-11-11T10:51:30,1762838490000,59,1174.3
2025-11-11T09:52:30,1762834950000,BANKNIFTY,retrieval,,,20,180,2025-11-11T10:52:30,1762838550000,60,1174.3
2025-11-11T10:27:00,1762837020000,BANKNIFTY,retrieval,,,20,180,2025-11-11T10:28:00,1762837080000,1,1173.1
2025-11-11T10:27:00,1762837020000,BANKNIFTY,retrieval,,,20,180,2025-11-11T10:29:00,1762837140000,2,1173.1
2025-11-11T10:27:00,1762837020000,BANKNIFTY,retrieval,,,20,180,2025-11-11T10:30:00,1762837200000,3,1173.1
2025-11-11T10:27:00,1762837020000,BANKNIFTY,retrieval,,,20,180,2025-11-11T10:31:00,1762837260000,4,1173.1
2025-11-11T10:27:00,1762837020000,BANKNIFTY,retrieval,,,20,180,2025-11-11T10:32:00,1762837320000,5,1173.1
2025-11-11T10:27:00,1762837020000,BANKNIFTY,retrieval,,,20,180,2025-11-11T10:33:00,1762837380000,6,1173.1
2025-11-11T10:27:00,1762837020000,BANKNIFTY,retrieval,,,20,180,2025-11-11T10:34:00,1762837440000,7,1173.1
2025-11-11T10:27:00,1762837020000,BANKNIFTY,retrieval,,,20,180,2025-11-11T10:35:00,1762837500000,8,1173.1
2025-11-11T10:27:00,1762837020000,BANKNIFTY,retrieval,,,20,180,2025-11-11T10:36:00,1762837560000,9,1173.1
2025-11-11T10:27:00,1762837020000,BANKNIFTY,retrieval,,,20,180,2025-11-11T10:37:00,1762837620000,10,1173.1
2025-11-11T10:27:00,1762837020000,BANKNIFTY,retrieval,,,20,180,2025-11-11T10:38:00,1762837680000,11,1173.1
2025-11-11T10:27:00,1762837020000,BANKNIFTY,retrieval,,,20,180,2025-11-11T10:39:00,1762837740000,12,1173.1
2025-11-11T10:27:00,1762837020000,BANKNIFTY,retrieval,,,20,180,2025-11-11T10:40:00,1762837800000,13,1173.1
2025-11-11T10:27:00,1762837020000,BANKNIFTY,retrieval,,,20,180,2025-11-11T10:41:00,1762837860000,14,1173.1
2025-11-11T10:27:00,1762837020000,BANKNIFTY,retrieval,,,20,180,2025-11-11T10:42:00,1762837920000,15,1173.1
2025-11-11T10:27:00,1762837020000,BANKNIFTY,retrieval,,,20,180,2025-11-11T10:43:00,1762837980000,16,1173.1
2025-11-11T10:27:00,1762837020000,BANKNIFTY,retrieval,,,20,180,2025-11-11T10:44:00,1762838040000,17,1173.1
2025-11-11T10:27:00,1762837020000,BANKNIFTY,retrieval,,,20,180,2025-11-11T10:45:00,1762838100000,18,1173.1
2025-11-11T10:27:00,1762837020000,BANKNIFTY,retrieval,,,20,180,2025-11-11T10:46:00,1762838160000,19,1173.1
2025-11-11T10:27:00,1762837020000,BANKNIFTY,retrieval,,,20,180,2025-11-11T10:47:00,1762838220000,20,1173.1
2025-11-11T10:27:00,1762837020000,BANKNIFTY,retrieval,,,20,180,2025-11-11T10:48:00,1762838280000,21,1173.1
2025-11-11T10:27:00,1762837020000,BANKNIFTY,retrieval,,,20,180,2025-11-11T10:49:00,1762838340000,22,1173.1
2025-11-11T10:27:00,1762837020000,BANKNIFTY,retrieval,,,20,180,2025-11-11T10:50:00,1762838400000,23,1173.1
2025-11-11T10:27:00,1762837020000,BANKNIFTY,retrieval,,,20,180,2025-11-11T10:51:00,1762838460000,24,1173.1
2025-11-11T10:27:00,1762837020000,BANKNIFTY,retrieval,,,20,180,2025-11-11T10:52:00,1762838520000,25,1173.1
2025-11-11T10:27:00,1762837020000,BANKNIFTY,retrieval,,,20,180,2025-11-11T10:53:00,1762838580000,26,1173.1
2025-11-11T10:27:00,1762837020000,BANKNIFTY,retrieval,,,20,180,2025-11-11T10:54:00,1762838640000,27,1173.1
2025-11-11T10:27:00,1762837020000,BANKNIFTY,retrieval,,,20,180,2025-11-11T10:55:00,1762838700000,28,1173.1
2025-11-11T10:27:00,1762837020000,BANKNIFTY,retrieval,,,20,180,2025-11-11T10:56:00,1762838760000,29,1173.1
2025-11-11T10:27:00,1762837020000,BANKNIFTY,retrieval,,,20,180,2025-11-11T10:57:00,1762838820000,30,1173.1
2025-11-11T10:27:00,1762837020000,BANKNIFTY,retrieval,,,20,180,2025-11-11T10:58:00,1762838880000,31,1173.1
2025-11-11T10:27:00,1762837020000,BANKNIFTY,retrieval,,,20,180,2025-11-11T10:59:00,1762838940000,32,1173.1
2025-11-11T10:27:00,1762837020000,BANKNIFTY,retrieval,,,20,180,2025-11-11T11:00:00,1762839000000,33,1173.1
2025-11-11T10:27:00,1762837020000,BANKNIFTY,retrieval,,,20,180,2025-11-11T11:01:00,1762839060000,34,1173.1
2025-11-11T10:27:00,1762837020000,BANKNIFTY,retrieval,,,20,180,2025-11-11T11:02:00,1762839120000,35,1173.1
2025-11-11T10:27:00,1762837020000,BANKNIFTY,retrieval,,,20,180,2025-11-11T11:03:00,1762839180000,36,1173.1
2025-11-11T10:27:00,1762837020000,BANKNIFTY,retrieval,,,20,180,2025-11-11T11:04:00,1762839240000,37,1173.1
2025-11-11T10:27:00,1762837020000,BANKNIFTY,retrieval,,,20,180,2025-11-11T11:05:00,1762839300000,38,1173.1
2025-11-11T10:27:00,1762837020000,BANKNIFTY,retrieval,,,20,180,2025-11-11T11:06:00,1762839360000,39,1173.1
2025-11-11T10:27:00,1762837020000,BANKNIFTY,retrieval,,,20,180,2025-11-11T11:07:00,1762839420000,40,1173.1
2025-11-11T10:27:00,1762837020000,BANKNIFTY,retrieval,,,20,180,2025-11-11T11:08:00,1762839480000,41,1173.1
2025-11-11T10:27:00,1762837020000,BANKNIFTY,retrieval,,,20,180,2025-11-11T11:09:00,1762839540000,42,1173.1
2025-11-11T10:27:00,1762837020000,BANKNIFTY,retrieval,,,20,180,2025-11-11T11:10:00,1762839600000,43,1173.1
2025-11-11T10:27:00,1762837020000,BANKNIFTY,retrieval,,,20,180,2025-11-11T11:11:00,1762839660000,44,1173.1
2025-11-11T10:27:00,1762837020000,BANKNIFTY,retrieval,,,20,180,2025-11-11T11:12:00,1762839720000,45,1173.1
2025-11-11T10:27:00,1762837020000,BANKNIFTY,retrieval,,,20,180,2025-11-11T11:13:00,1762839780000,46,1173.1
2025-11-11T10:27:00,1762837020000,BANKNIFTY,retrieval,,,20,180,2025-11-11T11:14:00,1762839840000,47,1173.1
2025-11-11T10:27:00,1762837020000,BANKNIFTY,retrieval,,,20,180,2025-11-11T11:15:00,1762839900000,48,1173.1
2025-11-11T10:27:00,1762837020000,BANKNIFTY,retrieval,,,20,180,2025-11-11T11:16:00,1762839960000,49,1173.1
2025-11-11T10:27:00,1762837020000,BANKNIFTY,retrieval,,,20,180,2025-11-11T11:17:00,1762840020000,50,1173.1
2025-11-11T10:27:00,1762837020000,BANKNIFTY,retrieval,,,20,180,2025-11-11T11:18:00,1762840080000,51,1173.1
2025-11-11T10:27:00,1762837020000,BANKNIFTY,retrieval,,,20,180,2025-11-11T11:19:00,1762840140000,52,1173.1
2025-11-11T10:27:00,1762837020000,BANKNIFTY,retrieval,,,20,180,2025-11-11T11:20:00,1762840200000,53,1173.1
2025-11-11T10:27:00,1762837020000,BANKNIFTY,retrieval,,,20,180,2025-11-11T11:21:00,1762840260000,54,1173.1
2025-11-11T10:27:00,1762837020000,BANKNIFTY,retrieval,,,20,180,2025-11-11T11:22:00,1762840320000,55,1173.1
2025-11-11T10:27:00,1762837020000,BANKNIFTY,retrieval,,,20,180,2025-11-11T11:23:00,1762840380000,56,1173.1
2025-11-11T10:27:00,1762837020000,BANKNIFTY,retrieval,,,20,180,2025-11-11T11:24:00,1762840440000,57,1173.1
2025-11-11T10:27:00,1762837020000,BANKNIFTY,retrieval,,,20,180,2025-11-11T11:25:00,1762840500000,58,1173.1
2025-11-11T10:27:00,1762837020000,BANKNIFTY,retrieval,,,20,180,2025-11-11T11:26:00,1762840560000,59,1173.1
2025-11-11T10:27:00,1762837020000,BANKNIFTY,retrieval,,,20,180,2025-11-11T11:27:00,1762840620000,60,1173.1
2025-11-11T10:27:00,1762837020000,BANKNIFTY,retrieval,,,20,180,2025-11-11T10:28:00,1762837080000,1,1173.1
2025-11-11T10:27:00,1762837020000,BANKNIFTY,retrieval,,,20,180,2025-11-11T10:29:00,1762837140000,2,1173.1
2025-11-11T10:27:00,1762837020000,BANKNIFTY,retrieval,,,20,180,2025-11-11T10:30:00,1762837200000,3,1173.1
2025-11-11T10:27:00,1762837020000,BANKNIFTY,retrieval,,,20,180,2025-11-11T10:31:00,1762837260000,4,1173.1
2025-11-11T10:27:00,1762837020000,BANKNIFTY,retrieval,,,20,180,2025-11-11T10:32:00,1762837320000,5,1173.1
2025-11-11T10:27:00,1762837020000,BANKNIFTY,retrieval,,,20,180,2025-11-11T10:33:00,1762837380000,6,1173.1
2025-11-11T10:27:00,1762837020000,BANKNIFTY,retrieval,,,20,180,2025-11-11T10:34:00,1762837440000,7,1173.1
2025-11-11T10:27:00,1762837020000,BANKNIFTY,retrieval,,,20,180,2025-11-11T10:35:00,1762837500000,8,1173.1
2025-11-11T10:27:00,1762837020000,BANKNIFTY,retrieval,,,20,180,2025-11-11T10:36:00,1762837560000,9,1173.1
2025-11-11T10:27:00,1762837020000,BANKNIFTY,retrieval,,,20,180,2025-11-11T10:37:00,1762837620000,10,1173.1
2025-11-11T10:27:00,1762837020000,BANKNIFTY,retrieval,,,20,180,2025-11-11T10:38:00,1762837680000,11,1173.1
2025-11-11T10:27:00,1762837020000,BANKNIFTY,retrieval,,,20,180,2025-11-11T10:39:00,1762837740000,12,1173.1
2025-11-11T10:27:00,1762837020000,BANKNIFTY,retrieval,,,20,180,2025-11-11T10:40:00,1762837800000,13,1173.1
2025-11-11T10:27:00,1762837020000,BANKNIFTY,retrieval,,,20,180,2025-11-11T10:41:00,1762837860000,14,1173.1
2025-11-11T10:27:00,1762837020000,BANKNIFTY,retrieval,,,20,180,2025-11-11T10:42:00,1762837920000,15,1173.1
2025-11-11T10:27:00,1762837020000,BANKNIFTY,retrieval,,,20,180,2025-11-11T10:43:00,1762837980000,16,1173.1
2025-11-11T10:27:00,1762837020000,BANKNIFTY,retrieval,,,20,180,2025-11-11T10:44:00,1762838040000,17,1173.1
2025-11-11T10:27:00,1762837020000,BANKNIFTY,retrieval,,,20,180,2025-11-11T10:45:00,1762838100000,18,1173.1
2025-11-11T10:27:00,1762837020000,BANKNIFTY,retrieval,,,20,180,2025-11-11T10:46:00,1762838160000,19,1173.1
2025-11-11T10:27:00,1762837020000,BANKNIFTY,retrieval,,,20,180,2025-11-11T10:47:00,1762838220000,20,1173.1
2025-11-11T10:27:00,1762837020000,BANKNIFTY,retrieval,,,20,180,2025-11-11T10:48:00,1762838280000,21,1173.1
2025-11-11T10:27:00,1762837020000,BANKNIFTY,retrieval,,,20,180,2025-11-11T10:49:00,1762838340000,22,1173.1
2025-11-11T10:27:00,1762837020000,BANKNIFTY,retrieval,,,20,180,2025-11-11T10:50:00,1762838400000,23,1173.1
2025-11-11T10:27:00,1762837020000,BANKNIFTY,retrieval,,,20,180,2025-11-11T10:51:00,1762838460000,24,1173.1
2025-11-11T10:27:00,1762837020000,BANKNIFTY,retrieval,,,20,180,2025-11-11T10:52:00,1762838520000,25,1173.1
2025-11-11T10:27:00,1762837020000,BANKNIFTY,retrieval,,,20,180,2025-11-11T10:53:00,1762838580000,26,1173.1
2025-11-11T10:27:00,1762837020000,BANKNIFTY,retrieval,,,20,180,2025-11-11T10:54:00,1762838640000,27,1173.1
2025-11-11T10:27:00,1762837020000,BANKNIFTY,retrieval,,,20,180,2025-11-11T10:55:00,1762838700000,28,1173.1
2025-11-11T10:27:00,1762837020000,BANKNIFTY,retrieval,,,20,180,2025-11-11T10:56:00,1762838760000,29,1173.1
2025-11-11T10:27:00,1762837020000,BANKNIFTY,retrieval,,,20,180,2025-11-11T10:57:00,1762838820000,30,1173.1
2025-11-11T10:27:00,1762837020000,BANKNIFTY,retrieval,,,20,180,2025-11-11T10:58:00,1762838880000,31,1173.1
2025-11-11T10:27:00,1762837020000,BANKNIFTY,retrieval,,,20,180,2025-11-11T10:59:00,1762838940000,32,1173.1
2025-11-11T10:27:00,1762837020000,BANKNIFTY,retrieval,,,20,180,2025-11-11T11:00:00,1762839000000,33,1173.1
2025-11-11T10:27:00,1762837020000,BANKNIFTY,retrieval,,,20,180,2025-11-11T11:01:00,1762839060000,34,1173.1
2025-11-11T10:27:00,1762837020000,BANKNIFTY,retrieval,,,20,180,2025-11-11T11:02:00,1762839120000,35,1173.1
2025-11-11T10:27:00,1762837020000,BANKNIFTY,retrieval,,,20,180,2025-11-11T11:03:00,1762839180000,36,1173.1
2025-11-11T10:27:00,1762837020000,BANKNIFTY,retrieval,,,20,180,2025-11-11T11:04:00,1762839240000,37,1173.1
2025-11-11T10:27:00,1762837020000,BANKNIFTY,retrieval,,,20,180,2025-11-11T11:05:00,1762839300000,38,1173.1
2025-11-11T10:27:00,1762837020000,BANKNIFTY,retrieval,,,20,180,2025-11-11T11:06:00,1762839360000,39,1173.1
2025-11-11T10:27:00,1762837020000,BANKNIFTY,retrieval,,,20,180,2025-11-11T11:07:00,1762839420000,40,1173.1
2025-11-11T10:27:00,1762837020000,BANKNIFTY,retrieval,,,20,180,2025-11-11T11:08:00,1762839480000,41,1173.1
2025-11-11T10:27:00,1762837020000,BANKNIFTY,retrieval,,,20,180,2025-11-11T11:09:00,1762839540000,42,1173.1
2025-11-11T10:27:00,1762837020000,BANKNIFTY,retrieval,,,20,180,2025-11-11T11:10:00,1762839600000,43,1173.1
2025-11-11T10:27:00,1762837020000,BANKNIFTY,retrieval,,,20,180,2025-11-11T11:11:00,1762839660000,44,1173.1
2025-11-11T10:27:00,1762837020000,BANKNIFTY,retrieval,,,20,180,2025-11-11T11:12:00,1762839720000,45,1173.1
2025-11-11T10:27:00,1762837020000,BANKNIFTY,retrieval,,,20,180,2025-11-11T11:13:00,1762839780000,46,1173.1
2025-11-11T10:27:00,1762837020000,BANKNIFTY,retrieval,,,20,180,2025-11-11T11:14:00,1762839840000,47,1173.1
2025-11-11T10:27:00,1762837020000,BANKNIFTY,retrieval,,,20,180,2025-11-11T11:15:00,1762839900000,48,1173.1
2025-11-11T10:27:00,1762837020000,BANKNIFTY,retrieval,,,20,180,2025-11-11T11:16:00,1762839960000,49,1173.1
2025-11-11T10:27:00,1762837020000,BANKNIFTY,retrieval,,,20,180,2025-11-11T11:17:00,1762840020000,50,1173.1
2025-11-11T10:27:00,1762837020000,BANKNIFTY,retrieval,,,20,180,2025-11-11T11:18:00,1762840080000,51,1173.1
2025-11-11T10:27:00,1762837020000,BANKNIFTY,retrieval,,,20,180,2025-11-11T11:19:00,1762840140000,52,1173.1
2025-11-11T10:27:00,1762837020000,BANKNIFTY,retrieval,,,20,180,2025-11-11T11:20:00,1762840200000,53,1173.1
2025-11-11T10:27:00,1762837020000,BANKNIFTY,retrieval,,,20,180,2025-11-11T11:21:00,1762840260000,54,1173.1
2025-11-11T10:27:00,1762837020000,BANKNIFTY,retrieval,,,20,180,2025-11-11T11:22:00,1762840320000,55,1173.1
2025-11-11T10:27:00,1762837020000,BANKNIFTY,retrieval,,,20,180,2025-11-11T11:23:00,1762840380000,56,1173.1
2025-11-11T10:27:00,1762837020000,BANKNIFTY,retrieval,,,20,180,2025-11-11T11:24:00,1762840440000,57,1173.1
2025-11-11T10:27:00,1762837020000,BANKNIFTY,retrieval,,,20,180,2025-11-11T11:25:00,1762840500000,58,1173.1
2025-11-11T10:27:00,1762837020000,BANKNIFTY,retrieval,,,20,180,2025-11-11T11:26:00,1762840560000,59,1173.1
2025-11-11T10:27:00,1762837020000,BANKNIFTY,retrieval,,,20,180,2025-11-11T11:27:00,1762840620000,60,1173.1
2025-11-11T10:52:00,1762838520000,BANKNIFTY,retrieval,,,20,180,2025-11-11T10:53:00,1762838580000,1,1167.7
2025-11-11T10:52:00,1762838520000,BANKNIFTY,retrieval,,,20,180,2025-11-11T10:54:00,1762838640000,2,1167.7
2025-11-11T10:52:00,1762838520000,BANKNIFTY,retrieval,,,20,180,2025-11-11T10:55:00,1762838700000,3,1167.7
2025-11-11T10:52:00,1762838520000,BANKNIFTY,retrieval,,,20,180,2025-11-11T10:56:00,1762838760000,4,1167.7
2025-11-11T10:52:00,1762838520000,BANKNIFTY,retrieval,,,20,180,2025-11-11T10:57:00,1762838820000,5,1167.7
2025-11-11T10:52:00,1762838520000,BANKNIFTY,retrieval,,,20,180,2025-11-11T10:58:00,1762838880000,6,1167.7
2025-11-11T10:52:00,1762838520000,BANKNIFTY,retrieval,,,20,180,2025-11-11T10:59:00,1762838940000,7,1167.7
2025-11-11T10:52:00,1762838520000,BANKNIFTY,retrieval,,,20,180,2025-11-11T11:00:00,1762839000000,8,1167.7
2025-11-11T10:52:00,1762838520000,BANKNIFTY,retrieval,,,20,180,2025-11-11T11:01:00,1762839060000,9,1167.7
2025-11-11T10:52:00,1762838520000,BANKNIFTY,retrieval,,,20,180,2025-11-11T11:02:00,1762839120000,10,1167.7
2025-11-11T10:52:00,1762838520000,BANKNIFTY,retrieval,,,20,180,2025-11-11T11:03:00,1762839180000,11,1167.7
2025-11-11T10:52:00,1762838520000,BANKNIFTY,retrieval,,,20,180,2025-11-11T11:04:00,1762839240000,12,1167.7
2025-11-11T10:52:00,1762838520000,BANKNIFTY,retrieval,,,20,180,2025-11-11T11:05:00,1762839300000,13,1167.7
2025-11-11T10:52:00,1762838520000,BANKNIFTY,retrieval,,,20,180,2025-11-11T11:06:00,1762839360000,14,1167.7
2025-11-11T10:52:00,1762838520000,BANKNIFTY,retrieval,,,20,180,2025-11-11T11:07:00,1762839420000,15,1167.7
2025-11-11T10:52:00,1762838520000,BANKNIFTY,retrieval,,,20,180,2025-11-11T11:08:00,1762839480000,16,1167.7
2025-11-11T10:52:00,1762838520000,BANKNIFTY,retrieval,,,20,180,2025-11-11T11:09:00,1762839540000,17,1167.7
2025-11-11T10:52:00,1762838520000,BANKNIFTY,retrieval,,,20,180,2025-11-11T11:10:00,1762839600000,18,1167.7
2025-11-11T10:52:00,1762838520000,BANKNIFTY,retrieval,,,20,180,2025-11-11T11:11:00,1762839660000,19,1167.7
2025-11-11T10:52:00,1762838520000,BANKNIFTY,retrieval,,,20,180,2025-11-11T11:12:00,1762839720000,20,1167.7
2025-11-11T10:52:00,1762838520000,BANKNIFTY,retrieval,,,20,180,2025-11-11T11:13:00,1762839780000,21,1167.7
2025-11-11T10:52:00,1762838520000,BANKNIFTY,retrieval,,,20,180,2025-11-11T11:14:00,1762839840000,22,1167.7
2025-11-11T10:52:00,1762838520000,BANKNIFTY,retrieval,,,20,180,2025-11-11T11:15:00,1762839900000,23,1167.7
2025-11-11T10:52:00,1762838520000,BANKNIFTY,retrieval,,,20,180,2025-11-11T11:16:00,1762839960000,24,1167.7
2025-11-11T10:52:00,1762838520000,BANKNIFTY,retrieval,,,20,180,2025-11-11T11:17:00,1762840020000,25,1167.7
2025-11-11T10:52:00,1762838520000,BANKNIFTY,retrieval,,,20,180,2025-11-11T11:18:00,1762840080000,26,1167.7
2025-11-11T10:52:00,1762838520000,BANKNIFTY,retrieval,,,20,180,2025-11-11T11:19:00,1762840140000,27,1167.7
2025-11-11T10:52:00,1762838520000,BANKNIFTY,retrieval,,,20,180,2025-11-11T11:20:00,1762840200000,28,1167.7
2025-11-11T10:52:00,1762838520000,BANKNIFTY,retrieval,,,20,180,2025-11-11T11:21:00,1762840260000,29,1167.7
2025-11-11T10:52:00,1762838520000,BANKNIFTY,retrieval,,,20,180,2025-11-11T11:22:00,1762840320000,30,1167.7
2025-11-11T10:52:00,1762838520000,BANKNIFTY,retrieval,,,20,180,2025-11-11T11:23:00,1762840380000,31,1167.7
2025-11-11T10:52:00,1762838520000,BANKNIFTY,retrieval,,,20,180,2025-11-11T11:24:00,1762840440000,32,1167.7
2025-11-11T10:52:00,1762838520000,BANKNIFTY,retrieval,,,20,180,2025-11-11T11:25:00,1762840500000,33,1167.7
2025-11-11T10:52:00,1762838520000,BANKNIFTY,retrieval,,,20,180,2025-11-11T11:26:00,1762840560000,34,1167.7
2025-11-11T10:52:00,1762838520000,BANKNIFTY,retrieval,,,20,180,2025-11-11T11:27:00,1762840620000,35,1167.7
2025-11-11T10:52:00,1762838520000,BANKNIFTY,retrieval,,,20,180,2025-11-11T11:28:00,1762840680000,36,1167.7
2025-11-11T10:52:00,1762838520000,BANKNIFTY,retrieval,,,20,180,2025-11-11T11:29:00,1762840740000,37,1167.7
2025-11-11T10:52:00,1762838520000,BANKNIFTY,retrieval,,,20,180,2025-11-11T11:30:00,1762840800000,38,1167.7
2025-11-11T10:52:00,1762838520000,BANKNIFTY,retrieval,,,20,180,2025-11-11T11:31:00,1762840860000,39,1167.7
2025-11-11T10:52:00,1762838520000,BANKNIFTY,retrieval,,,20,180,2025-11-11T11:32:00,1762840920000,40,1167.7
2025-11-11T10:52:00,1762838520000,BANKNIFTY,retrieval,,,20,180,2025-11-11T11:33:00,1762840980000,41,1167.7
2025-11-11T10:52:00,1762838520000,BANKNIFTY,retrieval,,,20,180,2025-11-11T11:34:00,1762841040000,42,1167.7
2025-11-11T10:52:00,1762838520000,BANKNIFTY,retrieval,,,20,180,2025-11-11T11:35:00,1762841100000,43,1167.7
2025-11-11T10:52:00,1762838520000,BANKNIFTY,retrieval,,,20,180,2025-11-11T11:36:00,1762841160000,44,1167.7
2025-11-11T10:52:00,1762838520000,BANKNIFTY,retrieval,,,20,180,2025-11-11T11:37:00,1762841220000,45,1167.7
2025-11-11T10:52:00,1762838520000,BANKNIFTY,retrieval,,,20,180,2025-11-11T11:38:00,1762841280000,46,1167.7
2025-11-11T10:52:00,1762838520000,BANKNIFTY,retrieval,,,20,180,2025-11-11T11:39:00,1762841340000,47,1167.7
2025-11-11T10:52:00,1762838520000,BANKNIFTY,retrieval,,,20,180,2025-11-11T11:40:00,1762841400000,48,1167.7
2025-11-11T10:52:00,1762838520000,BANKNIFTY,retrieval,,,20,180,2025-11-11T11:41:00,1762841460000,49,1167.7
2025-11-11T10:52:00,1762838520000,BANKNIFTY,retrieval,,,20,180,2025-11-11T11:42:00,1762841520000,50,1167.7
2025-11-11T10:52:00,1762838520000,BANKNIFTY,retrieval,,,20,180,2025-11-11T11:43:00,1762841580000,51,1167.7
2025-11-11T10:52:00,1762838520000,BANKNIFTY,retrieval,,,20,180,2025-11-11T11:44:00,1762841640000,52,1167.7
2025-11-11T10:52:00,1762838520000,BANKNIFTY,retrieval,,,20,180,2025-11-11T11:45:00,1762841700000,53,1167.7
2025-11-11T10:52:00,1762838520000,BANKNIFTY,retrieval,,,20,180,2025-11-11T11:46:00,1762841760000,54,1167.7
2025-11-11T10:52:00,1762838520000,BANKNIFTY,retrieval,,,20,180,2025-11-11T11:47:00,1762841820000,55,1167.7
2025-11-11T10:52:00,1762838520000,BANKNIFTY,retrieval,,,20,180,2025-11-11T11:48:00,1762841880000,56,1167.7
2025-11-11T10:52:00,1762838520000,BANKNIFTY,retrieval,,,20,180,2025-11-11T11:49:00,1762841940000,57,1167.7
2025-11-11T10:52:00,1762838520000,BANKNIFTY,retrieval,,,20,180,2025-11-11T11:50:00,1762842000000,58,1167.7
2025-11-11T10:52:00,1762838520000,BANKNIFTY,retrieval,,,20,180,2025-11-11T11:51:00,1762842060000,59,1167.7
2025-11-11T10:52:00,1762838520000,BANKNIFTY,retrieval,,,20,180,2025-11-11T11:52:00,1762842120000,60,1167.7
2025-11-11T10:52:00,1762838520000,BANKNIFTY,retrieval,,,20,180,2025-11-11T10:53:00,1762838580000,1,1167.7
2025-11-11T10:52:00,1762838520000,BANKNIFTY,retrieval,,,20,180,2025-11-11T10:54:00,1762838640000,2,1167.7
2025-11-11T10:52:00,1762838520000,BANKNIFTY,retrieval,,,20,180,2025-11-11T10:55:00,1762838700000,3,1167.7
2025-11-11T10:52:00,1762838520000,BANKNIFTY,retrieval,,,20,180,2025-11-11T10:56:00,1762838760000,4,1167.7
2025-11-11T10:52:00,1762838520000,BANKNIFTY,retrieval,,,20,180,2025-11-11T10:57:00,1762838820000,5,1167.7
2025-11-11T10:52:00,1762838520000,BANKNIFTY,retrieval,,,20,180,2025-11-11T10:58:00,1762838880000,6,1167.7
2025-11-11T10:52:00,1762838520000,BANKNIFTY,retrieval,,,20,180,2025-11-11T10:59:00,1762838940000,7,1167.7
2025-11-11T10:52:00,1762838520000,BANKNIFTY,retrieval,,,20,180,2025-11-11T11:00:00,1762839000000,8,1167.7
2025-11-11T10:52:00,1762838520000,BANKNIFTY,retrieval,,,20,180,2025-11-11T11:01:00,1762839060000,9,1167.7
2025-11-11T10:52:00,1762838520000,BANKNIFTY,retrieval,,,20,180,2025-11-11T11:02:00,1762839120000,10,1167.7
2025-11-11T10:52:00,1762838520000,BANKNIFTY,retrieval,,,20,180,2025-11-11T11:03:00,1762839180000,11,1167.7
2025-11-11T10:52:00,1762838520000,BANKNIFTY,retrieval,,,20,180,2025-11-11T11:04:00,1762839240000,12,1167.7
2025-11-11T10:52:00,1762838520000,BANKNIFTY,retrieval,,,20,180,2025-11-11T11:05:00,1762839300000,13,1167.7
2025-11-11T10:52:00,1762838520000,BANKNIFTY,retrieval,,,20,180,2025-11-11T11:06:00,1762839360000,14,1167.7
2025-11-11T10:52:00,1762838520000,BANKNIFTY,retrieval,,,20,180,2025-11-11T11:07:00,1762839420000,15,1167.7
2025-11-11T10:52:00,1762838520000,BANKNIFTY,retrieval,,,20,180,2025-11-11T11:08:00,1762839480000,16,1167.7
2025-11-11T10:52:00,1762838520000,BANKNIFTY,retrieval,,,20,180,2025-11-11T11:09:00,1762839540000,17,1167.7
2025-11-11T10:52:00,1762838520000,BANKNIFTY,retrieval,,,20,180,2025-11-11T11:10:00,1762839600000,18,1167.7
2025-11-11T10:52:00,1762838520000,BANKNIFTY,retrieval,,,20,180,2025-11-11T11:11:00,1762839660000,19,1167.7
2025-11-11T10:52:00,1762838520000,BANKNIFTY,retrieval,,,20,180,2025-11-11T11:12:00,1762839720000,20,1167.7
2025-11-11T10:52:00,1762838520000,BANKNIFTY,retrieval,,,20,180,2025-11-11T11:13:00,1762839780000,21,1167.7
2025-11-11T10:52:00,1762838520000,BANKNIFTY,retrieval,,,20,180,2025-11-11T11:14:00,1762839840000,22,1167.7
2025-11-11T10:52:00,1762838520000,BANKNIFTY,retrieval,,,20,180,2025-11-11T11:15:00,1762839900000,23,1167.7
2025-11-11T10:52:00,1762838520000,BANKNIFTY,retrieval,,,20,180,2025-11-11T11:16:00,1762839960000,24,1167.7
2025-11-11T10:52:00,1762838520000,BANKNIFTY,retrieval,,,20,180,2025-11-11T11:17:00,1762840020000,25,1167.7
2025-11-11T10:52:00,1762838520000,BANKNIFTY,retrieval,,,20,180,2025-11-11T11:18:00,1762840080000,26,1167.7
2025-11-11T10:52:00,1762838520000,BANKNIFTY,retrieval,,,20,180,2025-11-11T11:19:00,1762840140000,27,1167.7
2025-11-11T10:52:00,1762838520000,BANKNIFTY,retrieval,,,20,180,2025-11-11T11:20:00,1762840200000,28,1167.7
2025-11-11T10:52:00,1762838520000,BANKNIFTY,retrieval,,,20,180,2025-11-11T11:21:00,1762840260000,29,1167.7
2025-11-11T10:52:00,1762838520000,BANKNIFTY,retrieval,,,20,180,2025-11-11T11:22:00,1762840320000,30,1167.7
2025-11-11T10:52:00,1762838520000,BANKNIFTY,retrieval,,,20,180,2025-11-11T11:23:00,1762840380000,31,1167.7
2025-11-11T10:52:00,1762838520000,BANKNIFTY,retrieval,,,20,180,2025-11-11T11:24:00,1762840440000,32,1167.7
2025-11-11T10:52:00,1762838520000,BANKNIFTY,retrieval,,,20,180,2025-11-11T11:25:00,1762840500000,33,1167.7
2025-11-11T10:52:00,1762838520000,BANKNIFTY,retrieval,,,20,180,2025-11-11T11:26:00,1762840560000,34,1167.7
2025-11-11T10:52:00,1762838520000,BANKNIFTY,retrieval,,,20,180,2025-11-11T11:27:00,1762840620000,35,1167.7
2025-11-11T10:52:00,1762838520000,BANKNIFTY,retrieval,,,20,180,2025-11-11T11:28:00,1762840680000,36,1167.7
2025-11-11T10:52:00,1762838520000,BANKNIFTY,retrieval,,,20,180,2025-11-11T11:29:00,1762840740000,37,1167.7
2025-11-11T10:52:00,1762838520000,BANKNIFTY,retrieval,,,20,180,2025-11-11T11:30:00,1762840800000,38,1167.7
2025-11-11T10:52:00,1762838520000,BANKNIFTY,retrieval,,,20,180,2025-11-11T11:31:00,1762840860000,39,1167.7
2025-11-11T10:52:00,1762838520000,BANKNIFTY,retrieval,,,20,180,2025-11-11T11:32:00,1762840920000,40,1167.7
2025-11-11T10:52:00,1762838520000,BANKNIFTY,retrieval,,,20,180,2025-11-11T11:33:00,1762840980000,41,1167.7
2025-11-11T10:52:00,1762838520000,BANKNIFTY,retrieval,,,20,180,2025-11-11T11:34:00,1762841040000,42,1167.7
2025-11-11T10:52:00,1762838520000,BANKNIFTY,retrieval,,,20,180,2025-11-11T11:35:00,1762841100000,43,1167.7
2025-11-11T10:52:00,1762838520000,BANKNIFTY,retrieval,,,20,180,2025-11-11T11:36:00,1762841160000,44,1167.7
2025-11-11T10:52:00,1762838520000,BANKNIFTY,retrieval,,,20,180,2025-11-11T11:37:00,1762841220000,45,1167.7
2025-11-11T10:52:00,1762838520000,BANKNIFTY,retrieval,,,20,180,2025-11-11T11:38:00,1762841280000,46,1167.7
2025-11-11T10:52:00,1762838520000,BANKNIFTY,retrieval,,,20,180,2025-11-11T11:39:00,1762841340000,47,1167.7
2025-11-11T10:52:00,1762838520000,BANKNIFTY,retrieval,,,20,180,2025-11-11T11:40:00,1762841400000,48,1167.7
2025-11-11T10:52:00,1762838520000,BANKNIFTY,retrieval,,,20,180,2025-11-11T11:41:00,1762841460000,49,1167.7
2025-11-11T10:52:00,1762838520000,BANKNIFTY,retrieval,,,20,180,2025-11-11T11:42:00,1762841520000,50,1167.7
2025-11-11T10:52:00,1762838520000,BANKNIFTY,retrieval,,,20,180,2025-11-11T11:43:00,1762841580000,51,1167.7
2025-11-11T10:52:00,1762838520000,BANKNIFTY,retrieval,,,20,180,2025-11-11T11:44:00,1762841640000,52,1167.7
2025-11-11T10:52:00,1762838520000,BANKNIFTY,retrieval,,,20,180,2025-11-11T11:45:00,1762841700000,53,1167.7
2025-11-11T10:52:00,1762838520000,BANKNIFTY,retrieval,,,20,180,2025-11-11T11:46:00,1762841760000,54,1167.7
2025-11-11T10:52:00,1762838520000,BANKNIFTY,retrieval,,,20,180,2025-11-11T11:47:00,1762841820000,55,1167.7
2025-11-11T10:52:00,1762838520000,BANKNIFTY,retrieval,,,20,180,2025-11-11T11:48:00,1762841880000,56,1167.7
2025-11-11T10:52:00,1762838520000,BANKNIFTY,retrieval,,,20,180,2025-11-11T11:49:00,1762841940000,57,1167.7
2025-11-11T10:52:00,1762838520000,BANKNIFTY,retrieval,,,20,180,2025-11-11T11:50:00,1762842000000,58,1167.7
2025-11-11T10:52:00,1762838520000,BANKNIFTY,retrieval,,,20,180,2025-11-11T11:51:00,1762842060000,59,1167.7
2025-11-11T10:52:00,1762838520000,BANKNIFTY,retrieval,,,20,180,2025-11-11T11:52:00,1762842120000,60,1167.7
2025-11-11T10:52:00,1762838520000,BANKNIFTY,hybrid,0.8695652173913043,,15,120,2025-11-11T10:53:00,1762838580000,1,1167.7
2025-11-11T10:52:00,1762838520000,BANKNIFTY,hybrid,0.8695652173913043,,15,120,2025-11-11T10:54:00,1762838640000,2,1165.4469346743529
2025-11-11T10:52:00,1762838520000,BANKNIFTY,hybrid,0.8695652173913043,,15,120,2025-11-11T10:55:00,1762838700000,3,1166.8542796912618
2025-11-11T10:52:00,1762838520000,BANKNIFTY,hybrid,0.8695652173913043,,15,120,2025-11-11T10:56:00,1762838760000,4,1167.7000660988915
2025-11-11T10:52:00,1762838520000,BANKNIFTY,hybrid,0.8695652173913043,,15,120,2025-11-11T10:57:00,1762838820000,5,1167.7879740097403
2025-11-11T10:52:00,1762838520000,BANKNIFTY,hybrid,0.8695652173913043,,15,120,2025-11-11T10:58:00,1762838880000,6,1167.6580806804834
2025-11-11T10:52:00,1762838520000,BANKNIFTY,hybrid,0.8695652173913043,,15,120,2025-11-11T10:59:00,1762838940000,7,1168.8934645846905
2025-11-11T10:52:00,1762838520000,BANKNIFTY,hybrid,0.8695652173913043,,15,120,2025-11-11T11:00:00,1762839000000,8,1168.6711057078157
2025-11-11T10:52:00,1762838520000,BANKNIFTY,hybrid,0.8695652173913043,,15,120,2025-11-11T11:01:00,1762839060000,9,1168.3994207919093
2025-11-11T10:52:00,1762838520000,BANKNIFTY,hybrid,0.8695652173913043,,15,120,2025-11-11T11:02:00,1762839120000,10,1168.4780640002332
2025-11-11T10:52:00,1762838520000,BANKNIFTY,hybrid,0.8695652173913043,,15,120,2025-11-11T11:03:00,1762839180000,11,1169.2913445161187
2025-11-11T10:52:00,1762838520000,BANKNIFTY,hybrid,0.8695652173913043,,15,120,2025-11-11T11:04:00,1762839240000,12,1166.8495232179575
2025-11-11T10:52:00,1762838520000,BANKNIFTY,hybrid,0.8695652173913043,,15,120,2025-11-11T11:05:00,1762839300000,13,1167.5267893853368
2025-11-11T10:52:00,1762838520000,BANKNIFTY,hybrid,0.8695652173913043,,15,120,2025-11-11T11:06:00,1762839360000,14,1167.5369818854533
2025-11-11T10:52:00,1762838520000,BANKNIFTY,hybrid,0.8695652173913043,,15,120,2025-11-11T11:07:00,1762839420000,15,1167.9367746486912
2025-11-11T10:52:00,1762838520000,BANKNIFTY,hybrid,0.8695652173913043,,15,120,2025-11-11T11:08:00,1762839480000,16,1168.6881137827725
2025-11-11T10:52:00,1762838520000,BANKNIFTY,hybrid,0.8695652173913043,,15,120,2025-11-11T11:09:00,1762839540000,17,1168.3668355459836
2025-11-11T10:52:00,1762838520000,BANKNIFTY,hybrid,0.8695652173913043,,15,120,2025-11-11T11:10:00,1762839600000,18,1165.6171607769957
2025-11-11T10:52:00,1762838520000,BANKNIFTY,hybrid,0.8695652173913043,,15,120,2025-11-11T11:11:00,1762839660000,19,1164.0376452862597
2025-11-11T10:52:00,1762838520000,BANKNIFTY,hybrid,0.8695652173913043,,15,120,2025-11-11T11:12:00,1762839720000,20,1168.0789638862418
2025-11-11T10:52:00,1762838520000,BANKNIFTY,hybrid,0.8695652173913043,,15,120,2025-11-11T11:13:00,1762839780000,21,1166.7342463279751
2025-11-11T10:52:00,1762838520000,BANKNIFTY,hybrid,0.8695652173913043,,15,120,2025-11-11T11:14:00,1762839840000,22,1167.5766556628862
2025-11-11T10:52:00,1762838520000,BANKNIFTY,hybrid,0.8695652173913043,,15,120,2025-11-11T11:15:00,1762839900000,23,1167.2618436264572
2025-11-11T10:52:00,1762838520000,BANKNIFTY,hybrid,0.8695652173913043,,15,120,2025-11-11T11:16:00,1762839960000,24,1169.90049368995
2025-11-11T10:52:00,1762838520000,BANKNIFTY,hybrid,0.8695652173913043,,15,120,2025-11-11T11:17:00,1762840020000,25,1168.7503001648354
2025-11-11T10:52:00,1762838520000,BANKNIFTY,hybrid,0.8695652173913043,,15,120,2025-11-11T11:18:00,1762840080000,26,1169.7955378315503
2025-11-11T10:52:00,1762838520000,BANKNIFTY,hybrid,0.8695652173913043,,15,120,2025-11-11T11:19:00,1762840140000,27,1168.5037920677225
2025-11-11T10:52:00,1762838520000,BANKNIFTY,hybrid,0.8695652173913043,,15,120,2025-11-11T11:20:00,1762840200000,28,1167.0169491244958
2025-11-11T10:52:00,1762838520000,BANKNIFTY,hybrid,0.8695652173913043,,15,120,2025-11-11T11:21:00,1762840260000,29,1167.8652214972105
2025-11-11T10:52:00,1762838520000,BANKNIFTY,hybrid,0.8695652173913043,,15,120,2025-11-11T11:22:00,1762840320000,30,1165.7774303115104
2025-11-11T10:52:00,1762838520000,BANKNIFTY,hybrid,0.8695652173913043,,15,120,2025-11-11T11:23:00,1762840380000,31,1166.718826259233
2025-11-11T10:52:00,1762838520000,BANKNIFTY,hybrid,0.8695652173913043,,15,120,2025-11-11T11:24:00,1762840440000,32,1166.3542316835894
2025-11-11T10:52:00,1762838520000,BANKNIFTY,hybrid,0.8695652173913043,,15,120,2025-11-11T11:25:00,1762840500000,33,1166.786866107644
2025-11-11T10:52:00,1762838520000,BANKNIFTY,hybrid,0.8695652173913043,,15,120,2025-11-11T11:26:00,1762840560000,34,1166.4731414587213
2025-11-11T10:52:00,1762838520000,BANKNIFTY,hybrid,0.8695652173913043,,15,120,2025-11-11T11:27:00,1762840620000,35,1166.652032042144
2025-11-11T10:52:00,1762838520000,BANKNIFTY,hybrid,0.8695652173913043,,15,120,2025-11-11T11:28:00,1762840680000,36,1165.4606169449446
2025-11-11T10:52:00,1762838520000,BANKNIFTY,hybrid,0.8695652173913043,,15,120,2025-11-11T11:29:00,1762840740000,37,1166.606299137929
2025-11-11T10:52:00,1762838520000,BANKNIFTY,hybrid,0.8695652173913043,,15,120,2025-11-11T11:30:00,1762840800000,38,1165.677359924155
2025-11-11T10:52:00,1762838520000,BANKNIFTY,hybrid,0.8695652173913043,,15,120,2025-11-11T11:31:00,1762840860000,39,1166.1097533835414
2025-11-11T10:52:00,1762838520000,BANKNIFTY,hybrid,0.8695652173913043,,15,120,2025-11-11T11:32:00,1762840920000,40,1165.2103428669882
2025-11-11T10:52:00,1762838520000,BANKNIFTY,hybrid,0.8695652173913043,,15,120,2025-11-11T11:33:00,1762840980000,41,1168.4001633514893
2025-11-11T10:52:00,1762838520000,BANKNIFTY,hybrid,0.8695652173913043,,15,120,2025-11-11T11:34:00,1762841040000,42,1164.8913760549126
2025-11-11T10:52:00,1762838520000,BANKNIFTY,hybrid,0.8695652173913043,,15,120,2025-11-11T11:35:00,1762841100000,43,1167.7036088679288
2025-11-11T10:52:00,1762838520000,BANKNIFTY,hybrid,0.8695652173913043,,15,120,2025-11-11T11:36:00,1762841160000,44,1164.1890550477078
2025-11-11T10:52:00,1762838520000,BANKNIFTY,hybrid,0.8695652173913043,,15,120,2025-11-11T11:37:00,1762841220000,45,1164.267923949586
2025-11-11T10:52:00,1762838520000,BANKNIFTY,hybrid,0.8695652173913043,,15,120,2025-11-11T11:38:00,1762841280000,46,1166.3370226206305
2025-11-11T10:52:00,1762838520000,BANKNIFTY,hybrid,0.8695652173913043,,15,120,2025-11-11T11:39:00,1762841340000,47,1165.0099561148934
2025-11-11T10:52:00,1762838520000,BANKNIFTY,hybrid,0.8695652173913043,,15,120,2025-11-11T11:40:00,1762841400000,48,1164.9241874725083
2025-11-11T10:52:00,1762838520000,BANKNIFTY,hybrid,0.8695652173913043,,15,120,2025-11-11T11:41:00,1762841460000,49,1163.2737460565068
2025-11-11T10:52:00,1762838520000,BANKNIFTY,hybrid,0.8695652173913043,,15,120,2025-11-11T11:42:00,1762841520000,50,1162.298525348506
2025-11-11T10:52:00,1762838520000,BANKNIFTY,hybrid,0.8695652173913043,,15,120,2025-11-11T11:43:00,1762841580000,51,1161.6524033757196
2025-11-11T10:52:00,1762838520000,BANKNIFTY,hybrid,0.8695652173913043,,15,120,2025-11-11T11:44:00,1762841640000,52,1162.033138473465
2025-11-11T10:52:00,1762838520000,BANKNIFTY,hybrid,0.8695652173913043,,15,120,2025-11-11T11:45:00,1762841700000,53,1161.8132210873919
2025-11-11T10:52:00,1762838520000,BANKNIFTY,hybrid,0.8695652173913043,,15,120,2025-11-11T11:46:00,1762841760000,54,1163.3881781648615
2025-11-11T10:52:00,1762838520000,BANKNIFTY,hybrid,0.8695652173913043,,15,120,2025-11-11T11:47:00,1762841820000,55,1161.324053822834
2025-11-11T10:52:00,1762838520000,BANKNIFTY,hybrid,0.8695652173913043,,15,120,2025-11-11T11:48:00,1762841880000,56,1160.9276324110829
2025-11-11T10:52:00,1762838520000,BANKNIFTY,hybrid,0.8695652173913043,,15,120,2025-11-11T11:49:00,1762841940000,57,1163.807859713306
2025-11-11T10:52:00,1762838520000,BANKNIFTY,hybrid,0.8695652173913043,,15,120,2025-11-11T11:50:00,1762842000000,58,1166.383344018328
2025-11-11T10:52:00,1762838520000,BANKNIFTY,hybrid,0.8695652173913043,,15,120,2025-11-11T11:51:00,1762842060000,59,1167.543564309373
2025-11-11T10:52:00,1762838520000,BANKNIFTY,hybrid,0.8695652173913043,,15,120,2025-11-11T11:52:00,1762842120000,60,1168.205465595597
2025-11-11T11:43:30,1762841610000,BANKNIFTY,hybrid,0.8695652173913043,16,15,120,2025-11-11T11:44:30,1762841670000,1,1155.6
2025-11-11T11:43:30,1762841610000,BANKNIFTY,hybrid,0.8695652173913043,16,15,120,2025-11-11T11:45:30,1762841730000,2,1155.101302943013
2025-11-11T11:43:30,1762841610000,BANKNIFTY,hybrid,0.8695652173913043,16,15,120,2025-11-11T11:46:30,1762841790000,3,1156.539824500353
2025-11-11T11:43:30,1762841610000,BANKNIFTY,hybrid,0.8695652173913043,16,15,120,2025-11-11T11:47:30,1762841850000,4,1157.2764024473847
2025-11-11T11:43:30,1762841610000,BANKNIFTY,hybrid,0.8695652173913043,16,15,120,2025-11-11T11:48:30,1762841910000,5,1154.3758723976448
2025-11-11T11:43:30,1762841610000,BANKNIFTY,hybrid,0.8695652173913043,16,15,120,2025-11-11T11:49:30,1762841970000,6,1154.0375212243441
2025-11-11T11:43:30,1762841610000,BANKNIFTY,hybrid,0.8695652173913043,16,15,120,2025-11-11T11:50:30,1762842030000,7,1153.9339770530787
2025-11-11T11:43:30,1762841610000,BANKNIFTY,hybrid,0.8695652173913043,16,15,120,2025-11-11T11:51:30,1762842090000,8,1158.0432050307566
2025-11-11T11:43:30,1762841610000,BANKNIFTY,hybrid,0.8695652173913043,16,15,120,2025-11-11T11:52:30,1762842150000,9,1158.2867966586075
2025-11-11T11:43:30,1762841610000,BANKNIFTY,hybrid,0.8695652173913043,16,15,120,2025-11-11T11:53:30,1762842210000,10,1153.813201218917
2025-11-11T11:43:30,1762841610000,BANKNIFTY,hybrid,0.8695652173913043,16,15,120,2025-11-11T11:54:30,1762842270000,11,1158.0288982104673
2025-11-11T11:43:30,1762841610000,BANKNIFTY,hybrid,0.8695652173913043,16,15,120,2025-11-11T11:55:30,1762842330000,12,1155.2507715619176
2025-11-11T11:43:30,1762841610000,BANKNIFTY,hybrid,0.8695652173913043,16,15,120,2025-11-11T11:56:30,1762842390000,13,1156.6205423793626
2025-11-11T11:43:30,1762841610000,BANKNIFTY,hybrid,0.8695652173913043,16,15,120,2025-11-11T11:57:30,1762842450000,14,1156.6314211217073
2025-11-11T11:43:30,1762841610000,BANKNIFTY,hybrid,0.8695652173913043,16,15,120,2025-11-11T11:58:30,1762842510000,15,1156.6310747976704
2025-11-11T11:43:30,1762841610000,BANKNIFTY,hybrid,0.8695652173913043,16,15,120,2025-11-11T11:59:30,1762842570000,16,1155.5097414175152
2025-11-11T11:43:30,1762841610000,BANKNIFTY,hybrid,0.8695652173913043,16,15,120,2025-11-11T12:00:30,1762842630000,17,1154.6630021065462
2025-11-11T11:43:30,1762841610000,BANKNIFTY,hybrid,0.8695652173913043,16,15,120,2025-11-11T12:01:30,1762842690000,18,1153.958152057525
2025-11-11T11:43:30,1762841610000,BANKNIFTY,hybrid,0.8695652173913043,16,15,120,2025-11-11T12:02:30,1762842750000,19,1153.1692740171177
2025-11-11T11:43:30,1762841610000,BANKNIFTY,hybrid,0.8695652173913043,16,15,120,2025-11-11T12:03:30,1762842810000,20,1153.2530425778184
2025-11-11T11:43:30,1762841610000,BANKNIFTY,hybrid,0.8695652173913043,16,15,120,2025-11-11T12:04:30,1762842870000,21,1153.3936314520824
2025-11-11T11:43:30,1762841610000,BANKNIFTY,hybrid,0.8695652173913043,16,15,120,2025-11-11T12:05:30,1762842930000,22,1153.75285774807
2025-11-11T11:43:30,1762841610000,BANKNIFTY,hybrid,0.8695652173913043,16,15,120,2025-11-11T12:06:30,1762842990000,23,1155.70862361552
2025-11-11T11:43:30,1762841610000,BANKNIFTY,hybrid,0.8695652173913043,16,15,120,2025-11-11T12:07:30,1762843050000,24,1155.930044765361
2025-11-11T11:43:30,1762841610000,BANKNIFTY,hybrid,0.8695652173913043,16,15,120,2025-11-11T12:08:30,1762843110000,25,1155.8231792270763
2025-11-11T11:43:30,1762841610000,BANKNIFTY,hybrid,0.8695652173913043,16,15,120,2025-11-11T12:09:30,1762843170000,26,1154.3095238995818
2025-11-11T11:43:30,1762841610000,BANKNIFTY,hybrid,0.8695652173913043,16,15,120,2025-11-11T12:10:30,1762843230000,27,1156.346947306362
2025-11-11T11:43:30,1762841610000,BANKNIFTY,hybrid,0.8695652173913043,16,15,120,2025-11-11T12:11:30,1762843290000,28,1153.8461657010146
2025-11-11T11:43:30,1762841610000,BANKNIFTY,hybrid,0.8695652173913043,16,15,120,2025-11-11T12:12:30,1762843350000,29,1155.8963607001542
2025-11-11T11:43:30,1762841610000,BANKNIFTY,hybrid,0.8695652173913043,16,15,120,2025-11-11T12:13:30,1762843410000,30,1154.5147271084259
2025-11-11T11:43:30,1762841610000,BANKNIFTY,hybrid,0.8695652173913043,16,15,120,2025-11-11T12:14:30,1762843470000,31,1156.0954056129349
2025-11-11T11:43:30,1762841610000,BANKNIFTY,hybrid,0.8695652173913043,16,15,120,2025-11-11T12:15:30,1762843530000,32,1154.541031870704
2025-11-11T11:43:30,1762841610000,BANKNIFTY,hybrid,0.8695652173913043,16,15,120,2025-11-11T12:16:30,1762843590000,33,1154.5270026528437
2025-11-11T11:43:30,1762841610000,BANKNIFTY,hybrid,0.8695652173913043,16,15,120,2025-11-11T12:17:30,1762843650000,34,1154.3314190978144
2025-11-11T11:43:30,1762841610000,BANKNIFTY,hybrid,0.8695652173913043,16,15,120,2025-11-11T12:18:30,1762843710000,35,1153.4101009221206
2025-11-11T11:43:30,1762841610000,BANKNIFTY,hybrid,0.8695652173913043,16,15,120,2025-11-11T12:19:30,1762843770000,36,1150.3113874503356
2025-11-11T11:43:30,1762841610000,BANKNIFTY,hybrid,0.8695652173913043,16,15,120,2025-11-11T12:20:30,1762843830000,37,1150.5618828513395
2025-11-11T11:43:30,1762841610000,BANKNIFTY,hybrid,0.8695652173913043,16,15,120,2025-11-11T12:21:30,1762843890000,38,1154.5488254244624
2025-11-11T11:43:30,1762841610000,BANKNIFTY,hybrid,0.8695652173913043,16,15,120,2025-11-11T12:22:30,1762843950000,39,1152.7518155305302
2025-11-11T11:43:30,1762841610000,BANKNIFTY,hybrid,0.8695652173913043,16,15,120,2025-11-11T12:23:30,1762844010000,40,1153.2830301894508
2025-11-11T11:43:30,1762841610000,BANKNIFTY,hybrid,0.8695652173913043,16,15,120,2025-11-11T12:24:30,1762844070000,41,1150.295454585469
2025-11-11T11:43:30,1762841610000,BANKNIFTY,hybrid,0.8695652173913043,16,15,120,2025-11-11T12:25:30,1762844130000,42,1151.90285750323
2025-11-11T11:43:30,1762841610000,BANKNIFTY,hybrid,0.8695652173913043,16,15,120,2025-11-11T12:26:30,1762844190000,43,1150.506758258022
2025-11-11T11:43:30,1762841610000,BANKNIFTY,hybrid,0.8695652173913043,16,15,120,2025-11-11T12:27:30,1762844250000,44,1150.4167465449275
2025-11-11T11:43:30,1762841610000,BANKNIFTY,hybrid,0.8695652173913043,16,15,120,2025-11-11T12:28:30,1762844310000,45,1150.385304013122
2025-11-11T11:43:30,1762841610000,BANKNIFTY,hybrid,0.8695652173913043,16,15,120,2025-11-11T12:29:30,1762844370000,46,1154.2518179914418
2025-11-11T11:43:30,1762841610000,BANKNIFTY,hybrid,0.8695652173913043,16,15,120,2025-11-11T12:30:30,1762844430000,47,1151.6440511307019
2025-11-11T11:43:30,1762841610000,BANKNIFTY,hybrid,0.8695652173913043,16,15,120,2025-11-11T12:31:30,1762844490000,48,1151.8210461753547
2025-11-11T11:43:30,1762841610000,BANKNIFTY,hybrid,0.8695652173913043,16,15,120,2025-11-11T12:32:30,1762844550000,49,1147.3010269979327
2025-11-11T11:43:30,1762841610000,BANKNIFTY,hybrid,0.8695652173913043,16,15,120,2025-11-11T12:33:30,1762844610000,50,1147.6761371563862
2025-11-11T11:43:30,1762841610000,BANKNIFTY,hybrid,0.8695652173913043,16,15,120,2025-11-11T12:34:30,1762844670000,51,1149.5830077650464
2025-11-11T11:43:30,1762841610000,BANKNIFTY,hybrid,0.8695652173913043,16,15,120,2025-11-11T12:35:30,1762844730000,52,1148.9921883948061
2025-11-11T11:43:30,1762841610000,BANKNIFTY,hybrid,0.8695652173913043,16,15,120,2025-11-11T12:36:30,1762844790000,53,1151.2248704240355
2025-11-11T11:43:30,1762841610000,BANKNIFTY,hybrid,0.8695652173913043,16,15,120,2025-11-11T12:37:30,1762844850000,54,1144.8708565138656
2025-11-11T11:43:30,1762841610000,BANKNIFTY,hybrid,0.8695652173913043,16,15,120,2025-11-11T12:38:30,1762844910000,55,1144.7232716574058
2025-11-11T11:43:30,1762841610000,BANKNIFTY,hybrid,0.8695652173913043,16,15,120,2025-11-11T12:39:30,1762844970000,56,1149.5295217206026
2025-11-11T11:43:30,1762841610000,BANKNIFTY,hybrid,0.8695652173913043,16,15,120,2025-11-11T12:40:30,1762845030000,57,1148.963048229349
2025-11-11T11:43:30,1762841610000,BANKNIFTY,hybrid,0.8695652173913043,16,15,120,2025-11-11T12:41:30,1762845090000,58,1148.8648574898905
2025-11-11T11:43:30,1762841610000,BANKNIFTY,hybrid,0.8695652173913043,16,15,120,2025-11-11T12:42:30,1762845150000,59,1149.7255847503723
2025-11-11T11:43:30,1762841610000,BANKNIFTY,hybrid,0.8695652173913043,16,15,120,2025-11-11T12:43:30,1762845210000,60,1148.3158341437775
2025-11-11T11:44:00,1762841640000,BANKNIFTY,hybrid,0.8695652173913043,15,15,120,2025-11-11T11:45:00,1762841700000,1,1156.5
2025-11-11T11:44:00,1762841640000,BANKNIFTY,hybrid,0.8695652173913043,15,15,120,2025-11-11T11:46:00,1762841760000,2,1155.7982550866666
2025-11-11T11:44:00,1762841640000,BANKNIFTY,hybrid,0.8695652173913043,15,15,120,2025-11-11T11:47:00,1762841820000,3,1157.2310047160322
2025-11-11T11:44:00,1762841640000,BANKNIFTY,hybrid,0.8695652173913043,15,15,120,2025-11-11T11:48:00,1762841880000,4,1157.7494178353859
2025-11-11T11:44:00,1762841640000,BANKNIFTY,hybrid,0.8695652173913043,15,15,120,2025-11-11T11:49:00,1762841940000,5,1154.9390058560261
2025-11-11T11:44:00,1762841640000,BANKNIFTY,hybrid,0.8695652173913043,15,15,120,2025-11-11T11:50:00,1762842000000,6,1154.870261684145
2025-11-11T11:44:00,1762841640000,BANKNIFTY,hybrid,0.8695652173913043,15,15,120,2025-11-11T11:51:00,1762842060000,7,1154.581515459756
2025-11-11T11:44:00,1762841640000,BANKNIFTY,hybrid,0.8695652173913043,15,15,120,2025-11-11T11:52:00,1762842120000,8,1158.7667170192967
2025-11-11T11:44:00,1762841640000,BANKNIFTY,hybrid,0.8695652173913043,15,15,120,2025-11-11T11:53:00,1762842180000,9,1156.482328954145
2025-11-11T11:44:00,1762841640000,BANKNIFTY,hybrid,0.8695652173913043,15,15,120,2025-11-11T11:54:00,1762842240000,10,1156.5161273425858
2025-11-11T11:44:00,1762841640000,BANKNIFTY,hybrid,0.8695652173913043,15,15,120,2025-11-11T11:55:00,1762842300000,11,1158.8181596325544
2025-11-11T11:44:00,1762841640000,BANKNIFTY,hybrid,0.8695652173913043,15,15,120,2025-11-11T11:56:00,1762842360000,12,1156.0014510217989
2025-11-11T11:44:00,1762841640000,BANKNIFTY,hybrid,0.8695652173913043,15,15,120,2025-11-11T11:57:00,1762842420000,13,1157.3002140243784
2025-11-11T11:44:00,1762841640000,BANKNIFTY,hybrid,0.8695652173913043,15,15,120,2025-11-11T11:58:00,1762842480000,14,1157.8092640676516
2025-11-11T11:44:00,1762841640000,BANKNIFTY,hybrid,0.8695652173913043,15,15,120,2025-11-11T11:59:00,1762842540000,15,1156.6957446234505
2025-11-11T11:44:00,1762841640000,BANKNIFTY,hybrid,0.8695652173913043,15,15,120,2025-11-11T12:00:00,1762842600000,16,1155.3285696313824
2025-11-11T11:44:00,1762841640000,BANKNIFTY,hybrid,0.8695652173913043,15,15,120,2025-11-11T12:01:00,1762842660000,17,1154.675329615941
2025-11-11T11:44:00,1762841640000,BANKNIFTY,hybrid,0.8695652173913043,15,15,120,2025-11-11T12:02:00,1762842720000,18,1154.0171218758428
2025-11-11T11:44:00,1762841640000,BANKNIFTY,hybrid,0.8695652173913043,15,15,120,2025-11-11T12:03:00,1762842780000,19,1153.3230602833678
2025-11-11T11:44:00,1762841640000,BANKNIFTY,hybrid,0.8695652173913043,15,15,120,2025-11-11T12:04:00,1762842840000,20,1152.7064355453194
2025-11-11T11:44:00,1762841640000,BANKNIFTY,hybrid,0.8695652173913043,15,15,120,2025-11-11T12:05:00,1762842900000,21,1153.657123924554
2025-11-11T11:44:00,1762841640000,BANKNIFTY,hybrid,0.8695652173913043,15,15,120,2025-11-11T12:06:00,1762842960000,22,1154.0696911767068
2025-11-11T11:44:00,1762841640000,BANKNIFTY,hybrid,0.8695652173913043,15,15,120,2025-11-11T12:07:00,1762843020000,23,1156.3185099229868
2025-11-11T11:44:00,1762841640000,BANKNIFTY,hybrid,0.8695652173913043,15,15,120,2025-11-11T12:08:00,1762843080000,24,1156.0112750553947
2025-11-11T11:44:00,1762841640000,BANKNIFTY,hybrid,0.8695652173913043,15,15,120,2025-11-11T12:09:00,1762843140000,25,1156.2746594428934
2025-11-11T11:44:00,1762841640000,BANKNIFTY,hybrid,0.8695652173913043,15,15,120,2025-11-11T12:10:00,1762843200000,26,1154.599205135702
2025-11-11T11:44:00,1762841640000,BANKNIFTY,hybrid,0.8695652173913043,15,15,120,2025-11-11T12:11:00,1762843260000,27,1156.0221237651785
2025-11-11T11:44:00,1762841640000,BANKNIFTY,hybrid,0.8695652173913043,15,15,120,2025-11-11T12:12:00,1762843320000,28,1154.0693410995939
2025-11-11T11:44:00,1762841640000,BANKNIFTY,hybrid,0.8695652173913043,15,15,120,2025-11-11T12:13:00,1762843380000,29,1155.7321948934093
2025-11-11T11:44:00,1762841640000,BANKNIFTY,hybrid,0.8695652173913043,15,15,120,2025-11-11T12:14:00,1762843440000,30,1154.5960688409182
2025-11-11T11:44:00,1762841640000,BANKNIFTY,hybrid,0.8695652173913043,15,15,120,2025-11-11T12:15:00,1762843500000,31,1155.7299796627246
2025-11-11T11:44:00,1762841640000,BANKNIFTY,hybrid,0.8695652173913043,15,15,120,2025-11-11T12:16:00,1762843560000,32,1154.2380324130775
2025-11-11T11:44:00,1762841640000,BANKNIFTY,hybrid,0.8695652173913043,15,15,120,2025-11-11T12:17:00,1762843620000,33,1154.3933949751456
2025-11-11T11:44:00,1762841640000,BANKNIFTY,hybrid,0.8695652173913043,15,15,120,2025-11-11T12:18:00,1762843680000,34,1154.021393073879
2025-11-11T11:44:00,1762841640000,BANKNIFTY,hybrid,0.8695652173913043,15,15,120,2025-11-11T12:19:00,1762843740000,35,1153.4347236087199
2025-11-11T11:44:00,1762841640000,BANKNIFTY,hybrid,0.8695652173913043,15,15,120,2025-11-11T12:20:00,1762843800000,36,1150.6078352309437
2025-11-11T11:44:00,1762841640000,BANKNIFTY,hybrid,0.8695652173913043,15,15,120,2025-11-11T12:21:00,1762843860000,37,1151.2517583200502
2025-11-11T11:44:00,1762841640000,BANKNIFTY,hybrid,0.8695652173913043,15,15,120,2025-11-11T12:22:00,1762843920000,38,1155.297218943601
2025-11-11T11:44:00,1762841640000,BANKNIFTY,hybrid,0.8695652173913043,15,15,120,2025-11-11T12:23:00,1762843980000,39,1153.131420472849
2025-11-11T11:44:00,1762841640000,BANKNIFTY,hybrid,0.8695652173913043,15,15,120,2025-11-11T12:24:00,1762844040000,40,1153.8125723040803
2025-11-11T11:44:00,1762841640000,BANKNIFTY,hybrid,0.8695652173913043,15,15,120,2025-11-11T12:25:00,1762844100000,41,1150.4106975232219
2025-11-11T11:44:00,1762841640000,BANKNIFTY,hybrid,0.8695652173913043,15,15,120,2025-11-11T12:26:00,1762844160000,42,1152.4151404157894
2025-11-11T11:44:00,1762841640000,BANKNIFTY,hybrid,0.8695652173913043,15,15,120,2025-11-11T12:27:00,1762844220000,43,1151.548968379394
2025-11-11T11:44:00,1762841640000,BANKNIFTY,hybrid,0.8695652173913043,15,15,120,2025-11-11T12:28:00,1762844280000,44,1151.0277038472
2025-11-11T11:44:00,1762841640000,BANKNIFTY,hybrid,0.8695652173913043,15,15,120,2025-11-11T12:29:00,1762844340000,45,1151.3353994653403
2025-11-11T11:44:00,1762841640000,BANKNIFTY,hybrid,0.8695652173913043,15,15,120,2025-11-11T12:30:00,1762844400000,46,1155.2852488249443
2025-11-11T11:44:00,1762841640000,BANKNIFTY,hybrid,0.8695652173913043,15,15,120,2025-11-11T12:31:00,1762844460000,47,1152.5619655063508
2025-11-11T11:44:00,1762841640000,BANKNIFTY,hybrid,0.8695652173913043,15,15,120,2025-11-11T12:32:00,1762844520000,48,1150.360507166377
2025-11-11T11:44:00,1762841640000,BANKNIFTY,hybrid,0.8695652173913043,15,15,120,2025-11-11T12:33:00,1762844580000,49,1146.8079712001186
2025-11-11T11:44:00,1762841640000,BANKNIFTY,hybrid,0.8695652173913043,15,15,120,2025-11-11T12:34:00,1762844640000,50,1147.3445060992526
2025-11-11T11:44:00,1762841640000,BANKNIFTY,hybrid,0.8695652173913043,15,15,120,2025-11-11T12:35:00,1762844700000,51,1151.2743318427279
2025-11-11T11:44:00,1762841640000,BANKNIFTY,hybrid,0.8695652173913043,15,15,120,2025-11-11T12:36:00,1762844760000,52,1149.4605684500102
2025-11-11T11:44:00,1762841640000,BANKNIFTY,hybrid,0.8695652173913043,15,15,120,2025-11-11T12:37:00,1762844820000,53,1151.1798403935286
2025-11-11T11:44:00,1762841640000,BANKNIFTY,hybrid,0.8695652173913043,15,15,120,2025-11-11T12:38:00,1762844880000,54,1146.2649993086395
2025-11-11T11:44:00,1762841640000,BANKNIFTY,hybrid,0.8695652173913043,15,15,120,2025-11-11T12:39:00,1762844940000,55,1146.1061430782916
2025-11-11T11:44:00,1762841640000,BANKNIFTY,hybrid,0.8695652173913043,15,15,120,2025-11-11T12:40:00,1762845000000,56,1150.7352989459346
2025-11-11T11:44:00,1762841640000,BANKNIFTY,hybrid,0.8695652173913043,15,15,120,2025-11-11T12:41:00,1762845060000,57,1150.7072533786102
2025-11-11T11:44:00,1762841640000,BANKNIFTY,hybrid,0.8695652173913043,15,15,120,2025-11-11T12:42:00,1762845120000,58,1150.4794528856592
2025-11-11T11:44:00,1762841640000,BANKNIFTY,hybrid,0.8695652173913043,15,15,120,2025-11-11T12:43:00,1762845180000,59,1151.212965524454
2025-11-11T11:44:00,1762841640000,BANKNIFTY,hybrid,0.8695652173913043,15,15,120,2025-11-11T12:44:00,1762845240000,60,1150.200252587321
2025-11-11T11:44:00,1762841640000,BANKNIFTY,hybrid,0.8695652173913043,,15,120,2025-11-11T11:45:00,1762841700000,1,1156.5
2025-11-11T11:44:00,1762841640000,BANKNIFTY,hybrid,0.8695652173913043,,15,120,2025-11-11T11:46:00,1762841760000,2,1155.7982550866666
2025-11-11T11:44:00,1762841640000,BANKNIFTY,hybrid,0.8695652173913043,,15,120,2025-11-11T11:47:00,1762841820000,3,1157.2310047160322
2025-11-11T11:44:00,1762841640000,BANKNIFTY,hybrid,0.8695652173913043,,15,120,2025-11-11T11:48:00,1762841880000,4,1157.7494178353859
2025-11-11T11:44:00,1762841640000,BANKNIFTY,hybrid,0.8695652173913043,,15,120,2025-11-11T11:49:00,1762841940000,5,1154.9390058560261
2025-11-11T11:44:00,1762841640000,BANKNIFTY,hybrid,0.8695652173913043,,15,120,2025-11-11T11:50:00,1762842000000,6,1154.870261684145
2025-11-11T11:44:00,1762841640000,BANKNIFTY,hybrid,0.8695652173913043,,15,120,2025-11-11T11:51:00,1762842060000,7,1154.581515459756
2025-11-11T11:44:00,1762841640000,BANKNIFTY,hybrid,0.8695652173913043,,15,120,2025-11-11T11:52:00,1762842120000,8,1158.7667170192967
2025-11-11T11:44:00,1762841640000,BANKNIFTY,hybrid,0.8695652173913043,,15,120,2025-11-11T11:53:00,1762842180000,9,1156.482328954145
2025-11-11T11:44:00,1762841640000,BANKNIFTY,hybrid,0.8695652173913043,,15,120,2025-11-11T11:54:00,1762842240000,10,1156.5161273425858
2025-11-11T11:44:00,1762841640000,BANKNIFTY,hybrid,0.8695652173913043,,15,120,2025-11-11T11:55:00,1762842300000,11,1158.8181596325544
2025-11-11T11:44:00,1762841640000,BANKNIFTY,hybrid,0.8695652173913043,,15,120,2025-11-11T11:56:00,1762842360000,12,1156.0014510217989
2025-11-11T11:44:00,1762841640000,BANKNIFTY,hybrid,0.8695652173913043,,15,120,2025-11-11T11:57:00,1762842420000,13,1157.3002140243784
2025-11-11T11:44:00,1762841640000,BANKNIFTY,hybrid,0.8695652173913043,,15,120,2025-11-11T11:58:00,1762842480000,14,1157.8092640676516
2025-11-11T11:44:00,1762841640000,BANKNIFTY,hybrid,0.8695652173913043,,15,120,2025-11-11T11:59:00,1762842540000,15,1156.6957446234505
2025-11-11T11:44:00,1762841640000,BANKNIFTY,hybrid,0.8695652173913043,,15,120,2025-11-11T12:00:00,1762842600000,16,1155.3285696313824
2025-11-11T11:44:00,1762841640000,BANKNIFTY,hybrid,0.8695652173913043,,15,120,2025-11-11T12:01:00,1762842660000,17,1154.675329615941
2025-11-11T11:44:00,1762841640000,BANKNIFTY,hybrid,0.8695652173913043,,15,120,2025-11-11T12:02:00,1762842720000,18,1154.0171218758428
2025-11-11T11:44:00,1762841640000,BANKNIFTY,hybrid,0.8695652173913043,,15,120,2025-11-11T12:03:00,1762842780000,19,1153.3230602833678
2025-11-11T11:44:00,1762841640000,BANKNIFTY,hybrid,0.8695652173913043,,15,120,2025-11-11T12:04:00,1762842840000,20,1152.7064355453194
2025-11-11T11:44:00,1762841640000,BANKNIFTY,hybrid,0.8695652173913043,,15,120,2025-11-11T12:05:00,1762842900000,21,1153.657123924554
2025-11-11T11:44:00,1762841640000,BANKNIFTY,hybrid,0.8695652173913043,,15,120,2025-11-11T12:06:00,1762842960000,22,1154.0696911767068
2025-11-11T11:44:00,1762841640000,BANKNIFTY,hybrid,0.8695652173913043,,15,120,2025-11-11T12:07:00,1762843020000,23,1156.3185099229868
2025-11-11T11:44:00,1762841640000,BANKNIFTY,hybrid,0.8695652173913043,,15,120,2025-11-11T12:08:00,1762843080000,24,1156.0112750553947
2025-11-11T11:44:00,1762841640000,BANKNIFTY,hybrid,0.8695652173913043,,15,120,2025-11-11T12:09:00,1762843140000,25,1156.2746594428934
2025-11-11T11:44:00,1762841640000,BANKNIFTY,hybrid,0.8695652173913043,,15,120,2025-11-11T12:10:00,1762843200000,26,1154.599205135702
2025-11-11T11:44:00,1762841640000,BANKNIFTY,hybrid,0.8695652173913043,,15,120,2025-11-11T12:11:00,1762843260000,27,1156.0221237651785
2025-11-11T11:44:00,1762841640000,BANKNIFTY,hybrid,0.8695652173913043,,15,120,2025-11-11T12:12:00,1762843320000,28,1154.0693410995939
2025-11-11T11:44:00,1762841640000,BANKNIFTY,hybrid,0.8695652173913043,,15,120,2025-11-11T12:13:00,1762843380000,29,1155.7321948934093
2025-11-11T11:44:00,1762841640000,BANKNIFTY,hybrid,0.8695652173913043,,15,120,2025-11-11T12:14:00,1762843440000,30,1154.5960688409182
2025-11-11T11:44:00,1762841640000,BANKNIFTY,hybrid,0.8695652173913043,,15,120,2025-11-11T12:15:00,1762843500000,31,1155.7299796627246
2025-11-11T11:44:00,1762841640000,BANKNIFTY,hybrid,0.8695652173913043,,15,120,2025-11-11T12:16:00,1762843560000,32,1154.2380324130775
2025-11-11T11:44:00,1762841640000,BANKNIFTY,hybrid,0.8695652173913043,,15,120,2025-11-11T12:17:00,1762843620000,33,1154.3933949751456
2025-11-11T11:44:00,1762841640000,BANKNIFTY,hybrid,0.8695652173913043,,15,120,2025-11-11T12:18:00,1762843680000,34,1154.021393073879
2025-11-11T11:44:00,1762841640000,BANKNIFTY,hybrid,0.8695652173913043,,15,120,2025-11-11T12:19:00,1762843740000,35,1153.4347236087199
2025-11-11T11:44:00,1762841640000,BANKNIFTY,hybrid,0.8695652173913043,,15,120,2025-11-11T12:20:00,1762843800000,36,1150.6078352309437
2025-11-11T11:44:00,1762841640000,BANKNIFTY,hybrid,0.8695652173913043,,15,120,2025-11-11T12:21:00,1762843860000,37,1151.2517583200502
2025-11-11T11:44:00,1762841640000,BANKNIFTY,hybrid,0.8695652173913043,,15,120,2025-11-11T12:22:00,1762843920000,38,1155.297218943601
2025-11-11T11:44:00,1762841640000,BANKNIFTY,hybrid,0.8695652173913043,,15,120,2025-11-11T12:23:00,1762843980000,39,1153.131420472849
2025-11-11T11:44:00,1762841640000,BANKNIFTY,hybrid,0.8695652173913043,,15,120,2025-11-11T12:24:00,1762844040000,40,1153.8125723040803
2025-11-11T11:44:00,1762841640000,BANKNIFTY,hybrid,0.8695652173913043,,15,120,2025-11-11T12:25:00,1762844100000,41,1150.4106975232219
2025-11-11T11:44:00,1762841640000,BANKNIFTY,hybrid,0.8695652173913043,,15,120,2025-11-11T12:26:00,1762844160000,42,1152.4151404157894
2025-11-11T11:44:00,1762841640000,BANKNIFTY,hybrid,0.8695652173913043,,15,120,2025-11-11T12:27:00,1762844220000,43,1151.548968379394
2025-11-11T11:44:00,1762841640000,BANKNIFTY,hybrid,0.8695652173913043,,15,120,2025-11-11T12:28:00,1762844280000,44,1151.0277038472
2025-11-11T11:44:00,1762841640000,BANKNIFTY,hybrid,0.8695652173913043,,15,120,2025-11-11T12:29:00,1762844340000,45,1151.3353994653403
2025-11-11T11:44:00,1762841640000,BANKNIFTY,hybrid,0.8695652173913043,,15,120,2025-11-11T12:30:00,1762844400000,46,1155.2852488249443
2025-11-11T11:44:00,1762841640000,BANKNIFTY,hybrid,0.8695652173913043,,15,120,2025-11-11T12:31:00,1762844460000,47,1152.5619655063508
2025-11-11T11:44:00,1762841640000,BANKNIFTY,hybrid,0.8695652173913043,,15,120,2025-11-11T12:32:00,1762844520000,48,1150.360507166377
2025-11-11T11:44:00,1762841640000,BANKNIFTY,hybrid,0.8695652173913043,,15,120,2025-11-11T12:33:00,1762844580000,49,1146.8079712001186
2025-11-11T11:44:00,1762841640000,BANKNIFTY,hybrid,0.8695652173913043,,15,120,2025-11-11T12:34:00,1762844640000,50,1147.3445060992526
2025-11-11T11:44:00,1762841640000,BANKNIFTY,hybrid,0.8695652173913043,,15,120,2025-11-11T12:35:00,1762844700000,51,1151.2743318427279
2025-11-11T11:44:00,1762841640000,BANKNIFTY,hybrid,0.8695652173913043,,15,120,2025-11-11T12:36:00,1762844760000,52,1149.4605684500102
2025-11-11T11:44:00,1762841640000,BANKNIFTY,hybrid,0.8695652173913043,,15,120,2025-11-11T12:37:00,1762844820000,53,1151.1798403935286
2025-11-11T11:44:00,1762841640000,BANKNIFTY,hybrid,0.8695652173913043,,15,120,2025-11-11T12:38:00,1762844880000,54,1146.2649993086395
2025-11-11T11:44:00,1762841640000,BANKNIFTY,hybrid,0.8695652173913043,,15,120,2025-11-11T12:39:00,1762844940000,55,1146.1061430782916
2025-11-11T11:44:00,1762841640000,BANKNIFTY,hybrid,0.8695652173913043,,15,120,2025-11-11T12:40:00,1762845000000,56,1150.7352989459346
2025-11-11T11:44:00,1762841640000,BANKNIFTY,hybrid,0.8695652173913043,,15,120,2025-11-11T12:41:00,1762845060000,57,1150.7072533786102
2025-11-11T11:44:00,1762841640000,BANKNIFTY,hybrid,0.8695652173913043,,15,120,2025-11-11T12:42:00,1762845120000,58,1150.4794528856592
2025-11-11T11:44:00,1762841640000,BANKNIFTY,hybrid,0.8695652173913043,,15,120,2025-11-11T12:43:00,1762845180000,59,1151.212965524454
2025-11-11T11:44:00,1762841640000,BANKNIFTY,hybrid,0.8695652173913043,,15,120,2025-11-11T12:44:00,1762845240000,60,1150.200252587321
2025-11-11T11:44:00,1762841640000,BANKNIFTY,hybrid,0.8695652173913043,,15,120,2025-11-11T11:45:00,1762841700000,1,1156.5
2025-11-11T11:44:00,1762841640000,BANKNIFTY,hybrid,0.8695652173913043,,15,120,2025-11-11T11:46:00,1762841760000,2,1155.7982550866666
2025-11-11T11:44:00,1762841640000,BANKNIFTY,hybrid,0.8695652173913043,,15,120,2025-11-11T11:47:00,1762841820000,3,1157.2310047160322
2025-11-11T11:44:00,1762841640000,BANKNIFTY,hybrid,0.8695652173913043,,15,120,2025-11-11T11:48:00,1762841880000,4,1157.7494178353859
2025-11-11T11:44:00,1762841640000,BANKNIFTY,hybrid,0.8695652173913043,,15,120,2025-11-11T11:49:00,1762841940000,5,1154.9390058560261
2025-11-11T11:44:00,1762841640000,BANKNIFTY,hybrid,0.8695652173913043,,15,120,2025-11-11T11:50:00,1762842000000,6,1154.870261684145
2025-11-11T11:44:00,1762841640000,BANKNIFTY,hybrid,0.8695652173913043,,15,120,2025-11-11T11:51:00,1762842060000,7,1154.581515459756
2025-11-11T11:44:00,1762841640000,BANKNIFTY,hybrid,0.8695652173913043,,15,120,2025-11-11T11:52:00,1762842120000,8,1158.7667170192967
2025-11-11T11:44:00,1762841640000,BANKNIFTY,hybrid,0.8695652173913043,,15,120,2025-11-11T11:53:00,1762842180000,9,1156.482328954145
2025-11-11T11:44:00,1762841640000,BANKNIFTY,hybrid,0.8695652173913043,,15,120,2025-11-11T11:54:00,1762842240000,10,1156.5161273425858
2025-11-11T11:44:00,1762841640000,BANKNIFTY,hybrid,0.8695652173913043,,15,120,2025-11-11T11:55:00,1762842300000,11,1158.8181596325544
2025-11-11T11:44:00,1762841640000,BANKNIFTY,hybrid,0.8695652173913043,,15,120,2025-11-11T11:56:00,1762842360000,12,1156.0014510217989
2025-11-11T11:44:00,1762841640000,BANKNIFTY,hybrid,0.8695652173913043,,15,120,2025-11-11T11:57:00,1762842420000,13,1157.3002140243784
2025-11-11T11:44:00,1762841640000,BANKNIFTY,hybrid,0.8695652173913043,,15,120,2025-11-11T11:58:00,1762842480000,14,1157.8092640676516
2025-11-11T11:44:00,1762841640000,BANKNIFTY,hybrid,0.8695652173913043,,15,120,2025-11-11T11:59:00,1762842540000,15,1156.6957446234505
2025-11-11T11:44:00,1762841640000,BANKNIFTY,hybrid,0.8695652173913043,,15,120,2025-11-11T12:00:00,1762842600000,16,1155.3285696313824
2025-11-11T11:44:00,1762841640000,BANKNIFTY,hybrid,0.8695652173913043,,15,120,2025-11-11T12:01:00,1762842660000,17,1154.675329615941
2025-11-11T11:44:00,1762841640000,BANKNIFTY,hybrid,0.8695652173913043,,15,120,2025-11-11T12:02:00,1762842720000,18,1154.0171218758428
2025-11-11T11:44:00,1762841640000,BANKNIFTY,hybrid,0.8695652173913043,,15,120,2025-11-11T12:03:00,1762842780000,19,1153.3230602833678
2025-11-11T11:44:00,1762841640000,BANKNIFTY,hybrid,0.8695652173913043,,15,120,2025-11-11T12:04:00,1762842840000,20,1152.7064355453194
2025-11-11T11:44:00,1762841640000,BANKNIFTY,hybrid,0.8695652173913043,,15,120,2025-11-11T12:05:00,1762842900000,21,1153.657123924554
2025-11-11T11:44:00,1762841640000,BANKNIFTY,hybrid,0.8695652173913043,,15,120,2025-11-11T12:06:00,1762842960000,22,1154.0696911767068
2025-11-11T11:44:00,1762841640000,BANKNIFTY,hybrid,0.8695652173913043,,15,120,2025-11-11T12:07:00,1762843020000,23,1156.3185099229868
2025-11-11T11:44:00,1762841640000,BANKNIFTY,hybrid,0.8695652173913043,,15,120,2025-11-11T12:08:00,1762843080000,24,1156.0112750553947
2025-11-11T11:44:00,1762841640000,BANKNIFTY,hybrid,0.8695652173913043,,15,120,2025-11-11T12:09:00,1762843140000,25,1156.2746594428934
2025-11-11T11:44:00,1762841640000,BANKNIFTY,hybrid,0.8695652173913043,,15,120,2025-11-11T12:10:00,1762843200000,26,1154.599205135702
2025-11-11T11:44:00,1762841640000,BANKNIFTY,hybrid,0.8695652173913043,,15,120,2025-11-11T12:11:00,1762843260000,27,1156.0221237651785
2025-11-11T11:44:00,1762841640000,BANKNIFTY,hybrid,0.8695652173913043,,15,120,2025-11-11T12:12:00,1762843320000,28,1154.0693410995939
2025-11-11T11:44:00,1762841640000,BANKNIFTY,hybrid,0.8695652173913043,,15,120,2025-11-11T12:13:00,1762843380000,29,1155.7321948934093
2025-11-11T11:44:00,1762841640000,BANKNIFTY,hybrid,0.8695652173913043,,15,120,2025-11-11T12:14:00,1762843440000,30,1154.5960688409182
2025-11-11T11:44:00,1762841640000,BANKNIFTY,hybrid,0.8695652173913043,,15,120,2025-11-11T12:15:00,1762843500000,31,1155.7299796627246
2025-11-11T11:44:00,1762841640000,BANKNIFTY,hybrid,0.8695652173913043,,15,120,2025-11-11T12:16:00,1762843560000,32,1154.2380324130775
2025-11-11T11:44:00,1762841640000,BANKNIFTY,hybrid,0.8695652173913043,,15,120,2025-11-11T12:17:00,1762843620000,33,1154.3933949751456
2025-11-11T11:44:00,1762841640000,BANKNIFTY,hybrid,0.8695652173913043,,15,120,2025-11-11T12:18:00,1762843680000,34,1154.021393073879
2025-11-11T11:44:00,1762841640000,BANKNIFTY,hybrid,0.8695652173913043,,15,120,2025-11-11T12:19:00,1762843740000,35,1153.4347236087199
2025-11-11T11:44:00,1762841640000,BANKNIFTY,hybrid,0.8695652173913043,,15,120,2025-11-11T12:20:00,1762843800000,36,1150.6078352309437
2025-11-11T11:44:00,1762841640000,BANKNIFTY,hybrid,0.8695652173913043,,15,120,2025-11-11T12:21:00,1762843860000,37,1151.2517583200502
2025-11-11T11:44:00,1762841640000,BANKNIFTY,hybrid,0.8695652173913043,,15,120,2025-11-11T12:22:00,1762843920000,38,1155.297218943601
2025-11-11T11:44:00,1762841640000,BANKNIFTY,hybrid,0.8695652173913043,,15,120,2025-11-11T12:23:00,1762843980000,39,1153.131420472849
2025-11-11T11:44:00,1762841640000,BANKNIFTY,hybrid,0.8695652173913043,,15,120,2025-11-11T12:24:00,1762844040000,40,1153.8125723040803
2025-11-11T11:44:00,1762841640000,BANKNIFTY,hybrid,0.8695652173913043,,15,120,2025-11-11T12:25:00,1762844100000,41,1150.4106975232219
2025-11-11T11:44:00,1762841640000,BANKNIFTY,hybrid,0.8695652173913043,,15,120,2025-11-11T12:26:00,1762844160000,42,1152.4151404157894
2025-11-11T11:44:00,1762841640000,BANKNIFTY,hybrid,0.8695652173913043,,15,120,2025-11-11T12:27:00,1762844220000,43,1151.548968379394
2025-11-11T11:44:00,1762841640000,BANKNIFTY,hybrid,0.8695652173913043,,15,120,2025-11-11T12:28:00,1762844280000,44,1151.0277038472
2025-11-11T11:44:00,1762841640000,BANKNIFTY,hybrid,0.8695652173913043,,15,120,2025-11-11T12:29:00,1762844340000,45,1151.3353994653403
2025-11-11T11:44:00,1762841640000,BANKNIFTY,hybrid,0.8695652173913043,,15,120,2025-11-11T12:30:00,1762844400000,46,1155.2852488249443
2025-11-11T11:44:00,1762841640000,BANKNIFTY,hybrid,0.8695652173913043,,15,120,2025-11-11T12:31:00,1762844460000,47,1152.5619655063508
2025-11-11T11:44:00,1762841640000,BANKNIFTY,hybrid,0.8695652173913043,,15,120,2025-11-11T12:32:00,1762844520000,48,1150.360507166377
2025-11-11T11:44:00,1762841640000,BANKNIFTY,hybrid,0.8695652173913043,,15,120,2025-11-11T12:33:00,1762844580000,49,1146.8079712001186
2025-11-11T11:44:00,1762841640000,BANKNIFTY,hybrid,0.8695652173913043,,15,120,2025-11-11T12:34:00,1762844640000,50,1147.3445060992526
2025-11-11T11:44:00,1762841640000,BANKNIFTY,hybrid,0.8695652173913043,,15,120,2025-11-11T12:35:00,1762844700000,51,1151.2743318427279
2025-11-11T11:44:00,1762841640000,BANKNIFTY,hybrid,0.8695652173913043,,15,120,2025-11-11T12:36:00,1762844760000,52,1149.4605684500102
2025-11-11T11:44:00,1762841640000,BANKNIFTY,hybrid,0.8695652173913043,,15,120,2025-11-11T12:37:00,1762844820000,53,1151.1798403935286
2025-11-11T11:44:00,1762841640000,BANKNIFTY,hybrid,0.8695652173913043,,15,120,2025-11-11T12:38:00,1762844880000,54,1146.2649993086395
2025-11-11T11:44:00,1762841640000,BANKNIFTY,hybrid,0.8695652173913043,,15,120,2025-11-11T12:39:00,1762844940000,55,1146.1061430782916
2025-11-11T11:44:00,1762841640000,BANKNIFTY,hybrid,0.8695652173913043,,15,120,2025-11-11T12:40:00,1762845000000,56,1150.7352989459346
2025-11-11T11:44:00,1762841640000,BANKNIFTY,hybrid,0.8695652173913043,,15,120,2025-11-11T12:41:00,1762845060000,57,1150.7072533786102
2025-11-11T11:44:00,1762841640000,BANKNIFTY,hybrid,0.8695652173913043,,15,120,2025-11-11T12:42:00,1762845120000,58,1150.4794528856592
2025-11-11T11:44:00,1762841640000,BANKNIFTY,hybrid,0.8695652173913043,,15,120,2025-11-11T12:43:00,1762845180000,59,1151.212965524454
2025-11-11T11:44:00,1762841640000,BANKNIFTY,hybrid,0.8695652173913043,,15,120,2025-11-11T12:44:00,1762845240000,60,1150.200252587321
2025-11-11T11:44:30,1762841670000,BANKNIFTY,hybrid,0.8695652173913043,15,15,120,2025-11-11T11:45:30,1762841730000,1,1155.65
2025-11-11T11:44:30,1762841670000,BANKNIFTY,hybrid,0.8695652173913043,15,15,120,2025-11-11T11:46:30,1762841790000,2,1156.8985905453565
2025-11-11T11:44:30,1762841670000,BANKNIFTY,hybrid,0.8695652173913043,15,15,120,2025-11-11T11:47:30,1762841850000,3,1157.5457332801727
2025-11-11T11:44:30,1762841670000,BANKNIFTY,hybrid,0.8695652173913043,15,15,120,2025-11-11T11:48:30,1762841910000,4,1158.8362255370607
2025-11-11T11:44:30,1762841670000,BANKNIFTY,hybrid,0.8695652173913043,15,15,120,2025-11-11T11:49:30,1762841970000,5,1156.341032888128
2025-11-11T11:44:30,1762841670000,BANKNIFTY,hybrid,0.8695652173913043,15,15,120,2025-11-11T11:50:30,1762842030000,6,1155.949091368715
2025-11-11T11:44:30,1762841670000,BANKNIFTY,hybrid,0.8695652173913043,15,15,120,2025-11-11T11:51:30,1762842090000,7,1155.2418162108047
2025-11-11T11:44:30,1762841670000,BANKNIFTY,hybrid,0.8695652173913043,15,15,120,2025-11-11T11:52:30,1762842150000,8,1157.0143843344958
2025-11-11T11:44:30,1762841670000,BANKNIFTY,hybrid,0.8695652173913043,15,15,120,2025-11-11T11:53:30,1762842210000,9,1159.2802260447752
2025-11-11T11:44:30,1762841670000,BANKNIFTY,hybrid,0.8695652173913043,15,15,120,2025-11-11T11:54:30,1762842270000,10,1156.6677657413516
2025-11-11T11:44:30,1762841670000,BANKNIFTY,hybrid,0.8695652173913043,15,15,120,2025-11-11T11:55:30,1762842330000,11,1156.5130367284348
2025-11-11T11:44:30,1762841670000,BANKNIFTY,hybrid,0.8695652173913043,15,15,120,2025-11-11T11:56:30,1762842390000,12,1156.8791823891258
2025-11-11T11:44:30,1762841670000,BANKNIFTY,hybrid,0.8695652173913043,15,15,120,2025-11-11T11:57:30,1762842450000,13,1156.4759154673602
2025-11-11T11:44:30,1762841670000,BANKNIFTY,hybrid,0.8695652173913043,15,15,120,2025-11-11T11:58:30,1762842510000,14,1157.526691101813
2025-11-11T11:44:30,1762841670000,BANKNIFTY,hybrid,0.8695652173913043,15,15,120,2025-11-11T11:59:30,1762842570000,15,1157.386695951929
2025-11-11T11:44:30,1762841670000,BANKNIFTY,hybrid,0.8695652173913043,15,15,120,2025-11-11T12:00:30,1762842630000,16,1156.555029865132
2025-11-11T11:44:30,1762841670000,BANKNIFTY,hybrid,0.8695652173913043,15,15,120,2025-11-11T12:01:30,1762842690000,17,1154.6894357584656
2025-11-11T11:44:30,1762841670000,BANKNIFTY,hybrid,0.8695652173913043,15,15,120,2025-11-11T12:02:30,1762842750000,18,1155.1067761245129
2025-11-11T11:44:30,1762841670000,BANKNIFTY,hybrid,0.8695652173913043,15,15,120,2025-11-11T12:03:30,1762842810000,19,1153.9685407115642
2025-11-11T11:44:30,1762841670000,BANKNIFTY,hybrid,0.8695652173913043,15,15,120,2025-11-11T12:04:30,1762842870000,20,1154.4099922357564
2025-11-11T11:44:30,1762841670000,BANKNIFTY,hybrid,0.8695652173913043,15,15,120,2025-11-11T12:05:30,1762842930000,21,1154.8036324309348
2025-11-11T11:44:30,1762841670000,BANKNIFTY,hybrid,0.8695652173913043,15,15,120,2025-11-11T12:06:30,1762842990000,22,1155.3764178551385
2025-11-11T11:44:30,1762841670000,BANKNIFTY,hybrid,0.8695652173913043,15,15,120,2025-11-11T12:07:30,1762843050000,23,1157.289962101993
2025-11-11T11:44:30,1762841670000,BANKNIFTY,hybrid,0.8695652173913043,15,15,120,2025-11-11T12:08:30,1762843110000,24,1157.4798914533108
2025-11-11T11:44:30,1762841670000,BANKNIFTY,hybrid,0.8695652173913043,15,15,120,2025-11-11T12:09:30,1762843170000,25,1155.9743803661324
2025-11-11T11:44:30,1762841670000,BANKNIFTY,hybrid,0.8695652173913043,15,15,120,2025-11-11T12:10:30,1762843230000,26,1155.4553697620831
2025-11-11T11:44:30,1762841670000,BANKNIFTY,hybrid,0.8695652173913043,15,15,120,2025-11-11T12:11:30,1762843290000,27,1157.4002562107003
2025-11-11T11:44:30,1762841670000,BANKNIFTY,hybrid,0.8695652173913043,15,15,120,2025-11-11T12:12:30,1762843350000,28,1155.186712804007
2025-11-11T11:44:30,1762841670000,BANKNIFTY,hybrid,0.8695652173913043,15,15,120,2025-11-11T12:13:30,1762843410000,29,1158.5316524733976
2025-11-11T11:44:30,1762841670000,BANKNIFTY,hybrid,0.8695652173913043,15,15,120,2025-11-11T12:14:30,1762843470000,30,1155.483309540685
2025-11-11T11:44:30,1762841670000,BANKNIFTY,hybrid,0.8695652173913043,15,15,120,2025-11-11T12:15:30,1762843530000,31,1156.9199255509593
2025-11-11T11:44:30,1762841670000,BANKNIFTY,hybrid,0.8695652173913043,15,15,120,2025-11-11T12:16:30,1762843590000,32,1155.4312076678557
2025-11-11T11:44:30,1762841670000,BANKNIFTY,hybrid,0.8695652173913043,15,15,120,2025-11-11T12:17:30,1762843650000,33,1153.536240811602
2025-11-11T11:44:30,1762841670000,BANKNIFTY,hybrid,0.8695652173913043,15,15,120,2025-11-11T12:18:30,1762843710000,34,1150.7602125284166
2025-11-11T11:44:30,1762841670000,BANKNIFTY,hybrid,0.8695652173913043,15,15,120,2025-11-11T12:19:30,1762843770000,35,1152.2896505279614
2025-11-11T11:44:30,1762841670000,BANKNIFTY,hybrid,0.8695652173913043,15,15,120,2025-11-11T12:20:30,1762843830000,36,1151.4728104889305
2025-11-11T11:44:30,1762841670000,BANKNIFTY,hybrid,0.8695652173913043,15,15,120,2025-11-11T12:21:30,1762843890000,37,1151.2227742838327
2025-11-11T11:44:30,1762841670000,BANKNIFTY,hybrid,0.8695652173913043,15,15,120,2025-11-11T12:22:30,1762843950000,38,1153.4937315977381
2025-11-11T11:44:30,1762841670000,BANKNIFTY,hybrid,0.8695652173913043,15,15,120,2025-11-11T12:23:30,1762844010000,39,1153.125944551464
2025-11-11T11:44:30,1762841670000,BANKNIFTY,hybrid,0.8695652173913043,15,15,120,2025-11-11T12:24:30,1762844070000,40,1154.4057456186126
2025-11-11T11:44:30,1762841670000,BANKNIFTY,hybrid,0.8695652173913043,15,15,120,2025-11-11T12:25:30,1762844130000,41,1151.6978879214353
2025-11-11T11:44:30,1762841670000,BANKNIFTY,hybrid,0.8695652173913043,15,15,120,2025-11-11T12:26:30,1762844190000,42,1152.7875325680507
2025-11-11T11:44:30,1762841670000,BANKNIFTY,hybrid,0.8695652173913043,15,15,120,2025-11-11T12:27:30,1762844250000,43,1152.5379833399104
2025-11-11T11:44:30,1762841670000,BANKNIFTY,hybrid,0.8695652173913043,15,15,120,2025-11-11T12:28:30,1762844310000,44,1152.2349456521174
2025-11-11T11:44:30,1762841670000,BANKNIFTY,hybrid,0.8695652173913043,15,15,120,2025-11-11T12:29:30,1762844370000,45,1152.5083161079156
2025-11-11T11:44:30,1762841670000,BANKNIFTY,hybrid,0.8695652173913043,15,15,120,2025-11-11T12:30:30,1762844430000,46,1156.2390222932881
2025-11-11T11:44:30,1762841670000,BANKNIFTY,hybrid,0.8695652173913043,15,15,120,2025-11-11T12:31:30,1762844490000,47,1151.3834802016745
2025-11-11T11:44:30,1762841670000,BANKNIFTY,hybrid,0.8695652173913043,15,15,120,2025-11-11T12:32:30,1762844550000,48,1151.4248250330777
2025-11-11T11:44:30,1762841670000,BANKNIFTY,hybrid,0.8695652173913043,15,15,120,2025-11-11T12:33:30,1762844610000,49,1148.147118733469
2025-11-11T11:44:30,1762841670000,BANKNIFTY,hybrid,0.8695652173913043,15,15,120,2025-11-11T12:34:30,1762844670000,50,1150.4810789982355
2025-11-11T11:44:30,1762841670000,BANKNIFTY,hybrid,0.8695652173913043,15,15,120,2025-11-11T12:35:30,1762844730000,51,1152.583018028571
2025-11-11T11:44:30,1762841670000,BANKNIFTY,hybrid,0.8695652173913043,15,15,120,2025-11-11T12:36:30,1762844790000,52,1150.2042424638266
2025-11-11T11:44:30,1762841670000,BANKNIFTY,hybrid,0.8695652173913043,15,15,120,2025-11-11T12:37:30,1762844850000,53,1152.3768278415423
2025-11-11T11:44:30,1762841670000,BANKNIFTY,hybrid,0.8695652173913043,15,15,120,2025-11-11T12:38:30,1762844910000,54,1147.1613040248812
2025-11-11T11:44:30,1762841670000,BANKNIFTY,hybrid,0.8695652173913043,15,15,120,2025-11-11T12:39:30,1762844970000,55,1147.3538361881867
2025-11-11T11:44:30,1762841670000,BANKNIFTY,hybrid,0.8695652173913043,15,15,120,2025-11-11T12:40:30,1762845030000,56,1152.0784846383526
2025-11-11T11:44:30,1762841670000,BANKNIFTY,hybrid,0.8695652173913043,15,15,120,2025-11-11T12:41:30,1762845090000,57,1151.8827972367292
2025-11-11T11:44:30,1762841670000,BANKNIFTY,hybrid,0.8695652173913043,15,15,120,2025-11-11T12:42:30,1762845150000,58,1151.4419352012646
2025-11-11T11:44:30,1762841670000,BANKNIFTY,hybrid,0.8695652173913043,15,15,120,2025-11-11T12:43:30,1762845210000,59,1153.4255009044575
2025-11-11T11:44:30,1762841670000,BANKNIFTY,hybrid,0.8695652173913043,15,15,120,2025-11-11T12:44:30,1762845270000,60,1153.343223760907
2025-11-11T12:32:00,1762844520000,BANKNIFTY,hybrid,0.8695652173913043,15,15,120,2025-11-11T12:33:00,1762844580000,1,1131.3
2025-11-11T12:32:00,1762844520000,BANKNIFTY,hybrid,0.8695652173913043,15,15,120,2025-11-11T12:34:00,1762844640000,2,1130.1810634536766
2025-11-11T12:32:00,1762844520000,BANKNIFTY,hybrid,0.8695652173913043,15,15,120,2025-11-11T12:35:00,1762844700000,3,1128.2769257518428
2025-11-11T12:32:00,1762844520000,BANKNIFTY,hybrid,0.8695652173913043,15,15,120,2025-11-11T12:36:00,1762844760000,4,1129.7460597758486
2025-11-11T12:32:00,1762844520000,BANKNIFTY,hybrid,0.8695652173913043,15,15,120,2025-11-11T12:37:00,1762844820000,5,1126.5532105107586
2025-11-11T12:32:00,1762844520000,BANKNIFTY,hybrid,0.8695652173913043,15,15,120,2025-11-11T12:38:00,1762844880000,6,1128.858939485116
2025-11-11T12:32:00,1762844520000,BANKNIFTY,hybrid,0.8695652173913043,15,15,120,2025-11-11T12:39:00,1762844940000,7,1127.8276178502358
2025-11-11T12:32:00,1762844520000,BANKNIFTY,hybrid,0.8695652173913043,15,15,120,2025-11-11T12:40:00,1762845000000,8,1133.362420189844
2025-11-11T12:32:00,1762844520000,BANKNIFTY,hybrid,0.8695652173913043,15,15,120,2025-11-11T12:41:00,1762845060000,9,1131.632254357712
2025-11-11T12:32:00,1762844520000,BANKNIFTY,hybrid,0.8695652173913043,15,15,120,2025-11-11T12:42:00,1762845120000,10,1128.566000610284
2025-11-11T12:32:00,1762844520000,BANKNIFTY,hybrid,0.8695652173913043,15,15,120,2025-11-11T12:43:00,1762845180000,11,1128.59460873361
2025-11-11T12:32:00,1762844520000,BANKNIFTY,hybrid,0.8695652173913043,15,15,120,2025-11-11T12:44:00,1762845240000,12,1129.7387479864678
2025-11-11T12:32:00,1762844520000,BANKNIFTY,hybrid,0.8695652173913043,15,15,120,2025-11-11T12:45:00,1762845300000,13,1128.89739319188
2025-11-11T12:32:00,1762844520000,BANKNIFTY,hybrid,0.8695652173913043,15,15,120,2025-11-11T12:46:00,1762845360000,14,1131.3944177965318
2025-11-11T12:32:00,1762844520000,BANKNIFTY,hybrid,0.8695652173913043,15,15,120,2025-11-11T12:47:00,1762845420000,15,1131.3932564324211
2025-11-11T12:32:00,1762844520000,BANKNIFTY,hybrid,0.8695652173913043,15,15,120,2025-11-11T12:48:00,1762845480000,16,1130.1395664731804
2025-11-11T12:32:00,1762844520000,BANKNIFTY,hybrid,0.8695652173913043,15,15,120,2025-11-11T12:49:00,1762845540000,17,1128.1368270366872
2025-11-11T12:32:00,1762844520000,BANKNIFTY,hybrid,0.8695652173913043,15,15,120,2025-11-11T12:50:00,1762845600000,18,1128.6393786932194
2025-11-11T12:32:00,1762844520000,BANKNIFTY,hybrid,0.8695652173913043,15,15,120,2025-11-11T12:51:00,1762845660000,19,1127.564393541887
2025-11-11T12:32:00,1762844520000,BANKNIFTY,hybrid,0.8695652173913043,15,15,120,2025-11-11T12:52:00,1762845720000,20,1127.430227360562
2025-11-11T12:32:00,1762844520000,BANKNIFTY,hybrid,0.8695652173913043,15,15,120,2025-11-11T12:53:00,1762845780000,21,1127.9383102089791
2025-11-11T12:32:00,1762844520000,BANKNIFTY,hybrid,0.8695652173913043,15,15,120,2025-11-11T12:54:00,1762845840000,22,1128.687718709614
2025-11-11T12:32:00,1762844520000,BANKNIFTY,hybrid,0.8695652173913043,15,15,120,2025-11-11T12:55:00,1762845900000,23,1130.8633034237198
2025-11-11T12:32:00,1762844520000,BANKNIFTY,hybrid,0.8695652173913043,15,15,120,2025-11-11T12:56:00,1762845960000,24,1130.6849753120907
2025-11-11T12:32:00,1762844520000,BANKNIFTY,hybrid,0.8695652173913043,15,15,120,2025-11-11T12:57:00,1762846020000,25,1128.6114584004108
2025-11-11T12:32:00,1762844520000,BANKNIFTY,hybrid,0.8695652173913043,15,15,120,2025-11-11T12:58:00,1762846080000,26,1125.83046207214
2025-11-11T12:32:00,1762844520000,BANKNIFTY,hybrid,0.8695652173913043,15,15,120,2025-11-11T12:59:00,1762846140000,27,1127.650553139506
2025-11-11T12:32:00,1762844520000,BANKNIFTY,hybrid,0.8695652173913043,15,15,120,2025-11-11T13:00:00,1762846200000,28,1127.7602289251859
2025-11-11T12:32:00,1762844520000,BANKNIFTY,hybrid,0.8695652173913043,15,15,120,2025-11-11T13:01:00,1762846260000,29,1130.0316757615985
2025-11-11T12:32:00,1762844520000,BANKNIFTY,hybrid,0.8695652173913043,15,15,120,2025-11-11T13:02:00,1762846320000,30,1128.769295945263
2025-11-11T12:32:00,1762844520000,BANKNIFTY,hybrid,0.8695652173913043,15,15,120,2025-11-11T13:03:00,1762846380000,31,1130.1671086856313
2025-11-11T12:32:00,1762844520000,BANKNIFTY,hybrid,0.8695652173913043,15,15,120,2025-11-11T13:04:00,1762846440000,32,1128.1555826427166
2025-11-11T12:32:00,1762844520000,BANKNIFTY,hybrid,0.8695652173913043,15,15,120,2025-11-11T13:05:00,1762846500000,33,1126.3413858521862
2025-11-11T12:32:00,1762844520000,BANKNIFTY,hybrid,0.8695652173913043,15,15,120,2025-11-11T13:06:00,1762846560000,34,1122.6319556398796
2025-11-11T12:32:00,1762844520000,BANKNIFTY,hybrid,0.8695652173913043,15,15,120,2025-11-11T13:07:00,1762846620000,35,1124.6760771592262
2025-11-11T12:32:00,1762844520000,BANKNIFTY,hybrid,0.8695652173913043,15,15,120,2025-11-11T13:08:00,1762846680000,36,1123.6528643097454
2025-11-11T12:32:00,1762844520000,BANKNIFTY,hybrid,0.8695652173913043,15,15,120,2025-11-11T13:09:00,1762846740000,37,1123.4152940144852
2025-11-11T12:32:00,1762844520000,BANKNIFTY,hybrid,0.8695652173913043,15,15,120,2025-11-11T13:10:00,1762846800000,38,1126.2028017482094
2025-11-11T12:32:00,1762844520000,BANKNIFTY,hybrid,0.8695652173913043,15,15,120,2025-11-11T13:11:00,1762846860000,39,1126.7304742342765
2025-11-11T12:32:00,1762844520000,BANKNIFTY,hybrid,0.8695652173913043,15,15,120,2025-11-11T13:12:00,1762846920000,40,1124.1346613993805
2025-11-11T12:32:00,1762844520000,BANKNIFTY,hybrid,0.8695652173913043,15,15,120,2025-11-11T13:13:00,1762846980000,41,1129.8087542585736
2025-11-11T12:32:00,1762844520000,BANKNIFTY,hybrid,0.8695652173913043,15,15,120,2025-11-11T13:14:00,1762847040000,42,1126.855668595548
2025-11-11T12:32:00,1762844520000,BANKNIFTY,hybrid,0.8695652173913043,15,15,120,2025-11-11T13:15:00,1762847100000,43,1125.5388787729642
2025-11-11T12:32:00,1762844520000,BANKNIFTY,hybrid,0.8695652173913043,15,15,120,2025-11-11T13:16:00,1762847160000,44,1124.871473508598
2025-11-11T12:32:00,1762844520000,BANKNIFTY,hybrid,0.8695652173913043,15,15,120,2025-11-11T13:17:00,1762847220000,45,1125.0753244295684
2025-11-11T12:32:00,1762844520000,BANKNIFTY,hybrid,0.8695652173913043,15,15,120,2025-11-11T13:18:00,1762847280000,46,1129.643077412283
2025-11-11T12:32:00,1762844520000,BANKNIFTY,hybrid,0.8695652173913043,15,15,120,2025-11-11T13:19:00,1762847340000,47,1126.8212381443363
2025-11-11T12:32:00,1762844520000,BANKNIFTY,hybrid,0.8695652173913043,15,15,120,2025-11-11T13:20:00,1762847400000,48,1126.8879327694842
2025-11-11T12:32:00,1762844520000,BANKNIFTY,hybrid,0.8695652173913043,15,15,120,2025-11-11T13:21:00,1762847460000,49,1122.550582546181
2025-11-11T12:32:00,1762844520000,BANKNIFTY,hybrid,0.8695652173913043,15,15,120,2025-11-11T13:22:00,1762847520000,50,1124.5359103452586
2025-11-11T12:32:00,1762844520000,BANKNIFTY,hybrid,0.8695652173913043,15,15,120,2025-11-11T13:23:00,1762847580000,51,1124.9744351912184
2025-11-11T12:32:00,1762844520000,BANKNIFTY,hybrid,0.8695652173913043,15,15,120,2025-11-11T13:24:00,1762847640000,52,1122.576396953461
2025-11-11T12:32:00,1762844520000,BANKNIFTY,hybrid,0.8695652173913043,15,15,120,2025-11-11T13:25:00,1762847700000,53,1125.0131095237768
2025-11-11T12:32:00,1762844520000,BANKNIFTY,hybrid,0.8695652173913043,15,15,120,2025-11-11T13:26:00,1762847760000,54,1118.8100727752815
2025-11-11T12:32:00,1762844520000,BANKNIFTY,hybrid,0.8695652173913043,15,15,120,2025-11-11T13:27:00,1762847820000,55,1119.0962519821894
2025-11-11T12:32:00,1762844520000,BANKNIFTY,hybrid,0.8695652173913043,15,15,120,2025-11-11T13:28:00,1762847880000,56,1124.82803718545
2025-11-11T12:32:00,1762844520000,BANKNIFTY,hybrid,0.8695652173913043,15,15,120,2025-11-11T13:29:00,1762847940000,57,1124.4613158701463
2025-11-11T12:32:00,1762844520000,BANKNIFTY,hybrid,0.8695652173913043,15,15,120,2025-11-11T13:30:00,1762848000000,58,1124.2081539098424
2025-11-11T12:32:00,1762844520000,BANKNIFTY,hybrid,0.8695652173913043,15,15,120,2025-11-11T13:31:00,1762848060000,59,1125.2773031751854
2025-11-11T12:32:00,1762844520000,BANKNIFTY,hybrid,0.8695652173913043,15,15,120,2025-11-11T13:32:00,1762848120000,60,1124.069926739443
2025-11-11T12:32:00,1762844520000,BANKNIFTY,hybrid,0.8695652173913043,,15,120,2025-11-11T12:33:00,1762844580000,1,1131.3
2025-11-11T12:32:00,1762844520000,BANKNIFTY,hybrid,0.8695652173913043,,15,120,2025-11-11T12:34:00,1762844640000,2,1130.1810634536766
2025-11-11T12:32:00,1762844520000,BANKNIFTY,hybrid,0.8695652173913043,,15,120,2025-11-11T12:35:00,1762844700000,3,1128.2769257518428
2025-11-11T12:32:00,1762844520000,BANKNIFTY,hybrid,0.8695652173913043,,15,120,2025-11-11T12:36:00,1762844760000,4,1129.7460597758486
2025-11-11T12:32:00,1762844520000,BANKNIFTY,hybrid,0.8695652173913043,,15,120,2025-11-11T12:37:00,1762844820000,5,1126.5532105107586
2025-11-11T12:32:00,1762844520000,BANKNIFTY,hybrid,0.8695652173913043,,15,120,2025-11-11T12:38:00,1762844880000,6,1128.858939485116
2025-11-11T12:32:00,1762844520000,BANKNIFTY,hybrid,0.8695652173913043,,15,120,2025-11-11T12:39:00,1762844940000,7,1127.8276178502358
2025-11-11T12:32:00,1762844520000,BANKNIFTY,hybrid,0.8695652173913043,,15,120,2025-11-11T12:40:00,1762845000000,8,1133.362420189844
2025-11-11T12:32:00,1762844520000,BANKNIFTY,hybrid,0.8695652173913043,,15,120,2025-11-11T12:41:00,1762845060000,9,1131.632254357712
2025-11-11T12:32:00,1762844520000,BANKNIFTY,hybrid,0.8695652173913043,,15,120,2025-11-11T12:42:00,1762845120000,10,1128.566000610284
2025-11-11T12:32:00,1762844520000,BANKNIFTY,hybrid,0.8695652173913043,,15,120,2025-11-11T12:43:00,1762845180000,11,1128.59460873361
2025-11-11T12:32:00,1762844520000,BANKNIFTY,hybrid,0.8695652173913043,,15,120,2025-11-11T12:44:00,1762845240000,12,1129.7387479864678
2025-11-11T12:32:00,1762844520000,BANKNIFTY,hybrid,0.8695652173913043,,15,120,2025-11-11T12:45:00,1762845300000,13,1128.89739319188
2025-11-11T12:32:00,1762844520000,BANKNIFTY,hybrid,0.8695652173913043,,15,120,2025-11-11T12:46:00,1762845360000,14,1131.3944177965318
2025-11-11T12:32:00,1762844520000,BANKNIFTY,hybrid,0.8695652173913043,,15,120,2025-11-11T12:47:00,1762845420000,15,1131.3932564324211
2025-11-11T12:32:00,1762844520000,BANKNIFTY,hybrid,0.8695652173913043,,15,120,2025-11-11T12:48:00,1762845480000,16,1130.1395664731804
2025-11-11T12:32:00,1762844520000,BANKNIFTY,hybrid,0.8695652173913043,,15,120,2025-11-11T12:49:00,1762845540000,17,1128.1368270366872
2025-11-11T12:32:00,1762844520000,BANKNIFTY,hybrid,0.8695652173913043,,15,120,2025-11-11T12:50:00,1762845600000,18,1128.6393786932194
2025-11-11T12:32:00,1762844520000,BANKNIFTY,hybrid,0.8695652173913043,,15,120,2025-11-11T12:51:00,1762845660000,19,1127.564393541887
2025-11-11T12:32:00,1762844520000,BANKNIFTY,hybrid,0.8695652173913043,,15,120,2025-11-11T12:52:00,1762845720000,20,1127.430227360562
2025-11-11T12:32:00,1762844520000,BANKNIFTY,hybrid,0.8695652173913043,,15,120,2025-11-11T12:53:00,1762845780000,21,1127.9383102089791
2025-11-11T12:32:00,1762844520000,BANKNIFTY,hybrid,0.8695652173913043,,15,120,2025-11-11T12:54:00,1762845840000,22,1128.687718709614
2025-11-11T12:32:00,1762844520000,BANKNIFTY,hybrid,0.8695652173913043,,15,120,2025-11-11T12:55:00,1762845900000,23,1130.8633034237198
2025-11-11T12:32:00,1762844520000,BANKNIFTY,hybrid,0.8695652173913043,,15,120,2025-11-11T12:56:00,1762845960000,24,1130.6849753120907
2025-11-11T12:32:00,1762844520000,BANKNIFTY,hybrid,0.8695652173913043,,15,120,2025-11-11T12:57:00,1762846020000,25,1128.6114584004108
2025-11-11T12:32:00,1762844520000,BANKNIFTY,hybrid,0.8695652173913043,,15,120,2025-11-11T12:58:00,1762846080000,26,1125.83046207214
2025-11-11T12:32:00,1762844520000,BANKNIFTY,hybrid,0.8695652173913043,,15,120,2025-11-11T12:59:00,1762846140000,27,1127.650553139506
2025-11-11T12:32:00,1762844520000,BANKNIFTY,hybrid,0.8695652173913043,,15,120,2025-11-11T13:00:00,1762846200000,28,1127.7602289251859
2025-11-11T12:32:00,1762844520000,BANKNIFTY,hybrid,0.8695652173913043,,15,120,2025-11-11T13:01:00,1762846260000,29,1130.0316757615985
2025-11-11T12:32:00,1762844520000,BANKNIFTY,hybrid,0.8695652173913043,,15,120,2025-11-11T13:02:00,1762846320000,30,1128.769295945263
2025-11-11T12:32:00,1762844520000,BANKNIFTY,hybrid,0.8695652173913043,,15,120,2025-11-11T13:03:00,1762846380000,31,1130.1671086856313
2025-11-11T12:32:00,1762844520000,BANKNIFTY,hybrid,0.8695652173913043,,15,120,2025-11-11T13:04:00,1762846440000,32,1128.1555826427166
2025-11-11T12:32:00,1762844520000,BANKNIFTY,hybrid,0.8695652173913043,,15,120,2025-11-11T13:05:00,1762846500000,33,1126.3413858521862
2025-11-11T12:32:00,1762844520000,BANKNIFTY,hybrid,0.8695652173913043,,15,120,2025-11-11T13:06:00,1762846560000,34,1122.6319556398796
2025-11-11T12:32:00,1762844520000,BANKNIFTY,hybrid,0.8695652173913043,,15,120,2025-11-11T13:07:00,1762846620000,35,1124.6760771592262
2025-11-11T12:32:00,1762844520000,BANKNIFTY,hybrid,0.8695652173913043,,15,120,2025-11-11T13:08:00,1762846680000,36,1123.6528643097454
2025-11-11T12:32:00,1762844520000,BANKNIFTY,hybrid,0.8695652173913043,,15,120,2025-11-11T13:09:00,1762846740000,37,1123.4152940144852
2025-11-11T12:32:00,1762844520000,BANKNIFTY,hybrid,0.8695652173913043,,15,120,2025-11-11T13:10:00,1762846800000,38,1126.2028017482094
2025-11-11T12:32:00,1762844520000,BANKNIFTY,hybrid,0.8695652173913043,,15,120,2025-11-11T13:11:00,1762846860000,39,1126.7304742342765
2025-11-11T12:32:00,1762844520000,BANKNIFTY,hybrid,0.8695652173913043,,15,120,2025-11-11T13:12:00,1762846920000,40,1124.1346613993805
2025-11-11T12:32:00,1762844520000,BANKNIFTY,hybrid,0.8695652173913043,,15,120,2025-11-11T13:13:00,1762846980000,41,1129.8087542585736
2025-11-11T12:32:00,1762844520000,BANKNIFTY,hybrid,0.8695652173913043,,15,120,2025-11-11T13:14:00,1762847040000,42,1126.855668595548
2025-11-11T12:32:00,1762844520000,BANKNIFTY,hybrid,0.8695652173913043,,15,120,2025-11-11T13:15:00,1762847100000,43,1125.5388787729642
2025-11-11T12:32:00,1762844520000,BANKNIFTY,hybrid,0.8695652173913043,,15,120,2025-11-11T13:16:00,1762847160000,44,1124.871473508598
2025-11-11T12:32:00,1762844520000,BANKNIFTY,hybrid,0.8695652173913043,,15,120,2025-11-11T13:17:00,1762847220000,45,1125.0753244295684
2025-11-11T12:32:00,1762844520000,BANKNIFTY,hybrid,0.8695652173913043,,15,120,2025-11-11T13:18:00,1762847280000,46,1129.643077412283
2025-11-11T12:32:00,1762844520000,BANKNIFTY,hybrid,0.8695652173913043,,15,120,2025-11-11T13:19:00,1762847340000,47,1126.8212381443363
2025-11-11T12:32:00,1762844520000,BANKNIFTY,hybrid,0.8695652173913043,,15,120,2025-11-11T13:20:00,1762847400000,48,1126.8879327694842
2025-11-11T12:32:00,1762844520000,BANKNIFTY,hybrid,0.8695652173913043,,15,120,2025-11-11T13:21:00,1762847460000,49,1122.550582546181
2025-11-11T12:32:00,1762844520000,BANKNIFTY,hybrid,0.8695652173913043,,15,120,2025-11-11T13:22:00,1762847520000,50,1124.5359103452586
2025-11-11T12:32:00,1762844520000,BANKNIFTY,hybrid,0.8695652173913043,,15,120,2025-11-11T13:23:00,1762847580000,51,1124.9744351912184
2025-11-11T12:32:00,1762844520000,BANKNIFTY,hybrid,0.8695652173913043,,15,120,2025-11-11T13:24:00,1762847640000,52,1122.576396953461
2025-11-11T12:32:00,1762844520000,BANKNIFTY,hybrid,0.8695652173913043,,15,120,2025-11-11T13:25:00,1762847700000,53,1125.0131095237768
2025-11-11T12:32:00,1762844520000,BANKNIFTY,hybrid,0.8695652173913043,,15,120,2025-11-11T13:26:00,1762847760000,54,1118.8100727752815
2025-11-11T12:32:00,1762844520000,BANKNIFTY,hybrid,0.8695652173913043,,15,120,2025-11-11T13:27:00,1762847820000,55,1119.0962519821894
2025-11-11T12:32:00,1762844520000,BANKNIFTY,hybrid,0.8695652173913043,,15,120,2025-11-11T13:28:00,1762847880000,56,1124.82803718545
2025-11-11T12:32:00,1762844520000,BANKNIFTY,hybrid,0.8695652173913043,,15,120,2025-11-11T13:29:00,1762847940000,57,1124.4613158701463
2025-11-11T12:32:00,1762844520000,BANKNIFTY,hybrid,0.8695652173913043,,15,120,2025-11-11T13:30:00,1762848000000,58,1124.2081539098424
2025-11-11T12:32:00,1762844520000,BANKNIFTY,hybrid,0.8695652173913043,,15,120,2025-11-11T13:31:00,1762848060000,59,1125.2773031751854
2025-11-11T12:32:00,1762844520000,BANKNIFTY,hybrid,0.8695652173913043,,15,120,2025-11-11T13:32:00,1762848120000,60,1124.069926739443
2025-11-11T12:32:30,1762844550000,BANKNIFTY,hybrid,0.8695652173913043,15,15,120,2025-11-11T12:33:30,1762844610000,1,1137.05
2025-11-11T12:32:30,1762844550000,BANKNIFTY,hybrid,0.8695652173913043,15,15,120,2025-11-11T12:34:30,1762844670000,2,1133.2962967944275
2025-11-11T12:32:30,1762844550000,BANKNIFTY,hybrid,0.8695652173913043,15,15,120,2025-11-11T12:35:30,1762844730000,3,1134.1642351541004
2025-11-11T12:32:30,1762844550000,BANKNIFTY,hybrid,0.8695652173913043,15,15,120,2025-11-11T12:36:30,1762844790000,4,1135.9446369934385
2025-11-11T12:32:30,1762844550000,BANKNIFTY,hybrid,0.8695652173913043,15,15,120,2025-11-11T12:37:30,1762844850000,5,1135.2705532955533
2025-11-11T12:32:30,1762844550000,BANKNIFTY,hybrid,0.8695652173913043,15,15,120,2025-11-11T12:38:30,1762844910000,6,1134.6512585714559
2025-11-11T12:32:30,1762844550000,BANKNIFTY,hybrid,0.8695652173913043,15,15,120,2025-11-11T12:39:30,1762844970000,7,1134.037553890727
2025-11-11T12:32:30,1762844550000,BANKNIFTY,hybrid,0.8695652173913043,15,15,120,2025-11-11T12:40:30,1762845030000,8,1138.7823378889254
2025-11-11T12:32:30,1762844550000,BANKNIFTY,hybrid,0.8695652173913043,15,15,120,2025-11-11T12:41:30,1762845090000,9,1137.5720013745135
2025-11-11T12:32:30,1762844550000,BANKNIFTY,hybrid,0.8695652173913043,15,15,120,2025-11-11T12:42:30,1762845150000,10,1134.6207537650278
2025-11-11T12:32:30,1762844550000,BANKNIFTY,hybrid,0.8695652173913043,15,15,120,2025-11-11T12:43:30,1762845210000,11,1134.9879904073864
2025-11-11T12:32:30,1762844550000,BANKNIFTY,hybrid,0.8695652173913043,15,15,120,2025-11-11T12:44:30,1762845270000,12,1135.635083695672
2025-11-11T12:32:30,1762844550000,BANKNIFTY,hybrid,0.8695652173913043,15,15,120,2025-11-11T12:45:30,1762845330000,13,1135.1598400764865
2025-11-11T12:32:30,1762844550000,BANKNIFTY,hybrid,0.8695652173913043,15,15,120,2025-11-11T12:46:30,1762845390000,14,1137.059705054852
2025-11-11T12:32:30,1762844550000,BANKNIFTY,hybrid,0.8695652173913043,15,15,120,2025-11-11T12:47:30,1762845450000,15,1137.086844887231
2025-11-11T12:32:30,1762844550000,BANKNIFTY,hybrid,0.8695652173913043,15,15,120,2025-11-11T12:48:30,1762845510000,16,1135.8717497994903
2025-11-11T12:32:30,1762844550000,BANKNIFTY,hybrid,0.8695652173913043,15,15,120,2025-11-11T12:49:30,1762845570000,17,1134.0779296222545
2025-11-11T12:32:30,1762844550000,BANKNIFTY,hybrid,0.8695652173913043,15,15,120,2025-11-11T12:50:30,1762845630000,18,1134.486393893536
2025-11-11T12:32:30,1762844550000,BANKNIFTY,hybrid,0.8695652173913043,15,15,120,2025-11-11T12:51:30,1762845690000,19,1133.5739829305041
2025-11-11T12:32:30,1762844550000,BANKNIFTY,hybrid,0.8695652173913043,15,15,120,2025-11-11T12:52:30,1762845750000,20,1133.464505219142
2025-11-11T12:32:30,1762844550000,BANKNIFTY,hybrid,0.8695652173913043,15,15,120,2025-11-11T12:53:30,1762845810000,21,1134.1973966476874
2025-11-11T12:32:30,1762844550000,BANKNIFTY,hybrid,0.8695652173913043,15,15,120,2025-11-11T12:54:30,1762845870000,22,1134.356538363626
2025-11-11T12:32:30,1762844550000,BANKNIFTY,hybrid,0.8695652173913043,15,15,120,2025-11-11T12:55:30,1762845930000,23,1136.8956317178868
2025-11-11T12:32:30,1762844550000,BANKNIFTY,hybrid,0.8695652173913043,15,15,120,2025-11-11T12:56:30,1762845990000,24,1136.382976195493
2025-11-11T12:32:30,1762844550000,BANKNIFTY,hybrid,0.8695652173913043,15,15,120,2025-11-11T12:57:30,1762846050000,25,1134.1007577585824
2025-11-11T12:32:30,1762844550000,BANKNIFTY,hybrid,0.8695652173913043,15,15,120,2025-11-11T12:58:30,1762846110000,26,1131.6877833078565
2025-11-11T12:32:30,1762844550000,BANKNIFTY,hybrid,0.8695652173913043,15,15,120,2025-11-11T12:59:30,1762846170000,27,1134.3499479322652
2025-11-11T12:32:30,1762844550000,BANKNIFTY,hybrid,0.8695652173913043,15,15,120,2025-11-11T13:00:30,1762846230000,28,1133.6137235191593
2025-11-11T12:32:30,1762844550000,BANKNIFTY,hybrid,0.8695652173913043,15,15,120,2025-11-11T13:01:30,1762846290000,29,1135.9153939895832
2025-11-11T12:32:30,1762844550000,BANKNIFTY,hybrid,0.8695652173913043,15,15,120,2025-11-11T13:02:30,1762846350000,30,1134.755344703878
2025-11-11T12:32:30,1762844550000,BANKNIFTY,hybrid,0.8695652173913043,15,15,120,2025-11-11T13:03:30,1762846410000,31,1136.1109302377986
2025-11-11T12:32:30,1762844550000,BANKNIFTY,hybrid,0.8695652173913043,15,15,120,2025-11-11T13:04:30,1762846470000,32,1134.6654420912575
2025-11-11T12:32:30,1762844550000,BANKNIFTY,hybrid,0.8695652173913043,15,15,120,2025-11-11T13:05:30,1762846530000,33,1131.9471139043612
2025-11-11T12:32:30,1762844550000,BANKNIFTY,hybrid,0.8695652173913043,15,15,120,2025-11-11T13:06:30,1762846590000,34,1128.6501540859929
2025-11-11T12:32:30,1762844550000,BANKNIFTY,hybrid,0.8695652173913043,15,15,120,2025-11-11T13:07:30,1762846650000,35,1130.4474717958408
2025-11-11T12:32:30,1762844550000,BANKNIFTY,hybrid,0.8695652173913043,15,15,120,2025-11-11T13:08:30,1762846710000,36,1129.9266700172532
2025-11-11T12:32:30,1762844550000,BANKNIFTY,hybrid,0.8695652173913043,15,15,120,2025-11-11T13:09:30,1762846770000,37,1129.1435190000725
2025-11-11T12:32:30,1762844550000,BANKNIFTY,hybrid,0.8695652173913043,15,15,120,2025-11-11T13:10:30,1762846830000,38,1131.763480603145
2025-11-11T12:32:30,1762844550000,BANKNIFTY,hybrid,0.8695652173913043,15,15,120,2025-11-11T13:11:30,1762846890000,39,1132.8325048339475
2025-11-11T12:32:30,1762844550000,BANKNIFTY,hybrid,0.8695652173913043,15,15,120,2025-11-11T13:12:30,1762846950000,40,1130.0471689556996
2025-11-11T12:32:30,1762844550000,BANKNIFTY,hybrid,0.8695652173913043,15,15,120,2025-11-11T13:13:30,1762847010000,41,1136.2125005793619
2025-11-11T12:32:30,1762844550000,BANKNIFTY,hybrid,0.8695652173913043,15,15,120,2025-11-11T13:14:30,1762847070000,42,1132.9674416180105
2025-11-11T12:32:30,1762844550000,BANKNIFTY,hybrid,0.8695652173913043,15,15,120,2025-11-11T13:15:30,1762847130000,43,1131.2746564938043
2025-11-11T12:32:30,1762844550000,BANKNIFTY,hybrid,0.8695652173913043,15,15,120,2025-11-11T13:16:30,1762847190000,44,1130.734265219326
2025-11-11T12:32:30,1762844550000,BANKNIFTY,hybrid,0.8695652173913043,15,15,120,2025-11-11T13:17:30,1762847250000,45,1130.8683280875389
2025-11-11T12:32:30,1762844550000,BANKNIFTY,hybrid,0.8695652173913043,15,15,120,2025-11-11T13:18:30,1762847310000,46,1135.90715254821
2025-11-11T12:32:30,1762844550000,BANKNIFTY,hybrid,0.8695652173913043,15,15,120,2025-11-11T13:19:30,1762847370000,47,1132.7235456539938
2025-11-11T12:32:30,1762844550000,BANKNIFTY,hybrid,0.8695652173913043,15,15,120,2025-11-11T13:20:30,1762847430000,48,1132.7257902502606
2025-11-11T12:32:30,1762844550000,BANKNIFTY,hybrid,0.8695652173913043,15,15,120,2025-11-11T13:21:30,1762847490000,49,1128.383832486548
2025-11-11T12:32:30,1762844550000,BANKNIFTY,hybrid,0.8695652173913043,15,15,120,2025-11-11T13:22:30,1762847550000,50,1130.2341238528793
2025-11-11T12:32:30,1762844550000,BANKNIFTY,hybrid,0.8695652173913043,15,15,120,2025-11-11T13:23:30,1762847610000,51,1130.925309805996
2025-11-11T12:32:30,1762844550000,BANKNIFTY,hybrid,0.8695652173913043,15,15,120,2025-11-11T13:24:30,1762847670000,52,1128.3793061738156
2025-11-11T12:32:30,1762844550000,BANKNIFTY,hybrid,0.8695652173913043,15,15,120,2025-11-11T13:25:30,1762847730000,53,1130.7692744706528
2025-11-11T12:32:30,1762844550000,BANKNIFTY,hybrid,0.8695652173913043,15,15,120,2025-11-11T13:26:30,1762847790000,54,1124.8616653251117
2025-11-11T12:32:30,1762844550000,BANKNIFTY,hybrid,0.8695652173913043,15,15,120,2025-11-11T13:27:30,1762847850000,55,1125.2400417660033
2025-11-11T12:32:30,1762844550000,BANKNIFTY,hybrid,0.8695652173913043,15,15,120,2025-11-11T13:28:30,1762847910000,56,1130.6919799398129
2025-11-11T12:32:30,1762844550000,BANKNIFTY,hybrid,0.8695652173913043,15,15,120,2025-11-11T13:29:30,1762847970000,57,1130.4730723485752
2025-11-11T12:32:30,1762844550000,BANKNIFTY,hybrid,0.8695652173913043,15,15,120,2025-11-11T13:30:30,1762848030000,58,1130.119633785685
2025-11-11T12:32:30,1762844550000,BANKNIFTY,hybrid,0.8695652173913043,15,15,120,2025-11-11T13:31:30,1762848090000,59,1131.5553259375595
2025-11-11T12:32:30,1762844550000,BANKNIFTY,hybrid,0.8695652173913043,15,15,120,2025-11-11T13:32:30,1762848150000,60,1129.5149489953142
2025-11-11T13:57:00,1762849620000,BANKNIFTY,hybrid,0.8695652173913043,4,15,120,2025-11-11T13:58:00,1762849680000,1,1112.85
2025-11-11T13:57:00,1762849620000,BANKNIFTY,hybrid,0.8695652173913043,4,15,120,2025-11-11T13:59:00,1762849740000,2,1111.9342323543108
2025-11-11T13:57:00,1762849620000,BANKNIFTY,hybrid,0.8695652173913043,4,15,120,2025-11-11T14:00:00,1762849800000,3,1114.834603790319
2025-11-11T13:57:00,1762849620000,BANKNIFTY,hybrid,0.8695652173913043,4,15,120,2025-11-11T14:01:00,1762849860000,4,1115.311619772462
2025-11-11T13:57:00,1762849620000,BANKNIFTY,hybrid,0.8695652173913043,4,15,120,2025-11-11T14:02:00,1762849920000,5,1112.526053374473
2025-11-11T13:57:00,1762849620000,BANKNIFTY,hybrid,0.8695652173913043,4,15,120,2025-11-11T14:03:00,1762849980000,6,1113.464472718501
2025-11-11T13:57:00,1762849620000,BANKNIFTY,hybrid,0.8695652173913043,4,15,120,2025-11-11T14:04:00,1762850040000,7,1115.0606644495424
2025-11-11T13:57:00,1762849620000,BANKNIFTY,hybrid,0.8695652173913043,4,15,120,2025-11-11T14:05:00,1762850100000,8,1115.6736735971247
2025-11-11T13:57:00,1762849620000,BANKNIFTY,hybrid,0.8695652173913043,4,15,120,2025-11-11T14:06:00,1762850160000,9,1115.2400122756294
2025-11-11T13:57:00,1762849620000,BANKNIFTY,hybrid,0.8695652173913043,4,15,120,2025-11-11T14:07:00,1762850220000,10,1114.1588738712442
2025-11-11T13:57:00,1762849620000,BANKNIFTY,hybrid,0.8695652173913043,4,15,120,2025-11-11T14:08:00,1762850280000,11,1113.534165551672
2025-11-11T13:57:00,1762849620000,BANKNIFTY,hybrid,0.8695652173913043,4,15,120,2025-11-11T14:09:00,1762850340000,12,1110.2817840669327
2025-11-11T13:57:00,1762849620000,BANKNIFTY,hybrid,0.8695652173913043,4,15,120,2025-11-11T14:10:00,1762850400000,13,1110.9897124531672
2025-11-11T13:57:00,1762849620000,BANKNIFTY,hybrid,0.8695652173913043,4,15,120,2025-11-11T14:11:00,1762850460000,14,1112.7494277284986
2025-11-11T13:57:00,1762849620000,BANKNIFTY,hybrid,0.8695652173913043,4,15,120,2025-11-11T14:12:00,1762850520000,15,1112.9465235672078
2025-11-11T13:57:00,1762849620000,BANKNIFTY,hybrid,0.8695652173913043,4,15,120,2025-11-11T14:13:00,1762850580000,16,1111.3703355730643
2025-11-11T13:57:00,1762849620000,BANKNIFTY,hybrid,0.8695652173913043,4,15,120,2025-11-11T14:14:00,1762850640000,17,1110.1592707264465
2025-11-11T13:57:00,1762849620000,BANKNIFTY,hybrid,0.8695652173913043,4,15,120,2025-11-11T14:15:00,1762850700000,18,1111.883232455888
2025-11-11T13:57:00,1762849620000,BANKNIFTY,hybrid,0.8695652173913043,4,15,120,2025-11-11T14:16:00,1762850760000,19,1108.8437792618242
2025-11-11T13:57:00,1762849620000,BANKNIFTY,hybrid,0.8695652173913043,4,15,120,2025-11-11T14:17:00,1762850820000,20,1108.7638698143535
2025-11-11T13:57:00,1762849620000,BANKNIFTY,hybrid,0.8695652173913043,4,15,120,2025-11-11T14:18:00,1762850880000,21,1108.9180853807093
2025-11-11T13:57:00,1762849620000,BANKNIFTY,hybrid,0.8695652173913043,4,15,120,2025-11-11T14:19:00,1762850940000,22,1110.3972468681593
2025-11-11T13:57:00,1762849620000,BANKNIFTY,hybrid,0.8695652173913043,4,15,120,2025-11-11T14:20:00,1762851000000,23,1112.8665943247474
2025-11-11T13:57:00,1762849620000,BANKNIFTY,hybrid,0.8695652173913043,4,15,120,2025-11-11T14:21:00,1762851060000,24,1115.0221734345705
2025-11-11T13:57:00,1762849620000,BANKNIFTY,hybrid,0.8695652173913043,4,15,120,2025-11-11T14:22:00,1762851120000,25,1112.025057019828
2025-11-11T13:57:00,1762849620000,BANKNIFTY,hybrid,0.8695652173913043,4,15,120,2025-11-11T14:23:00,1762851180000,26,1109.1726061689897
2025-11-11T13:57:00,1762849620000,BANKNIFTY,hybrid,0.8695652173913043,4,15,120,2025-11-11T14:24:00,1762851240000,27,1111.1085961701485
2025-11-11T13:57:00,1762849620000,BANKNIFTY,hybrid,0.8695652173913043,4,15,120,2025-11-11T14:25:00,1762851300000,28,1113.5079863948354
2025-11-11T13:57:00,1762849620000,BANKNIFTY,hybrid,0.8695652173913043,4,15,120,2025-11-11T14:26:00,1762851360000,29,1114.1053253747964
2025-11-11T13:57:00,1762849620000,BANKNIFTY,hybrid,0.8695652173913043,4,15,120,2025-11-11T14:27:00,1762851420000,30,1113.123970063306
2025-11-11T13:57:00,1762849620000,BANKNIFTY,hybrid,0.8695652173913043,4,15,120,2025-11-11T14:28:00,1762851480000,31,1113.3026336514592
2025-11-11T13:57:00,1762849620000,BANKNIFTY,hybrid,0.8695652173913043,4,15,120,2025-11-11T14:29:00,1762851540000,32,1112.4062734649078
2025-11-11T13:57:00,1762849620000,BANKNIFTY,hybrid,0.8695652173913043,4,15,120,2025-11-11T14:30:00,1762851600000,33,1111.5965674663073
2025-11-11T13:57:00,1762849620000,BANKNIFTY,hybrid,0.8695652173913043,4,15,120,2025-11-11T14:31:00,1762851660000,34,1111.470672804642
2025-11-11T13:57:00,1762849620000,BANKNIFTY,hybrid,0.8695652173913043,4,15,120,2025-11-11T14:32:00,1762851720000,35,1111.7294130789644
2025-11-11T13:57:00,1762849620000,BANKNIFTY,hybrid,0.8695652173913043,4,15,120,2025-11-11T14:33:00,1762851780000,36,1106.2617187142594
2025-11-11T13:57:00,1762849620000,BANKNIFTY,hybrid,0.8695652173913043,4,15,120,2025-11-11T14:34:00,1762851840000,37,1108.6147749137451
2025-11-11T13:57:00,1762849620000,BANKNIFTY,hybrid,0.8695652173913043,4,15,120,2025-11-11T14:35:00,1762851900000,38,1109.7654650910736
2025-11-11T13:57:00,1762849620000,BANKNIFTY,hybrid,0.8695652173913043,4,15,120,2025-11-11T14:36:00,1762851960000,39,1107.970949553156
2025-11-11T13:57:00,1762849620000,BANKNIFTY,hybrid,0.8695652173913043,4,15,120,2025-11-11T14:37:00,1762852020000,40,1110.1018306302826
2025-11-11T13:57:00,1762849620000,BANKNIFTY,hybrid,0.8695652173913043,4,15,120,2025-11-11T14:38:00,1762852080000,41,1112.5716446815807
2025-11-11T13:57:00,1762849620000,BANKNIFTY,hybrid,0.8695652173913043,4,15,120,2025-11-11T14:39:00,1762852140000,42,1109.5773589279315
2025-11-11T13:57:00,1762849620000,BANKNIFTY,hybrid,0.8695652173913043,4,15,120,2025-11-11T14:40:00,1762852200000,43,1112.9969628514284
2025-11-11T13:57:00,1762849620000,BANKNIFTY,hybrid,0.8695652173913043,4,15,120,2025-11-11T14:41:00,1762852260000,44,1113.2416791392798
2025-11-11T13:57:00,1762849620000,BANKNIFTY,hybrid,0.8695652173913043,4,15,120,2025-11-11T14:42:00,1762852320000,45,1111.5772879801716
2025-11-11T13:57:00,1762849620000,BANKNIFTY,hybrid,0.8695652173913043,4,15,120,2025-11-11T14:43:00,1762852380000,46,1114.5046397164856
2025-11-11T13:57:00,1762849620000,BANKNIFTY,hybrid,0.8695652173913043,4,15,120,2025-11-11T14:44:00,1762852440000,47,1113.5433793585323
2025-11-11T13:57:00,1762849620000,BANKNIFTY,hybrid,0.8695652173913043,4,15,120,2025-11-11T14:45:00,1762852500000,48,1112.2684293042423
2025-11-11T13:57:00,1762849620000,BANKNIFTY,hybrid,0.8695652173913043,4,15,120,2025-11-11T14:46:00,1762852560000,49,1109.5133992318931
2025-11-11T13:57:00,1762849620000,BANKNIFTY,hybrid,0.8695652173913043,4,15,120,2025-11-11T14:47:00,1762852620000,50,1107.756349682541
2025-11-11T13:57:00,1762849620000,BANKNIFTY,hybrid,0.8695652173913043,4,15,120,2025-11-11T14:48:00,1762852680000,51,1108.9872084077685
2025-11-11T13:57:00,1762849620000,BANKNIFTY,hybrid,0.8695652173913043,4,15,120,2025-11-11T14:49:00,1762852740000,52,1111.3163231712022
2025-11-11T13:57:00,1762849620000,BANKNIFTY,hybrid,0.8695652173913043,4,15,120,2025-11-11T14:50:00,1762852800000,53,1111.7346597588191
2025-11-11T13:57:00,1762849620000,BANKNIFTY,hybrid,0.8695652173913043,4,15,120,2025-11-11T14:51:00,1762852860000,54,1114.3316945885103
2025-11-11T13:57:00,1762849620000,BANKNIFTY,hybrid,0.8695652173913043,4,15,120,2025-11-11T14:52:00,1762852920000,55,1111.5606420097213
2025-11-11T13:57:00,1762849620000,BANKNIFTY,hybrid,0.8695652173913043,4,15,120,2025-11-11T14:53:00,1762852980000,56,1110.246252296307
2025-11-11T13:57:00,1762849620000,BANKNIFTY,hybrid,0.8695652173913043,4,15,120,2025-11-11T14:54:00,1762853040000,57,1110.1801410972469
2025-11-11T13:57:00,1762849620000,BANKNIFTY,hybrid,0.8695652173913043,4,15,120,2025-11-11T14:55:00,1762853100000,58,1113.0017528427595
2025-11-11T13:57:00,1762849620000,BANKNIFTY,hybrid,0.8695652173913043,4,15,120,2025-11-11T14:56:00,1762853160000,59,1109.0857101168679
2025-11-11T13:57:00,1762849620000,BANKNIFTY,hybrid,0.8695652173913043,4,15,120,2025-11-11T14:57:00,1762853220000,60,1109.8007271412944
2025-11-11T14:48:30,1762852710000,BANKNIFTY,hybrid,0.8695652173913043,,15,120,2025-11-11T14:49:30,1762852770000,1,1115.0
2025-11-11T14:48:30,1762852710000,BANKNIFTY,hybrid,0.8695652173913043,,15,120,2025-11-11T14:50:30,1762852830000,2,1114.0842323543109
2025-11-11T14:48:30,1762852710000,BANKNIFTY,hybrid,0.8695652173913043,,15,120,2025-11-11T14:51:30,1762852890000,3,1116.9846037903192
2025-11-11T14:48:30,1762852710000,BANKNIFTY,hybrid,0.8695652173913043,,15,120,2025-11-11T14:52:30,1762852950000,4,1117.4616197724622
2025-11-11T14:48:30,1762852710000,BANKNIFTY,hybrid,0.8695652173913043,,15,120,2025-11-11T14:53:30,1762853010000,5,1114.676053374473
2025-11-11T14:48:30,1762852710000,BANKNIFTY,hybrid,0.8695652173913043,,15,120,2025-11-11T14:54:30,1762853070000,6,1115.614472718501
2025-11-11T14:48:30,1762852710000,BANKNIFTY,hybrid,0.8695652173913043,,15,120,2025-11-11T14:55:30,1762853130000,7,1117.2106644495425
2025-11-11T14:48:30,1762852710000,BANKNIFTY,hybrid,0.8695652173913043,,15,120,2025-11-11T14:56:30,1762853190000,8,1117.8236735971248
2025-11-11T14:48:30,1762852710000,BANKNIFTY,hybrid,0.8695652173913043,,15,120,2025-11-11T14:57:30,1762853250000,9,1117.3900122756295
2025-11-11T14:48:30,1762852710000,BANKNIFTY,hybrid,0.8695652173913043,,15,120,2025-11-11T14:58:30,1762853310000,10,1116.3088738712443
2025-11-11T14:48:30,1762852710000,BANKNIFTY,hybrid,0.8695652173913043,,15,120,2025-11-11T14:59:30,1762853370000,11,1115.684165551672
2025-11-11T14:48:30,1762852710000,BANKNIFTY,hybrid,0.8695652173913043,,15,120,2025-11-11T15:00:30,1762853430000,12,1112.4317840669328
2025-11-11T14:48:30,1762852710000,BANKNIFTY,hybrid,0.8695652173913043,,15,120,2025-11-11T15:01:30,1762853490000,13,1113.1397124531672
2025-11-11T14:48:30,1762852710000,BANKNIFTY,hybrid,0.8695652173913043,,15,120,2025-11-11T15:02:30,1762853550000,14,1114.8994277284987
2025-11-11T14:48:30,1762852710000,BANKNIFTY,hybrid,0.8695652173913043,,15,120,2025-11-11T15:03:30,1762853610000,15,1115.096523567208
2025-11-11T14:48:30,1762852710000,BANKNIFTY,hybrid,0.8695652173913043,,15,120,2025-11-11T15:04:30,1762853670000,16,1113.5203355730644
2025-11-11T14:48:30,1762852710000,BANKNIFTY,hybrid,0.8695652173913043,,15,120,2025-11-11T15:05:30,1762853730000,17,1112.3092707264466
2025-11-11T14:48:30,1762852710000,BANKNIFTY,hybrid,0.8695652173913043,,15,120,2025-11-11T15:06:30,1762853790000,18,1114.033232455888
2025-11-11T14:48:30,1762852710000,BANKNIFTY,hybrid,0.8695652173913043,,15,120,2025-11-11T15:07:30,1762853850000,19,1110.9937792618243
2025-11-11T14:48:30,1762852710000,BANKNIFTY,hybrid,0.8695652173913043,,15,120,2025-11-11T15:08:30,1762853910000,20,1110.9138698143536
2025-11-11T14:48:30,1762852710000,BANKNIFTY,hybrid,0.8695652173913043,,15,120,2025-11-11T15:09:30,1762853970000,21,1111.0680853807094
2025-11-11T14:48:30,1762852710000,BANKNIFTY,hybrid,0.8695652173913043,,15,120,2025-11-11T15:10:30,1762854030000,22,1112.5472468681594
2025-11-11T14:48:30,1762852710000,BANKNIFTY,hybrid,0.8695652173913043,,15,120,2025-11-11T15:11:30,1762854090000,23,1115.0165943247475
2025-11-11T14:48:30,1762852710000,BANKNIFTY,hybrid,0.8695652173913043,,15,120,2025-11-11T15:12:30,1762854150000,24,1117.1721734345706
2025-11-11T14:48:30,1762852710000,BANKNIFTY,hybrid,0.8695652173913043,,15,120,2025-11-11T15:13:30,1762854210000,25,1114.175057019828
2025-11-11T14:48:30,1762852710000,BANKNIFTY,hybrid,0.8695652173913043,,15,120,2025-11-11T15:14:30,1762854270000,26,1111.3226061689898
2025-11-11T14:48:30,1762852710000,BANKNIFTY,hybrid,0.8695652173913043,,15,120,2025-11-11T15:15:30,1762854330000,27,1113.2585961701486
2025-11-11T14:48:30,1762852710000,BANKNIFTY,hybrid,0.8695652173913043,,15,120,2025-11-11T15:16:30,1762854390000,28,1115.6579863948355
2025-11-11T14:48:30,1762852710000,BANKNIFTY,hybrid,0.8695652173913043,,15,120,2025-11-11T15:17:30,1762854450000,29,1116.2553253747965
2025-11-11T14:48:30,1762852710000,BANKNIFTY,hybrid,0.8695652173913043,,15,120,2025-11-11T15:18:30,1762854510000,30,1115.273970063306
2025-11-11T14:48:30,1762852710000,BANKNIFTY,hybrid,0.8695652173913043,,15,120,2025-11-11T15:19:30,1762854570000,31,1115.4526336514593
2025-11-11T14:48:30,1762852710000,BANKNIFTY,hybrid,0.8695652173913043,,15,120,2025-11-11T15:20:30,1762854630000,32,1114.556273464908
2025-11-11T14:48:30,1762852710000,BANKNIFTY,hybrid,0.8695652173913043,,15,120,2025-11-11T15:21:30,1762854690000,33,1113.7465674663074
2025-11-11T14:48:30,1762852710000,BANKNIFTY,hybrid,0.8695652173913043,,15,120,2025-11-11T15:22:30,1762854750000,34,1113.620672804642
2025-11-11T14:48:30,1762852710000,BANKNIFTY,hybrid,0.8695652173913043,,15,120,2025-11-11T15:23:30,1762854810000,35,1113.8794130789645
2025-11-11T14:48:30,1762852710000,BANKNIFTY,hybrid,0.8695652173913043,,15,120,2025-11-11T15:24:30,1762854870000,36,1108.4117187142595
2025-11-11T14:48:30,1762852710000,BANKNIFTY,hybrid,0.8695652173913043,,15,120,2025-11-11T15:25:30,1762854930000,37,1110.7647749137452
2025-11-11T14:48:30,1762852710000,BANKNIFTY,hybrid,0.8695652173913043,,15,120,2025-11-11T15:26:30,1762854990000,38,1111.9154650910737
2025-11-11T14:48:30,1762852710000,BANKNIFTY,hybrid,0.8695652173913043,,15,120,2025-11-11T15:27:30,1762855050000,39,1110.1209495531562
2025-11-11T14:48:30,1762852710000,BANKNIFTY,hybrid,0.8695652173913043,,15,120,2025-11-11T15:28:30,1762855110000,40,1112.2518306302827
2025-11-11T14:48:30,1762852710000,BANKNIFTY,hybrid,0.8695652173913043,,15,120,2025-11-11T15:29:30,1762855170000,41,1114.7216446815808
2025-11-11T14:48:30,1762852710000,BANKNIFTY,hybrid,0.8695652173913043,,15,120,2025-11-11T14:49:30,1762852770000,1,1115.0
2025-11-11T14:48:30,1762852710000,BANKNIFTY,hybrid,0.8695652173913043,,15,120,2025-11-11T14:50:30,1762852830000,2,1114.0842323543109
2025-11-11T14:48:30,1762852710000,BANKNIFTY,hybrid,0.8695652173913043,,15,120,2025-11-11T14:51:30,1762852890000,3,1116.9846037903192
2025-11-11T14:48:30,1762852710000,BANKNIFTY,hybrid,0.8695652173913043,,15,120,2025-11-11T14:52:30,1762852950000,4,1117.4616197724622
2025-11-11T14:48:30,1762852710000,BANKNIFTY,hybrid,0.8695652173913043,,15,120,2025-11-11T14:53:30,1762853010000,5,1114.676053374473
2025-11-11T14:48:30,1762852710000,BANKNIFTY,hybrid,0.8695652173913043,,15,120,2025-11-11T14:54:30,1762853070000,6,1115.614472718501
2025-11-11T14:48:30,1762852710000,BANKNIFTY,hybrid,0.8695652173913043,,15,120,2025-11-11T14:55:30,1762853130000,7,1117.2106644495425
2025-11-11T14:48:30,1762852710000,BANKNIFTY,hybrid,0.8695652173913043,,15,120,2025-11-11T14:56:30,1762853190000,8,1117.8236735971248
2025-11-11T14:48:30,1762852710000,BANKNIFTY,hybrid,0.8695652173913043,,15,120,2025-11-11T14:57:30,1762853250000,9,1117.3900122756295
2025-11-11T14:48:30,1762852710000,BANKNIFTY,hybrid,0.8695652173913043,,15,120,2025-11-11T14:58:30,1762853310000,10,1116.3088738712443
2025-11-11T14:48:30,1762852710000,BANKNIFTY,hybrid,0.8695652173913043,,15,120,2025-11-11T14:59:30,1762853370000,11,1115.684165551672
2025-11-11T14:48:30,1762852710000,BANKNIFTY,hybrid,0.8695652173913043,,15,120,2025-11-11T15:00:30,1762853430000,12,1112.4317840669328
2025-11-11T14:48:30,1762852710000,BANKNIFTY,hybrid,0.8695652173913043,,15,120,2025-11-11T15:01:30,1762853490000,13,1113.1397124531672
2025-11-11T14:48:30,1762852710000,BANKNIFTY,hybrid,0.8695652173913043,,15,120,2025-11-11T15:02:30,1762853550000,14,1114.8994277284987
2025-11-11T14:48:30,1762852710000,BANKNIFTY,hybrid,0.8695652173913043,,15,120,2025-11-11T15:03:30,1762853610000,15,1115.096523567208
2025-11-11T14:48:30,1762852710000,BANKNIFTY,hybrid,0.8695652173913043,,15,120,2025-11-11T15:04:30,1762853670000,16,1113.5203355730644
2025-11-11T14:48:30,1762852710000,BANKNIFTY,hybrid,0.8695652173913043,,15,120,2025-11-11T15:05:30,1762853730000,17,1112.3092707264466
2025-11-11T14:48:30,1762852710000,BANKNIFTY,hybrid,0.8695652173913043,,15,120,2025-11-11T15:06:30,1762853790000,18,1114.033232455888
2025-11-11T14:48:30,1762852710000,BANKNIFTY,hybrid,0.8695652173913043,,15,120,2025-11-11T15:07:30,1762853850000,19,1110.9937792618243
2025-11-11T14:48:30,1762852710000,BANKNIFTY,hybrid,0.8695652173913043,,15,120,2025-11-11T15:08:30,1762853910000,20,1110.9138698143536
2025-11-11T14:48:30,1762852710000,BANKNIFTY,hybrid,0.8695652173913043,,15,120,2025-11-11T15:09:30,1762853970000,21,1111.0680853807094
2025-11-11T14:48:30,1762852710000,BANKNIFTY,hybrid,0.8695652173913043,,15,120,2025-11-11T15:10:30,1762854030000,22,1112.5472468681594
2025-11-11T14:48:30,1762852710000,BANKNIFTY,hybrid,0.8695652173913043,,15,120,2025-11-11T15:11:30,1762854090000,23,1115.0165943247475
2025-11-11T14:48:30,1762852710000,BANKNIFTY,hybrid,0.8695652173913043,,15,120,2025-11-11T15:12:30,1762854150000,24,1117.1721734345706
2025-11-11T14:48:30,1762852710000,BANKNIFTY,hybrid,0.8695652173913043,,15,120,2025-11-11T15:13:30,1762854210000,25,1114.175057019828
2025-11-11T14:48:30,1762852710000,BANKNIFTY,hybrid,0.8695652173913043,,15,120,2025-11-11T15:14:30,1762854270000,26,1111.3226061689898
2025-11-11T14:48:30,1762852710000,BANKNIFTY,hybrid,0.8695652173913043,,15,120,2025-11-11T15:15:30,1762854330000,27,1113.2585961701486
2025-11-11T14:48:30,1762852710000,BANKNIFTY,hybrid,0.8695652173913043,,15,120,2025-11-11T15:16:30,1762854390000,28,1115.6579863948355
2025-11-11T14:48:30,1762852710000,BANKNIFTY,hybrid,0.8695652173913043,,15,120,2025-11-11T15:17:30,1762854450000,29,1116.2553253747965
2025-11-11T14:48:30,1762852710000,BANKNIFTY,hybrid,0.8695652173913043,,15,120,2025-11-11T15:18:30,1762854510000,30,1115.273970063306
2025-11-11T14:48:30,1762852710000,BANKNIFTY,hybrid,0.8695652173913043,,15,120,2025-11-11T15:19:30,1762854570000,31,1115.4526336514593
2025-11-11T14:48:30,1762852710000,BANKNIFTY,hybrid,0.8695652173913043,,15,120,2025-11-11T15:20:30,1762854630000,32,1114.556273464908
2025-11-11T14:48:30,1762852710000,BANKNIFTY,hybrid,0.8695652173913043,,15,120,2025-11-11T15:21:30,1762854690000,33,1113.7465674663074
2025-11-11T14:48:30,1762852710000,BANKNIFTY,hybrid,0.8695652173913043,,15,120,2025-11-11T15:22:30,1762854750000,34,1113.620672804642
2025-11-11T14:48:30,1762852710000,BANKNIFTY,hybrid,0.8695652173913043,,15,120,2025-11-11T15:23:30,1762854810000,35,1113.8794130789645
2025-11-11T14:48:30,1762852710000,BANKNIFTY,hybrid,0.8695652173913043,,15,120,2025-11-11T15:24:30,1762854870000,36,1108.4117187142595
2025-11-11T14:48:30,1762852710000,BANKNIFTY,hybrid,0.8695652173913043,,15,120,2025-11-11T15:25:30,1762854930000,37,1110.7647749137452
2025-11-11T14:48:30,1762852710000,BANKNIFTY,hybrid,0.8695652173913043,,15,120,2025-11-11T15:26:30,1762854990000,38,1111.9154650910737
2025-11-11T14:48:30,1762852710000,BANKNIFTY,hybrid,0.8695652173913043,,15,120,2025-11-11T15:27:30,1762855050000,39,1110.1209495531562
2025-11-11T14:48:30,1762852710000,BANKNIFTY,hybrid,0.8695652173913043,,15,120,2025-11-11T15:28:30,1762855110000,40,1112.2518306302827
2025-11-11T14:48:30,1762852710000,BANKNIFTY,hybrid,0.8695652173913043,,15,120,2025-11-11T15:29:30,1762855170000,41,1114.7216446815808
